{
"type": "FeatureCollection",
"name": "admin__wilayah_administrasi",
"crs": { "type": "name", "properties": { "name": "urn:ogc:def:crs:OGC:1.3:CRS84" } },
"features": [
{ "type": "Feature", "properties": { "FID": 0, "Provinsi": "MALUKU", "Kode_Prov": "81", "Kota_Kab": "KOTA AMBON", "Kode_Kab": "8171", "Kecamatan": "Nusaniwe", "Kode_Kec": "817110", "Kelurahan": "Latuhalat", "Kode_Kel": "81711001", "Sumber": "Wilkerstat BPS Tahun 2019", "city": "ambon", "source_layer": "Wilayah Administrasi", "role": "admin" }, "geometry": { "type": "Polygon", "coordinates": [ [ [ 128.121780816318648, -3.765640591183148 ], [ 128.121633492612062, -3.765636109303884 ], [ 128.121463711023353, -3.765679135343863 ], [ 128.121319980577908, -3.765792975064388 ], [ 128.12128225133597, -3.765829726467048 ], [ 128.121213979374403, -3.765895161887455 ], [ 128.121104384909728, -3.76599107407012 ], [ 128.121028926425851, -3.766081607989857 ], [ 128.120943586473857, -3.766170349149569 ], [ 128.120907653862503, -3.766199929534129 ], [ 128.120865433044116, -3.766240266420545 ], [ 128.120790872875574, -3.766258193925019 ], [ 128.120664210420472, -3.766218753414689 ], [ 128.12056539573922, -3.766136286887315 ], [ 128.12051958165975, -3.766071747860442 ], [ 128.120473767580279, -3.766433883449321 ], [ 128.120392919204704, -3.766974397426687 ], [ 128.120276138217775, -3.767436926533791 ], [ 128.120153069023814, -3.767747071882631 ], [ 128.120052457712006, -3.767874356935997 ], [ 128.11928799140523, -3.768706191192398 ], [ 128.119216126182494, -3.768662268929354 ], [ 128.119086768781585, -3.768662268929354 ], [ 128.118928665291577, -3.76867661089304 ], [ 128.118828053979769, -3.768719636782681 ], [ 128.118685221849574, -3.768733978745422 ], [ 128.118531609936014, -3.768749217080575 ], [ 128.118307031114938, -3.768771626396491 ], [ 128.118077062402222, -3.76880210306521 ], [ 128.117918958912242, -3.768770730023865 ], [ 128.117886619562, -3.768763559042827 ], [ 128.117667430632679, -3.768713362173908 ], [ 128.117411410776697, -3.76872591139141 ], [ 128.117290138213349, -3.768739356981389 ], [ 128.116936201991393, -3.769113144299606 ], [ 128.116662215829734, -3.769298693340352 ], [ 128.116441230269857, -3.76963124731915 ], [ 128.116362178524838, -3.769750464752281 ], [ 128.115981292844396, -3.77000234513996 ], [ 128.115974106322113, -3.770032821765549 ], [ 128.115810612940408, -3.770712270964534 ], [ 128.115752222446929, -3.770885270477879 ], [ 128.115602203794481, -3.771328077365553 ], [ 128.115525846995325, -3.77163194673893 ], [ 128.11522131811401, -3.771778951353405 ], [ 128.114969789834447, -3.771992287274091 ], [ 128.114888941458872, -3.772324840222477 ], [ 128.11448739452689, -3.772961261952152 ], [ 128.114216103311094, -3.773420202403128 ], [ 128.113969964923228, -3.773779645829217 ], [ 128.113499247714373, -3.774202731167605 ], [ 128.113149803068836, -3.774281611462137 ], [ 128.112693458904516, -3.774494946768281 ], [ 128.112522779000528, -3.774551417869959 ], [ 128.112169741093879, -3.774804193232467 ], [ 128.111894856616942, -3.775156465157493 ], [ 128.111613683932973, -3.775384142101709 ], [ 128.111133983571278, -3.77541103307543 ], [ 128.111092661068199, -3.775384142101709 ], [ 128.11049977298066, -3.774925202688475 ], [ 128.109748781403169, -3.774144467309087 ], [ 128.109420896324451, -3.773803847750316 ], [ 128.108666311485791, -3.773382554953388 ], [ 128.108209069006165, -3.773740205660052 ], [ 128.108200085853326, -3.773730345617481 ], [ 128.108158763350275, -3.773680149035386 ], [ 128.10806983013714, -3.773627263347539 ], [ 128.10799077839215, -3.773529559271695 ], [ 128.10792070979997, -3.773449782541066 ], [ 128.107796742290759, -3.773365523963683 ], [ 128.107655706791178, -3.7732678198584 ], [ 128.107448195960558, -3.773134261017806 ], [ 128.107241583445187, -3.773019525890028 ], [ 128.107008021471302, -3.77291285806233 ], [ 128.106879562385672, -3.772850112275214 ], [ 128.106699001013567, -3.772663667623905 ], [ 128.106557965513986, -3.772566859808407 ], [ 128.106337878269386, -3.772446746392705 ], [ 128.106201334346167, -3.772348145815167 ], [ 128.106107909556641, -3.772254027071626 ], [ 128.10602616286576, -3.772172457485644 ], [ 128.105956094273608, -3.772101644322375 ], [ 128.105874347582727, -3.772007525552135 ], [ 128.105792600891903, -3.771936712375427 ], [ 128.105757566595798, -3.771890101167356 ], [ 128.105687498003647, -3.771830940784281 ], [ 128.105629107510197, -3.771784329570537 ], [ 128.105547360819344, -3.771690210765933 ], [ 128.105465614128462, -3.77161939756337 ], [ 128.105382969122331, -3.771584439144787 ], [ 128.10531290053018, -3.771490320318539 ], [ 128.105254510036701, -3.771454465524906 ], [ 128.105207797641953, -3.771371999493937 ], [ 128.105114372852398, -3.771290429825172 ], [ 128.105104491384282, -3.771276087904599 ], [ 128.105150305463752, -3.771248300432814 ], [ 128.105165576823595, -3.771235751251716 ], [ 128.105117966113539, -3.77126712420412 ], [ 128.104996693550163, -3.771259953243669 ], [ 128.104835895114292, -3.771285051604985 ], [ 128.104611316293273, -3.771449087305732 ], [ 128.104497230252207, -3.771711723636455 ], [ 128.104272651431188, -3.772046069430704 ], [ 128.104026513043323, -3.772356213135567 ], [ 128.103306962500739, -3.773142328330909 ], [ 128.103064417374043, -3.773533144742562 ], [ 128.102847025075278, -3.773933821018765 ], [ 128.102707786206224, -3.774188389295102 ], [ 128.102668260333729, -3.774226933076916 ], [ 128.102323307264641, -3.774564863369818 ], [ 128.102009795230487, -3.774985259227047 ], [ 128.101752877059226, -3.775119714149092 ], [ 128.101196819898348, -3.775802744831541 ], [ 128.100811442641458, -3.776279611078695 ], [ 128.100305691136498, -3.776877486247775 ], [ 128.099777481749442, -3.777389310090808 ], [ 128.099064219413833, -3.778030209923935 ], [ 128.098857606898491, -3.778165560737241 ], [ 128.098486602686165, -3.778492733145774 ], [ 128.098044631566353, -3.778869205353605 ], [ 128.097738306054481, -3.779168590278443 ], [ 128.097524507016857, -3.779467078738359 ], [ 128.097381674886691, -3.779915259416189 ], [ 128.097346640590615, -3.780064951710986 ], [ 128.097274775367879, -3.780370610747657 ], [ 128.096956771757277, -3.780805345555561 ], [ 128.096588462490814, -3.78130909984383 ], [ 128.096315374644433, -3.781647027378499 ], [ 128.096095287399834, -3.782127475848207 ], [ 128.095572467904475, -3.782916271265665 ], [ 128.095144869829255, -3.783408371679452 ], [ 128.094622050333868, -3.783752572895656 ], [ 128.094288775363452, -3.784184616937022 ], [ 128.094265419166078, -3.784218678491286 ], [ 128.094237571392284, -3.784258118184024 ], [ 128.094190858997479, -3.784325344928869 ], [ 128.094134265134613, -3.784406017015796 ], [ 128.094122587035912, -3.784422151432278 ], [ 128.093765955868093, -3.784700918247406 ], [ 128.093272780777113, -3.785020917342583 ], [ 128.09290447151065, -3.785234250007015 ], [ 128.092470585228426, -3.785424277378136 ], [ 128.09231607499953, -3.785554248905124 ], [ 128.092126530474587, -3.785714696487398 ], [ 128.09185164599765, -3.785754136112008 ], [ 128.091834578007251, -3.785755928822176 ], [ 128.091454590642087, -3.785904723753085 ], [ 128.091264147801837, -3.786183490090963 ], [ 128.091127603878647, -3.786687241252012 ], [ 128.090949737452405, -3.787220571788104 ], [ 128.090717972109104, -3.7877305968169 ], [ 128.090486206765775, -3.788388519696557 ], [ 128.09036762914829, -3.789123528316548 ], [ 128.090224797018124, -3.789538539005417 ], [ 128.090057710375248, -3.789842401996923 ], [ 128.090052320483551, -3.789853158207054 ], [ 128.089993031674794, -3.789897975747833 ], [ 128.089832233238951, -3.790018983096336 ], [ 128.089783724213589, -3.790075453186511 ], [ 128.089713655621438, -3.790155228386982 ], [ 128.089688502793507, -3.790134612324644 ], [ 128.089588789796977, -3.790054837122271 ], [ 128.089517822889519, -3.790250241537493 ], [ 128.089511534682515, -3.79054693347803 ], [ 128.089511534682515, -3.790914436949045 ], [ 128.089475602071133, -3.791240708192424 ], [ 128.089506144790818, -3.791679022938217 ], [ 128.089470212179435, -3.791946134882915 ], [ 128.089357024453648, -3.79225447877014 ], [ 128.089416313262404, -3.792497389138723 ], [ 128.089577111698247, -3.792823659784669 ], [ 128.089660655019685, -3.792860410042017 ], [ 128.089750486548098, -3.792870269866892 ], [ 128.089717248882579, -3.792993069494562 ], [ 128.089802588834573, -3.79306388095076 ], [ 128.089847504598765, -3.793037886872577 ], [ 128.09003615080843, -3.792926739770836 ], [ 128.090130473913263, -3.792803043785961 ], [ 128.090258932998893, -3.792622877863278 ], [ 128.090520342746601, -3.792642597518338 ], [ 128.090801515430513, -3.79267576239174 ], [ 128.090934466092563, -3.792732232308391 ], [ 128.091070111700446, -3.792864891780611 ], [ 128.091105145996522, -3.792898056645484 ], [ 128.091281215792236, -3.793073740773315 ], [ 128.091424047922402, -3.793225223487517 ], [ 128.091618982339071, -3.793529085183284 ], [ 128.091808526864014, -3.79375675729829 ], [ 128.092165158031804, -3.794013112442597 ], [ 128.092339431196905, -3.794059722460664 ], [ 128.092712232039844, -3.794160113260264 ], [ 128.093220678490638, -3.794316077515078 ], [ 128.093429985951843, -3.794264089433268 ], [ 128.093487478130044, -3.794282016358383 ], [ 128.093672531078539, -3.794340278862439 ], [ 128.093749786193001, -3.794319662899913 ], [ 128.093834227829717, -3.794297254244438 ], [ 128.09389531326903, -3.794273949242127 ], [ 128.093995924580838, -3.79425512597057 ], [ 128.093994127950282, -3.794223753850398 ], [ 128.093990534689141, -3.794131430175855 ], [ 128.09392855093455, -3.794102747090492 ], [ 128.09382883793802, -3.794197759807107 ], [ 128.093733616517881, -3.794141289986228 ], [ 128.093696785591248, -3.794131430175855 ], [ 128.093606055747529, -3.79410812516907 ], [ 128.093610547323948, -3.793946782797169 ], [ 128.093714751896925, -3.793719110732232 ], [ 128.093919567781711, -3.793576591574439 ], [ 128.094180977529362, -3.79353356691841 ], [ 128.094523235652616, -3.793472615318702 ], [ 128.094960715196009, -3.793572109839537 ], [ 128.09532632951661, -3.793671604348913 ], [ 128.095378431803113, -3.793711043610721 ], [ 128.095496111105319, -3.793801574636698 ], [ 128.095531145401395, -3.793827568691909 ], [ 128.095797046725494, -3.793752275564322 ], [ 128.095944370432107, -3.793590933125973 ], [ 128.095944370432107, -3.793538945000531 ], [ 128.09593987885566, -3.793448413947039 ], [ 128.096062948049621, -3.793301413008291 ], [ 128.096310883068014, -3.793272729895375 ], [ 128.096471681503886, -3.79327810797912 ], [ 128.096760939025359, -3.793151723002285 ], [ 128.097047501600997, -3.793026234354516 ], [ 128.097470608099798, -3.792746573873937 ], [ 128.09804103830524, -3.792457053473389 ], [ 128.098506365622399, -3.792233862757854 ], [ 128.098820775971859, -3.79200798293888 ], [ 128.098863895105495, -3.79197750708577 ], [ 128.099215136381559, -3.791732803873316 ], [ 128.099588835539777, -3.791410118212543 ], [ 128.099983195949505, -3.791261324228392 ], [ 128.100344318693686, -3.790978974127833 ], [ 128.100510507021284, -3.790926985845297 ], [ 128.100734187527024, -3.790883961057387 ], [ 128.100767425192544, -3.790849003415634 ], [ 128.100796171281644, -3.790817631171832 ], [ 128.100893189332311, -3.790699312984966 ], [ 128.101050394507013, -3.790627604985047 ], [ 128.101216582834581, -3.790580098431824 ], [ 128.101583095470488, -3.790421444452158 ], [ 128.101794199562278, -3.790243967084479 ], [ 128.102179576819168, -3.789994781627991 ], [ 128.102320612318778, -3.789886323187454 ], [ 128.102569445652477, -3.789695400445039 ], [ 128.102884754317216, -3.789496410499644 ], [ 128.103358166471935, -3.78927859712856 ], [ 128.103509981754939, -3.78914145534826 ], [ 128.10370491617158, -3.788965770421472 ], [ 128.103745340359382, -3.788941568923658 ], [ 128.103757916773361, -3.788933501757572 ], [ 128.104047174294863, -3.788758713140527 ], [ 128.104307685727264, -3.788604540587465 ], [ 128.104551129169238, -3.788460227882092 ], [ 128.105047897521359, -3.788202078386354 ], [ 128.105554547341598, -3.787879391408385 ], [ 128.105657853599268, -3.787816646704252 ], [ 128.105842008232514, -3.787706395284541 ], [ 128.106364827727901, -3.787511886648038 ], [ 128.107324228451319, -3.786885335489492 ], [ 128.107538027488943, -3.786672003231867 ], [ 128.107615282603376, -3.786626289169823 ], [ 128.108095881280377, -3.786345730265579 ], [ 128.108389630378298, -3.786209484375129 ], [ 128.108629480559159, -3.786097440041259 ], [ 128.108820821714659, -3.786007804563724 ], [ 128.109403828334052, -3.785942370659262 ], [ 128.10941730306331, -3.785942370659262 ], [ 128.109897003425033, -3.785925339916195 ], [ 128.110022767564828, -3.785842875260812 ], [ 128.110122480561358, -3.785776544988828 ], [ 128.110187159261812, -3.785743379850928 ], [ 128.110316516662721, -3.785676153216157 ], [ 128.110568044942283, -3.785545285352165 ], [ 128.110978575027133, -3.785403661203096 ], [ 128.111275019070888, -3.785225286450743 ], [ 128.111578649636897, -3.785130272748562 ], [ 128.111946958903388, -3.785089040383995 ], [ 128.112030502224826, -3.785063942421993 ], [ 128.112279335558526, -3.784987752175745 ], [ 128.112742866245128, -3.784982374040462 ], [ 128.113033920397186, -3.784857780563736 ], [ 128.113301618351869, -3.784649825943953 ], [ 128.113681605717034, -3.784401535233386 ], [ 128.114103813900556, -3.78412276832191 ], [ 128.114207120158227, -3.783981143940235 ], [ 128.114212510049953, -3.783973076727924 ], [ 128.114264612336427, -3.783902264527744 ], [ 128.114331985982744, -3.783810836108825 ], [ 128.11435893544126, -3.783773189109995 ], [ 128.114305934839507, -3.783624393812893 ], [ 128.114270002228153, -3.783494421996322 ], [ 128.114335579243885, -3.783345626651345 ], [ 128.114367918594098, -3.783333974002768 ], [ 128.114501767571426, -3.783285570691616 ], [ 128.114541293443949, -3.783271228969274 ], [ 128.114549378281509, -3.783268539896309 ], [ 128.114608667090238, -3.783102713713974 ], [ 128.114751499220432, -3.78294854015382 ], [ 128.114929365646674, -3.782800641073242 ], [ 128.115078485983844, -3.782592685959673 ], [ 128.115315641218842, -3.782278960478394 ], [ 128.115529440256466, -3.781898904314672 ], [ 128.115672272386661, -3.781697223499732 ], [ 128.115815104516827, -3.781626411113579 ], [ 128.11599656420421, -3.781531397016741 ], [ 128.116046869860099, -3.781504506232726 ], [ 128.116088192363179, -3.781482993604913 ], [ 128.116089988993764, -3.781342265151471 ], [ 128.116098073831324, -3.781284001772339 ], [ 128.116153769378911, -3.78125083646247 ], [ 128.116191498620879, -3.781235598346698 ], [ 128.116202278404273, -3.781264281858516 ], [ 128.116216651448809, -3.78130551440509 ], [ 128.116242702592046, -3.781318959800289 ], [ 128.116318161075924, -3.78130909984383 ], [ 128.116310974553642, -3.781231116547891 ], [ 128.116275041942288, -3.781188091278164 ], [ 128.116275041942288, -3.781175542240757 ], [ 128.116454704999114, -3.781080528094503 ], [ 128.116543638212249, -3.781050051856707 ], [ 128.11667569055902, -3.781067082695607 ], [ 128.116823014265606, -3.781024953777715 ], [ 128.116992795854316, -3.780930835975032 ], [ 128.117129339777478, -3.780882432529673 ], [ 128.117343138815102, -3.780858230805981 ], [ 128.117441953496353, -3.780794589233047 ], [ 128.117573107527846, -3.780761423904454 ], [ 128.117609040139229, -3.78087257256825 ], [ 128.117670125578542, -3.781012404737948 ], [ 128.117675515470239, -3.781024953777715 ], [ 128.117651260957558, -3.781037502817302 ], [ 128.117668328947957, -3.78106170453599 ], [ 128.11772851607202, -3.781040191897189 ], [ 128.117718634603875, -3.781010612017967 ], [ 128.117702464928755, -3.781015093817913 ], [ 128.117697973352335, -3.781002544778003 ], [ 128.117597362040527, -3.780746185780081 ], [ 128.117611735085063, -3.780710331368735 ], [ 128.117889314507835, -3.780671787874885 ], [ 128.118095927023177, -3.780605457207038 ], [ 128.11845525313683, -3.780493412148473 ], [ 128.118716662884509, -3.780448594120994 ], [ 128.119226905965888, -3.780368818026348 ], [ 128.119887167699744, -3.780190442237612 ], [ 128.120246493813369, -3.780081086208284 ], [ 128.120323748927802, -3.780291731006573 ], [ 128.120653430637077, -3.780205680371751 ], [ 128.120608514872885, -3.779935875721798 ], [ 128.120959756148977, -3.779817556048164 ], [ 128.12127775975955, -3.779761085289149 ], [ 128.121464609338631, -3.779731505366292 ], [ 128.121669425223416, -3.779763774372995 ], [ 128.122023361445372, -3.779813970603257 ], [ 128.122061090687311, -3.779808592435868 ], [ 128.122210211024452, -3.779784390682204 ], [ 128.12269170801676, -3.77955044036197 ], [ 128.122976473961813, -3.779416882488022 ], [ 128.123312443878092, -3.779346069915638 ], [ 128.123475937259798, -3.77914438850692 ], [ 128.12376070320488, -3.778974976087357 ], [ 128.123978095503617, -3.778910438014059 ], [ 128.124275437862678, -3.778865619904777 ], [ 128.124587153266276, -3.778761641882325 ], [ 128.124646442075004, -3.778586851213048 ], [ 128.124643747129142, -3.778464945904912 ], [ 128.124578170113409, -3.778382480539696 ], [ 128.124643747129142, -3.778349315118866 ], [ 128.124770409584187, -3.778567131237894 ], [ 128.124875512472443, -3.778747300085146 ], [ 128.125003073242794, -3.778717720127716 ], [ 128.125160278417496, -3.778687243806885 ], [ 128.125300415601856, -3.778684554719702 ], [ 128.125479180343376, -3.778564442150337 ], [ 128.125484570235074, -3.77854292944959 ], [ 128.125447739308441, -3.778534862186673 ], [ 128.125261788044611, -3.778645114773387 ], [ 128.125063260366829, -3.77865138931042 ], [ 128.125032717647173, -3.77865228567285 ], [ 128.1249922934594, -3.778418335047274 ], [ 128.125086616564204, -3.778144944389558 ], [ 128.125304008862969, -3.77792533543818 ], [ 128.125434264579184, -3.777860797286799 ], [ 128.125736996829943, -3.777710208248244 ], [ 128.126111594303381, -3.77758561372635 ], [ 128.126225680344476, -3.777626846447805 ], [ 128.126291257360208, -3.777594577361615 ], [ 128.126328986602147, -3.777575753727449 ], [ 128.126373902366339, -3.777600851906246 ], [ 128.126503259767276, -3.777587406453409 ], [ 128.126557158684335, -3.777513008277283 ], [ 128.126594887926245, -3.777420682820931 ], [ 128.126663159887869, -3.777376760998442 ], [ 128.126735923425883, -3.777348077358066 ], [ 128.12680419538745, -3.777494184641348 ], [ 128.126813178540289, -3.777514801004493 ], [ 128.126836534737691, -3.777497770095843 ], [ 128.126829348215409, -3.77747625736865 ], [ 128.126744906578722, -3.777198384594467 ], [ 128.127007214641651, -3.777093510008182 ], [ 128.127146453510704, -3.776984153588471 ], [ 128.127262336182355, -3.776949195385822 ], [ 128.127505779624329, -3.776934853558686 ], [ 128.127704307302139, -3.776866729876557 ], [ 128.128040277218389, -3.776881071704817 ], [ 128.128157058205318, -3.776909755360629 ], [ 128.128346602730289, -3.77689810262557 ], [ 128.128723895149619, -3.776779782537649 ], [ 128.128937694187243, -3.776666840620498 ], [ 128.128863134018644, -3.776423925812384 ], [ 128.128713115366196, -3.77597574333118 ], [ 128.128729285041317, -3.775864594040035 ], [ 128.128639453512903, -3.77556700070659 ], [ 128.128621487207226, -3.775438820414067 ], [ 128.128613402369666, -3.775333049249345 ], [ 128.128705928843942, -3.775151983327284 ], [ 128.128740064824711, -3.775085652237476 ], [ 128.128724793464897, -3.775023802973495 ], [ 128.128695149060519, -3.774991533790539 ], [ 128.128667301286697, -3.774952990042659 ], [ 128.128572978181893, -3.774963746437588 ], [ 128.128296297074371, -3.774918031758219 ], [ 128.128211855437684, -3.774864249779407 ], [ 128.128203770600123, -3.774829291491395 ], [ 128.128142685160782, -3.7748185350948 ], [ 128.128065430046377, -3.774840047887856 ], [ 128.127928886123186, -3.774901897164924 ], [ 128.127852529324031, -3.774960160972627 ], [ 128.127790545569439, -3.774928788153581 ], [ 128.127742934859356, -3.774774613140655 ], [ 128.127750121381609, -3.774632090865988 ], [ 128.127818393343233, -3.774404413724595 ], [ 128.127934276014884, -3.774190182029176 ], [ 128.128033989011413, -3.773965193873754 ], [ 128.128024107543297, -3.773914100937907 ], [ 128.127968411995681, -3.773832531507784 ], [ 128.127944157483, -3.77370345459172 ], [ 128.127953140635839, -3.773618299671314 ], [ 128.127982785040246, -3.773572584921127 ], [ 128.128188499240281, -3.773394207735625 ], [ 128.128279229084001, -3.773318016464322 ], [ 128.128320551587052, -3.773262441650451 ], [ 128.128360975774825, -3.773203281360811 ], [ 128.128377145449946, -3.773100199028329 ], [ 128.128384331972228, -3.773002494893206 ], [ 128.12836367072066, -3.772893137958296 ], [ 128.128253177940735, -3.772799915642259 ], [ 128.128132803692665, -3.772750615374927 ], [ 128.128034887326692, -3.772760475428617 ], [ 128.12795673389698, -3.772774817324694 ], [ 128.127854325954587, -3.7728250139591 ], [ 128.127742036544078, -3.772891345221544 ], [ 128.12771598540084, -3.772919132640792 ], [ 128.127704307302139, -3.773047313305177 ], [ 128.12768723931174, -3.773155773852578 ], [ 128.127653103330942, -3.77323196513811 ], [ 128.127603695990302, -3.773297400001526 ], [ 128.127521050984171, -3.773344907502015 ], [ 128.127466253751862, -3.773325187407788 ], [ 128.127441100923875, -3.773202384992755 ], [ 128.127437507662734, -3.773114540918797 ], [ 128.127403371681964, -3.773051795146247 ], [ 128.127304557000713, -3.77299173847399 ], [ 128.127239878300259, -3.772934370902584 ], [ 128.127212928841715, -3.77283577038038 ], [ 128.127222810309831, -3.772706693316219 ], [ 128.127261437867077, -3.772565067070981 ], [ 128.127126690574443, -3.772513077684027 ], [ 128.126010084676295, -3.772087302415187 ], [ 128.125507926432476, -3.771412336140498 ], [ 128.126351444484243, -3.771086953804893 ], [ 128.125827726673634, -3.770184308506304 ], [ 128.125956185759236, -3.769783630501448 ], [ 128.126001999838735, -3.769195610544824 ], [ 128.125991220055312, -3.769053087355233 ], [ 128.125980440271917, -3.768909667769803 ], [ 128.1259705588038, -3.768769833651239 ], [ 128.125915761571463, -3.768535880364142 ], [ 128.12585467613215, -3.768521538398135 ], [ 128.125443247732022, -3.767900351768549 ], [ 128.125164769993916, -3.767859118585519 ], [ 128.125154888525799, -3.767849258476244 ], [ 128.125093803086486, -3.767790097818247 ], [ 128.124975225468972, -3.767712113308378 ], [ 128.12478478262878, -3.767592895595871 ], [ 128.124625780823465, -3.767448579395718 ], [ 128.124493728476722, -3.767245998850773 ], [ 128.124419168308123, -3.767117817331157 ], [ 128.124264658079255, -3.766853386863906 ], [ 128.12420447095522, -3.766811257256619 ], [ 128.124074215239006, -3.766819324628385 ], [ 128.124041875888764, -3.766808568132681 ], [ 128.12399785843985, -3.766811257256619 ], [ 128.123959230882662, -3.76682201375229 ], [ 128.123939467946371, -3.76682201375229 ], [ 128.123881975768228, -3.766640946057434 ], [ 128.123896348812764, -3.766377411820377 ], [ 128.123652905370761, -3.766319147437468 ], [ 128.123537022699111, -3.766069955109627 ], [ 128.123274714636153, -3.766210686037356 ], [ 128.123211832566255, -3.76624385192147 ], [ 128.123165120171507, -3.766233095418653 ], [ 128.123096848209883, -3.766225028041452 ], [ 128.12301510151903, -3.766214271538402 ], [ 128.122946829557435, -3.766200825909403 ], [ 128.122887540748678, -3.766191862156621 ], [ 128.122755488401936, -3.766181105653161 ], [ 128.122636012469144, -3.766162281771787 ], [ 128.122534502842058, -3.766151525267962 ], [ 128.122477010663857, -3.766151525267962 ], [ 128.12243838310664, -3.766151525267962 ], [ 128.122305432444591, -3.766090571743774 ], [ 128.122247940266419, -3.765964182805019 ], [ 128.122101514875084, -3.765714990375556 ], [ 128.12197485242001, -3.765663896954947 ], [ 128.121780816318648, -3.765640591183148 ] ] ] } },
{ "type": "Feature", "properties": { "FID": 1, "Provinsi": "MALUKU", "Kode_Prov": "81", "Kota_Kab": "KOTA AMBON", "Kode_Kab": "8171", "Kecamatan": "Nusaniwe", "Kode_Kec": "817110", "Kelurahan": "Seilale", "Kode_Kel": "81711002", "Sumber": "Wilkerstat BPS Tahun 2019", "city": "ambon", "source_layer": "Wilayah Administrasi", "role": "admin" }, "geometry": { "type": "Polygon", "coordinates": [ [ [ 128.124243996827715, -3.762415424900517 ], [ 128.123954739306214, -3.761830089105909 ], [ 128.123858619570825, -3.762014743319404 ], [ 128.123763398150714, -3.762166231455626 ], [ 128.123701414396095, -3.762230770771934 ], [ 128.123528039546272, -3.762301584738492 ], [ 128.123497496826616, -3.76240108283368 ], [ 128.123438208017859, -3.762477275061051 ], [ 128.123214527512118, -3.762576773136176 ], [ 128.123148052181108, -3.762586633305163 ], [ 128.123166916802063, -3.762522094015217 ], [ 128.123067203805505, -3.762510441087355 ], [ 128.122998033528631, -3.762572291241144 ], [ 128.122941439665738, -3.762674478442132 ], [ 128.122869574443001, -3.762714815491853 ], [ 128.122781539545173, -3.762781147525113 ], [ 128.12265847035124, -3.762821484569895 ], [ 128.122603673118903, -3.762870785399871 ], [ 128.122530011265638, -3.762892298488441 ], [ 128.12245904435818, -3.762892298488441 ], [ 128.122418620170379, -3.762842101280952 ], [ 128.122306330759869, -3.762834930251075 ], [ 128.122166193575538, -3.762870785399871 ], [ 128.121885919206875, -3.762946977586166 ], [ 128.121472694176191, -3.763053646635779 ], [ 128.121303810902816, -3.763065299556375 ], [ 128.121222962527241, -3.763134320698244 ], [ 128.1212193692661, -3.763135217076673 ], [ 128.12114930067392, -3.76316300480754 ], [ 128.121061265776092, -3.763223958536662 ], [ 128.121077435451184, -3.76333331668704 ], [ 128.121032519686992, -3.763413990723603 ], [ 128.120954366257251, -3.763431021908143 ], [ 128.12079266950613, -3.763380824731698 ], [ 128.120701939662439, -3.76326429556094 ], [ 128.120617498025723, -3.763113703994102 ], [ 128.120613904764582, -3.763108325723376 ], [ 128.120573480576809, -3.763101154695691 ], [ 128.120414478771522, -3.763102947452618 ], [ 128.12030757925271, -3.763141491725655 ], [ 128.120298596099872, -3.763236507833304 ], [ 128.120205171310317, -3.763285808639792 ], [ 128.120086593692832, -3.763249953508077 ], [ 128.119998558794975, -3.763310010852865 ], [ 128.119927591887517, -3.763416679858026 ], [ 128.119877286231628, -3.76341130158917 ], [ 128.119825183945125, -3.763318974635314 ], [ 128.119718284426312, -3.763233818698324 ], [ 128.119587130394819, -3.763243678859876 ], [ 128.119506282019245, -3.763311803609362 ], [ 128.11951616348739, -3.763392477647916 ], [ 128.119568265773864, -3.763454327739082 ], [ 128.119530536531926, -3.763517970581927 ], [ 128.119504485388688, -3.763591473577737 ], [ 128.119461366255052, -3.763660494677911 ], [ 128.119419145436694, -3.763667665700992 ], [ 128.119323924016584, -3.763703520815512 ], [ 128.119271821730109, -3.763729515772615 ], [ 128.119199956507373, -3.763670354834632 ], [ 128.119057124377207, -3.763728619394797 ], [ 128.119082277205166, -3.763821842682955 ], [ 128.118961004641818, -3.763906998562455 ], [ 128.118714866253953, -3.763878314477658 ], [ 128.118515440260865, -3.763892656520174 ], [ 128.118348353618046, -3.763932097135876 ], [ 128.118073469141081, -3.764070139276767 ], [ 128.117866856625739, -3.764176808188833 ], [ 128.117635091282466, -3.764426001058543 ], [ 128.117300019681466, -3.7647997902294 ], [ 128.117135627984482, -3.764945899621871 ], [ 128.116893082857786, -3.765002371343679 ], [ 128.116761928826264, -3.764998785837641 ], [ 128.116619096696127, -3.765041811909119 ], [ 128.116519383699568, -3.765119796658254 ], [ 128.116311872868948, -3.76522287993662 ], [ 128.116027106923866, -3.765301761045734 ], [ 128.11570640836743, -3.765439802969489 ], [ 128.115552796453869, -3.765550057217543 ], [ 128.115310251327145, -3.76572843601206 ], [ 128.11519257202491, -3.76584944673125 ], [ 128.115055129786441, -3.76592205315469 ], [ 128.115003925815245, -3.765948944421091 ], [ 128.114835940857148, -3.765956115425327 ], [ 128.114757787427408, -3.765934602412446 ], [ 128.114694007042232, -3.765916674901308 ], [ 128.11458710752342, -3.766012587081603 ], [ 128.114558361434348, -3.766119255755688 ], [ 128.114625735080665, -3.7662259244167 ], [ 128.114610463720794, -3.766296738058388 ], [ 128.114597887306843, -3.766354106067682 ], [ 128.114473021482354, -3.76644732907472 ], [ 128.114219696572235, -3.766518142698394 ], [ 128.114023863840288, -3.766503800699127 ], [ 128.113823539531921, -3.766382790070911 ], [ 128.113777725452422, -3.766169452774263 ], [ 128.113595367449761, -3.766087882617609 ], [ 128.113367195367601, -3.766119255755688 ], [ 128.113149803068836, -3.76609326086993 ], [ 128.113039310288883, -3.76608071161446 ], [ 128.112847070818077, -3.76621247878788 ], [ 128.112693458904516, -3.766411474073195 ], [ 128.11270064542677, -3.766574614318207 ], [ 128.112803951684441, -3.766770920396666 ], [ 128.112975529903707, -3.766944817068451 ], [ 128.112962055174449, -3.767095407972642 ], [ 128.11295756359803, -3.767147397683514 ], [ 128.112775205595369, -3.767350874625504 ], [ 128.112526372261641, -3.767571382623454 ], [ 128.112162554571597, -3.767635025165315 ], [ 128.112060146629204, -3.767631439670124 ], [ 128.112017027495568, -3.767629646922521 ], [ 128.111798736881525, -3.767620683184457 ], [ 128.111633446869234, -3.767641299781867 ], [ 128.111445698974876, -3.767663709126322 ], [ 128.1113531725006, -3.767869875068238 ], [ 128.11131993483508, -3.767892284406805 ], [ 128.111160933029794, -3.768001641970739 ], [ 128.110982168288274, -3.768175538396554 ], [ 128.110511451079361, -3.768375429605966 ], [ 128.11023387165659, -3.768517056533709 ], [ 128.109520609321009, -3.768684678247511 ], [ 128.109402930018774, -3.768681092756645 ], [ 128.109146011847514, -3.76864523784717 ], [ 128.108943890908591, -3.76873756423607 ], [ 128.108810940246542, -3.768798517574829 ], [ 128.108390528693576, -3.769022610695307 ], [ 128.107677266357996, -3.76927538766591 ], [ 128.107088869846876, -3.769503066151009 ], [ 128.106882257331534, -3.769716402630197 ], [ 128.106818476946358, -3.769918982599802 ], [ 128.106693611121869, -3.770075847588092 ], [ 128.10644028621175, -3.770193272217948 ], [ 128.106148333744414, -3.770321453284343 ], [ 128.105859076222913, -3.770484592796059 ], [ 128.105538377666505, -3.770712270964534 ], [ 128.105281459495245, -3.770858379364074 ], [ 128.105259899928427, -3.77102510425625 ], [ 128.105237442046331, -3.771177487194247 ], [ 128.105235645415746, -3.771189140006053 ], [ 128.105165576823595, -3.771235751251716 ], [ 128.105150305463752, -3.771248300432814 ], [ 128.105104491384282, -3.771276087904599 ], [ 128.105114372852398, -3.771290429825172 ], [ 128.105207797641953, -3.771371999493937 ], [ 128.105254510036701, -3.771454465524906 ], [ 128.10531290053018, -3.771490320318539 ], [ 128.105382969122331, -3.771584439144787 ], [ 128.105465614128462, -3.77161939756337 ], [ 128.105547360819344, -3.771690210765933 ], [ 128.105629107510197, -3.771784329570537 ], [ 128.105687498003647, -3.771830940784281 ], [ 128.105757566595798, -3.771890101167356 ], [ 128.105792600891903, -3.771936712375427 ], [ 128.105874347582727, -3.772007525552135 ], [ 128.105956094273608, -3.772101644322375 ], [ 128.10602616286576, -3.772172457485644 ], [ 128.106107909556641, -3.772254027071626 ], [ 128.106201334346167, -3.772348145815167 ], [ 128.106337878269386, -3.772446746392705 ], [ 128.106557965513986, -3.772566859808407 ], [ 128.106699001013567, -3.772663667623905 ], [ 128.106879562385672, -3.772850112275214 ], [ 128.107008021471302, -3.77291285806233 ], [ 128.107241583445187, -3.773019525890028 ], [ 128.107448195960558, -3.773134261017806 ], [ 128.107655706791178, -3.7732678198584 ], [ 128.107796742290759, -3.773365523963683 ], [ 128.10792070979997, -3.773449782541066 ], [ 128.10799077839215, -3.773529559271695 ], [ 128.10806983013714, -3.773627263347539 ], [ 128.108158763350275, -3.773680149035386 ], [ 128.108200085853326, -3.773730345617481 ], [ 128.108209069006165, -3.773740205660052 ], [ 128.108666311485791, -3.773382554953388 ], [ 128.109420896324451, -3.773803847750316 ], [ 128.109748781403169, -3.774144467309087 ], [ 128.11049977298066, -3.774925202688475 ], [ 128.111092661068199, -3.775384142101709 ], [ 128.111133983571278, -3.77541103307543 ], [ 128.111613683932973, -3.775384142101709 ], [ 128.111894856616942, -3.775156465157493 ], [ 128.112169741093879, -3.774804193232467 ], [ 128.112522779000528, -3.774551417869959 ], [ 128.112693458904516, -3.774494946768281 ], [ 128.113149803068836, -3.774281611462137 ], [ 128.113499247714373, -3.774202731167605 ], [ 128.113969964923228, -3.773779645829217 ], [ 128.114216103311094, -3.773420202403128 ], [ 128.11448739452689, -3.772961261952152 ], [ 128.114888941458872, -3.772324840222477 ], [ 128.114969789834447, -3.771992287274091 ], [ 128.11522131811401, -3.771778951353405 ], [ 128.115525846995325, -3.77163194673893 ], [ 128.115602203794481, -3.771328077365553 ], [ 128.115752222446929, -3.770885270477879 ], [ 128.115810612940408, -3.770712270964534 ], [ 128.115974106322113, -3.770032821765549 ], [ 128.115981292844396, -3.77000234513996 ], [ 128.116362178524838, -3.769750464752281 ], [ 128.116441230269857, -3.76963124731915 ], [ 128.116662215829734, -3.769298693340352 ], [ 128.116936201991393, -3.769113144299606 ], [ 128.117290138213349, -3.768739356981389 ], [ 128.117411410776697, -3.76872591139141 ], [ 128.117667430632679, -3.768713362173908 ], [ 128.117886619562, -3.768763559042827 ], [ 128.117918958912242, -3.768770730023865 ], [ 128.118077062402222, -3.76880210306521 ], [ 128.118307031114938, -3.768771626396491 ], [ 128.118531609936014, -3.768749217080575 ], [ 128.118685221849574, -3.768733978745422 ], [ 128.118828053979769, -3.768719636782681 ], [ 128.118928665291577, -3.76867661089304 ], [ 128.119086768781585, -3.768662268929354 ], [ 128.119216126182494, -3.768662268929354 ], [ 128.11928799140523, -3.768706191192398 ], [ 128.120052457712006, -3.767874356935997 ], [ 128.120153069023814, -3.767747071882631 ], [ 128.120276138217775, -3.767436926533791 ], [ 128.120392919204704, -3.766974397426687 ], [ 128.120473767580279, -3.766433883449321 ], [ 128.12051958165975, -3.766071747860442 ], [ 128.12056539573922, -3.766136286887315 ], [ 128.120664210420472, -3.766218753414689 ], [ 128.120790872875574, -3.766258193925019 ], [ 128.120865433044116, -3.766240266420545 ], [ 128.120907653862503, -3.766199929534129 ], [ 128.120943586473857, -3.766170349149569 ], [ 128.121028926425851, -3.766081607989857 ], [ 128.121104384909728, -3.76599107407012 ], [ 128.121213979374403, -3.765895161887455 ], [ 128.12128225133597, -3.765829726467048 ], [ 128.121319980577908, -3.765792975064388 ], [ 128.121463711023353, -3.765679135343863 ], [ 128.121633492612062, -3.765636109303884 ], [ 128.121780816318648, -3.765640591183148 ], [ 128.12197485242001, -3.765663896954947 ], [ 128.122101514875084, -3.765714990375556 ], [ 128.122247940266419, -3.765964182805019 ], [ 128.122305432444591, -3.766090571743774 ], [ 128.12243838310664, -3.766151525267962 ], [ 128.122477010663857, -3.766151525267962 ], [ 128.122534502842058, -3.766151525267962 ], [ 128.122636012469144, -3.766162281771787 ], [ 128.122755488401936, -3.766181105653161 ], [ 128.122887540748678, -3.766191862156621 ], [ 128.122946829557435, -3.766200825909403 ], [ 128.12301510151903, -3.766214271538402 ], [ 128.123096848209883, -3.766225028041452 ], [ 128.123165120171507, -3.766233095418653 ], [ 128.123211832566255, -3.76624385192147 ], [ 128.123274714636153, -3.766210686037356 ], [ 128.123537022699111, -3.766069955109627 ], [ 128.123496598511338, -3.765983006690677 ], [ 128.123482225466802, -3.765886198131525 ], [ 128.123528039546272, -3.765780425804587 ], [ 128.123596311507868, -3.765685409974516 ], [ 128.12366997336116, -3.765593979637674 ], [ 128.123672668307023, -3.765479243515112 ], [ 128.123742736899175, -3.76543890659343 ], [ 128.123943061207513, -3.765309828431491 ], [ 128.124194589487075, -3.765105454635948 ], [ 128.124257471556973, -3.765036433650301 ], [ 128.124264658079255, -3.764959345270252 ], [ 128.124280827754376, -3.764900184415819 ], [ 128.12430418395175, -3.764833852543947 ], [ 128.124301489005916, -3.764723598205195 ], [ 128.124320353626871, -3.76455328659757 ], [ 128.124321251942149, -3.764541633696884 ], [ 128.124338319932548, -3.764439446714952 ], [ 128.124358082868781, -3.764322021308629 ], [ 128.124364371075785, -3.764248518374474 ], [ 128.124348201400664, -3.764172326302034 ], [ 128.12432484520329, -3.764125714677961 ], [ 128.124273641232094, -3.764063864634475 ], [ 128.124257471556973, -3.764049522594778 ], [ 128.124291607537771, -3.763944646422316 ], [ 128.12441647336226, -3.763721448372218 ], [ 128.1244658807029, -3.763566374994499 ], [ 128.12444521945136, -3.763453431360979 ], [ 128.124452405973642, -3.76337992835352 ], [ 128.124485643639161, -3.763324352904739 ], [ 128.124538644240914, -3.763281326748408 ], [ 128.124615899355348, -3.763244575238192 ], [ 128.124684171316943, -3.763199756321198 ], [ 128.124721900558882, -3.763162108429139 ], [ 128.124725493819994, -3.763114600372553 ], [ 128.124705730883761, -3.763004345816153 ], [ 128.124626679138743, -3.762820588191143 ], [ 128.124575475167546, -3.762765012706677 ], [ 128.124545830763168, -3.762737224963113 ], [ 128.124384134012047, -3.762590218821132 ], [ 128.124280827754376, -3.762464725753472 ], [ 128.124243996827715, -3.762415424900517 ] ] ] } },
{ "type": "Feature", "properties": { "FID": 2, "Provinsi": "MALUKU", "Kode_Prov": "81", "Kota_Kab": "KOTA AMBON", "Kode_Kab": "8171", "Kecamatan": "Nusaniwe", "Kode_Kec": "817110", "Kelurahan": "Desa Nusaniwe", "Kode_Kel": "81711003", "Sumber": "Wilkerstat BPS Tahun 2019", "city": "ambon", "source_layer": "Wilayah Administrasi", "role": "admin" }, "geometry": { "type": "Polygon", "coordinates": [ [ [ 128.153735687605376, -3.75060196381511 ], [ 128.148534442110304, -3.743079415634322 ], [ 128.148434729113774, -3.743325925327972 ], [ 128.148273930677902, -3.743521340235812 ], [ 128.148224523337291, -3.743762471415198 ], [ 128.148209251977477, -3.743983881770506 ], [ 128.148058335009722, -3.744555783562771 ], [ 128.147923587717088, -3.74484980189364 ], [ 128.147807705045437, -3.74526393730192 ], [ 128.147639720087312, -3.745535545482773 ], [ 128.147484311543167, -3.745768608541063 ], [ 128.147329801314299, -3.746041112961274 ], [ 128.147264224298567, -3.746390707323466 ], [ 128.147186969184133, -3.746701756548812 ], [ 128.147160918040896, -3.746960814752959 ], [ 128.147160918040896, -3.747219872880395 ], [ 128.14713486689763, -3.747518372288511 ], [ 128.146979458353485, -3.747712889866011 ], [ 128.146876152095814, -3.74784197063089 ], [ 128.14667043789575, -3.74789933985361 ], [ 128.146455740542848, -3.747843763419157 ], [ 128.146320993250214, -3.747813286018119 ], [ 128.146210500470289, -3.747848245389808 ], [ 128.14615570323798, -3.747898443459533 ], [ 128.1460856346458, -3.748029316984916 ], [ 128.146005684585504, -3.74820949214878 ], [ 128.146000294693806, -3.748410284327464 ], [ 128.145944599146191, -3.748701612183316 ], [ 128.145834106366237, -3.749083475625848 ], [ 128.145709240541748, -3.749419622884427 ], [ 128.145499034765237, -3.74977549064134 ], [ 128.145333744753003, -3.750087435054701 ], [ 128.145253794692707, -3.750207551552001 ], [ 128.14515318338087, -3.750288226802116 ], [ 128.144993283260305, -3.750327668032795 ], [ 128.144838773031438, -3.750257749486281 ], [ 128.144713907206949, -3.750177074233354 ], [ 128.144579159914315, -3.75001124174562 ], [ 128.144464175557943, -3.74978983291566 ], [ 128.144413869902053, -3.749654477692398 ], [ 128.144354581093296, -3.74956394206779 ], [ 128.144244088313343, -3.749498505422385 ], [ 128.144059933680097, -3.749413348136784 ], [ 128.143919796495794, -3.749302195456784 ], [ 128.143740133438968, -3.749116642161108 ], [ 128.14359011478652, -3.748945431114225 ], [ 128.143500283258106, -3.748794837076691 ], [ 128.143370027541891, -3.748683684318066 ], [ 128.143300857265018, -3.748598526953109 ], [ 128.143135567252727, -3.748548328923566 ], [ 128.142890327180197, -3.748437176133608 ], [ 128.142755579887591, -3.748317059393094 ], [ 128.142595679766998, -3.748211284936294 ], [ 128.142425898178288, -3.748060690772338 ], [ 128.142321693605339, -3.747954916284532 ], [ 128.142256116589579, -3.747814182412282 ], [ 128.142036927660286, -3.747613390096749 ], [ 128.141867146071576, -3.747477138142101 ], [ 128.141672211654907, -3.747316683510403 ], [ 128.141522193002487, -3.747201048589983 ], [ 128.141417090114231, -3.747114994685795 ], [ 128.141382055818127, -3.746964400333101 ], [ 128.141412598537812, -3.746859522107875 ], [ 128.141427869897655, -3.74675912584631 ], [ 128.141412598537812, -3.746663211549945 ], [ 128.141363191197172, -3.746578053988287 ], [ 128.141267969777061, -3.746487518045224 ], [ 128.141228443904566, -3.746392500114707 ], [ 128.141138612376153, -3.746261626344459 ], [ 128.141103578080077, -3.746171090368656 ], [ 128.141018238128083, -3.746120892199818 ], [ 128.140888880727175, -3.746050076921024 ], [ 128.140798150883484, -3.745974779656274 ], [ 128.140693946310535, -3.745859144558506 ], [ 128.140583453530581, -3.745758748182161 ], [ 128.140514283253708, -3.745627874317135 ], [ 128.140393909005638, -3.745502378811742 ], [ 128.140264551604702, -3.745392122031439 ], [ 128.140134295888487, -3.745240630985445 ], [ 128.14005434582819, -3.745099896676621 ], [ 128.139964514299805, -3.744985157860325 ], [ 128.13988007266309, -3.744914342489637 ], [ 128.139749816946875, -3.744874004617696 ], [ 128.139654595526764, -3.744848905496439 ], [ 128.139529729702275, -3.744858765865591 ], [ 128.139430016705745, -3.744893725355321 ], [ 128.139315032349401, -3.744953783962625 ], [ 128.139179386741489, -3.744988743448562 ], [ 128.139047334394746, -3.744976193889668 ], [ 128.138960197812168, -3.744933166829238 ], [ 128.138888332589431, -3.744889243369536 ], [ 128.138634109364034, -3.744792432470981 ], [ 128.138396954129007, -3.744751198196123 ], [ 128.138264003466986, -3.744759265771791 ], [ 128.138167883731569, -3.744781675703813 ], [ 128.138059187582201, -3.744781675703813 ], [ 128.137945999856385, -3.744767333347385 ], [ 128.137817540770754, -3.74475030179882 ], [ 128.137673810325282, -3.74474223422307 ], [ 128.137571402382889, -3.744761058566374 ], [ 128.137468994440525, -3.744804085635262 ], [ 128.137384552803809, -3.74483277034668 ], [ 128.137311789265823, -3.744847112702036 ], [ 128.137256093718179, -3.744840837921596 ], [ 128.137182431864886, -3.744852491085235 ], [ 128.137051277833422, -3.744881175795066 ], [ 128.136918327171372, -3.744891932561009 ], [ 128.136803342815, -3.744909860503957 ], [ 128.136735969168683, -3.744941234403231 ], [ 128.136662307315362, -3.745004878595446 ], [ 128.136550017904852, -3.745142027331954 ], [ 128.136438626809621, -3.7451993967317 ], [ 128.136311964354576, -3.745207464303238 ], [ 128.136209556412183, -3.745164437254177 ], [ 128.136082893957138, -3.74512499579068 ], [ 128.135921197205988, -3.745100793073564 ], [ 128.135691228493243, -3.7451142390276 ], [ 128.135560972777057, -3.745102585867446 ], [ 128.135474734509785, -3.745110653439878 ], [ 128.135382208035509, -3.74514740571334 ], [ 128.135287884930676, -3.745220910255636 ], [ 128.135175595520167, -3.745315928313359 ], [ 128.135066899370798, -3.745357162561614 ], [ 128.134935745339305, -3.745383158064951 ], [ 128.134818964352377, -3.745370608511712 ], [ 128.134733624400383, -3.745323099487107 ], [ 128.134636606349716, -3.745276486856688 ], [ 128.134551266397722, -3.745240630985445 ], [ 128.134481197805542, -3.745251387746972 ], [ 128.134415620789781, -3.745286347221023 ], [ 128.134323992630812, -3.745356266164933 ], [ 128.134247635831656, -3.745417221137119 ], [ 128.134153312726824, -3.745462937363473 ], [ 128.134061684567854, -3.745452180604546 ], [ 128.134008683966073, -3.74540467158437 ], [ 128.133979937877001, -3.745318617503522 ], [ 128.133935022112809, -3.745253180540547 ], [ 128.13382632596344, -3.745172504826038 ], [ 128.133705951715342, -3.745118721012234 ], [ 128.13362779828563, -3.745048802049346 ], [ 128.133568509476873, -3.744960058742255 ], [ 128.133536170126661, -3.744875797412044 ], [ 128.133456220066364, -3.744783468498351 ], [ 128.133400524518748, -3.744748509004215 ], [ 128.133325066034871, -3.744713549508686 ], [ 128.133260387334417, -3.744698310753787 ], [ 128.133165165914278, -3.744663351256251 ], [ 128.132983706226895, -3.74456116194776 ], [ 128.132911841004187, -3.744501999711074 ], [ 128.132879501653946, -3.744277003895654 ], [ 128.132860637032991, -3.744239355187825 ], [ 128.132376445094849, -3.744141647819478 ], [ 128.132055746538384, -3.744016152101017 ], [ 128.131930880713924, -3.743819840905348 ], [ 128.131702708631764, -3.743494448278605 ], [ 128.131656894552265, -3.74352851142426 ], [ 128.131543706826449, -3.743605601696378 ], [ 128.131445790460504, -3.743744543448755 ], [ 128.13136853534607, -3.743925615892957 ], [ 128.131344280833389, -3.744073521574545 ], [ 128.131332602734687, -3.744132683840185 ], [ 128.131279602132963, -3.744177503735735 ], [ 128.131080176139875, -3.744242940779118 ], [ 128.130911292866443, -3.744503792506185 ], [ 128.130812478185192, -3.744568333127692 ], [ 128.130619340399107, -3.744586261077266 ], [ 128.130400151469786, -3.744755680182614 ], [ 128.130268997438321, -3.744841734318805 ], [ 128.130118080470567, -3.744953783962625 ], [ 128.130022859050456, -3.745073004767901 ], [ 128.129945603936022, -3.74530696434609 ], [ 128.129880026920262, -3.745488036467122 ], [ 128.129897993225939, -3.745668212154332 ], [ 128.129936620783184, -3.745689725666743 ], [ 128.129980638232098, -3.745973883260225 ], [ 128.129975248340401, -3.746139716513469 ], [ 128.129936620783184, -3.746220392138819 ], [ 128.13001657084348, -3.746409531631314 ], [ 128.130002197798916, -3.746536819797559 ], [ 128.129993214646078, -3.746673968293987 ], [ 128.129995909591912, -3.746819184325594 ], [ 128.130004892744751, -3.746978742653522 ], [ 128.130034537149157, -3.747097963182922 ], [ 128.130164792865344, -3.747616079279851 ], [ 128.130370507065408, -3.74815301934022 ], [ 128.130438779027003, -3.748185289516986 ], [ 128.130495372889897, -3.748343054808484 ], [ 128.130462135224406, -3.748390563669099 ], [ 128.130495372889897, -3.748585977445994 ], [ 128.130607662300406, -3.748796629863005 ], [ 128.130649883118764, -3.748860273774759 ], [ 128.130660662902187, -3.748876408850241 ], [ 128.130812478185192, -3.749107678232783 ], [ 128.131264330773121, -3.749771905072723 ], [ 128.131407162903287, -3.749944012349739 ], [ 128.131373925237796, -3.750008552569884 ], [ 128.131380213444771, -3.750076678352645 ], [ 128.131469146657906, -3.750355456171524 ], [ 128.131507774215095, -3.750506049940232 ], [ 128.131520350629074, -3.750551765900599 ], [ 128.131528435466635, -3.750608238554221 ], [ 128.131561673132154, -3.750824268830435 ], [ 128.131609283842209, -3.751082429422429 ], [ 128.131600300689371, -3.751321765736467 ], [ 128.131632640039584, -3.751736794470208 ], [ 128.13158862259067, -3.751835397380129 ], [ 128.131549995033453, -3.751968063095921 ], [ 128.13155897818632, -3.752066665979742 ], [ 128.131548198402896, -3.752089972114292 ], [ 128.131498791062256, -3.752205606388058 ], [ 128.131445790460504, -3.752353510669403 ], [ 128.131359552193231, -3.752558783842625 ], [ 128.13121133017134, -3.752709377231607 ], [ 128.131127786849902, -3.752819633089222 ], [ 128.131044243528521, -3.752937956433133 ], [ 128.131041548582658, -3.753050901428276 ], [ 128.13094992042366, -3.753115441418945 ], [ 128.130920276019282, -3.753223904448074 ], [ 128.130911292866443, -3.75326065638051 ], [ 128.130692103937122, -3.753754566346846 ], [ 128.130557356644516, -3.754058441849766 ], [ 128.130459440278543, -3.754138220356608 ], [ 128.130325591301215, -3.754310326773508 ], [ 128.130266302492458, -3.7544761584452 ], [ 128.130227674935242, -3.75457476104587 ], [ 128.130147724874973, -3.75457476104587 ], [ 128.130034537149157, -3.754651850344093 ], [ 128.129984231493239, -3.754779137309979 ], [ 128.129963570241699, -3.755039985893355 ], [ 128.129814449904558, -3.755520449059421 ], [ 128.129746177942934, -3.755704208222796 ], [ 128.129478479988279, -3.755965056529737 ], [ 128.1293033085079, -3.756060073419423 ], [ 128.129288935463308, -3.756199013192323 ], [ 128.12908411957855, -3.756326299932597 ], [ 128.128917032935703, -3.756516333622964 ], [ 128.128712217050918, -3.756655273323223 ], [ 128.128563995029026, -3.756818415394641 ], [ 128.128450807303238, -3.756925085194079 ], [ 128.128334924631588, -3.757022791133381 ], [ 128.128082498036775, -3.757159937983852 ], [ 128.127866004053317, -3.757305152272618 ], [ 128.127705205617417, -3.757322183576507 ], [ 128.127643221862797, -3.75724868005208 ], [ 128.127503084678494, -3.757263022203674 ], [ 128.127280302488032, -3.757384930482702 ], [ 128.127179691176224, -3.757544486880985 ], [ 128.127087164701948, -3.75759826993001 ], [ 128.12695331572462, -3.757731831154081 ], [ 128.126867077457348, -3.758031223353879 ], [ 128.12681677180143, -3.758221256672894 ], [ 128.126694600922804, -3.758422046549889 ], [ 128.126564345206589, -3.758537679984862 ], [ 128.126421513076423, -3.758662277234843 ], [ 128.126326291656312, -3.758872927221303 ], [ 128.126243646650153, -3.759095230130558 ], [ 128.12615740838288, -3.759412549507684 ], [ 128.126116085879829, -3.759625888459028 ], [ 128.126017271198577, -3.759786340829218 ], [ 128.125916659886769, -3.759872393484866 ], [ 128.125848387925146, -3.760002368834061 ], [ 128.125708250740843, -3.760245288227852 ], [ 128.125562723664814, -3.760494482221996 ], [ 128.125480078658654, -3.760512409844728 ], [ 128.125382162292681, -3.760657623575263 ], [ 128.125271669512728, -3.760575156521383 ], [ 128.124995886720541, -3.760951636486467 ], [ 128.124844071437508, -3.760811801089846 ], [ 128.124455999234755, -3.761317359725407 ], [ 128.124229623783151, -3.761555796852464 ], [ 128.124128114156036, -3.761409686891368 ], [ 128.124255674926388, -3.761277918991335 ], [ 128.124205369270499, -3.761210690463236 ], [ 128.123877484191809, -3.761522630789825 ], [ 128.123922399956001, -3.761593444813931 ], [ 128.124065232086167, -3.761467055222573 ], [ 128.124166741713282, -3.761598823094008 ], [ 128.123979892134173, -3.761780788217046 ], [ 128.123954739306214, -3.761830089105909 ], [ 128.124243996827715, -3.762415424900517 ], [ 128.124280827754376, -3.762464725753472 ], [ 128.124384134012047, -3.762590218821132 ], [ 128.124545830763168, -3.762737224963113 ], [ 128.124575475167546, -3.762765012706677 ], [ 128.124626679138743, -3.762820588191143 ], [ 128.124705730883761, -3.763004345816153 ], [ 128.124725493819994, -3.763114600372553 ], [ 128.124721900558882, -3.763162108429139 ], [ 128.124684171316943, -3.763199756321198 ], [ 128.124615899355348, -3.763244575238192 ], [ 128.124538644240914, -3.763281326748408 ], [ 128.124485643639161, -3.763324352904739 ], [ 128.124452405973642, -3.76337992835352 ], [ 128.12444521945136, -3.763453431360979 ], [ 128.1244658807029, -3.763566374994499 ], [ 128.12441647336226, -3.763721448372218 ], [ 128.124291607537771, -3.763944646422316 ], [ 128.124257471556973, -3.764049522594778 ], [ 128.124273641232094, -3.764063864634475 ], [ 128.12432484520329, -3.764125714677961 ], [ 128.124348201400664, -3.764172326302034 ], [ 128.124364371075785, -3.764248518374474 ], [ 128.124358082868781, -3.764322021308629 ], [ 128.124338319932548, -3.764439446714952 ], [ 128.124321251942149, -3.764541633696884 ], [ 128.124320353626871, -3.76455328659757 ], [ 128.124301489005916, -3.764723598205195 ], [ 128.12430418395175, -3.764833852543947 ], [ 128.124280827754376, -3.764900184415819 ], [ 128.124264658079255, -3.764959345270252 ], [ 128.124257471556973, -3.765036433650301 ], [ 128.124194589487075, -3.765105454635948 ], [ 128.123943061207513, -3.765309828431491 ], [ 128.123742736899175, -3.76543890659343 ], [ 128.123672668307023, -3.765479243515112 ], [ 128.12366997336116, -3.765593979637674 ], [ 128.123596311507868, -3.765685409974516 ], [ 128.123528039546272, -3.765780425804587 ], [ 128.123482225466802, -3.765886198131525 ], [ 128.123496598511338, -3.765983006690677 ], [ 128.123537022699111, -3.766069955109627 ], [ 128.123652905370761, -3.766319147437468 ], [ 128.123896348812764, -3.766377411820377 ], [ 128.123881975768228, -3.766640946057434 ], [ 128.123939467946371, -3.76682201375229 ], [ 128.123959230882662, -3.76682201375229 ], [ 128.12399785843985, -3.766811257256619 ], [ 128.124041875888764, -3.766808568132681 ], [ 128.124074215239006, -3.766819324628385 ], [ 128.12420447095522, -3.766811257256619 ], [ 128.124264658079255, -3.766853386863906 ], [ 128.124419168308123, -3.767117817331157 ], [ 128.124493728476722, -3.767245998850773 ], [ 128.124625780823465, -3.767448579395718 ], [ 128.12478478262878, -3.767592895595871 ], [ 128.124975225468972, -3.767712113308378 ], [ 128.125093803086486, -3.767790097818247 ], [ 128.125154888525799, -3.767849258476244 ], [ 128.125164769993916, -3.767859118585519 ], [ 128.125443247732022, -3.767900351768549 ], [ 128.12585467613215, -3.768521538398135 ], [ 128.125915761571463, -3.768535880364142 ], [ 128.1259705588038, -3.768769833651239 ], [ 128.125980440271917, -3.768909667769803 ], [ 128.125991220055312, -3.769053087355233 ], [ 128.126001999838735, -3.769195610544824 ], [ 128.125956185759236, -3.769783630501448 ], [ 128.125827726673634, -3.770184308506304 ], [ 128.126351444484243, -3.771086953804893 ], [ 128.125507926432476, -3.771412336140498 ], [ 128.126010084676295, -3.772087302415187 ], [ 128.127126690574443, -3.772513077684027 ], [ 128.127261437867077, -3.772565067070981 ], [ 128.127222810309831, -3.772706693316219 ], [ 128.127212928841715, -3.77283577038038 ], [ 128.127239878300259, -3.772934370902584 ], [ 128.127304557000713, -3.77299173847399 ], [ 128.127403371681964, -3.773051795146247 ], [ 128.127437507662734, -3.773114540918797 ], [ 128.127441100923875, -3.773202384992755 ], [ 128.127466253751862, -3.773325187407788 ], [ 128.127521050984171, -3.773344907502015 ], [ 128.127603695990302, -3.773297400001526 ], [ 128.127653103330942, -3.77323196513811 ], [ 128.12768723931174, -3.773155773852578 ], [ 128.127704307302139, -3.773047313305177 ], [ 128.12771598540084, -3.772919132640792 ], [ 128.127742036544078, -3.772891345221544 ], [ 128.127854325954587, -3.7728250139591 ], [ 128.12795673389698, -3.772774817324694 ], [ 128.128034887326692, -3.772760475428617 ], [ 128.128132803692665, -3.772750615374927 ], [ 128.128253177940735, -3.772799915642259 ], [ 128.12836367072066, -3.772893137958296 ], [ 128.128384331972228, -3.773002494893206 ], [ 128.128377145449946, -3.773100199028329 ], [ 128.128360975774825, -3.773203281360811 ], [ 128.128320551587052, -3.773262441650451 ], [ 128.128279229084001, -3.773318016464322 ], [ 128.128188499240281, -3.773394207735625 ], [ 128.127982785040246, -3.773572584921127 ], [ 128.127953140635839, -3.773618299671314 ], [ 128.127944157483, -3.77370345459172 ], [ 128.127968411995681, -3.773832531507784 ], [ 128.128024107543297, -3.773914100937907 ], [ 128.128033989011413, -3.773965193873754 ], [ 128.127934276014884, -3.774190182029176 ], [ 128.127818393343233, -3.774404413724595 ], [ 128.127750121381609, -3.774632090865988 ], [ 128.127742934859356, -3.774774613140655 ], [ 128.127790545569439, -3.774928788153581 ], [ 128.127852529324031, -3.774960160972627 ], [ 128.127928886123186, -3.774901897164924 ], [ 128.128065430046377, -3.774840047887856 ], [ 128.128142685160782, -3.7748185350948 ], [ 128.128203770600123, -3.774829291491395 ], [ 128.128211855437684, -3.774864249779407 ], [ 128.128296297074371, -3.774918031758219 ], [ 128.128572978181893, -3.774963746437588 ], [ 128.128667301286697, -3.774952990042659 ], [ 128.128695149060519, -3.774991533790539 ], [ 128.128724793464897, -3.775023802973495 ], [ 128.128740064824711, -3.775085652237476 ], [ 128.128705928843942, -3.775151983327284 ], [ 128.128613402369666, -3.775333049249345 ], [ 128.128621487207226, -3.775438820414067 ], [ 128.128639453512903, -3.77556700070659 ], [ 128.128729285041317, -3.775864594040035 ], [ 128.128713115366196, -3.77597574333118 ], [ 128.128863134018644, -3.776423925812384 ], [ 128.128937694187243, -3.776666840620498 ], [ 128.12898889815844, -3.776639949685677 ], [ 128.129344631010952, -3.776518044104038 ], [ 128.129439852431062, -3.776527007750329 ], [ 128.129594362659901, -3.776474122235871 ], [ 128.129604244128075, -3.776471433141828 ], [ 128.1297434829971, -3.77643557855381 ], [ 128.130574424634915, -3.776224036454355 ], [ 128.130594187571148, -3.776218658264713 ], [ 128.130652578064627, -3.776204316425507 ], [ 128.131418841001988, -3.775916583226374 ], [ 128.131764692386383, -3.775809915754491 ], [ 128.131896744733126, -3.775768682946722 ], [ 128.13194525375846, -3.775752548369234 ], [ 128.132248884324497, -3.775650362704857 ], [ 128.132308173133254, -3.775630642662979 ], [ 128.13264504136481, -3.775517700596321 ], [ 128.132735771208502, -3.775487224163117 ], [ 128.132908247743046, -3.77542985675654 ], [ 128.132935197201562, -3.775420893098919 ], [ 128.133153487815605, -3.775347391102943 ], [ 128.133340337394714, -3.775268510905219 ], [ 128.133405914410474, -3.775240723561129 ], [ 128.13417577060892, -3.774914446293069 ], [ 128.135351665315852, -3.774523630502926 ], [ 128.135414547385722, -3.774502117702032 ], [ 128.136430541972061, -3.774211694837799 ], [ 128.136965937881428, -3.774063794267766 ], [ 128.137265975186295, -3.773968779342823 ], [ 128.137652250758464, -3.773963401139213 ], [ 128.138002593719278, -3.773889002652532 ], [ 128.138379886138608, -3.773838806079604 ], [ 128.139312337403538, -3.773684630873191 ], [ 128.139832461953034, -3.773562724876653 ], [ 128.140768506479077, -3.773299192737442 ], [ 128.14112783259273, -3.773197903152463 ], [ 128.142857089514678, -3.772868936011825 ], [ 128.144271037771858, -3.772487082989382 ], [ 128.145702952334744, -3.772106126168322 ], [ 128.146101804320921, -3.771874862887252 ], [ 128.146552758593543, -3.77172068733235 ], [ 128.146580606367337, -3.771731443767301 ], [ 128.14679081214382, -3.771810324286202 ], [ 128.146998322974468, -3.771976152626459 ], [ 128.147099832601583, -3.772005732813557 ], [ 128.147249851254003, -3.772049654907693 ], [ 128.147361242349263, -3.772082820569142 ], [ 128.147568753179883, -3.772082820569142 ], [ 128.147593906007842, -3.772081924199931 ], [ 128.147686432482089, -3.772078338723075 ], [ 128.14787238374592, -3.772071167769318 ], [ 128.148109538980918, -3.772112400752611 ], [ 128.148311659919869, -3.77219576308242 ], [ 128.148662901195934, -3.772314083794871 ], [ 128.14914978807991, -3.7724682592445 ], [ 128.149615115397125, -3.772284503618269 ], [ 128.149652844639036, -3.772269265345081 ], [ 128.149690573880974, -3.77225492344066 ], [ 128.149694167142087, -3.772236099690747 ], [ 128.149713930078349, -3.772135706350998 ], [ 128.149618708658267, -3.772041587584448 ], [ 128.149697760403228, -3.771957328870508 ], [ 128.149785795301085, -3.77186321008464 ], [ 128.150065171354441, -3.771643599544642 ], [ 128.15062931335288, -3.77148404572976 ], [ 128.150902401199232, -3.771543206136447 ], [ 128.151211421656967, -3.771543206136447 ], [ 128.151329999274481, -3.771430263538367 ], [ 128.151339880742597, -3.771354072094865 ], [ 128.151365931885863, -3.771151492459655 ], [ 128.151356948733024, -3.771116534022254 ], [ 128.151340779057875, -3.77105289173517 ], [ 128.151306643077078, -3.770914850702103 ], [ 128.151247354268321, -3.770749022159368 ], [ 128.151265320574026, -3.770594846404775 ], [ 128.151337185796734, -3.770508794808927 ], [ 128.151425220694591, -3.770404815785912 ], [ 128.15157434103179, -3.770304422234651 ], [ 128.151758495665007, -3.770291873039929 ], [ 128.152016312151545, -3.770248847228076 ], [ 128.152089974004866, -3.77023629803255 ], [ 128.152144771237175, -3.77022733432135 ], [ 128.152215738144633, -3.770286494813563 ], [ 128.15223370445031, -3.770404815785912 ], [ 128.15226334885466, -3.770606499224391 ], [ 128.152388214679178, -3.770724820153188 ], [ 128.152595725509826, -3.770688965327981 ], [ 128.152620878337757, -3.770646835906472 ], [ 128.152667590732534, -3.770565266169662 ], [ 128.152560691213722, -3.770428121430083 ], [ 128.152685557038211, -3.770048956449251 ], [ 128.152703523343916, -3.769950355599724 ], [ 128.152774490251346, -3.769563123064309 ], [ 128.152777185197209, -3.768975102958589 ], [ 128.152779880143044, -3.768454310429326 ], [ 128.152672980624232, -3.768395149812476 ], [ 128.152524758602368, -3.768406802661568 ], [ 128.152340603969122, -3.768258004730667 ], [ 128.152251670755987, -3.768039289653502 ], [ 128.152402587723714, -3.767981921755309 ], [ 128.15245379169491, -3.76796220153943 ], [ 128.152857135257506, -3.76786718594757 ], [ 128.152994577495946, -3.767724662540323 ], [ 128.153082612393803, -3.767518496563998 ], [ 128.153266767027048, -3.767090029726512 ], [ 128.153282038386862, -3.767054174751467 ], [ 128.153440141876871, -3.766687557546838 ], [ 128.1533655817083, -3.766599712814725 ], [ 128.153342225510926, -3.766571925193537 ], [ 128.153149087724842, -3.766343349566228 ], [ 128.153006255594676, -3.765833311969663 ], [ 128.152833779060103, -3.765481036267143 ], [ 128.152726879541291, -3.764940521362459 ], [ 128.152355875328936, -3.764036973309849 ], [ 128.152042363294782, -3.763019584251608 ], [ 128.151863598553234, -3.762457554720489 ], [ 128.151846530562864, -3.762106174031992 ], [ 128.152067516122742, -3.761611372414059 ], [ 128.152231009504447, -3.760868273079644 ], [ 128.152420554029391, -3.760579638426686 ], [ 128.153154477616539, -3.758879201900971 ], [ 128.153639567869959, -3.758246355410046 ], [ 128.153910859085755, -3.757769479280662 ], [ 128.154145319374919, -3.757498771286707 ], [ 128.154195625030837, -3.757178762059685 ], [ 128.154217184597627, -3.7568515816362 ], [ 128.154409424068433, -3.756488545680257 ], [ 128.154623223106057, -3.756168536082741 ], [ 128.155034651506185, -3.754857122977094 ], [ 128.155291569677473, -3.754021689950905 ], [ 128.155642810953537, -3.753282169706097 ], [ 128.155717371122108, -3.753016838653502 ], [ 128.155005007101806, -3.752700413340133 ], [ 128.154457034778517, -3.751711695545907 ], [ 128.15441930553655, -3.751644466280831 ], [ 128.154268388568852, -3.75137196360675 ], [ 128.153735687605376, -3.75060196381511 ] ] ] } },
{ "type": "Feature", "properties": { "FID": 3, "Provinsi": "MALUKU", "Kode_Prov": "81", "Kota_Kab": "KOTA AMBON", "Kode_Kab": "8171", "Kecamatan": "Leitimur Selatan", "Kode_Kec": "817150", "Kelurahan": "Desa Ema", "Kode_Kel": "81712021", "Sumber": "Wilkerstat BPS Tahun 2019", "city": "ambon", "source_layer": "Wilayah Administrasi", "role": "admin" }, "geometry": { "type": "Polygon", "coordinates": [ [ [ 128.232622142595602, -3.725917688656465 ], [ 128.232161306854834, -3.725882728410803 ], [ 128.231709454266934, -3.72589976032553 ], [ 128.23146690914021, -3.726021672968682 ], [ 128.231171363411733, -3.726213506064144 ], [ 128.231032124542708, -3.726404442701735 ], [ 128.230927919969758, -3.726666196146953 ], [ 128.23091085197936, -3.726823068893575 ], [ 128.231032124542708, -3.727276655077835 ], [ 128.231239635373356, -3.727607432207005 ], [ 128.231500146805757, -3.727904145460919 ], [ 128.231811862209327, -3.728322770938919 ], [ 128.231881032486172, -3.728759324490615 ], [ 128.231776827913222, -3.729049762462422 ], [ 128.231758861607545, -3.729177053148217 ], [ 128.231688793015394, -3.729595678020104 ], [ 128.231567520452046, -3.729996374445199 ], [ 128.23125490673317, -3.730380038859991 ], [ 128.231042904326102, -3.730639101886458 ], [ 128.230980920571511, -3.730715296879706 ], [ 128.230942293014294, -3.730762806695683 ], [ 128.230559610703239, -3.731059518884507 ], [ 128.230299099270866, -3.731372366370846 ], [ 128.230107758115366, -3.731616190122493 ], [ 128.230072723819291, -3.732086805628237 ], [ 128.230211962688315, -3.732505429113826 ], [ 128.230229030678714, -3.732708914119339 ], [ 128.230179623338103, -3.732875646291355 ], [ 128.230150877248974, -3.733070167118698 ], [ 128.230099673277806, -3.733390185160248 ], [ 128.230087995179105, -3.73357843101256 ], [ 128.230053859198307, -3.733932512387316 ], [ 128.23003589289263, -3.734269561867076 ], [ 128.230042181099606, -3.734521452484211 ], [ 128.230041282784327, -3.734658602861013 ], [ 128.230047570991303, -3.734818163403136 ], [ 128.230057452459448, -3.734842366404182 ], [ 128.230104164854225, -3.734955313733576 ], [ 128.230229030678714, -3.735092464042586 ], [ 128.230393422375698, -3.735252920912848 ], [ 128.230569492171384, -3.73539544961658 ], [ 128.230724900715529, -3.735506604061286 ], [ 128.230794969307709, -3.735528117823153 ], [ 128.230950377851855, -3.7355711453453 ], [ 128.23108512514446, -3.735627618964919 ], [ 128.231259398309589, -3.735678714141442 ], [ 128.23130431407381, -3.735692160240032 ], [ 128.231643877251202, -3.735663475229457 ], [ 128.231806472317629, -3.735663475229457 ], [ 128.231990626950846, -3.735735187754137 ], [ 128.232173883268814, -3.735792557769662 ], [ 128.232315817083702, -3.735813175118075 ], [ 128.232421818287236, -3.735814071524518 ], [ 128.232584413353663, -3.735806900272958 ], [ 128.233073096868225, -3.735721741656205 ], [ 128.233363252705004, -3.735665268042645 ], [ 128.23351866124915, -3.735565766905148 ], [ 128.233659696748759, -3.735530807043348 ], [ 128.233781867627414, -3.735511086095052 ], [ 128.233836664859723, -3.735502122027498 ], [ 128.234084599878145, -3.73551646453554 ], [ 128.234183414559396, -3.735530807043348 ], [ 128.23426875451139, -3.735573834565365 ], [ 128.234416976533282, -3.735559492058261 ], [ 128.234593944644246, -3.735559492058261 ], [ 128.234685572803244, -3.735566663311842 ], [ 128.234813133573567, -3.735631204591439 ], [ 128.235068255114243, -3.735702020712202 ], [ 128.235216477136134, -3.73566706085583 ], [ 128.235322478339668, -3.735638375844434 ], [ 128.235428479543174, -3.735596244732246 ], [ 128.23552100601745, -3.735589073478907 ], [ 128.235634193743266, -3.735589073478907 ], [ 128.23564138026552, -3.735589073478907 ], [ 128.235600057762468, -3.73551646453554 ], [ 128.235548853791272, -3.735323737064137 ], [ 128.235449140794714, -3.734963381399405 ], [ 128.235435666065456, -3.73491856103275 ], [ 128.235438361011319, -3.73483429873724 ], [ 128.235438361011319, -3.734731211875351 ], [ 128.235467107100391, -3.734629021409006 ], [ 128.235535379062014, -3.734377130822738 ], [ 128.235529989170288, -3.734212191752 ], [ 128.235422191336198, -3.733800740348078 ], [ 128.235348529482877, -3.733526439305003 ], [ 128.235303613718685, -3.732966183640317 ], [ 128.235298223826987, -3.732388895829528 ], [ 128.235291037304705, -3.73231359739145 ], [ 128.235326969916088, -3.732103837422765 ], [ 128.235315291817386, -3.731983718443782 ], [ 128.235321580024362, -3.731869874321676 ], [ 128.235366495788583, -3.7316753532285 ], [ 128.235378173887256, -3.731514895704474 ], [ 128.235378173887256, -3.731389398179224 ], [ 128.235321580024362, -3.731258522169512 ], [ 128.235242528279372, -3.731149160009457 ], [ 128.235196714199901, -3.731046969126282 ], [ 128.235174256317777, -3.730932228471362 ], [ 128.235174256317777, -3.730869479669363 ], [ 128.235117662454883, -3.730647169591937 ], [ 128.235039509025171, -3.730482229820729 ], [ 128.235032322502889, -3.730440994873089 ], [ 128.235026932611191, -3.730212409802169 ], [ 128.234981118531692, -3.729817988363522 ], [ 128.234975728639967, -3.729778546209922 ], [ 128.235033220818167, -3.72925324826822 ], [ 128.235124848977165, -3.729053348115795 ], [ 128.235232646811255, -3.728687611396387 ], [ 128.235227256919529, -3.72832725300934 ], [ 128.235199409145736, -3.72807087854456 ], [ 128.234920931407657, -3.727412910170501 ], [ 128.234711623946481, -3.727030140876277 ], [ 128.234472672080898, -3.726852650608374 ], [ 128.234462790612753, -3.726851754192788 ], [ 128.234438536100072, -3.726813208321754 ], [ 128.234279534294814, -3.726686813709534 ], [ 128.233955242477236, -3.726624064604523 ], [ 128.233591424787164, -3.726515598283876 ], [ 128.233415354991479, -3.726423267438408 ], [ 128.233063215400108, -3.726194681322982 ], [ 128.232622142595602, -3.725917688656465 ] ] ] } },
{ "type": "Feature", "properties": { "FID": 4, "Provinsi": "MALUKU", "Kode_Prov": "81", "Kota_Kab": "KOTA AMBON", "Kode_Kab": "8171", "Kecamatan": "Leitimur Selatan", "Kode_Kec": "817150", "Kelurahan": "Naku", "Kode_Kel": "81715001", "Sumber": "Wilkerstat BPS Tahun 2019", "city": "ambon", "source_layer": "Wilayah Administrasi", "role": "admin" }, "geometry": { "type": "Polygon", "coordinates": [ [ [ 128.204508467463796, -3.720999037371966 ], [ 128.204491399473369, -3.720788378283547 ], [ 128.204069191289847, -3.720906705947923 ], [ 128.203166384429295, -3.721022344331846 ], [ 128.202398324861377, -3.721059994034964 ], [ 128.201737164812272, -3.721105711529442 ], [ 128.202118948808021, -3.721349538126601 ], [ 128.202469291768836, -3.721717967158241 ], [ 128.202771125704317, -3.722054124899378 ], [ 128.20329664014551, -3.722646658632018 ], [ 128.203593084189293, -3.722894070481062 ], [ 128.203853595621666, -3.723111004001647 ], [ 128.203929054105544, -3.723233813450351 ], [ 128.203981156392018, -3.723255327512596 ], [ 128.204168904286405, -3.723398754580783 ], [ 128.204904624504081, -3.723959912760519 ], [ 128.205227119691102, -3.724249455898661 ], [ 128.205939483711376, -3.724889498287101 ], [ 128.206464099837348, -3.725834321914518 ], [ 128.207232159405237, -3.72688581798439 ], [ 128.20724293918866, -3.727370778663839 ], [ 128.207736114279641, -3.728267193263807 ], [ 128.207878946409807, -3.728763806558811 ], [ 128.207958896470075, -3.729063208662496 ], [ 128.208054117890214, -3.72941998109601 ], [ 128.208293968071075, -3.729872669528086 ], [ 128.208419732210871, -3.730108425985525 ], [ 128.208498783955861, -3.730621173651792 ], [ 128.208546394665916, -3.731116889205528 ], [ 128.208449376615249, -3.73244536965385 ], [ 128.208264323666697, -3.732753734598798 ], [ 128.20836224003267, -3.733048653296596 ], [ 128.208385596230045, -3.733209110540419 ], [ 128.208457461452781, -3.733696756956213 ], [ 128.208443088408245, -3.734593165102206 ], [ 128.208387392860629, -3.735157901764167 ], [ 128.208442190092967, -3.735379314292791 ], [ 128.20848261428074, -3.735820346369584 ], [ 128.208473631127902, -3.735909987008493 ], [ 128.20879792294545, -3.737897317620725 ], [ 128.208605683474644, -3.738175202913591 ], [ 128.207666045687461, -3.739536839575657 ], [ 128.207699283353008, -3.740123983105859 ], [ 128.207730724387943, -3.740663616965375 ], [ 128.207696588407146, -3.741179047667101 ], [ 128.207593282149475, -3.741659518448189 ], [ 128.207330974086517, -3.74199118655753 ], [ 128.207251922341499, -3.74210144376607 ], [ 128.207239345927519, -3.74218570536324 ], [ 128.207136937985126, -3.742390980922423 ], [ 128.206772221979776, -3.742825734677143 ], [ 128.206634779741307, -3.74303190648539 ], [ 128.206609626913348, -3.743060591254865 ], [ 128.206452421738618, -3.743237181846252 ], [ 128.206133519812767, -3.743660282001558 ], [ 128.205996077574298, -3.743820737303601 ], [ 128.205893669631905, -3.743991949353244 ], [ 128.205836177453705, -3.744301206635547 ], [ 128.2059044494153, -3.744701896343198 ], [ 128.205950263494827, -3.744964540727677 ], [ 128.206051773121914, -3.745285450824269 ], [ 128.206245809223276, -3.74570854998967 ], [ 128.206336539066967, -3.745983743616702 ], [ 128.206404811028563, -3.746247284012283 ], [ 128.206483862773581, -3.746406842444502 ], [ 128.206586270715974, -3.746785121307999 ], [ 128.206653644362262, -3.746907927444157 ], [ 128.206686882027782, -3.747279034933341 ], [ 128.206788391654896, -3.7474054265785 ], [ 128.206744374205954, -3.747484309298139 ], [ 128.206744374205954, -3.74753271459985 ], [ 128.206757848935212, -3.747548849699824 ], [ 128.206803663014711, -3.747517475894044 ], [ 128.206976139549283, -3.747481620114632 ], [ 128.207094717166768, -3.747511201132753 ], [ 128.207171972281202, -3.747624146829107 ], [ 128.207237549296963, -3.747754124001307 ], [ 128.207344448815775, -3.747742470876311 ], [ 128.207493569152945, -3.747754124001307 ], [ 128.207514230404456, -3.747763087943505 ], [ 128.207594180464753, -3.74779625452884 ], [ 128.207627418130272, -3.747839281448483 ], [ 128.207653469273481, -3.747873344425032 ], [ 128.207784623304974, -3.74790830379432 ], [ 128.207799894664817, -3.747918164128996 ], [ 128.207896912715512, -3.747973740558721 ], [ 128.208003812234296, -3.748044555681803 ], [ 128.20805591452077, -3.74808489340758 ], [ 128.208128678058785, -3.748139573432882 ], [ 128.20821761127192, -3.748164672459745 ], [ 128.208253543883274, -3.748175429185323 ], [ 128.208287679864071, -3.748185289516986 ], [ 128.208346968672828, -3.748204113786217 ], [ 128.208485309226603, -3.748246244292075 ], [ 128.208759295388262, -3.748311681031192 ], [ 128.208978484317555, -3.748465860725916 ], [ 128.209080892259948, -3.748477513841274 ], [ 128.209115028240745, -3.748481099415199 ], [ 128.209299182873991, -3.74850171646498 ], [ 128.209689950022607, -3.74851785154708 ], [ 128.209733069156215, -3.748519644333962 ], [ 128.209792357965, -3.748520540727402 ], [ 128.210078022225332, -3.748525022694584 ], [ 128.21031966903675, -3.748625418753465 ], [ 128.210393330890071, -3.748655896126203 ], [ 128.210640367593186, -3.748702508576569 ], [ 128.210707741239503, -3.748715058082012 ], [ 128.210818234019456, -3.748679202351696 ], [ 128.210909862178426, -3.748649621373079 ], [ 128.210963761095456, -3.748631693506762 ], [ 128.211278171444917, -3.748584184659249 ], [ 128.211509936788218, -3.748525022694584 ], [ 128.211682413322762, -3.748240865929738 ], [ 128.211735413924544, -3.748169154428752 ], [ 128.212092045092334, -3.748145848189664 ], [ 128.212235775537806, -3.748150330158769 ], [ 128.212264521626878, -3.748152122946404 ], [ 128.212525931374557, -3.748264172166293 ], [ 128.21279901922091, -3.748317955786741 ], [ 128.21283944340874, -3.748285685614869 ], [ 128.212953529449806, -3.748193357060992 ], [ 128.21301371657384, -3.748062483560156 ], [ 128.21301371657384, -3.747997943196369 ], [ 128.213232905503162, -3.747902925429905 ], [ 128.213381127525054, -3.747790876163736 ], [ 128.213794352555738, -3.747413494129697 ], [ 128.213968625720867, -3.747068382150827 ], [ 128.21425788324234, -3.746876553615391 ], [ 128.214553428970817, -3.746677553875303 ], [ 128.214781601052977, -3.74650275676897 ], [ 128.215081638357901, -3.746307342526702 ], [ 128.215466117299485, -3.745855558973835 ], [ 128.215505643172008, -3.745709446385991 ], [ 128.215594576385115, -3.745439631052298 ], [ 128.215672729814827, -3.745211946287393 ], [ 128.21573381525414, -3.745122306599923 ], [ 128.215972767119723, -3.745040734476346 ], [ 128.216318618504118, -3.745065833592102 ], [ 128.216693215977585, -3.745214635477876 ], [ 128.216863895881573, -3.745375090495032 ], [ 128.216907015015209, -3.745588432874521 ], [ 128.216907913330488, -3.745669108550693 ], [ 128.216910608276322, -3.745805360786897 ], [ 128.216796522235256, -3.745929959852751 ], [ 128.21659619792689, -3.746086829155037 ], [ 128.216536010802884, -3.74633602718885 ], [ 128.216439891067495, -3.746641698061466 ], [ 128.216332991548683, -3.746883724776351 ], [ 128.216382398889294, -3.747100652367608 ], [ 128.21659619792689, -3.747178638719916 ], [ 128.216681537878884, -3.747142782926615 ], [ 128.216731843534831, -3.747122165844801 ], [ 128.216867489142714, -3.747159814428616 ], [ 128.217074101658056, -3.747218080090849 ], [ 128.217252866399605, -3.74732475106242 ], [ 128.217394800214493, -3.747406322973081 ], [ 128.217547513812804, -3.747422458075388 ], [ 128.217623870611931, -3.747430525626429 ], [ 128.217635548710632, -3.747431422020985 ], [ 128.217737058337718, -3.74744217875558 ], [ 128.217993976509007, -3.74752016507744 ], [ 128.217999366400704, -3.747523750655291 ], [ 128.218250894680239, -3.747691376403345 ], [ 128.218489846545822, -3.747780119433429 ], [ 128.218709035475172, -3.747781912221823 ], [ 128.218960563754706, -3.747783705010213 ], [ 128.219048598652535, -3.747820457171398 ], [ 128.219181549314612, -3.747876033607334 ], [ 128.219337856174036, -3.748007803530033 ], [ 128.219505841132161, -3.748174532791529 ], [ 128.219612740650973, -3.748378014158999 ], [ 128.219769945825703, -3.748481099415199 ], [ 128.219840014417883, -3.748467653512905 ], [ 128.220143644983892, -3.748409387933911 ], [ 128.220388885056451, -3.748361879074319 ], [ 128.220365528859077, -3.748171843610145 ], [ 128.220365528859077, -3.74797463695272 ], [ 128.220406851362128, -3.747597254997964 ], [ 128.220456258702768, -3.747031629958042 ], [ 128.220456258702768, -3.74662197736323 ], [ 128.220399664839846, -3.746384432554092 ], [ 128.220359240652073, -3.745851076992976 ], [ 128.220313426572602, -3.745677176117901 ], [ 128.220316121518465, -3.745668212154332 ], [ 128.220294561951619, -3.745637734677509 ], [ 128.220237069773447, -3.7454163247405 ], [ 128.220212815260794, -3.745038941682337 ], [ 128.220229883251164, -3.744481382567049 ], [ 128.220311629942017, -3.7441703325526 ], [ 128.220417631145551, -3.743998224139769 ], [ 128.220712278558722, -3.743695241539146 ], [ 128.220818279762256, -3.743489966285657 ], [ 128.220933264118656, -3.743309790150145 ], [ 128.221121012013015, -3.742916270998914 ], [ 128.221129096850575, -3.742719063157303 ], [ 128.221154249678534, -3.742555022055224 ], [ 128.221252166044508, -3.742317476142567 ], [ 128.221293488547559, -3.741998357758508 ], [ 128.22136715040088, -3.741866586931177 ], [ 128.221431829101306, -3.741768879298117 ], [ 128.221579152807919, -3.741440796707379 ], [ 128.221627661833253, -3.74137535945464 ], [ 128.22171210346994, -3.740955843800441 ], [ 128.2218522406543, -3.740307745503966 ], [ 128.222122633554818, -3.739659646728241 ], [ 128.222472078200354, -3.739187242477754 ], [ 128.222739776154981, -3.738919217941617 ], [ 128.222829607683394, -3.738828681206884 ], [ 128.223553649802398, -3.738505975937729 ], [ 128.223893212979789, -3.7383571729125 ], [ 128.223993824291597, -3.738331177200682 ], [ 128.224011790597331, -3.738325798777451 ], [ 128.224091740657599, -3.738305181488093 ], [ 128.224235471103071, -3.738267532523668 ], [ 128.224329794207904, -3.738243329617112 ], [ 128.224564254497039, -3.738047017128145 ], [ 128.224625339936381, -3.737954687494852 ], [ 128.22472954450933, -3.73779512752314 ], [ 128.224981072788864, -3.737346028795238 ], [ 128.224975682897167, -3.737219635698616 ], [ 128.224986462680562, -3.737014358928413 ], [ 128.224987360995868, -3.737000912850087 ], [ 128.224958614906768, -3.736755297783042 ], [ 128.224751104076148, -3.736495340155425 ], [ 128.22472954450933, -3.736356397253904 ], [ 128.224696306843811, -3.736268549472557 ], [ 128.22469271358267, -3.73617353043385 ], [ 128.22469271358267, -3.736169048403469 ], [ 128.22468822200625, -3.736167255591309 ], [ 128.224788833318058, -3.7359467396678 ], [ 128.22487058000894, -3.735833792466004 ], [ 128.224982869419449, -3.735731602128042 ], [ 128.224993649202844, -3.735567559718536 ], [ 128.224984666050005, -3.735450130433881 ], [ 128.224891241260451, -3.735438477145233 ], [ 128.22475020576087, -3.735430409483771 ], [ 128.224660374232457, -3.735416066974324 ], [ 128.224512152210565, -3.735359593341091 ], [ 128.224451066771252, -3.735268159831962 ], [ 128.224398964484777, -3.73512921673613 ], [ 128.224358540297004, -3.734928421513611 ], [ 128.22431542116334, -3.73482354184787 ], [ 128.224251640778192, -3.734768860991531 ], [ 128.224229182896067, -3.734750036433643 ], [ 128.224144741259352, -3.73463977830076 ], [ 128.224087249081151, -3.734476632094989 ], [ 128.224073774351893, -3.734362788296079 ], [ 128.224085452450595, -3.734208606119684 ], [ 128.224085452450595, -3.734098347918795 ], [ 128.224071079406059, -3.733907412952795 ], [ 128.224095333918712, -3.733714685128103 ], [ 128.224156419358053, -3.733598152004276 ], [ 128.224189657023572, -3.733534506983964 ], [ 128.224218403112673, -3.733413491791771 ], [ 128.224222894689092, -3.733214488995012 ], [ 128.224260623931031, -3.732950944681245 ], [ 128.224357641981697, -3.732794073028356 ], [ 128.224485202752049, -3.732633615708697 ], [ 128.224485202752049, -3.732517978851214 ], [ 128.224419625736317, -3.732369174810654 ], [ 128.224295658227078, -3.732171068187413 ], [ 128.224275895290845, -3.732142383061793 ], [ 128.224177080609593, -3.731997164598963 ], [ 128.22395429841913, -3.731632325515436 ], [ 128.223794398298537, -3.731330235053961 ], [ 128.223727922967527, -3.73110882150436 ], [ 128.223746787588482, -3.73092236794563 ], [ 128.223819551126525, -3.730653444473927 ], [ 128.223821347757081, -3.73037645321203 ], [ 128.22372612633697, -3.730051952010987 ], [ 128.223691990356144, -3.729875358765599 ], [ 128.22369738024787, -3.729463905330326 ], [ 128.223753075795486, -3.728850758677273 ], [ 128.223842009008621, -3.728448268902059 ], [ 128.22388872140337, -3.728301257000583 ], [ 128.223935433798147, -3.728152452246008 ], [ 128.223957891680243, -3.728028747069422 ], [ 128.223932738852312, -3.727928348652441 ], [ 128.223873450043556, -3.727689005951442 ], [ 128.223744990957925, -3.727477452049134 ], [ 128.223647074591952, -3.727095579198336 ], [ 128.223606650404179, -3.726894782139855 ], [ 128.223599463881925, -3.726640200089097 ], [ 128.223571616108075, -3.726444781422684 ], [ 128.223479987949105, -3.72621440248038 ], [ 128.223424292401518, -3.725962509482203 ], [ 128.223308409729867, -3.725756333664901 ], [ 128.223250019236389, -3.726059322458006 ], [ 128.222808946431883, -3.726723566754677 ], [ 128.221991479523325, -3.727918488093013 ], [ 128.221770493963447, -3.728561217053568 ], [ 128.221668984336333, -3.728754842422398 ], [ 128.221527948836695, -3.72902555930177 ], [ 128.221306963276817, -3.729290897619195 ], [ 128.221200962073311, -3.729347371642634 ], [ 128.221100350761475, -3.729447769897567 ], [ 128.221005129341364, -3.729592092368943 ], [ 128.220797618510716, -3.729767789258634 ], [ 128.22033498613942, -3.730119182932646 ], [ 128.220159814659013, -3.730343285967697 ], [ 128.219904693118337, -3.730470576466158 ], [ 128.219601960867578, -3.730535118120304 ], [ 128.219283957257005, -3.730518086295365 ], [ 128.218901274945978, -3.730518086295365 ], [ 128.218567101660256, -3.730518086295365 ], [ 128.218279640769339, -3.730613105946073 ], [ 128.217960738843487, -3.730757428226078 ], [ 128.217658006592757, -3.730949260288273 ], [ 128.217451394077415, -3.73110882150436 ], [ 128.21716393318647, -3.731268382691471 ], [ 128.216813590225655, -3.731268382691471 ], [ 128.216622249070156, -3.731332027875998 ], [ 128.216351856169638, -3.7315077244178 ], [ 128.216032954243758, -3.731747962489516 ], [ 128.215825443413138, -3.731795472249648 ], [ 128.215570321872434, -3.731747066078923 ], [ 128.215283759296824, -3.731587504978753 ], [ 128.215013366396278, -3.73133113146498 ], [ 128.214806753880936, -3.73097884186423 ], [ 128.214424969885187, -3.730529739649306 ], [ 128.213947066154049, -3.730225855984458 ], [ 128.213517671448216, -3.730000856507086 ], [ 128.213007428366836, -3.729776753384717 ], [ 128.212976885647208, -3.729770478496468 ], [ 128.212354353155291, -3.729647669960297 ], [ 128.211797397679135, -3.729567889223222 ], [ 128.210952981312062, -3.729294483271586 ], [ 128.210801166029057, -3.72922635587368 ], [ 128.210777809831683, -3.729182431627494 ], [ 128.210395127520627, -3.728571077605789 ], [ 128.210316974090887, -3.72844557966018 ], [ 128.20987140970999, -3.728045778942593 ], [ 128.209504897074055, -3.727661217094297 ], [ 128.209202164823296, -3.727308926022743 ], [ 128.20905933269313, -3.726972770288549 ], [ 128.208895839311424, -3.726701156361479 ], [ 128.208788939792612, -3.726235916469764 ], [ 128.208746718974282, -3.726140896346015 ], [ 128.20850327553228, -3.725595875060611 ], [ 128.208121491536531, -3.725339499799737 ], [ 128.207532196710133, -3.724906530221051 ], [ 128.206942901883735, -3.724330133536285 ], [ 128.206519795384935, -3.723893577786669 ], [ 128.206306894662617, -3.723673058783618 ], [ 128.205940382026682, -3.723320766115354 ], [ 128.205431037260581, -3.722920066649571 ], [ 128.205373545082409, -3.722852835177715 ], [ 128.20512830500985, -3.722567773680028 ], [ 128.204731249654259, -3.72189545846155 ], [ 128.204619858559028, -3.72157543623727 ], [ 128.204603688883907, -3.721319059805646 ], [ 128.204508467463796, -3.720999037371966 ] ] ] } },
{ "type": "Feature", "properties": { "FID": 5, "Provinsi": "MALUKU", "Kode_Prov": "81", "Kota_Kab": "KOTA AMBON", "Kode_Kab": "8171", "Kecamatan": "Leitimur Selatan", "Kode_Kec": "817150", "Kelurahan": "Kilang", "Kode_Kel": "81712020", "Sumber": "Wilkerstat BPS Tahun 2019", "city": "ambon", "source_layer": "Wilayah Administrasi", "role": "admin" }, "geometry": { "type": "Polygon", "coordinates": [ [ [ 128.226166848963913, -3.720017455232673 ], [ 128.225855133560344, -3.720017455232673 ], [ 128.225768895293072, -3.720030005148204 ], [ 128.225588333920939, -3.720156400716088 ], [ 128.22543472200735, -3.720260385708696 ], [ 128.225388009612601, -3.72043429161719 ], [ 128.225292788192462, -3.720782103331204 ], [ 128.225210143186303, -3.721028619282477 ], [ 128.225119413342611, -3.721059994034964 ], [ 128.224920885664829, -3.721127225643672 ], [ 128.224713374834209, -3.721224935572514 ], [ 128.224631628143356, -3.721264378109528 ], [ 128.224348658828859, -3.721371948656041 ], [ 128.224036943425261, -3.721527925925154 ], [ 128.223965078202525, -3.721577229079187 ], [ 128.223655159429512, -3.721788784399708 ], [ 128.223634498177972, -3.721802230710736 ], [ 128.222953575192605, -3.721821951966537 ], [ 128.222626588429193, -3.721831812594273 ], [ 128.222271753891988, -3.721842569642587 ], [ 128.221773188909282, -3.721851533849414 ], [ 128.221483931387809, -3.721875737207391 ], [ 128.221462371820991, -3.7219178689771 ], [ 128.221382421760694, -3.722162591769806 ], [ 128.221366252085573, -3.722273747887626 ], [ 128.221282708764164, -3.72249426724113 ], [ 128.221264742458487, -3.722649347891622 ], [ 128.22118928397461, -3.722953234173794 ], [ 128.221146164840974, -3.723136103744381 ], [ 128.221170419353655, -3.723261602447316 ], [ 128.22120994522615, -3.723404133095385 ], [ 128.221412066165072, -3.723690987159912 ], [ 128.22156657639394, -3.723871167321401 ], [ 128.221754324288327, -3.724054036701323 ], [ 128.222064243061368, -3.724221666932878 ], [ 128.222275347153129, -3.724356129662389 ], [ 128.222516993964547, -3.724443082216536 ], [ 128.222625690113915, -3.724504038641126 ], [ 128.22266521598641, -3.72464029416318 ], [ 128.222722708164582, -3.724859020088682 ], [ 128.222808048116576, -3.725023960914584 ], [ 128.222966151606585, -3.725178144702147 ], [ 128.22307574607126, -3.72529378252509 ], [ 128.223151204555137, -3.725438105678144 ], [ 128.223161984338532, -3.725458723269505 ], [ 128.223308409729867, -3.725756333664901 ], [ 128.223424292401518, -3.725962509482203 ], [ 128.223479987949105, -3.72621440248038 ], [ 128.223571616108075, -3.726444781422684 ], [ 128.223599463881925, -3.726640200089097 ], [ 128.223606650404179, -3.726894782139855 ], [ 128.223647074591952, -3.727095579198336 ], [ 128.223744990957925, -3.727477452049134 ], [ 128.223873450043556, -3.727689005951442 ], [ 128.223932738852312, -3.727928348652441 ], [ 128.223957891680243, -3.728028747069422 ], [ 128.223935433798147, -3.728152452246008 ], [ 128.22388872140337, -3.728301257000583 ], [ 128.223842009008621, -3.728448268902059 ], [ 128.223753075795486, -3.728850758677273 ], [ 128.22369738024787, -3.729463905330326 ], [ 128.223691990356144, -3.729875358765599 ], [ 128.22372612633697, -3.730051952010987 ], [ 128.223821347757081, -3.73037645321203 ], [ 128.223819551126525, -3.730653444473927 ], [ 128.223746787588482, -3.73092236794563 ], [ 128.223727922967527, -3.73110882150436 ], [ 128.223794398298537, -3.731330235053961 ], [ 128.22395429841913, -3.731632325515436 ], [ 128.224177080609593, -3.731997164598963 ], [ 128.224275895290845, -3.732142383061793 ], [ 128.224295658227078, -3.732171068187413 ], [ 128.224419625736317, -3.732369174810654 ], [ 128.224485202752049, -3.732517978851214 ], [ 128.224485202752049, -3.732633615708697 ], [ 128.224357641981697, -3.732794073028356 ], [ 128.224260623931031, -3.732950944681245 ], [ 128.224222894689092, -3.733214488995012 ], [ 128.224218403112673, -3.733413491791771 ], [ 128.224189657023572, -3.733534506983964 ], [ 128.224156419358053, -3.733598152004276 ], [ 128.224095333918712, -3.733714685128103 ], [ 128.224071079406059, -3.733907412952795 ], [ 128.224085452450595, -3.734098347918795 ], [ 128.224085452450595, -3.734208606119684 ], [ 128.224073774351893, -3.734362788296079 ], [ 128.224087249081151, -3.734476632094989 ], [ 128.224144741259352, -3.73463977830076 ], [ 128.224229182896067, -3.734750036433643 ], [ 128.224251640778192, -3.734768860991531 ], [ 128.22431542116334, -3.73482354184787 ], [ 128.224358540297004, -3.734928421513611 ], [ 128.224398964484777, -3.73512921673613 ], [ 128.224451066771252, -3.735268159831962 ], [ 128.224512152210565, -3.735359593341091 ], [ 128.224660374232457, -3.735416066974324 ], [ 128.22475020576087, -3.735430409483771 ], [ 128.224891241260451, -3.735438477145233 ], [ 128.224984666050005, -3.735450130433881 ], [ 128.224993649202844, -3.735567559718536 ], [ 128.224982869419449, -3.735731602128042 ], [ 128.22487058000894, -3.735833792466004 ], [ 128.224788833318058, -3.7359467396678 ], [ 128.22468822200625, -3.736167255591309 ], [ 128.22469271358267, -3.736169048403469 ], [ 128.22469271358267, -3.73617353043385 ], [ 128.224696306843811, -3.736268549472557 ], [ 128.22472954450933, -3.736356397253904 ], [ 128.224751104076148, -3.736495340155425 ], [ 128.224958614906768, -3.736755297783042 ], [ 128.224987360995868, -3.737000912850087 ], [ 128.224986462680562, -3.737014358928413 ], [ 128.224975682897167, -3.737219635698616 ], [ 128.224981072788864, -3.737346028795238 ], [ 128.22472954450933, -3.73779512752314 ], [ 128.224625339936381, -3.737954687494852 ], [ 128.224564254497039, -3.738047017128145 ], [ 128.224329794207904, -3.738243329617112 ], [ 128.224235471103071, -3.738267532523668 ], [ 128.224091740657599, -3.738305181488093 ], [ 128.224011790597331, -3.738325798777451 ], [ 128.223993824291597, -3.738331177200682 ], [ 128.223893212979789, -3.7383571729125 ], [ 128.223553649802398, -3.738505975937729 ], [ 128.222829607683394, -3.738828681206884 ], [ 128.222739776154981, -3.738919217941617 ], [ 128.222472078200354, -3.739187242477754 ], [ 128.222122633554818, -3.739659646728241 ], [ 128.2218522406543, -3.740307745503966 ], [ 128.22171210346994, -3.740955843800441 ], [ 128.221627661833253, -3.74137535945464 ], [ 128.221579152807919, -3.741440796707379 ], [ 128.221431829101306, -3.741768879298117 ], [ 128.22136715040088, -3.741866586931177 ], [ 128.221293488547559, -3.741998357758508 ], [ 128.221252166044508, -3.742317476142567 ], [ 128.221154249678534, -3.742555022055224 ], [ 128.221129096850575, -3.742719063157303 ], [ 128.221121012013015, -3.742916270998914 ], [ 128.220933264118656, -3.743309790150145 ], [ 128.220818279762256, -3.743489966285657 ], [ 128.220712278558722, -3.743695241539146 ], [ 128.220417631145551, -3.743998224139769 ], [ 128.220311629942017, -3.7441703325526 ], [ 128.220229883251164, -3.744481382567049 ], [ 128.220212815260794, -3.745038941682337 ], [ 128.220237069773447, -3.7454163247405 ], [ 128.220294561951619, -3.745637734677509 ], [ 128.220316121518465, -3.745668212154332 ], [ 128.220313426572602, -3.745677176117901 ], [ 128.220359240652073, -3.745851076992976 ], [ 128.220399664839846, -3.746384432554092 ], [ 128.220456258702768, -3.74662197736323 ], [ 128.220456258702768, -3.747031629958042 ], [ 128.220406851362128, -3.747597254997964 ], [ 128.220365528859077, -3.74797463695272 ], [ 128.220365528859077, -3.748171843610145 ], [ 128.220388885056451, -3.748361879074319 ], [ 128.22085331405836, -3.748271343315877 ], [ 128.221206351965009, -3.748121645556109 ], [ 128.222101073988, -3.747420665286258 ], [ 128.22220078698453, -3.747267381802016 ], [ 128.222215160029066, -3.747097066788024 ], [ 128.222379551726078, -3.746990395788691 ], [ 128.222693063760232, -3.746905238258878 ], [ 128.222874523447615, -3.746912409419603 ], [ 128.222960761714887, -3.746950954407493 ], [ 128.222985016227568, -3.746980535443557 ], [ 128.223031728622345, -3.747036111932855 ], [ 128.223035321883486, -3.747185809878399 ], [ 128.223135034880016, -3.747274552959773 ], [ 128.223295833315888, -3.747315787115731 ], [ 128.22330301983817, -3.747317579905076 ], [ 128.223484479525524, -3.747377638346023 ], [ 128.22356083632468, -3.747471759775035 ], [ 128.223652464483649, -3.747584705476481 ], [ 128.22366863415877, -3.74761249370238 ], [ 128.223716244868854, -3.747688687220475 ], [ 128.223752177480208, -3.747747849241713 ], [ 128.223973163040085, -3.747926231675464 ], [ 128.224076469297756, -3.747980015316695 ], [ 128.224158215988609, -3.748022145833347 ], [ 128.225088870622955, -3.748071447499194 ], [ 128.225577554137544, -3.748107303254428 ], [ 128.225958439818015, -3.748143159008191 ], [ 128.226358190119413, -3.748221145267553 ], [ 128.226369868218143, -3.748223834448787 ], [ 128.226488445835628, -3.748249829866948 ], [ 128.226704041503837, -3.74829554594529 ], [ 128.226985214187749, -3.748271343315877 ], [ 128.227185538496116, -3.748206802967504 ], [ 128.227327472311003, -3.748107303254428 ], [ 128.22752779661937, -3.747751434818629 ], [ 128.227538576402765, -3.74732475106242 ], [ 128.227616729832505, -3.747175053140652 ], [ 128.227877241264878, -3.746990395788691 ], [ 128.228379399508697, -3.746855040132157 ], [ 128.228793522854687, -3.746723270035814 ], [ 128.229213934407653, -3.746673968293987 ], [ 128.229467259317772, -3.746552954915901 ], [ 128.22993707821135, -3.746424770356417 ], [ 128.230046672676025, -3.746438216290111 ], [ 128.230082605287407, -3.746441801872395 ], [ 128.23017243681582, -3.746453455014715 ], [ 128.230468880859576, -3.746495585604888 ], [ 128.230646747285817, -3.746424770356417 ], [ 128.230611712989742, -3.74633602718885 ], [ 128.230729392291948, -3.746346783936914 ], [ 128.2308569530623, -3.746236527262996 ], [ 128.231077938622178, -3.746150473263945 ], [ 128.231338450054608, -3.74612895976286 ], [ 128.231580995181304, -3.746008842705416 ], [ 128.231759759922824, -3.746029459813462 ], [ 128.231969965699307, -3.745969401279971 ], [ 128.232144238864464, -3.745866315727804 ], [ 128.232137052342182, -3.745787432862292 ], [ 128.232180171475818, -3.745660144587042 ], [ 128.232076865218119, -3.745574090531314 ], [ 128.232119086036505, -3.745360748148327 ], [ 128.232247545122135, -3.745190432763238 ], [ 128.232354444640947, -3.745176090413506 ], [ 128.232379597468878, -3.745083761531488 ], [ 128.232326596867154, -3.74496633352184 ], [ 128.232372410946624, -3.744848905496439 ], [ 128.232464937420872, -3.744773608128352 ], [ 128.232472123943154, -3.74462122057788 ], [ 128.232406546927393, -3.744506481698842 ], [ 128.232361631163201, -3.744428495108413 ], [ 128.232323003606012, -3.744336166147544 ], [ 128.232298749093303, -3.744317341795103 ], [ 128.232233172077599, -3.744265350724358 ], [ 128.232233172077599, -3.744183778520928 ], [ 128.232315817083702, -3.744180192929395 ], [ 128.232511649815649, -3.744169436154705 ], [ 128.232682329719637, -3.744144337013249 ], [ 128.232774856193885, -3.744220530833303 ], [ 128.232807195544126, -3.744247422768211 ], [ 128.232957214196574, -3.744336166147544 ], [ 128.232978773763392, -3.744338855340717 ], [ 128.233125199154699, -3.744354094101872 ], [ 128.233381219010681, -3.744415049143845 ], [ 128.2336057978317, -3.744478693374314 ], [ 128.233913021658879, -3.744485864554922 ], [ 128.23404148074448, -3.744535166420011 ], [ 128.23406573525719, -3.744603292629022 ], [ 128.234030700961085, -3.744688450382828 ], [ 128.234027107699944, -3.744699207151141 ], [ 128.233969615521772, -3.74475657657991 ], [ 128.233940869432672, -3.74484531990763 ], [ 128.234037887483368, -3.744873108220521 ], [ 128.234179821298255, -3.744830977552244 ], [ 128.234315466906168, -3.744891036163853 ], [ 128.23434780625638, -3.744851594688036 ], [ 128.234365772562057, -3.744830977552244 ], [ 128.234340619734098, -3.744766436950101 ], [ 128.234558012032863, -3.744841734318805 ], [ 128.234668504812817, -3.744894621752476 ], [ 128.234618199156927, -3.744735063044562 ], [ 128.234753844764811, -3.744695621561718 ], [ 128.234896676895005, -3.74475657657991 ], [ 128.235085323104641, -3.744780779306543 ], [ 128.235078136582359, -3.744713549508686 ], [ 128.235142815282842, -3.74469203597228 ], [ 128.235224561973695, -3.744688450382828 ], [ 128.235188629362341, -3.744567436730204 ], [ 128.235246121540513, -3.744450008651295 ], [ 128.235367394103861, -3.744321823783817 ], [ 128.235485073406068, -3.744193638897571 ], [ 128.235530887485595, -3.744062764798545 ], [ 128.23552100601745, -3.743934579874371 ], [ 128.235595566186021, -3.743710480311503 ], [ 128.235680906138015, -3.743589466523706 ], [ 128.235816551745955, -3.743546439395126 ], [ 128.235987231649915, -3.743443353557636 ], [ 128.236394168473595, -3.74333309651802 ], [ 128.236643900122601, -3.743361781277631 ], [ 128.236832546332266, -3.743361781277631 ], [ 128.237000531290391, -3.743414668800698 ], [ 128.237317636585686, -3.743383294846721 ], [ 128.237449688932458, -3.743276623394793 ], [ 128.237417349582216, -3.743194154700362 ], [ 128.237427231050333, -3.743191465503674 ], [ 128.237356264142903, -3.743057902057767 ], [ 128.237135278582997, -3.742886689825505 ], [ 128.236987954876412, -3.74278270751104 ], [ 128.236921479545401, -3.742598049232511 ], [ 128.236907106500837, -3.742330922139344 ], [ 128.236943937427526, -3.742152538565322 ], [ 128.237054430207451, -3.742042281363213 ], [ 128.237136176898304, -3.741915888943724 ], [ 128.23719546570706, -3.741767982897763 ], [ 128.237446095671316, -3.741426454296238 ], [ 128.237520655839887, -3.741204146893531 ], [ 128.237505384480073, -3.741004249463099 ], [ 128.237543113721983, -3.740582044426533 ], [ 128.237543113721983, -3.740426070539916 ], [ 128.237446993986595, -3.740278164242482 ], [ 128.237278110713191, -3.740166114000536 ], [ 128.236960107102618, -3.740025378876358 ], [ 128.236820868233565, -3.739876576109017 ], [ 128.236702290616051, -3.739624687029623 ], [ 128.236641205176767, -3.739376383489057 ], [ 128.236592696151405, -3.739180071253774 ], [ 128.23654059386493, -3.738942524426273 ], [ 128.236526220820394, -3.738918321538349 ], [ 128.236526220820394, -3.738876190583702 ], [ 128.23647501684917, -3.738668224990678 ], [ 128.236334879664867, -3.738445916888417 ], [ 128.236253132974014, -3.738297113852995 ], [ 128.236187555958253, -3.738038053086504 ], [ 128.236025859207132, -3.737415051967975 ], [ 128.235959383876093, -3.737036769058501 ], [ 128.235932434417577, -3.736949817750564 ], [ 128.23582733152935, -3.736606494460798 ], [ 128.235753669676058, -3.736347433194987 ], [ 128.235680007822737, -3.736184287306673 ], [ 128.235653058364221, -3.736129606535121 ], [ 128.235650363418358, -3.735962874981156 ], [ 128.23564946510308, -3.735711881184259 ], [ 128.235658448255919, -3.735620447711835 ], [ 128.23564138026552, -3.735589073478907 ], [ 128.235634193743266, -3.735589073478907 ], [ 128.23552100601745, -3.735589073478907 ], [ 128.235428479543174, -3.735596244732246 ], [ 128.235322478339668, -3.735638375844434 ], [ 128.235216477136134, -3.73566706085583 ], [ 128.235068255114243, -3.735702020712202 ], [ 128.234813133573567, -3.735631204591439 ], [ 128.234685572803244, -3.735566663311842 ], [ 128.234593944644246, -3.735559492058261 ], [ 128.234416976533282, -3.735559492058261 ], [ 128.23426875451139, -3.735573834565365 ], [ 128.234183414559396, -3.735530807043348 ], [ 128.234084599878145, -3.73551646453554 ], [ 128.233836664859723, -3.735502122027498 ], [ 128.233781867627414, -3.735511086095052 ], [ 128.233659696748759, -3.735530807043348 ], [ 128.23351866124915, -3.735565766905148 ], [ 128.233363252705004, -3.735665268042645 ], [ 128.233073096868225, -3.735721741656205 ], [ 128.232584413353663, -3.735806900272958 ], [ 128.232421818287236, -3.735814071524518 ], [ 128.232315817083702, -3.735813175118075 ], [ 128.232173883268814, -3.735792557769662 ], [ 128.231990626950846, -3.735735187754137 ], [ 128.231806472317629, -3.735663475229457 ], [ 128.231643877251202, -3.735663475229457 ], [ 128.23130431407381, -3.735692160240032 ], [ 128.231259398309589, -3.735678714141442 ], [ 128.23108512514446, -3.735627618964919 ], [ 128.230950377851855, -3.7355711453453 ], [ 128.230794969307709, -3.735528117823153 ], [ 128.230724900715529, -3.735506604061286 ], [ 128.230569492171384, -3.73539544961658 ], [ 128.230393422375698, -3.735252920912848 ], [ 128.230229030678714, -3.735092464042586 ], [ 128.230104164854225, -3.734955313733576 ], [ 128.230057452459448, -3.734842366404182 ], [ 128.230047570991303, -3.734818163403136 ], [ 128.230041282784327, -3.734658602861013 ], [ 128.230042181099606, -3.734521452484211 ], [ 128.23003589289263, -3.734269561867076 ], [ 128.230053859198307, -3.733932512387316 ], [ 128.230087995179105, -3.73357843101256 ], [ 128.230099673277806, -3.733390185160248 ], [ 128.230150877248974, -3.733070167118698 ], [ 128.230179623338103, -3.732875646291355 ], [ 128.230229030678714, -3.732708914119339 ], [ 128.230211962688315, -3.732505429113826 ], [ 128.230072723819291, -3.732086805628237 ], [ 128.230107758115366, -3.731616190122493 ], [ 128.230299099270866, -3.731372366370846 ], [ 128.230559610703239, -3.731059518884507 ], [ 128.230942293014294, -3.730762806695683 ], [ 128.230980920571511, -3.730715296879706 ], [ 128.231042904326102, -3.730639101886458 ], [ 128.23125490673317, -3.730380038859991 ], [ 128.231567520452046, -3.729996374445199 ], [ 128.231688793015394, -3.729595678020104 ], [ 128.231758861607545, -3.729177053148217 ], [ 128.231776827913222, -3.729049762462422 ], [ 128.231881032486172, -3.728759324490615 ], [ 128.231811862209327, -3.728322770938919 ], [ 128.231500146805757, -3.727904145460919 ], [ 128.231239635373356, -3.727607432207005 ], [ 128.231032124542708, -3.727276655077835 ], [ 128.23091085197936, -3.726823068893575 ], [ 128.230927919969758, -3.726666196146953 ], [ 128.231032124542708, -3.726404442701735 ], [ 128.231171363411733, -3.726213506064144 ], [ 128.23146690914021, -3.726021672968682 ], [ 128.231709454266934, -3.72589976032553 ], [ 128.232161306854834, -3.725882728410803 ], [ 128.232622142595602, -3.725917688656465 ], [ 128.232517039707346, -3.725851353830181 ], [ 128.232296054147469, -3.725605735646075 ], [ 128.232068780380587, -3.725434520010032 ], [ 128.231973558960448, -3.725375356484073 ], [ 128.231977152221589, -3.725311710868371 ], [ 128.231948406132489, -3.725181730371304 ], [ 128.231838811667842, -3.725042785680794 ], [ 128.231786709381339, -3.72492625140732 ], [ 128.231772336336803, -3.724893980375014 ], [ 128.231672623340273, -3.724778342499537 ], [ 128.231667233448576, -3.72463939774534 ], [ 128.23159087664942, -3.724618780134784 ], [ 128.231472299031907, -3.724557823718141 ], [ 128.231285449452827, -3.724519277746615 ], [ 128.231152498790777, -3.72429875890031 ], [ 128.23099798856191, -3.724134714356858 ], [ 128.2308569530623, -3.723900749135435 ], [ 128.230823715396781, -3.723727740330175 ], [ 128.230766223218581, -3.723578934802081 ], [ 128.230551525865678, -3.723344073013793 ], [ 128.230594644999343, -3.723089489935878 ], [ 128.230803054145241, -3.722899448998747 ], [ 128.230862342953998, -3.722807117773922 ], [ 128.230562305649102, -3.722269265786373 ], [ 128.230535356190586, -3.72220830920706 ], [ 128.230535356190586, -3.722207412786744 ], [ 128.230290116118027, -3.722174245234431 ], [ 128.22999457038955, -3.7221195635914 ], [ 128.229716092651472, -3.72206936404727 ], [ 128.229574158836584, -3.721981514838156 ], [ 128.229306460881901, -3.721811194917974 ], [ 128.22899564379361, -3.721619360863174 ], [ 128.228630029472981, -3.721382705709971 ], [ 128.228444078209151, -3.721212385674003 ], [ 128.228259025260627, -3.721003519479683 ], [ 128.227887122732994, -3.720564272815041 ], [ 128.227762256908505, -3.720295346177593 ], [ 128.227711052937337, -3.720255903597198 ], [ 128.227647272552133, -3.720207496791576 ], [ 128.227292438014928, -3.720102615370268 ], [ 128.227199911540652, -3.720075722696127 ], [ 128.226633972911657, -3.720018351655217 ], [ 128.226166848963913, -3.720017455232673 ] ] ] } },
{ "type": "Feature", "properties": { "FID": 6, "Provinsi": "MALUKU", "Kode_Prov": "81", "Kota_Kab": "KOTA AMBON", "Kode_Kab": "8171", "Kecamatan": "Leitimur Selatan", "Kode_Kec": "817150", "Kelurahan": "Hatalai", "Kode_Kel": "81715005", "Sumber": "Wilkerstat BPS Tahun 2019", "city": "ambon", "source_layer": "Wilayah Administrasi", "role": "admin" }, "geometry": { "type": "Polygon", "coordinates": [ [ [ 128.218015536075796, -3.713777435821265 ], [ 128.217944569168367, -3.713777435821265 ], [ 128.217845754487115, -3.713848253700466 ], [ 128.217761312850428, -3.713876042993283 ], [ 128.217634650395354, -3.713876042993283 ], [ 128.217507089625002, -3.713876042993283 ], [ 128.217394800214493, -3.713833910839315 ], [ 128.217338206351599, -3.713805225116313 ], [ 128.217253764714883, -3.713819567977929 ], [ 128.217186391068566, -3.713864389418983 ], [ 128.217124407313946, -3.713934310862478 ], [ 128.217088474702592, -3.71404008944596 ], [ 128.217057033667658, -3.71414138587419 ], [ 128.217027389263279, -3.71417365730021 ], [ 128.21695642235585, -3.714230132292908 ], [ 128.216884557133113, -3.714293778708919 ], [ 128.216855811044013, -3.7143637001184 ], [ 128.21686569251213, -3.71446768579405 ], [ 128.21689443860123, -3.714622767856526 ], [ 128.216904320069347, -3.714674760680619 ], [ 128.216901625123484, -3.714736614208741 ], [ 128.216871980719134, -3.71478233203109 ], [ 128.216814488540933, -3.714820878428483 ], [ 128.21675789467804, -3.714838806984837 ], [ 128.216385093835129, -3.714900660501462 ], [ 128.216193752679601, -3.714932931899718 ], [ 128.215743696722285, -3.715016299673085 ], [ 128.215033129332539, -3.715131042402044 ], [ 128.21436478276118, -3.715266402945929 ], [ 128.21381052223083, -3.715329152859892 ], [ 128.213424246658661, -3.715339909987551 ], [ 128.212912206946726, -3.715191999470735 ], [ 128.212159418738651, -3.71481370700584 ], [ 128.211501851950658, -3.714371767972984 ], [ 128.210937709952248, -3.71405622516097 ], [ 128.210332245450729, -3.713867078705372 ], [ 128.209882189493413, -3.713866182276577 ], [ 128.20891021235596, -3.714033814445598 ], [ 128.208178983714703, -3.714284814425252 ], [ 128.207875353148665, -3.71441031438831 ], [ 128.20730043136686, -3.714609321436003 ], [ 128.207070462654087, -3.714809224866657 ], [ 128.206881816444451, -3.71522875299541 ], [ 128.206850375409488, -3.715480649062348 ], [ 128.206871036661028, -3.715659038048464 ], [ 128.207090225590349, -3.716226476141326 ], [ 128.207309414519699, -3.716698892726929 ], [ 128.207695690091867, -3.717286947933476 ], [ 128.207768453629853, -3.717373901185315 ], [ 128.207896912715512, -3.718004087898571 ], [ 128.207950811632543, -3.71825956887023 ], [ 128.207942726794982, -3.71842092523524 ], [ 128.207888827877923, -3.718606485018491 ], [ 128.207804386241236, -3.718914854813447 ], [ 128.207673232209743, -3.719030493458745 ], [ 128.207542976493556, -3.719138064277959 ], [ 128.207180955434069, -3.719347827337669 ], [ 128.20650901560154, -3.719713567937755 ], [ 128.20566370091916, -3.719808588755096 ], [ 128.20504925326486, -3.719962773455773 ], [ 128.204769877211476, -3.720178811275877 ], [ 128.204626146766003, -3.720289967644006 ], [ 128.204491399473369, -3.720788378283547 ], [ 128.204508467463796, -3.720999037371966 ], [ 128.204603688883907, -3.721319059805646 ], [ 128.204619858559028, -3.72157543623727 ], [ 128.204731249654259, -3.72189545846155 ], [ 128.20512830500985, -3.722567773680028 ], [ 128.205373545082409, -3.722852835177715 ], [ 128.205431037260581, -3.722920066649571 ], [ 128.205940382026682, -3.723320766115354 ], [ 128.206306894662617, -3.723673058783618 ], [ 128.206519795384935, -3.723893577786669 ], [ 128.206942901883735, -3.724330133536285 ], [ 128.207532196710133, -3.724906530221051 ], [ 128.208121491536531, -3.725339499799737 ], [ 128.20850327553228, -3.725595875060611 ], [ 128.208746718974282, -3.726140896346015 ], [ 128.208788939792612, -3.726235916469764 ], [ 128.208895839311424, -3.726701156361479 ], [ 128.20905933269313, -3.726972770288549 ], [ 128.209202164823296, -3.727308926022743 ], [ 128.209504897074055, -3.727661217094297 ], [ 128.20987140970999, -3.728045778942593 ], [ 128.210316974090887, -3.72844557966018 ], [ 128.210395127520627, -3.728571077605789 ], [ 128.210777809831683, -3.729182431627494 ], [ 128.210801166029057, -3.72922635587368 ], [ 128.210952981312062, -3.729294483271586 ], [ 128.211797397679135, -3.729567889223222 ], [ 128.212354353155291, -3.729647669960297 ], [ 128.212976885647208, -3.729770478496468 ], [ 128.213007428366836, -3.729776753384717 ], [ 128.213517671448216, -3.730000856507086 ], [ 128.213947066154049, -3.730225855984458 ], [ 128.214424969885187, -3.730529739649306 ], [ 128.214806753880936, -3.73097884186423 ], [ 128.215013366396278, -3.73133113146498 ], [ 128.215283759296824, -3.731587504978753 ], [ 128.215570321872434, -3.731747066078923 ], [ 128.215825443413138, -3.731795472249648 ], [ 128.216032954243758, -3.731747962489516 ], [ 128.216351856169638, -3.7315077244178 ], [ 128.216622249070156, -3.731332027875998 ], [ 128.216813590225655, -3.731268382691471 ], [ 128.21716393318647, -3.731268382691471 ], [ 128.217451394077415, -3.73110882150436 ], [ 128.217658006592757, -3.730949260288273 ], [ 128.217960738843487, -3.730757428226078 ], [ 128.218279640769339, -3.730613105946073 ], [ 128.218567101660256, -3.730518086295365 ], [ 128.218901274945978, -3.730518086295365 ], [ 128.219283957257005, -3.730518086295365 ], [ 128.219601960867578, -3.730535118120304 ], [ 128.219904693118337, -3.730470576466158 ], [ 128.220159814659013, -3.730343285967697 ], [ 128.22033498613942, -3.730119182932646 ], [ 128.220797618510716, -3.729767789258634 ], [ 128.221005129341364, -3.729592092368943 ], [ 128.221100350761475, -3.729447769897567 ], [ 128.221200962073311, -3.729347371642634 ], [ 128.221306963276817, -3.729290897619195 ], [ 128.221527948836695, -3.72902555930177 ], [ 128.221668984336333, -3.728754842422398 ], [ 128.221770493963447, -3.728561217053568 ], [ 128.221991479523325, -3.727918488093013 ], [ 128.222808946431883, -3.726723566754677 ], [ 128.223250019236389, -3.726059322458006 ], [ 128.223308409729867, -3.725756333664901 ], [ 128.223161984338532, -3.725458723269505 ], [ 128.223151204555137, -3.725438105678144 ], [ 128.22307574607126, -3.72529378252509 ], [ 128.222966151606585, -3.725178144702147 ], [ 128.222808048116576, -3.725023960914584 ], [ 128.222722708164582, -3.724859020088682 ], [ 128.22266521598641, -3.72464029416318 ], [ 128.222625690113915, -3.724504038641126 ], [ 128.222516993964547, -3.724443082216536 ], [ 128.222275347153129, -3.724356129662389 ], [ 128.222064243061368, -3.724221666932878 ], [ 128.221754324288327, -3.724054036701323 ], [ 128.22156657639394, -3.723871167321401 ], [ 128.221412066165072, -3.723690987159912 ], [ 128.22120994522615, -3.723404133095385 ], [ 128.221170419353655, -3.723261602447316 ], [ 128.221146164840974, -3.723136103744381 ], [ 128.22118928397461, -3.722953234173794 ], [ 128.221264742458487, -3.722649347891622 ], [ 128.221282708764164, -3.72249426724113 ], [ 128.221366252085573, -3.722273747887626 ], [ 128.221382421760694, -3.722162591769806 ], [ 128.221462371820991, -3.7219178689771 ], [ 128.221483931387809, -3.721875737207391 ], [ 128.221535135358977, -3.721775338088475 ], [ 128.221557593241101, -3.721648046331967 ], [ 128.2215459151424, -3.721570057711498 ], [ 128.221488422964228, -3.721517168872999 ], [ 128.221344692518784, -3.72149117266308 ], [ 128.221172215984211, -3.721445455188605 ], [ 128.221156046309119, -3.721409598344219 ], [ 128.221096757500334, -3.72132712759659 ], [ 128.221052740051448, -3.721252724632866 ], [ 128.221028485538739, -3.721008898008913 ], [ 128.221086876032217, -3.720671843447038 ], [ 128.221082384455798, -3.720523933824656 ], [ 128.221156046309119, -3.720258592864099 ], [ 128.221210843541428, -3.720138472267846 ], [ 128.22122701321652, -3.720045244331108 ], [ 128.22122701321652, -3.719864166964263 ], [ 128.221269234034907, -3.719734185663143 ], [ 128.221374336923134, -3.719421334039088 ], [ 128.221397693120508, -3.719333484565945 ], [ 128.221403083012234, -3.719276113476718 ], [ 128.221389608282976, -3.719234878004028 ], [ 128.221364455455017, -3.719201710339813 ], [ 128.221320438006074, -3.719196331799552 ], [ 128.221284505394721, -3.719195435376172 ], [ 128.221193775551029, -3.719190953259259 ], [ 128.22112730021999, -3.719175714061583 ], [ 128.221034773745743, -3.719095035951849 ], [ 128.220988061350965, -3.719009875716895 ], [ 128.220970993360567, -3.718956986724731 ], [ 128.220952128739611, -3.71889513349258 ], [ 128.220970095045288, -3.718701505955179 ], [ 128.221001536080223, -3.718556285274218 ], [ 128.221032078799908, -3.718427200204393 ], [ 128.221058129943145, -3.718269429537827 ], [ 128.22106082488898, -3.718170822856887 ], [ 128.221053638366726, -3.718064148344178 ], [ 128.221016807440066, -3.717975402311165 ], [ 128.221004231026086, -3.717870520624271 ], [ 128.221009620917783, -3.717745917578325 ], [ 128.221041061952747, -3.717585457514805 ], [ 128.221059028258423, -3.717401690367084 ], [ 128.221053638366726, -3.717293222910701 ], [ 128.221043756898609, -3.717217923181068 ], [ 128.221031180484601, -3.717156069826917 ], [ 128.22098985798155, -3.717096905744975 ], [ 128.220922484335233, -3.717013538168227 ], [ 128.220863195526476, -3.71695616692804 ], [ 128.220796720195438, -3.716912242069748 ], [ 128.220707786982302, -3.716884452872557 ], [ 128.220636820074873, -3.71687011006076 ], [ 128.220549683492322, -3.716842320862241 ], [ 128.220474225008445, -3.716813635237044 ], [ 128.220443682288789, -3.716790328165886 ], [ 128.220414936199717, -3.716756263983853 ], [ 128.220411342938547, -3.716699789152847 ], [ 128.220446377234651, -3.716569807385207 ], [ 128.220467038486163, -3.716518711098892 ], [ 128.220461648594465, -3.71647209694037 ], [ 128.220421224406692, -3.71640665782906 ], [ 128.220387088425866, -3.716362732943403 ], [ 128.220343969292259, -3.716282951002635 ], [ 128.220313426572602, -3.716175379835121 ], [ 128.220299951843316, -3.716132351364443 ], [ 128.220264019231962, -3.716119801393433 ], [ 128.220186764117528, -3.716111733554832 ], [ 128.220116695525377, -3.716077669346594 ], [ 128.220094237643252, -3.71602657303177 ], [ 128.220091542697418, -3.715977269567292 ], [ 128.220112203948958, -3.715933344660253 ], [ 128.220172391072992, -3.715905555432223 ], [ 128.220271205754244, -3.715876869776563 ], [ 128.220328697932416, -3.715860734094845 ], [ 128.22036463054377, -3.715811430621099 ], [ 128.220361935597936, -3.715689516565096 ], [ 128.220361935597936, -3.715563120356896 ], [ 128.220375410327193, -3.715469891936406 ], [ 128.220468835116748, -3.715324670723328 ], [ 128.220525428979641, -3.715211720874409 ], [ 128.220525428979641, -3.715140006677115 ], [ 128.220488598052981, -3.715105046003822 ], [ 128.22043469913595, -3.715094288873298 ], [ 128.220380800218891, -3.715068292473994 ], [ 128.220344867607537, -3.714951756881489 ], [ 128.220329596247723, -3.71492307119482 ], [ 128.220303545104457, -3.714899764073715 ], [ 128.22025683270968, -3.714876456951994 ], [ 128.220190357378669, -3.71486390696312 ], [ 128.220116695525377, -3.714871078385355 ], [ 128.220046626933225, -3.714941896176802 ], [ 128.219975660025767, -3.715083531742644 ], [ 128.219876845344515, -3.715210824446979 ], [ 128.219735809844906, -3.715267299373303 ], [ 128.219608249074554, -3.715267299373303 ], [ 128.219504044501605, -3.715238613696892 ], [ 128.219424992756586, -3.715182138768732 ], [ 128.219385466884091, -3.715145385242115 ], [ 128.219367500578386, -3.715078153177269 ], [ 128.219354924164435, -3.714969685435184 ], [ 128.219327076390613, -3.714699860663569 ], [ 128.219228261709361, -3.714430932237677 ], [ 128.219030632346858, -3.71428840013873 ], [ 128.218899478315393, -3.714189793012779 ], [ 128.218717120312732, -3.714103735875674 ], [ 128.218565305029699, -3.714032918016972 ], [ 128.2182131654383, -3.713848253700466 ], [ 128.218015536075796, -3.713777435821265 ] ] ] } },
{ "type": "Feature", "properties": { "FID": 7, "Provinsi": "MALUKU", "Kode_Prov": "81", "Kota_Kab": "KOTA AMBON", "Kode_Kab": "8171", "Kecamatan": "Nusaniwe", "Kode_Kec": "817110", "Kelurahan": "Amahusu", "Kode_Kel": "81711004", "Sumber": "Wilkerstat BPS Tahun 2019", "city": "ambon", "source_layer": "Wilayah Administrasi", "role": "admin" }, "geometry": { "type": "Polygon", "coordinates": [ [ [ 128.150797298311005, -3.713267367637433 ], [ 128.150774840428909, -3.713258403343341 ], [ 128.150685907215774, -3.713399142750066 ], [ 128.150623025145876, -3.713460099938373 ], [ 128.150583499273381, -3.713446653500138 ], [ 128.150528702041044, -3.713497749964341 ], [ 128.150517023942342, -3.713560500004054 ], [ 128.150490074483827, -3.713614285748829 ], [ 128.150486481222714, -3.713679725067219 ], [ 128.150484684592129, -3.713704825078465 ], [ 128.150481091330988, -3.713763989387864 ], [ 128.150498159321387, -3.713876042993283 ], [ 128.150444260404356, -3.713906521571497 ], [ 128.15038048001918, -3.713929828718832 ], [ 128.150377785073317, -3.713930725147562 ], [ 128.150292445121323, -3.713903832285226 ], [ 128.150208901799886, -3.713891282282521 ], [ 128.15018195234137, -3.713953135865552 ], [ 128.150217884952724, -3.714022160873381 ], [ 128.150256512509969, -3.714048157303502 ], [ 128.150252919248828, -3.714073257304271 ], [ 128.150205308538744, -3.714054432303761 ], [ 128.150151409621714, -3.714120768018059 ], [ 128.150086730921259, -3.714177243014141 ], [ 128.150069662930861, -3.714262403715684 ], [ 128.150033730319507, -3.714302742992496 ], [ 128.150011272437382, -3.7143637001184 ], [ 128.149969051619053, -3.714473064363148 ], [ 128.149946593736956, -3.714552846467569 ], [ 128.149895389765732, -3.714668485684771 ], [ 128.149858558839099, -3.714790399881847 ], [ 128.149805558237318, -3.714881835518599 ], [ 128.149761540788404, -3.71493113904429 ], [ 128.149703150294926, -3.714989406843828 ], [ 128.149628590126383, -3.715140903104618 ], [ 128.149583674362162, -3.71529150291205 ], [ 128.149575589524602, -3.715382042069622 ], [ 128.149529775445131, -3.715509334730892 ], [ 128.149474978212794, -3.715653659486595 ], [ 128.149471384951653, -3.715708341530727 ], [ 128.14949743609489, -3.715752266448967 ], [ 128.149501927671309, -3.715828462730523 ], [ 128.14945611359181, -3.715898384018396 ], [ 128.149391434891356, -3.715964719594075 ], [ 128.14928273874196, -3.71602209089875 ], [ 128.149241416238908, -3.716105458569203 ], [ 128.149236924662489, -3.71620227262823 ], [ 128.149226144879094, -3.716245301095499 ], [ 128.14917853416901, -3.716309843792464 ], [ 128.14917044933145, -3.71640307212419 ], [ 128.149124635251979, -3.716496300446063 ], [ 128.149073431280755, -3.716598493018334 ], [ 128.149069838019614, -3.716672896374907 ], [ 128.149068041389057, -3.71675447113213 ], [ 128.149064448127916, -3.716853077971449 ], [ 128.149045583506961, -3.716905967089814 ], [ 128.149013244156748, -3.717026984552106 ], [ 128.149027617201284, -3.717167723357741 ], [ 128.149024023940143, -3.717266330150856 ], [ 128.149013244156748, -3.717357765530982 ], [ 128.148969226707806, -3.717452786602245 ], [ 128.148972819968947, -3.717566632589238 ], [ 128.148919819367194, -3.717710060583424 ], [ 128.148923412628335, -3.717784463846218 ], [ 128.148925209258891, -3.717909963311403 ], [ 128.148927005889476, -3.717955680969283 ], [ 128.148913531160218, -3.71802739493765 ], [ 128.148908141268492, -3.718122415936753 ], [ 128.148961141870245, -3.718251501051205 ], [ 128.148953955347991, -3.718348314874639 ], [ 128.148892869908678, -3.718488157045276 ], [ 128.148874005287695, -3.718581385146712 ], [ 128.148875801918251, -3.718636067009312 ], [ 128.148836276045756, -3.718668338270894 ], [ 128.148746444517343, -3.718746327148175 ], [ 128.148767105768883, -3.71886196581558 ], [ 128.148744647886787, -3.718968640231751 ], [ 128.148691647285034, -3.719111171574387 ], [ 128.14867278266405, -3.719233981580687 ], [ 128.14872219000469, -3.719269838513606 ], [ 128.148729376526973, -3.719303006175258 ], [ 128.14873476641867, -3.719330795296221 ], [ 128.148721291689412, -3.719337070258897 ], [ 128.148649426466676, -3.719368445071612 ], [ 128.148552408415981, -3.719412369807536 ], [ 128.14851467917407, -3.719560279616489 ], [ 128.148537137056167, -3.719660678987816 ], [ 128.148609900594181, -3.719699225171984 ], [ 128.148596425864923, -3.71976735330732 ], [ 128.148538933686723, -3.719860581273456 ], [ 128.148468865094571, -3.719940362890489 ], [ 128.148337711063078, -3.720019248077759 ], [ 128.148244286273524, -3.720122336664116 ], [ 128.148151759799276, -3.72014295437994 ], [ 128.148141878331131, -3.72025321433029 ], [ 128.148140081700575, -3.720358992155869 ], [ 128.148087081098822, -3.720433395195068 ], [ 128.147925384347673, -3.720501523273644 ], [ 128.147813094937163, -3.72060371538163 ], [ 128.147746619606124, -3.720706803899608 ], [ 128.147777162325809, -3.720873538346633 ], [ 128.147769077488249, -3.7209084987912 ], [ 128.147748416236681, -3.720997244528873 ], [ 128.147699008896069, -3.721160393235412 ], [ 128.147625347042776, -3.721233899785628 ], [ 128.147569651495161, -3.721289477904889 ], [ 128.147487904804308, -3.721449937294051 ], [ 128.147476226705635, -3.72151447960994 ], [ 128.147442090724809, -3.72157364339535 ], [ 128.147360344033984, -3.721622946546823 ], [ 128.147330699629578, -3.721656114119898 ], [ 128.147288478811248, -3.721702728004271 ], [ 128.147246257992862, -3.721814780600843 ], [ 128.14715103657278, -3.721894562040915 ], [ 128.147145646681054, -3.721994961146241 ], [ 128.14715103657278, -3.722047849956052 ], [ 128.147090849448745, -3.722133009897379 ], [ 128.146944424057409, -3.722193966481903 ], [ 128.146791710459098, -3.722210998468001 ], [ 128.146795303720239, -3.722288987031718 ], [ 128.14677823572984, -3.722345461504581 ], [ 128.146628217077392, -3.722410003754846 ], [ 128.146498859676484, -3.722548948860894 ], [ 128.146435977606615, -3.72251488490144 ], [ 128.146320094934936, -3.722537295401229 ], [ 128.146301230313981, -3.72262873023446 ], [ 128.146253619603925, -3.72267803332687 ], [ 128.146181754381189, -3.722761400367755 ], [ 128.14614761840042, -3.722883313445593 ], [ 128.146101804320921, -3.723017776379514 ], [ 128.146108990843175, -3.723084111419352 ], [ 128.146100906005614, -3.723109211162853 ], [ 128.146090126222219, -3.723140585841222 ], [ 128.146071261601264, -3.723169271260468 ], [ 128.145996701432665, -3.723189888904972 ], [ 128.14588710696799, -3.723112796840437 ], [ 128.14569666412774, -3.723406822352674 ], [ 128.145674206245644, -3.723415786543578 ], [ 128.145647256787129, -3.723459711077688 ], [ 128.145484661720701, -3.723337798079657 ], [ 128.14550891623341, -3.723312698342674 ], [ 128.145465797099746, -3.723279530831991 ], [ 128.145534967376619, -3.723166582002452 ], [ 128.145491848242983, -3.723140585841222 ], [ 128.145280744151222, -3.72346777884902 ], [ 128.145319371708439, -3.723499153514612 ], [ 128.145398423453429, -3.723384411875016 ], [ 128.145440644271787, -3.723408615190863 ], [ 128.145462203838605, -3.723379929779415 ], [ 128.145623002274476, -3.723488396486535 ], [ 128.145623002274476, -3.723520667570372 ], [ 128.145622103959198, -3.723539492368729 ], [ 128.145542153898901, -3.723654233988115 ], [ 128.145541255583623, -3.723716086886112 ], [ 128.145499034765237, -3.723754632892809 ], [ 128.145390338615869, -3.723680230134179 ], [ 128.145397525138151, -3.723662301757666 ], [ 128.145365185787938, -3.72363540919221 ], [ 128.145301405402762, -3.723708019117054 ], [ 128.145331948122418, -3.723730429586476 ], [ 128.145350812743374, -3.723716983304892 ], [ 128.145460407208049, -3.723795868153921 ], [ 128.145327456545999, -3.723907920484141 ], [ 128.145259184584404, -3.723966187690219 ], [ 128.145010351250733, -3.724086307764424 ], [ 128.14496633380179, -3.724106925387454 ], [ 128.144957350648951, -3.724097064785195 ], [ 128.144859434282978, -3.723985012479051 ], [ 128.14482529830218, -3.724015490707734 ], [ 128.144787569060242, -3.723967084108744 ], [ 128.144774094330984, -3.723976048293942 ], [ 128.144809128627088, -3.724028040566297 ], [ 128.144735466773767, -3.724091686274825 ], [ 128.144748941503025, -3.724123957336548 ], [ 128.144648330191188, -3.724226149024192 ], [ 128.144564786869779, -3.724131128683435 ], [ 128.144554007086356, -3.724138300030266 ], [ 128.144612397579834, -3.72421090991363 ], [ 128.144571075076755, -3.724230631115484 ], [ 128.144551312140493, -3.724279934118188 ], [ 128.144503701430466, -3.724352543989867 ], [ 128.144477650287229, -3.724382125787725 ], [ 128.144463277242664, -3.724374954442881 ], [ 128.14441117495619, -3.724441289380454 ], [ 128.144329428265337, -3.724357026080516 ], [ 128.14431954679722, -3.724365093843625 ], [ 128.144366259191969, -3.724426946691673 ], [ 128.144297987230402, -3.724584716255415 ], [ 128.144179409612917, -3.724905633803484 ], [ 128.14404196737442, -3.725090295803241 ], [ 128.143987170142111, -3.725299161028114 ], [ 128.143925186387492, -3.725434520010032 ], [ 128.143820981814542, -3.725640695902743 ], [ 128.143803015508865, -3.725718684162611 ], [ 128.143785049203188, -3.725802050915514 ], [ 128.143770676158653, -3.725875557078189 ], [ 128.143731150286129, -3.726015398053638 ], [ 128.143715878926287, -3.726067390205509 ], [ 128.143687132837215, -3.726166892418627 ], [ 128.143616165929757, -3.726387410796779 ], [ 128.143554182175137, -3.726580140228351 ], [ 128.143387993847568, -3.726842790036883 ], [ 128.14323797519512, -3.726992491428502 ], [ 128.143211924051883, -3.72696470254935 ], [ 128.143205635844907, -3.726970977457622 ], [ 128.143236178564564, -3.727011316152591 ], [ 128.143174194809973, -3.727072272399256 ], [ 128.143148143666735, -3.727070479568532 ], [ 128.143114906001216, -3.727031933707083 ], [ 128.143106821163656, -3.727036415784082 ], [ 128.143119397577635, -3.727061515414858 ], [ 128.142993633437868, -3.727169981668186 ], [ 128.142982853654445, -3.727153846193332 ], [ 128.142979260393304, -3.727155639023885 ], [ 128.142990040176727, -3.727182531481757 ], [ 128.142910988431709, -3.727253348283555 ], [ 128.142821156903295, -3.727289204889885 ], [ 128.142782529346107, -3.727353746777595 ], [ 128.142734020320745, -3.727390499794869 ], [ 128.142685511295412, -3.727356436022814 ], [ 128.142617239333816, -3.727329543570259 ], [ 128.142503153292722, -3.727368985833723 ], [ 128.142443864483994, -3.727473866389335 ], [ 128.142389067251628, -3.727616396355115 ], [ 128.142338761595738, -3.727628049747522 ], [ 128.14220581093366, -3.727732033857549 ], [ 128.142224675554644, -3.727822571736438 ], [ 128.142124962558114, -3.727877253025113 ], [ 128.141980333797363, -3.728045778942593 ], [ 128.141948892762429, -3.728065500058485 ], [ 128.141915655096909, -3.728086117588264 ], [ 128.141825823568524, -3.728142591689092 ], [ 128.141684788068886, -3.728237611596588 ], [ 128.141642567250557, -3.728266296849663 ], [ 128.141497938489806, -3.728407930273003 ], [ 128.141321868694121, -3.728501157324016 ], [ 128.141267071461783, -3.728476954148261 ], [ 128.141212274229446, -3.728484125459666 ], [ 128.141179036563926, -3.728579145330251 ], [ 128.141151188790104, -3.728681336500363 ], [ 128.141093696611932, -3.728740499803947 ], [ 128.141050577478296, -3.72870912532527 ], [ 128.141010153290523, -3.728737810562962 ], [ 128.140989492038983, -3.728809523653095 ], [ 128.140905948717574, -3.72887047977511 ], [ 128.140843964962954, -3.728989702766245 ], [ 128.14072089576905, -3.729229045113171 ], [ 128.140649030546314, -3.7293760568595 ], [ 128.140622979403076, -3.72945404478812 ], [ 128.140516079884264, -3.729639602245641 ], [ 128.140446909607391, -3.729867291053033 ], [ 128.140383129222215, -3.730068087432654 ], [ 128.140340010088579, -3.730111115222319 ], [ 128.140295094324387, -3.730135318353079 ], [ 128.140221432471066, -3.730184621024789 ], [ 128.140231313939182, -3.730343285967697 ], [ 128.140257365082419, -3.730483126232613 ], [ 128.140192686381994, -3.73054318582674 ], [ 128.1400786003409, -3.730642687533348 ], [ 128.139981582290204, -3.73080404162822 ], [ 128.139900733914629, -3.730899061248006 ], [ 128.139795631026402, -3.730974359807331 ], [ 128.139665375310216, -3.731059518884507 ], [ 128.139551289269093, -3.73119487697966 ], [ 128.139379711049855, -3.731285414501866 ], [ 128.139220709244569, -3.731344577630149 ], [ 128.139021283251481, -3.731451250533196 ], [ 128.139007808522223, -3.731524756223556 ], [ 128.138904502264523, -3.731591987032524 ], [ 128.138891925850572, -3.731569576763439 ], [ 128.13876436508022, -3.731677146049832 ], [ 128.138697889749182, -3.731583022924959 ], [ 128.138684415019924, -3.731591987032524 ], [ 128.138696991433903, -3.73162515422972 ], [ 128.138668245344832, -3.731651150140161 ], [ 128.138682618389367, -3.731679835281823 ], [ 128.138718551000721, -3.731656528604294 ], [ 128.138737415621705, -3.731706727601281 ], [ 128.138539786259201, -3.731873459963542 ], [ 128.138439174947393, -3.731994475367943 ], [ 128.138246935476587, -3.732197960491832 ], [ 128.138091526932413, -3.732332422001574 ], [ 128.137928033550708, -3.732410409667793 ], [ 128.137720522720088, -3.732565488569697 ], [ 128.137570504067611, -3.732791383799777 ], [ 128.137577690589893, -3.732933912903145 ], [ 128.137446536558429, -3.733064788663222 ], [ 128.137387247749643, -3.733087198894157 ], [ 128.137323467364496, -3.733088991712607 ], [ 128.13726777181688, -3.733095266577152 ], [ 128.137211177953986, -3.73315353317437 ], [ 128.137129431263133, -3.733241381267481 ], [ 128.137092600336473, -3.733282616083664 ], [ 128.137032413212438, -3.7332924765829 ], [ 128.136967734511984, -3.733267377130083 ], [ 128.136877902983571, -3.733294269400931 ], [ 128.136864428254313, -3.733360603665501 ], [ 128.136780884932875, -3.73339914924937 ], [ 128.136737765799239, -3.733416181018446 ], [ 128.136615594920613, -3.733501339858874 ], [ 128.136577865678674, -3.733664486245889 ], [ 128.136588645462098, -3.733817772109364 ], [ 128.136583255570372, -3.733892174010058 ], [ 128.136460186376439, -3.734007810686574 ], [ 128.136157454125708, -3.73451248840655 ], [ 128.136094572055839, -3.73463977830076 ], [ 128.135995757374587, -3.734747347211056 ], [ 128.135881671333493, -3.735004616134707 ], [ 128.135810704426035, -3.735298637669398 ], [ 128.135719974582344, -3.735450130433881 ], [ 128.135686736916824, -3.735644650690757 ], [ 128.135629244738624, -3.735820346369584 ], [ 128.13554390478663, -3.736118849661628 ], [ 128.135491802500184, -3.736327712265044 ], [ 128.135387597927206, -3.736550917309872 ], [ 128.13521601970794, -3.736644143496522 ], [ 128.135138764593506, -3.736721234374154 ], [ 128.135058814533238, -3.73682521740767 ], [ 128.134998627409203, -3.736955196182232 ], [ 128.13490071104323, -3.736982088340082 ], [ 128.134811777830095, -3.737014358928413 ], [ 128.134737217661524, -3.737124616762922 ], [ 128.134791116578555, -3.737216050078588 ], [ 128.134761472174205, -3.73732003305345 ], [ 128.134663555808231, -3.737417741182387 ], [ 128.134565639442258, -3.737450908159461 ], [ 128.134568334388092, -3.737574612008834 ], [ 128.13448209612082, -3.737782577861211 ], [ 128.134479401174957, -3.737945723452267 ], [ 128.134366213449169, -3.738073012848388 ], [ 128.134273686974893, -3.738277392966888 ], [ 128.134202720067435, -3.738351794489428 ], [ 128.134164092510247, -3.738479083826605 ], [ 128.134191041968762, -3.738585755862544 ], [ 128.134134448105868, -3.73879909989549 ], [ 128.134012277227214, -3.738995412216079 ], [ 128.133973649669997, -3.739057264034008 ], [ 128.133961971571324, -3.739083259724298 ], [ 128.133929632221111, -3.739152282760296 ], [ 128.133848783845536, -3.739244612267484 ], [ 128.133813749549461, -3.739327081333645 ], [ 128.133721223075185, -3.73945437052923 ], [ 128.133664629212291, -3.73947229858346 ], [ 128.133608933664675, -3.739549389212478 ], [ 128.133516407190399, -3.739739426548074 ], [ 128.133502034145863, -3.739941117071448 ], [ 128.133471491426178, -3.740228862137791 ], [ 128.133364591907366, -3.740560530788651 ], [ 128.133296319945799, -3.740714711848474 ], [ 128.133195708633963, -3.740960325806355 ], [ 128.133091504061014, -3.741233728123758 ], [ 128.133041198405095, -3.741456035518959 ], [ 128.133008859054883, -3.741464999525647 ], [ 128.1329729264435, -3.741633522834311 ], [ 128.132928010679308, -3.741778739701947 ], [ 128.13279416170198, -3.74201897496099 ], [ 128.132639651473085, -3.742125646566086 ], [ 128.132506700811064, -3.742306719344998 ], [ 128.13242944569663, -3.74240442691807 ], [ 128.132300986611, -3.742484206488002 ], [ 128.132203070245026, -3.742603427629525 ], [ 128.13215276458908, -3.742783603910355 ], [ 128.132084492627513, -3.74289386101915 ], [ 128.131965915009999, -3.74307493363925 ], [ 128.131929982398617, -3.743229114256558 ], [ 128.131888659895566, -3.743352817290353 ], [ 128.131757505864101, -3.743454110341246 ], [ 128.131702708631764, -3.743494448278605 ], [ 128.131930880713924, -3.743819840905348 ], [ 128.132055746538384, -3.744016152101017 ], [ 128.132376445094849, -3.744141647819478 ], [ 128.132860637032991, -3.744239355187825 ], [ 128.132879501653946, -3.744277003895654 ], [ 128.132911841004187, -3.744501999711074 ], [ 128.132983706226895, -3.74456116194776 ], [ 128.133165165914278, -3.744663351256251 ], [ 128.133260387334417, -3.744698310753787 ], [ 128.133325066034871, -3.744713549508686 ], [ 128.133400524518748, -3.744748509004215 ], [ 128.133456220066364, -3.744783468498351 ], [ 128.133536170126661, -3.744875797412044 ], [ 128.133568509476873, -3.744960058742255 ], [ 128.13362779828563, -3.745048802049346 ], [ 128.133705951715342, -3.745118721012234 ], [ 128.13382632596344, -3.745172504826038 ], [ 128.133935022112809, -3.745253180540547 ], [ 128.133979937877001, -3.745318617503522 ], [ 128.134008683966073, -3.74540467158437 ], [ 128.134061684567854, -3.745452180604546 ], [ 128.134153312726824, -3.745462937363473 ], [ 128.134247635831656, -3.745417221137119 ], [ 128.134323992630812, -3.745356266164933 ], [ 128.134415620789781, -3.745286347221023 ], [ 128.134481197805542, -3.745251387746972 ], [ 128.134551266397722, -3.745240630985445 ], [ 128.134636606349716, -3.745276486856688 ], [ 128.134733624400383, -3.745323099487107 ], [ 128.134818964352377, -3.745370608511712 ], [ 128.134935745339305, -3.745383158064951 ], [ 128.135066899370798, -3.745357162561614 ], [ 128.135175595520167, -3.745315928313359 ], [ 128.135287884930676, -3.745220910255636 ], [ 128.135382208035509, -3.74514740571334 ], [ 128.135474734509785, -3.745110653439878 ], [ 128.135560972777057, -3.745102585867446 ], [ 128.135691228493243, -3.7451142390276 ], [ 128.135921197205988, -3.745100793073564 ], [ 128.136082893957138, -3.74512499579068 ], [ 128.136209556412183, -3.745164437254177 ], [ 128.136311964354576, -3.745207464303238 ], [ 128.136438626809621, -3.7451993967317 ], [ 128.136550017904852, -3.745142027331954 ], [ 128.136662307315362, -3.745004878595446 ], [ 128.136735969168683, -3.744941234403231 ], [ 128.136803342815, -3.744909860503957 ], [ 128.136918327171372, -3.744891932561009 ], [ 128.137051277833422, -3.744881175795066 ], [ 128.137182431864886, -3.744852491085235 ], [ 128.137256093718179, -3.744840837921596 ], [ 128.137311789265823, -3.744847112702036 ], [ 128.137384552803809, -3.74483277034668 ], [ 128.137468994440525, -3.744804085635262 ], [ 128.137571402382889, -3.744761058566374 ], [ 128.137673810325282, -3.74474223422307 ], [ 128.137817540770754, -3.74475030179882 ], [ 128.137945999856385, -3.744767333347385 ], [ 128.138059187582201, -3.744781675703813 ], [ 128.138167883731569, -3.744781675703813 ], [ 128.138264003466986, -3.744759265771791 ], [ 128.138396954129007, -3.744751198196123 ], [ 128.138634109364034, -3.744792432470981 ], [ 128.138888332589431, -3.744889243369536 ], [ 128.138960197812168, -3.744933166829238 ], [ 128.139047334394746, -3.744976193889668 ], [ 128.139179386741489, -3.744988743448562 ], [ 128.139315032349401, -3.744953783962625 ], [ 128.139430016705745, -3.744893725355321 ], [ 128.139529729702275, -3.744858765865591 ], [ 128.139654595526764, -3.744848905496439 ], [ 128.139749816946875, -3.744874004617696 ], [ 128.13988007266309, -3.744914342489637 ], [ 128.139964514299805, -3.744985157860325 ], [ 128.14005434582819, -3.745099896676621 ], [ 128.140134295888487, -3.745240630985445 ], [ 128.140264551604702, -3.745392122031439 ], [ 128.140393909005638, -3.745502378811742 ], [ 128.140514283253708, -3.745627874317135 ], [ 128.140583453530581, -3.745758748182161 ], [ 128.140693946310535, -3.745859144558506 ], [ 128.140798150883484, -3.745974779656274 ], [ 128.140888880727175, -3.746050076921024 ], [ 128.141018238128083, -3.746120892199818 ], [ 128.141103578080077, -3.746171090368656 ], [ 128.141138612376153, -3.746261626344459 ], [ 128.141228443904566, -3.746392500114707 ], [ 128.141267969777061, -3.746487518045224 ], [ 128.141363191197172, -3.746578053988287 ], [ 128.141412598537812, -3.746663211549945 ], [ 128.141427869897655, -3.74675912584631 ], [ 128.141412598537812, -3.746859522107875 ], [ 128.141382055818127, -3.746964400333101 ], [ 128.141417090114231, -3.747114994685795 ], [ 128.141522193002487, -3.747201048589983 ], [ 128.141672211654907, -3.747316683510403 ], [ 128.141867146071576, -3.747477138142101 ], [ 128.142036927660286, -3.747613390096749 ], [ 128.142256116589579, -3.747814182412282 ], [ 128.142321693605339, -3.747954916284532 ], [ 128.142425898178288, -3.748060690772338 ], [ 128.142595679766998, -3.748211284936294 ], [ 128.142755579887591, -3.748317059393094 ], [ 128.142890327180197, -3.748437176133608 ], [ 128.143135567252727, -3.748548328923566 ], [ 128.143300857265018, -3.748598526953109 ], [ 128.143370027541891, -3.748683684318066 ], [ 128.143500283258106, -3.748794837076691 ], [ 128.14359011478652, -3.748945431114225 ], [ 128.143740133438968, -3.749116642161108 ], [ 128.143919796495794, -3.749302195456784 ], [ 128.144059933680097, -3.749413348136784 ], [ 128.144244088313343, -3.749498505422385 ], [ 128.144354581093296, -3.74956394206779 ], [ 128.144413869902053, -3.749654477692398 ], [ 128.144464175557943, -3.74978983291566 ], [ 128.144579159914315, -3.75001124174562 ], [ 128.144713907206949, -3.750177074233354 ], [ 128.144838773031438, -3.750257749486281 ], [ 128.144993283260305, -3.750327668032795 ], [ 128.14515318338087, -3.750288226802116 ], [ 128.145253794692707, -3.750207551552001 ], [ 128.145333744753003, -3.750087435054701 ], [ 128.145499034765237, -3.74977549064134 ], [ 128.145709240541748, -3.749419622884427 ], [ 128.145834106366237, -3.749083475625848 ], [ 128.145944599146191, -3.748701612183316 ], [ 128.146000294693806, -3.748410284327464 ], [ 128.146005684585504, -3.74820949214878 ], [ 128.1460856346458, -3.748029316984916 ], [ 128.14615570323798, -3.747898443459533 ], [ 128.146210500470289, -3.747848245389808 ], [ 128.146320993250214, -3.747813286018119 ], [ 128.146455740542848, -3.747843763419157 ], [ 128.14667043789575, -3.74789933985361 ], [ 128.146876152095814, -3.74784197063089 ], [ 128.146979458353485, -3.747712889866011 ], [ 128.14713486689763, -3.747518372288511 ], [ 128.147160918040896, -3.747219872880395 ], [ 128.147160918040896, -3.746960814752959 ], [ 128.147186969184133, -3.746701756548812 ], [ 128.147264224298567, -3.746390707323466 ], [ 128.147329801314299, -3.746041112961274 ], [ 128.147484311543167, -3.745768608541063 ], [ 128.147639720087312, -3.745535545482773 ], [ 128.147807705045437, -3.74526393730192 ], [ 128.147923587717088, -3.74484980189364 ], [ 128.148058335009722, -3.744555783562771 ], [ 128.148209251977477, -3.743983881770506 ], [ 128.148224523337291, -3.743762471415198 ], [ 128.148273930677902, -3.743521340235812 ], [ 128.148434729113774, -3.743325925327972 ], [ 128.148534442110304, -3.743079415634322 ], [ 128.148609900594181, -3.74292433859149 ], [ 128.148744647886787, -3.742823941878597 ], [ 128.14899976942749, -3.742744162339611 ], [ 128.149180330799567, -3.742738783943463 ], [ 128.149439943916718, -3.742653626000048 ], [ 128.149640268225056, -3.742684103580747 ], [ 128.149864847046075, -3.74270472076709 ], [ 128.150114578695053, -3.742719959556684 ], [ 128.150309513111722, -3.742729819949809 ], [ 128.150619431884735, -3.742665279192793 ], [ 128.150934740549474, -3.742584603239837 ], [ 128.151244659322487, -3.742460003697892 ], [ 128.151509662331307, -3.74231926894215 ], [ 128.151794428276389, -3.742294169747667 ], [ 128.152169924065134, -3.742335404138224 ], [ 128.152534640070485, -3.742365881729996 ], [ 128.15285983020334, -3.742446557703097 ], [ 128.153056561250565, -3.742468967694307 ], [ 128.15314998604012, -3.742427733310039 ], [ 128.153751857280469, -3.741607527219664 ], [ 128.154286354874529, -3.740230654941646 ], [ 128.154693291698209, -3.739057264034008 ], [ 128.154897209267716, -3.738522111204007 ], [ 128.155202636464338, -3.738012057365226 ], [ 128.155609573288018, -3.737655288422938 ], [ 128.156040764624407, -3.737247424253336 ], [ 128.156447701448116, -3.736814460542706 ], [ 128.156803434300627, -3.736279306344215 ], [ 128.15695614789891, -3.73592164029088 ], [ 128.157160065468418, -3.735437580738409 ], [ 128.157871531173441, -3.734698941203053 ], [ 128.15827846799715, -3.734213984568153 ], [ 128.158710557648817, -3.73375591992206 ], [ 128.159219004099612, -3.733501339858874 ], [ 128.159625042608042, -3.733271859175282 ], [ 128.159905316976705, -3.732710706938561 ], [ 128.160438916255458, -3.732353935841223 ], [ 128.160817106990095, -3.732164793316264 ], [ 128.160896158735056, -3.732125351268011 ], [ 128.16094376944514, -3.732014196395228 ], [ 128.162572415055251, -3.731733619919914 ], [ 128.163408746584764, -3.73052884323747 ], [ 128.163507561266016, -3.730256333996883 ], [ 128.16377975079709, -3.729504243910928 ], [ 128.163796818787489, -3.728459025869495 ], [ 128.163936057656514, -3.728225061798072 ], [ 128.164371740569322, -3.727390499794869 ], [ 128.165589856094584, -3.725296471776606 ], [ 128.16580275681693, -3.724976450788554 ], [ 128.166026437322671, -3.724815992042059 ], [ 128.166229456576872, -3.724677047293805 ], [ 128.166453137082669, -3.724623262224077 ], [ 128.166425289308819, -3.724453839232947 ], [ 128.166412712894839, -3.724374954442881 ], [ 128.166327372942845, -3.724262005753887 ], [ 128.166224965000453, -3.724088100601228 ], [ 128.166140523363765, -3.723919573925666 ], [ 128.166075844663311, -3.723793178897821 ], [ 128.16601026764755, -3.723723258236323 ], [ 128.165968945144499, -3.723615687977021 ], [ 128.165908758020436, -3.723423854315314 ], [ 128.165834197851893, -3.723315387600242 ], [ 128.165727298333081, -3.723184510389061 ], [ 128.165517092556598, -3.723085904258198 ], [ 128.165391328416803, -3.72299715873098 ], [ 128.165228733350403, -3.722894070481062 ], [ 128.165065239968669, -3.722776639503408 ], [ 128.164972713494393, -3.722669069128454 ], [ 128.16491162805508, -3.722580323559226 ], [ 128.164837966201787, -3.722509506381406 ], [ 128.164738253205257, -3.721241071156052 ], [ 128.164720286899581, -3.72101338011658 ], [ 128.164759812772076, -3.720899534574777 ], [ 128.164868508921444, -3.720595647584064 ], [ 128.165207173783557, -3.720141161535105 ], [ 128.165178427694457, -3.719804106641301 ], [ 128.165171241172203, -3.719720739320553 ], [ 128.165117342255172, -3.718567042362517 ], [ 128.16557458473477, -3.718378793298335 ], [ 128.165712925288517, -3.71821205837935 ], [ 128.165778502304249, -3.718094626777698 ], [ 128.165842282689454, -3.718053391249743 ], [ 128.16608033623973, -3.71793595962696 ], [ 128.166083031185565, -3.717935063202298 ], [ 128.16637857691407, -3.717885759844508 ], [ 128.166813361511572, -3.717797013793541 ], [ 128.167014584135217, -3.717762949650394 ], [ 128.167148433112516, -3.71765089653865 ], [ 128.167249044424352, -3.717572907564472 ], [ 128.167316418070669, -3.717426790272445 ], [ 128.167355045627886, -3.717165930506855 ], [ 128.167659574509202, -3.717099595021514 ], [ 128.16803327366739, -3.71685397439721 ], [ 128.168268632271833, -3.71659670016629 ], [ 128.168177004112835, -3.716499886150554 ], [ 128.16798745958792, -3.716269504607415 ], [ 128.168014409046435, -3.716194204790383 ], [ 128.168007222524182, -3.71589031617777 ], [ 128.167956018552957, -3.715706548676874 ], [ 128.167867983655128, -3.715572084627577 ], [ 128.167760185821038, -3.715424174149681 ], [ 128.16763891325769, -3.7153183957321 ], [ 128.167592200862913, -3.715278056501717 ], [ 128.167434995688183, -3.715224270858336 ], [ 128.16738199508643, -3.715222478003501 ], [ 128.16719155224618, -3.715215306584121 ], [ 128.167065788106413, -3.715243992261291 ], [ 128.165059850076972, -3.716804670978979 ], [ 128.164950255612297, -3.717198201822245 ], [ 128.164893661749403, -3.71725198734527 ], [ 128.164679862711779, -3.717455475877698 ], [ 128.164643031785147, -3.717491332882952 ], [ 128.164360960785928, -3.717487747182493 ], [ 128.164086974624269, -3.717419618870986 ], [ 128.163855209280939, -3.717398104666259 ], [ 128.163662071494855, -3.717504779259546 ], [ 128.16355157871493, -3.717622210939754 ], [ 128.163491391590895, -3.717907274037337 ], [ 128.16301708112087, -3.718629792041645 ], [ 128.162261597966932, -3.719237567274046 ], [ 128.161816931901285, -3.718847623035952 ], [ 128.161539352478513, -3.718922026202745 ], [ 128.161246501695871, -3.71894443679392 ], [ 128.161118940925547, -3.719019736376101 ], [ 128.160908735149064, -3.719087864563959 ], [ 128.160743445136774, -3.719140753548272 ], [ 128.16061588436645, -3.719223224500527 ], [ 128.160533239360291, -3.719291352672658 ], [ 128.160345491465904, -3.719260874280514 ], [ 128.160217930695552, -3.719230395887315 ], [ 128.160059827205544, -3.719230395887315 ], [ 128.159864892788903, -3.719191849682644 ], [ 128.159700501091919, -3.719063661129403 ], [ 128.159647500490138, -3.718910372695106 ], [ 128.159528922872653, -3.7186459276727 ], [ 128.159370819382644, -3.718341143480676 ], [ 128.159266614809695, -3.718149308670489 ], [ 128.159054612402628, -3.717996916501806 ], [ 128.158791406024392, -3.717890241968059 ], [ 128.158396147299356, -3.717771017473888 ], [ 128.157935311558617, -3.717664342912811 ], [ 128.157656833820539, -3.717337147750017 ], [ 128.157487950547136, -3.717152484125094 ], [ 128.157355898200365, -3.716890727852645 ], [ 128.157218455961896, -3.716588632332053 ], [ 128.157060352471888, -3.716347493696848 ], [ 128.15681062082291, -3.716116215687397 ], [ 128.155314027559569, -3.716152969173571 ], [ 128.155168500483541, -3.716086633612047 ], [ 128.155049922866027, -3.715993405246878 ], [ 128.154997820579553, -3.715901073298587 ], [ 128.154984345850295, -3.715768402132668 ], [ 128.154958294707058, -3.715622284541712 ], [ 128.154918768834534, -3.715424174149681 ], [ 128.15486666654806, -3.715238613696892 ], [ 128.154708563058051, -3.71497416757355 ], [ 128.154445356679815, -3.714801157016073 ], [ 128.154129149699799, -3.714681932104392 ], [ 128.154088725512025, -3.714663107116865 ], [ 128.154075250782768, -3.714629042852699 ], [ 128.154051894585393, -3.714585117878545 ], [ 128.153992605776608, -3.714551053611369 ], [ 128.153914452346896, -3.714519678627281 ], [ 128.153881214681377, -3.714492785782888 ], [ 128.153849773646442, -3.71446768579405 ], [ 128.153756348856888, -3.714409417960065 ], [ 128.153657534175636, -3.71435742512034 ], [ 128.153595550421016, -3.714316189417689 ], [ 128.153538058242844, -3.71426867871442 ], [ 128.153488650902204, -3.714231925149761 ], [ 128.153441040192178, -3.714188896584311 ], [ 128.153418582310081, -3.714156625158848 ], [ 128.153401514319654, -3.714113596589726 ], [ 128.153366480023578, -3.714065189446959 ], [ 128.153356598555462, -3.714050846589332 ], [ 128.153330547412224, -3.714036503731474 ], [ 128.153296411431398, -3.714022160873381 ], [ 128.153260478820044, -3.713986303727131 ], [ 128.153164359084656, -3.71389038585375 ], [ 128.153081714078525, -3.713829428695158 ], [ 128.152987390973692, -3.71376936796125 ], [ 128.152917322381541, -3.713751439383171 ], [ 128.152852643681086, -3.713751439383171 ], [ 128.152796049818193, -3.713728132231126 ], [ 128.152757422260947, -3.713681517925189 ], [ 128.15270172671336, -3.713662692916324 ], [ 128.152606505293221, -3.713649246481175 ], [ 128.152510385557832, -3.713612492890722 ], [ 128.152416062452971, -3.713604425029198 ], [ 128.152367553427638, -3.713604425029198 ], [ 128.151969599756768, -3.713705721507425 ], [ 128.151773767024849, -3.713707514365342 ], [ 128.151608477012559, -3.713476235663985 ], [ 128.151323711067477, -3.713286192654727 ], [ 128.151100928877042, -3.713273642643242 ], [ 128.150797298311005, -3.713267367637433 ] ] ] } },
{ "type": "Feature", "properties": { "FID": 8, "Provinsi": "MALUKU", "Kode_Prov": "81", "Kota_Kab": "KOTA AMBON", "Kode_Kab": "8171", "Kecamatan": "Leitimur Selatan", "Kode_Kec": "817150", "Kelurahan": "Hukurilla", "Kode_Kel": "81715003", "Sumber": "Wilkerstat BPS Tahun 2019", "city": "ambon", "source_layer": "Wilayah Administrasi", "role": "admin" }, "geometry": { "type": "Polygon", "coordinates": [ [ [ 128.245790546345518, -3.711741643472688 ], [ 128.245642324323597, -3.711669032562475 ], [ 128.24496050302298, -3.711676204010662 ], [ 128.244910197367062, -3.711676204010662 ], [ 128.244904807475365, -3.711676204010662 ], [ 128.244904807475365, -3.711676204010662 ], [ 128.244777246705041, -3.71195857973678 ], [ 128.244639804466573, -3.712320737678755 ], [ 128.244511345380914, -3.712545741671862 ], [ 128.244482599291814, -3.712567255994894 ], [ 128.2444385818429, -3.712742956280026 ], [ 128.244347851999208, -3.713106010329867 ], [ 128.244079255729247, -3.713442171354014 ], [ 128.243945406751919, -3.713912796572763 ], [ 128.243744184128303, -3.714316189417689 ], [ 128.243542961504659, -3.71458601430661 ], [ 128.243418095680141, -3.714651453552956 ], [ 128.242738969325359, -3.714719582078242 ], [ 128.242250285810769, -3.714745578487821 ], [ 128.24205894465527, -3.714809224866657 ], [ 128.241801128168731, -3.714920381911647 ], [ 128.241563074618455, -3.714860321251981 ], [ 128.240981864629617, -3.714783228458955 ], [ 128.240583910958748, -3.714783228458955 ], [ 128.240204821908833, -3.714649660696957 ], [ 128.239725121547139, -3.714380732255769 ], [ 128.239122351991512, -3.714110907304087 ], [ 128.238452208789511, -3.714042778731815 ], [ 128.23798328821124, -3.714042778731815 ], [ 128.237380518655584, -3.71417634658566 ], [ 128.237230500003108, -3.7142050322966 ], [ 128.2369098014467, -3.714265989429253 ], [ 128.23624684476701, -3.714360114405229 ], [ 128.236036638990555, -3.714456928655758 ], [ 128.235792297233246, -3.714568982173205 ], [ 128.235426682912617, -3.714646074984947 ], [ 128.234977525270551, -3.714740199920384 ], [ 128.234499621539413, -3.714779642747488 ], [ 128.234121430804777, -3.714833428417969 ], [ 128.234030700961085, -3.714846874835078 ], [ 128.23376300300643, -3.714913210489812 ], [ 128.233565373643927, -3.715027056804559 ], [ 128.233294082428131, -3.715182138768732 ], [ 128.233226708781785, -3.715519195429238 ], [ 128.232890738865535, -3.715922587539831 ], [ 128.232756889888208, -3.716527675359862 ], [ 128.232622142595602, -3.717065530851425 ], [ 128.232487395302968, -3.717537050562535 ], [ 128.232353546325669, -3.717940441750253 ], [ 128.232084950055679, -3.718343832753419 ], [ 128.23201757640939, -3.718748119995848 ], [ 128.231748980139429, -3.719420437615937 ], [ 128.231681606493112, -3.71989105964486 ], [ 128.231614232846823, -3.720564272815041 ], [ 128.231480383869467, -3.720765967739262 ], [ 128.231145312268524, -3.721282306534858 ], [ 128.230809342352245, -3.7218416732219 ], [ 128.230535356190586, -3.72220830920706 ], [ 128.230562305649102, -3.722269265786373 ], [ 128.230862342953998, -3.722807117773922 ], [ 128.230803054145241, -3.722899448998747 ], [ 128.230594644999343, -3.723089489935878 ], [ 128.230551525865678, -3.723344073013793 ], [ 128.230766223218581, -3.723578934802081 ], [ 128.230823715396781, -3.723727740330175 ], [ 128.2308569530623, -3.723900749135435 ], [ 128.23099798856191, -3.724134714356858 ], [ 128.231152498790777, -3.72429875890031 ], [ 128.231285449452827, -3.724519277746615 ], [ 128.231472299031907, -3.724557823718141 ], [ 128.23159087664942, -3.724618780134784 ], [ 128.231667233448576, -3.72463939774534 ], [ 128.231672623340273, -3.724778342499537 ], [ 128.231772336336803, -3.724893980375014 ], [ 128.231786709381339, -3.72492625140732 ], [ 128.231838811667842, -3.725042785680794 ], [ 128.231948406132489, -3.725181730371304 ], [ 128.231977152221589, -3.725311710868371 ], [ 128.231973558960448, -3.725375356484073 ], [ 128.232068780380587, -3.725434520010032 ], [ 128.232296054147469, -3.725605735646075 ], [ 128.232517039707346, -3.725851353830181 ], [ 128.232622142595602, -3.725917688656465 ], [ 128.233063215400108, -3.726194681322982 ], [ 128.233415354991479, -3.726423267438408 ], [ 128.233591424787164, -3.726515598283876 ], [ 128.233955242477236, -3.726624064604523 ], [ 128.234279534294814, -3.726686813709534 ], [ 128.234438536100072, -3.726813208321754 ], [ 128.234462790612753, -3.726851754192788 ], [ 128.234472672080898, -3.726852650608374 ], [ 128.234711623946481, -3.727030140876277 ], [ 128.234920931407657, -3.727412910170501 ], [ 128.235199409145736, -3.72807087854456 ], [ 128.235227256919529, -3.72832725300934 ], [ 128.235232646811255, -3.728687611396387 ], [ 128.235124848977165, -3.729053348115795 ], [ 128.235033220818167, -3.72925324826822 ], [ 128.234975728639967, -3.729778546209922 ], [ 128.234981118531692, -3.729817988363522 ], [ 128.235026932611191, -3.730212409802169 ], [ 128.235032322502889, -3.730440994873089 ], [ 128.235039509025171, -3.730482229820729 ], [ 128.235117662454883, -3.730647169591937 ], [ 128.235174256317777, -3.730869479669363 ], [ 128.235174256317777, -3.730932228471362 ], [ 128.235196714199901, -3.731046969126282 ], [ 128.235242528279372, -3.731149160009457 ], [ 128.235321580024362, -3.731258522169512 ], [ 128.235378173887256, -3.731389398179224 ], [ 128.235378173887256, -3.731514895704474 ], [ 128.235366495788583, -3.7316753532285 ], [ 128.235321580024362, -3.731869874321676 ], [ 128.235315291817386, -3.731983718443782 ], [ 128.235326969916088, -3.732103837422765 ], [ 128.235291037304705, -3.73231359739145 ], [ 128.235298223826987, -3.732388895829528 ], [ 128.235303613718685, -3.732966183640317 ], [ 128.235348529482877, -3.733526439305003 ], [ 128.235422191336198, -3.733800740348078 ], [ 128.235529989170288, -3.734212191752 ], [ 128.235535379062014, -3.734377130822738 ], [ 128.235467107100391, -3.734629021409006 ], [ 128.235438361011319, -3.734731211875351 ], [ 128.235438361011319, -3.73483429873724 ], [ 128.235435666065456, -3.73491856103275 ], [ 128.235449140794714, -3.734963381399405 ], [ 128.235548853791272, -3.735323737064137 ], [ 128.235600057762468, -3.73551646453554 ], [ 128.23564138026552, -3.735589073478907 ], [ 128.235658448255919, -3.735620447711835 ], [ 128.23564946510308, -3.735711881184259 ], [ 128.235650363418358, -3.735962874981156 ], [ 128.235653058364221, -3.736129606535121 ], [ 128.235680007822737, -3.736184287306673 ], [ 128.235753669676058, -3.736347433194987 ], [ 128.23582733152935, -3.736606494460798 ], [ 128.235932434417577, -3.736949817750564 ], [ 128.235959383876093, -3.737036769058501 ], [ 128.236025859207132, -3.737415051967975 ], [ 128.236187555958253, -3.738038053086504 ], [ 128.236253132974014, -3.738297113852995 ], [ 128.236334879664867, -3.738445916888417 ], [ 128.23647501684917, -3.738668224990678 ], [ 128.236526220820394, -3.738876190583702 ], [ 128.236526220820394, -3.738918321538349 ], [ 128.23654059386493, -3.738942524426273 ], [ 128.236592696151405, -3.739180071253774 ], [ 128.236641205176767, -3.739376383489057 ], [ 128.236702290616051, -3.739624687029623 ], [ 128.236820868233565, -3.739876576109017 ], [ 128.236960107102618, -3.740025378876358 ], [ 128.237278110713191, -3.740166114000536 ], [ 128.237446993986595, -3.740278164242482 ], [ 128.237543113721983, -3.740426070539916 ], [ 128.237543113721983, -3.740582044426533 ], [ 128.237505384480073, -3.741004249463099 ], [ 128.237520655839887, -3.741204146893531 ], [ 128.237446095671316, -3.741426454296238 ], [ 128.23719546570706, -3.741767982897763 ], [ 128.237136176898304, -3.741915888943724 ], [ 128.237054430207451, -3.742042281363213 ], [ 128.236943937427526, -3.742152538565322 ], [ 128.236907106500837, -3.742330922139344 ], [ 128.236921479545401, -3.742598049232511 ], [ 128.236987954876412, -3.74278270751104 ], [ 128.237135278582997, -3.742886689825505 ], [ 128.237356264142903, -3.743057902057767 ], [ 128.237427231050333, -3.743191465503674 ], [ 128.237524249101028, -3.743162780738485 ], [ 128.23773086161637, -3.743222839464523 ], [ 128.237973406743123, -3.743325925327972 ], [ 128.238176425997324, -3.743411083206014 ], [ 128.238239308067193, -3.743458592334378 ], [ 128.238294105299531, -3.743500723068693 ], [ 128.238401004818343, -3.74368896675045 ], [ 128.23841897112402, -3.743766953406752 ], [ 128.238422564385161, -3.743852111241905 ], [ 128.238536650426227, -3.744119237871072 ], [ 128.238533057165085, -3.744207981263398 ], [ 128.238686669078703, -3.744218738037614 ], [ 128.238719906744194, -3.744212463252671 ], [ 128.238936400727681, -3.744173021746283 ], [ 128.239028927201957, -3.744103102707864 ], [ 128.239054080029888, -3.744083381952429 ], [ 128.239107080631669, -3.743980296178153 ], [ 128.239071148020287, -3.74394444025382 ], [ 128.238989401329434, -3.743862868020493 ], [ 128.238886095071763, -3.743724822685244 ], [ 128.238846569199268, -3.743635182845507 ], [ 128.238925620944258, -3.743475623908068 ], [ 128.239175352593236, -3.743315168542787 ], [ 128.239313693147011, -3.74318339791356 ], [ 128.239688290620478, -3.742955712561909 ], [ 128.239876936830143, -3.742778225514449 ], [ 128.240133855001432, -3.742635698010905 ], [ 128.240273093870456, -3.742589981636931 ], [ 128.24050845247487, -3.742561296852044 ], [ 128.240793218419952, -3.742624941217244 ], [ 128.240865083642689, -3.742735198346012 ], [ 128.240829151031306, -3.742876829434144 ], [ 128.240829151031306, -3.742877725833365 ], [ 128.240796811681065, -3.74301308210491 ], [ 128.240847117337012, -3.743212082678073 ], [ 128.2409144909833, -3.743290069376844 ], [ 128.240986356206037, -3.743286483781651 ], [ 128.241089662463708, -3.743144852759765 ], [ 128.241124696759783, -3.743065969649037 ], [ 128.241167815893419, -3.743046248870245 ], [ 128.241339394112686, -3.742966469351508 ], [ 128.241349275580831, -3.742841869863887 ], [ 128.24132502106815, -3.742667968391098 ], [ 128.241349275580831, -3.742496756082611 ], [ 128.241328614329291, -3.742368570929218 ], [ 128.241228901332732, -3.742252038955311 ], [ 128.241185782199096, -3.74211309696616 ], [ 128.2411345782279, -3.741819077716464 ], [ 128.241130086651481, -3.741793082107322 ], [ 128.241118408552779, -3.74178411810399 ], [ 128.240958508432215, -3.741661311249116 ], [ 128.240837235868867, -3.741415697487728 ], [ 128.240883948263644, -3.741162912449731 ], [ 128.240969288215638, -3.740949568992123 ], [ 128.240932457288977, -3.740792698769567 ], [ 128.240789625158811, -3.740574873213963 ], [ 128.240733031295917, -3.740361529613196 ], [ 128.240642301452226, -3.740109640673166 ], [ 128.240577622751772, -3.739980558768371 ], [ 128.240519232258293, -3.739863130074579 ], [ 128.240435688936884, -3.73974390856021 ], [ 128.240357535507172, -3.739630961847426 ], [ 128.240328789418072, -3.739545803601975 ], [ 128.240324297841653, -3.738881569003557 ], [ 128.240419519261764, -3.738558863753867 ], [ 128.240524622149991, -3.738415439160327 ], [ 128.240770760537856, -3.738079287677295 ], [ 128.241218121549338, -3.737747618087751 ], [ 128.24137442840879, -3.737728793593773 ], [ 128.241496599287416, -3.737753892918988 ], [ 128.241554989780894, -3.737766442581327 ], [ 128.241869400130327, -3.737790645501044 ], [ 128.242130809877978, -3.73777630303018 ], [ 128.242358981960166, -3.737724311571337 ], [ 128.242496424198663, -3.737724311571337 ], [ 128.242553916376835, -3.73778078505235 ], [ 128.242645544535804, -3.737902696046584 ], [ 128.242653629373365, -3.737913452898203 ], [ 128.242800953079978, -3.738032674661475 ], [ 128.243028226846832, -3.73813307192324 ], [ 128.243047989783093, -3.738141139559847 ], [ 128.243242924199734, -3.738165342469223 ], [ 128.243508825523861, -3.738008471748439 ], [ 128.243745082443581, -3.737901799642276 ], [ 128.243770235271512, -3.737890146386196 ], [ 128.243956186535343, -3.737937655813862 ], [ 128.244089137197363, -3.737899110429349 ], [ 128.244302936234988, -3.737994129281138 ], [ 128.244535599893595, -3.738060463190435 ], [ 128.244735025886683, -3.738159964044974 ], [ 128.245010808678899, -3.738155482024742 ], [ 128.24516352227721, -3.73821733390192 ], [ 128.245372829738386, -3.738159964044974 ], [ 128.245495898932319, -3.738012953769422 ], [ 128.245738444059015, -3.737960962324607 ], [ 128.24594775152022, -3.737951998282087 ], [ 128.246209161267899, -3.737956480303358 ], [ 128.246389722640032, -3.738099008567857 ], [ 128.246360976550903, -3.738240640405232 ], [ 128.246375349595468, -3.738251397252705 ], [ 128.246493927212981, -3.738335659220017 ], [ 128.246565792435689, -3.738393029065467 ], [ 128.246643945865401, -3.738390339854045 ], [ 128.246736472339677, -3.738387650642616 ], [ 128.246746353807794, -3.738212851881981 ], [ 128.246769710005168, -3.738093630143203 ], [ 128.246841575227933, -3.737932277388218 ], [ 128.247102984975612, -3.737885664364584 ], [ 128.247340140210611, -3.737908970876711 ], [ 128.247715635999384, -3.737932277388218 ], [ 128.248001300259716, -3.737989647260058 ], [ 128.248252828539279, -3.738032674661475 ], [ 128.248428898334964, -3.737923313345403 ], [ 128.248561848997014, -3.737766442581327 ], [ 128.2484145252904, -3.737695626627207 ], [ 128.248466627576903, -3.737600607743078 ], [ 128.248752291837263, -3.737510070872207 ], [ 128.248984955495843, -3.73726355954277 ], [ 128.249332603510794, -3.737107585065814 ], [ 128.249436808083743, -3.737060075593185 ], [ 128.249565267169402, -3.737102206635079 ], [ 128.249731455496942, -3.737135373624083 ], [ 128.249997356821041, -3.737008084091886 ], [ 128.250140188951207, -3.736940853697708 ], [ 128.250372852609786, -3.736888862189344 ], [ 128.250558803873616, -3.736855695191019 ], [ 128.25070612758023, -3.736760676215904 ], [ 128.250953164283345, -3.736727509212733 ], [ 128.251143607123566, -3.736628008195696 ], [ 128.251376270782146, -3.736542849658638 ], [ 128.251423881492229, -3.736410181605491 ], [ 128.251509221444223, -3.736196836991466 ], [ 128.251561323730698, -3.736050722793108 ], [ 128.251580188351653, -3.735996938419487 ], [ 128.25151910291234, -3.735840963717345 ], [ 128.251409508447693, -3.735650925537035 ], [ 128.251257693164661, -3.735489572332769 ], [ 128.251038504235339, -3.73535690412037 ], [ 128.250893875474588, -3.735273538273939 ], [ 128.250824705197715, -3.735233199958309 ], [ 128.250681873067521, -3.73512921673613 ], [ 128.250663008446566, -3.734963381399405 ], [ 128.250677381491101, -3.734802028068733 ], [ 128.250871417592464, -3.734347549361244 ], [ 128.251228048760282, -3.734125240164191 ], [ 128.251508323128945, -3.733949544146046 ], [ 128.251769732876596, -3.73378370858646 ], [ 128.252073363442634, -3.73362235503896 ], [ 128.25218295790728, -3.733408113338398 ], [ 128.252382383900368, -3.733370464163861 ], [ 128.252848609532862, -3.733275444811423 ], [ 128.253300462120734, -3.733142776264405 ], [ 128.253651703396827, -3.732995765148352 ], [ 128.253908621568115, -3.732734909997704 ], [ 128.254203268981286, -3.732350350201318 ], [ 128.254555408572656, -3.732165689726432 ], [ 128.254978515071485, -3.732070670243642 ], [ 128.255348620968533, -3.732014196395228 ], [ 128.255591166095229, -3.732014196395228 ], [ 128.255895694976545, -3.732070670243642 ], [ 128.256147223256136, -3.732165689726432 ], [ 128.256314309898954, -3.732232024076247 ], [ 128.256523617360159, -3.732331525591577 ], [ 128.256765264171605, -3.732412202487625 ], [ 128.256941333967291, -3.732317183031503 ], [ 128.257065301476501, -3.732161207675587 ], [ 128.257235981380461, -3.732056327679311 ], [ 128.257536018685357, -3.731989993316226 ], [ 128.257640223258306, -3.732051845627908 ], [ 128.257735444678445, -3.731999853829974 ], [ 128.25788725996145, -3.731824157386598 ], [ 128.257949243716041, -3.731525652634375 ], [ 128.258082194378119, -3.731335613520058 ], [ 128.258428944077792, -3.731211908791481 ], [ 128.25876221904818, -3.731074757876393 ], [ 128.258861932044709, -3.731117785616764 ], [ 128.258952661888429, -3.73107923993278 ], [ 128.259033510264004, -3.730998562914316 ], [ 128.259318276209058, -3.730899061248006 ], [ 128.25953207524671, -3.730851551439399 ], [ 128.25963178824324, -3.730690197353248 ], [ 128.259855468748981, -3.730629241357436 ], [ 128.260098013875677, -3.730633723416096 ], [ 128.260278575247781, -3.730709918409813 ], [ 128.260639697992019, -3.73078969904321 ], [ 128.26096309149429, -3.730785216985345 ], [ 128.261114906777294, -3.730648066003654 ], [ 128.261523640231559, -3.730562010474799 ], [ 128.261804812915528, -3.730429341517971 ], [ 128.262051849618643, -3.730292190480736 ], [ 128.262350988608233, -3.730178346139452 ], [ 128.262626771400477, -3.730087808503178 ], [ 128.26300226718925, -3.730102151099645 ], [ 128.263406509067096, -3.730064501783421 ], [ 128.263724512677669, -3.72995962153686 ], [ 128.263967057804393, -3.729808127825288 ], [ 128.264024549982565, -3.729713108087545 ], [ 128.264190738310134, -3.729604642147943 ], [ 128.264418910392294, -3.729452251962252 ], [ 128.264466521102349, -3.729238905657901 ], [ 128.264303926035922, -3.729079344102315 ], [ 128.264297637828946, -3.728942192854423 ], [ 128.264279671523269, -3.728699264774597 ], [ 128.264214094507508, -3.728272571748648 ], [ 128.264059584278669, -3.727827950223999 ], [ 128.264012871883864, -3.727519583550686 ], [ 128.263810750944941, -3.727080340137468 ], [ 128.263602341799015, -3.726381135884343 ], [ 128.263536764783282, -3.726054840376029 ], [ 128.263584375493338, -3.72548561577925 ], [ 128.263768530126583, -3.725254340168584 ], [ 128.264006583676888, -3.724904737385915 ], [ 128.264654268996736, -3.72374208303035 ], [ 128.264677625194111, -3.723351244367034 ], [ 128.264784524712923, -3.722740782713217 ], [ 128.264986645651845, -3.722283608510304 ], [ 128.264957001247495, -3.721951932959646 ], [ 128.264981255760148, -3.721501033294519 ], [ 128.26508815527896, -3.721044754869609 ], [ 128.265177088492095, -3.720623436664264 ], [ 128.265302852631862, -3.720259489286399 ], [ 128.265223800886872, -3.720234389461694 ], [ 128.265113308106919, -3.720203911102165 ], [ 128.264990238912986, -3.720146540069599 ], [ 128.264882441078896, -3.720088272610829 ], [ 128.264797101126902, -3.720056001401236 ], [ 128.264727032534722, -3.720067654893724 ], [ 128.26464438752862, -3.7200891690333 ], [ 128.264566234098879, -3.7200891690333 ], [ 128.264526708226384, -3.7200819976535 ], [ 128.264477300885773, -3.720012076697389 ], [ 128.264422503653407, -3.719959187765367 ], [ 128.264323688972155, -3.719918848747282 ], [ 128.264216789453371, -3.71990540240751 ], [ 128.264121568033232, -3.719957394920157 ], [ 128.264088330367741, -3.720025523035535 ], [ 128.2641134831957, -3.720113372439695 ], [ 128.264127856240236, -3.720231700194719 ], [ 128.264116178141535, -3.720364370689034 ], [ 128.264079347214903, -3.720433395195068 ], [ 128.263961667912668, -3.720488076942764 ], [ 128.263801767792074, -3.72053200162288 ], [ 128.263605036744877, -3.720557997861103 ], [ 128.263336440474944, -3.720567858502985 ], [ 128.263296016287143, -3.72056875492497 ], [ 128.26319360834475, -3.720597440427974 ], [ 128.263092098717635, -3.720658397118756 ], [ 128.262981605937711, -3.72070321821223 ], [ 128.262838773807545, -3.720701425368534 ], [ 128.262566584276414, -3.720650329321689 ], [ 128.262456091496489, -3.720694253993718 ], [ 128.262373446490329, -3.720759692786758 ], [ 128.262358175130515, -3.720807203140306 ], [ 128.262392311111313, -3.720941666391175 ], [ 128.262389616165478, -3.720973041146758 ], [ 128.262363565022213, -3.721003519479683 ], [ 128.262272835178521, -3.721028619282477 ], [ 128.262168630605572, -3.721037583497587 ], [ 128.262096765382864, -3.721042962026609 ], [ 128.26203298499766, -3.720994555264226 ], [ 128.261961119774924, -3.720916566585904 ], [ 128.261873084877124, -3.720895052466531 ], [ 128.261754507259582, -3.720893259623226 ], [ 128.261686235298015, -3.720897741731481 ], [ 128.261520945285724, -3.720906705947923 ], [ 128.261297264779984, -3.720900430996424 ], [ 128.26107897416594, -3.720873538346633 ], [ 128.260663054189394, -3.720757003521387 ], [ 128.260261507257383, -3.720750728568821 ], [ 128.260111488604934, -3.720704114634076 ], [ 128.259923740710576, -3.720597440427974 ], [ 128.259565312912201, -3.72053469088894 ], [ 128.259007459120767, -3.720366163533414 ], [ 128.258520572236762, -3.720289071221739 ], [ 128.258004939263685, -3.720283692688116 ], [ 128.257794733487202, -3.720402916842421 ], [ 128.25764651146531, -3.720431602350824 ], [ 128.257421932644291, -3.720369749222165 ], [ 128.25714525153677, -3.720527519512765 ], [ 128.256908096301743, -3.72061805813268 ], [ 128.256687110741865, -3.720570547768935 ], [ 128.256521820729574, -3.720445945104676 ], [ 128.256305326746116, -3.720277417732179 ], [ 128.25601337427878, -3.720329410222876 ], [ 128.255512114350267, -3.720329410222876 ], [ 128.25540790977729, -3.720272039198483 ], [ 128.255230941666326, -3.720213771748009 ], [ 128.25512134720168, -3.720146540069599 ], [ 128.254935395937849, -3.720017455232673 ], [ 128.254721596900225, -3.719926916551046 ], [ 128.254572476563027, -3.719844445664638 ], [ 128.254242794853781, -3.719843549241917 ], [ 128.253999351411807, -3.71973328924031 ], [ 128.253870892326177, -3.719694743057632 ], [ 128.25326452950938, -3.719150614206012 ], [ 128.253050730471784, -3.718922026202745 ], [ 128.252774049364263, -3.718605588594512 ], [ 128.252568335164199, -3.718471124987218 ], [ 128.252268297859274, -3.7181824763743 ], [ 128.251851479567478, -3.717814942289405 ], [ 128.251304405559438, -3.717342526301619 ], [ 128.251056470541016, -3.717136348466711 ], [ 128.250555210612475, -3.716608353704506 ], [ 128.250125815906671, -3.716176276261572 ], [ 128.249949746110957, -3.71596561602074 ], [ 128.249752116748454, -3.715702962969159 ], [ 128.249639827337944, -3.715470788363572 ], [ 128.249416146832203, -3.715154349517041 ], [ 128.249263433233921, -3.714928449761142 ], [ 128.248967887505444, -3.714540296474094 ], [ 128.248734325531558, -3.714175450157177 ], [ 128.248468424207459, -3.71372006437066 ], [ 128.248304930825753, -3.713282606937179 ], [ 128.248166590272007, -3.713129317498339 ], [ 128.247889909164485, -3.712846045716764 ], [ 128.247765941655274, -3.712759988448665 ], [ 128.247608736480572, -3.71263000610074 ], [ 128.247193714819304, -3.712351216310661 ], [ 128.246983509042821, -3.71225529825964 ], [ 128.246864033110029, -3.712163862350836 ], [ 128.246611606515188, -3.712010572717777 ], [ 128.246325942254828, -3.711910172475857 ], [ 128.245976497609348, -3.711799015051845 ], [ 128.245790546345518, -3.711741643472688 ] ] ] } },
{ "type": "Feature", "properties": { "FID": 9, "Provinsi": "MALUKU", "Kode_Prov": "81", "Kota_Kab": "KOTA AMBON", "Kode_Kab": "8171", "Kecamatan": "Nusaniwe", "Kode_Kec": "817110", "Kelurahan": "Desa Urimesing", "Kode_Kel": "81711009", "Sumber": "Wilkerstat BPS Tahun 2019", "city": "ambon", "source_layer": "Wilayah Administrasi", "role": "admin" }, "geometry": { "type": "Polygon", "coordinates": [ [ [ 128.182718033616908, -3.707498825582876 ], [ 128.182019144325835, -3.707018336154382 ], [ 128.182007466227162, -3.707118736952062 ], [ 128.182087416287459, -3.707272027433676 ], [ 128.182111670800111, -3.707389460474713 ], [ 128.182052381991383, -3.70759384771505 ], [ 128.181936499319733, -3.707617155028929 ], [ 128.181827803170336, -3.707679905486321 ], [ 128.181724496912665, -3.707785684818698 ], [ 128.181691259247145, -3.707872639006176 ], [ 128.181655326635791, -3.707972143272074 ], [ 128.181619394024409, -3.70805192596367 ], [ 128.181537647333585, -3.70802413648764 ], [ 128.181424459607797, -3.70798738266316 ], [ 128.181347204493363, -3.707924632227592 ], [ 128.181279830847046, -3.707870846136417 ], [ 128.181127117248735, -3.707791959863442 ], [ 128.180967217128142, -3.707686180531814 ], [ 128.180877385599729, -3.707630601555887 ], [ 128.180807317007577, -3.707564265354241 ], [ 128.180744434937679, -3.707509582805898 ], [ 128.180686044444201, -3.707489861230256 ], [ 128.180615975852078, -3.707450418077651 ], [ 128.180518059486104, -3.707394839086906 ], [ 128.180436312795251, -3.707348224446812 ], [ 128.180326718330576, -3.707308781287891 ], [ 128.180158733372451, -3.707315952771462 ], [ 128.180050037223083, -3.707355395930064 ], [ 128.179935951181989, -3.707421732147381 ], [ 128.179900916885913, -3.707441453724541 ], [ 128.179889238787212, -3.707447728771728 ], [ 128.179885645526099, -3.707450418077651 ], [ 128.179639507138205, -3.707586676233732 ], [ 128.179340368148615, -3.708050133094274 ], [ 128.179019669592179, -3.708382710304822 ], [ 128.17899811002539, -3.708405121163566 ], [ 128.179002601601809, -3.708724251730443 ], [ 128.179510149737325, -3.708788794977151 ], [ 128.178720530602561, -3.709359823218419 ], [ 128.178508528195522, -3.709368787552076 ], [ 128.178610936137886, -3.709687021337961 ], [ 128.178408815198964, -3.70973005012275 ], [ 128.178040505932501, -3.709770389606588 ], [ 128.177674891611872, -3.709823279149273 ], [ 128.17765512867561, -3.709847482837243 ], [ 128.177541042634516, -3.70987347939025 ], [ 128.177441329637986, -3.709894993778367 ], [ 128.17725717500474, -3.709970294132651 ], [ 128.177119732766272, -3.709972086998151 ], [ 128.177102664775873, -3.709839414941326 ], [ 128.176972409059687, -3.709795489728935 ], [ 128.176963425906848, -3.709831347045338 ], [ 128.176911323620374, -3.709830450612444 ], [ 128.176885272477108, -3.709860032897411 ], [ 128.176852933126895, -3.709858240031684 ], [ 128.176779271273602, -3.709830450612444 ], [ 128.176728067302406, -3.70978831826548 ], [ 128.176702016159169, -3.709676264141436 ], [ 128.176711897627314, -3.7096162031251 ], [ 128.176712795942592, -3.709608135227072 ], [ 128.176475640707537, -3.709567795735828 ], [ 128.176447792933743, -3.709608135227072 ], [ 128.176398385593131, -3.709603653061469 ], [ 128.17611721290919, -3.70955255637199 ], [ 128.176021093173802, -3.709600963762097 ], [ 128.175980668986, -3.709545384906564 ], [ 128.175908803763292, -3.709585724398831 ], [ 128.1757893278305, -3.709704053565524 ], [ 128.175777649731799, -3.709712121462676 ], [ 128.175713869346623, -3.709645785417238 ], [ 128.175692309779834, -3.7097139143287 ], [ 128.175606071512533, -3.709803557625252 ], [ 128.175514443353563, -3.709885133017212 ], [ 128.175173981860866, -3.710099380439352 ], [ 128.175169490284446, -3.71017557720876 ], [ 128.174986233966479, -3.710226673862214 ], [ 128.174901792329791, -3.710072487460344 ], [ 128.17484070689045, -3.709997187114769 ], [ 128.174476889200406, -3.710343210078332 ], [ 128.174409515554089, -3.710363828022661 ], [ 128.17399449389282, -3.710136134176005 ], [ 128.173814830835994, -3.710129859147905 ], [ 128.173323452375598, -3.710132548445667 ], [ 128.173304587754615, -3.710421199691303 ], [ 128.173342316996553, -3.71062648266265 ], [ 128.173194094974662, -3.710738536666187 ], [ 128.17316534888559, -3.710760947465189 ], [ 128.173146484264606, -3.710774393944316 ], [ 128.173100670185107, -3.710824594131255 ], [ 128.173122229751954, -3.711036152030574 ], [ 128.17260569846357, -3.711071112864991 ], [ 128.172355966814592, -3.711090834360717 ], [ 128.17173523095326, -3.711213645483291 ], [ 128.171769366934058, -3.711591043059669 ], [ 128.171848418679048, -3.712460580804721 ], [ 128.171856503516608, -3.71255112025267 ], [ 128.171968792927117, -3.713061188850311 ], [ 128.171623839858029, -3.713141867511876 ], [ 128.171134258028189, -3.713166071108907 ], [ 128.170571014345029, -3.713497749964341 ], [ 128.170100297136173, -3.713481614239123 ], [ 128.169887396413827, -3.713559603574946 ], [ 128.169925125655766, -3.713868871562963 ], [ 128.16996914310468, -3.714077739447191 ], [ 128.170408419278601, -3.714094771590077 ], [ 128.170733609411457, -3.714055328732366 ], [ 128.170839610614991, -3.714703446375361 ], [ 128.17081535610231, -3.714795778448976 ], [ 128.170753372347718, -3.715041399646319 ], [ 128.170655455981745, -3.715091599590647 ], [ 128.170491962600039, -3.715515609720761 ], [ 128.170390452972924, -3.716182551246697 ], [ 128.170316791119632, -3.716606560852482 ], [ 128.170058076317815, -3.717374797610547 ], [ 128.170043703273279, -3.717369419059141 ], [ 128.168848045630114, -3.716897899258403 ], [ 128.16884175742311, -3.71689520998125 ], [ 128.168638738168909, -3.716816324514446 ], [ 128.168477041417759, -3.716720406948713 ], [ 128.168422244185422, -3.716688135615841 ], [ 128.168268632271833, -3.71659670016629 ], [ 128.16803327366739, -3.71685397439721 ], [ 128.167659574509202, -3.717099595021514 ], [ 128.167355045627886, -3.717165930506855 ], [ 128.167316418070669, -3.717426790272445 ], [ 128.167249044424352, -3.717572907564472 ], [ 128.167148433112516, -3.71765089653865 ], [ 128.167014584135217, -3.717762949650394 ], [ 128.166813361511572, -3.717797013793541 ], [ 128.16637857691407, -3.717885759844508 ], [ 128.166083031185565, -3.717935063202298 ], [ 128.16608033623973, -3.71793595962696 ], [ 128.165842282689454, -3.718053391249743 ], [ 128.165778502304249, -3.718094626777698 ], [ 128.165712925288517, -3.71821205837935 ], [ 128.16557458473477, -3.718378793298335 ], [ 128.165117342255172, -3.718567042362517 ], [ 128.165171241172203, -3.719720739320553 ], [ 128.165178427694457, -3.719804106641301 ], [ 128.165207173783557, -3.720141161535105 ], [ 128.164868508921444, -3.720595647584064 ], [ 128.164759812772076, -3.720899534574777 ], [ 128.164720286899581, -3.72101338011658 ], [ 128.164738253205257, -3.721241071156052 ], [ 128.164837966201787, -3.722509506381406 ], [ 128.16491162805508, -3.722580323559226 ], [ 128.164972713494393, -3.722669069128454 ], [ 128.165065239968669, -3.722776639503408 ], [ 128.165228733350403, -3.722894070481062 ], [ 128.165391328416803, -3.72299715873098 ], [ 128.165517092556598, -3.723085904258198 ], [ 128.165727298333081, -3.723184510389061 ], [ 128.165834197851893, -3.723315387600242 ], [ 128.165908758020436, -3.723423854315314 ], [ 128.165968945144499, -3.723615687977021 ], [ 128.16601026764755, -3.723723258236323 ], [ 128.166075844663311, -3.723793178897821 ], [ 128.166140523363765, -3.723919573925666 ], [ 128.166224965000453, -3.724088100601228 ], [ 128.166327372942845, -3.724262005753887 ], [ 128.166412712894839, -3.724374954442881 ], [ 128.166425289308819, -3.724453839232947 ], [ 128.166453137082669, -3.724623262224077 ], [ 128.166229456576872, -3.724677047293805 ], [ 128.166026437322671, -3.724815992042059 ], [ 128.16580275681693, -3.724976450788554 ], [ 128.165589856094584, -3.725296471776606 ], [ 128.164371740569322, -3.727390499794869 ], [ 128.163936057656514, -3.728225061798072 ], [ 128.163796818787489, -3.728459025869495 ], [ 128.16377975079709, -3.729504243910928 ], [ 128.163507561266016, -3.730256333996883 ], [ 128.163408746584764, -3.73052884323747 ], [ 128.162572415055251, -3.731733619919914 ], [ 128.16094376944514, -3.732014196395228 ], [ 128.160896158735056, -3.732125351268011 ], [ 128.160817106990095, -3.732164793316264 ], [ 128.160438916255458, -3.732353935841223 ], [ 128.159905316976705, -3.732710706938561 ], [ 128.159625042608042, -3.733271859175282 ], [ 128.159219004099612, -3.733501339858874 ], [ 128.158710557648817, -3.73375591992206 ], [ 128.15827846799715, -3.734213984568153 ], [ 128.157871531173441, -3.734698941203053 ], [ 128.157160065468418, -3.735437580738409 ], [ 128.15695614789891, -3.73592164029088 ], [ 128.156803434300627, -3.736279306344215 ], [ 128.156447701448116, -3.736814460542706 ], [ 128.156040764624407, -3.737247424253336 ], [ 128.155609573288018, -3.737655288422938 ], [ 128.155202636464338, -3.738012057365226 ], [ 128.154897209267716, -3.738522111204007 ], [ 128.154693291698209, -3.739057264034008 ], [ 128.154286354874529, -3.740230654941646 ], [ 128.153751857280469, -3.741607527219664 ], [ 128.15314998604012, -3.742427733310039 ], [ 128.153056561250565, -3.742468967694307 ], [ 128.15285983020334, -3.742446557703097 ], [ 128.152534640070485, -3.742365881729996 ], [ 128.152169924065134, -3.742335404138224 ], [ 128.151794428276389, -3.742294169747667 ], [ 128.151509662331307, -3.74231926894215 ], [ 128.151244659322487, -3.742460003697892 ], [ 128.150934740549474, -3.742584603239837 ], [ 128.150619431884735, -3.742665279192793 ], [ 128.150309513111722, -3.742729819949809 ], [ 128.150114578695053, -3.742719959556684 ], [ 128.149864847046075, -3.74270472076709 ], [ 128.149640268225056, -3.742684103580747 ], [ 128.149439943916718, -3.742653626000048 ], [ 128.149180330799567, -3.742738783943463 ], [ 128.14899976942749, -3.742744162339611 ], [ 128.148744647886787, -3.742823941878597 ], [ 128.148609900594181, -3.74292433859149 ], [ 128.148534442110304, -3.743079415634322 ], [ 128.153735687605376, -3.75060196381511 ], [ 128.154268388568852, -3.75137196360675 ], [ 128.15441930553655, -3.751644466280831 ], [ 128.154457034778517, -3.751711695545907 ], [ 128.155005007101806, -3.752700413340133 ], [ 128.155717371122108, -3.753016838653502 ], [ 128.155861101567552, -3.752508586040528 ], [ 128.156050646092524, -3.7519913692331 ], [ 128.15635068339742, -3.751721555837682 ], [ 128.15719689639505, -3.751132627306461 ], [ 128.157567002292126, -3.751061812433509 ], [ 128.157900277262513, -3.750867295601062 ], [ 128.158636895795496, -3.75021292990224 ], [ 128.159321412042004, -3.749776387033492 ], [ 128.159910706868402, -3.74951553687851 ], [ 128.160533239360291, -3.749344325909737 ], [ 128.16105156727923, -3.749349704265287 ], [ 128.161532165956231, -3.749410658959209 ], [ 128.161691167761518, -3.749476992003647 ], [ 128.162059477028009, -3.749629378708296 ], [ 128.163005403022197, -3.750060543299313 ], [ 128.163326101578605, -3.750107155674794 ], [ 128.163333288100887, -3.750108052066605 ], [ 128.16370878388966, -3.750080263920013 ], [ 128.164593624444507, -3.750004070610306 ], [ 128.164705913855045, -3.749996003083007 ], [ 128.165562906636069, -3.74993773760586 ], [ 128.166224965000453, -3.749919809765955 ], [ 128.167155619634826, -3.749894710789474 ], [ 128.167944340454284, -3.749771905072723 ], [ 128.168371938529503, -3.749672405537742 ], [ 128.169009742381263, -3.749681369460277 ], [ 128.1692558807691, -3.749794314876336 ], [ 128.169352000504489, -3.749838238089753 ], [ 128.169422967411947, -3.750060543299313 ], [ 128.169527171984896, -3.750383244309368 ], [ 128.169551426497577, -3.75063513029276 ], [ 128.169655631070526, -3.750753453932496 ], [ 128.169715818194561, -3.750740904456314 ], [ 128.169812836245228, -3.750720287459337 ], [ 128.169993397617361, -3.750705945200285 ], [ 128.170048194849699, -3.750734629718155 ], [ 128.170164077521349, -3.750796480706611 ], [ 128.170170365728325, -3.750795584315505 ], [ 128.170383266450671, -3.750763314235084 ], [ 128.170543166571235, -3.750724769415243 ], [ 128.170600658749407, -3.750711323547457 ], [ 128.170663540819305, -3.750696981288256 ], [ 128.170918662360009, -3.750627062771285 ], [ 128.17110102036267, -3.750577761249546 ], [ 128.171561856103409, -3.750060543299313 ], [ 128.171505262240515, -3.749762044758951 ], [ 128.171514245393354, -3.749226002079266 ], [ 128.171652585947101, -3.748955291437207 ], [ 128.171937351892183, -3.74878049478605 ], [ 128.171995742385661, -3.748823521657268 ], [ 128.172013708691338, -3.748836967554091 ], [ 128.172081980652933, -3.748813661332801 ], [ 128.172179897018907, -3.74878049478605 ], [ 128.172250863926337, -3.748666652845739 ], [ 128.172346085346476, -3.748542950563087 ], [ 128.172603003517736, -3.748486477776058 ], [ 128.172676665371, -3.748519644333962 ], [ 128.172907532399051, -3.748623625966801 ], [ 128.17314468763405, -3.748656792519502 ], [ 128.17316534888559, -3.748642450226597 ], [ 128.173733982460448, -3.748248933473231 ], [ 128.174062765854416, -3.748220248873807 ], [ 128.174204699669303, -3.748310784637539 ], [ 128.174302616035277, -3.748296442338958 ], [ 128.174357413267614, -3.748287478402227 ], [ 128.174428380175044, -3.748277618071715 ], [ 128.174523601595155, -3.748130609494543 ], [ 128.174889215915812, -3.747985393680636 ], [ 128.175596190044416, -3.747760398760855 ], [ 128.176048042632317, -3.747599944181116 ], [ 128.176677761646488, -3.747220769275167 ], [ 128.177022714715605, -3.746977846258502 ], [ 128.177195191250121, -3.746663211549945 ], [ 128.177355091370714, -3.746467797343513 ], [ 128.177391023982068, -3.746023185041499 ], [ 128.177568890408338, -3.745833149069307 ], [ 128.177800655751639, -3.745721099538063 ], [ 128.178300119049595, -3.745750680615706 ], [ 128.179554167186211, -3.74570854998967 ], [ 128.179881153949651, -3.745649387830538 ], [ 128.180997759847799, -3.745074797561841 ], [ 128.181627478861998, -3.744766436950101 ], [ 128.182002076335436, -3.744510963686587 ], [ 128.18237667380896, -3.744297621044494 ], [ 128.182638083556611, -3.744155093788246 ], [ 128.182940815807342, -3.744161368573601 ], [ 128.183104309189076, -3.744211566854818 ], [ 128.183249836265105, -3.74425638674633 ], [ 128.183552568515864, -3.744458076229738 ], [ 128.18405203181382, -3.7449376488148 ], [ 128.184242474654042, -3.745115135424528 ], [ 128.18430086514752, -3.745168919238553 ], [ 128.184307153354524, -3.74517519401664 ], [ 128.184723073331071, -3.745548991430132 ], [ 128.18513360341592, -3.745815221145273 ], [ 128.185799255041445, -3.74634319835424 ], [ 128.186161276100933, -3.746615702595516 ], [ 128.186363397039855, -3.746853247341865 ], [ 128.186286141925422, -3.746989499393683 ], [ 128.186274463826749, -3.747166985587254 ], [ 128.18645233025299, -3.747309512352992 ], [ 128.186458618459994, -3.747540782149874 ], [ 128.186399329651209, -3.747671655728771 ], [ 128.186393041444234, -3.747884997548283 ], [ 128.186488262864344, -3.748009596317961 ], [ 128.186587077545596, -3.748029316984916 ], [ 128.186634688255651, -3.748039177318227 ], [ 128.186689485487989, -3.748050830439269 ], [ 128.186749672612024, -3.748062483560156 ], [ 128.186904182840919, -3.747890375912808 ], [ 128.187052404862783, -3.747813286018119 ], [ 128.187278780314386, -3.747760398760855 ], [ 128.187472816415749, -3.747679723277514 ], [ 128.187492579352011, -3.747671655728771 ], [ 128.187501562504849, -3.747656417025386 ], [ 128.187665055886526, -3.747392877054265 ], [ 128.187777345297064, -3.747120373055055 ], [ 128.188033365153046, -3.747037008327815 ], [ 128.188163620869233, -3.746900756283396 ], [ 128.188258842289343, -3.746615702595516 ], [ 128.188383708113832, -3.746272383093436 ], [ 128.188663084167189, -3.746123581387506 ], [ 128.189031393433709, -3.746005257121357 ], [ 128.189114936755118, -3.745862730143163 ], [ 128.190421985493515, -3.745524788724739 ], [ 128.1906726154578, -3.745433356276106 ], [ 128.19108763711904, -3.745281865237248 ], [ 128.191225079357508, -3.745287243617775 ], [ 128.191711067926235, -3.745306067949357 ], [ 128.191924866963859, -3.745418117533738 ], [ 128.191932951801391, -3.745535545482773 ], [ 128.191942833269536, -3.745673590532485 ], [ 128.191919477072133, -3.74597567605232 ], [ 128.192109021597105, -3.746195293056174 ], [ 128.192293176230322, -3.746420288378473 ], [ 128.192358753246083, -3.746610324223154 ], [ 128.192311142536028, -3.746889103147033 ], [ 128.192287786338625, -3.747043283092506 ], [ 128.192079377192698, -3.747268278196738 ], [ 128.191960799575213, -3.74744576433375 ], [ 128.192067699093997, -3.747926231675464 ], [ 128.192180886819813, -3.748240865929738 ], [ 128.19237671955176, -3.748554603677416 ], [ 128.192549196086333, -3.748792147897214 ], [ 128.192667773703818, -3.749052998268013 ], [ 128.192751317025255, -3.749402591426434 ], [ 128.192917505352824, -3.749645513769587 ], [ 128.193095371779037, -3.749942219565778 ], [ 128.193249882007933, -3.750197691243143 ], [ 128.193345103428044, -3.750445991714155 ], [ 128.193327137122367, -3.750731044153473 ], [ 128.19322652581053, -3.750932732143998 ], [ 128.193048659384289, -3.75113442008798 ], [ 128.192905827254094, -3.751430228988285 ], [ 128.19308998188734, -3.751613989012292 ], [ 128.19311872797644, -3.751613989012292 ], [ 128.19355351257397, -3.751608610670675 ], [ 128.193767311611595, -3.751674047158102 ], [ 128.193852651563589, -3.751709006375402 ], [ 128.193982008964497, -3.751760997003674 ], [ 128.19399368706317, -3.751766375344353 ], [ 128.194028721359246, -3.751780717586002 ], [ 128.194112264680683, -3.751881113270954 ], [ 128.19420119789379, -3.752035292336097 ], [ 128.194363792960246, -3.751959099196839 ], [ 128.194528184657202, -3.751881113270954 ], [ 128.194724017389149, -3.751697353303125 ], [ 128.194962969254732, -3.751703628034371 ], [ 128.194970155777014, -3.751703628034371 ], [ 128.195098614862644, -3.75170631720489 ], [ 128.19519563291334, -3.751709006375402 ], [ 128.195205514381456, -3.751709006375402 ], [ 128.195266599820769, -3.7517251413983 ], [ 128.195537891036565, -3.751797748997654 ], [ 128.1955980781606, -3.75183091542992 ], [ 128.195787622685572, -3.751934896668862 ], [ 128.195971777318817, -3.75181029845866 ], [ 128.196482918715446, -3.751828226259783 ], [ 128.19706502701959, -3.751613989012292 ], [ 128.197403691881675, -3.751477737681123 ], [ 128.197522269499188, -3.751234815847188 ], [ 128.197457590798734, -3.751009821763637 ], [ 128.197581558307945, -3.750736422500491 ], [ 128.197962443988416, -3.750327668032795 ], [ 128.198378363964963, -3.750043511853806 ], [ 128.19853287419383, -3.749876782948687 ], [ 128.198655045072456, -3.749898296357586 ], [ 128.198768232798272, -3.749917120589938 ], [ 128.198776317635833, -3.749918913373951 ], [ 128.199162593207973, -3.750066818042311 ], [ 128.199220085386173, -3.750086538662868 ], [ 128.199357527624642, -3.75013135825339 ], [ 128.1994859867103, -3.750174385058127 ], [ 128.199608157588926, -3.750214722685647 ], [ 128.199910889839686, -3.750060543299313 ], [ 128.200307046879971, -3.750014827313255 ], [ 128.200523540863458, -3.7499897283395 ], [ 128.201164937976301, -3.750037237110642 ], [ 128.201616790564202, -3.750019309272778 ], [ 128.201646434968609, -3.749906363885786 ], [ 128.201771300793098, -3.74987140459638 ], [ 128.201772199108376, -3.74987140459638 ], [ 128.201791962044609, -3.749875886556638 ], [ 128.201967133525017, -3.749918913373951 ], [ 128.201991388037698, -3.749926980901962 ], [ 128.202109965655183, -3.74996642214894 ], [ 128.202119847123299, -3.749970904108712 ], [ 128.202317476485803, -3.750060543299313 ], [ 128.202478274921674, -3.750114326809262 ], [ 128.202721718363676, -3.750250578352989 ], [ 128.202796278532276, -3.750255060311304 ], [ 128.203054993334092, -3.750268506186109 ], [ 128.203410726186604, -3.750321393291669 ], [ 128.203767357354394, -3.750280159277439 ], [ 128.203987444598994, -3.750137632995879 ], [ 128.204010800796397, -3.750104466499353 ], [ 128.204053021614754, -3.750043511853806 ], [ 128.204005410904699, -3.749953872661458 ], [ 128.203982953022575, -3.749918016981945 ], [ 128.203946122095942, -3.749859751499601 ], [ 128.203880545080182, -3.749740531346699 ], [ 128.203890426548327, -3.749724396287163 ], [ 128.203964088401619, -3.749604279723476 ], [ 128.204058411506452, -3.749592626623135 ], [ 128.204230888040996, -3.749503883776986 ], [ 128.204439297186923, -3.749361357368866 ], [ 128.204599197307459, -3.749420519276943 ], [ 128.204636926549426, -3.749410658959209 ], [ 128.204718673240279, -3.749390041930858 ], [ 128.204783351940733, -3.749373010472289 ], [ 128.205098660605472, -3.74916594376525 ], [ 128.205537936779393, -3.748999214692773 ], [ 128.205769702122694, -3.748910471786396 ], [ 128.206191910306245, -3.748875512457167 ], [ 128.206601542075788, -3.748857584595482 ], [ 128.206887206336148, -3.748708783329314 ], [ 128.206880918129144, -3.748602112526537 ], [ 128.206803663014711, -3.748454207610405 ], [ 128.206845883833068, -3.748222938055042 ], [ 128.206857561931741, -3.748027524197029 ], [ 128.206762340511631, -3.747920853311161 ], [ 128.206667119091549, -3.747801632893911 ], [ 128.206631186480166, -3.747635799955678 ], [ 128.206757848935212, -3.747548849699824 ], [ 128.206744374205954, -3.74753271459985 ], [ 128.206744374205954, -3.747484309298139 ], [ 128.206788391654896, -3.7474054265785 ], [ 128.206686882027782, -3.747279034933341 ], [ 128.206653644362262, -3.746907927444157 ], [ 128.206586270715974, -3.746785121307999 ], [ 128.206483862773581, -3.746406842444502 ], [ 128.206404811028563, -3.746247284012283 ], [ 128.206336539066967, -3.745983743616702 ], [ 128.206245809223276, -3.74570854998967 ], [ 128.206051773121914, -3.745285450824269 ], [ 128.205950263494827, -3.744964540727677 ], [ 128.2059044494153, -3.744701896343198 ], [ 128.205836177453705, -3.744301206635547 ], [ 128.205893669631905, -3.743991949353244 ], [ 128.205996077574298, -3.743820737303601 ], [ 128.206133519812767, -3.743660282001558 ], [ 128.206452421738618, -3.743237181846252 ], [ 128.206609626913348, -3.743060591254865 ], [ 128.206634779741307, -3.74303190648539 ], [ 128.206772221979776, -3.742825734677143 ], [ 128.207136937985126, -3.742390980922423 ], [ 128.207239345927519, -3.74218570536324 ], [ 128.207251922341499, -3.74210144376607 ], [ 128.207330974086517, -3.74199118655753 ], [ 128.207593282149475, -3.741659518448189 ], [ 128.207696588407146, -3.741179047667101 ], [ 128.207730724387943, -3.740663616965375 ], [ 128.207699283353008, -3.740123983105859 ], [ 128.207666045687461, -3.739536839575657 ], [ 128.208605683474644, -3.738175202913591 ], [ 128.20879792294545, -3.737897317620725 ], [ 128.208473631127902, -3.735909987008493 ], [ 128.20848261428074, -3.735820346369584 ], [ 128.208442190092967, -3.735379314292791 ], [ 128.208387392860629, -3.735157901764167 ], [ 128.208443088408245, -3.734593165102206 ], [ 128.208457461452781, -3.733696756956213 ], [ 128.208385596230045, -3.733209110540419 ], [ 128.20836224003267, -3.733048653296596 ], [ 128.208264323666697, -3.732753734598798 ], [ 128.208449376615249, -3.73244536965385 ], [ 128.208546394665916, -3.731116889205528 ], [ 128.208498783955861, -3.730621173651792 ], [ 128.208419732210871, -3.730108425985525 ], [ 128.208293968071075, -3.729872669528086 ], [ 128.208054117890214, -3.72941998109601 ], [ 128.207958896470075, -3.729063208662496 ], [ 128.207878946409807, -3.728763806558811 ], [ 128.207736114279641, -3.728267193263807 ], [ 128.20724293918866, -3.727370778663839 ], [ 128.207232159405237, -3.72688581798439 ], [ 128.206464099837348, -3.725834321914518 ], [ 128.205939483711376, -3.724889498287101 ], [ 128.205227119691102, -3.724249455898661 ], [ 128.204904624504081, -3.723959912760519 ], [ 128.204168904286405, -3.723398754580783 ], [ 128.203981156392018, -3.723255327512596 ], [ 128.203929054105544, -3.723233813450351 ], [ 128.203853595621666, -3.723111004001647 ], [ 128.203593084189293, -3.722894070481062 ], [ 128.20329664014551, -3.722646658632018 ], [ 128.202771125704317, -3.722054124899378 ], [ 128.202469291768836, -3.721717967158241 ], [ 128.202118948808021, -3.721349538126601 ], [ 128.201737164812272, -3.721105711529442 ], [ 128.201641045076911, -3.721044754869609 ], [ 128.201051750250514, -3.720915670164274 ], [ 128.201007732801571, -3.720907602369563 ], [ 128.200462455424116, -3.720803617453336 ], [ 128.199857889237904, -3.720674532712669 ], [ 128.199156305000997, -3.720546344375097 ], [ 128.198900285145044, -3.720352717200469 ], [ 128.198838301390424, -3.720306103244667 ], [ 128.198535569139665, -3.720097236835505 ], [ 128.198281345914296, -3.719761078347706 ], [ 128.197837578163927, -3.719283284863075 ], [ 128.197788170823287, -3.719280595593199 ], [ 128.19713509561177, -3.719248324354031 ], [ 128.197054247236167, -3.719207985303409 ], [ 128.196989568535713, -3.719134478584196 ], [ 128.196869194287643, -3.71903407915293 ], [ 128.19668054807795, -3.718904994153069 ], [ 128.196600598017682, -3.718838658798565 ], [ 128.196517054696272, -3.71878128767713 ], [ 128.196477528823749, -3.718754394962672 ], [ 128.19641015517746, -3.718709573770087 ], [ 128.196324815225466, -3.718653099064184 ], [ 128.196241271904057, -3.718565249514477 ], [ 128.19617389825774, -3.718497121286228 ], [ 128.196140660592221, -3.718463953594254 ], [ 128.196069693684763, -3.718393136085593 ], [ 128.196026574551155, -3.718349211298881 ], [ 128.195969980688233, -3.71820399055989 ], [ 128.19595381101314, -3.718022016390225 ], [ 128.195862182854142, -3.716645107170175 ], [ 128.195783131109124, -3.716530364638136 ], [ 128.195708570940553, -3.716464925531149 ], [ 128.195616942781584, -3.7163896257308 ], [ 128.195484890434813, -3.716279365297263 ], [ 128.195358227979739, -3.716195997643244 ], [ 128.195227073948274, -3.716116215687397 ], [ 128.19509142834039, -3.716014919485869 ], [ 128.194924341697515, -3.715895694738195 ], [ 128.19472761065029, -3.715820394889258 ], [ 128.194538964440625, -3.715679655868654 ], [ 128.194385352527036, -3.715573877481702 ], [ 128.194193113056258, -3.715468099082069 ], [ 128.194070043862325, -3.715392799196637 ], [ 128.193964940974098, -3.715265506518554 ], [ 128.193847261671891, -3.715093392445749 ], [ 128.193838278519024, -3.714966099724474 ], [ 128.193847261671891, -3.714860321251981 ], [ 128.193760125089312, -3.714759024906267 ], [ 128.193606513175723, -3.714670278540732 ], [ 128.19341786696603, -3.714635317848828 ], [ 128.193229220756393, -3.714594978587219 ], [ 128.193129507759863, -3.71453133219293 ], [ 128.193036981285587, -3.714454239371164 ], [ 128.192953437964178, -3.714401350105827 ], [ 128.192927386820941, -3.714339496554206 ], [ 128.192983980683806, -3.714088496590104 ], [ 128.193019913295188, -3.713921760860208 ], [ 128.193085490310921, -3.713789985825589 ], [ 128.193164542055939, -3.713631317900658 ], [ 128.193494223765185, -3.713244060472606 ], [ 128.193634360949545, -3.713120353202846 ], [ 128.19376551498101, -3.713050431694879 ], [ 128.193879601022104, -3.712971545884371 ], [ 128.194037704512084, -3.71288369576892 ], [ 128.194191316425673, -3.712751024149422 ], [ 128.194309894043187, -3.712694549062102 ], [ 128.19436648790608, -3.712588770317401 ], [ 128.194379962635338, -3.712509884465646 ], [ 128.194349419915682, -3.71245699508382 ], [ 128.194300910890348, -3.712399623547407 ], [ 128.194305402466767, -3.712307291223169 ], [ 128.194318877196025, -3.712231991068098 ], [ 128.19435840306852, -3.71211276580944 ], [ 128.194323368772444, -3.712051808528117 ], [ 128.194235333874587, -3.711998919118855 ], [ 128.194148197292066, -3.711985472658367 ], [ 128.194055670817789, -3.712006986995048 ], [ 128.193920025209877, -3.711972026197675 ], [ 128.193735870576631, -3.711914654629758 ], [ 128.193639750841243, -3.711857283058112 ], [ 128.193565190672643, -3.711790947173752 ], [ 128.193521173223701, -3.711716543405635 ], [ 128.193499613656911, -3.711650207510703 ], [ 128.193544529421132, -3.711415342545359 ], [ 128.193635259264823, -3.711234263407305 ], [ 128.193745752044777, -3.711016430533626 ], [ 128.193767311611595, -3.710928580223692 ], [ 128.193754735197615, -3.710778876103982 ], [ 128.193693649758274, -3.710664132809424 ], [ 128.193623581166122, -3.710576282464457 ], [ 128.193584055293627, -3.710500982161817 ], [ 128.193544529421132, -3.710302870620647 ], [ 128.193536444583572, -3.710171095046037 ], [ 128.193422358542477, -3.710047387345865 ], [ 128.193275933151142, -3.710177370073845 ], [ 128.193159152164213, -3.71022219169975 ], [ 128.193045964438426, -3.710275081215392 ], [ 128.192965116062851, -3.71032707429548 ], [ 128.192823182247992, -3.710376378075495 ], [ 128.192722570936155, -3.710416717529825 ], [ 128.19264172256058, -3.710505464322868 ], [ 128.192512365159672, -3.710720608026576 ], [ 128.192462957819032, -3.7108828622018 ], [ 128.192394685857437, -3.710959955335385 ], [ 128.192144954208459, -3.710959058903639 ], [ 128.192062309202299, -3.711013741238554 ], [ 128.191979664196168, -3.711028084145512 ], [ 128.1918422219577, -3.711110555856004 ], [ 128.191732627493053, -3.711151791708363 ], [ 128.191677830260716, -3.711275499253889 ], [ 128.191608659983842, -3.71135797094128 ], [ 128.191526913292989, -3.711413549682788 ], [ 128.191416420513036, -3.711468231989568 ], [ 128.191348148551441, -3.711509467825229 ], [ 128.191265503545281, -3.711550703658965 ], [ 128.191197231583715, -3.711619728854605 ], [ 128.191198129898993, -3.711726404146348 ], [ 128.191153214134772, -3.711856386627276 ], [ 128.191112789946999, -3.712034776345819 ], [ 128.190865753243884, -3.712890867207242 ], [ 128.190865753243884, -3.712992163767343 ], [ 128.190804667804542, -3.713053120983749 ], [ 128.190655547467372, -3.713101528182015 ], [ 128.190578292352967, -3.713125731780153 ], [ 128.190465104627179, -3.713243164043177 ], [ 128.190327662388682, -3.713365078437121 ], [ 128.190178542051513, -3.713478924951558 ], [ 128.190036608236625, -3.713562292862265 ], [ 128.189907250835688, -3.713620560752173 ], [ 128.189623383205912, -3.713900246570186 ], [ 128.189511992110681, -3.713794467969947 ], [ 128.189397906069615, -3.713648350052158 ], [ 128.189152665997057, -3.713125731780153 ], [ 128.189091580557744, -3.713079117442406 ], [ 128.188911917500917, -3.712958099438695 ], [ 128.188555286333099, -3.712740266990211 ], [ 128.188256147343509, -3.712532295219702 ], [ 128.187913889220255, -3.712247230385715 ], [ 128.187613851915359, -3.711910172475857 ], [ 128.187302136511761, -3.711546221503217 ], [ 128.186744282720326, -3.710953680313136 ], [ 128.186720028207645, -3.710930373087247 ], [ 128.186384956606673, -3.710606761156557 ], [ 128.186290633501841, -3.710691025770423 ], [ 128.186331057689614, -3.710901687269924 ], [ 128.186166665992658, -3.711032566303889 ], [ 128.186089410878196, -3.710946508859081 ], [ 128.18602563049302, -3.710653375624795 ], [ 128.186022935547186, -3.710507257187282 ], [ 128.185985206305247, -3.710408649639106 ], [ 128.185855848904339, -3.710226673862214 ], [ 128.185607913885917, -3.709623374589953 ], [ 128.185526167195064, -3.709209222399399 ], [ 128.185280028807199, -3.708945670904364 ], [ 128.185171332657831, -3.708732319636539 ], [ 128.18507611123772, -3.708361195879893 ], [ 128.18482727790402, -3.708140672994177 ], [ 128.184623360334541, -3.7079595931851 ], [ 128.184171507746584, -3.708072543961451 ], [ 128.183683722547357, -3.708254520181883 ], [ 128.18357951797438, -3.708259898788812 ], [ 128.18330193855158, -3.708200734110778 ], [ 128.183190547456348, -3.707939871619497 ], [ 128.183053105217851, -3.70776148107427 ], [ 128.182718033616908, -3.707498825582876 ] ] ] } },
{ "type": "Feature", "properties": { "FID": 10, "Provinsi": "MALUKU", "Kode_Prov": "81", "Kota_Kab": "KOTA AMBON", "Kode_Kab": "8171", "Kecamatan": "Nusaniwe", "Kode_Kec": "817110", "Kelurahan": "Kel. Nusaniwe", "Kode_Kel": "81711005", "Sumber": "Wilkerstat BPS Tahun 2019", "city": "ambon", "source_layer": "Wilayah Administrasi", "role": "admin" }, "geometry": { "type": "Polygon", "coordinates": [ [ [ 128.157900277262513, -3.704438390319325 ], [ 128.157871531173441, -3.704381914700918 ], [ 128.157808649103544, -3.704418668675212 ], [ 128.157818530571689, -3.704459008401337 ], [ 128.157844581714926, -3.70445631908632 ], [ 128.157885904217977, -3.704542377162839 ], [ 128.157686478224917, -3.70461678153475 ], [ 128.157724207466856, -3.70473331849023 ], [ 128.157687376540196, -3.704766486697829 ], [ 128.15760293490348, -3.704697460967101 ], [ 128.157204082917332, -3.704805929970115 ], [ 128.156704619619376, -3.705552662497755 ], [ 128.156533939715388, -3.705809043508357 ], [ 128.156533939715388, -3.705849383171093 ], [ 128.156522261616715, -3.705900480074583 ], [ 128.156472854276075, -3.705954266285596 ], [ 128.156436023349414, -3.706025084791774 ], [ 128.156435125034136, -3.706026877665273 ], [ 128.156319242362486, -3.706082456741989 ], [ 128.156233902410492, -3.706123692828907 ], [ 128.156033578102125, -3.706181064772725 ], [ 128.155988662337933, -3.70619361488494 ], [ 128.155859304936996, -3.706189132702026 ], [ 128.155735337427785, -3.706198097067831 ], [ 128.155648200845235, -3.706284154974924 ], [ 128.155609573288018, -3.706302980140984 ], [ 128.155439791699337, -3.706384555855952 ], [ 128.15534726522506, -3.706532467847417 ], [ 128.155305942722009, -3.706670519017132 ], [ 128.155097533576082, -3.706813948781026 ], [ 128.154997820579553, -3.706966342879675 ], [ 128.154767851866808, -3.707215551996173 ], [ 128.154701376535769, -3.707315056336019 ], [ 128.154645680988182, -3.707332088609284 ], [ 128.154629511313033, -3.707329399303001 ], [ 128.154633104574174, -3.707284577530408 ], [ 128.154607053430937, -3.707274716740133 ], [ 128.154386067871059, -3.707629705120764 ], [ 128.154367203250104, -3.707683491226608 ], [ 128.154386067871059, -3.707756102464308 ], [ 128.154298931288508, -3.707831403000809 ], [ 128.154126454753964, -3.707969453967738 ], [ 128.154046504693667, -3.708136190821132 ], [ 128.153966554633399, -3.708264380961231 ], [ 128.153922537184457, -3.708351335101626 ], [ 128.153874028159123, -3.708471457302122 ], [ 128.153828214079624, -3.708601440261884 ], [ 128.153779705054262, -3.708671362121986 ], [ 128.153740179181796, -3.708705426615931 ], [ 128.153689873525849, -3.70870990878609 ], [ 128.153647652707519, -3.708770866297982 ], [ 128.153601838627992, -3.708860509690188 ], [ 128.153587465583456, -3.708890092007622 ], [ 128.153543448134542, -3.70894836020573 ], [ 128.15350661720791, -3.70895463524222 ], [ 128.153459006497854, -3.709003939098808 ], [ 128.153388039590396, -3.709089100299164 ], [ 128.153340428880341, -3.709173365057754 ], [ 128.153300903007846, -3.709217290301069 ], [ 128.153227241154553, -3.709220876035121 ], [ 128.153147291094257, -3.709284522812117 ], [ 128.152997272441809, -3.709452155850724 ], [ 128.152982899397273, -3.709471877382587 ], [ 128.152878694824295, -3.709418987818871 ], [ 128.152903847652283, -3.709368787552076 ], [ 128.152850847050502, -3.709339205250665 ], [ 128.152791558241745, -3.709438709351474 ], [ 128.152827490853127, -3.709476359548859 ], [ 128.152856236942199, -3.709448570117611 ], [ 128.152955949938757, -3.709496977513412 ], [ 128.152883186400715, -3.709621581723744 ], [ 128.152842762212941, -3.709676264141436 ], [ 128.152810422862729, -3.70975694311218 ], [ 128.152823897591986, -3.709826864880867 ], [ 128.152805032971031, -3.709871686524551 ], [ 128.152643336219853, -3.709797282594789 ], [ 128.152547216484464, -3.710004358576529 ], [ 128.152735862694129, -3.710109241198116 ], [ 128.152650522742135, -3.710254463268992 ], [ 128.152577759204121, -3.710316317106747 ], [ 128.152558894583137, -3.710345002943077 ], [ 128.152437622019789, -3.710338727916458 ], [ 128.152301078096627, -3.710739433098158 ], [ 128.152210348252936, -3.710732261642366 ], [ 128.152116923463382, -3.710817422676152 ], [ 128.152029786880803, -3.710995812604529 ], [ 128.151983972801332, -3.71106394141189 ], [ 128.151832157518299, -3.711225299092575 ], [ 128.151767478817845, -3.711337353020153 ], [ 128.151742325989886, -3.711390242469033 ], [ 128.151621053426538, -3.711384863881157 ], [ 128.151582425869321, -3.711510364256418 ], [ 128.151525832006428, -3.711595525215189 ], [ 128.151586917445741, -3.711667239700418 ], [ 128.151533018528681, -3.711724611284408 ], [ 128.151453068468385, -3.711775707848262 ], [ 128.151391084713794, -3.7117075790958 ], [ 128.151380304930399, -3.711694132630877 ], [ 128.151385694822096, -3.711688754044851 ], [ 128.151364135255278, -3.71165917182112 ], [ 128.151323711067477, -3.711695029061878 ], [ 128.151347965580158, -3.711727300577317 ], [ 128.15135515210244, -3.711721025560518 ], [ 128.151431508901567, -3.71180529006809 ], [ 128.151415339226475, -3.711832182994345 ], [ 128.15143420384743, -3.711859972350616 ], [ 128.151275202042143, -3.712078701446866 ], [ 128.151062301319826, -3.712416655722669 ], [ 128.151003910826347, -3.712566359564778 ], [ 128.150942825387034, -3.712586977457212 ], [ 128.150927554027191, -3.712693652632116 ], [ 128.150925757396635, -3.712797638504491 ], [ 128.150929350657748, -3.712881902909329 ], [ 128.150885333208862, -3.712982303040764 ], [ 128.150840417444641, -3.713016367368479 ], [ 128.150818857877823, -3.713079117442406 ], [ 128.15082873934594, -3.713141867511876 ], [ 128.150832332607081, -3.713166071108907 ], [ 128.150799993256868, -3.713218960448259 ], [ 128.150774840428909, -3.713258403343341 ], [ 128.150797298311005, -3.713267367637433 ], [ 128.151100928877042, -3.713273642643242 ], [ 128.151323711067477, -3.713286192654727 ], [ 128.151608477012559, -3.713476235663985 ], [ 128.151773767024849, -3.713707514365342 ], [ 128.151969599756768, -3.713705721507425 ], [ 128.152367553427638, -3.713604425029198 ], [ 128.152416062452971, -3.713604425029198 ], [ 128.152510385557832, -3.713612492890722 ], [ 128.152606505293221, -3.713649246481175 ], [ 128.15270172671336, -3.713662692916324 ], [ 128.152757422260947, -3.713681517925189 ], [ 128.152796049818193, -3.713728132231126 ], [ 128.152852643681086, -3.713751439383171 ], [ 128.152917322381541, -3.713751439383171 ], [ 128.152987390973692, -3.71376936796125 ], [ 128.153081714078525, -3.713829428695158 ], [ 128.153164359084656, -3.71389038585375 ], [ 128.153260478820044, -3.713986303727131 ], [ 128.153296411431398, -3.714022160873381 ], [ 128.153330547412224, -3.714036503731474 ], [ 128.153356598555462, -3.714050846589332 ], [ 128.153366480023578, -3.714065189446959 ], [ 128.153401514319654, -3.714113596589726 ], [ 128.153418582310081, -3.714156625158848 ], [ 128.153441040192178, -3.714188896584311 ], [ 128.153488650902204, -3.714231925149761 ], [ 128.153538058242844, -3.71426867871442 ], [ 128.153595550421016, -3.714316189417689 ], [ 128.153657534175636, -3.71435742512034 ], [ 128.153756348856888, -3.714409417960065 ], [ 128.153849773646442, -3.71446768579405 ], [ 128.153881214681377, -3.714492785782888 ], [ 128.153914452346896, -3.714519678627281 ], [ 128.153992605776608, -3.714551053611369 ], [ 128.154051894585393, -3.714585117878545 ], [ 128.154075250782768, -3.714629042852699 ], [ 128.154088725512025, -3.714663107116865 ], [ 128.154129149699799, -3.714681932104392 ], [ 128.154445356679815, -3.714801157016073 ], [ 128.154708563058051, -3.71497416757355 ], [ 128.15486666654806, -3.715238613696892 ], [ 128.154918768834534, -3.715424174149681 ], [ 128.154958294707058, -3.715622284541712 ], [ 128.154984345850295, -3.715768402132668 ], [ 128.154997820579553, -3.715901073298587 ], [ 128.155049922866027, -3.715993405246878 ], [ 128.155168500483541, -3.716086633612047 ], [ 128.155314027559569, -3.716152969173571 ], [ 128.15681062082291, -3.716116215687397 ], [ 128.157346915047526, -3.716111733554832 ], [ 128.157678393387357, -3.71598892311369 ], [ 128.157867039597022, -3.715912726845992 ], [ 128.15820390782855, -3.715856251960981 ], [ 128.158308112401528, -3.715830255584126 ], [ 128.15840243550636, -3.715805155633333 ], [ 128.15857670867149, -3.71580605206016 ], [ 128.158688998081999, -3.715754955729604 ], [ 128.158766253196433, -3.715669795172102 ], [ 128.158783321186831, -3.715607941709393 ], [ 128.158764456565876, -3.715581048898168 ], [ 128.158616234543985, -3.715362320669754 ], [ 128.158561437311675, -3.715017196100713 ], [ 128.157798767635427, -3.714018575158821 ], [ 128.158052092545546, -3.713848253700466 ], [ 128.158226365710675, -3.714024850159291 ], [ 128.158441961378884, -3.714067878732737 ], [ 128.158985442125754, -3.714142282302707 ], [ 128.159029459574668, -3.714147660873787 ], [ 128.159390582318878, -3.714170968014754 ], [ 128.159413040201002, -3.714144075159737 ], [ 128.159451667758191, -3.713994371585163 ], [ 128.159521736350371, -3.713943275149706 ], [ 128.159769671368792, -3.713922657288948 ], [ 128.159638517337299, -3.713142763941406 ], [ 128.159611567878784, -3.712817359961662 ], [ 128.15958821168141, -3.712546638101999 ], [ 128.159609771248228, -3.712261573272642 ], [ 128.159621449346901, -3.711927204660559 ], [ 128.159625042608042, -3.711838458010354 ], [ 128.159722060658737, -3.711807082929865 ], [ 128.159925079912938, -3.711837561579499 ], [ 128.160277219504309, -3.711889554567622 ], [ 128.160243083523511, -3.711576700161852 ], [ 128.16035177967288, -3.711324802980972 ], [ 128.160443407831877, -3.710999398331363 ], [ 128.160362559456303, -3.710988641150815 ], [ 128.160253863306906, -3.710975194674949 ], [ 128.160078691826527, -3.711002984058183 ], [ 128.160013114810795, -3.711037944893911 ], [ 128.159666365111121, -3.711080077181285 ], [ 128.159598991464804, -3.711088145065871 ], [ 128.159528922872653, -3.710464228440341 ], [ 128.159495685207133, -3.710076073190927 ], [ 128.159466040802755, -3.709929954657939 ], [ 128.159431006506679, -3.709754253813274 ], [ 128.159525329611512, -3.709735428720702 ], [ 128.159891842247447, -3.709662817645596 ], [ 128.159774162945212, -3.709202050931187 ], [ 128.159752603378394, -3.709134818413864 ], [ 128.159665466795815, -3.708860509690188 ], [ 128.159551380754749, -3.70872604459847 ], [ 128.159539702656048, -3.708711701654145 ], [ 128.159338480032403, -3.707940768054306 ], [ 128.159270208070808, -3.707703212797931 ], [ 128.159241461981708, -3.707601019196308 ], [ 128.159183969803536, -3.707401114134422 ], [ 128.159172291704863, -3.707257684465762 ], [ 128.159235173774732, -3.707039850611988 ], [ 128.159254936710994, -3.706970825058649 ], [ 128.159294462583489, -3.70688924939776 ], [ 128.159369022752088, -3.706721615873187 ], [ 128.159361836229806, -3.706585357583815 ], [ 128.159276496277812, -3.706402484583508 ], [ 128.159272004701393, -3.706391727347018 ], [ 128.159235173774732, -3.706363937818814 ], [ 128.15901239158427, -3.70619361488494 ], [ 128.159005205061987, -3.70616223960407 ], [ 128.158974662342359, -3.706038531342938 ], [ 128.15899173033273, -3.705893308579536 ], [ 128.159093239959844, -3.705717606932681 ], [ 128.159113901211384, -3.705698781754163 ], [ 128.15916151192144, -3.705655752773187 ], [ 128.159201936109213, -3.705613620227288 ], [ 128.160075996880664, -3.704728836299918 ], [ 128.160083183402946, -3.704720768357299 ], [ 128.160059827205544, -3.704714493290768 ], [ 128.159792129250917, -3.704640088927073 ], [ 128.159497481837718, -3.704614092220211 ], [ 128.15875008352134, -3.704632020983647 ], [ 128.158669235145766, -3.704652639061147 ], [ 128.158463520945702, -3.704705528909932 ], [ 128.158119466191835, -3.704798758466195 ], [ 128.158095211679182, -3.704700150281387 ], [ 128.158031431294035, -3.704568373871808 ], [ 128.157939803135037, -3.704653535499288 ], [ 128.157931718297476, -3.704571063186485 ], [ 128.157879616011002, -3.70445631908632 ], [ 128.157900277262513, -3.704438390319325 ] ] ] } },
{ "type": "Feature", "properties": { "FID": 11, "Provinsi": "MALUKU", "Kode_Prov": "81", "Kota_Kab": "KOTA AMBON", "Kode_Kab": "8171", "Kecamatan": "Nusaniwe", "Kode_Kec": "817110", "Kelurahan": "Kudamati", "Kode_Kel": "81711008", "Sumber": "Survey Pemetaan Kotaku Tahun 2020", "city": "ambon", "source_layer": "Wilayah Administrasi", "role": "admin" }, "geometry": { "type": "Polygon", "coordinates": [ [ [ 128.175434493293267, -3.704405222099427 ], [ 128.175421018564009, -3.704359503740233 ], [ 128.174449939741891, -3.705104443769261 ], [ 128.174445448165443, -3.70510802951999 ], [ 128.173930713507644, -3.705134922649994 ], [ 128.172960533000804, -3.705316003037406 ], [ 128.17231913588796, -3.705436125650191 ], [ 128.171887046236293, -3.705516805007831 ], [ 128.17154927968943, -3.705551766060525 ], [ 128.171471126259746, -3.705559833995566 ], [ 128.171455854899875, -3.705561626870008 ], [ 128.171170190639572, -3.705532940878477 ], [ 128.170891712901465, -3.705505151323294 ], [ 128.170443453574705, -3.705713124747356 ], [ 128.169896379566666, -3.70575167154041 ], [ 128.169784988471434, -3.705733742799664 ], [ 128.169737377761379, -3.705726571303263 ], [ 128.169572986064367, -3.705701471065404 ], [ 128.168910029384733, -3.705341999723645 ], [ 128.168482431309457, -3.705241598724291 ], [ 128.167355943943164, -3.70500404274295 ], [ 128.167285875351013, -3.704998664116219 ], [ 128.166661546228568, -3.704947567160644 ], [ 128.166016555854526, -3.704917984711331 ], [ 128.165643755011644, -3.704959220852527 ], [ 128.165072426490951, -3.705022867936252 ], [ 128.164689744179896, -3.705065000510284 ], [ 128.164701422278625, -3.705120579647427 ], [ 128.164696930702178, -3.705347378348289 ], [ 128.164636743578143, -3.70542536840195 ], [ 128.16468345597292, -3.705795596953704 ], [ 128.164709507116157, -3.705972195021873 ], [ 128.164735558259395, -3.706151482364659 ], [ 128.164793948752873, -3.706216922235723 ], [ 128.16481999989611, -3.7062465046416 ], [ 128.164878390389561, -3.706277879919482 ], [ 128.164941272459458, -3.706325391052441 ], [ 128.164976306755534, -3.706351387709016 ], [ 128.164999662952937, -3.706372005746447 ], [ 128.164996968007074, -3.706423999056094 ], [ 128.164983493277788, -3.706482267416722 ], [ 128.165070629860367, -3.706649004550543 ], [ 128.165108359102305, -3.706900006628198 ], [ 128.165136206876127, -3.706893731577125 ], [ 128.165163156334643, -3.707013853975648 ], [ 128.165222445143399, -3.707002200310835 ], [ 128.165243106394939, -3.707053297147725 ], [ 128.165252089547778, -3.707076604475853 ], [ 128.165410193037758, -3.707105290417321 ], [ 128.165571889788907, -3.707087361704012 ], [ 128.165791078718229, -3.70704433279059 ], [ 128.16586474057155, -3.70699144308164 ], [ 128.165983318189035, -3.706970825058649 ], [ 128.166026437322671, -3.706987857338545 ], [ 128.166042606997792, -3.707022818333093 ], [ 128.166056980042327, -3.707080190218587 ], [ 128.166055183411771, -3.707105290417321 ], [ 128.166053386781215, -3.707145630020934 ], [ 128.166108184013524, -3.707250512981719 ], [ 128.166189032389099, -3.707380496120985 ], [ 128.166301321799608, -3.707626119380258 ], [ 128.166363305554228, -3.707693352012325 ], [ 128.166609443942065, -3.707930010836529 ], [ 128.166765750801517, -3.70809136908944 ], [ 128.166898701463566, -3.7081460516018 ], [ 128.167028058864474, -3.708180116115987 ], [ 128.167160111211246, -3.708202526979868 ], [ 128.167210416867135, -3.708267966699148 ], [ 128.167214010128276, -3.708272448871524 ], [ 128.167276892198174, -3.708352231536018 ], [ 128.167455656939694, -3.708555722119595 ], [ 128.167598489069917, -3.708689290803173 ], [ 128.167620946952013, -3.70870990878609 ], [ 128.167664964400899, -3.708751144750477 ], [ 128.167832051043774, -3.708934913698815 ], [ 128.167962306759961, -3.709098064635566 ], [ 128.168031477036834, -3.70915185065207 ], [ 128.168132986663949, -3.709230736803688 ], [ 128.16822371650764, -3.709325758749696 ], [ 128.168241682813317, -3.709409127052404 ], [ 128.168268632271833, -3.709531938408732 ], [ 128.168306361513771, -3.709661921212533 ], [ 128.168354870539105, -3.709703157132503 ], [ 128.168447397013381, -3.709781146801966 ], [ 128.168584839251849, -3.709857343598819 ], [ 128.168608195449252, -3.709870790091698 ], [ 128.168794146713054, -3.71000615144196 ], [ 128.16891991085285, -3.710134341310838 ], [ 128.169010640696541, -3.710258048998835 ], [ 128.16906992950527, -3.710392513857449 ], [ 128.169031301948081, -3.710537735881765 ], [ 128.168955843464204, -3.710710747274635 ], [ 128.168929792320966, -3.710938440973202 ], [ 128.168929792320966, -3.711125795192969 ], [ 128.168950453572506, -3.711160756023838 ], [ 128.168963029986458, -3.711180477517564 ], [ 128.16895764009476, -3.711301495764875 ], [ 128.168767197254539, -3.711523810724138 ], [ 128.168754620840559, -3.711588353766347 ], [ 128.168753722525281, -3.71162421100998 ], [ 128.168751925894696, -3.711692339768872 ], [ 128.168730366327907, -3.711782879295584 ], [ 128.168724976436181, -3.711868040228079 ], [ 128.168718688229205, -3.711949615429401 ], [ 128.168746536002999, -3.712037465637782 ], [ 128.168763603993398, -3.712074219293798 ], [ 128.16877079051568, -3.712089458614136 ], [ 128.168786960190772, -3.712154898045541 ], [ 128.168781570299075, -3.712248126816154 ], [ 128.168789655136635, -3.712299223349718 ], [ 128.168791451767191, -3.712306394792789 ], [ 128.168691738770661, -3.712529605929246 ], [ 128.168693535401218, -3.712561877414186 ], [ 128.168701620238807, -3.712667656162108 ], [ 128.168772587146236, -3.712892660066815 ], [ 128.168780671983797, -3.713014574509158 ], [ 128.168775282092099, -3.713179517551415 ], [ 128.168777977037934, -3.713191171134758 ], [ 128.16879235008247, -3.713241371184318 ], [ 128.168794146713054, -3.713242267613749 ], [ 128.168998962597811, -3.713263781919807 ], [ 128.169265762237217, -3.713271849784445 ], [ 128.169519985462614, -3.713301431954148 ], [ 128.169514595570917, -3.713531814272167 ], [ 128.169885599783271, -3.713544364279982 ], [ 128.169887396413827, -3.713559603574946 ], [ 128.170100297136173, -3.713481614239123 ], [ 128.170571014345029, -3.713497749964341 ], [ 128.171134258028189, -3.713166071108907 ], [ 128.171623839858029, -3.713141867511876 ], [ 128.171968792927117, -3.713061188850311 ], [ 128.171856503516608, -3.71255112025267 ], [ 128.171848418679048, -3.712460580804721 ], [ 128.171769366934058, -3.711591043059669 ], [ 128.17173523095326, -3.711213645483291 ], [ 128.172355966814592, -3.711090834360717 ], [ 128.17260569846357, -3.711071112864991 ], [ 128.173122229751954, -3.711036152030574 ], [ 128.173100670185107, -3.710824594131255 ], [ 128.173146484264606, -3.710774393944316 ], [ 128.17316534888559, -3.710760947465189 ], [ 128.173194094974662, -3.710738536666187 ], [ 128.173342316996553, -3.71062648266265 ], [ 128.173304587754615, -3.710421199691303 ], [ 128.173323452375598, -3.710132548445667 ], [ 128.173814830835994, -3.710129859147905 ], [ 128.17399449389282, -3.710136134176005 ], [ 128.174409515554089, -3.710363828022661 ], [ 128.174476889200406, -3.710343210078332 ], [ 128.17484070689045, -3.709997187114769 ], [ 128.174901792329791, -3.710072487460344 ], [ 128.174986233966479, -3.710226673862214 ], [ 128.175169490284446, -3.71017557720876 ], [ 128.175173981860866, -3.710099380439352 ], [ 128.175514443353563, -3.709885133017212 ], [ 128.175606071512533, -3.709803557625252 ], [ 128.175692309779834, -3.7097139143287 ], [ 128.175713869346623, -3.709645785417238 ], [ 128.175777649731799, -3.709712121462676 ], [ 128.1757893278305, -3.709704053565524 ], [ 128.175908803763292, -3.709585724398831 ], [ 128.175980668986, -3.709545384906564 ], [ 128.176021093173802, -3.709600963762097 ], [ 128.17611721290919, -3.70955255637199 ], [ 128.176398385593131, -3.709603653061469 ], [ 128.176447792933743, -3.709608135227072 ], [ 128.176475640707537, -3.709567795735828 ], [ 128.176712795942592, -3.709608135227072 ], [ 128.176711897627314, -3.7096162031251 ], [ 128.176702016159169, -3.709676264141436 ], [ 128.176728067302406, -3.70978831826548 ], [ 128.176779271273602, -3.709830450612444 ], [ 128.176852933126895, -3.709858240031684 ], [ 128.176885272477108, -3.709860032897411 ], [ 128.176911323620374, -3.709830450612444 ], [ 128.176963425906848, -3.709831347045338 ], [ 128.176972409059687, -3.709795489728935 ], [ 128.177102664775873, -3.709839414941326 ], [ 128.177119732766272, -3.709972086998151 ], [ 128.17725717500474, -3.709970294132651 ], [ 128.177441329637986, -3.709894993778367 ], [ 128.177541042634516, -3.70987347939025 ], [ 128.17765512867561, -3.709847482837243 ], [ 128.177674891611872, -3.709823279149273 ], [ 128.178040505932501, -3.709770389606588 ], [ 128.178408815198964, -3.70973005012275 ], [ 128.178610936137886, -3.709687021337961 ], [ 128.178508528195522, -3.709368787552076 ], [ 128.178720530602561, -3.709359823218419 ], [ 128.179510149737325, -3.708788794977151 ], [ 128.179002601601809, -3.708724251730443 ], [ 128.17899811002539, -3.708405121163566 ], [ 128.179019669592179, -3.708382710304822 ], [ 128.179340368148615, -3.708050133094274 ], [ 128.179639507138205, -3.707586676233732 ], [ 128.179498471638624, -3.707563368919049 ], [ 128.179380792336417, -3.707557093872683 ], [ 128.179287367546863, -3.70760819067751 ], [ 128.179220892215824, -3.707601915631463 ], [ 128.178893905452412, -3.707572333270923 ], [ 128.178654055271551, -3.707528407945873 ], [ 128.178441154549205, -3.707541854474182 ], [ 128.17817345659455, -3.707526615075416 ], [ 128.177788977652938, -3.707308781287891 ], [ 128.177747655149886, -3.707285473965884 ], [ 128.177300294138377, -3.706951103470991 ], [ 128.177235615437922, -3.706900006628198 ], [ 128.176993968626476, -3.70679781293375 ], [ 128.176840356712916, -3.706534260719888 ], [ 128.176798135894558, -3.706510953377468 ], [ 128.176745135292805, -3.70648316385301 ], [ 128.176435216519764, -3.706444617091832 ], [ 128.1762869944979, -3.7064204133107 ], [ 128.176235790526704, -3.706372902182846 ], [ 128.176140569106565, -3.706285051411413 ], [ 128.175917786916131, -3.70619451132152 ], [ 128.175879159358914, -3.706171203970146 ], [ 128.175792921091642, -3.706119210645639 ], [ 128.175765971633098, -3.706103074785687 ], [ 128.175490188840882, -3.706008052493337 ], [ 128.175037437937675, -3.705909444443313 ], [ 128.175002403641599, -3.705856554666497 ], [ 128.174984437335922, -3.70582786868453 ], [ 128.175005098587462, -3.705683542323639 ], [ 128.175091336854734, -3.705537423064715 ], [ 128.175450662968387, -3.70522456641077 ], [ 128.175592596783275, -3.705050657506582 ], [ 128.175585410261021, -3.704968185230793 ], [ 128.175539596181522, -3.704891091574733 ], [ 128.175474917481068, -3.704680428643106 ], [ 128.175469527589343, -3.704524448397588 ], [ 128.175434493293267, -3.704405222099427 ] ] ] } },
{ "type": "Feature", "properties": { "FID": 12, "Provinsi": "MALUKU", "Kode_Prov": "81", "Kota_Kab": "KOTA AMBON", "Kode_Kab": "8171", "Kecamatan": "Nusaniwe", "Kode_Kec": "817110", "Kelurahan": "Mangga Dua", "Kode_Kel": "81711010", "Sumber": "Wilkerstat BPS Tahun 2019", "city": "ambon", "source_layer": "Wilayah Administrasi", "role": "admin" }, "geometry": { "type": "Polygon", "coordinates": [ [ [ 128.178898397028831, -3.702124679891226 ], [ 128.178053980661758, -3.701689009602958 ], [ 128.177855452983977, -3.702064618362165 ], [ 128.17778807933766, -3.702153365993221 ], [ 128.177716214114923, -3.702247492258862 ], [ 128.177303887399489, -3.702790735082185 ], [ 128.177232920492088, -3.702892032799497 ], [ 128.17690054383695, -3.703364456513882 ], [ 128.17684664491992, -3.703440653863559 ], [ 128.176840356712916, -3.703449618257208 ], [ 128.17672627067185, -3.703514161888796 ], [ 128.176034567903059, -3.703823433391518 ], [ 128.176012110020963, -3.703833294220261 ], [ 128.175995042030564, -3.70384136217097 ], [ 128.175959109419182, -3.703857498072167 ], [ 128.175868379575491, -3.7039336953794 ], [ 128.175616851295956, -3.704234898788477 ], [ 128.175612359719537, -3.704237588104169 ], [ 128.175421018564009, -3.704359503740233 ], [ 128.175434493293267, -3.704405222099427 ], [ 128.175469527589343, -3.704524448397588 ], [ 128.175474917481068, -3.704680428643106 ], [ 128.175539596181522, -3.704891091574733 ], [ 128.175585410261021, -3.704968185230793 ], [ 128.175592596783275, -3.705050657506582 ], [ 128.175450662968387, -3.70522456641077 ], [ 128.175091336854734, -3.705537423064715 ], [ 128.175005098587462, -3.705683542323639 ], [ 128.174984437335922, -3.70582786868453 ], [ 128.175002403641599, -3.705856554666497 ], [ 128.175037437937675, -3.705909444443313 ], [ 128.175490188840882, -3.706008052493337 ], [ 128.175765971633098, -3.706103074785687 ], [ 128.175792921091642, -3.706119210645639 ], [ 128.175879159358914, -3.706171203970146 ], [ 128.175917786916131, -3.70619451132152 ], [ 128.176140569106565, -3.706285051411413 ], [ 128.176235790526704, -3.706372902182846 ], [ 128.1762869944979, -3.7064204133107 ], [ 128.176435216519764, -3.706444617091832 ], [ 128.176745135292805, -3.70648316385301 ], [ 128.176798135894558, -3.706510953377468 ], [ 128.176840356712916, -3.706534260719888 ], [ 128.176993968626476, -3.70679781293375 ], [ 128.177235615437922, -3.706900006628198 ], [ 128.177300294138377, -3.706951103470991 ], [ 128.177747655149886, -3.707285473965884 ], [ 128.177788977652938, -3.707308781287891 ], [ 128.17817345659455, -3.707526615075416 ], [ 128.178441154549205, -3.707541854474182 ], [ 128.178654055271551, -3.707528407945873 ], [ 128.178893905452412, -3.707572333270923 ], [ 128.179220892215824, -3.707601915631463 ], [ 128.179287367546863, -3.70760819067751 ], [ 128.179380792336417, -3.707557093872683 ], [ 128.179498471638624, -3.707563368919049 ], [ 128.179639507138205, -3.707586676233732 ], [ 128.179885645526099, -3.707450418077651 ], [ 128.179889238787212, -3.707447728771728 ], [ 128.179900916885913, -3.707441453724541 ], [ 128.179935951181989, -3.707421732147381 ], [ 128.180050037223083, -3.707355395930064 ], [ 128.180158733372451, -3.707315952771462 ], [ 128.180326718330576, -3.707308781287891 ], [ 128.180436312795251, -3.707348224446812 ], [ 128.180518059486104, -3.707394839086906 ], [ 128.180615975852078, -3.707450418077651 ], [ 128.180686044444201, -3.707489861230256 ], [ 128.180744434937679, -3.707509582805898 ], [ 128.180807317007577, -3.707564265354241 ], [ 128.180877385599729, -3.707630601555887 ], [ 128.180967217128142, -3.707686180531814 ], [ 128.181127117248735, -3.707791959863442 ], [ 128.181279830847046, -3.707870846136417 ], [ 128.181347204493363, -3.707924632227592 ], [ 128.181424459607797, -3.70798738266316 ], [ 128.181537647333585, -3.70802413648764 ], [ 128.181619394024409, -3.70805192596367 ], [ 128.181655326635791, -3.707972143272074 ], [ 128.181691259247145, -3.707872639006176 ], [ 128.181724496912665, -3.707785684818698 ], [ 128.181827803170336, -3.707679905486321 ], [ 128.181936499319733, -3.707617155028929 ], [ 128.181905058284769, -3.707600122761154 ], [ 128.181761327839325, -3.707576815446826 ], [ 128.181641851906534, -3.707562472483857 ], [ 128.181616699078575, -3.707551715261477 ], [ 128.181501714722202, -3.707544543779818 ], [ 128.1812870173693, -3.707488964794988 ], [ 128.18122054203829, -3.707454003818871 ], [ 128.181113642519477, -3.707374221073321 ], [ 128.180890860328986, -3.707100808239027 ], [ 128.180835164781399, -3.707015646847144 ], [ 128.180738146730704, -3.706865942064693 ], [ 128.180751621459962, -3.706735062413763 ], [ 128.180795638908876, -3.706657968911686 ], [ 128.180949250822465, -3.706453581455046 ], [ 128.180924996309813, -3.706349594836173 ], [ 128.180896250220684, -3.706278776355976 ], [ 128.180885470437289, -3.706250986824225 ], [ 128.180837859727234, -3.706192718448359 ], [ 128.180766892819776, -3.706183754082501 ], [ 128.180484821820585, -3.706150585928035 ], [ 128.180159631687729, -3.706112039152364 ], [ 128.179843424707713, -3.70609679972896 ], [ 128.179723948774921, -3.706091421108873 ], [ 128.179606269472714, -3.70607259593831 ], [ 128.179536200880534, -3.706057356514227 ], [ 128.179484996909366, -3.706017016860976 ], [ 128.179439182829867, -3.705952473411948 ], [ 128.179279282709302, -3.705658442084561 ], [ 128.178916363334508, -3.705069482698892 ], [ 128.178853481264611, -3.704958324414694 ], [ 128.178851684634054, -3.704883920071503 ], [ 128.178871447570316, -3.704845373240641 ], [ 128.178912770073367, -3.704778140392097 ], [ 128.178988228557245, -3.704698357405197 ], [ 128.178999008340668, -3.704688496586092 ], [ 128.179037635897856, -3.704652639061147 ], [ 128.179083449977384, -3.70460871359111 ], [ 128.179218197269989, -3.704511898261695 ], [ 128.179415826632493, -3.704422254428719 ], [ 128.179529912673559, -3.704368468124575 ], [ 128.179659270074467, -3.70424117385841 ], [ 128.179700592577547, -3.704204419876745 ], [ 128.179735626873622, -3.704060093251048 ], [ 128.179732033612481, -3.70400899624128 ], [ 128.179687117848289, -3.703973138688803 ], [ 128.179627829039532, -3.703967760055805 ], [ 128.179545184033373, -3.7040036176085 ], [ 128.179432894622863, -3.704026925016974 ], [ 128.179394267065675, -3.704020649945521 ], [ 128.179349351301454, -3.703976724444115 ], [ 128.179325096788773, -3.70388708055693 ], [ 128.179334978256918, -3.703668349434095 ], [ 128.179322401842938, -3.703542847945769 ], [ 128.179275689448161, -3.703482786512917 ], [ 128.179242451782642, -3.703480097194934 ], [ 128.179217298954683, -3.703478304316272 ], [ 128.17917687476691, -3.703498922420651 ], [ 128.17912297584985, -3.703573326880285 ], [ 128.179105009544173, -3.703693449729625 ], [ 128.179089738184359, -3.703757993343434 ], [ 128.179062788725815, -3.70387363397307 ], [ 128.179037635897856, -3.703958795667405 ], [ 128.178990923503108, -3.703993756781654 ], [ 128.178947804369443, -3.703985688832335 ], [ 128.17890738018167, -3.703955209912019 ], [ 128.178893007137134, -3.703870048217339 ], [ 128.178909176812255, -3.703819847635584 ], [ 128.178963974044592, -3.703756200465336 ], [ 128.179017872961623, -3.703645042016179 ], [ 128.17902326285332, -3.703470236362254 ], [ 128.179031347690881, -3.703386867499763 ], [ 128.179095128076057, -3.70333218469322 ], [ 128.179128365741576, -3.703327702495812 ], [ 128.179259519773041, -3.703311566584957 ], [ 128.17932599510408, -3.703341149087966 ], [ 128.179396962011509, -3.703405692727463 ], [ 128.179479607017669, -3.70350878325301 ], [ 128.179480505332947, -3.70350967969231 ], [ 128.179584709905896, -3.703533883553066 ], [ 128.179689812794152, -3.70350967969231 ], [ 128.179820068510338, -3.70351505832809 ], [ 128.17998895178377, -3.703711378511711 ], [ 128.1800599186912, -3.703789368709557 ], [ 128.180090461410856, -3.703801022416692 ], [ 128.18015514011131, -3.70382522626948 ], [ 128.180227005334046, -3.703794747343638 ], [ 128.180260242999566, -3.703715860707175 ], [ 128.180255751423147, -3.703688071094928 ], [ 128.180250361531421, -3.703657592164364 ], [ 128.180239581748026, -3.703588566347148 ], [ 128.180220717127071, -3.703470236362254 ], [ 128.18021712386593, -3.703450514696567 ], [ 128.180195564299112, -3.703211165355252 ], [ 128.18015514011131, -3.703106281915631 ], [ 128.179970087162786, -3.702992434065395 ], [ 128.179808390411637, -3.702900100758785 ], [ 128.179594591374013, -3.702646408225994 ], [ 128.179249638304924, -3.702330861228646 ], [ 128.179229875368662, -3.702319207502159 ], [ 128.178898397028831, -3.702124679891226 ] ] ] } },
{ "type": "Feature", "properties": { "FID": 13, "Provinsi": "MALUKU", "Kode_Prov": "81", "Kota_Kab": "KOTA AMBON", "Kode_Kab": "8171", "Kecamatan": "Nusaniwe", "Kode_Kec": "817110", "Kelurahan": "Benteng", "Kode_Kel": "81711006", "Sumber": "Survey Pemetaan Kotaku Tahun 2020", "city": "ambon", "source_layer": "Wilayah Administrasi", "role": "admin" }, "geometry": { "type": "Polygon", "coordinates": [ [ [ 128.163784242373509, -3.701111701318792 ], [ 128.163561460183047, -3.700953927560753 ], [ 128.163498578113177, -3.7010444681867 ], [ 128.163549782084345, -3.701090186717078 ], [ 128.163566850074773, -3.701078532974265 ], [ 128.16359290121801, -3.701090186717078 ], [ 128.163560561867769, -3.701141283895295 ], [ 128.163505764635431, -3.701230031618878 ], [ 128.163476120231081, -3.701212999228172 ], [ 128.163447374141953, -3.701240788918101 ], [ 128.163394373540228, -3.701234513826904 ], [ 128.163379102180386, -3.701232720943696 ], [ 128.163368322396991, -3.701257821308271 ], [ 128.163345864514866, -3.701309814918346 ], [ 128.163276694237993, -3.70131519356749 ], [ 128.1632030323847, -3.70131609000901 ], [ 128.163192252601306, -3.70131609000901 ], [ 128.163184167763745, -3.70131698645053 ], [ 128.163015284490314, -3.7013205722166 ], [ 128.162906588340945, -3.701358222759464 ], [ 128.162695484249156, -3.701427248750556 ], [ 128.16268111120462, -3.701401251949348 ], [ 128.162661348268358, -3.701368980057131 ], [ 128.16251941445347, -3.70144338469575 ], [ 128.162536482443869, -3.701475656585256 ], [ 128.162336158135531, -3.701541096802032 ], [ 128.162248123237674, -3.701591297512996 ], [ 128.162051392190477, -3.70132236509963 ], [ 128.162069358496154, -3.701247064009254 ], [ 128.162010968002676, -3.701168177145805 ], [ 128.161637268844487, -3.701404837715077 ], [ 128.161702845860191, -3.701487310322843 ], [ 128.161920238158956, -3.701342086812718 ], [ 128.161993001696999, -3.701360912083893 ], [ 128.162187037798361, -3.701663909250602 ], [ 128.161961560662064, -3.701974974281363 ], [ 128.161934611203549, -3.702012624796406 ], [ 128.161881610601768, -3.70193732376472 ], [ 128.161845677990414, -3.701945391732707 ], [ 128.161755846461972, -3.702051171750623 ], [ 128.161717218904755, -3.702002763947382 ], [ 128.16168577786982, -3.702023382086123 ], [ 128.161730693634041, -3.7020906151439 ], [ 128.161637268844487, -3.70217936277235 ], [ 128.161684879554514, -3.702240320734212 ], [ 128.161734286895154, -3.702202670228852 ], [ 128.161743270047992, -3.702226874125338 ], [ 128.161667811564143, -3.702275281916329 ], [ 128.161651641889023, -3.702258249545726 ], [ 128.161512403019969, -3.70234789359785 ], [ 128.161427961383282, -3.702386440537474 ], [ 128.161413588338746, -3.70236940816901 ], [ 128.161374960781501, -3.702381061894837 ], [ 128.161398316978875, -3.702444709163952 ], [ 128.161107262826846, -3.702564832166434 ], [ 128.161027312766578, -3.702606068417261 ], [ 128.160904243572645, -3.702657165508011 ], [ 128.160806327206672, -3.702734259358651 ], [ 128.16078656427041, -3.702710951916142 ], [ 128.160747936713193, -3.702735155798735 ], [ 128.160774886171708, -3.702780874241828 ], [ 128.16073625861452, -3.702800595922432 ], [ 128.16070751252542, -3.702785356442003 ], [ 128.160597019745467, -3.702855278761812 ], [ 128.160539527567266, -3.702857968081694 ], [ 128.160438017940152, -3.703006777102452 ], [ 128.160397593752378, -3.703039945374755 ], [ 128.160352677988158, -3.703076699404773 ], [ 128.160206252596879, -3.70322640482835 ], [ 128.160047250791564, -3.703386867499763 ], [ 128.160047250791564, -3.703387763939185 ], [ 128.159952927686732, -3.703488165148861 ], [ 128.159809197241287, -3.703641456259523 ], [ 128.159776857891075, -3.703664763677533 ], [ 128.159475023955622, -3.703872737534139 ], [ 128.159463345856921, -3.703880805484487 ], [ 128.159381599166039, -3.703915766601818 ], [ 128.159245055242849, -3.703973138688803 ], [ 128.159157918660298, -3.703909491529577 ], [ 128.159102223112683, -3.70392114523513 ], [ 128.15906179892491, -3.70397941376059 ], [ 128.159027662944084, -3.703958795667405 ], [ 128.158927051632276, -3.703950727717767 ], [ 128.158895610597341, -3.704026028578197 ], [ 128.15890818701132, -3.704094157922589 ], [ 128.158827338635746, -3.704124636838121 ], [ 128.158809372330069, -3.70410581162571 ], [ 128.158697082919559, -3.704152426436659 ], [ 128.158704269441813, -3.704178423157083 ], [ 128.158635997480218, -3.70421248782407 ], [ 128.158600064868864, -3.704178423157083 ], [ 128.158529996276712, -3.704149737120709 ], [ 128.158483283881935, -3.704188283981873 ], [ 128.158471605783234, -3.704245656051191 ], [ 128.158493165350052, -3.704321853325006 ], [ 128.158494961980637, -3.704340678532819 ], [ 128.158298230933383, -3.704464387031349 ], [ 128.158262298322029, -3.704449147579565 ], [ 128.158199416252131, -3.704411497168152 ], [ 128.158031431294035, -3.704568373871808 ], [ 128.158095211679182, -3.704700150281387 ], [ 128.158119466191835, -3.704798758466195 ], [ 128.158463520945702, -3.704705528909932 ], [ 128.158669235145766, -3.704652639061147 ], [ 128.15875008352134, -3.704632020983647 ], [ 128.159497481837718, -3.704614092220211 ], [ 128.159792129250917, -3.704640088927073 ], [ 128.160059827205544, -3.704714493290768 ], [ 128.160083183402946, -3.704720768357299 ], [ 128.160075996880664, -3.704728836299918 ], [ 128.159201936109213, -3.705613620227288 ], [ 128.15916151192144, -3.705655752773187 ], [ 128.159113901211384, -3.705698781754163 ], [ 128.159093239959844, -3.705717606932681 ], [ 128.15899173033273, -3.705893308579536 ], [ 128.158974662342359, -3.706038531342938 ], [ 128.159005205061987, -3.70616223960407 ], [ 128.15901239158427, -3.70619361488494 ], [ 128.159235173774732, -3.706363937818814 ], [ 128.159272004701393, -3.706391727347018 ], [ 128.159276496277812, -3.706402484583508 ], [ 128.159361836229806, -3.706585357583815 ], [ 128.159369022752088, -3.706721615873187 ], [ 128.159294462583489, -3.70688924939776 ], [ 128.159254936710994, -3.706970825058649 ], [ 128.159235173774732, -3.707039850611988 ], [ 128.159172291704863, -3.707257684465762 ], [ 128.159183969803536, -3.707401114134422 ], [ 128.159241461981708, -3.707601019196308 ], [ 128.159270208070808, -3.707703212797931 ], [ 128.159338480032403, -3.707940768054306 ], [ 128.159539702656048, -3.708711701654145 ], [ 128.159551380754749, -3.70872604459847 ], [ 128.159665466795815, -3.708860509690188 ], [ 128.159752603378394, -3.709134818413864 ], [ 128.159774162945212, -3.709202050931187 ], [ 128.159891842247447, -3.709662817645596 ], [ 128.159525329611512, -3.709735428720702 ], [ 128.159431006506679, -3.709754253813274 ], [ 128.159466040802755, -3.709929954657939 ], [ 128.159495685207133, -3.710076073190927 ], [ 128.159528922872653, -3.710464228440341 ], [ 128.159598991464804, -3.711088145065871 ], [ 128.159666365111121, -3.711080077181285 ], [ 128.160013114810795, -3.711037944893911 ], [ 128.160078691826527, -3.711002984058183 ], [ 128.160253863306906, -3.710975194674949 ], [ 128.160362559456303, -3.710988641150815 ], [ 128.160443407831877, -3.710999398331363 ], [ 128.16035177967288, -3.711324802980972 ], [ 128.160243083523511, -3.711576700161852 ], [ 128.160277219504309, -3.711889554567622 ], [ 128.159925079912938, -3.711837561579499 ], [ 128.159722060658737, -3.711807082929865 ], [ 128.159625042608042, -3.711838458010354 ], [ 128.159621449346901, -3.711927204660559 ], [ 128.159609771248228, -3.712261573272642 ], [ 128.15958821168141, -3.712546638101999 ], [ 128.159611567878784, -3.712817359961662 ], [ 128.159638517337299, -3.713142763941406 ], [ 128.159769671368792, -3.713922657288948 ], [ 128.159521736350371, -3.713943275149706 ], [ 128.159451667758191, -3.713994371585163 ], [ 128.159413040201002, -3.714144075159737 ], [ 128.159390582318878, -3.714170968014754 ], [ 128.159029459574668, -3.714147660873787 ], [ 128.158985442125754, -3.714142282302707 ], [ 128.158441961378884, -3.714067878732737 ], [ 128.158226365710675, -3.714024850159291 ], [ 128.158052092545546, -3.713848253700466 ], [ 128.157798767635427, -3.714018575158821 ], [ 128.158561437311675, -3.715017196100713 ], [ 128.158616234543985, -3.715362320669754 ], [ 128.158764456565876, -3.715581048898168 ], [ 128.158783321186831, -3.715607941709393 ], [ 128.158766253196433, -3.715669795172102 ], [ 128.158688998081999, -3.715754955729604 ], [ 128.15857670867149, -3.71580605206016 ], [ 128.15840243550636, -3.715805155633333 ], [ 128.158308112401528, -3.715830255584126 ], [ 128.15820390782855, -3.715856251960981 ], [ 128.157867039597022, -3.715912726845992 ], [ 128.157678393387357, -3.71598892311369 ], [ 128.157346915047526, -3.716111733554832 ], [ 128.15681062082291, -3.716116215687397 ], [ 128.157060352471888, -3.716347493696848 ], [ 128.157218455961896, -3.716588632332053 ], [ 128.157355898200365, -3.716890727852645 ], [ 128.157487950547136, -3.717152484125094 ], [ 128.157656833820539, -3.717337147750017 ], [ 128.157935311558617, -3.717664342912811 ], [ 128.158396147299356, -3.717771017473888 ], [ 128.158791406024392, -3.717890241968059 ], [ 128.159054612402628, -3.717996916501806 ], [ 128.159266614809695, -3.718149308670489 ], [ 128.159370819382644, -3.718341143480676 ], [ 128.159528922872653, -3.7186459276727 ], [ 128.159647500490138, -3.718910372695106 ], [ 128.159700501091919, -3.719063661129403 ], [ 128.159864892788903, -3.719191849682644 ], [ 128.160059827205544, -3.719230395887315 ], [ 128.160217930695552, -3.719230395887315 ], [ 128.160345491465904, -3.719260874280514 ], [ 128.160533239360291, -3.719291352672658 ], [ 128.16061588436645, -3.719223224500527 ], [ 128.160743445136774, -3.719140753548272 ], [ 128.160908735149064, -3.719087864563959 ], [ 128.161118940925547, -3.719019736376101 ], [ 128.161246501695871, -3.71894443679392 ], [ 128.161539352478513, -3.718922026202745 ], [ 128.161816931901285, -3.718847623035952 ], [ 128.162261597966932, -3.719237567274046 ], [ 128.16301708112087, -3.718629792041645 ], [ 128.163491391590895, -3.717907274037337 ], [ 128.16355157871493, -3.717622210939754 ], [ 128.163662071494855, -3.717504779259546 ], [ 128.163855209280939, -3.717398104666259 ], [ 128.164086974624269, -3.717419618870986 ], [ 128.164360960785928, -3.717487747182493 ], [ 128.164643031785147, -3.717491332882952 ], [ 128.164679862711779, -3.717455475877698 ], [ 128.164893661749403, -3.71725198734527 ], [ 128.164950255612297, -3.717198201822245 ], [ 128.165059850076972, -3.716804670978979 ], [ 128.167065788106413, -3.715243992261291 ], [ 128.16719155224618, -3.715215306584121 ], [ 128.16738199508643, -3.715222478003501 ], [ 128.167434995688183, -3.715224270858336 ], [ 128.167592200862913, -3.715278056501717 ], [ 128.16763891325769, -3.7153183957321 ], [ 128.167760185821038, -3.715424174149681 ], [ 128.167867983655128, -3.715572084627577 ], [ 128.167956018552957, -3.715706548676874 ], [ 128.168007222524182, -3.71589031617777 ], [ 128.168014409046435, -3.716194204790383 ], [ 128.16798745958792, -3.716269504607415 ], [ 128.168177004112835, -3.716499886150554 ], [ 128.168268632271833, -3.71659670016629 ], [ 128.168422244185422, -3.716688135615841 ], [ 128.168477041417759, -3.716720406948713 ], [ 128.168638738168909, -3.716816324514446 ], [ 128.16884175742311, -3.71689520998125 ], [ 128.168848045630114, -3.716897899258403 ], [ 128.170043703273279, -3.717369419059141 ], [ 128.170058076317815, -3.717374797610547 ], [ 128.170316791119632, -3.716606560852482 ], [ 128.170390452972924, -3.716182551246697 ], [ 128.170491962600039, -3.715515609720761 ], [ 128.170655455981745, -3.715091599590647 ], [ 128.170753372347718, -3.715041399646319 ], [ 128.17081535610231, -3.714795778448976 ], [ 128.170839610614991, -3.714703446375361 ], [ 128.170733609411457, -3.714055328732366 ], [ 128.170408419278601, -3.714094771590077 ], [ 128.16996914310468, -3.714077739447191 ], [ 128.169925125655766, -3.713868871562963 ], [ 128.169887396413827, -3.713559603574946 ], [ 128.169885599783271, -3.713544364279982 ], [ 128.169514595570917, -3.713531814272167 ], [ 128.169519985462614, -3.713301431954148 ], [ 128.169265762237217, -3.713271849784445 ], [ 128.168998962597811, -3.713263781919807 ], [ 128.168794146713054, -3.713242267613749 ], [ 128.16879235008247, -3.713241371184318 ], [ 128.168777977037934, -3.713191171134758 ], [ 128.168775282092099, -3.713179517551415 ], [ 128.168780671983797, -3.713014574509158 ], [ 128.168772587146236, -3.712892660066815 ], [ 128.168701620238807, -3.712667656162108 ], [ 128.168693535401218, -3.712561877414186 ], [ 128.168691738770661, -3.712529605929246 ], [ 128.168791451767191, -3.712306394792789 ], [ 128.168789655136635, -3.712299223349718 ], [ 128.168781570299075, -3.712248126816154 ], [ 128.168786960190772, -3.712154898045541 ], [ 128.16877079051568, -3.712089458614136 ], [ 128.168763603993398, -3.712074219293798 ], [ 128.168746536002999, -3.712037465637782 ], [ 128.168718688229205, -3.711949615429401 ], [ 128.168724976436181, -3.711868040228079 ], [ 128.168730366327907, -3.711782879295584 ], [ 128.168751925894696, -3.711692339768872 ], [ 128.168753722525281, -3.71162421100998 ], [ 128.168754620840559, -3.711588353766347 ], [ 128.168767197254539, -3.711523810724138 ], [ 128.16895764009476, -3.711301495764875 ], [ 128.168963029986458, -3.711180477517564 ], [ 128.168950453572506, -3.711160756023838 ], [ 128.168929792320966, -3.711125795192969 ], [ 128.168929792320966, -3.710938440973202 ], [ 128.168955843464204, -3.710710747274635 ], [ 128.169031301948081, -3.710537735881765 ], [ 128.16906992950527, -3.710392513857449 ], [ 128.169010640696541, -3.710258048998835 ], [ 128.16891991085285, -3.710134341310838 ], [ 128.168794146713054, -3.71000615144196 ], [ 128.168608195449252, -3.709870790091698 ], [ 128.168584839251849, -3.709857343598819 ], [ 128.168447397013381, -3.709781146801966 ], [ 128.168354870539105, -3.709703157132503 ], [ 128.168306361513771, -3.709661921212533 ], [ 128.168268632271833, -3.709531938408732 ], [ 128.168241682813317, -3.709409127052404 ], [ 128.16822371650764, -3.709325758749696 ], [ 128.168132986663949, -3.709230736803688 ], [ 128.168031477036834, -3.70915185065207 ], [ 128.167962306759961, -3.709098064635566 ], [ 128.167832051043774, -3.708934913698815 ], [ 128.167664964400899, -3.708751144750477 ], [ 128.167620946952013, -3.70870990878609 ], [ 128.167598489069917, -3.708689290803173 ], [ 128.167455656939694, -3.708555722119595 ], [ 128.167276892198174, -3.708352231536018 ], [ 128.167214010128276, -3.708272448871524 ], [ 128.167210416867135, -3.708267966699148 ], [ 128.167160111211246, -3.708202526979868 ], [ 128.167028058864474, -3.708180116115987 ], [ 128.166898701463566, -3.7081460516018 ], [ 128.166765750801517, -3.70809136908944 ], [ 128.166609443942065, -3.707930010836529 ], [ 128.166363305554228, -3.707693352012325 ], [ 128.166301321799608, -3.707626119380258 ], [ 128.166189032389099, -3.707380496120985 ], [ 128.166108184013524, -3.707250512981719 ], [ 128.166053386781215, -3.707145630020934 ], [ 128.166055183411771, -3.707105290417321 ], [ 128.166056980042327, -3.707080190218587 ], [ 128.166042606997792, -3.707022818333093 ], [ 128.166026437322671, -3.706987857338545 ], [ 128.165983318189035, -3.706970825058649 ], [ 128.16586474057155, -3.70699144308164 ], [ 128.165791078718229, -3.70704433279059 ], [ 128.165571889788907, -3.707087361704012 ], [ 128.165410193037758, -3.707105290417321 ], [ 128.165252089547778, -3.707076604475853 ], [ 128.165243106394939, -3.707053297147725 ], [ 128.165222445143399, -3.707002200310835 ], [ 128.165163156334643, -3.707013853975648 ], [ 128.165136206876127, -3.706893731577125 ], [ 128.165108359102305, -3.706900006628198 ], [ 128.165070629860367, -3.706649004550543 ], [ 128.164983493277788, -3.706482267416722 ], [ 128.164996968007074, -3.706423999056094 ], [ 128.164999662952937, -3.706372005746447 ], [ 128.164976306755534, -3.706351387709016 ], [ 128.164941272459458, -3.706325391052441 ], [ 128.164878390389561, -3.706277879919482 ], [ 128.16481999989611, -3.7062465046416 ], [ 128.164793948752873, -3.706216922235723 ], [ 128.164735558259395, -3.706151482364659 ], [ 128.164709507116157, -3.705972195021873 ], [ 128.16468345597292, -3.705795596953704 ], [ 128.164636743578143, -3.70542536840195 ], [ 128.164696930702178, -3.705347378348289 ], [ 128.164701422278625, -3.705120579647427 ], [ 128.164689744179896, -3.705065000510284 ], [ 128.164679862711779, -3.705013903558539 ], [ 128.164674472820082, -3.704988803300461 ], [ 128.164623268848885, -3.704796069152208 ], [ 128.16474993130393, -3.704382811139333 ], [ 128.164599014336233, -3.704068161199691 ], [ 128.164655608199098, -3.704028717894523 ], [ 128.164650218307401, -3.704005410486098 ], [ 128.164742744781677, -3.703814469001655 ], [ 128.164968221917974, -3.703435275227327 ], [ 128.165091291111906, -3.703229990586689 ], [ 128.165191004108436, -3.703128692908046 ], [ 128.165082307959068, -3.703036359615647 ], [ 128.165182020955598, -3.702811353202577 ], [ 128.165288022159132, -3.702409747988526 ], [ 128.165082307959068, -3.702243906496544 ], [ 128.165083206274346, -3.702243010055963 ], [ 128.165073324806229, -3.702233149209505 ], [ 128.165097579318882, -3.702194602263209 ], [ 128.165056256815831, -3.702174880569105 ], [ 128.165033798933734, -3.702204463110095 ], [ 128.164993374745933, -3.702258249545726 ], [ 128.16494037414418, -3.702228667006534 ], [ 128.164921509523225, -3.702244802937124 ], [ 128.164374435515185, -3.701823475764181 ], [ 128.164381622037439, -3.701811822031016 ], [ 128.164113025767506, -3.701605640572746 ], [ 128.164157941531698, -3.70149537829493 ], [ 128.164173212891541, -3.701455934875142 ], [ 128.164381622037439, -3.701603847690291 ], [ 128.164425639486382, -3.701521375093376 ], [ 128.163867785694919, -3.701155626962335 ], [ 128.163819276669585, -3.701221067202757 ], [ 128.164126500496764, -3.701427248750556 ], [ 128.164105839245252, -3.70145952064065 ], [ 128.164053736958749, -3.701542889684616 ], [ 128.163853412650383, -3.701390494652072 ], [ 128.163865090749084, -3.701368083615664 ], [ 128.163784242373509, -3.701289196762991 ], [ 128.163672851278307, -3.701259614191428 ], [ 128.163705190628519, -3.701216584994664 ], [ 128.163784242373509, -3.701111701318792 ] ] ] } },
{ "type": "Feature", "properties": { "FID": 14, "Provinsi": "MALUKU", "Kode_Prov": "81", "Kota_Kab": "KOTA AMBON", "Kode_Kab": "8171", "Kecamatan": "Sirimau", "Kode_Kec": "817120", "Kelurahan": "Batu Gajah", "Kode_Kel": "81712022", "Sumber": "Wilkerstat BPS Tahun 2019", "city": "ambon", "source_layer": "Wilayah Administrasi", "role": "admin" }, "geometry": { "type": "Polygon", "coordinates": [ [ [ 128.185092280912812, -3.700174022775856 ], [ 128.185060839877877, -3.700160576135614 ], [ 128.184783260455106, -3.700817668383468 ], [ 128.184742836267333, -3.700914484116853 ], [ 128.184289187048819, -3.702007246151497 ], [ 128.184199355520434, -3.702185637856853 ], [ 128.184183185845285, -3.702286039202856 ], [ 128.184157134702048, -3.702440226962052 ], [ 128.184004421103765, -3.702701987515014 ], [ 128.183919979467049, -3.702881275520332 ], [ 128.183894826639118, -3.70298615898661 ], [ 128.183865182234712, -3.703044427573618 ], [ 128.183849910874898, -3.703125107149298 ], [ 128.183832842884499, -3.703211165355252 ], [ 128.1838157748941, -3.703290052036693 ], [ 128.183802300164842, -3.70339134969687 ], [ 128.183794215327282, -3.703489958027502 ], [ 128.183743909671364, -3.703549123020608 ], [ 128.183672942763906, -3.703575119758752 ], [ 128.183574128082682, -3.703372524468865 ], [ 128.183518432535067, -3.703260469531976 ], [ 128.183179767672954, -3.703005880662643 ], [ 128.182993816409123, -3.70286245028148 ], [ 128.182934527600366, -3.702759359680666 ], [ 128.182853679224792, -3.702867828921193 ], [ 128.182815051667575, -3.702983469667117 ], [ 128.1827916954702, -3.703052495531518 ], [ 128.182747678021258, -3.703319634540421 ], [ 128.182777322425665, -3.703446928939122 ], [ 128.182815051667575, -3.703579601954907 ], [ 128.182715338671045, -3.704043957353545 ], [ 128.182752169597705, -3.704183801788801 ], [ 128.182755762858847, -3.704346953602002 ], [ 128.182727915085025, -3.704615885096571 ], [ 128.182637185241333, -3.704869577064867 ], [ 128.182635388610748, -3.704874955692383 ], [ 128.182629100403773, -3.704892884450531 ], [ 128.182556336865787, -3.705113408146056 ], [ 128.182559930126928, -3.705266698975198 ], [ 128.182598557684116, -3.705393993093832 ], [ 128.182666829645711, -3.705526665817705 ], [ 128.182693779104227, -3.705694299568743 ], [ 128.18268389763611, -3.705830557995378 ], [ 128.182649761655313, -3.706027774102022 ], [ 128.182632693664914, -3.706160446730844 ], [ 128.182615625674515, -3.706277879919482 ], [ 128.182629100403773, -3.70641682756529 ], [ 128.182676711113857, -3.70651364268624 ], [ 128.182395538429915, -3.706684861994569 ], [ 128.182329961414155, -3.706742233901986 ], [ 128.182129637105788, -3.706812155909121 ], [ 128.182119755637672, -3.706827395320199 ], [ 128.182024534217561, -3.706969928622857 ], [ 128.182019144325835, -3.707018336154382 ], [ 128.182718033616908, -3.707498825582876 ], [ 128.183053105217851, -3.70776148107427 ], [ 128.183190547456348, -3.707939871619497 ], [ 128.18330193855158, -3.708200734110778 ], [ 128.18357951797438, -3.708259898788812 ], [ 128.183683722547357, -3.708254520181883 ], [ 128.184171507746584, -3.708072543961451 ], [ 128.184623360334541, -3.7079595931851 ], [ 128.18482727790402, -3.708140672994177 ], [ 128.18507611123772, -3.708361195879893 ], [ 128.185171332657831, -3.708732319636539 ], [ 128.185280028807199, -3.708945670904364 ], [ 128.185526167195064, -3.709209222399399 ], [ 128.185607913885917, -3.709623374589953 ], [ 128.185855848904339, -3.710226673862214 ], [ 128.185985206305247, -3.710408649639106 ], [ 128.186022935547186, -3.710507257187282 ], [ 128.18602563049302, -3.710653375624795 ], [ 128.186089410878196, -3.710946508859081 ], [ 128.186166665992658, -3.711032566303889 ], [ 128.186331057689614, -3.710901687269924 ], [ 128.186290633501841, -3.710691025770423 ], [ 128.186384956606673, -3.710606761156557 ], [ 128.186720028207645, -3.710930373087247 ], [ 128.186744282720326, -3.710953680313136 ], [ 128.187302136511761, -3.711546221503217 ], [ 128.187613851915359, -3.711910172475857 ], [ 128.187913889220255, -3.712247230385715 ], [ 128.188256147343509, -3.712532295219702 ], [ 128.188555286333099, -3.712740266990211 ], [ 128.188911917500917, -3.712958099438695 ], [ 128.189091580557744, -3.713079117442406 ], [ 128.189152665997057, -3.713125731780153 ], [ 128.189397906069615, -3.713648350052158 ], [ 128.189511992110681, -3.713794467969947 ], [ 128.189623383205912, -3.713900246570186 ], [ 128.189907250835688, -3.713620560752173 ], [ 128.190036608236625, -3.713562292862265 ], [ 128.190178542051513, -3.713478924951558 ], [ 128.190327662388682, -3.713365078437121 ], [ 128.190465104627179, -3.713243164043177 ], [ 128.190578292352967, -3.713125731780153 ], [ 128.190655547467372, -3.713101528182015 ], [ 128.190804667804542, -3.713053120983749 ], [ 128.190865753243884, -3.712992163767343 ], [ 128.190865753243884, -3.712890867207242 ], [ 128.191112789946999, -3.712034776345819 ], [ 128.191153214134772, -3.711856386627276 ], [ 128.191198129898993, -3.711726404146348 ], [ 128.191197231583715, -3.711619728854605 ], [ 128.191265503545281, -3.711550703658965 ], [ 128.191348148551441, -3.711509467825229 ], [ 128.191416420513036, -3.711468231989568 ], [ 128.191526913292989, -3.711413549682788 ], [ 128.191608659983842, -3.71135797094128 ], [ 128.191677830260716, -3.711275499253889 ], [ 128.191732627493053, -3.711151791708363 ], [ 128.1918422219577, -3.711110555856004 ], [ 128.191979664196168, -3.711028084145512 ], [ 128.192062309202299, -3.711013741238554 ], [ 128.192144954208459, -3.710959058903639 ], [ 128.192394685857437, -3.710959955335385 ], [ 128.192462957819032, -3.7108828622018 ], [ 128.192512365159672, -3.710720608026576 ], [ 128.19264172256058, -3.710505464322868 ], [ 128.192722570936155, -3.710416717529825 ], [ 128.192823182247992, -3.710376378075495 ], [ 128.192965116062851, -3.71032707429548 ], [ 128.193045964438426, -3.710275081215392 ], [ 128.193159152164213, -3.71022219169975 ], [ 128.193275933151142, -3.710177370073845 ], [ 128.193422358542477, -3.710047387345865 ], [ 128.193422358542477, -3.709934436821887 ], [ 128.1934502063163, -3.709836725642672 ], [ 128.193498715341605, -3.709751564514359 ], [ 128.193527461430705, -3.709690607070108 ], [ 128.193567885618506, -3.709621581723744 ], [ 128.193600224968719, -3.709536420574699 ], [ 128.193636157580102, -3.709455741583823 ], [ 128.193717005955676, -3.709358030351677 ], [ 128.193725090793208, -3.709248665473528 ], [ 128.193748446990639, -3.709156332819964 ], [ 128.193789769493691, -3.709038003579936 ], [ 128.193928110047437, -3.708806723655956 ], [ 128.193952364560118, -3.70870094444575 ], [ 128.193936194884998, -3.708587097315537 ], [ 128.193903855534757, -3.708497453895603 ], [ 128.193879601022104, -3.70844904644506 ], [ 128.193859838085842, -3.708400638991863 ], [ 128.193795159385388, -3.708367470920551 ], [ 128.193762820035175, -3.708323545635007 ], [ 128.193681971659601, -3.708092265524095 ], [ 128.193654123885779, -3.707954214576343 ], [ 128.193641547471827, -3.707893257008137 ], [ 128.19367388682204, -3.707808095692577 ], [ 128.193681971659601, -3.70775520602931 ], [ 128.193670293560899, -3.707649426693286 ], [ 128.193660412092783, -3.707622533639736 ], [ 128.193650530624666, -3.707592951279888 ], [ 128.193637954210686, -3.707503307759151 ], [ 128.193621784535537, -3.707421732147381 ], [ 128.193637954210686, -3.707324917125844 ], [ 128.193666700299758, -3.707227205658176 ], [ 128.193699039649999, -3.707133976357857 ], [ 128.193760125089312, -3.70704074704771 ], [ 128.193876906076241, -3.706793330753898 ], [ 128.193940686461417, -3.706641833061563 ], [ 128.193986500540916, -3.706533364283654 ], [ 128.194002670216008, -3.706383659419564 ], [ 128.193942483092002, -3.706310151632712 ], [ 128.1938733128151, -3.706224990164697 ], [ 128.193772701503292, -3.706151482364659 ], [ 128.193691853127717, -3.7061111427157 ], [ 128.193599326653441, -3.706131760758731 ], [ 128.193453799577412, -3.706207957870109 ], [ 128.193336120275205, -3.706249193951177 ], [ 128.193178915100475, -3.706321805306644 ], [ 128.193065727374687, -3.706346009090476 ], [ 128.192928285136219, -3.706362144945997 ], [ 128.192778266483771, -3.706406966765339 ], [ 128.192693824847055, -3.706370212873646 ], [ 128.192576145544848, -3.706341526908335 ], [ 128.192467449395451, -3.706272501300496 ], [ 128.192350668408523, -3.706211543616366 ], [ 128.192241073943848, -3.706113832025688 ], [ 128.192091953606706, -3.705983848700258 ], [ 128.191975172619749, -3.705817111441051 ], [ 128.191881747830195, -3.705629756096168 ], [ 128.191822459021466, -3.705462122332901 ], [ 128.191715559502654, -3.705266698975198 ], [ 128.191590693678165, -3.7051779516563 ], [ 128.191335572137461, -3.705070379136611 ], [ 128.191127162991535, -3.705023764374018 ], [ 128.19089629596354, -3.704961013728186 ], [ 128.190755260463931, -3.70494218853357 ], [ 128.190642971053393, -3.704948463598488 ], [ 128.190561224362568, -3.704969978106435 ], [ 128.190386052882161, -3.705036314502649 ], [ 128.19020459319475, -3.705139404838248 ], [ 128.189961149752747, -3.705299867162804 ], [ 128.189892877791152, -3.70534648191085 ], [ 128.189694350113371, -3.705601966544025 ], [ 128.189685366960532, -3.705610034478608 ], [ 128.189633264674058, -3.705659338521682 ], [ 128.18952097526352, -3.705743603607119 ], [ 128.189496720750867, -3.705708642562008 ], [ 128.189390719547333, -3.705583141363046 ], [ 128.189344905467863, -3.705515908570565 ], [ 128.189282921713243, -3.70538413228248 ], [ 128.189210158175229, -3.705331242474259 ], [ 128.189143682844218, -3.705203948346596 ], [ 128.189125716538541, -3.705179744531517 ], [ 128.18910146202586, -3.705147472777049 ], [ 128.18908080077432, -3.7050901007662 ], [ 128.1890933771883, -3.704973563857708 ], [ 128.189110445178699, -3.70483820173704 ], [ 128.189094275503578, -3.704719871919227 ], [ 128.189013427128003, -3.704552237983572 ], [ 128.188947850112271, -3.704410600729766 ], [ 128.188800526405657, -3.704330817709728 ], [ 128.188667575743608, -3.704296753047297 ], [ 128.18852474361347, -3.704305717432275 ], [ 128.188396284527812, -3.704312888940192 ], [ 128.188238181037832, -3.704356814424913 ], [ 128.188056721350421, -3.704490383742609 ], [ 128.187883346500598, -3.704672360700047 ], [ 128.187865380194893, -3.704691185900404 ], [ 128.187808786332027, -3.704769176011906 ], [ 128.18764259800443, -3.70470104671948 ], [ 128.187457545055906, -3.704743179308835 ], [ 128.187438680434951, -3.704672360700047 ], [ 128.18746832483933, -3.704519966206218 ], [ 128.187354238798235, -3.704493073057524 ], [ 128.186742486089742, -3.704299442362799 ], [ 128.186637383201514, -3.704329024832791 ], [ 128.186542161781375, -3.704440183196041 ], [ 128.186516110638138, -3.704467076346342 ], [ 128.186438855523704, -3.704435701004244 ], [ 128.186356210517602, -3.704365778809283 ], [ 128.186396634705375, -3.704302131678295 ], [ 128.186192717135867, -3.704169458770818 ], [ 128.186201700288706, -3.704155115752601 ], [ 128.186224158170802, -3.70410222587092 ], [ 128.186246616052927, -3.704035889404684 ], [ 128.186229548062528, -3.703982103077058 ], [ 128.186293328447704, -3.703857498072167 ], [ 128.186320277906219, -3.703787575831523 ], [ 128.186317582960356, -3.703712274950806 ], [ 128.186285243610143, -3.703645938455342 ], [ 128.186189123874755, -3.703467547044233 ], [ 128.186132530011832, -3.703290948476214 ], [ 128.185865730372484, -3.702770116961311 ], [ 128.185834289337521, -3.702709159035924 ], [ 128.185804644933143, -3.702722605637474 ], [ 128.185721999926983, -3.702753084600229 ], [ 128.185686965630936, -3.702707366155702 ], [ 128.185662711118255, -3.702675094311085 ], [ 128.185600727363635, -3.702625790101759 ], [ 128.185563896437003, -3.702595311134622 ], [ 128.18566001617242, -3.702428573237003 ], [ 128.186063359734987, -3.702204463110095 ], [ 128.186061563104403, -3.702104061754843 ], [ 128.185844170805666, -3.701922084269433 ], [ 128.185801051672001, -3.701850368993974 ], [ 128.185787576942744, -3.701783135917957 ], [ 128.185763322430091, -3.70173562454116 ], [ 128.185741762863273, -3.701694388249799 ], [ 128.185549523392467, -3.701584125983032 ], [ 128.185646541443134, -3.701433523840388 ], [ 128.185916934343652, -3.701013092723311 ], [ 128.185901662983838, -3.701005921188666 ], [ 128.185864832057177, -3.700988888793651 ], [ 128.185331232778424, -3.700741470808087 ], [ 128.185390521587152, -3.7005729396769 ], [ 128.185487539637847, -3.700350621965444 ], [ 128.185092280912812, -3.700174022775856 ] ] ] } },
{ "type": "Feature", "properties": { "FID": 15, "Provinsi": "MALUKU", "Kode_Prov": "81", "Kota_Kab": "KOTA AMBON", "Kode_Kab": "8171", "Kecamatan": "Nusaniwe", "Kode_Kec": "817110", "Kelurahan": "Kel. Urimesing", "Kode_Kel": "81711014", "Sumber": "Survey Pemetaan Kotaku Tahun 2020", "city": "ambon", "source_layer": "Wilayah Administrasi", "role": "admin" }, "geometry": { "type": "Polygon", "coordinates": [ [ [ 128.179099619652476, -3.700002802208181 ], [ 128.179054703888255, -3.699933776106095 ], [ 128.178895702082997, -3.700087964274774 ], [ 128.178889413875993, -3.700093342931336 ], [ 128.178568715319557, -3.700719956197379 ], [ 128.17810338800237, -3.701595779719193 ], [ 128.178053980661758, -3.701689009602958 ], [ 128.178898397028831, -3.702124679891226 ], [ 128.179229875368662, -3.702319207502159 ], [ 128.179249638304924, -3.702330861228646 ], [ 128.179594591374013, -3.702646408225994 ], [ 128.179808390411637, -3.702900100758785 ], [ 128.179970087162786, -3.702992434065395 ], [ 128.18015514011131, -3.703106281915631 ], [ 128.180195564299112, -3.703211165355252 ], [ 128.18021712386593, -3.703450514696567 ], [ 128.180220717127071, -3.703470236362254 ], [ 128.180239581748026, -3.703588566347148 ], [ 128.180250361531421, -3.703657592164364 ], [ 128.180255751423147, -3.703688071094928 ], [ 128.180260242999566, -3.703715860707175 ], [ 128.180227005334046, -3.703794747343638 ], [ 128.18015514011131, -3.70382522626948 ], [ 128.180090461410856, -3.703801022416692 ], [ 128.1800599186912, -3.703789368709557 ], [ 128.17998895178377, -3.703711378511711 ], [ 128.179820068510338, -3.70351505832809 ], [ 128.179689812794152, -3.70350967969231 ], [ 128.179584709905896, -3.703533883553066 ], [ 128.179480505332947, -3.70350967969231 ], [ 128.179479607017669, -3.70350878325301 ], [ 128.179396962011509, -3.703405692727463 ], [ 128.17932599510408, -3.703341149087966 ], [ 128.179259519773041, -3.703311566584957 ], [ 128.179128365741576, -3.703327702495812 ], [ 128.179095128076057, -3.70333218469322 ], [ 128.179031347690881, -3.703386867499763 ], [ 128.17902326285332, -3.703470236362254 ], [ 128.179017872961623, -3.703645042016179 ], [ 128.178963974044592, -3.703756200465336 ], [ 128.178909176812255, -3.703819847635584 ], [ 128.178893007137134, -3.703870048217339 ], [ 128.17890738018167, -3.703955209912019 ], [ 128.178947804369443, -3.703985688832335 ], [ 128.178990923503108, -3.703993756781654 ], [ 128.179037635897856, -3.703958795667405 ], [ 128.179062788725815, -3.70387363397307 ], [ 128.179089738184359, -3.703757993343434 ], [ 128.179105009544173, -3.703693449729625 ], [ 128.17912297584985, -3.703573326880285 ], [ 128.17917687476691, -3.703498922420651 ], [ 128.179217298954683, -3.703478304316272 ], [ 128.179242451782642, -3.703480097194934 ], [ 128.179275689448161, -3.703482786512917 ], [ 128.179322401842938, -3.703542847945769 ], [ 128.179334978256918, -3.703668349434095 ], [ 128.179325096788773, -3.70388708055693 ], [ 128.179349351301454, -3.703976724444115 ], [ 128.179394267065675, -3.704020649945521 ], [ 128.179432894622863, -3.704026925016974 ], [ 128.179545184033373, -3.7040036176085 ], [ 128.179627829039532, -3.703967760055805 ], [ 128.179687117848289, -3.703973138688803 ], [ 128.179732033612481, -3.70400899624128 ], [ 128.179735626873622, -3.704060093251048 ], [ 128.179700592577547, -3.704204419876745 ], [ 128.179659270074467, -3.70424117385841 ], [ 128.179529912673559, -3.704368468124575 ], [ 128.179415826632493, -3.704422254428719 ], [ 128.179218197269989, -3.704511898261695 ], [ 128.179083449977384, -3.70460871359111 ], [ 128.179037635897856, -3.704652639061147 ], [ 128.178999008340668, -3.704688496586092 ], [ 128.178988228557245, -3.704698357405197 ], [ 128.178912770073367, -3.704778140392097 ], [ 128.178871447570316, -3.704845373240641 ], [ 128.178851684634054, -3.704883920071503 ], [ 128.178853481264611, -3.704958324414694 ], [ 128.178916363334508, -3.705069482698892 ], [ 128.179279282709302, -3.705658442084561 ], [ 128.179439182829867, -3.705952473411948 ], [ 128.179484996909366, -3.706017016860976 ], [ 128.179536200880534, -3.706057356514227 ], [ 128.179606269472714, -3.70607259593831 ], [ 128.179723948774921, -3.706091421108873 ], [ 128.179843424707713, -3.70609679972896 ], [ 128.180159631687729, -3.706112039152364 ], [ 128.180484821820585, -3.706150585928035 ], [ 128.180766892819776, -3.706183754082501 ], [ 128.180837859727234, -3.706192718448359 ], [ 128.180885470437289, -3.706250986824225 ], [ 128.180896250220684, -3.706278776355976 ], [ 128.180924996309813, -3.706349594836173 ], [ 128.180949250822465, -3.706453581455046 ], [ 128.180795638908876, -3.706657968911686 ], [ 128.180751621459962, -3.706735062413763 ], [ 128.180738146730704, -3.706865942064693 ], [ 128.180835164781399, -3.707015646847144 ], [ 128.180890860328986, -3.707100808239027 ], [ 128.181113642519477, -3.707374221073321 ], [ 128.18122054203829, -3.707454003818871 ], [ 128.1812870173693, -3.707488964794988 ], [ 128.181501714722202, -3.707544543779818 ], [ 128.181616699078575, -3.707551715261477 ], [ 128.181641851906534, -3.707562472483857 ], [ 128.181761327839325, -3.707576815446826 ], [ 128.181905058284769, -3.707600122761154 ], [ 128.181936499319733, -3.707617155028929 ], [ 128.182052381991383, -3.70759384771505 ], [ 128.182111670800111, -3.707389460474713 ], [ 128.182087416287459, -3.707272027433676 ], [ 128.182007466227162, -3.707118736952062 ], [ 128.182019144325835, -3.707018336154382 ], [ 128.182024534217561, -3.706969928622857 ], [ 128.182119755637672, -3.706827395320199 ], [ 128.182129637105788, -3.706812155909121 ], [ 128.182329961414155, -3.706742233901986 ], [ 128.182395538429915, -3.706684861994569 ], [ 128.182676711113857, -3.70651364268624 ], [ 128.182629100403773, -3.70641682756529 ], [ 128.182615625674515, -3.706277879919482 ], [ 128.182632693664914, -3.706160446730844 ], [ 128.182649761655313, -3.706027774102022 ], [ 128.18268389763611, -3.705830557995378 ], [ 128.182693779104227, -3.705694299568743 ], [ 128.182666829645711, -3.705526665817705 ], [ 128.182598557684116, -3.705393993093832 ], [ 128.182559930126928, -3.705266698975198 ], [ 128.182556336865787, -3.705113408146056 ], [ 128.182629100403773, -3.704892884450531 ], [ 128.182635388610748, -3.704874955692383 ], [ 128.182637185241333, -3.704869577064867 ], [ 128.182727915085025, -3.704615885096571 ], [ 128.182755762858847, -3.704346953602002 ], [ 128.182752169597705, -3.704183801788801 ], [ 128.182715338671045, -3.704043957353545 ], [ 128.182815051667575, -3.703579601954907 ], [ 128.182777322425665, -3.703446928939122 ], [ 128.182747678021258, -3.703319634540421 ], [ 128.1827916954702, -3.703052495531518 ], [ 128.182815051667575, -3.702983469667117 ], [ 128.182853679224792, -3.702867828921193 ], [ 128.182934527600366, -3.702759359680666 ], [ 128.182904883195988, -3.702688540913151 ], [ 128.182837509549671, -3.702526285234577 ], [ 128.182755762858847, -3.702329964788152 ], [ 128.182687490897251, -3.702216116838093 ], [ 128.18253477729894, -3.702061032599107 ], [ 128.182423386203709, -3.701975870722216 ], [ 128.182223061895343, -3.701821682882165 ], [ 128.181786480667256, -3.701457727757897 ], [ 128.181563698476822, -3.701332225956229 ], [ 128.181347204493363, -3.701264096399306 ], [ 128.181170236382371, -3.701230031618878 ], [ 128.181138795347437, -3.701212999228172 ], [ 128.181117235780619, -3.701202241928611 ], [ 128.181056150341277, -3.701169970029142 ], [ 128.180990573325545, -3.701048053953873 ], [ 128.180986081749126, -3.70091538055878 ], [ 128.180959132290582, -3.700637483518164 ], [ 128.180958233975304, -3.700622244000512 ], [ 128.180923199679228, -3.700475227463818 ], [ 128.180859419294052, -3.700367654372731 ], [ 128.180733655154285, -3.70028607810328 ], [ 128.180700417488765, -3.700289663873525 ], [ 128.180678857921947, -3.700292353201197 ], [ 128.180667179823246, -3.700293249643753 ], [ 128.180591721339368, -3.700358689947884 ], [ 128.180475838667746, -3.700488674099286 ], [ 128.180368939148934, -3.700650930151168 ], [ 128.180147953589056, -3.701034607326897 ], [ 128.180102139509557, -3.701081222299543 ], [ 128.18005542711478, -3.701128733711445 ], [ 128.179944036019549, -3.701141283895295 ], [ 128.179929662975013, -3.701143076778688 ], [ 128.179864984274531, -3.70109287604232 ], [ 128.17980659378108, -3.701017574932435 ], [ 128.179803000519939, -3.700868765577406 ], [ 128.179803898835218, -3.700684994953866 ], [ 128.179796712312964, -3.700578318330519 ], [ 128.179714067306804, -3.7004725381367 ], [ 128.179602676211573, -3.700413372938039 ], [ 128.179457149135544, -3.700361379275348 ], [ 128.179337673202753, -3.70031745359242 ], [ 128.179274791132883, -3.70026366703893 ], [ 128.179099619652476, -3.700002802208181 ] ] ] } },
{ "type": "Feature", "properties": { "FID": 16, "Provinsi": "MALUKU", "Kode_Prov": "81", "Kota_Kab": "KOTA AMBON", "Kode_Kab": "8171", "Kecamatan": "Nusaniwe", "Kode_Kec": "817110", "Kelurahan": "Wainitu", "Kode_Kel": "81711007", "Sumber": "Survey Pemetaan Kotaku Tahun 2020", "city": "ambon", "source_layer": "Wilayah Administrasi", "role": "admin" }, "geometry": { "type": "Polygon", "coordinates": [ [ [ 128.172969516153643, -3.698478848053904 ], [ 128.172835667176315, -3.698432232944351 ], [ 128.17277637836753, -3.69845016183293 ], [ 128.172615579931716, -3.698687719572373 ], [ 128.172344288715891, -3.699157456198029 ], [ 128.17235327186873, -3.699197796163814 ], [ 128.172435916874889, -3.69926323654885 ], [ 128.17261019003999, -3.699387842200144 ], [ 128.17251856188102, -3.699585956185193 ], [ 128.172486222530779, -3.699655878757576 ], [ 128.172199659955169, -3.699549202010318 ], [ 128.172163727343786, -3.699536651803914 ], [ 128.172091862121079, -3.699661257416762 ], [ 128.172127794732432, -3.699712354677396 ], [ 128.172144862722831, -3.699758073276519 ], [ 128.172061319401394, -3.699856682011694 ], [ 128.172013708691338, -3.699919433019273 ], [ 128.171936453576905, -3.70008706783201 ], [ 128.171953521567303, -3.700232291547887 ], [ 128.171902317596107, -3.700367654372731 ], [ 128.171874469822285, -3.700365861487768 ], [ 128.171725349485115, -3.700310282052143 ], [ 128.17171456970172, -3.700329107345245 ], [ 128.171843927102628, -3.700375722355015 ], [ 128.171829554058093, -3.700388272549535 ], [ 128.171843927102628, -3.700421440919908 ], [ 128.171860096777749, -3.700450127077066 ], [ 128.171816977644113, -3.700552321504396 ], [ 128.171824164166395, -3.700610590251542 ], [ 128.171781045032759, -3.700745953018584 ], [ 128.171719061278139, -3.700947652467524 ], [ 128.171719959593418, -3.701024746466985 ], [ 128.171707383179438, -3.701022953583353 ], [ 128.171695705080765, -3.701039089535911 ], [ 128.171731637692119, -3.701109908435335 ], [ 128.171763977042332, -3.701175348679135 ], [ 128.171804401230133, -3.701222860085989 ], [ 128.171805299545412, -3.701223756527602 ], [ 128.171262717113819, -3.70197407784051 ], [ 128.171227682817744, -3.701979456485619 ], [ 128.171152224333866, -3.702073582769747 ], [ 128.170681507124982, -3.702442019842814 ], [ 128.170434470421839, -3.702594414694396 ], [ 128.170332062479446, -3.702657165508011 ], [ 128.170074245992936, -3.702785356442003 ], [ 128.169529866930759, -3.702758463240607 ], [ 128.169519985462614, -3.702783563561936 ], [ 128.169537951768319, -3.702826592682559 ], [ 128.169500222526352, -3.702840935722301 ], [ 128.169462493284442, -3.702855278761812 ], [ 128.169426560673088, -3.702810456762569 ], [ 128.169325949361252, -3.702715434116672 ], [ 128.169077116027552, -3.702909961597813 ], [ 128.168863316989928, -3.703055184850801 ], [ 128.16868814550952, -3.703098213958222 ], [ 128.168654009528723, -3.703091938880186 ], [ 128.16816173275302, -3.702999605583953 ], [ 128.16779611843242, -3.702793424402263 ], [ 128.167792525171279, -3.702791631522211 ], [ 128.16763891325769, -3.702703780395246 ], [ 128.167505962595641, -3.702642822465292 ], [ 128.167280485459315, -3.702579175210419 ], [ 128.166406424687864, -3.702346100716898 ], [ 128.166269880764673, -3.702310243097065 ], [ 128.166088421077262, -3.702282453440694 ], [ 128.165938402424842, -3.702265421070231 ], [ 128.16573628148592, -3.702156055315235 ], [ 128.165845875950566, -3.701951666818868 ], [ 128.165906961389879, -3.701945391732707 ], [ 128.166039013736651, -3.702020692763706 ], [ 128.166073149717448, -3.701974974281363 ], [ 128.165281733952156, -3.701545579008484 ], [ 128.165258377754753, -3.701592193954236 ], [ 128.1653967183085, -3.701666598574102 ], [ 128.165398514939085, -3.701720385042403 ], [ 128.165085002904902, -3.702240320734212 ], [ 128.165083206274346, -3.702243010055963 ], [ 128.165082307959068, -3.702243906496544 ], [ 128.165288022159132, -3.702409747988526 ], [ 128.165182020955598, -3.702811353202577 ], [ 128.165082307959068, -3.703036359615647 ], [ 128.165191004108436, -3.703128692908046 ], [ 128.165091291111906, -3.703229990586689 ], [ 128.164968221917974, -3.703435275227327 ], [ 128.164742744781677, -3.703814469001655 ], [ 128.164650218307401, -3.704005410486098 ], [ 128.164655608199098, -3.704028717894523 ], [ 128.164599014336233, -3.704068161199691 ], [ 128.16474993130393, -3.704382811139333 ], [ 128.164623268848885, -3.704796069152208 ], [ 128.164674472820082, -3.704988803300461 ], [ 128.164679862711779, -3.705013903558539 ], [ 128.164689744179896, -3.705065000510284 ], [ 128.165072426490951, -3.705022867936252 ], [ 128.165643755011644, -3.704959220852527 ], [ 128.166016555854526, -3.704917984711331 ], [ 128.166661546228568, -3.704947567160644 ], [ 128.167285875351013, -3.704998664116219 ], [ 128.167355943943164, -3.70500404274295 ], [ 128.168482431309457, -3.705241598724291 ], [ 128.168910029384733, -3.705341999723645 ], [ 128.169572986064367, -3.705701471065404 ], [ 128.169737377761379, -3.705726571303263 ], [ 128.169784988471434, -3.705733742799664 ], [ 128.169896379566666, -3.70575167154041 ], [ 128.170443453574705, -3.705713124747356 ], [ 128.170891712901465, -3.705505151323294 ], [ 128.171170190639572, -3.705532940878477 ], [ 128.171455854899875, -3.705561626870008 ], [ 128.171471126259746, -3.705559833995566 ], [ 128.17154927968943, -3.705551766060525 ], [ 128.171887046236293, -3.705516805007831 ], [ 128.17231913588796, -3.705436125650191 ], [ 128.172960533000804, -3.705316003037406 ], [ 128.173930713507644, -3.705134922649994 ], [ 128.174445448165443, -3.70510802951999 ], [ 128.174449939741891, -3.705104443769261 ], [ 128.175421018564009, -3.704359503740233 ], [ 128.175374306169232, -3.704201730560953 ], [ 128.17526740665042, -3.703982103077058 ], [ 128.175111998106246, -3.703829708464367 ], [ 128.174773333244161, -3.703473822119605 ], [ 128.174694281499143, -3.703288259157647 ], [ 128.174693383183865, -3.703285569839073 ], [ 128.174689789922724, -3.703117039192061 ], [ 128.174735604002223, -3.70296643731014 ], [ 128.174864961403131, -3.702772806281453 ], [ 128.174938623256423, -3.702617722139973 ], [ 128.174950301355125, -3.702519113712187 ], [ 128.174858673196155, -3.702221495481733 ], [ 128.174855079935014, -3.702109440399164 ], [ 128.174870351294857, -3.701873676459136 ], [ 128.174883826024114, -3.701562611392794 ], [ 128.174859571511433, -3.701406630597937 ], [ 128.174857774880877, -3.701395873300727 ], [ 128.174841605205728, -3.701297264736882 ], [ 128.174636789320971, -3.700949445351307 ], [ 128.174455329633588, -3.70054604640832 ], [ 128.174414007130508, -3.700454609289039 ], [ 128.17426398847806, -3.700021627507817 ], [ 128.174216377767976, -3.699921225905138 ], [ 128.174066359115557, -3.69960119572067 ], [ 128.174020545036029, -3.699503483400419 ], [ 128.173807644313712, -3.699181660177722 ], [ 128.173433945155551, -3.698780053318068 ], [ 128.17336028330223, -3.6987002697908 ], [ 128.173355791725811, -3.698695787569953 ], [ 128.173303689439336, -3.698654551137105 ], [ 128.173227332640209, -3.698723577338834 ], [ 128.172969516153643, -3.698478848053904 ] ] ] } },
{ "type": "Feature", "properties": { "FID": 17, "Provinsi": "MALUKU", "Kode_Prov": "81", "Kota_Kab": "KOTA AMBON", "Kode_Kab": "8171", "Kecamatan": "Leitimur Selatan", "Kode_Kec": "817150", "Kelurahan": "Leahari", "Kode_Kel": "81715018", "Sumber": "Wilkerstat BPS Tahun 2019", "city": "ambon", "source_layer": "Wilayah Administrasi", "role": "admin" }, "geometry": { "type": "Polygon", "coordinates": [ [ [ 128.249037057782317, -3.697620950356677 ], [ 128.248889734075703, -3.697599435670214 ], [ 128.248385779201328, -3.698042279528028 ], [ 128.247870146228223, -3.698538013381729 ], [ 128.247670720235163, -3.698759435103844 ], [ 128.24746051445868, -3.6989181056966 ], [ 128.24734463178703, -3.699075879817162 ], [ 128.247208087863868, -3.699223793029681 ], [ 128.247134426010547, -3.699445214580461 ], [ 128.247144307478692, -3.699614642369403 ], [ 128.247260190150314, -3.699741040857514 ], [ 128.247395835758226, -3.699899711274512 ], [ 128.247585380283169, -3.700300421184168 ], [ 128.247584481967891, -3.700532599773723 ], [ 128.247574600499746, -3.700722645523745 ], [ 128.247510820114599, -3.700934205839022 ], [ 128.247385055974803, -3.70116548782079 ], [ 128.247342835156473, -3.701429938074775 ], [ 128.247300614338116, -3.701715006395719 ], [ 128.24737337787613, -3.702284246321776 ], [ 128.24741470037921, -3.702506563547862 ], [ 128.247488362232474, -3.702981676787452 ], [ 128.247624007840386, -3.703382385302632 ], [ 128.247907875470162, -3.703731100171586 ], [ 128.248054300861497, -3.70392114523513 ], [ 128.248054300861497, -3.704121947522086 ], [ 128.247980639008176, -3.704332610586663 ], [ 128.247959977756665, -3.704638296050763 ], [ 128.247959079441358, -3.704923363338552 ], [ 128.248001300259716, -3.705113408146056 ], [ 128.248106403147972, -3.705293592100378 ], [ 128.248473814099185, -3.705641409779064 ], [ 128.248624731066883, -3.705809043508357 ], [ 128.248594188347226, -3.705889722831988 ], [ 128.248474712414463, -3.706183754082501 ], [ 128.248216895927897, -3.706571014604766 ], [ 128.248130657660653, -3.706829188192073 ], [ 128.248045317708659, -3.70704433279059 ], [ 128.248041724447518, -3.707048814969169 ], [ 128.248014774988974, -3.707082879525629 ], [ 128.247662635397603, -3.70739842482835 ], [ 128.247144307478692, -3.707861881787569 ], [ 128.246671793639194, -3.708335199282405 ], [ 128.246243297248697, -3.708765487694161 ], [ 128.245985480762187, -3.709540902740643 ], [ 128.245820190749896, -3.709976569161885 ], [ 128.245769885093978, -3.710093105410989 ], [ 128.245641426008319, -3.710389824560476 ], [ 128.245634239486066, -3.7104077532068 ], [ 128.245527339967254, -3.710557457389398 ], [ 128.245208438041402, -3.710977883970139 ], [ 128.244996435634334, -3.711260259919506 ], [ 128.244916485574066, -3.711435960464665 ], [ 128.244826654045653, -3.711585664473015 ], [ 128.244871569809874, -3.711617935992448 ], [ 128.244877858016849, -3.711622418147833 ], [ 128.244914688943481, -3.711649311079657 ], [ 128.244914688943481, -3.711649311079657 ], [ 128.244904807475365, -3.711676204010662 ], [ 128.244910197367062, -3.711676204010662 ], [ 128.24496050302298, -3.711676204010662 ], [ 128.245642324323597, -3.711669032562475 ], [ 128.245790546345518, -3.711741643472688 ], [ 128.245976497609348, -3.711799015051845 ], [ 128.246325942254828, -3.711910172475857 ], [ 128.246611606515188, -3.712010572717777 ], [ 128.246864033110029, -3.712163862350836 ], [ 128.246983509042821, -3.71225529825964 ], [ 128.247193714819304, -3.712351216310661 ], [ 128.247608736480572, -3.71263000610074 ], [ 128.247765941655274, -3.712759988448665 ], [ 128.247889909164485, -3.712846045716764 ], [ 128.248166590272007, -3.713129317498339 ], [ 128.248304930825753, -3.713282606937179 ], [ 128.248468424207459, -3.71372006437066 ], [ 128.248734325531558, -3.714175450157177 ], [ 128.248967887505444, -3.714540296474094 ], [ 128.249263433233921, -3.714928449761142 ], [ 128.249416146832203, -3.715154349517041 ], [ 128.249639827337944, -3.715470788363572 ], [ 128.249752116748454, -3.715702962969159 ], [ 128.249949746110957, -3.71596561602074 ], [ 128.250125815906671, -3.716176276261572 ], [ 128.250555210612475, -3.716608353704506 ], [ 128.251056470541016, -3.717136348466711 ], [ 128.251304405559438, -3.717342526301619 ], [ 128.251851479567478, -3.717814942289405 ], [ 128.252268297859274, -3.7181824763743 ], [ 128.252568335164199, -3.718471124987218 ], [ 128.252774049364263, -3.718605588594512 ], [ 128.253050730471784, -3.718922026202745 ], [ 128.25326452950938, -3.719150614206012 ], [ 128.253870892326177, -3.719694743057632 ], [ 128.253999351411807, -3.71973328924031 ], [ 128.254242794853781, -3.719843549241917 ], [ 128.254572476563027, -3.719844445664638 ], [ 128.254721596900225, -3.719926916551046 ], [ 128.254935395937849, -3.720017455232673 ], [ 128.25512134720168, -3.720146540069599 ], [ 128.255230941666326, -3.720213771748009 ], [ 128.25540790977729, -3.720272039198483 ], [ 128.255512114350267, -3.720329410222876 ], [ 128.25601337427878, -3.720329410222876 ], [ 128.256305326746116, -3.720277417732179 ], [ 128.256521820729574, -3.720445945104676 ], [ 128.256687110741865, -3.720570547768935 ], [ 128.256908096301743, -3.72061805813268 ], [ 128.25714525153677, -3.720527519512765 ], [ 128.257421932644291, -3.720369749222165 ], [ 128.25764651146531, -3.720431602350824 ], [ 128.257794733487202, -3.720402916842421 ], [ 128.258004939263685, -3.720283692688116 ], [ 128.258520572236762, -3.720289071221739 ], [ 128.259007459120767, -3.720366163533414 ], [ 128.259565312912201, -3.72053469088894 ], [ 128.259923740710576, -3.720597440427974 ], [ 128.260111488604934, -3.720704114634076 ], [ 128.260261507257383, -3.720750728568821 ], [ 128.260663054189394, -3.720757003521387 ], [ 128.26107897416594, -3.720873538346633 ], [ 128.261297264779984, -3.720900430996424 ], [ 128.261520945285724, -3.720906705947923 ], [ 128.261686235298015, -3.720897741731481 ], [ 128.261754507259582, -3.720893259623226 ], [ 128.261873084877124, -3.720895052466531 ], [ 128.261961119774924, -3.720916566585904 ], [ 128.26203298499766, -3.720994555264226 ], [ 128.262096765382864, -3.721042962026609 ], [ 128.262168630605572, -3.721037583497587 ], [ 128.262272835178521, -3.721028619282477 ], [ 128.262363565022213, -3.721003519479683 ], [ 128.262389616165478, -3.720973041146758 ], [ 128.262392311111313, -3.720941666391175 ], [ 128.262358175130515, -3.720807203140306 ], [ 128.262373446490329, -3.720759692786758 ], [ 128.262456091496489, -3.720694253993718 ], [ 128.262566584276414, -3.720650329321689 ], [ 128.262838773807545, -3.720701425368534 ], [ 128.262981605937711, -3.72070321821223 ], [ 128.263092098717635, -3.720658397118756 ], [ 128.26319360834475, -3.720597440427974 ], [ 128.263296016287143, -3.72056875492497 ], [ 128.263336440474944, -3.720567858502985 ], [ 128.263605036744877, -3.720557997861103 ], [ 128.263801767792074, -3.72053200162288 ], [ 128.263961667912668, -3.720488076942764 ], [ 128.264079347214903, -3.720433395195068 ], [ 128.264116178141535, -3.720364370689034 ], [ 128.264127856240236, -3.720231700194719 ], [ 128.2641134831957, -3.720113372439695 ], [ 128.264088330367741, -3.720025523035535 ], [ 128.264121568033232, -3.719957394920157 ], [ 128.264216789453371, -3.71990540240751 ], [ 128.264323688972155, -3.719918848747282 ], [ 128.264422503653407, -3.719959187765367 ], [ 128.264477300885773, -3.720012076697389 ], [ 128.264526708226384, -3.7200819976535 ], [ 128.264566234098879, -3.7200891690333 ], [ 128.26464438752862, -3.7200891690333 ], [ 128.264727032534722, -3.720067654893724 ], [ 128.264797101126902, -3.720056001401236 ], [ 128.264882441078896, -3.720088272610829 ], [ 128.264990238912986, -3.720146540069599 ], [ 128.265113308106919, -3.720203911102165 ], [ 128.265223800886872, -3.720234389461694 ], [ 128.265302852631862, -3.720259489286399 ], [ 128.265367531332345, -3.720072137006179 ], [ 128.265586720261666, -3.719401612729553 ], [ 128.265551685965562, -3.719140753548272 ], [ 128.265438498239774, -3.718879894289789 ], [ 128.265527431452881, -3.718577799450685 ], [ 128.265628941079996, -3.718097316051193 ], [ 128.265770874894912, -3.717831077935373 ], [ 128.265831062018918, -3.717184755440975 ], [ 128.265818485604939, -3.716971406164079 ], [ 128.266186794871459, -3.715743302180116 ], [ 128.26637723771168, -3.715144488814616 ], [ 128.266538036147523, -3.714878249807533 ], [ 128.266740157086446, -3.714504439348893 ], [ 128.266942278025368, -3.714142282302707 ], [ 128.267066245534579, -3.713928932290099 ], [ 128.267292620986183, -3.713745164380758 ], [ 128.267465097520756, -3.713608907174499 ], [ 128.26762499764132, -3.713590978593162 ], [ 128.268047205824843, -3.713686000070098 ], [ 128.268314903779498, -3.713632214329693 ], [ 128.268510736511445, -3.71358560001869 ], [ 128.268683213046017, -3.713620560752173 ], [ 128.26906320041121, -3.713638489332908 ], [ 128.26949079848643, -3.713632214329693 ], [ 128.270008228090092, -3.713549742854706 ], [ 128.270346892952176, -3.713466374942812 ], [ 128.270626269005561, -3.713354321285391 ], [ 128.270875102339261, -3.713187585416823 ], [ 128.27109518958386, -3.713080910301597 ], [ 128.271386243735918, -3.712998438775108 ], [ 128.271540753964786, -3.712796742074608 ], [ 128.271635975384896, -3.712547534532135 ], [ 128.271635975384896, -3.712179998100136 ], [ 128.271647653483598, -3.712084976461123 ], [ 128.271767129416389, -3.712007883425732 ], [ 128.271874028935201, -3.711812461515172 ], [ 128.271927029536982, -3.711604489526162 ], [ 128.271920741329978, -3.71150857139404 ], [ 128.271915351438253, -3.711420721133051 ], [ 128.271681789464395, -3.711160756023838 ], [ 128.271668314735138, -3.711145516687476 ], [ 128.271351209439842, -3.710792322582837 ], [ 128.270935289463296, -3.710282252674895 ], [ 128.27064333699596, -3.709968501267147 ], [ 128.270406181760961, -3.709695089235269 ], [ 128.269972295478709, -3.709173365057754 ], [ 128.269758496441085, -3.709007524833725 ], [ 128.26962734240962, -3.70900124979761 ], [ 128.26949079848643, -3.709096271768293 ], [ 128.269400966958017, -3.708984217556504 ], [ 128.269296762385068, -3.708855131086913 ], [ 128.269144947102035, -3.708809412957746 ], [ 128.268972470567491, -3.708772659165915 ], [ 128.268821553599764, -3.708783416373439 ], [ 128.268680518100155, -3.708813895127376 ], [ 128.268518821349005, -3.708840788144684 ], [ 128.26826369980833, -3.708898159912204 ], [ 128.268002290060622, -3.708918777890247 ], [ 128.267783101131329, -3.708923260059323 ], [ 128.267444436269216, -3.708923260059323 ], [ 128.267340231696267, -3.708897263478366 ], [ 128.267256688374829, -3.708812998693451 ], [ 128.267136314126759, -3.708765487694161 ], [ 128.267032109553782, -3.708718873126337 ], [ 128.266849751551121, -3.708718873126337 ], [ 128.266656613765036, -3.708691980105321 ], [ 128.266511086689007, -3.708634608324417 ], [ 128.266437424835715, -3.708603233130161 ], [ 128.266370051189398, -3.708550343514465 ], [ 128.26634849162258, -3.708510003974942 ], [ 128.266333220262766, -3.708487593118856 ], [ 128.266255066833025, -3.708382710304822 ], [ 128.266130201008536, -3.708256313050863 ], [ 128.26594245311415, -3.708125433605733 ], [ 128.265838248541201, -3.708036686573696 ], [ 128.265697213041591, -3.707910289270265 ], [ 128.265593008468642, -3.707878914050302 ], [ 128.265462752752455, -3.707878914050302 ], [ 128.265290276217911, -3.707842160219785 ], [ 128.265098036747077, -3.707721141498752 ], [ 128.264863576457941, -3.707568747530185 ], [ 128.264529403172219, -3.707384978297861 ], [ 128.264268891739846, -3.7072702345627 ], [ 128.263893395951072, -3.70713307992223 ], [ 128.263715529524831, -3.70704433279059 ], [ 128.263501730487178, -3.706986064466993 ], [ 128.26335081351948, -3.706960067829073 ], [ 128.263239422424249, -3.706960067829073 ], [ 128.263168455516791, -3.706938553369527 ], [ 128.263110963338619, -3.706901799499923 ], [ 128.262975317730707, -3.706755680442249 ], [ 128.262860333374334, -3.706614043541217 ], [ 128.262709416406608, -3.70647688879898 ], [ 128.262553109547156, -3.706419516874348 ], [ 128.262396802687732, -3.706366627128034 ], [ 128.261969204612484, -3.706340630471905 ], [ 128.261718574648228, -3.70631911599729 ], [ 128.261525436862144, -3.706366627128034 ], [ 128.261441893540706, -3.706381866546787 ], [ 128.261363740110994, -3.706376487928433 ], [ 128.261274806897887, -3.70632897679822 ], [ 128.261139161289947, -3.706292222903285 ], [ 128.260999024105644, -3.706339734035473 ], [ 128.260784326752741, -3.706512746249984 ], [ 128.260596578858355, -3.706606872051954 ], [ 128.260434882107234, -3.706658865347794 ], [ 128.260299236499293, -3.706658865347794 ], [ 128.260153709423292, -3.706648108114423 ], [ 128.260048606535065, -3.706622111466569 ], [ 128.259913859242431, -3.706469717308604 ], [ 128.259798874886059, -3.706328080361776 ], [ 128.259689280421412, -3.706097696165639 ], [ 128.259580584272015, -3.70572567486621 ], [ 128.259528481985569, -3.705457640146281 ], [ 128.259435057196015, -3.705190501782746 ], [ 128.259173647448307, -3.704954738663359 ], [ 128.258934695582752, -3.704731525614108 ], [ 128.258860135414153, -3.704663396318784 ], [ 128.258595132405361, -3.704349642917353 ], [ 128.258581657676075, -3.70433709277898 ], [ 128.258527758759044, -3.704309303186241 ], [ 128.258412774402672, -3.704272549207404 ], [ 128.258241196183405, -3.70424117385841 ], [ 128.257823479576274, -3.704182905350183 ], [ 128.257484814714189, -3.704198144806552 ], [ 128.257046436855518, -3.704303028116791 ], [ 128.256868570429276, -3.704355021548028 ], [ 128.256670941066773, -3.704365778809283 ], [ 128.25653529545886, -3.704338885655902 ], [ 128.256451752137451, -3.704265377699161 ], [ 128.256405039742646, -3.70420800563112 ], [ 128.256336767781079, -3.704082504219315 ], [ 128.256310716637813, -3.703946245523492 ], [ 128.256222681739985, -3.703589462786367 ], [ 128.256165189561813, -3.703458582650765 ], [ 128.256160697985393, -3.703243437180328 ], [ 128.25617057945351, -3.703033670296305 ], [ 128.256207410380142, -3.702823903362581 ], [ 128.256192139020328, -3.702562142845661 ], [ 128.256160697985393, -3.702274385475779 ], [ 128.256158003039531, -3.702265421070231 ], [ 128.256166087877091, -3.702210738194421 ], [ 128.256171477768788, -3.701996488861584 ], [ 128.256020560801062, -3.701608329896425 ], [ 128.255806761763409, -3.701230928060484 ], [ 128.255603742509209, -3.700900141045908 ], [ 128.255442045758087, -3.700754020997423 ], [ 128.255281247322216, -3.70066437678397 ], [ 128.255124042147514, -3.700622244000512 ], [ 128.254947074036551, -3.700611486693777 ], [ 128.254550916996237, -3.700580111215052 ], [ 128.254242794853781, -3.700574732561444 ], [ 128.253893350208273, -3.700595350733428 ], [ 128.253579838174119, -3.700636587075957 ], [ 128.252901610134586, -3.700751331671152 ], [ 128.252635708810516, -3.700756710323686 ], [ 128.252522521084671, -3.700753124555334 ], [ 128.252395858629626, -3.700716370428877 ], [ 128.251987125175361, -3.70055770015814 ], [ 128.251713139013702, -3.700536185542969 ], [ 128.251545154055577, -3.7004725381367 ], [ 128.251387948880847, -3.700377515239957 ], [ 128.251219963922722, -3.700134579297233 ], [ 128.251007961515683, -3.699820824291082 ], [ 128.250957655859764, -3.699511551390573 ], [ 128.250874112538327, -3.699037332733483 ], [ 128.25074834839856, -3.698677858686342 ], [ 128.25050759990242, -3.698266390707798 ], [ 128.250318055377477, -3.698012696848064 ], [ 128.250140188951207, -3.697854026093234 ], [ 128.249982085461198, -3.697738384677756 ], [ 128.249867101104854, -3.697663979728038 ], [ 128.249688336363306, -3.697653222385394 ], [ 128.249394587265414, -3.697673840625348 ], [ 128.249037057782317, -3.697620950356677 ] ] ] } },
{ "type": "Feature", "properties": { "FID": 18, "Provinsi": "MALUKU", "Kode_Prov": "81", "Kota_Kab": "KOTA AMBON", "Kode_Kab": "8171", "Kecamatan": "Nusaniwe", "Kode_Kec": "817110", "Kelurahan": "Kel. Waihaong", "Kode_Kel": "81711015", "Sumber": "Survey Pemetaan Kotaku Tahun 2020", "city": "ambon", "source_layer": "Wilayah Administrasi", "role": "admin" }, "geometry": { "type": "Polygon", "coordinates": [ [ [ 128.173790576323313, -3.696956684171338 ], [ 128.173754643711959, -3.696915447657596 ], [ 128.173568692448157, -3.697179899179822 ], [ 128.173504013747674, -3.697145834242402 ], [ 128.173419572110987, -3.697195138756665 ], [ 128.173353995095255, -3.697163763156996 ], [ 128.173338723735441, -3.697180795625526 ], [ 128.173406995697007, -3.697231893029153 ], [ 128.173271350089124, -3.697490965784674 ], [ 128.173231824216629, -3.697500826683909 ], [ 128.173106060076833, -3.697572542311399 ], [ 128.172918312182446, -3.697851336758162 ], [ 128.172963227946639, -3.697935602586553 ], [ 128.173006347080303, -3.698021661296643 ], [ 128.173054856105637, -3.698273562264616 ], [ 128.173353995095255, -3.698609728925312 ], [ 128.173303689439336, -3.698654551137105 ], [ 128.173355791725811, -3.698695787569953 ], [ 128.17336028330223, -3.6987002697908 ], [ 128.173433945155551, -3.698780053318068 ], [ 128.173807644313712, -3.699181660177722 ], [ 128.174020545036029, -3.699503483400419 ], [ 128.174066359115557, -3.69960119572067 ], [ 128.174216377767976, -3.699921225905138 ], [ 128.17426398847806, -3.700021627507817 ], [ 128.174414007130508, -3.700454609289039 ], [ 128.174455329633588, -3.70054604640832 ], [ 128.174636789320971, -3.700949445351307 ], [ 128.174841605205728, -3.701297264736882 ], [ 128.174857774880877, -3.701395873300727 ], [ 128.174859571511433, -3.701406630597937 ], [ 128.174883826024114, -3.701562611392794 ], [ 128.174870351294857, -3.701873676459136 ], [ 128.174855079935014, -3.702109440399164 ], [ 128.174858673196155, -3.702221495481733 ], [ 128.174950301355125, -3.702519113712187 ], [ 128.174938623256423, -3.702617722139973 ], [ 128.174864961403131, -3.702772806281453 ], [ 128.174735604002223, -3.70296643731014 ], [ 128.174689789922724, -3.703117039192061 ], [ 128.174693383183865, -3.703285569839073 ], [ 128.174694281499143, -3.703288259157647 ], [ 128.174773333244161, -3.703473822119605 ], [ 128.175111998106246, -3.703829708464367 ], [ 128.17526740665042, -3.703982103077058 ], [ 128.175374306169232, -3.704201730560953 ], [ 128.175421018564009, -3.704359503740233 ], [ 128.175612359719537, -3.704237588104169 ], [ 128.175616851295956, -3.704234898788477 ], [ 128.175868379575491, -3.7039336953794 ], [ 128.175959109419182, -3.703857498072167 ], [ 128.175995042030564, -3.70384136217097 ], [ 128.176012110020963, -3.703833294220261 ], [ 128.176034567903059, -3.703823433391518 ], [ 128.17672627067185, -3.703514161888796 ], [ 128.176840356712916, -3.703449618257208 ], [ 128.17684664491992, -3.703440653863559 ], [ 128.17690054383695, -3.703364456513882 ], [ 128.177232920492088, -3.702892032799497 ], [ 128.177303887399489, -3.702790735082185 ], [ 128.177716214114923, -3.702247492258862 ], [ 128.177408990287745, -3.702091511584636 ], [ 128.176712795942592, -3.70164060177992 ], [ 128.176749626869224, -3.701559922068977 ], [ 128.177111647928712, -3.700875040671196 ], [ 128.177120631081578, -3.700853526063734 ], [ 128.177064037218656, -3.700825736361654 ], [ 128.177002951779315, -3.700794360890518 ], [ 128.176340893414931, -3.700426819574445 ], [ 128.175587206891578, -3.700008180865261 ], [ 128.17571476766193, -3.699719526222513 ], [ 128.175715665977208, -3.699716836893101 ], [ 128.175841430116975, -3.699555477113453 ], [ 128.175888142511752, -3.699524998040665 ], [ 128.175891735772893, -3.699517826493974 ], [ 128.176152247205266, -3.699190624614476 ], [ 128.175642902439193, -3.698554149379541 ], [ 128.175637512547468, -3.698547874269316 ], [ 128.175189253220708, -3.697990285726223 ], [ 128.175042827829373, -3.697871058548504 ], [ 128.174864961403131, -3.697742866903443 ], [ 128.174458922894729, -3.697451522186643 ], [ 128.174125647924285, -3.697212171224592 ], [ 128.173790576323313, -3.696956684171338 ] ] ] } },
{ "type": "Feature", "properties": { "FID": 19, "Provinsi": "MALUKU", "Kode_Prov": "81", "Kota_Kab": "KOTA AMBON", "Kode_Kab": "8171", "Kecamatan": "Sirimau", "Kode_Kec": "817120", "Kelurahan": "Ahusein", "Kode_Kel": "81712011", "Sumber": "Survey Pemetaan Kotaku Tahun 2020", "city": "ambon", "source_layer": "Wilayah Administrasi", "role": "admin" }, "geometry": { "type": "Polygon", "coordinates": [ [ [ 128.183099817612657, -3.69627359210956 ], [ 128.183076461415283, -3.696244905817238 ], [ 128.183059393424855, -3.696257456070243 ], [ 128.182436860932967, -3.696683268120525 ], [ 128.181932906058591, -3.697027503396982 ], [ 128.181920329644583, -3.697036467855522 ], [ 128.181737073326644, -3.697161970265553 ], [ 128.181376848897713, -3.69740849280497 ], [ 128.181235813398132, -3.697505308910797 ], [ 128.180400380183897, -3.698076344431004 ], [ 128.180252158162006, -3.698217086253111 ], [ 128.180144360327915, -3.698399064499523 ], [ 128.180142563697331, -3.698401753832935 ], [ 128.179784135898984, -3.698849079510022 ], [ 128.179694304370571, -3.698960238561091 ], [ 128.179638608822927, -3.69905077939077 ], [ 128.179346656355591, -3.699523205153997 ], [ 128.179344859725035, -3.699527687370659 ], [ 128.179307130483096, -3.699588645515002 ], [ 128.179118484273431, -3.699871921542515 ], [ 128.179054703888255, -3.699933776106095 ], [ 128.179099619652476, -3.700002802208181 ], [ 128.179274791132883, -3.70026366703893 ], [ 128.179337673202753, -3.70031745359242 ], [ 128.179457149135544, -3.700361379275348 ], [ 128.179602676211573, -3.700413372938039 ], [ 128.179714067306804, -3.7004725381367 ], [ 128.179796712312964, -3.700578318330519 ], [ 128.179803898835218, -3.700684994953866 ], [ 128.179803000519939, -3.700868765577406 ], [ 128.17980659378108, -3.701017574932435 ], [ 128.179864984274531, -3.70109287604232 ], [ 128.179929662975013, -3.701143076778688 ], [ 128.179944036019549, -3.701141283895295 ], [ 128.18005542711478, -3.701128733711445 ], [ 128.180102139509557, -3.701081222299543 ], [ 128.180147953589056, -3.701034607326897 ], [ 128.180368939148934, -3.700650930151168 ], [ 128.180475838667746, -3.700488674099286 ], [ 128.180591721339368, -3.700358689947884 ], [ 128.180667179823246, -3.700293249643753 ], [ 128.180678857921947, -3.700292353201197 ], [ 128.180700417488765, -3.700289663873525 ], [ 128.180733655154285, -3.70028607810328 ], [ 128.180859419294052, -3.700367654372731 ], [ 128.180923199679228, -3.700475227463818 ], [ 128.180958233975304, -3.700622244000512 ], [ 128.180959132290582, -3.700637483518164 ], [ 128.180986081749126, -3.70091538055878 ], [ 128.180990573325545, -3.701048053953873 ], [ 128.181056150341277, -3.701169970029142 ], [ 128.181117235780619, -3.701202241928611 ], [ 128.181138795347437, -3.701212999228172 ], [ 128.181170236382371, -3.701230031618878 ], [ 128.181347204493363, -3.701264096399306 ], [ 128.181563698476822, -3.701332225956229 ], [ 128.181786480667256, -3.701457727757897 ], [ 128.182223061895343, -3.701821682882165 ], [ 128.182423386203709, -3.701975870722216 ], [ 128.18253477729894, -3.702061032599107 ], [ 128.182687490897251, -3.702216116838093 ], [ 128.182755762858847, -3.702329964788152 ], [ 128.182837509549671, -3.702526285234577 ], [ 128.182904883195988, -3.702688540913151 ], [ 128.182934527600366, -3.702759359680666 ], [ 128.182993816409123, -3.70286245028148 ], [ 128.183179767672954, -3.703005880662643 ], [ 128.183518432535067, -3.703260469531976 ], [ 128.183574128082682, -3.703372524468865 ], [ 128.183672942763906, -3.703575119758752 ], [ 128.183743909671364, -3.703549123020608 ], [ 128.183794215327282, -3.703489958027502 ], [ 128.183802300164842, -3.70339134969687 ], [ 128.1838157748941, -3.703290052036693 ], [ 128.183832842884499, -3.703211165355252 ], [ 128.183849910874898, -3.703125107149298 ], [ 128.183865182234712, -3.703044427573618 ], [ 128.183894826639118, -3.70298615898661 ], [ 128.183919979467049, -3.702881275520332 ], [ 128.184004421103765, -3.702701987515014 ], [ 128.184157134702048, -3.702440226962052 ], [ 128.184183185845285, -3.702286039202856 ], [ 128.184199355520434, -3.702185637856853 ], [ 128.184289187048819, -3.702007246151497 ], [ 128.184742836267333, -3.700914484116853 ], [ 128.184783260455106, -3.700817668383468 ], [ 128.185060839877877, -3.700160576135614 ], [ 128.185086891021115, -3.700099618030618 ], [ 128.185347402453516, -3.69948196875965 ], [ 128.185451607026494, -3.699209449931367 ], [ 128.185363572128637, -3.69914849176094 ], [ 128.185213553476189, -3.698963824336699 ], [ 128.184953940359094, -3.698627657810301 ], [ 128.184875786929354, -3.698526359605348 ], [ 128.184572156363316, -3.698132820451476 ], [ 128.184232593185925, -3.697692665974452 ], [ 128.184223610033087, -3.697681908632156 ], [ 128.183945132295008, -3.69733229493647 ], [ 128.183698095591893, -3.697023021167679 ], [ 128.183099817612657, -3.69627359210956 ] ] ] } },
{ "type": "Feature", "properties": { "FID": 20, "Provinsi": "MALUKU", "Kode_Prov": "81", "Kota_Kab": "KOTA AMBON", "Kode_Kab": "8171", "Kecamatan": "Nusaniwe", "Kode_Kec": "817110", "Kelurahan": "Kel. Silale", "Kode_Kel": "81711013", "Sumber": "Survey Pemetaan Kotaku Tahun 2020", "city": "ambon", "source_layer": "Wilayah Administrasi", "role": "admin" }, "geometry": { "type": "Polygon", "coordinates": [ [ [ 128.173972036010724, -3.695826265133105 ], [ 128.173920832039499, -3.695785925013919 ], [ 128.173695354903202, -3.696090716980116 ], [ 128.173753745396681, -3.696129264191909 ], [ 128.173799559476151, -3.696105060128886 ], [ 128.173882204482311, -3.695969696653133 ], [ 128.17393610339937, -3.695962525077682 ], [ 128.174282853099015, -3.696223391097389 ], [ 128.17381662746655, -3.696827595948016 ], [ 128.173754643711959, -3.696915447657596 ], [ 128.173790576323313, -3.696956684171338 ], [ 128.174125647924285, -3.697212171224592 ], [ 128.174458922894729, -3.697451522186643 ], [ 128.174864961403131, -3.697742866903443 ], [ 128.175042827829373, -3.697871058548504 ], [ 128.175189253220708, -3.697990285726223 ], [ 128.175637512547468, -3.698547874269316 ], [ 128.175642902439193, -3.698554149379541 ], [ 128.176152247205266, -3.699190624614476 ], [ 128.175891735772893, -3.699517826493974 ], [ 128.175888142511752, -3.699524998040665 ], [ 128.175841430116975, -3.699555477113453 ], [ 128.175715665977208, -3.699716836893101 ], [ 128.17571476766193, -3.699719526222513 ], [ 128.175587206891578, -3.700008180865261 ], [ 128.176340893414931, -3.700426819574445 ], [ 128.177002951779315, -3.700794360890518 ], [ 128.177064037218656, -3.700825736361654 ], [ 128.177120631081578, -3.700853526063734 ], [ 128.177111647928712, -3.700875040671196 ], [ 128.176749626869224, -3.701559922068977 ], [ 128.176712795942592, -3.70164060177992 ], [ 128.177408990287745, -3.702091511584636 ], [ 128.177716214114923, -3.702247492258862 ], [ 128.17778807933766, -3.702153365993221 ], [ 128.177855452983977, -3.702064618362165 ], [ 128.178053980661758, -3.701689009602958 ], [ 128.17810338800237, -3.701595779719193 ], [ 128.178568715319557, -3.700719956197379 ], [ 128.178889413875993, -3.700093342931336 ], [ 128.178895702082997, -3.700087964274774 ], [ 128.179054703888255, -3.699933776106095 ], [ 128.17901517801576, -3.699871921542515 ], [ 128.178721428917839, -3.699637053450171 ], [ 128.178290237581479, -3.699351088017052 ], [ 128.178009963212844, -3.699165524191333 ], [ 128.177990200276582, -3.699152077535785 ], [ 128.177978522177909, -3.69914400954236 ], [ 128.177944386197112, -3.699121598449123 ], [ 128.177934504728967, -3.699115323342915 ], [ 128.177613806172531, -3.698851768842068 ], [ 128.177552720733217, -3.698788121314807 ], [ 128.177536551058097, -3.698624072033333 ], [ 128.177561703886056, -3.698515602273168 ], [ 128.177563500516641, -3.698504844940859 ], [ 128.177631772478236, -3.698360517386407 ], [ 128.177728790528903, -3.698182124910851 ], [ 128.177756638302725, -3.698130131117249 ], [ 128.177727892213625, -3.698039590193527 ], [ 128.177604823019692, -3.697923948802252 ], [ 128.177540144319238, -3.697885401668476 ], [ 128.177484448771622, -3.697851336758162 ], [ 128.176864611225596, -3.697478415549128 ], [ 128.176786457795856, -3.697410285695915 ], [ 128.176708304366173, -3.697321537589801 ], [ 128.176612184630756, -3.697206792550545 ], [ 128.176449589564328, -3.696986266886536 ], [ 128.176358859720608, -3.696794427443155 ], [ 128.176311249010553, -3.696715540183369 ], [ 128.176296875966017, -3.696702093490661 ], [ 128.176048042632317, -3.696475292576245 ], [ 128.175944736374646, -3.696407162645962 ], [ 128.17582256549602, -3.696392819502077 ], [ 128.175721055868905, -3.696424195129023 ], [ 128.17568152999641, -3.696466328112034 ], [ 128.175589901837441, -3.696523700681424 ], [ 128.175526121452265, -3.696480671254728 ], [ 128.175295254424242, -3.696302278400953 ], [ 128.175077862125477, -3.696133746425731 ], [ 128.175057200873937, -3.696160639828179 ], [ 128.175004200272156, -3.696088027639695 ], [ 128.174938623256423, -3.696054859107176 ], [ 128.174887419285227, -3.696044998191862 ], [ 128.174685298346304, -3.695923081411669 ], [ 128.174630501113967, -3.695896188002017 ], [ 128.1745622291524, -3.695907841812966 ], [ 128.174458024579451, -3.695925770752589 ], [ 128.174378074519154, -3.696054859107176 ], [ 128.174242428911242, -3.695948181926608 ], [ 128.174163377166252, -3.696049480426109 ], [ 128.173977425902422, -3.695918599176783 ], [ 128.173972036010724, -3.695826265133105 ] ] ] } },
{ "type": "Feature", "properties": { "FID": 21, "Provinsi": "MALUKU", "Kode_Prov": "81", "Kota_Kab": "KOTA AMBON", "Kode_Kab": "8171", "Kecamatan": "Sirimau", "Kode_Kec": "817120", "Kelurahan": "Batu Meja", "Kode_Kel": "81712009", "Sumber": "Survey Pemetaan Kotaku Tahun 2020", "city": "ambon", "source_layer": "Wilayah Administrasi", "role": "admin" }, "geometry": { "type": "Polygon", "coordinates": [ [ [ 128.199999823052792, -3.695621875176993 ], [ 128.199958500549712, -3.695534919786648 ], [ 128.199786922330446, -3.695612910704155 ], [ 128.19969349754092, -3.695656836620193 ], [ 128.19959827612081, -3.695698969639655 ], [ 128.199510241222953, -3.695706141217237 ], [ 128.199331476481404, -3.69570345187565 ], [ 128.199204814026359, -3.695747377787204 ], [ 128.199033235807065, -3.695804750403101 ], [ 128.198825724976444, -3.695841504733209 ], [ 128.198630790559804, -3.695852262097832 ], [ 128.198502331474174, -3.695935631669226 ], [ 128.198285837490715, -3.696105060128886 ], [ 128.198032512580568, -3.696192015463338 ], [ 128.197734271906256, -3.696313932206567 ], [ 128.197616592604021, -3.696368615446246 ], [ 128.197552812218873, -3.696355168748276 ], [ 128.197479150365552, -3.696280763682495 ], [ 128.197391115467724, -3.696177672315974 ], [ 128.197340809811806, -3.696117610383869 ], [ 128.197308470461564, -3.696112231703184 ], [ 128.19726445301265, -3.696104163682094 ], [ 128.197153061917447, -3.696117610383869 ], [ 128.197071315226566, -3.696148986020551 ], [ 128.197014721363672, -3.696168707848754 ], [ 128.196900635322578, -3.696180361656123 ], [ 128.196830566730426, -3.696217115970668 ], [ 128.196773074552226, -3.696247595157182 ], [ 128.19663024242206, -3.696330068244855 ], [ 128.196502681651708, -3.696352479408659 ], [ 128.196379612457775, -3.696341722050104 ], [ 128.196199051085699, -3.696266420536566 ], [ 128.196080473468186, -3.696212633737268 ], [ 128.196044540856832, -3.696196497696842 ], [ 128.195838826656768, -3.696103267235302 ], [ 128.195731927137956, -3.69608264895883 ], [ 128.195635807402539, -3.696093406320527 ], [ 128.195519924730888, -3.696155261147754 ], [ 128.195320498737829, -3.696246698710536 ], [ 128.195219887425992, -3.696260145410149 ], [ 128.19503393616219, -3.696263731196678 ], [ 128.194941409687914, -3.696246698710536 ], [ 128.194840798376106, -3.69618215454955 ], [ 128.194662931949864, -3.696037826617022 ], [ 128.194481472262453, -3.695797578826317 ], [ 128.194472489109614, -3.695785028566806 ], [ 128.194346724969819, -3.6957168985835 ], [ 128.194151790553178, -3.695697176745251 ], [ 128.194055670817789, -3.695715105689132 ], [ 128.193999975270174, -3.695725863055286 ], [ 128.193964940974098, -3.695732138185483 ], [ 128.193939788146139, -3.69573662042131 ], [ 128.19384366841075, -3.695796682379215 ], [ 128.193797854331251, -3.695857640780093 ], [ 128.193681971659601, -3.695965214418484 ], [ 128.193605614860445, -3.696035137276441 ], [ 128.193347798373878, -3.696262834750047 ], [ 128.193207661189547, -3.696371304785816 ], [ 128.193164542055939, -3.696409851985414 ], [ 128.193017218349354, -3.69647349968341 ], [ 128.193010031827043, -3.69647349968341 ], [ 128.192981285737972, -3.69647349968341 ], [ 128.192886064317861, -3.696472603236991 ], [ 128.192640824245302, -3.696296899721387 ], [ 128.192461161188476, -3.696133746425731 ], [ 128.192372227975341, -3.696045894638713 ], [ 128.192164717144692, -3.695915909835841 ], [ 128.192126089587475, -3.695907841812966 ], [ 128.192063207517577, -3.695893498661006 ], [ 128.191954511368209, -3.695901566684012 ], [ 128.191895222559481, -3.695931149434404 ], [ 128.191820662390882, -3.695986729144596 ], [ 128.191743407276448, -3.696043205298158 ], [ 128.191719152763795, -3.696068305809698 ], [ 128.191712864556791, -3.696074580937472 ], [ 128.191619439767265, -3.69617139718893 ], [ 128.191541286337525, -3.696252077390406 ], [ 128.191347250236163, -3.696475292576245 ], [ 128.191265503545281, -3.696594519941648 ], [ 128.191163993918195, -3.696743330014323 ], [ 128.191039128093678, -3.696860764451636 ], [ 128.190883719549561, -3.696996127791381 ], [ 128.190782209922446, -3.697084875930067 ], [ 128.19056841088485, -3.697201413876466 ], [ 128.190530681642883, -3.697205896104868 ], [ 128.190474087780018, -3.697213964115934 ], [ 128.190326764073404, -3.697234582366103 ], [ 128.19032496744282, -3.697235478811752 ], [ 128.190281848309212, -3.697240857485625 ], [ 128.189946776708211, -3.697320641144239 ], [ 128.189409584168317, -3.697472140431286 ], [ 128.189238005949051, -3.697519652036686 ], [ 128.188779865154117, -3.697618261020899 ], [ 128.188552591387264, -3.697641568597381 ], [ 128.188482522795084, -3.697649636604484 ], [ 128.188439403661476, -3.69764425793309 ], [ 128.188192366958333, -3.697614675239846 ], [ 128.188186078751329, -3.69761377879458 ], [ 128.188137569725995, -3.697607503677698 ], [ 128.187892329653437, -3.697554613405071 ], [ 128.187698293552074, -3.697456900859204 ], [ 128.187632716536314, -3.697368152757757 ], [ 128.187625530014031, -3.697350223847294 ], [ 128.187611156969496, -3.697311676688573 ], [ 128.187466528208745, -3.696939651698504 ], [ 128.18741442592227, -3.69690200096792 ], [ 128.187205118461094, -3.696757673152537 ], [ 128.187096422311726, -3.69665816762639 ], [ 128.187004794152728, -3.696549697625708 ], [ 128.18678380859285, -3.696786359428273 ], [ 128.186617620265253, -3.69696475218467 ], [ 128.186597857329019, -3.696986266886536 ], [ 128.186566416294085, -3.697025710505264 ], [ 128.186392143128955, -3.697241753931266 ], [ 128.186298718339401, -3.69732422692648 ], [ 128.186062461419681, -3.697741074013171 ], [ 128.186028325438883, -3.697819961181714 ], [ 128.185884594993439, -3.698156128014431 ], [ 128.185862137111343, -3.698208121806509 ], [ 128.185604320624776, -3.698809635972421 ], [ 128.185502810997662, -3.699074983373376 ], [ 128.185451607026494, -3.699209449931367 ], [ 128.185347402453516, -3.69948196875965 ], [ 128.185086891021115, -3.700099618030618 ], [ 128.185060839877877, -3.700160576135614 ], [ 128.185092280912812, -3.700174022775856 ], [ 128.185487539637847, -3.700350621965444 ], [ 128.185390521587152, -3.7005729396769 ], [ 128.185331232778424, -3.700741470808087 ], [ 128.185864832057177, -3.700988888793651 ], [ 128.185901662983838, -3.701005921188666 ], [ 128.185916934343652, -3.701013092723311 ], [ 128.185646541443134, -3.701433523840388 ], [ 128.185549523392467, -3.701584125983032 ], [ 128.185741762863273, -3.701694388249799 ], [ 128.185763322430091, -3.70173562454116 ], [ 128.185787576942744, -3.701783135917957 ], [ 128.185801051672001, -3.701850368993974 ], [ 128.185844170805666, -3.701922084269433 ], [ 128.186061563104403, -3.702104061754843 ], [ 128.186063359734987, -3.702204463110095 ], [ 128.18566001617242, -3.702428573237003 ], [ 128.185563896437003, -3.702595311134622 ], [ 128.185600727363635, -3.702625790101759 ], [ 128.185662711118255, -3.702675094311085 ], [ 128.185686965630936, -3.702707366155702 ], [ 128.185721999926983, -3.702753084600229 ], [ 128.185804644933143, -3.702722605637474 ], [ 128.185834289337521, -3.702709159035924 ], [ 128.185865730372484, -3.702770116961311 ], [ 128.186132530011832, -3.703290948476214 ], [ 128.186189123874755, -3.703467547044233 ], [ 128.186285243610143, -3.703645938455342 ], [ 128.186317582960356, -3.703712274950806 ], [ 128.186320277906219, -3.703787575831523 ], [ 128.186293328447704, -3.703857498072167 ], [ 128.186229548062528, -3.703982103077058 ], [ 128.186246616052927, -3.704035889404684 ], [ 128.186224158170802, -3.70410222587092 ], [ 128.186201700288706, -3.704155115752601 ], [ 128.186192717135867, -3.704169458770818 ], [ 128.186396634705375, -3.704302131678295 ], [ 128.186356210517602, -3.704365778809283 ], [ 128.186438855523704, -3.704435701004244 ], [ 128.186516110638138, -3.704467076346342 ], [ 128.186542161781375, -3.704440183196041 ], [ 128.186637383201514, -3.704329024832791 ], [ 128.186742486089742, -3.704299442362799 ], [ 128.187354238798235, -3.704493073057524 ], [ 128.18746832483933, -3.704519966206218 ], [ 128.187438680434951, -3.704672360700047 ], [ 128.187457545055906, -3.704743179308835 ], [ 128.18764259800443, -3.70470104671948 ], [ 128.187808786332027, -3.704769176011906 ], [ 128.187865380194893, -3.704691185900404 ], [ 128.187883346500598, -3.704672360700047 ], [ 128.188056721350421, -3.704490383742609 ], [ 128.188238181037832, -3.704356814424913 ], [ 128.188396284527812, -3.704312888940192 ], [ 128.18852474361347, -3.704305717432275 ], [ 128.188667575743608, -3.704296753047297 ], [ 128.188800526405657, -3.704330817709728 ], [ 128.188947850112271, -3.704410600729766 ], [ 128.189013427128003, -3.704552237983572 ], [ 128.189094275503578, -3.704719871919227 ], [ 128.189110445178699, -3.70483820173704 ], [ 128.1890933771883, -3.704973563857708 ], [ 128.18908080077432, -3.7050901007662 ], [ 128.18910146202586, -3.705147472777049 ], [ 128.189125716538541, -3.705179744531517 ], [ 128.189143682844218, -3.705203948346596 ], [ 128.189210158175229, -3.705331242474259 ], [ 128.189282921713243, -3.70538413228248 ], [ 128.189344905467863, -3.705515908570565 ], [ 128.189390719547333, -3.705583141363046 ], [ 128.189496720750867, -3.705708642562008 ], [ 128.18952097526352, -3.705743603607119 ], [ 128.189633264674058, -3.705659338521682 ], [ 128.189685366960532, -3.705610034478608 ], [ 128.189694350113371, -3.705601966544025 ], [ 128.189788673218203, -3.705416404028317 ], [ 128.189872216539641, -3.705252355974766 ], [ 128.189857843495076, -3.70519856972108 ], [ 128.189865928332637, -3.70512775114874 ], [ 128.189879403061894, -3.705014799996315 ], [ 128.189929708717813, -3.704936809906463 ], [ 128.189990794157126, -3.704844476802694 ], [ 128.190142609440159, -3.704736904242462 ], [ 128.190214474662895, -3.704685807271772 ], [ 128.190368086576484, -3.704610506467481 ], [ 128.190751667202761, -3.704394464838653 ], [ 128.190891804387121, -3.704348746478902 ], [ 128.190951991511128, -3.704271652768877 ], [ 128.191035534832565, -3.704041268037266 ], [ 128.191028348310283, -3.703927420307287 ], [ 128.191001398851768, -3.703490854466821 ], [ 128.190958279718132, -3.703336666890604 ], [ 128.190892702702399, -3.703194133002653 ], [ 128.19083071894778, -3.702963747990586 ], [ 128.190816345903244, -3.702909065157907 ], [ 128.190860363352158, -3.702710951916142 ], [ 128.190980737600228, -3.702502977786595 ], [ 128.191093027010737, -3.702336239871588 ], [ 128.191131654567954, -3.702279764119064 ], [ 128.191166688864058, -3.702228667006534 ], [ 128.191297842895551, -3.701965113431922 ], [ 128.191505353726171, -3.701822579323172 ], [ 128.191673338684296, -3.701699766896607 ], [ 128.191844916903563, -3.701461313523398 ], [ 128.191923968648553, -3.7013205722166 ], [ 128.191945528215371, -3.701282025230583 ], [ 128.19198685071845, -3.701208517020038 ], [ 128.192118004749943, -3.700890280184499 ], [ 128.19218627671151, -3.700480606118029 ], [ 128.192211429539469, -3.700364965045286 ], [ 128.192283294762206, -3.700034177707352 ], [ 128.192272514978782, -3.699650500098358 ], [ 128.192312939166584, -3.699527687370659 ], [ 128.192348871777938, -3.699420114164531 ], [ 128.192442296567492, -3.699233653909638 ], [ 128.192462957819032, -3.69910815179291 ], [ 128.192469246026036, -3.699068708266838 ], [ 128.192404567325582, -3.698805153752128 ], [ 128.192480924124709, -3.698596282261332 ], [ 128.192622857939625, -3.698278044487596 ], [ 128.192637230984161, -3.698256529817081 ], [ 128.192778266483771, -3.698451954721768 ], [ 128.192828572139689, -3.698520980939275 ], [ 128.192967811008714, -3.698324659605258 ], [ 128.19307740547336, -3.69825204759399 ], [ 128.193564292357365, -3.697949049260556 ], [ 128.193652327255222, -3.697948152815628 ], [ 128.193770904872736, -3.698104134219305 ], [ 128.194026026413383, -3.698334520495219 ], [ 128.194234435559309, -3.698711923564894 ], [ 128.194452726173353, -3.69901940385678 ], [ 128.19472761065029, -3.699131459330216 ], [ 128.194909070337701, -3.699046297171697 ], [ 128.195121971060018, -3.698873283498136 ], [ 128.195147123887978, -3.698852665286081 ], [ 128.19522078574127, -3.69863931158535 ], [ 128.195196531228618, -3.69845016183293 ], [ 128.194906375391838, -3.698331831161603 ], [ 128.195086038448665, -3.698014489737788 ], [ 128.194681796570819, -3.697706112652139 ], [ 128.194722220758592, -3.697596746334368 ], [ 128.194887510770883, -3.697634397035452 ], [ 128.19547770391253, -3.697796653609922 ], [ 128.195585501746649, -3.697668461954101 ], [ 128.195617841096862, -3.697629018363966 ], [ 128.19575528333533, -3.697551027623762 ], [ 128.195784927739709, -3.697533995162344 ], [ 128.195920573347621, -3.697539373834406 ], [ 128.19616581342018, -3.697576128092622 ], [ 128.1963733242508, -3.697647843714022 ], [ 128.196614971062246, -3.697568060084852 ], [ 128.196809007163608, -3.697490965784674 ], [ 128.197061433758449, -3.6974425577323 ], [ 128.197412675034514, -3.697432696832418 ], [ 128.19755460884943, -3.697395942568256 ], [ 128.197582456623223, -3.69738877100434 ], [ 128.197723492122833, -3.697352016738356 ], [ 128.198035207526402, -3.69720410321351 ], [ 128.198191514385883, -3.697176313396997 ], [ 128.198363092605149, -3.697196035202355 ], [ 128.198422381413877, -3.697220239235602 ], [ 128.198526585986826, -3.697263268626409 ], [ 128.198655943387735, -3.697297333559318 ], [ 128.198737690078588, -3.697294644222557 ], [ 128.198823030030582, -3.697291058440197 ], [ 128.198897590199181, -3.697235478811752 ], [ 128.19899370993457, -3.697108183520571 ], [ 128.199132050488345, -3.697071429242959 ], [ 128.199221882016758, -3.697128801773201 ], [ 128.199270391042091, -3.697188863636821 ], [ 128.199318900067453, -3.697313469579713 ], [ 128.199391663605468, -3.697452418632072 ], [ 128.199599174436088, -3.697590471217367 ], [ 128.199634208732164, -3.697541166725086 ], [ 128.199704277324344, -3.697414767923261 ], [ 128.199771650970632, -3.697313469579713 ], [ 128.199816566734853, -3.697246236159464 ], [ 128.199829143148804, -3.697234582366103 ], [ 128.199962992126132, -3.697115355086758 ], [ 128.200060010176827, -3.69703736430137 ], [ 128.200333996338486, -3.697066050568059 ], [ 128.20033219970793, -3.697058879001474 ], [ 128.20027830079087, -3.696764844721559 ], [ 128.200239673233654, -3.696660856965081 ], [ 128.2002037406223, -3.696557765642744 ], [ 128.200150740020518, -3.696429573807817 ], [ 128.200045637132291, -3.696284349468941 ], [ 128.200015992727913, -3.696243112923937 ], [ 128.199981856747087, -3.696195601250143 ], [ 128.199954008973293, -3.696043205298158 ], [ 128.199974670224833, -3.695887223531952 ], [ 128.19999263653051, -3.695838815392034 ], [ 128.200006111259796, -3.695803853956006 ], [ 128.200023179250195, -3.695759928047248 ], [ 128.200025874196029, -3.695752756470103 ], [ 128.200024975880751, -3.695745584892898 ], [ 128.199999823052792, -3.695621875176993 ] ] ] } },
{ "type": "Feature", "properties": { "FID": 22, "Provinsi": "MALUKU", "Kode_Prov": "81", "Kota_Kab": "KOTA AMBON", "Kode_Kab": "8171", "Kecamatan": "Sirimau", "Kode_Kec": "817120", "Kelurahan": "Honipopu", "Kode_Kel": "81712023", "Sumber": "Survey Pemetaan Kotaku Tahun 2020", "city": "ambon", "source_layer": "Wilayah Administrasi", "role": "admin" }, "geometry": { "type": "Polygon", "coordinates": [ [ [ 128.179415826632493, -3.691104665840247 ], [ 128.179238858521501, -3.690922686097796 ], [ 128.178221067304605, -3.69191505793514 ], [ 128.177818622057316, -3.692307703396557 ], [ 128.177487143717457, -3.692587395948107 ], [ 128.177375752622225, -3.692681523229292 ], [ 128.177078410263192, -3.692954044063307 ], [ 128.176224112428002, -3.69373754099505 ], [ 128.175776751416521, -3.69414811462589 ], [ 128.174695179814449, -3.695119864558592 ], [ 128.174746383785617, -3.695164686946784 ], [ 128.174616128069431, -3.695291982516903 ], [ 128.174634094375108, -3.695319772392458 ], [ 128.174658348887789, -3.69530005054538 ], [ 128.174647569104366, -3.695284810935973 ], [ 128.174754468623206, -3.695177237215073 ], [ 128.174857774880877, -3.695291982516903 ], [ 128.174650264050229, -3.695487408074919 ], [ 128.174674518562909, -3.695535816234015 ], [ 128.174746383785617, -3.695603946231228 ], [ 128.174855978250292, -3.695669386881519 ], [ 128.174965572714967, -3.695719587925046 ], [ 128.174964674399689, -3.695942803244894 ], [ 128.174964674399689, -3.695976868228526 ], [ 128.175111099790968, -3.696089820533309 ], [ 128.175077862125477, -3.696133746425731 ], [ 128.175295254424242, -3.696302278400953 ], [ 128.175526121452265, -3.696480671254728 ], [ 128.175589901837441, -3.696523700681424 ], [ 128.17568152999641, -3.696466328112034 ], [ 128.175721055868905, -3.696424195129023 ], [ 128.17582256549602, -3.696392819502077 ], [ 128.175944736374646, -3.696407162645962 ], [ 128.176048042632317, -3.696475292576245 ], [ 128.176296875966017, -3.696702093490661 ], [ 128.176311249010553, -3.696715540183369 ], [ 128.176358859720608, -3.696794427443155 ], [ 128.176449589564328, -3.696986266886536 ], [ 128.176612184630756, -3.697206792550545 ], [ 128.176708304366173, -3.697321537589801 ], [ 128.176786457795856, -3.697410285695915 ], [ 128.176864611225596, -3.697478415549128 ], [ 128.177484448771622, -3.697851336758162 ], [ 128.177540144319238, -3.697885401668476 ], [ 128.177604823019692, -3.697923948802252 ], [ 128.177727892213625, -3.698039590193527 ], [ 128.177756638302725, -3.698130131117249 ], [ 128.177728790528903, -3.698182124910851 ], [ 128.177631772478236, -3.698360517386407 ], [ 128.177563500516641, -3.698504844940859 ], [ 128.177561703886056, -3.698515602273168 ], [ 128.177536551058097, -3.698624072033333 ], [ 128.177552720733217, -3.698788121314807 ], [ 128.177613806172531, -3.698851768842068 ], [ 128.177934504728967, -3.699115323342915 ], [ 128.177944386197112, -3.699121598449123 ], [ 128.177978522177909, -3.69914400954236 ], [ 128.177990200276582, -3.699152077535785 ], [ 128.178009963212844, -3.699165524191333 ], [ 128.178290237581479, -3.699351088017052 ], [ 128.178721428917839, -3.699637053450171 ], [ 128.17901517801576, -3.699871921542515 ], [ 128.179054703888255, -3.699933776106095 ], [ 128.179118484273431, -3.699871921542515 ], [ 128.179307130483096, -3.699588645515002 ], [ 128.179344859725035, -3.699527687370659 ], [ 128.179346656355591, -3.699523205153997 ], [ 128.179638608822927, -3.69905077939077 ], [ 128.179694304370571, -3.698960238561091 ], [ 128.179784135898984, -3.698849079510022 ], [ 128.180142563697331, -3.698401753832935 ], [ 128.180144360327915, -3.698399064499523 ], [ 128.180252158162006, -3.698217086253111 ], [ 128.180400380183897, -3.698076344431004 ], [ 128.181235813398132, -3.697505308910797 ], [ 128.181376848897713, -3.69740849280497 ], [ 128.181737073326644, -3.697161970265553 ], [ 128.181920329644583, -3.697036467855522 ], [ 128.181932906058591, -3.697027503396982 ], [ 128.182436860932967, -3.696683268120525 ], [ 128.183059393424855, -3.696257456070243 ], [ 128.183076461415283, -3.696244905817238 ], [ 128.182630897034329, -3.695645182805947 ], [ 128.182243723146883, -3.695124346797513 ], [ 128.182223061895343, -3.695096556915836 ], [ 128.181292407260997, -3.693845114890489 ], [ 128.18112082904176, -3.693604866506051 ], [ 128.18103009919804, -3.693478467143354 ], [ 128.180730061893144, -3.693058032254233 ], [ 128.180724672001446, -3.69305086065525 ], [ 128.180718383794471, -3.693042792606325 ], [ 128.180686942759507, -3.692998866560889 ], [ 128.179950324226525, -3.691967948543942 ], [ 128.179882052264929, -3.691962569838106 ], [ 128.179719457198502, -3.691802105099012 ], [ 128.179580218329477, -3.691678394833434 ], [ 128.17981917019506, -3.691327882320709 ], [ 128.179454454189681, -3.691058946795157 ], [ 128.179415826632493, -3.691104665840247 ] ] ] } },
{ "type": "Feature", "properties": { "FID": 23, "Provinsi": "MALUKU", "Kode_Prov": "81", "Kota_Kab": "KOTA AMBON", "Kode_Kab": "8171", "Kecamatan": "Sirimau", "Kode_Kec": "817120", "Kelurahan": "Uritetu", "Kode_Kel": "81712013", "Sumber": "Survey Pemetaan Kotaku Tahun 2020", "city": "ambon", "source_layer": "Wilayah Administrasi", "role": "admin" }, "geometry": { "type": "Polygon", "coordinates": [ [ [ 128.181856549259436, -3.689184463920539 ], [ 128.181690360931867, -3.689013241232243 ], [ 128.181591546250615, -3.689085853999371 ], [ 128.181579868151914, -3.689075993006651 ], [ 128.181554715323983, -3.689053581659158 ], [ 128.181247491496805, -3.6894838794323 ], [ 128.181108252627752, -3.689713371492772 ], [ 128.180975301965702, -3.689605797096806 ], [ 128.180925894625091, -3.689682892081904 ], [ 128.180861215924608, -3.689628208430373 ], [ 128.180891758644265, -3.689544838266643 ], [ 128.180842351303653, -3.689522426930975 ], [ 128.180634840473033, -3.689806602625406 ], [ 128.180684247813645, -3.68983887493827 ], [ 128.180739045045982, -3.6897779161241 ], [ 128.180817198475722, -3.689833496219541 ], [ 128.180769587765639, -3.689891765670706 ], [ 128.180876487284451, -3.689984996784621 ], [ 128.180808215322884, -3.690114086003121 ], [ 128.180646518571734, -3.690129325701288 ], [ 128.180520754431967, -3.690324752395806 ], [ 128.180457872362069, -3.690288894289941 ], [ 128.180444397632812, -3.6903077197957 ], [ 128.180505483072125, -3.690357024689846 ], [ 128.180401278499176, -3.690518386142465 ], [ 128.180049138907776, -3.69023331422299 ], [ 128.18000512145889, -3.690287101384609 ], [ 128.180350074527979, -3.690569483929684 ], [ 128.180119207499956, -3.690939718686109 ], [ 128.17976167801686, -3.690652853997257 ], [ 128.179712270676248, -3.690693194349725 ], [ 128.180079681627433, -3.690984541285372 ], [ 128.179834441554874, -3.691339536191641 ], [ 128.17981917019506, -3.691327882320709 ], [ 128.179580218329477, -3.691678394833434 ], [ 128.179719457198502, -3.691802105099012 ], [ 128.179882052264929, -3.691962569838106 ], [ 128.179950324226525, -3.691967948543942 ], [ 128.180686942759507, -3.692998866560889 ], [ 128.180718383794471, -3.693042792606325 ], [ 128.180724672001446, -3.69305086065525 ], [ 128.180730061893144, -3.693058032254233 ], [ 128.18103009919804, -3.693478467143354 ], [ 128.18112082904176, -3.693604866506051 ], [ 128.181292407260997, -3.693845114890489 ], [ 128.182223061895343, -3.695096556915836 ], [ 128.182243723146883, -3.695124346797513 ], [ 128.182630897034329, -3.695645182805947 ], [ 128.183076461415283, -3.696244905817238 ], [ 128.183099817612657, -3.69627359210956 ], [ 128.183698095591893, -3.697023021167679 ], [ 128.183945132295008, -3.69733229493647 ], [ 128.184223610033087, -3.697681908632156 ], [ 128.184232593185925, -3.697692665974452 ], [ 128.184572156363316, -3.698132820451476 ], [ 128.184875786929354, -3.698526359605348 ], [ 128.184953940359094, -3.698627657810301 ], [ 128.185213553476189, -3.698963824336699 ], [ 128.185363572128637, -3.69914849176094 ], [ 128.185451607026494, -3.699209449931367 ], [ 128.185502810997662, -3.699074983373376 ], [ 128.185604320624776, -3.698809635972421 ], [ 128.185862137111343, -3.698208121806509 ], [ 128.185884594993439, -3.698156128014431 ], [ 128.186028325438883, -3.697819961181714 ], [ 128.186062461419681, -3.697741074013171 ], [ 128.186298718339401, -3.69732422692648 ], [ 128.186392143128955, -3.697241753931266 ], [ 128.186566416294085, -3.697025710505264 ], [ 128.186597857329019, -3.696986266886536 ], [ 128.186617620265253, -3.69696475218467 ], [ 128.18678380859285, -3.696786359428273 ], [ 128.187004794152728, -3.696549697625708 ], [ 128.18682153783476, -3.696333654031102 ], [ 128.186691282118574, -3.696083545405643 ], [ 128.186649959615494, -3.695982246910032 ], [ 128.186620315211115, -3.695957146396057 ], [ 128.186495449386626, -3.695854054991923 ], [ 128.186424482479168, -3.695825368686032 ], [ 128.186138818218836, -3.695711519900384 ], [ 128.185881001732298, -3.695590499521666 ], [ 128.185714813404729, -3.69547037557387 ], [ 128.185593540841381, -3.695284810935973 ], [ 128.185539641924322, -3.694998844099161 ], [ 128.185567489698144, -3.694845551493517 ], [ 128.185607913885917, -3.694792661056185 ], [ 128.18568157573921, -3.694694051757824 ], [ 128.185853153958504, -3.694474421917544 ], [ 128.185939392225777, -3.69438656996621 ], [ 128.185944782117474, -3.69438119127503 ], [ 128.186121750228438, -3.694202797999069 ], [ 128.186277158772583, -3.694047712358165 ], [ 128.186361600409299, -3.693963446160413 ], [ 128.186568212924641, -3.693875594158494 ], [ 128.186826927726457, -3.693831668154273 ], [ 128.186919454200734, -3.693815532070543 ], [ 128.18712786334666, -3.693756366427693 ], [ 128.187203321830509, -3.693733955198311 ], [ 128.187374001734497, -3.693681064694724 ], [ 128.187433290543254, -3.693630863535864 ], [ 128.187443172011371, -3.693616520347096 ], [ 128.187473714731027, -3.693570801431352 ], [ 128.187498867558986, -3.693482949390567 ], [ 128.187495274297845, -3.693424680175045 ], [ 128.187428798966835, -3.693337724569384 ], [ 128.187336272492558, -3.693221186115448 ], [ 128.187294051674229, -3.693098372497434 ], [ 128.187304831457624, -3.692825851707727 ], [ 128.187333577546696, -3.692718277688761 ], [ 128.18736501858163, -3.692600842703173 ], [ 128.187360527005211, -3.692521955070544 ], [ 128.187311119664599, -3.692447549683346 ], [ 128.187214101613932, -3.69237852299326 ], [ 128.187070371168488, -3.692355215278514 ], [ 128.187003895837449, -3.69237852299326 ], [ 128.186896098003359, -3.692452928386244 ], [ 128.186738892828629, -3.692547952132071 ], [ 128.186598755644297, -3.692558709536618 ], [ 128.186372380192694, -3.692558709536618 ], [ 128.186292430132426, -3.692521955070544 ], [ 128.186260090782184, -3.692507611863858 ], [ 128.185998681034505, -3.69225033055458 ], [ 128.185695050468468, -3.691932986955425 ], [ 128.185683372369795, -3.691913265033091 ], [ 128.185514489096363, -3.691633572269189 ], [ 128.185385131695455, -3.691335950385216 ], [ 128.18535369066052, -3.691262441350322 ], [ 128.185316859733859, -3.691250787478377 ], [ 128.185244096195845, -3.691227479734028 ], [ 128.184792243607944, -3.691235547799449 ], [ 128.184768887410542, -3.691222997475429 ], [ 128.184757209311869, -3.691217618765082 ], [ 128.184474239997343, -3.691067014862109 ], [ 128.184141863342234, -3.690829455082293 ], [ 128.184052930129099, -3.690765806979549 ], [ 128.181856549259436, -3.689184463920539 ] ] ] } },
{ "type": "Feature", "properties": { "FID": 24, "Provinsi": "MALUKU", "Kode_Prov": "81", "Kota_Kab": "KOTA AMBON", "Kode_Kab": "8171", "Kecamatan": "Leitimur Selatan", "Kode_Kec": "817150", "Kelurahan": "Rutong", "Kode_Kel": "81715017", "Sumber": "Wilkerstat BPS Tahun 2019", "city": "ambon", "source_layer": "Wilayah Administrasi", "role": "admin" }, "geometry": { "type": "Polygon", "coordinates": [ [ [ 128.252553063804356, -3.688958557539502 ], [ 128.252480300266342, -3.688946007183315 ], [ 128.25243897776329, -3.689207771718489 ], [ 128.252320400145749, -3.689489258153146 ], [ 128.25219553432126, -3.689723232478417 ], [ 128.252042820722977, -3.689930313151685 ], [ 128.251871242503711, -3.690090778228946 ], [ 128.251467898941144, -3.690555140691463 ], [ 128.251307998820579, -3.690784632475202 ], [ 128.251218167292166, -3.690990816449089 ], [ 128.251182234680783, -3.691206861344288 ], [ 128.251154386906961, -3.691494622305651 ], [ 128.251145403754123, -3.691764454150443 ], [ 128.251138217231869, -3.691993945621691 ], [ 128.25110048798993, -3.692223437033626 ], [ 128.250965740697296, -3.692448446133831 ], [ 128.250795060793337, -3.692563191788474 ], [ 128.250511193163561, -3.692802544004724 ], [ 128.250033289432395, -3.69304189615644 ], [ 128.249421536723929, -3.693370893203476 ], [ 128.249246365243522, -3.693531357659013 ], [ 128.249120601103726, -3.693669410854528 ], [ 128.248976870658282, -3.693830771705185 ], [ 128.248810682330713, -3.694037851420543 ], [ 128.248638205796169, -3.69434264398728 ], [ 128.248525018070353, -3.694654608035412 ], [ 128.248430694965549, -3.694920853127669 ], [ 128.248330083653741, -3.69523998855385 ], [ 128.248304930825753, -3.695582431495831 ], [ 128.248291456096496, -3.695826265133105 ], [ 128.248251930224001, -3.69621532307731 ], [ 128.248212404351477, -3.696529079359614 ], [ 128.248302235879891, -3.696744226460467 ], [ 128.248459441054621, -3.696881382710017 ], [ 128.248512441656374, -3.69701943538422 ], [ 128.248564543942877, -3.697261475735167 ], [ 128.248680426614527, -3.697483794221526 ], [ 128.248889734075703, -3.697599435670214 ], [ 128.249037057782317, -3.697620950356677 ], [ 128.249394587265414, -3.697673840625348 ], [ 128.249688336363306, -3.697653222385394 ], [ 128.249867101104854, -3.697663979728038 ], [ 128.249982085461198, -3.697738384677756 ], [ 128.250140188951207, -3.697854026093234 ], [ 128.250318055377477, -3.698012696848064 ], [ 128.25050759990242, -3.698266390707798 ], [ 128.25074834839856, -3.698677858686342 ], [ 128.250874112538327, -3.699037332733483 ], [ 128.250957655859764, -3.699511551390573 ], [ 128.251007961515683, -3.699820824291082 ], [ 128.251219963922722, -3.700134579297233 ], [ 128.251387948880847, -3.700377515239957 ], [ 128.251545154055577, -3.7004725381367 ], [ 128.251713139013702, -3.700536185542969 ], [ 128.251987125175361, -3.70055770015814 ], [ 128.252395858629626, -3.700716370428877 ], [ 128.252522521084671, -3.700753124555334 ], [ 128.252635708810516, -3.700756710323686 ], [ 128.252901610134586, -3.700751331671152 ], [ 128.253579838174119, -3.700636587075957 ], [ 128.253893350208273, -3.700595350733428 ], [ 128.254242794853781, -3.700574732561444 ], [ 128.254550916996237, -3.700580111215052 ], [ 128.254947074036551, -3.700611486693777 ], [ 128.255124042147514, -3.700622244000512 ], [ 128.255281247322216, -3.70066437678397 ], [ 128.255442045758087, -3.700754020997423 ], [ 128.255603742509209, -3.700900141045908 ], [ 128.255806761763409, -3.701230928060484 ], [ 128.256020560801062, -3.701608329896425 ], [ 128.256171477768788, -3.701996488861584 ], [ 128.256166087877091, -3.702210738194421 ], [ 128.256158003039531, -3.702265421070231 ], [ 128.256160697985393, -3.702274385475779 ], [ 128.256192139020328, -3.702562142845661 ], [ 128.256207410380142, -3.702823903362581 ], [ 128.25617057945351, -3.703033670296305 ], [ 128.256160697985393, -3.703243437180328 ], [ 128.256165189561813, -3.703458582650765 ], [ 128.256222681739985, -3.703589462786367 ], [ 128.256310716637813, -3.703946245523492 ], [ 128.256336767781079, -3.704082504219315 ], [ 128.256405039742646, -3.70420800563112 ], [ 128.256451752137451, -3.704265377699161 ], [ 128.25653529545886, -3.704338885655902 ], [ 128.256670941066773, -3.704365778809283 ], [ 128.256868570429276, -3.704355021548028 ], [ 128.257046436855518, -3.704303028116791 ], [ 128.257484814714189, -3.704198144806552 ], [ 128.257823479576274, -3.704182905350183 ], [ 128.258241196183405, -3.70424117385841 ], [ 128.258412774402672, -3.704272549207404 ], [ 128.258527758759044, -3.704309303186241 ], [ 128.258581657676075, -3.70433709277898 ], [ 128.258595132405361, -3.704349642917353 ], [ 128.258860135414153, -3.704663396318784 ], [ 128.258934695582752, -3.704731525614108 ], [ 128.259173647448307, -3.704954738663359 ], [ 128.259435057196015, -3.705190501782746 ], [ 128.259528481985569, -3.705457640146281 ], [ 128.259580584272015, -3.70572567486621 ], [ 128.259689280421412, -3.706097696165639 ], [ 128.259798874886059, -3.706328080361776 ], [ 128.259913859242431, -3.706469717308604 ], [ 128.260048606535065, -3.706622111466569 ], [ 128.260153709423292, -3.706648108114423 ], [ 128.260299236499293, -3.706658865347794 ], [ 128.260434882107234, -3.706658865347794 ], [ 128.260596578858355, -3.706606872051954 ], [ 128.260784326752741, -3.706512746249984 ], [ 128.260999024105644, -3.706339734035473 ], [ 128.261139161289947, -3.706292222903285 ], [ 128.261274806897887, -3.70632897679822 ], [ 128.261363740110994, -3.706376487928433 ], [ 128.261441893540706, -3.706381866546787 ], [ 128.261525436862144, -3.706366627128034 ], [ 128.261718574648228, -3.70631911599729 ], [ 128.261969204612484, -3.706340630471905 ], [ 128.262396802687732, -3.706366627128034 ], [ 128.262553109547156, -3.706419516874348 ], [ 128.262709416406608, -3.70647688879898 ], [ 128.262860333374334, -3.706614043541217 ], [ 128.262975317730707, -3.706755680442249 ], [ 128.263110963338619, -3.706901799499923 ], [ 128.263168455516791, -3.706938553369527 ], [ 128.263239422424249, -3.706960067829073 ], [ 128.26335081351948, -3.706960067829073 ], [ 128.263501730487178, -3.706986064466993 ], [ 128.263715529524831, -3.70704433279059 ], [ 128.263893395951072, -3.70713307992223 ], [ 128.264268891739846, -3.7072702345627 ], [ 128.264529403172219, -3.707384978297861 ], [ 128.264863576457941, -3.707568747530185 ], [ 128.265098036747077, -3.707721141498752 ], [ 128.265290276217911, -3.707842160219785 ], [ 128.265462752752455, -3.707878914050302 ], [ 128.265593008468642, -3.707878914050302 ], [ 128.265697213041591, -3.707910289270265 ], [ 128.265838248541201, -3.708036686573696 ], [ 128.26594245311415, -3.708125433605733 ], [ 128.266130201008536, -3.708256313050863 ], [ 128.266255066833025, -3.708382710304822 ], [ 128.266333220262766, -3.708487593118856 ], [ 128.26634849162258, -3.708510003974942 ], [ 128.266370051189398, -3.708550343514465 ], [ 128.266437424835715, -3.708603233130161 ], [ 128.266511086689007, -3.708634608324417 ], [ 128.266656613765036, -3.708691980105321 ], [ 128.266849751551121, -3.708718873126337 ], [ 128.267032109553782, -3.708718873126337 ], [ 128.267136314126759, -3.708765487694161 ], [ 128.267256688374829, -3.708812998693451 ], [ 128.267340231696267, -3.708897263478366 ], [ 128.267444436269216, -3.708923260059323 ], [ 128.267783101131329, -3.708923260059323 ], [ 128.268002290060622, -3.708918777890247 ], [ 128.26826369980833, -3.708898159912204 ], [ 128.268518821349005, -3.708840788144684 ], [ 128.268680518100155, -3.708813895127376 ], [ 128.268821553599764, -3.708783416373439 ], [ 128.268972470567491, -3.708772659165915 ], [ 128.269144947102035, -3.708809412957746 ], [ 128.269296762385068, -3.708855131086913 ], [ 128.26927071124183, -3.708823755900484 ], [ 128.269158421831321, -3.708616679642121 ], [ 128.269140455525616, -3.70846787156503 ], [ 128.269199744334372, -3.708183701854245 ], [ 128.269318321951857, -3.707904910661207 ], [ 128.269431509677673, -3.707709487843261 ], [ 128.269592308113545, -3.707418146406031 ], [ 128.269717173938034, -3.707263959514253 ], [ 128.269656986813999, -3.70706315794047 ], [ 128.269579731699565, -3.706789745010001 ], [ 128.269550087295158, -3.706659761783902 ], [ 128.269656986813999, -3.706594321945603 ], [ 128.269763886332811, -3.706517228431257 ], [ 128.269645308715297, -3.706422206183398 ], [ 128.26944947598335, -3.706475992362686 ], [ 128.269324610158861, -3.706446409964483 ], [ 128.269516849629667, -3.705892412142649 ], [ 128.269574341807868, -3.705728364177369 ], [ 128.269871684166901, -3.705254148849833 ], [ 128.270192382723337, -3.705064104072559 ], [ 128.270513081279745, -3.704755729441447 ], [ 128.270720592110393, -3.704400739907453 ], [ 128.270831983205625, -3.704276134961505 ], [ 128.270970323759371, -3.704121947522086 ], [ 128.271160766599621, -3.70391397372404 ], [ 128.271695264193653, -3.703570637562576 ], [ 128.272420204627934, -3.702941336993995 ], [ 128.273442487421278, -3.702212531075648 ], [ 128.27400123952799, -3.701690802485242 ], [ 128.274504296087116, -3.700992474561051 ], [ 128.274298581887052, -3.700702027354725 ], [ 128.273991358059874, -3.700337175327881 ], [ 128.273813491633604, -3.700061070991471 ], [ 128.273546691994227, -3.699641535666256 ], [ 128.273298756975834, -3.69919958905114 ], [ 128.273234078275351, -3.699084844254988 ], [ 128.273215213654396, -3.699072294042008 ], [ 128.272997821355631, -3.698774674653533 ], [ 128.272882836999258, -3.698589110707126 ], [ 128.272607054207043, -3.698349760052214 ], [ 128.272385170331859, -3.698087998213301 ], [ 128.272201015698613, -3.697902434123143 ], [ 128.272108489224365, -3.697756313580368 ], [ 128.272024945902928, -3.697516962700599 ], [ 128.271955775626054, -3.697285679766628 ], [ 128.271917148068837, -3.69714673068814 ], [ 128.271786892352623, -3.696945926820112 ], [ 128.271688077671371, -3.696784566536067 ], [ 128.27152638092025, -3.696607070189704 ], [ 128.271296412207505, -3.696429573807817 ], [ 128.270721490425672, -3.696012726104618 ], [ 128.270437622795896, -3.69578144277834 ], [ 128.27025346816265, -3.695557330970542 ], [ 128.270116025924182, -3.695272260669207 ], [ 128.270039669125026, -3.695079524407283 ], [ 128.269924684768654, -3.694925335367596 ], [ 128.269771072855093, -3.694809693570246 ], [ 128.269656088498692, -3.694739770615699 ], [ 128.269487205225289, -3.694593649551869 ], [ 128.26892755480327, -3.69424582753625 ], [ 128.268674229893179, -3.694083570312228 ], [ 128.268513431457308, -3.693906073425452 ], [ 128.268459532540277, -3.693798499537401 ], [ 128.268383175741121, -3.693698097230123 ], [ 128.268336463346344, -3.693636242231592 ], [ 128.268275377907003, -3.693605762955368 ], [ 128.26821429246769, -3.693582455272844 ], [ 128.268168478388191, -3.69357438722875 ], [ 128.268075951913943, -3.693589626867531 ], [ 128.268006781637041, -3.693674789550022 ], [ 128.26796096755757, -3.693743816139309 ], [ 128.267883712443137, -3.693751884181863 ], [ 128.267815440481542, -3.693735748096683 ], [ 128.267607929650922, -3.693697200780899 ], [ 128.267498335186247, -3.693689132737849 ], [ 128.267442639638659, -3.693635345782305 ], [ 128.267235128808011, -3.693567215633939 ], [ 128.266764411599127, -3.693434541119478 ], [ 128.266541629408664, -3.693334138771028 ], [ 128.266495815329193, -3.693265112149882 ], [ 128.266441916412134, -3.693164709782268 ], [ 128.266372746135261, -3.693102854746566 ], [ 128.266281117976263, -3.693056239354493 ], [ 128.266088878505485, -3.692994384311233 ], [ 128.265935266591868, -3.692925357663665 ], [ 128.265728654076526, -3.692870674211783 ], [ 128.265636127602278, -3.692824955257623 ], [ 128.265605584882621, -3.692724552840223 ], [ 128.265605584882621, -3.692616978808982 ], [ 128.26555258428084, -3.692362386883116 ], [ 128.265535516290441, -3.692231505089997 ], [ 128.265513956723623, -3.692161581932341 ], [ 128.265414243727093, -3.69209972682675 ], [ 128.265337886927938, -3.692114966490845 ], [ 128.265261530128811, -3.6921382742119 ], [ 128.265151037348858, -3.692242262498378 ], [ 128.265052222667606, -3.692314875001544 ], [ 128.264904898960992, -3.692431413574456 ], [ 128.264641692582757, -3.692789993702853 ], [ 128.264526708226384, -3.692989902061554 ], [ 128.264189839994856, -3.693285730491825 ], [ 128.263675105337029, -3.693696304331675 ], [ 128.26333015226794, -3.693906073425452 ], [ 128.26294477501105, -3.693892626690158 ], [ 128.261654794263052, -3.693688236288617 ], [ 128.261139161289947, -3.693483845840006 ], [ 128.261065499436683, -3.693317106228647 ], [ 128.261065499436683, -3.692983626911966 ], [ 128.260937040351024, -3.692687798381017 ], [ 128.260642392937882, -3.692446653232859 ], [ 128.260071064417161, -3.692242262498378 ], [ 128.25970275515067, -3.692019942698678 ], [ 128.259352412189855, -3.691500897465763 ], [ 128.259002967544347, -3.691186242954069 ], [ 128.258759524102345, -3.691023985170854 ], [ 128.258552911587003, -3.690952269014131 ], [ 128.258081296062841, -3.690888620920189 ], [ 128.257711190165764, -3.690816904752536 ], [ 128.257568358035599, -3.690708434037957 ], [ 128.257425525905433, -3.690546176167457 ], [ 128.257389593294079, -3.690429637347152 ], [ 128.257344677529858, -3.690221660337543 ], [ 128.257178489202289, -3.689999340032047 ], [ 128.256976368263366, -3.689888179858437 ], [ 128.256773349009137, -3.689888179858437 ], [ 128.256570329754936, -3.689888179858437 ], [ 128.256312513268398, -3.68999844357909 ], [ 128.256072663087537, -3.690128429248463 ], [ 128.255630691967752, -3.690331027564183 ], [ 128.25515099160603, -3.690256621993425 ], [ 128.254745851412878, -3.690034301696678 ], [ 128.254192489197891, -3.689829910407037 ], [ 128.253861010858031, -3.689644344590191 ], [ 128.253640025298125, -3.689422024140234 ], [ 128.253327411579249, -3.689292038367515 ], [ 128.253031865850772, -3.689236458238204 ], [ 128.25282974491185, -3.689162052575781 ], [ 128.252553063804356, -3.688958557539502 ] ] ] } },
{ "type": "Feature", "properties": { "FID": 25, "Provinsi": "MALUKU", "Kode_Prov": "81", "Kota_Kab": "KOTA AMBON", "Kode_Kab": "8171", "Kecamatan": "Sirimau", "Kode_Kec": "817120", "Kelurahan": "Waihoka", "Kode_Kel": "81712007", "Sumber": "Wilkerstat BPS Tahun 2019", "city": "ambon", "source_layer": "Wilayah Administrasi", "role": "admin" }, "geometry": { "type": "Polygon", "coordinates": [ [ [ 128.201879098627188, -3.688940628459181 ], [ 128.201713808614898, -3.688923595832542 ], [ 128.201635655185186, -3.688967522079525 ], [ 128.201538637134519, -3.689022205771716 ], [ 128.20142275446284, -3.689045513573921 ], [ 128.201175717759696, -3.689093025630371 ], [ 128.200968206929076, -3.689130676692168 ], [ 128.200871188878381, -3.689222114978462 ], [ 128.200698712343836, -3.689434574489697 ], [ 128.200603490923726, -3.689540355999555 ], [ 128.20055588021367, -3.689593246749761 ], [ 128.200508269503615, -3.689614761630301 ], [ 128.200441794172605, -3.68958428221605 ], [ 128.200392386831936, -3.689545734720059 ], [ 128.20035286095947, -3.689494636873958 ], [ 128.200266622692169, -3.689417541872526 ], [ 128.200217215351557, -3.68937182274061 ], [ 128.200080671428339, -3.689248112136573 ], [ 128.199907296578544, -3.688991726337139 ], [ 128.199839024616949, -3.688944214275275 ], [ 128.19976446444835, -3.688966625625528 ], [ 128.19960636095837, -3.689060753290418 ], [ 128.199466223774039, -3.689171017113751 ], [ 128.199305425338196, -3.689344929132502 ], [ 128.199165288153836, -3.689558285067775 ], [ 128.199101507768688, -3.689659584296418 ], [ 128.19904311727521, -3.689790466468536 ], [ 128.199027845915367, -3.689913280544016 ], [ 128.19903054086123, -3.690044162678761 ], [ 128.199070066733725, -3.69015173702165 ], [ 128.199124863966063, -3.690261104256899 ], [ 128.199124863966063, -3.69035612823725 ], [ 128.199072761679588, -3.690523764857047 ], [ 128.199035930752927, -3.690621478166293 ], [ 128.198996404880432, -3.690774771501339 ], [ 128.198974845313614, -3.690820490561055 ], [ 128.198929031234115, -3.690919996741716 ], [ 128.198796978887373, -3.690930754165985 ], [ 128.198769131113551, -3.69092716835791 ], [ 128.198689181053282, -3.690914618029533 ], [ 128.198631688875082, -3.690937029330081 ], [ 128.198631688875082, -3.690937029330081 ], [ 128.198620909091659, -3.690991712901044 ], [ 128.198587671426168, -3.6910625326027 ], [ 128.198530179247967, -3.691194311019864 ], [ 128.198472687069795, -3.691243615864796 ], [ 128.198455619079397, -3.691263337802002 ], [ 128.198428669620881, -3.691383462319167 ], [ 128.198492450006057, -3.691612953888876 ], [ 128.198344227984165, -3.69186754602963 ], [ 128.198322668417347, -3.691884578599821 ], [ 128.198081919921208, -3.691876510540297 ], [ 128.197897765287934, -3.69190071471865 ], [ 128.197895968657377, -3.69190071471865 ], [ 128.197897765287934, -3.692080901358973 ], [ 128.197897765287934, -3.692123930999016 ], [ 128.197904053494938, -3.692426034871427 ], [ 128.197925613061756, -3.692593671100497 ], [ 128.197970528825977, -3.692938804413612 ], [ 128.198035207526402, -3.693248079606175 ], [ 128.198040597418128, -3.693370893203476 ], [ 128.197924714746478, -3.693484742289445 ], [ 128.197757628103631, -3.693559147589708 ], [ 128.197483641941972, -3.69362100259361 ], [ 128.197412675034514, -3.693636242231592 ], [ 128.197291402471166, -3.693693614983997 ], [ 128.197220435563736, -3.693759055775181 ], [ 128.196993161796854, -3.693970617752023 ], [ 128.196804515587161, -3.694184869024628 ], [ 128.196411053492739, -3.694458285845502 ], [ 128.196367036043824, -3.69449952247347 ], [ 128.196432613059557, -3.694567652550262 ], [ 128.196524241218555, -3.694678812138009 ], [ 128.19658083508142, -3.694796246848647 ], [ 128.196637428944342, -3.694924438919614 ], [ 128.196708395851772, -3.695056216763468 ], [ 128.19675061667013, -3.6951628940513 ], [ 128.196789244227347, -3.695204130646522 ], [ 128.196803617271883, -3.695220266704998 ], [ 128.1968997370073, -3.695252538821073 ], [ 128.197012924733087, -3.69530542923099 ], [ 128.197076705118263, -3.69536997345577 ], [ 128.197118925936621, -3.695430035438499 ], [ 128.19719348610522, -3.695526851760307 ], [ 128.197232113662437, -3.695629943202469 ], [ 128.197246486706973, -3.695711519900384 ], [ 128.197277927741908, -3.695783235672575 ], [ 128.197308470461564, -3.696112231703184 ], [ 128.197340809811806, -3.696117610383869 ], [ 128.197391115467724, -3.696177672315974 ], [ 128.197479150365552, -3.696280763682495 ], [ 128.197552812218873, -3.696355168748276 ], [ 128.197616592604021, -3.696368615446246 ], [ 128.197734271906256, -3.696313932206567 ], [ 128.198032512580568, -3.696192015463338 ], [ 128.198285837490715, -3.696105060128886 ], [ 128.198502331474174, -3.695935631669226 ], [ 128.198630790559804, -3.695852262097832 ], [ 128.198825724976444, -3.695841504733209 ], [ 128.199033235807065, -3.695804750403101 ], [ 128.199204814026359, -3.695747377787204 ], [ 128.199331476481404, -3.69570345187565 ], [ 128.199510241222953, -3.695706141217237 ], [ 128.19959827612081, -3.695698969639655 ], [ 128.19969349754092, -3.695656836620193 ], [ 128.199786922330446, -3.695612910704155 ], [ 128.199958500549712, -3.695534919786648 ], [ 128.200001619683377, -3.695515197944353 ], [ 128.200107620886882, -3.695435414123321 ], [ 128.200263927746335, -3.695306325678588 ], [ 128.200393285147243, -3.695228334734128 ], [ 128.200531625701018, -3.695129725484189 ], [ 128.200639423535108, -3.695075042168135 ], [ 128.200800221970951, -3.695043666493468 ], [ 128.200968206929076, -3.695043666493468 ], [ 128.201122717157943, -3.694975536453227 ], [ 128.20125297287413, -3.694975536453227 ], [ 128.20146407696592, -3.694913681543739 ], [ 128.201606010780807, -3.694917267335712 ], [ 128.201699435570362, -3.694919956679681 ], [ 128.201978811623718, -3.69498898317211 ], [ 128.202251001154792, -3.694945953670967 ], [ 128.202505224380189, -3.694933403399407 ], [ 128.202746871191636, -3.694933403399407 ], [ 128.202885211745411, -3.69494864301485 ], [ 128.202982229796078, -3.694958503942349 ], [ 128.203322691288747, -3.694928024711541 ], [ 128.203470014995332, -3.694914577991734 ], [ 128.203515829074831, -3.694910095751753 ], [ 128.203590389243431, -3.694902924167736 ], [ 128.203671237618977, -3.694921749575657 ], [ 128.203782628714208, -3.694984500932505 ], [ 128.203868866981509, -3.695040080702008 ], [ 128.203986546283716, -3.695115382319648 ], [ 128.204178785754522, -3.695221163152683 ], [ 128.204402466260262, -3.695321565287625 ], [ 128.204625248450725, -3.695389695301294 ], [ 128.204928879016762, -3.695477547153299 ], [ 128.205195678656139, -3.695490097417161 ], [ 128.205305273120814, -3.695476650705873 ], [ 128.205344798993309, -3.695471272021302 ], [ 128.205486732808197, -3.695414795831326 ], [ 128.205586445804727, -3.695347562267142 ], [ 128.205635853145367, -3.695272260669207 ], [ 128.205678972279003, -3.695197855512589 ], [ 128.205692447008261, -3.695140482857442 ], [ 128.205697836899958, -3.695117175215228 ], [ 128.205748142555876, -3.695029323327536 ], [ 128.20578407516723, -3.694947746566889 ], [ 128.205840669030152, -3.69489306323962 ], [ 128.205921517405699, -3.694861687558517 ], [ 128.205980806214455, -3.694844655045453 ], [ 128.206051773121914, -3.694827622532063 ], [ 128.206170350739427, -3.694775628541797 ], [ 128.20622335134118, -3.694624128794164 ], [ 128.206165859163008, -3.694457389397046 ], [ 128.206036501762071, -3.694331886604355 ], [ 128.205897262893046, -3.694295132211706 ], [ 128.205884686479067, -3.694195626409337 ], [ 128.205849652182991, -3.694126599855191 ], [ 128.205831685877286, -3.694080880965724 ], [ 128.205855940389966, -3.693988546730793 ], [ 128.205978111268621, -3.693955378119784 ], [ 128.206062552905337, -3.693927588201496 ], [ 128.20612363834465, -3.693894419588209 ], [ 128.206203588404946, -3.693805671130343 ], [ 128.206235927755159, -3.693729472952367 ], [ 128.20626467384426, -3.693612038100558 ], [ 128.206212571557785, -3.693532254108404 ], [ 128.206113756876505, -3.693455159457486 ], [ 128.206073332688732, -3.6934148192305 ], [ 128.206035603446793, -3.693364618056579 ], [ 128.20594128034196, -3.693334138771028 ], [ 128.20585414375941, -3.693331449422253 ], [ 128.205823601039725, -3.693188017475761 ], [ 128.205818211148028, -3.693127955341283 ], [ 128.205778685275533, -3.692711106087033 ], [ 128.205805634734048, -3.692582913696372 ], [ 128.205872110065087, -3.692388383949315 ], [ 128.205880194902647, -3.692270948920092 ], [ 128.205882889848482, -3.692233297991403 ], [ 128.205950263494827, -3.692071936850369 ], [ 128.205979907899177, -3.691920436641264 ], [ 128.205985297790875, -3.691897128914491 ], [ 128.205993382628435, -3.691853202812373 ], [ 128.206019433771672, -3.691813758963722 ], [ 128.206075129319316, -3.69173666416357 ], [ 128.206147892857302, -3.691676601930908 ], [ 128.206172147370012, -3.691611160986218 ], [ 128.206173944000568, -3.691527791008601 ], [ 128.206142502965605, -3.691458764247016 ], [ 128.206066146166478, -3.691496415208545 ], [ 128.20597451800748, -3.691502690368645 ], [ 128.2056843621707, -3.691455178441072 ], [ 128.205446308620424, -3.691397805544011 ], [ 128.205226221375796, -3.691385255222286 ], [ 128.205052846525973, -3.691341329094847 ], [ 128.204955828475306, -3.691271405867098 ], [ 128.20492528575565, -3.691202379085585 ], [ 128.204959421736419, -3.691098390677333 ], [ 128.205056439787114, -3.691011434843845 ], [ 128.205080694299795, -3.69100336677639 ], [ 128.205281018608133, -3.690942408042128 ], [ 128.205446308620424, -3.690865313166337 ], [ 128.205613395263242, -3.690743395674681 ], [ 128.205678073963725, -3.690634924951127 ], [ 128.205660107658048, -3.690597273953077 ], [ 128.2056268699925, -3.69052735066675 ], [ 128.205509190690293, -3.690432326704716 ], [ 128.205393308018643, -3.690364196310585 ], [ 128.20542744399944, -3.690250346824521 ], [ 128.205492122699894, -3.690092571134674 ], [ 128.205510987320849, -3.689948242212035 ], [ 128.205465173241379, -3.689844253656966 ], [ 128.205250475888477, -3.689730404104272 ], [ 128.205113931965286, -3.689703510507016 ], [ 128.204988167825519, -3.689730404104272 ], [ 128.204827369389676, -3.689716060852504 ], [ 128.204790538462987, -3.689713371492772 ], [ 128.204666570953776, -3.689733989917178 ], [ 128.204491399473369, -3.689708889226533 ], [ 128.204326109461135, -3.689664066562905 ], [ 128.204020682264542, -3.68953139146531 ], [ 128.203845510784106, -3.689477604257938 ], [ 128.2036820174024, -3.689521530477536 ], [ 128.203493371192735, -3.689533184372166 ], [ 128.203328081180445, -3.689534977279018 ], [ 128.203072959639769, -3.689472225537023 ], [ 128.202984924741941, -3.689451607106542 ], [ 128.20288161848427, -3.689428299314988 ], [ 128.202763040866756, -3.689430988675583 ], [ 128.202683989121766, -3.689431885129113 ], [ 128.202563614873696, -3.689431885129113 ], [ 128.202478274921674, -3.689378994369302 ], [ 128.202358798988911, -3.689256180219969 ], [ 128.202236628110228, -3.689105575984481 ], [ 128.202118948808021, -3.6890239986796 ], [ 128.201879098627188, -3.688940628459181 ] ] ] } },
{ "type": "Feature", "properties": { "FID": 26, "Provinsi": "MALUKU", "Kode_Prov": "81", "Kota_Kab": "KOTA AMBON", "Kode_Kab": "8171", "Kecamatan": "Sirimau", "Kode_Kec": "817120", "Kelurahan": "Karang Panjang", "Kode_Kel": "81712008", "Sumber": "Survey Pemetaan Kotaku Tahun 2020", "city": "ambon", "source_layer": "Wilayah Administrasi", "role": "admin" }, "geometry": { "type": "Polygon", "coordinates": [ [ [ 128.190051879596467, -3.688160713115191 ], [ 128.189797656371042, -3.688124854922 ], [ 128.189690756852229, -3.688163402479623 ], [ 128.189467076346489, -3.688386619699031 ], [ 128.188987375984766, -3.688869808588382 ], [ 128.188699915093849, -3.689057167474795 ], [ 128.188494200893786, -3.689179085197848 ], [ 128.188357656970595, -3.689225700793419 ], [ 128.188434013769751, -3.689417541872526 ], [ 128.188445691868452, -3.689484775885777 ], [ 128.188476234588109, -3.68965241266999 ], [ 128.188417844094658, -3.690026233620347 ], [ 128.188445691868452, -3.690439498324848 ], [ 128.188449285129593, -3.690488803211679 ], [ 128.188457369967153, -3.690537211643361 ], [ 128.188468149750548, -3.690606238476567 ], [ 128.188544506549704, -3.691077772284597 ], [ 128.188583134106921, -3.69132071070775 ], [ 128.188583134106921, -3.691321607159373 ], [ 128.188583134106921, -3.691321607159373 ], [ 128.188585829052755, -3.691439938765652 ], [ 128.188589422313896, -3.691595024862129 ], [ 128.188526540244027, -3.691902507620723 ], [ 128.188512167199491, -3.691973327249746 ], [ 128.188482522795084, -3.692121241646574 ], [ 128.188336995719084, -3.692584706597069 ], [ 128.188318131098129, -3.692643872318015 ], [ 128.188313639521709, -3.692714691887904 ], [ 128.188257045658787, -3.693599487810133 ], [ 128.188225604623852, -3.694018129544972 ], [ 128.187995635911136, -3.69463398972527 ], [ 128.187992042649995, -3.694643850656268 ], [ 128.187946228570496, -3.694768456956692 ], [ 128.187748599207964, -3.695259710402264 ], [ 128.187693801975655, -3.695396866881375 ], [ 128.187674937354672, -3.695436310570788 ], [ 128.187661462625385, -3.695464996889259 ], [ 128.187460240001769, -3.695882741296884 ], [ 128.187425205705694, -3.695953560608289 ], [ 128.18724015275717, -3.696276281449416 ], [ 128.187184457209554, -3.696340825603551 ], [ 128.18710720209512, -3.696439434718854 ], [ 128.187004794152728, -3.696549697625708 ], [ 128.187096422311726, -3.69665816762639 ], [ 128.187205118461094, -3.696757673152537 ], [ 128.18741442592227, -3.69690200096792 ], [ 128.187466528208745, -3.696939651698504 ], [ 128.187611156969496, -3.697311676688573 ], [ 128.187625530014031, -3.697350223847294 ], [ 128.187632716536314, -3.697368152757757 ], [ 128.187698293552074, -3.697456900859204 ], [ 128.187892329653437, -3.697554613405071 ], [ 128.188137569725995, -3.697607503677698 ], [ 128.188186078751329, -3.69761377879458 ], [ 128.188192366958333, -3.697614675239846 ], [ 128.188439403661476, -3.69764425793309 ], [ 128.188482522795084, -3.697649636604484 ], [ 128.188552591387264, -3.697641568597381 ], [ 128.188779865154117, -3.697618261020899 ], [ 128.189238005949051, -3.697519652036686 ], [ 128.189409584168317, -3.697472140431286 ], [ 128.189946776708211, -3.697320641144239 ], [ 128.190281848309212, -3.697240857485625 ], [ 128.19032496744282, -3.697235478811752 ], [ 128.190326764073404, -3.697234582366103 ], [ 128.190474087780018, -3.697213964115934 ], [ 128.190530681642883, -3.697205896104868 ], [ 128.19056841088485, -3.697201413876466 ], [ 128.190782209922446, -3.697084875930067 ], [ 128.190883719549561, -3.696996127791381 ], [ 128.191039128093678, -3.696860764451636 ], [ 128.191163993918195, -3.696743330014323 ], [ 128.191265503545281, -3.696594519941648 ], [ 128.191347250236163, -3.696475292576245 ], [ 128.191541286337525, -3.696252077390406 ], [ 128.191619439767265, -3.69617139718893 ], [ 128.191712864556791, -3.696074580937472 ], [ 128.191719152763795, -3.696068305809698 ], [ 128.191743407276448, -3.696043205298158 ], [ 128.191820662390882, -3.695986729144596 ], [ 128.191895222559481, -3.695931149434404 ], [ 128.191954511368209, -3.695901566684012 ], [ 128.192063207517577, -3.695893498661006 ], [ 128.192126089587475, -3.695907841812966 ], [ 128.192164717144692, -3.695915909835841 ], [ 128.192372227975341, -3.696045894638713 ], [ 128.192461161188476, -3.696133746425731 ], [ 128.192640824245302, -3.696296899721387 ], [ 128.192886064317861, -3.696472603236991 ], [ 128.192981285737972, -3.69647349968341 ], [ 128.193010031827043, -3.69647349968341 ], [ 128.193017218349354, -3.69647349968341 ], [ 128.193164542055939, -3.696409851985414 ], [ 128.193207661189547, -3.696371304785816 ], [ 128.193347798373878, -3.696262834750047 ], [ 128.193605614860445, -3.696035137276441 ], [ 128.193681971659601, -3.695965214418484 ], [ 128.193797854331251, -3.695857640780093 ], [ 128.19384366841075, -3.695796682379215 ], [ 128.193939788146139, -3.69573662042131 ], [ 128.193964940974098, -3.695732138185483 ], [ 128.193999975270174, -3.695725863055286 ], [ 128.194055670817789, -3.695715105689132 ], [ 128.194151790553178, -3.695697176745251 ], [ 128.194346724969819, -3.6957168985835 ], [ 128.194472489109614, -3.695785028566806 ], [ 128.194481472262453, -3.695797578826317 ], [ 128.194662931949864, -3.696037826617022 ], [ 128.194840798376106, -3.69618215454955 ], [ 128.194941409687914, -3.696246698710536 ], [ 128.19503393616219, -3.696263731196678 ], [ 128.195219887425992, -3.696260145410149 ], [ 128.195320498737829, -3.696246698710536 ], [ 128.195519924730888, -3.696155261147754 ], [ 128.195635807402539, -3.696093406320527 ], [ 128.195731927137956, -3.69608264895883 ], [ 128.195838826656768, -3.696103267235302 ], [ 128.196044540856832, -3.696196497696842 ], [ 128.196080473468186, -3.696212633737268 ], [ 128.196199051085699, -3.696266420536566 ], [ 128.196379612457775, -3.696341722050104 ], [ 128.196502681651708, -3.696352479408659 ], [ 128.19663024242206, -3.696330068244855 ], [ 128.196773074552226, -3.696247595157182 ], [ 128.196830566730426, -3.696217115970668 ], [ 128.196900635322578, -3.696180361656123 ], [ 128.197014721363672, -3.696168707848754 ], [ 128.197071315226566, -3.696148986020551 ], [ 128.197153061917447, -3.696117610383869 ], [ 128.19726445301265, -3.696104163682094 ], [ 128.197308470461564, -3.696112231703184 ], [ 128.197277927741908, -3.695783235672575 ], [ 128.197246486706973, -3.695711519900384 ], [ 128.197232113662437, -3.695629943202469 ], [ 128.19719348610522, -3.695526851760307 ], [ 128.197118925936621, -3.695430035438499 ], [ 128.197076705118263, -3.69536997345577 ], [ 128.197012924733087, -3.69530542923099 ], [ 128.1968997370073, -3.695252538821073 ], [ 128.196803617271883, -3.695220266704998 ], [ 128.196789244227347, -3.695204130646522 ], [ 128.19675061667013, -3.6951628940513 ], [ 128.196708395851772, -3.695056216763468 ], [ 128.196637428944342, -3.694924438919614 ], [ 128.19658083508142, -3.694796246848647 ], [ 128.196524241218555, -3.694678812138009 ], [ 128.196432613059557, -3.694567652550262 ], [ 128.196367036043824, -3.69449952247347 ], [ 128.196230492120634, -3.69462502524245 ], [ 128.196011303191312, -3.694746942201034 ], [ 128.195982557102212, -3.694754113786312 ], [ 128.195854098016582, -3.694788178815588 ], [ 128.195634909087261, -3.694765767612264 ], [ 128.195260311613765, -3.694562273860178 ], [ 128.194937816426773, -3.694374916135278 ], [ 128.19462789765376, -3.694181283229696 ], [ 128.19442936997595, -3.694001097015716 ], [ 128.194369182851943, -3.693945517181136 ], [ 128.194205689470209, -3.693346689065206 ], [ 128.194081721961027, -3.692928943463671 ], [ 128.19406375565535, -3.692902946413301 ], [ 128.193949669614256, -3.692743378294352 ], [ 128.193663107038617, -3.692383005246027 ], [ 128.193430443380038, -3.69210151972842 ], [ 128.193395409083934, -3.692058490087293 ], [ 128.193357679842023, -3.692013667542233 ], [ 128.193292102826263, -3.691933883406431 ], [ 128.193160948794798, -3.691740249968377 ], [ 128.192951641333593, -3.691486554242584 ], [ 128.19293187839736, -3.691462350052944 ], [ 128.192775571537908, -3.691273198770442 ], [ 128.192580637121267, -3.690987230641256 ], [ 128.192352465039079, -3.690565001667765 ], [ 128.192171903666974, -3.690180423510887 ], [ 128.192118004749943, -3.690036991055438 ], [ 128.192097343498403, -3.690010097467465 ], [ 128.192055122680046, -3.68995451738307 ], [ 128.1920452412119, -3.689941967040953 ], [ 128.192027274906224, -3.689918659262263 ], [ 128.191880849514916, -3.689880111780778 ], [ 128.191773051680826, -3.689899833748258 ], [ 128.191694898251114, -3.689938381228886 ], [ 128.1916508808022, -3.689994857767251 ], [ 128.191626626289519, -3.690025337167417 ], [ 128.191603270092145, -3.690140083135133 ], [ 128.191579015579464, -3.690368678573517 ], [ 128.191582608840605, -3.69039467569808 ], [ 128.191621236397822, -3.690671679495302 ], [ 128.191608659983842, -3.690754153101089 ], [ 128.191571829057182, -3.690805250874745 ], [ 128.191517031824873, -3.690833040890762 ], [ 128.19145235312439, -3.690824076369562 ], [ 128.191391267685106, -3.690793596996802 ], [ 128.191327487299901, -3.690731741795926 ], [ 128.191288859742713, -3.69062685688025 ], [ 128.191231367564512, -3.690555140691463 ], [ 128.191093027010737, -3.690493285473983 ], [ 128.190969957816833, -3.690478045782058 ], [ 128.190798379597567, -3.69038660762502 ], [ 128.190706751438569, -3.690267379425727 ], [ 128.190640276107558, -3.69014815121043 ], [ 128.190592665397503, -3.689871147249962 ], [ 128.190598953604479, -3.689513462396548 ], [ 128.190600750235063, -3.689382580183626 ], [ 128.190601648550341, -3.689263351849595 ], [ 128.19060254686562, -3.689222114978462 ], [ 128.190584580559943, -3.689141434138103 ], [ 128.190541461426307, -3.689121712153789 ], [ 128.190473189464711, -3.689093922084242 ], [ 128.19037437478346, -3.689088543361004 ], [ 128.190305204506586, -3.689079578822199 ], [ 128.190223457815733, -3.689069717829412 ], [ 128.190165965637561, -3.689033859672895 ], [ 128.190139016179018, -3.688981865343376 ], [ 128.190121948188619, -3.688913734838024 ], [ 128.190172253844537, -3.688846500781568 ], [ 128.190257593796531, -3.688776577357458 ], [ 128.190360001738924, -3.688680656753897 ], [ 128.190414798971233, -3.68859728650127 ], [ 128.19041120571012, -3.688516605604184 ], [ 128.190408510764257, -3.688350761514954 ], [ 128.190375273098766, -3.688314903329429 ], [ 128.190339340487384, -3.688277252233072 ], [ 128.190298916299611, -3.688261116048431 ], [ 128.190224356131012, -3.688230636587753 ], [ 128.190137219548433, -3.688194778397382 ], [ 128.190051879596467, -3.688160713115191 ] ] ] } },
{ "type": "Feature", "properties": { "FID": 27, "Provinsi": "MALUKU", "Kode_Prov": "81", "Kota_Kab": "KOTA AMBON", "Kode_Kab": "8171", "Kecamatan": "Sirimau", "Kode_Kec": "817120", "Kelurahan": "Rijali", "Kode_Kel": "81712014", "Sumber": "Survey Pemetaan Kotaku Tahun 2020", "city": "ambon", "source_layer": "Wilayah Administrasi", "role": "admin" }, "geometry": { "type": "Polygon", "coordinates": [ [ [ 128.184509274293447, -3.686331046961711 ], [ 128.184507477662891, -3.686330150505055 ], [ 128.18443381580957, -3.68643503592779 ], [ 128.184406866351054, -3.686426967818786 ], [ 128.18432152639906, -3.686556057554033 ], [ 128.184219118456667, -3.686489719775761 ], [ 128.184167914485471, -3.68655067881544 ], [ 128.184062811597215, -3.68677479289598 ], [ 128.183972081753524, -3.686926293982427 ], [ 128.183857995712458, -3.68711813555781 ], [ 128.183705282114175, -3.687390658098405 ], [ 128.183684620862635, -3.687448031254202 ], [ 128.183645094990112, -3.687446238343139 ], [ 128.183654078142951, -3.687354799874152 ], [ 128.183637010152552, -3.687307287724788 ], [ 128.183576823028517, -3.687309080636131 ], [ 128.18354628030886, -3.687245432281248 ], [ 128.183481601608435, -3.687269636585754 ], [ 128.183439380790048, -3.687208677595366 ], [ 128.183281277300068, -3.687328802660664 ], [ 128.183357634099195, -3.687412173032262 ], [ 128.183175276096534, -3.687552020089644 ], [ 128.183093529405653, -3.687463270998088 ], [ 128.182937222546229, -3.687573535019598 ], [ 128.182981239995144, -3.687639872717007 ], [ 128.182920154555831, -3.687694556490879 ], [ 128.182983036625728, -3.687768962276154 ], [ 128.182958782113047, -3.687850539696228 ], [ 128.183044122065013, -3.687865779433213 ], [ 128.183027054074643, -3.687891776630999 ], [ 128.182978545049309, -3.687923152558347 ], [ 128.182967765265886, -3.687930324198728 ], [ 128.182983036625728, -3.68795811430466 ], [ 128.182958782113047, -3.6879751469498 ], [ 128.182882425313892, -3.687869365253643 ], [ 128.182385656961799, -3.68821181103799 ], [ 128.182095501125019, -3.688411720427025 ], [ 128.182150298357357, -3.688516605604184 ], [ 128.182053280306661, -3.688574875141703 ], [ 128.181998483074324, -3.688658245396431 ], [ 128.181956262255966, -3.688617008497221 ], [ 128.181975126876921, -3.688596390046898 ], [ 128.181874515565113, -3.688493297788106 ], [ 128.181813430125771, -3.688569496415322 ], [ 128.181861040835855, -3.688617008497221 ], [ 128.181878108826254, -3.688601768773115 ], [ 128.181967940354667, -3.688721893650154 ], [ 128.182005669596577, -3.688772095086495 ], [ 128.181964347093526, -3.688812435524356 ], [ 128.181690360931867, -3.689013241232243 ], [ 128.181856549259436, -3.689184463920539 ], [ 128.184052930129099, -3.690765806979549 ], [ 128.184141863342234, -3.690829455082293 ], [ 128.184474239997343, -3.691067014862109 ], [ 128.184757209311869, -3.691217618765082 ], [ 128.184768887410542, -3.691222997475429 ], [ 128.184792243607944, -3.691235547799449 ], [ 128.185244096195845, -3.691227479734028 ], [ 128.185316859733859, -3.691250787478377 ], [ 128.18535369066052, -3.691262441350322 ], [ 128.185385131695455, -3.691335950385216 ], [ 128.185514489096363, -3.691633572269189 ], [ 128.185683372369795, -3.691913265033091 ], [ 128.185695050468468, -3.691932986955425 ], [ 128.185998681034505, -3.69225033055458 ], [ 128.186260090782184, -3.692507611863858 ], [ 128.186292430132426, -3.692521955070544 ], [ 128.186372380192694, -3.692558709536618 ], [ 128.186598755644297, -3.692558709536618 ], [ 128.186738892828629, -3.692547952132071 ], [ 128.186896098003359, -3.692452928386244 ], [ 128.187003895837449, -3.69237852299326 ], [ 128.187070371168488, -3.692355215278514 ], [ 128.187214101613932, -3.69237852299326 ], [ 128.187311119664599, -3.692447549683346 ], [ 128.187360527005211, -3.692521955070544 ], [ 128.18736501858163, -3.692600842703173 ], [ 128.187333577546696, -3.692718277688761 ], [ 128.187304831457624, -3.692825851707727 ], [ 128.187294051674229, -3.693098372497434 ], [ 128.187336272492558, -3.693221186115448 ], [ 128.187428798966835, -3.693337724569384 ], [ 128.187495274297845, -3.693424680175045 ], [ 128.187498867558986, -3.693482949390567 ], [ 128.187473714731027, -3.693570801431352 ], [ 128.187443172011371, -3.693616520347096 ], [ 128.187433290543254, -3.693630863535864 ], [ 128.187374001734497, -3.693681064694724 ], [ 128.187203321830509, -3.693733955198311 ], [ 128.18712786334666, -3.693756366427693 ], [ 128.186919454200734, -3.693815532070543 ], [ 128.186826927726457, -3.693831668154273 ], [ 128.186568212924641, -3.693875594158494 ], [ 128.186361600409299, -3.693963446160413 ], [ 128.186277158772583, -3.694047712358165 ], [ 128.186121750228438, -3.694202797999069 ], [ 128.185944782117474, -3.69438119127503 ], [ 128.185939392225777, -3.69438656996621 ], [ 128.185853153958504, -3.694474421917544 ], [ 128.18568157573921, -3.694694051757824 ], [ 128.185607913885917, -3.694792661056185 ], [ 128.185567489698144, -3.694845551493517 ], [ 128.185539641924322, -3.694998844099161 ], [ 128.185593540841381, -3.695284810935973 ], [ 128.185714813404729, -3.69547037557387 ], [ 128.185881001732298, -3.695590499521666 ], [ 128.186138818218836, -3.695711519900384 ], [ 128.186424482479168, -3.695825368686032 ], [ 128.186495449386626, -3.695854054991923 ], [ 128.186620315211115, -3.695957146396057 ], [ 128.186649959615494, -3.695982246910032 ], [ 128.186691282118574, -3.696083545405643 ], [ 128.18682153783476, -3.696333654031102 ], [ 128.187004794152728, -3.696549697625708 ], [ 128.18710720209512, -3.696439434718854 ], [ 128.187184457209554, -3.696340825603551 ], [ 128.18724015275717, -3.696276281449416 ], [ 128.187425205705694, -3.695953560608289 ], [ 128.187460240001769, -3.695882741296884 ], [ 128.187661462625385, -3.695464996889259 ], [ 128.187674937354672, -3.695436310570788 ], [ 128.187693801975655, -3.695396866881375 ], [ 128.187748599207964, -3.695259710402264 ], [ 128.187946228570496, -3.694768456956692 ], [ 128.187992042649995, -3.694643850656268 ], [ 128.187995635911136, -3.69463398972527 ], [ 128.188225604623852, -3.694018129544972 ], [ 128.188257045658787, -3.693599487810133 ], [ 128.188313639521709, -3.692714691887904 ], [ 128.188318131098129, -3.692643872318015 ], [ 128.188336995719084, -3.692584706597069 ], [ 128.188482522795084, -3.692121241646574 ], [ 128.188512167199491, -3.691973327249746 ], [ 128.188526540244027, -3.691902507620723 ], [ 128.188589422313896, -3.691595024862129 ], [ 128.188585829052755, -3.691439938765652 ], [ 128.188583134106921, -3.691321607159373 ], [ 128.188583134106921, -3.691321607159373 ], [ 128.188583134106921, -3.69132071070775 ], [ 128.188544506549704, -3.691077772284597 ], [ 128.188468149750548, -3.690606238476567 ], [ 128.188457369967153, -3.690537211643361 ], [ 128.188449285129593, -3.690488803211679 ], [ 128.188445691868452, -3.690439498324848 ], [ 128.188417844094658, -3.690026233620347 ], [ 128.188476234588109, -3.68965241266999 ], [ 128.188445691868452, -3.689484775885777 ], [ 128.188434013769751, -3.689417541872526 ], [ 128.188357656970595, -3.689225700793419 ], [ 128.188327114250967, -3.68914681286102 ], [ 128.18818967201247, -3.688959453993508 ], [ 128.187960601615032, -3.688652866670556 ], [ 128.187950720146915, -3.688633144675401 ], [ 128.187897719545163, -3.688517502058637 ], [ 128.187739616055126, -3.687993076049596 ], [ 128.187735124478706, -3.687976939859796 ], [ 128.18772524301059, -3.687942874569256 ], [ 128.187739616055126, -3.687058073012958 ], [ 128.187742311000989, -3.68690029675641 ], [ 128.187741412685682, -3.68688595345897 ], [ 128.186758655764891, -3.687031179334844 ], [ 128.186270870565608, -3.687103792263887 ], [ 128.186229548062528, -3.68710558517564 ], [ 128.186022037231879, -3.687112756822616 ], [ 128.186013054079041, -3.687113653278484 ], [ 128.186001375980368, -3.687107378087389 ], [ 128.185430945774954, -3.686823201529958 ], [ 128.185403098001132, -3.6868079617751 ], [ 128.184509274293447, -3.686331046961711 ] ] ] } },
{ "type": "Feature", "properties": { "FID": 28, "Provinsi": "MALUKU", "Kode_Prov": "81", "Kota_Kab": "KOTA AMBON", "Kode_Kab": "8171", "Kecamatan": "Sirimau", "Kode_Kec": "817120", "Kelurahan": "Amantelu", "Kode_Kel": "81712015", "Sumber": "Survey Pemetaan Kotaku Tahun 2020", "city": "ambon", "source_layer": "Wilayah Administrasi", "role": "admin" }, "geometry": { "type": "Polygon", "coordinates": [ [ [ 128.190660937359098, -3.685046423645176 ], [ 128.190532478273468, -3.685043734271318 ], [ 128.190395934350278, -3.685085867794157 ], [ 128.190168660583396, -3.685201510857226 ], [ 128.190115659981615, -3.685251712492327 ], [ 128.190090507153684, -3.68526426290066 ], [ 128.189887487899455, -3.685362873245686 ], [ 128.189375448187519, -3.685516167487611 ], [ 128.189180513770879, -3.685588780540355 ], [ 128.188916409077336, -3.685687390849405 ], [ 128.188895747825768, -3.685697251879709 ], [ 128.188627151555835, -3.685830824006689 ], [ 128.188432217139194, -3.686012804791703 ], [ 128.188284893432581, -3.686197474909857 ], [ 128.188161824238676, -3.686461033167408 ], [ 128.188098043853529, -3.686581158333711 ], [ 128.188054924719864, -3.686664528775412 ], [ 128.188036060098909, -3.686700387027504 ], [ 128.187767463828919, -3.686881471178473 ], [ 128.187741412685682, -3.68688595345897 ], [ 128.187742311000989, -3.68690029675641 ], [ 128.187739616055126, -3.687058073012958 ], [ 128.18772524301059, -3.687942874569256 ], [ 128.187735124478706, -3.687976939859796 ], [ 128.187739616055126, -3.687993076049596 ], [ 128.187897719545163, -3.688517502058637 ], [ 128.187950720146915, -3.688633144675401 ], [ 128.187960601615032, -3.688652866670556 ], [ 128.18818967201247, -3.688959453993508 ], [ 128.188327114250967, -3.68914681286102 ], [ 128.188357656970595, -3.689225700793419 ], [ 128.188494200893786, -3.689179085197848 ], [ 128.188699915093849, -3.689057167474795 ], [ 128.188987375984766, -3.688869808588382 ], [ 128.189467076346489, -3.688386619699031 ], [ 128.189690756852229, -3.688163402479623 ], [ 128.189797656371042, -3.688124854922 ], [ 128.190051879596467, -3.688160713115191 ], [ 128.190137219548433, -3.688194778397382 ], [ 128.190224356131012, -3.688230636587753 ], [ 128.190298916299611, -3.688261116048431 ], [ 128.190339340487384, -3.688277252233072 ], [ 128.190375273098766, -3.688314903329429 ], [ 128.190408510764257, -3.688350761514954 ], [ 128.19041120571012, -3.688516605604184 ], [ 128.190414798971233, -3.68859728650127 ], [ 128.190360001738924, -3.688680656753897 ], [ 128.190257593796531, -3.688776577357458 ], [ 128.190172253844537, -3.688846500781568 ], [ 128.190121948188619, -3.688913734838024 ], [ 128.190139016179018, -3.688981865343376 ], [ 128.190165965637561, -3.689033859672895 ], [ 128.190223457815733, -3.689069717829412 ], [ 128.190305204506586, -3.689079578822199 ], [ 128.19037437478346, -3.689088543361004 ], [ 128.190473189464711, -3.689093922084242 ], [ 128.190541461426307, -3.689121712153789 ], [ 128.190584580559943, -3.689141434138103 ], [ 128.19060254686562, -3.689222114978462 ], [ 128.190601648550341, -3.689263351849595 ], [ 128.190600750235063, -3.689382580183626 ], [ 128.190598953604479, -3.689513462396548 ], [ 128.190592665397503, -3.689871147249962 ], [ 128.190640276107558, -3.69014815121043 ], [ 128.190706751438569, -3.690267379425727 ], [ 128.190798379597567, -3.69038660762502 ], [ 128.190969957816833, -3.690478045782058 ], [ 128.191093027010737, -3.690493285473983 ], [ 128.191231367564512, -3.690555140691463 ], [ 128.191288859742713, -3.69062685688025 ], [ 128.191327487299901, -3.690731741795926 ], [ 128.191391267685106, -3.690793596996802 ], [ 128.19145235312439, -3.690824076369562 ], [ 128.191517031824873, -3.690833040890762 ], [ 128.191571829057182, -3.690805250874745 ], [ 128.191608659983842, -3.690754153101089 ], [ 128.191621236397822, -3.690671679495302 ], [ 128.191582608840605, -3.69039467569808 ], [ 128.191579015579464, -3.690368678573517 ], [ 128.191603270092145, -3.690140083135133 ], [ 128.191626626289519, -3.690025337167417 ], [ 128.1916508808022, -3.689994857767251 ], [ 128.191694898251114, -3.689938381228886 ], [ 128.191773051680826, -3.689899833748258 ], [ 128.191880849514916, -3.689880111780778 ], [ 128.192027274906224, -3.689918659262263 ], [ 128.1920452412119, -3.689941967040953 ], [ 128.192055122680046, -3.68995451738307 ], [ 128.192097343498403, -3.690010097467465 ], [ 128.192118004749943, -3.690036991055438 ], [ 128.192171903666974, -3.690180423510887 ], [ 128.192352465039079, -3.690565001667765 ], [ 128.192580637121267, -3.690987230641256 ], [ 128.192775571537908, -3.691273198770442 ], [ 128.19293187839736, -3.691462350052944 ], [ 128.192951641333593, -3.691486554242584 ], [ 128.193160948794798, -3.691740249968377 ], [ 128.193292102826263, -3.691933883406431 ], [ 128.193357679842023, -3.692013667542233 ], [ 128.193395409083934, -3.692058490087293 ], [ 128.193430443380038, -3.69210151972842 ], [ 128.193663107038617, -3.692383005246027 ], [ 128.193949669614256, -3.692743378294352 ], [ 128.19406375565535, -3.692902946413301 ], [ 128.194081721961027, -3.692928943463671 ], [ 128.194205689470209, -3.693346689065206 ], [ 128.194369182851943, -3.693945517181136 ], [ 128.19442936997595, -3.694001097015716 ], [ 128.19462789765376, -3.694181283229696 ], [ 128.194937816426773, -3.694374916135278 ], [ 128.195260311613765, -3.694562273860178 ], [ 128.195634909087261, -3.694765767612264 ], [ 128.195854098016582, -3.694788178815588 ], [ 128.195982557102212, -3.694754113786312 ], [ 128.196011303191312, -3.694746942201034 ], [ 128.196230492120634, -3.69462502524245 ], [ 128.196367036043824, -3.69449952247347 ], [ 128.196411053492739, -3.694458285845502 ], [ 128.196804515587161, -3.694184869024628 ], [ 128.196993161796854, -3.693970617752023 ], [ 128.197220435563736, -3.693759055775181 ], [ 128.197291402471166, -3.693693614983997 ], [ 128.197412675034514, -3.693636242231592 ], [ 128.197483641941972, -3.69362100259361 ], [ 128.197757628103631, -3.693559147589708 ], [ 128.197924714746478, -3.693484742289445 ], [ 128.198040597418128, -3.693370893203476 ], [ 128.198035207526402, -3.693248079606175 ], [ 128.197970528825977, -3.692938804413612 ], [ 128.197925613061756, -3.692593671100497 ], [ 128.197904053494938, -3.692426034871427 ], [ 128.197897765287934, -3.692123930999016 ], [ 128.197897765287934, -3.692080901358973 ], [ 128.197895968657377, -3.69190071471865 ], [ 128.197897765287934, -3.69190071471865 ], [ 128.198081919921208, -3.691876510540297 ], [ 128.198322668417347, -3.691884578599821 ], [ 128.198344227984165, -3.69186754602963 ], [ 128.198492450006057, -3.691612953888876 ], [ 128.198428669620881, -3.691383462319167 ], [ 128.198455619079397, -3.691263337802002 ], [ 128.198472687069795, -3.691243615864796 ], [ 128.198530179247967, -3.691194311019864 ], [ 128.198587671426168, -3.6910625326027 ], [ 128.198620909091659, -3.690991712901044 ], [ 128.198631688875082, -3.690937029330081 ], [ 128.198631688875082, -3.690937029330081 ], [ 128.198689181053282, -3.690914618029533 ], [ 128.198769131113551, -3.69092716835791 ], [ 128.198796978887373, -3.690930754165985 ], [ 128.198929031234115, -3.690919996741716 ], [ 128.198974845313614, -3.690820490561055 ], [ 128.198996404880432, -3.690774771501339 ], [ 128.199035930752927, -3.690621478166293 ], [ 128.199072761679588, -3.690523764857047 ], [ 128.199124863966063, -3.69035612823725 ], [ 128.199124863966063, -3.690261104256899 ], [ 128.199070066733725, -3.69015173702165 ], [ 128.19903054086123, -3.690044162678761 ], [ 128.199027845915367, -3.689913280544016 ], [ 128.19904311727521, -3.689790466468536 ], [ 128.199101507768688, -3.689659584296418 ], [ 128.199165288153836, -3.689558285067775 ], [ 128.199305425338196, -3.689344929132502 ], [ 128.199466223774039, -3.689171017113751 ], [ 128.19960636095837, -3.689060753290418 ], [ 128.19976446444835, -3.688966625625528 ], [ 128.199839024616949, -3.688944214275275 ], [ 128.199740209935698, -3.688876083767036 ], [ 128.19959378454439, -3.688756855365048 ], [ 128.199494969863139, -3.688641212764381 ], [ 128.199508444592396, -3.688506744605148 ], [ 128.199534495735634, -3.688335521786282 ], [ 128.199534495735634, -3.688334625331647 ], [ 128.199479698503296, -3.688182228030412 ], [ 128.199335069742546, -3.687913291552728 ], [ 128.199155406685719, -3.687645251449013 ], [ 128.199098812822825, -3.687400519109821 ], [ 128.19899370993457, -3.687217642153039 ], [ 128.198854471065516, -3.687050901365541 ], [ 128.198563416913515, -3.686904779036812 ], [ 128.198116055902005, -3.686800790125666 ], [ 128.197838476479205, -3.686670803969632 ], [ 128.197577066731526, -3.686560539836171 ], [ 128.197292300786472, -3.686452068602109 ], [ 128.197106349522642, -3.686418899709711 ], [ 128.196995856742689, -3.686402763491342 ], [ 128.196809905478887, -3.686401867034757 ], [ 128.196635632313757, -3.68637318042357 ], [ 128.19648112208489, -3.68629608515142 ], [ 128.196400273709315, -3.686248572945486 ], [ 128.196350866368704, -3.686218989872585 ], [ 128.196279899461246, -3.686130240647977 ], [ 128.196230492120634, -3.685967981941707 ], [ 128.19620264434684, -3.685756418059235 ], [ 128.196218814021961, -3.685702630623465 ], [ 128.196230492120634, -3.685636292781535 ], [ 128.196134372385245, -3.685690976678619 ], [ 128.195721147354533, -3.68563449986682 ], [ 128.195646587185934, -3.685579815966263 ], [ 128.195448059508152, -3.685435486310943 ], [ 128.19431708056544, -3.685664082959161 ], [ 128.194104179843123, -3.685799448005509 ], [ 128.193831091996742, -3.685973360683826 ], [ 128.193593038446465, -3.686109622139982 ], [ 128.193268746628888, -3.686279052474112 ], [ 128.193057642537127, -3.686333736331677 ], [ 128.19300284530479, -3.686348079638022 ], [ 128.192864504751043, -3.686363319400761 ], [ 128.19266238381212, -3.686338218614935 ], [ 128.192560874185006, -3.686301463891553 ], [ 128.192478229178874, -3.686216300502272 ], [ 128.192439601621658, -3.686138308759672 ], [ 128.192437804991073, -3.686050455983953 ], [ 128.192420737000703, -3.685898954748296 ], [ 128.192260836880109, -3.685791379890741 ], [ 128.191980562511446, -3.685703527080754 ], [ 128.191786526410112, -3.685672151075084 ], [ 128.191744305591726, -3.68566497941649 ], [ 128.191455048070253, -3.685589676997759 ], [ 128.191331080561042, -3.685533200179527 ], [ 128.191066975867528, -3.685348529923453 ], [ 128.190773226769608, -3.685116347362626 ], [ 128.190742684049923, -3.68509303945742 ], [ 128.190660937359098, -3.685046423645176 ] ] ] } },
{ "type": "Feature", "properties": { "FID": 29, "Provinsi": "MALUKU", "Kode_Prov": "81", "Kota_Kab": "KOTA AMBON", "Kode_Kab": "8171", "Kecamatan": "Sirimau", "Kode_Kec": "817120", "Kelurahan": "Pandan Kasturi", "Kode_Kel": "81712017", "Sumber": "Survey Pemetaan Kotaku Tahun 2020", "city": "ambon", "source_layer": "Wilayah Administrasi", "role": "admin" }, "geometry": { "type": "Polygon", "coordinates": [ [ [ 128.194665626895699, -3.671442570349893 ], [ 128.194184129903419, -3.671118047559248 ], [ 128.194182333272835, -3.671123426390992 ], [ 128.194275758062389, -3.671201419447659 ], [ 128.194292826052788, -3.671241760681193 ], [ 128.19425869007199, -3.671273137194904 ], [ 128.193958652767094, -3.671170939403336 ], [ 128.193874211130407, -3.67120321239141 ], [ 128.193759226774034, -3.671333200803791 ], [ 128.193500511972189, -3.67162365760169 ], [ 128.192482720755294, -3.672766657972146 ], [ 128.192535721357046, -3.672852719117265 ], [ 128.192579738805961, -3.672914575560192 ], [ 128.192589620274106, -3.672962088477212 ], [ 128.192582433751824, -3.672977328468928 ], [ 128.192532128095934, -3.673085801343623 ], [ 128.192549196086333, -3.673123453082171 ], [ 128.192499788745664, -3.673142278950849 ], [ 128.192444991513355, -3.673174551867659 ], [ 128.192385702704598, -3.673187998915985 ], [ 128.192315634112447, -3.673228340059749 ], [ 128.192321024004144, -3.673271370611087 ], [ 128.19199942713243, -3.673396876373972 ], [ 128.191897019190037, -3.673383429328794 ], [ 128.191716457817932, -3.673471283353636 ], [ 128.191701186458118, -3.673478455110384 ], [ 128.191712864556791, -3.673577066759826 ], [ 128.19148469247466, -3.673750085354789 ], [ 128.191427200296459, -3.673696297194146 ], [ 128.191360724965421, -3.673751878293421 ], [ 128.191410132306061, -3.673828078181963 ], [ 128.191357131704279, -3.673860351073972 ], [ 128.191341860344465, -3.673840628751216 ], [ 128.191311317624809, -3.673863936950791 ], [ 128.191260113653584, -3.673750085354789 ], [ 128.191142434351377, -3.673806562919975 ], [ 128.191163095602889, -3.67385228285108 ], [ 128.19110829837058, -3.673889934557289 ], [ 128.191052602822936, -3.673829871120439 ], [ 128.190679801980053, -3.674148117642784 ], [ 128.190634886215832, -3.674176804647671 ], [ 128.190558529416705, -3.674110465947469 ], [ 128.190421985493515, -3.674270037407188 ], [ 128.19033305228038, -3.674318446720786 ], [ 128.190311492713562, -3.674330100814408 ], [ 128.19025400053539, -3.674421540620623 ], [ 128.190316882605288, -3.674469053457407 ], [ 128.190238729175547, -3.674766680981201 ], [ 128.190100388621801, -3.67509120244519 ], [ 128.190182135312654, -3.675138715246308 ], [ 128.190121049873341, -3.675235533776604 ], [ 128.190058167803443, -3.675146783457568 ], [ 128.189965641329195, -3.675194296255725 ], [ 128.189989895841848, -3.675264220746525 ], [ 128.189942285131792, -3.675290218312219 ], [ 128.189883894638314, -3.675254359600718 ], [ 128.189833588982424, -3.675347592247621 ], [ 128.189908149150995, -3.675402276776367 ], [ 128.189783283326506, -3.675578880887287 ], [ 128.189771605227804, -3.675595913769233 ], [ 128.189634162989364, -3.675656873554582 ], [ 128.188955934949831, -3.675533161044667 ], [ 128.188923595599618, -3.675597706704155 ], [ 128.188884968042373, -3.676036079184581 ], [ 128.188690931941011, -3.675998427568954 ], [ 128.188733152759369, -3.675655080619778 ], [ 128.188651406068516, -3.675653287684971 ], [ 128.188225604623852, -3.679205084467478 ], [ 128.187472816415749, -3.679743859068131 ], [ 128.187527613648086, -3.679818265518157 ], [ 128.18769649692149, -3.679692760659092 ], [ 128.187742311000989, -3.679751927237711 ], [ 128.187702785128494, -3.679799439790424 ], [ 128.187702785128494, -3.679854124046071 ], [ 128.187668649147668, -3.680100651386407 ], [ 128.187757582360803, -3.680125752348142 ], [ 128.187806091386165, -3.680108719552756 ], [ 128.188010008955672, -3.680138302828743 ], [ 128.188601100412598, -3.680253946534542 ], [ 128.188773576947142, -3.680350764509245 ], [ 128.189051156369942, -3.680528264102203 ], [ 128.189124818223263, -3.680384830090434 ], [ 128.189227226165656, -3.679944666822629 ], [ 128.189257768885312, -3.679320728294413 ], [ 128.189259565515869, -3.67927680157122 ], [ 128.189346702098447, -3.678563216131975 ], [ 128.189434736996276, -3.678227938353918 ], [ 128.189501212327286, -3.678056713557647 ], [ 128.189659315817295, -3.677827218491162 ], [ 128.189858741810383, -3.677497319229572 ], [ 128.189879403061894, -3.677434566638818 ], [ 128.189953963230494, -3.677214036070562 ], [ 128.190004268886383, -3.676956750338648 ], [ 128.190160575745836, -3.676979161990722 ], [ 128.190267475264648, -3.67699440191381 ], [ 128.190268373579954, -3.677016813564936 ], [ 128.190269271895232, -3.677061636865501 ], [ 128.190323170812263, -3.677087634378795 ], [ 128.190466901257736, -3.677156662255244 ], [ 128.190467799573014, -3.677179073902291 ], [ 128.190470494518877, -3.677220311331387 ], [ 128.190619614856018, -3.677214932536397 ], [ 128.190641174422836, -3.677202382014625 ], [ 128.190687886817614, -3.677197003219525 ], [ 128.190849583568735, -3.677179970368161 ], [ 128.190931330259588, -3.677118114221003 ], [ 128.190949296565265, -3.677128871812121 ], [ 128.191005890428187, -3.677189831492674 ], [ 128.191023856733864, -3.677216725468064 ], [ 128.191043619670097, -3.677223000728872 ], [ 128.191122671415116, -3.677307268512579 ], [ 128.191167587179336, -3.677322508430058 ], [ 128.191321199092926, -3.677491940436252 ], [ 128.19132389403876, -3.677546624833494 ], [ 128.191195434953158, -3.677819150304155 ], [ 128.191264605230003, -3.677884592263323 ], [ 128.191399352522637, -3.677993064541222 ], [ 128.191349945181997, -3.678128430753806 ], [ 128.191338267083324, -3.678191183295711 ], [ 128.19148109921349, -3.678260211086703 ], [ 128.191517930140151, -3.678290690888817 ], [ 128.191321199092926, -3.67849418836445 ], [ 128.191490082366357, -3.678663620147919 ], [ 128.191581710525327, -3.678799882722895 ], [ 128.191553862751505, -3.678821397864407 ], [ 128.191662558900873, -3.678917319530663 ], [ 128.191769458419685, -3.678962142735654 ], [ 128.191766763473822, -3.67905985731472 ], [ 128.192093750237262, -3.678796296865927 ], [ 128.192539314618188, -3.678535425732706 ], [ 128.192794436158863, -3.678464605033874 ], [ 128.193341510166903, -3.678517496442394 ], [ 128.193905652165341, -3.678653759039713 ], [ 128.194173350119996, -3.678621486321178 ], [ 128.194338640132258, -3.67853273633918 ], [ 128.194406013778575, -3.678495981293544 ], [ 128.194476082370755, -3.678458329781808 ], [ 128.194814747232869, -3.67795093068278 ], [ 128.194925240012822, -3.677848733656154 ], [ 128.195148022203256, -3.677639857240728 ], [ 128.195475008966667, -3.677399604479197 ], [ 128.195703181048856, -3.677186245629227 ], [ 128.195795707523132, -3.676922684626417 ], [ 128.195797504153688, -3.676904755303668 ], [ 128.195780436163261, -3.676773871236673 ], [ 128.195789419316128, -3.676439489252249 ], [ 128.19582535192751, -3.676196546766689 ], [ 128.19585948790828, -3.676112278878009 ], [ 128.195905301987807, -3.675995738167777 ], [ 128.195980760471656, -3.675832581147865 ], [ 128.196088558305746, -3.675699903988791 ], [ 128.196208932553816, -3.675613843118297 ], [ 128.196411951808045, -3.675481165926683 ], [ 128.196566462036884, -3.675373589810885 ], [ 128.196781159389786, -3.675683767576207 ], [ 128.196821583577588, -3.675764449636212 ], [ 128.196878177440482, -3.675880093909492 ], [ 128.197099163000388, -3.675997531101895 ], [ 128.197137790557605, -3.676088970737181 ], [ 128.197228520401296, -3.676140069352815 ], [ 128.19729769067817, -3.676224337238869 ], [ 128.197310267092149, -3.676240473641674 ], [ 128.197474658789133, -3.676443971585309 ], [ 128.197597727983066, -3.676427835186188 ], [ 128.197926511377034, -3.676243163042113 ], [ 128.198201395853999, -3.676157102224042 ], [ 128.198160971666226, -3.676028010981366 ], [ 128.198151090198081, -3.675947328945202 ], [ 128.19823912509591, -3.675906091457235 ], [ 128.19816815818848, -3.675752795561329 ], [ 128.197992088392795, -3.675377175681621 ], [ 128.197932799584009, -3.67524987726168 ], [ 128.197924714746478, -3.675214915016404 ], [ 128.197943579367461, -3.675158437540369 ], [ 128.197819611858222, -3.674537185068002 ], [ 128.197759424734215, -3.674366856031757 ], [ 128.197965138934279, -3.674169632896536 ], [ 128.19789057876568, -3.674062056622586 ], [ 128.197745051689651, -3.673597685557878 ], [ 128.197724390438111, -3.673533139753694 ], [ 128.197691152772592, -3.673426459872654 ], [ 128.197763916310635, -3.673239994167608 ], [ 128.197754933157796, -3.673098351923315 ], [ 128.197555507164708, -3.672672528585171 ], [ 128.197542930750728, -3.672651013295326 ], [ 128.197401895251119, -3.672404483895504 ], [ 128.197238401869441, -3.672414345072804 ], [ 128.197180909691241, -3.672263737989439 ], [ 128.196992263481548, -3.672027966135293 ], [ 128.196728158788034, -3.671740198882929 ], [ 128.196232288751219, -3.671232795962788 ], [ 128.195866674430562, -3.671554629297168 ], [ 128.195754385020052, -3.671688203543948 ], [ 128.195609756259302, -3.671902460179935 ], [ 128.195566637125637, -3.671967006102037 ], [ 128.195047410891448, -3.67170075414329 ], [ 128.194701559507052, -3.671467671555305 ], [ 128.194665626895699, -3.671442570349893 ] ] ] } },
{ "type": "Feature", "properties": { "FID": 30, "Provinsi": "MALUKU", "Kode_Prov": "81", "Kota_Kab": "KOTA AMBON", "Kode_Kab": "8171", "Kecamatan": "Sirimau", "Kode_Kec": "817120", "Kelurahan": "Batu Merah", "Kode_Kel": "81712016", "Sumber": "Survey Pemetaan Kotaku Tahun 2020", "city": "ambon", "source_layer": "Wilayah Administrasi", "role": "admin" }, "geometry": { "type": "Polygon", "coordinates": [ [ [ 128.221903444625497, -3.668214370160434 ], [ 128.221719289992222, -3.668192854763197 ], [ 128.221448897091733, -3.668270848075716 ], [ 128.221172215984211, -3.668377528572621 ], [ 128.22068353246965, -3.668434902952245 ], [ 128.220261324286099, -3.668416973459008 ], [ 128.218605729217501, -3.669136842329733 ], [ 128.218011044499377, -3.669625420498146 ], [ 128.217788262308943, -3.669995663959733 ], [ 128.217664294799732, -3.670479759295443 ], [ 128.217265442813584, -3.67076394106474 ], [ 128.216951032464124, -3.67066443263215 ], [ 128.216826166639663, -3.670719117447828 ], [ 128.216680639563606, -3.670782766983172 ], [ 128.216661774942651, -3.670944131982023 ], [ 128.216835149792502, -3.671483808044125 ], [ 128.216870184088549, -3.671594074043262 ], [ 128.216889947024811, -3.671817295414466 ], [ 128.216656385050953, -3.672068307331482 ], [ 128.215876647384306, -3.672780105026617 ], [ 128.215511033063706, -3.672910989679559 ], [ 128.215254114892446, -3.673003326101254 ], [ 128.214940602858263, -3.673003326101254 ], [ 128.214479767117524, -3.672628601534519 ], [ 128.214089898284215, -3.672623222711842 ], [ 128.213994676864104, -3.672676114466761 ], [ 128.21390933691211, -3.672723627396475 ], [ 128.213864421147889, -3.673490109214977 ], [ 128.21384735315749, -3.673776082964605 ], [ 128.213737758692815, -3.673871108704383 ], [ 128.213366754480489, -3.67370974423461 ], [ 128.213177209955546, -3.673515210362814 ], [ 128.213133192506632, -3.673730363029597 ], [ 128.213106243048088, -3.674041437835264 ], [ 128.213062225599202, -3.674349823126346 ], [ 128.212914003577282, -3.675628186597289 ], [ 128.212809799004333, -3.676166963359868 ], [ 128.212687628125678, -3.676562305169946 ], [ 128.212559169040077, -3.676806144022101 ], [ 128.212436998161422, -3.677000677176181 ], [ 128.212243860375338, -3.677201485548777 ], [ 128.212092943407612, -3.677367331715252 ], [ 128.211899805621528, -3.677575311729065 ], [ 128.211870161217149, -3.677591448107419 ], [ 128.211843211758634, -3.677661372410244 ], [ 128.211746193707938, -3.677674819390926 ], [ 128.211592581794378, -3.677823632630279 ], [ 128.211341053514786, -3.678081814576959 ], [ 128.211234153996003, -3.678213594916749 ], [ 128.211066169037849, -3.678300552001042 ], [ 128.210921540277127, -3.678292483818321 ], [ 128.21077511488582, -3.6780782287171 ], [ 128.210660130529448, -3.678042370117723 ], [ 128.2105676040552, -3.678085400436803 ], [ 128.210481365787899, -3.678149945911528 ], [ 128.210445433176517, -3.678293380283071 ], [ 128.210366381431527, -3.678393784329416 ], [ 128.210187616690007, -3.678465501498451 ], [ 128.210016038470712, -3.678552458558167 ], [ 128.209857934980732, -3.678544390377726 ], [ 128.209765408506485, -3.678487016648037 ], [ 128.209650424150112, -3.678472673215038 ], [ 128.209521965064454, -3.678422471197722 ], [ 128.209406980708081, -3.678479844931566 ], [ 128.209264148577915, -3.678565905525406 ], [ 128.209134791177007, -3.678630450965332 ], [ 128.208956026435459, -3.678673481256018 ], [ 128.2086820402738, -3.678715615080304 ], [ 128.208632632933188, -3.678657344897255 ], [ 128.20858232727727, -3.678599971174839 ], [ 128.20857424243971, -3.678467294427604 ], [ 128.208600293582947, -3.678228834818733 ], [ 128.20864431103189, -3.678061195882576 ], [ 128.208671260490405, -3.677761776527782 ], [ 128.208636226194329, -3.677576208194538 ], [ 128.208654192500006, -3.677284856868753 ], [ 128.208619158203931, -3.676896687108313 ], [ 128.208505072162836, -3.676428731652813 ], [ 128.208338883835296, -3.676137379952065 ], [ 128.207715453028101, -3.676013667508803 ], [ 128.207557349538092, -3.675749209692104 ], [ 128.207498959044642, -3.67560129257399 ], [ 128.207347143761609, -3.675219397355618 ], [ 128.207154904290803, -3.674733511653645 ], [ 128.206961766504691, -3.674274519751149 ], [ 128.206861155192883, -3.674064746029593 ], [ 128.206742577575397, -3.673815527612533 ], [ 128.206198198513221, -3.673471283353636 ], [ 128.205162440990648, -3.672905610858583 ], [ 128.205086084191493, -3.672890370865644 ], [ 128.205060931363533, -3.672884992044544 ], [ 128.204723164816698, -3.672816860307806 ], [ 128.204389889846283, -3.672789966199768 ], [ 128.204107818847092, -3.672872441461851 ], [ 128.203920969267983, -3.672958502596772 ], [ 128.203833832685433, -3.673043667253365 ], [ 128.203663152781417, -3.672910093209401 ], [ 128.203772747246092, -3.672658185058665 ], [ 128.203638898268764, -3.672393726247416 ], [ 128.203208605247681, -3.67235517800737 ], [ 128.203096315837172, -3.672890370865644 ], [ 128.203065773117487, -3.673035599023089 ], [ 128.203009179254593, -3.673307229402284 ], [ 128.202587869386349, -3.673683746622862 ], [ 128.202706447003862, -3.673745603008192 ], [ 128.202468393453557, -3.674033369614008 ], [ 128.20233544279148, -3.674072814250565 ], [ 128.202058761684015, -3.674155289394093 ], [ 128.202593259278046, -3.67474247633689 ], [ 128.203651474682744, -3.675560055070022 ], [ 128.204008105850562, -3.675560055070022 ], [ 128.204128480098632, -3.67558157028972 ], [ 128.204156327872425, -3.675638047738963 ], [ 128.204175192493381, -3.675673906435038 ], [ 128.204692622097014, -3.676091660138076 ], [ 128.205660107658048, -3.676832141542845 ], [ 128.205762515600412, -3.677092116708597 ], [ 128.205521767104273, -3.677133354141716 ], [ 128.205510089005571, -3.677328783690121 ], [ 128.205106745443004, -3.677430980776356 ], [ 128.205015117284034, -3.677658683014082 ], [ 128.205252272519061, -3.677735779034146 ], [ 128.205442715359283, -3.677781498763827 ], [ 128.205607107056267, -3.67788100640267 ], [ 128.205939483711376, -3.678206423198078 ], [ 128.206129028236347, -3.678586524208113 ], [ 128.206060756274752, -3.678736233759546 ], [ 128.205464274926101, -3.67947492004031 ], [ 128.205219034853513, -3.67996976778876 ], [ 128.204832759281373, -3.679578909807361 ], [ 128.205139084793274, -3.679198809220626 ], [ 128.205080694299795, -3.679128885038426 ], [ 128.204694418727598, -3.678780160509386 ], [ 128.204095242433084, -3.67832744594292 ], [ 128.203699983708105, -3.678330135337064 ], [ 128.203649678052159, -3.678303241395267 ], [ 128.203395454826762, -3.678165185814601 ], [ 128.203272385632829, -3.678165185814601 ], [ 128.203122366980409, -3.678085400436803 ], [ 128.202978636534965, -3.678020854957404 ], [ 128.202871737016153, -3.677963481194013 ], [ 128.202742379615216, -3.677905210961791 ], [ 128.202549241829104, -3.677890867519428 ], [ 128.202320171431666, -3.677869352355453 ], [ 128.202155779734682, -3.677855008912513 ], [ 128.201968930155601, -3.677833493747671 ], [ 128.201640146761605, -3.677796738673199 ], [ 128.201485636532738, -3.677699023955645 ], [ 128.201474856749314, -3.677660475944857 ], [ 128.201237701514316, -3.677696334559599 ], [ 128.200805611862648, -3.677761776527782 ], [ 128.200180384424897, -3.677904314496649 ], [ 128.199998026422236, -3.677948241287492 ], [ 128.199351239417666, -3.678103329735806 ], [ 128.199212000548641, -3.677105563697867 ], [ 128.199332374796711, -3.677059843933522 ], [ 128.199256017997527, -3.676758631309816 ], [ 128.198929031234115, -3.675940157208302 ], [ 128.19889399693804, -3.675780586047337 ], [ 128.198584976480305, -3.675775207243662 ], [ 128.19823912509591, -3.675906091457235 ], [ 128.198151090198081, -3.675947328945202 ], [ 128.198160971666226, -3.676028010981366 ], [ 128.198201395853999, -3.676157102224042 ], [ 128.197926511377034, -3.676243163042113 ], [ 128.197597727983066, -3.676427835186188 ], [ 128.197474658789133, -3.676443971585309 ], [ 128.197310267092149, -3.676240473641674 ], [ 128.19729769067817, -3.676224337238869 ], [ 128.197228520401296, -3.676140069352815 ], [ 128.197137790557605, -3.676088970737181 ], [ 128.197099163000388, -3.675997531101895 ], [ 128.196878177440482, -3.675880093909492 ], [ 128.196821583577588, -3.675764449636212 ], [ 128.196781159389786, -3.675683767576207 ], [ 128.196566462036884, -3.675373589810885 ], [ 128.196411951808045, -3.675481165926683 ], [ 128.196208932553816, -3.675613843118297 ], [ 128.196088558305746, -3.675699903988791 ], [ 128.195980760471656, -3.675832581147865 ], [ 128.195905301987807, -3.675995738167777 ], [ 128.19585948790828, -3.676112278878009 ], [ 128.19582535192751, -3.676196546766689 ], [ 128.195789419316128, -3.676439489252249 ], [ 128.195780436163261, -3.676773871236673 ], [ 128.195797504153688, -3.676904755303668 ], [ 128.195795707523132, -3.676922684626417 ], [ 128.195703181048856, -3.677186245629227 ], [ 128.195475008966667, -3.677399604479197 ], [ 128.195148022203256, -3.677639857240728 ], [ 128.194925240012822, -3.677848733656154 ], [ 128.194814747232869, -3.67795093068278 ], [ 128.194476082370755, -3.678458329781808 ], [ 128.194406013778575, -3.678495981293544 ], [ 128.194338640132258, -3.67853273633918 ], [ 128.194173350119996, -3.678621486321178 ], [ 128.193905652165341, -3.678653759039713 ], [ 128.193341510166903, -3.678517496442394 ], [ 128.192794436158863, -3.678464605033874 ], [ 128.192539314618188, -3.678535425732706 ], [ 128.192093750237262, -3.678796296865927 ], [ 128.191766763473822, -3.67905985731472 ], [ 128.191769458419685, -3.678962142735654 ], [ 128.191662558900873, -3.678917319530663 ], [ 128.191553862751505, -3.678821397864407 ], [ 128.191581710525327, -3.678799882722895 ], [ 128.191490082366357, -3.678663620147919 ], [ 128.191321199092926, -3.67849418836445 ], [ 128.191517930140151, -3.678290690888817 ], [ 128.19148109921349, -3.678260211086703 ], [ 128.191338267083324, -3.678191183295711 ], [ 128.191349945181997, -3.678128430753806 ], [ 128.191399352522637, -3.677993064541222 ], [ 128.191264605230003, -3.677884592263323 ], [ 128.191195434953158, -3.677819150304155 ], [ 128.19132389403876, -3.677546624833494 ], [ 128.191321199092926, -3.677491940436252 ], [ 128.191167587179336, -3.677322508430058 ], [ 128.191122671415116, -3.677307268512579 ], [ 128.191043619670097, -3.677223000728872 ], [ 128.191023856733864, -3.677216725468064 ], [ 128.191005890428187, -3.677189831492674 ], [ 128.190949296565265, -3.677128871812121 ], [ 128.190931330259588, -3.677118114221003 ], [ 128.190849583568735, -3.677179970368161 ], [ 128.190687886817614, -3.677197003219525 ], [ 128.190641174422836, -3.677202382014625 ], [ 128.190619614856018, -3.677214932536397 ], [ 128.190470494518877, -3.677220311331387 ], [ 128.190467799573014, -3.677179073902291 ], [ 128.190466901257736, -3.677156662255244 ], [ 128.190323170812263, -3.677087634378795 ], [ 128.190269271895232, -3.677061636865501 ], [ 128.190268373579954, -3.677016813564936 ], [ 128.190267475264648, -3.67699440191381 ], [ 128.190160575745836, -3.676979161990722 ], [ 128.190004268886383, -3.676956750338648 ], [ 128.189953963230494, -3.677214036070562 ], [ 128.189879403061894, -3.677434566638818 ], [ 128.189858741810383, -3.677497319229572 ], [ 128.189659315817295, -3.677827218491162 ], [ 128.189501212327286, -3.678056713557647 ], [ 128.189434736996276, -3.678227938353918 ], [ 128.189346702098447, -3.678563216131975 ], [ 128.189259565515869, -3.67927680157122 ], [ 128.189257768885312, -3.679320728294413 ], [ 128.189227226165656, -3.679944666822629 ], [ 128.189124818223263, -3.680384830090434 ], [ 128.189051156369942, -3.680528264102203 ], [ 128.188773576947142, -3.680350764509245 ], [ 128.188601100412598, -3.680253946534542 ], [ 128.188010008955672, -3.680138302828743 ], [ 128.187806091386165, -3.680108719552756 ], [ 128.187757582360803, -3.680125752348142 ], [ 128.187740514370404, -3.680193883526427 ], [ 128.187801599809745, -3.680207330468894 ], [ 128.187798006548604, -3.680299666135018 ], [ 128.187801599809745, -3.680349868046565 ], [ 128.187381188256779, -3.68028084041746 ], [ 128.187377594995638, -3.680307734299565 ], [ 128.187791718341629, -3.680376761926587 ], [ 128.187810582962584, -3.680379451314544 ], [ 128.187806989701443, -3.680603566949136 ], [ 128.187799803179189, -3.680800788660929 ], [ 128.187818667800144, -3.680942429681546 ], [ 128.187839329051656, -3.681091242375143 ], [ 128.18781237959314, -3.681118136232778 ], [ 128.187656072733688, -3.681289360440678 ], [ 128.187614750230637, -3.681334183526315 ], [ 128.187648886211434, -3.681396935842415 ], [ 128.187660564310107, -3.681414865074775 ], [ 128.187679428931091, -3.681444448307378 ], [ 128.187679428931091, -3.681541266152665 ], [ 128.18765517441841, -3.681526026307346 ], [ 128.187630021590451, -3.681556505997723 ], [ 128.187641699689152, -3.68161477599113 ], [ 128.187660564310107, -3.681655116753562 ], [ 128.187651581157269, -3.681726833660039 ], [ 128.187556359737158, -3.681690975207523 ], [ 128.187510545657688, -3.681876542683698 ], [ 128.187440477065508, -3.681939294961576 ], [ 128.1871772706873, -3.682051352589645 ], [ 128.187082947582468, -3.68216341020361 ], [ 128.187050608232198, -3.682297879321752 ], [ 128.186972454802515, -3.682535441380831 ], [ 128.186919454200734, -3.682550681208873 ], [ 128.186894301372803, -3.682510340487018 ], [ 128.186847588977997, -3.682487928974087 ], [ 128.186797283322107, -3.682463724539488 ], [ 128.186727214729927, -3.682584746705904 ], [ 128.186755960819028, -3.682617019280837 ], [ 128.186729011360484, -3.682773003376516 ], [ 128.186728113045206, -3.682807965325247 ], [ 128.18672182483823, -3.6829827750483 ], [ 128.186719129892367, -3.683047320168134 ], [ 128.186658942768361, -3.683119933422353 ], [ 128.186633789940373, -3.683101107764419 ], [ 128.186630196679232, -3.683099314844596 ], [ 128.186529585367396, -3.683205097108023 ], [ 128.186549348303686, -3.683220336924601 ], [ 128.186570907870504, -3.683237369660464 ], [ 128.186538568520234, -3.683286674946657 ], [ 128.186522398845142, -3.683280399728566 ], [ 128.186446042045986, -3.683252609476488 ], [ 128.186250209314068, -3.683548441147604 ], [ 128.186022037231879, -3.683874752331387 ], [ 128.185929510757632, -3.683995774305945 ], [ 128.185918730974208, -3.684010117649986 ], [ 128.185908849506092, -3.684023564534816 ], [ 128.185829797761102, -3.684127553770633 ], [ 128.185608812201195, -3.684406352437728 ], [ 128.185673490901678, -3.68446910453725 ], [ 128.18566001617242, -3.68450316996085 ], [ 128.185668999325259, -3.684518409755196 ], [ 128.185683372369795, -3.684542614133917 ], [ 128.185630371768042, -3.684598194556632 ], [ 128.185620490299897, -3.684587437055732 ], [ 128.185538743609044, -3.684495101834325 ], [ 128.185484844691985, -3.684579368929972 ], [ 128.185365368759193, -3.684766728720416 ], [ 128.185104857326792, -3.68509124654161 ], [ 128.184854227362536, -3.685466862324961 ], [ 128.184818294751182, -3.685541268296637 ], [ 128.184861413884818, -3.685556508073201 ], [ 128.184774277302267, -3.685715181025435 ], [ 128.184734751429772, -3.685698148337003 ], [ 128.184675462621016, -3.685776140118202 ], [ 128.184709598601813, -3.685808412577388 ], [ 128.184637733379077, -3.685907022862088 ], [ 128.184624258649819, -3.685920469718244 ], [ 128.184529037229709, -3.685867578749521 ], [ 128.184401476459357, -3.686027148103224 ], [ 128.184561376579921, -3.68616340955114 ], [ 128.18453263049085, -3.686231540267269 ], [ 128.184559579949365, -3.686253055229173 ], [ 128.184561376579921, -3.686254848142641 ], [ 128.184529037229709, -3.686300567434867 ], [ 128.184507477662891, -3.686330150505055 ], [ 128.184509274293447, -3.686331046961711 ], [ 128.185403098001132, -3.6868079617751 ], [ 128.185430945774954, -3.686823201529958 ], [ 128.186001375980368, -3.687107378087389 ], [ 128.186013054079041, -3.687113653278484 ], [ 128.186022037231879, -3.687112756822616 ], [ 128.186229548062528, -3.68710558517564 ], [ 128.186270870565608, -3.687103792263887 ], [ 128.186758655764891, -3.687031179334844 ], [ 128.187741412685682, -3.68688595345897 ], [ 128.187767463828919, -3.686881471178473 ], [ 128.188036060098909, -3.686700387027504 ], [ 128.188054924719864, -3.686664528775412 ], [ 128.188098043853529, -3.686581158333711 ], [ 128.188161824238676, -3.686461033167408 ], [ 128.188284893432581, -3.686197474909857 ], [ 128.188432217139194, -3.686012804791703 ], [ 128.188627151555835, -3.685830824006689 ], [ 128.188895747825768, -3.685697251879709 ], [ 128.188916409077336, -3.685687390849405 ], [ 128.189180513770879, -3.685588780540355 ], [ 128.189375448187519, -3.685516167487611 ], [ 128.189887487899455, -3.685362873245686 ], [ 128.190090507153684, -3.68526426290066 ], [ 128.190115659981615, -3.685251712492327 ], [ 128.190168660583396, -3.685201510857226 ], [ 128.190395934350278, -3.685085867794157 ], [ 128.190532478273468, -3.685043734271318 ], [ 128.190660937359098, -3.685046423645176 ], [ 128.190742684049923, -3.68509303945742 ], [ 128.190773226769608, -3.685116347362626 ], [ 128.191066975867528, -3.685348529923453 ], [ 128.191331080561042, -3.685533200179527 ], [ 128.191455048070253, -3.685589676997759 ], [ 128.191744305591726, -3.68566497941649 ], [ 128.191786526410112, -3.685672151075084 ], [ 128.191980562511446, -3.685703527080754 ], [ 128.192260836880109, -3.685791379890741 ], [ 128.192420737000703, -3.685898954748296 ], [ 128.192437804991073, -3.686050455983953 ], [ 128.192439601621658, -3.686138308759672 ], [ 128.192478229178874, -3.686216300502272 ], [ 128.192560874185006, -3.686301463891553 ], [ 128.19266238381212, -3.686338218614935 ], [ 128.192864504751043, -3.686363319400761 ], [ 128.19300284530479, -3.686348079638022 ], [ 128.193057642537127, -3.686333736331677 ], [ 128.193268746628888, -3.686279052474112 ], [ 128.193593038446465, -3.686109622139982 ], [ 128.193831091996742, -3.685973360683826 ], [ 128.194104179843123, -3.685799448005509 ], [ 128.19431708056544, -3.685664082959161 ], [ 128.195448059508152, -3.685435486310943 ], [ 128.195646587185934, -3.685579815966263 ], [ 128.195721147354533, -3.68563449986682 ], [ 128.196134372385245, -3.685690976678619 ], [ 128.196230492120634, -3.685636292781535 ], [ 128.196218814021961, -3.685702630623465 ], [ 128.19620264434684, -3.685756418059235 ], [ 128.196230492120634, -3.685967981941707 ], [ 128.196279899461246, -3.686130240647977 ], [ 128.196350866368704, -3.686218989872585 ], [ 128.196400273709315, -3.686248572945486 ], [ 128.19648112208489, -3.68629608515142 ], [ 128.196635632313757, -3.68637318042357 ], [ 128.196809905478887, -3.686401867034757 ], [ 128.196995856742689, -3.686402763491342 ], [ 128.197106349522642, -3.686418899709711 ], [ 128.197292300786472, -3.686452068602109 ], [ 128.197577066731526, -3.686560539836171 ], [ 128.197838476479205, -3.686670803969632 ], [ 128.198116055902005, -3.686800790125666 ], [ 128.198563416913515, -3.686904779036812 ], [ 128.198854471065516, -3.687050901365541 ], [ 128.19899370993457, -3.687217642153039 ], [ 128.199098812822825, -3.687400519109821 ], [ 128.199155406685719, -3.687645251449013 ], [ 128.199335069742546, -3.687913291552728 ], [ 128.199479698503296, -3.688182228030412 ], [ 128.199534495735634, -3.688334625331647 ], [ 128.199534495735634, -3.688335521786282 ], [ 128.199508444592396, -3.688506744605148 ], [ 128.199494969863139, -3.688641212764381 ], [ 128.19959378454439, -3.688756855365048 ], [ 128.199740209935698, -3.688876083767036 ], [ 128.199839024616949, -3.688944214275275 ], [ 128.199907296578544, -3.688991726337139 ], [ 128.200080671428339, -3.689248112136573 ], [ 128.200217215351557, -3.68937182274061 ], [ 128.200266622692169, -3.689417541872526 ], [ 128.20035286095947, -3.689494636873958 ], [ 128.200392386831936, -3.689545734720059 ], [ 128.200441794172605, -3.68958428221605 ], [ 128.200508269503615, -3.689614761630301 ], [ 128.20055588021367, -3.689593246749761 ], [ 128.200603490923726, -3.689540355999555 ], [ 128.200698712343836, -3.689434574489697 ], [ 128.200871188878381, -3.689222114978462 ], [ 128.200968206929076, -3.689130676692168 ], [ 128.201175717759696, -3.689093025630371 ], [ 128.20142275446284, -3.689045513573921 ], [ 128.201538637134519, -3.689022205771716 ], [ 128.201635655185186, -3.688967522079525 ], [ 128.201713808614898, -3.688923595832542 ], [ 128.201879098627188, -3.688940628459181 ], [ 128.202118948808021, -3.6890239986796 ], [ 128.202236628110228, -3.689105575984481 ], [ 128.202358798988911, -3.689256180219969 ], [ 128.202478274921674, -3.689378994369302 ], [ 128.202563614873696, -3.689431885129113 ], [ 128.202683989121766, -3.689431885129113 ], [ 128.202763040866756, -3.689430988675583 ], [ 128.20288161848427, -3.689428299314988 ], [ 128.202984924741941, -3.689451607106542 ], [ 128.203072959639769, -3.689472225537023 ], [ 128.203328081180445, -3.689534977279018 ], [ 128.203493371192735, -3.689533184372166 ], [ 128.2036820174024, -3.689521530477536 ], [ 128.203845510784106, -3.689477604257938 ], [ 128.204020682264542, -3.68953139146531 ], [ 128.204326109461135, -3.689664066562905 ], [ 128.204491399473369, -3.689708889226533 ], [ 128.204666570953776, -3.689733989917178 ], [ 128.204790538462987, -3.689713371492772 ], [ 128.204827369389676, -3.689716060852504 ], [ 128.204988167825519, -3.689730404104272 ], [ 128.205113931965286, -3.689703510507016 ], [ 128.205250475888477, -3.689730404104272 ], [ 128.205465173241379, -3.689844253656966 ], [ 128.205510987320849, -3.689948242212035 ], [ 128.205492122699894, -3.690092571134674 ], [ 128.20542744399944, -3.690250346824521 ], [ 128.205393308018643, -3.690364196310585 ], [ 128.205509190690293, -3.690432326704716 ], [ 128.2056268699925, -3.69052735066675 ], [ 128.205660107658048, -3.690597273953077 ], [ 128.205678073963725, -3.690634924951127 ], [ 128.205613395263242, -3.690743395674681 ], [ 128.205446308620424, -3.690865313166337 ], [ 128.205281018608133, -3.690942408042128 ], [ 128.205080694299795, -3.69100336677639 ], [ 128.205056439787114, -3.691011434843845 ], [ 128.204959421736419, -3.691098390677333 ], [ 128.20492528575565, -3.691202379085585 ], [ 128.204955828475306, -3.691271405867098 ], [ 128.205052846525973, -3.691341329094847 ], [ 128.205226221375796, -3.691385255222286 ], [ 128.205446308620424, -3.691397805544011 ], [ 128.2056843621707, -3.691455178441072 ], [ 128.20597451800748, -3.691502690368645 ], [ 128.206066146166478, -3.691496415208545 ], [ 128.206142502965605, -3.691458764247016 ], [ 128.206173944000568, -3.691527791008601 ], [ 128.206172147370012, -3.691611160986218 ], [ 128.206147892857302, -3.691676601930908 ], [ 128.206075129319316, -3.69173666416357 ], [ 128.206019433771672, -3.691813758963722 ], [ 128.205993382628435, -3.691853202812373 ], [ 128.205985297790875, -3.691897128914491 ], [ 128.205979907899177, -3.691920436641264 ], [ 128.205950263494827, -3.692071936850369 ], [ 128.205882889848482, -3.692233297991403 ], [ 128.205880194902647, -3.692270948920092 ], [ 128.205872110065087, -3.692388383949315 ], [ 128.205805634734048, -3.692582913696372 ], [ 128.205778685275533, -3.692711106087033 ], [ 128.205818211148028, -3.693127955341283 ], [ 128.205823601039725, -3.693188017475761 ], [ 128.208435003570685, -3.693188017475761 ], [ 128.210415788772167, -3.693130644690676 ], [ 128.210955676257925, -3.693119887293058 ], [ 128.211752481914942, -3.693190706824971 ], [ 128.212092045092334, -3.693249872505528 ], [ 128.212276199725579, -3.693276765995388 ], [ 128.21242082848633, -3.693297384337061 ], [ 128.212595999966709, -3.693333242321438 ], [ 128.213815013807249, -3.693345792615629 ], [ 128.213897658813408, -3.693357446460074 ], [ 128.213979405504261, -3.693402268937287 ], [ 128.214666616696604, -3.6941257034064 ], [ 128.215296335710804, -3.69496208973414 ], [ 128.213347889859534, -3.695359216085299 ], [ 128.213905743650969, -3.696367718999721 ], [ 128.216187464472625, -3.696189326123225 ], [ 128.216971693715664, -3.696408955538931 ], [ 128.217666989745595, -3.696746915798897 ], [ 128.218327251479394, -3.697227410800881 ], [ 128.218606627532779, -3.69717362405987 ], [ 128.219009971095346, -3.696497703736378 ], [ 128.219192329098007, -3.695984039803859 ], [ 128.219417806234333, -3.695852262097832 ], [ 128.219637893478932, -3.695749170681507 ], [ 128.219816658220481, -3.695551055839108 ], [ 128.219985541493884, -3.695297361202562 ], [ 128.220037643780387, -3.695113589424065 ], [ 128.220145441614477, -3.69494864301485 ], [ 128.220211018630209, -3.694800729089202 ], [ 128.221642933193095, -3.692772961150031 ], [ 128.221786663638539, -3.692667180025186 ], [ 128.22184056255557, -3.692617875259297 ], [ 128.221878291797537, -3.692537194727394 ], [ 128.221934885660431, -3.692405416509516 ], [ 128.222089395889299, -3.69225033055458 ], [ 128.222272652207266, -3.692156203227678 ], [ 128.222347212375837, -3.69209972682675 ], [ 128.222394823085892, -3.692015460444079 ], [ 128.222413687706876, -3.691920436641264 ], [ 128.222462196732209, -3.691847824105841 ], [ 128.222498129343563, -3.691812862512595 ], [ 128.222570892881606, -3.691783279624927 ], [ 128.22268587723795, -3.691675705479643 ], [ 128.222786488549787, -3.691616539694182 ], [ 128.222865540294748, -3.691545720036705 ], [ 128.222929320679953, -3.69148745069404 ], [ 128.222981422966427, -3.691412148768624 ], [ 128.223025440415341, -3.691319814256127 ], [ 128.223065864603115, -3.691280370383784 ], [ 128.223135933195294, -3.691257062640213 ], [ 128.223300324892307, -3.691219411668536 ], [ 128.223393749681861, -3.691177278436433 ], [ 128.223483581210246, -3.691087633255096 ], [ 128.223558141378817, -3.690993505804953 ], [ 128.224468134761651, -3.690487906759216 ], [ 128.224562457866483, -3.690435016062272 ], [ 128.226742669061025, -3.689448021292496 ], [ 128.226782194933548, -3.689430988675583 ], [ 128.22871806437081, -3.68862597304069 ], [ 128.228776454864288, -3.688601768773115 ], [ 128.23102673465101, -3.688472679334914 ], [ 128.232762279779934, -3.688392894881096 ], [ 128.234028006015222, -3.688358829606496 ], [ 128.234215753909609, -3.688323867875946 ], [ 128.234448417568217, -3.688240497589852 ], [ 128.23470803068534, -3.688147266292915 ], [ 128.235153595066237, -3.688041484617239 ], [ 128.235728516848098, -3.687865779433213 ], [ 128.236255827919848, -3.687665869921398 ], [ 128.236924174491236, -3.687313562914472 ], [ 128.237461367031159, -3.686956773487822 ], [ 128.241169612524004, -3.683079592726296 ], [ 128.240724946458357, -3.682401868759188 ], [ 128.240567741283627, -3.682127551768676 ], [ 128.240127566794428, -3.681738487656796 ], [ 128.239930835747202, -3.68158608922562 ], [ 128.239478983159273, -3.681316254292331 ], [ 128.238923824313702, -3.681168338098192 ], [ 128.238724398320613, -3.681147719475238 ], [ 128.238493531292619, -3.681136961932639 ], [ 128.238284223831414, -3.681094828222874 ], [ 128.237854829125581, -3.680967530619558 ], [ 128.237373332133302, -3.680735346915949 ], [ 128.236996039713972, -3.680504059614337 ], [ 128.236598086043102, -3.680229742039221 ], [ 128.236022265945991, -3.6799661819365 ], [ 128.235393445247098, -3.679881017941058 ], [ 128.234921829722936, -3.679691864195749 ], [ 128.234908354993678, -3.679686485415675 ], [ 128.234443027676491, -3.67927680157122 ], [ 128.233902241875455, -3.67870306457966 ], [ 128.233624662452684, -3.67829158735357 ], [ 128.233362354389726, -3.67793838017137 ], [ 128.233130589046397, -3.677378089303365 ], [ 128.233040757518012, -3.677159351652919 ], [ 128.232647295423561, -3.675895333851364 ], [ 128.23242810649424, -3.675240912583534 ], [ 128.232282579418211, -3.674160668207536 ], [ 128.231698674483511, -3.673131521311653 ], [ 128.231201906131417, -3.672307665058046 ], [ 128.230911750294638, -3.671382506748363 ], [ 128.230837190126039, -3.671161078212303 ], [ 128.23047157580541, -3.670999713252652 ], [ 128.229710702759746, -3.670837451791603 ], [ 128.229228307452189, -3.670734357477831 ], [ 128.227999412143504, -3.670703877417567 ], [ 128.227370591444611, -3.670776491677072 ], [ 128.227019350168547, -3.671099221647883 ], [ 128.226192900107151, -3.671699857671913 ], [ 128.225152651008159, -3.672101476758094 ], [ 128.224113300224417, -3.672019897895836 ], [ 128.223727922967527, -3.671758128309461 ], [ 128.223233849561268, -3.67121576299757 ], [ 128.223011965686084, -3.670419695629158 ], [ 128.222909557743691, -3.669291035835589 ], [ 128.222725403110445, -3.668849074145882 ], [ 128.222562808044017, -3.668728050115644 ], [ 128.222384941617776, -3.668571167089089 ], [ 128.222236719595884, -3.668414284034992 ], [ 128.22208041273646, -3.668307603542474 ], [ 128.221903444625497, -3.668214370160434 ] ] ] } },
{ "type": "Feature", "properties": { "FID": 31, "Provinsi": "MALUKU", "Kode_Prov": "81", "Kota_Kab": "KOTA AMBON", "Kode_Kab": "8171", "Kecamatan": "Sirimau", "Kode_Kec": "817120", "Kelurahan": "Soya", "Kode_Kel": "81712006", "Sumber": "Wilkerstat BPS Tahun 2019", "city": "ambon", "source_layer": "Wilayah Administrasi", "role": "admin" }, "geometry": { "type": "Polygon", "coordinates": [ [ [ 128.254596731075736, -3.667156529183035 ], [ 128.254265252735877, -3.667143978519857 ], [ 128.253690330954072, -3.667233626110122 ], [ 128.253255546356542, -3.667502568826982 ], [ 128.253064205201042, -3.667669313270798 ], [ 128.253025577643797, -3.667861158990255 ], [ 128.252952814105811, -3.668280709298654 ], [ 128.252823456704874, -3.66868681229419 ], [ 128.252769557787843, -3.668818594021293 ], [ 128.252676132998289, -3.668919895607826 ], [ 128.252615945874226, -3.66899788885689 ], [ 128.252598877883855, -3.669129670538115 ], [ 128.25262223408123, -3.669339445419151 ], [ 128.252536894129264, -3.669595836873528 ], [ 128.252490181734458, -3.669750926773503 ], [ 128.25244346933971, -3.669859400040142 ], [ 128.25237340074753, -3.669929324948844 ], [ 128.252299738894209, -3.670003732217478 ], [ 128.252218890518662, -3.670123859601951 ], [ 128.252141635404229, -3.670302257702814 ], [ 128.252118279206854, -3.670388319085463 ], [ 128.252133550566668, -3.670512032308495 ], [ 128.252187449483699, -3.670652778490672 ], [ 128.25219553432126, -3.670769319898618 ], [ 128.252125465729137, -3.670854484764038 ], [ 128.251978142022523, -3.670884964819162 ], [ 128.251824530108962, -3.67089392954106 ], [ 128.251746376679222, -3.670931581372046 ], [ 128.251707749122005, -3.671048122743609 ], [ 128.251746376679222, -3.67114135582991 ], [ 128.251728410373545, -3.671248932455853 ], [ 128.251669121564788, -3.671320650199283 ], [ 128.251629595692293, -3.671367266729423 ], [ 128.251629595692293, -3.671475739799752 ], [ 128.251652951889668, -3.671568972841405 ], [ 128.251745478363944, -3.67162365760169 ], [ 128.251792190758692, -3.67170882238563 ], [ 128.251776919398878, -3.671825363655753 ], [ 128.251573001829399, -3.672062032034417 ], [ 128.251505628183082, -3.672214432093532 ], [ 128.251428373068649, -3.672322905060934 ], [ 128.251327761756812, -3.672384761540578 ], [ 128.251126539133168, -3.672416138014119 ], [ 128.250824705197715, -3.672555090955123 ], [ 128.250607312898978, -3.672694940344875 ], [ 128.250592041539136, -3.672827617950794 ], [ 128.250607312898978, -3.672997947280834 ], [ 128.250684568013384, -3.6731377966012 ], [ 128.25078517932522, -3.673378946980356 ], [ 128.250792365847502, -3.67355824090032 ], [ 128.250707025895508, -3.673721398336183 ], [ 128.250552515666612, -3.673884555742213 ], [ 128.250191392922403, -3.674252108031113 ], [ 128.250080001827172, -3.674381199530801 ], [ 128.250041374269955, -3.674521048634383 ], [ 128.250095273187014, -3.674668965931626 ], [ 128.250164443463859, -3.674863499551874 ], [ 128.250249783415853, -3.675034724961323 ], [ 128.250273139613256, -3.675205053870051 ], [ 128.250249783415853, -3.675414827323475 ], [ 128.250218342380919, -3.675664045293761 ], [ 128.250148273788767, -3.675880990376668 ], [ 128.249862609528435, -3.676300536916211 ], [ 128.249673065003492, -3.67657395923425 ], [ 128.249653302067202, -3.676874275454166 ], [ 128.249634437446247, -3.677637167844502 ], [ 128.249580538529216, -3.677819150304155 ], [ 128.249452977758864, -3.678036991327692 ], [ 128.249381112536156, -3.678218973705715 ], [ 128.249362247915172, -3.67843681463153 ], [ 128.249488910370246, -3.678654655504099 ], [ 128.249597606519615, -3.678818708471746 ], [ 128.249615572825292, -3.679000690690144 ], [ 128.249687438048028, -3.679127988574516 ], [ 128.24983206680875, -3.679327900004116 ], [ 128.250085391718869, -3.6797824069888 ], [ 128.250193189552988, -3.679909704761484 ], [ 128.250193189552988, -3.680072861035089 ], [ 128.250193189552988, -3.680290701507658 ], [ 128.250156358626299, -3.680672594553231 ], [ 128.250156358626299, -3.680927189825979 ], [ 128.250174324932004, -3.68112710085181 ], [ 128.25019229123771, -3.681254398432315 ], [ 128.25019229123771, -3.681654220292195 ], [ 128.250228223849064, -3.681926744506354 ], [ 128.2503000890718, -3.682089900410441 ], [ 128.25020935922808, -3.682307740389616 ], [ 128.249991966929343, -3.682544405985593 ], [ 128.249793439251533, -3.682634948488626 ], [ 128.249594013258474, -3.682762245853554 ], [ 128.249214025893281, -3.682961260007316 ], [ 128.248978667288839, -3.68325171301673 ], [ 128.248689409767366, -3.683488378361727 ], [ 128.248489983774277, -3.683669463166537 ], [ 128.248218692558481, -3.683814689567534 ], [ 128.248019266565422, -3.68386937357658 ], [ 128.247658143821184, -3.683887302759144 ], [ 128.247367987984404, -3.683868477117443 ], [ 128.247096696768637, -3.683886406300024 ], [ 128.24693410170218, -3.683849651475344 ], [ 128.246600826731793, -3.683674841922552 ], [ 128.24648224911428, -3.683612986226418 ], [ 128.246228924204161, -3.683504514632958 ], [ 128.245957632988336, -3.68348568898316 ], [ 128.245632442855481, -3.68348568898316 ], [ 128.245161725646625, -3.683702632161445 ], [ 128.244835637198491, -3.684011910567975 ], [ 128.244760178714643, -3.684071076859585 ], [ 128.244673042132064, -3.68413920773596 ], [ 128.244257122155517, -3.684156240454237 ], [ 128.24384120217897, -3.684156240454237 ], [ 128.243027328531554, -3.684046872468039 ], [ 128.242231421189814, -3.683736697614389 ], [ 128.241942163668313, -3.68366408441049 ], [ 128.241563074618455, -3.683372735076012 ], [ 128.241381614931072, -3.683172824554413 ], [ 128.241254952475998, -3.683110968823387 ], [ 128.241169612524004, -3.683079592726296 ], [ 128.237461367031159, -3.686956773487822 ], [ 128.236924174491236, -3.687313562914472 ], [ 128.236255827919848, -3.687665869921398 ], [ 128.235728516848098, -3.687865779433213 ], [ 128.235153595066237, -3.688041484617239 ], [ 128.23470803068534, -3.688147266292915 ], [ 128.234448417568217, -3.688240497589852 ], [ 128.234215753909609, -3.688323867875946 ], [ 128.234028006015222, -3.688358829606496 ], [ 128.232762279779934, -3.688392894881096 ], [ 128.23102673465101, -3.688472679334914 ], [ 128.228776454864288, -3.688601768773115 ], [ 128.22871806437081, -3.68862597304069 ], [ 128.226782194933548, -3.689430988675583 ], [ 128.226742669061025, -3.689448021292496 ], [ 128.224562457866483, -3.690435016062272 ], [ 128.224468134761651, -3.690487906759216 ], [ 128.223558141378817, -3.690993505804953 ], [ 128.223483581210246, -3.691087633255096 ], [ 128.223393749681861, -3.691177278436433 ], [ 128.223300324892307, -3.691219411668536 ], [ 128.223135933195294, -3.691257062640213 ], [ 128.223065864603115, -3.691280370383784 ], [ 128.223025440415341, -3.691319814256127 ], [ 128.222981422966427, -3.691412148768624 ], [ 128.222929320679953, -3.69148745069404 ], [ 128.222865540294748, -3.691545720036705 ], [ 128.222786488549787, -3.691616539694182 ], [ 128.22268587723795, -3.691675705479643 ], [ 128.222570892881606, -3.691783279624927 ], [ 128.222498129343563, -3.691812862512595 ], [ 128.222462196732209, -3.691847824105841 ], [ 128.222413687706876, -3.691920436641264 ], [ 128.222394823085892, -3.692015460444079 ], [ 128.222347212375837, -3.69209972682675 ], [ 128.222272652207266, -3.692156203227678 ], [ 128.222089395889299, -3.69225033055458 ], [ 128.221934885660431, -3.692405416509516 ], [ 128.221878291797537, -3.692537194727394 ], [ 128.22184056255557, -3.692617875259297 ], [ 128.221786663638539, -3.692667180025186 ], [ 128.221642933193095, -3.692772961150031 ], [ 128.220211018630209, -3.694800729089202 ], [ 128.220145441614477, -3.69494864301485 ], [ 128.220037643780387, -3.695113589424065 ], [ 128.219985541493884, -3.695297361202562 ], [ 128.219816658220481, -3.695551055839108 ], [ 128.219637893478932, -3.695749170681507 ], [ 128.219417806234333, -3.695852262097832 ], [ 128.219192329098007, -3.695984039803859 ], [ 128.219009971095346, -3.696497703736378 ], [ 128.218606627532779, -3.69717362405987 ], [ 128.218327251479394, -3.697227410800881 ], [ 128.217666989745595, -3.696746915798897 ], [ 128.216971693715664, -3.696408955538931 ], [ 128.216187464472625, -3.696189326123225 ], [ 128.213905743650969, -3.696367718999721 ], [ 128.213347889859534, -3.695359216085299 ], [ 128.215296335710804, -3.69496208973414 ], [ 128.214666616696604, -3.6941257034064 ], [ 128.213979405504261, -3.693402268937287 ], [ 128.213897658813408, -3.693357446460074 ], [ 128.213815013807249, -3.693345792615629 ], [ 128.212595999966709, -3.693333242321438 ], [ 128.21242082848633, -3.693297384337061 ], [ 128.212276199725579, -3.693276765995388 ], [ 128.212092045092334, -3.693249872505528 ], [ 128.211752481914942, -3.693190706824971 ], [ 128.210955676257925, -3.693119887293058 ], [ 128.210415788772167, -3.693130644690676 ], [ 128.208435003570685, -3.693188017475761 ], [ 128.205823601039725, -3.693188017475761 ], [ 128.20585414375941, -3.693331449422253 ], [ 128.20594128034196, -3.693334138771028 ], [ 128.206035603446793, -3.693364618056579 ], [ 128.206073332688732, -3.6934148192305 ], [ 128.206113756876505, -3.693455159457486 ], [ 128.206212571557785, -3.693532254108404 ], [ 128.20626467384426, -3.693612038100558 ], [ 128.206235927755159, -3.693729472952367 ], [ 128.206203588404946, -3.693805671130343 ], [ 128.20612363834465, -3.693894419588209 ], [ 128.206062552905337, -3.693927588201496 ], [ 128.205978111268621, -3.693955378119784 ], [ 128.205855940389966, -3.693988546730793 ], [ 128.205831685877286, -3.694080880965724 ], [ 128.205849652182991, -3.694126599855191 ], [ 128.205884686479067, -3.694195626409337 ], [ 128.205897262893046, -3.694295132211706 ], [ 128.206036501762071, -3.694331886604355 ], [ 128.206165859163008, -3.694457389397046 ], [ 128.20622335134118, -3.694624128794164 ], [ 128.206170350739427, -3.694775628541797 ], [ 128.206051773121914, -3.694827622532063 ], [ 128.205980806214455, -3.694844655045453 ], [ 128.205921517405699, -3.694861687558517 ], [ 128.205840669030152, -3.69489306323962 ], [ 128.20578407516723, -3.694947746566889 ], [ 128.205748142555876, -3.695029323327536 ], [ 128.205697836899958, -3.695117175215228 ], [ 128.205692447008261, -3.695140482857442 ], [ 128.205678972279003, -3.695197855512589 ], [ 128.205635853145367, -3.695272260669207 ], [ 128.205586445804727, -3.695347562267142 ], [ 128.205486732808197, -3.695414795831326 ], [ 128.205344798993309, -3.695471272021302 ], [ 128.205305273120814, -3.695476650705873 ], [ 128.205195678656139, -3.695490097417161 ], [ 128.204928879016762, -3.695477547153299 ], [ 128.204625248450725, -3.695389695301294 ], [ 128.204402466260262, -3.695321565287625 ], [ 128.204178785754522, -3.695221163152683 ], [ 128.203986546283716, -3.695115382319648 ], [ 128.203868866981509, -3.695040080702008 ], [ 128.203782628714208, -3.694984500932505 ], [ 128.203671237618977, -3.694921749575657 ], [ 128.203590389243431, -3.694902924167736 ], [ 128.203515829074831, -3.694910095751753 ], [ 128.203470014995332, -3.694914577991734 ], [ 128.203322691288747, -3.694928024711541 ], [ 128.202982229796078, -3.694958503942349 ], [ 128.202885211745411, -3.69494864301485 ], [ 128.202746871191636, -3.694933403399407 ], [ 128.202505224380189, -3.694933403399407 ], [ 128.202251001154792, -3.694945953670967 ], [ 128.201978811623718, -3.69498898317211 ], [ 128.201699435570362, -3.694919956679681 ], [ 128.201606010780807, -3.694917267335712 ], [ 128.20146407696592, -3.694913681543739 ], [ 128.20125297287413, -3.694975536453227 ], [ 128.201122717157943, -3.694975536453227 ], [ 128.200968206929076, -3.695043666493468 ], [ 128.200800221970951, -3.695043666493468 ], [ 128.200639423535108, -3.695075042168135 ], [ 128.200531625701018, -3.695129725484189 ], [ 128.200393285147243, -3.695228334734128 ], [ 128.200263927746335, -3.695306325678588 ], [ 128.200107620886882, -3.695435414123321 ], [ 128.200001619683377, -3.695515197944353 ], [ 128.199958500549712, -3.695534919786648 ], [ 128.199999823052792, -3.695621875176993 ], [ 128.200024975880751, -3.695745584892898 ], [ 128.200025874196029, -3.695752756470103 ], [ 128.200023179250195, -3.695759928047248 ], [ 128.200006111259796, -3.695803853956006 ], [ 128.19999263653051, -3.695838815392034 ], [ 128.199974670224833, -3.695887223531952 ], [ 128.199954008973293, -3.696043205298158 ], [ 128.199981856747087, -3.696195601250143 ], [ 128.200015992727913, -3.696243112923937 ], [ 128.200045637132291, -3.696284349468941 ], [ 128.200150740020518, -3.696429573807817 ], [ 128.2002037406223, -3.696557765642744 ], [ 128.200239673233654, -3.696660856965081 ], [ 128.20027830079087, -3.696764844721559 ], [ 128.20033219970793, -3.697058879001474 ], [ 128.200333996338486, -3.697066050568059 ], [ 128.200060010176827, -3.69703736430137 ], [ 128.199962992126132, -3.697115355086758 ], [ 128.199829143148804, -3.697234582366103 ], [ 128.199816566734853, -3.697246236159464 ], [ 128.199771650970632, -3.697313469579713 ], [ 128.199704277324344, -3.697414767923261 ], [ 128.199634208732164, -3.697541166725086 ], [ 128.199599174436088, -3.697590471217367 ], [ 128.199391663605468, -3.697452418632072 ], [ 128.199318900067453, -3.697313469579713 ], [ 128.199270391042091, -3.697188863636821 ], [ 128.199221882016758, -3.697128801773201 ], [ 128.199132050488345, -3.697071429242959 ], [ 128.19899370993457, -3.697108183520571 ], [ 128.198897590199181, -3.697235478811752 ], [ 128.198823030030582, -3.697291058440197 ], [ 128.198737690078588, -3.697294644222557 ], [ 128.198655943387735, -3.697297333559318 ], [ 128.198526585986826, -3.697263268626409 ], [ 128.198422381413877, -3.697220239235602 ], [ 128.198363092605149, -3.697196035202355 ], [ 128.198191514385883, -3.697176313396997 ], [ 128.198035207526402, -3.69720410321351 ], [ 128.197723492122833, -3.697352016738356 ], [ 128.197582456623223, -3.69738877100434 ], [ 128.19755460884943, -3.697395942568256 ], [ 128.197412675034514, -3.697432696832418 ], [ 128.197061433758449, -3.6974425577323 ], [ 128.196809007163608, -3.697490965784674 ], [ 128.196614971062246, -3.697568060084852 ], [ 128.1963733242508, -3.697647843714022 ], [ 128.19616581342018, -3.697576128092622 ], [ 128.195920573347621, -3.697539373834406 ], [ 128.195784927739709, -3.697533995162344 ], [ 128.19575528333533, -3.697551027623762 ], [ 128.195617841096862, -3.697629018363966 ], [ 128.195585501746649, -3.697668461954101 ], [ 128.19547770391253, -3.697796653609922 ], [ 128.194887510770883, -3.697634397035452 ], [ 128.194722220758592, -3.697596746334368 ], [ 128.194681796570819, -3.697706112652139 ], [ 128.195086038448665, -3.698014489737788 ], [ 128.194906375391838, -3.698331831161603 ], [ 128.195196531228618, -3.69845016183293 ], [ 128.19522078574127, -3.69863931158535 ], [ 128.195147123887978, -3.698852665286081 ], [ 128.195121971060018, -3.698873283498136 ], [ 128.194909070337701, -3.699046297171697 ], [ 128.19472761065029, -3.699131459330216 ], [ 128.194452726173353, -3.69901940385678 ], [ 128.194234435559309, -3.698711923564894 ], [ 128.194026026413383, -3.698334520495219 ], [ 128.193770904872736, -3.698104134219305 ], [ 128.193652327255222, -3.697948152815628 ], [ 128.193564292357365, -3.697949049260556 ], [ 128.19307740547336, -3.69825204759399 ], [ 128.192967811008714, -3.698324659605258 ], [ 128.192828572139689, -3.698520980939275 ], [ 128.192778266483771, -3.698451954721768 ], [ 128.192637230984161, -3.698256529817081 ], [ 128.192622857939625, -3.698278044487596 ], [ 128.192480924124709, -3.698596282261332 ], [ 128.192404567325582, -3.698805153752128 ], [ 128.192469246026036, -3.699068708266838 ], [ 128.192462957819032, -3.69910815179291 ], [ 128.192442296567492, -3.699233653909638 ], [ 128.192348871777938, -3.699420114164531 ], [ 128.192312939166584, -3.699527687370659 ], [ 128.192272514978782, -3.699650500098358 ], [ 128.192283294762206, -3.700034177707352 ], [ 128.192211429539469, -3.700364965045286 ], [ 128.19218627671151, -3.700480606118029 ], [ 128.192118004749943, -3.700890280184499 ], [ 128.19198685071845, -3.701208517020038 ], [ 128.191945528215371, -3.701282025230583 ], [ 128.191923968648553, -3.7013205722166 ], [ 128.191844916903563, -3.701461313523398 ], [ 128.191673338684296, -3.701699766896607 ], [ 128.191505353726171, -3.701822579323172 ], [ 128.191297842895551, -3.701965113431922 ], [ 128.191166688864058, -3.702228667006534 ], [ 128.191131654567954, -3.702279764119064 ], [ 128.191093027010737, -3.702336239871588 ], [ 128.190980737600228, -3.702502977786595 ], [ 128.190860363352158, -3.702710951916142 ], [ 128.190816345903244, -3.702909065157907 ], [ 128.19083071894778, -3.702963747990586 ], [ 128.190892702702399, -3.703194133002653 ], [ 128.190958279718132, -3.703336666890604 ], [ 128.191001398851768, -3.703490854466821 ], [ 128.191028348310283, -3.703927420307287 ], [ 128.191035534832565, -3.704041268037266 ], [ 128.190951991511128, -3.704271652768877 ], [ 128.190891804387121, -3.704348746478902 ], [ 128.190751667202761, -3.704394464838653 ], [ 128.190368086576484, -3.704610506467481 ], [ 128.190214474662895, -3.704685807271772 ], [ 128.190142609440159, -3.704736904242462 ], [ 128.189990794157126, -3.704844476802694 ], [ 128.189929708717813, -3.704936809906463 ], [ 128.189879403061894, -3.705014799996315 ], [ 128.189865928332637, -3.70512775114874 ], [ 128.189857843495076, -3.70519856972108 ], [ 128.189872216539641, -3.705252355974766 ], [ 128.189788673218203, -3.705416404028317 ], [ 128.189694350113371, -3.705601966544025 ], [ 128.189892877791152, -3.70534648191085 ], [ 128.189961149752747, -3.705299867162804 ], [ 128.19020459319475, -3.705139404838248 ], [ 128.190386052882161, -3.705036314502649 ], [ 128.190561224362568, -3.704969978106435 ], [ 128.190642971053393, -3.704948463598488 ], [ 128.190755260463931, -3.70494218853357 ], [ 128.19089629596354, -3.704961013728186 ], [ 128.191127162991535, -3.705023764374018 ], [ 128.191335572137461, -3.705070379136611 ], [ 128.191590693678165, -3.7051779516563 ], [ 128.191715559502654, -3.705266698975198 ], [ 128.191822459021466, -3.705462122332901 ], [ 128.191881747830195, -3.705629756096168 ], [ 128.191975172619749, -3.705817111441051 ], [ 128.192091953606706, -3.705983848700258 ], [ 128.192241073943848, -3.706113832025688 ], [ 128.192350668408523, -3.706211543616366 ], [ 128.192467449395451, -3.706272501300496 ], [ 128.192576145544848, -3.706341526908335 ], [ 128.192693824847055, -3.706370212873646 ], [ 128.192778266483771, -3.706406966765339 ], [ 128.192928285136219, -3.706362144945997 ], [ 128.193065727374687, -3.706346009090476 ], [ 128.193178915100475, -3.706321805306644 ], [ 128.193336120275205, -3.706249193951177 ], [ 128.193453799577412, -3.706207957870109 ], [ 128.193599326653441, -3.706131760758731 ], [ 128.193691853127717, -3.7061111427157 ], [ 128.193772701503292, -3.706151482364659 ], [ 128.1938733128151, -3.706224990164697 ], [ 128.193942483092002, -3.706310151632712 ], [ 128.194002670216008, -3.706383659419564 ], [ 128.193986500540916, -3.706533364283654 ], [ 128.193940686461417, -3.706641833061563 ], [ 128.193876906076241, -3.706793330753898 ], [ 128.193760125089312, -3.70704074704771 ], [ 128.193699039649999, -3.707133976357857 ], [ 128.193666700299758, -3.707227205658176 ], [ 128.193637954210686, -3.707324917125844 ], [ 128.193621784535537, -3.707421732147381 ], [ 128.193637954210686, -3.707503307759151 ], [ 128.193650530624666, -3.707592951279888 ], [ 128.193660412092783, -3.707622533639736 ], [ 128.193670293560899, -3.707649426693286 ], [ 128.193681971659601, -3.70775520602931 ], [ 128.19367388682204, -3.707808095692577 ], [ 128.193641547471827, -3.707893257008137 ], [ 128.193654123885779, -3.707954214576343 ], [ 128.193681971659601, -3.708092265524095 ], [ 128.193762820035175, -3.708323545635007 ], [ 128.193795159385388, -3.708367470920551 ], [ 128.193859838085842, -3.708400638991863 ], [ 128.193879601022104, -3.70844904644506 ], [ 128.193903855534757, -3.708497453895603 ], [ 128.193936194884998, -3.708587097315537 ], [ 128.193952364560118, -3.70870094444575 ], [ 128.193928110047437, -3.708806723655956 ], [ 128.193789769493691, -3.709038003579936 ], [ 128.193748446990639, -3.709156332819964 ], [ 128.193725090793208, -3.709248665473528 ], [ 128.193717005955676, -3.709358030351677 ], [ 128.193636157580102, -3.709455741583823 ], [ 128.193600224968719, -3.709536420574699 ], [ 128.193567885618506, -3.709621581723744 ], [ 128.193527461430705, -3.709690607070108 ], [ 128.193498715341605, -3.709751564514359 ], [ 128.1934502063163, -3.709836725642672 ], [ 128.193422358542477, -3.709934436821887 ], [ 128.193422358542477, -3.710047387345865 ], [ 128.193536444583572, -3.710171095046037 ], [ 128.193544529421132, -3.710302870620647 ], [ 128.193584055293627, -3.710500982161817 ], [ 128.193623581166122, -3.710576282464457 ], [ 128.193693649758274, -3.710664132809424 ], [ 128.193754735197615, -3.710778876103982 ], [ 128.193767311611595, -3.710928580223692 ], [ 128.193745752044777, -3.711016430533626 ], [ 128.193635259264823, -3.711234263407305 ], [ 128.193544529421132, -3.711415342545359 ], [ 128.193499613656911, -3.711650207510703 ], [ 128.193521173223701, -3.711716543405635 ], [ 128.193565190672643, -3.711790947173752 ], [ 128.193639750841243, -3.711857283058112 ], [ 128.193735870576631, -3.711914654629758 ], [ 128.193920025209877, -3.711972026197675 ], [ 128.194055670817789, -3.712006986995048 ], [ 128.194148197292066, -3.711985472658367 ], [ 128.194235333874587, -3.711998919118855 ], [ 128.194323368772444, -3.712051808528117 ], [ 128.19435840306852, -3.71211276580944 ], [ 128.194318877196025, -3.712231991068098 ], [ 128.194305402466767, -3.712307291223169 ], [ 128.194300910890348, -3.712399623547407 ], [ 128.194349419915682, -3.71245699508382 ], [ 128.194379962635338, -3.712509884465646 ], [ 128.19436648790608, -3.712588770317401 ], [ 128.194309894043187, -3.712694549062102 ], [ 128.194191316425673, -3.712751024149422 ], [ 128.194037704512084, -3.71288369576892 ], [ 128.193879601022104, -3.712971545884371 ], [ 128.19376551498101, -3.713050431694879 ], [ 128.193634360949545, -3.713120353202846 ], [ 128.193494223765185, -3.713244060472606 ], [ 128.193164542055939, -3.713631317900658 ], [ 128.193085490310921, -3.713789985825589 ], [ 128.193019913295188, -3.713921760860208 ], [ 128.192983980683806, -3.714088496590104 ], [ 128.192927386820941, -3.714339496554206 ], [ 128.192953437964178, -3.714401350105827 ], [ 128.193036981285587, -3.714454239371164 ], [ 128.193129507759863, -3.71453133219293 ], [ 128.193229220756393, -3.714594978587219 ], [ 128.19341786696603, -3.714635317848828 ], [ 128.193606513175723, -3.714670278540732 ], [ 128.193760125089312, -3.714759024906267 ], [ 128.193847261671891, -3.714860321251981 ], [ 128.193838278519024, -3.714966099724474 ], [ 128.193847261671891, -3.715093392445749 ], [ 128.193964940974098, -3.715265506518554 ], [ 128.194070043862325, -3.715392799196637 ], [ 128.194193113056258, -3.715468099082069 ], [ 128.194385352527036, -3.715573877481702 ], [ 128.194538964440625, -3.715679655868654 ], [ 128.19472761065029, -3.715820394889258 ], [ 128.194924341697515, -3.715895694738195 ], [ 128.19509142834039, -3.716014919485869 ], [ 128.195227073948274, -3.716116215687397 ], [ 128.195358227979739, -3.716195997643244 ], [ 128.195484890434813, -3.716279365297263 ], [ 128.195616942781584, -3.7163896257308 ], [ 128.195708570940553, -3.716464925531149 ], [ 128.195783131109124, -3.716530364638136 ], [ 128.195862182854142, -3.716645107170175 ], [ 128.19595381101314, -3.718022016390225 ], [ 128.195969980688233, -3.71820399055989 ], [ 128.196026574551155, -3.718349211298881 ], [ 128.196069693684763, -3.718393136085593 ], [ 128.196140660592221, -3.718463953594254 ], [ 128.19617389825774, -3.718497121286228 ], [ 128.196241271904057, -3.718565249514477 ], [ 128.196324815225466, -3.718653099064184 ], [ 128.19641015517746, -3.718709573770087 ], [ 128.196477528823749, -3.718754394962672 ], [ 128.196517054696272, -3.71878128767713 ], [ 128.196600598017682, -3.718838658798565 ], [ 128.19668054807795, -3.718904994153069 ], [ 128.196869194287643, -3.71903407915293 ], [ 128.196989568535713, -3.719134478584196 ], [ 128.197054247236167, -3.719207985303409 ], [ 128.19713509561177, -3.719248324354031 ], [ 128.197788170823287, -3.719280595593199 ], [ 128.197837578163927, -3.719283284863075 ], [ 128.198281345914296, -3.719761078347706 ], [ 128.198535569139665, -3.720097236835505 ], [ 128.198838301390424, -3.720306103244667 ], [ 128.198900285145044, -3.720352717200469 ], [ 128.199156305000997, -3.720546344375097 ], [ 128.199857889237904, -3.720674532712669 ], [ 128.200462455424116, -3.720803617453336 ], [ 128.201007732801571, -3.720907602369563 ], [ 128.201051750250514, -3.720915670164274 ], [ 128.201641045076911, -3.721044754869609 ], [ 128.201737164812272, -3.721105711529442 ], [ 128.202398324861377, -3.721059994034964 ], [ 128.203166384429295, -3.721022344331846 ], [ 128.204069191289847, -3.720906705947923 ], [ 128.204491399473369, -3.720788378283547 ], [ 128.204626146766003, -3.720289967644006 ], [ 128.204769877211476, -3.720178811275877 ], [ 128.20504925326486, -3.719962773455773 ], [ 128.20566370091916, -3.719808588755096 ], [ 128.20650901560154, -3.719713567937755 ], [ 128.207180955434069, -3.719347827337669 ], [ 128.207542976493556, -3.719138064277959 ], [ 128.207673232209743, -3.719030493458745 ], [ 128.207804386241236, -3.718914854813447 ], [ 128.207888827877923, -3.718606485018491 ], [ 128.207942726794982, -3.71842092523524 ], [ 128.207950811632543, -3.71825956887023 ], [ 128.207896912715512, -3.718004087898571 ], [ 128.207768453629853, -3.717373901185315 ], [ 128.207695690091867, -3.717286947933476 ], [ 128.207309414519699, -3.716698892726929 ], [ 128.207090225590349, -3.716226476141326 ], [ 128.206871036661028, -3.715659038048464 ], [ 128.206850375409488, -3.715480649062348 ], [ 128.206881816444451, -3.71522875299541 ], [ 128.207070462654087, -3.714809224866657 ], [ 128.20730043136686, -3.714609321436003 ], [ 128.207875353148665, -3.71441031438831 ], [ 128.208178983714703, -3.714284814425252 ], [ 128.20891021235596, -3.714033814445598 ], [ 128.209882189493413, -3.713866182276577 ], [ 128.210332245450729, -3.713867078705372 ], [ 128.210937709952248, -3.71405622516097 ], [ 128.211501851950658, -3.714371767972984 ], [ 128.212159418738651, -3.71481370700584 ], [ 128.212912206946726, -3.715191999470735 ], [ 128.213424246658661, -3.715339909987551 ], [ 128.21381052223083, -3.715329152859892 ], [ 128.21436478276118, -3.715266402945929 ], [ 128.215033129332539, -3.715131042402044 ], [ 128.215743696722285, -3.715016299673085 ], [ 128.216193752679601, -3.714932931899718 ], [ 128.216385093835129, -3.714900660501462 ], [ 128.21675789467804, -3.714838806984837 ], [ 128.216814488540933, -3.714820878428483 ], [ 128.216871980719134, -3.71478233203109 ], [ 128.216901625123484, -3.714736614208741 ], [ 128.216904320069347, -3.714674760680619 ], [ 128.21689443860123, -3.714622767856526 ], [ 128.21686569251213, -3.71446768579405 ], [ 128.216855811044013, -3.7143637001184 ], [ 128.216884557133113, -3.714293778708919 ], [ 128.21695642235585, -3.714230132292908 ], [ 128.217027389263279, -3.71417365730021 ], [ 128.217057033667658, -3.71414138587419 ], [ 128.217088474702592, -3.71404008944596 ], [ 128.217124407313946, -3.713934310862478 ], [ 128.217186391068566, -3.713864389418983 ], [ 128.217253764714883, -3.713819567977929 ], [ 128.217338206351599, -3.713805225116313 ], [ 128.217394800214493, -3.713833910839315 ], [ 128.217507089625002, -3.713876042993283 ], [ 128.217634650395354, -3.713876042993283 ], [ 128.217761312850428, -3.713876042993283 ], [ 128.217845754487115, -3.713848253700466 ], [ 128.217944569168367, -3.713777435821265 ], [ 128.218015536075796, -3.713777435821265 ], [ 128.2182131654383, -3.713848253700466 ], [ 128.218565305029699, -3.714032918016972 ], [ 128.218717120312732, -3.714103735875674 ], [ 128.218899478315393, -3.714189793012779 ], [ 128.219030632346858, -3.71428840013873 ], [ 128.219228261709361, -3.714430932237677 ], [ 128.219327076390613, -3.714699860663569 ], [ 128.219354924164435, -3.714969685435184 ], [ 128.219367500578386, -3.715078153177269 ], [ 128.219385466884091, -3.715145385242115 ], [ 128.219424992756586, -3.715182138768732 ], [ 128.219504044501605, -3.715238613696892 ], [ 128.219608249074554, -3.715267299373303 ], [ 128.219735809844906, -3.715267299373303 ], [ 128.219876845344515, -3.715210824446979 ], [ 128.219975660025767, -3.715083531742644 ], [ 128.220046626933225, -3.714941896176802 ], [ 128.220116695525377, -3.714871078385355 ], [ 128.220190357378669, -3.71486390696312 ], [ 128.22025683270968, -3.714876456951994 ], [ 128.220303545104457, -3.714899764073715 ], [ 128.220329596247723, -3.71492307119482 ], [ 128.220344867607537, -3.714951756881489 ], [ 128.220380800218891, -3.715068292473994 ], [ 128.22043469913595, -3.715094288873298 ], [ 128.220488598052981, -3.715105046003822 ], [ 128.220525428979641, -3.715140006677115 ], [ 128.220525428979641, -3.715211720874409 ], [ 128.220468835116748, -3.715324670723328 ], [ 128.220375410327193, -3.715469891936406 ], [ 128.220361935597936, -3.715563120356896 ], [ 128.220361935597936, -3.715689516565096 ], [ 128.22036463054377, -3.715811430621099 ], [ 128.220328697932416, -3.715860734094845 ], [ 128.220271205754244, -3.715876869776563 ], [ 128.220172391072992, -3.715905555432223 ], [ 128.220112203948958, -3.715933344660253 ], [ 128.220091542697418, -3.715977269567292 ], [ 128.220094237643252, -3.71602657303177 ], [ 128.220116695525377, -3.716077669346594 ], [ 128.220186764117528, -3.716111733554832 ], [ 128.220264019231962, -3.716119801393433 ], [ 128.220299951843316, -3.716132351364443 ], [ 128.220313426572602, -3.716175379835121 ], [ 128.220343969292259, -3.716282951002635 ], [ 128.220387088425866, -3.716362732943403 ], [ 128.220421224406692, -3.71640665782906 ], [ 128.220461648594465, -3.71647209694037 ], [ 128.220467038486163, -3.716518711098892 ], [ 128.220446377234651, -3.716569807385207 ], [ 128.220411342938547, -3.716699789152847 ], [ 128.220414936199717, -3.716756263983853 ], [ 128.220443682288789, -3.716790328165886 ], [ 128.220474225008445, -3.716813635237044 ], [ 128.220549683492322, -3.716842320862241 ], [ 128.220636820074873, -3.71687011006076 ], [ 128.220707786982302, -3.716884452872557 ], [ 128.220796720195438, -3.716912242069748 ], [ 128.220863195526476, -3.71695616692804 ], [ 128.220922484335233, -3.717013538168227 ], [ 128.22098985798155, -3.717096905744975 ], [ 128.221031180484601, -3.717156069826917 ], [ 128.221043756898609, -3.717217923181068 ], [ 128.221053638366726, -3.717293222910701 ], [ 128.221059028258423, -3.717401690367084 ], [ 128.221041061952747, -3.717585457514805 ], [ 128.221009620917783, -3.717745917578325 ], [ 128.221004231026086, -3.717870520624271 ], [ 128.221016807440066, -3.717975402311165 ], [ 128.221053638366726, -3.718064148344178 ], [ 128.22106082488898, -3.718170822856887 ], [ 128.221058129943145, -3.718269429537827 ], [ 128.221032078799908, -3.718427200204393 ], [ 128.221001536080223, -3.718556285274218 ], [ 128.220970095045288, -3.718701505955179 ], [ 128.220952128739611, -3.71889513349258 ], [ 128.220970993360567, -3.718956986724731 ], [ 128.220988061350965, -3.719009875716895 ], [ 128.221034773745743, -3.719095035951849 ], [ 128.22112730021999, -3.719175714061583 ], [ 128.221193775551029, -3.719190953259259 ], [ 128.221284505394721, -3.719195435376172 ], [ 128.221320438006074, -3.719196331799552 ], [ 128.221364455455017, -3.719201710339813 ], [ 128.221389608282976, -3.719234878004028 ], [ 128.221403083012234, -3.719276113476718 ], [ 128.221397693120508, -3.719333484565945 ], [ 128.221374336923134, -3.719421334039088 ], [ 128.221269234034907, -3.719734185663143 ], [ 128.22122701321652, -3.719864166964263 ], [ 128.22122701321652, -3.720045244331108 ], [ 128.221210843541428, -3.720138472267846 ], [ 128.221156046309119, -3.720258592864099 ], [ 128.221082384455798, -3.720523933824656 ], [ 128.221086876032217, -3.720671843447038 ], [ 128.221028485538739, -3.721008898008913 ], [ 128.221052740051448, -3.721252724632866 ], [ 128.221096757500334, -3.72132712759659 ], [ 128.221156046309119, -3.721409598344219 ], [ 128.221172215984211, -3.721445455188605 ], [ 128.221344692518784, -3.72149117266308 ], [ 128.221488422964228, -3.721517168872999 ], [ 128.2215459151424, -3.721570057711498 ], [ 128.221557593241101, -3.721648046331967 ], [ 128.221535135358977, -3.721775338088475 ], [ 128.221483931387809, -3.721875737207391 ], [ 128.221773188909282, -3.721851533849414 ], [ 128.222271753891988, -3.721842569642587 ], [ 128.222626588429193, -3.721831812594273 ], [ 128.222953575192605, -3.721821951966537 ], [ 128.223634498177972, -3.721802230710736 ], [ 128.223655159429512, -3.721788784399708 ], [ 128.223965078202525, -3.721577229079187 ], [ 128.224036943425261, -3.721527925925154 ], [ 128.224348658828859, -3.721371948656041 ], [ 128.224631628143356, -3.721264378109528 ], [ 128.224713374834209, -3.721224935572514 ], [ 128.224920885664829, -3.721127225643672 ], [ 128.225119413342611, -3.721059994034964 ], [ 128.225210143186303, -3.721028619282477 ], [ 128.225292788192462, -3.720782103331204 ], [ 128.225388009612601, -3.72043429161719 ], [ 128.22543472200735, -3.720260385708696 ], [ 128.225588333920939, -3.720156400716088 ], [ 128.225768895293072, -3.720030005148204 ], [ 128.225855133560344, -3.720017455232673 ], [ 128.226166848963913, -3.720017455232673 ], [ 128.226633972911657, -3.720018351655217 ], [ 128.227199911540652, -3.720075722696127 ], [ 128.227292438014928, -3.720102615370268 ], [ 128.227647272552133, -3.720207496791576 ], [ 128.227711052937337, -3.720255903597198 ], [ 128.227762256908505, -3.720295346177593 ], [ 128.227887122732994, -3.720564272815041 ], [ 128.228259025260627, -3.721003519479683 ], [ 128.228444078209151, -3.721212385674003 ], [ 128.228630029472981, -3.721382705709971 ], [ 128.22899564379361, -3.721619360863174 ], [ 128.229306460881901, -3.721811194917974 ], [ 128.229574158836584, -3.721981514838156 ], [ 128.229716092651472, -3.72206936404727 ], [ 128.22999457038955, -3.7221195635914 ], [ 128.230290116118027, -3.722174245234431 ], [ 128.230535356190586, -3.722207412786744 ], [ 128.230535356190586, -3.72220830920706 ], [ 128.230809342352245, -3.7218416732219 ], [ 128.231145312268524, -3.721282306534858 ], [ 128.231480383869467, -3.720765967739262 ], [ 128.231614232846823, -3.720564272815041 ], [ 128.231681606493112, -3.71989105964486 ], [ 128.231748980139429, -3.719420437615937 ], [ 128.23201757640939, -3.718748119995848 ], [ 128.232084950055679, -3.718343832753419 ], [ 128.232353546325669, -3.717940441750253 ], [ 128.232487395302968, -3.717537050562535 ], [ 128.232622142595602, -3.717065530851425 ], [ 128.232756889888208, -3.716527675359862 ], [ 128.232890738865535, -3.715922587539831 ], [ 128.233226708781785, -3.715519195429238 ], [ 128.233294082428131, -3.715182138768732 ], [ 128.233565373643927, -3.715027056804559 ], [ 128.23376300300643, -3.714913210489812 ], [ 128.234030700961085, -3.714846874835078 ], [ 128.234121430804777, -3.714833428417969 ], [ 128.234499621539413, -3.714779642747488 ], [ 128.234977525270551, -3.714740199920384 ], [ 128.235426682912617, -3.714646074984947 ], [ 128.235792297233246, -3.714568982173205 ], [ 128.236036638990555, -3.714456928655758 ], [ 128.23624684476701, -3.714360114405229 ], [ 128.2369098014467, -3.714265989429253 ], [ 128.237230500003108, -3.7142050322966 ], [ 128.237380518655584, -3.71417634658566 ], [ 128.23798328821124, -3.714042778731815 ], [ 128.238452208789511, -3.714042778731815 ], [ 128.239122351991512, -3.714110907304087 ], [ 128.239725121547139, -3.714380732255769 ], [ 128.240204821908833, -3.714649660696957 ], [ 128.240583910958748, -3.714783228458955 ], [ 128.240981864629617, -3.714783228458955 ], [ 128.241563074618455, -3.714860321251981 ], [ 128.241801128168731, -3.714920381911647 ], [ 128.24205894465527, -3.714809224866657 ], [ 128.242250285810769, -3.714745578487821 ], [ 128.242738969325359, -3.714719582078242 ], [ 128.243418095680141, -3.714651453552956 ], [ 128.243542961504659, -3.71458601430661 ], [ 128.243744184128303, -3.714316189417689 ], [ 128.243945406751919, -3.713912796572763 ], [ 128.244079255729247, -3.713442171354014 ], [ 128.244347851999208, -3.713106010329867 ], [ 128.2444385818429, -3.712742956280026 ], [ 128.244482599291814, -3.712567255994894 ], [ 128.244511345380914, -3.712545741671862 ], [ 128.244639804466573, -3.712320737678755 ], [ 128.244777246705041, -3.71195857973678 ], [ 128.244904807475365, -3.711676204010662 ], [ 128.244904807475365, -3.711676204010662 ], [ 128.244914688943481, -3.711649311079657 ], [ 128.244914688943481, -3.711649311079657 ], [ 128.244877858016849, -3.711622418147833 ], [ 128.244871569809874, -3.711617935992448 ], [ 128.244826654045653, -3.711585664473015 ], [ 128.244916485574066, -3.711435960464665 ], [ 128.244996435634334, -3.711260259919506 ], [ 128.245208438041402, -3.710977883970139 ], [ 128.245527339967254, -3.710557457389398 ], [ 128.245634239486066, -3.7104077532068 ], [ 128.245641426008319, -3.710389824560476 ], [ 128.245769885093978, -3.710093105410989 ], [ 128.245820190749896, -3.709976569161885 ], [ 128.245985480762187, -3.709540902740643 ], [ 128.246243297248697, -3.708765487694161 ], [ 128.246671793639194, -3.708335199282405 ], [ 128.247144307478692, -3.707861881787569 ], [ 128.247662635397603, -3.70739842482835 ], [ 128.248014774988974, -3.707082879525629 ], [ 128.248041724447518, -3.707048814969169 ], [ 128.248045317708659, -3.70704433279059 ], [ 128.248130657660653, -3.706829188192073 ], [ 128.248216895927897, -3.706571014604766 ], [ 128.248474712414463, -3.706183754082501 ], [ 128.248594188347226, -3.705889722831988 ], [ 128.248624731066883, -3.705809043508357 ], [ 128.248473814099185, -3.705641409779064 ], [ 128.248106403147972, -3.705293592100378 ], [ 128.248001300259716, -3.705113408146056 ], [ 128.247959079441358, -3.704923363338552 ], [ 128.247959977756665, -3.704638296050763 ], [ 128.247980639008176, -3.704332610586663 ], [ 128.248054300861497, -3.704121947522086 ], [ 128.248054300861497, -3.70392114523513 ], [ 128.247907875470162, -3.703731100171586 ], [ 128.247624007840386, -3.703382385302632 ], [ 128.247488362232474, -3.702981676787452 ], [ 128.24741470037921, -3.702506563547862 ], [ 128.24737337787613, -3.702284246321776 ], [ 128.247300614338116, -3.701715006395719 ], [ 128.247342835156473, -3.701429938074775 ], [ 128.247385055974803, -3.70116548782079 ], [ 128.247510820114599, -3.700934205839022 ], [ 128.247574600499746, -3.700722645523745 ], [ 128.247584481967891, -3.700532599773723 ], [ 128.247585380283169, -3.700300421184168 ], [ 128.247395835758226, -3.699899711274512 ], [ 128.247260190150314, -3.699741040857514 ], [ 128.247144307478692, -3.699614642369403 ], [ 128.247134426010547, -3.699445214580461 ], [ 128.247208087863868, -3.699223793029681 ], [ 128.24734463178703, -3.699075879817162 ], [ 128.24746051445868, -3.6989181056966 ], [ 128.247670720235163, -3.698759435103844 ], [ 128.247870146228223, -3.698538013381729 ], [ 128.248385779201328, -3.698042279528028 ], [ 128.248889734075703, -3.697599435670214 ], [ 128.248680426614527, -3.697483794221526 ], [ 128.248564543942877, -3.697261475735167 ], [ 128.248512441656374, -3.69701943538422 ], [ 128.248459441054621, -3.696881382710017 ], [ 128.248302235879891, -3.696744226460467 ], [ 128.248212404351477, -3.696529079359614 ], [ 128.248251930224001, -3.69621532307731 ], [ 128.248291456096496, -3.695826265133105 ], [ 128.248304930825753, -3.695582431495831 ], [ 128.248330083653741, -3.69523998855385 ], [ 128.248430694965549, -3.694920853127669 ], [ 128.248525018070353, -3.694654608035412 ], [ 128.248638205796169, -3.69434264398728 ], [ 128.248810682330713, -3.694037851420543 ], [ 128.248976870658282, -3.693830771705185 ], [ 128.249120601103726, -3.693669410854528 ], [ 128.249246365243522, -3.693531357659013 ], [ 128.249421536723929, -3.693370893203476 ], [ 128.250033289432395, -3.69304189615644 ], [ 128.250511193163561, -3.692802544004724 ], [ 128.250795060793337, -3.692563191788474 ], [ 128.250965740697296, -3.692448446133831 ], [ 128.25110048798993, -3.692223437033626 ], [ 128.251138217231869, -3.691993945621691 ], [ 128.251145403754123, -3.691764454150443 ], [ 128.251154386906961, -3.691494622305651 ], [ 128.251182234680783, -3.691206861344288 ], [ 128.251218167292166, -3.690990816449089 ], [ 128.251307998820579, -3.690784632475202 ], [ 128.251467898941144, -3.690555140691463 ], [ 128.251871242503711, -3.690090778228946 ], [ 128.252042820722977, -3.689930313151685 ], [ 128.25219553432126, -3.689723232478417 ], [ 128.252320400145749, -3.689489258153146 ], [ 128.25243897776329, -3.689207771718489 ], [ 128.252480300266342, -3.688946007183315 ], [ 128.252558453696082, -3.688458336062846 ], [ 128.252693200988688, -3.688068378264791 ], [ 128.253006713022842, -3.68773937925384 ], [ 128.253245664888397, -3.687664077010775 ], [ 128.253543905562736, -3.687664973466088 ], [ 128.253737941664099, -3.687725035969938 ], [ 128.254020910978625, -3.687740275709075 ], [ 128.254289507248558, -3.687740275709075 ], [ 128.254468271990078, -3.687680213206255 ], [ 128.254603019282712, -3.687425619865659 ], [ 128.254737766575346, -3.687380797086879 ], [ 128.254991091485465, -3.687351214051647 ], [ 128.255244416395584, -3.687261568484326 ], [ 128.255351315914396, -3.687147718600798 ], [ 128.25542857102883, -3.686920018790008 ], [ 128.255565114951992, -3.686441311123628 ], [ 128.255634285228894, -3.685914194518731 ], [ 128.255236331558024, -3.68459550518142 ], [ 128.255168957911707, -3.683765384310593 ], [ 128.255275857430519, -3.683364666939237 ], [ 128.255373773796492, -3.683159377656728 ], [ 128.255558826745016, -3.682974706907991 ], [ 128.255733998225423, -3.682867131696892 ], [ 128.255996306288381, -3.682837548511561 ], [ 128.256520922414296, -3.682838444971737 ], [ 128.256686212426587, -3.682730869744171 ], [ 128.25678412879256, -3.682516615710539 ], [ 128.25675538270346, -3.682223473078891 ], [ 128.256648483184676, -3.681959017105139 ], [ 128.256317903160095, -3.681294739211074 ], [ 128.255949593893632, -3.68075775847299 ], [ 128.255774422413197, -3.680141888680312 ], [ 128.255638776805313, -3.679751030774428 ], [ 128.255571403158996, -3.679487470530081 ], [ 128.255309095096038, -3.679125299182782 ], [ 128.255173449488126, -3.678402748975862 ], [ 128.255066549969314, -3.677973342309859 ], [ 128.255271365854099, -3.677494629832916 ], [ 128.255304603519619, -3.677082255583003 ], [ 128.255421384506548, -3.676886825980558 ], [ 128.255499537936259, -3.676536307641334 ], [ 128.255576793050693, -3.676185789164322 ], [ 128.255576793050693, -3.675873818639233 ], [ 128.255577691365971, -3.67560129257399 ], [ 128.255539063808783, -3.675016795600617 ], [ 128.255500436251538, -3.674782817410375 ], [ 128.255501334566816, -3.674392853623603 ], [ 128.255423181137132, -3.674042334304289 ], [ 128.255304603519619, -3.673664024296203 ], [ 128.255230043351048, -3.67326330238287 ], [ 128.255152788236614, -3.672833893242478 ], [ 128.254765614349139, -3.67244392860405 ], [ 128.25453295069056, -3.67201541554055 ], [ 128.254455695576098, -3.671820881299491 ], [ 128.25441706801891, -3.671508909248378 ], [ 128.25441706801891, -3.671196937088266 ], [ 128.254513187754299, -3.670795317595239 ], [ 128.254573374878333, -3.670339909558743 ], [ 128.254573374878333, -3.669949943831134 ], [ 128.25463266368709, -3.669506189520223 ], [ 128.254651528308045, -3.669365443157387 ], [ 128.254579663085337, -3.669076778573154 ], [ 128.254610205804994, -3.668711017102666 ], [ 128.254695545756988, -3.668517378616502 ], [ 128.254866225660948, -3.668377528572621 ], [ 128.25505936344706, -3.668276226924605 ], [ 128.255129432039212, -3.668159685191443 ], [ 128.255238128188608, -3.668012663291007 ], [ 128.255307298465482, -3.667903293324994 ], [ 128.255268670908237, -3.667810059900777 ], [ 128.255199500631392, -3.667763443185022 ], [ 128.255122245516958, -3.667732066548049 ], [ 128.255068346599899, -3.667654969663951 ], [ 128.25501354936759, -3.667475674558937 ], [ 128.255021634205121, -3.667327756070227 ], [ 128.255049481978944, -3.667244383820351 ], [ 128.255031515673267, -3.667234522585981 ], [ 128.254596731075736, -3.667156529183035 ] ] ] } },
{ "type": "Feature", "properties": { "FID": 32, "Provinsi": "MALUKU", "Kode_Prov": "81", "Kota_Kab": "KOTA AMBON", "Kode_Kab": "8171", "Kecamatan": "Sirimau", "Kode_Kec": "817120", "Kelurahan": "Hative Kecil", "Kode_Kel": "81712018", "Sumber": "Wilkerstat BPS Tahun 2019", "city": "ambon", "source_layer": "Wilayah Administrasi", "role": "admin" }, "geometry": { "type": "Polygon", "coordinates": [ [ [ 128.202332747845645, -3.66313582557601 ], [ 128.20227705229803, -3.662989699329819 ], [ 128.202203390444737, -3.66301480077258 ], [ 128.202208780336434, -3.663042591654815 ], [ 128.202005761082233, -3.663139411495863 ], [ 128.201968930155601, -3.66303541981432 ], [ 128.201915031238542, -3.663061417735839 ], [ 128.201815318242012, -3.663108931176663 ], [ 128.201818013187847, -3.663116103016569 ], [ 128.201963540263904, -3.663470212540412 ], [ 128.20193659080536, -3.663463937182981 ], [ 128.201864725582652, -3.663317810990363 ], [ 128.201811724980871, -3.663342912423921 ], [ 128.201782978891771, -3.663281951798344 ], [ 128.201723690083014, -3.663317810990363 ], [ 128.201748842911002, -3.663402976565648 ], [ 128.201457788758916, -3.6637194338428 ], [ 128.201435330876819, -3.663743638785737 ], [ 128.201436229192126, -3.663766947248687 ], [ 128.201579061322292, -3.66402782269643 ], [ 128.201647333283887, -3.664008996635737 ], [ 128.201807233404452, -3.664292283983342 ], [ 128.201445212344964, -3.664528057878301 ], [ 128.20144341571438, -3.664528954356872 ], [ 128.20145150055194, -3.664542401535305 ], [ 128.201504501153693, -3.664632945864835 ], [ 128.20175782606384, -3.665065048380518 ], [ 128.201765012586094, -3.665077599072875 ], [ 128.201937489120638, -3.665368057903935 ], [ 128.201943777327642, -3.665378815636608 ], [ 128.202082117881389, -3.665611899812734 ], [ 128.202174644355665, -3.665768783358616 ], [ 128.202290527027287, -3.665964215394417 ], [ 128.202299510180126, -3.665979455505506 ], [ 128.202386646762704, -3.666126477740316 ], [ 128.202090202718949, -3.666358665244838 ], [ 128.201990489722419, -3.666425900997438 ], [ 128.201712910299619, -3.666613264601343 ], [ 128.201439822453239, -3.666828418930603 ], [ 128.201333821249733, -3.666892965219284 ], [ 128.201221531839195, -3.666961993883967 ], [ 128.201049055304651, -3.667068674537084 ], [ 128.200890053499364, -3.667167286894191 ], [ 128.20088825686878, -3.667166390418265 ], [ 128.200798425340366, -3.667104533577291 ], [ 128.200762492729012, -3.667081225201321 ], [ 128.200748119684476, -3.66707226044117 ], [ 128.200514557710619, -3.66692075598103 ], [ 128.200068993329666, -3.666672432047051 ], [ 128.199848906085066, -3.666549614769014 ], [ 128.199452749044781, -3.666471621306319 ], [ 128.199350341102388, -3.666451898820422 ], [ 128.198850877804404, -3.66653796057387 ], [ 128.19879428394151, -3.66651465218313 ], [ 128.198573298381632, -3.666425004520771 ], [ 128.198471788754517, -3.666383766593066 ], [ 128.198036105841709, -3.66604669128662 ], [ 128.197926511377034, -3.666370319442318 ], [ 128.197688457826757, -3.666304876639117 ], [ 128.197112637729646, -3.665960629485887 ], [ 128.196981483698153, -3.665973180165677 ], [ 128.196749718354852, -3.66668767214607 ], [ 128.196170304996599, -3.668268158651259 ], [ 128.195881945790376, -3.668935135668524 ], [ 128.195466025813829, -3.669906913119728 ], [ 128.19531151558499, -3.670150753790292 ], [ 128.194927934958656, -3.670654571435525 ], [ 128.194922545066959, -3.670659053797641 ], [ 128.194709644344613, -3.670817729402064 ], [ 128.19462789765376, -3.670909169568079 ], [ 128.19454974422402, -3.670914548401083 ], [ 128.194461709326191, -3.670963854368771 ], [ 128.194454522803937, -3.671057087463869 ], [ 128.194372776113084, -3.671072327488104 ], [ 128.194268571540107, -3.670987162643458 ], [ 128.19435031823096, -3.670873310680561 ], [ 128.194442844705208, -3.670765734009369 ], [ 128.194878527618044, -3.670258330535556 ], [ 128.194892002347302, -3.670222471621908 ], [ 128.194817442178731, -3.670193784489952 ], [ 128.19420928273135, -3.670897515429794 ], [ 128.194159875390739, -3.670939649621337 ], [ 128.194106874788957, -3.670970129673555 ], [ 128.194098789951425, -3.671043640383446 ], [ 128.19417155348944, -3.6711144616714 ], [ 128.194182333272835, -3.671123426390992 ], [ 128.194184129903419, -3.671118047559248 ], [ 128.194665626895699, -3.671442570349893 ], [ 128.194701559507052, -3.671467671555305 ], [ 128.195047410891448, -3.67170075414329 ], [ 128.195566637125637, -3.671967006102037 ], [ 128.195609756259302, -3.671902460179935 ], [ 128.195754385020052, -3.671688203543948 ], [ 128.195866674430562, -3.671554629297168 ], [ 128.196232288751219, -3.671232795962788 ], [ 128.196728158788034, -3.671740198882929 ], [ 128.196992263481548, -3.672027966135293 ], [ 128.197180909691241, -3.672263737989439 ], [ 128.197238401869441, -3.672414345072804 ], [ 128.197401895251119, -3.672404483895504 ], [ 128.197542930750728, -3.672651013295326 ], [ 128.197555507164708, -3.672672528585171 ], [ 128.197754933157796, -3.673098351923315 ], [ 128.197763916310635, -3.673239994167608 ], [ 128.197691152772592, -3.673426459872654 ], [ 128.197724390438111, -3.673533139753694 ], [ 128.197745051689651, -3.673597685557878 ], [ 128.19789057876568, -3.674062056622586 ], [ 128.197965138934279, -3.674169632896536 ], [ 128.197759424734215, -3.674366856031757 ], [ 128.197819611858222, -3.674537185068002 ], [ 128.197943579367461, -3.675158437540369 ], [ 128.197924714746478, -3.675214915016404 ], [ 128.197932799584009, -3.67524987726168 ], [ 128.197992088392795, -3.675377175681621 ], [ 128.19816815818848, -3.675752795561329 ], [ 128.19823912509591, -3.675906091457235 ], [ 128.198584976480305, -3.675775207243662 ], [ 128.19889399693804, -3.675780586047337 ], [ 128.198929031234115, -3.675940157208302 ], [ 128.199256017997527, -3.676758631309816 ], [ 128.199332374796711, -3.677059843933522 ], [ 128.199212000548641, -3.677105563697867 ], [ 128.199351239417666, -3.678103329735806 ], [ 128.199998026422236, -3.677948241287492 ], [ 128.200180384424897, -3.677904314496649 ], [ 128.200805611862648, -3.677761776527782 ], [ 128.201237701514316, -3.677696334559599 ], [ 128.201474856749314, -3.677660475944857 ], [ 128.201485636532738, -3.677699023955645 ], [ 128.201640146761605, -3.677796738673199 ], [ 128.201968930155601, -3.677833493747671 ], [ 128.202155779734682, -3.677855008912513 ], [ 128.202320171431666, -3.677869352355453 ], [ 128.202549241829104, -3.677890867519428 ], [ 128.202742379615216, -3.677905210961791 ], [ 128.202871737016153, -3.677963481194013 ], [ 128.202978636534965, -3.678020854957404 ], [ 128.203122366980409, -3.678085400436803 ], [ 128.203272385632829, -3.678165185814601 ], [ 128.203395454826762, -3.678165185814601 ], [ 128.203649678052159, -3.678303241395267 ], [ 128.203699983708105, -3.678330135337064 ], [ 128.204095242433084, -3.67832744594292 ], [ 128.204694418727598, -3.678780160509386 ], [ 128.205080694299795, -3.679128885038426 ], [ 128.205139084793274, -3.679198809220626 ], [ 128.204832759281373, -3.679578909807361 ], [ 128.205219034853513, -3.67996976778876 ], [ 128.205464274926101, -3.67947492004031 ], [ 128.206060756274752, -3.678736233759546 ], [ 128.206129028236347, -3.678586524208113 ], [ 128.205939483711376, -3.678206423198078 ], [ 128.205607107056267, -3.67788100640267 ], [ 128.205442715359283, -3.677781498763827 ], [ 128.205252272519061, -3.677735779034146 ], [ 128.205015117284034, -3.677658683014082 ], [ 128.205106745443004, -3.677430980776356 ], [ 128.205510089005571, -3.677328783690121 ], [ 128.205521767104273, -3.677133354141716 ], [ 128.205762515600412, -3.677092116708597 ], [ 128.205660107658048, -3.676832141542845 ], [ 128.204692622097014, -3.676091660138076 ], [ 128.204175192493381, -3.675673906435038 ], [ 128.204156327872425, -3.675638047738963 ], [ 128.204128480098632, -3.67558157028972 ], [ 128.204008105850562, -3.675560055070022 ], [ 128.203651474682744, -3.675560055070022 ], [ 128.202593259278046, -3.67474247633689 ], [ 128.202058761684015, -3.674155289394093 ], [ 128.20233544279148, -3.674072814250565 ], [ 128.202468393453557, -3.674033369614008 ], [ 128.202706447003862, -3.673745603008192 ], [ 128.202587869386349, -3.673683746622862 ], [ 128.203009179254593, -3.673307229402284 ], [ 128.203065773117487, -3.673035599023089 ], [ 128.203096315837172, -3.672890370865644 ], [ 128.203208605247681, -3.67235517800737 ], [ 128.203638898268764, -3.672393726247416 ], [ 128.203772747246092, -3.672658185058665 ], [ 128.203663152781417, -3.672910093209401 ], [ 128.203833832685433, -3.673043667253365 ], [ 128.203920969267983, -3.672958502596772 ], [ 128.204107818847092, -3.672872441461851 ], [ 128.204389889846283, -3.672789966199768 ], [ 128.204723164816698, -3.672816860307806 ], [ 128.205060931363533, -3.672884992044544 ], [ 128.205086084191493, -3.672890370865644 ], [ 128.205162440990648, -3.672905610858583 ], [ 128.206198198513221, -3.673471283353636 ], [ 128.206742577575397, -3.673815527612533 ], [ 128.206861155192883, -3.674064746029593 ], [ 128.206961766504691, -3.674274519751149 ], [ 128.207154904290803, -3.674733511653645 ], [ 128.207347143761609, -3.675219397355618 ], [ 128.207498959044642, -3.67560129257399 ], [ 128.207557349538092, -3.675749209692104 ], [ 128.207715453028101, -3.676013667508803 ], [ 128.208338883835296, -3.676137379952065 ], [ 128.208505072162836, -3.676428731652813 ], [ 128.208619158203931, -3.676896687108313 ], [ 128.208654192500006, -3.677284856868753 ], [ 128.208636226194329, -3.677576208194538 ], [ 128.208671260490405, -3.677761776527782 ], [ 128.20864431103189, -3.678061195882576 ], [ 128.208600293582947, -3.678228834818733 ], [ 128.20857424243971, -3.678467294427604 ], [ 128.20858232727727, -3.678599971174839 ], [ 128.208632632933188, -3.678657344897255 ], [ 128.2086820402738, -3.678715615080304 ], [ 128.208956026435459, -3.678673481256018 ], [ 128.209134791177007, -3.678630450965332 ], [ 128.209264148577915, -3.678565905525406 ], [ 128.209406980708081, -3.678479844931566 ], [ 128.209521965064454, -3.678422471197722 ], [ 128.209650424150112, -3.678472673215038 ], [ 128.209765408506485, -3.678487016648037 ], [ 128.209857934980732, -3.678544390377726 ], [ 128.210016038470712, -3.678552458558167 ], [ 128.210187616690007, -3.678465501498451 ], [ 128.210366381431527, -3.678393784329416 ], [ 128.210445433176517, -3.678293380283071 ], [ 128.210481365787899, -3.678149945911528 ], [ 128.2105676040552, -3.678085400436803 ], [ 128.210660130529448, -3.678042370117723 ], [ 128.21077511488582, -3.6780782287171 ], [ 128.210921540277127, -3.678292483818321 ], [ 128.211066169037849, -3.678300552001042 ], [ 128.211234153996003, -3.678213594916749 ], [ 128.211341053514786, -3.678081814576959 ], [ 128.211592581794378, -3.677823632630279 ], [ 128.211746193707938, -3.677674819390926 ], [ 128.211843211758634, -3.677661372410244 ], [ 128.211870161217149, -3.677591448107419 ], [ 128.211899805621528, -3.677575311729065 ], [ 128.212092943407612, -3.677367331715252 ], [ 128.212243860375338, -3.677201485548777 ], [ 128.212436998161422, -3.677000677176181 ], [ 128.212559169040077, -3.676806144022101 ], [ 128.212687628125678, -3.676562305169946 ], [ 128.212809799004333, -3.676166963359868 ], [ 128.212914003577282, -3.675628186597289 ], [ 128.213062225599202, -3.674349823126346 ], [ 128.213106243048088, -3.674041437835264 ], [ 128.213133192506632, -3.673730363029597 ], [ 128.213177209955546, -3.673515210362814 ], [ 128.212763086609556, -3.673092973103469 ], [ 128.212482812240921, -3.672775622675149 ], [ 128.212339980110755, -3.67271824857437 ], [ 128.212159418738651, -3.672694940344875 ], [ 128.211870161217149, -3.67273259209991 ], [ 128.211399444008265, -3.672908300269077 ], [ 128.211066169037849, -3.673107316622987 ], [ 128.210890099242192, -3.673102834273163 ], [ 128.21066731705173, -3.672703905048599 ], [ 128.210581078784458, -3.67250488860474 ], [ 128.210519993345116, -3.672362349773087 ], [ 128.210381652791369, -3.672158850898515 ], [ 128.210163362177326, -3.672049481440154 ], [ 128.209849850143172, -3.671978660226364 ], [ 128.209725882633961, -3.672011829656306 ], [ 128.209426743644343, -3.67198762493728 ], [ 128.209150960852128, -3.671888116641056 ], [ 128.208846431970812, -3.67166489528756 ], [ 128.208608378420507, -3.67139057499358 ], [ 128.208531123306102, -3.671068741600072 ], [ 128.208470936182039, -3.670821315291103 ], [ 128.208470936182039, -3.670504860527918 ], [ 128.208383799599488, -3.670149857317361 ], [ 128.208419732210871, -3.669732997306675 ], [ 128.208498783955861, -3.669423713947239 ], [ 128.208570649178597, -3.669135945855782 ], [ 128.208664073968123, -3.668833834083716 ], [ 128.208779058324495, -3.668467176039165 ], [ 128.208819482512297, -3.668413387560317 ], [ 128.208814990935849, -3.668412491085644 ], [ 128.208811397674708, -3.668411594610967 ], [ 128.208000218973183, -3.66824933267984 ], [ 128.208054117890214, -3.667431747252723 ], [ 128.207348042076887, -3.667370786905831 ], [ 128.20733007577121, -3.667271278095353 ], [ 128.20720161668558, -3.666680500334799 ], [ 128.207510637143344, -3.666494033221583 ], [ 128.207519620296182, -3.66648865436197 ], [ 128.206241317646857, -3.665731131310114 ], [ 128.20622335134118, -3.665721270059054 ], [ 128.205939483711376, -3.665552732296854 ], [ 128.205808329679911, -3.665506115463405 ], [ 128.205706820052797, -3.66552673444773 ], [ 128.205558598030933, -3.665463084538064 ], [ 128.205384324865804, -3.665497150687463 ], [ 128.20457763774067, -3.665283788993526 ], [ 128.204318024623575, -3.665054290644072 ], [ 128.204185972276775, -3.664936852012787 ], [ 128.203730526427734, -3.664417791007404 ], [ 128.203708966860944, -3.664393586082705 ], [ 128.203700882023384, -3.664381931859469 ], [ 128.203667644357836, -3.664338004401288 ], [ 128.203425997546418, -3.664056510026247 ], [ 128.203229266499193, -3.663819839527744 ], [ 128.203184350735, -3.663728398636557 ], [ 128.203136740024945, -3.663633371818166 ], [ 128.203106197305289, -3.663601098556795 ], [ 128.203043315235391, -3.663504278765696 ], [ 128.202940907292998, -3.663545516826149 ], [ 128.202931025824881, -3.663608270392757 ], [ 128.202815143153231, -3.663636957736025 ], [ 128.202789092009994, -3.663613649269688 ], [ 128.20272800657068, -3.663606477433771 ], [ 128.20271992173312, -3.663551792183008 ], [ 128.202680395860625, -3.663533862591867 ], [ 128.202666921131367, -3.663451386467987 ], [ 128.202634581781126, -3.663259539802603 ], [ 128.202477376606396, -3.663268504600967 ], [ 128.202416291167054, -3.663272090520287 ], [ 128.20247108839942, -3.663409251923506 ], [ 128.202383951816842, -3.663448697029037 ], [ 128.202268069145191, -3.663160030534733 ], [ 128.202332747845645, -3.66313582557601 ] ] ] } },
{ "type": "Feature", "properties": { "FID": 33, "Provinsi": "MALUKU", "Kode_Prov": "81", "Kota_Kab": "KOTA AMBON", "Kode_Kab": "8171", "Kecamatan": "Sirimau", "Kode_Kec": "817120", "Kelurahan": "Galala", "Kode_Kel": "81712019", "Sumber": "Wilkerstat BPS Tahun 2019", "city": "ambon", "source_layer": "Wilayah Administrasi", "role": "admin" }, "geometry": { "type": "Polygon", "coordinates": [ [ [ 128.201253871189436, -3.66273151302056 ], [ 128.201159548084604, -3.662702825648267 ], [ 128.200969105244354, -3.663203958050742 ], [ 128.200986173234753, -3.663212026369775 ], [ 128.200906223174456, -3.663402080085951 ], [ 128.200811001754346, -3.663627096461879 ], [ 128.200765187674875, -3.663589444323236 ], [ 128.200691525821554, -3.663579583048568 ], [ 128.200599897662585, -3.663628889420823 ], [ 128.200366335688727, -3.66372033032218 ], [ 128.200267521007447, -3.663752603579251 ], [ 128.200077078167226, -3.663689850022766 ], [ 128.199820159995966, -3.663827011361951 ], [ 128.199687209333916, -3.663898729700867 ], [ 128.199780634123471, -3.664052027631024 ], [ 128.199759972871931, -3.664125538909852 ], [ 128.199750989719092, -3.664158708631247 ], [ 128.199746498142673, -3.664175741730946 ], [ 128.199738413305113, -3.664210704408259 ], [ 128.199733023413415, -3.664230426943575 ], [ 128.199754582980233, -3.664267182576415 ], [ 128.199773447601189, -3.664296766377361 ], [ 128.199698887432618, -3.664363105806228 ], [ 128.199651276722562, -3.664297662856161 ], [ 128.199511139538259, -3.664101333977246 ], [ 128.199547970464891, -3.664071750169839 ], [ 128.199486885025578, -3.663963276200976 ], [ 128.199438376000217, -3.663994652970182 ], [ 128.199416816433427, -3.66397224099229 ], [ 128.199423104640402, -3.663961483242703 ], [ 128.199406934965282, -3.6639408642223 ], [ 128.199377290560903, -3.663959690284426 ], [ 128.199393460236024, -3.663983895220863 ], [ 128.199397951812443, -3.663982102262632 ], [ 128.199415019802842, -3.664008996635737 ], [ 128.199360222570505, -3.664049338193879 ], [ 128.199424002955681, -3.664156019194423 ], [ 128.199492274917276, -3.664121056514974 ], [ 128.199637801993305, -3.664320971304679 ], [ 128.199680921126912, -3.664380138902034 ], [ 128.199582106445689, -3.664472476205238 ], [ 128.199518326060513, -3.664485923384523 ], [ 128.199417714748705, -3.664508335349546 ], [ 128.199213797179198, -3.664330832571177 ], [ 128.199070965049032, -3.664231323422444 ], [ 128.198699960836677, -3.664095955103245 ], [ 128.198680197900444, -3.663810874734903 ], [ 128.19843765277372, -3.663835079675367 ], [ 128.198459212340538, -3.664156915673366 ], [ 128.198409804999898, -3.664803276756935 ], [ 128.198271464446179, -3.665229103845289 ], [ 128.198036105841709, -3.66604669128662 ], [ 128.198471788754517, -3.666383766593066 ], [ 128.198573298381632, -3.666425004520771 ], [ 128.19879428394151, -3.66651465218313 ], [ 128.198850877804404, -3.66653796057387 ], [ 128.199350341102388, -3.666451898820422 ], [ 128.199452749044781, -3.666471621306319 ], [ 128.199848906085066, -3.666549614769014 ], [ 128.200068993329666, -3.666672432047051 ], [ 128.200514557710619, -3.66692075598103 ], [ 128.200748119684476, -3.66707226044117 ], [ 128.200762492729012, -3.667081225201321 ], [ 128.200798425340366, -3.667104533577291 ], [ 128.20088825686878, -3.667166390418265 ], [ 128.200890053499364, -3.667167286894191 ], [ 128.201049055304651, -3.667068674537084 ], [ 128.201221531839195, -3.666961993883967 ], [ 128.201333821249733, -3.666892965219284 ], [ 128.201439822453239, -3.666828418930603 ], [ 128.201712910299619, -3.666613264601343 ], [ 128.201990489722419, -3.666425900997438 ], [ 128.202090202718949, -3.666358665244838 ], [ 128.202386646762704, -3.666126477740316 ], [ 128.202299510180126, -3.665979455505506 ], [ 128.202290527027287, -3.665964215394417 ], [ 128.202174644355665, -3.665768783358616 ], [ 128.202082117881389, -3.665611899812734 ], [ 128.201943777327642, -3.665378815636608 ], [ 128.201937489120638, -3.665368057903935 ], [ 128.201765012586094, -3.665077599072875 ], [ 128.20175782606384, -3.665065048380518 ], [ 128.201504501153693, -3.664632945864835 ], [ 128.20145150055194, -3.664542401535305 ], [ 128.20144341571438, -3.664528954356872 ], [ 128.201445212344964, -3.664528057878301 ], [ 128.201807233404452, -3.664292283983342 ], [ 128.201647333283887, -3.664008996635737 ], [ 128.201579061322292, -3.66402782269643 ], [ 128.201436229192126, -3.663766947248687 ], [ 128.201435330876819, -3.663743638785737 ], [ 128.201367957230502, -3.663817150089901 ], [ 128.201198175641792, -3.663797427545474 ], [ 128.201083191285448, -3.663784876835158 ], [ 128.200862205725542, -3.663697918337417 ], [ 128.200946647362258, -3.663462144223707 ], [ 128.201030190683696, -3.663230852447235 ], [ 128.201058038457489, -3.663239817245886 ], [ 128.201253871189436, -3.66273151302056 ] ] ] } },
{ "type": "Feature", "properties": { "FID": 34, "Provinsi": "MALUKU", "Kode_Prov": "81", "Kota_Kab": "KOTA AMBON", "Kode_Kab": "8171", "Kecamatan": "Baguala", "Kode_Kec": "817140", "Kelurahan": "Latta", "Kode_Kel": "81714015", "Sumber": "Wilkerstat BPS Tahun 2019", "city": "ambon", "source_layer": "Wilayah Administrasi", "role": "admin" }, "geometry": { "type": "Polygon", "coordinates": [ [ [ 128.234254381466826, -3.651982648907706 ], [ 128.234063938626605, -3.651816798035179 ], [ 128.23398309025103, -3.651921687509474 ], [ 128.2339121233436, -3.6519665120674 ], [ 128.233780969312107, -3.652091124326675 ], [ 128.233762104691152, -3.65210905414673 ], [ 128.233762104691152, -3.652109950637723 ], [ 128.233738748493749, -3.652211254114206 ], [ 128.233687544522581, -3.65243716979049 ], [ 128.23368395126144, -3.652455099603634 ], [ 128.233712697350512, -3.652815488771851 ], [ 128.233730663656189, -3.652939204423097 ], [ 128.233733358602052, -3.652939204423097 ], [ 128.233974107098192, -3.65294368687391 ], [ 128.234100769553265, -3.65294368687391 ], [ 128.2343522978328, -3.65294368687391 ], [ 128.234680182911518, -3.652917688658889 ], [ 128.234901168471424, -3.652853141363166 ], [ 128.235052983754429, -3.652718667815502 ], [ 128.235185934416478, -3.652573436361393 ], [ 128.235157188327378, -3.652400413672429 ], [ 128.235012559566655, -3.652262354093579 ], [ 128.234898473525561, -3.652068712051104 ], [ 128.234699047532501, -3.651978166452094 ], [ 128.234503214800554, -3.651951271717956 ], [ 128.234449315883495, -3.65197099452307 ], [ 128.234340619734098, -3.651977269960969 ], [ 128.234254381466826, -3.651982648907706 ] ] ] } },
{ "type": "Feature", "properties": { "FID": 35, "Provinsi": "MALUKU", "Kode_Prov": "81", "Kota_Kab": "KOTA AMBON", "Kode_Kab": "8171", "Kecamatan": "Baguala", "Kode_Kec": "817140", "Kelurahan": "Halong", "Kode_Kel": "81714014", "Sumber": "Wilkerstat BPS Tahun 2019", "city": "ambon", "source_layer": "Wilayah Administrasi", "role": "admin" }, "geometry": { "type": "Polygon", "coordinates": [ [ [ 128.230878512629118, -3.649216969543132 ], [ 128.230845274963599, -3.649164972896531 ], [ 128.230450016238592, -3.649417784150024 ], [ 128.230483253904112, -3.649479642211852 ], [ 128.23052098314605, -3.649454540390175 ], [ 128.230555119126819, -3.64949398610964 ], [ 128.23057128880194, -3.649484124679936 ], [ 128.230818325505084, -3.649784449990542 ], [ 128.230816528874499, -3.649817620242571 ], [ 128.230837190126039, -3.649855272959605 ], [ 128.230878512629118, -3.649872306331079 ], [ 128.231154295421362, -3.650244350943206 ], [ 128.231112074603004, -3.650317863354355 ], [ 128.231219872437094, -3.650464888158603 ], [ 128.231190228032716, -3.650506126818887 ], [ 128.23099798856191, -3.650653151592314 ], [ 128.23101864981345, -3.65066749547136 ], [ 128.231131837539266, -3.650577846223566 ], [ 128.231129142593403, -3.650608326968821 ], [ 128.231073447045759, -3.650681839350177 ], [ 128.2310770403069, -3.650722181508119 ], [ 128.231054582424804, -3.650722181508119 ], [ 128.230973734049229, -3.650710527107122 ], [ 128.23091893681692, -3.650737421878426 ], [ 128.230864139584554, -3.650805555295458 ], [ 128.230887495781957, -3.650891618551689 ], [ 128.230913546925194, -3.650940029129694 ], [ 128.23091893681692, -3.650966923894124 ], [ 128.230792274361846, -3.651029678341329 ], [ 128.230818325505084, -3.651078088911891 ], [ 128.230708731040409, -3.651138153875441 ], [ 128.230692561365316, -3.651092432784148 ], [ 128.230591051738202, -3.651096018752177 ], [ 128.23056320396438, -3.651116638068064 ], [ 128.230524576407163, -3.651145325811119 ], [ 128.230538051136421, -3.65117132407747 ], [ 128.230241607092665, -3.651281592578111 ], [ 128.230208369427174, -3.651141739843287 ], [ 128.230058350774726, -3.651192839883537 ], [ 128.230091588440246, -3.651321038217329 ], [ 128.229932586634931, -3.651373034739104 ], [ 128.22988677255546, -3.651353311920854 ], [ 128.229885874240182, -3.651353311920854 ], [ 128.229840958475961, -3.651375724214286 ], [ 128.229850839944078, -3.651444754074542 ], [ 128.229755618523967, -3.651455511974363 ], [ 128.229744838740544, -3.651357794379586 ], [ 128.229712499390331, -3.651361380346554 ], [ 128.229702617922214, -3.651292350479889 ], [ 128.229673871833114, -3.651240353953441 ], [ 128.229556192530907, -3.651253801331259 ], [ 128.229520259919525, -3.651245732904592 ], [ 128.229502293613848, -3.651242146937161 ], [ 128.229469055948329, -3.651235871494123 ], [ 128.229434021652253, -3.651255594314953 ], [ 128.229293884467921, -3.65133358910217 ], [ 128.229248070388451, -3.651358690871329 ], [ 128.229242680496753, -3.651360483854813 ], [ 128.22922381587577, -3.651364966313508 ], [ 128.229056729232951, -3.651404411949063 ], [ 128.228972287596235, -3.65142951371624 ], [ 128.228760285189168, -3.651495854097546 ], [ 128.22865967387736, -3.651558608507782 ], [ 128.228582418762898, -3.651622259405114 ], [ 128.228410840543631, -3.651756733117031 ], [ 128.228256330314764, -3.651824866456714 ], [ 128.228184465092028, -3.651848175229629 ], [ 128.228077565573244, -3.651922584000654 ], [ 128.228024564971491, -3.65199071732775 ], [ 128.227920360398542, -3.652091124326675 ], [ 128.227763155223812, -3.65218077342337 ], [ 128.227700273153914, -3.652204082187043 ], [ 128.22764367929102, -3.652206771659736 ], [ 128.22762301803948, -3.652283869873498 ], [ 128.22764367929102, -3.652334969848738 ], [ 128.227552051132022, -3.65241744699562 ], [ 128.227516118520668, -3.652373518950941 ], [ 128.227367896498777, -3.652464961000711 ], [ 128.227393947642014, -3.652518750437398 ], [ 128.227358015030632, -3.652542059192294 ], [ 128.227322980734584, -3.652566264437125 ], [ 128.227311302635883, -3.652560885493886 ], [ 128.227254708772961, -3.652535783758344 ], [ 128.227138826101339, -3.652586883719242 ], [ 128.227093910337146, -3.652615571415313 ], [ 128.227004078808733, -3.652672946804707 ], [ 128.226690566774579, -3.652874657128923 ], [ 128.226574684102928, -3.652897965874577 ], [ 128.226493835727354, -3.652945479854228 ], [ 128.226342918759599, -3.653019888534288 ], [ 128.226315969301083, -3.653045886746347 ], [ 128.226327647399756, -3.653056644626981 ], [ 128.226335732237317, -3.653063816547331 ], [ 128.226308782778801, -3.653088918268103 ], [ 128.226302494571826, -3.653095193698187 ], [ 128.226271053536863, -3.653090711248132 ], [ 128.2262396125019, -3.65306292005729 ], [ 128.226187510215453, -3.653085332308036 ], [ 128.226196493368292, -3.653134639257709 ], [ 128.226194696737707, -3.653136432237644 ], [ 128.226169543909776, -3.653175877795353 ], [ 128.226122831514971, -3.653195600573557 ], [ 128.226101271948181, -3.653186635674426 ], [ 128.226087797218923, -3.653181256734906 ], [ 128.226059051129823, -3.653196497063464 ], [ 128.226053661238097, -3.653221598780525 ], [ 128.226032999986558, -3.653268216253208 ], [ 128.225984490961253, -3.653316626703044 ], [ 128.225980897700111, -3.653351589804078 ], [ 128.225974609493107, -3.653391931842042 ], [ 128.225937778566447, -3.653436756326539 ], [ 128.225957541502737, -3.653470822933262 ], [ 128.225902744270371, -3.653531784226273 ], [ 128.225829082417079, -3.653609778815703 ], [ 128.225797641382144, -3.653603503389219 ], [ 128.225756318879093, -3.653638466479075 ], [ 128.22570421659259, -3.653681497972415 ], [ 128.225564977723565, -3.653533577205417 ], [ 128.225514672067646, -3.653478891339928 ], [ 128.225414959071117, -3.653566747318924 ], [ 128.225402382657137, -3.653605296368219 ], [ 128.225345788794243, -3.65365549977877 ], [ 128.225290991561906, -3.653745148719194 ], [ 128.225269431995088, -3.653799834568455 ], [ 128.225262245472805, -3.653850934457376 ], [ 128.225404179287693, -3.65402395686667 ], [ 128.225424840539233, -3.654058023451098 ], [ 128.225253262319967, -3.654201461687127 ], [ 128.225294584823018, -3.654247182620041 ], [ 128.225227211176701, -3.654314419281859 ], [ 128.225260448842249, -3.65437358754009 ], [ 128.224848122126843, -3.654733079449397 ], [ 128.224786138372224, -3.654656877934519 ], [ 128.224741222608031, -3.654601295648995 ], [ 128.22467205233113, -3.654636258699969 ], [ 128.224619051729377, -3.654593227252424 ], [ 128.224423218997458, -3.654753698681722 ], [ 128.224536406723246, -3.654905205200355 ], [ 128.224452863401837, -3.654963476931476 ], [ 128.224396269538914, -3.655002922408857 ], [ 128.224388184701354, -3.654997543480225 ], [ 128.224287573389546, -3.654933892822303 ], [ 128.224237267733628, -3.654973338300984 ], [ 128.224378303233237, -3.655150842933581 ], [ 128.224331590838489, -3.655184012987292 ], [ 128.224324404316206, -3.655189391914805 ], [ 128.224240860994769, -3.655250353091034 ], [ 128.22423187784193, -3.655256628505999 ], [ 128.22425253909347, -3.655311314263118 ], [ 128.224183368816568, -3.655361517578195 ], [ 128.22406658782964, -3.655192977866463 ], [ 128.224013587227887, -3.655116776390655 ], [ 128.22395878999555, -3.655146360493796 ], [ 128.22393363716759, -3.655159807813083 ], [ 128.223950705157989, -3.655182220011447 ], [ 128.223930942221727, -3.655205528697151 ], [ 128.223972264724807, -3.655279937189768 ], [ 128.223931840537034, -3.655283523141065 ], [ 128.2237970932444, -3.655139188590093 ], [ 128.223682108888028, -3.655069262525992 ], [ 128.223458428382287, -3.655028024075376 ], [ 128.223450343544727, -3.655028920563454 ], [ 128.223444953653029, -3.655028920563454 ], [ 128.223309308045145, -3.655035195979967 ], [ 128.223185340535935, -3.65502533461114 ], [ 128.223099102268662, -3.654925824428723 ], [ 128.223070356179534, -3.654892654365463 ], [ 128.222731691317421, -3.654924927940543 ], [ 128.222702945228349, -3.65492761740508 ], [ 128.222280737044827, -3.654939271751317 ], [ 128.22203100539582, -3.654957201514461 ], [ 128.221924105877008, -3.655028024075376 ], [ 128.221886376635098, -3.655019059194557 ], [ 128.221805528259495, -3.654998439968332 ], [ 128.221795646791378, -3.654997543480225 ], [ 128.221597119113596, -3.654986785622865 ], [ 128.221365353770295, -3.655034299491898 ], [ 128.220955722000753, -3.655093467702645 ], [ 128.22082456796926, -3.655087192286539 ], [ 128.220658379641691, -3.654968855860312 ], [ 128.220539802024177, -3.654998439968332 ], [ 128.220539802024177, -3.655063883597758 ], [ 128.22044727554993, -3.655116776390655 ], [ 128.220196645585645, -3.655142774541952 ], [ 128.220153526452009, -3.655146360493796 ], [ 128.220117593840655, -3.655031610027679 ], [ 128.219933439207409, -3.655031610027679 ], [ 128.219844505994303, -3.655155325373343 ], [ 128.219624418749675, -3.655223458454973 ], [ 128.219499552925186, -3.655202839233446 ], [ 128.219360314056132, -3.655111397462707 ], [ 128.219244431384482, -3.655057608181445 ], [ 128.219167176270048, -3.654986785622865 ], [ 128.219181549314612, -3.654835279118012 ], [ 128.219101599254316, -3.65475280219337 ], [ 128.21891744462107, -3.654678393657023 ], [ 128.218834799614939, -3.654663153353636 ], [ 128.218742273140663, -3.654684669075989 ], [ 128.218635373621851, -3.654663153353636 ], [ 128.218501524644523, -3.654624604349796 ], [ 128.218400913332687, -3.654630879769138 ], [ 128.218412591431388, -3.654556471222678 ], [ 128.218296708759738, -3.654491924044845 ], [ 128.218189809240926, -3.654542127405783 ], [ 128.218130520432169, -3.654530473054387 ], [ 128.218133215378032, -3.654456064499598 ], [ 128.218045180480175, -3.654477580226919 ], [ 128.218017332706381, -3.654484752135911 ], [ 128.21801373944524, -3.654485648624531 ], [ 128.217985891671447, -3.654492820533458 ], [ 128.217970620311604, -3.6544964064879 ], [ 128.217973315257467, -3.654268698352372 ], [ 128.217973315257467, -3.654264215908179 ], [ 128.217991281563144, -3.654261526441652 ], [ 128.2179930781937, -3.654209530087222 ], [ 128.21794367085306, -3.654200565198223 ], [ 128.21794367085306, -3.654260629952808 ], [ 128.217948162429508, -3.654265112397019 ], [ 128.217948162429508, -3.654267801863535 ], [ 128.217940975907226, -3.654500888930933 ], [ 128.217882585413776, -3.654510750305527 ], [ 128.217803533668757, -3.654525094122923 ], [ 128.217772990949101, -3.654540334428655 ], [ 128.217684956051272, -3.654543023894346 ], [ 128.217570870010178, -3.654504474885343 ], [ 128.217510682886143, -3.654533162520107 ], [ 128.21740019010619, -3.654548402825703 ], [ 128.217314850154196, -3.654534059008678 ], [ 128.217321138361172, -3.654350278832768 ], [ 128.217196272536682, -3.654352968299028 ], [ 128.217200764113102, -3.654516129237078 ], [ 128.217134288782091, -3.654512543282713 ], [ 128.217074999973335, -3.654532266031535 ], [ 128.216977981922639, -3.654551988779923 ], [ 128.216919591429189, -3.654553781757027 ], [ 128.216914201537463, -3.654388827848396 ], [ 128.216771369407297, -3.654398689224222 ], [ 128.216791132343559, -3.654479373204172 ], [ 128.216739030057084, -3.654478476715546 ], [ 128.216699504184561, -3.654504474885343 ], [ 128.216556672054423, -3.654530473054387 ], [ 128.216449772535611, -3.654570815039344 ], [ 128.216377008997597, -3.654585158855779 ], [ 128.216344669647356, -3.654582469390215 ], [ 128.216358144376613, -3.654540334428655 ], [ 128.216361737637754, -3.654488338090386 ], [ 128.216325805026401, -3.654440824192435 ], [ 128.216297957252578, -3.65441303304341 ], [ 128.216245854966104, -3.654408550599938 ], [ 128.216211718985306, -3.654479373204172 ], [ 128.216197345940742, -3.654505371373944 ], [ 128.216174888058646, -3.654525990611502 ], [ 128.216159616698832, -3.654478476715546 ], [ 128.216145243654267, -3.654430962817072 ], [ 128.216129073979175, -3.654436341749101 ], [ 128.216145243654267, -3.654489234579002 ], [ 128.216162311644666, -3.654543023894346 ], [ 128.216145243654267, -3.654554678245578 ], [ 128.216114700934611, -3.65457798694759 ], [ 128.21609853125949, -3.654586951832818 ], [ 128.216083259899648, -3.654595020229446 ], [ 128.21603205592848, -3.654606674580004 ], [ 128.215965580597441, -3.654619225418895 ], [ 128.215864070970326, -3.654650602515359 ], [ 128.21564667867159, -3.654764456541877 ], [ 128.215554152197313, -3.654851415906729 ], [ 128.215467913930041, -3.654898929782932 ], [ 128.215391557130914, -3.654919549011443 ], [ 128.215299928971945, -3.654753698681722 ], [ 128.215302623917779, -3.65474652677488 ], [ 128.215330471691601, -3.654664049842077 ], [ 128.215847002979956, -3.654372691051359 ], [ 128.215786815855893, -3.65424001070915 ], [ 128.214131220787294, -3.65517773757182 ], [ 128.21419500117247, -3.655327451043271 ], [ 128.215146317058327, -3.654769835471905 ], [ 128.215224470488067, -3.654788661726755 ], [ 128.215234351956184, -3.654811073934392 ], [ 128.21524872500072, -3.654846036977188 ], [ 128.215266691306397, -3.654887275436172 ], [ 128.215289149188521, -3.654938375263149 ], [ 128.215216385650507, -3.655010094313648 ], [ 128.215081638357901, -3.65516787620456 ], [ 128.214727702135917, -3.655522885357621 ], [ 128.214707939199684, -3.655539022133966 ], [ 128.21447707217169, -3.655720112604155 ], [ 128.214193204541886, -3.655917339807313 ], [ 128.214053067357582, -3.656000713111968 ], [ 128.213954252676331, -3.656101119662122 ], [ 128.213741351953956, -3.656245454058273 ], [ 128.213513179871796, -3.656342274633973 ], [ 128.213461077585322, -3.656447163579185 ], [ 128.213364059534655, -3.65649826331728 ], [ 128.213073903697875, -3.656712523590913 ], [ 128.212640017415652, -3.656997606218699 ], [ 128.212214215970988, -3.657181385852073 ], [ 128.211544971084294, -3.657376819762324 ], [ 128.211082338712998, -3.657583907941827 ], [ 128.210894590818612, -3.657594665768026 ], [ 128.210885607665773, -3.657599148195571 ], [ 128.210829912118157, -3.65762514627489 ], [ 128.210124734620109, -3.657955052871086 ], [ 128.209987292381641, -3.657983740395451 ], [ 128.209877697916994, -3.658095801028703 ], [ 128.209814815847096, -3.658209654617736 ], [ 128.209700729806002, -3.658454394960943 ], [ 128.209534541478433, -3.658769061018278 ], [ 128.209276724991895, -3.659257644848412 ], [ 128.209266843523778, -3.659276471009012 ], [ 128.209256962055662, -3.659290814750157 ], [ 128.209225521020699, -3.659336535423523 ], [ 128.209203961453881, -3.659383152578278 ], [ 128.209173418734224, -3.65944859588759 ], [ 128.209098858565625, -3.65956065633764 ], [ 128.209080892259948, -3.659587550843566 ], [ 128.209028789973502, -3.659718437427547 ], [ 128.209008128721933, -3.659803603345209 ], [ 128.208725159407464, -3.660078823676396 ], [ 128.208694616687779, -3.660078823676396 ], [ 128.208643412716611, -3.66006537643091 ], [ 128.20858232727727, -3.660116475962686 ], [ 128.20838290128421, -3.660427555505524 ], [ 128.208277798395955, -3.660598783680404 ], [ 128.208215814641363, -3.660657951523798 ], [ 128.208131373004647, -3.660646297251924 ], [ 128.208064897673609, -3.660719808810441 ], [ 128.207993032450872, -3.660752082175688 ], [ 128.207890624508508, -3.660722498257589 ], [ 128.207776538467414, -3.660775390716534 ], [ 128.207737910910197, -3.660848902264455 ], [ 128.207703774929428, -3.660917931395422 ], [ 128.207572620897906, -3.66092510325288 ], [ 128.207514230404456, -3.660974409771347 ], [ 128.207468416324957, -3.661050610749093 ], [ 128.207419008984346, -3.661050610749093 ], [ 128.207386669634133, -3.6610237162871 ], [ 128.207277973484736, -3.661078401692304 ], [ 128.207213294784282, -3.661048817784986 ], [ 128.207139632930961, -3.661103503188657 ], [ 128.207154005975525, -3.661164463962584 ], [ 128.207141429561545, -3.661246043815317 ], [ 128.207087530644515, -3.661317762361032 ], [ 128.207038123303874, -3.661368861821347 ], [ 128.206975241233977, -3.661278317161599 ], [ 128.206789289970175, -3.661351828668232 ], [ 128.206855765301185, -3.661511402405765 ], [ 128.206818036059246, -3.661534710926843 ], [ 128.206789289970175, -3.661460302953582 ], [ 128.206658135938682, -3.66144864869215 ], [ 128.20653866000589, -3.661488990365693 ], [ 128.206469489729045, -3.661523056666379 ], [ 128.206498235818117, -3.661611808338397 ], [ 128.20641828575782, -3.661633323893926 ], [ 128.206327555914129, -3.66160463648644 ], [ 128.206256589006699, -3.661587603337811 ], [ 128.206247605853832, -3.661585810374778 ], [ 128.206155977694891, -3.661682630373394 ], [ 128.206155079379585, -3.661699663520216 ], [ 128.20615238443375, -3.661742694626532 ], [ 128.206129926551625, -3.661820688501459 ], [ 128.205970026431061, -3.661871787933072 ], [ 128.205873008380365, -3.661912129587548 ], [ 128.205724786358473, -3.661910336625166 ], [ 128.205696040269402, -3.661974883268677 ], [ 128.20558914075059, -3.661982055117667 ], [ 128.205359172037873, -3.661871787933072 ], [ 128.205159746044785, -3.661883442188996 ], [ 128.205130999955713, -3.661832342758049 ], [ 128.205033981905018, -3.661856547752018 ], [ 128.20504925326486, -3.66189868236959 ], [ 128.204977388042096, -3.661907647181586 ], [ 128.204947743637746, -3.661860133676996 ], [ 128.204943252061327, -3.661852961827028 ], [ 128.204872285153868, -3.66187895978289 ], [ 128.204817487921531, -3.66189868236959 ], [ 128.20486330200103, -3.66201970732393 ], [ 128.204851623902329, -3.66206722082005 ], [ 128.204696215358155, -3.662129974490306 ], [ 128.204488704527535, -3.662270721991882 ], [ 128.204414144358964, -3.662365748954955 ], [ 128.204250650977258, -3.662476912559331 ], [ 128.204061106452315, -3.662661587548985 ], [ 128.204011699111703, -3.662729720059819 ], [ 128.203779035453067, -3.662908119635983 ], [ 128.203748492733439, -3.662999560610987 ], [ 128.20364069489932, -3.663031833894052 ], [ 128.203577812829423, -3.663067693096092 ], [ 128.203533795380508, -3.663097276936695 ], [ 128.203330776126307, -3.663234438366707 ], [ 128.203264300795269, -3.663281951798344 ], [ 128.203172672636299, -3.663457661825507 ], [ 128.203165486114017, -3.66347200549967 ], [ 128.203140333286086, -3.663589444323236 ], [ 128.203136740024945, -3.663633371818166 ], [ 128.203184350735, -3.663728398636557 ], [ 128.203229266499193, -3.663819839527744 ], [ 128.203425997546418, -3.664056510026247 ], [ 128.203667644357836, -3.664338004401288 ], [ 128.203700882023384, -3.664381931859469 ], [ 128.203708966860944, -3.664393586082705 ], [ 128.203730526427734, -3.664417791007404 ], [ 128.204185972276775, -3.664936852012787 ], [ 128.204318024623575, -3.665054290644072 ], [ 128.20457763774067, -3.665283788993526 ], [ 128.205384324865804, -3.665497150687463 ], [ 128.205558598030933, -3.665463084538064 ], [ 128.205706820052797, -3.66552673444773 ], [ 128.205808329679911, -3.665506115463405 ], [ 128.205939483711376, -3.665552732296854 ], [ 128.20622335134118, -3.665721270059054 ], [ 128.206241317646857, -3.665731131310114 ], [ 128.207519620296182, -3.66648865436197 ], [ 128.207510637143344, -3.666494033221583 ], [ 128.20720161668558, -3.666680500334799 ], [ 128.20733007577121, -3.667271278095353 ], [ 128.207348042076887, -3.667370786905831 ], [ 128.208054117890214, -3.667431747252723 ], [ 128.208000218973183, -3.66824933267984 ], [ 128.208811397674708, -3.668411594610967 ], [ 128.208814990935849, -3.668412491085644 ], [ 128.208819482512297, -3.668413387560317 ], [ 128.208779058324495, -3.668467176039165 ], [ 128.208664073968123, -3.668833834083716 ], [ 128.208570649178597, -3.669135945855782 ], [ 128.208498783955861, -3.669423713947239 ], [ 128.208419732210871, -3.669732997306675 ], [ 128.208383799599488, -3.670149857317361 ], [ 128.208470936182039, -3.670504860527918 ], [ 128.208470936182039, -3.670821315291103 ], [ 128.208531123306102, -3.671068741600072 ], [ 128.208608378420507, -3.67139057499358 ], [ 128.208846431970812, -3.67166489528756 ], [ 128.209150960852128, -3.671888116641056 ], [ 128.209426743644343, -3.67198762493728 ], [ 128.209725882633961, -3.672011829656306 ], [ 128.209849850143172, -3.671978660226364 ], [ 128.210163362177326, -3.672049481440154 ], [ 128.210381652791369, -3.672158850898515 ], [ 128.210519993345116, -3.672362349773087 ], [ 128.210581078784458, -3.67250488860474 ], [ 128.21066731705173, -3.672703905048599 ], [ 128.210890099242192, -3.673102834273163 ], [ 128.211066169037849, -3.673107316622987 ], [ 128.211399444008265, -3.672908300269077 ], [ 128.211870161217149, -3.67273259209991 ], [ 128.212159418738651, -3.672694940344875 ], [ 128.212339980110755, -3.67271824857437 ], [ 128.212482812240921, -3.672775622675149 ], [ 128.212763086609556, -3.673092973103469 ], [ 128.213177209955546, -3.673515210362814 ], [ 128.213366754480489, -3.67370974423461 ], [ 128.213737758692815, -3.673871108704383 ], [ 128.21384735315749, -3.673776082964605 ], [ 128.213864421147889, -3.673490109214977 ], [ 128.21390933691211, -3.672723627396475 ], [ 128.213994676864104, -3.672676114466761 ], [ 128.214089898284215, -3.672623222711842 ], [ 128.214479767117524, -3.672628601534519 ], [ 128.214940602858263, -3.673003326101254 ], [ 128.215254114892446, -3.673003326101254 ], [ 128.215511033063706, -3.672910989679559 ], [ 128.215876647384306, -3.672780105026617 ], [ 128.216656385050953, -3.672068307331482 ], [ 128.216889947024811, -3.671817295414466 ], [ 128.216870184088549, -3.671594074043262 ], [ 128.216835149792502, -3.671483808044125 ], [ 128.216661774942651, -3.670944131982023 ], [ 128.216680639563606, -3.670782766983172 ], [ 128.216826166639663, -3.670719117447828 ], [ 128.216951032464124, -3.67066443263215 ], [ 128.217265442813584, -3.67076394106474 ], [ 128.217664294799732, -3.670479759295443 ], [ 128.217788262308943, -3.669995663959733 ], [ 128.218011044499377, -3.669625420498146 ], [ 128.218605729217501, -3.669136842329733 ], [ 128.220261324286099, -3.668416973459008 ], [ 128.22068353246965, -3.668434902952245 ], [ 128.221172215984211, -3.668377528572621 ], [ 128.221448897091733, -3.668270848075716 ], [ 128.221719289992222, -3.668192854763197 ], [ 128.221903444625497, -3.668214370160434 ], [ 128.22208041273646, -3.668307603542474 ], [ 128.222236719595884, -3.668414284034992 ], [ 128.222384941617776, -3.668571167089089 ], [ 128.222562808044017, -3.668728050115644 ], [ 128.222725403110445, -3.668849074145882 ], [ 128.222909557743691, -3.669291035835589 ], [ 128.223011965686084, -3.670419695629158 ], [ 128.223233849561268, -3.67121576299757 ], [ 128.223727922967527, -3.671758128309461 ], [ 128.224113300224417, -3.672019897895836 ], [ 128.225152651008159, -3.672101476758094 ], [ 128.226192900107151, -3.671699857671913 ], [ 128.227019350168547, -3.671099221647883 ], [ 128.227370591444611, -3.670776491677072 ], [ 128.227999412143504, -3.670703877417567 ], [ 128.229228307452189, -3.670734357477831 ], [ 128.229710702759746, -3.670837451791603 ], [ 128.23047157580541, -3.670999713252652 ], [ 128.230837190126039, -3.671161078212303 ], [ 128.230911750294638, -3.671382506748363 ], [ 128.231201906131417, -3.672307665058046 ], [ 128.231698674483511, -3.673131521311653 ], [ 128.232282579418211, -3.674160668207536 ], [ 128.23242810649424, -3.675240912583534 ], [ 128.232647295423561, -3.675895333851364 ], [ 128.233040757518012, -3.677159351652919 ], [ 128.233130589046397, -3.677378089303365 ], [ 128.233362354389726, -3.67793838017137 ], [ 128.233624662452684, -3.67829158735357 ], [ 128.233902241875455, -3.67870306457966 ], [ 128.234443027676491, -3.67927680157122 ], [ 128.234908354993678, -3.679686485415675 ], [ 128.234921829722936, -3.679691864195749 ], [ 128.235393445247098, -3.679881017941058 ], [ 128.236022265945991, -3.6799661819365 ], [ 128.236598086043102, -3.680229742039221 ], [ 128.236996039713972, -3.680504059614337 ], [ 128.237373332133302, -3.680735346915949 ], [ 128.237854829125581, -3.680967530619558 ], [ 128.238284223831414, -3.681094828222874 ], [ 128.238493531292619, -3.681136961932639 ], [ 128.238724398320613, -3.681147719475238 ], [ 128.238923824313702, -3.681168338098192 ], [ 128.239478983159273, -3.681316254292331 ], [ 128.239930835747202, -3.68158608922562 ], [ 128.240127566794428, -3.681738487656796 ], [ 128.240567741283627, -3.682127551768676 ], [ 128.240724946458357, -3.682401868759188 ], [ 128.241169612524004, -3.683079592726296 ], [ 128.241254952475998, -3.683110968823387 ], [ 128.241381614931072, -3.683172824554413 ], [ 128.241563074618455, -3.683372735076012 ], [ 128.241942163668313, -3.68366408441049 ], [ 128.242231421189814, -3.683736697614389 ], [ 128.243027328531554, -3.684046872468039 ], [ 128.24384120217897, -3.684156240454237 ], [ 128.244257122155517, -3.684156240454237 ], [ 128.244673042132064, -3.68413920773596 ], [ 128.244760178714643, -3.684071076859585 ], [ 128.244835637198491, -3.684011910567975 ], [ 128.245161725646625, -3.683702632161445 ], [ 128.245632442855481, -3.68348568898316 ], [ 128.245957632988336, -3.68348568898316 ], [ 128.246228924204161, -3.683504514632958 ], [ 128.24648224911428, -3.683612986226418 ], [ 128.246600826731793, -3.683674841922552 ], [ 128.24693410170218, -3.683849651475344 ], [ 128.247096696768637, -3.683886406300024 ], [ 128.247367987984404, -3.683868477117443 ], [ 128.247658143821184, -3.683887302759144 ], [ 128.248019266565422, -3.68386937357658 ], [ 128.248218692558481, -3.683814689567534 ], [ 128.248489983774277, -3.683669463166537 ], [ 128.248689409767366, -3.683488378361727 ], [ 128.248978667288839, -3.68325171301673 ], [ 128.249214025893281, -3.682961260007316 ], [ 128.249594013258474, -3.682762245853554 ], [ 128.249793439251533, -3.682634948488626 ], [ 128.249991966929343, -3.682544405985593 ], [ 128.25020935922808, -3.682307740389616 ], [ 128.2503000890718, -3.682089900410441 ], [ 128.250228223849064, -3.681926744506354 ], [ 128.25019229123771, -3.681654220292195 ], [ 128.25019229123771, -3.681254398432315 ], [ 128.250174324932004, -3.68112710085181 ], [ 128.250156358626299, -3.680927189825979 ], [ 128.250156358626299, -3.680672594553231 ], [ 128.250193189552988, -3.680290701507658 ], [ 128.250193189552988, -3.680072861035089 ], [ 128.250193189552988, -3.679909704761484 ], [ 128.250085391718869, -3.6797824069888 ], [ 128.24983206680875, -3.679327900004116 ], [ 128.249687438048028, -3.679127988574516 ], [ 128.249615572825292, -3.679000690690144 ], [ 128.249597606519615, -3.678818708471746 ], [ 128.249488910370246, -3.678654655504099 ], [ 128.249362247915172, -3.67843681463153 ], [ 128.249381112536156, -3.678218973705715 ], [ 128.249452977758864, -3.678036991327692 ], [ 128.249580538529216, -3.677819150304155 ], [ 128.249634437446247, -3.677637167844502 ], [ 128.249653302067202, -3.676874275454166 ], [ 128.249673065003492, -3.67657395923425 ], [ 128.249862609528435, -3.676300536916211 ], [ 128.250148273788767, -3.675880990376668 ], [ 128.250218342380919, -3.675664045293761 ], [ 128.250249783415853, -3.675414827323475 ], [ 128.250273139613256, -3.675205053870051 ], [ 128.250249783415853, -3.675034724961323 ], [ 128.250164443463859, -3.674863499551874 ], [ 128.250095273187014, -3.674668965931626 ], [ 128.250041374269955, -3.674521048634383 ], [ 128.250080001827172, -3.674381199530801 ], [ 128.250191392922403, -3.674252108031113 ], [ 128.250552515666612, -3.673884555742213 ], [ 128.250707025895508, -3.673721398336183 ], [ 128.250792365847502, -3.67355824090032 ], [ 128.25078517932522, -3.673378946980356 ], [ 128.250684568013384, -3.6731377966012 ], [ 128.250607312898978, -3.672997947280834 ], [ 128.250592041539136, -3.672827617950794 ], [ 128.250607312898978, -3.672694940344875 ], [ 128.250824705197715, -3.672555090955123 ], [ 128.251126539133168, -3.672416138014119 ], [ 128.251327761756812, -3.672384761540578 ], [ 128.251428373068649, -3.672322905060934 ], [ 128.251505628183082, -3.672214432093532 ], [ 128.251573001829399, -3.672062032034417 ], [ 128.251776919398878, -3.671825363655753 ], [ 128.251792190758692, -3.67170882238563 ], [ 128.251745478363944, -3.67162365760169 ], [ 128.251652951889668, -3.671568972841405 ], [ 128.251629595692293, -3.671475739799752 ], [ 128.251629595692293, -3.671367266729423 ], [ 128.251669121564788, -3.671320650199283 ], [ 128.251728410373545, -3.671248932455853 ], [ 128.251746376679222, -3.67114135582991 ], [ 128.251707749122005, -3.671048122743609 ], [ 128.251746376679222, -3.670931581372046 ], [ 128.251824530108962, -3.67089392954106 ], [ 128.251978142022523, -3.670884964819162 ], [ 128.252125465729137, -3.670854484764038 ], [ 128.25219553432126, -3.670769319898618 ], [ 128.252187449483699, -3.670652778490672 ], [ 128.252133550566668, -3.670512032308495 ], [ 128.252118279206854, -3.670388319085463 ], [ 128.252141635404229, -3.670302257702814 ], [ 128.252218890518662, -3.670123859601951 ], [ 128.252299738894209, -3.670003732217478 ], [ 128.25237340074753, -3.669929324948844 ], [ 128.25244346933971, -3.669859400040142 ], [ 128.252490181734458, -3.669750926773503 ], [ 128.252536894129264, -3.669595836873528 ], [ 128.25262223408123, -3.669339445419151 ], [ 128.252598877883855, -3.669129670538115 ], [ 128.252615945874226, -3.66899788885689 ], [ 128.252676132998289, -3.668919895607826 ], [ 128.252769557787843, -3.668818594021293 ], [ 128.252823456704874, -3.66868681229419 ], [ 128.252952814105811, -3.668280709298654 ], [ 128.253025577643797, -3.667861158990255 ], [ 128.253064205201042, -3.667669313270798 ], [ 128.253255546356542, -3.667502568826982 ], [ 128.253690330954072, -3.667233626110122 ], [ 128.254265252735877, -3.667143978519857 ], [ 128.254596731075736, -3.667156529183035 ], [ 128.255031515673267, -3.667234522585981 ], [ 128.255049481978944, -3.667244383820351 ], [ 128.255053075240056, -3.667234522585981 ], [ 128.255122245516958, -3.667157425658969 ], [ 128.255230941666326, -3.667134117284378 ], [ 128.255338739500417, -3.667172665749719 ], [ 128.255354909175537, -3.667095568817374 ], [ 128.255323468140602, -3.666994267024068 ], [ 128.25530819678076, -3.666854416741882 ], [ 128.255354909175537, -3.666659881377076 ], [ 128.255370180535351, -3.666450105867137 ], [ 128.255420486191269, -3.666332667419144 ], [ 128.255433062605249, -3.666229572585672 ], [ 128.255468995216603, -3.666035037084922 ], [ 128.255522894133662, -3.665841398019106 ], [ 128.255618115553773, -3.665684514485962 ], [ 128.255786998827176, -3.665567972414955 ], [ 128.255908271390524, -3.665416467699942 ], [ 128.255908271390524, -3.665264962959265 ], [ 128.255938814110209, -3.665041739951387 ], [ 128.255879525301452, -3.664785347190873 ], [ 128.255922644435088, -3.664586328983449 ], [ 128.256003492810663, -3.66444827128202 ], [ 128.256055595097138, -3.664240288211072 ], [ 128.256133748526878, -3.663988377616428 ], [ 128.256210105326005, -3.663900522659267 ], [ 128.256317004844817, -3.663812667693478 ], [ 128.256462531920846, -3.663753500058597 ], [ 128.256573923016077, -3.663741845827023 ], [ 128.256659262968071, -3.663784876835158 ], [ 128.256704178732264, -3.663884386033544 ], [ 128.256690704003006, -3.663957897326145 ], [ 128.256657466337515, -3.664073543127891 ], [ 128.256659262968071, -3.66417125933632 ], [ 128.256671839382051, -3.664270768491734 ], [ 128.256695195579425, -3.664407929741865 ], [ 128.256785027107838, -3.664538815621076 ], [ 128.256952113750685, -3.664586328983449 ], [ 128.25717399762587, -3.664601569118016 ], [ 128.257373423618958, -3.664615016295358 ], [ 128.257594409178836, -3.664612326859906 ], [ 128.257846835773648, -3.664631152907904 ], [ 128.258155856231411, -3.664642807127893 ], [ 128.258362468746753, -3.664633842343298 ], [ 128.258411876087393, -3.664538815621076 ], [ 128.25842175755551, -3.664329936092409 ], [ 128.258410079456837, -3.664126435388825 ], [ 128.258345400756355, -3.663865559969834 ], [ 128.258236704606986, -3.663723019760313 ], [ 128.258098364053239, -3.66348993509205 ], [ 128.258050753343156, -3.66325774684292 ], [ 128.258063329757135, -3.663089208616627 ], [ 128.25814417813271, -3.662995078210469 ], [ 128.258262755750224, -3.662894672432988 ], [ 128.258417265979091, -3.66285702026353 ], [ 128.258638251538997, -3.66278081943954 ], [ 128.25894008547445, -3.662738684863489 ], [ 128.259123341792417, -3.662674138275055 ], [ 128.25916825755661, -3.662541459161988 ], [ 128.259144003043929, -3.662349612301559 ], [ 128.259020933850024, -3.662100390617734 ], [ 128.258854745522456, -3.66196053957052 ], [ 128.258545725064721, -3.661637806301263 ], [ 128.258393011466438, -3.66144864869215 ], [ 128.258089380900401, -3.661260387524919 ], [ 128.257894446483732, -3.661189565456525 ], [ 128.257722868264466, -3.661201219721329 ], [ 128.257680647446108, -3.661237078996699 ], [ 128.257573747927324, -3.661336588478329 ], [ 128.25726472746959, -3.661339277923624 ], [ 128.256756281018767, -3.66127562771612 ], [ 128.256486786433527, -3.661241561406019 ], [ 128.256375395338296, -3.661104399670657 ], [ 128.2562783772876, -3.660857867086958 ], [ 128.256265800873621, -3.660637332427302 ], [ 128.25628286886402, -3.660550373623809 ], [ 128.256294546962721, -3.660492102255919 ], [ 128.256297241908555, -3.660402453990224 ], [ 128.256206512064864, -3.660139784520073 ], [ 128.256175969345207, -3.660051032702167 ], [ 128.256135545157434, -3.659846634542634 ], [ 128.256164291246535, -3.659680785124526 ], [ 128.256204715434308, -3.659600998096227 ], [ 128.256301733484975, -3.659410943573227 ], [ 128.256496667901644, -3.659220889009908 ], [ 128.256710466939239, -3.659130344133015 ], [ 128.256827247926168, -3.659154549200012 ], [ 128.25694582554371, -3.659163514039474 ], [ 128.257231489804042, -3.65915723865186 ], [ 128.257325812908874, -3.659121379293221 ], [ 128.257421034329013, -3.659030834406272 ], [ 128.257427322535989, -3.658991389106125 ], [ 128.257461458516815, -3.658769957502613 ], [ 128.257601595701118, -3.65825178940686 ], [ 128.257632138420774, -3.658141521763045 ], [ 128.257848632404233, -3.657340063846677 ], [ 128.257781258757944, -3.657198419084479 ], [ 128.257549493414615, -3.656931266244226 ], [ 128.257385101717659, -3.656763623313882 ], [ 128.257218015074784, -3.656561017377621 ], [ 128.257271015676565, -3.656297450294671 ], [ 128.257243167902743, -3.655593707873867 ], [ 128.257324914593596, -3.654831693164925 ], [ 128.257306948287919, -3.654127053105049 ], [ 128.257335694377019, -3.654059816429189 ], [ 128.257485713029467, -3.65399975166116 ], [ 128.257620460322073, -3.654027542822987 ], [ 128.257788445280198, -3.65411360577028 ], [ 128.257998651056681, -3.65403830069185 ], [ 128.258048956712571, -3.653913688702945 ], [ 128.258041770190317, -3.653750527655335 ], [ 128.257959125184158, -3.653426894940143 ], [ 128.257835157674975, -3.653184842694589 ], [ 128.257677952500273, -3.653020785024371 ], [ 128.257508170911564, -3.652841486989832 ], [ 128.257482119768326, -3.652814592281563 ], [ 128.257278202198847, -3.652758113391572 ], [ 128.257025775603978, -3.652785904591852 ], [ 128.256680822534889, -3.652818178242711 ], [ 128.256569431439658, -3.652828936126074 ], [ 128.256405039742646, -3.652803834398028 ], [ 128.25634844587978, -3.652715081853954 ], [ 128.256337666096357, -3.652608399491382 ], [ 128.256405039742646, -3.652447927678419 ], [ 128.256501159478063, -3.652149396240545 ], [ 128.256582007853638, -3.651909136632853 ], [ 128.256604465735734, -3.651840106808304 ], [ 128.256608058996875, -3.651647361166201 ], [ 128.256573024700799, -3.651537092710482 ], [ 128.256423006048323, -3.651423238274512 ], [ 128.256251427829085, -3.651363173330033 ], [ 128.256030442269207, -3.651401722473966 ], [ 128.255671116155526, -3.65148419970659 ], [ 128.255396231678588, -3.651547850609197 ], [ 128.25514650002961, -3.651529920777933 ], [ 128.25489407343477, -3.651461787415867 ], [ 128.254833886310735, -3.651425927749544 ], [ 128.253889756947132, -3.651191943391627 ], [ 128.253793637211743, -3.651156083714528 ], [ 128.253519651050055, -3.651511990946312 ], [ 128.253356157668378, -3.651849968212136 ], [ 128.253283394130335, -3.652086641871606 ], [ 128.253146850207173, -3.652178083950599 ], [ 128.252874660676071, -3.652177187459673 ], [ 128.252720150447203, -3.652076780470374 ], [ 128.252544080651518, -3.65207050503317 ], [ 128.251549645631997, -3.650394065237611 ], [ 128.250983707002973, -3.650322345818255 ], [ 128.248763969935936, -3.651849968212136 ], [ 128.24813604755235, -3.652671153823843 ], [ 128.247370682930267, -3.654103744391322 ], [ 128.247959977756665, -3.654563643131039 ], [ 128.247823433833474, -3.654861277277468 ], [ 128.247618617948689, -3.655192977866463 ], [ 128.24750183696176, -3.655262007433077 ], [ 128.247249410366919, -3.655188495426889 ], [ 128.246864931425307, -3.655036092468038 ], [ 128.246495723843537, -3.654938375263149 ], [ 128.246242398933418, -3.654889068412606 ], [ 128.246038481363911, -3.65486934567163 ], [ 128.245172505430048, -3.655269179335796 ], [ 128.244598481963465, -3.655566813248103 ], [ 128.244116984971186, -3.655766729946998 ], [ 128.243844795440111, -3.655840241905788 ], [ 128.243470197966616, -3.655830380545813 ], [ 128.243329162467006, -3.655766729946998 ], [ 128.243192618543844, -3.655561434322855 ], [ 128.24309110891673, -3.655296970458295 ], [ 128.242629374860684, -3.654993957527786 ], [ 128.242358981960166, -3.6547859722618 ], [ 128.242389524679851, -3.654758181123469 ], [ 128.242435338759321, -3.65473128647265 ], [ 128.242471271370675, -3.654657774422966 ], [ 128.242471271370675, -3.654567229085198 ], [ 128.24244432191216, -3.654447996101721 ], [ 128.242317659457086, -3.654311729815483 ], [ 128.242172132381086, -3.654238217731419 ], [ 128.241999655846513, -3.654201461687127 ], [ 128.241391496399189, -3.654173670530687 ], [ 128.241138171489041, -3.654127949594027 ], [ 128.240983661260174, -3.654110019814308 ], [ 128.240838134184173, -3.654073263764764 ], [ 128.240738421187615, -3.654018577932169 ], [ 128.240602775579703, -3.653899344875773 ], [ 128.240547978347394, -3.653798938079151 ], [ 128.24042131589232, -3.653571229766602 ], [ 128.240266805663452, -3.653333660008846 ], [ 128.24012217690273, -3.653160637466444 ], [ 128.239913767756804, -3.653014509593767 ], [ 128.239768240680746, -3.652946376344385 ], [ 128.239623611920024, -3.652877346599606 ], [ 128.239405321306009, -3.652804730888328 ], [ 128.239106182316391, -3.652731218680803 ], [ 128.238851959090965, -3.652585090738206 ], [ 128.238606719018406, -3.652366347025076 ], [ 128.238462090257656, -3.652238148840554 ], [ 128.238189900726582, -3.652128776948378 ], [ 128.23786291396317, -3.652137741858075 ], [ 128.23767247112292, -3.652182566405212 ], [ 128.237473045129832, -3.652291938290835 ], [ 128.237375128763887, -3.65235558913617 ], [ 128.237361654034629, -3.65235558913617 ], [ 128.237258347776958, -3.652388759293217 ], [ 128.237189177500056, -3.652425515411757 ], [ 128.237085871242385, -3.65242910137446 ], [ 128.237005921182089, -3.652407585598022 ], [ 128.236928666067655, -3.65235558913617 ], [ 128.236858597475532, -3.652292834781645 ], [ 128.236726545128732, -3.652130569930324 ], [ 128.236657374851859, -3.65204988573919 ], [ 128.236551373648325, -3.651982648907706 ], [ 128.236433694346118, -3.651957547155994 ], [ 128.236342066187149, -3.651916308562371 ], [ 128.236077961493606, -3.651769283995782 ], [ 128.23589829843678, -3.651650947132013 ], [ 128.235766246090009, -3.651499440063964 ], [ 128.235637787004407, -3.651326417167997 ], [ 128.235637787004407, -3.651267248708876 ], [ 128.235637787004407, -3.651182081980568 ], [ 128.235682702768599, -3.651075399435817 ], [ 128.235679109507458, -3.650983060752396 ], [ 128.235631498797403, -3.650895204520519 ], [ 128.235524599278591, -3.65082527812574 ], [ 128.23539254693182, -3.650776867541549 ], [ 128.235246121540513, -3.650743697324949 ], [ 128.235176052948333, -3.650698872705973 ], [ 128.235077238267081, -3.650695286736359 ], [ 128.235052085439122, -3.65070604464516 ], [ 128.234702640793643, -3.650527642640892 ], [ 128.234300195546325, -3.650398547701131 ], [ 128.234195092658098, -3.65033848268811 ], [ 128.233948055954954, -3.650144840230723 ], [ 128.233807020455345, -3.650034571590499 ], [ 128.233440507819438, -3.64984003257433 ], [ 128.233172809864755, -3.649696593641413 ], [ 128.23264370216242, -3.649417784150024 ], [ 128.232628430802606, -3.649409715706863 ], [ 128.23242810649424, -3.649303929445377 ], [ 128.232329291812988, -3.649243864359159 ], [ 128.232323901921291, -3.649252829297656 ], [ 128.232256528274974, -3.649278827618789 ], [ 128.232172086638258, -3.649339789196429 ], [ 128.232170290007673, -3.64938461388323 ], [ 128.232190951259213, -3.649417784150024 ], [ 128.23216669674656, -3.649436610517118 ], [ 128.232154120332581, -3.649432128048799 ], [ 128.232095729839102, -3.649524466891676 ], [ 128.232194544520354, -3.649597082868243 ], [ 128.23209662815438, -3.649740521817051 ], [ 128.232118187721227, -3.649760244670721 ], [ 128.232075068587562, -3.649822102708968 ], [ 128.232007694941274, -3.649844515040614 ], [ 128.23198883032029, -3.649861548412291 ], [ 128.231986135374427, -3.649913545018571 ], [ 128.231992423581403, -3.649945818772681 ], [ 128.231977152221589, -3.649955680197315 ], [ 128.231927744880977, -3.649906373073057 ], [ 128.231903490368296, -3.649931474882107 ], [ 128.231949304447795, -3.64998974693613 ], [ 128.23191786341286, -3.650015745235937 ], [ 128.231873845963918, -3.649996022387876 ], [ 128.231837913352564, -3.649965541621842 ], [ 128.231780421174363, -3.64996912759437 ], [ 128.231739098671312, -3.650034571590499 ], [ 128.23168250480839, -3.650042640028047 ], [ 128.231594469910561, -3.650045329507213 ], [ 128.231510926589152, -3.650056983916843 ], [ 128.231458824302649, -3.650072224298437 ], [ 128.231386959079913, -3.650133185822233 ], [ 128.231227957274655, -3.650217456157135 ], [ 128.230925225023896, -3.649836446601286 ], [ 128.230926123339174, -3.649770106097394 ], [ 128.230899173880658, -3.64974769376389 ], [ 128.230860546323413, -3.649738728830333 ], [ 128.230630577610697, -3.649446471947344 ], [ 128.230646747285817, -3.649432128048799 ], [ 128.230609018043879, -3.649386406870656 ], [ 128.230726697346086, -3.649311101395702 ], [ 128.230781494578451, -3.649319169839749 ], [ 128.230827308657922, -3.649285999569314 ], [ 128.230827308657922, -3.649242071371448 ], [ 128.230878512629118, -3.649216969543132 ] ], [ [ 128.23398309025103, -3.651921687509474 ], [ 128.234063938626605, -3.651816798035179 ], [ 128.234254381466826, -3.651982648907706 ], [ 128.234340619734098, -3.651977269960969 ], [ 128.234449315883495, -3.65197099452307 ], [ 128.234503214800554, -3.651951271717956 ], [ 128.234699047532501, -3.651978166452094 ], [ 128.234898473525561, -3.652068712051104 ], [ 128.235012559566655, -3.652262354093579 ], [ 128.235157188327378, -3.652400413672429 ], [ 128.235185934416478, -3.652573436361393 ], [ 128.235052983754429, -3.652718667815502 ], [ 128.234901168471424, -3.652853141363166 ], [ 128.234680182911518, -3.652917688658889 ], [ 128.2343522978328, -3.65294368687391 ], [ 128.234100769553265, -3.65294368687391 ], [ 128.233974107098192, -3.65294368687391 ], [ 128.233733358602052, -3.652939204423097 ], [ 128.233730663656189, -3.652939204423097 ], [ 128.233712697350512, -3.652815488771851 ], [ 128.23368395126144, -3.652455099603634 ], [ 128.233687544522581, -3.65243716979049 ], [ 128.233738748493749, -3.652211254114206 ], [ 128.233762104691152, -3.652109950637723 ], [ 128.233762104691152, -3.65210905414673 ], [ 128.233780969312107, -3.652091124326675 ], [ 128.2339121233436, -3.6519665120674 ], [ 128.23398309025103, -3.651921687509474 ] ] ] } },
{ "type": "Feature", "properties": { "FID": 36, "Provinsi": "MALUKU", "Kode_Prov": "81", "Kota_Kab": "KOTA AMBON", "Kode_Kab": "8171", "Kecamatan": "Teluk Ambon", "Kode_Kec": "817130", "Kelurahan": "Tihu", "Kode_Kel": "81713006", "Sumber": "Wilkerstat BPS Tahun 2019", "city": "ambon", "source_layer": "Wilayah Administrasi", "role": "admin" }, "geometry": { "type": "Polygon", "coordinates": [ [ [ 128.188908324239776, -3.647677688230996 ], [ 128.188542709919147, -3.646964974092147 ], [ 128.188120501735625, -3.647265300244707 ], [ 128.187749497523242, -3.647614037054156 ], [ 128.187608462023661, -3.64768306720348 ], [ 128.18759678392496, -3.647756579824203 ], [ 128.187826752637704, -3.647945740320614 ], [ 128.187946228570496, -3.648033596840953 ], [ 128.187826752637704, -3.648107109433003 ], [ 128.187610258654217, -3.648301648824413 ], [ 128.187589597402678, -3.648320475214896 ], [ 128.187590495717984, -3.648366196447281 ], [ 128.187586902456843, -3.648370678920919 ], [ 128.18757612267342, -3.648383229846987 ], [ 128.187529410278643, -3.648438812517465 ], [ 128.187406341084738, -3.648674590581431 ], [ 128.18738478151792, -3.648714932829523 ], [ 128.187452155164209, -3.648741827660577 ], [ 128.187531206909199, -3.648810857723266 ], [ 128.187599478870823, -3.648958779268313 ], [ 128.187688412083929, -3.649228623963509 ], [ 128.187815972854281, -3.649613219751128 ], [ 128.187939042048214, -3.650087464679775 ], [ 128.187628224959894, -3.649954783704171 ], [ 128.187130558292495, -3.649634735594523 ], [ 128.18692933566885, -3.649478745718234 ], [ 128.186907776102061, -3.649512812475137 ], [ 128.186888911481077, -3.649572877543373 ], [ 128.186756859134306, -3.649551361698496 ], [ 128.186645468039075, -3.649647286502932 ], [ 128.185624083561038, -3.650526746148319 ], [ 128.185621388615175, -3.650649565622517 ], [ 128.185758830853672, -3.650790314926308 ], [ 128.185450708711187, -3.651071813467706 ], [ 128.184990771285726, -3.651493164622723 ], [ 128.184105032415601, -3.651738803289939 ], [ 128.183665756241652, -3.652192427805282 ], [ 128.183080054676395, -3.652284766364316 ], [ 128.183231869959428, -3.6525277153432 ], [ 128.183288463822322, -3.653313937233677 ], [ 128.183190547456348, -3.653598124452196 ], [ 128.183065681631859, -3.653852727435881 ], [ 128.183053105217851, -3.653995269215623 ], [ 128.183355837468611, -3.654344899900224 ], [ 128.18352112748093, -3.654789558215071 ], [ 128.184075388011195, -3.65474473379816 ], [ 128.184478731573762, -3.654725907542391 ], [ 128.186089410878196, -3.654815556375852 ], [ 128.186270870565608, -3.654826314235266 ], [ 128.186342735788315, -3.654829900188376 ], [ 128.186491856125485, -3.65494913312109 ], [ 128.187185355524832, -3.655591914898841 ], [ 128.188415149148796, -3.65428931759537 ], [ 128.189008037236306, -3.653648327863148 ], [ 128.190027625083758, -3.652548334626202 ], [ 128.190678005349497, -3.651846382247118 ], [ 128.190695073339896, -3.651865208563299 ], [ 128.190789396444728, -3.651765698030442 ], [ 128.190863058298021, -3.651688599772177 ], [ 128.191873662992634, -3.650609223461312 ], [ 128.192008410285268, -3.650465784651239 ], [ 128.191911392234601, -3.650403926657324 ], [ 128.191430793557601, -3.650066845340258 ], [ 128.19117836696276, -3.649885753729383 ], [ 128.191146925927796, -3.649812241282865 ], [ 128.191064280921665, -3.649750383243941 ], [ 128.19095917803341, -3.649597979361745 ], [ 128.190669022196658, -3.649115665728871 ], [ 128.190801972858708, -3.649033188278736 ], [ 128.190853176829876, -3.648967744209655 ], [ 128.190653750836816, -3.648551770837199 ], [ 128.190601648550341, -3.648438812517465 ], [ 128.190462409681317, -3.64813669376713 ], [ 128.190398629296141, -3.647996840542672 ], [ 128.190322272496985, -3.64795291228178 ], [ 128.190284543255046, -3.647907191028367 ], [ 128.189805741208602, -3.647230336906734 ], [ 128.189141886213662, -3.647621209017969 ], [ 128.189119428331537, -3.64763196696358 ], [ 128.188947850112271, -3.647713548046949 ], [ 128.188908324239776, -3.647677688230996 ] ] ] } },
{ "type": "Feature", "properties": { "FID": 37, "Provinsi": "MALUKU", "Kode_Prov": "81", "Kota_Kab": "KOTA AMBON", "Kode_Kab": "8171", "Kecamatan": "Teluk Ambon", "Kode_Kec": "817130", "Kelurahan": "Tawiri", "Kode_Kel": "81713002", "Sumber": "Wilkerstat BPS Tahun 2019", "city": "ambon", "source_layer": "Wilayah Administrasi", "role": "admin" }, "geometry": { "type": "Polygon", "coordinates": [ [ [ 128.079214146580654, -3.644504985352941 ], [ 128.078512562343775, -3.643852334149918 ], [ 128.078474833101808, -3.644714765996212 ], [ 128.078323017818803, -3.644994473444465 ], [ 128.077914284364539, -3.645462445326834 ], [ 128.077709468479753, -3.645696431176703 ], [ 128.077155207949431, -3.645842560239797 ], [ 128.076717728406095, -3.64619398709185 ], [ 128.074033562337121, -3.648153727171186 ], [ 128.073712863780713, -3.648358127994676 ], [ 128.07324573983297, -3.648592113090805 ], [ 128.072633987124476, -3.648562528771671 ], [ 128.072323170036185, -3.648469293335301 ], [ 128.071889283753933, -3.648339301604982 ], [ 128.071520076172163, -3.648228136248277 ], [ 128.070855322861917, -3.648296269855632 ], [ 128.069893227192637, -3.648266685526757 ], [ 128.068697569549471, -3.648440605506778 ], [ 128.068405617082107, -3.648528461978735 ], [ 128.067676185071434, -3.649230416951245 ], [ 128.067655523819894, -3.649250139816115 ], [ 128.067180315034591, -3.649699283121615 ], [ 128.066654800593398, -3.650313380890433 ], [ 128.065838232000118, -3.650751765756127 ], [ 128.066776971472024, -3.651589089219744 ], [ 128.067486640546463, -3.652147603258636 ], [ 128.068319378814834, -3.652924860580349 ], [ 128.068751468466502, -3.653700324250102 ], [ 128.068935623099748, -3.65469363396015 ], [ 128.069082048491083, -3.655201942745543 ], [ 128.069347051499875, -3.655555158910022 ], [ 128.06984651479786, -3.655811554312831 ], [ 128.070495098432986, -3.655812450800126 ], [ 128.071452702525875, -3.656048226927281 ], [ 128.072700462455515, -3.656899889227562 ], [ 128.073748796392067, -3.658545836390704 ], [ 128.073716457041854, -3.660158610662135 ], [ 128.073528709147467, -3.662392643376635 ], [ 128.073557455236539, -3.664285112152864 ], [ 128.074081173047176, -3.66543350077569 ], [ 128.075203168837049, -3.667672002697057 ], [ 128.075613698921899, -3.668398147490723 ], [ 128.076088009391924, -3.669298207625913 ], [ 128.076640473291633, -3.669686380691235 ], [ 128.077068969682188, -3.669815472851106 ], [ 128.077644789779299, -3.669910499012425 ], [ 128.078073286169825, -3.66983250584303 ], [ 128.078922194113318, -3.669504396573067 ], [ 128.079156654402482, -3.669450608156658 ], [ 128.079390216376339, -3.669403095052802 ], [ 128.079647134547599, -3.669387855000088 ], [ 128.079857340324082, -3.669458676419325 ], [ 128.079966036473479, -3.66956087440681 ], [ 128.079997477508414, -3.66967024416994 ], [ 128.079973222995733, -3.669842367048731 ], [ 128.079817814451559, -3.66999835337899 ], [ 128.079139586412083, -3.670733461005485 ], [ 128.078998550912473, -3.670991645003905 ], [ 128.078897041285359, -3.671319753727525 ], [ 128.078842244053021, -3.671538492809627 ], [ 128.078811701333365, -3.671765300079973 ], [ 128.078818887855647, -3.671906046064618 ], [ 128.078925787374459, -3.67206561791846 ], [ 128.079725287977311, -3.672544333308851 ], [ 128.08003251180449, -3.672807895605216 ], [ 128.080211276546038, -3.673261509443256 ], [ 128.080234632743412, -3.67378594412675 ], [ 128.080249005787977, -3.674294242064315 ], [ 128.080202293393199, -3.674849156060585 ], [ 128.080263378832512, -3.67538165802002 ], [ 128.080494245860535, -3.675708868662324 ], [ 128.080738587617788, -3.675976912359311 ], [ 128.08108084574107, -3.676086281336276 ], [ 128.08126769532015, -3.676094349538964 ], [ 128.081439273539416, -3.676094349538964 ], [ 128.081633309640779, -3.676024425113246 ], [ 128.081921668847002, -3.675876508040778 ], [ 128.082132772938763, -3.675774310776379 ], [ 128.082413047307426, -3.675767139038086 ], [ 128.082607083408789, -3.675900712654316 ], [ 128.082731949233278, -3.676064766128753 ], [ 128.082785848150309, -3.676166963359868 ], [ 128.082777763312748, -3.676369564853594 ], [ 128.082680745262081, -3.676667191743201 ], [ 128.082627744660329, -3.676923581092545 ], [ 128.082654694118844, -3.677107356629754 ], [ 128.082828967283973, -3.67730816497832 ], [ 128.083086783770483, -3.677448910088523 ], [ 128.083540432988997, -3.677575311729065 ], [ 128.08374255392792, -3.677561864746881 ], [ 128.084225847550755, -3.677334162484426 ], [ 128.084529478116792, -3.677084048514938 ], [ 128.084794481125613, -3.676982747855001 ], [ 128.084949889669758, -3.677045500477557 ], [ 128.085121467889024, -3.677194313821963 ], [ 128.085175366806084, -3.677413051463829 ], [ 128.08526879159561, -3.677803910395166 ], [ 128.085314605675109, -3.67814098126254 ], [ 128.085337961872483, -3.678563216131975 ], [ 128.08536850459214, -3.678907458425263 ], [ 128.085321792197391, -3.679283076817525 ], [ 128.085337063557205, -3.679549326512797 ], [ 128.085422403509199, -3.679768063576652 ], [ 128.085474505795673, -3.679938391580988 ], [ 128.085788017829856, -3.680300562597749 ], [ 128.086079071981885, -3.680430549684194 ], [ 128.086371922764499, -3.680465511724896 ], [ 128.086698909527911, -3.680481648050912 ], [ 128.087002540093977, -3.680450271861169 ], [ 128.087360967892351, -3.680380347777194 ], [ 128.087571173668806, -3.680380347777194 ], [ 128.087804735642663, -3.680443100160501 ], [ 128.087993381852357, -3.680556950901786 ], [ 128.088341928182587, -3.680780170029469 ], [ 128.088528777761695, -3.680928982750177 ], [ 128.088652745270878, -3.68105448743506 ], [ 128.088660830108466, -3.681203300109932 ], [ 128.088699457665683, -3.681335976449694 ], [ 128.088730000385311, -3.681500925385074 ], [ 128.088800068977491, -3.681562781227965 ], [ 128.089010274753974, -3.681633601680492 ], [ 128.089150411938306, -3.681727730121334 ], [ 128.089282464285077, -3.681837098392481 ], [ 128.089352532877228, -3.682017287072204 ], [ 128.089383973912192, -3.682220783696502 ], [ 128.089337261517414, -3.682400972298573 ], [ 128.08930582048248, -3.682596400691431 ], [ 128.089281565969799, -3.682791829041387 ], [ 128.089226768737461, -3.683003393628755 ], [ 128.089197124333083, -3.683161170576431 ], [ 128.089219582215179, -3.683238266120238 ], [ 128.089358821084204, -3.683402318243555 ], [ 128.089421703154102, -3.683551130525982 ], [ 128.089490873431004, -3.683762694932863 ], [ 128.089560942023127, -3.684036114960473 ], [ 128.089529500988192, -3.684122175017355 ], [ 128.089474703755855, -3.684254850922072 ], [ 128.089412720001263, -3.684333739288472 ], [ 128.089342651409112, -3.684380355138059 ], [ 128.089241141781997, -3.684411731189289 ], [ 128.089132445632629, -3.684458347034789 ], [ 128.089087529868408, -3.684491516000292 ], [ 128.089070461878009, -3.68459102288938 ], [ 128.089077648400291, -3.684700390808695 ], [ 128.088984223610737, -3.684833963085357 ], [ 128.088867442623808, -3.684920023065068 ], [ 128.088765932996694, -3.684998014914491 ], [ 128.088719220601917, -3.68512262256777 ], [ 128.088711135764356, -3.685287570801379 ], [ 128.088741678484013, -3.685396938635063 ], [ 128.088819831913725, -3.685459690664712 ], [ 128.088928528063121, -3.685482998560311 ], [ 128.089061478725171, -3.685529614349678 ], [ 128.089193531071942, -3.685499134795368 ], [ 128.089271684501654, -3.685396938635063 ], [ 128.089341753093834, -3.685272331020209 ], [ 128.089411821685985, -3.68518627107458 ], [ 128.089536687510474, -3.685092142999516 ], [ 128.089638197137589, -3.685068835093675 ], [ 128.089762164646771, -3.685139655267221 ], [ 128.089863674273886, -3.68520240731502 ], [ 128.08994092938832, -3.685296535378417 ], [ 128.089995726620657, -3.685389766974251 ], [ 128.089972370423254, -3.685515271030134 ], [ 128.089909488353385, -3.685640775068308 ], [ 128.089824148401391, -3.685726834969965 ], [ 128.089745994971679, -3.685796758633928 ], [ 128.089722638774276, -3.685906126405004 ], [ 128.089745994971679, -3.68613293001855 ], [ 128.089799893888738, -3.686414417426861 ], [ 128.089791809051178, -3.686524681578441 ], [ 128.089807080410992, -3.686837544828409 ], [ 128.089853792805769, -3.687079587954865 ], [ 128.089860979328023, -3.687275911775704 ], [ 128.089853792805769, -3.68738527936486 ], [ 128.089962488955138, -3.68749464694056 ], [ 128.09008645646432, -3.68753319452551 ], [ 128.090281390880989, -3.68754215907991 ], [ 128.090523037692464, -3.687518851238281 ], [ 128.090819481736219, -3.687487475296664 ], [ 128.090966805442775, -3.687503611495349 ], [ 128.091099756104825, -3.687511679594581 ], [ 128.091239893289156, -3.687574431475001 ], [ 128.09132523324115, -3.687644354993681 ], [ 128.09132523324115, -3.687746550895703 ], [ 128.091285707368655, -3.68784785033085 ], [ 128.091230910136318, -3.687950046209478 ], [ 128.091177011219258, -3.688082721543152 ], [ 128.09117611290398, -3.688254840865436 ], [ 128.091192282579101, -3.688380344516922 ], [ 128.091230910136318, -3.688497780060477 ], [ 128.091324334925872, -3.688575771596096 ], [ 128.09143303107524, -3.688521087876437 ], [ 128.091557896899758, -3.688451164426724 ], [ 128.091713305443903, -3.688380344516922 ], [ 128.091853442628235, -3.688419788518015 ], [ 128.091978308452724, -3.688482540334328 ], [ 128.092126530474587, -3.688670795756682 ], [ 128.092235226623956, -3.688850086598042 ], [ 128.092289125541015, -3.68897559016547 ], [ 128.092289125541015, -3.689101093715176 ], [ 128.09235739750261, -3.689189842643197 ], [ 128.092473280174261, -3.68924631922914 ], [ 128.092592756107052, -3.689304588718813 ], [ 128.092709537093981, -3.689308174533438 ], [ 128.092881115313276, -3.689312656801697 ], [ 128.093184745879284, -3.689336861049911 ], [ 128.093371595458365, -3.689289349006499 ], [ 128.093535088840071, -3.689274109293923 ], [ 128.093690497384245, -3.689305485172471 ], [ 128.093800091848919, -3.689415748965436 ], [ 128.093978856590439, -3.689587868029546 ], [ 128.094165706169548, -3.689775226764554 ], [ 128.094344470911068, -3.690026233620347 ], [ 128.094470235050835, -3.690358817595036 ], [ 128.094565456470974, -3.690515696785162 ], [ 128.094666067782782, -3.690833040890762 ], [ 128.094652593053524, -3.69142469908997 ], [ 128.094659779575807, -3.691556477453394 ], [ 128.094681339142625, -3.691961673387131 ], [ 128.094750509419498, -3.692197439962597 ], [ 128.094764882464034, -3.692244951850454 ], [ 128.094853815677169, -3.692381212344923 ], [ 128.094984969708662, -3.692436792277452 ], [ 128.09520595526854, -3.692330114661947 ], [ 128.095357770551573, -3.692290670834481 ], [ 128.095677570792702, -3.692308599847183 ], [ 128.095720689926338, -3.69234356142091 ], [ 128.095782673680958, -3.692413484564234 ], [ 128.095774588843398, -3.692523747971364 ], [ 128.095728774763899, -3.692608014305792 ], [ 128.095647926388352, -3.692758617947401 ], [ 128.095533840347258, -3.692984523361909 ], [ 128.095399991369902, -3.69314140208816 ], [ 128.095349685714012, -3.693201464221729 ], [ 128.095103547326147, -3.69365237831858 ], [ 128.095062224823096, -3.693815532070543 ], [ 128.095092767542752, -3.693889937343074 ], [ 128.095469161646804, -3.694262860060809 ], [ 128.095543721815375, -3.694408084730607 ], [ 128.095681164053843, -3.694570341895293 ], [ 128.095683858999706, -3.694573927688651 ], [ 128.09574853770016, -3.694781903678714 ], [ 128.095651519649465, -3.694975536453227 ], [ 128.095592230840708, -3.695047252284914 ], [ 128.095411669468604, -3.695466789784133 ], [ 128.095416161045023, -3.695575259917249 ], [ 128.095488026267759, -3.695654147278458 ], [ 128.095624570190921, -3.69571331279476 ], [ 128.095710808458222, -3.69567117977598 ], [ 128.095783571996236, -3.695628150307925 ], [ 128.095876098470512, -3.695572570575267 ], [ 128.096001862610279, -3.695489200969748 ], [ 128.096063846364899, -3.695512508602187 ], [ 128.096076422778879, -3.695563606101931 ], [ 128.096092592453999, -3.69563173609701 ], [ 128.096134813272329, -3.695643389911434 ], [ 128.096248899313395, -3.69566221530364 ], [ 128.096463596666325, -3.695682833589885 ], [ 128.096625293417446, -3.695811921979827 ], [ 128.096911855993085, -3.69633186113798 ], [ 128.096957670072555, -3.69657838390817 ], [ 128.096857957076026, -3.696728090429714 ], [ 128.096842685716211, -3.696750501583459 ], [ 128.09681034636597, -3.696774705628868 ], [ 128.096804058158995, -3.696775602074982 ], [ 128.096729497990395, -3.696824906609831 ], [ 128.096583072599117, -3.696790841658773 ], [ 128.096423172478524, -3.696720918860396 ], [ 128.096218356593766, -3.696571212337641 ], [ 128.095988387881022, -3.696350686515575 ], [ 128.095729673079177, -3.696178568762692 ], [ 128.095280515437139, -3.696003761635732 ], [ 128.095123310262409, -3.696003761635732 ], [ 128.094940952259748, -3.696017208339029 ], [ 128.094914901116482, -3.696027965701519 ], [ 128.094894239864971, -3.696042308851303 ], [ 128.094759492572337, -3.696114024596749 ], [ 128.094636423378432, -3.696214426630631 ], [ 128.094440590646485, -3.696563144320727 ], [ 128.09445945526744, -3.696681475228111 ], [ 128.094628338540872, -3.697227410800881 ], [ 128.094672355989786, -3.697466761758817 ], [ 128.094815188119952, -3.697836993637639 ], [ 128.094984071393384, -3.698250254704748 ], [ 128.095217633367241, -3.69865634402553 ], [ 128.095356872236295, -3.698897487485588 ], [ 128.09544580544943, -3.69904540072788 ], [ 128.095515874041553, -3.699478382986138 ], [ 128.095622773560365, -3.700143543724347 ], [ 128.095712605088778, -3.700158783250233 ], [ 128.095770995582257, -3.700160576135614 ], [ 128.095816809661727, -3.700161472578303 ], [ 128.095906641190169, -3.70013099352636 ], [ 128.096043185113331, -3.70000011287963 ], [ 128.096239017845278, -3.699893436173815 ], [ 128.096358493778069, -3.699826202949266 ], [ 128.096410596064544, -3.699796620328848 ], [ 128.096486054548421, -3.699793034556608 ], [ 128.096539055150174, -3.69983606382252 ], [ 128.096483359602587, -3.699833374493461 ], [ 128.096494139385982, -3.700154301036764 ], [ 128.096504020854098, -3.700856215389695 ], [ 128.096530071997336, -3.701612812102536 ], [ 128.096758244079496, -3.701605640572746 ], [ 128.097390658039558, -3.701585022424281 ], [ 128.097741899315622, -3.701494481853591 ], [ 128.098393177896611, -3.701249753334021 ], [ 128.098803707981432, -3.701027435792426 ], [ 128.098845928799818, -3.701005024746831 ], [ 128.09888275972645, -3.701114390643968 ], [ 128.099713701364266, -3.700864283367529 ], [ 128.100398217610774, -3.700690373606804 ], [ 128.100568897514762, -3.700949445351307 ], [ 128.100611118333092, -3.701008610514165 ], [ 128.100821324109575, -3.701302643386104 ], [ 128.100854561775094, -3.701420973660679 ], [ 128.100821324109575, -3.701644187544681 ], [ 128.100765628561959, -3.701744588952071 ], [ 128.100715322906069, -3.701836922379179 ], [ 128.100688373447554, -3.701893398159946 ], [ 128.100707238068509, -3.701955252582368 ], [ 128.100738679103443, -3.701978560044771 ], [ 128.100901274169871, -3.702006349710676 ], [ 128.100940800042366, -3.702036828698087 ], [ 128.101285753111483, -3.702398990703501 ], [ 128.101634299441713, -3.702873207560873 ], [ 128.101659452269672, -3.702939544114243 ], [ 128.10164418090983, -3.702971815949221 ], [ 128.101612739874895, -3.703011259301484 ], [ 128.101630706180572, -3.703055184850801 ], [ 128.101673825314208, -3.703158275417166 ], [ 128.101963981150988, -3.703654902846912 ], [ 128.102019676698603, -3.703709585633519 ], [ 128.102113101488158, -3.703790265148573 ], [ 128.102271204978138, -3.703883494801254 ], [ 128.102361036506551, -3.703936384696005 ], [ 128.102590106903989, -3.703947141962348 ], [ 128.102821872247318, -3.704088779290329 ], [ 128.102851516651697, -3.704041268037266 ], [ 128.103103044931231, -3.704168562332186 ], [ 128.103126401128634, -3.704091468606463 ], [ 128.103132689335638, -3.704084297096752 ], [ 128.103199164666648, -3.704014374874026 ], [ 128.10328989451034, -3.703939074012603 ], [ 128.103298877663178, -3.703935488257138 ], [ 128.10330606418546, -3.703932798940529 ], [ 128.103322233860553, -3.703912180846258 ], [ 128.103358166471935, -3.703867358900531 ], [ 128.103360861417798, -3.7038072974897 ], [ 128.103438116532232, -3.703701517681609 ], [ 128.103524354799475, -3.703598427178509 ], [ 128.103609694751469, -3.70343168946982 ], [ 128.103634847579428, -3.70341376068207 ], [ 128.10371300100914, -3.703351906361543 ], [ 128.103769594872062, -3.703395831893956 ], [ 128.103747136989966, -3.703425414394149 ], [ 128.103670780190811, -3.703446928939122 ], [ 128.103648322308715, -3.703458582650765 ], [ 128.10366269535325, -3.703482786512917 ], [ 128.103665390299113, -3.703486372270217 ], [ 128.103604304859772, -3.703524919160269 ], [ 128.10368784818121, -3.703543744385034 ], [ 128.103758815088668, -3.703561673170153 ], [ 128.103801934222275, -3.703592152104019 ], [ 128.103802832537582, -3.703511472570907 ], [ 128.103802832537582, -3.703501611738578 ], [ 128.10381181569042, -3.703451411135926 ], [ 128.103870206183899, -3.703472029240931 ], [ 128.103901647218834, -3.703470236362254 ], [ 128.103925901731486, -3.703469339922914 ], [ 128.103915121948091, -3.703455893332707 ], [ 128.103891765750717, -3.703426310833534 ], [ 128.103882782597879, -3.703359077877188 ], [ 128.103885477543713, -3.70333845976955 ], [ 128.103925003416208, -3.703342941966904 ], [ 128.103941173091329, -3.703328598935295 ], [ 128.103962732658175, -3.703309773705954 ], [ 128.103987885486106, -3.703292741355254 ], [ 128.10397351244157, -3.703266744608816 ], [ 128.103955546135893, -3.703234472784591 ], [ 128.103918715209232, -3.703203097398798 ], [ 128.103870206183899, -3.703202200959189 ], [ 128.103859426400476, -3.703160068296476 ], [ 128.103819900527952, -3.703128692908046 ], [ 128.103864816292202, -3.703073113645814 ], [ 128.103935783199603, -3.702982573227286 ], [ 128.103986987170828, -3.702918925996836 ], [ 128.104057954078286, -3.702849900122022 ], [ 128.104128022670437, -3.702797906602376 ], [ 128.104128022670437, -3.702761152560783 ], [ 128.10416395528182, -3.702746809519748 ], [ 128.104199887893174, -3.702717226996878 ], [ 128.104221447459963, -3.702676887191372 ], [ 128.10418102327219, -3.702636547384028 ], [ 128.104291516052143, -3.702462637971327 ], [ 128.104353499806734, -3.702355961562097 ], [ 128.104427161660027, -3.702299485810832 ], [ 128.104447822911567, -3.702282453440694 ], [ 128.104506213405045, -3.702185637856853 ], [ 128.104539451070536, -3.702113922602739 ], [ 128.104527772971863, -3.702105854636287 ], [ 128.104508010035602, -3.702091511584636 ], [ 128.104647248904627, -3.70176879286108 ], [ 128.104702046136964, -3.701566197157869 ], [ 128.104799962502938, -3.701264992840878 ], [ 128.104833200168457, -3.701281128789027 ], [ 128.104838590060155, -3.701258717749851 ], [ 128.10483679342957, -3.701211206344921 ], [ 128.104822420385034, -3.701187898862326 ], [ 128.104832301853151, -3.701168177145805 ], [ 128.104839488375433, -3.701149351870533 ], [ 128.104855658050553, -3.701107219110144 ], [ 128.104841285005989, -3.701094668925811 ], [ 128.105097304861999, -3.70038468677969 ], [ 128.105120661059374, -3.700394547646727 ], [ 128.105161983562454, -3.700370343700166 ], [ 128.105182644813993, -3.700316557149888 ], [ 128.105187136390413, -3.700277113677608 ], [ 128.10517186503057, -3.700243945301833 ], [ 128.105170068400014, -3.700224223564295 ], [ 128.105191627966832, -3.700156990364848 ], [ 128.105206899326674, -3.699992044893925 ], [ 128.105231153839327, -3.699848614024682 ], [ 128.105245526883863, -3.699763451935083 ], [ 128.105270679711822, -3.699747315959291 ], [ 128.1052715780271, -3.699689047155367 ], [ 128.105238340361609, -3.699644224995896 ], [ 128.105195221227973, -3.699622710358544 ], [ 128.105185339759856, -3.699554580670151 ], [ 128.105173661661127, -3.699521412267327 ], [ 128.105120661059374, -3.699057054497435 ], [ 128.105140423995636, -3.699038229177308 ], [ 128.105148508833196, -3.698994303428789 ], [ 128.105157491986034, -3.698788121314807 ], [ 128.10515120377903, -3.698733438224357 ], [ 128.10512155937468, -3.698722680894691 ], [ 128.105048795836638, -3.698722680894691 ], [ 128.104970642406926, -3.698572078265654 ], [ 128.104912251913447, -3.698471676498748 ], [ 128.104818827123893, -3.698234118701403 ], [ 128.104837691744876, -3.698185710689608 ], [ 128.104835895114292, -3.698115788001237 ], [ 128.104834996799013, -3.698085308878938 ], [ 128.10480714902522, -3.698060208424494 ], [ 128.104774809675007, -3.698058415534863 ], [ 128.10475774168458, -3.698065587093364 ], [ 128.104681384885453, -3.697905123458059 ], [ 128.104644553958792, -3.697891676783391 ], [ 128.104660723633884, -3.697786792713977 ], [ 128.10463736743651, -3.69770700909731 ], [ 128.104582570204201, -3.697532202271649 ], [ 128.104582570204201, -3.697454211522928 ], [ 128.104689469723013, -3.697572542311399 ], [ 128.104774809675007, -3.697603021451326 ], [ 128.104972439037482, -3.697611985904047 ], [ 128.105038914368521, -3.697587781881495 ], [ 128.105054185728335, -3.697617364575635 ], [ 128.105082931817464, -3.697664876173253 ], [ 128.105175458291711, -3.697657704611512 ], [ 128.105253611721423, -3.697689976638891 ], [ 128.105295832539809, -3.697788585604157 ], [ 128.105350629772119, -3.697798446500081 ], [ 128.105445851192229, -3.697773346037514 ], [ 128.105471004020188, -3.697762588696197 ], [ 128.105719837353888, -3.697655911721068 ], [ 128.105771041325056, -3.697452418632072 ], [ 128.105721633984444, -3.697334984273116 ], [ 128.105741396920706, -3.69726416507203 ], [ 128.105771041325056, -3.697260579289546 ], [ 128.10577732953206, -3.697224721463908 ], [ 128.105765651433359, -3.697219342789937 ], [ 128.105755769965242, -3.697215757007272 ], [ 128.105764753118081, -3.697129698218957 ], [ 128.105780922793201, -3.697135076893471 ], [ 128.105809668882301, -3.697143144905181 ], [ 128.105835720025539, -3.697116251532527 ], [ 128.105784516054314, -3.697102804845894 ], [ 128.105724328930307, -3.697087565267465 ], [ 128.105726125560864, -3.69699164556192 ], [ 128.105761159856939, -3.696966545076513 ], [ 128.10578541436962, -3.696965648630593 ], [ 128.1057979907836, -3.696965648630593 ], [ 128.105809668882301, -3.696945030374171 ], [ 128.105851889700631, -3.696970130860187 ], [ 128.105883330735566, -3.696965648630593 ], [ 128.105902195356578, -3.696871521803895 ], [ 128.105861771168776, -3.696845524869046 ], [ 128.105833025079676, -3.696838353300678 ], [ 128.105842906547792, -3.696768430506048 ], [ 128.105869856006308, -3.69668416456673 ], [ 128.105890517257848, -3.696651892502744 ], [ 128.105895008834267, -3.69664472093281 ], [ 128.105895008834267, -3.696610655974832 ], [ 128.105929144815093, -3.696590934156456 ], [ 128.105936331337347, -3.696587348371248 ], [ 128.105958789219443, -3.696537147376839 ], [ 128.105960585850028, -3.696497703736378 ], [ 128.105960585850028, -3.696490532165198 ], [ 128.10597675552512, -3.696442124058208 ], [ 128.106003704983664, -3.696373994125377 ], [ 128.10600460329897, -3.696372201232336 ], [ 128.106003704983664, -3.696371304785816 ], [ 128.105989331939099, -3.696330964691418 ], [ 128.106003704983664, -3.696301381954361 ], [ 128.106011789821224, -3.696287038808765 ], [ 128.106003704983664, -3.696272695662938 ], [ 128.105983043732124, -3.696233252010717 ], [ 128.10599741677666, -3.696179465209408 ], [ 128.106060298846558, -3.696122092617748 ], [ 128.106071976945259, -3.6961113352564 ], [ 128.106071078629981, -3.696104163682094 ], [ 128.106063892107699, -3.696059341341372 ], [ 128.106032451072764, -3.696007347423297 ], [ 128.106042332540881, -3.695945492585755 ], [ 128.106071078629981, -3.695887223531952 ], [ 128.106053112324275, -3.695810129085651 ], [ 128.106005501614248, -3.695779649884104 ], [ 128.105978552155705, -3.695787717908144 ], [ 128.105954297643024, -3.695739309762796 ], [ 128.105973162263979, -3.69567655845934 ], [ 128.10606299379242, -3.695669386881519 ], [ 128.10609263819677, -3.695603946231228 ], [ 128.106072875260537, -3.695467686231568 ], [ 128.106042332540881, -3.695447067940323 ], [ 128.105987535308543, -3.695421967411205 ], [ 128.105989331939099, -3.695376248588483 ], [ 128.106020772974063, -3.69534487292447 ], [ 128.105985738677958, -3.695335908448833 ], [ 128.105953399327746, -3.695351148057361 ], [ 128.105948907751326, -3.695299154097776 ], [ 128.105983942047402, -3.695214888018873 ], [ 128.106066587053562, -3.695101935602681 ], [ 128.106089044935658, -3.695019462400823 ], [ 128.10606748536884, -3.694907406407753 ], [ 128.106008196560083, -3.694892166791603 ], [ 128.105962382480584, -3.694854515974109 ], [ 128.10597675552512, -3.694756803130776 ], [ 128.10600909487539, -3.69469674110247 ], [ 128.105962382480584, -3.694590960206912 ], [ 128.105945314490185, -3.694551516479916 ], [ 128.105871652636893, -3.694557791618418 ], [ 128.105866262745195, -3.694557791618418 ], [ 128.105847398124212, -3.694595442448504 ], [ 128.105817753719862, -3.694572134791973 ], [ 128.105733312083146, -3.694411670524621 ], [ 128.105790804261318, -3.694204590896493 ], [ 128.105759363226383, -3.694164250703572 ], [ 128.10581056719758, -3.694120324713638 ], [ 128.105831228449119, -3.694134667894264 ], [ 128.105872550952171, -3.694131082099129 ], [ 128.105992925200241, -3.694287064174093 ], [ 128.106336081638801, -3.694730806133949 ], [ 128.106820273576915, -3.694906509959753 ], [ 128.106852612927156, -3.694918163783702 ], [ 128.106938851194428, -3.694759492475232 ], [ 128.107098751314993, -3.694805211329735 ], [ 128.107255956489723, -3.694850033733824 ], [ 128.106627135790859, -3.696613345313667 ], [ 128.106752001615348, -3.696659064072621 ], [ 128.107511078030427, -3.694495936679809 ], [ 128.107393398728192, -3.694447528463977 ], [ 128.107299973938638, -3.694729909685769 ], [ 128.107152650232052, -3.694686880172061 ], [ 128.106999936633741, -3.694642057759731 ], [ 128.10735656780156, -3.693982271588265 ], [ 128.107213735671365, -3.693821807214251 ], [ 128.107193972735132, -3.693716026214398 ], [ 128.107061022073083, -3.693499981929765 ], [ 128.107126599088815, -3.69344081626588 ], [ 128.107161633384891, -3.693409440533431 ], [ 128.107392500412914, -3.693667617956023 ], [ 128.107436517861828, -3.693639828028725 ], [ 128.10747694204963, -3.693660446361965 ], [ 128.107566773578043, -3.693675685999268 ], [ 128.107638638800751, -3.693665825057514 ], [ 128.107772487778107, -3.693511635772186 ], [ 128.107775182723969, -3.693509842873362 ], [ 128.107851539523097, -3.69344619496276 ], [ 128.107918014854107, -3.693344896166049 ], [ 128.107875794035778, -3.693304555934052 ], [ 128.107894658656733, -3.693236425760294 ], [ 128.107971015455888, -3.69317726007884 ], [ 128.108001558175545, -3.693159331083682 ], [ 128.108029405949338, -3.693142298537945 ], [ 128.108125525684756, -3.693269594398171 ], [ 128.108139000414013, -3.693254354753894 ], [ 128.108129118945868, -3.693235529310603 ], [ 128.108224340366007, -3.693262422800897 ], [ 128.108275544337204, -3.693236425760294 ], [ 128.108395020269995, -3.693195189073636 ], [ 128.108395918585273, -3.693191603274705 ], [ 128.108400410161693, -3.693157538184146 ], [ 128.108556717021116, -3.693110026345128 ], [ 128.108577378272685, -3.693125265991883 ], [ 128.108586361425523, -3.693132437590264 ], [ 128.108598937839503, -3.693124369542081 ], [ 128.108594446263083, -3.693118094393443 ], [ 128.108489343374828, -3.692968387262779 ], [ 128.108518089463928, -3.692786407902287 ], [ 128.108549530498863, -3.69275054989582 ], [ 128.1086043277312, -3.692688694831258 ], [ 128.108731888501552, -3.692566777589943 ], [ 128.108872025685855, -3.692518369268894 ], [ 128.108955569007264, -3.692540780528967 ], [ 128.10905258705796, -3.692686901930773 ], [ 128.109127147226559, -3.692729035091244 ], [ 128.109237640006484, -3.69272544929043 ], [ 128.109291538923543, -3.692687798381017 ], [ 128.109406523279915, -3.692674351627268 ], [ 128.109512524483449, -3.692700348684333 ], [ 128.10949545649305, -3.692746067644909 ], [ 128.109478388502623, -3.692788200802572 ], [ 128.10950803290703, -3.692810612055833 ], [ 128.109722730259932, -3.692798958204208 ], [ 128.109697577431973, -3.692947768913465 ], [ 128.109701170693114, -3.692960319213105 ], [ 128.109717340368235, -3.692963008563005 ], [ 128.109653559983059, -3.693269594398171 ], [ 128.10962391557868, -3.69326062990157 ], [ 128.109622118948124, -3.693269594398171 ], [ 128.109579898129738, -3.693266008599542 ], [ 128.109573609922762, -3.693284834042185 ], [ 128.109533185734961, -3.693278558894683 ], [ 128.109535880680824, -3.69326331925056 ], [ 128.109484676709627, -3.693253458304222 ], [ 128.109481981763764, -3.69326331925056 ], [ 128.109432574423153, -3.693257940552571 ], [ 128.109434371053709, -3.693241804458412 ], [ 128.109385862028375, -3.693235529310603 ], [ 128.109365200776836, -3.693299177236315 ], [ 128.10941730306331, -3.693309934631757 ], [ 128.109428981162011, -3.693268697948515 ], [ 128.109478388502623, -3.693280351793972 ], [ 128.109468507034507, -3.693314416879821 ], [ 128.10950803290703, -3.693327863623874 ], [ 128.109526897527985, -3.693288419840739 ], [ 128.109568220031036, -3.693301866585187 ], [ 128.109559236878198, -3.693333242321438 ], [ 128.109750578033726, -3.693376271900779 ], [ 128.109761357817149, -3.69334848196436 ], [ 128.109808070211926, -3.693361032258334 ], [ 128.109802680320229, -3.693389718643895 ], [ 128.109853884291397, -3.693402268937287 ], [ 128.109861070813679, -3.693376271900779 ], [ 128.109932037721137, -3.693397786689667 ], [ 128.109931139405859, -3.693413922780991 ], [ 128.109950902342092, -3.693420197927538 ], [ 128.109962580440794, -3.69336013580877 ], [ 128.109916766361295, -3.693347585514783 ], [ 128.109905088262622, -3.693366410955697 ], [ 128.109869155651239, -3.693359239359205 ], [ 128.10987274891238, -3.693332345871846 ], [ 128.10981435841893, -3.693324277825479 ], [ 128.109811663473067, -3.693343103266888 ], [ 128.109770340969988, -3.693335035220619 ], [ 128.109776629176963, -3.693302763034808 ], [ 128.109710153845953, -3.693292902088911 ], [ 128.109711950476537, -3.693281248243617 ], [ 128.109700272377836, -3.693280351793972 ], [ 128.109779324122826, -3.692901153513247 ], [ 128.109852985976119, -3.692801647554596 ], [ 128.10987274891238, -3.692775650500498 ], [ 128.110007496204986, -3.69267345517701 ], [ 128.110183566000671, -3.692614289458035 ], [ 128.110283278997201, -3.692535401826602 ], [ 128.110320109923862, -3.692472650296592 ], [ 128.110409043136968, -3.692383005246027 ], [ 128.110566248311699, -3.692279913426687 ], [ 128.11049977298066, -3.692169649989276 ], [ 128.110493484773684, -3.692119448744942 ], [ 128.110533010646208, -3.692110484236726 ], [ 128.110601282607774, -3.692131102605486 ], [ 128.110647096687273, -3.692120345195758 ], [ 128.110643503426161, -3.692041457520437 ], [ 128.110580621356235, -3.692015460444079 ], [ 128.110537502222627, -3.692001117229212 ], [ 128.110554570213026, -3.691956294681257 ], [ 128.110587807878517, -3.69189981826761 ], [ 128.110529417385067, -3.691747421577947 ], [ 128.110528519069788, -3.691744732224365 ], [ 128.110515044340502, -3.691681980638475 ], [ 128.110453958901189, -3.691635365171802 ], [ 128.110467433630447, -3.691569027772702 ], [ 128.110505162872357, -3.691552891647846 ], [ 128.110541993799046, -3.69158247454319 ], [ 128.110610265760613, -3.691552891647846 ], [ 128.110622842174621, -3.69147758972798 ], [ 128.110674046145817, -3.691491932951304 ], [ 128.110650689948415, -3.691560063258929 ], [ 128.110634520273322, -3.691630882915262 ], [ 128.110691114136188, -3.691717838688099 ], [ 128.110725250117014, -3.691721424492981 ], [ 128.110778250718766, -3.691787761880697 ], [ 128.110813285014842, -3.691831687986052 ], [ 128.110801606916141, -3.69193209050442 ], [ 128.110743216422691, -3.692024424953255 ], [ 128.110846522680362, -3.692103312630089 ], [ 128.111044152042865, -3.692143652916671 ], [ 128.111142068408839, -3.692189371905915 ], [ 128.111211238685712, -3.692151720973768 ], [ 128.111275917386166, -3.692122138097389 ], [ 128.111351375870044, -3.692110484236726 ], [ 128.111642430022073, -3.691924022445328 ], [ 128.111619972139977, -3.691875614089235 ], [ 128.111556191754801, -3.691805690903554 ], [ 128.111472648433391, -3.691765350601617 ], [ 128.111426834353892, -3.691724113846634 ], [ 128.111417851201054, -3.691716045785651 ], [ 128.111372037121555, -3.691675705479643 ], [ 128.111350477554765, -3.691626400658699 ], [ 128.111363053968716, -3.691585163897263 ], [ 128.111413359624635, -3.691593231959434 ], [ 128.111412461309328, -3.691648811941286 ], [ 128.111417851201054, -3.691652397746448 ], [ 128.111460072019412, -3.691679291284696 ], [ 128.111530140611563, -3.691656880002879 ], [ 128.111574158060478, -3.691552891647846 ], [ 128.111582242898038, -3.691416631026267 ], [ 128.111574158060478, -3.691402287801727 ], [ 128.111545411971406, -3.691352086514013 ], [ 128.111641531706795, -3.691319814256127 ], [ 128.111837364438742, -3.691255269736835 ], [ 128.111928094282433, -3.691216722313355 ], [ 128.112089791033583, -3.691120801973245 ], [ 128.112175130985577, -3.691086736803237 ], [ 128.112229928217886, -3.691101080032873 ], [ 128.112209266966374, -3.691136041654142 ], [ 128.112216453488628, -3.691179071339967 ], [ 128.11227753892797, -3.691190725212853 ], [ 128.112325149638025, -3.691185346502309 ], [ 128.112498524487847, -3.691045500016742 ], [ 128.112514694162968, -3.690962129986024 ], [ 128.112502117748988, -3.690910135769355 ], [ 128.112450913777792, -3.69087875994748 ], [ 128.112373658663358, -3.690722777273704 ], [ 128.11228562376553, -3.690546176167457 ], [ 128.112264064198712, -3.690325648848434 ], [ 128.112286522080808, -3.690297858816542 ], [ 128.112263165883405, -3.690224349695737 ], [ 128.112349404150677, -3.690205524188209 ], [ 128.112414981166438, -3.690191180944112 ], [ 128.1124059980136, -3.690278136857899 ], [ 128.112444625570788, -3.690410811843976 ], [ 128.112442828940232, -3.69051300742785 ], [ 128.112458100300046, -3.690543486810238 ], [ 128.112498524487847, -3.690623271070949 ], [ 128.112468880083469, -3.690664507877047 ], [ 128.112439235679091, -3.69070574468123 ], [ 128.112448218831929, -3.690759531814244 ], [ 128.112492236280872, -3.690826765725932 ], [ 128.112564999818858, -3.690859038001733 ], [ 128.112653933031993, -3.690838419603439 ], [ 128.112825511251259, -3.690759531814244 ], [ 128.112874918591899, -3.690627753332574 ], [ 128.112856053970916, -3.690529143571598 ], [ 128.112816528098421, -3.690451152207436 ], [ 128.112693458904516, -3.690372264383847 ], [ 128.112681780805815, -3.690323855943177 ], [ 128.112746459506241, -3.690135600871047 ], [ 128.112771612334228, -3.690062091736814 ], [ 128.112831799458263, -3.689947345759025 ], [ 128.112871325330758, -3.689871147249962 ], [ 128.113077039530822, -3.68958428221605 ], [ 128.113113870457482, -3.689517944663772 ], [ 128.113151599699421, -3.689500015594739 ], [ 128.113237837966693, -3.689625519070376 ], [ 128.113224363237435, -3.68968378853518 ], [ 128.113246821119532, -3.689688270801544 ], [ 128.113258499218205, -3.68962462261704 ], [ 128.11314800643828, -3.689453400013559 ], [ 128.113264787425209, -3.689385269544359 ], [ 128.113362703791182, -3.689327896513612 ], [ 128.113561231468964, -3.68921046107975 ], [ 128.113611537124882, -3.689180878105415 ], [ 128.113659147834937, -3.689153088037717 ], [ 128.113678012455892, -3.689141434138103 ], [ 128.11369148718515, -3.689174602928914 ], [ 128.113706758544993, -3.689214943348504 ], [ 128.113727419796533, -3.68916832775237 ], [ 128.113752572624463, -3.689114540523021 ], [ 128.113817251324946, -3.689075096552763 ], [ 128.113835217630623, -3.689117229884566 ], [ 128.113845997414018, -3.689143227045745 ], [ 128.113860370458553, -3.689052685205246 ], [ 128.113994219435881, -3.688961246901518 ], [ 128.114017575633312, -3.688945110729296 ], [ 128.114019372263868, -3.688947800091353 ], [ 128.114057101505807, -3.689013241232243 ], [ 128.114157712817615, -3.6889226993785 ], [ 128.114303239893644, -3.688869808588382 ], [ 128.11444517370856, -3.688772095086495 ], [ 128.114464038329515, -3.688692310659553 ], [ 128.114654481169737, -3.688527363057553 ], [ 128.114725448077195, -3.688358829606496 ], [ 128.114845822325265, -3.688202846490343 ], [ 128.114954518474633, -3.688052242076358 ], [ 128.115007519076386, -3.688063895990256 ], [ 128.115100045550662, -3.688080032178477 ], [ 128.115245572626691, -3.688001144144387 ], [ 128.115293183336746, -3.687924945468448 ], [ 128.115240182734993, -3.687814681490524 ], [ 128.115567169498405, -3.687560984643856 ], [ 128.11587618995614, -3.687316252281466 ], [ 128.116054954697688, -3.687157579614908 ], [ 128.116113345191138, -3.687197023670257 ], [ 128.116479857827073, -3.686940637279214 ], [ 128.116897574434205, -3.686764035421404 ], [ 128.117046694771346, -3.686746106296823 ], [ 128.117116763363498, -3.686801686581849 ], [ 128.117146407767876, -3.686779275177015 ], [ 128.117025135204528, -3.686589226441315 ], [ 128.117067356022858, -3.686431450101574 ], [ 128.117172458911114, -3.686300567434867 ], [ 128.117348528706799, -3.68623512609429 ], [ 128.117526395133069, -3.686242297748286 ], [ 128.117724024495601, -3.686219886329354 ], [ 128.117716837973319, -3.68614368750076 ], [ 128.11781205939343, -3.686098864657361 ], [ 128.118147130994402, -3.68609976111425 ], [ 128.11820641980313, -3.686118586708735 ], [ 128.118422015471339, -3.686136515845968 ], [ 128.118485795856486, -3.686141894587067 ], [ 128.118708578046977, -3.686182235144276 ], [ 128.119114616555379, -3.686298774521491 ], [ 128.119061615953626, -3.686574883138858 ], [ 128.119076887313469, -3.6865793654209 ], [ 128.118914292247041, -3.6874336879656 ], [ 128.118806494412951, -3.688154437931487 ], [ 128.118840630393748, -3.688170574118065 ], [ 128.118923275399879, -3.688172367027667 ], [ 128.118973581055798, -3.688140094654284 ], [ 128.118955614750121, -3.687951839119525 ], [ 128.118993343992031, -3.68782902477298 ], [ 128.119004123775454, -3.687573535019598 ], [ 128.11902658165755, -3.687582499573592 ], [ 128.119036463125695, -3.687514368960975 ], [ 128.119004123775454, -3.687512576050046 ], [ 128.119014005243571, -3.687446238343139 ], [ 128.119089463727448, -3.68698635653618 ], [ 128.119157735689043, -3.686599983918005 ], [ 128.119190973354534, -3.686605362656301 ], [ 128.119253855424432, -3.686389316642477 ], [ 128.119385907771203, -3.686399177664998 ], [ 128.119438908372956, -3.686410831600563 ], [ 128.119435315111815, -3.68652378512198 ], [ 128.119491908974709, -3.686617016589165 ], [ 128.119725470948595, -3.686759553140293 ], [ 128.119757810298836, -3.686798100757113 ], [ 128.119817099107564, -3.686799893669482 ], [ 128.119842251935523, -3.686770310614922 ], [ 128.119865608132926, -3.686770310614922 ], [ 128.119923100311098, -3.686769414158708 ], [ 128.119916812104123, -3.686791825563791 ], [ 128.119875489601043, -3.686824097986119 ], [ 128.119877286231628, -3.686868920792963 ], [ 128.119892557591442, -3.686886849915068 ], [ 128.11995903292248, -3.686867127880732 ], [ 128.120020118361793, -3.68686354205626 ], [ 128.120062339180151, -3.686842027109127 ], [ 128.120035389721608, -3.686764931877623 ], [ 128.119968914390597, -3.68662329178372 ], [ 128.11995903292248, -3.686589226441315 ], [ 128.120011135208955, -3.686525578034901 ], [ 128.120077610539994, -3.686508545361991 ], [ 128.120139594294557, -3.686475376471701 ], [ 128.120330037134806, -3.686515717013782 ], [ 128.120455801274574, -3.686249469402225 ], [ 128.120445919806457, -3.686229747353754 ], [ 128.120416275402079, -3.68617237411935 ], [ 128.120396512465845, -3.686185820971496 ], [ 128.120401004042265, -3.686203750107373 ], [ 128.120389325943563, -3.686203750107373 ], [ 128.120332732080641, -3.686136515845968 ], [ 128.12068487167204, -3.68586309646389 ], [ 128.120711821130556, -3.685687390849405 ], [ 128.120869924620536, -3.685708905824472 ], [ 128.12087172125112, -3.685701734166174 ], [ 128.120905857231946, -3.684674393517616 ], [ 128.120624684547977, -3.683913300073218 ], [ 128.120257273596792, -3.683500032335423 ], [ 128.12005066108145, -3.683105590063964 ], [ 128.119797336171331, -3.682507651105497 ], [ 128.119384111140619, -3.681881024989407 ], [ 128.119282601513532, -3.681763588572371 ], [ 128.119252058793876, -3.681728626582627 ], [ 128.118895427626057, -3.681543059075627 ], [ 128.118752595495891, -3.681425622614017 ], [ 128.118699594894139, -3.68129742859626 ], [ 128.118706781416392, -3.681190749644336 ], [ 128.118756188757033, -3.681046419277278 ], [ 128.118753493811198, -3.68103924758141 ], [ 128.11873193424438, -3.680911053508036 ], [ 128.11880290115181, -3.680747897387961 ], [ 128.118919682138738, -3.680565915526465 ], [ 128.119034666495111, -3.680230638502022 ], [ 128.119023886711688, -3.679682899562272 ], [ 128.11849208406349, -3.679084958305777 ], [ 128.118192945073872, -3.678625968643266 ], [ 128.118104011860737, -3.678206423198078 ], [ 128.118121978166442, -3.677939276636476 ], [ 128.118219894532416, -3.677776119972222 ], [ 128.118318709213668, -3.677578001125478 ], [ 128.118431896939455, -3.677386157494362 ], [ 128.118545084665271, -3.67728037453992 ], [ 128.118622339779705, -3.677220311331387 ], [ 128.118627729671402, -3.677167419845897 ], [ 128.118571135808509, -3.677046396943561 ], [ 128.1181641989848, -3.676903858837521 ], [ 128.117644074435304, -3.676793593494573 ], [ 128.116891286227201, -3.676434110452548 ], [ 128.116727792845495, -3.676217165504196 ], [ 128.116649639415755, -3.675967947688473 ], [ 128.116763725456849, -3.67550178468073 ], [ 128.116813132797489, -3.675110924740302 ], [ 128.116777200186107, -3.674847363124158 ], [ 128.116695453495282, -3.674744269273527 ], [ 128.116552621365088, -3.674680620020669 ], [ 128.115939970341287, -3.674559596780876 ], [ 128.115643526297532, -3.674456502896991 ], [ 128.115330014263378, -3.67451656629166 ], [ 128.114994942662406, -3.674605316673393 ], [ 128.114535005236974, -3.674644761284664 ], [ 128.114153221241196, -3.674708410540081 ], [ 128.113982541337208, -3.674644761284664 ], [ 128.113810963117942, -3.674296035001855 ], [ 128.113493857822647, -3.673801184104398 ], [ 128.112991699578856, -3.673524175058299 ], [ 128.11279137527049, -3.673448871613427 ], [ 128.112677289229396, -3.673452457491898 ], [ 128.112528168892226, -3.673545690327094 ], [ 128.112392523284342, -3.673687332500389 ], [ 128.112099672501699, -3.673865729889195 ], [ 128.11202870559427, -3.673950894459213 ], [ 128.111804126773222, -3.673965237964942 ], [ 128.111476241694533, -3.673883659273032 ], [ 128.110980371657689, -3.673705261887811 ], [ 128.11075579283667, -3.673502659788984 ], [ 128.110681232668071, -3.673307229402284 ], [ 128.110642605110854, -3.673045460193417 ], [ 128.110664164677672, -3.672903817918252 ], [ 128.110664164677672, -3.672768450912754 ], [ 128.110713572018284, -3.672633980357165 ], [ 128.110707283811308, -3.672477994487302 ], [ 128.110643503426161, -3.672286149759407 ], [ 128.110601282607774, -3.672166022665809 ], [ 128.110524027493369, -3.672052170853225 ], [ 128.110488993197265, -3.671974177870871 ], [ 128.110496179719519, -3.671903356651106 ], [ 128.110545587060187, -3.671846878965495 ], [ 128.110615655652339, -3.671832535425724 ], [ 128.11071447033359, -3.671846878965495 ], [ 128.11080609849256, -3.671832535425724 ], [ 128.1108842519223, -3.671776057735635 ], [ 128.111032473944164, -3.671648758802012 ], [ 128.111138475147698, -3.671527735151104 ], [ 128.111237289828949, -3.671407607955465 ], [ 128.111343291032483, -3.671244450096697 ], [ 128.111357664077019, -3.67105977687993 ], [ 128.111344189347761, -3.670925306066992 ], [ 128.111280408962585, -3.670726289226687 ], [ 128.111231001621945, -3.670662639687317 ], [ 128.111160933029794, -3.670549684155582 ], [ 128.111062118348542, -3.670506653473068 ], [ 128.110970490189573, -3.670477966350239 ], [ 128.110835742896967, -3.670527272342031 ], [ 128.110729741693433, -3.670584646583599 ], [ 128.110610265760613, -3.670697602110912 ], [ 128.110391076831291, -3.670980887338795 ], [ 128.110206922198046, -3.6712292100754 ], [ 128.110126073822499, -3.671318857255767 ], [ 128.110009292835571, -3.671378024389879 ], [ 128.109896105109755, -3.671378024389879 ], [ 128.109691289224969, -3.671327821973308 ], [ 128.109550253725359, -3.671221141828727 ], [ 128.10943796431485, -3.671121633447081 ], [ 128.109388556974238, -3.671030193302821 ], [ 128.109346336155852, -3.670859863597371 ], [ 128.109366997407392, -3.670717324503106 ], [ 128.109445150837132, -3.670575681858596 ], [ 128.109473896926204, -3.670483345185839 ], [ 128.109523304266844, -3.670384733194685 ], [ 128.109530490789126, -3.670292396502188 ], [ 128.109523304266844, -3.670200059800146 ], [ 128.10946671040395, -3.670136410223278 ], [ 128.109389455289516, -3.670122066656033 ], [ 128.1092762675637, -3.670129238439684 ], [ 128.109148706793349, -3.670200059800146 ], [ 128.108997789825651, -3.670355149595216 ], [ 128.10887382231644, -3.670419695629158 ], [ 128.108746261546088, -3.670425970937765 ], [ 128.10861241256876, -3.670383836721988 ], [ 128.108407596683975, -3.670241297551752 ], [ 128.108273747706647, -3.670085311263919 ], [ 128.10821086563675, -3.669929324948844 ], [ 128.108161458296138, -3.669822644637218 ], [ 128.108083304866398, -3.669751823246834 ], [ 128.107935082844506, -3.669708792525884 ], [ 128.107843454685536, -3.669706999579133 ], [ 128.107716792230491, -3.669659486488914 ], [ 128.107589231460139, -3.669581493297604 ], [ 128.107469755527376, -3.669489156522079 ], [ 128.10735656780156, -3.669446125788478 ], [ 128.107229905346486, -3.669446125788478 ], [ 128.107067310280058, -3.669431782210149 ], [ 128.106891240484373, -3.669431782210149 ], [ 128.106770866236303, -3.669381579684189 ], [ 128.106693611121869, -3.669296414678338 ], [ 128.106686424599587, -3.66920407787335 ], [ 128.106707984166405, -3.669069606781056 ], [ 128.106821171892221, -3.668899276701763 ], [ 128.106940647825013, -3.668807836330014 ], [ 128.107088869846876, -3.668744186653957 ], [ 128.107216430617228, -3.668722671269476 ], [ 128.107329618343016, -3.668630334405196 ], [ 128.107379025683656, -3.668538894005926 ], [ 128.107428433024268, -3.668439385325498 ], [ 128.107442806068832, -3.668318361239776 ], [ 128.10736465263912, -3.668226024333721 ], [ 128.107223617139482, -3.66814803101729 ], [ 128.107089768162155, -3.668084381294241 ], [ 128.106906511844187, -3.668097828419207 ], [ 128.106743916777788, -3.668041350492992 ], [ 128.106645102096536, -3.667941841757165 ], [ 128.106631627367278, -3.667835161208255 ], [ 128.10656066045982, -3.667715033516088 ], [ 128.106575931819663, -3.667587734003784 ], [ 128.10663881388956, -3.667403060031175 ], [ 128.106752001615348, -3.667289207611574 ], [ 128.1068508162966, -3.667140392616059 ], [ 128.106921783204029, -3.666942271408888 ], [ 128.1068508162966, -3.666722634725187 ], [ 128.106851714611878, -3.666474310736181 ], [ 128.106675644816193, -3.666240330307981 ], [ 128.106590304864199, -3.666133649556029 ], [ 128.106640610520117, -3.665956147100207 ], [ 128.106690017860728, -3.66580733188282 ], [ 128.106732238679086, -3.665615485722662 ], [ 128.106690017860728, -3.665459498627526 ], [ 128.106570541927937, -3.665225517933813 ], [ 128.106471727246685, -3.66516903982616 ], [ 128.106355844575063, -3.665174418693709 ], [ 128.106118689340036, -3.665218346110816 ], [ 128.105948907751326, -3.665267652392755 ], [ 128.105772837955641, -3.66525330874738 ], [ 128.105730617137283, -3.665189658818255 ], [ 128.105758464911105, -3.665033671648855 ], [ 128.105857279592357, -3.664856168974725 ], [ 128.105893212203711, -3.664650875433952 ], [ 128.105914771770529, -3.664444685367413 ], [ 128.105801584044741, -3.664203532577127 ], [ 128.105520411360828, -3.663501589326906 ], [ 128.105386562383472, -3.66297625212805 ], [ 128.105337155042861, -3.662628417772097 ], [ 128.105288646017527, -3.662224104987442 ], [ 128.105338053358139, -3.661962332532801 ], [ 128.105232950469912, -3.661706835371412 ], [ 128.105091914970302, -3.661479129067883 ], [ 128.10489428560777, -3.661351828668232 ], [ 128.104696656245267, -3.661273834752462 ], [ 128.104407398723794, -3.661053300195248 ], [ 128.104174735065214, -3.660683949514357 ], [ 128.104033699565605, -3.660357629854011 ], [ 128.104034597880883, -3.660031310074773 ], [ 128.104069632176987, -3.659677199190822 ], [ 128.104140599084388, -3.659336535423523 ], [ 128.1042474986032, -3.65890443014285 ], [ 128.104190904740335, -3.658407777757866 ], [ 128.104082208590938, -3.658069802963036 ], [ 128.103866612922758, -3.657712105362303 ], [ 128.103796544330578, -3.657421644047659 ], [ 128.103839663464214, -3.657080979422898 ], [ 128.103825290419678, -3.656832652759586 ], [ 128.103752526881664, -3.656705351699737 ], [ 128.103335708589839, -3.656075121538608 ], [ 128.102116694749299, -3.655583846511181 ], [ 128.101559739273114, -3.655198356793922 ], [ 128.101282159850342, -3.654813763399271 ], [ 128.10096864781616, -3.654358347231525 ], [ 128.100586863820439, -3.653518336882583 ], [ 128.100117044926833, -3.653132846277768 ], [ 128.099577157441075, -3.652782318630574 ], [ 128.09909027055707, -3.652607503000886 ], [ 128.098637519653892, -3.652291938290835 ], [ 128.098324905935016, -3.651696668194864 ], [ 128.098290769954218, -3.650961544941302 ], [ 128.09808325912357, -3.649946715265833 ], [ 128.097665542516467, -3.649176627317583 ], [ 128.097248724224642, -3.648757068064485 ], [ 128.096725904729283, -3.6486163184421 ], [ 128.095821301238146, -3.648300752329619 ], [ 128.09491579943176, -3.648299855834823 ], [ 128.094585219407207, -3.648194069442663 ], [ 128.093540478731796, -3.647563833305863 ], [ 128.092687977527191, -3.647458046827066 ], [ 128.091817510016853, -3.646826913677902 ], [ 128.090826668258472, -3.645881109620581 ], [ 128.089869064165583, -3.645145981609282 ], [ 128.089155801830003, -3.644935304568434 ], [ 128.087989788591216, -3.644129352369474 ], [ 128.086213819274519, -3.644232449743323 ], [ 128.085516726614031, -3.644721041484787 ], [ 128.084924736841799, -3.645035712355759 ], [ 128.084332747069539, -3.645139706123671 ], [ 128.083462279559257, -3.64510384620506 ], [ 128.083183801821178, -3.644859102222357 ], [ 128.082452573179921, -3.644788278859627 ], [ 128.081302729616255, -3.644857309225901 ], [ 128.080814944416943, -3.645346797125684 ], [ 128.080222954644711, -3.645345900627942 ], [ 128.079840272333684, -3.645100260213121 ], [ 128.079214146580654, -3.644504985352941 ] ] ] } },
{ "type": "Feature", "properties": { "FID": 38, "Provinsi": "MALUKU", "Kode_Prov": "81", "Kota_Kab": "KOTA AMBON", "Kode_Kab": "8171", "Kecamatan": "Teluk Ambon", "Kode_Kec": "817130", "Kelurahan": "Laha", "Kode_Kel": "81713001", "Sumber": "Wilkerstat BPS Tahun 2019", "city": "ambon", "source_layer": "Wilayah Administrasi", "role": "admin" }, "geometry": { "type": "Polygon", "coordinates": [ [ [ 128.04833815195019, -3.642612474860011 ], [ 128.047539549662616, -3.642574821839664 ], [ 128.046558589372324, -3.642683298394012 ], [ 128.046296281309395, -3.642770258928138 ], [ 128.046122008144266, -3.642902044463839 ], [ 128.045977379383515, -3.64302934748 ], [ 128.045706986482998, -3.643093895481314 ], [ 128.045341372162341, -3.643047277480829 ], [ 128.044305614639768, -3.643429186413649 ], [ 128.043833100800327, -3.643738478740448 ], [ 128.043506114036887, -3.643921364588012 ], [ 128.043233924505813, -3.64421272676837 ], [ 128.043015633891798, -3.644522915324364 ], [ 128.042561086358006, -3.645014196402276 ], [ 128.042033775286228, -3.64532438468188 ], [ 128.041433700676436, -3.64603530712719 ], [ 128.039434050853998, -3.64836798943674 ], [ 128.039306490083646, -3.648732862716981 ], [ 128.039195997303693, -3.649991539922348 ], [ 128.039067538218063, -3.651360483854813 ], [ 128.038848349288742, -3.652235459367956 ], [ 128.038865417279141, -3.653093400718168 ], [ 128.037901524979276, -3.654679290145449 ], [ 128.037392180213203, -3.655353449188462 ], [ 128.037083159755468, -3.655645704148057 ], [ 128.036749884785053, -3.655830380545813 ], [ 128.036447152534294, -3.656064363694175 ], [ 128.03599260500053, -3.656775277636258 ], [ 128.035573091762842, -3.658234756194474 ], [ 128.03555332882658, -3.65958486139301 ], [ 128.034316348680363, -3.66157236315192 ], [ 128.033934564684614, -3.661955160683652 ], [ 128.033745918474949, -3.661981158636547 ], [ 128.033341676597075, -3.662036740464339 ], [ 128.032899705477291, -3.662026879172563 ], [ 128.032100204874411, -3.662207968331493 ], [ 128.031911558664774, -3.662363059512743 ], [ 128.031791184416704, -3.662682206598863 ], [ 128.031590860108338, -3.662973562687672 ], [ 128.031263873344926, -3.663211129889886 ], [ 128.030273929901824, -3.663758878934658 ], [ 128.030119419672957, -3.663903212096859 ], [ 128.029864298132253, -3.664267182576415 ], [ 128.02968283844487, -3.66459529376852 ], [ 128.028373993075917, -3.665780437563783 ], [ 128.028209601378904, -3.666473414259561 ], [ 128.028226669369332, -3.667531256045338 ], [ 128.028426095362391, -3.668188372388708 ], [ 128.028588690428819, -3.668517378616502 ], [ 128.029087255411497, -3.669222903824655 ], [ 128.029253443739066, -3.669457779945699 ], [ 128.029295664557424, -3.669758098560133 ], [ 128.029658583932189, -3.670233229296153 ], [ 128.029948739768969, -3.670452865117009 ], [ 128.030493118831174, -3.670781870510874 ], [ 128.031236923886411, -3.671530424565748 ], [ 128.031763336642882, -3.672205467384892 ], [ 128.031943898015015, -3.672425102720644 ], [ 128.032107391396693, -3.672772036793958 ], [ 128.032234053851766, -3.673045460193417 ], [ 128.032397547233472, -3.673300954113929 ], [ 128.032614939532237, -3.673520589180116 ], [ 128.032760466608266, -3.673758153578605 ], [ 128.03275866997771, -3.674633107195151 ], [ 128.032667940134019, -3.674833916100839 ], [ 128.032261901625589, -3.675194296255725 ], [ 128.032140629062212, -3.675399587373392 ], [ 128.032084933514597, -3.676566787502389 ], [ 128.032156798737333, -3.67704101814752 ], [ 128.032194527979243, -3.67760668802004 ], [ 128.032283461192378, -3.677844251330157 ], [ 128.032555650723509, -3.678209112592587 ], [ 128.032755076716569, -3.678610728748073 ], [ 128.033081165164702, -3.679121713327122 ], [ 128.033117097776056, -3.679396031243417 ], [ 128.033188962998793, -3.680052242386779 ], [ 128.033188962998793, -3.680362418524009 ], [ 128.03335155806522, -3.680709349509073 ], [ 128.033497085141249, -3.681001596177158 ], [ 128.033823173589383, -3.681367352608233 ], [ 128.034276822807868, -3.681732212427793 ], [ 128.034639742182634, -3.681933916195074 ], [ 128.034821201870045, -3.681988600319665 ], [ 128.035002661557456, -3.682097968558768 ], [ 128.035112256022103, -3.682286225332316 ], [ 128.034983796936444, -3.682625087424386 ], [ 128.034728675395769, -3.682811551166064 ], [ 128.03454182581666, -3.682904783022256 ], [ 128.034449299342384, -3.683067938747095 ], [ 128.034367552651531, -3.683278606809103 ], [ 128.034274127862005, -3.683430108490958 ], [ 128.034204059269854, -3.683616572063991 ], [ 128.034111532795578, -3.683803035597957 ], [ 128.034029786104725, -3.684013703485961 ], [ 128.034041464203426, -3.684211820901089 ], [ 128.03416902497375, -3.68436421888271 ], [ 128.034343298138879, -3.684422488692313 ], [ 128.034482537007932, -3.684457450576244 ], [ 128.03464513207436, -3.684445796615087 ], [ 128.034726878765213, -3.684422488692313 ], [ 128.034854439535565, -3.684270987179405 ], [ 128.034982898621166, -3.684189409431001 ], [ 128.035178731353113, -3.684216303195038 ], [ 128.035319766852723, -3.684295191564856 ], [ 128.035412293326999, -3.684504962877845 ], [ 128.035459005721748, -3.684622398933182 ], [ 128.035467988874586, -3.684772107469799 ], [ 128.035481463603844, -3.685066145719885 ], [ 128.0356440586703, -3.685335083058649 ], [ 128.035748263243249, -3.685603123858714 ], [ 128.035852467816227, -3.68589536891992 ], [ 128.035852467816227, -3.686175959946608 ], [ 128.0359216380931, -3.686327461135078 ], [ 128.036142623652978, -3.686339115071584 ], [ 128.036316896818079, -3.686292499324645 ], [ 128.036491169983208, -3.686246780032005 ], [ 128.036665443148337, -3.686258433969568 ], [ 128.03686307251084, -3.686351665464573 ], [ 128.03726911101927, -3.686713833871665 ], [ 128.037629335448173, -3.686971116784118 ], [ 128.037908711501558, -3.687158476070731 ], [ 128.038082984666687, -3.687217642153039 ], [ 128.038245579733115, -3.687287565699779 ], [ 128.038477345076387, -3.687568156287159 ], [ 128.038604905846768, -3.687777926828177 ], [ 128.038732466617091, -3.687742965074778 ], [ 128.038941774078296, -3.687685591938016 ], [ 128.039139403440799, -3.68763897626167 ], [ 128.039352304163145, -3.687657801823565 ], [ 128.039474475041771, -3.68774834380616 ], [ 128.039522984067133, -3.687884604990307 ], [ 128.039534662165835, -3.688047759801742 ], [ 128.039476271672356, -3.688305042328156 ], [ 128.039371168784101, -3.688456543153821 ], [ 128.039302896822505, -3.688584736139982 ], [ 128.03924270969847, -3.688876980221125 ], [ 128.039289422093248, -3.689075096552763 ], [ 128.039319066497626, -3.689310863894395 ], [ 128.039440339061002, -3.689495533327424 ], [ 128.039556221732624, -3.689659584296418 ], [ 128.039707138700351, -3.689799431000167 ], [ 128.03991824279214, -3.689863975625244 ], [ 128.040241636294411, -3.689835289125788 ], [ 128.040485978051692, -3.689765365779487 ], [ 128.040671929315522, -3.689788673562199 ], [ 128.040915372757496, -3.689894455029898 ], [ 128.041113002119999, -3.690115878908801 ], [ 128.041246851097327, -3.690186698680285 ], [ 128.041484904647632, -3.690210006451942 ], [ 128.041634024984802, -3.690251243277224 ], [ 128.041659177812761, -3.690362403405406 ], [ 128.041530718727131, -3.690537211643361 ], [ 128.041507362529728, -3.690642096569622 ], [ 128.041530718727131, -3.690746981483498 ], [ 128.041867586958659, -3.690899378344838 ], [ 128.041995147729011, -3.691028467430457 ], [ 128.042151454588435, -3.691154867141947 ], [ 128.042296981664492, -3.691249891026682 ], [ 128.042541323421744, -3.691297402965239 ], [ 128.042727274685575, -3.691285749093752 ], [ 128.042927598993941, -3.691266923608721 ], [ 128.043040786719729, -3.69130905683657 ], [ 128.04319439863329, -3.691428284896037 ], [ 128.045010792137816, -3.693851390033987 ], [ 128.046013311994898, -3.694079984516887 ], [ 128.046153449179201, -3.693940138487283 ], [ 128.046304366146956, -3.693858561626504 ], [ 128.046560386002909, -3.693776984758226 ], [ 128.046828083957564, -3.693730369401558 ], [ 128.047257478663397, -3.693649688970769 ], [ 128.04768777168448, -3.693614727448483 ], [ 128.048081233778902, -3.693532254108404 ], [ 128.048397440758947, -3.693487431637756 ], [ 128.048582493707471, -3.693458745255353 ], [ 128.048745987089177, -3.693569008532646 ], [ 128.048850191662126, -3.693709751069942 ], [ 128.048954396235104, -3.693861250973682 ], [ 128.049046922709351, -3.694048608807034 ], [ 128.049140347498877, -3.694095224146985 ], [ 128.049267908269258, -3.694118531816044 ], [ 128.049407147138282, -3.694130185650343 ], [ 128.049558962421287, -3.694130185650343 ], [ 128.049721557487743, -3.694060262642251 ], [ 128.049849118258066, -3.693943724283188 ], [ 128.049884152554171, -3.693803878232112 ], [ 128.049930864948919, -3.693547493747908 ], [ 128.050024289738474, -3.693395097341085 ], [ 128.050163528607499, -3.693383443497133 ], [ 128.050326123673926, -3.693419301478034 ], [ 128.050431226562182, -3.693524186063854 ], [ 128.050535431135131, -3.69362907063728 ], [ 128.050570465431207, -3.693839736196028 ], [ 128.05058124521463, -3.694108670879209 ], [ 128.050488718740354, -3.694295132211706 ], [ 128.050511176622479, -3.694412566973123 ], [ 128.050627957609407, -3.694469939675339 ], [ 128.050755518379759, -3.694470836123782 ], [ 128.050953147742263, -3.694470836123782 ], [ 128.051231625480341, -3.694517451441553 ], [ 128.051499323434967, -3.694482489953455 ], [ 128.051638562304049, -3.694483386401884 ], [ 128.051755343290978, -3.694553309376635 ], [ 128.05188290406133, -3.694728116789406 ], [ 128.051917040042099, -3.694868859142867 ], [ 128.051987108634279, -3.695066974137613 ], [ 128.052107482882349, -3.69539955622389 ], [ 128.052172161582803, -3.695475754258448 ], [ 128.052288942569731, -3.695558227417885 ], [ 128.052428181438756, -3.695569881233275 ], [ 128.05256742030781, -3.695453343072492 ], [ 128.05275337157164, -3.695313497259344 ], [ 128.052951000934144, -3.695231920524827 ], [ 128.05315941008007, -3.695224748943412 ], [ 128.053532210922953, -3.695384316616193 ], [ 128.053799908877636, -3.695489200969748 ], [ 128.054148455207866, -3.695536712681381 ], [ 128.054473645340721, -3.695689108720385 ], [ 128.054612884209774, -3.69582895447432 ], [ 128.054692834270043, -3.696018104785908 ], [ 128.054786259059568, -3.696365926106668 ], [ 128.054844649553047, -3.696541629608598 ], [ 128.055018922718176, -3.696763948275434 ], [ 128.05519589082914, -3.696899311629959 ], [ 128.055448317424009, -3.696962959292826 ], [ 128.05562259058911, -3.696951305495741 ], [ 128.055843576149016, -3.69689303650802 ], [ 128.056053781925499, -3.696846421315088 ], [ 128.056238834874023, -3.696834767516472 ], [ 128.056424786137825, -3.696882279156024 ], [ 128.056619720554465, -3.696945030374171 ], [ 128.056773332468083, -3.696998817129049 ], [ 128.056970961830586, -3.697162866711276 ], [ 128.05716859119309, -3.697420146596046 ], [ 128.057319508160816, -3.697594953443802 ], [ 128.057435390832467, -3.697700733981089 ], [ 128.057621342096269, -3.697712387768322 ], [ 128.057693207319005, -3.697681908632156 ], [ 128.0579815665252, -3.697514273364506 ], [ 128.058167517789002, -3.697374427876333 ], [ 128.058331011170736, -3.697316158916418 ], [ 128.058505284335865, -3.697292851331378 ], [ 128.058609488908814, -3.697374427876333 ], [ 128.058713693481792, -3.697480208439931 ], [ 128.058725371580465, -3.697643361487855 ], [ 128.058783762073915, -3.69787733366352 ], [ 128.058817898054741, -3.698075447986206 ], [ 128.059003849318543, -3.698227843588913 ], [ 128.059108053891492, -3.698332727606144 ], [ 128.059340717550072, -3.698344381385069 ], [ 128.059468278320423, -3.698274458709214 ], [ 128.059666805998205, -3.698134613340955 ], [ 128.059707230186007, -3.698093376882002 ], [ 128.059794366768557, -3.698006421734006 ], [ 128.060015352328435, -3.697901537678168 ], [ 128.06022465978964, -3.697784999823793 ], [ 128.060480679645622, -3.697726730890863 ], [ 128.060794191679776, -3.697739281122895 ], [ 128.060839107443996, -3.697748245574237 ], [ 128.061131059911332, -3.697809203840964 ], [ 128.061433792162063, -3.697856715428299 ], [ 128.061690710333323, -3.697942774146046 ], [ 128.061782338492321, -3.697973253273245 ], [ 128.062037460033025, -3.698055726200411 ], [ 128.062281801790277, -3.698207225361843 ], [ 128.062386006363226, -3.698452851166186 ], [ 128.062490210936204, -3.698616900479352 ], [ 128.063187303596692, -3.698944102570672 ], [ 128.063928413706066, -3.699247997007561 ], [ 128.064418893851212, -3.699341227138403 ], [ 128.064633591204114, -3.699464936335338 ], [ 128.064665930554355, -3.699726697767571 ], [ 128.064525793370024, -3.700222430679043 ], [ 128.064283248243299, -3.700754917439512 ], [ 128.06417095883279, -3.700988888793651 ], [ 128.064198806606584, -3.701221963644374 ], [ 128.064339842106193, -3.701479242350683 ], [ 128.06444045341803, -3.701662116368264 ], [ 128.064661438977936, -3.702085236499466 ], [ 128.065029748244399, -3.702426780356213 ], [ 128.065643297583449, -3.702548696241676 ], [ 128.065900215754738, -3.702682265832213 ], [ 128.066103235008939, -3.70288844703979 ], [ 128.066624257873741, -3.70390680221289 ], [ 128.067089585190871, -3.704487694427688 ], [ 128.067635760883661, -3.704925156214285 ], [ 128.068168461847137, -3.705087411453101 ], [ 128.068862859561762, -3.705358135597479 ], [ 128.069153913713791, -3.705649477713287 ], [ 128.069506053305162, -3.706098592602315 ], [ 128.069953414316672, -3.706444617091832 ], [ 128.07042682647139, -3.706654383167239 ], [ 128.071283819252443, -3.706848013346533 ], [ 128.071616195907552, -3.706892835141252 ], [ 128.072144405294637, -3.706964550008078 ], [ 128.073042720578741, -3.70691524603776 ], [ 128.073955408907409, -3.70675030182617 ], [ 128.075796955239866, -3.706351387709016 ], [ 128.076412301209473, -3.706236643839752 ], [ 128.077086037672586, -3.706260847625913 ], [ 128.077445363786211, -3.706340630471905 ], [ 128.077631315050041, -3.706565635987562 ], [ 128.077854995555782, -3.707065847247562 ], [ 128.078005912523537, -3.70740201056978 ], [ 128.078884464871379, -3.708856923954675 ], [ 128.079387521430476, -3.70941809138556 ], [ 128.079786373416624, -3.70980176475941 ], [ 128.080151089422003, -3.710024976528764 ], [ 128.082800221194844, -3.712716959811471 ], [ 128.083425448632596, -3.71326916049624 ], [ 128.084735192316856, -3.714425553668324 ], [ 128.085879645988825, -3.715555052513203 ], [ 128.085842815062165, -3.715835634144919 ], [ 128.085675728419318, -3.717134555615761 ], [ 128.085337961872483, -3.718171719281309 ], [ 128.084909465481985, -3.719345138067988 ], [ 128.084639072581439, -3.720337478022883 ], [ 128.084391137563017, -3.721216867780635 ], [ 128.083738960666778, -3.722476338840469 ], [ 128.083941979920979, -3.722605423317087 ], [ 128.084324662232007, -3.722706718761184 ], [ 128.084962466083738, -3.722670861968145 ], [ 128.085538286180849, -3.722379525470588 ], [ 128.086019783173157, -3.722177830915821 ], [ 128.086226395688499, -3.722120460011805 ], [ 128.086575840334007, -3.721962690006491 ], [ 128.08717142336738, -3.721707210108407 ], [ 128.087650225413825, -3.721444558767513 ], [ 128.087907143585085, -3.721258999581857 ], [ 128.088359894488292, -3.720841267165801 ], [ 128.088390437207948, -3.720816167357669 ], [ 128.088844984741684, -3.720439670149895 ], [ 128.088910561757444, -3.720382299132681 ], [ 128.089279769339214, -3.720063172781247 ], [ 128.089383973912192, -3.72000580173952 ], [ 128.089510636367237, -3.719934984354737 ], [ 128.089560043707849, -3.719907195252824 ], [ 128.089664248280798, -3.719848927778228 ], [ 128.089944522649461, -3.719731496394641 ], [ 128.090021777763894, -3.719699225171984 ], [ 128.090202339135999, -3.719564761731525 ], [ 128.090265221205897, -3.719467948041691 ], [ 128.090307442024255, -3.719400716306382 ], [ 128.090340679689774, -3.719348723760894 ], [ 128.090506868017314, -3.719213363843599 ], [ 128.090696412542258, -3.719078003905517 ], [ 128.0907404299912, -3.719046629082464 ], [ 128.090751209774595, -3.719042146964794 ], [ 128.090918296417442, -3.719180196178574 ], [ 128.090876075599084, -3.719219638807112 ], [ 128.090991059955456, -3.719325416756748 ], [ 128.091104247681244, -3.719208881726777 ], [ 128.090984771748452, -3.71911027515092 ], [ 128.090944347560679, -3.719153303476287 ], [ 128.090776362602554, -3.718995532939673 ], [ 128.090866194130967, -3.718846726612217 ], [ 128.090866194130967, -3.718836865951075 ], [ 128.090855414347573, -3.71866654542306 ], [ 128.090857210978129, -3.718510567647483 ], [ 128.090887753697785, -3.718401203903323 ], [ 128.090920991363305, -3.718384171843584 ], [ 128.090971297019195, -3.718394928933983 ], [ 128.091063823493471, -3.718397618206562 ], [ 128.091102451050688, -3.71836534693507 ], [ 128.091124010617506, -3.718293632994191 ], [ 128.091124908932812, -3.718245226080799 ], [ 128.091074603276866, -3.718214747652486 ], [ 128.091031484143258, -3.718210265530587 ], [ 128.09115545165244, -3.718039048456959 ], [ 128.091377335527625, -3.717797910218343 ], [ 128.091708813867484, -3.717504779259546 ], [ 128.092012444433493, -3.717209855352511 ], [ 128.092222650209976, -3.717070012979144 ], [ 128.09250651783978, -3.716945409820088 ], [ 128.092853267539425, -3.716817220940245 ], [ 128.093215288598941, -3.716700685578766 ], [ 128.093230559958755, -3.71669620344917 ], [ 128.093451545518661, -3.716609250130515 ], [ 128.093584496180711, -3.716535743194658 ], [ 128.093690497384245, -3.716478371923391 ], [ 128.093765955868093, -3.716455961269539 ], [ 128.094119892090049, -3.716352872254486 ], [ 128.094315724821996, -3.716280261723608 ], [ 128.094365132162608, -3.716430861336548 ], [ 128.094350759118072, -3.716441618450775 ], [ 128.094361538901467, -3.71647209694037 ], [ 128.094380403522422, -3.71647030408807 ], [ 128.094392081621123, -3.716507057559491 ], [ 128.09437231868489, -3.716516021820582 ], [ 128.094385793414148, -3.716548293159751 ], [ 128.094420827710223, -3.716534846768574 ], [ 128.09440914961155, -3.71650347185503 ], [ 128.094402861404546, -3.71650347185503 ], [ 128.09439387825168, -3.716466718383459 ], [ 128.094410946242107, -3.716454168417207 ], [ 128.094399268143405, -3.716426379205582 ], [ 128.094379505207144, -3.716423689926991 ], [ 128.094331894497117, -3.716273986739177 ], [ 128.094406454665688, -3.716210340466003 ], [ 128.094507065977496, -3.716154762026516 ], [ 128.094568151416809, -3.716121594246446 ], [ 128.094725356591567, -3.716055258682561 ], [ 128.094740627951381, -3.71602746945837 ], [ 128.094759492572337, -3.716007748072931 ], [ 128.094792730237856, -3.715991612393606 ], [ 128.094914002801204, -3.71597278743402 ], [ 128.095049648409116, -3.715919001832993 ], [ 128.095205056953262, -3.715859837668074 ], [ 128.095359567182129, -3.715818602035633 ], [ 128.095578756111451, -3.715785434242923 ], [ 128.095636248289651, -3.715774677120695 ], [ 128.095790758518518, -3.715745095033892 ], [ 128.095919217604148, -3.715719098653762 ], [ 128.095954251900224, -3.715711030811497 ], [ 128.095970421575345, -3.71568144872256 ], [ 128.095980303043461, -3.715673380879951 ], [ 128.096002760925558, -3.715654555913576 ], [ 128.096137508218192, -3.71560883813642 ], [ 128.096309984752736, -3.715551466804873 ], [ 128.096634276570285, -3.715479752635192 ], [ 128.096707040108299, -3.715457341955972 ], [ 128.096753752503076, -3.715442999120973 ], [ 128.096884906534569, -3.715392799196637 ], [ 128.096965754910116, -3.715365009951581 ], [ 128.097069061167815, -3.715321981441379 ], [ 128.097223571396682, -3.715262817236425 ], [ 128.09741940412863, -3.715206342309815 ], [ 128.097590084032618, -3.715128353119504 ], [ 128.097832629159313, -3.71500643896912 ], [ 128.097801188124379, -3.714965203296794 ], [ 128.097794001602097, -3.714955342592257 ], [ 128.097845205573293, -3.714932931899718 ], [ 128.098098530483412, -3.714819085572828 ], [ 128.098103022059831, -3.714760817762044 ], [ 128.098197345164664, -3.714749164199427 ], [ 128.098362635176954, -3.714689999956067 ], [ 128.098518942036407, -3.714639799988894 ], [ 128.098643807860896, -3.714571671457449 ], [ 128.098779453468779, -3.714516989342878 ], [ 128.098842335538677, -3.714432725094122 ], [ 128.099047151423434, -3.714303639420848 ], [ 128.09911542338503, -3.714231028721335 ], [ 128.099302272964138, -3.714102839447118 ], [ 128.099435223626188, -3.713993475156497 ], [ 128.099501698957226, -3.713923553717687 ], [ 128.099543919775584, -3.713837496554624 ], [ 128.099569072603543, -3.713768471532354 ], [ 128.099626564781687, -3.713614285748829 ], [ 128.099821499198356, -3.713169656826929 ], [ 128.099916720618467, -3.712955410149535 ], [ 128.100020026876138, -3.71259594175812 ], [ 128.100031704974839, -3.712552913112932 ], [ 128.100178130366146, -3.712163862350836 ], [ 128.10018441857315, -3.712145037309613 ], [ 128.100256283795886, -3.711928101091323 ], [ 128.10025538548058, -3.711868040228079 ], [ 128.100249995588882, -3.711849215180551 ], [ 128.100276945047398, -3.71175867566064 ], [ 128.100295809668353, -3.711743436334594 ], [ 128.100308386082332, -3.711700407647867 ], [ 128.100502422183723, -3.711054080663781 ], [ 128.100550032893779, -3.710945612427321 ], [ 128.100544643002081, -3.710933958814347 ], [ 128.10054104974094, -3.710925890928353 ], [ 128.10052847332696, -3.710910651587938 ], [ 128.100550931209057, -3.710884655065449 ], [ 128.100579677298157, -3.710855969246642 ], [ 128.100703644807368, -3.710734950938294 ], [ 128.100777306660689, -3.710675786425958 ], [ 128.100974936023164, -3.710544010906969 ], [ 128.100981224230168, -3.710526978695596 ], [ 128.100978529284305, -3.710511739348301 ], [ 128.100967749500882, -3.710460642711334 ], [ 128.100952478141068, -3.710418510394419 ], [ 128.100961461293906, -3.710370999481444 ], [ 128.100983919176031, -3.710313627809543 ], [ 128.100999190535845, -3.710170198613489 ], [ 128.101056682714017, -3.70991112956911 ], [ 128.101051292822319, -3.709792800430146 ], [ 128.101053987768154, -3.709770389606588 ], [ 128.101079140596141, -3.709567795735828 ], [ 128.101092615325399, -3.709514906177852 ], [ 128.101144717611845, -3.709441398651341 ], [ 128.101248922184823, -3.70934368741761 ], [ 128.101410618935972, -3.709221772468631 ], [ 128.101433975133347, -3.709185915127495 ], [ 128.101455534700165, -3.709165297155685 ], [ 128.101498653833801, -3.709110614706376 ], [ 128.101546264543856, -3.709050553651599 ], [ 128.10159387525394, -3.708979735387737 ], [ 128.101643282594551, -3.708888299139927 ], [ 128.101686401728188, -3.708809412957746 ], [ 128.101797792823419, -3.708668672819778 ], [ 128.101844505218196, -3.708601440261884 ], [ 128.102087050344892, -3.708340577888844 ], [ 128.102317019057637, -3.708088679785465 ], [ 128.102395172487348, -3.708006207792962 ], [ 128.102412240477776, -3.70798469335887 ], [ 128.102449071404408, -3.708008897097186 ], [ 128.102476919178201, -3.707982900489338 ], [ 128.102495783799156, -3.707982900489338 ], [ 128.102548784400938, -3.707929114401709 ], [ 128.102610768155529, -3.707867260396889 ], [ 128.10265568391975, -3.707818852911838 ], [ 128.102692514846382, -3.707796442038231 ], [ 128.1027140744132, -3.707788374123594 ], [ 128.102783244690102, -3.70773369158911 ], [ 128.10287936442549, -3.707625222945128 ], [ 128.102948534702392, -3.707559783178275 ], [ 128.103030281393245, -3.707457589560074 ], [ 128.103152452271871, -3.707312367029683 ], [ 128.103201859612483, -3.707241548626583 ], [ 128.10321982591816, -3.707251409417227 ], [ 128.1032979793479, -3.70710977259559 ], [ 128.103276419781082, -3.707081983089949 ], [ 128.103253063583708, -3.707071225861724 ], [ 128.103298877663178, -3.706973514366023 ], [ 128.103386014245729, -3.706825602448321 ], [ 128.103430031694643, -3.706698308535704 ], [ 128.103453387892046, -3.706564739551358 ], [ 128.103452489576767, -3.706440134910191 ], [ 128.103451591261489, -3.706432963419517 ], [ 128.103438116532232, -3.706300290831573 ], [ 128.103416556965385, -3.706264433371955 ], [ 128.103426438433502, -3.706256365443341 ], [ 128.103446201369792, -3.706239333149357 ], [ 128.103429133379365, -3.706223197291598 ], [ 128.10341835359597, -3.706230368783972 ], [ 128.10338511593045, -3.706253676133787 ], [ 128.103351878264959, -3.706173893279952 ], [ 128.103298877663178, -3.706116521335667 ], [ 128.10322791075572, -3.706047495710269 ], [ 128.103056332536482, -3.705891515705764 ], [ 128.102931466711993, -3.705815318567127 ], [ 128.102843431814136, -3.70575615372554 ], [ 128.102811990779173, -3.705740017858966 ], [ 128.102756295231586, -3.705682645886542 ], [ 128.102710481152059, -3.705653959898935 ], [ 128.102726650827208, -3.705629756096168 ], [ 128.102761685123284, -3.705653959898935 ], [ 128.102780549744239, -3.705619895287443 ], [ 128.102794024473496, -3.705595691483744 ], [ 128.102718565989647, -3.705552662497755 ], [ 128.102749108709304, -3.705482740391059 ], [ 128.102846126759999, -3.705540112376447 ], [ 128.102858703173979, -3.705522183631413 ], [ 128.102919788613292, -3.705546387437123 ], [ 128.102898229046474, -3.705592105734991 ], [ 128.102948534702392, -3.705616309538789 ], [ 128.1030203999251, -3.705480947516456 ], [ 128.102973687530351, -3.705460329458255 ], [ 128.102952127963533, -3.705497083387754 ], [ 128.10285421159756, -3.705451365084975 ], [ 128.102936856603691, -3.705326760286976 ], [ 128.103045552753088, -3.705188708907551 ], [ 128.103162333740016, -3.705088307890802 ], [ 128.10319018151381, -3.705033625189386 ], [ 128.103132689335638, -3.704993285489456 ], [ 128.103071603896296, -3.704984321111444 ], [ 128.102980874052605, -3.70500404274295 ], [ 128.102919788613292, -3.705044382442391 ], [ 128.102865889696233, -3.70510713308231 ], [ 128.102759888492727, -3.705160022903926 ], [ 128.102743718817607, -3.705103547331577 ], [ 128.102740125556466, -3.7050901007662 ], [ 128.102736532295324, -3.704969978106435 ], [ 128.102777854798404, -3.70483820173704 ], [ 128.10284972002114, -3.704698357405197 ], [ 128.102907212199312, -3.704542377162839 ], [ 128.103142570803755, -3.704188283981873 ], [ 128.103103044931231, -3.704168562332186 ], [ 128.102851516651697, -3.704041268037266 ], [ 128.102821872247318, -3.704088779290329 ], [ 128.102590106903989, -3.703947141962348 ], [ 128.102361036506551, -3.703936384696005 ], [ 128.102271204978138, -3.703883494801254 ], [ 128.102113101488158, -3.703790265148573 ], [ 128.102019676698603, -3.703709585633519 ], [ 128.101963981150988, -3.703654902846912 ], [ 128.101673825314208, -3.703158275417166 ], [ 128.101630706180572, -3.703055184850801 ], [ 128.101612739874895, -3.703011259301484 ], [ 128.10164418090983, -3.702971815949221 ], [ 128.101659452269672, -3.702939544114243 ], [ 128.101634299441713, -3.702873207560873 ], [ 128.101285753111483, -3.702398990703501 ], [ 128.100940800042366, -3.702036828698087 ], [ 128.100901274169871, -3.702006349710676 ], [ 128.100738679103443, -3.701978560044771 ], [ 128.100707238068509, -3.701955252582368 ], [ 128.100688373447554, -3.701893398159946 ], [ 128.100715322906069, -3.701836922379179 ], [ 128.100765628561959, -3.701744588952071 ], [ 128.100821324109575, -3.701644187544681 ], [ 128.100854561775094, -3.701420973660679 ], [ 128.100821324109575, -3.701302643386104 ], [ 128.100611118333092, -3.701008610514165 ], [ 128.100568897514762, -3.700949445351307 ], [ 128.100398217610774, -3.700690373606804 ], [ 128.099713701364266, -3.700864283367529 ], [ 128.09888275972645, -3.701114390643968 ], [ 128.098845928799818, -3.701005024746831 ], [ 128.098803707981432, -3.701027435792426 ], [ 128.098393177896611, -3.701249753334021 ], [ 128.097741899315622, -3.701494481853591 ], [ 128.097390658039558, -3.701585022424281 ], [ 128.096758244079496, -3.701605640572746 ], [ 128.096530071997336, -3.701612812102536 ], [ 128.096504020854098, -3.700856215389695 ], [ 128.096494139385982, -3.700154301036764 ], [ 128.096483359602587, -3.699833374493461 ], [ 128.096539055150174, -3.69983606382252 ], [ 128.096486054548421, -3.699793034556608 ], [ 128.096410596064544, -3.699796620328848 ], [ 128.096358493778069, -3.699826202949266 ], [ 128.096239017845278, -3.699893436173815 ], [ 128.096043185113331, -3.70000011287963 ], [ 128.095906641190169, -3.70013099352636 ], [ 128.095816809661727, -3.700161472578303 ], [ 128.095770995582257, -3.700160576135614 ], [ 128.095712605088778, -3.700158783250233 ], [ 128.095622773560365, -3.700143543724347 ], [ 128.095515874041553, -3.699478382986138 ], [ 128.09544580544943, -3.69904540072788 ], [ 128.095356872236295, -3.698897487485588 ], [ 128.095217633367241, -3.69865634402553 ], [ 128.094984071393384, -3.698250254704748 ], [ 128.094815188119952, -3.697836993637639 ], [ 128.094672355989786, -3.697466761758817 ], [ 128.094628338540872, -3.697227410800881 ], [ 128.09445945526744, -3.696681475228111 ], [ 128.094440590646485, -3.696563144320727 ], [ 128.094636423378432, -3.696214426630631 ], [ 128.094759492572337, -3.696114024596749 ], [ 128.094894239864971, -3.696042308851303 ], [ 128.094914901116482, -3.696027965701519 ], [ 128.094940952259748, -3.696017208339029 ], [ 128.095123310262409, -3.696003761635732 ], [ 128.095280515437139, -3.696003761635732 ], [ 128.095729673079177, -3.696178568762692 ], [ 128.095988387881022, -3.696350686515575 ], [ 128.096218356593766, -3.696571212337641 ], [ 128.096423172478524, -3.696720918860396 ], [ 128.096583072599117, -3.696790841658773 ], [ 128.096729497990395, -3.696824906609831 ], [ 128.096804058158995, -3.696775602074982 ], [ 128.09681034636597, -3.696774705628868 ], [ 128.096842685716211, -3.696750501583459 ], [ 128.096857957076026, -3.696728090429714 ], [ 128.096957670072555, -3.69657838390817 ], [ 128.096911855993085, -3.69633186113798 ], [ 128.096625293417446, -3.695811921979827 ], [ 128.096463596666325, -3.695682833589885 ], [ 128.096248899313395, -3.69566221530364 ], [ 128.096134813272329, -3.695643389911434 ], [ 128.096092592453999, -3.69563173609701 ], [ 128.096076422778879, -3.695563606101931 ], [ 128.096063846364899, -3.695512508602187 ], [ 128.096001862610279, -3.695489200969748 ], [ 128.095876098470512, -3.695572570575267 ], [ 128.095783571996236, -3.695628150307925 ], [ 128.095710808458222, -3.69567117977598 ], [ 128.095624570190921, -3.69571331279476 ], [ 128.095488026267759, -3.695654147278458 ], [ 128.095416161045023, -3.695575259917249 ], [ 128.095411669468604, -3.695466789784133 ], [ 128.095592230840708, -3.695047252284914 ], [ 128.095651519649465, -3.694975536453227 ], [ 128.09574853770016, -3.694781903678714 ], [ 128.095683858999706, -3.694573927688651 ], [ 128.095681164053843, -3.694570341895293 ], [ 128.095543721815375, -3.694408084730607 ], [ 128.095469161646804, -3.694262860060809 ], [ 128.095092767542752, -3.693889937343074 ], [ 128.095062224823096, -3.693815532070543 ], [ 128.095103547326147, -3.69365237831858 ], [ 128.095349685714012, -3.693201464221729 ], [ 128.095399991369902, -3.69314140208816 ], [ 128.095533840347258, -3.692984523361909 ], [ 128.095647926388352, -3.692758617947401 ], [ 128.095728774763899, -3.692608014305792 ], [ 128.095774588843398, -3.692523747971364 ], [ 128.095782673680958, -3.692413484564234 ], [ 128.095720689926338, -3.69234356142091 ], [ 128.095677570792702, -3.692308599847183 ], [ 128.095357770551573, -3.692290670834481 ], [ 128.09520595526854, -3.692330114661947 ], [ 128.094984969708662, -3.692436792277452 ], [ 128.094853815677169, -3.692381212344923 ], [ 128.094764882464034, -3.692244951850454 ], [ 128.094750509419498, -3.692197439962597 ], [ 128.094681339142625, -3.691961673387131 ], [ 128.094659779575807, -3.691556477453394 ], [ 128.094652593053524, -3.69142469908997 ], [ 128.094666067782782, -3.690833040890762 ], [ 128.094565456470974, -3.690515696785162 ], [ 128.094470235050835, -3.690358817595036 ], [ 128.094344470911068, -3.690026233620347 ], [ 128.094165706169548, -3.689775226764554 ], [ 128.093978856590439, -3.689587868029546 ], [ 128.093800091848919, -3.689415748965436 ], [ 128.093690497384245, -3.689305485172471 ], [ 128.093535088840071, -3.689274109293923 ], [ 128.093371595458365, -3.689289349006499 ], [ 128.093184745879284, -3.689336861049911 ], [ 128.092881115313276, -3.689312656801697 ], [ 128.092709537093981, -3.689308174533438 ], [ 128.092592756107052, -3.689304588718813 ], [ 128.092473280174261, -3.68924631922914 ], [ 128.09235739750261, -3.689189842643197 ], [ 128.092289125541015, -3.689101093715176 ], [ 128.092289125541015, -3.68897559016547 ], [ 128.092235226623956, -3.688850086598042 ], [ 128.092126530474587, -3.688670795756682 ], [ 128.091978308452724, -3.688482540334328 ], [ 128.091853442628235, -3.688419788518015 ], [ 128.091713305443903, -3.688380344516922 ], [ 128.091557896899758, -3.688451164426724 ], [ 128.09143303107524, -3.688521087876437 ], [ 128.091324334925872, -3.688575771596096 ], [ 128.091230910136318, -3.688497780060477 ], [ 128.091192282579101, -3.688380344516922 ], [ 128.09117611290398, -3.688254840865436 ], [ 128.091177011219258, -3.688082721543152 ], [ 128.091230910136318, -3.687950046209478 ], [ 128.091285707368655, -3.68784785033085 ], [ 128.09132523324115, -3.687746550895703 ], [ 128.09132523324115, -3.687644354993681 ], [ 128.091239893289156, -3.687574431475001 ], [ 128.091099756104825, -3.687511679594581 ], [ 128.090966805442775, -3.687503611495349 ], [ 128.090819481736219, -3.687487475296664 ], [ 128.090523037692464, -3.687518851238281 ], [ 128.090281390880989, -3.68754215907991 ], [ 128.09008645646432, -3.68753319452551 ], [ 128.089962488955138, -3.68749464694056 ], [ 128.089853792805769, -3.68738527936486 ], [ 128.089860979328023, -3.687275911775704 ], [ 128.089853792805769, -3.687079587954865 ], [ 128.089807080410992, -3.686837544828409 ], [ 128.089791809051178, -3.686524681578441 ], [ 128.089799893888738, -3.686414417426861 ], [ 128.089745994971679, -3.68613293001855 ], [ 128.089722638774276, -3.685906126405004 ], [ 128.089745994971679, -3.685796758633928 ], [ 128.089824148401391, -3.685726834969965 ], [ 128.089909488353385, -3.685640775068308 ], [ 128.089972370423254, -3.685515271030134 ], [ 128.089995726620657, -3.685389766974251 ], [ 128.08994092938832, -3.685296535378417 ], [ 128.089863674273886, -3.68520240731502 ], [ 128.089762164646771, -3.685139655267221 ], [ 128.089638197137589, -3.685068835093675 ], [ 128.089536687510474, -3.685092142999516 ], [ 128.089411821685985, -3.68518627107458 ], [ 128.089341753093834, -3.685272331020209 ], [ 128.089271684501654, -3.685396938635063 ], [ 128.089193531071942, -3.685499134795368 ], [ 128.089061478725171, -3.685529614349678 ], [ 128.088928528063121, -3.685482998560311 ], [ 128.088819831913725, -3.685459690664712 ], [ 128.088741678484013, -3.685396938635063 ], [ 128.088711135764356, -3.685287570801379 ], [ 128.088719220601917, -3.68512262256777 ], [ 128.088765932996694, -3.684998014914491 ], [ 128.088867442623808, -3.684920023065068 ], [ 128.088984223610737, -3.684833963085357 ], [ 128.089077648400291, -3.684700390808695 ], [ 128.089070461878009, -3.68459102288938 ], [ 128.089087529868408, -3.684491516000292 ], [ 128.089132445632629, -3.684458347034789 ], [ 128.089241141781997, -3.684411731189289 ], [ 128.089342651409112, -3.684380355138059 ], [ 128.089412720001263, -3.684333739288472 ], [ 128.089474703755855, -3.684254850922072 ], [ 128.089529500988192, -3.684122175017355 ], [ 128.089560942023127, -3.684036114960473 ], [ 128.089490873431004, -3.683762694932863 ], [ 128.089421703154102, -3.683551130525982 ], [ 128.089358821084204, -3.683402318243555 ], [ 128.089219582215179, -3.683238266120238 ], [ 128.089197124333083, -3.683161170576431 ], [ 128.089226768737461, -3.683003393628755 ], [ 128.089281565969799, -3.682791829041387 ], [ 128.08930582048248, -3.682596400691431 ], [ 128.089337261517414, -3.682400972298573 ], [ 128.089383973912192, -3.682220783696502 ], [ 128.089352532877228, -3.682017287072204 ], [ 128.089282464285077, -3.681837098392481 ], [ 128.089150411938306, -3.681727730121334 ], [ 128.089010274753974, -3.681633601680492 ], [ 128.088800068977491, -3.681562781227965 ], [ 128.088730000385311, -3.681500925385074 ], [ 128.088699457665683, -3.681335976449694 ], [ 128.088660830108466, -3.681203300109932 ], [ 128.088652745270878, -3.68105448743506 ], [ 128.088528777761695, -3.680928982750177 ], [ 128.088341928182587, -3.680780170029469 ], [ 128.087993381852357, -3.680556950901786 ], [ 128.087804735642663, -3.680443100160501 ], [ 128.087571173668806, -3.680380347777194 ], [ 128.087360967892351, -3.680380347777194 ], [ 128.087002540093977, -3.680450271861169 ], [ 128.086698909527911, -3.680481648050912 ], [ 128.086371922764499, -3.680465511724896 ], [ 128.086079071981885, -3.680430549684194 ], [ 128.085788017829856, -3.680300562597749 ], [ 128.085474505795673, -3.679938391580988 ], [ 128.085422403509199, -3.679768063576652 ], [ 128.085337063557205, -3.679549326512797 ], [ 128.085321792197391, -3.679283076817525 ], [ 128.08536850459214, -3.678907458425263 ], [ 128.085337961872483, -3.678563216131975 ], [ 128.085314605675109, -3.67814098126254 ], [ 128.08526879159561, -3.677803910395166 ], [ 128.085175366806084, -3.677413051463829 ], [ 128.085121467889024, -3.677194313821963 ], [ 128.084949889669758, -3.677045500477557 ], [ 128.084794481125613, -3.676982747855001 ], [ 128.084529478116792, -3.677084048514938 ], [ 128.084225847550755, -3.677334162484426 ], [ 128.08374255392792, -3.677561864746881 ], [ 128.083540432988997, -3.677575311729065 ], [ 128.083086783770483, -3.677448910088523 ], [ 128.082828967283973, -3.67730816497832 ], [ 128.082654694118844, -3.677107356629754 ], [ 128.082627744660329, -3.676923581092545 ], [ 128.082680745262081, -3.676667191743201 ], [ 128.082777763312748, -3.676369564853594 ], [ 128.082785848150309, -3.676166963359868 ], [ 128.082731949233278, -3.676064766128753 ], [ 128.082607083408789, -3.675900712654316 ], [ 128.082413047307426, -3.675767139038086 ], [ 128.082132772938763, -3.675774310776379 ], [ 128.081921668847002, -3.675876508040778 ], [ 128.081633309640779, -3.676024425113246 ], [ 128.081439273539416, -3.676094349538964 ], [ 128.08126769532015, -3.676094349538964 ], [ 128.08108084574107, -3.676086281336276 ], [ 128.080738587617788, -3.675976912359311 ], [ 128.080494245860535, -3.675708868662324 ], [ 128.080263378832512, -3.67538165802002 ], [ 128.080202293393199, -3.674849156060585 ], [ 128.080249005787977, -3.674294242064315 ], [ 128.080234632743412, -3.67378594412675 ], [ 128.080211276546038, -3.673261509443256 ], [ 128.08003251180449, -3.672807895605216 ], [ 128.079725287977311, -3.672544333308851 ], [ 128.078925787374459, -3.67206561791846 ], [ 128.078818887855647, -3.671906046064618 ], [ 128.078811701333365, -3.671765300079973 ], [ 128.078842244053021, -3.671538492809627 ], [ 128.078897041285359, -3.671319753727525 ], [ 128.078998550912473, -3.670991645003905 ], [ 128.079139586412083, -3.670733461005485 ], [ 128.079817814451559, -3.66999835337899 ], [ 128.079973222995733, -3.669842367048731 ], [ 128.079997477508414, -3.66967024416994 ], [ 128.079966036473479, -3.66956087440681 ], [ 128.079857340324082, -3.669458676419325 ], [ 128.079647134547599, -3.669387855000088 ], [ 128.079390216376339, -3.669403095052802 ], [ 128.079156654402482, -3.669450608156658 ], [ 128.078922194113318, -3.669504396573067 ], [ 128.078073286169825, -3.66983250584303 ], [ 128.077644789779299, -3.669910499012425 ], [ 128.077068969682188, -3.669815472851106 ], [ 128.076640473291633, -3.669686380691235 ], [ 128.076088009391924, -3.669298207625913 ], [ 128.075613698921899, -3.668398147490723 ], [ 128.075203168837049, -3.667672002697057 ], [ 128.074081173047176, -3.66543350077569 ], [ 128.073557455236539, -3.664285112152864 ], [ 128.073528709147467, -3.662392643376635 ], [ 128.073716457041854, -3.660158610662135 ], [ 128.073748796392067, -3.658545836390704 ], [ 128.072700462455515, -3.656899889227562 ], [ 128.071452702525875, -3.656048226927281 ], [ 128.070495098432986, -3.655812450800126 ], [ 128.06984651479786, -3.655811554312831 ], [ 128.069347051499875, -3.655555158910022 ], [ 128.069082048491083, -3.655201942745543 ], [ 128.068935623099748, -3.65469363396015 ], [ 128.068751468466502, -3.653700324250102 ], [ 128.068319378814834, -3.652924860580349 ], [ 128.067486640546463, -3.652147603258636 ], [ 128.066776971472024, -3.651589089219744 ], [ 128.065838232000118, -3.650751765756127 ], [ 128.065291157992107, -3.650949890543412 ], [ 128.064673117076609, -3.651095122260171 ], [ 128.064110771708755, -3.651149808270889 ], [ 128.062457871585963, -3.651129188955764 ], [ 128.061821864364816, -3.651073606451764 ], [ 128.06165926929836, -3.650891618551689 ], [ 128.061531708528037, -3.65069080427432 ], [ 128.061460741620579, -3.649413301681609 ], [ 128.061424809009225, -3.648866440367292 ], [ 128.061334079165533, -3.648646799253913 ], [ 128.060862463641399, -3.648135797272171 ], [ 128.060627105036929, -3.64795291228178 ], [ 128.060408814422885, -3.647898226076445 ], [ 128.06004589504812, -3.647879399677117 ], [ 128.056468803586768, -3.647802301085277 ], [ 128.056214580361342, -3.647765544777537 ], [ 128.056069053285313, -3.647656172340736 ], [ 128.05579686375421, -3.647437427427207 ], [ 128.055143788542694, -3.647162203218571 ], [ 128.054308355328459, -3.646760572951827 ], [ 128.054271524401798, -3.6467480220031 ], [ 128.053746009960577, -3.64657768768162 ], [ 128.053455854123797, -3.646303359706554 ], [ 128.05276594798562, -3.645718843611234 ], [ 128.051568493711869, -3.644513053840126 ], [ 128.050244376983073, -3.643162029477677 ], [ 128.049899423913985, -3.642924456967989 ], [ 128.049664065309543, -3.642741570917808 ], [ 128.049463741001176, -3.642668057887167 ], [ 128.04833815195019, -3.642612474860011 ] ] ] } },
{ "type": "Feature", "properties": { "FID": 39, "Provinsi": "MALUKU", "Kode_Prov": "81", "Kota_Kab": "KOTA AMBON", "Kode_Kab": "8171", "Kecamatan": "Teluk Ambon", "Kode_Kec": "817130", "Kelurahan": "Wayame", "Kode_Kel": "81713004", "Sumber": "Wilkerstat BPS Tahun 2019", "city": "ambon", "source_layer": "Wilayah Administrasi", "role": "admin" }, "geometry": { "type": "Polygon", "coordinates": [ [ [ 128.159509159936391, -3.641442540991983 ], [ 128.158863271247128, -3.641394129902615 ], [ 128.158074550427642, -3.641448816503377 ], [ 128.15775205524065, -3.641475711551714 ], [ 128.157449322989919, -3.641558189694936 ], [ 128.157202286286775, -3.641758109510739 ], [ 128.157045979427323, -3.641934720252785 ], [ 128.156561787489181, -3.642061126904752 ], [ 128.15599405222963, -3.642098779946587 ], [ 128.155609573288018, -3.642245806094861 ], [ 128.155473927680134, -3.642343524680125 ], [ 128.155084957162103, -3.642620543364165 ], [ 128.154911582312252, -3.642981832976075 ], [ 128.154698681589934, -3.643101067481173 ], [ 128.154379779664083, -3.643114514980758 ], [ 128.153768026955589, -3.643074172481403 ], [ 128.153009848855817, -3.643059828481197 ], [ 128.152517572080086, -3.643112721980825 ], [ 128.15223819602673, -3.643286642957682 ], [ 128.151785445123551, -3.643699929267835 ], [ 128.151509662331307, -3.644192107294093 ], [ 128.151479119611651, -3.644247690223671 ], [ 128.149515402400567, -3.646837671633021 ], [ 128.150093019128235, -3.647202545534554 ], [ 128.150571821174708, -3.647501975112146 ], [ 128.151017385555605, -3.647602382612839 ], [ 128.151480017926929, -3.64768575668971 ], [ 128.152025295304384, -3.647702790102312 ], [ 128.152438520335068, -3.647735960431192 ], [ 128.152834677375409, -3.647686653185118 ], [ 128.153091595546641, -3.647682170708068 ], [ 128.153288326593866, -3.647745821880082 ], [ 128.153434751985174, -3.647830988934177 ], [ 128.153582075691759, -3.647901812057225 ], [ 128.153799467990524, -3.647972635174691 ], [ 128.154016860289289, -3.648049733751918 ], [ 128.154305219495484, -3.648142072736868 ], [ 128.154627714682476, -3.648226343258541 ], [ 128.154880141277317, -3.648382333352274 ], [ 128.155075974009264, -3.648473775808424 ], [ 128.155377807944745, -3.64867190109816 ], [ 128.155525131651331, -3.648798306803172 ], [ 128.155700303131738, -3.649002707480031 ], [ 128.155833253793759, -3.64927075917438 ], [ 128.155909610592914, -3.649373855958602 ], [ 128.15597339097809, -3.649370269983697 ], [ 128.15602279831873, -3.649313790877059 ], [ 128.15602279831873, -3.649235795914436 ], [ 128.156127901206958, -3.649206211616496 ], [ 128.15625546197731, -3.649185592256751 ], [ 128.156373141279516, -3.649165869390464 ], [ 128.156542024552948, -3.649173041341891 ], [ 128.156654313963458, -3.649194557195828 ], [ 128.156717196033355, -3.649264483717567 ], [ 128.156794451147789, -3.649370269983697 ], [ 128.156920215287556, -3.649413301681609 ], [ 128.157159167153139, -3.649450057921945 ], [ 128.157376559451905, -3.649448264934647 ], [ 128.157643359091281, -3.649399854276233 ], [ 128.157748461979537, -3.649463505326569 ], [ 128.157811344049406, -3.649526259878822 ], [ 128.15788859916384, -3.64965535494396 ], [ 128.157979329007532, -3.649660733904604 ], [ 128.158056584121965, -3.649589910920202 ], [ 128.15820390782855, -3.649562119620999 ], [ 128.158393452353522, -3.649407026225792 ], [ 128.158618031174541, -3.649216969543132 ], [ 128.158884830813946, -3.649112079752936 ], [ 128.159039341042785, -3.648977605645027 ], [ 128.159130969201755, -3.64883685605719 ], [ 128.159193851271652, -3.648661143164997 ], [ 128.15934836150052, -3.648597492057816 ], [ 128.159510058251669, -3.648597492057816 ], [ 128.159657381958283, -3.648653971209484 ], [ 128.159748111801974, -3.648844924505496 ], [ 128.159790332620332, -3.649042153219336 ], [ 128.159853214690202, -3.649260897742225 ], [ 128.159846028167948, -3.649415991162661 ], [ 128.159775959575796, -3.649556740659764 ], [ 128.15964211059844, -3.649697490134814 ], [ 128.159516346458673, -3.649796104403556 ], [ 128.159417531777422, -3.649916234498125 ], [ 128.159378005904927, -3.650059673395968 ], [ 128.159459752595751, -3.650289175584867 ], [ 128.159522634665649, -3.65043082143781 ], [ 128.159521736350371, -3.650592190103815 ], [ 128.159515448143395, -3.650754455233169 ], [ 128.159528922872653, -3.650966027401989 ], [ 128.159556770646446, -3.65117042758554 ], [ 128.159612466194062, -3.651261869757853 ], [ 128.159774162945212, -3.651361380346554 ], [ 128.15981638376357, -3.651467166365692 ], [ 128.159809197241287, -3.651657222572149 ], [ 128.159864892788903, -3.651896585756057 ], [ 128.159906215291983, -3.652178980441523 ], [ 128.159871180995879, -3.652425515411757 ], [ 128.159828960177549, -3.652629915263006 ], [ 128.159856807951343, -3.652862106265627 ], [ 128.159899028769701, -3.653017199064032 ], [ 128.159976283884134, -3.653109537538213 ], [ 128.160059827205544, -3.653215323351328 ], [ 128.160249371730487, -3.653286146049747 ], [ 128.160446102777712, -3.653363244170788 ], [ 128.160712004101839, -3.653483373788044 ], [ 128.161021024559574, -3.653709289144099 ], [ 128.161294112405926, -3.653977339433253 ], [ 128.161448622634794, -3.654139603950652 ], [ 128.161489945137873, -3.654287524617737 ], [ 128.161489945137873, -3.654400482201633 ], [ 128.161398316978875, -3.654484752135911 ], [ 128.161272552839108, -3.654562746642497 ], [ 128.161153076906345, -3.654703495332625 ], [ 128.161145890384063, -3.654802109051405 ], [ 128.161188111202392, -3.654900722759343 ], [ 128.161309383765769, -3.655088088774556 ], [ 128.161372265835638, -3.655149946445626 ], [ 128.161439639481955, -3.655469992588675 ], [ 128.161478267039172, -3.655555158910022 ], [ 128.161641760420906, -3.655820519185729 ], [ 128.16164894694316, -3.655951406319829 ], [ 128.161748659939718, -3.65632793084564 ], [ 128.161888797124021, -3.656615703055194 ], [ 128.162476295319834, -3.657002088649229 ], [ 128.162715247185389, -3.657143733442451 ], [ 128.163051217101668, -3.657298825500499 ], [ 128.163176981241463, -3.657322134131181 ], [ 128.163246151518337, -3.657362475990544 ], [ 128.163343169569004, -3.657460192931255 ], [ 128.16336472913585, -3.657561495803498 ], [ 128.163360237559402, -3.657739896409079 ], [ 128.163417729737603, -3.658035736531022 ], [ 128.16348510338392, -3.658213240557313 ], [ 128.163538103985672, -3.658350402735367 ], [ 128.163582121434587, -3.658466049261333 ], [ 128.163654884972601, -3.658655207500319 ], [ 128.163773462590115, -3.659053246507854 ], [ 128.163857005911524, -3.659335638939753 ], [ 128.163999838041718, -3.659627892600942 ], [ 128.164073499894982, -3.659926421549055 ], [ 128.164233400015576, -3.660195366462162 ], [ 128.164254061267116, -3.660259016746446 ], [ 128.16423968822258, -3.660346872060986 ], [ 128.164173212891541, -3.660501067081996 ], [ 128.164007024563972, -3.660728773634237 ], [ 128.163977380159594, -3.660837247995064 ], [ 128.163947735755215, -3.660951101235683 ], [ 128.164034872337794, -3.661076608728252 ], [ 128.164135483649602, -3.661162670998704 ], [ 128.164256756212978, -3.66120480564893 ], [ 128.164325028174574, -3.661295350316112 ], [ 128.164453487260175, -3.661416375352008 ], [ 128.164812813373828, -3.661456717027004 ], [ 128.164872102182585, -3.661463888880146 ], [ 128.165014934312779, -3.661480025549507 ], [ 128.165121833831591, -3.661532021482134 ], [ 128.165152376551248, -3.661596568152919 ], [ 128.165111952363446, -3.661838618126919 ], [ 128.165107460787027, -3.661921094399407 ], [ 128.165155071497082, -3.662166730209414 ], [ 128.165185614216739, -3.662324510840143 ], [ 128.165173936118038, -3.662415055394083 ], [ 128.165152376551248, -3.662429399084956 ], [ 128.164957442134579, -3.662563871175711 ], [ 128.164490318186836, -3.662722548216818 ], [ 128.164096856092414, -3.662856123783286 ], [ 128.163797717102767, -3.663007628931863 ], [ 128.163724055249475, -3.663194993251732 ], [ 128.163649495080875, -3.663428974476489 ], [ 128.163540798931507, -3.663645922530608 ], [ 128.163417729737603, -3.663797427545474 ], [ 128.16326501613932, -3.663999135365692 ], [ 128.163017979436177, -3.664525368442588 ], [ 128.162968572095565, -3.664686734571107 ], [ 128.162985640085935, -3.664835549974941 ], [ 128.163002708076334, -3.665168143348232 ], [ 128.163014386175035, -3.665415571222262 ], [ 128.162864367522587, -3.666102272861857 ], [ 128.16276824778717, -3.666509273323642 ], [ 128.162761959580195, -3.666613264601343 ], [ 128.162767349471892, -3.666660777853509 ], [ 128.162783519147013, -3.666658984900643 ], [ 128.16293802937588, -3.66675401139759 ], [ 128.163092539604747, -3.666858002646826 ], [ 128.16322369363624, -3.666914480647809 ], [ 128.163357542613568, -3.666840073121959 ], [ 128.164108534191087, -3.666946753789625 ], [ 128.164224416862737, -3.667239901441104 ], [ 128.164267535996373, -3.66726141686128 ], [ 128.164268434311651, -3.667279346377698 ], [ 128.164312451760594, -3.667262313337109 ], [ 128.16431873996757, -3.667222868399766 ], [ 128.164296282085473, -3.667098258245359 ], [ 128.164157941531698, -3.666726220630661 ], [ 128.16416512805398, -3.666589059736062 ], [ 128.164526250798218, -3.666347907523952 ], [ 128.164722981845415, -3.666286050626351 ], [ 128.164737354889979, -3.666381077162934 ], [ 128.165023019150311, -3.666317427314075 ], [ 128.165093087742463, -3.666301290731955 ], [ 128.165100274264745, -3.666333563895904 ], [ 128.165743468008202, -3.666304876639117 ], [ 128.165749756215178, -3.666348804000698 ], [ 128.165944690631818, -3.666326392081793 ], [ 128.165928520956726, -3.666156957956702 ], [ 128.166301321799608, -3.666126477740316 ], [ 128.16656093491676, -3.666054759580013 ], [ 128.166589681005831, -3.666008142772732 ], [ 128.166720835037296, -3.665958836531618 ], [ 128.166784615422472, -3.665906840856225 ], [ 128.166825937925552, -3.665987523799506 ], [ 128.166791801944754, -3.666007246295646 ], [ 128.166810666565709, -3.666057449011129 ], [ 128.166922955976219, -3.665995592093434 ], [ 128.166901396409401, -3.665944492897329 ], [ 128.166865463798047, -3.665967801302932 ], [ 128.166816954772713, -3.665857534609525 ], [ 128.167129568491561, -3.665700651079213 ], [ 128.167120585338722, -3.665637001181923 ], [ 128.167141246590262, -3.665636104704465 ], [ 128.167158314580661, -3.665635208227005 ], [ 128.167167297733528, -3.66565851664067 ], [ 128.167402656337941, -3.665690789827817 ], [ 128.167435894003461, -3.665739199606355 ], [ 128.167637116627105, -3.665621761065 ], [ 128.167512250802616, -3.66540391701234 ], [ 128.167511352487338, -3.66540391701234 ], [ 128.167488894605242, -3.665373436770288 ], [ 128.16760208233103, -3.665307993894137 ], [ 128.167602980646336, -3.665255101703065 ], [ 128.167629930104852, -3.665197727119382 ], [ 128.167679337445492, -3.665141249009974 ], [ 128.167661371139786, -3.665120630016761 ], [ 128.167704490273422, -3.665059669512311 ], [ 128.167699100381725, -3.665043532907497 ], [ 128.167795220117114, -3.664974504094725 ], [ 128.167837440935472, -3.66502560334625 ], [ 128.167859898817568, -3.665003191394186 ], [ 128.167786236964275, -3.664921611883933 ], [ 128.167877865123245, -3.664866926713553 ], [ 128.167969493282214, -3.664813138018116 ], [ 128.16800812083946, -3.664866030235322 ], [ 128.168034171982697, -3.664848100670518 ], [ 128.167952425291816, -3.664704664139146 ], [ 128.167996442740758, -3.664686734571107 ], [ 128.168137478240368, -3.664627566994029 ], [ 128.168156342861323, -3.664670597959565 ], [ 128.168173410851722, -3.664660736696812 ], [ 128.168160834437742, -3.664616809252323 ], [ 128.168339599179291, -3.66459529376852 ], [ 128.168352175593242, -3.664641910649438 ], [ 128.168375531790645, -3.664629359950968 ], [ 128.168337802548706, -3.664519093092558 ], [ 128.168508482452722, -3.664481440991451 ], [ 128.168620771863232, -3.664425859315493 ], [ 128.168677365726126, -3.664410619177932 ], [ 128.168685450563657, -3.664469786769358 ], [ 128.168714196652786, -3.664460821983031 ], [ 128.168710603391645, -3.664364898763695 ], [ 128.168866910251069, -3.664320971304679 ], [ 128.168888469817887, -3.6643837248169 ], [ 128.168898351286003, -3.664380138902034 ], [ 128.16887858834977, -3.664311110038073 ], [ 128.169062742983016, -3.664243874126497 ], [ 128.169090590756809, -3.664316488910782 ], [ 128.169103167170789, -3.664312006516861 ], [ 128.169083404234527, -3.664234012859041 ], [ 128.169151676196122, -3.6642071184927 ], [ 128.169181320600501, -3.664201739619334 ], [ 128.169188507122783, -3.664235805816769 ], [ 128.169201083536734, -3.664231323422444 ], [ 128.169192100383896, -3.664203532577127 ], [ 128.169251389192681, -3.66419277483032 ], [ 128.169339424090509, -3.664262700182248 ], [ 128.169422967411947, -3.664274354407037 ], [ 128.16959185068535, -3.664166776941671 ], [ 128.169669105799784, -3.664173948773099 ], [ 128.169901769458363, -3.664159605110187 ], [ 128.170113771865431, -3.664098644540249 ], [ 128.170403029386904, -3.664072646648866 ], [ 128.170799186427217, -3.664024236780138 ], [ 128.170822542624592, -3.664087886792182 ], [ 128.170836017353849, -3.664079818481047 ], [ 128.170762355500557, -3.663867352928298 ], [ 128.1707030666918, -3.663851216301979 ], [ 128.170757863924138, -3.663772326124666 ], [ 128.170807271264749, -3.663697021858014 ], [ 128.170807271264749, -3.663697021858014 ], [ 128.170881831433348, -3.663657576763431 ], [ 128.170984239375741, -3.663604684474782 ], [ 128.17098873095216, -3.663603787995287 ], [ 128.171097427101557, -3.663597512638793 ], [ 128.171136952974024, -3.663558964019364 ], [ 128.171400159352288, -3.663481866775523 ], [ 128.1715070588711, -3.663426285037471 ], [ 128.171747807367211, -3.664346969188848 ], [ 128.171715468016998, -3.664398964954917 ], [ 128.17161485670519, -3.664438410016817 ], [ 128.171630128065004, -3.664505645913772 ], [ 128.171642704478984, -3.664502956477992 ], [ 128.171656179208242, -3.664541505056749 ], [ 128.172009217114919, -3.664450064239318 ], [ 128.171988555863408, -3.664406136784483 ], [ 128.172000233962081, -3.664399861433617 ], [ 128.171977776079956, -3.664332625528711 ], [ 128.171862791723584, -3.664364898763695 ], [ 128.17181428269825, -3.664339797358807 ], [ 128.171685823612648, -3.663822528965578 ], [ 128.171858300147164, -3.663779497959255 ], [ 128.17187626645287, -3.663828804320495 ], [ 128.171905910857248, -3.663817150089901 ], [ 128.171894232758547, -3.66377680852129 ], [ 128.171912199064224, -3.66376963668668 ], [ 128.171936453576905, -3.663834183196102 ], [ 128.171966097981283, -3.663823425444855 ], [ 128.171949928306162, -3.66376515429002 ], [ 128.171961606404864, -3.663763361331349 ], [ 128.172018200267757, -3.663965965638379 ], [ 128.172072997500095, -3.663951621972134 ], [ 128.172007420484363, -3.663740949347664 ], [ 128.172021793528899, -3.663731088074666 ], [ 128.172002030592665, -3.663648611968966 ], [ 128.172064014347256, -3.663632475338699 ], [ 128.172032573312293, -3.663525794275734 ], [ 128.171977776079956, -3.663538344989686 ], [ 128.171990352493964, -3.663593926720776 ], [ 128.171637314587286, -3.663685367625706 ], [ 128.171562754418687, -3.663353670180945 ], [ 128.171728044430978, -3.663236231326436 ], [ 128.171929267054622, -3.663160927014673 ], [ 128.172146659353388, -3.663133136136112 ], [ 128.172317339257376, -3.663067693096092 ], [ 128.17248173095436, -3.662955633084946 ], [ 128.172603901833014, -3.662897361873604 ], [ 128.172992872351017, -3.662767372234633 ], [ 128.173117738175534, -3.662735995422398 ], [ 128.173130314589514, -3.662766475754298 ], [ 128.173235417477741, -3.662727927099073 ], [ 128.173208468019197, -3.662638279057246 ], [ 128.173184213506545, -3.662625728330673 ], [ 128.173218349487371, -3.662588076149901 ], [ 128.173288418079494, -3.662545045084221 ], [ 128.173305486069893, -3.662534287317478 ], [ 128.173499522171255, -3.662413262432708 ], [ 128.173739372352145, -3.662313753070749 ], [ 128.173820220727691, -3.662315546032325 ], [ 128.174447244796028, -3.663751707099904 ], [ 128.174540669585554, -3.664095955103245 ], [ 128.17396574780372, -3.664250149478458 ], [ 128.173954968020325, -3.66422504807035 ], [ 128.173871424698888, -3.664244770605352 ], [ 128.173877712905892, -3.664268975534076 ], [ 128.173618998104047, -3.664346969188848 ], [ 128.173575878970411, -3.664307524122917 ], [ 128.173520183422795, -3.664369381157351 ], [ 128.17358037054683, -3.664425859315493 ], [ 128.173634269463889, -3.664365795242428 ], [ 128.173883102797589, -3.664293180462147 ], [ 128.173897475842125, -3.6643272466561 ], [ 128.173981917478841, -3.664302145250154 ], [ 128.173971137695418, -3.664267182576415 ], [ 128.174541567900832, -3.664112091725152 ], [ 128.174579297142799, -3.664253735393844 ], [ 128.174569415674682, -3.664315592431999 ], [ 128.174508330235341, -3.664333522007475 ], [ 128.174537076324413, -3.664409722699244 ], [ 128.174497550451946, -3.664397171997517 ], [ 128.174360108213477, -3.664436617059494 ], [ 128.174378074519154, -3.664526264921159 ], [ 128.174534381378578, -3.664482337470067 ], [ 128.174518211703457, -3.664426755794164 ], [ 128.174540669585554, -3.664433927623506 ], [ 128.174556839260703, -3.664473372683865 ], [ 128.174743688839754, -3.664427652272834 ], [ 128.174731112425803, -3.664377449465875 ], [ 128.174749977046758, -3.66437296707226 ], [ 128.174764350091323, -3.664424066358146 ], [ 128.174917962004884, -3.6643837248169 ], [ 128.174885622654671, -3.664286905110488 ], [ 128.174743688839754, -3.664326350177328 ], [ 128.17474907873148, -3.664348762146349 ], [ 128.174719434327102, -3.66435234806134 ], [ 128.174705061282566, -3.66430035229256 ], [ 128.174677213508772, -3.664290491025727 ], [ 128.174606246601314, -3.664042166361452 ], [ 128.175158710501023, -3.663900522659267 ], [ 128.175186558274845, -3.663996445928388 ], [ 128.175295254424242, -3.663964172680112 ], [ 128.175270101596283, -3.663870042365991 ], [ 128.17588095598947, -3.663710469048954 ], [ 128.175907007132707, -3.66379384162826 ], [ 128.176013906651519, -3.663766947248687 ], [ 128.175987855508282, -3.663680885228623 ], [ 128.17632921531623, -3.663582272487124 ], [ 128.176351673198354, -3.663601995036293 ], [ 128.176393894016712, -3.663767843728019 ], [ 128.176384910863845, -3.663784876835158 ], [ 128.176370537819309, -3.663781290917892 ], [ 128.176366944558168, -3.663791152190337 ], [ 128.176370537819309, -3.663801909941973 ], [ 128.176346283306628, -3.663812667693478 ], [ 128.176363351297027, -3.663878110679017 ], [ 128.176352571513632, -3.663895143784058 ], [ 128.1762582484088, -3.663915762805515 ], [ 128.17627980797559, -3.664009893114827 ], [ 128.176653507133835, -3.66391307336796 ], [ 128.176621167783594, -3.663816253610618 ], [ 128.176499895220246, -3.663846733905727 ], [ 128.176491810382657, -3.663797427545474 ], [ 128.17646575923942, -3.663785773314473 ], [ 128.176426233366925, -3.663608270392757 ], [ 128.176743338662249, -3.663524001316584 ], [ 128.176758610022063, -3.66354999922391 ], [ 128.176809813993259, -3.663534759071432 ], [ 128.17680532241684, -3.663502485806504 ], [ 128.177080206893777, -3.663431663915499 ], [ 128.177147580540094, -3.663457661825507 ], [ 128.177161055269352, -3.663399390646853 ], [ 128.177099071514732, -3.663377875133775 ], [ 128.177085596785474, -3.663408355443815 ], [ 128.176800830840392, -3.663486349173602 ], [ 128.176795440948695, -3.663468419581149 ], [ 128.176732558878825, -3.663485452693989 ], [ 128.176737948770523, -3.663500692847307 ], [ 128.176412758637667, -3.663588547843725 ], [ 128.176389402440265, -3.663506071724887 ], [ 128.174821842269495, -3.663926520555652 ], [ 128.174781418081722, -3.663775015562642 ], [ 128.174734705686916, -3.66378935923172 ], [ 128.174695179814449, -3.663663852119504 ], [ 128.174651162365507, -3.663662955640067 ], [ 128.174606246601314, -3.66369253946099 ], [ 128.174622416276407, -3.663758878934658 ], [ 128.174546059477279, -3.663775015562642 ], [ 128.174537974639719, -3.663707779610782 ], [ 128.173901967418544, -3.662259964221843 ], [ 128.173892085950428, -3.662225897949196 ], [ 128.174502042028365, -3.662002674183197 ], [ 128.174531686432715, -3.661994605853265 ], [ 128.174494855506083, -3.661847582939513 ], [ 128.174424786913903, -3.661626152042141 ], [ 128.174339446961909, -3.661497955181788 ], [ 128.174287344675434, -3.661388584419286 ], [ 128.174401430716529, -3.661237078996699 ], [ 128.174410413869367, -3.661097227814635 ], [ 128.174493957190805, -3.661004890163223 ], [ 128.174571212305239, -3.660913448984482 ], [ 128.174692484868586, -3.660744013834486 ], [ 128.174776028190024, -3.66055754548421 ], [ 128.174793994495701, -3.660397075093997 ], [ 128.174849690043288, -3.660353147440266 ], [ 128.17494850472454, -3.660213296120165 ], [ 128.174924250211888, -3.660108407615758 ], [ 128.174961979453826, -3.659667337873064 ], [ 128.174056477647412, -3.659210131203232 ], [ 128.173997188838655, -3.659171582394912 ], [ 128.173933408453507, -3.659154549200012 ], [ 128.173827407249973, -3.659173375362778 ], [ 128.173757338657822, -3.659165307007355 ], [ 128.173628879572192, -3.65915365271606 ], [ 128.173529166575662, -3.659128551165064 ], [ 128.173311774276897, -3.659078348060961 ], [ 128.173160857309171, -3.659052350023802 ], [ 128.173043178006935, -3.659004836367735 ], [ 128.172912922290749, -3.658957322709147 ], [ 128.172767395214692, -3.658917877405764 ], [ 128.172552697861818, -3.65887574264796 ], [ 128.171952623251997, -3.658857812963186 ], [ 128.171328294129552, -3.658812988749684 ], [ 128.171048918076195, -3.658736787581584 ], [ 128.170809067895334, -3.658630105935357 ], [ 128.170753372347718, -3.658550318813492 ], [ 128.170628506523201, -3.658372814853968 ], [ 128.170605150325827, -3.658272408558264 ], [ 128.170586285704871, -3.658190828434722 ], [ 128.170618625055084, -3.657794582014735 ], [ 128.170650964405326, -3.657291653614013 ], [ 128.170685100386123, -3.65697609055184 ], [ 128.170647371144184, -3.65681651600652 ], [ 128.170544064886514, -3.656647080081804 ], [ 128.170385961396505, -3.656465989798823 ], [ 128.170271875355439, -3.656301932728701 ], [ 128.170195518556284, -3.656127117784883 ], [ 128.170207196654957, -3.655798107003316 ], [ 128.170261993887323, -3.655651083072802 ], [ 128.170311401227934, -3.655504059118184 ], [ 128.170359910253268, -3.655289798555796 ], [ 128.170447046835847, -3.655070159014028 ], [ 128.170572810975614, -3.654846036977188 ], [ 128.170622218316225, -3.654665842818959 ], [ 128.170623116631504, -3.65461832893041 ], [ 128.170624014946782, -3.654575297482005 ], [ 128.170558437931078, -3.654507164351142 ], [ 128.170204501709122, -3.654605778091504 ], [ 128.169567596172669, -3.653805213504268 ], [ 128.169552324812855, -3.653533577205417 ], [ 128.169580172586649, -3.6533973107803 ], [ 128.169661020962224, -3.652991200851141 ], [ 128.169758039012919, -3.652826246655245 ], [ 128.169875718315154, -3.652693566084372 ], [ 128.16998980435622, -3.652622743339188 ], [ 128.17009760219031, -3.652581504776126 ], [ 128.170199111817425, -3.652541162701734 ], [ 128.169959261636563, -3.65235558913617 ], [ 128.169665512538643, -3.652179876932447 ], [ 128.169646647917688, -3.652166429568499 ], [ 128.169458900023301, -3.652031955917954 ], [ 128.168980097976856, -3.651461787415867 ], [ 128.168761807362841, -3.651292350479889 ], [ 128.168336904233428, -3.651149808270889 ], [ 128.167972188228077, -3.651072709959736 ], [ 128.167536505315297, -3.651017127452239 ], [ 128.16685558232993, -3.650929271223696 ], [ 128.166604952365645, -3.650868309753941 ], [ 128.166506137684394, -3.650815416710653 ], [ 128.166332762834543, -3.650644186667795 ], [ 128.166169269452865, -3.650446958305715 ], [ 128.166000386179434, -3.650216559664253 ], [ 128.165853960788127, -3.650013952249767 ], [ 128.165679687622998, -3.649876788797203 ], [ 128.165472176792377, -3.649788932457104 ], [ 128.165270954168733, -3.649723488443079 ], [ 128.165041883771295, -3.64970197260181 ], [ 128.164813711689135, -3.649679560266606 ], [ 128.164731964998253, -3.649623977672889 ], [ 128.16464213346984, -3.649498468577651 ], [ 128.164590031183366, -3.649097735849051 ], [ 128.16456308172485, -3.648683555525607 ], [ 128.164563980040128, -3.647828299448381 ], [ 128.164418452964128, -3.647480459217681 ], [ 128.164320536598154, -3.647289505631738 ], [ 128.163953125646913, -3.646931803734815 ], [ 128.162384667160865, -3.645313626708655 ], [ 128.161799863910886, -3.644832207275142 ], [ 128.161295010721204, -3.644403681007692 ], [ 128.161173738157856, -3.644202865280731 ], [ 128.16110546619629, -3.643961707049383 ], [ 128.160934786292302, -3.643133341479837 ], [ 128.16073625861452, -3.642492343789593 ], [ 128.160482933704372, -3.64205036889251 ], [ 128.160235897001229, -3.641816382094432 ], [ 128.159892740562725, -3.641587774244467 ], [ 128.159509159936391, -3.641442540991983 ] ] ] } },
{ "type": "Feature", "properties": { "FID": 40, "Provinsi": "MALUKU", "Kode_Prov": "81", "Kota_Kab": "KOTA AMBON", "Kode_Kab": "8171", "Kecamatan": "Leitimur Selatan", "Kode_Kec": "817150", "Kelurahan": "Hutumuri", "Kode_Kel": "81715016", "Sumber": "Wilkerstat BPS Tahun 2019", "city": "ambon", "source_layer": "Wilayah Administrasi", "role": "admin" }, "geometry": { "type": "Polygon", "coordinates": [ [ [ 128.266832683560722, -3.640697547828521 ], [ 128.26662607104538, -3.640590864039858 ], [ 128.266654817134452, -3.640652722708773 ], [ 128.266729377303051, -3.640788991065887 ], [ 128.266851548181677, -3.640965601998041 ], [ 128.267031211238503, -3.641018495620727 ], [ 128.267105771407103, -3.64109290528806 ], [ 128.267215365871778, -3.641153867420567 ], [ 128.266469764185928, -3.642617853862788 ], [ 128.266419458530038, -3.642625025866442 ], [ 128.266410475377199, -3.642734398915083 ], [ 128.266405085485502, -3.642874252957916 ], [ 128.266322440479343, -3.643142306479261 ], [ 128.266452696195529, -3.643234645968124 ], [ 128.266495815329193, -3.643315330950635 ], [ 128.266433831574574, -3.643438151410124 ], [ 128.266400593909083, -3.643557385854759 ], [ 128.26652635804885, -3.64370620476349 ], [ 128.266690749745834, -3.643827232171115 ], [ 128.266819208831464, -3.643872953631981 ], [ 128.266904548783458, -3.643853230649148 ], [ 128.267014143248105, -3.643505388880846 ], [ 128.267358198001943, -3.643118100980612 ], [ 128.26759625155222, -3.642936111469928 ], [ 128.267783999446607, -3.642795360936426 ], [ 128.267826220264965, -3.643018589479331 ], [ 128.267719320746153, -3.643391533427475 ], [ 128.267724710637879, -3.643438151410124 ], [ 128.267781304500744, -3.643535869865918 ], [ 128.267890898965419, -3.643585177339584 ], [ 128.268145122190816, -3.643654207798177 ], [ 128.268423599928894, -3.643733099744369 ], [ 128.268665246740341, -3.643865781638274 ], [ 128.268746095115915, -3.643799440693767 ], [ 128.268789214249551, -3.643690067774577 ], [ 128.268936537956108, -3.643561868352369 ], [ 128.269062302095904, -3.643580694842089 ], [ 128.26920513422607, -3.643733099744369 ], [ 128.269267117980689, -3.643889090617615 ], [ 128.269228490423444, -3.644069286937525 ], [ 128.269222202216469, -3.644161626331253 ], [ 128.269316525321301, -3.644249483221342 ], [ 128.270647828572379, -3.644940683557325 ], [ 128.270612794276303, -3.645024954379082 ], [ 128.270340604745201, -3.645452583852898 ], [ 128.270186094516362, -3.645608574427952 ], [ 128.270146568643838, -3.645959104874322 ], [ 128.27002978765691, -3.646271085821632 ], [ 128.26979712399833, -3.646543620813452 ], [ 128.269510561422692, -3.646770434411418 ], [ 128.269215015694186, -3.646932700230976 ], [ 128.268710162504533, -3.647321779480098 ], [ 128.268516126403171, -3.647477769730838 ], [ 128.268204410999545, -3.647695618139151 ], [ 128.267972645656272, -3.647866848744012 ], [ 128.267662726883259, -3.648139383252003 ], [ 128.267429164909402, -3.648411917677341 ], [ 128.267080618579115, -3.64868445202002 ], [ 128.266886582477753, -3.648918437031171 ], [ 128.26663415588294, -3.649202625640922 ], [ 128.266575765389462, -3.649268966186724 ], [ 128.266343101730882, -3.649502054552044 ], [ 128.266032284642563, -3.649580049491551 ], [ 128.265528329768188, -3.649657147930845 ], [ 128.265079172126121, -3.649814930762723 ], [ 128.265031561416066, -3.64982120621569 ], [ 128.264707269598489, -3.649866030878469 ], [ 128.264248230488334, -3.649890236195439 ], [ 128.263821530728364, -3.6499287854026 ], [ 128.26336338993346, -3.650005883811961 ], [ 128.263045386322887, -3.650083878707719 ], [ 128.262834282231125, -3.650160977103766 ], [ 128.262618686562917, -3.650239868478917 ], [ 128.261997950701613, -3.650511505774437 ], [ 128.261609878498859, -3.65074549030966 ], [ 128.261326909184334, -3.650930167715868 ], [ 128.261066397751961, -3.651056573103074 ], [ 128.260795106536165, -3.651212562705311 ], [ 128.260518425428643, -3.651304901365131 ], [ 128.260329779218978, -3.651367655788715 ], [ 128.260031538544666, -3.651400825982266 ], [ 128.259980334573441, -3.651406204932456 ], [ 128.2595536348135, -3.651522748845327 ], [ 128.259366785234391, -3.651662601520804 ], [ 128.259188918808121, -3.651763905047768 ], [ 128.258917627592353, -3.651927066456544 ], [ 128.258600522297058, -3.652159257640979 ], [ 128.258414571033256, -3.652268629529442 ], [ 128.25820616188733, -3.652291041800023 ], [ 128.258058838180716, -3.652377104913854 ], [ 128.258022007254056, -3.652445238206449 ], [ 128.257856717241793, -3.652535783758344 ], [ 128.257722868264466, -3.65266667137167 ], [ 128.257592612548279, -3.652778732669282 ], [ 128.257508170911564, -3.652841486989832 ], [ 128.257677952500273, -3.653020785024371 ], [ 128.257835157674975, -3.653184842694589 ], [ 128.257959125184158, -3.653426894940143 ], [ 128.258041770190317, -3.653750527655335 ], [ 128.258048956712571, -3.653913688702945 ], [ 128.257998651056681, -3.65403830069185 ], [ 128.257788445280198, -3.65411360577028 ], [ 128.257620460322073, -3.654027542822987 ], [ 128.257485713029467, -3.65399975166116 ], [ 128.257335694377019, -3.654059816429189 ], [ 128.257306948287919, -3.654127053105049 ], [ 128.257324914593596, -3.654831693164925 ], [ 128.257243167902743, -3.655593707873867 ], [ 128.257271015676565, -3.656297450294671 ], [ 128.257218015074784, -3.656561017377621 ], [ 128.257385101717659, -3.656763623313882 ], [ 128.257549493414615, -3.656931266244226 ], [ 128.257781258757944, -3.657198419084479 ], [ 128.257848632404233, -3.657340063846677 ], [ 128.257632138420774, -3.658141521763045 ], [ 128.257601595701118, -3.65825178940686 ], [ 128.257461458516815, -3.658769957502613 ], [ 128.257427322535989, -3.658991389106125 ], [ 128.257421034329013, -3.659030834406272 ], [ 128.257325812908874, -3.659121379293221 ], [ 128.257231489804042, -3.65915723865186 ], [ 128.25694582554371, -3.659163514039474 ], [ 128.256827247926168, -3.659154549200012 ], [ 128.256710466939239, -3.659130344133015 ], [ 128.256496667901644, -3.659220889009908 ], [ 128.256301733484975, -3.659410943573227 ], [ 128.256204715434308, -3.659600998096227 ], [ 128.256164291246535, -3.659680785124526 ], [ 128.256135545157434, -3.659846634542634 ], [ 128.256175969345207, -3.660051032702167 ], [ 128.256206512064864, -3.660139784520073 ], [ 128.256297241908555, -3.660402453990224 ], [ 128.256294546962721, -3.660492102255919 ], [ 128.25628286886402, -3.660550373623809 ], [ 128.256265800873621, -3.660637332427302 ], [ 128.2562783772876, -3.660857867086958 ], [ 128.256375395338296, -3.661104399670657 ], [ 128.256486786433527, -3.661241561406019 ], [ 128.256756281018767, -3.66127562771612 ], [ 128.25726472746959, -3.661339277923624 ], [ 128.257573747927324, -3.661336588478329 ], [ 128.257680647446108, -3.661237078996699 ], [ 128.257722868264466, -3.661201219721329 ], [ 128.257894446483732, -3.661189565456525 ], [ 128.258089380900401, -3.661260387524919 ], [ 128.258393011466438, -3.66144864869215 ], [ 128.258545725064721, -3.661637806301263 ], [ 128.258854745522456, -3.66196053957052 ], [ 128.259020933850024, -3.662100390617734 ], [ 128.259144003043929, -3.662349612301559 ], [ 128.25916825755661, -3.662541459161988 ], [ 128.259123341792417, -3.662674138275055 ], [ 128.25894008547445, -3.662738684863489 ], [ 128.258638251538997, -3.66278081943954 ], [ 128.258417265979091, -3.66285702026353 ], [ 128.258262755750224, -3.662894672432988 ], [ 128.25814417813271, -3.662995078210469 ], [ 128.258063329757135, -3.663089208616627 ], [ 128.258050753343156, -3.66325774684292 ], [ 128.258098364053239, -3.66348993509205 ], [ 128.258236704606986, -3.663723019760313 ], [ 128.258345400756355, -3.663865559969834 ], [ 128.258410079456837, -3.664126435388825 ], [ 128.25842175755551, -3.664329936092409 ], [ 128.258411876087393, -3.664538815621076 ], [ 128.258362468746753, -3.664633842343298 ], [ 128.258155856231411, -3.664642807127893 ], [ 128.257846835773648, -3.664631152907904 ], [ 128.257594409178836, -3.664612326859906 ], [ 128.257373423618958, -3.664615016295358 ], [ 128.25717399762587, -3.664601569118016 ], [ 128.256952113750685, -3.664586328983449 ], [ 128.256785027107838, -3.664538815621076 ], [ 128.256695195579425, -3.664407929741865 ], [ 128.256671839382051, -3.664270768491734 ], [ 128.256659262968071, -3.66417125933632 ], [ 128.256657466337515, -3.664073543127891 ], [ 128.256690704003006, -3.663957897326145 ], [ 128.256704178732264, -3.663884386033544 ], [ 128.256659262968071, -3.663784876835158 ], [ 128.256573923016077, -3.663741845827023 ], [ 128.256462531920846, -3.663753500058597 ], [ 128.256317004844817, -3.663812667693478 ], [ 128.256210105326005, -3.663900522659267 ], [ 128.256133748526878, -3.663988377616428 ], [ 128.256055595097138, -3.664240288211072 ], [ 128.256003492810663, -3.66444827128202 ], [ 128.255922644435088, -3.664586328983449 ], [ 128.255879525301452, -3.664785347190873 ], [ 128.255938814110209, -3.665041739951387 ], [ 128.255908271390524, -3.665264962959265 ], [ 128.255908271390524, -3.665416467699942 ], [ 128.255786998827176, -3.665567972414955 ], [ 128.255618115553773, -3.665684514485962 ], [ 128.255522894133662, -3.665841398019106 ], [ 128.255468995216603, -3.666035037084922 ], [ 128.255433062605249, -3.666229572585672 ], [ 128.255420486191269, -3.666332667419144 ], [ 128.255370180535351, -3.666450105867137 ], [ 128.255354909175537, -3.666659881377076 ], [ 128.25530819678076, -3.666854416741882 ], [ 128.255323468140602, -3.666994267024068 ], [ 128.255354909175537, -3.667095568817374 ], [ 128.255338739500417, -3.667172665749719 ], [ 128.255230941666326, -3.667134117284378 ], [ 128.255122245516958, -3.667157425658969 ], [ 128.255053075240056, -3.667234522585981 ], [ 128.255049481978944, -3.667244383820351 ], [ 128.255021634205121, -3.667327756070227 ], [ 128.25501354936759, -3.667475674558937 ], [ 128.255068346599899, -3.667654969663951 ], [ 128.255122245516958, -3.667732066548049 ], [ 128.255199500631392, -3.667763443185022 ], [ 128.255268670908237, -3.667810059900777 ], [ 128.255307298465482, -3.667903293324994 ], [ 128.255238128188608, -3.668012663291007 ], [ 128.255129432039212, -3.668159685191443 ], [ 128.25505936344706, -3.668276226924605 ], [ 128.254866225660948, -3.668377528572621 ], [ 128.254695545756988, -3.668517378616502 ], [ 128.254610205804994, -3.668711017102666 ], [ 128.254579663085337, -3.669076778573154 ], [ 128.254651528308045, -3.669365443157387 ], [ 128.25463266368709, -3.669506189520223 ], [ 128.254573374878333, -3.669949943831134 ], [ 128.254573374878333, -3.670339909558743 ], [ 128.254513187754299, -3.670795317595239 ], [ 128.25441706801891, -3.671196937088266 ], [ 128.25441706801891, -3.671508909248378 ], [ 128.254455695576098, -3.671820881299491 ], [ 128.25453295069056, -3.67201541554055 ], [ 128.254765614349139, -3.67244392860405 ], [ 128.255152788236614, -3.672833893242478 ], [ 128.255230043351048, -3.67326330238287 ], [ 128.255304603519619, -3.673664024296203 ], [ 128.255423181137132, -3.674042334304289 ], [ 128.255501334566816, -3.674392853623603 ], [ 128.255500436251538, -3.674782817410375 ], [ 128.255539063808783, -3.675016795600617 ], [ 128.255577691365971, -3.67560129257399 ], [ 128.255576793050693, -3.675873818639233 ], [ 128.255576793050693, -3.676185789164322 ], [ 128.255499537936259, -3.676536307641334 ], [ 128.255421384506548, -3.676886825980558 ], [ 128.255304603519619, -3.677082255583003 ], [ 128.255271365854099, -3.677494629832916 ], [ 128.255066549969314, -3.677973342309859 ], [ 128.255173449488126, -3.678402748975862 ], [ 128.255309095096038, -3.679125299182782 ], [ 128.255571403158996, -3.679487470530081 ], [ 128.255638776805313, -3.679751030774428 ], [ 128.255774422413197, -3.680141888680312 ], [ 128.255949593893632, -3.68075775847299 ], [ 128.256317903160095, -3.681294739211074 ], [ 128.256648483184676, -3.681959017105139 ], [ 128.25675538270346, -3.682223473078891 ], [ 128.25678412879256, -3.682516615710539 ], [ 128.256686212426587, -3.682730869744171 ], [ 128.256520922414296, -3.682838444971737 ], [ 128.255996306288381, -3.682837548511561 ], [ 128.255733998225423, -3.682867131696892 ], [ 128.255558826745016, -3.682974706907991 ], [ 128.255373773796492, -3.683159377656728 ], [ 128.255275857430519, -3.683364666939237 ], [ 128.255168957911707, -3.683765384310593 ], [ 128.255236331558024, -3.68459550518142 ], [ 128.255634285228894, -3.685914194518731 ], [ 128.255565114951992, -3.686441311123628 ], [ 128.25542857102883, -3.686920018790008 ], [ 128.255351315914396, -3.687147718600798 ], [ 128.255244416395584, -3.687261568484326 ], [ 128.254991091485465, -3.687351214051647 ], [ 128.254737766575346, -3.687380797086879 ], [ 128.254603019282712, -3.687425619865659 ], [ 128.254468271990078, -3.687680213206255 ], [ 128.254289507248558, -3.687740275709075 ], [ 128.254020910978625, -3.687740275709075 ], [ 128.253737941664099, -3.687725035969938 ], [ 128.253543905562736, -3.687664973466088 ], [ 128.253245664888397, -3.687664077010775 ], [ 128.253006713022842, -3.68773937925384 ], [ 128.252693200988688, -3.688068378264791 ], [ 128.252558453696082, -3.688458336062846 ], [ 128.252480300266342, -3.688946007183315 ], [ 128.252553063804356, -3.688958557539502 ], [ 128.25282974491185, -3.689162052575781 ], [ 128.253031865850772, -3.689236458238204 ], [ 128.253327411579249, -3.689292038367515 ], [ 128.253640025298125, -3.689422024140234 ], [ 128.253861010858031, -3.689644344590191 ], [ 128.254192489197891, -3.689829910407037 ], [ 128.254745851412878, -3.690034301696678 ], [ 128.25515099160603, -3.690256621993425 ], [ 128.255630691967752, -3.690331027564183 ], [ 128.256072663087537, -3.690128429248463 ], [ 128.256312513268398, -3.68999844357909 ], [ 128.256570329754936, -3.689888179858437 ], [ 128.256773349009137, -3.689888179858437 ], [ 128.256976368263366, -3.689888179858437 ], [ 128.257178489202289, -3.689999340032047 ], [ 128.257344677529858, -3.690221660337543 ], [ 128.257389593294079, -3.690429637347152 ], [ 128.257425525905433, -3.690546176167457 ], [ 128.257568358035599, -3.690708434037957 ], [ 128.257711190165764, -3.690816904752536 ], [ 128.258081296062841, -3.690888620920189 ], [ 128.258552911587003, -3.690952269014131 ], [ 128.258759524102345, -3.691023985170854 ], [ 128.259002967544347, -3.691186242954069 ], [ 128.259352412189855, -3.691500897465763 ], [ 128.25970275515067, -3.692019942698678 ], [ 128.260071064417161, -3.692242262498378 ], [ 128.260642392937882, -3.692446653232859 ], [ 128.260937040351024, -3.692687798381017 ], [ 128.261065499436683, -3.692983626911966 ], [ 128.261065499436683, -3.693317106228647 ], [ 128.261139161289947, -3.693483845840006 ], [ 128.261654794263052, -3.693688236288617 ], [ 128.26294477501105, -3.693892626690158 ], [ 128.26333015226794, -3.693906073425452 ], [ 128.263675105337029, -3.693696304331675 ], [ 128.264189839994856, -3.693285730491825 ], [ 128.264526708226384, -3.692989902061554 ], [ 128.264641692582757, -3.692789993702853 ], [ 128.264904898960992, -3.692431413574456 ], [ 128.265052222667606, -3.692314875001544 ], [ 128.265151037348858, -3.692242262498378 ], [ 128.265261530128811, -3.6921382742119 ], [ 128.265337886927938, -3.692114966490845 ], [ 128.265414243727093, -3.69209972682675 ], [ 128.265513956723623, -3.692161581932341 ], [ 128.265535516290441, -3.692231505089997 ], [ 128.26555258428084, -3.692362386883116 ], [ 128.265605584882621, -3.692616978808982 ], [ 128.265605584882621, -3.692724552840223 ], [ 128.265636127602278, -3.692824955257623 ], [ 128.265728654076526, -3.692870674211783 ], [ 128.265935266591868, -3.692925357663665 ], [ 128.266088878505485, -3.692994384311233 ], [ 128.266281117976263, -3.693056239354493 ], [ 128.266372746135261, -3.693102854746566 ], [ 128.266441916412134, -3.693164709782268 ], [ 128.266495815329193, -3.693265112149882 ], [ 128.266541629408664, -3.693334138771028 ], [ 128.266764411599127, -3.693434541119478 ], [ 128.267235128808011, -3.693567215633939 ], [ 128.267442639638659, -3.693635345782305 ], [ 128.267498335186247, -3.693689132737849 ], [ 128.267607929650922, -3.693697200780899 ], [ 128.267815440481542, -3.693735748096683 ], [ 128.267883712443137, -3.693751884181863 ], [ 128.26796096755757, -3.693743816139309 ], [ 128.268006781637041, -3.693674789550022 ], [ 128.268075951913943, -3.693589626867531 ], [ 128.268168478388191, -3.69357438722875 ], [ 128.26821429246769, -3.693582455272844 ], [ 128.268275377907003, -3.693605762955368 ], [ 128.268336463346344, -3.693636242231592 ], [ 128.268383175741121, -3.693698097230123 ], [ 128.268459532540277, -3.693798499537401 ], [ 128.268513431457308, -3.693906073425452 ], [ 128.268674229893179, -3.694083570312228 ], [ 128.26892755480327, -3.69424582753625 ], [ 128.269487205225289, -3.694593649551869 ], [ 128.269656088498692, -3.694739770615699 ], [ 128.269771072855093, -3.694809693570246 ], [ 128.269924684768654, -3.694925335367596 ], [ 128.270039669125026, -3.695079524407283 ], [ 128.270116025924182, -3.695272260669207 ], [ 128.27025346816265, -3.695557330970542 ], [ 128.270437622795896, -3.69578144277834 ], [ 128.270721490425672, -3.696012726104618 ], [ 128.271296412207505, -3.696429573807817 ], [ 128.27152638092025, -3.696607070189704 ], [ 128.271688077671371, -3.696784566536067 ], [ 128.271786892352623, -3.696945926820112 ], [ 128.271917148068837, -3.69714673068814 ], [ 128.271955775626054, -3.697285679766628 ], [ 128.272024945902928, -3.697516962700599 ], [ 128.272108489224365, -3.697756313580368 ], [ 128.272201015698613, -3.697902434123143 ], [ 128.272385170331859, -3.698087998213301 ], [ 128.272607054207043, -3.698349760052214 ], [ 128.272882836999258, -3.698589110707126 ], [ 128.272997821355631, -3.698774674653533 ], [ 128.273215213654396, -3.699072294042008 ], [ 128.273234078275351, -3.699084844254988 ], [ 128.273298756975834, -3.69919958905114 ], [ 128.273546691994227, -3.699641535666256 ], [ 128.273813491633604, -3.700061070991471 ], [ 128.273991358059874, -3.700337175327881 ], [ 128.274298581887052, -3.700702027354725 ], [ 128.274504296087116, -3.700992474561051 ], [ 128.274506092717672, -3.700990681677353 ], [ 128.274945368891593, -3.700729817060685 ], [ 128.275385543380821, -3.700599832944665 ], [ 128.27604490679937, -3.700498534965165 ], [ 128.276360215464109, -3.700308489167065 ], [ 128.276781525332353, -3.699899711274512 ], [ 128.277274700423334, -3.699520515823989 ], [ 128.278023895370296, -3.699241721902248 ], [ 128.278629359871786, -3.699117116230408 ], [ 128.278962634842202, -3.699051675834582 ], [ 128.279033601749632, -3.698915416364756 ], [ 128.279271655299908, -3.698980856770643 ], [ 128.283240412225183, -3.697770656702197 ], [ 128.283285327989375, -3.697779621153223 ], [ 128.283430855065404, -3.697806514505755 ], [ 128.283650942310004, -3.697895262563323 ], [ 128.283858453140653, -3.697901537678168 ], [ 128.284346238339936, -3.697942774146046 ], [ 128.284785514513857, -3.697735695342331 ], [ 128.285375707655533, -3.697454211522928 ], [ 128.285469132445058, -3.697409389250443 ], [ 128.28613568238589, -3.697102804845894 ], [ 128.286460872518717, -3.69695309838761 ], [ 128.287121134252573, -3.696490532165198 ], [ 128.287215457357405, -3.696437641825946 ], [ 128.28751279971641, -3.696270902769693 ], [ 128.287865837623116, -3.696079063171569 ], [ 128.288035619211797, -3.695985832697685 ], [ 128.288451539188344, -3.695826265133105 ], [ 128.288755169754381, -3.695754549364394 ], [ 128.28899232498938, -3.69592666719956 ], [ 128.289016579502061, -3.695963421524618 ], [ 128.289171089730928, -3.696200083483629 ], [ 128.289351651103033, -3.696370408339293 ], [ 128.289384888768552, -3.696400887520541 ], [ 128.28954389057381, -3.696471706790571 ], [ 128.289640010309228, -3.696513839771324 ], [ 128.289814283474357, -3.696508461093042 ], [ 128.28984213124815, -3.696508461093042 ], [ 128.290098151104161, -3.696365926106668 ], [ 128.290436815966245, -3.696110438809614 ], [ 128.290656004895567, -3.695772478307116 ], [ 128.290810515124434, -3.69551788728651 ], [ 128.290887770238868, -3.695429138991025 ], [ 128.291398911635525, -3.695257021059324 ], [ 128.292005274452293, -3.695096556915836 ], [ 128.29265295977217, -3.69503111622329 ], [ 128.293562054839697, -3.69507324927247 ], [ 128.293953720303563, -3.695078627959455 ], [ 128.294037263625, -3.695119864558592 ], [ 128.294400182999794, -3.69529825765017 ], [ 128.294684948944848, -3.69558332794315 ], [ 128.294762204059282, -3.695826265133105 ], [ 128.294773882157983, -3.695880948402851 ], [ 128.294863713686397, -3.696288831701978 ], [ 128.29505325821134, -3.696679682335692 ], [ 128.295313769643712, -3.696870625357878 ], [ 128.295320956166023, -3.696876004033964 ], [ 128.295653332821132, -3.696876004033964 ], [ 128.29590306447011, -3.696703886383033 ], [ 128.296098897202057, -3.696466328112034 ], [ 128.296348628851035, -3.696330068244855 ], [ 128.296841803942016, -3.69618215454955 ], [ 128.297180468804157, -3.695897084449018 ], [ 128.297364623437375, -3.695672076223209 ], [ 128.29769789840779, -3.6954165887263 ], [ 128.298048241368605, -3.695345769372027 ], [ 128.298410262428092, -3.695120761006379 ], [ 128.298802826207236, -3.694651918690638 ], [ 128.299082202260621, -3.694059366193394 ], [ 128.299164847266752, -3.693465916851039 ], [ 128.299260068686891, -3.692499543809996 ], [ 128.299284323199544, -3.69190071471865 ], [ 128.29942715532971, -3.691236444251157 ], [ 128.299693954969086, -3.690732638248145 ], [ 128.29953405484855, -3.690524661309476 ], [ 128.299361578313977, -3.690519282594897 ], [ 128.299723599373465, -3.689066132013825 ], [ 128.300027229939474, -3.68754215907991 ], [ 128.300347928495938, -3.685935709488311 ], [ 128.300763848472485, -3.68479093309238 ], [ 128.301155513936351, -3.684091695414828 ], [ 128.301061190831518, -3.683563680958301 ], [ 128.300829425488217, -3.682958570627155 ], [ 128.300965969411408, -3.682229748304432 ], [ 128.301025258220164, -3.681334183526315 ], [ 128.30107286893022, -3.680640321907827 ], [ 128.300977647510109, -3.679329692931533 ], [ 128.300852781685592, -3.67898007201702 ], [ 128.300609338243618, -3.678873392787585 ], [ 128.300395539205994, -3.678374958571588 ], [ 128.300323673983257, -3.677734882568836 ], [ 128.300157485655717, -3.676032493316494 ], [ 128.29992033042069, -3.675244498454802 ], [ 128.299575377351601, -3.674483396954806 ], [ 128.299111846664971, -3.673459629248797 ], [ 128.299177423680732, -3.67326330238287 ], [ 128.29924839058819, -3.672824928540059 ], [ 128.298559382765262, -3.670600783088374 ], [ 128.298202751597472, -3.669255176883114 ], [ 128.297754492270656, -3.668320154189313 ], [ 128.297643999490731, -3.668089760144251 ], [ 128.297530811764943, -3.667855780138868 ], [ 128.297377199851354, -3.66757697629769 ], [ 128.297234367721188, -3.667570700969074 ], [ 128.29719214690283, -3.66741650716639 ], [ 128.297168790705456, -3.667137703188201 ], [ 128.296966669766533, -3.666705601673992 ], [ 128.295951573495472, -3.664813138018116 ], [ 128.295487144493563, -3.663948036055537 ], [ 128.295373956767747, -3.663977619867035 ], [ 128.295273345455939, -3.663882593075112 ], [ 128.295261667357238, -3.663627992941352 ], [ 128.29505325821134, -3.663538344989686 ], [ 128.294863713686397, -3.663396701207746 ], [ 128.294786458571963, -3.663052452935401 ], [ 128.294637338234793, -3.662886604111096 ], [ 128.294447793709821, -3.662862399144978 ], [ 128.294070501290491, -3.662353198224561 ], [ 128.294045348462561, -3.66231823547468 ], [ 128.293860295514008, -3.662068117301086 ], [ 128.293779447138462, -3.662101287098735 ], [ 128.293655479629251, -3.662153282995281 ], [ 128.293441680591627, -3.662120113199558 ], [ 128.293484799725292, -3.661830549795506 ], [ 128.29346593510428, -3.661579535004136 ], [ 128.293289865308623, -3.661351828668232 ], [ 128.292472398400065, -3.660165782525673 ], [ 128.292184937509148, -3.659696921826015 ], [ 128.291783390577137, -3.659041592215102 ], [ 128.291501319577918, -3.65884346921511 ], [ 128.291445624030331, -3.658804023906715 ], [ 128.291246198037243, -3.658576316865217 ], [ 128.291219248578727, -3.658540457483328 ], [ 128.290632648698192, -3.65773182804075 ], [ 128.290385611995049, -3.657575839572093 ], [ 128.290176304533844, -3.657257587152422 ], [ 128.289753198035015, -3.656901682199972 ], [ 128.289234870116104, -3.656342274633973 ], [ 128.288745288286236, -3.655876997882924 ], [ 128.288498251583121, -3.655549779984703 ], [ 128.288085026552437, -3.655293384507053 ], [ 128.287637665540927, -3.655569502710717 ], [ 128.287623292496392, -3.655578467586034 ], [ 128.287494833410733, -3.655497783704951 ], [ 128.287400510305901, -3.655227044406494 ], [ 128.28720557588926, -3.654942857703974 ], [ 128.287152575287507, -3.654819142329004 ], [ 128.287238813554779, -3.654677497168595 ], [ 128.28720557588926, -3.654508957328336 ], [ 128.287201982628119, -3.65449371702207 ], [ 128.287148083711088, -3.654222080931671 ], [ 128.287052862290977, -3.654003337617573 ], [ 128.28663334905329, -3.653730804889329 ], [ 128.28659202655021, -3.653704806697112 ], [ 128.286585738343206, -3.653694048824249 ], [ 128.286510279859357, -3.653562264871224 ], [ 128.286501296706518, -3.653547921038435 ], [ 128.28650039839124, -3.65352192284092 ], [ 128.286487821977232, -3.653324695111095 ], [ 128.286440211267205, -3.653282560090468 ], [ 128.286300074082874, -3.653350693314326 ], [ 128.286245276850536, -3.653377588006529 ], [ 128.286197666140481, -3.653302282866327 ], [ 128.286178801519497, -3.653272698702376 ], [ 128.286221022337884, -3.653073677937717 ], [ 128.286021596344796, -3.652793973004676 ], [ 128.285760186597116, -3.652622743339188 ], [ 128.285527522938537, -3.652542059192294 ], [ 128.285446674562962, -3.652309868106878 ], [ 128.285204129436238, -3.652186152368886 ], [ 128.285108908016127, -3.652224701477481 ], [ 128.285071178774217, -3.652024783989359 ], [ 128.284824142071074, -3.651763905047768 ], [ 128.284457629435167, -3.651616880456218 ], [ 128.284134235932868, -3.651413376865993 ], [ 128.28393031836336, -3.651285178545385 ], [ 128.28380185927773, -3.651200011818777 ], [ 128.283729994055022, -3.651043125722303 ], [ 128.283645552418307, -3.650998301118275 ], [ 128.28357817877199, -3.650962441433442 ], [ 128.283438939902965, -3.650911341380081 ], [ 128.283383244355349, -3.650891618551689 ], [ 128.283301497664468, -3.650752662248474 ], [ 128.28324580211688, -3.650658530546983 ], [ 128.283131716075786, -3.65046937062177 ], [ 128.28293139176742, -3.650345654630174 ], [ 128.282735559035501, -3.650197733313506 ], [ 128.282617879733266, -3.65010898051181 ], [ 128.282451691405697, -3.649937750334263 ], [ 128.282436420045883, -3.649918027484489 ], [ 128.282351978409167, -3.649805069336542 ], [ 128.282194773234465, -3.649686732213933 ], [ 128.282155247361942, -3.64968224974686 ], [ 128.282018703438752, -3.64966790585208 ], [ 128.281918990442222, -3.649643700529118 ], [ 128.281858803318158, -3.64951550195589 ], [ 128.281848023534764, -3.649492193122429 ], [ 128.281777056627334, -3.649278827618789 ], [ 128.281733937493698, -3.649245657346865 ], [ 128.281615359876184, -3.649254622285342 ], [ 128.281501273835119, -3.649178420305423 ], [ 128.281367424857791, -3.649140767560019 ], [ 128.281167998864731, -3.649026912820264 ], [ 128.280997318960715, -3.648856578930701 ], [ 128.28043138033172, -3.648476465292288 ], [ 128.280312802714207, -3.648353645520975 ], [ 128.280151105963085, -3.648248755629996 ], [ 128.280110681775284, -3.648220067794433 ], [ 128.27974686408524, -3.647960084242889 ], [ 128.279647151088682, -3.647846229353532 ], [ 128.279342622207366, -3.647641828413613 ], [ 128.279190806924333, -3.647518112032657 ], [ 128.278890769619466, -3.647395292130371 ], [ 128.278715598139058, -3.647267093236362 ], [ 128.278577257585283, -3.647186408608379 ], [ 128.278434425455117, -3.646987386495056 ], [ 128.278320339414051, -3.646859187542871 ], [ 128.278116421844544, -3.646745332514064 ], [ 128.277845130628748, -3.64680719075985 ], [ 128.277731044587654, -3.646588445639722 ], [ 128.277564856260085, -3.646427076254692 ], [ 128.277469634840003, -3.646304256203341 ], [ 128.277293565044289, -3.646242397922949 ], [ 128.277113003672184, -3.646142886767304 ], [ 128.27689920463456, -3.646016480688848 ], [ 128.276751880927975, -3.645929520468526 ], [ 128.276633303310462, -3.64580580385193 ], [ 128.27662971004932, -3.6458013213655 ], [ 128.276457233514805, -3.645549405592324 ], [ 128.276309909808163, -3.645364727080324 ], [ 128.276015262394964, -3.645198874986256 ], [ 128.275891294885781, -3.645137016629826 ], [ 128.275858057220262, -3.645122672662509 ], [ 128.275710733513677, -3.645060814300839 ], [ 128.275606528940699, -3.644976543482441 ], [ 128.275535562033298, -3.644919167601568 ], [ 128.275354102345887, -3.644762280408617 ], [ 128.275587664319744, -3.644591049212509 ], [ 128.275482561431517, -3.644444023447432 ], [ 128.275382848434958, -3.644491537874141 ], [ 128.275354102345887, -3.64443057596772 ], [ 128.275187914018318, -3.644582084227522 ], [ 128.275154676352798, -3.644615254671528 ], [ 128.275069336400804, -3.644544431289598 ], [ 128.274903148073264, -3.644344512092799 ], [ 128.274693840612059, -3.644273688689552 ], [ 128.274494414618999, -3.644167005324771 ], [ 128.274394701622469, -3.644067493939494 ], [ 128.274322836399733, -3.643914192594691 ], [ 128.274244682969993, -3.643871160633559 ], [ 128.274030883932369, -3.643885504620833 ], [ 128.273770372499968, -3.643789579201599 ], [ 128.273605980802984, -3.64377164921556 ], [ 128.273384995243106, -3.643796751195914 ], [ 128.273214315339118, -3.643697239769685 ], [ 128.273029262390565, -3.643697239769685 ], [ 128.272793903786123, -3.643668551788908 ], [ 128.272191134230496, -3.643294711455791 ], [ 128.271841689584988, -3.643077758481419 ], [ 128.271606330980518, -3.643006934978461 ], [ 128.27145631232807, -3.64299976297785 ], [ 128.271350311124564, -3.642951351972235 ], [ 128.271292818946364, -3.642925353468145 ], [ 128.271185919427552, -3.642804325939216 ], [ 128.271025120991709, -3.642715572407658 ], [ 128.270946967561997, -3.642625922366895 ], [ 128.270957747345392, -3.642338145675707 ], [ 128.271007154686032, -3.642206360057438 ], [ 128.270918221472925, -3.642070988415861 ], [ 128.270757423037026, -3.642036024875987 ], [ 128.270626269005561, -3.641992992825046 ], [ 128.270354977789736, -3.641904239213485 ], [ 128.270212145659571, -3.641879137180345 ], [ 128.270001939883116, -3.641911411222825 ], [ 128.269820480195705, -3.641854035146504 ], [ 128.269641715454156, -3.641850449141613 ], [ 128.269534815935344, -3.641886309189885 ], [ 128.269395577066319, -3.641953546776544 ], [ 128.269388390544037, -3.641821761101967 ], [ 128.269292270808648, -3.641754523505464 ], [ 128.26914315047145, -3.641857621151381 ], [ 128.268853892950006, -3.641718663451943 ], [ 128.268586194995322, -3.641604807772545 ], [ 128.268354429652021, -3.641416542444313 ], [ 128.268129850831002, -3.641167314949242 ], [ 128.267919645054491, -3.641060631216236 ], [ 128.267431859855236, -3.640932431419516 ], [ 128.267345621587964, -3.640868779765414 ], [ 128.267160568639412, -3.640879537791775 ], [ 128.267017736509246, -3.640829333667654 ], [ 128.266832683560722, -3.640697547828521 ] ] ] } },
{ "type": "Feature", "properties": { "FID": 41, "Provinsi": "MALUKU", "Kode_Prov": "81", "Kota_Kab": "KOTA AMBON", "Kode_Kab": "8171", "Kecamatan": "Baguala", "Kode_Kec": "817140", "Kelurahan": "Lateri", "Kode_Kel": "81714013", "Sumber": "Wilkerstat BPS Tahun 2019", "city": "ambon", "source_layer": "Wilayah Administrasi", "role": "admin" }, "geometry": { "type": "Polygon", "coordinates": [ [ [ 128.245373728053664, -3.637513165772104 ], [ 128.24532971060475, -3.637504200716644 ], [ 128.245184183528721, -3.637649434604118 ], [ 128.245169810484185, -3.637669157722835 ], [ 128.245190471735725, -3.637713086485697 ], [ 128.245128487981106, -3.637813495078486 ], [ 128.24520933635668, -3.637898663072527 ], [ 128.245232692554055, -3.638017001745622 ], [ 128.245232692554055, -3.638126375353908 ], [ 128.245280303264138, -3.63820168176501 ], [ 128.245232692554055, -3.638302090303358 ], [ 128.245076385694631, -3.638439255520696 ], [ 128.244947926609029, -3.638581799744039 ], [ 128.244790721434299, -3.638643658550926 ], [ 128.2447736534439, -3.638644555055343 ], [ 128.244600278594049, -3.638662485143484 ], [ 128.244505955489188, -3.63856745567227 ], [ 128.244443971734626, -3.638538767528047 ], [ 128.244348750314487, -3.63855400810478 ], [ 128.244201426607873, -3.638576420717151 ], [ 128.243887914573747, -3.638690276779398 ], [ 128.243881626366743, -3.63878440973338 ], [ 128.243902287618283, -3.638898265769342 ], [ 128.243952593274201, -3.639016604311154 ], [ 128.244011882082958, -3.639142114868818 ], [ 128.24406937426113, -3.639222800218083 ], [ 128.244056797847151, -3.639280176462052 ], [ 128.243978644417439, -3.639291831011161 ], [ 128.243914864032263, -3.639313347101429 ], [ 128.243845693755389, -3.639368033828547 ], [ 128.243857371854091, -3.639410169501275 ], [ 128.243800777991169, -3.639448719157575 ], [ 128.243850185331809, -3.639539266018215 ], [ 128.243854676908228, -3.639548231053425 ], [ 128.243818744296874, -3.639557196088548 ], [ 128.243710048147506, -3.639583194689898 ], [ 128.243600453682831, -3.639645053428024 ], [ 128.243538469928239, -3.639706912161903 ], [ 128.243532181721235, -3.639714084188744 ], [ 128.243479181119454, -3.639770563898125 ], [ 128.243444146823379, -3.63972573873224 ], [ 128.243429773778843, -3.639706912161903 ], [ 128.243340840565708, -3.639715877195446 ], [ 128.243339043935151, -3.639716773698795 ], [ 128.243311196161329, -3.639717670202144 ], [ 128.243221364632916, -3.639723049222216 ], [ 128.243181838760393, -3.639740979288891 ], [ 128.24318633033684, -3.639777735924459 ], [ 128.243015650432852, -3.639846766675011 ], [ 128.242942886894838, -3.63987635128077 ], [ 128.242904259337649, -3.639792976480232 ], [ 128.242902462707065, -3.639789390467132 ], [ 128.242828800853772, -3.639772356904714 ], [ 128.242685968723606, -3.639738289778911 ], [ 128.242618595077289, -3.639722152718873 ], [ 128.242546729854553, -3.639726635235579 ], [ 128.242472169685954, -3.639731117752263 ], [ 128.2424649831637, -3.639706912161903 ], [ 128.24245240674972, -3.639662086992849 ], [ 128.242376049950565, -3.639623537345679 ], [ 128.242333829132207, -3.639535680004104 ], [ 128.242235912766233, -3.639339345709816 ], [ 128.242069724438693, -3.639232661760275 ], [ 128.241864908553907, -3.639185147055992 ], [ 128.241594515653389, -3.639225489729601 ], [ 128.241356462103113, -3.639296313530009 ], [ 128.241334004220988, -3.639339345709816 ], [ 128.241308851393029, -3.639386860405966 ], [ 128.241351970526694, -3.639515060422697 ], [ 128.241375326724068, -3.639777735924459 ], [ 128.241378021669931, -3.639931934476842 ], [ 128.241375326724068, -3.640069995949017 ], [ 128.241349275580831, -3.640199988874253 ], [ 128.241360953679532, -3.640276191614806 ], [ 128.241401377867305, -3.640432183087122 ], [ 128.241456175099643, -3.640537073889521 ], [ 128.241485819504021, -3.640591760542336 ], [ 128.241485819504021, -3.640632103152941 ], [ 128.24148222624288, -3.64063479266025 ], [ 128.241456175099643, -3.640653619211191 ], [ 128.241443598685635, -3.640636585665119 ], [ 128.241441802055078, -3.640633896157814 ], [ 128.241434615532796, -3.640636585665119 ], [ 128.241403174497862, -3.640646447191831 ], [ 128.241344784004383, -3.640665273742528 ], [ 128.241334004220988, -3.640639275172414 ], [ 128.241275613727538, -3.640658998225672 ], [ 128.241275613727538, -3.640683203790445 ], [ 128.24124596932316, -3.640699340833265 ], [ 128.241235189539736, -3.640705616349838 ], [ 128.241252257530135, -3.640754027476226 ], [ 128.24120464682008, -3.640763889001652 ], [ 128.241181290622677, -3.640738786936719 ], [ 128.241168714208726, -3.640725339401643 ], [ 128.241116611922223, -3.640718167382856 ], [ 128.241066306266333, -3.640742372946037 ], [ 128.241060916374607, -3.640773750526971 ], [ 128.241016898925665, -3.640773750526971 ], [ 128.240978271368476, -3.640724442899298 ], [ 128.240927965712558, -3.640760302992418 ], [ 128.240887541524785, -3.640781819047606 ], [ 128.240837235868867, -3.640808714115866 ], [ 128.240800404942206, -3.640812300124908 ], [ 128.24076537064613, -3.640816782636188 ], [ 128.240741116133478, -3.640819472142946 ], [ 128.240689912162281, -3.640828437165413 ], [ 128.240659369442625, -3.640782715549894 ], [ 128.240606368840844, -3.640807817613604 ], [ 128.240538096879277, -3.640840988196718 ], [ 128.240435688936884, -3.640881330796157 ], [ 128.240381790019825, -3.640919880389487 ], [ 128.240368315290567, -3.640929741913097 ], [ 128.240252432618917, -3.640989807554571 ], [ 128.240208415169974, -3.6410292536453 ], [ 128.240203923593555, -3.6410337361555 ], [ 128.240087142606626, -3.641069596236302 ], [ 128.240013480753333, -3.641105456315677 ], [ 128.239928140801339, -3.640959326483279 ], [ 128.239965870043278, -3.640930638415237 ], [ 128.239908377865078, -3.640824851156436 ], [ 128.239920954279086, -3.640817679138441 ], [ 128.239881428406562, -3.64074775195999 ], [ 128.239611933821351, -3.640901950346283 ], [ 128.239735901330533, -3.64111352483334 ], [ 128.239767342365468, -3.641149384910964 ], [ 128.239809563183854, -3.641126075860671 ], [ 128.239832021065951, -3.641186141489047 ], [ 128.239818546336693, -3.641197796013492 ], [ 128.23980327497685, -3.641191520500348 ], [ 128.239770037311331, -3.641212140043371 ], [ 128.23975386763621, -3.641254275629819 ], [ 128.239714341763715, -3.641336753793327 ], [ 128.239695477142732, -3.641337650295064 ], [ 128.239652358009124, -3.641340339800264 ], [ 128.239578696155803, -3.641386957889154 ], [ 128.23958857762392, -3.64141743894597 ], [ 128.239614628767185, -3.641440747988719 ], [ 128.239478983159273, -3.641605704274015 ], [ 128.239411609512985, -3.64168728590394 ], [ 128.239374778586324, -3.64170162992602 ], [ 128.239292133580193, -3.641765281521243 ], [ 128.239183437430796, -3.641833415618184 ], [ 128.23909001264127, -3.641888998693448 ], [ 128.239025333940816, -3.641910514721661 ], [ 128.238984909753015, -3.641956236279905 ], [ 128.238908552953859, -3.64200912984439 ], [ 128.238904959692746, -3.642057540900685 ], [ 128.238882501810622, -3.642076367421875 ], [ 128.238901366431605, -3.642115813464996 ], [ 128.238831297839425, -3.642147190998061 ], [ 128.238782788814092, -3.642157949009146 ], [ 128.238754042724992, -3.642123881973603 ], [ 128.238681279186977, -3.642088021934796 ], [ 128.238674092664695, -3.642105951954377 ], [ 128.238698347177376, -3.642159742010982 ], [ 128.238703737069073, -3.642186637038077 ], [ 128.238661516250716, -3.642208153059177 ], [ 128.238633668476922, -3.642234151583985 ], [ 128.238649838152014, -3.642270908117776 ], [ 128.238640854999176, -3.642307664650068 ], [ 128.238658821304853, -3.642329180668273 ], [ 128.238636363422756, -3.642376695206655 ], [ 128.238621092062942, -3.642417037737275 ], [ 128.238524972327554, -3.642476206778913 ], [ 128.238512395913574, -3.642488757787245 ], [ 128.238480954878639, -3.642523721309533 ], [ 128.238338122748445, -3.642666264886344 ], [ 128.238216850185097, -3.642796257436709 ], [ 128.238169239475042, -3.642829427946555 ], [ 128.238075814685516, -3.642910112965397 ], [ 128.238017424192037, -3.642891286461647 ], [ 128.237941067392882, -3.64286977045688 ], [ 128.23790064320508, -3.642917284966722 ], [ 128.237937474131741, -3.642980936475976 ], [ 128.237895253313383, -3.643013210478949 ], [ 128.237699420581436, -3.642944179971181 ], [ 128.237684149221622, -3.642938800970354 ], [ 128.237658098078384, -3.642982729476171 ], [ 128.237636538511538, -3.643086723481395 ], [ 128.237620368836417, -3.643119893980535 ], [ 128.237580842963922, -3.643122583480411 ], [ 128.237565571604108, -3.643180855975763 ], [ 128.237570063180527, -3.643222991470051 ], [ 128.237527842362169, -3.643247196965878 ], [ 128.237473045129832, -3.643204164972847 ], [ 128.237446993986595, -3.643112721980825 ], [ 128.237371535502746, -3.643087619981388 ], [ 128.237297873649425, -3.643103756981106 ], [ 128.237270025875631, -3.643198785973574 ], [ 128.237240381471253, -3.64330277995383 ], [ 128.237261042722793, -3.643413049419766 ], [ 128.23727900902847, -3.643459667401301 ], [ 128.237329314684359, -3.643498216884208 ], [ 128.237410163059934, -3.643518836374388 ], [ 128.237426332735055, -3.643542145362717 ], [ 128.237400281591817, -3.643586970338576 ], [ 128.237406569798821, -3.643604900328294 ], [ 128.237447892301901, -3.643640760306658 ], [ 128.237420942843357, -3.643684688778207 ], [ 128.237384111916725, -3.643676620283594 ], [ 128.237370637187468, -3.643673930785373 ], [ 128.237338297837226, -3.643710687260358 ], [ 128.237275415767328, -3.643718755754667 ], [ 128.237270924190909, -3.64376627021968 ], [ 128.237301466910566, -3.643825439172603 ], [ 128.237270924190909, -3.643846058655282 ], [ 128.237218821904435, -3.643702618765978 ], [ 128.2372448730477, -3.643674827284781 ], [ 128.237196364022338, -3.643577108844079 ], [ 128.237141566790001, -3.643573522846054 ], [ 128.23710473586334, -3.643553799856655 ], [ 128.237134380267719, -3.643454288403555 ], [ 128.237134380267719, -3.643396912425596 ], [ 128.237134380267719, -3.643375396432917 ], [ 128.237080481350688, -3.643332364446018 ], [ 128.237004124551532, -3.643338639944236 ], [ 128.237003226236254, -3.643338639944236 ], [ 128.237003226236254, -3.643337743444492 ], [ 128.236922377860679, -3.643283953458295 ], [ 128.236905309870281, -3.643258851463637 ], [ 128.236873868835346, -3.643212233471697 ], [ 128.236839732854548, -3.643145892479005 ], [ 128.236828953071125, -3.64312527298028 ], [ 128.236764274370671, -3.643098377981233 ], [ 128.236756189533139, -3.643094791981299 ], [ 128.236709477138334, -3.643079551481422 ], [ 128.236649290014299, -3.643058035481156 ], [ 128.236563950062305, -3.643037415980417 ], [ 128.23653250902737, -3.643042794980656 ], [ 128.236523525874532, -3.643104653481083 ], [ 128.236517237667528, -3.64313513447973 ], [ 128.236501067992407, -3.643215819471163 ], [ 128.236487593263149, -3.643292021956431 ], [ 128.236478610110311, -3.643378982431733 ], [ 128.236484000002008, -3.6434524954043 ], [ 128.236438185922538, -3.64347849389316 ], [ 128.236409439833437, -3.643459667401301 ], [ 128.236401354995877, -3.643327881947264 ], [ 128.236434592661396, -3.643231956468581 ], [ 128.236385185320756, -3.643207750972345 ], [ 128.236385185320756, -3.643207750972345 ], [ 128.236287268954783, -3.643201475473214 ], [ 128.236208217209793, -3.643179062975962 ], [ 128.23609772442984, -3.643140513479383 ], [ 128.236033944044692, -3.643114514980758 ], [ 128.235980045127633, -3.643127065980188 ], [ 128.235953095669117, -3.64320326847297 ], [ 128.235957587245537, -3.643259747963458 ], [ 128.236012384477874, -3.643307262452709 ], [ 128.236076164863022, -3.643346708441879 ], [ 128.236116589050823, -3.643398705424963 ], [ 128.236121978942549, -3.643446219906876 ], [ 128.236079758124163, -3.643511664377858 ], [ 128.23603933393639, -3.643569936848013 ], [ 128.236002503009729, -3.643578901843086 ], [ 128.23598543501933, -3.643508078379571 ], [ 128.23593512936344, -3.643523318872189 ], [ 128.235911773166066, -3.643573522846054 ], [ 128.235883027076937, -3.64359593533348 ], [ 128.235843501204471, -3.643578901843086 ], [ 128.235812958484814, -3.643546627860403 ], [ 128.235803077016669, -3.643545731360867 ], [ 128.235753669676058, -3.643589659837057 ], [ 128.235702465704833, -3.643634484810548 ], [ 128.235634193743266, -3.643669448288321 ], [ 128.235358410951022, -3.643784200205824 ], [ 128.235247918171069, -3.643820956676305 ], [ 128.235159883273212, -3.643637174308886 ], [ 128.234979321901108, -3.64335119094054 ], [ 128.234992796630394, -3.643339536443977 ], [ 128.23496584717185, -3.643307262452709 ], [ 128.234909253308984, -3.64335119094054 ], [ 128.234935304452193, -3.643387947428709 ], [ 128.23495776233429, -3.643366431435816 ], [ 128.235144611913398, -3.643665862290663 ], [ 128.235221867027832, -3.643828128670371 ], [ 128.23515179843568, -3.643850541151455 ], [ 128.235049390493288, -3.643842472658329 ], [ 128.23502333935005, -3.643831714667381 ], [ 128.235035017448752, -3.643761787723088 ], [ 128.23495776233429, -3.643760891223766 ], [ 128.234904761732565, -3.643782407207226 ], [ 128.234913744885404, -3.643841576159088 ], [ 128.234938897713334, -3.643893573113572 ], [ 128.234902066786702, -3.643918675090523 ], [ 128.234570588446843, -3.644111422390208 ], [ 128.234365772562057, -3.644184935302929 ], [ 128.234354992778663, -3.644195693289653 ], [ 128.234257974727967, -3.643953638557253 ], [ 128.234209465702634, -3.643970672040552 ], [ 128.234193296027513, -3.643936605073633 ], [ 128.2341322105882, -3.643957224553764 ], [ 128.234151973524433, -3.644006532004339 ], [ 128.234159160046715, -3.644019082991326 ], [ 128.234127719011781, -3.644030737479086 ], [ 128.234213058963775, -3.644230656745617 ], [ 128.233966920575938, -3.644412645994457 ], [ 128.233979496989917, -3.644435954959629 ], [ 128.233937276171531, -3.644472711403481 ], [ 128.233984886881615, -3.644534569805596 ], [ 128.233888767146198, -3.644596428203459 ], [ 128.233695629360113, -3.644741660946939 ], [ 128.233727968710355, -3.644801726333992 ], [ 128.233715392296375, -3.644841172257636 ], [ 128.233717188926931, -3.644881514677756 ], [ 128.233712697350512, -3.644911099118026 ], [ 128.233716290611653, -3.644955924025674 ], [ 128.233710900719956, -3.645024954379082 ], [ 128.233700120936533, -3.645074261771129 ], [ 128.233638137181941, -3.645083226751211 ], [ 128.233550102284113, -3.645099363715133 ], [ 128.233529441032545, -3.645171083551285 ], [ 128.233531237663129, -3.645269698316654 ], [ 128.233498898312916, -3.645301972237517 ], [ 128.233445897711135, -3.645308247721995 ], [ 128.233403676892777, -3.645323488184116 ], [ 128.233286895905849, -3.64536741657349 ], [ 128.233193471116294, -3.645436446895314 ], [ 128.233129690731118, -3.645531475641365 ], [ 128.233177301441174, -3.645555681075075 ], [ 128.233204250899689, -3.645609470925431 ], [ 128.233247370033354, -3.6456417448341 ], [ 128.233186284594012, -3.645903522050509 ], [ 128.233140470514542, -3.645907108039247 ], [ 128.233109029479579, -3.64593758894293 ], [ 128.233053333931963, -3.645991378770443 ], [ 128.233072198552946, -3.646051444074028 ], [ 128.233103639587881, -3.646113302367556 ], [ 128.233118012632417, -3.646150058742854 ], [ 128.233095554750321, -3.646245087413491 ], [ 128.233065012030664, -3.646296187732227 ], [ 128.233047944040266, -3.64628811926104 ], [ 128.233012011428883, -3.646323082635659 ], [ 128.233015604690024, -3.646349081041545 ], [ 128.232982367024533, -3.646354460021978 ], [ 128.232952722620155, -3.64644231669785 ], [ 128.232916790008773, -3.646403767341126 ], [ 128.232858399515322, -3.646443213194498 ], [ 128.232805398913541, -3.646527483875448 ], [ 128.23278473766203, -3.646649407399861 ], [ 128.232808992174682, -3.646721127112381 ], [ 128.232763178095212, -3.646713955141385 ], [ 128.232712872439294, -3.646727402586953 ], [ 128.232698499394729, -3.646796432804368 ], [ 128.232689516241891, -3.646877117467354 ], [ 128.232655380261122, -3.646869945497604 ], [ 128.232652685315259, -3.646798225796956 ], [ 128.232578125146688, -3.646796432804368 ], [ 128.23256465041743, -3.646859187542871 ], [ 128.232534107697774, -3.646851119076737 ], [ 128.232529616121354, -3.64678388185614 ], [ 128.232452361006921, -3.646778502878276 ], [ 128.232402055350974, -3.647257231782218 ], [ 128.232499971716948, -3.647263507253049 ], [ 128.232504463293367, -3.647191787583803 ], [ 128.232530514436633, -3.647200752542771 ], [ 128.232530514436633, -3.647269782723837 ], [ 128.232605074605203, -3.647276954690395 ], [ 128.232608667866316, -3.647214199981057 ], [ 128.232647295423561, -3.64721688946869 ], [ 128.232648193738839, -3.647284126656899 ], [ 128.232716465700406, -3.647294884606544 ], [ 128.23275149999651, -3.647089587045239 ], [ 128.232850314677762, -3.647094069525244 ], [ 128.232921281585192, -3.647114688932981 ], [ 128.232913196747631, -3.647136204836201 ], [ 128.232860196145879, -3.647137101332157 ], [ 128.2328018056524, -3.647163099714501 ], [ 128.232795517445425, -3.64722137194806 ], [ 128.232865586037605, -3.647259024773889 ], [ 128.232857501200044, -3.647318193497004 ], [ 128.232849416362484, -3.647375569224791 ], [ 128.232806297228819, -3.647421290505248 ], [ 128.232787432607864, -3.647489424173771 ], [ 128.232798212391288, -3.647562040314801 ], [ 128.232766771356353, -3.647611347567711 ], [ 128.232699397710036, -3.647614933549636 ], [ 128.23270209265587, -3.64767589524016 ], [ 128.23270209265587, -3.647804990571151 ], [ 128.232792822499562, -3.647822920476767 ], [ 128.232806297228819, -3.647758372814877 ], [ 128.232849416362484, -3.647771820244819 ], [ 128.232879060766862, -3.647771820244819 ], [ 128.232906908540656, -3.647740442907974 ], [ 128.232919484954635, -3.647771820244819 ], [ 128.232890738865535, -3.647813955524004 ], [ 128.232886247289116, -3.647860573277395 ], [ 128.232813483751102, -3.647875813696248 ], [ 128.232798212391288, -3.647896433086049 ], [ 128.232765873041046, -3.647890157619638 ], [ 128.232725448853273, -3.64789374360045 ], [ 128.23270658423229, -3.64785250482025 ], [ 128.232452361006921, -3.647845332858282 ], [ 128.232431699755381, -3.64801477044446 ], [ 128.232692211187754, -3.648054216227135 ], [ 128.232702990971148, -3.648085593553025 ], [ 128.232764974725768, -3.648089179533056 ], [ 128.232810788805239, -3.64813669376713 ], [ 128.23285121299304, -3.64818779397833 ], [ 128.232886247289116, -3.648243376660898 ], [ 128.23285121299304, -3.648335715625948 ], [ 128.232799110706566, -3.648427158086843 ], [ 128.232769466302187, -3.648440605506778 ], [ 128.232737126951974, -3.648419089634786 ], [ 128.232639210586001, -3.648449570453291 ], [ 128.232611362812179, -3.648528461978735 ], [ 128.232644600477698, -3.64861721493658 ], [ 128.232685922980778, -3.648700588919297 ], [ 128.23271466906985, -3.648728380245151 ], [ 128.232691312872475, -3.648786652377213 ], [ 128.232731737060277, -3.648816236688968 ], [ 128.232716465700406, -3.648852992953731 ], [ 128.232612261127457, -3.648812650711837 ], [ 128.232555667264592, -3.648919333525349 ], [ 128.232460445844453, -3.648874508815332 ], [ 128.232391275567579, -3.649021533855824 ], [ 128.232505361608645, -3.649071737522676 ], [ 128.232475717204295, -3.649129113138501 ], [ 128.232497276771113, -3.649141664053975 ], [ 128.232472123943154, -3.649172144847966 ], [ 128.232416428395538, -3.649112079752936 ], [ 128.232349953064528, -3.649209797592056 ], [ 128.23233647833527, -3.649233106432845 ], [ 128.232329291812988, -3.649243864359159 ], [ 128.23242810649424, -3.649303929445377 ], [ 128.232628430802606, -3.649409715706863 ], [ 128.23264370216242, -3.649417784150024 ], [ 128.233172809864755, -3.649696593641413 ], [ 128.233440507819438, -3.64984003257433 ], [ 128.233807020455345, -3.650034571590499 ], [ 128.233948055954954, -3.650144840230723 ], [ 128.234195092658098, -3.65033848268811 ], [ 128.234300195546325, -3.650398547701131 ], [ 128.234702640793643, -3.650527642640892 ], [ 128.235052085439122, -3.65070604464516 ], [ 128.235077238267081, -3.650695286736359 ], [ 128.235176052948333, -3.650698872705973 ], [ 128.235246121540513, -3.650743697324949 ], [ 128.23539254693182, -3.650776867541549 ], [ 128.235524599278591, -3.65082527812574 ], [ 128.235631498797403, -3.650895204520519 ], [ 128.235679109507458, -3.650983060752396 ], [ 128.235682702768599, -3.651075399435817 ], [ 128.235637787004407, -3.651182081980568 ], [ 128.235637787004407, -3.651267248708876 ], [ 128.235637787004407, -3.651326417167997 ], [ 128.235766246090009, -3.651499440063964 ], [ 128.23589829843678, -3.651650947132013 ], [ 128.236077961493606, -3.651769283995782 ], [ 128.236342066187149, -3.651916308562371 ], [ 128.236433694346118, -3.651957547155994 ], [ 128.236551373648325, -3.651982648907706 ], [ 128.236657374851859, -3.65204988573919 ], [ 128.236726545128732, -3.652130569930324 ], [ 128.236858597475532, -3.652292834781645 ], [ 128.236928666067655, -3.65235558913617 ], [ 128.237005921182089, -3.652407585598022 ], [ 128.237085871242385, -3.65242910137446 ], [ 128.237189177500056, -3.652425515411757 ], [ 128.237258347776958, -3.652388759293217 ], [ 128.237361654034629, -3.65235558913617 ], [ 128.237375128763887, -3.65235558913617 ], [ 128.237473045129832, -3.652291938290835 ], [ 128.23767247112292, -3.652182566405212 ], [ 128.23786291396317, -3.652137741858075 ], [ 128.238189900726582, -3.652128776948378 ], [ 128.238462090257656, -3.652238148840554 ], [ 128.238606719018406, -3.652366347025076 ], [ 128.238851959090965, -3.652585090738206 ], [ 128.239106182316391, -3.652731218680803 ], [ 128.239405321306009, -3.652804730888328 ], [ 128.239623611920024, -3.652877346599606 ], [ 128.239768240680746, -3.652946376344385 ], [ 128.239913767756804, -3.653014509593767 ], [ 128.24012217690273, -3.653160637466444 ], [ 128.240266805663452, -3.653333660008846 ], [ 128.24042131589232, -3.653571229766602 ], [ 128.240547978347394, -3.653798938079151 ], [ 128.240602775579703, -3.653899344875773 ], [ 128.240738421187615, -3.654018577932169 ], [ 128.240838134184173, -3.654073263764764 ], [ 128.240983661260174, -3.654110019814308 ], [ 128.241138171489041, -3.654127949594027 ], [ 128.241391496399189, -3.654173670530687 ], [ 128.241999655846513, -3.654201461687127 ], [ 128.242172132381086, -3.654238217731419 ], [ 128.242317659457086, -3.654311729815483 ], [ 128.24244432191216, -3.654447996101721 ], [ 128.242471271370675, -3.654567229085198 ], [ 128.242471271370675, -3.654657774422966 ], [ 128.242435338759321, -3.65473128647265 ], [ 128.242389524679851, -3.654758181123469 ], [ 128.242358981960166, -3.6547859722618 ], [ 128.242629374860684, -3.654993957527786 ], [ 128.24309110891673, -3.655296970458295 ], [ 128.243192618543844, -3.655561434322855 ], [ 128.243329162467006, -3.655766729946998 ], [ 128.243470197966616, -3.655830380545813 ], [ 128.243844795440111, -3.655840241905788 ], [ 128.244116984971186, -3.655766729946998 ], [ 128.244598481963465, -3.655566813248103 ], [ 128.245172505430048, -3.655269179335796 ], [ 128.246038481363911, -3.65486934567163 ], [ 128.246242398933418, -3.654889068412606 ], [ 128.246495723843537, -3.654938375263149 ], [ 128.246864931425307, -3.655036092468038 ], [ 128.247249410366919, -3.655188495426889 ], [ 128.24750183696176, -3.655262007433077 ], [ 128.247618617948689, -3.655192977866463 ], [ 128.247823433833474, -3.654861277277468 ], [ 128.247959977756665, -3.654563643131039 ], [ 128.247370682930267, -3.654103744391322 ], [ 128.24813604755235, -3.652671153823843 ], [ 128.248763969935936, -3.651849968212136 ], [ 128.250983707002973, -3.650322345818255 ], [ 128.251549645631997, -3.650394065237611 ], [ 128.252544080651518, -3.65207050503317 ], [ 128.252720150447203, -3.652076780470374 ], [ 128.252874660676071, -3.652177187459673 ], [ 128.253146850207173, -3.652178083950599 ], [ 128.253283394130335, -3.652086641871606 ], [ 128.253356157668378, -3.651849968212136 ], [ 128.253519651050055, -3.651511990946312 ], [ 128.253793637211743, -3.651156083714528 ], [ 128.253387598703313, -3.651004576562974 ], [ 128.252860287631535, -3.650648669130066 ], [ 128.252708472348502, -3.650352826572181 ], [ 128.252689607727547, -3.650315173876005 ], [ 128.252647386909217, -3.650156494639061 ], [ 128.252612352613113, -3.649978092525628 ], [ 128.252573725055896, -3.649848997506877 ], [ 128.25248928341918, -3.64973693584361 ], [ 128.252365315909969, -3.64956391260807 ], [ 128.252267399543996, -3.649428542074126 ], [ 128.252226975356223, -3.649345168158964 ], [ 128.251973650446104, -3.648965951221394 ], [ 128.251807462118535, -3.648716725818284 ], [ 128.251690681131606, -3.648559839288065 ], [ 128.251533475956904, -3.648376057889255 ], [ 128.251371779205726, -3.648185104493603 ], [ 128.251304405559438, -3.648117867372798 ], [ 128.250963045751462, -3.647354949823039 ], [ 128.250901061996871, -3.647124550388687 ], [ 128.251277456100894, -3.647034900787376 ], [ 128.251056470541016, -3.645875730637315 ], [ 128.250386327339072, -3.645263422831908 ], [ 128.24963713239211, -3.644011014499712 ], [ 128.248900513859127, -3.643607589826721 ], [ 128.248848411572652, -3.643558282354284 ], [ 128.248768461512356, -3.643500009883373 ], [ 128.24868401987564, -3.643455184903182 ], [ 128.24860047655423, -3.643409463421087 ], [ 128.248558255735873, -3.643347604941613 ], [ 128.248545679321921, -3.643292918456218 ], [ 128.248559154051179, -3.643231059968733 ], [ 128.248568137204018, -3.643156650478153 ], [ 128.248565442258155, -3.643108239480978 ], [ 128.248539391114917, -3.64302396847968 ], [ 128.248498068611838, -3.642943283471045 ], [ 128.248507051764676, -3.642877838958727 ], [ 128.248536696169083, -3.642816876942972 ], [ 128.248623832751605, -3.642668057887167 ], [ 128.248652578840705, -3.6425604778315 ], [ 128.248630120958609, -3.642486068285473 ], [ 128.248581611933275, -3.642431381747726 ], [ 128.248517831548071, -3.642389246216375 ], [ 128.248323795446737, -3.642288838133716 ], [ 128.248237557179465, -3.642220704071247 ], [ 128.248179166685986, -3.642148983999917 ], [ 128.248005791836135, -3.641912307723988 ], [ 128.24786655296711, -3.641792176560124 ], [ 128.247786602906814, -3.641727628465458 ], [ 128.247705754531239, -3.641695354416388 ], [ 128.247628499416805, -3.641691768410865 ], [ 128.248594188347226, -3.640755820480857 ], [ 128.247430870054302, -3.639559885599067 ], [ 128.247285342978273, -3.639410169501275 ], [ 128.247111069813172, -3.639111633734994 ], [ 128.246952966323164, -3.638995088213799 ], [ 128.246840676912626, -3.638928746910386 ], [ 128.246603521677628, -3.638793374776104 ], [ 128.246439129980644, -3.638693862796872 ], [ 128.246316060786711, -3.638594350806649 ], [ 128.246205568006786, -3.638450013576074 ], [ 128.246179516863549, -3.638146994967097 ], [ 128.245914513854729, -3.637783013899714 ], [ 128.245828275587428, -3.637731913097698 ], [ 128.245721376068616, -3.637702328421521 ], [ 128.245635137801344, -3.637687984335753 ], [ 128.245534526489507, -3.637661089174322 ], [ 128.245373728053664, -3.637513165772104 ] ] ] } },
{ "type": "Feature", "properties": { "FID": 42, "Provinsi": "MALUKU", "Kode_Prov": "81", "Kota_Kab": "KOTA AMBON", "Kode_Kab": "8171", "Kecamatan": "Teluk Ambon", "Kode_Kec": "817130", "Kelurahan": "Poka", "Kode_Kel": "81713007", "Sumber": "Wilkerstat BPS Tahun 2019", "city": "ambon", "source_layer": "Wilayah Administrasi", "role": "admin" }, "geometry": { "type": "Polygon", "coordinates": [ [ [ 128.19811066601028, -3.634101955733014 ], [ 128.197971427141255, -3.633902930727905 ], [ 128.197074908487707, -3.634147677687444 ], [ 128.196944652771521, -3.634183538042239 ], [ 128.195896318834968, -3.634664066658951 ], [ 128.194980037245159, -3.635019980413395 ], [ 128.194851578159501, -3.635069288353185 ], [ 128.193793362754832, -3.635453890191031 ], [ 128.1930693206358, -3.63557133267759 ], [ 128.192780961429605, -3.63570670529579 ], [ 128.192638129299439, -3.635414443856237 ], [ 128.192583332067102, -3.635247693421905 ], [ 128.192145852523737, -3.635235142312697 ], [ 128.191624829658963, -3.635235142312697 ], [ 128.191387674423964, -3.635353481335433 ], [ 128.190367188261206, -3.635824147749423 ], [ 128.190010557093387, -3.636103857959067 ], [ 128.189812029415577, -3.636113719535388 ], [ 128.189326939162186, -3.636327088160272 ], [ 128.189030495118431, -3.636469632717669 ], [ 128.188840950593459, -3.636612177252528 ], [ 128.188663084167189, -3.636754721764845 ], [ 128.1878950245993, -3.637298900922203 ], [ 128.187150321228756, -3.637847562277067 ], [ 128.186827826041764, -3.638135340403179 ], [ 128.186675112443453, -3.638360363110659 ], [ 128.186660739398917, -3.638413256886333 ], [ 128.186621213526394, -3.638557594122796 ], [ 128.186639179832071, -3.63873779150978 ], [ 128.186702960217247, -3.639125977798098 ], [ 128.18680896142078, -3.639394928939026 ], [ 128.186888911481077, -3.639908625395035 ], [ 128.186915860939592, -3.640079857481934 ], [ 128.186932928929991, -3.640223297948519 ], [ 128.187036235187662, -3.640344325824428 ], [ 128.187112591986818, -3.640403495002286 ], [ 128.187237457811307, -3.640440251610818 ], [ 128.187336272492558, -3.640440251610818 ], [ 128.187444070326649, -3.640458181663214 ], [ 128.187506054081268, -3.640494041766938 ], [ 128.187586902456843, -3.64059355354729 ], [ 128.187730632902287, -3.640746855457667 ], [ 128.187846515573938, -3.640827540663169 ], [ 128.187936347102351, -3.640863400752184 ], [ 128.188052229774001, -3.640918087385183 ], [ 128.188133078149576, -3.641080354260265 ], [ 128.188160027608092, -3.641232759585922 ], [ 128.188124094996738, -3.641439851487087 ], [ 128.18817709559849, -3.64155729319342 ], [ 128.188248960821227, -3.641664873368983 ], [ 128.188347775502478, -3.641926651742483 ], [ 128.188318131098129, -3.64217318952463 ], [ 128.188212129894595, -3.642718261908743 ], [ 128.188185180436051, -3.643015003479079 ], [ 128.188285791747859, -3.643247196965878 ], [ 128.188486116056225, -3.643426496914688 ], [ 128.188649609437931, -3.643636277809441 ], [ 128.188783458415259, -3.643793165198764 ], [ 128.188761000533162, -3.643905227602959 ], [ 128.188686440364592, -3.643979637031634 ], [ 128.188478031218665, -3.644114111887121 ], [ 128.188284893432581, -3.644270999193117 ], [ 128.18806121292684, -3.644554292773492 ], [ 128.187957008353891, -3.644800829835706 ], [ 128.187971381398427, -3.645129844646196 ], [ 128.188008212325116, -3.645331556663957 ], [ 128.188016297162648, -3.645443618876499 ], [ 128.188075585971404, -3.645540440616888 ], [ 128.188164519184511, -3.645638158844306 ], [ 128.188211231579317, -3.645700017166265 ], [ 128.187954313408028, -3.645862283179008 ], [ 128.187816871169559, -3.646298877222607 ], [ 128.186476584765671, -3.646721127112381 ], [ 128.185611507147058, -3.647250059815501 ], [ 128.185273740600223, -3.647456253835793 ], [ 128.184693428926693, -3.648144762221723 ], [ 128.185149773091013, -3.649563016114535 ], [ 128.186153191263401, -3.649605151309721 ], [ 128.186645468039075, -3.649647286502932 ], [ 128.186756859134306, -3.649551361698496 ], [ 128.186888911481077, -3.649572877543373 ], [ 128.186907776102061, -3.649512812475137 ], [ 128.18692933566885, -3.649478745718234 ], [ 128.187130558292495, -3.649634735594523 ], [ 128.187628224959894, -3.649954783704171 ], [ 128.187939042048214, -3.650087464679775 ], [ 128.187815972854281, -3.649613219751128 ], [ 128.187688412083929, -3.649228623963509 ], [ 128.187599478870823, -3.648958779268313 ], [ 128.187531206909199, -3.648810857723266 ], [ 128.187452155164209, -3.648741827660577 ], [ 128.18738478151792, -3.648714932829523 ], [ 128.187406341084738, -3.648674590581431 ], [ 128.187529410278643, -3.648438812517465 ], [ 128.18757612267342, -3.648383229846987 ], [ 128.187586902456843, -3.648370678920919 ], [ 128.187590495717984, -3.648366196447281 ], [ 128.187589597402678, -3.648320475214896 ], [ 128.187610258654217, -3.648301648824413 ], [ 128.187826752637704, -3.648107109433003 ], [ 128.187946228570496, -3.648033596840953 ], [ 128.187826752637704, -3.647945740320614 ], [ 128.18759678392496, -3.647756579824203 ], [ 128.187608462023661, -3.64768306720348 ], [ 128.187749497523242, -3.647614037054156 ], [ 128.188120501735625, -3.647265300244707 ], [ 128.188542709919147, -3.646964974092147 ], [ 128.188908324239776, -3.647677688230996 ], [ 128.188947850112271, -3.647713548046949 ], [ 128.189119428331537, -3.64763196696358 ], [ 128.189141886213662, -3.647621209017969 ], [ 128.189805741208602, -3.647230336906734 ], [ 128.190284543255046, -3.647907191028367 ], [ 128.190322272496985, -3.64795291228178 ], [ 128.190398629296141, -3.647996840542672 ], [ 128.190462409681317, -3.64813669376713 ], [ 128.190601648550341, -3.648438812517465 ], [ 128.190653750836816, -3.648551770837199 ], [ 128.190853176829876, -3.648967744209655 ], [ 128.190801972858708, -3.649033188278736 ], [ 128.190669022196658, -3.649115665728871 ], [ 128.19095917803341, -3.649597979361745 ], [ 128.191064280921665, -3.649750383243941 ], [ 128.191146925927796, -3.649812241282865 ], [ 128.19117836696276, -3.649885753729383 ], [ 128.191430793557601, -3.650066845340258 ], [ 128.191911392234601, -3.650403926657324 ], [ 128.192008410285268, -3.650465784651239 ], [ 128.191873662992634, -3.650609223461312 ], [ 128.190863058298021, -3.651688599772177 ], [ 128.190789396444728, -3.651765698030442 ], [ 128.190695073339896, -3.651865208563299 ], [ 128.190734599212391, -3.651910033124046 ], [ 128.191873662992634, -3.653018095554118 ], [ 128.192144055893152, -3.653349796824572 ], [ 128.192286888023318, -3.653469029953993 ], [ 128.192438703306379, -3.653528198267975 ], [ 128.192453076350915, -3.653590056046603 ], [ 128.192375821236453, -3.65399706219384 ], [ 128.192375821236453, -3.654145879373387 ], [ 128.192159327252995, -3.65471783914694 ], [ 128.192145852523737, -3.655017266218383 ], [ 128.192171903666974, -3.655216286551887 ], [ 128.192170107036389, -3.655381240308349 ], [ 128.192121598011056, -3.655695907444415 ], [ 128.192150344100156, -3.655753282636812 ], [ 128.192183581765647, -3.655781073744308 ], [ 128.192010206915853, -3.65632793084564 ], [ 128.192073987301001, -3.65634137814721 ], [ 128.192868098012184, -3.656504538723511 ], [ 128.192987573944947, -3.656266969742664 ], [ 128.193093575148481, -3.656136082654627 ], [ 128.193232814017534, -3.656004299060381 ], [ 128.19341786696603, -3.655904788986587 ], [ 128.193738565522494, -3.655762247510292 ], [ 128.193895770697196, -3.65573355991484 ], [ 128.194189519795117, -3.655745214250603 ], [ 128.19436648790608, -3.655751489662104 ], [ 128.196897940376715, -3.655883273293503 ], [ 128.196897940376715, -3.655954992268439 ], [ 128.196918601628283, -3.656438198712552 ], [ 128.197120722567206, -3.65699670973259 ], [ 128.19719348610522, -3.657200212056292 ], [ 128.19726445301265, -3.657448538617784 ], [ 128.197390217152417, -3.657948777475009 ], [ 128.197763916310635, -3.659445009952957 ], [ 128.197818713542944, -3.659696921826015 ], [ 128.197848357947322, -3.660013380413126 ], [ 128.197939087791013, -3.659992761301791 ], [ 128.197959749042553, -3.660103925200766 ], [ 128.198020834481866, -3.66010123575176 ], [ 128.19801095301375, -3.660039378422395 ], [ 128.197999274915048, -3.660028620625548 ], [ 128.198037004156987, -3.659970349223713 ], [ 128.198161869981504, -3.659874425523204 ], [ 128.198346024614722, -3.659858288824914 ], [ 128.198717028827076, -3.659783880712366 ], [ 128.198915556504858, -3.659709472593638 ], [ 128.199125762281341, -3.659673613257105 ], [ 128.199251526421108, -3.659637753919136 ], [ 128.199350341102388, -3.659650304687588 ], [ 128.199487783340857, -3.659640443369532 ], [ 128.199660259875401, -3.659524796995149 ], [ 128.199780634123471, -3.659481765782266 ], [ 128.199865974075465, -3.659519418093651 ], [ 128.200125587192559, -3.65947638688051 ], [ 128.200168706326195, -3.659399289285128 ], [ 128.200924189480162, -3.659236129235812 ], [ 128.201064326664465, -3.659214613622696 ], [ 128.20110385253696, -3.659257644848412 ], [ 128.201261956026968, -3.659223578461556 ], [ 128.201416466255836, -3.659171582394912 ], [ 128.201570078169453, -3.659141998424614 ], [ 128.201712011984341, -3.659072072672749 ], [ 128.201788368783497, -3.658948357867622 ], [ 128.201797351936335, -3.658805816875316 ], [ 128.201711113669035, -3.65870451414373 ], [ 128.201678774318822, -3.658666861798098 ], [ 128.201545823656772, -3.658561076628089 ], [ 128.201557501755474, -3.658509977007596 ], [ 128.201521569144091, -3.658434672298399 ], [ 128.201411076364138, -3.658393434002586 ], [ 128.201355380816523, -3.65840598478847 ], [ 128.201355380816523, -3.658439154721743 ], [ 128.201317651574584, -3.658412260181345 ], [ 128.201288007170206, -3.658361160552365 ], [ 128.20126105771169, -3.658326197646647 ], [ 128.201120022212081, -3.658288545285117 ], [ 128.201018512584994, -3.65830109607247 ], [ 128.200841544474031, -3.658301992557275 ], [ 128.200664576363039, -3.658319922253169 ], [ 128.200385200309682, -3.658288545285117 ], [ 128.200280995736705, -3.658286752315481 ], [ 128.200227096819674, -3.658362057037108 ], [ 128.20014175686768, -3.658357574613379 ], [ 128.199848007769788, -3.658276890982418 ], [ 128.199622530633462, -3.65820875813284 ], [ 128.199397053497165, -3.658228480800355 ], [ 128.199301832077055, -3.658289441769934 ], [ 128.199294645554772, -3.658242824558277 ], [ 128.199321595013288, -3.658194414374373 ], [ 128.199300933761776, -3.658140625278079 ], [ 128.199288357347797, -3.658107455333756 ], [ 128.199248831475273, -3.658106558848758 ], [ 128.199221882016758, -3.658105662363758 ], [ 128.199188644351239, -3.658138832308147 ], [ 128.199154508370441, -3.658098490483729 ], [ 128.199088931354709, -3.658053666232243 ], [ 128.199035930752927, -3.657971189603654 ], [ 128.199049405482185, -3.657940709108559 ], [ 128.19906018526558, -3.657915607523585 ], [ 128.199035032437649, -3.657868093807245 ], [ 128.198969455421917, -3.657843888705499 ], [ 128.199469817035151, -3.657605423594096 ], [ 128.199460833882313, -3.657591079825974 ], [ 128.198998201510989, -3.657798167955973 ], [ 128.198963167214913, -3.657712105362303 ], [ 128.198859860957242, -3.657751550718761 ], [ 128.198843691282121, -3.657663695149733 ], [ 128.198926336288253, -3.657588390369427 ], [ 128.198920048081277, -3.65750681018362 ], [ 128.198916454820136, -3.657465571845113 ], [ 128.198855369380823, -3.657375923276595 ], [ 128.198780809212252, -3.657296136043073 ], [ 128.198703554097818, -3.657274620383379 ], [ 128.198679299585137, -3.6572674484967 ], [ 128.198685587792141, -3.657198419084479 ], [ 128.198692774314395, -3.657200212056292 ], [ 128.198741283339729, -3.65721186637299 ], [ 128.198778114266389, -3.657142836956488 ], [ 128.198763741221853, -3.657119528321144 ], [ 128.198726910295193, -3.657095323199184 ], [ 128.198752063123152, -3.656922301382435 ], [ 128.198819436769469, -3.656950092453697 ], [ 128.198882318839367, -3.656866719237323 ], [ 128.198911963243717, -3.656804861684683 ], [ 128.198886810415786, -3.656772588177263 ], [ 128.198862555903105, -3.656748383045934 ], [ 128.198887708731064, -3.656728660345849 ], [ 128.199013472870831, -3.656846100053585 ], [ 128.199028744230645, -3.656847893026101 ], [ 128.199185949405404, -3.656613013595719 ], [ 128.199146423532881, -3.656559224404529 ], [ 128.199270391042091, -3.656419372492333 ], [ 128.199522817636932, -3.656639011703638 ], [ 128.19958569970683, -3.65657894710834 ], [ 128.199615344111209, -3.656608531163244 ], [ 128.199671039658796, -3.656561017377621 ], [ 128.199707870585456, -3.656528743861423 ], [ 128.199807583582015, -3.656419372492333 ], [ 128.19977254928591, -3.656358411395574 ], [ 128.1997060739549, -3.656322551924957 ], [ 128.199532699105049, -3.656227524320884 ], [ 128.19952820752863, -3.656102016149127 ], [ 128.199552462041311, -3.656106498584135 ], [ 128.199561445194149, -3.656036572595456 ], [ 128.199526410898073, -3.656041055030792 ], [ 128.199516529429957, -3.655963060652762 ], [ 128.199577614869241, -3.65595588875559 ], [ 128.199692599225642, -3.655942441448239 ], [ 128.19968541270336, -3.655929890627865 ], [ 128.199600971066673, -3.655937062525243 ], [ 128.19959378454439, -3.655888652216823 ], [ 128.199669243028239, -3.655885962755167 ], [ 128.199686311018638, -3.655817829723869 ], [ 128.199637801993305, -3.655764936972318 ], [ 128.199600971066673, -3.655752386149459 ], [ 128.199592886229112, -3.655692321494769 ], [ 128.199690802595086, -3.655649290097892 ], [ 128.19965666661426, -3.655586535973743 ], [ 128.199640496939139, -3.655472682051578 ], [ 128.199516529429957, -3.655328347531049 ], [ 128.199450054098918, -3.655301452897326 ], [ 128.199431189477963, -3.655293384507053 ], [ 128.199383578767907, -3.655200149769734 ], [ 128.199371002353899, -3.655175944595961 ], [ 128.199357527624642, -3.655175048108031 ], [ 128.199285662401934, -3.655173255132168 ], [ 128.199183254459541, -3.65523242333375 ], [ 128.199123067335506, -3.655314003726498 ], [ 128.199097914507547, -3.655288005580163 ], [ 128.199144626902296, -3.655214493576106 ], [ 128.19911767744378, -3.655107811510724 ], [ 128.199054795373883, -3.655064780085799 ], [ 128.19897215036778, -3.655088985262573 ], [ 128.198863454218383, -3.655070159014028 ], [ 128.198840996336259, -3.655074641454193 ], [ 128.198819436769469, -3.655041471396437 ], [ 128.198873335686528, -3.655014576754113 ], [ 128.198835606444561, -3.654951822585554 ], [ 128.198862555903105, -3.654889964900822 ], [ 128.198876928947641, -3.654811970422685 ], [ 128.198877827262947, -3.654807487981208 ], [ 128.198858064326657, -3.654769835471905 ], [ 128.198848182858541, -3.654750112728308 ], [ 128.198834708129283, -3.654742044333074 ], [ 128.198783504158115, -3.654711563728204 ], [ 128.198708045674238, -3.654716046170162 ], [ 128.198637078766779, -3.65474563028652 ], [ 128.198607434362401, -3.65471335670499 ], [ 128.19863258719036, -3.654658670911414 ], [ 128.19864516360434, -3.654634465723029 ], [ 128.198692774314395, -3.654628190303711 ], [ 128.198666723171186, -3.654529576565812 ], [ 128.198618214145824, -3.654534059008678 ], [ 128.198629892244497, -3.654449789079033 ], [ 128.198698164206121, -3.654428273351046 ], [ 128.198733198502168, -3.654381655938638 ], [ 128.198762842906575, -3.654341313945175 ], [ 128.198743978285592, -3.654306350882707 ], [ 128.198762842906575, -3.654253458042025 ], [ 128.198763741221853, -3.654190703820221 ], [ 128.198805063724905, -3.654159326707672 ], [ 128.19885267443496, -3.654112709281288 ], [ 128.198809555301324, -3.654016784953994 ], [ 128.198763741221853, -3.653996165704732 ], [ 128.198765537852438, -3.653945962313243 ], [ 128.198800572148485, -3.653882311580709 ], [ 128.198800572148485, -3.653882311580709 ], [ 128.198708045674238, -3.653849141478866 ], [ 128.198620909091659, -3.653899344875773 ], [ 128.198596654579006, -3.653872450199208 ], [ 128.198615519199961, -3.653788180207417 ], [ 128.198697265890814, -3.653713771591064 ], [ 128.198659536648904, -3.653635777010673 ], [ 128.198571501751047, -3.653589159557088 ], [ 128.198517602833988, -3.653644741905316 ], [ 128.198477178646215, -3.653651017331513 ], [ 128.198428669620881, -3.653534473694987 ], [ 128.198357702713452, -3.653436756326539 ], [ 128.198237328465353, -3.653389242372901 ], [ 128.198151090198081, -3.653362347681046 ], [ 128.198122344108981, -3.653277181151522 ], [ 128.198142107045243, -3.65324311453745 ], [ 128.198156480089807, -3.653187532164343 ], [ 128.198105276118582, -3.653086228798054 ], [ 128.197984901870512, -3.653039611315919 ], [ 128.197875307405837, -3.653069195487555 ], [ 128.197819611858222, -3.653126570847947 ], [ 128.19778278093159, -3.653204565472597 ], [ 128.197741458428538, -3.653226081229929 ], [ 128.197657016791823, -3.65313015680785 ], [ 128.197657016791823, -3.653110434028207 ], [ 128.197421658187352, -3.652848658911902 ], [ 128.197353386225785, -3.652878243089833 ], [ 128.19737674242316, -3.652834315067706 ], [ 128.197389318837139, -3.652727632719305 ], [ 128.197353386225785, -3.652692669593961 ], [ 128.197323741821407, -3.652739287094118 ], [ 128.197214147356732, -3.652758113391572 ], [ 128.197124315828347, -3.652620053867741 ], [ 128.19718540126766, -3.652548334626202 ], [ 128.197034484299934, -3.652405792616629 ], [ 128.197076705118263, -3.652357382117662 ], [ 128.196906923529554, -3.652177187459673 ], [ 128.19672995541859, -3.652067815560069 ], [ 128.196703005960075, -3.652031955917954 ], [ 128.196591614864843, -3.651884931370303 ], [ 128.196603292963545, -3.651843692773347 ], [ 128.196654496934741, -3.651821280491597 ], [ 128.196654496934741, -3.651739699781301 ], [ 128.196654496934741, -3.651738803289939 ], [ 128.196644615466596, -3.65172356293663 ], [ 128.196598801387097, -3.651653636606363 ], [ 128.196491901868285, -3.65160791554132 ], [ 128.196449681049955, -3.651584606762168 ], [ 128.196421833276162, -3.651546954117642 ], [ 128.196533224371393, -3.651455511974363 ], [ 128.196800024010741, -3.651236767985989 ], [ 128.196778464443923, -3.651206287262066 ], [ 128.196516156380994, -3.651426824241219 ], [ 128.196356256260401, -3.651560401490868 ], [ 128.196322120279632, -3.651522748845327 ], [ 128.196386798980058, -3.651373931230832 ], [ 128.196446087788814, -3.65140530844076 ], [ 128.196470342301495, -3.651356897887841 ], [ 128.196537715947812, -3.651222424116037 ], [ 128.19654310583951, -3.651113948592105 ], [ 128.196532326056087, -3.651015334468069 ], [ 128.196488308607172, -3.650966923894124 ], [ 128.196469443986189, -3.650957062480593 ], [ 128.19643530800542, -3.65100188708668 ], [ 128.196479325454334, -3.651058366087162 ], [ 128.196450579365234, -3.651212562705311 ], [ 128.196415545069158, -3.651277110119 ], [ 128.19636523941324, -3.651371241755644 ], [ 128.19633559500889, -3.651326417167997 ], [ 128.19636523941324, -3.651263662741531 ], [ 128.196374222566078, -3.65121614867286 ], [ 128.196387697295336, -3.651148015286983 ], [ 128.196348171422841, -3.651075399435817 ], [ 128.196312238811487, -3.651064641531441 ], [ 128.196289780929362, -3.651056573103074 ], [ 128.196208034238538, -3.651080778387957 ], [ 128.196146050483918, -3.65105029765874 ], [ 128.196246661795755, -3.650985750228747 ], [ 128.196326611856051, -3.650988439705089 ], [ 128.196350866368704, -3.650983060752396 ], [ 128.196376917511941, -3.650977681799671 ], [ 128.196397578763481, -3.650912237872269 ], [ 128.196334696693583, -3.650896101012725 ], [ 128.196294272505781, -3.650886239598415 ], [ 128.19621522076082, -3.650879067660668 ], [ 128.196097541458585, -3.650960648449162 ], [ 128.19603735433455, -3.651019816928487 ], [ 128.19602477792057, -3.651056573103074 ], [ 128.196000523407918, -3.651070916975676 ], [ 128.195944827860274, -3.651028781849257 ], [ 128.195884640736239, -3.651017127452239 ], [ 128.195836131710905, -3.651036850277873 ], [ 128.19579660583841, -3.651014437975983 ], [ 128.195756181650609, -3.650947201066955 ], [ 128.195775944586842, -3.650917616825386 ], [ 128.195757978281165, -3.650896101012725 ], [ 128.195948421121415, -3.650728456954747 ], [ 128.19627361125427, -3.650443372335096 ], [ 128.196249356741589, -3.650411995091555 ], [ 128.195899013780803, -3.650724870985251 ], [ 128.19573911366021, -3.650866516769474 ], [ 128.19572653724623, -3.650853069385856 ], [ 128.195685214743179, -3.650886239598415 ], [ 128.195578315224367, -3.650748179786723 ], [ 128.195583705116064, -3.650675563903222 ], [ 128.195537891036565, -3.650619084878663 ], [ 128.195532501144868, -3.650571570775886 ], [ 128.195501060109933, -3.650501644355905 ], [ 128.19544087298587, -3.650467577636506 ], [ 128.195385177438283, -3.650477439055412 ], [ 128.195347448196344, -3.650493575922479 ], [ 128.19508334350283, -3.650212973692712 ], [ 128.195061783935984, -3.650232696536008 ], [ 128.195028546270493, -3.650197733313506 ], [ 128.195080648556967, -3.650145736723676 ], [ 128.195059088990121, -3.650114359469738 ], [ 128.194890205716746, -3.649856169452849 ], [ 128.194831815223267, -3.649769209604064 ], [ 128.194800374188333, -3.64978624297717 ], [ 128.194739288748991, -3.649693904161201 ], [ 128.194608134717498, -3.649776381550675 ], [ 128.194548845908741, -3.649672388319224 ], [ 128.194535371179484, -3.649662526891478 ], [ 128.194505726775105, -3.649672388319224 ], [ 128.194498540252852, -3.649659837411166 ], [ 128.194513811612666, -3.649639218061832 ], [ 128.194462607641498, -3.649578256504511 ], [ 128.194444641335792, -3.649558533646846 ], [ 128.194484167208287, -3.649541500269422 ], [ 128.194428471660672, -3.649469780781991 ], [ 128.19437906432006, -3.649501158058447 ], [ 128.194331453609976, -3.649459022858383 ], [ 128.19435031823096, -3.649434817529793 ], [ 128.194304504151461, -3.649366684008778 ], [ 128.194294622683344, -3.649292275025976 ], [ 128.194237130505144, -3.649238485396018 ], [ 128.194137417508614, -3.649049325171751 ], [ 128.194180536642278, -3.649010775926848 ], [ 128.194166163597743, -3.648969537197913 ], [ 128.19420928273135, -3.648948917832735 ], [ 128.194177841696415, -3.648895128182218 ], [ 128.194078128699886, -3.648914851054449 ], [ 128.193978415703356, -3.648623490397914 ], [ 128.193984703910331, -3.648589423607288 ], [ 128.194015246629988, -3.648575976189581 ], [ 128.19399368706317, -3.648495291679109 ], [ 128.19396404265882, -3.64850336013048 ], [ 128.193956856136538, -3.648459431894351 ], [ 128.194016144945266, -3.648452259937226 ], [ 128.193991890432613, -3.648376057889255 ], [ 128.193990992117335, -3.648374264899814 ], [ 128.193990992117335, -3.648374264899814 ], [ 128.193947872983699, -3.648386815825832 ], [ 128.193930804993272, -3.648306131298373 ], [ 128.193960449397679, -3.648293580371229 ], [ 128.193962246028235, -3.648293580371229 ], [ 128.193972127496352, -3.648258617073258 ], [ 128.194046687664951, -3.648236204702049 ], [ 128.194039501142669, -3.648223653773928 ], [ 128.193953262875397, -3.64824606614545 ], [ 128.193928110047437, -3.64825323810422 ], [ 128.193840075149609, -3.647770923749495 ], [ 128.193743057098914, -3.647796922113507 ], [ 128.193708022802838, -3.647551282368351 ], [ 128.193701734595834, -3.647510043572438 ], [ 128.193762820035175, -3.647496596138579 ], [ 128.193751141936474, -3.647456253835793 ], [ 128.193677480083181, -3.647473287252746 ], [ 128.193663107038617, -3.647337916403844 ], [ 128.193734073946075, -3.647327158454712 ], [ 128.193720599216789, -3.647266196740534 ], [ 128.193708022802838, -3.647207028013996 ], [ 128.193698141334693, -3.64716489270636 ], [ 128.193639750841243, -3.647172064673756 ], [ 128.193573275510204, -3.64669781820644 ], [ 128.193515783332003, -3.646700507695617 ], [ 128.193501410287467, -3.64654810329618 ], [ 128.193449308000993, -3.646547206799636 ], [ 128.1934502063163, -3.646513139930312 ], [ 128.193505901863887, -3.64650238197131 ], [ 128.19350859680975, -3.646416318294659 ], [ 128.193501410287467, -3.646336530087072 ], [ 128.193493325449907, -3.646258534866071 ], [ 128.193487037242932, -3.646203848557655 ], [ 128.193454697892719, -3.646211020532719 ], [ 128.193418765281308, -3.646218192507725 ], [ 128.193399002345075, -3.646133921797786 ], [ 128.193436731587013, -3.646128542816033 ], [ 128.193503206918024, -3.646118681349401 ], [ 128.193490630504073, -3.646005722723902 ], [ 128.193416968650752, -3.646012894700546 ], [ 128.193383730985261, -3.646016480688848 ], [ 128.193374747832422, -3.645929520468526 ], [ 128.193059439167683, -3.645981517302307 ], [ 128.193043269492591, -3.645870351654016 ], [ 128.193029794763333, -3.645779805430335 ], [ 128.193160948794798, -3.645774426446462 ], [ 128.193337916905762, -3.645718843611234 ], [ 128.193461884414972, -3.645680294223494 ], [ 128.193525664800148, -3.645423895928103 ], [ 128.193517579962588, -3.645147774605163 ], [ 128.193430443380038, -3.645015989398419 ], [ 128.193383730985261, -3.644937097564734 ], [ 128.193319052284778, -3.644915581608892 ], [ 128.193324442176504, -3.644867170706366 ], [ 128.193379239408841, -3.644881514677756 ], [ 128.193416070335473, -3.644629598646937 ], [ 128.193510393440306, -3.644643942622117 ], [ 128.193520274908423, -3.644551603277896 ], [ 128.193420561911893, -3.644525604820047 ], [ 128.193428646749481, -3.644474504400704 ], [ 128.193481647351234, -3.644473607902092 ], [ 128.193481647351234, -3.644423403978459 ], [ 128.193431341695316, -3.644427886471753 ], [ 128.193457392838553, -3.644309548641261 ], [ 128.193464579360835, -3.644272792190742 ], [ 128.193505003548609, -3.644203761779611 ], [ 128.193477155774815, -3.644161626331253 ], [ 128.193363069733721, -3.644088113416627 ], [ 128.19346727430667, -3.644107836394312 ], [ 128.193647835678803, -3.644141903354748 ], [ 128.193698141334693, -3.643869367635135 ], [ 128.19382390547446, -3.643883711622435 ], [ 128.193907448795898, -3.643549317359004 ], [ 128.193614598013284, -3.643409463421087 ], [ 128.19365771714692, -3.643243610966537 ], [ 128.193805040853505, -3.643266919961996 ], [ 128.193956856136538, -3.643160236477839 ], [ 128.193900262273615, -3.643096584981268 ], [ 128.193833786942605, -3.643084033981413 ], [ 128.19382390547446, -3.643034726480287 ], [ 128.193897567327781, -3.642987211976644 ], [ 128.194042196088532, -3.64305624248111 ], [ 128.194144604030896, -3.64287335645771 ], [ 128.193994585378448, -3.642747846420146 ], [ 128.19414280740034, -3.642555098828378 ], [ 128.194239825451007, -3.642406279729287 ], [ 128.194339538447537, -3.642301389144661 ], [ 128.194467997533195, -3.64215257000362 ], [ 128.194511116666831, -3.642043196884276 ], [ 128.194551540854604, -3.641962511787719 ], [ 128.194674610048537, -3.64200016483368 ], [ 128.194833611853824, -3.641670252377423 ], [ 128.194726712335012, -3.641511571614913 ], [ 128.194784204513212, -3.641485573069236 ], [ 128.194829120277404, -3.64156894771306 ], [ 128.194886612455605, -3.641504399602387 ], [ 128.194962070939454, -3.641516054122713 ], [ 128.195052800783145, -3.641445230496872 ], [ 128.195200124489759, -3.64137171736036 ], [ 128.195325888629526, -3.6412345525896 ], [ 128.195444466247011, -3.641096491295968 ], [ 128.195518128100332, -3.641087526276169 ], [ 128.195678028220897, -3.64098084253371 ], [ 128.195746300182492, -3.64101401311045 ], [ 128.195877454213957, -3.640973670516957 ], [ 128.195955607643697, -3.640904639852785 ], [ 128.196093948197444, -3.640907329359281 ], [ 128.196279001145967, -3.640890295818008 ], [ 128.196334696693583, -3.640843677703404 ], [ 128.196437104635976, -3.640776440033858 ], [ 128.196502681651708, -3.64074775195999 ], [ 128.196524241218555, -3.640757613485484 ], [ 128.196524241218555, -3.640769268015476 ], [ 128.196562868775743, -3.640773750526971 ], [ 128.196585326657839, -3.640889399315828 ], [ 128.196561970460465, -3.640898364337599 ], [ 128.196571851928582, -3.640937810432334 ], [ 128.196650005358322, -3.640907329359281 ], [ 128.196636530629064, -3.640882227298346 ], [ 128.1966221575845, -3.640886709809279 ], [ 128.196592513180121, -3.640733407922713 ], [ 128.196698514383627, -3.640729821913358 ], [ 128.196805413902439, -3.640706512852203 ], [ 128.197031789354071, -3.640591760542336 ], [ 128.197246486706973, -3.640461767673651 ], [ 128.197289605840609, -3.640375703419231 ], [ 128.197427048079078, -3.640332671288937 ], [ 128.197474658789133, -3.640270812598037 ], [ 128.197578863362082, -3.640203574885717 ], [ 128.197636355540283, -3.640217918931433 ], [ 128.197769306202332, -3.640177576302275 ], [ 128.197797153976126, -3.640108545577079 ], [ 128.197868120883584, -3.64012020011547 ], [ 128.197993885023351, -3.640114821097769 ], [ 128.198073835083648, -3.640044893864741 ], [ 128.198085513182349, -3.639987517669484 ], [ 128.19821756552912, -3.639931037973706 ], [ 128.198229243627793, -3.639957933067376 ], [ 128.198272362761458, -3.639940003005019 ], [ 128.198306498742227, -3.639887109318988 ], [ 128.198368482496846, -3.639843180662125 ], [ 128.198443940980695, -3.639792079976958 ], [ 128.198471788754517, -3.63975890935521 ], [ 128.198446635926558, -3.639719463208838 ], [ 128.19848706011436, -3.639702429645097 ], [ 128.19851221294229, -3.639692568108048 ], [ 128.198567010174628, -3.63970332614846 ], [ 128.198635282136223, -3.639704222651822 ], [ 128.198730503556334, -3.639670155523443 ], [ 128.198800572148485, -3.639653121958771 ], [ 128.198848182858541, -3.63958409119338 ], [ 128.19888142052406, -3.639516853429794 ], [ 128.198897590199181, -3.639454994682864 ], [ 128.198964963845498, -3.639432582092348 ], [ 128.19904311727521, -3.639439754121374 ], [ 128.199126660596619, -3.639402100968351 ], [ 128.199205712341637, -3.639369826835937 ], [ 128.199296442185357, -3.639365344317455 ], [ 128.199367409092787, -3.63931782962017 ], [ 128.199387172029049, -3.639299899545072 ], [ 128.199450054098918, -3.639295417026241 ], [ 128.199503054700699, -3.639251488340524 ], [ 128.199551563726033, -3.639165423970459 ], [ 128.199738413305113, -3.639108944223135 ], [ 128.199840821247506, -3.639035430895919 ], [ 128.199929754460641, -3.638998674230061 ], [ 128.200072586590807, -3.638936815447549 ], [ 128.200155231596938, -3.638902748290149 ], [ 128.200180384424897, -3.638927850406252 ], [ 128.200206435568163, -3.638962814066803 ], [ 128.200253147962911, -3.638947573496987 ], [ 128.200324114870369, -3.639100875687515 ], [ 128.199830939779389, -3.639296313530009 ], [ 128.199877652174138, -3.639394928939026 ], [ 128.200492099828494, -3.639111633734994 ], [ 128.200466048685257, -3.639031844879803 ], [ 128.200368132319284, -3.639071291056286 ], [ 128.200264826061613, -3.63883730348416 ], [ 128.200305250249414, -3.638783513229103 ], [ 128.20034028454549, -3.638804132827256 ], [ 128.200394183462521, -3.638847165030572 ], [ 128.20044808237958, -3.638845372022141 ], [ 128.200491201513216, -3.638822959416459 ], [ 128.200519049287038, -3.638757514604676 ], [ 128.200596304401444, -3.638745860048653 ], [ 128.200666372993624, -3.638734205492479 ], [ 128.200826273114188, -3.638603315851264 ], [ 128.20100413954043, -3.63852890597826 ], [ 128.20104546204351, -3.6384661506589 ], [ 128.201119123896802, -3.638440152025315 ], [ 128.201139785148342, -3.63849932132825 ], [ 128.201199972272377, -3.63849932132825 ], [ 128.201232311622618, -3.638412360381687 ], [ 128.201283515593786, -3.638321813407789 ], [ 128.201201768902934, -3.638212439823225 ], [ 128.201092174438287, -3.638092308165865 ], [ 128.201027495737833, -3.638021484270813 ], [ 128.200891850129921, -3.637879836464009 ], [ 128.200857714149123, -3.6377919789524 ], [ 128.200770577566573, -3.637713982991039 ], [ 128.20066816962418, -3.63763150449582 ], [ 128.200556778528949, -3.637528406366181 ], [ 128.200386098624961, -3.637500614694435 ], [ 128.20031962329395, -3.63744323833715 ], [ 128.200212723775138, -3.637352691265879 ], [ 128.200122892246725, -3.637199388777941 ], [ 128.200065400068524, -3.637101669634595 ], [ 128.200027670826614, -3.637064016383873 ], [ 128.19990549994796, -3.637014708553167 ], [ 128.199838126301643, -3.637034431685774 ], [ 128.199750091403814, -3.637090911563121 ], [ 128.199653073353119, -3.637132150836409 ], [ 128.19954437720375, -3.637149184448738 ], [ 128.199477901872712, -3.63712856481272 ], [ 128.19942040969454, -3.637086429033302 ], [ 128.199394358551331, -3.637009329516927 ], [ 128.199382680452629, -3.636977055298813 ], [ 128.19933686637313, -3.636878439625192 ], [ 128.199293747239494, -3.636840786365145 ], [ 128.199280272510237, -3.636839889858935 ], [ 128.199203017395803, -3.636824649253214 ], [ 128.199114982497946, -3.636790582015969 ], [ 128.199061981896165, -3.636717965005965 ], [ 128.199008981294412, -3.636630107381102 ], [ 128.19898921835815, -3.636551214812704 ], [ 128.199013472870831, -3.636429289920692 ], [ 128.199081744832426, -3.636343225281109 ], [ 128.199084439778289, -3.63628405583663 ], [ 128.199026049284811, -3.636151372825801 ], [ 128.199228170223734, -3.636061722131755 ], [ 128.199290153978353, -3.63603393041479 ], [ 128.199221882016758, -3.635972071428795 ], [ 128.19915899994686, -3.63591379846709 ], [ 128.199091626300543, -3.635825044256642 ], [ 128.199067371787862, -3.635663672942538 ], [ 128.198994608249876, -3.635600020916256 ], [ 128.198596654579006, -3.635385755611665 ], [ 128.198402618477644, -3.635146388035455 ], [ 128.198228345312515, -3.634927640082535 ], [ 128.198170853134343, -3.634393321089227 ], [ 128.19811066601028, -3.634101955733014 ] ] ] } },
{ "type": "Feature", "properties": { "FID": 43, "Provinsi": "MALUKU", "Kode_Prov": "81", "Kota_Kab": "KOTA AMBON", "Kode_Kab": "8171", "Kecamatan": "Teluk Ambon", "Kode_Kec": "817130", "Kelurahan": "Hative Besar", "Kode_Kel": "81713003", "Sumber": "Wilkerstat BPS Tahun 2019", "city": "ambon", "source_layer": "Wilayah Administrasi", "role": "admin" }, "geometry": { "type": "Polygon", "coordinates": [ [ [ 128.134579114171515, -3.630358126662458 ], [ 128.134348247143492, -3.629948420287671 ], [ 128.133481372894323, -3.630227235805818 ], [ 128.131938067236177, -3.630551773374473 ], [ 128.131703606947042, -3.630655768813788 ], [ 128.131306551591479, -3.630942652722214 ], [ 128.130354337390315, -3.63140435632094 ], [ 128.129433564224087, -3.631961089860911 ], [ 128.128465180347774, -3.632550097435181 ], [ 128.127988174931943, -3.632772432005595 ], [ 128.127385405376288, -3.63286746208753 ], [ 128.126782635820632, -3.632962492159458 ], [ 128.126147526914764, -3.632882702760117 ], [ 128.125592368069164, -3.632738364615294 ], [ 128.125259991414026, -3.632594922957818 ], [ 128.125045294061152, -3.632454170809258 ], [ 128.124831495023528, -3.632259627994538 ], [ 128.124451507658335, -3.631876817817332 ], [ 128.123658295262487, -3.63136580632076 ], [ 128.123007914996748, -3.631030510900937 ], [ 128.122262313310955, -3.630949824818757 ], [ 128.121183436654718, -3.630916653871768 ], [ 128.120675888519202, -3.630980306228428 ], [ 128.120136001033444, -3.631155126058139 ], [ 128.11945328141752, -3.631361323762493 ], [ 128.119262838577271, -3.6315209028231 ], [ 128.118992445676753, -3.631839164348509 ], [ 128.118643001031245, -3.63242906851294 ], [ 128.118579220646041, -3.632715951857816 ], [ 128.118579220646041, -3.633146276704135 ], [ 128.118467829550809, -3.633496812000198 ], [ 128.118356438455578, -3.633640253514308 ], [ 128.118213606325412, -3.633847347160077 ], [ 128.117800381294728, -3.633974651455527 ], [ 128.116990999223731, -3.634228363483729 ], [ 128.116197786827854, -3.634419319839516 ], [ 128.115626458307162, -3.634418423330898 ], [ 128.115102740496496, -3.634418423330898 ], [ 128.114690413781091, -3.634370011864194 ], [ 128.113864862034973, -3.6343852525114 ], [ 128.113516315704771, -3.634448008114827 ], [ 128.11299888610111, -3.634604000595862 ], [ 128.11256410150358, -3.63482992069298 ], [ 128.10991407141546, -3.634875642610513 ], [ 128.109119960704277, -3.635241417867324 ], [ 128.107469755527376, -3.63523962485172 ], [ 128.106946936031989, -3.63490433087131 ], [ 128.106391777186417, -3.634456973200674 ], [ 128.105472800650745, -3.633547913042215 ], [ 128.104188209794472, -3.632079429313079 ], [ 128.104061547339427, -3.63193598755088 ], [ 128.103792052754159, -3.63184006085969 ], [ 128.103506388493798, -3.63193598755088 ], [ 128.103109333138235, -3.632238111735956 ], [ 128.102728447457793, -3.63242906851294 ], [ 128.102331392102201, -3.632572510196777 ], [ 128.102078067192053, -3.632778707577352 ], [ 128.101871454676711, -3.633081727990269 ], [ 128.101442958286185, -3.633145380194252 ], [ 128.100886901125335, -3.633256547412973 ], [ 128.099983195949505, -3.63317586152978 ], [ 128.098935760328231, -3.633015386251762 ], [ 128.097650271156624, -3.633013593231735 ], [ 128.096448325306483, -3.63303331645184 ], [ 128.09617523746013, -3.633060211751288 ], [ 128.095492517844178, -3.633425987744196 ], [ 128.09524727777162, -3.633692251057542 ], [ 128.09504785177856, -3.633919964401231 ], [ 128.09493556236805, -3.634334151516811 ], [ 128.094837646002077, -3.634566347240841 ], [ 128.094761289202921, -3.634748338442215 ], [ 128.094617558757449, -3.635003843268879 ], [ 128.094220503401885, -3.635385755611665 ], [ 128.093268289200694, -3.635846560429675 ], [ 128.092554128549807, -3.635973864442942 ], [ 128.091649525058727, -3.636355776374893 ], [ 128.090728751892499, -3.636386257601928 ], [ 128.089792707366456, -3.636337846240861 ], [ 128.088840493165264, -3.63640060170841 ], [ 128.088554828904932, -3.636511768525917 ], [ 128.088142502189527, -3.636909817340696 ], [ 128.08814160387422, -3.637308762485451 ], [ 128.08804638245411, -3.637451306887614 ], [ 128.086855216387391, -3.638900955281828 ], [ 128.086521941416976, -3.639220110706556 ], [ 128.086093445026449, -3.639251488340524 ], [ 128.085664948635895, -3.639203077133375 ], [ 128.085379284375563, -3.639394032435358 ], [ 128.085092721799953, -3.639552713570998 ], [ 128.084632784374463, -3.63958409119338 ], [ 128.08396623443366, -3.639615468814668 ], [ 128.083522466683291, -3.639806424029228 ], [ 128.082792136357284, -3.640172197284917 ], [ 128.08228368990649, -3.640379289429997 ], [ 128.081601868605844, -3.640474318710066 ], [ 128.080823927569782, -3.640791680572727 ], [ 128.080363091829071, -3.641022978130981 ], [ 128.079952561744221, -3.641191520500348 ], [ 128.079615693512636, -3.641509778611787 ], [ 128.0791494678802, -3.641959822284376 ], [ 128.078738039480072, -3.642333663172002 ], [ 128.078606885448607, -3.642633990870929 ], [ 128.078512562343775, -3.643852334149918 ], [ 128.079214146580654, -3.644504985352941 ], [ 128.079840272333684, -3.645100260213121 ], [ 128.080222954644711, -3.645345900627942 ], [ 128.080814944416943, -3.645346797125684 ], [ 128.081302729616255, -3.644857309225901 ], [ 128.082452573179921, -3.644788278859627 ], [ 128.083183801821178, -3.644859102222357 ], [ 128.083462279559257, -3.64510384620506 ], [ 128.084332747069539, -3.645139706123671 ], [ 128.084924736841799, -3.645035712355759 ], [ 128.085516726614031, -3.644721041484787 ], [ 128.086213819274519, -3.644232449743323 ], [ 128.087989788591216, -3.644129352369474 ], [ 128.089155801830003, -3.644935304568434 ], [ 128.089869064165583, -3.645145981609282 ], [ 128.090826668258472, -3.645881109620581 ], [ 128.091817510016853, -3.646826913677902 ], [ 128.092687977527191, -3.647458046827066 ], [ 128.093540478731796, -3.647563833305863 ], [ 128.094585219407207, -3.648194069442663 ], [ 128.09491579943176, -3.648299855834823 ], [ 128.095821301238146, -3.648300752329619 ], [ 128.096725904729283, -3.6486163184421 ], [ 128.097248724224642, -3.648757068064485 ], [ 128.097665542516467, -3.649176627317583 ], [ 128.09808325912357, -3.649946715265833 ], [ 128.098290769954218, -3.650961544941302 ], [ 128.098324905935016, -3.651696668194864 ], [ 128.098637519653892, -3.652291938290835 ], [ 128.09909027055707, -3.652607503000886 ], [ 128.099577157441075, -3.652782318630574 ], [ 128.100117044926833, -3.653132846277768 ], [ 128.100586863820439, -3.653518336882583 ], [ 128.10096864781616, -3.654358347231525 ], [ 128.101282159850342, -3.654813763399271 ], [ 128.101559739273114, -3.655198356793922 ], [ 128.102116694749299, -3.655583846511181 ], [ 128.103335708589839, -3.656075121538608 ], [ 128.103752526881664, -3.656705351699737 ], [ 128.103825290419678, -3.656832652759586 ], [ 128.103839663464214, -3.657080979422898 ], [ 128.103796544330578, -3.657421644047659 ], [ 128.103866612922758, -3.657712105362303 ], [ 128.104082208590938, -3.658069802963036 ], [ 128.104190904740335, -3.658407777757866 ], [ 128.1042474986032, -3.65890443014285 ], [ 128.104140599084388, -3.659336535423523 ], [ 128.104069632176987, -3.659677199190822 ], [ 128.104034597880883, -3.660031310074773 ], [ 128.104033699565605, -3.660357629854011 ], [ 128.104174735065214, -3.660683949514357 ], [ 128.104407398723794, -3.661053300195248 ], [ 128.104696656245267, -3.661273834752462 ], [ 128.10489428560777, -3.661351828668232 ], [ 128.105091914970302, -3.661479129067883 ], [ 128.105232950469912, -3.661706835371412 ], [ 128.105338053358139, -3.661962332532801 ], [ 128.105288646017527, -3.662224104987442 ], [ 128.105337155042861, -3.662628417772097 ], [ 128.105386562383472, -3.66297625212805 ], [ 128.105520411360828, -3.663501589326906 ], [ 128.105801584044741, -3.664203532577127 ], [ 128.105914771770529, -3.664444685367413 ], [ 128.105893212203711, -3.664650875433952 ], [ 128.105857279592357, -3.664856168974725 ], [ 128.105758464911105, -3.665033671648855 ], [ 128.105730617137283, -3.665189658818255 ], [ 128.105772837955641, -3.66525330874738 ], [ 128.105948907751326, -3.665267652392755 ], [ 128.106118689340036, -3.665218346110816 ], [ 128.106355844575063, -3.665174418693709 ], [ 128.106471727246685, -3.66516903982616 ], [ 128.106570541927937, -3.665225517933813 ], [ 128.106690017860728, -3.665459498627526 ], [ 128.106732238679086, -3.665615485722662 ], [ 128.106690017860728, -3.66580733188282 ], [ 128.106640610520117, -3.665956147100207 ], [ 128.106590304864199, -3.666133649556029 ], [ 128.106675644816193, -3.666240330307981 ], [ 128.106851714611878, -3.666474310736181 ], [ 128.1068508162966, -3.666722634725187 ], [ 128.106921783204029, -3.666942271408888 ], [ 128.1068508162966, -3.667140392616059 ], [ 128.106752001615348, -3.667289207611574 ], [ 128.10663881388956, -3.667403060031175 ], [ 128.106575931819663, -3.667587734003784 ], [ 128.10656066045982, -3.667715033516088 ], [ 128.106631627367278, -3.667835161208255 ], [ 128.106645102096536, -3.667941841757165 ], [ 128.106743916777788, -3.668041350492992 ], [ 128.106906511844187, -3.668097828419207 ], [ 128.107089768162155, -3.668084381294241 ], [ 128.107223617139482, -3.66814803101729 ], [ 128.10736465263912, -3.668226024333721 ], [ 128.107442806068832, -3.668318361239776 ], [ 128.107428433024268, -3.668439385325498 ], [ 128.107379025683656, -3.668538894005926 ], [ 128.107329618343016, -3.668630334405196 ], [ 128.107216430617228, -3.668722671269476 ], [ 128.107088869846876, -3.668744186653957 ], [ 128.106940647825013, -3.668807836330014 ], [ 128.106821171892221, -3.668899276701763 ], [ 128.106707984166405, -3.669069606781056 ], [ 128.106686424599587, -3.66920407787335 ], [ 128.106693611121869, -3.669296414678338 ], [ 128.106770866236303, -3.669381579684189 ], [ 128.106891240484373, -3.669431782210149 ], [ 128.107067310280058, -3.669431782210149 ], [ 128.107229905346486, -3.669446125788478 ], [ 128.10735656780156, -3.669446125788478 ], [ 128.107469755527376, -3.669489156522079 ], [ 128.107589231460139, -3.669581493297604 ], [ 128.107716792230491, -3.669659486488914 ], [ 128.107843454685536, -3.669706999579133 ], [ 128.107935082844506, -3.669708792525884 ], [ 128.108083304866398, -3.669751823246834 ], [ 128.108161458296138, -3.669822644637218 ], [ 128.10821086563675, -3.669929324948844 ], [ 128.108273747706647, -3.670085311263919 ], [ 128.108407596683975, -3.670241297551752 ], [ 128.10861241256876, -3.670383836721988 ], [ 128.108746261546088, -3.670425970937765 ], [ 128.10887382231644, -3.670419695629158 ], [ 128.108997789825651, -3.670355149595216 ], [ 128.109148706793349, -3.670200059800146 ], [ 128.1092762675637, -3.670129238439684 ], [ 128.109389455289516, -3.670122066656033 ], [ 128.10946671040395, -3.670136410223278 ], [ 128.109523304266844, -3.670200059800146 ], [ 128.109530490789126, -3.670292396502188 ], [ 128.109523304266844, -3.670384733194685 ], [ 128.109473896926204, -3.670483345185839 ], [ 128.109445150837132, -3.670575681858596 ], [ 128.109366997407392, -3.670717324503106 ], [ 128.109346336155852, -3.670859863597371 ], [ 128.109388556974238, -3.671030193302821 ], [ 128.10943796431485, -3.671121633447081 ], [ 128.109550253725359, -3.671221141828727 ], [ 128.109691289224969, -3.671327821973308 ], [ 128.109896105109755, -3.671378024389879 ], [ 128.110009292835571, -3.671378024389879 ], [ 128.110126073822499, -3.671318857255767 ], [ 128.110206922198046, -3.6712292100754 ], [ 128.110391076831291, -3.670980887338795 ], [ 128.110610265760613, -3.670697602110912 ], [ 128.110729741693433, -3.670584646583599 ], [ 128.110835742896967, -3.670527272342031 ], [ 128.110970490189573, -3.670477966350239 ], [ 128.111062118348542, -3.670506653473068 ], [ 128.111160933029794, -3.670549684155582 ], [ 128.111231001621945, -3.670662639687317 ], [ 128.111280408962585, -3.670726289226687 ], [ 128.111344189347761, -3.670925306066992 ], [ 128.111357664077019, -3.67105977687993 ], [ 128.111343291032483, -3.671244450096697 ], [ 128.111237289828949, -3.671407607955465 ], [ 128.111138475147698, -3.671527735151104 ], [ 128.111032473944164, -3.671648758802012 ], [ 128.1108842519223, -3.671776057735635 ], [ 128.11080609849256, -3.671832535425724 ], [ 128.11071447033359, -3.671846878965495 ], [ 128.110615655652339, -3.671832535425724 ], [ 128.110545587060187, -3.671846878965495 ], [ 128.110496179719519, -3.671903356651106 ], [ 128.110488993197265, -3.671974177870871 ], [ 128.110524027493369, -3.672052170853225 ], [ 128.110601282607774, -3.672166022665809 ], [ 128.110643503426161, -3.672286149759407 ], [ 128.110707283811308, -3.672477994487302 ], [ 128.110713572018284, -3.672633980357165 ], [ 128.110664164677672, -3.672768450912754 ], [ 128.110664164677672, -3.672903817918252 ], [ 128.110642605110854, -3.673045460193417 ], [ 128.110681232668071, -3.673307229402284 ], [ 128.11075579283667, -3.673502659788984 ], [ 128.110980371657689, -3.673705261887811 ], [ 128.111476241694533, -3.673883659273032 ], [ 128.111804126773222, -3.673965237964942 ], [ 128.11202870559427, -3.673950894459213 ], [ 128.112099672501699, -3.673865729889195 ], [ 128.112392523284342, -3.673687332500389 ], [ 128.112528168892226, -3.673545690327094 ], [ 128.112677289229396, -3.673452457491898 ], [ 128.11279137527049, -3.673448871613427 ], [ 128.112991699578856, -3.673524175058299 ], [ 128.113493857822647, -3.673801184104398 ], [ 128.113810963117942, -3.674296035001855 ], [ 128.113982541337208, -3.674644761284664 ], [ 128.114153221241196, -3.674708410540081 ], [ 128.114535005236974, -3.674644761284664 ], [ 128.114994942662406, -3.674605316673393 ], [ 128.115330014263378, -3.67451656629166 ], [ 128.115643526297532, -3.674456502896991 ], [ 128.115939970341287, -3.674559596780876 ], [ 128.116552621365088, -3.674680620020669 ], [ 128.116695453495282, -3.674744269273527 ], [ 128.116777200186107, -3.674847363124158 ], [ 128.116813132797489, -3.675110924740302 ], [ 128.116763725456849, -3.67550178468073 ], [ 128.116649639415755, -3.675967947688473 ], [ 128.116727792845495, -3.676217165504196 ], [ 128.116891286227201, -3.676434110452548 ], [ 128.117644074435304, -3.676793593494573 ], [ 128.1181641989848, -3.676903858837521 ], [ 128.118571135808509, -3.677046396943561 ], [ 128.118627729671402, -3.677167419845897 ], [ 128.118622339779705, -3.677220311331387 ], [ 128.118545084665271, -3.67728037453992 ], [ 128.118431896939455, -3.677386157494362 ], [ 128.118318709213668, -3.677578001125478 ], [ 128.118219894532416, -3.677776119972222 ], [ 128.118121978166442, -3.677939276636476 ], [ 128.118104011860737, -3.678206423198078 ], [ 128.118192945073872, -3.678625968643266 ], [ 128.11849208406349, -3.679084958305777 ], [ 128.119023886711688, -3.679682899562272 ], [ 128.119034666495111, -3.680230638502022 ], [ 128.118919682138738, -3.680565915526465 ], [ 128.11880290115181, -3.680747897387961 ], [ 128.11873193424438, -3.680911053508036 ], [ 128.118753493811198, -3.68103924758141 ], [ 128.118756188757033, -3.681046419277278 ], [ 128.118706781416392, -3.681190749644336 ], [ 128.118699594894139, -3.68129742859626 ], [ 128.118752595495891, -3.681425622614017 ], [ 128.118895427626057, -3.681543059075627 ], [ 128.119252058793876, -3.681728626582627 ], [ 128.119282601513532, -3.681763588572371 ], [ 128.119384111140619, -3.681881024989407 ], [ 128.119797336171331, -3.682507651105497 ], [ 128.12005066108145, -3.683105590063964 ], [ 128.120257273596792, -3.683500032335423 ], [ 128.120624684547977, -3.683913300073218 ], [ 128.120905857231946, -3.684674393517616 ], [ 128.12087172125112, -3.685701734166174 ], [ 128.120869924620536, -3.685708905824472 ], [ 128.120992095499219, -3.68572504205543 ], [ 128.120965146040675, -3.685954535086267 ], [ 128.12092562016818, -3.685983221710959 ], [ 128.120909450493059, -3.686085417803901 ], [ 128.120980417400517, -3.686079142605549 ], [ 128.121086418604051, -3.686672596882259 ], [ 128.121106181540313, -3.686780171633218 ], [ 128.121143910782223, -3.68702400768721 ], [ 128.121305607533372, -3.68737452189767 ], [ 128.121406218845181, -3.687329699116314 ], [ 128.121333455307166, -3.687119928469535 ], [ 128.121782612949204, -3.686980977800189 ], [ 128.122008988400836, -3.687063451748485 ], [ 128.122138345801744, -3.687478510741713 ], [ 128.122417721855101, -3.687417551765645 ], [ 128.122480603924998, -3.68762821879755 ], [ 128.12250935001407, -3.687604014502806 ], [ 128.122278482986076, -3.686782861001826 ], [ 128.122499468545954, -3.686725487803107 ], [ 128.122636012469144, -3.68722660671062 ], [ 128.122655775405406, -3.687215849241511 ], [ 128.122514739905768, -3.686714730327935 ], [ 128.122790522698011, -3.686642117367122 ], [ 128.123018694780171, -3.68743637733223 ], [ 128.123062712229085, -3.687425619865659 ], [ 128.122845319930349, -3.686629566978231 ], [ 128.122929761567036, -3.686614327220056 ], [ 128.122941439665738, -3.686592812266892 ], [ 128.12304833918455, -3.686528267404278 ], [ 128.123122001037842, -3.6864493792325 ], [ 128.123303460725253, -3.686337322158284 ], [ 128.123390597307804, -3.68626381270993 ], [ 128.123385207416106, -3.6861885103419 ], [ 128.123841551580426, -3.685888197263126 ], [ 128.124060740509748, -3.685747453486833 ], [ 128.124135300678319, -3.685649739641786 ], [ 128.124294302483634, -3.685531407264604 ], [ 128.124347303085386, -3.685491963135379 ], [ 128.124368862652204, -3.685475826900193 ], [ 128.124331133410266, -3.685413074871682 ], [ 128.124352692977084, -3.685386181143822 ], [ 128.124366167706341, -3.685334186600988 ], [ 128.124447914397223, -3.685257091238778 ], [ 128.124757833170236, -3.685050905934921 ], [ 128.124961750739715, -3.684816033921871 ], [ 128.124967140631412, -3.684810655172754 ], [ 128.125194414398322, -3.684626881225063 ], [ 128.125261788044611, -3.684587437055732 ], [ 128.125447739308441, -3.684479862039579 ], [ 128.125759454712039, -3.684331049912461 ], [ 128.125943609345285, -3.684295191564856 ], [ 128.126064881908633, -3.68429698448227 ], [ 128.126191544363678, -3.684277262390511 ], [ 128.126400851824854, -3.684149965242277 ], [ 128.126592192980411, -3.684043286632197 ], [ 128.126670346410123, -3.684000256600983 ], [ 128.126744008263444, -3.683974259289448 ], [ 128.126863484196207, -3.683933022173044 ], [ 128.126993739912393, -3.683822757700226 ], [ 128.127220115363997, -3.683615675604599 ], [ 128.127329709828643, -3.683448934141932 ], [ 128.127342286242651, -3.683429212031379 ], [ 128.1274177447265, -3.683350323584793 ], [ 128.127462660490721, -3.683326119173643 ], [ 128.127577644847094, -3.683264263453271 ], [ 128.12774562980519, -3.683191650210828 ], [ 128.128069921622796, -3.683019529908779 ], [ 128.128119328963407, -3.682993532568598 ], [ 128.128574774812449, -3.682781071518653 ], [ 128.12887750706318, -3.682683357347857 ], [ 128.128952965547057, -3.682675289204835 ], [ 128.129019440878096, -3.682686046728848 ], [ 128.129067051588152, -3.682644809552757 ], [ 128.129100289253671, -3.68259729715185 ], [ 128.129376970361164, -3.682447588249389 ], [ 128.129374275415302, -3.68239828291672 ], [ 128.129428174332361, -3.682374078479684 ], [ 128.129434462539365, -3.682334634210509 ], [ 128.129447937268623, -3.682310429771742 ], [ 128.12945332716032, -3.682300568703907 ], [ 128.129549446895709, -3.682226162461271 ], [ 128.129658143045106, -3.682175064194653 ], [ 128.129790195391848, -3.682113208394297 ], [ 128.129985129808517, -3.682054938433511 ], [ 128.13010011416489, -3.681998461390954 ], [ 128.130281573852272, -3.681895368367525 ], [ 128.130518729087271, -3.681779724874866 ], [ 128.13060137409343, -3.681732212427793 ], [ 128.130635510074228, -3.681753727498479 ], [ 128.130678629207864, -3.681731315966502 ], [ 128.130719951710915, -3.681683803516846 ], [ 128.130778342204394, -3.681656013214928 ], [ 128.130931954117983, -3.68159774322422 ], [ 128.130935547379124, -3.681554713074789 ], [ 128.130944530531963, -3.681527819230337 ], [ 128.130982259773901, -3.681547541383015 ], [ 128.131026277222816, -3.681532301537803 ], [ 128.131066701410617, -3.681486582000602 ], [ 128.131113413805366, -3.681492857231337 ], [ 128.131166414407147, -3.681474031539 ], [ 128.131210431856061, -3.681448034153688 ], [ 128.13124007626044, -3.681439965999471 ], [ 128.131261635827286, -3.681446241230535 ], [ 128.1312769071871, -3.681482996154448 ], [ 128.131355060616812, -3.68145072353841 ], [ 128.131408959533843, -3.681390660611004 ], [ 128.131443095514641, -3.681309979060351 ], [ 128.131450282036923, -3.681275913514547 ], [ 128.131690132217784, -3.681226608116996 ], [ 128.131792540160177, -3.681163855788895 ], [ 128.131850032338349, -3.681162959327033 ], [ 128.131898541363682, -3.68128487813199 ], [ 128.131925490822198, -3.681269638282284 ], [ 128.131886863265009, -3.681153098246489 ], [ 128.131922795876363, -3.681107378689822 ], [ 128.13195333859602, -3.681070623750405 ], [ 128.131999152675519, -3.681073313136267 ], [ 128.132035085286873, -3.681051798049142 ], [ 128.132055746538384, -3.681024904189503 ], [ 128.132088085888654, -3.681041040505383 ], [ 128.13217252752537, -3.681027593575503 ], [ 128.132216544974284, -3.680989045708721 ], [ 128.132254274216194, -3.680991735094829 ], [ 128.132321647862511, -3.680989045708721 ], [ 128.132352190582168, -3.680944222605714 ], [ 128.132387224878272, -3.680929879212274 ], [ 128.132431242327186, -3.680964841233377 ], [ 128.13250849744162, -3.680867126863264 ], [ 128.132555209836397, -3.680786445265181 ], [ 128.13256688793507, -3.680769412482429 ], [ 128.132592939078336, -3.680732657529065 ], [ 128.132635159896665, -3.680714728282973 ], [ 128.132762720667017, -3.680660044080158 ], [ 128.13282380610633, -3.680631357283895 ], [ 128.132910942688909, -3.680571294301231 ], [ 128.132975621389335, -3.680486130363643 ], [ 128.133082520908147, -3.680403655805796 ], [ 128.133265777226114, -3.680314906001323 ], [ 128.133446338598247, -3.680222570336778 ], [ 128.133552339801781, -3.680150853309168 ], [ 128.133581984206131, -3.680079136275785 ], [ 128.133630493231493, -3.680123959422327 ], [ 128.133682595517968, -3.680106926626906 ], [ 128.133734697804442, -3.679993972291144 ], [ 128.133696968562504, -3.679970664251823 ], [ 128.133916157491853, -3.679794957474238 ], [ 128.13412546495303, -3.679647041027467 ], [ 128.134226974580145, -3.679595942612876 ], [ 128.134400349429967, -3.679557394684138 ], [ 128.134491079273658, -3.679485677602981 ], [ 128.134527910200319, -3.679340450495956 ], [ 128.134641097926135, -3.67917281176891 ], [ 128.134709369887702, -3.67910019819286 ], [ 128.134784828371579, -3.679060753778698 ], [ 128.134915982403044, -3.678959453343419 ], [ 128.135070492631939, -3.678868910466741 ], [ 128.135419038962141, -3.678598178245953 ], [ 128.135707398168364, -3.678368683318891 ], [ 128.135876281441796, -3.678238695931643 ], [ 128.135989469167583, -3.678160703490194 ], [ 128.136011028734401, -3.678192976225414 ], [ 128.136099961947536, -3.678136498938012 ], [ 128.13614847097287, -3.678100640340979 ], [ 128.136296692994762, -3.678051334767702 ], [ 128.136386524523175, -3.677984996355717 ], [ 128.136440423440206, -3.677976031705071 ], [ 128.136457491430576, -3.678008304446978 ], [ 128.136522170131059, -3.677999339796564 ], [ 128.136541933067292, -3.677973342309859 ], [ 128.136647934270826, -3.677953620078059 ], [ 128.136859936677894, -3.677829011421598 ], [ 128.137028819951325, -3.677754604805475 ], [ 128.137175245342604, -3.677681094648509 ], [ 128.13729651790598, -3.677638960775319 ], [ 128.137501333790738, -3.677633581982855 ], [ 128.137598351841405, -3.677595930434688 ], [ 128.137650454127908, -3.677575311729065 ], [ 128.137707047990801, -3.677557382419442 ], [ 128.137810354248472, -3.677526006126731 ], [ 128.137880422840652, -3.67753407431639 ], [ 128.13791455882145, -3.677563657677851 ], [ 128.13798103415246, -3.677576208194538 ], [ 128.138029543177822, -3.677536763712927 ], [ 128.138088831986579, -3.677535867247415 ], [ 128.138193934874806, -3.677472218193801 ], [ 128.138281071457357, -3.67747849345281 ], [ 128.138272986619825, -3.67750269802286 ], [ 128.138304427654759, -3.677517937936999 ], [ 128.138347546788395, -3.67748925103958 ], [ 128.13838707266089, -3.677452495950914 ], [ 128.138431090109833, -3.677446220691722 ], [ 128.138510141854795, -3.677424705517014 ], [ 128.138574820555277, -3.677416637326364 ], [ 128.138643092516872, -3.677427394913881 ], [ 128.138682618389367, -3.677415740860732 ], [ 128.138679025128226, -3.677445324226119 ], [ 128.138661058822549, -3.677504490953948 ], [ 128.138708669532605, -3.677532281385362 ], [ 128.138783229701176, -3.67752959198881 ], [ 128.138802094322131, -3.677496422764022 ], [ 128.138822755573671, -3.677463253537997 ], [ 128.138918875309088, -3.677475804056097 ], [ 128.139015893359755, -3.677508973281654 ], [ 128.13912099624801, -3.677512559143802 ], [ 128.139173996849792, -3.67746773586591 ], [ 128.139275506476906, -3.677427394913881 ], [ 128.139348270014892, -3.67742380905139 ], [ 128.139394084094391, -3.677434566638818 ], [ 128.139451576272563, -3.677426498448258 ], [ 128.139512661711905, -3.677386157494362 ], [ 128.139566560628964, -3.677376296372022 ], [ 128.13961057807785, -3.677424705517014 ], [ 128.139702206236848, -3.677491940436252 ], [ 128.139776766405419, -3.677439048966876 ], [ 128.139823478800196, -3.677386157494362 ], [ 128.13985491983513, -3.677304579115349 ], [ 128.139849529943433, -3.677265134621721 ], [ 128.13984683499757, -3.677246308840056 ], [ 128.139866597933832, -3.677207760809692 ], [ 128.139854021519852, -3.677160248118808 ], [ 128.139825275430752, -3.677136940005375 ], [ 128.139836953529453, -3.677081359117035 ], [ 128.139897140653488, -3.676963025601285 ], [ 128.139914208643887, -3.676929856355415 ], [ 128.139993260388906, -3.676833038009065 ], [ 128.140081295286734, -3.676790904095795 ], [ 128.140172025130454, -3.67674608078162 ], [ 128.140266348235258, -3.676703050397893 ], [ 128.14039301069036, -3.676634918952744 ], [ 128.140418163518291, -3.676501345446488 ], [ 128.140452299499088, -3.676448453918346 ], [ 128.140487333795193, -3.676395562387068 ], [ 128.14050530010087, -3.676366875453537 ], [ 128.140589741737557, -3.676296054582431 ], [ 128.14072089576905, -3.676242266575301 ], [ 128.140798150883484, -3.676218061971033 ], [ 128.140873609367333, -3.676171445694298 ], [ 128.140906847032852, -3.676150826955733 ], [ 128.140976915625004, -3.676106900076333 ], [ 128.141032611172619, -3.676088074270214 ], [ 128.141103578080077, -3.676005599305385 ], [ 128.141240122003268, -3.675812858868711 ], [ 128.141380259187571, -3.675535850447239 ], [ 128.141497938489806, -3.675343109909051 ], [ 128.141606634639174, -3.675226569098315 ], [ 128.141948892762429, -3.674907426492511 ], [ 128.142050402389543, -3.674822262013798 ], [ 128.142245336806184, -3.674571250871348 ], [ 128.142397152089188, -3.674437677056041 ], [ 128.142693596132972, -3.674356994876032 ], [ 128.142895717071895, -3.674298724408156 ], [ 128.143252348239685, -3.674244936280584 ], [ 128.143359247758497, -3.674227006904006 ], [ 128.143513757987364, -3.674154392925181 ], [ 128.143732048601407, -3.674082675409431 ], [ 128.144085086508085, -3.674106880071641 ], [ 128.144234206845226, -3.6741032941958 ], [ 128.144391412019957, -3.674036059021102 ], [ 128.144483938494204, -3.673996614382921 ], [ 128.144558498662775, -3.673949997990097 ], [ 128.144760619601726, -3.673823595835759 ], [ 128.144943875919694, -3.6736156149471 ], [ 128.144985198422745, -3.673468593944839 ], [ 128.145139708651612, -3.673221168300991 ], [ 128.145193607568643, -3.673133314251528 ], [ 128.145397525138151, -3.672925333202004 ], [ 128.145556526943437, -3.672802516783621 ], [ 128.145590662924235, -3.672776519145445 ], [ 128.14588710696799, -3.672531782721368 ], [ 128.146204212263285, -3.672236843864736 ], [ 128.146408129832793, -3.672056653208327 ], [ 128.146620132239832, -3.671868394274721 ], [ 128.146845609376157, -3.671698961200537 ], [ 128.146862677366556, -3.671650551744865 ], [ 128.146858185790137, -3.671613796415657 ], [ 128.147002814550888, -3.67154925046802 ], [ 128.147049526945665, -3.671527735151104 ], [ 128.147297461964087, -3.671403125597105 ], [ 128.147551685189455, -3.671307203122828 ], [ 128.147763687596523, -3.671248932455853 ], [ 128.147818484828861, -3.671216659469431 ], [ 128.148025995659481, -3.671153906436939 ], [ 128.148258659318088, -3.671021228582291 ], [ 128.148535340425582, -3.670875103624971 ], [ 128.148516475804627, -3.670789042289228 ], [ 128.148547018524283, -3.670776491677072 ], [ 128.148603612387205, -3.670727185699039 ], [ 128.148670986033494, -3.670694016221376 ], [ 128.148720393374134, -3.670711049196545 ], [ 128.14877249566058, -3.670703877417567 ], [ 128.14882639457764, -3.670637538459278 ], [ 128.149017735733167, -3.670590025418556 ], [ 128.14927824716554, -3.670575681858596 ], [ 128.149474978212794, -3.670572095968569 ], [ 128.149730099753469, -3.670572992441078 ], [ 128.149851372316817, -3.670572992441078 ], [ 128.149864847046075, -3.670572992441078 ], [ 128.149872033568357, -3.670572992441078 ], [ 128.150021153905527, -3.670572992441078 ], [ 128.150057086516881, -3.670572992441078 ], [ 128.150085832605981, -3.670611540758064 ], [ 128.150151409621714, -3.670589128946065 ], [ 128.15019003717893, -3.670547891210518 ], [ 128.150440667143215, -3.670500378165027 ], [ 128.150516125627064, -3.670480655768043 ], [ 128.150584397588688, -3.670366803740578 ], [ 128.150639194820997, -3.670303154175591 ], [ 128.150715551620152, -3.670257434062732 ], [ 128.150801789887424, -3.670235918714695 ], [ 128.150844010705782, -3.670146271425625 ], [ 128.150938333810586, -3.669996560432819 ], [ 128.150999419249928, -3.669911395485597 ], [ 128.151076674364361, -3.66969624189855 ], [ 128.151083860886644, -3.669645142914011 ], [ 128.151136861488396, -3.669562667353855 ], [ 128.151188065459593, -3.669564460300895 ], [ 128.151268913835167, -3.669553702618596 ], [ 128.151326406013339, -3.669477502365267 ], [ 128.151374915038701, -3.669373511420825 ], [ 128.151540205050964, -3.66920407787335 ], [ 128.151842038986445, -3.668954858099627 ], [ 128.151916599155015, -3.668925274452808 ], [ 128.152020803727964, -3.668915413236984 ], [ 128.152106143679958, -3.668905552021051 ], [ 128.152404384354298, -3.668765702037919 ], [ 128.152900254391142, -3.668633023828563 ], [ 128.153292818170286, -3.66850213854868 ], [ 128.153616211672585, -3.668418766408349 ], [ 128.153989910830774, -3.668332704835978 ], [ 128.154421102167134, -3.66822333490913 ], [ 128.154801987847605, -3.668373942673772 ], [ 128.155099330206667, -3.668435799426898 ], [ 128.155156822384839, -3.668422352307018 ], [ 128.155217907824152, -3.668349737856166 ], [ 128.155346366909782, -3.66828160577346 ], [ 128.155785643083732, -3.66811127554397 ], [ 128.155788338029566, -3.668056590568671 ], [ 128.155899729124798, -3.667928394629853 ], [ 128.156167427079453, -3.667738341875532 ], [ 128.156464769438514, -3.667607456464625 ], [ 128.156562685804488, -3.667541117276435 ], [ 128.156717196033355, -3.667436229631007 ], [ 128.156735162339032, -3.667364511575768 ], [ 128.156871706262194, -3.667278449901885 ], [ 128.156919316972278, -3.667160115086768 ], [ 128.157090895191516, -3.666872346266462 ], [ 128.157269659933092, -3.666703808721216 ], [ 128.157385542604743, -3.666599817454046 ], [ 128.157620002893907, -3.666493136744983 ], [ 128.157766428285214, -3.666466242446572 ], [ 128.157893090740259, -3.666442934053962 ], [ 128.158282959573569, -3.66628874005677 ], [ 128.158357519742168, -3.666256466891202 ], [ 128.158451842847001, -3.666217021909481 ], [ 128.158758168358872, -3.666193713510375 ], [ 128.158919865109993, -3.666152475572004 ], [ 128.159024967998249, -3.666125581263347 ], [ 128.159251343449853, -3.666092411614889 ], [ 128.159419328407978, -3.666104065815838 ], [ 128.159720264028181, -3.666125581263347 ], [ 128.159987961982836, -3.666184748741325 ], [ 128.160130794113002, -3.666215228955726 ], [ 128.160208049227435, -3.666232262016263 ], [ 128.160522459576868, -3.66627618938141 ], [ 128.160790157531551, -3.66625915632171 ], [ 128.161026414451271, -3.666321013221173 ], [ 128.16103539760411, -3.666323702651488 ], [ 128.16138753719548, -3.66641603975404 ], [ 128.162266987858658, -3.666700222815653 ], [ 128.162483481842116, -3.666777319782092 ], [ 128.162709857293692, -3.666756700826603 ], [ 128.162760162949638, -3.666706498150379 ], [ 128.1627511797968, -3.66666167432994 ], [ 128.162767349471892, -3.666660777853509 ], [ 128.162761959580195, -3.666613264601343 ], [ 128.16276824778717, -3.666509273323642 ], [ 128.162864367522587, -3.666102272861857 ], [ 128.163014386175035, -3.665415571222262 ], [ 128.163002708076334, -3.665168143348232 ], [ 128.162985640085935, -3.664835549974941 ], [ 128.162968572095565, -3.664686734571107 ], [ 128.163017979436177, -3.664525368442588 ], [ 128.16326501613932, -3.663999135365692 ], [ 128.163417729737603, -3.663797427545474 ], [ 128.163540798931507, -3.663645922530608 ], [ 128.163649495080875, -3.663428974476489 ], [ 128.163724055249475, -3.663194993251732 ], [ 128.163797717102767, -3.663007628931863 ], [ 128.164096856092414, -3.662856123783286 ], [ 128.164490318186836, -3.662722548216818 ], [ 128.164957442134579, -3.662563871175711 ], [ 128.165152376551248, -3.662429399084956 ], [ 128.165173936118038, -3.662415055394083 ], [ 128.165185614216739, -3.662324510840143 ], [ 128.165155071497082, -3.662166730209414 ], [ 128.165107460787027, -3.661921094399407 ], [ 128.165111952363446, -3.661838618126919 ], [ 128.165152376551248, -3.661596568152919 ], [ 128.165121833831591, -3.661532021482134 ], [ 128.165014934312779, -3.661480025549507 ], [ 128.164872102182585, -3.661463888880146 ], [ 128.164812813373828, -3.661456717027004 ], [ 128.164453487260175, -3.661416375352008 ], [ 128.164325028174574, -3.661295350316112 ], [ 128.164256756212978, -3.66120480564893 ], [ 128.164135483649602, -3.661162670998704 ], [ 128.164034872337794, -3.661076608728252 ], [ 128.163947735755215, -3.660951101235683 ], [ 128.163977380159594, -3.660837247995064 ], [ 128.164007024563972, -3.660728773634237 ], [ 128.164173212891541, -3.660501067081996 ], [ 128.16423968822258, -3.660346872060986 ], [ 128.164254061267116, -3.660259016746446 ], [ 128.164233400015576, -3.660195366462162 ], [ 128.164073499894982, -3.659926421549055 ], [ 128.163999838041718, -3.659627892600942 ], [ 128.163857005911524, -3.659335638939753 ], [ 128.163773462590115, -3.659053246507854 ], [ 128.163654884972601, -3.658655207500319 ], [ 128.163582121434587, -3.658466049261333 ], [ 128.163538103985672, -3.658350402735367 ], [ 128.16348510338392, -3.658213240557313 ], [ 128.163417729737603, -3.658035736531022 ], [ 128.163360237559402, -3.657739896409079 ], [ 128.16336472913585, -3.657561495803498 ], [ 128.163343169569004, -3.657460192931255 ], [ 128.163246151518337, -3.657362475990544 ], [ 128.163176981241463, -3.657322134131181 ], [ 128.163051217101668, -3.657298825500499 ], [ 128.162715247185389, -3.657143733442451 ], [ 128.162476295319834, -3.657002088649229 ], [ 128.161888797124021, -3.656615703055194 ], [ 128.161748659939718, -3.65632793084564 ], [ 128.16164894694316, -3.655951406319829 ], [ 128.161641760420906, -3.655820519185729 ], [ 128.161478267039172, -3.655555158910022 ], [ 128.161439639481955, -3.655469992588675 ], [ 128.161372265835638, -3.655149946445626 ], [ 128.161309383765769, -3.655088088774556 ], [ 128.161188111202392, -3.654900722759343 ], [ 128.161145890384063, -3.654802109051405 ], [ 128.161153076906345, -3.654703495332625 ], [ 128.161272552839108, -3.654562746642497 ], [ 128.161398316978875, -3.654484752135911 ], [ 128.161489945137873, -3.654400482201633 ], [ 128.161489945137873, -3.654287524617737 ], [ 128.161448622634794, -3.654139603950652 ], [ 128.161294112405926, -3.653977339433253 ], [ 128.161021024559574, -3.653709289144099 ], [ 128.160712004101839, -3.653483373788044 ], [ 128.160446102777712, -3.653363244170788 ], [ 128.160249371730487, -3.653286146049747 ], [ 128.160059827205544, -3.653215323351328 ], [ 128.159976283884134, -3.653109537538213 ], [ 128.159899028769701, -3.653017199064032 ], [ 128.159856807951343, -3.652862106265627 ], [ 128.159828960177549, -3.652629915263006 ], [ 128.159871180995879, -3.652425515411757 ], [ 128.159906215291983, -3.652178980441523 ], [ 128.159864892788903, -3.651896585756057 ], [ 128.159809197241287, -3.651657222572149 ], [ 128.15981638376357, -3.651467166365692 ], [ 128.159774162945212, -3.651361380346554 ], [ 128.159612466194062, -3.651261869757853 ], [ 128.159556770646446, -3.65117042758554 ], [ 128.159528922872653, -3.650966027401989 ], [ 128.159515448143395, -3.650754455233169 ], [ 128.159521736350371, -3.650592190103815 ], [ 128.159522634665649, -3.65043082143781 ], [ 128.159459752595751, -3.650289175584867 ], [ 128.159378005904927, -3.650059673395968 ], [ 128.159417531777422, -3.649916234498125 ], [ 128.159516346458673, -3.649796104403556 ], [ 128.15964211059844, -3.649697490134814 ], [ 128.159775959575796, -3.649556740659764 ], [ 128.159846028167948, -3.649415991162661 ], [ 128.159853214690202, -3.649260897742225 ], [ 128.159790332620332, -3.649042153219336 ], [ 128.159748111801974, -3.648844924505496 ], [ 128.159657381958283, -3.648653971209484 ], [ 128.159510058251669, -3.648597492057816 ], [ 128.15934836150052, -3.648597492057816 ], [ 128.159193851271652, -3.648661143164997 ], [ 128.159130969201755, -3.64883685605719 ], [ 128.159039341042785, -3.648977605645027 ], [ 128.158884830813946, -3.649112079752936 ], [ 128.158618031174541, -3.649216969543132 ], [ 128.158393452353522, -3.649407026225792 ], [ 128.15820390782855, -3.649562119620999 ], [ 128.158056584121965, -3.649589910920202 ], [ 128.157979329007532, -3.649660733904604 ], [ 128.15788859916384, -3.64965535494396 ], [ 128.157811344049406, -3.649526259878822 ], [ 128.157748461979537, -3.649463505326569 ], [ 128.157643359091281, -3.649399854276233 ], [ 128.157376559451905, -3.649448264934647 ], [ 128.157159167153139, -3.649450057921945 ], [ 128.156920215287556, -3.649413301681609 ], [ 128.156794451147789, -3.649370269983697 ], [ 128.156717196033355, -3.649264483717567 ], [ 128.156654313963458, -3.649194557195828 ], [ 128.156542024552948, -3.649173041341891 ], [ 128.156373141279516, -3.649165869390464 ], [ 128.15625546197731, -3.649185592256751 ], [ 128.156127901206958, -3.649206211616496 ], [ 128.15602279831873, -3.649235795914436 ], [ 128.15602279831873, -3.649313790877059 ], [ 128.15597339097809, -3.649370269983697 ], [ 128.155909610592914, -3.649373855958602 ], [ 128.155833253793759, -3.64927075917438 ], [ 128.155700303131738, -3.649002707480031 ], [ 128.155525131651331, -3.648798306803172 ], [ 128.155377807944745, -3.64867190109816 ], [ 128.155075974009264, -3.648473775808424 ], [ 128.154880141277317, -3.648382333352274 ], [ 128.154627714682476, -3.648226343258541 ], [ 128.154305219495484, -3.648142072736868 ], [ 128.154016860289289, -3.648049733751918 ], [ 128.153799467990524, -3.647972635174691 ], [ 128.153582075691759, -3.647901812057225 ], [ 128.153434751985174, -3.647830988934177 ], [ 128.153288326593866, -3.647745821880082 ], [ 128.153091595546641, -3.647682170708068 ], [ 128.152834677375409, -3.647686653185118 ], [ 128.152438520335068, -3.647735960431192 ], [ 128.152025295304384, -3.647702790102312 ], [ 128.151480017926929, -3.64768575668971 ], [ 128.151017385555605, -3.647602382612839 ], [ 128.150571821174708, -3.647501975112146 ], [ 128.150093019128235, -3.647202545534554 ], [ 128.149515402400567, -3.646837671633021 ], [ 128.149350112388305, -3.646505071461072 ], [ 128.149251297707025, -3.646306049196912 ], [ 128.149036600354123, -3.646222674992075 ], [ 128.148788665335701, -3.646205641551427 ], [ 128.148524560642187, -3.646254948878735 ], [ 128.148144573276994, -3.646404663837814 ], [ 128.14761546557466, -3.646470108093531 ], [ 128.147367530556238, -3.646337426583827 ], [ 128.147152833203336, -3.646187711613553 ], [ 128.146988441506323, -3.645938485440082 ], [ 128.146856389159581, -3.645639951839206 ], [ 128.146823151494033, -3.64532438468188 ], [ 128.146807880134219, -3.644842965254125 ], [ 128.146741404803208, -3.644461056921447 ], [ 128.146577013106196, -3.643962603548503 ], [ 128.146511436090464, -3.643547524359938 ], [ 128.146506944514044, -3.643298297454929 ], [ 128.146396451734091, -3.643149478478735 ], [ 128.146131448725299, -3.643016796479206 ], [ 128.145735291684986, -3.642900251463482 ], [ 128.145388541985312, -3.642700331901358 ], [ 128.144893570263775, -3.64248427528429 ], [ 128.1443321232112, -3.642268218615356 ], [ 128.143869490839876, -3.641984924315266 ], [ 128.143539809130601, -3.641620048297393 ], [ 128.143143652090288, -3.64112159335093 ], [ 128.142615442703232, -3.640539763397114 ], [ 128.142186047997427, -3.640208057400029 ], [ 128.141591363279332, -3.63975890935521 ], [ 128.141096391557795, -3.639343828228428 ], [ 128.140501706839729, -3.638944883984639 ], [ 128.139924090112004, -3.638628417975711 ], [ 128.139429118390467, -3.638312848360373 ], [ 128.138850603347493, -3.638212439823225 ], [ 128.138421208641688, -3.638245610501913 ], [ 128.137974745945485, -3.638195406230992 ], [ 128.13747977422392, -3.638078860591283 ], [ 128.137265076871017, -3.637912110649797 ], [ 128.136868919830732, -3.637530199377232 ], [ 128.13660481513719, -3.637247800092738 ], [ 128.136506000455938, -3.636799547078527 ], [ 128.136621883127589, -3.636351293841419 ], [ 128.136523966761615, -3.635588366319408 ], [ 128.136342507074232, -3.63523962485172 ], [ 128.136226624402582, -3.634973361995113 ], [ 128.13622752271786, -3.634690961909785 ], [ 128.136310167724019, -3.634309945781522 ], [ 128.136293998048899, -3.633961203819533 ], [ 128.136157454125708, -3.6336734243612 ], [ 128.135948146664504, -3.633164206901612 ], [ 128.13560139696483, -3.632283833784828 ], [ 128.135272613570862, -3.631486835385564 ], [ 128.134793811524418, -3.630839553828116 ], [ 128.134579114171515, -3.630358126662458 ] ] ] } },
{ "type": "Feature", "properties": { "FID": 44, "Provinsi": "MALUKU", "Kode_Prov": "81", "Kota_Kab": "KOTA AMBON", "Kode_Kab": "8171", "Kecamatan": "Teluk Ambon", "Kode_Kec": "817130", "Kelurahan": "Rumah Tiga", "Kode_Kel": "81713005", "Sumber": "Wilkerstat BPS Tahun 2019", "city": "ambon", "source_layer": "Wilayah Administrasi", "role": "admin" }, "geometry": { "type": "Polygon", "coordinates": [ [ [ 128.180669874769109, -3.623036278173408 ], [ 128.180434516164667, -3.623008486055671 ], [ 128.180129987283379, -3.623064070290291 ], [ 128.179804797150496, -3.623255029005797 ], [ 128.179299045645564, -3.623452263317529 ], [ 128.178910973442811, -3.623521295316479 ], [ 128.178426781504641, -3.623743632108462 ], [ 128.177886894018911, -3.623882592575704 ], [ 128.176695727952165, -3.62387810998032 ], [ 128.171436091963642, -3.623861972636754 ], [ 128.169124726737607, -3.62333212969641 ], [ 128.168654009528723, -3.623289993273284 ], [ 128.168169817590581, -3.623107999763624 ], [ 128.16776827065857, -3.623065863330061 ], [ 128.166660647913289, -3.62300938257561 ], [ 128.165774909043137, -3.623050622491906 ], [ 128.164874797128419, -3.623077518088477 ], [ 128.164224416862737, -3.62321558213829 ], [ 128.162978453563682, -3.623284614155297 ], [ 128.162369395801022, -3.623298061950205 ], [ 128.161704642490776, -3.623478262382688 ], [ 128.158728523954494, -3.623503364927648 ], [ 128.157620901209185, -3.623599292503759 ], [ 128.15306734103396, -3.623594809906971 ], [ 128.152194178577815, -3.623969554921766 ], [ 128.151713579900814, -3.624147065664067 ], [ 128.15077843369005, -3.624323679852898 ], [ 128.149059058236219, -3.624779111206097 ], [ 128.146506046198766, -3.62490372722538 ], [ 128.145749664729522, -3.6247513191419 ], [ 128.145156776642011, -3.624651805614711 ], [ 128.144838773031438, -3.624618634436548 ], [ 128.144488430070624, -3.624585463257169 ], [ 128.144385123812953, -3.624537947781884 ], [ 128.144258461357879, -3.624419607342024 ], [ 128.1440832898775, -3.6241990637537 ], [ 128.14389644029842, -3.623901419476076 ], [ 128.143786845833745, -3.623757976415746 ], [ 128.143655691802252, -3.62359301686825 ], [ 128.143565860273839, -3.623566121287002 ], [ 128.143359247758497, -3.623658462779279 ], [ 128.142635205639493, -3.623955210617837 ], [ 128.141395530547413, -3.624362230153489 ], [ 128.140934694806646, -3.624548706002921 ], [ 128.140452299499088, -3.624636564803274 ], [ 128.139761495045605, -3.624812282378374 ], [ 128.139585425249919, -3.624966483487583 ], [ 128.139366236320598, -3.625197785102098 ], [ 128.139223404190403, -3.6253959155078 ], [ 128.138995232108243, -3.625551013034915 ], [ 128.138894620796407, -3.625648733428511 ], [ 128.138575718870555, -3.626166023776487 ], [ 128.137972050999622, -3.627058057563415 ], [ 128.137192313333003, -3.628115049222591 ], [ 128.136559001057691, -3.62863951027395 ], [ 128.135854721874949, -3.629412305319598 ], [ 128.134348247143492, -3.629948420287671 ], [ 128.134579114171515, -3.630358126662458 ], [ 128.134793811524418, -3.630839553828116 ], [ 128.135272613570862, -3.631486835385564 ], [ 128.13560139696483, -3.632283833784828 ], [ 128.135948146664504, -3.633164206901612 ], [ 128.136157454125708, -3.6336734243612 ], [ 128.136293998048899, -3.633961203819533 ], [ 128.136310167724019, -3.634309945781522 ], [ 128.13622752271786, -3.634690961909785 ], [ 128.136226624402582, -3.634973361995113 ], [ 128.136342507074232, -3.63523962485172 ], [ 128.136523966761615, -3.635588366319408 ], [ 128.136621883127589, -3.636351293841419 ], [ 128.136506000455938, -3.636799547078527 ], [ 128.13660481513719, -3.637247800092738 ], [ 128.136868919830732, -3.637530199377232 ], [ 128.137265076871017, -3.637912110649797 ], [ 128.13747977422392, -3.638078860591283 ], [ 128.137974745945485, -3.638195406230992 ], [ 128.138421208641688, -3.638245610501913 ], [ 128.138850603347493, -3.638212439823225 ], [ 128.139429118390467, -3.638312848360373 ], [ 128.139924090112004, -3.638628417975711 ], [ 128.140501706839729, -3.638944883984639 ], [ 128.141096391557795, -3.639343828228428 ], [ 128.141591363279332, -3.63975890935521 ], [ 128.142186047997427, -3.640208057400029 ], [ 128.142615442703232, -3.640539763397114 ], [ 128.143143652090288, -3.64112159335093 ], [ 128.143539809130601, -3.641620048297393 ], [ 128.143869490839876, -3.641984924315266 ], [ 128.1443321232112, -3.642268218615356 ], [ 128.144893570263775, -3.64248427528429 ], [ 128.145388541985312, -3.642700331901358 ], [ 128.145735291684986, -3.642900251463482 ], [ 128.146131448725299, -3.643016796479206 ], [ 128.146396451734091, -3.643149478478735 ], [ 128.146506944514044, -3.643298297454929 ], [ 128.146511436090464, -3.643547524359938 ], [ 128.146577013106196, -3.643962603548503 ], [ 128.146741404803208, -3.644461056921447 ], [ 128.146807880134219, -3.644842965254125 ], [ 128.146823151494033, -3.64532438468188 ], [ 128.146856389159581, -3.645639951839206 ], [ 128.146988441506323, -3.645938485440082 ], [ 128.147152833203336, -3.646187711613553 ], [ 128.147367530556238, -3.646337426583827 ], [ 128.14761546557466, -3.646470108093531 ], [ 128.148144573276994, -3.646404663837814 ], [ 128.148524560642187, -3.646254948878735 ], [ 128.148788665335701, -3.646205641551427 ], [ 128.149036600354123, -3.646222674992075 ], [ 128.149251297707025, -3.646306049196912 ], [ 128.149350112388305, -3.646505071461072 ], [ 128.149515402400567, -3.646837671633021 ], [ 128.151479119611651, -3.644247690223671 ], [ 128.151509662331307, -3.644192107294093 ], [ 128.151785445123551, -3.643699929267835 ], [ 128.15223819602673, -3.643286642957682 ], [ 128.152517572080086, -3.643112721980825 ], [ 128.153009848855817, -3.643059828481197 ], [ 128.153768026955589, -3.643074172481403 ], [ 128.154379779664083, -3.643114514980758 ], [ 128.154698681589934, -3.643101067481173 ], [ 128.154911582312252, -3.642981832976075 ], [ 128.155084957162103, -3.642620543364165 ], [ 128.155473927680134, -3.642343524680125 ], [ 128.155609573288018, -3.642245806094861 ], [ 128.15599405222963, -3.642098779946587 ], [ 128.156561787489181, -3.642061126904752 ], [ 128.157045979427323, -3.641934720252785 ], [ 128.157202286286775, -3.641758109510739 ], [ 128.157449322989919, -3.641558189694936 ], [ 128.15775205524065, -3.641475711551714 ], [ 128.158074550427642, -3.641448816503377 ], [ 128.158863271247128, -3.641394129902615 ], [ 128.159509159936391, -3.641442540991983 ], [ 128.159892740562725, -3.641587774244467 ], [ 128.160235897001229, -3.641816382094432 ], [ 128.160482933704372, -3.64205036889251 ], [ 128.16073625861452, -3.642492343789593 ], [ 128.160934786292302, -3.643133341479837 ], [ 128.16110546619629, -3.643961707049383 ], [ 128.161173738157856, -3.644202865280731 ], [ 128.161295010721204, -3.644403681007692 ], [ 128.161799863910886, -3.644832207275142 ], [ 128.162384667160865, -3.645313626708655 ], [ 128.163953125646913, -3.646931803734815 ], [ 128.164320536598154, -3.647289505631738 ], [ 128.164418452964128, -3.647480459217681 ], [ 128.164563980040128, -3.647828299448381 ], [ 128.16456308172485, -3.648683555525607 ], [ 128.164590031183366, -3.649097735849051 ], [ 128.16464213346984, -3.649498468577651 ], [ 128.164731964998253, -3.649623977672889 ], [ 128.164813711689135, -3.649679560266606 ], [ 128.165041883771295, -3.64970197260181 ], [ 128.165270954168733, -3.649723488443079 ], [ 128.165472176792377, -3.649788932457104 ], [ 128.165679687622998, -3.649876788797203 ], [ 128.165853960788127, -3.650013952249767 ], [ 128.166000386179434, -3.650216559664253 ], [ 128.166169269452865, -3.650446958305715 ], [ 128.166332762834543, -3.650644186667795 ], [ 128.166506137684394, -3.650815416710653 ], [ 128.166604952365645, -3.650868309753941 ], [ 128.16685558232993, -3.650929271223696 ], [ 128.167536505315297, -3.651017127452239 ], [ 128.167972188228077, -3.651072709959736 ], [ 128.168336904233428, -3.651149808270889 ], [ 128.168761807362841, -3.651292350479889 ], [ 128.168980097976856, -3.651461787415867 ], [ 128.169458900023301, -3.652031955917954 ], [ 128.169646647917688, -3.652166429568499 ], [ 128.169665512538643, -3.652179876932447 ], [ 128.169959261636563, -3.65235558913617 ], [ 128.170199111817425, -3.652541162701734 ], [ 128.17009760219031, -3.652581504776126 ], [ 128.16998980435622, -3.652622743339188 ], [ 128.169875718315154, -3.652693566084372 ], [ 128.169758039012919, -3.652826246655245 ], [ 128.169661020962224, -3.652991200851141 ], [ 128.169580172586649, -3.6533973107803 ], [ 128.169552324812855, -3.653533577205417 ], [ 128.169567596172669, -3.653805213504268 ], [ 128.170204501709122, -3.654605778091504 ], [ 128.170558437931078, -3.654507164351142 ], [ 128.170624014946782, -3.654575297482005 ], [ 128.170623116631504, -3.65461832893041 ], [ 128.170622218316225, -3.654665842818959 ], [ 128.170572810975614, -3.654846036977188 ], [ 128.170447046835847, -3.655070159014028 ], [ 128.170359910253268, -3.655289798555796 ], [ 128.170311401227934, -3.655504059118184 ], [ 128.170261993887323, -3.655651083072802 ], [ 128.170207196654957, -3.655798107003316 ], [ 128.170195518556284, -3.656127117784883 ], [ 128.170271875355439, -3.656301932728701 ], [ 128.170385961396505, -3.656465989798823 ], [ 128.170544064886514, -3.656647080081804 ], [ 128.170647371144184, -3.65681651600652 ], [ 128.170685100386123, -3.65697609055184 ], [ 128.170650964405326, -3.657291653614013 ], [ 128.170618625055084, -3.657794582014735 ], [ 128.170586285704871, -3.658190828434722 ], [ 128.170605150325827, -3.658272408558264 ], [ 128.170628506523201, -3.658372814853968 ], [ 128.170753372347718, -3.658550318813492 ], [ 128.170809067895334, -3.658630105935357 ], [ 128.171048918076195, -3.658736787581584 ], [ 128.171328294129552, -3.658812988749684 ], [ 128.171952623251997, -3.658857812963186 ], [ 128.172552697861818, -3.65887574264796 ], [ 128.172767395214692, -3.658917877405764 ], [ 128.172912922290749, -3.658957322709147 ], [ 128.173043178006935, -3.659004836367735 ], [ 128.173160857309171, -3.659052350023802 ], [ 128.173311774276897, -3.659078348060961 ], [ 128.173529166575662, -3.659128551165064 ], [ 128.173628879572192, -3.65915365271606 ], [ 128.173757338657822, -3.659165307007355 ], [ 128.173827407249973, -3.659173375362778 ], [ 128.173933408453507, -3.659154549200012 ], [ 128.173997188838655, -3.659171582394912 ], [ 128.174056477647412, -3.659210131203232 ], [ 128.174961979453826, -3.659667337873064 ], [ 128.174924250211888, -3.660108407615758 ], [ 128.17494850472454, -3.660213296120165 ], [ 128.174849690043288, -3.660353147440266 ], [ 128.174793994495701, -3.660397075093997 ], [ 128.174776028190024, -3.66055754548421 ], [ 128.174692484868586, -3.660744013834486 ], [ 128.174571212305239, -3.660913448984482 ], [ 128.174493957190805, -3.661004890163223 ], [ 128.174410413869367, -3.661097227814635 ], [ 128.174401430716529, -3.661237078996699 ], [ 128.174287344675434, -3.661388584419286 ], [ 128.174339446961909, -3.661497955181788 ], [ 128.174424786913903, -3.661626152042141 ], [ 128.174494855506083, -3.661847582939513 ], [ 128.174531686432715, -3.661994605853265 ], [ 128.17454965273842, -3.661991019928826 ], [ 128.174922453581303, -3.661981158636547 ], [ 128.175179371752563, -3.661983848079907 ], [ 128.175469527589343, -3.662021500286095 ], [ 128.175662665375427, -3.662097701174724 ], [ 128.175816277289016, -3.662069910263151 ], [ 128.176103738179933, -3.661940816985181 ], [ 128.176242078733679, -3.661913922549927 ], [ 128.17651516658006, -3.661878063301665 ], [ 128.176920306773212, -3.661774967954913 ], [ 128.177222140708665, -3.661653942967487 ], [ 128.177196089565399, -3.661588499819326 ], [ 128.177373955991669, -3.661511402405765 ], [ 128.177512296545416, -3.661484507957611 ], [ 128.177909351901008, -3.66144864869215 ], [ 128.178279457798084, -3.661455820545357 ], [ 128.178303712310736, -3.661440580357223 ], [ 128.178325271877554, -3.661481818512752 ], [ 128.178380069109892, -3.661498851663394 ], [ 128.178433069711645, -3.661455820545357 ], [ 128.178523799555336, -3.661455820545357 ], [ 128.178465409061886, -3.661826067389134 ], [ 128.178466307377164, -3.661849375902022 ], [ 128.178310000517712, -3.661853858308276 ], [ 128.178319881985857, -3.661895992925976 ], [ 128.17867920809951, -3.661878063301665 ], [ 128.178674716523091, -3.661835032201855 ], [ 128.178514816402497, -3.661847582939513 ], [ 128.178575901841839, -3.661459406471939 ], [ 128.178683699675929, -3.66146657832506 ], [ 128.178730412070678, -3.661514988332125 ], [ 128.178785209303044, -3.661521263703218 ], [ 128.178848091372913, -3.661479129067883 ], [ 128.178860667786921, -3.661394859791266 ], [ 128.179238858521501, -3.66141547887032 ], [ 128.179264909664738, -3.661433408503894 ], [ 128.179343961409757, -3.661440580357223 ], [ 128.179397860326816, -3.661451338137109 ], [ 128.179445471036843, -3.661484507957611 ], [ 128.179510149737325, -3.661463888880146 ], [ 128.179546980663957, -3.661437890912231 ], [ 128.179589201482315, -3.661453131100411 ], [ 128.179638608822927, -3.661436994430566 ], [ 128.179679931326007, -3.661396652754681 ], [ 128.179719457198502, -3.661367068857876 ], [ 128.179775152746117, -3.661381412565541 ], [ 128.179845221338297, -3.661411892943563 ], [ 128.179843424707713, -3.661435201467232 ], [ 128.180000629882471, -3.661441476838885 ], [ 128.180018596188148, -3.66148540443923 ], [ 128.180288090773359, -3.661506919997794 ], [ 128.18031234528604, -3.661449545173804 ], [ 128.180485720135863, -3.661514988332125 ], [ 128.180783960810174, -3.661708628334203 ], [ 128.18081001195344, -3.661540089816236 ], [ 128.181092981267938, -3.661601947041941 ], [ 128.181306780305562, -3.661716696666713 ], [ 128.181305881990255, -3.661790208137353 ], [ 128.181755937947628, -3.661867305526907 ], [ 128.182024534217561, -3.661982055117667 ], [ 128.183594789334222, -3.66315285869518 ], [ 128.184038557084563, -3.662940392922347 ], [ 128.184077184641751, -3.662954736604799 ], [ 128.184228999924784, -3.662926049239662 ], [ 128.184356560695136, -3.662741374304572 ], [ 128.184375425316091, -3.662714479893371 ], [ 128.184539817013103, -3.662796956085162 ], [ 128.184629648541517, -3.66284267657951 ], [ 128.184618868758122, -3.662860606184498 ], [ 128.184496697879467, -3.663065900136025 ], [ 128.184506579347612, -3.66313582557601 ], [ 128.184600004137138, -3.663221887648494 ], [ 128.184692530611386, -3.663053349415448 ], [ 128.184751819420171, -3.663079347336447 ], [ 128.184709598601813, -3.66317347773374 ], [ 128.184720378385236, -3.663191407332103 ], [ 128.184697920503112, -3.663255953883232 ], [ 128.18476080257301, -3.663335740585834 ], [ 128.184942262260392, -3.663452282947635 ], [ 128.185114738794937, -3.663466626621885 ], [ 128.185608812201195, -3.663435249834165 ], [ 128.186514314007582, -3.663325879308369 ], [ 128.189153564312363, -3.663007628931863 ], [ 128.189139191267799, -3.662962804926079 ], [ 128.18919309018483, -3.662935910521532 ], [ 128.189265853722873, -3.662928738680182 ], [ 128.189292803181388, -3.662974459167799 ], [ 128.189299091388364, -3.662967287326758 ], [ 128.189269446983985, -3.66290274075481 ], [ 128.189372753241656, -3.662876742828681 ], [ 128.189378143133382, -3.662873156907779 ], [ 128.189359278512399, -3.662835504737414 ], [ 128.189450008356118, -3.662804127927566 ], [ 128.189464381400654, -3.662824746974161 ], [ 128.189472466238215, -3.662817575131921 ], [ 128.189466178031211, -3.662793370163937 ], [ 128.189564094397184, -3.662777233518251 ], [ 128.189585653964002, -3.662801438486672 ], [ 128.189589247225143, -3.662796956085162 ], [ 128.189550619667926, -3.662724341177572 ], [ 128.189662010763158, -3.662679517157602 ], [ 128.189674587177137, -3.662694757324643 ], [ 128.189684468645254, -3.662688481961776 ], [ 128.189672790546553, -3.662665173470737 ], [ 128.189817419307275, -3.662634693135386 ], [ 128.189865928332637, -3.662631107213512 ], [ 128.189870419909056, -3.662636486096317 ], [ 128.189875809800753, -3.662632003693981 ], [ 128.189829097405976, -3.662485877365533 ], [ 128.189981811004287, -3.662377403204449 ], [ 128.190085117261958, -3.662352301743812 ], [ 128.190094100414797, -3.662373817281543 ], [ 128.190107575144054, -3.662372920800816 ], [ 128.190118354927478, -3.662420434278187 ], [ 128.190101286937079, -3.662430295565629 ], [ 128.190111168405195, -3.662461672388579 ], [ 128.190169558898674, -3.662449121659531 ], [ 128.190158779115279, -3.662414158913396 ], [ 128.190139016179018, -3.662409676509947 ], [ 128.190128236395594, -3.66236843839716 ], [ 128.190147101016578, -3.662361266551263 ], [ 128.190144406070715, -3.662342440455512 ], [ 128.190307899452449, -3.662311960109171 ], [ 128.190469596203599, -3.662261757183525 ], [ 128.190592665397503, -3.662211554255062 ], [ 128.190671717142521, -3.662204382407909 ], [ 128.190713937960851, -3.66219990000341 ], [ 128.190907075746935, -3.662168523171282 ], [ 128.191088535434318, -3.66212190616152 ], [ 128.191289758057991, -3.662086943402605 ], [ 128.191525116662433, -3.662044808793893 ], [ 128.19168411846772, -3.662025982691488 ], [ 128.191795509562951, -3.662004467145395 ], [ 128.191860188263377, -3.661991916409937 ], [ 128.191994935556011, -3.661988330485488 ], [ 128.192191666603236, -3.661954264202505 ], [ 128.192475534233012, -3.66190675070039 ], [ 128.192600400057501, -3.661760624253554 ], [ 128.192708197891591, -3.661746280551965 ], [ 128.19289055589428, -3.661776760917566 ], [ 128.192947149757174, -3.661767796104262 ], [ 128.193012726772906, -3.661757934809524 ], [ 128.193012726772906, -3.661715800185326 ], [ 128.193133999336283, -3.66170145648302 ], [ 128.193166338686495, -3.661720282592251 ], [ 128.193229220756393, -3.661706835371412 ], [ 128.193260661791328, -3.661685319817651 ], [ 128.193374747832422, -3.661664700744811 ], [ 128.1933756461477, -3.661691595187551 ], [ 128.193480749035928, -3.661679940929128 ], [ 128.193478054090093, -3.661658425374723 ], [ 128.193714311009813, -3.661628841486567 ], [ 128.193799650961807, -3.661628841486567 ], [ 128.193807735799368, -3.661585810374778 ], [ 128.193947872983699, -3.661563398336569 ], [ 128.193963144343513, -3.661570570188858 ], [ 128.194225452406471, -3.661545468705599 ], [ 128.194230842298168, -3.661563398336569 ], [ 128.194405115463297, -3.661531125000562 ], [ 128.194402420517434, -3.661506919997794 ], [ 128.194444641335792, -3.661507816479391 ], [ 128.194446437966349, -3.661529332037417 ], [ 128.194496743622267, -3.661514988332125 ], [ 128.194491353730569, -3.661496162218576 ], [ 128.194557829061608, -3.661480025549507 ], [ 128.194582981889567, -3.661502437589802 ], [ 128.194667423526283, -3.661479129067883 ], [ 128.19466922015684, -3.661445062765525 ], [ 128.194691678038936, -3.661428926095534 ], [ 128.195061783935984, -3.661384102010701 ], [ 128.195405838689823, -3.661312383470301 ], [ 128.195682519797316, -3.661188668974609 ], [ 128.195704977679412, -3.661229010659866 ], [ 128.195700486102993, -3.661237078996699 ], [ 128.195718452408698, -3.661257698079386 ], [ 128.195746300182492, -3.661244250851601 ], [ 128.195732825453234, -3.66122094232296 ], [ 128.195710367571138, -3.661180600637341 ], [ 128.195960099220116, -3.661060472051622 ], [ 128.195980760471656, -3.661043438892639 ], [ 128.196127185862963, -3.660926896217235 ], [ 128.196105626296145, -3.66087400376724 ], [ 128.196221508967795, -3.660814835938119 ], [ 128.196282594407108, -3.660689328408861 ], [ 128.196232288751219, -3.660619402777788 ], [ 128.196453274311096, -3.660380041922398 ], [ 128.196684141339091, -3.660285014748585 ], [ 128.196886262278042, -3.660254534332208 ], [ 128.197236605238857, -3.660243776537945 ], [ 128.197495320040673, -3.660219571500381 ], [ 128.197622880810997, -3.660128130241455 ], [ 128.197614795973436, -3.660102132234763 ], [ 128.19776211968005, -3.660033103040917 ], [ 128.197848357947322, -3.660013380413126 ], [ 128.197818713542944, -3.659696921826015 ], [ 128.197763916310635, -3.659445009952957 ], [ 128.197390217152417, -3.657948777475009 ], [ 128.19726445301265, -3.657448538617784 ], [ 128.19719348610522, -3.657200212056292 ], [ 128.197120722567206, -3.65699670973259 ], [ 128.196918601628283, -3.656438198712552 ], [ 128.196897940376715, -3.655954992268439 ], [ 128.196897940376715, -3.655883273293503 ], [ 128.19436648790608, -3.655751489662104 ], [ 128.194189519795117, -3.655745214250603 ], [ 128.193895770697196, -3.65573355991484 ], [ 128.193738565522494, -3.655762247510292 ], [ 128.19341786696603, -3.655904788986587 ], [ 128.193232814017534, -3.656004299060381 ], [ 128.193093575148481, -3.656136082654627 ], [ 128.192987573944947, -3.656266969742664 ], [ 128.192868098012184, -3.656504538723511 ], [ 128.192073987301001, -3.65634137814721 ], [ 128.192010206915853, -3.65632793084564 ], [ 128.192183581765647, -3.655781073744308 ], [ 128.192150344100156, -3.655753282636812 ], [ 128.192121598011056, -3.655695907444415 ], [ 128.192170107036389, -3.655381240308349 ], [ 128.192171903666974, -3.655216286551887 ], [ 128.192145852523737, -3.655017266218383 ], [ 128.192159327252995, -3.65471783914694 ], [ 128.192375821236453, -3.654145879373387 ], [ 128.192375821236453, -3.65399706219384 ], [ 128.192453076350915, -3.653590056046603 ], [ 128.192438703306379, -3.653528198267975 ], [ 128.192286888023318, -3.653469029953993 ], [ 128.192144055893152, -3.653349796824572 ], [ 128.191873662992634, -3.653018095554118 ], [ 128.190734599212391, -3.651910033124046 ], [ 128.190695073339896, -3.651865208563299 ], [ 128.190678005349497, -3.651846382247118 ], [ 128.190027625083758, -3.652548334626202 ], [ 128.189008037236306, -3.653648327863148 ], [ 128.188415149148796, -3.65428931759537 ], [ 128.187185355524832, -3.655591914898841 ], [ 128.186491856125485, -3.65494913312109 ], [ 128.186342735788315, -3.654829900188376 ], [ 128.186270870565608, -3.654826314235266 ], [ 128.186089410878196, -3.654815556375852 ], [ 128.184478731573762, -3.654725907542391 ], [ 128.184075388011195, -3.65474473379816 ], [ 128.18352112748093, -3.654789558215071 ], [ 128.183355837468611, -3.654344899900224 ], [ 128.183053105217851, -3.653995269215623 ], [ 128.183065681631859, -3.653852727435881 ], [ 128.183190547456348, -3.653598124452196 ], [ 128.183288463822322, -3.653313937233677 ], [ 128.183231869959428, -3.6525277153432 ], [ 128.183080054676395, -3.652284766364316 ], [ 128.183665756241652, -3.652192427805282 ], [ 128.184105032415601, -3.651738803289939 ], [ 128.184990771285726, -3.651493164622723 ], [ 128.185450708711187, -3.651071813467706 ], [ 128.185758830853672, -3.650790314926308 ], [ 128.185621388615175, -3.650649565622517 ], [ 128.185624083561038, -3.650526746148319 ], [ 128.186645468039075, -3.649647286502932 ], [ 128.186153191263401, -3.649605151309721 ], [ 128.185149773091013, -3.649563016114535 ], [ 128.184693428926693, -3.648144762221723 ], [ 128.185273740600223, -3.647456253835793 ], [ 128.185611507147058, -3.647250059815501 ], [ 128.186476584765671, -3.646721127112381 ], [ 128.187816871169559, -3.646298877222607 ], [ 128.187954313408028, -3.645862283179008 ], [ 128.188211231579317, -3.645700017166265 ], [ 128.188164519184511, -3.645638158844306 ], [ 128.188075585971404, -3.645540440616888 ], [ 128.188016297162648, -3.645443618876499 ], [ 128.188008212325116, -3.645331556663957 ], [ 128.187971381398427, -3.645129844646196 ], [ 128.187957008353891, -3.644800829835706 ], [ 128.18806121292684, -3.644554292773492 ], [ 128.188284893432581, -3.644270999193117 ], [ 128.188478031218665, -3.644114111887121 ], [ 128.188686440364592, -3.643979637031634 ], [ 128.188761000533162, -3.643905227602959 ], [ 128.188783458415259, -3.643793165198764 ], [ 128.188649609437931, -3.643636277809441 ], [ 128.188486116056225, -3.643426496914688 ], [ 128.188285791747859, -3.643247196965878 ], [ 128.188185180436051, -3.643015003479079 ], [ 128.188212129894595, -3.642718261908743 ], [ 128.188318131098129, -3.64217318952463 ], [ 128.188347775502478, -3.641926651742483 ], [ 128.188248960821227, -3.641664873368983 ], [ 128.18817709559849, -3.64155729319342 ], [ 128.188124094996738, -3.641439851487087 ], [ 128.188160027608092, -3.641232759585922 ], [ 128.188133078149576, -3.641080354260265 ], [ 128.188052229774001, -3.640918087385183 ], [ 128.187936347102351, -3.640863400752184 ], [ 128.187846515573938, -3.640827540663169 ], [ 128.187730632902287, -3.640746855457667 ], [ 128.187586902456843, -3.64059355354729 ], [ 128.187506054081268, -3.640494041766938 ], [ 128.187444070326649, -3.640458181663214 ], [ 128.187336272492558, -3.640440251610818 ], [ 128.187237457811307, -3.640440251610818 ], [ 128.187112591986818, -3.640403495002286 ], [ 128.187036235187662, -3.640344325824428 ], [ 128.186932928929991, -3.640223297948519 ], [ 128.186915860939592, -3.640079857481934 ], [ 128.186888911481077, -3.639908625395035 ], [ 128.18680896142078, -3.639394928939026 ], [ 128.186702960217247, -3.639125977798098 ], [ 128.186639179832071, -3.63873779150978 ], [ 128.186621213526394, -3.638557594122796 ], [ 128.186660739398917, -3.638413256886333 ], [ 128.186675112443453, -3.638360363110659 ], [ 128.186827826041764, -3.638135340403179 ], [ 128.187150321228756, -3.637847562277067 ], [ 128.1878950245993, -3.637298900922203 ], [ 128.188663084167189, -3.636754721764845 ], [ 128.188840950593459, -3.636612177252528 ], [ 128.189030495118431, -3.636469632717669 ], [ 128.189326939162186, -3.636327088160272 ], [ 128.189812029415577, -3.636113719535388 ], [ 128.190010557093387, -3.636103857959067 ], [ 128.190367188261206, -3.635824147749423 ], [ 128.190222559500427, -3.635760495734468 ], [ 128.190100388621801, -3.635652018346514 ], [ 128.189962048068054, -3.635558781572886 ], [ 128.189886589584177, -3.635456579713795 ], [ 128.189834487297702, -3.635297001349246 ], [ 128.189749147345708, -3.635102459147528 ], [ 128.189711418103769, -3.634990395648226 ], [ 128.189620688260078, -3.634889986741024 ], [ 128.189495822435589, -3.634744752409045 ], [ 128.189397007754337, -3.634625516798025 ], [ 128.189317956009319, -3.634512556730941 ], [ 128.189219141328067, -3.634400493158346 ], [ 128.189202073337668, -3.634271395905463 ], [ 128.189168835672177, -3.63402575247048 ], [ 128.189097868764719, -3.633864380834453 ], [ 128.189032291748987, -3.633748731144211 ], [ 128.188933477067735, -3.633668941814394 ], [ 128.188824780918338, -3.633625909363923 ], [ 128.188749322434489, -3.633629495401542 ], [ 128.188646914492097, -3.633688665020173 ], [ 128.188548099810845, -3.633724525393214 ], [ 128.188455573336569, -3.633744248597778 ], [ 128.188245367560086, -3.633767557838981 ], [ 128.18804414493647, -3.633783695005615 ], [ 128.187935448787073, -3.633773833403817 ], [ 128.187859990303195, -3.633740662560617 ], [ 128.187806989701443, -3.633687768510829 ], [ 128.18777105709006, -3.633581980401951 ], [ 128.187761175621944, -3.633469020204201 ], [ 128.187778243612343, -3.633313924036633 ], [ 128.187791718341629, -3.633184826628269 ], [ 128.187798006548604, -3.633053039671513 ], [ 128.187748599207964, -3.632913184104518 ], [ 128.187676733985228, -3.632814567986555 ], [ 128.187623733383475, -3.632721330919662 ], [ 128.187512342288244, -3.632609267124591 ], [ 128.187459341686463, -3.632533063735996 ], [ 128.187416222552855, -3.632403966215925 ], [ 128.187413527606992, -3.632324176767203 ], [ 128.187449460218346, -3.632235422203597 ], [ 128.187518630495248, -3.632132323457138 ], [ 128.187723446380005, -3.631914471284584 ], [ 128.18791119427442, -3.631779098097375 ], [ 128.188065704503259, -3.631633863264682 ], [ 128.188154637716394, -3.631530764449517 ], [ 128.188171705706793, -3.631511041196578 ], [ 128.188237282722554, -3.631362220274148 ], [ 128.18824716419067, -3.631199951650048 ], [ 128.188224706308574, -3.631097749297247 ], [ 128.188214824840458, -3.630942652722214 ], [ 128.192311142536028, -3.630386815066859 ], [ 128.193013625088184, -3.630331231282505 ], [ 128.191057992714661, -3.629328033038151 ], [ 128.189644044457481, -3.628356211692561 ], [ 128.189347600413726, -3.628369659412041 ], [ 128.189010732182169, -3.628184977380361 ], [ 128.188872391628394, -3.628108773618424 ], [ 128.188273215333908, -3.627867611082415 ], [ 128.187745904262101, -3.627772580474341 ], [ 128.187303933142346, -3.62774389198692 ], [ 128.187281475260249, -3.627744788502166 ], [ 128.186080427725358, -3.627794993354505 ], [ 128.185260265870966, -3.627944711379735 ], [ 128.184793141923222, -3.626860824038083 ], [ 128.18341782122323, -3.627205086163391 ], [ 128.181763124469882, -3.627696376677627 ], [ 128.181317560088956, -3.627080470461299 ], [ 128.18080192711588, -3.623081104167959 ], [ 128.180669874769109, -3.623036278173408 ] ] ] } },
{ "type": "Feature", "properties": { "FID": 45, "Provinsi": "MALUKU", "Kode_Prov": "81", "Kota_Kab": "KOTA AMBON", "Kode_Kab": "8171", "Kecamatan": "Teluk Ambon", "Kode_Kec": "817130", "Kelurahan": "Hunuth/Durian Patah", "Kode_Kel": "81713008", "Sumber": "Wilkerstat BPS Tahun 2019", "city": "ambon", "source_layer": "Wilayah Administrasi", "role": "admin" }, "geometry": { "type": "Polygon", "coordinates": [ [ [ 128.193530156376568, -3.610019612044329 ], [ 128.193497817026326, -3.609887821715159 ], [ 128.193272339890029, -3.61115551837429 ], [ 128.193116931345884, -3.611811779315788 ], [ 128.193099863355457, -3.612826651859375 ], [ 128.19299026889081, -3.614092551356426 ], [ 128.193005540250624, -3.614419784296031 ], [ 128.193727785739071, -3.615476790710784 ], [ 128.194030517989802, -3.615717060020822 ], [ 128.196736243625594, -3.616358076711821 ], [ 128.202241119686647, -3.622862353293525 ], [ 128.202865448809149, -3.623600189023114 ], [ 128.203624525224228, -3.624498500970319 ], [ 128.204294668426172, -3.624996965099081 ], [ 128.204794131724128, -3.625808313498101 ], [ 128.205173220774043, -3.625770659776354 ], [ 128.205648429559346, -3.627246325888357 ], [ 128.205672684071999, -3.628522066885482 ], [ 128.204807606453386, -3.629290379463048 ], [ 128.204094344117806, -3.629670501196788 ], [ 128.203583202721148, -3.629680362843412 ], [ 128.203385573358645, -3.629552161428903 ], [ 128.203046908496532, -3.629698293109725 ], [ 128.202820533044928, -3.629863251543101 ], [ 128.20272800657068, -3.630012969225575 ], [ 128.200779560719411, -3.629455337970922 ], [ 128.200447184064302, -3.629511818322673 ], [ 128.199917178046661, -3.629334308633848 ], [ 128.19976446444835, -3.629521679971029 ], [ 128.199153610055134, -3.629549471888544 ], [ 128.198656841703041, -3.629680362843412 ], [ 128.198424178044462, -3.6299313865394 ], [ 128.198243616672329, -3.630069449542455 ], [ 128.1966509036736, -3.6305679105986 ], [ 128.195514534839191, -3.630686250233385 ], [ 128.195248633515092, -3.630297163800082 ], [ 128.193447511370437, -3.630297163800082 ], [ 128.193013625088184, -3.630331231282505 ], [ 128.192311142536028, -3.630386815066859 ], [ 128.188214824840458, -3.630942652722214 ], [ 128.188224706308574, -3.631097749297247 ], [ 128.18824716419067, -3.631199951650048 ], [ 128.188237282722554, -3.631362220274148 ], [ 128.188171705706793, -3.631511041196578 ], [ 128.188154637716394, -3.631530764449517 ], [ 128.188065704503259, -3.631633863264682 ], [ 128.18791119427442, -3.631779098097375 ], [ 128.187723446380005, -3.631914471284584 ], [ 128.187518630495248, -3.632132323457138 ], [ 128.187449460218346, -3.632235422203597 ], [ 128.187413527606992, -3.632324176767203 ], [ 128.187416222552855, -3.632403966215925 ], [ 128.187459341686463, -3.632533063735996 ], [ 128.187512342288244, -3.632609267124591 ], [ 128.187623733383475, -3.632721330919662 ], [ 128.187676733985228, -3.632814567986555 ], [ 128.187748599207964, -3.632913184104518 ], [ 128.187798006548604, -3.633053039671513 ], [ 128.187791718341629, -3.633184826628269 ], [ 128.187778243612343, -3.633313924036633 ], [ 128.187761175621944, -3.633469020204201 ], [ 128.18777105709006, -3.633581980401951 ], [ 128.187806989701443, -3.633687768510829 ], [ 128.187859990303195, -3.633740662560617 ], [ 128.187935448787073, -3.633773833403817 ], [ 128.18804414493647, -3.633783695005615 ], [ 128.188245367560086, -3.633767557838981 ], [ 128.188455573336569, -3.633744248597778 ], [ 128.188548099810845, -3.633724525393214 ], [ 128.188646914492097, -3.633688665020173 ], [ 128.188749322434489, -3.633629495401542 ], [ 128.188824780918338, -3.633625909363923 ], [ 128.188933477067735, -3.633668941814394 ], [ 128.189032291748987, -3.633748731144211 ], [ 128.189097868764719, -3.633864380834453 ], [ 128.189168835672177, -3.63402575247048 ], [ 128.189202073337668, -3.634271395905463 ], [ 128.189219141328067, -3.634400493158346 ], [ 128.189317956009319, -3.634512556730941 ], [ 128.189397007754337, -3.634625516798025 ], [ 128.189495822435589, -3.634744752409045 ], [ 128.189620688260078, -3.634889986741024 ], [ 128.189711418103769, -3.634990395648226 ], [ 128.189749147345708, -3.635102459147528 ], [ 128.189834487297702, -3.635297001349246 ], [ 128.189886589584177, -3.635456579713795 ], [ 128.189962048068054, -3.635558781572886 ], [ 128.190100388621801, -3.635652018346514 ], [ 128.190222559500427, -3.635760495734468 ], [ 128.190367188261206, -3.635824147749423 ], [ 128.191387674423964, -3.635353481335433 ], [ 128.191624829658963, -3.635235142312697 ], [ 128.192145852523737, -3.635235142312697 ], [ 128.192583332067102, -3.635247693421905 ], [ 128.192638129299439, -3.635414443856237 ], [ 128.192780961429605, -3.63570670529579 ], [ 128.1930693206358, -3.63557133267759 ], [ 128.193793362754832, -3.635453890191031 ], [ 128.194851578159501, -3.635069288353185 ], [ 128.194980037245159, -3.635019980413395 ], [ 128.195896318834968, -3.634664066658951 ], [ 128.196944652771521, -3.634183538042239 ], [ 128.197074908487707, -3.634147677687444 ], [ 128.197971427141255, -3.633902930727905 ], [ 128.19811066601028, -3.634101955733014 ], [ 128.198170853134343, -3.634393321089227 ], [ 128.198228345312515, -3.634927640082535 ], [ 128.198402618477644, -3.635146388035455 ], [ 128.198596654579006, -3.635385755611665 ], [ 128.198994608249876, -3.635600020916256 ], [ 128.199067371787862, -3.635663672942538 ], [ 128.199091626300543, -3.635825044256642 ], [ 128.19915899994686, -3.63591379846709 ], [ 128.199221882016758, -3.635972071428795 ], [ 128.199290153978353, -3.63603393041479 ], [ 128.199228170223734, -3.636061722131755 ], [ 128.199026049284811, -3.636151372825801 ], [ 128.199084439778289, -3.63628405583663 ], [ 128.199081744832426, -3.636343225281109 ], [ 128.199013472870831, -3.636429289920692 ], [ 128.19898921835815, -3.636551214812704 ], [ 128.199008981294412, -3.636630107381102 ], [ 128.199061981896165, -3.636717965005965 ], [ 128.199114982497946, -3.636790582015969 ], [ 128.199203017395803, -3.636824649253214 ], [ 128.199280272510237, -3.636839889858935 ], [ 128.199293747239494, -3.636840786365145 ], [ 128.19933686637313, -3.636878439625192 ], [ 128.199382680452629, -3.636977055298813 ], [ 128.199394358551331, -3.637009329516927 ], [ 128.19942040969454, -3.637086429033302 ], [ 128.199477901872712, -3.63712856481272 ], [ 128.19954437720375, -3.637149184448738 ], [ 128.199653073353119, -3.637132150836409 ], [ 128.199750091403814, -3.637090911563121 ], [ 128.199838126301643, -3.637034431685774 ], [ 128.19990549994796, -3.637014708553167 ], [ 128.200027670826614, -3.637064016383873 ], [ 128.200065400068524, -3.637101669634595 ], [ 128.200122892246725, -3.637199388777941 ], [ 128.200212723775138, -3.637352691265879 ], [ 128.20031962329395, -3.63744323833715 ], [ 128.200386098624961, -3.637500614694435 ], [ 128.200556778528949, -3.637528406366181 ], [ 128.20066816962418, -3.63763150449582 ], [ 128.200770577566573, -3.637713982991039 ], [ 128.200857714149123, -3.6377919789524 ], [ 128.200891850129921, -3.637879836464009 ], [ 128.201027495737833, -3.638021484270813 ], [ 128.201092174438287, -3.638092308165865 ], [ 128.201201768902934, -3.638212439823225 ], [ 128.201283515593786, -3.638321813407789 ], [ 128.201380533644482, -3.638296711274801 ], [ 128.201442517399101, -3.638319123893573 ], [ 128.201479348325734, -3.638293125255745 ], [ 128.201523365774648, -3.638268919626748 ], [ 128.201544925341494, -3.63832539942673 ], [ 128.201596129312691, -3.638346019035366 ], [ 128.201684164210519, -3.638335260978745 ], [ 128.201685960841104, -3.638318227388833 ], [ 128.201725486713599, -3.638308365836632 ], [ 128.201772199108376, -3.638344226025937 ], [ 128.201823403079544, -3.638344226025937 ], [ 128.201877301996603, -3.638330778455115 ], [ 128.201930302598356, -3.638345122530652 ], [ 128.20197791330844, -3.638374707185725 ], [ 128.202041693693587, -3.638386361746548 ], [ 128.202108169024626, -3.638389051260562 ], [ 128.202165661202827, -3.638415049895623 ], [ 128.202204288760015, -3.638519044428364 ], [ 128.202261780938215, -3.638609591382441 ], [ 128.202314781539968, -3.638605108860177 ], [ 128.202386646762704, -3.638589868284309 ], [ 128.202442342310292, -3.638594350806649 ], [ 128.202450427147852, -3.638540560537087 ], [ 128.202458511985441, -3.638478701723122 ], [ 128.202458511985441, -3.638477805218541 ], [ 128.202487258074513, -3.638441048529935 ], [ 128.202535767099846, -3.6384661506589 ], [ 128.202538462045709, -3.638474219200207 ], [ 128.202552835090245, -3.638512768896557 ], [ 128.202532173838733, -3.638558490627299 ], [ 128.202530377208149, -3.638627521471278 ], [ 128.202563614873696, -3.638668760674248 ], [ 128.202648056510384, -3.638690276779398 ], [ 128.202696565535746, -3.638649037577411 ], [ 128.202760345920893, -3.638582696248517 ], [ 128.202767532443175, -3.638498424823688 ], [ 128.202767532443175, -3.638497528319127 ], [ 128.202767532443175, -3.63843656600683 ], [ 128.202796278532276, -3.638441945034552 ], [ 128.202806160000392, -3.638451806585291 ], [ 128.202839397665912, -3.638481391236862 ], [ 128.202856465656282, -3.638559387131799 ], [ 128.202858262286867, -3.638623935453539 ], [ 128.202898686474668, -3.638684001248783 ], [ 128.202966060120957, -3.638664278152278 ], [ 128.203004687678174, -3.638614073904684 ], [ 128.203014569146319, -3.63852980248279 ], [ 128.203046908496532, -3.638360363110659 ], [ 128.203062179856346, -3.638311951855627 ], [ 128.203065773117487, -3.6383011937986 ], [ 128.203091824260753, -3.638271609141113 ], [ 128.203119672034546, -3.638281470693716 ], [ 128.203128655187385, -3.638285056712818 ], [ 128.203194232203145, -3.638290435741444 ], [ 128.20320950356296, -3.638254575549998 ], [ 128.203220283346354, -3.638227680405477 ], [ 128.203224774922774, -3.638245610501913 ], [ 128.203236453021475, -3.638294918265275 ], [ 128.203212198508822, -3.638391740774569 ], [ 128.203242741228451, -3.638459875126724 ], [ 128.203299335091373, -3.638485873759743 ], [ 128.203330776126307, -3.638584489257471 ], [ 128.203307419928933, -3.638609591382441 ], [ 128.203318199712328, -3.638691173283767 ], [ 128.203479896463477, -3.638661588639085 ], [ 128.203457438581353, -3.638577317221636 ], [ 128.203415217763023, -3.638564766158788 ], [ 128.203392759880927, -3.638485873759743 ], [ 128.203550863370907, -3.638334364474021 ], [ 128.203579609460007, -3.638283263703268 ], [ 128.203650576367437, -3.638340640007071 ], [ 128.203662254466138, -3.638311951855627 ], [ 128.203606558918551, -3.638265333607582 ], [ 128.203620931963087, -3.6382447139971 ], [ 128.203652372998022, -3.638258161569208 ], [ 128.203722441590202, -3.638176579628676 ], [ 128.20376106914739, -3.638131754383481 ], [ 128.203807781542196, -3.638110238264995 ], [ 128.203875155188484, -3.638084239621141 ], [ 128.203960495140478, -3.638058240976535 ], [ 128.204032360363215, -3.638059137481534 ], [ 128.204064699713427, -3.638030449321127 ], [ 128.204198548690755, -3.637981141543295 ], [ 128.204359347126626, -3.637989210088943 ], [ 128.204607282145048, -3.637857423834311 ], [ 128.204638723179983, -3.63779018594187 ], [ 128.204648604648099, -3.637644952077077 ], [ 128.204719571555557, -3.637592954761771 ], [ 128.204769877211476, -3.637523923838538 ], [ 128.204769877211476, -3.637523027333008 ], [ 128.204770775526754, -3.637523027333008 ], [ 128.204797724985269, -3.637523027333008 ], [ 128.204816589606253, -3.637583989707105 ], [ 128.20483455591193, -3.637655710141939 ], [ 128.204910014395779, -3.637629711484971 ], [ 128.204912709341642, -3.637534681904845 ], [ 128.204880369991429, -3.637471030010666 ], [ 128.204883064937263, -3.637445927853979 ], [ 128.204885759883126, -3.637415446662778 ], [ 128.204960320051725, -3.637360759817154 ], [ 128.205033981905018, -3.637337450668832 ], [ 128.205045660003719, -3.63738675848188 ], [ 128.205051948210695, -3.637414550157139 ], [ 128.205111237019423, -3.637474616032993 ], [ 128.205192085394998, -3.637541853948977 ], [ 128.205281018608133, -3.637473719527412 ], [ 128.205570276129635, -3.63722986997645 ], [ 128.205572072760191, -3.637159046013624 ], [ 128.205573869390747, -3.6371115312 ], [ 128.205608903686823, -3.637074774455668 ], [ 128.205611598632686, -3.63711422071782 ], [ 128.205634056514782, -3.637120496259366 ], [ 128.2056843621707, -3.637135736860084 ], [ 128.205763413915719, -3.637084636021367 ], [ 128.205803838103492, -3.637055051323946 ], [ 128.205810126310467, -3.636949263610067 ], [ 128.205823601039725, -3.636890094205365 ], [ 128.205838872399568, -3.636851544439604 ], [ 128.205873008380365, -3.636769065865467 ], [ 128.206009552303556, -3.636623831836141 ], [ 128.20607423100401, -3.636555697345185 ], [ 128.20612363834465, -3.636553904332195 ], [ 128.206165859163008, -3.636553904332195 ], [ 128.206244910907998, -3.636654313054112 ], [ 128.206292521618053, -3.636625624848992 ], [ 128.206215266503619, -3.636536870708618 ], [ 128.206190113675689, -3.63650190695395 ], [ 128.206205385035503, -3.636415842321299 ], [ 128.206208978296644, -3.636390740135229 ], [ 128.206244910907998, -3.636333363707299 ], [ 128.206221554710623, -3.63628405583663 ], [ 128.206296114879194, -3.636215921319994 ], [ 128.206330250859992, -3.636180061046013 ], [ 128.206353607057366, -3.636155855360269 ], [ 128.206456913315037, -3.636152269332696 ], [ 128.206509913916818, -3.636171095977295 ], [ 128.206556626311567, -3.636223093374619 ], [ 128.206582677454833, -3.636221300360968 ], [ 128.206586270715974, -3.63623385145645 ], [ 128.206567406095019, -3.636245506044955 ], [ 128.206593457238228, -3.636292124397469 ], [ 128.206741679260091, -3.63620516323795 ], [ 128.206752459043514, -3.636170199470418 ], [ 128.206836002364923, -3.636142407756798 ], [ 128.20690337601124, -3.636131649673875 ], [ 128.206925833893337, -3.636089513847862 ], [ 128.206917749055805, -3.636030344386733 ], [ 128.206950986721296, -3.636010621232159 ], [ 128.207031835096871, -3.636273297755398 ], [ 128.207539383232415, -3.636065308159688 ], [ 128.207535789971274, -3.635977450471223 ], [ 128.207595977095338, -3.63599179458421 ], [ 128.207622926553853, -3.635968485400491 ], [ 128.20763280802197, -3.635960416836756 ], [ 128.207651672642925, -3.635886903252727 ], [ 128.207686706939, -3.635851042965659 ], [ 128.207871759887524, -3.635722842427731 ], [ 128.208125084797672, -3.635433270516241 ], [ 128.208164610670138, -3.635388445134633 ], [ 128.20820503485794, -3.635422512424857 ], [ 128.208234679262318, -3.635389341642287 ], [ 128.208202339912106, -3.635348998796976 ], [ 128.208317324268478, -3.63524410739072 ], [ 128.208404460851, -3.635120389306124 ], [ 128.208434105255407, -3.635157146130131 ], [ 128.208486207541881, -3.635075563908965 ], [ 128.208461054713922, -3.635051358193574 ], [ 128.208550886242335, -3.634973361995113 ], [ 128.208603886844088, -3.635024462953487 ], [ 128.208665870598708, -3.634962603898245 ], [ 128.208625446410935, -3.634891779757323 ], [ 128.208675752066824, -3.634815576561512 ], [ 128.208720667831045, -3.634823645135491 ], [ 128.208758397072955, -3.634765372099578 ], [ 128.20875210886598, -3.634734890817755 ], [ 128.208884161212723, -3.634594139003032 ], [ 128.208814990935849, -3.634518832290595 ], [ 128.208784448216193, -3.634485661474788 ], [ 128.208806906098289, -3.634463248760715 ], [ 128.20884733028609, -3.634489247508988 ], [ 128.20891021235596, -3.634529590392756 ], [ 128.20900992535249, -3.634456973200674 ], [ 128.209022501766498, -3.634448008114827 ], [ 128.209026993342917, -3.63445428367493 ], [ 128.209044061333316, -3.634476696389226 ], [ 128.209066519215412, -3.634453387166345 ], [ 128.209097960250347, -3.634422009365365 ], [ 128.209111434979604, -3.634422009365365 ], [ 128.209136587807592, -3.634422009365365 ], [ 128.209155452428547, -3.634393321089227 ], [ 128.209161740635523, -3.634383459494094 ], [ 128.209210249660856, -3.634330565481995 ], [ 128.209247080587517, -3.634296498150526 ], [ 128.209317149179668, -3.634231949518952 ], [ 128.209402489131662, -3.634188917095336 ], [ 128.209446506580605, -3.634180848515679 ], [ 128.209500405497636, -3.634162918338407 ], [ 128.209557897675836, -3.634152160231871 ], [ 128.209675576978071, -3.634085818572073 ], [ 128.209724984318683, -3.634038303596515 ], [ 128.20984266362089, -3.633977340982702 ], [ 128.209905545690788, -3.633942377128804 ], [ 128.209936986725722, -3.633858105270247 ], [ 128.210009750263737, -3.63381417631958 ], [ 128.210109463260267, -3.633773833403817 ], [ 128.210211871202659, -3.633762178783373 ], [ 128.210303499361629, -3.633735283504849 ], [ 128.210428365186118, -3.633750524162778 ], [ 128.210450823068214, -3.633760385764829 ], [ 128.210506518615858, -3.633784591514863 ], [ 128.210606231612388, -3.633735283504849 ], [ 128.210681690096266, -3.633736180014146 ], [ 128.210687079987991, -3.633787281042605 ], [ 128.210707741239503, -3.633834796031383 ], [ 128.210784996353965, -3.633837485558975 ], [ 128.210825420541738, -3.633772040385297 ], [ 128.210855963261366, -3.633725421902522 ], [ 128.210885607665773, -3.63371735331872 ], [ 128.210918845331264, -3.633749627653494 ], [ 128.210978134140049, -3.633806107736572 ], [ 128.211106593225651, -3.633790867079581 ], [ 128.211209001168044, -3.633735283504849 ], [ 128.211341053514786, -3.633606186156772 ], [ 128.211359019820463, -3.633569429269567 ], [ 128.211453342925296, -3.633521914266813 ], [ 128.211572818858087, -3.633495915490662 ], [ 128.211669836908783, -3.633431366801809 ], [ 128.211795601048578, -3.633346198385838 ], [ 128.211874652793568, -3.633324682153164 ], [ 128.211879144369988, -3.633278063647274 ], [ 128.211866567956008, -3.633204549844631 ], [ 128.211849499965638, -3.633158827842406 ], [ 128.21189441572983, -3.633101451208884 ], [ 128.211959094430284, -3.633050350141584 ], [ 128.212070485525516, -3.633005524641567 ], [ 128.212172893467908, -3.632964285179588 ], [ 128.212229487330802, -3.632898839942575 ], [ 128.212260928365737, -3.632854014435034 ], [ 128.212309437391099, -3.632858496985888 ], [ 128.212375912722109, -3.632828912149838 ], [ 128.212401963865346, -3.632843256312893 ], [ 128.212454066151821, -3.632809188925266 ], [ 128.212494490339594, -3.632802016843497 ], [ 128.212563660616496, -3.63279843080259 ], [ 128.212592406705568, -3.632749122738686 ], [ 128.212627441001672, -3.632695332120444 ], [ 128.212634627523926, -3.632684573996412 ], [ 128.212676848342284, -3.6326567821754 ], [ 128.212681339918703, -3.63268098795504 ], [ 128.212652593829603, -3.63275091575924 ], [ 128.212650797199046, -3.632759880861949 ], [ 128.212631932578091, -3.632829808660035 ], [ 128.212663373613026, -3.632880013229679 ], [ 128.212728950628787, -3.632893460881788 ], [ 128.2127154758995, -3.632952630548687 ], [ 128.212738832096903, -3.632994766521233 ], [ 128.212829561940595, -3.633060211751288 ], [ 128.212898732217468, -3.633088900069815 ], [ 128.212985868800047, -3.633089796579754 ], [ 128.213051445815779, -3.633042281551744 ], [ 128.21307570032846, -3.633024351351847 ], [ 128.213115226200927, -3.632950837528534 ], [ 128.213152955442894, -3.632876427189083 ], [ 128.213174515009712, -3.632881806249972 ], [ 128.213240990340722, -3.632521409099525 ], [ 128.213170023433292, -3.632360933705131 ], [ 128.213215837512763, -3.632275765188137 ], [ 128.213432331496222, -3.632137702522462 ], [ 128.213686554721647, -3.632080325824023 ], [ 128.213947066154049, -3.632026535165922 ], [ 128.214075525239679, -3.631930608484355 ], [ 128.214089898284215, -3.631805096922983 ], [ 128.21410427132875, -3.63167779232148 ], [ 128.214168051713955, -3.63149311096626 ], [ 128.214401613687812, -3.631145264427619 ], [ 128.214439342929722, -3.631053820212226 ], [ 128.214427664831049, -3.630965065523721 ], [ 128.214387240643276, -3.630887965484201 ], [ 128.214379155805716, -3.630871828265794 ], [ 128.214335138356773, -3.630786659608313 ], [ 128.214283036070299, -3.630739144459069 ], [ 128.214114152796895, -3.63072031770113 ], [ 128.214018931376756, -3.630686250233385 ], [ 128.213986592026544, -3.630581358285152 ], [ 128.213969524036145, -3.630402952293933 ], [ 128.213911133542666, -3.630268475392833 ], [ 128.213821302014253, -3.63019047878102 ], [ 128.213726080594114, -3.630141170574673 ], [ 128.213460179270044, -3.63008289723643 ], [ 128.213159243649869, -3.630099930981844 ], [ 128.212954427765084, -3.630064070464809 ], [ 128.212627441001672, -3.629891043450107 ], [ 128.212322912120356, -3.629590711506508 ], [ 128.212159418738651, -3.629488508971583 ], [ 128.211931246656491, -3.629442786781163 ], [ 128.21181536398484, -3.629427546050509 ], [ 128.211775838112317, -3.629422166969041 ], [ 128.211663548701807, -3.629454441457373 ], [ 128.211579107065091, -3.629511818322673 ], [ 128.21150903847294, -3.629699189623031 ], [ 128.211491072167263, -3.629794220028451 ], [ 128.211474902492114, -3.629875802727017 ], [ 128.211437173250204, -3.629904491146738 ], [ 128.211338358568952, -3.62992869700017 ], [ 128.211182051709528, -3.629967247061703 ], [ 128.211062575776708, -3.629945730748492 ], [ 128.210982625716468, -3.629898215555002 ], [ 128.210926930168824, -3.62976911765818 ], [ 128.21084159021683, -3.629464303106355 ], [ 128.210750860373139, -3.629255415427617 ], [ 128.210556824271748, -3.628946118132192 ], [ 128.210381652791369, -3.628628752101595 ], [ 128.210360991539829, -3.628591098497347 ], [ 128.210239718976453, -3.628517584313101 ], [ 128.210195701527539, -3.628490688878347 ], [ 128.20978427312744, -3.628298834753867 ], [ 128.209511185281059, -3.628215458883335 ], [ 128.209381827880151, -3.62813387603483 ], [ 128.209293792982294, -3.627955469560234 ], [ 128.209280318253036, -3.627693687131743 ], [ 128.209278521622451, -3.627401423098016 ], [ 128.209204859769159, -3.627126192771255 ], [ 128.209143774329846, -3.626953165193938 ], [ 128.209088977097508, -3.626867996167031 ], [ 128.209027891658195, -3.626801653972092 ], [ 128.208961416327185, -3.626738897837261 ], [ 128.208903924148984, -3.626645660143184 ], [ 128.208898534257287, -3.626534492110754 ], [ 128.208891347735005, -3.626378498235747 ], [ 128.208866194907046, -3.626192919280419 ], [ 128.208799719576035, -3.62607457905713 ], [ 128.208727854353327, -3.625997478600292 ], [ 128.2086820402738, -3.625947273648118 ], [ 128.208578734016129, -3.625892586107757 ], [ 128.208430511994266, -3.625820864738334 ], [ 128.208219407902504, -3.62578231449992 ], [ 128.208067592619471, -3.625748246845999 ], [ 128.207807081187099, -3.625626320495134 ], [ 128.207709164821125, -3.62551425581991 ], [ 128.207673232209743, -3.625412949341559 ], [ 128.20764089285953, -3.625324194098984 ], [ 128.207584298996608, -3.62525605875534 ], [ 128.207565434375653, -3.625046273586095 ], [ 128.20752051861146, -3.624989792955292 ], [ 128.207498060729364, -3.624945863573339 ], [ 128.207440568551164, -3.624901934189253 ], [ 128.207372296589568, -3.62486965953836 ], [ 128.207217786360701, -3.624829316223124 ], [ 128.206840493941343, -3.624844557031314 ], [ 128.206664424145686, -3.624824833632432 ], [ 128.20661681343563, -3.624752215660114 ], [ 128.206560219572737, -3.624728009668045 ], [ 128.20650901560154, -3.624561257260637 ], [ 128.2064596082609, -3.624432158601531 ], [ 128.206415590811986, -3.624312921629184 ], [ 128.206370675047793, -3.624203546347494 ], [ 128.206267368790122, -3.624069068524013 ], [ 128.206227842917599, -3.623983899225467 ], [ 128.206208079981366, -3.623884385613852 ], [ 128.20625209743028, -3.623790251106303 ], [ 128.206371573363072, -3.6236952200697 ], [ 128.20640121776745, -3.623630670680654 ], [ 128.206391336299305, -3.623581362116475 ], [ 128.20635181042681, -3.623526674433058 ], [ 128.206243114277413, -3.623486331057928 ], [ 128.206159570956032, -3.623448677239518 ], [ 128.206070637742897, -3.623341991412178 ], [ 128.206002365781274, -3.623296268910895 ], [ 128.205906246045885, -3.623231719493387 ], [ 128.205813719571609, -3.623221857776417 ], [ 128.205743650979457, -3.623203030861905 ], [ 128.205429240629996, -3.623156411833807 ], [ 128.20538162991997, -3.623118758001667 ], [ 128.205284611869274, -3.623086483287156 ], [ 128.205192085394998, -3.623044346852591 ], [ 128.205120220172262, -3.622996831296366 ], [ 128.20492528575565, -3.622893731495975 ], [ 128.204790538462987, -3.622834561170447 ], [ 128.204588417524064, -3.622750288275892 ], [ 128.204398872999121, -3.622640016284997 ], [ 128.204222803203464, -3.622518089515191 ], [ 128.204126683468047, -3.622489400861086 ], [ 128.204020682264542, -3.622423058344983 ], [ 128.203891324863605, -3.62234326801512 ], [ 128.203783527029486, -3.62224734030586 ], [ 128.203758374201556, -3.622165756918958 ], [ 128.20374400115702, -3.622160377794288 ], [ 128.203726933166621, -3.621847491987662 ], [ 128.203663152781417, -3.621765908564719 ], [ 128.20359488081985, -3.621712117292823 ], [ 128.203584999351733, -3.621652050368759 ], [ 128.203201418725399, -3.621293441783968 ], [ 128.203136740024945, -3.621247719179196 ], [ 128.20307655290091, -3.621219030484827 ], [ 128.203000196101755, -3.621141033092416 ], [ 128.20288161848427, -3.621108758307383 ], [ 128.202834007774186, -3.621105172220087 ], [ 128.202834007774186, -3.621071104390059 ], [ 128.202666921131367, -3.621039726124425 ], [ 128.202565411504253, -3.621002072204228 ], [ 128.202333646160923, -3.620849663463629 ], [ 128.20212793196086, -3.620655118151588 ], [ 128.202059659999293, -3.620584292889361 ], [ 128.20204438863945, -3.620536777204002 ], [ 128.201782978891771, -3.620277682196578 ], [ 128.201722791767736, -3.620207753427546 ], [ 128.201651824860306, -3.620127962902437 ], [ 128.201126310419085, -3.619476190597028 ], [ 128.20088376529236, -3.619137304673811 ], [ 128.200834357951749, -3.619029721814532 ], [ 128.200801120286229, -3.618957999901248 ], [ 128.200789442187528, -3.618933793754233 ], [ 128.20077596745827, -3.618608355492673 ], [ 128.200830764690608, -3.617984374366714 ], [ 128.200574744834626, -3.617712727276766 ], [ 128.200350166013607, -3.617570179761346 ], [ 128.200318724978672, -3.617550456203986 ], [ 128.199973771909555, -3.617431218325359 ], [ 128.19965666661426, -3.617321842212371 ], [ 128.199406036650004, -3.616957852757704 ], [ 128.199373697299762, -3.616912129934099 ], [ 128.199255119682249, -3.616852959217775 ], [ 128.198712537250657, -3.61658400136762 ], [ 128.198652350126594, -3.616554415999231 ], [ 128.198593061317865, -3.616486279995632 ], [ 128.198548145553644, -3.616433384936676 ], [ 128.198469992123961, -3.616402903036894 ], [ 128.198269667815595, -3.616230769936529 ], [ 128.198158276720363, -3.616114221464601 ], [ 128.197726187068668, -3.615864986989739 ], [ 128.19761299934288, -3.615836298124926 ], [ 128.19739291209828, -3.615707198222036 ], [ 128.197250978283392, -3.615630993409619 ], [ 128.196826973469285, -3.615240107447604 ], [ 128.196577241820279, -3.615011492873383 ], [ 128.196348171422841, -3.614874324101187 ], [ 128.196187372986998, -3.614805291443279 ], [ 128.1958469114943, -3.614550677438818 ], [ 128.195653773708216, -3.614337303675805 ], [ 128.19552711125317, -3.614171445884171 ], [ 128.195455246030434, -3.61408717218383 ], [ 128.195381584177142, -3.613929383106818 ], [ 128.195368109447855, -3.61362725280891 ], [ 128.195326786944804, -3.613592288168532 ], [ 128.195229768894109, -3.613490083827392 ], [ 128.19518305649936, -3.613385189886355 ], [ 128.195084241818108, -3.613200504798306 ], [ 128.194950392840752, -3.612988923777446 ], [ 128.194923443382237, -3.61284099633949 ], [ 128.194879425933323, -3.612688586226678 ], [ 128.194794984296607, -3.61259534708622 ], [ 128.194714135921032, -3.612465350191708 ], [ 128.194558727376887, -3.61229769899681 ], [ 128.194343131708678, -3.612023360611087 ], [ 128.194299114259763, -3.61195881039063 ], [ 128.194301809205626, -3.611679092715607 ], [ 128.194354809807407, -3.611401168017237 ], [ 128.19425869007199, -3.611123243233779 ], [ 128.194200299578512, -3.611048831099899 ], [ 128.194125739409941, -3.610984280810145 ], [ 128.194069145547047, -3.610870421260089 ], [ 128.193933499939135, -3.610670494614026 ], [ 128.193730480684934, -3.610406017593078 ], [ 128.193621784535537, -3.610299330230619 ], [ 128.193538241214128, -3.610036646167111 ], [ 128.193530156376568, -3.610019612044329 ] ] ] } },
{ "type": "Feature", "properties": { "FID": 46, "Provinsi": "MALUKU", "Kode_Prov": "81", "Kota_Kab": "KOTA AMBON", "Kode_Kab": "8171", "Kecamatan": "Baguala", "Kode_Kec": "817140", "Kelurahan": "Waiheru", "Kode_Kel": "81714009", "Sumber": "Wilkerstat BPS Tahun 2019", "city": "ambon", "source_layer": "Wilayah Administrasi", "role": "admin" }, "geometry": { "type": "Polygon", "coordinates": [ [ [ 128.215579305025273, -3.586678978192486 ], [ 128.212619356164112, -3.586502356691894 ], [ 128.211551259291269, -3.588131397359832 ], [ 128.210886505981051, -3.588575191644954 ], [ 128.209974715967661, -3.589666297081855 ], [ 128.207934641957422, -3.590502780482341 ], [ 128.207606756878732, -3.593949119870127 ], [ 128.207745097432479, -3.595160356246105 ], [ 128.207094717166768, -3.596509659122924 ], [ 128.207107293580748, -3.596572417347664 ], [ 128.206769527033941, -3.597254688626353 ], [ 128.206536863375334, -3.598884606643581 ], [ 128.206628491534303, -3.599443153236069 ], [ 128.206025721978676, -3.60028142075376 ], [ 128.205237001159219, -3.600653485768371 ], [ 128.204264125706516, -3.60065258922635 ], [ 128.203939833888967, -3.600233007463571 ], [ 128.203059484910511, -3.60004563007544 ], [ 128.202624700312981, -3.599695978386835 ], [ 128.202595954223909, -3.599672668269489 ], [ 128.201669791165983, -3.598786883368281 ], [ 128.200939460840004, -3.598871158487052 ], [ 128.200464252054701, -3.598925847655698 ], [ 128.199999823052792, -3.599764115649504 ], [ 128.199768057709491, -3.600182801085844 ], [ 128.199582106445689, -3.600881207413156 ], [ 128.199305425338196, -3.601163618035248 ], [ 128.198283142544852, -3.60171857706597 ], [ 128.197881595612841, -3.602253811868782 ], [ 128.197619287549855, -3.602603462575014 ], [ 128.197631863963863, -3.603171868820996 ], [ 128.197632762279142, -3.603254350454949 ], [ 128.197817815227666, -3.603813790905284 ], [ 128.198328058309045, -3.604186751014382 ], [ 128.198604739416567, -3.605118254080454 ], [ 128.198418788152736, -3.605770036697907 ], [ 128.19804778394041, -3.60637519895744 ], [ 128.19643530800542, -3.60659126419992 ], [ 128.195636705717817, -3.60669884853387 ], [ 128.194894697293165, -3.607117530778957 ], [ 128.194711440975198, -3.607392767181902 ], [ 128.194072738808188, -3.608707983630703 ], [ 128.193894872381918, -3.609364246340983 ], [ 128.193531953007152, -3.609821478276912 ], [ 128.193497817026326, -3.609887821715159 ], [ 128.193530156376568, -3.610019612044329 ], [ 128.193538241214128, -3.610036646167111 ], [ 128.193621784535537, -3.610299330230619 ], [ 128.193730480684934, -3.610406017593078 ], [ 128.193933499939135, -3.610670494614026 ], [ 128.194069145547047, -3.610870421260089 ], [ 128.194125739409941, -3.610984280810145 ], [ 128.194200299578512, -3.611048831099899 ], [ 128.19425869007199, -3.611123243233779 ], [ 128.194354809807407, -3.611401168017237 ], [ 128.194301809205626, -3.611679092715607 ], [ 128.194299114259763, -3.61195881039063 ], [ 128.194343131708678, -3.612023360611087 ], [ 128.194558727376887, -3.61229769899681 ], [ 128.194714135921032, -3.612465350191708 ], [ 128.194794984296607, -3.61259534708622 ], [ 128.194879425933323, -3.612688586226678 ], [ 128.194923443382237, -3.61284099633949 ], [ 128.194950392840752, -3.612988923777446 ], [ 128.195084241818108, -3.613200504798306 ], [ 128.19518305649936, -3.613385189886355 ], [ 128.195229768894109, -3.613490083827392 ], [ 128.195326786944804, -3.613592288168532 ], [ 128.195368109447855, -3.61362725280891 ], [ 128.195381584177142, -3.613929383106818 ], [ 128.195455246030434, -3.61408717218383 ], [ 128.19552711125317, -3.614171445884171 ], [ 128.195653773708216, -3.614337303675805 ], [ 128.1958469114943, -3.614550677438818 ], [ 128.196187372986998, -3.614805291443279 ], [ 128.196348171422841, -3.614874324101187 ], [ 128.196577241820279, -3.615011492873383 ], [ 128.196826973469285, -3.615240107447604 ], [ 128.197250978283392, -3.615630993409619 ], [ 128.19739291209828, -3.615707198222036 ], [ 128.19761299934288, -3.615836298124926 ], [ 128.197726187068668, -3.615864986989739 ], [ 128.198158276720363, -3.616114221464601 ], [ 128.198269667815595, -3.616230769936529 ], [ 128.198469992123961, -3.616402903036894 ], [ 128.198548145553644, -3.616433384936676 ], [ 128.198593061317865, -3.616486279995632 ], [ 128.198652350126594, -3.616554415999231 ], [ 128.198712537250657, -3.61658400136762 ], [ 128.199255119682249, -3.616852959217775 ], [ 128.199373697299762, -3.616912129934099 ], [ 128.199406036650004, -3.616957852757704 ], [ 128.19965666661426, -3.617321842212371 ], [ 128.199973771909555, -3.617431218325359 ], [ 128.200318724978672, -3.617550456203986 ], [ 128.200350166013607, -3.617570179761346 ], [ 128.200574744834626, -3.617712727276766 ], [ 128.200830764690608, -3.617984374366714 ], [ 128.20077596745827, -3.618608355492673 ], [ 128.200789442187528, -3.618933793754233 ], [ 128.200801120286229, -3.618957999901248 ], [ 128.200834357951749, -3.619029721814532 ], [ 128.20088376529236, -3.619137304673811 ], [ 128.201126310419085, -3.619476190597028 ], [ 128.201651824860306, -3.620127962902437 ], [ 128.201722791767736, -3.620207753427546 ], [ 128.201782978891771, -3.620277682196578 ], [ 128.20204438863945, -3.620536777204002 ], [ 128.202059659999293, -3.620584292889361 ], [ 128.20212793196086, -3.620655118151588 ], [ 128.202333646160923, -3.620849663463629 ], [ 128.202565411504253, -3.621002072204228 ], [ 128.202666921131367, -3.621039726124425 ], [ 128.202834007774186, -3.621071104390059 ], [ 128.202834007774186, -3.621105172220087 ], [ 128.20288161848427, -3.621108758307383 ], [ 128.203000196101755, -3.621141033092416 ], [ 128.20307655290091, -3.621219030484827 ], [ 128.203136740024945, -3.621247719179196 ], [ 128.203201418725399, -3.621293441783968 ], [ 128.203584999351733, -3.621652050368759 ], [ 128.20359488081985, -3.621712117292823 ], [ 128.203663152781417, -3.621765908564719 ], [ 128.203726933166621, -3.621847491987662 ], [ 128.20374400115702, -3.622160377794288 ], [ 128.203758374201556, -3.622165756918958 ], [ 128.203783527029486, -3.62224734030586 ], [ 128.203891324863605, -3.62234326801512 ], [ 128.204020682264542, -3.622423058344983 ], [ 128.204126683468047, -3.622489400861086 ], [ 128.204222803203464, -3.622518089515191 ], [ 128.204398872999121, -3.622640016284997 ], [ 128.204588417524064, -3.622750288275892 ], [ 128.204790538462987, -3.622834561170447 ], [ 128.20492528575565, -3.622893731495975 ], [ 128.205120220172262, -3.622996831296366 ], [ 128.205192085394998, -3.623044346852591 ], [ 128.205284611869274, -3.623086483287156 ], [ 128.20538162991997, -3.623118758001667 ], [ 128.205429240629996, -3.623156411833807 ], [ 128.205743650979457, -3.623203030861905 ], [ 128.205813719571609, -3.623221857776417 ], [ 128.205906246045885, -3.623231719493387 ], [ 128.206002365781274, -3.623296268910895 ], [ 128.206070637742897, -3.623341991412178 ], [ 128.206159570956032, -3.623448677239518 ], [ 128.206243114277413, -3.623486331057928 ], [ 128.20635181042681, -3.623526674433058 ], [ 128.206391336299305, -3.623581362116475 ], [ 128.20640121776745, -3.623630670680654 ], [ 128.206371573363072, -3.6236952200697 ], [ 128.20625209743028, -3.623790251106303 ], [ 128.206208079981366, -3.623884385613852 ], [ 128.206227842917599, -3.623983899225467 ], [ 128.206267368790122, -3.624069068524013 ], [ 128.206370675047793, -3.624203546347494 ], [ 128.206415590811986, -3.624312921629184 ], [ 128.2064596082609, -3.624432158601531 ], [ 128.20650901560154, -3.624561257260637 ], [ 128.206560219572737, -3.624728009668045 ], [ 128.20661681343563, -3.624752215660114 ], [ 128.206664424145686, -3.624824833632432 ], [ 128.206840493941343, -3.624844557031314 ], [ 128.207217786360701, -3.624829316223124 ], [ 128.207372296589568, -3.62486965953836 ], [ 128.207440568551164, -3.624901934189253 ], [ 128.207498060729364, -3.624945863573339 ], [ 128.20752051861146, -3.624989792955292 ], [ 128.207565434375653, -3.625046273586095 ], [ 128.207584298996608, -3.62525605875534 ], [ 128.20764089285953, -3.625324194098984 ], [ 128.207673232209743, -3.625412949341559 ], [ 128.207709164821125, -3.62551425581991 ], [ 128.207807081187099, -3.625626320495134 ], [ 128.208067592619471, -3.625748246845999 ], [ 128.208219407902504, -3.62578231449992 ], [ 128.208430511994266, -3.625820864738334 ], [ 128.208578734016129, -3.625892586107757 ], [ 128.2086820402738, -3.625947273648118 ], [ 128.208727854353327, -3.625997478600292 ], [ 128.208799719576035, -3.62607457905713 ], [ 128.208866194907046, -3.626192919280419 ], [ 128.208891347735005, -3.626378498235747 ], [ 128.208898534257287, -3.626534492110754 ], [ 128.208903924148984, -3.626645660143184 ], [ 128.208961416327185, -3.626738897837261 ], [ 128.209027891658195, -3.626801653972092 ], [ 128.209088977097508, -3.626867996167031 ], [ 128.209143774329846, -3.626953165193938 ], [ 128.209204859769159, -3.627126192771255 ], [ 128.209278521622451, -3.627401423098016 ], [ 128.209280318253036, -3.627693687131743 ], [ 128.209293792982294, -3.627955469560234 ], [ 128.209381827880151, -3.62813387603483 ], [ 128.209511185281059, -3.628215458883335 ], [ 128.20978427312744, -3.628298834753867 ], [ 128.210195701527539, -3.628490688878347 ], [ 128.210239718976453, -3.628517584313101 ], [ 128.210360991539829, -3.628591098497347 ], [ 128.210381652791369, -3.628628752101595 ], [ 128.210556824271748, -3.628946118132192 ], [ 128.210750860373139, -3.629255415427617 ], [ 128.21084159021683, -3.629464303106355 ], [ 128.210926930168824, -3.62976911765818 ], [ 128.210982625716468, -3.629898215555002 ], [ 128.211062575776708, -3.629945730748492 ], [ 128.211182051709528, -3.629967247061703 ], [ 128.211338358568952, -3.62992869700017 ], [ 128.211437173250204, -3.629904491146738 ], [ 128.211474902492114, -3.629875802727017 ], [ 128.211491072167263, -3.629794220028451 ], [ 128.21150903847294, -3.629699189623031 ], [ 128.211579107065091, -3.629511818322673 ], [ 128.211663548701807, -3.629454441457373 ], [ 128.211775838112317, -3.629422166969041 ], [ 128.21181536398484, -3.629427546050509 ], [ 128.211931246656491, -3.629442786781163 ], [ 128.212159418738651, -3.629488508971583 ], [ 128.212322912120356, -3.629590711506508 ], [ 128.212627441001672, -3.629891043450107 ], [ 128.212954427765084, -3.630064070464809 ], [ 128.213159243649869, -3.630099930981844 ], [ 128.213460179270044, -3.63008289723643 ], [ 128.213726080594114, -3.630141170574673 ], [ 128.213821302014253, -3.63019047878102 ], [ 128.213911133542666, -3.630268475392833 ], [ 128.213969524036145, -3.630402952293933 ], [ 128.213986592026544, -3.630581358285152 ], [ 128.214018931376756, -3.630686250233385 ], [ 128.214114152796895, -3.63072031770113 ], [ 128.214283036070299, -3.630739144459069 ], [ 128.214335138356773, -3.630786659608313 ], [ 128.214379155805716, -3.630871828265794 ], [ 128.214387240643276, -3.630887965484201 ], [ 128.214427664831049, -3.630965065523721 ], [ 128.214439342929722, -3.631053820212226 ], [ 128.214401613687812, -3.631145264427619 ], [ 128.214168051713955, -3.63149311096626 ], [ 128.21410427132875, -3.63167779232148 ], [ 128.214089898284215, -3.631805096922983 ], [ 128.214075525239679, -3.631930608484355 ], [ 128.213947066154049, -3.632026535165922 ], [ 128.213686554721647, -3.632080325824023 ], [ 128.213432331496222, -3.632137702522462 ], [ 128.213215837512763, -3.632275765188137 ], [ 128.213170023433292, -3.632360933705131 ], [ 128.213240990340722, -3.632521409099525 ], [ 128.213174515009712, -3.632881806249972 ], [ 128.21320505772934, -3.632890771351382 ], [ 128.213178108270824, -3.632986697930898 ], [ 128.213199667837642, -3.633063797791153 ], [ 128.213255363385287, -3.633169585960785 ], [ 128.213293990942475, -3.633188412667639 ], [ 128.213399093830731, -3.633240410236913 ], [ 128.21354462090676, -3.633264616000897 ], [ 128.213594926562649, -3.633220687021334 ], [ 128.213653317056128, -3.633187516157798 ], [ 128.213770098043057, -3.633183930118424 ], [ 128.213795250871016, -3.633169585960785 ], [ 128.213852743049216, -3.633217100982091 ], [ 128.213903048705106, -3.633231445138975 ], [ 128.214020728007341, -3.633261029961828 ], [ 128.21410427132875, -3.633298683371329 ], [ 128.214134814048407, -3.633292407803188 ], [ 128.214202187694724, -3.633262822981364 ], [ 128.214258781557646, -3.633264616000897 ], [ 128.214309087213536, -3.633294200822661 ], [ 128.214354901293007, -3.633353370463283 ], [ 128.21441508841707, -3.633386541320721 ], [ 128.214532767719277, -3.633376679714583 ], [ 128.214597446419731, -3.633343508856782 ], [ 128.214645057129786, -3.633345301876153 ], [ 128.214719617298385, -3.63336054254067 ], [ 128.214808550511492, -3.633298683371329 ], [ 128.214814838718496, -3.633256547412973 ], [ 128.214818431979637, -3.633231445138975 ], [ 128.21484268649229, -3.633185723138113 ], [ 128.214897483724627, -3.633178551059336 ], [ 128.214901076985768, -3.633256547412973 ], [ 128.214901076985768, -3.633272684588747 ], [ 128.214916348345582, -3.633279856666776 ], [ 128.214923534867864, -3.633633081439145 ], [ 128.214918144976167, -3.633629495401542 ], [ 128.214916348345582, -3.633676113889274 ], [ 128.214927128129005, -3.633677010398629 ], [ 128.214926229813727, -3.633735283504849 ], [ 128.214893890463486, -3.633736180014146 ], [ 128.214896585409349, -3.633699423132235 ], [ 128.214836398285314, -3.633695837094896 ], [ 128.21483819491587, -3.633776522931591 ], [ 128.21498731525304, -3.63378010896861 ], [ 128.214983721991928, -3.633755006709178 ], [ 128.214954975902799, -3.63375321369062 ], [ 128.214941501173541, -3.633280753176525 ], [ 128.214953179272243, -3.633279856666776 ], [ 128.214954975902799, -3.633251168354318 ], [ 128.214960365794497, -3.633159724352276 ], [ 128.215225368803345, -3.63317586152978 ], [ 128.215268487936982, -3.633177654549484 ], [ 128.215304420548364, -3.633180344079035 ], [ 128.215329573376295, -3.633166896431202 ], [ 128.215403235229616, -3.633235927687955 ], [ 128.215445456047945, -3.633296890351864 ], [ 128.2154643206689, -3.633324682153164 ], [ 128.215550558936201, -3.633328268191977 ], [ 128.215655661824428, -3.633236824197749 ], [ 128.215701475903927, -3.633240410236913 ], [ 128.215657458454984, -3.633313924036633 ], [ 128.215571220187712, -3.633398195946018 ], [ 128.215545169044475, -3.633469020204201 ], [ 128.215618830897796, -3.63364294304248 ], [ 128.215829036674279, -3.633772040385297 ], [ 128.215946715976486, -3.633824934430144 ], [ 128.216100327890075, -3.633827623957766 ], [ 128.216192854364323, -3.633739766051325 ], [ 128.216251244857801, -3.633720939355975 ], [ 128.216359941007198, -3.633791763588822 ], [ 128.216559367000258, -3.633827623957766 ], [ 128.216648300213393, -3.633907413273549 ], [ 128.216791132343559, -3.633877828471891 ], [ 128.216889048709533, -3.63388410403596 ], [ 128.217025592632723, -3.633940584110618 ], [ 128.217295985533241, -3.633877828471891 ], [ 128.21751607277784, -3.63374155906991 ], [ 128.217589734631161, -3.633634874457941 ], [ 128.217655311646894, -3.6336734243612 ], [ 128.217673277952571, -3.633732593976953 ], [ 128.217643633548192, -3.633845554141703 ], [ 128.217649921755196, -3.633940584110618 ], [ 128.217759516219843, -3.633979134000815 ], [ 128.217991281563144, -3.633979134000815 ], [ 128.218300302020879, -3.633943273637895 ], [ 128.218520389265478, -3.633893069127411 ], [ 128.218605729217501, -3.63378010896861 ], [ 128.218798867003585, -3.633714663790771 ], [ 128.218856359181757, -3.633700319641568 ], [ 128.218923732828074, -3.633682389454745 ], [ 128.219176159422886, -3.633619633798059 ], [ 128.21942319612603, -3.633664459267566 ], [ 128.219598367606437, -3.633720939355975 ], [ 128.219623520434396, -3.633727214921135 ], [ 128.21956423162564, -3.633914585346532 ], [ 128.219466315259638, -3.634148574196332 ], [ 128.219420501180167, -3.63413423005403 ], [ 128.219405229820353, -3.634173676444813 ], [ 128.219537282167096, -3.634217605377974 ], [ 128.219553451842216, -3.634180848515679 ], [ 128.219513925969721, -3.63416471135615 ], [ 128.219623520434396, -3.633906516764422 ], [ 128.219676521036149, -3.633737973032737 ], [ 128.219832827895601, -3.633818658865664 ], [ 128.219968473503485, -3.63385720876107 ], [ 128.220088847751555, -3.633905620255294 ], [ 128.220159814659013, -3.633962100328605 ], [ 128.220229883251164, -3.633971065419282 ], [ 128.220319714779578, -3.633979134000815 ], [ 128.220353850760375, -3.633988995600367 ], [ 128.220336782769976, -3.634051751231361 ], [ 128.220540700339484, -3.634058923303197 ], [ 128.220537107078343, -3.63409478366152 ], [ 128.220564954852136, -3.63409478366152 ], [ 128.220557768329854, -3.634291119098071 ], [ 128.220582022842535, -3.634287533063083 ], [ 128.220594599256515, -3.63402575247048 ], [ 128.220630531867897, -3.634036510578521 ], [ 128.220646701542989, -3.634049958213394 ], [ 128.220685329100206, -3.634052647740345 ], [ 128.220744617908963, -3.63402395945246 ], [ 128.220753601061801, -3.634014097853289 ], [ 128.220786838727321, -3.634009615308175 ], [ 128.220874873625178, -3.634032028033519 ], [ 128.221082384455798, -3.634019476907397 ], [ 128.22120994522615, -3.633948652692424 ], [ 128.221274623926604, -3.633893069127411 ], [ 128.221312353168514, -3.633860794797769 ], [ 128.221318641375518, -3.633867070361956 ], [ 128.221369845346715, -3.63392265392857 ], [ 128.221518965683856, -3.63391548185565 ], [ 128.221664492759913, -3.633856312251894 ], [ 128.221882783373957, -3.63392265392857 ], [ 128.221959140173112, -3.633944170146985 ], [ 128.22198069973993, -3.6340105118172 ], [ 128.221916021039448, -3.634033821051523 ], [ 128.222015734036006, -3.63413602307183 ], [ 128.222128023446515, -3.634190710113027 ], [ 128.222277143783685, -3.634154849758518 ], [ 128.222301398296366, -3.634231053010148 ], [ 128.22238673824836, -3.634257051765113 ], [ 128.22243704390425, -3.634219398395609 ], [ 128.222567299620437, -3.634252569221207 ], [ 128.222640961473729, -3.634347599147246 ], [ 128.22273618289384, -3.634439939537488 ], [ 128.222838590836233, -3.634560968189995 ], [ 128.222945490355045, -3.634686479368035 ], [ 128.223068559548977, -3.634715167634848 ], [ 128.223276070379626, -3.634869367053341 ], [ 128.223456631751731, -3.63490433087131 ], [ 128.22358958241378, -3.634990395648226 ], [ 128.223598565566618, -3.635063909305339 ], [ 128.223577904315079, -3.635144595019663 ], [ 128.22358958241378, -3.635277278178633 ], [ 128.223679413942165, -3.635417133379118 ], [ 128.223855483737879, -3.63539561719584 ], [ 128.223955196734408, -3.635376790535051 ], [ 128.223995620922182, -3.635369618473694 ], [ 128.224068384460196, -3.635425201947715 ], [ 128.224100723810437, -3.635450304160666 ], [ 128.224147436205214, -3.635449407653073 ], [ 128.224242657625325, -3.635447614637883 ], [ 128.224297454857663, -3.635374101012048 ], [ 128.224461846554675, -3.635362446412281 ], [ 128.224561559551205, -3.635274588655334 ], [ 128.224584915748579, -3.635127561369462 ], [ 128.224495084220166, -3.634966189930549 ], [ 128.224414235844591, -3.634852333397942 ], [ 128.224435795411438, -3.63482992069298 ], [ 128.224461846554675, -3.634803025446291 ], [ 128.224502270742448, -3.63482902418477 ], [ 128.224704391681371, -3.634963500406322 ], [ 128.22506551442558, -3.635084528988576 ], [ 128.225234397698983, -3.635082735972661 ], [ 128.225257753896386, -3.634976051519311 ], [ 128.225155345953993, -3.634881021659481 ], [ 128.225048446435181, -3.634793163855637 ], [ 128.22506551442558, -3.634712478109874 ], [ 128.225131989756619, -3.634598621545241 ], [ 128.225149057747018, -3.634543934528772 ], [ 128.225113125135636, -3.634415733805039 ], [ 128.225041259912928, -3.634294705133045 ], [ 128.225001734040404, -3.634117196384749 ], [ 128.224998140779263, -3.634079543009407 ], [ 128.224994547518122, -3.634029338506507 ], [ 128.225001734040404, -3.633925343455899 ], [ 128.224980174473586, -3.633859001779421 ], [ 128.225015208769662, -3.633849140178447 ], [ 128.225034971705924, -3.633886793563405 ], [ 128.225081684100701, -3.63384645065089 ], [ 128.225068209371443, -3.633801625190425 ], [ 128.225183193727787, -3.63375321369062 ], [ 128.22524338085185, -3.633728111430439 ], [ 128.225286499985486, -3.633708388225523 ], [ 128.225386212982016, -3.633662666248829 ], [ 128.225536231634464, -3.633592738515285 ], [ 128.225543418156747, -3.633584669930297 ], [ 128.225740149203943, -3.63337936924354 ], [ 128.225785963283442, -3.633337233288953 ], [ 128.225865913343739, -3.633262822981364 ], [ 128.22591172742321, -3.633220687021334 ], [ 128.225975507808414, -3.633211721923201 ], [ 128.225994372429369, -3.633209032393744 ], [ 128.226177628747337, -3.633177654549484 ], [ 128.226257578807605, -3.633134622075584 ], [ 128.226261172068746, -3.633132829055794 ], [ 128.226296206364822, -3.632926631756133 ], [ 128.226284528266149, -3.632819947047814 ], [ 128.226220747880944, -3.632791258720736 ], [ 128.226253985546464, -3.632743743677006 ], [ 128.226309681094079, -3.632708779775307 ], [ 128.226441733440851, -3.632627197332738 ], [ 128.226456106485386, -3.632606577593338 ], [ 128.226544141383243, -3.63247837659433 ], [ 128.226586362201601, -3.632418310385733 ], [ 128.226703143188558, -3.632364519747775 ], [ 128.226743567376332, -3.632330452342077 ], [ 128.22674446569161, -3.632330452342077 ], [ 128.226845975318696, -3.632247973354537 ], [ 128.226905264127481, -3.631975434037758 ], [ 128.226926823694271, -3.63184006085969 ], [ 128.227090317076005, -3.631695722548129 ], [ 128.227263691925799, -3.631547798167617 ], [ 128.227304116113601, -3.631562142351029 ], [ 128.227269081817525, -3.631619519082408 ], [ 128.227254708772961, -3.631642828378488 ], [ 128.227292438014928, -3.631742341135753 ], [ 128.227363404922357, -3.631854405038461 ], [ 128.227506237052552, -3.631818544591108 ], [ 128.227582593851679, -3.63186157712776 ], [ 128.227675120325955, -3.631916264306794 ], [ 128.227758663647393, -3.631887575950993 ], [ 128.227758663647393, -3.631842750393227 ], [ 128.227786511421186, -3.631868749217002 ], [ 128.227881732841297, -3.631942263128453 ], [ 128.227946411541751, -3.631994260769523 ], [ 128.228100921770618, -3.6319655724162 ], [ 128.228124277968021, -3.631956607305599 ], [ 128.228271601674606, -3.631901920129009 ], [ 128.228443179893873, -3.631799717855678 ], [ 128.228577927186478, -3.631742341135753 ], [ 128.228632724418844, -3.631733376022936 ], [ 128.228732437415374, -3.631716342308337 ], [ 128.228749505405773, -3.631706480683949 ], [ 128.228859099870419, -3.631638345821596 ], [ 128.228967796019816, -3.631491317943208 ], [ 128.229081882060882, -3.631432148180513 ], [ 128.229188781579694, -3.631420493529828 ], [ 128.229275019846966, -3.631410631902209 ], [ 128.229275918162244, -3.631409735390602 ], [ 128.229312749088905, -3.63136580632076 ], [ 128.229405275563153, -3.631244777239732 ], [ 128.229474445840054, -3.631130920237581 ], [ 128.229569667260165, -3.631106714416377 ], [ 128.229663092049719, -3.631134506285113 ], [ 128.229666685310832, -3.631135402796994 ], [ 128.229814009017446, -3.631126437678149 ], [ 128.22983736521482, -3.631096852785329 ], [ 128.229868806249783, -3.631057406260062 ], [ 128.229928095058511, -3.630907688750751 ], [ 128.230042181099606, -3.630775004949296 ], [ 128.23011494463762, -3.630744523532694 ], [ 128.230121232844624, -3.630741833995885 ], [ 128.230211064373037, -3.630767832851364 ], [ 128.230316167261265, -3.630770522388096 ], [ 128.230427558356496, -3.630713145602764 ], [ 128.230508406732071, -3.630672802548395 ], [ 128.230520084830744, -3.630668319986688 ], [ 128.230636865817672, -3.63062528739316 ], [ 128.230795867622987, -3.630656665326142 ], [ 128.230936903122597, -3.630671906036055 ], [ 128.230947682905992, -3.630672802548395 ], [ 128.231104888080722, -3.63064680369018 ], [ 128.231190228032716, -3.630584944334866 ], [ 128.231285449452827, -3.630511430312895 ], [ 128.231289941029246, -3.630393090655199 ], [ 128.231269279777706, -3.630350058048556 ], [ 128.231156092051918, -3.63034288594725 ], [ 128.230824613712059, -3.630322266155675 ], [ 128.23056320396438, -3.630293577749225 ], [ 128.230433846563471, -3.630269371905573 ], [ 128.230333235251663, -3.630319576617609 ], [ 128.230166148608816, -3.63036081620041 ], [ 128.230063740666452, -3.630339299896575 ], [ 128.23002780805507, -3.630268475392833 ], [ 128.230032299631489, -3.630159100831837 ], [ 128.230051164252444, -3.630084690262278 ], [ 128.230090690124968, -3.62996904008778 ], [ 128.230087096863826, -3.629898215555002 ], [ 128.23008530023327, -3.629869527135081 ], [ 128.230044876045469, -3.62981394331889 ], [ 128.229968519246313, -3.629800495620911 ], [ 128.229853534889941, -3.629827391016669 ], [ 128.22983736521482, -3.629830977069377 ], [ 128.229707109498634, -3.629868630621944 ], [ 128.229561582422605, -3.62981125377931 ], [ 128.229398987356177, -3.629724291995246 ], [ 128.229238188920334, -3.629706361729448 ], [ 128.228692911542851, -3.629527059051905 ], [ 128.228559062565523, -3.629449958889618 ], [ 128.228476417559364, -3.629362997070768 ], [ 128.228344365212621, -3.629149626799359 ], [ 128.228214109496435, -3.628876190033331 ], [ 128.228184465092028, -3.62869150810519 ], [ 128.228126972913884, -3.628523859914428 ], [ 128.22810002345534, -3.628221734486761 ], [ 128.228087447041361, -3.627928574108748 ], [ 128.228048819484144, -3.627730444258129 ], [ 128.228060497582845, -3.627637206666335 ], [ 128.22807127736624, -3.627584312259022 ], [ 128.228101820085897, -3.627437283720738 ], [ 128.228138651012557, -3.627299220315451 ], [ 128.228158413948819, -3.627211361773833 ], [ 128.22814134595842, -3.626911028939524 ], [ 128.228148532480674, -3.62680434352063 ], [ 128.228208719604709, -3.62646366730877 ], [ 128.228192549929588, -3.626018995007513 ], [ 128.228151227426537, -3.625905137346821 ], [ 128.228029954863189, -3.625772452810759 ], [ 128.227629306246456, -3.625464050840908 ], [ 128.227621221408924, -3.625457775218336 ], [ 128.227529593249926, -3.625302677675231 ], [ 128.227456829711912, -3.625142200998583 ], [ 128.227334658833257, -3.624985310365394 ], [ 128.227294234645484, -3.624958414825543 ], [ 128.22722147110747, -3.624910002851796 ], [ 128.226942095054113, -3.624687666346492 ], [ 128.226886399506498, -3.624532568671318 ], [ 128.226845077003418, -3.624261820064794 ], [ 128.2268235174366, -3.624122859655804 ], [ 128.226748058952751, -3.623994657453095 ], [ 128.226675295414736, -3.62391755681894 ], [ 128.226556717797223, -3.623791147625469 ], [ 128.226420173874033, -3.623676393165037 ], [ 128.22637525810984, -3.623622602006699 ], [ 128.226354596858272, -3.623597499465046 ], [ 128.226199188314126, -3.623032692093748 ], [ 128.226129119721975, -3.622775390841048 ], [ 128.226116543307995, -3.622584432024329 ], [ 128.226162357387494, -3.622334302809079 ], [ 128.226163255702772, -3.622194445583322 ], [ 128.226109356785713, -3.622073415274359 ], [ 128.226024915149026, -3.621879766746356 ], [ 128.226012338735046, -3.621805355495412 ], [ 128.226024016833719, -3.621645774719747 ], [ 128.226063542706243, -3.621460194793566 ], [ 128.226094983741177, -3.621340060908023 ], [ 128.22599796569051, -3.621112344394666 ], [ 128.225925202152467, -3.620961728716567 ], [ 128.22586950660488, -3.620848766941549 ], [ 128.225744640780363, -3.62067842773035 ], [ 128.225611690118342, -3.620552914606856 ], [ 128.225550604679029, -3.620489261516151 ], [ 128.225530841742767, -3.620416643195936 ], [ 128.225547909733166, -3.620286647422988 ], [ 128.225654809251978, -3.619842868609227 ], [ 128.225703318277311, -3.619707493614673 ], [ 128.225871303235436, -3.6195039828232 ], [ 128.226070729228525, -3.619355159924718 ], [ 128.226310579409358, -3.619232336188881 ], [ 128.226571090841759, -3.619064686245199 ], [ 128.22673188927763, -3.618978619951898 ], [ 128.226906162442759, -3.618885381458261 ], [ 128.226976231034911, -3.618721317547122 ], [ 128.227010367015708, -3.618641526891076 ], [ 128.227136131155476, -3.618360018228217 ], [ 128.227147809254177, -3.618229125635444 ], [ 128.227110080012238, -3.618195057697235 ], [ 128.227033723213083, -3.618161886282488 ], [ 128.226971739458463, -3.618113473945271 ], [ 128.226937603477694, -3.618044441534025 ], [ 128.226966349566766, -3.617948513369407 ], [ 128.2270723507703, -3.617798793690315 ], [ 128.227335557148535, -3.617540594425146 ], [ 128.227592475319796, -3.617439287054482 ], [ 128.227667933803673, -3.617405219086583 ], [ 128.227687696739935, -3.617354117132331 ], [ 128.227719137774898, -3.617060953233839 ], [ 128.227764951854368, -3.616988334638827 ], [ 128.227898800831696, -3.616925577823634 ], [ 128.228078463888522, -3.616862821004097 ], [ 128.228155719002956, -3.616826063436351 ], [ 128.228171888678077, -3.616805443336718 ], [ 128.228242855585506, -3.616780340606097 ], [ 128.228265313467602, -3.616737307351988 ], [ 128.228285974719142, -3.616606414524848 ], [ 128.228276991566304, -3.616499727891486 ], [ 128.228235669063253, -3.616354490605719 ], [ 128.228240160639672, -3.616276492794501 ], [ 128.228276991566304, -3.616232562989826 ], [ 128.228311127547101, -3.616198494976572 ], [ 128.228288669665005, -3.616124083258959 ], [ 128.228292262926118, -3.61605684374984 ], [ 128.2282994494484, -3.615971673697796 ], [ 128.228292262926118, -3.615900848069479 ], [ 128.228244652216091, -3.615764575958924 ], [ 128.22824105895495, -3.615694646841608 ], [ 128.228258126945349, -3.615587960100954 ], [ 128.228314720808243, -3.615417619900779 ], [ 128.228353348365459, -3.615368310889495 ], [ 128.228394670868511, -3.615343208119083 ], [ 128.22844048494801, -3.61524996925147 ], [ 128.228465637775969, -3.615117283154108 ], [ 128.228524028269447, -3.615018665096194 ], [ 128.228624639581284, -3.614906599108275 ], [ 128.22872614920837, -3.614777499073029 ], [ 128.228716267740225, -3.614673501809047 ], [ 128.228670453660754, -3.614504954493826 ], [ 128.228575232240644, -3.614443990563586 ], [ 128.228480010820505, -3.614367785645023 ], [ 128.228314720808243, -3.61422972024685 ], [ 128.228234770747974, -3.614180411170981 ], [ 128.228202431397705, -3.614123033333868 ], [ 128.228158413948819, -3.61404772491715 ], [ 128.228113498184626, -3.613988554013915 ], [ 128.228019175079794, -3.613958072031953 ], [ 128.22792575029024, -3.613918624759659 ], [ 128.227801782781029, -3.613888142775349 ], [ 128.22767332369537, -3.613853178145025 ], [ 128.227553847762579, -3.613763525240602 ], [ 128.227464914549444, -3.613679251502365 ], [ 128.227405625740715, -3.613599460402566 ], [ 128.227356218400075, -3.613525048471709 ], [ 128.227375981336309, -3.613459601828682 ], [ 128.227401134164296, -3.613340363412128 ], [ 128.227430778568674, -3.613256089634586 ], [ 128.22751522020539, -3.613186160323875 ], [ 128.2275987635268, -3.613136851191287 ], [ 128.227683205163515, -3.61309650735354 ], [ 128.227738002395853, -3.613062439222491 ], [ 128.227753273755667, -3.613002371725156 ], [ 128.227733510819434, -3.612937821574334 ], [ 128.227653560759137, -3.612907339557071 ], [ 128.227550254501466, -3.612848168579463 ], [ 128.227511626944249, -3.612801549018629 ], [ 128.227490965692709, -3.612728033552449 ], [ 128.227540373033321, -3.612653621550129 ], [ 128.227584390482235, -3.612589071374499 ], [ 128.227599661842106, -3.612509280178833 ], [ 128.227564627546002, -3.612469832843552 ], [ 128.227510728628971, -3.612429488976152 ], [ 128.227441558352069, -3.61239452428962 ], [ 128.227331963887423, -3.612390041637403 ], [ 128.227203504801793, -3.612425006324108 ], [ 128.227124453056774, -3.61241424795911 ], [ 128.227034621528361, -3.612404386124419 ], [ 128.226995095655894, -3.612339835931062 ], [ 128.22698072261133, -3.612255562060602 ], [ 128.227015756907406, -3.612185632672791 ], [ 128.227114571588658, -3.612150667976866 ], [ 128.227199911540652, -3.612126461648128 ], [ 128.227228657629752, -3.612095979603613 ], [ 128.227238539097868, -3.612041291227067 ], [ 128.227213386269909, -3.611981223662143 ], [ 128.22715948735285, -3.61191667343869 ], [ 128.227094808652424, -3.611861985051339 ], [ 128.226986112503056, -3.611842261369846 ], [ 128.226891789398223, -3.611792055633205 ], [ 128.226807347761508, -3.611737367238346 ], [ 128.226773211780682, -3.611692540682725 ], [ 128.226773211780682, -3.611612749408244 ], [ 128.22683160227416, -3.611546406096033 ], [ 128.226934010216553, -3.611429857022298 ], [ 128.227025638375522, -3.611349169193253 ], [ 128.227070554139715, -3.611259516041461 ], [ 128.227060672671598, -3.611169862880815 ], [ 128.227016655222684, -3.611110691789937 ], [ 128.226897179289921, -3.611005797573907 ], [ 128.226843280372861, -3.610920627047701 ], [ 128.226872924777211, -3.610826491193651 ], [ 128.226917840541432, -3.610752079035448 ], [ 128.226902569181618, -3.610662425824695 ], [ 128.226774110095988, -3.610512704943002 ], [ 128.226689668459301, -3.610373742425926 ], [ 128.22661600660598, -3.610249124408656 ], [ 128.226551327905526, -3.610104782655047 ], [ 128.226556717797223, -3.609995405658772 ], [ 128.226606125137863, -3.609900373175904 ], [ 128.226682481937019, -3.609825064408833 ], [ 128.226720211178929, -3.60967623992221 ], [ 128.22674446569161, -3.60944134821298 ], [ 128.226765126943121, -3.609308661266414 ], [ 128.226730990962352, -3.609213628711692 ], [ 128.226641159433939, -3.609123975349065 ], [ 128.226557616112501, -3.609063907591155 ], [ 128.226413885667057, -3.60899397795754 ], [ 128.22628003668973, -3.608859497877765 ], [ 128.226216256304525, -3.608636260901388 ], [ 128.226126424776112, -3.608416610007638 ], [ 128.226023118518441, -3.608227441236175 ], [ 128.226013237050324, -3.608088478369487 ], [ 128.226003355582208, -3.607944136272554 ], [ 128.226018626942022, -3.607789932267891 ], [ 128.225998864005788, -3.607590004943818 ], [ 128.225934185305306, -3.607460903868131 ], [ 128.225845252092199, -3.607386491434229 ], [ 128.225716793006569, -3.607252011116543 ], [ 128.225543418156747, -3.607176702129947 ], [ 128.22538441635146, -3.607092427780404 ], [ 128.22520654992519, -3.607032359888194 ], [ 128.225062819479717, -3.606957050883397 ], [ 128.224745714184451, -3.606767881808115 ], [ 128.224513050525843, -3.606643263296252 ], [ 128.224394472908358, -3.606573333476357 ], [ 128.224329794207904, -3.606483679853236 ], [ 128.224280386867264, -3.60637968163934 ], [ 128.224266013822728, -3.606290027997121 ], [ 128.224250742462885, -3.606180650541641 ], [ 128.224226487950233, -3.606075755756401 ], [ 128.22416180924975, -3.606001343209108 ], [ 128.224058502992079, -3.605960999054414 ], [ 128.223919264123055, -3.605865966149616 ], [ 128.223745889273204, -3.60575658864312 ], [ 128.223552751487119, -3.605682176069704 ], [ 128.223384766528994, -3.605597005044464 ], [ 128.223290443424162, -3.605517213234634 ], [ 128.223186238851213, -3.605368388042532 ], [ 128.223142221402298, -3.605189080549817 ], [ 128.223147611293996, -3.604964946134207 ], [ 128.223152102870415, -3.60487977504179 ], [ 128.223206900102753, -3.604795500479338 ], [ 128.223232052930712, -3.604746190891304 ], [ 128.223206900102753, -3.604656537088027 ], [ 128.223127848357734, -3.604566883275913 ], [ 128.222969744867726, -3.604436885232651 ], [ 128.222930218995231, -3.604253094863924 ], [ 128.222920337527114, -3.604033442911124 ], [ 128.222880811654619, -3.603820066677615 ], [ 128.222766725613496, -3.603630896949753 ], [ 128.222742471100844, -3.603500898772733 ], [ 128.22262838505975, -3.603396003678423 ], [ 128.222584367610864, -3.603286625874897 ], [ 128.222564604674602, -3.603147662253089 ], [ 128.22254933331476, -3.602997940133585 ], [ 128.222534960270224, -3.602893941521106 ], [ 128.22242895906669, -3.602712840460661 ], [ 128.22239122982478, -3.602480636573003 ], [ 128.222441535480669, -3.602182088630386 ], [ 128.222461298416903, -3.602042228299258 ], [ 128.222426264120827, -3.601967815422014 ], [ 128.222278042098964, -3.601882644049028 ], [ 128.22208041273646, -3.601798369208965 ], [ 128.221807324890079, -3.601553613512207 ], [ 128.221560288186964, -3.601220100149153 ], [ 128.221456083613987, -3.601075756962206 ], [ 128.221288098655862, -3.601021067922664 ], [ 128.221038367006884, -3.600979827005427 ], [ 128.220915297812951, -3.600856104242508 ], [ 128.22082007639284, -3.600753898469155 ], [ 128.220608972301051, -3.600485832395063 ], [ 128.220466140170885, -3.600245559057571 ], [ 128.220439190712369, -3.599834045992733 ], [ 128.220350257499234, -3.599470946075224 ], [ 128.220350257499234, -3.599168810971801 ], [ 128.220282883852917, -3.598969778296989 ], [ 128.220159814659013, -3.59873667691084 ], [ 128.220139153407473, -3.598592333330283 ], [ 128.220112203948958, -3.598455162080362 ], [ 128.220071779761156, -3.598338611328907 ], [ 128.220030457258105, -3.598084889256876 ], [ 128.220044830302641, -3.597227792264984 ], [ 128.220004406114867, -3.597173102994418 ], [ 128.219990931385581, -3.596836898390161 ], [ 128.219945117306111, -3.59671317506458 ], [ 128.219684605873709, -3.595848904408826 ], [ 128.219629808641372, -3.595683939792204 ], [ 128.219548061950519, -3.595232080037314 ], [ 128.219460027052662, -3.59451842806362 ], [ 128.219433975909425, -3.5937778790684 ], [ 128.219386365199369, -3.593475742078067 ], [ 128.219195922359148, -3.592528985757134 ], [ 128.219148311649093, -3.592213400098544 ], [ 128.21890935978351, -3.591993745243354 ], [ 128.218753052924086, -3.591822504074679 ], [ 128.218227538482864, -3.591122297705182 ], [ 128.218159266521269, -3.590956435682386 ], [ 128.21801373944524, -3.59077084949143 ], [ 128.217878093837356, -3.59053684945776 ], [ 128.217784669047802, -3.590347676972914 ], [ 128.217625667242515, -3.590028504350398 ], [ 128.217509784570865, -3.589716504038545 ], [ 128.217481038481765, -3.589521055513029 ], [ 128.217422647988286, -3.589053054745265 ], [ 128.217248374823185, -3.58853484671885 ], [ 128.216908811645766, -3.587871396567404 ], [ 128.216783047505999, -3.587851672366339 ], [ 128.216695012608142, -3.587793396315249 ], [ 128.216219803822867, -3.587372912082626 ], [ 128.21584161308823, -3.587011600316683 ], [ 128.215579305025273, -3.586678978192486 ] ] ] } },
{ "type": "Feature", "properties": { "FID": 47, "Provinsi": "MALUKU", "Kode_Prov": "81", "Kota_Kab": "KOTA AMBON", "Kode_Kab": "8171", "Kecamatan": "Baguala", "Kode_Kec": "817140", "Kelurahan": "Nania", "Kode_Kel": "81714010", "Sumber": "Wilkerstat BPS Tahun 2019", "city": "ambon", "source_layer": "Wilayah Administrasi", "role": "admin" }, "geometry": { "type": "Polygon", "coordinates": [ [ [ 128.219332466282339, -3.582967229837712 ], [ 128.216839641368921, -3.581019900765132 ], [ 128.216791132343559, -3.581189350835179 ], [ 128.216580926567076, -3.58192722035126 ], [ 128.21655846868498, -3.583094541262612 ], [ 128.216363534268311, -3.58469310504069 ], [ 128.216315923558284, -3.585007796739674 ], [ 128.216254838118942, -3.585405868135398 ], [ 128.216103921151216, -3.58588104322322 ], [ 128.215987140164259, -3.58624056232367 ], [ 128.215861376024492, -3.586542701707727 ], [ 128.215579305025273, -3.586678978192486 ], [ 128.21584161308823, -3.587011600316683 ], [ 128.216219803822867, -3.587372912082626 ], [ 128.216695012608142, -3.587793396315249 ], [ 128.216783047505999, -3.587851672366339 ], [ 128.216908811645766, -3.587871396567404 ], [ 128.217248374823185, -3.58853484671885 ], [ 128.217422647988286, -3.589053054745265 ], [ 128.217481038481765, -3.589521055513029 ], [ 128.217509784570865, -3.589716504038545 ], [ 128.217625667242515, -3.590028504350398 ], [ 128.217784669047802, -3.590347676972914 ], [ 128.217878093837356, -3.59053684945776 ], [ 128.21801373944524, -3.59077084949143 ], [ 128.218159266521269, -3.590956435682386 ], [ 128.218227538482864, -3.591122297705182 ], [ 128.218753052924086, -3.591822504074679 ], [ 128.21890935978351, -3.591993745243354 ], [ 128.219148311649093, -3.592213400098544 ], [ 128.219195922359148, -3.592528985757134 ], [ 128.219386365199369, -3.593475742078067 ], [ 128.219433975909425, -3.5937778790684 ], [ 128.219460027052662, -3.59451842806362 ], [ 128.219548061950519, -3.595232080037314 ], [ 128.219629808641372, -3.595683939792204 ], [ 128.219684605873709, -3.595848904408826 ], [ 128.219945117306111, -3.59671317506458 ], [ 128.219990931385581, -3.596836898390161 ], [ 128.220004406114867, -3.597173102994418 ], [ 128.220044830302641, -3.597227792264984 ], [ 128.220030457258105, -3.598084889256876 ], [ 128.220071779761156, -3.598338611328907 ], [ 128.220112203948958, -3.598455162080362 ], [ 128.220139153407473, -3.598592333330283 ], [ 128.220159814659013, -3.59873667691084 ], [ 128.220282883852917, -3.598969778296989 ], [ 128.220350257499234, -3.599168810971801 ], [ 128.220350257499234, -3.599470946075224 ], [ 128.220439190712369, -3.599834045992733 ], [ 128.220466140170885, -3.600245559057571 ], [ 128.220608972301051, -3.600485832395063 ], [ 128.22082007639284, -3.600753898469155 ], [ 128.220915297812951, -3.600856104242508 ], [ 128.221038367006884, -3.600979827005427 ], [ 128.221288098655862, -3.601021067922664 ], [ 128.221456083613987, -3.601075756962206 ], [ 128.221560288186964, -3.601220100149153 ], [ 128.221807324890079, -3.601553613512207 ], [ 128.22208041273646, -3.601798369208965 ], [ 128.222278042098964, -3.601882644049028 ], [ 128.222426264120827, -3.601967815422014 ], [ 128.222461298416903, -3.602042228299258 ], [ 128.222441535480669, -3.602182088630386 ], [ 128.22239122982478, -3.602480636573003 ], [ 128.22242895906669, -3.602712840460661 ], [ 128.222534960270224, -3.602893941521106 ], [ 128.22254933331476, -3.602997940133585 ], [ 128.222564604674602, -3.603147662253089 ], [ 128.222584367610864, -3.603286625874897 ], [ 128.22262838505975, -3.603396003678423 ], [ 128.222742471100844, -3.603500898772733 ], [ 128.222766725613496, -3.603630896949753 ], [ 128.222880811654619, -3.603820066677615 ], [ 128.222920337527114, -3.604033442911124 ], [ 128.222930218995231, -3.604253094863924 ], [ 128.222969744867726, -3.604436885232651 ], [ 128.223127848357734, -3.604566883275913 ], [ 128.223206900102753, -3.604656537088027 ], [ 128.223232052930712, -3.604746190891304 ], [ 128.223206900102753, -3.604795500479338 ], [ 128.223152102870415, -3.60487977504179 ], [ 128.223147611293996, -3.604964946134207 ], [ 128.223142221402298, -3.605189080549817 ], [ 128.223186238851213, -3.605368388042532 ], [ 128.223290443424162, -3.605517213234634 ], [ 128.223384766528994, -3.605597005044464 ], [ 128.223552751487119, -3.605682176069704 ], [ 128.223745889273204, -3.60575658864312 ], [ 128.223919264123055, -3.605865966149616 ], [ 128.224058502992079, -3.605960999054414 ], [ 128.22416180924975, -3.606001343209108 ], [ 128.224226487950233, -3.606075755756401 ], [ 128.224250742462885, -3.606180650541641 ], [ 128.224266013822728, -3.606290027997121 ], [ 128.224280386867264, -3.60637968163934 ], [ 128.224329794207904, -3.606483679853236 ], [ 128.224394472908358, -3.606573333476357 ], [ 128.224513050525843, -3.606643263296252 ], [ 128.224745714184451, -3.606767881808115 ], [ 128.225062819479717, -3.606957050883397 ], [ 128.22520654992519, -3.607032359888194 ], [ 128.22538441635146, -3.607092427780404 ], [ 128.225543418156747, -3.607176702129947 ], [ 128.225716793006569, -3.607252011116543 ], [ 128.225845252092199, -3.607386491434229 ], [ 128.225934185305306, -3.607460903868131 ], [ 128.225998864005788, -3.607590004943818 ], [ 128.226018626942022, -3.607789932267891 ], [ 128.226003355582208, -3.607944136272554 ], [ 128.226013237050324, -3.608088478369487 ], [ 128.226023118518441, -3.608227441236175 ], [ 128.226126424776112, -3.608416610007638 ], [ 128.226216256304525, -3.608636260901388 ], [ 128.22628003668973, -3.608859497877765 ], [ 128.226413885667057, -3.60899397795754 ], [ 128.226557616112501, -3.609063907591155 ], [ 128.226641159433939, -3.609123975349065 ], [ 128.226730990962352, -3.609213628711692 ], [ 128.226765126943121, -3.609308661266414 ], [ 128.22674446569161, -3.60944134821298 ], [ 128.226720211178929, -3.60967623992221 ], [ 128.226682481937019, -3.609825064408833 ], [ 128.226606125137863, -3.609900373175904 ], [ 128.226556717797223, -3.609995405658772 ], [ 128.226551327905526, -3.610104782655047 ], [ 128.22661600660598, -3.610249124408656 ], [ 128.226689668459301, -3.610373742425926 ], [ 128.226774110095988, -3.610512704943002 ], [ 128.226902569181618, -3.610662425824695 ], [ 128.226917840541432, -3.610752079035448 ], [ 128.226872924777211, -3.610826491193651 ], [ 128.226843280372861, -3.610920627047701 ], [ 128.226897179289921, -3.611005797573907 ], [ 128.227016655222684, -3.611110691789937 ], [ 128.227060672671598, -3.611169862880815 ], [ 128.227070554139715, -3.611259516041461 ], [ 128.227025638375522, -3.611349169193253 ], [ 128.226934010216553, -3.611429857022298 ], [ 128.22683160227416, -3.611546406096033 ], [ 128.226773211780682, -3.611612749408244 ], [ 128.226773211780682, -3.611692540682725 ], [ 128.226807347761508, -3.611737367238346 ], [ 128.226891789398223, -3.611792055633205 ], [ 128.226986112503056, -3.611842261369846 ], [ 128.227094808652424, -3.611861985051339 ], [ 128.22715948735285, -3.61191667343869 ], [ 128.227213386269909, -3.611981223662143 ], [ 128.227238539097868, -3.612041291227067 ], [ 128.227228657629752, -3.612095979603613 ], [ 128.227199911540652, -3.612126461648128 ], [ 128.227114571588658, -3.612150667976866 ], [ 128.227015756907406, -3.612185632672791 ], [ 128.22698072261133, -3.612255562060602 ], [ 128.226995095655894, -3.612339835931062 ], [ 128.227034621528361, -3.612404386124419 ], [ 128.227124453056774, -3.61241424795911 ], [ 128.227203504801793, -3.612425006324108 ], [ 128.227331963887423, -3.612390041637403 ], [ 128.227441558352069, -3.61239452428962 ], [ 128.227510728628971, -3.612429488976152 ], [ 128.227564627546002, -3.612469832843552 ], [ 128.227599661842106, -3.612509280178833 ], [ 128.227584390482235, -3.612589071374499 ], [ 128.227540373033321, -3.612653621550129 ], [ 128.227490965692709, -3.612728033552449 ], [ 128.227511626944249, -3.612801549018629 ], [ 128.227550254501466, -3.612848168579463 ], [ 128.227653560759137, -3.612907339557071 ], [ 128.227733510819434, -3.612937821574334 ], [ 128.227753273755667, -3.613002371725156 ], [ 128.227738002395853, -3.613062439222491 ], [ 128.227683205163515, -3.61309650735354 ], [ 128.2275987635268, -3.613136851191287 ], [ 128.22751522020539, -3.613186160323875 ], [ 128.227430778568674, -3.613256089634586 ], [ 128.227401134164296, -3.613340363412128 ], [ 128.227375981336309, -3.613459601828682 ], [ 128.227356218400075, -3.613525048471709 ], [ 128.227405625740715, -3.613599460402566 ], [ 128.227464914549444, -3.613679251502365 ], [ 128.227553847762579, -3.613763525240602 ], [ 128.22767332369537, -3.613853178145025 ], [ 128.227801782781029, -3.613888142775349 ], [ 128.22792575029024, -3.613918624759659 ], [ 128.228019175079794, -3.613958072031953 ], [ 128.228113498184626, -3.613988554013915 ], [ 128.228158413948819, -3.61404772491715 ], [ 128.228202431397705, -3.614123033333868 ], [ 128.228234770747974, -3.614180411170981 ], [ 128.228314720808243, -3.61422972024685 ], [ 128.228480010820505, -3.614367785645023 ], [ 128.228575232240644, -3.614443990563586 ], [ 128.228670453660754, -3.614504954493826 ], [ 128.228716267740225, -3.614673501809047 ], [ 128.22872614920837, -3.614777499073029 ], [ 128.228624639581284, -3.614906599108275 ], [ 128.228524028269447, -3.615018665096194 ], [ 128.228465637775969, -3.615117283154108 ], [ 128.22844048494801, -3.61524996925147 ], [ 128.228394670868511, -3.615343208119083 ], [ 128.228353348365459, -3.615368310889495 ], [ 128.228314720808243, -3.615417619900779 ], [ 128.228258126945349, -3.615587960100954 ], [ 128.22824105895495, -3.615694646841608 ], [ 128.228244652216091, -3.615764575958924 ], [ 128.228292262926118, -3.615900848069479 ], [ 128.2282994494484, -3.615971673697796 ], [ 128.228292262926118, -3.61605684374984 ], [ 128.228288669665005, -3.616124083258959 ], [ 128.228311127547101, -3.616198494976572 ], [ 128.228276991566304, -3.616232562989826 ], [ 128.228240160639672, -3.616276492794501 ], [ 128.228235669063253, -3.616354490605719 ], [ 128.228276991566304, -3.616499727891486 ], [ 128.228285974719142, -3.616606414524848 ], [ 128.228265313467602, -3.616737307351988 ], [ 128.228242855585506, -3.616780340606097 ], [ 128.228171888678077, -3.616805443336718 ], [ 128.228155719002956, -3.616826063436351 ], [ 128.228078463888522, -3.616862821004097 ], [ 128.227898800831696, -3.616925577823634 ], [ 128.227764951854368, -3.616988334638827 ], [ 128.227719137774898, -3.617060953233839 ], [ 128.227687696739935, -3.617354117132331 ], [ 128.227667933803673, -3.617405219086583 ], [ 128.227592475319796, -3.617439287054482 ], [ 128.227335557148535, -3.617540594425146 ], [ 128.2270723507703, -3.617798793690315 ], [ 128.226966349566766, -3.617948513369407 ], [ 128.226937603477694, -3.618044441534025 ], [ 128.226971739458463, -3.618113473945271 ], [ 128.227033723213083, -3.618161886282488 ], [ 128.227110080012238, -3.618195057697235 ], [ 128.227147809254177, -3.618229125635444 ], [ 128.227136131155476, -3.618360018228217 ], [ 128.227010367015708, -3.618641526891076 ], [ 128.226976231034911, -3.618721317547122 ], [ 128.226906162442759, -3.618885381458261 ], [ 128.22673188927763, -3.618978619951898 ], [ 128.226571090841759, -3.619064686245199 ], [ 128.226310579409358, -3.619232336188881 ], [ 128.226070729228525, -3.619355159924718 ], [ 128.225871303235436, -3.6195039828232 ], [ 128.225703318277311, -3.619707493614673 ], [ 128.225654809251978, -3.619842868609227 ], [ 128.225547909733166, -3.620286647422988 ], [ 128.225530841742767, -3.620416643195936 ], [ 128.225550604679029, -3.620489261516151 ], [ 128.225611690118342, -3.620552914606856 ], [ 128.225744640780363, -3.62067842773035 ], [ 128.22586950660488, -3.620848766941549 ], [ 128.225925202152467, -3.620961728716567 ], [ 128.22599796569051, -3.621112344394666 ], [ 128.226094983741177, -3.621340060908023 ], [ 128.226063542706243, -3.621460194793566 ], [ 128.226024016833719, -3.621645774719747 ], [ 128.226012338735046, -3.621805355495412 ], [ 128.226024915149026, -3.621879766746356 ], [ 128.226109356785713, -3.622073415274359 ], [ 128.226163255702772, -3.622194445583322 ], [ 128.226162357387494, -3.622334302809079 ], [ 128.226116543307995, -3.622584432024329 ], [ 128.226129119721975, -3.622775390841048 ], [ 128.226199188314126, -3.623032692093748 ], [ 128.226354596858272, -3.623597499465046 ], [ 128.22637525810984, -3.623622602006699 ], [ 128.226420173874033, -3.623676393165037 ], [ 128.226556717797223, -3.623791147625469 ], [ 128.226675295414736, -3.62391755681894 ], [ 128.226748058952751, -3.623994657453095 ], [ 128.2268235174366, -3.624122859655804 ], [ 128.226845077003418, -3.624261820064794 ], [ 128.226886399506498, -3.624532568671318 ], [ 128.226942095054113, -3.624687666346492 ], [ 128.22722147110747, -3.624910002851796 ], [ 128.227294234645484, -3.624958414825543 ], [ 128.227334658833257, -3.624985310365394 ], [ 128.227456829711912, -3.625142200998583 ], [ 128.227529593249926, -3.625302677675231 ], [ 128.227621221408924, -3.625457775218336 ], [ 128.227629306246456, -3.625464050840908 ], [ 128.228029954863189, -3.625772452810759 ], [ 128.228151227426537, -3.625905137346821 ], [ 128.228192549929588, -3.626018995007513 ], [ 128.228208719604709, -3.62646366730877 ], [ 128.228148532480674, -3.62680434352063 ], [ 128.22814134595842, -3.626911028939524 ], [ 128.228158413948819, -3.627211361773833 ], [ 128.228138651012557, -3.627299220315451 ], [ 128.228101820085897, -3.627437283720738 ], [ 128.22807127736624, -3.627584312259022 ], [ 128.228060497582845, -3.627637206666335 ], [ 128.228048819484144, -3.627730444258129 ], [ 128.228087447041361, -3.627928574108748 ], [ 128.22810002345534, -3.628221734486761 ], [ 128.228126972913884, -3.628523859914428 ], [ 128.228184465092028, -3.62869150810519 ], [ 128.228214109496435, -3.628876190033331 ], [ 128.228344365212621, -3.629149626799359 ], [ 128.228476417559364, -3.629362997070768 ], [ 128.228559062565523, -3.629449958889618 ], [ 128.228692911542851, -3.629527059051905 ], [ 128.229238188920334, -3.629706361729448 ], [ 128.229398987356177, -3.629724291995246 ], [ 128.229561582422605, -3.62981125377931 ], [ 128.229707109498634, -3.629868630621944 ], [ 128.22983736521482, -3.629830977069377 ], [ 128.229853534889941, -3.629827391016669 ], [ 128.229968519246313, -3.629800495620911 ], [ 128.230044876045469, -3.62981394331889 ], [ 128.23008530023327, -3.629869527135081 ], [ 128.230087096863826, -3.629898215555002 ], [ 128.230090690124968, -3.62996904008778 ], [ 128.230051164252444, -3.630084690262278 ], [ 128.230032299631489, -3.630159100831837 ], [ 128.23002780805507, -3.630268475392833 ], [ 128.230063740666452, -3.630339299896575 ], [ 128.230166148608816, -3.63036081620041 ], [ 128.230333235251663, -3.630319576617609 ], [ 128.230433846563471, -3.630269371905573 ], [ 128.230423066780077, -3.630267578880092 ], [ 128.230420371834214, -3.630215581139579 ], [ 128.230565000594936, -3.630201236934774 ], [ 128.230619797827302, -3.630175238062981 ], [ 128.230639560763535, -3.630238890471904 ], [ 128.230641357394092, -3.630243373035743 ], [ 128.230755443435186, -3.630274750981997 ], [ 128.230928818285037, -3.63026040677813 ], [ 128.230954869428274, -3.630246959086799 ], [ 128.231041107695546, -3.630201236934774 ], [ 128.231152498790777, -3.630080207697651 ], [ 128.231163278574201, -3.62992869700017 ], [ 128.231164176889479, -3.629908973712238 ], [ 128.231135430800379, -3.629854286411626 ], [ 128.230998886877217, -3.629736843181092 ], [ 128.230874919367977, -3.629721602455398 ], [ 128.230831800234341, -3.629716223375681 ], [ 128.230722205769666, -3.629685741923343 ], [ 128.230759935011605, -3.629644502309718 ], [ 128.230799460884128, -3.629600573154002 ], [ 128.230805749091104, -3.629579056832057 ], [ 128.230838088441317, -3.629466992646969 ], [ 128.230835393495482, -3.629378237802512 ], [ 128.230937801437875, -3.629347756338768 ], [ 128.23097732731037, -3.629336101661182 ], [ 128.231019548128728, -3.629278724784722 ], [ 128.231072548730481, -3.629206107170225 ], [ 128.231105786396029, -3.629093146424963 ], [ 128.231197414554998, -3.629099422022292 ], [ 128.231258499994311, -3.62904742421453 ], [ 128.231265686516565, -3.629041148616841 ], [ 128.23129622923625, -3.629015149711655 ], [ 128.23131689048779, -3.628998115945786 ], [ 128.23131689048779, -3.628991840347752 ], [ 128.231318687118346, -3.628947911160297 ], [ 128.23132497532535, -3.628811641014195 ], [ 128.231360907936704, -3.628782056045549 ], [ 128.231431874844134, -3.628814330556752 ], [ 128.231554045722788, -3.628805365414866 ], [ 128.231639385674782, -3.628722886105352 ], [ 128.231593571595283, -3.628643096331373 ], [ 128.231561232245042, -3.628585719410897 ], [ 128.231537876047668, -3.628546272775957 ], [ 128.231546859200506, -3.628492481907355 ], [ 128.231615131162101, -3.628487999334826 ], [ 128.231658250295737, -3.628552548377086 ], [ 128.231693284591813, -3.628606339242114 ], [ 128.23173999698659, -3.628590201982941 ], [ 128.231770539706247, -3.628580340324417 ], [ 128.231773234652081, -3.628462000413725 ], [ 128.23171933573505, -3.628385796675151 ], [ 128.231767844760384, -3.628379521072864 ], [ 128.231803777371766, -3.628375038499775 ], [ 128.231848693135959, -3.628447656181072 ], [ 128.2318522863971, -3.628448552695619 ], [ 128.231969965699307, -3.628486206305809 ], [ 128.232059797227748, -3.628395658335799 ], [ 128.232103814676634, -3.628380417587479 ], [ 128.232149628756162, -3.628364280324273 ], [ 128.232208019249612, -3.628375038499775 ], [ 128.232255629959695, -3.62838400364593 ], [ 128.232446971115195, -3.628340970943575 ], [ 128.232449666061058, -3.628221734486761 ], [ 128.232472123943154, -3.628161667995037 ], [ 128.232544887481168, -3.6281921494988 ], [ 128.232574531885547, -3.628209183279866 ], [ 128.232641905531864, -3.628248629929522 ], [ 128.232719160646269, -3.628226217060611 ], [ 128.232791924184284, -3.628233389178722 ], [ 128.23285121299304, -3.628267456738978 ], [ 128.232931163053337, -3.628318558076955 ], [ 128.232988655231509, -3.628385796675151 ], [ 128.233025486158141, -3.628433311948192 ], [ 128.23320784416083, -3.628503240081332 ], [ 128.23339020216352, -3.628479034189704 ], [ 128.233469253908538, -3.628469172529964 ], [ 128.233532135978407, -3.628461103899191 ], [ 128.233604899516422, -3.628393865306598 ], [ 128.233733358602052, -3.628418071200507 ], [ 128.233855529480707, -3.628453931782886 ], [ 128.23387529241694, -3.62845931087012 ], [ 128.233996564980288, -3.628490688878347 ], [ 128.234170838145417, -3.628522066885482 ], [ 128.234185211189953, -3.62857137518021 ], [ 128.234127719011781, -3.628643096331373 ], [ 128.234193296027513, -3.628740816390669 ], [ 128.234333433211845, -3.628740816390669 ], [ 128.23441787484856, -3.628687025533649 ], [ 128.23445201082933, -3.628694197648103 ], [ 128.234610114319366, -3.628779366502898 ], [ 128.234670301443373, -3.62881791661348 ], [ 128.234655928398837, -3.628895016829711 ], [ 128.234714318892316, -3.628930877393158 ], [ 128.234739471720275, -3.628946118132192 ], [ 128.234698149217223, -3.62901604622564 ], [ 128.234932609506359, -3.629140661660802 ], [ 128.23497393200941, -3.629103008077889 ], [ 128.234993694945672, -3.629084181285844 ], [ 128.235148205174539, -3.62913886863308 ], [ 128.235177849578889, -3.629149626799359 ], [ 128.235177849578889, -3.629203417628836 ], [ 128.235119459085439, -3.629196245518424 ], [ 128.234983813477555, -3.629164867534703 ], [ 128.234886795426888, -3.629213279280559 ], [ 128.234867032490598, -3.629275138729822 ], [ 128.234988305053974, -3.629302034141223 ], [ 128.235136527075838, -3.629344170284143 ], [ 128.23520569735274, -3.629377341288887 ], [ 128.235311698556245, -3.62937285872075 ], [ 128.23517335800247, -3.62958264288575 ], [ 128.234860744283623, -3.630145653138997 ], [ 128.234876913958715, -3.630157307806137 ], [ 128.235204799037433, -3.629589814993094 ], [ 128.235353021059296, -3.629662432576743 ], [ 128.235361105896857, -3.629832770095724 ], [ 128.235340444645345, -3.629937662130906 ], [ 128.235355716005159, -3.63000938317359 ], [ 128.235455429001718, -3.630097241443116 ], [ 128.235525497593869, -3.63009455190438 ], [ 128.235659346571197, -3.630255924214374 ], [ 128.235753669676058, -3.630329438257145 ], [ 128.235880332131103, -3.630274750981997 ], [ 128.235882128761659, -3.630274750981997 ], [ 128.236015977739015, -3.630255924214374 ], [ 128.235975553551214, -3.630355437124498 ], [ 128.235971061974794, -3.63042626162142 ], [ 128.235970163659516, -3.630441502335222 ], [ 128.235972858605351, -3.630441502335222 ], [ 128.236086944646445, -3.630443295360358 ], [ 128.236186657642975, -3.630339299896575 ], [ 128.236351049339987, -3.630334817333211 ], [ 128.236469626957472, -3.630324955693734 ], [ 128.236647493383742, -3.630196754370725 ], [ 128.236558560170607, -3.63001207271258 ], [ 128.236447169075376, -3.629851596872167 ], [ 128.236373507222083, -3.629775393250814 ], [ 128.23624235319059, -3.629730567588191 ], [ 128.236148928401064, -3.62972877456164 ], [ 128.236119283996686, -3.629787047922731 ], [ 128.235980943442911, -3.629761049039015 ], [ 128.235788703972105, -3.629604159207611 ], [ 128.235733008424518, -3.629560230049933 ], [ 128.235476988568507, -3.629286793408194 ], [ 128.23551292117989, -3.629217761849488 ], [ 128.235584786402626, -3.629121834869542 ], [ 128.235640481950242, -3.629019632281568 ], [ 128.235701567389555, -3.628950600702448 ], [ 128.23576983935115, -3.628891430773289 ], [ 128.235795890494387, -3.628835846896912 ], [ 128.235851586042003, -3.62875605713291 ], [ 128.23592704452588, -3.628677163876181 ], [ 128.235990824911028, -3.628589305468534 ], [ 128.236112097474404, -3.628603649698938 ], [ 128.23632499819675, -3.62863054513033 ], [ 128.236366320699801, -3.628583926382074 ], [ 128.2363833886902, -3.628464689957322 ], [ 128.236416626355719, -3.628376831529013 ], [ 128.236472321903335, -3.628335591855637 ], [ 128.236492084839568, -3.628280904459778 ], [ 128.236465135381053, -3.628228010090144 ], [ 128.236431897715562, -3.628167943598837 ], [ 128.236403151626433, -3.628115945737467 ], [ 128.236377998798503, -3.628030776820138 ], [ 128.236332184719004, -3.62793395319911 ], [ 128.236273794225525, -3.627885541384704 ], [ 128.236199234056954, -3.627852370325189 ], [ 128.23615521660804, -3.627820992294796 ], [ 128.236121978942549, -3.627779752596053 ], [ 128.236061791818486, -3.627715203498589 ], [ 128.235997113118032, -3.62767665334096 ], [ 128.235929739471743, -3.627699066223502 ], [ 128.235835416366911, -3.627733133803903 ], [ 128.235750974730195, -3.627741202441177 ], [ 128.23567012635462, -3.627709824406925 ], [ 128.235612634176448, -3.62765603348853 ], [ 128.235572209988646, -3.627584312259022 ], [ 128.235565023466364, -3.627494660714133 ], [ 128.235552447052385, -3.62740052658243 ], [ 128.235569515042783, -3.627303702893876 ], [ 128.235613532491726, -3.627172811594713 ], [ 128.235627007220984, -3.627068815754469 ], [ 128.235629702166847, -3.626962130354197 ], [ 128.235609939230585, -3.62689220210181 ], [ 128.235554243682969, -3.626825859908647 ], [ 128.235395241877683, -3.626729932674788 ], [ 128.235309003610411, -3.62663579846344 ], [ 128.235302715403407, -3.626582007481127 ], [ 128.235317088447943, -3.626516561781663 ], [ 128.235319783393805, -3.626452909110515 ], [ 128.235300020457572, -3.626356085320458 ], [ 128.235260494585049, -3.626203677481768 ], [ 128.23520569735274, -3.626034235795651 ], [ 128.235170663056635, -3.625915895551594 ], [ 128.235159883273212, -3.625836105529813 ], [ 128.235169764741357, -3.6257419712254 ], [ 128.235199409145736, -3.625609286665395 ], [ 128.235262291215605, -3.625486463778308 ], [ 128.235325173285503, -3.625432672727615 ], [ 128.235418598075057, -3.625406673718632 ], [ 128.23554166726899, -3.625306263745891 ], [ 128.235684499399156, -3.625098271624034 ], [ 128.23561173586117, -3.624992482509219 ], [ 128.235590176294323, -3.624540637337156 ], [ 128.235405123345799, -3.624241200134485 ], [ 128.235389851985957, -3.624216994128743 ], [ 128.23526408784619, -3.624014380870079 ], [ 128.235045797232146, -3.623780389395422 ], [ 128.234981118531692, -3.623641428912482 ], [ 128.23497393200941, -3.623364404402159 ], [ 128.234937101082778, -3.623283717635629 ], [ 128.234871524067017, -3.623217375177759 ], [ 128.234849964500199, -3.623196755223647 ], [ 128.234879608904578, -3.622955591377619 ], [ 128.234879608904578, -3.622853388092626 ], [ 128.234829303248688, -3.622765529119106 ], [ 128.234742166666109, -3.622677670137056 ], [ 128.234683776172659, -3.622488504340631 ], [ 128.234647843561277, -3.62229126981884 ], [ 128.23448794344074, -3.622101207420811 ], [ 128.234510401322837, -3.621400127852787 ], [ 128.234217550540194, -3.620457883230353 ], [ 128.234184312874675, -3.620217615177352 ], [ 128.234104362814378, -3.61999886361097 ], [ 128.233894157037923, -3.619757698913028 ], [ 128.233727070395048, -3.619581980356614 ], [ 128.23361837424568, -3.619238611854619 ], [ 128.233488118529493, -3.618924828514432 ], [ 128.233372235857843, -3.618611045065561 ], [ 128.233350676291025, -3.617873205270441 ], [ 128.233263539708474, -3.617763829210797 ], [ 128.233241980141656, -3.61734784145354 ], [ 128.233082978336341, -3.616953370128041 ], [ 128.233003028276045, -3.616653930416337 ], [ 128.232974282186973, -3.616252286575862 ], [ 128.23290960348649, -3.615982432020602 ], [ 128.232844026470787, -3.615792368298923 ], [ 128.23276407641049, -3.615690164205699 ], [ 128.232735330321418, -3.615587960100954 ], [ 128.232655380261122, -3.615508169169067 ], [ 128.232626634172021, -3.615230245643631 ], [ 128.232597888082921, -3.615062594959681 ], [ 128.232488293618275, -3.614937977586289 ], [ 128.232416428395538, -3.614799912274911 ], [ 128.232300545723888, -3.614252133462267 ], [ 128.232271799634788, -3.614062069377959 ], [ 128.232147832125577, -3.61395269285856 ], [ 128.23207596690284, -3.613820903100453 ], [ 128.232003203364826, -3.613551047821738 ], [ 128.23198883032029, -3.613265951460021 ], [ 128.23190169373774, -3.612784514947727 ], [ 128.231844201559539, -3.612470729373919 ], [ 128.231793895903621, -3.612134530424445 ], [ 128.231706759321099, -3.611740056831612 ], [ 128.231713945843353, -3.61160199103362 ], [ 128.231633995783056, -3.611484545435682 ], [ 128.231554944038066, -3.611309721807556 ], [ 128.231510926589152, -3.610959177918446 ], [ 128.231351924783866, -3.610689321788851 ], [ 128.231140820692104, -3.610462499132833 ], [ 128.230756341750464, -3.609680722587826 ], [ 128.230358388079594, -3.609023563572419 ], [ 128.230263166659512, -3.608753706867686 ], [ 128.230118537898761, -3.608491022357182 ], [ 128.229820297224421, -3.608220268959706 ], [ 128.229435818282809, -3.607927998645385 ], [ 128.229195968101976, -3.607759450077825 ], [ 128.228804302638082, -3.607036842566854 ], [ 128.228732437415374, -3.606700641605995 ], [ 128.228536604683427, -3.606036308141728 ], [ 128.228486299027509, -3.605510937474012 ], [ 128.228420722011776, -3.605241079726345 ], [ 128.228377602878112, -3.605160391347702 ], [ 128.228363229833576, -3.604598262111159 ], [ 128.228334483744504, -3.60429881832498 ], [ 128.228283279773279, -3.604240543325192 ], [ 128.228284178088586, -3.604057649455461 ], [ 128.228334483744504, -3.604058545994127 ], [ 128.228320110699968, -3.603743860867805 ], [ 128.228233872432668, -3.603371797116481 ], [ 128.228066785789821, -3.602926216953837 ], [ 128.228016480133931, -3.602714633540645 ], [ 128.227827833924266, -3.602342569368471 ], [ 128.227719137774898, -3.60204312483991 ], [ 128.227414608893554, -3.601261341055506 ], [ 128.227334658833257, -3.601188721197416 ], [ 128.227247522250707, -3.600976240838623 ], [ 128.227095706967702, -3.600582658945979 ], [ 128.226797466293391, -3.600019630339112 ], [ 128.226500123934329, -3.599647565065525 ], [ 128.226398614307215, -3.599545359156532 ], [ 128.226318664246918, -3.599355291997028 ], [ 128.226217154619803, -3.599136535405867 ], [ 128.225999762321067, -3.5988729515746 ], [ 128.225985389276531, -3.598712470225013 ], [ 128.225941371827588, -3.598573505905045 ], [ 128.225738352573387, -3.5983762661887 ], [ 128.225469756303454, -3.598062475642876 ], [ 128.225005327301545, -3.597529031466977 ], [ 128.224592102270861, -3.596769657454428 ], [ 128.224381896494378, -3.596360832458414 ], [ 128.224250742462885, -3.595929593612608 ], [ 128.224164504195613, -3.595506423486631 ], [ 128.223968671463666, -3.594718358258287 ], [ 128.22389680624093, -3.59427277386308 ], [ 128.223802483136126, -3.593878292526714 ], [ 128.223606650404179, -3.593469466234477 ], [ 128.223127848357734, -3.592622226953561 ], [ 128.222960761714887, -3.592432158350762 ], [ 128.222881709969897, -3.59203050381464 ], [ 128.222808946431883, -3.591709538678804 ], [ 128.222743369416122, -3.591556228476327 ], [ 128.222728996371586, -3.591366159651542 ], [ 128.222664317671132, -3.591110642536997 ], [ 128.2225987406554, -3.590855125350935 ], [ 128.222548434999482, -3.590409539069428 ], [ 128.222483756299027, -3.590118159592708 ], [ 128.222295110089362, -3.589658228106415 ], [ 128.222157667850894, -3.588788571446712 ], [ 128.222167549319039, -3.588047121249012 ], [ 128.222167549319039, -3.587750361690521 ], [ 128.222167549319039, -3.587464360695523 ], [ 128.222125328500653, -3.586945255212625 ], [ 128.22191063114775, -3.586404632090606 ], [ 128.221803731628938, -3.585886422562424 ], [ 128.221631255094366, -3.585647938494013 ], [ 128.221137181688135, -3.584869726890774 ], [ 128.220428410928974, -3.584134549422282 ], [ 128.219812166644061, -3.58347737198992 ], [ 128.219332466282339, -3.582967229837712 ] ] ] } },
{ "type": "Feature", "properties": { "FID": 48, "Provinsi": "MALUKU", "Kode_Prov": "81", "Kota_Kab": "KOTA AMBON", "Kode_Kab": "8171", "Kecamatan": "Baguala", "Kode_Kec": "817140", "Kelurahan": "Negeri Lama", "Kode_Kel": "81714011", "Sumber": "Wilkerstat BPS Tahun 2019", "city": "ambon", "source_layer": "Wilayah Administrasi", "role": "admin" }, "geometry": { "type": "Polygon", "coordinates": [ [ [ 128.222758640775936, -3.581604458546205 ], [ 128.221658204552909, -3.579274294249859 ], [ 128.221105740653172, -3.579296708324814 ], [ 128.218626390469012, -3.57940070962543 ], [ 128.218131418747447, -3.579573746245975 ], [ 128.217722685293182, -3.579897405329285 ], [ 128.217377732224094, -3.580069545293757 ], [ 128.217119915737527, -3.580371686715658 ], [ 128.216964507193381, -3.580731207980966 ], [ 128.216839641368921, -3.581019900765132 ], [ 128.219332466282339, -3.582967229837712 ], [ 128.219812166644061, -3.58347737198992 ], [ 128.220428410928974, -3.584134549422282 ], [ 128.221137181688135, -3.584869726890774 ], [ 128.221631255094366, -3.585647938494013 ], [ 128.221803731628938, -3.585886422562424 ], [ 128.22191063114775, -3.586404632090606 ], [ 128.222125328500653, -3.586945255212625 ], [ 128.222167549319039, -3.587464360695523 ], [ 128.222167549319039, -3.587750361690521 ], [ 128.222167549319039, -3.588047121249012 ], [ 128.222157667850894, -3.588788571446712 ], [ 128.222295110089362, -3.589658228106415 ], [ 128.222483756299027, -3.590118159592708 ], [ 128.222548434999482, -3.590409539069428 ], [ 128.2225987406554, -3.590855125350935 ], [ 128.222664317671132, -3.591110642536997 ], [ 128.222728996371586, -3.591366159651542 ], [ 128.222743369416122, -3.591556228476327 ], [ 128.222808946431883, -3.591709538678804 ], [ 128.222881709969897, -3.59203050381464 ], [ 128.222960761714887, -3.592432158350762 ], [ 128.223127848357734, -3.592622226953561 ], [ 128.223606650404179, -3.593469466234477 ], [ 128.223802483136126, -3.593878292526714 ], [ 128.22389680624093, -3.59427277386308 ], [ 128.223968671463666, -3.594718358258287 ], [ 128.224164504195613, -3.595506423486631 ], [ 128.224250742462885, -3.595929593612608 ], [ 128.224381896494378, -3.596360832458414 ], [ 128.224592102270861, -3.596769657454428 ], [ 128.225005327301545, -3.597529031466977 ], [ 128.225469756303454, -3.598062475642876 ], [ 128.225738352573387, -3.5983762661887 ], [ 128.225941371827588, -3.598573505905045 ], [ 128.225985389276531, -3.598712470225013 ], [ 128.225999762321067, -3.5988729515746 ], [ 128.226217154619803, -3.599136535405867 ], [ 128.226318664246918, -3.599355291997028 ], [ 128.226398614307215, -3.599545359156532 ], [ 128.226500123934329, -3.599647565065525 ], [ 128.226797466293391, -3.600019630339112 ], [ 128.227095706967702, -3.600582658945979 ], [ 128.227247522250707, -3.600976240838623 ], [ 128.227334658833257, -3.601188721197416 ], [ 128.227414608893554, -3.601261341055506 ], [ 128.227719137774898, -3.60204312483991 ], [ 128.227827833924266, -3.602342569368471 ], [ 128.228016480133931, -3.602714633540645 ], [ 128.228066785789821, -3.602926216953837 ], [ 128.228233872432668, -3.603371797116481 ], [ 128.228320110699968, -3.603743860867805 ], [ 128.228334483744504, -3.604058545994127 ], [ 128.228284178088586, -3.604057649455461 ], [ 128.228283279773279, -3.604240543325192 ], [ 128.228334483744504, -3.60429881832498 ], [ 128.228363229833576, -3.604598262111159 ], [ 128.228377602878112, -3.605160391347702 ], [ 128.228420722011776, -3.605241079726345 ], [ 128.228486299027509, -3.605510937474012 ], [ 128.228536604683427, -3.606036308141728 ], [ 128.228732437415374, -3.606700641605995 ], [ 128.228804302638082, -3.607036842566854 ], [ 128.229195968101976, -3.607759450077825 ], [ 128.229435818282809, -3.607927998645385 ], [ 128.229820297224421, -3.608220268959706 ], [ 128.230118537898761, -3.608491022357182 ], [ 128.230263166659512, -3.608753706867686 ], [ 128.230358388079594, -3.609023563572419 ], [ 128.230756341750464, -3.609680722587826 ], [ 128.231140820692104, -3.610462499132833 ], [ 128.231351924783866, -3.610689321788851 ], [ 128.231510926589152, -3.610959177918446 ], [ 128.231554944038066, -3.611309721807556 ], [ 128.231633995783056, -3.611484545435682 ], [ 128.231713945843353, -3.61160199103362 ], [ 128.231706759321099, -3.611740056831612 ], [ 128.231793895903621, -3.612134530424445 ], [ 128.231844201559539, -3.612470729373919 ], [ 128.23190169373774, -3.612784514947727 ], [ 128.23198883032029, -3.613265951460021 ], [ 128.232003203364826, -3.613551047821738 ], [ 128.23207596690284, -3.613820903100453 ], [ 128.232147832125577, -3.61395269285856 ], [ 128.232271799634788, -3.614062069377959 ], [ 128.232300545723888, -3.614252133462267 ], [ 128.232416428395538, -3.614799912274911 ], [ 128.232488293618275, -3.614937977586289 ], [ 128.232597888082921, -3.615062594959681 ], [ 128.232626634172021, -3.615230245643631 ], [ 128.232655380261122, -3.615508169169067 ], [ 128.232735330321418, -3.615587960100954 ], [ 128.23276407641049, -3.615690164205699 ], [ 128.232844026470787, -3.615792368298923 ], [ 128.23290960348649, -3.615982432020602 ], [ 128.232974282186973, -3.616252286575862 ], [ 128.233003028276045, -3.616653930416337 ], [ 128.233082978336341, -3.616953370128041 ], [ 128.233241980141656, -3.61734784145354 ], [ 128.233263539708474, -3.617763829210797 ], [ 128.233350676291025, -3.617873205270441 ], [ 128.233372235857843, -3.618611045065561 ], [ 128.233488118529493, -3.618924828514432 ], [ 128.23361837424568, -3.619238611854619 ], [ 128.233727070395048, -3.619581980356614 ], [ 128.233894157037923, -3.619757698913028 ], [ 128.234104362814378, -3.61999886361097 ], [ 128.234184312874675, -3.620217615177352 ], [ 128.234217550540194, -3.620457883230353 ], [ 128.234510401322837, -3.621400127852787 ], [ 128.23448794344074, -3.622101207420811 ], [ 128.234647843561277, -3.62229126981884 ], [ 128.234683776172659, -3.622488504340631 ], [ 128.234742166666109, -3.622677670137056 ], [ 128.234829303248688, -3.622765529119106 ], [ 128.234879608904578, -3.622853388092626 ], [ 128.234879608904578, -3.622955591377619 ], [ 128.234849964500199, -3.623196755223647 ], [ 128.234871524067017, -3.623217375177759 ], [ 128.234937101082778, -3.623283717635629 ], [ 128.23497393200941, -3.623364404402159 ], [ 128.234981118531692, -3.623641428912482 ], [ 128.235045797232146, -3.623780389395422 ], [ 128.23526408784619, -3.624014380870079 ], [ 128.235389851985957, -3.624216994128743 ], [ 128.235405123345799, -3.624241200134485 ], [ 128.235590176294323, -3.624540637337156 ], [ 128.23561173586117, -3.624992482509219 ], [ 128.235684499399156, -3.625098271624034 ], [ 128.23554166726899, -3.625306263745891 ], [ 128.235418598075057, -3.625406673718632 ], [ 128.235325173285503, -3.625432672727615 ], [ 128.235262291215605, -3.625486463778308 ], [ 128.235199409145736, -3.625609286665395 ], [ 128.235169764741357, -3.6257419712254 ], [ 128.235159883273212, -3.625836105529813 ], [ 128.235170663056635, -3.625915895551594 ], [ 128.23520569735274, -3.626034235795651 ], [ 128.235260494585049, -3.626203677481768 ], [ 128.235300020457572, -3.626356085320458 ], [ 128.235319783393805, -3.626452909110515 ], [ 128.235317088447943, -3.626516561781663 ], [ 128.235302715403407, -3.626582007481127 ], [ 128.235309003610411, -3.62663579846344 ], [ 128.235395241877683, -3.626729932674788 ], [ 128.235554243682969, -3.626825859908647 ], [ 128.235609939230585, -3.62689220210181 ], [ 128.235629702166847, -3.626962130354197 ], [ 128.235627007220984, -3.627068815754469 ], [ 128.235613532491726, -3.627172811594713 ], [ 128.235569515042783, -3.627303702893876 ], [ 128.235552447052385, -3.62740052658243 ], [ 128.235565023466364, -3.627494660714133 ], [ 128.235572209988646, -3.627584312259022 ], [ 128.235612634176448, -3.62765603348853 ], [ 128.23567012635462, -3.627709824406925 ], [ 128.235750974730195, -3.627741202441177 ], [ 128.235835416366911, -3.627733133803903 ], [ 128.235929739471743, -3.627699066223502 ], [ 128.235997113118032, -3.62767665334096 ], [ 128.236061791818486, -3.627715203498589 ], [ 128.236121978942549, -3.627779752596053 ], [ 128.23615521660804, -3.627820992294796 ], [ 128.236199234056954, -3.627852370325189 ], [ 128.236273794225525, -3.627885541384704 ], [ 128.236332184719004, -3.62793395319911 ], [ 128.236377998798503, -3.628030776820138 ], [ 128.236403151626433, -3.628115945737467 ], [ 128.236431897715562, -3.628167943598837 ], [ 128.236465135381053, -3.628228010090144 ], [ 128.236492084839568, -3.628280904459778 ], [ 128.236472321903335, -3.628335591855637 ], [ 128.236416626355719, -3.628376831529013 ], [ 128.2363833886902, -3.628464689957322 ], [ 128.236366320699801, -3.628583926382074 ], [ 128.23632499819675, -3.62863054513033 ], [ 128.236112097474404, -3.628603649698938 ], [ 128.235990824911028, -3.628589305468534 ], [ 128.23592704452588, -3.628677163876181 ], [ 128.235851586042003, -3.62875605713291 ], [ 128.235795890494387, -3.628835846896912 ], [ 128.23576983935115, -3.628891430773289 ], [ 128.235701567389555, -3.628950600702448 ], [ 128.235640481950242, -3.629019632281568 ], [ 128.235584786402626, -3.629121834869542 ], [ 128.23551292117989, -3.629217761849488 ], [ 128.235476988568507, -3.629286793408194 ], [ 128.235733008424518, -3.629560230049933 ], [ 128.235788703972105, -3.629604159207611 ], [ 128.235980943442911, -3.629761049039015 ], [ 128.236119283996686, -3.629787047922731 ], [ 128.236148928401064, -3.62972877456164 ], [ 128.23624235319059, -3.629730567588191 ], [ 128.236373507222083, -3.629775393250814 ], [ 128.236447169075376, -3.629851596872167 ], [ 128.236558560170607, -3.63001207271258 ], [ 128.236647493383742, -3.630196754370725 ], [ 128.236942140796941, -3.630203926473191 ], [ 128.23697987003888, -3.630197650883537 ], [ 128.237073294828406, -3.630182410165619 ], [ 128.237093057764667, -3.630178824114308 ], [ 128.237234991579527, -3.630153721754726 ], [ 128.237455977139462, -3.630097241443116 ], [ 128.237679657645202, -3.630101724007658 ], [ 128.237864710593726, -3.630004900608589 ], [ 128.237916812880201, -3.629892836476337 ], [ 128.238000356201638, -3.629831873582551 ], [ 128.23804976354225, -3.629833666608898 ], [ 128.238147679908224, -3.629839045687917 ], [ 128.23823661312133, -3.629859665490523 ], [ 128.23840639471004, -3.629900008581217 ], [ 128.238465683518768, -3.629993245939482 ], [ 128.238501616130151, -3.63002820994635 ], [ 128.23853485379567, -3.630061380925974 ], [ 128.238560904938907, -3.630087379801043 ], [ 128.238630075215781, -3.630159100831837 ], [ 128.238715415167775, -3.630215581139579 ], [ 128.238748652833266, -3.630215581139579 ], [ 128.238781890498814, -3.630263096316372 ], [ 128.238851060775687, -3.630246959086799 ], [ 128.238917536106698, -3.630232614882491 ], [ 128.238972333339035, -3.630220960216323 ], [ 128.239156487972281, -3.630282819596571 ], [ 128.239204996997643, -3.630298956825505 ], [ 128.239227454879739, -3.630273854469262 ], [ 128.239240929608997, -3.63025861375263 ], [ 128.239259794229952, -3.630234407908042 ], [ 128.239280455481492, -3.630255924214374 ], [ 128.239275065589794, -3.630268475392833 ], [ 128.239285845373189, -3.630279233545657 ], [ 128.2393810667933, -3.630369781326856 ], [ 128.239365795433486, -3.630385918554234 ], [ 128.239326269560991, -3.630359919687759 ], [ 128.239249014446557, -3.630449570948307 ], [ 128.239340642605526, -3.630534739637581 ], [ 128.239416999404682, -3.630445984898055 ], [ 128.239380168478021, -3.630419089520719 ], [ 128.239420592665823, -3.630381435991104 ], [ 128.239540068598615, -3.630536532662534 ], [ 128.239597560776787, -3.630611839707262 ], [ 128.23963798496456, -3.630656665326142 ], [ 128.239692782196897, -3.630626183905546 ], [ 128.23972871480828, -3.630656665326142 ], [ 128.239708951872018, -3.630708663041256 ], [ 128.239747579429235, -3.630777694486006 ], [ 128.239769138996053, -3.630841346852462 ], [ 128.239863462100885, -3.630862863144333 ], [ 128.239883225037119, -3.630853898022782 ], [ 128.240289263545549, -3.631503869104493 ], [ 128.240419519261764, -3.631665241162612 ], [ 128.240386281596244, -3.63172441091003 ], [ 128.240495876060891, -3.63183288877022 ], [ 128.240448265350864, -3.631892955017777 ], [ 128.240628826722968, -3.632041775852709 ], [ 128.240693505423394, -3.632134116478916 ], [ 128.240638708191085, -3.632172666446287 ], [ 128.240634216614666, -3.632217491987668 ], [ 128.240702488576233, -3.632281144252606 ], [ 128.240750099286316, -3.632326866299298 ], [ 128.240783336951807, -3.632321487235101 ], [ 128.240793218419952, -3.632376174386272 ], [ 128.240752794232179, -3.632387829024618 ], [ 128.240660267757903, -3.632341210470331 ], [ 128.240617148624239, -3.632414724343302 ], [ 128.240643199767504, -3.632533063735996 ], [ 128.240721353197216, -3.632618232228709 ], [ 128.240755489178014, -3.632637058947066 ], [ 128.240752794232179, -3.632749122738686 ], [ 128.240742912764034, -3.632831601680428 ], [ 128.240800404942206, -3.632955320078907 ], [ 128.240807591464488, -3.63304317806173 ], [ 128.240669250910742, -3.633069176850926 ], [ 128.240546181716837, -3.633076348930572 ], [ 128.240398858010224, -3.633135518585477 ], [ 128.240296450067831, -3.633292407803188 ], [ 128.240227279790986, -3.63336054254067 ], [ 128.240094329128908, -3.633439435388168 ], [ 128.239947005422295, -3.633583773420849 ], [ 128.239892208189957, -3.633768454348247 ], [ 128.239880530091256, -3.634022166434437 ], [ 128.239870648623139, -3.634190710113027 ], [ 128.239928140801339, -3.634300084185478 ], [ 128.239991921186515, -3.634444422080463 ], [ 128.240014379068612, -3.634439939537488 ], [ 128.240212906746393, -3.634392424580583 ], [ 128.240341365832052, -3.634292912115559 ], [ 128.240377298443406, -3.6340105118172 ], [ 128.240538995194555, -3.633782798496364 ], [ 128.240721353197216, -3.633621426816882 ], [ 128.240874066795527, -3.633543430494784 ], [ 128.241007017457548, -3.633477088790224 ], [ 128.241159731055888, -3.633625909363923 ], [ 128.241584634185273, -3.633174068510072 ], [ 128.24179753490759, -3.633000145581417 ], [ 128.242021215413331, -3.632817257517188 ], [ 128.242164945858804, -3.632699814672088 ], [ 128.242353592068469, -3.632534856756977 ], [ 128.242711121551565, -3.632222871052484 ], [ 128.243055176305347, -3.631922539884505 ], [ 128.243153092671321, -3.631836474814963 ], [ 128.243246517460875, -3.631810475990257 ], [ 128.243504333947442, -3.631737858579356 ], [ 128.243694776787663, -3.631684964412183 ], [ 128.244158307474265, -3.631462629573902 ], [ 128.244415225645497, -3.631043062068629 ], [ 128.244511345380914, -3.630715835139658 ], [ 128.244422412167779, -3.630103517033469 ], [ 128.244205019869014, -3.629452648430273 ], [ 128.244105306872484, -3.629111076702931 ], [ 128.244149324321427, -3.629042045130798 ], [ 128.244279580037613, -3.628836743411073 ], [ 128.244484395922399, -3.628675370847539 ], [ 128.24460387185519, -3.628581236838832 ], [ 128.244664058979225, -3.628539997174785 ], [ 128.245135674503359, -3.628218148427666 ], [ 128.24545008485282, -3.627849680779769 ], [ 128.24554530627293, -3.627737616380175 ], [ 128.245838157055573, -3.627403216129186 ], [ 128.246062735876592, -3.626823170360173 ], [ 128.246169635395404, -3.626485183704897 ], [ 128.246468774384994, -3.626100578046909 ], [ 128.246523571617331, -3.625893482624838 ], [ 128.246550521075847, -3.625791279671791 ], [ 128.246560402543992, -3.625510669750074 ], [ 128.24657747053439, -3.625311642851857 ], [ 128.246591843578955, -3.625197785102098 ], [ 128.246595436840067, -3.625168200015169 ], [ 128.246591843578955, -3.625167303497368 ], [ 128.246279229860079, -3.625125167159725 ], [ 128.245556984371632, -3.62488490034587 ], [ 128.245218319509519, -3.624772835578773 ], [ 128.2450512328667, -3.625216611975095 ], [ 128.244797907956553, -3.625510669750074 ], [ 128.24447541276956, -3.625759901569853 ], [ 128.244203223238458, -3.625952652750271 ], [ 128.24380437125231, -3.625532186168881 ], [ 128.243719929615622, -3.625585977213653 ], [ 128.243585182322988, -3.625412052824 ], [ 128.243516012046115, -3.625266816967836 ], [ 128.243440553562237, -3.625016688494208 ], [ 128.243395637798045, -3.624915381960117 ], [ 128.243344433826849, -3.624694838492676 ], [ 128.243285145018064, -3.62456753288943 ], [ 128.24322765283992, -3.624494914896454 ], [ 128.243200703381405, -3.624445606379381 ], [ 128.24318633033684, -3.624294991256042 ], [ 128.243196211804985, -3.6241990637537 ], [ 128.243171058976998, -3.624142583069993 ], [ 128.243108176907128, -3.624078033712866 ], [ 128.243065057773464, -3.624008105237448 ], [ 128.243040803260811, -3.62395341757983 ], [ 128.243056972935932, -3.623897833399846 ], [ 128.243139617942063, -3.623779492876245 ], [ 128.243150397725458, -3.623689840954122 ], [ 128.24314949941018, -3.623661152337165 ], [ 128.243146804464345, -3.623583155155218 ], [ 128.243128838158668, -3.623478262382688 ], [ 128.24289976776123, -3.623118758001667 ], [ 128.242815326124514, -3.622907179296693 ], [ 128.242784783404858, -3.622831871610103 ], [ 128.242691358615303, -3.622598776349989 ], [ 128.242443423596882, -3.621879766746356 ], [ 128.242265557170612, -3.620970693936202 ], [ 128.242375151635287, -3.620591465068066 ], [ 128.242342812285045, -3.620316232669506 ], [ 128.242197285209016, -3.619941486142189 ], [ 128.241879281598443, -3.619541636805687 ], [ 128.241511870647258, -3.619271783229943 ], [ 128.241207341765914, -3.618671112191328 ], [ 128.241074391103865, -3.618403051405273 ], [ 128.240882151633059, -3.618043545009169 ], [ 128.240647691343923, -3.617927893295311 ], [ 128.240504859213729, -3.617789828439285 ], [ 128.240467129971819, -3.617631143481377 ], [ 128.240415027685316, -3.617469768919414 ], [ 128.240388976542107, -3.617097710792062 ], [ 128.24022188989926, -3.616374214189103 ], [ 128.240188652233741, -3.616205667189995 ], [ 128.239311896516455, -3.616359869764867 ], [ 128.238365970522239, -3.616433384936676 ], [ 128.238358783999985, -3.616610897156227 ], [ 128.23700142960567, -3.616577725683497 ], [ 128.237041853793471, -3.616362559344429 ], [ 128.237180194347218, -3.615551202481519 ], [ 128.237828777982344, -3.615375483109484 ], [ 128.237916812880201, -3.615358449086915 ], [ 128.238183612519606, -3.613947313685134 ], [ 128.237830574612929, -3.613802075990589 ], [ 128.237720980148254, -3.61340222394598 ], [ 128.237596114323765, -3.613114437948316 ], [ 128.237527842362169, -3.612841892869489 ], [ 128.237580842963922, -3.612515555891104 ], [ 128.237729963301092, -3.611880812201454 ], [ 128.237711996995415, -3.611347376130305 ], [ 128.237896151628661, -3.611071244393877 ], [ 128.238012034300311, -3.610908075601058 ], [ 128.238148578223502, -3.610896420686163 ], [ 128.238207867032258, -3.610821112001696 ], [ 128.238321953073324, -3.610781664593054 ], [ 128.238440530690838, -3.610752079035448 ], [ 128.238639058368619, -3.610831870385574 ], [ 128.238666007827135, -3.610839939173399 ], [ 128.238948078826354, -3.610839939173399 ], [ 128.23928943863433, -3.610813043213705 ], [ 128.239441253917363, -3.610658839696081 ], [ 128.239455626961899, -3.61041587944948 ], [ 128.239464610114737, -3.610077886673578 ], [ 128.239405321306009, -3.609912028103584 ], [ 128.239262489175815, -3.60982865054074 ], [ 128.239033418778376, -3.609847477733019 ], [ 128.239030723832514, -3.609848374265975 ], [ 128.238833992785288, -3.60986451185903 ], [ 128.237928490978902, -3.610079679739034 ], [ 128.237845845972743, -3.610098506926109 ], [ 128.237726370039951, -3.610068921346245 ], [ 128.23766438628536, -3.609879752918874 ], [ 128.237703013842577, -3.609665481524642 ], [ 128.237857524071444, -3.609467347679968 ], [ 128.238069526478512, -3.609292523663483 ], [ 128.238574379668165, -3.608959909672547 ], [ 128.238605820703128, -3.608939289394167 ], [ 128.23874236462629, -3.608755499935756 ], [ 128.238778297237673, -3.608648812379426 ], [ 128.238745957887431, -3.608560055495286 ], [ 128.238689364024538, -3.608506263440073 ], [ 128.238148578223502, -3.608346680324198 ], [ 128.237857524071444, -3.608239992719862 ], [ 128.237670674492364, -3.608118064013853 ], [ 128.237640131772679, -3.607972825386815 ], [ 128.237673369438198, -3.607830276341407 ], [ 128.238116238873289, -3.607453731585611 ], [ 128.238312071605208, -3.607020704923575 ], [ 128.2383569873694, -3.606190512443905 ], [ 128.238335427802582, -3.605870448834028 ], [ 128.238232121544911, -3.605704589496073 ], [ 128.237907829727362, -3.605434731805875 ], [ 128.237542215406705, -3.605067151434576 ], [ 128.23730775511757, -3.60473812204937 ], [ 128.237180194347218, -3.604364265627983 ], [ 128.237040057162915, -3.603890893248069 ], [ 128.237014904334927, -3.603861307466145 ], [ 128.236995141398694, -3.603771653575653 ], [ 128.237024785803072, -3.603677516981126 ], [ 128.23710922743976, -3.603593242307288 ], [ 128.237178397716661, -3.60351345032167 ], [ 128.237282602289611, -3.603413934464633 ], [ 128.237402078222402, -3.603433658329055 ], [ 128.237530537308004, -3.6034991056943 ], [ 128.23766438628536, -3.6034991056943 ], [ 128.237871897116008, -3.6034991056943 ], [ 128.238169239475042, -3.603434554868337 ], [ 128.23829859687595, -3.603364624801708 ], [ 128.238383038512666, -3.603250764297107 ], [ 128.238407293025318, -3.603096559496507 ], [ 128.238387530089085, -3.602956699305921 ], [ 128.238313868235792, -3.602841942210409 ], [ 128.238215053554541, -3.6027182197006 ], [ 128.238205172086396, -3.602588221393184 ], [ 128.238155764745756, -3.602473464251206 ], [ 128.238185409150162, -3.602379327522372 ], [ 128.238215053554541, -3.602279811541304 ], [ 128.238185409150162, -3.602205398683485 ], [ 128.238076713000794, -3.602135468522398 ], [ 128.237824286405925, -3.60185664436516 ], [ 128.237571859811084, -3.601602026732171 ], [ 128.237467655238135, -3.601412856543239 ], [ 128.237408366429378, -3.601308857749639 ], [ 128.237388603493145, -3.601219203607689 ], [ 128.237457773770018, -3.601094584335714 ], [ 128.23755209687485, -3.600910793291959 ], [ 128.237612283998857, -3.600776312016925 ], [ 128.237676962699339, -3.600577279693422 ], [ 128.237606894107159, -3.600392592002967 ], [ 128.237612283998857, -3.600283213838532 ], [ 128.237597910954321, -3.600178318373413 ], [ 128.237597910954321, -3.600064457470248 ], [ 128.237592521062624, -3.599979285919203 ], [ 128.237518859209331, -3.59988963164634 ], [ 128.23744429904076, -3.599820597850221 ], [ 128.237389501808423, -3.599750667505961 ], [ 128.237340094467783, -3.599626048033006 ], [ 128.237320331531521, -3.59953639372537 ], [ 128.237290687127171, -3.599441360149641 ], [ 128.237073294828406, -3.599242327534382 ], [ 128.236637611915626, -3.598928537286859 ], [ 128.236271099279691, -3.598525092524079 ], [ 128.236024062576575, -3.598176336796282 ], [ 128.23593962093986, -3.597893028703198 ], [ 128.235909976535481, -3.597807856949132 ], [ 128.235781517449851, -3.597425032229924 ], [ 128.235875840554684, -3.597355101701783 ], [ 128.235875840554684, -3.597270826442792 ], [ 128.2358857220228, -3.597150689357992 ], [ 128.235826433214072, -3.597086138082007 ], [ 128.235751873045473, -3.597056552078987 ], [ 128.235682702768599, -3.59699110425071 ], [ 128.235597362816605, -3.596928346054797 ], [ 128.235524599278591, -3.596832415661267 ], [ 128.235494954874213, -3.596712278518681 ], [ 128.235494954874213, -3.596567934617469 ], [ 128.235514717810474, -3.5964235906934 ], [ 128.235525497593869, -3.596284626024411 ], [ 128.23554975210655, -3.596185109377473 ], [ 128.235515616125753, -3.596110696021762 ], [ 128.235456327316996, -3.596050627404892 ], [ 128.235401530084658, -3.595965455478663 ], [ 128.235253308062767, -3.595916145412474 ], [ 128.235158984957934, -3.595811249444617 ], [ 128.235133832130003, -3.595736836058393 ], [ 128.235129340553584, -3.595662422666096 ], [ 128.235064661853102, -3.595596974737731 ], [ 128.234975728639967, -3.595592492002739 ], [ 128.234772709385766, -3.595522561334019 ], [ 128.234540045727186, -3.595412286037834 ], [ 128.234366670877364, -3.595362975941729 ], [ 128.234222940431891, -3.595372837961163 ], [ 128.234131312272893, -3.595439182452768 ], [ 128.234039684113924, -3.59552166478695 ], [ 128.233890563776782, -3.595492078733156 ], [ 128.233697425990698, -3.595406906754752 ], [ 128.233574356796765, -3.595311872748406 ], [ 128.233430626351293, -3.595252700626243 ], [ 128.233316540310227, -3.595232080037314 ], [ 128.233197962692714, -3.595217735279524 ], [ 128.232855704569459, -3.595495664921546 ], [ 128.232736228636696, -3.595505526939545 ], [ 128.232582616723107, -3.595480423620792 ], [ 128.232429004809518, -3.595475940885228 ], [ 128.232296054147469, -3.595400630924449 ], [ 128.232201731042636, -3.595320838221125 ], [ 128.232097526469659, -3.59520159742674 ], [ 128.23193942297965, -3.595141528749979 ], [ 128.231795692534206, -3.595166632078062 ], [ 128.231673521655551, -3.595246424794879 ], [ 128.231626809260803, -3.595350424280475 ], [ 128.231537876047668, -3.595410492943477 ], [ 128.23140402707034, -3.595424837698235 ], [ 128.231260296624868, -3.59537014831951 ], [ 128.231141719007383, -3.595220424921627 ], [ 128.231112074603004, -3.595106563398996 ], [ 128.231117464494702, -3.594941598648078 ], [ 128.231231550535796, -3.594533669380451 ], [ 128.23119651623972, -3.594309532342553 ], [ 128.231077938622178, -3.594065671182759 ], [ 128.230989005409072, -3.59393118889763 ], [ 128.230785986154871, -3.593811947921567 ], [ 128.230454507815011, -3.593761741190141 ], [ 128.230236217200968, -3.593796706592676 ], [ 128.229681058355396, -3.594139188156914 ], [ 128.229527446441779, -3.594154429480083 ], [ 128.22926513837885, -3.594149050189581 ], [ 128.229106136573563, -3.594069257376757 ], [ 128.228833947042489, -3.593924913057173 ], [ 128.228487197342787, -3.593829878896406 ], [ 128.228147634165396, -3.593627258860208 ], [ 128.227623916354759, -3.593348432099654 ], [ 128.22700138386287, -3.593129674067092 ], [ 128.226407597460053, -3.592870571247562 ], [ 128.226091390480036, -3.592581882206277 ], [ 128.225983592645946, -3.592145262271569 ], [ 128.226023118518441, -3.59136974585615 ], [ 128.226236019240787, -3.590736780524741 ], [ 128.22650371719547, -3.590094849230554 ], [ 128.226652837532612, -3.589751469596038 ], [ 128.226712126341397, -3.589577538348094 ], [ 128.226836093850579, -3.589393744983089 ], [ 128.226935806847109, -3.58917946876939 ], [ 128.226975332719604, -3.589039606443797 ], [ 128.227000485547592, -3.58895084764914 ], [ 128.226935806847109, -3.5888656750603 ], [ 128.226827110697741, -3.588785881785657 ], [ 128.226722906124792, -3.588756295513511 ], [ 128.226574684102928, -3.588602088261365 ], [ 128.226451614908967, -3.588419191254147 ], [ 128.226342918759599, -3.588250639077822 ], [ 128.226342918759599, -3.587753947909327 ], [ 128.226244104078319, -3.587525326432371 ], [ 128.226060847760408, -3.586927324102594 ], [ 128.225945863404007, -3.586727392201918 ], [ 128.225437416953213, -3.586192148288455 ], [ 128.225208346555746, -3.585924974492453 ], [ 128.22475020576087, -3.585391523223247 ], [ 128.223934535482869, -3.584094204300201 ], [ 128.222758640775936, -3.581604458546205 ] ] ] } },
{ "type": "Feature", "properties": { "FID": 49, "Provinsi": "MALUKU", "Kode_Prov": "81", "Kota_Kab": "KOTA AMBON", "Kode_Kab": "8171", "Kecamatan": "Baguala", "Kode_Kec": "817140", "Kelurahan": "Passo", "Kode_Kel": "81714012", "Sumber": "Wilkerstat BPS Tahun 2019", "city": "ambon", "source_layer": "Wilayah Administrasi", "role": "admin" }, "geometry": { "type": "Polygon", "coordinates": [ [ [ 128.239847292425765, -3.573119368524708 ], [ 128.238620193747664, -3.572988469437213 ], [ 128.237520655839887, -3.573572135772376 ], [ 128.236356439231685, -3.574415806423892 ], [ 128.235063763537823, -3.575388581929192 ], [ 128.235062865222545, -3.575854796552113 ], [ 128.235061966907267, -3.576816811745857 ], [ 128.234349602886937, -3.578829598889363 ], [ 128.233759409745318, -3.580194167435344 ], [ 128.233507881465755, -3.58077693262055 ], [ 128.231955592654771, -3.581619700078448 ], [ 128.231837015037286, -3.581553354583303 ], [ 128.225883879649416, -3.578237866824945 ], [ 128.224992750887566, -3.578650286182929 ], [ 128.224239962679491, -3.57895153150969 ], [ 128.223916569177192, -3.579362157420545 ], [ 128.221658204552909, -3.579274294249859 ], [ 128.222758640775936, -3.581604458546205 ], [ 128.223934535482869, -3.584094204300201 ], [ 128.22475020576087, -3.585391523223247 ], [ 128.225208346555746, -3.585924974492453 ], [ 128.225437416953213, -3.586192148288455 ], [ 128.225945863404007, -3.586727392201918 ], [ 128.226060847760408, -3.586927324102594 ], [ 128.226244104078319, -3.587525326432371 ], [ 128.226342918759599, -3.587753947909327 ], [ 128.226342918759599, -3.588250639077822 ], [ 128.226451614908967, -3.588419191254147 ], [ 128.226574684102928, -3.588602088261365 ], [ 128.226722906124792, -3.588756295513511 ], [ 128.226827110697741, -3.588785881785657 ], [ 128.226935806847109, -3.5888656750603 ], [ 128.227000485547592, -3.58895084764914 ], [ 128.226975332719604, -3.589039606443797 ], [ 128.226935806847109, -3.58917946876939 ], [ 128.226836093850579, -3.589393744983089 ], [ 128.226712126341397, -3.589577538348094 ], [ 128.226652837532612, -3.589751469596038 ], [ 128.22650371719547, -3.590094849230554 ], [ 128.226236019240787, -3.590736780524741 ], [ 128.226023118518441, -3.59136974585615 ], [ 128.225983592645946, -3.592145262271569 ], [ 128.226091390480036, -3.592581882206277 ], [ 128.226407597460053, -3.592870571247562 ], [ 128.22700138386287, -3.593129674067092 ], [ 128.227623916354759, -3.593348432099654 ], [ 128.228147634165396, -3.593627258860208 ], [ 128.228487197342787, -3.593829878896406 ], [ 128.228833947042489, -3.593924913057173 ], [ 128.229106136573563, -3.594069257376757 ], [ 128.22926513837885, -3.594149050189581 ], [ 128.229527446441779, -3.594154429480083 ], [ 128.229681058355396, -3.594139188156914 ], [ 128.230236217200968, -3.593796706592676 ], [ 128.230454507815011, -3.593761741190141 ], [ 128.230785986154871, -3.593811947921567 ], [ 128.230989005409072, -3.59393118889763 ], [ 128.231077938622178, -3.594065671182759 ], [ 128.23119651623972, -3.594309532342553 ], [ 128.231231550535796, -3.594533669380451 ], [ 128.231117464494702, -3.594941598648078 ], [ 128.231112074603004, -3.595106563398996 ], [ 128.231141719007383, -3.595220424921627 ], [ 128.231260296624868, -3.59537014831951 ], [ 128.23140402707034, -3.595424837698235 ], [ 128.231537876047668, -3.595410492943477 ], [ 128.231626809260803, -3.595350424280475 ], [ 128.231673521655551, -3.595246424794879 ], [ 128.231795692534206, -3.595166632078062 ], [ 128.23193942297965, -3.595141528749979 ], [ 128.232097526469659, -3.59520159742674 ], [ 128.232201731042636, -3.595320838221125 ], [ 128.232296054147469, -3.595400630924449 ], [ 128.232429004809518, -3.595475940885228 ], [ 128.232582616723107, -3.595480423620792 ], [ 128.232736228636696, -3.595505526939545 ], [ 128.232855704569459, -3.595495664921546 ], [ 128.233197962692714, -3.595217735279524 ], [ 128.233316540310227, -3.595232080037314 ], [ 128.233430626351293, -3.595252700626243 ], [ 128.233574356796765, -3.595311872748406 ], [ 128.233697425990698, -3.595406906754752 ], [ 128.233890563776782, -3.595492078733156 ], [ 128.234039684113924, -3.59552166478695 ], [ 128.234131312272893, -3.595439182452768 ], [ 128.234222940431891, -3.595372837961163 ], [ 128.234366670877364, -3.595362975941729 ], [ 128.234540045727186, -3.595412286037834 ], [ 128.234772709385766, -3.595522561334019 ], [ 128.234975728639967, -3.595592492002739 ], [ 128.235064661853102, -3.595596974737731 ], [ 128.235129340553584, -3.595662422666096 ], [ 128.235133832130003, -3.595736836058393 ], [ 128.235158984957934, -3.595811249444617 ], [ 128.235253308062767, -3.595916145412474 ], [ 128.235401530084658, -3.595965455478663 ], [ 128.235456327316996, -3.596050627404892 ], [ 128.235515616125753, -3.596110696021762 ], [ 128.23554975210655, -3.596185109377473 ], [ 128.235525497593869, -3.596284626024411 ], [ 128.235514717810474, -3.5964235906934 ], [ 128.235494954874213, -3.596567934617469 ], [ 128.235494954874213, -3.596712278518681 ], [ 128.235524599278591, -3.596832415661267 ], [ 128.235597362816605, -3.596928346054797 ], [ 128.235682702768599, -3.59699110425071 ], [ 128.235751873045473, -3.597056552078987 ], [ 128.235826433214072, -3.597086138082007 ], [ 128.2358857220228, -3.597150689357992 ], [ 128.235875840554684, -3.597270826442792 ], [ 128.235875840554684, -3.597355101701783 ], [ 128.235781517449851, -3.597425032229924 ], [ 128.235909976535481, -3.597807856949132 ], [ 128.23593962093986, -3.597893028703198 ], [ 128.236024062576575, -3.598176336796282 ], [ 128.236271099279691, -3.598525092524079 ], [ 128.236637611915626, -3.598928537286859 ], [ 128.237073294828406, -3.599242327534382 ], [ 128.237290687127171, -3.599441360149641 ], [ 128.237320331531521, -3.59953639372537 ], [ 128.237340094467783, -3.599626048033006 ], [ 128.237389501808423, -3.599750667505961 ], [ 128.23744429904076, -3.599820597850221 ], [ 128.237518859209331, -3.59988963164634 ], [ 128.237592521062624, -3.599979285919203 ], [ 128.237597910954321, -3.600064457470248 ], [ 128.237597910954321, -3.600178318373413 ], [ 128.237612283998857, -3.600283213838532 ], [ 128.237606894107159, -3.600392592002967 ], [ 128.237676962699339, -3.600577279693422 ], [ 128.237612283998857, -3.600776312016925 ], [ 128.23755209687485, -3.600910793291959 ], [ 128.237457773770018, -3.601094584335714 ], [ 128.237388603493145, -3.601219203607689 ], [ 128.237408366429378, -3.601308857749639 ], [ 128.237467655238135, -3.601412856543239 ], [ 128.237571859811084, -3.601602026732171 ], [ 128.237824286405925, -3.60185664436516 ], [ 128.238076713000794, -3.602135468522398 ], [ 128.238185409150162, -3.602205398683485 ], [ 128.238215053554541, -3.602279811541304 ], [ 128.238185409150162, -3.602379327522372 ], [ 128.238155764745756, -3.602473464251206 ], [ 128.238205172086396, -3.602588221393184 ], [ 128.238215053554541, -3.6027182197006 ], [ 128.238313868235792, -3.602841942210409 ], [ 128.238387530089085, -3.602956699305921 ], [ 128.238407293025318, -3.603096559496507 ], [ 128.238383038512666, -3.603250764297107 ], [ 128.23829859687595, -3.603364624801708 ], [ 128.238169239475042, -3.603434554868337 ], [ 128.237871897116008, -3.6034991056943 ], [ 128.23766438628536, -3.6034991056943 ], [ 128.237530537308004, -3.6034991056943 ], [ 128.237402078222402, -3.603433658329055 ], [ 128.237282602289611, -3.603413934464633 ], [ 128.237178397716661, -3.60351345032167 ], [ 128.23710922743976, -3.603593242307288 ], [ 128.237024785803072, -3.603677516981126 ], [ 128.236995141398694, -3.603771653575653 ], [ 128.237014904334927, -3.603861307466145 ], [ 128.237040057162915, -3.603890893248069 ], [ 128.237180194347218, -3.604364265627983 ], [ 128.23730775511757, -3.60473812204937 ], [ 128.237542215406705, -3.605067151434576 ], [ 128.237907829727362, -3.605434731805875 ], [ 128.238232121544911, -3.605704589496073 ], [ 128.238335427802582, -3.605870448834028 ], [ 128.2383569873694, -3.606190512443905 ], [ 128.238312071605208, -3.607020704923575 ], [ 128.238116238873289, -3.607453731585611 ], [ 128.237673369438198, -3.607830276341407 ], [ 128.237640131772679, -3.607972825386815 ], [ 128.237670674492364, -3.608118064013853 ], [ 128.237857524071444, -3.608239992719862 ], [ 128.238148578223502, -3.608346680324198 ], [ 128.238689364024538, -3.608506263440073 ], [ 128.238745957887431, -3.608560055495286 ], [ 128.238778297237673, -3.608648812379426 ], [ 128.23874236462629, -3.608755499935756 ], [ 128.238605820703128, -3.608939289394167 ], [ 128.238574379668165, -3.608959909672547 ], [ 128.238069526478512, -3.609292523663483 ], [ 128.237857524071444, -3.609467347679968 ], [ 128.237703013842577, -3.609665481524642 ], [ 128.23766438628536, -3.609879752918874 ], [ 128.237726370039951, -3.610068921346245 ], [ 128.237845845972743, -3.610098506926109 ], [ 128.237928490978902, -3.610079679739034 ], [ 128.238833992785288, -3.60986451185903 ], [ 128.239030723832514, -3.609848374265975 ], [ 128.239033418778376, -3.609847477733019 ], [ 128.239262489175815, -3.60982865054074 ], [ 128.239405321306009, -3.609912028103584 ], [ 128.239464610114737, -3.610077886673578 ], [ 128.239455626961899, -3.61041587944948 ], [ 128.239441253917363, -3.610658839696081 ], [ 128.23928943863433, -3.610813043213705 ], [ 128.238948078826354, -3.610839939173399 ], [ 128.238666007827135, -3.610839939173399 ], [ 128.238639058368619, -3.610831870385574 ], [ 128.238440530690838, -3.610752079035448 ], [ 128.238321953073324, -3.610781664593054 ], [ 128.238207867032258, -3.610821112001696 ], [ 128.238148578223502, -3.610896420686163 ], [ 128.238012034300311, -3.610908075601058 ], [ 128.237896151628661, -3.611071244393877 ], [ 128.237711996995415, -3.611347376130305 ], [ 128.237729963301092, -3.611880812201454 ], [ 128.237580842963922, -3.612515555891104 ], [ 128.237527842362169, -3.612841892869489 ], [ 128.237596114323765, -3.613114437948316 ], [ 128.237720980148254, -3.61340222394598 ], [ 128.237830574612929, -3.613802075990589 ], [ 128.238183612519606, -3.613947313685134 ], [ 128.237916812880201, -3.615358449086915 ], [ 128.237828777982344, -3.615375483109484 ], [ 128.237180194347218, -3.615551202481519 ], [ 128.237041853793471, -3.616362559344429 ], [ 128.23700142960567, -3.616577725683497 ], [ 128.238358783999985, -3.616610897156227 ], [ 128.238365970522239, -3.616433384936676 ], [ 128.239311896516455, -3.616359869764867 ], [ 128.240188652233741, -3.616205667189995 ], [ 128.24022188989926, -3.616374214189103 ], [ 128.240388976542107, -3.617097710792062 ], [ 128.240415027685316, -3.617469768919414 ], [ 128.240467129971819, -3.617631143481377 ], [ 128.240504859213729, -3.617789828439285 ], [ 128.240647691343923, -3.617927893295311 ], [ 128.240882151633059, -3.618043545009169 ], [ 128.241074391103865, -3.618403051405273 ], [ 128.241207341765914, -3.618671112191328 ], [ 128.241511870647258, -3.619271783229943 ], [ 128.241879281598443, -3.619541636805687 ], [ 128.242197285209016, -3.619941486142189 ], [ 128.242342812285045, -3.620316232669506 ], [ 128.242375151635287, -3.620591465068066 ], [ 128.242265557170612, -3.620970693936202 ], [ 128.242443423596882, -3.621879766746356 ], [ 128.242691358615303, -3.622598776349989 ], [ 128.242784783404858, -3.622831871610103 ], [ 128.242815326124514, -3.622907179296693 ], [ 128.24289976776123, -3.623118758001667 ], [ 128.243128838158668, -3.623478262382688 ], [ 128.243146804464345, -3.623583155155218 ], [ 128.24314949941018, -3.623661152337165 ], [ 128.243150397725458, -3.623689840954122 ], [ 128.243139617942063, -3.623779492876245 ], [ 128.243056972935932, -3.623897833399846 ], [ 128.243040803260811, -3.62395341757983 ], [ 128.243065057773464, -3.624008105237448 ], [ 128.243108176907128, -3.624078033712866 ], [ 128.243171058976998, -3.624142583069993 ], [ 128.243196211804985, -3.6241990637537 ], [ 128.24318633033684, -3.624294991256042 ], [ 128.243200703381405, -3.624445606379381 ], [ 128.24322765283992, -3.624494914896454 ], [ 128.243285145018064, -3.62456753288943 ], [ 128.243344433826849, -3.624694838492676 ], [ 128.243395637798045, -3.624915381960117 ], [ 128.243440553562237, -3.625016688494208 ], [ 128.243516012046115, -3.625266816967836 ], [ 128.243585182322988, -3.625412052824 ], [ 128.243719929615622, -3.625585977213653 ], [ 128.24380437125231, -3.625532186168881 ], [ 128.244203223238458, -3.625952652750271 ], [ 128.24447541276956, -3.625759901569853 ], [ 128.244797907956553, -3.625510669750074 ], [ 128.2450512328667, -3.625216611975095 ], [ 128.245218319509519, -3.624772835578773 ], [ 128.245556984371632, -3.62488490034587 ], [ 128.246279229860079, -3.625125167159725 ], [ 128.246591843578955, -3.625167303497368 ], [ 128.246595436840067, -3.625168200015169 ], [ 128.246591843578955, -3.625197785102098 ], [ 128.24657747053439, -3.625311642851857 ], [ 128.246560402543992, -3.625510669750074 ], [ 128.246550521075847, -3.625791279671791 ], [ 128.246523571617331, -3.625893482624838 ], [ 128.246468774384994, -3.626100578046909 ], [ 128.246169635395404, -3.626485183704897 ], [ 128.246062735876592, -3.626823170360173 ], [ 128.245838157055573, -3.627403216129186 ], [ 128.24554530627293, -3.627737616380175 ], [ 128.24545008485282, -3.627849680779769 ], [ 128.245135674503359, -3.628218148427666 ], [ 128.244664058979225, -3.628539997174785 ], [ 128.24460387185519, -3.628581236838832 ], [ 128.244484395922399, -3.628675370847539 ], [ 128.244279580037613, -3.628836743411073 ], [ 128.244149324321427, -3.629042045130798 ], [ 128.244105306872484, -3.629111076702931 ], [ 128.244205019869014, -3.629452648430273 ], [ 128.244422412167779, -3.630103517033469 ], [ 128.244511345380914, -3.630715835139658 ], [ 128.244415225645497, -3.631043062068629 ], [ 128.244158307474265, -3.631462629573902 ], [ 128.243694776787663, -3.631684964412183 ], [ 128.243504333947442, -3.631737858579356 ], [ 128.243246517460875, -3.631810475990257 ], [ 128.243153092671321, -3.631836474814963 ], [ 128.243055176305347, -3.631922539884505 ], [ 128.242711121551565, -3.632222871052484 ], [ 128.242353592068469, -3.632534856756977 ], [ 128.242164945858804, -3.632699814672088 ], [ 128.242021215413331, -3.632817257517188 ], [ 128.24179753490759, -3.633000145581417 ], [ 128.241584634185273, -3.633174068510072 ], [ 128.241159731055888, -3.633625909363923 ], [ 128.241289986772074, -3.633752317181341 ], [ 128.241121103498642, -3.634041889632494 ], [ 128.240936050550118, -3.63435028867331 ], [ 128.240790523474089, -3.634542141511783 ], [ 128.240650386289786, -3.634674824759381 ], [ 128.240498571006754, -3.634788681314394 ], [ 128.240503960898451, -3.634855022922501 ], [ 128.240507554159592, -3.634895365789908 ], [ 128.240439282198025, -3.635019083905374 ], [ 128.240379095073962, -3.635080942956743 ], [ 128.240355738876588, -3.635201075015395 ], [ 128.240270398924594, -3.635343619750798 ], [ 128.240227279790986, -3.635419822901993 ], [ 128.240094329128908, -3.635438649561884 ], [ 128.240175177504483, -3.63552381778029 ], [ 128.24040065464078, -3.635549816497991 ], [ 128.240654877866206, -3.63547182034264 ], [ 128.24078603189767, -3.635393824180544 ], [ 128.240804896518625, -3.635265623577614 ], [ 128.240830947661891, -3.63519659247618 ], [ 128.24090640614574, -3.63518404136626 ], [ 128.240959406747521, -3.63517507628764 ], [ 128.240979169683754, -3.635172386764037 ], [ 128.241095052355405, -3.635154456606474 ], [ 128.241230697963317, -3.635040600097635 ], [ 128.241280105303957, -3.634926743574423 ], [ 128.241281901934514, -3.634868470545171 ], [ 128.241282800249792, -3.63484605784061 ], [ 128.241360953679532, -3.634758200033359 ], [ 128.241387004822769, -3.634778819723584 ], [ 128.241386106507491, -3.634831713709398 ], [ 128.241385208192185, -3.634938398179822 ], [ 128.241346580634968, -3.635054047717539 ], [ 128.241375326724068, -3.635154456606474 ], [ 128.241489412765162, -3.635255761992019 ], [ 128.241647516255142, -3.635286243256238 ], [ 128.241812806267433, -3.635317621027153 ], [ 128.242247590864935, -3.635422512424857 ], [ 128.242573679313068, -3.635474509865351 ], [ 128.242675188940183, -3.635431477501019 ], [ 128.242758732261592, -3.635500508584473 ], [ 128.242896174500089, -3.635610779005522 ], [ 128.242982412767333, -3.635680706582614 ], [ 128.242995887496619, -3.635667258972055 ], [ 128.243093803862592, -3.635578504737341 ], [ 128.243102787015431, -3.635522024765248 ], [ 128.243103685330709, -3.635518438735155 ], [ 128.243127041528084, -3.635369618473694 ], [ 128.243184533706255, -3.635149077559137 ], [ 128.243324670890587, -3.635063909305339 ], [ 128.243231246101033, -3.635258451515374 ], [ 128.243210584849521, -3.63540278925699 ], [ 128.243207889903658, -3.635424305440096 ], [ 128.243200703381405, -3.635575815214942 ], [ 128.243229449470476, -3.635669051986807 ], [ 128.243191720228538, -3.635770357314543 ], [ 128.243194415174401, -3.635832216314377 ], [ 128.243194415174401, -3.635839388372054 ], [ 128.243196211804985, -3.63587255913807 ], [ 128.243312094476636, -3.636111926521518 ], [ 128.243440553562237, -3.636235644470077 ], [ 128.243532181721235, -3.636196198169481 ], [ 128.243545656450493, -3.636190819128357 ], [ 128.243569910963174, -3.636200680703727 ], [ 128.243678607112543, -3.636245506044955 ], [ 128.24380437125231, -3.63637818904193 ], [ 128.24379987967589, -3.636477701276848 ], [ 128.243781015054935, -3.636529698656489 ], [ 128.243763947064537, -3.636607694720329 ], [ 128.243773828532653, -3.63667493270098 ], [ 128.243740590867162, -3.636802236597277 ], [ 128.243792693153608, -3.636902645291534 ], [ 128.243849287016531, -3.637049672287946 ], [ 128.243782811685492, -3.63722986997645 ], [ 128.243830422395575, -3.637381379447862 ], [ 128.243935525283803, -3.63754723298204 ], [ 128.244025356812216, -3.637741774656207 ], [ 128.243996610723116, -3.637936316288379 ], [ 128.244087340566807, -3.638102169720431 ], [ 128.244292156451593, -3.638164028560246 ], [ 128.24452931168662, -3.638050172431505 ], [ 128.244577820711953, -3.63801251922041 ], [ 128.24475299219236, -3.637874457432934 ], [ 128.244952418185449, -3.637770462825803 ], [ 128.245076385694631, -3.637679915787408 ], [ 128.245161725646625, -3.637652124120333 ], [ 128.245169810484185, -3.637669157722835 ], [ 128.245184183528721, -3.637649434604118 ], [ 128.24532971060475, -3.637504200716644 ], [ 128.245373728053664, -3.637513165772104 ], [ 128.245534526489507, -3.637661089174322 ], [ 128.245635137801344, -3.637687984335753 ], [ 128.245721376068616, -3.637702328421521 ], [ 128.245828275587428, -3.637731913097698 ], [ 128.245914513854729, -3.637783013899714 ], [ 128.246179516863549, -3.638146994967097 ], [ 128.246205568006786, -3.638450013576074 ], [ 128.246316060786711, -3.638594350806649 ], [ 128.246439129980644, -3.638693862796872 ], [ 128.246603521677628, -3.638793374776104 ], [ 128.246840676912626, -3.638928746910386 ], [ 128.246952966323164, -3.638995088213799 ], [ 128.247111069813172, -3.639111633734994 ], [ 128.247285342978273, -3.639410169501275 ], [ 128.247430870054302, -3.639559885599067 ], [ 128.248594188347226, -3.640755820480857 ], [ 128.247628499416805, -3.641691768410865 ], [ 128.247705754531239, -3.641695354416388 ], [ 128.247786602906814, -3.641727628465458 ], [ 128.24786655296711, -3.641792176560124 ], [ 128.248005791836135, -3.641912307723988 ], [ 128.248179166685986, -3.642148983999917 ], [ 128.248237557179465, -3.642220704071247 ], [ 128.248323795446737, -3.642288838133716 ], [ 128.248517831548071, -3.642389246216375 ], [ 128.248581611933275, -3.642431381747726 ], [ 128.248630120958609, -3.642486068285473 ], [ 128.248652578840705, -3.6425604778315 ], [ 128.248623832751605, -3.642668057887167 ], [ 128.248536696169083, -3.642816876942972 ], [ 128.248507051764676, -3.642877838958727 ], [ 128.248498068611838, -3.642943283471045 ], [ 128.248539391114917, -3.64302396847968 ], [ 128.248565442258155, -3.643108239480978 ], [ 128.248568137204018, -3.643156650478153 ], [ 128.248559154051179, -3.643231059968733 ], [ 128.248545679321921, -3.643292918456218 ], [ 128.248558255735873, -3.643347604941613 ], [ 128.24860047655423, -3.643409463421087 ], [ 128.24868401987564, -3.643455184903182 ], [ 128.248768461512356, -3.643500009883373 ], [ 128.248848411572652, -3.643558282354284 ], [ 128.248900513859127, -3.643607589826721 ], [ 128.24963713239211, -3.644011014499712 ], [ 128.250386327339072, -3.645263422831908 ], [ 128.251056470541016, -3.645875730637315 ], [ 128.251277456100894, -3.647034900787376 ], [ 128.250901061996871, -3.647124550388687 ], [ 128.250963045751462, -3.647354949823039 ], [ 128.251304405559438, -3.648117867372798 ], [ 128.251371779205726, -3.648185104493603 ], [ 128.251533475956904, -3.648376057889255 ], [ 128.251690681131606, -3.648559839288065 ], [ 128.251807462118535, -3.648716725818284 ], [ 128.251973650446104, -3.648965951221394 ], [ 128.252226975356223, -3.649345168158964 ], [ 128.252267399543996, -3.649428542074126 ], [ 128.252365315909969, -3.64956391260807 ], [ 128.25248928341918, -3.64973693584361 ], [ 128.252573725055896, -3.649848997506877 ], [ 128.252612352613113, -3.649978092525628 ], [ 128.252647386909217, -3.650156494639061 ], [ 128.252689607727547, -3.650315173876005 ], [ 128.252708472348502, -3.650352826572181 ], [ 128.252860287631535, -3.650648669130066 ], [ 128.253387598703313, -3.651004576562974 ], [ 128.253793637211743, -3.651156083714528 ], [ 128.253889756947132, -3.651191943391627 ], [ 128.254833886310735, -3.651425927749544 ], [ 128.25489407343477, -3.651461787415867 ], [ 128.25514650002961, -3.651529920777933 ], [ 128.255396231678588, -3.651547850609197 ], [ 128.255671116155526, -3.65148419970659 ], [ 128.256030442269207, -3.651401722473966 ], [ 128.256251427829085, -3.651363173330033 ], [ 128.256423006048323, -3.651423238274512 ], [ 128.256573024700799, -3.651537092710482 ], [ 128.256608058996875, -3.651647361166201 ], [ 128.256604465735734, -3.651840106808304 ], [ 128.256582007853638, -3.651909136632853 ], [ 128.256501159478063, -3.652149396240545 ], [ 128.256405039742646, -3.652447927678419 ], [ 128.256337666096357, -3.652608399491382 ], [ 128.25634844587978, -3.652715081853954 ], [ 128.256405039742646, -3.652803834398028 ], [ 128.256569431439658, -3.652828936126074 ], [ 128.256680822534889, -3.652818178242711 ], [ 128.257025775603978, -3.652785904591852 ], [ 128.257278202198847, -3.652758113391572 ], [ 128.257482119768326, -3.652814592281563 ], [ 128.257508170911564, -3.652841486989832 ], [ 128.257592612548279, -3.652778732669282 ], [ 128.257722868264466, -3.65266667137167 ], [ 128.257856717241793, -3.652535783758344 ], [ 128.258022007254056, -3.652445238206449 ], [ 128.258058838180716, -3.652377104913854 ], [ 128.25820616188733, -3.652291041800023 ], [ 128.258414571033256, -3.652268629529442 ], [ 128.258600522297058, -3.652159257640979 ], [ 128.258917627592353, -3.651927066456544 ], [ 128.259188918808121, -3.651763905047768 ], [ 128.259366785234391, -3.651662601520804 ], [ 128.2595536348135, -3.651522748845327 ], [ 128.259980334573441, -3.651406204932456 ], [ 128.260031538544666, -3.651400825982266 ], [ 128.260329779218978, -3.651367655788715 ], [ 128.260518425428643, -3.651304901365131 ], [ 128.260795106536165, -3.651212562705311 ], [ 128.261066397751961, -3.651056573103074 ], [ 128.261326909184334, -3.650930167715868 ], [ 128.261609878498859, -3.65074549030966 ], [ 128.261997950701613, -3.650511505774437 ], [ 128.262618686562917, -3.650239868478917 ], [ 128.262834282231125, -3.650160977103766 ], [ 128.263045386322887, -3.650083878707719 ], [ 128.26336338993346, -3.650005883811961 ], [ 128.263821530728364, -3.6499287854026 ], [ 128.264248230488334, -3.649890236195439 ], [ 128.264707269598489, -3.649866030878469 ], [ 128.265031561416066, -3.64982120621569 ], [ 128.265079172126121, -3.649814930762723 ], [ 128.265528329768188, -3.649657147930845 ], [ 128.266032284642563, -3.649580049491551 ], [ 128.266343101730882, -3.649502054552044 ], [ 128.266575765389462, -3.649268966186724 ], [ 128.26663415588294, -3.649202625640922 ], [ 128.266886582477753, -3.648918437031171 ], [ 128.267080618579115, -3.64868445202002 ], [ 128.267429164909402, -3.648411917677341 ], [ 128.267662726883259, -3.648139383252003 ], [ 128.267972645656272, -3.647866848744012 ], [ 128.268204410999545, -3.647695618139151 ], [ 128.268516126403171, -3.647477769730838 ], [ 128.268710162504533, -3.647321779480098 ], [ 128.269215015694186, -3.646932700230976 ], [ 128.269510561422692, -3.646770434411418 ], [ 128.26979712399833, -3.646543620813452 ], [ 128.27002978765691, -3.646271085821632 ], [ 128.270146568643838, -3.645959104874322 ], [ 128.270186094516362, -3.645608574427952 ], [ 128.270340604745201, -3.645452583852898 ], [ 128.270612794276303, -3.645024954379082 ], [ 128.270647828572379, -3.644940683557325 ], [ 128.269316525321301, -3.644249483221342 ], [ 128.269222202216469, -3.644161626331253 ], [ 128.269228490423444, -3.644069286937525 ], [ 128.269267117980689, -3.643889090617615 ], [ 128.26920513422607, -3.643733099744369 ], [ 128.269062302095904, -3.643580694842089 ], [ 128.268936537956108, -3.643561868352369 ], [ 128.268789214249551, -3.643690067774577 ], [ 128.268746095115915, -3.643799440693767 ], [ 128.268665246740341, -3.643865781638274 ], [ 128.268423599928894, -3.643733099744369 ], [ 128.268145122190816, -3.643654207798177 ], [ 128.267890898965419, -3.643585177339584 ], [ 128.267781304500744, -3.643535869865918 ], [ 128.267724710637879, -3.643438151410124 ], [ 128.267719320746153, -3.643391533427475 ], [ 128.267826220264965, -3.643018589479331 ], [ 128.267783999446607, -3.642795360936426 ], [ 128.26759625155222, -3.642936111469928 ], [ 128.267358198001943, -3.643118100980612 ], [ 128.267014143248105, -3.643505388880846 ], [ 128.266904548783458, -3.643853230649148 ], [ 128.266819208831464, -3.643872953631981 ], [ 128.266690749745834, -3.643827232171115 ], [ 128.26652635804885, -3.64370620476349 ], [ 128.266400593909083, -3.643557385854759 ], [ 128.266433831574574, -3.643438151410124 ], [ 128.266495815329193, -3.643315330950635 ], [ 128.266452696195529, -3.643234645968124 ], [ 128.266322440479343, -3.643142306479261 ], [ 128.266405085485502, -3.642874252957916 ], [ 128.266410475377199, -3.642734398915083 ], [ 128.266419458530038, -3.642625025866442 ], [ 128.266469764185928, -3.642617853862788 ], [ 128.267215365871778, -3.641153867420567 ], [ 128.267105771407103, -3.64109290528806 ], [ 128.267031211238503, -3.641018495620727 ], [ 128.266851548181677, -3.640965601998041 ], [ 128.266729377303051, -3.640788991065887 ], [ 128.266654817134452, -3.640652722708773 ], [ 128.26662607104538, -3.640590864039858 ], [ 128.266490425437496, -3.640520040341244 ], [ 128.266354779829584, -3.640210746908604 ], [ 128.26629818596669, -3.640178472805165 ], [ 128.266211947699389, -3.640182058816714 ], [ 128.266265846616449, -3.640061030918999 ], [ 128.26644371304269, -3.63987545477758 ], [ 128.266511985004314, -3.63971229118204 ], [ 128.26641856021476, -3.639289141499842 ], [ 128.266044861056542, -3.63858090323956 ], [ 128.265983775617229, -3.638239334968202 ], [ 128.266059234101078, -3.638167614579815 ], [ 128.266130201008536, -3.63829222875098 ], [ 128.266174218457451, -3.638255472054801 ], [ 128.266201167915995, -3.63823216292962 ], [ 128.266034081273119, -3.637943488329316 ], [ 128.265983775617229, -3.637965004451782 ], [ 128.266016114967442, -3.638096790690681 ], [ 128.265964910996246, -3.638124582344043 ], [ 128.265923588493195, -3.638146994967097 ], [ 128.265908317133352, -3.638114720789722 ], [ 128.265716975977853, -3.63770950046432 ], [ 128.265702602933288, -3.637702328421521 ], [ 128.265531024714022, -3.637698742400099 ], [ 128.265253445291251, -3.637819770615161 ], [ 128.26512498620562, -3.637943488329316 ], [ 128.264505148659566, -3.638327192436195 ], [ 128.264486284038611, -3.638338846997633 ], [ 128.264415317131153, -3.638406084849136 ], [ 128.264340756962582, -3.638371121166979 ], [ 128.264250925434169, -3.638154167006357 ], [ 128.263100183555196, -3.635955037794224 ], [ 128.262761518693083, -3.635140112480168 ], [ 128.262518973566387, -3.634716960651494 ], [ 128.262062629402038, -3.633659976720716 ], [ 128.261930577055296, -3.633354266972959 ], [ 128.261805711230807, -3.63330047639079 ], [ 128.261749117367884, -3.633353370463283 ], [ 128.261637726272653, -3.633457365579819 ], [ 128.261409554190493, -3.633556878137007 ], [ 128.261246060808759, -3.633624116345109 ], [ 128.261221806296106, -3.633557774646481 ], [ 128.261188568630587, -3.633464537656379 ], [ 128.261302654671681, -3.633410747080785 ], [ 128.261405960929352, -3.633428677273006 ], [ 128.2615847256709, -3.633339922818027 ], [ 128.261552386320659, -3.633148069723899 ], [ 128.261520046970418, -3.632933803836912 ], [ 128.261317027716217, -3.632727606491774 ], [ 128.260794208220887, -3.632076739780248 ], [ 128.260718749737009, -3.632013087500897 ], [ 128.260485187763123, -3.631815855057499 ], [ 128.26020940497088, -3.63167779232148 ], [ 128.260062081264323, -3.631478766781748 ], [ 128.259753060806588, -3.631355944692543 ], [ 128.259444040348853, -3.63135056562256 ], [ 128.259292225065821, -3.631275258639445 ], [ 128.259140409782788, -3.631242087704413 ], [ 128.258873610143411, -3.631327256318935 ], [ 128.25861220039576, -3.631412424925421 ], [ 128.258436130600074, -3.631563935373941 ], [ 128.258279823740622, -3.631502972592979 ], [ 128.258018413992943, -3.631474284224042 ], [ 128.257698613751785, -3.631413321437025 ], [ 128.257595307494114, -3.63139359818152 ], [ 128.257243167902743, -3.631047544628477 ], [ 128.257206336976111, -3.631007201589049 ], [ 128.257110217240694, -3.63090499921443 ], [ 128.256967385110528, -3.630383229016358 ], [ 128.256840722655454, -3.629983384296275 ], [ 128.256820061403914, -3.62991793884317 ], [ 128.256811078251076, -3.629633744149333 ], [ 128.256717653461521, -3.628773987417568 ], [ 128.256691602318284, -3.628532825059108 ], [ 128.256717653461521, -3.628101601499322 ], [ 128.256768857432718, -3.627829060931288 ], [ 128.256946723858988, -3.627849680779769 ], [ 128.257013199189998, -3.627222119963061 ], [ 128.257088657673876, -3.627002473574268 ], [ 128.257207235291389, -3.627018610861791 ], [ 128.257211726867808, -3.626936131389199 ], [ 128.257357253943837, -3.626970198998356 ], [ 128.25737252530368, -3.626885926489152 ], [ 128.256963791849387, -3.626789102745474 ], [ 128.256936842390843, -3.626742483902226 ], [ 128.257059013269497, -3.626150782990569 ], [ 128.257198252138551, -3.625794865740514 ], [ 128.257225201597066, -3.625433569245152 ], [ 128.257299761765665, -3.625317918475442 ], [ 128.257308744918504, -3.625278471697896 ], [ 128.257373423618958, -3.625018481530108 ], [ 128.257373423618958, -3.624932415802927 ], [ 128.257525238901962, -3.624338920669607 ], [ 128.257768682343965, -3.623864662194034 ], [ 128.258050753343156, -3.623224547335602 ], [ 128.258380435052459, -3.622462505247035 ], [ 128.258621183548598, -3.621975694494573 ], [ 128.258879898350386, -3.62149246956607 ], [ 128.258986797869198, -3.621403713938915 ], [ 128.259052374884959, -3.621213651354532 ], [ 128.259361395342694, -3.620472227589709 ], [ 128.259518600517453, -3.620247200426125 ], [ 128.259756654067729, -3.620374506637093 ], [ 128.259757552383007, -3.620351197050508 ], [ 128.259618313513982, -3.620258855220832 ], [ 128.259732399555048, -3.620043689755927 ], [ 128.259727009663351, -3.620013207977598 ], [ 128.259695568628388, -3.619989001858781 ], [ 128.259993809302699, -3.619540740282313 ], [ 128.260029741914082, -3.619536257665428 ], [ 128.260169879098413, -3.619421502665617 ], [ 128.26034954215524, -3.619572118599887 ], [ 128.2603576269928, -3.619556877702915 ], [ 128.260331575849563, -3.619521016767852 ], [ 128.260611850218197, -3.619085306293422 ], [ 128.260644189568438, -3.619113098531588 ], [ 128.260654969351862, -3.619099650674517 ], [ 128.260522018689784, -3.618980412999759 ], [ 128.260535493419042, -3.618964275568886 ], [ 128.260720546367565, -3.619122063769524 ], [ 128.260737614357964, -3.619114891579182 ], [ 128.261085262372916, -3.61869442182115 ], [ 128.261028668510022, -3.618613734638443 ], [ 128.261107720255012, -3.618566218849708 ], [ 128.261208331566849, -3.618464911593709 ], [ 128.261421232289166, -3.618273951867974 ], [ 128.261649404371354, -3.618104508697355 ], [ 128.261847932049136, -3.617946720319504 ], [ 128.26199525575575, -3.617890239245754 ], [ 128.262068917609014, -3.617851688669586 ], [ 128.262128206417799, -3.617814034616862 ], [ 128.262282716646666, -3.617828379018085 ], [ 128.262470464541025, -3.617811345041608 ], [ 128.262626771400477, -3.617740519557035 ], [ 128.262760620377804, -3.61769300372251 ], [ 128.262961843001449, -3.617631143481377 ], [ 128.263218761172709, -3.617593489419489 ], [ 128.263392136022532, -3.617553145780016 ], [ 128.263689478381565, -3.617501147308712 ], [ 128.263920345409616, -3.617472458495682 ], [ 128.264017363460283, -3.617377426796031 ], [ 128.264330875494437, -3.617334393570269 ], [ 128.264381181150355, -3.617348737979085 ], [ 128.264505148659566, -3.617346944927994 ], [ 128.264713557805464, -3.617296739496053 ], [ 128.264948916409935, -3.617273429830278 ], [ 128.265149240718273, -3.617263568048423 ], [ 128.265384599322743, -3.617339772723602 ], [ 128.26558133036994, -3.617472458495682 ], [ 128.265659483799652, -3.617593489419489 ], [ 128.265716975977853, -3.617671487117378 ], [ 128.26576009511146, -3.617730657780263 ], [ 128.265812197397963, -3.617944030744643 ], [ 128.265881367674837, -3.618065061605467 ], [ 128.26609965828888, -3.61812692181698 ], [ 128.266131099323815, -3.61812692181698 ], [ 128.266498510275056, -3.61811974961876 ], [ 128.266857836388681, -3.61812512876743 ], [ 128.267159670324133, -3.618070440754463 ], [ 128.267354604740802, -3.618041751959455 ], [ 128.267606133020337, -3.618053406782536 ], [ 128.267861254561041, -3.618044441534025 ], [ 128.26809391821962, -3.618008580539095 ], [ 128.268466719062531, -3.618048924158292 ], [ 128.268761366475729, -3.618084785151626 ], [ 128.269284185971088, -3.618145748837036 ], [ 128.269529426043647, -3.618138576638966 ], [ 128.26974771665769, -3.61812692181698 ], [ 128.269997448306697, -3.618169955005106 ], [ 128.270221128812409, -3.618171748054567 ], [ 128.270330723277084, -3.618158300183524 ], [ 128.270530149270144, -3.618145748837036 ], [ 128.270706219065858, -3.618177127202928 ], [ 128.270853542772443, -3.618247952653376 ], [ 128.270920018103482, -3.618371673047204 ], [ 128.27109518958386, -3.618478359460202 ], [ 128.271216462147237, -3.6185276683023 ], [ 128.271290124000501, -3.618580563239022 ], [ 128.271376362267802, -3.618559046654966 ], [ 128.271459007273933, -3.618376155669853 ], [ 128.271457210643376, -3.618316985049117 ], [ 128.271357497646818, -3.618269469244821 ], [ 128.271278445901828, -3.618257814424518 ], [ 128.27126946274899, -3.618195954221943 ], [ 128.271122139042404, -3.618091957350123 ], [ 128.271064646864204, -3.617975409117521 ], [ 128.270936187778602, -3.617842723419079 ], [ 128.270973917020513, -3.617811345041608 ], [ 128.270712507272833, -3.61756928323602 ], [ 128.270584048187203, -3.617206190406412 ], [ 128.270578658295477, -3.616826063436351 ], [ 128.270619082483279, -3.616594759683159 ], [ 128.270448402579291, -3.616409178722227 ], [ 128.270006431459535, -3.616302492065652 ], [ 128.269535714250623, -3.616452211991913 ], [ 128.268907791867036, -3.616587587472813 ], [ 128.268579906788347, -3.616573243051954 ], [ 128.268337361661622, -3.616488073048424 ], [ 128.268055290662403, -3.616337456601544 ], [ 128.267824423634409, -3.616210149823356 ], [ 128.267674404981932, -3.616074774286093 ], [ 128.267589065029938, -3.615960915374865 ], [ 128.267766931456208, -3.615597821901037 ], [ 128.267916950108656, -3.615206935924722 ], [ 128.268009476582904, -3.61485101437313 ], [ 128.268137935668562, -3.61445923154653 ], [ 128.268244835187346, -3.613961658147531 ], [ 128.268351734706187, -3.613441671240728 ], [ 128.268360717859025, -3.613149402607108 ], [ 128.268353531336743, -3.613038232918072 ], [ 128.268385870686956, -3.612785411477784 ], [ 128.268484685368207, -3.612520935073019 ], [ 128.268551160699246, -3.612224183489815 ], [ 128.268529601132428, -3.611630680032335 ], [ 128.26828885263626, -3.611201241488048 ], [ 128.26808134180564, -3.610739527586476 ], [ 128.267928628207358, -3.610244641745846 ], [ 128.268027442888609, -3.609925476096873 ], [ 128.268246631817931, -3.609683412187184 ], [ 128.268651772011083, -3.60929879939799 ], [ 128.268702077666973, -3.609232455916719 ], [ 128.268860181156981, -3.609024460106188 ], [ 128.269095539761423, -3.608468608999528 ], [ 128.268967978991071, -3.607299527497732 ], [ 128.269098234707258, -3.605935896023924 ], [ 128.269163811723018, -3.604507711755077 ], [ 128.269552782241021, -3.60333862516018 ], [ 128.269941752759053, -3.601391339552435 ], [ 128.270459182362686, -3.600482246226313 ], [ 128.270331621592362, -3.599378602122498 ], [ 128.268587991625907, -3.597364067154409 ], [ 128.267682489819492, -3.597040414258753 ], [ 128.267101279830683, -3.597103172446948 ], [ 128.266261355040029, -3.596714071610478 ], [ 128.265681043366499, -3.595933179799278 ], [ 128.263292423026002, -3.59444222147564 ], [ 128.263033708224185, -3.592814088616235 ], [ 128.261612573444694, -3.591449538905024 ], [ 128.259092799072732, -3.590018642273205 ], [ 128.25799505779554, -3.589173192896265 ], [ 128.257090454304461, -3.588588639953258 ], [ 128.255887610139013, -3.587636499236151 ], [ 128.255282145637494, -3.587158635394998 ], [ 128.253990368258968, -3.58598863000127 ], [ 128.253216020484018, -3.585014072641402 ], [ 128.252376095693364, -3.584298619567084 ], [ 128.251213675715746, -3.58325861159393 ], [ 128.250051255738072, -3.582024048870583 ], [ 128.24979433756684, -3.580790381043522 ], [ 128.249859914582572, -3.579751265646551 ], [ 128.250506701587142, -3.578323040403218 ], [ 128.250054848999213, -3.577868482372809 ], [ 128.247275461510156, -3.577995794506625 ], [ 128.246242398933418, -3.577151230584179 ], [ 128.245208438041402, -3.576890330106836 ], [ 128.243981339363273, -3.576240320003536 ], [ 128.242430847182902, -3.575459410704483 ], [ 128.241611583643788, -3.575338374186431 ], [ 128.241297173294356, -3.575218234219379 ], [ 128.241073492788587, -3.575133956919666 ], [ 128.240493181115056, -3.574419392694931 ], [ 128.239847292425765, -3.573119368524708 ] ] ] } }
]
}
