{
"type": "FeatureCollection",
"name": "profil__profil_kumuh_basis",
"crs": { "type": "name", "properties": { "name": "urn:ogc:def:crs:OGC:1.3:CRS84" } },
"features": [
{ "type": "Feature", "properties": { "FID": 0, "Kode": "81712011-RT002-RW005", "Provinsi": "MALUKU", "Kota_Kab": "KOTA AMBON", "Kecamatan": "Sirimau", "Kelurahan": "Ahusein", "Kode_RTRW": "81712011-RT002-RW005", "A1": " ", "k1_a_p": 15.15, "k1_b_p": 0, "k1_c_p": 39.39, "k1_p": 13.13, "A2": " ", "k2_a_p": 0.0, "k2_b_p": 8.08, "k2_p": 0.0, "A3": " ", "k3_a_p": 66.67, "k3_b_p": 0.0, "k3_p": 33.335, "A4": " ", "k4_a_p": 44.78, "k4_b_p": 20.58, "k4_c_p": 6.05, "k4_d_p": 62.47, "k4_e_p": 60.05, "k4_p": 33.46, "A5": " ", "k5_a_p": 11.11, "k5_b_p": 11.11, "k5_p": 0.0, "A6": " ", "k6_a_p": 100, "k6_b_p": 100.0, "k6_c_p": 100, "k6_p": 100.0, "A7": " ", "k7_a_p": 100, "k7_b_p": 100, "k7_p": 100, "A8": " ", "Sumber": "Data SIM KOTAKU, 25-11-2020", "city": "ambon", "source_layer": "Profil Kumuh Basis", "role": "profil" }, "geometry": { "type": "Polygon", "coordinates": [ [ [ 128.182785407263225, -3.701651359074157 ], [ 128.182496149741723, -3.701332225956229 ], [ 128.18259676105356, -3.7012336173853 ], [ 128.181940092580874, -3.700580111215052 ], [ 128.181874515565113, -3.700582800541842 ], [ 128.181607715925736, -3.700861594041593 ], [ 128.181537647333585, -3.700807807521141 ], [ 128.181453205696869, -3.70090731258141 ], [ 128.181410984878511, -3.700873247787261 ], [ 128.181340916286359, -3.700953927560753 ], [ 128.181239406659273, -3.701008610514165 ], [ 128.181117235780619, -3.701202241928611 ], [ 128.181170236382371, -3.701230031618878 ], [ 128.181347204493363, -3.701264096399306 ], [ 128.181563698476822, -3.701332225956229 ], [ 128.181786480667256, -3.701457727757897 ], [ 128.182223061895343, -3.701821682882165 ], [ 128.182423386203709, -3.701975870722216 ], [ 128.182785407263225, -3.701651359074157 ] ] ] } },
{ "type": "Feature", "properties": { "FID": 1, "Kode": "81712009-RT004-RW001", "Provinsi": "MALUKU", "Kota_Kab": "KOTA AMBON", "Kecamatan": "Sirimau", "Kelurahan": "Batu Meja", "Kode_RTRW": "81712009-RT004-RW001", "A1": " ", "k1_a_p": 53.13, "k1_b_p": 0, "k1_c_p": 56.25, "k1_p": 36.46, "A2": " ", "k2_a_p": 0.0, "k2_b_p": 31.82, "k2_p": 15.91, "A3": " ", "k3_a_p": 16.67, "k3_b_p": 71.43, "k3_p": 35.715, "A4": " ", "k4_a_p": 65.12, "k4_b_p": 0.0, "k4_c_p": 0.0, "k4_d_p": 78.95, "k4_e_p": 78.95, "k4_p": 44.604, "A5": " ", "k5_a_p": 2.38, "k5_b_p": 71.43, "k5_p": 35.715, "A6": " ", "k6_a_p": 100, "k6_b_p": 80.95, "k6_c_p": 100, "k6_p": 93.65, "A7": " ", "k7_a_p": 0, "k7_b_p": 100, "k7_p": 50, "A8": " ", "Sumber": "Data SIM KOTAKU, 25-11-2020", "city": "ambon", "source_layer": "Profil Kumuh Basis", "role": "profil" }, "geometry": { "type": "Polygon", "coordinates": [ [ [ 128.194102383212538, -3.696617827545041 ], [ 128.193937991515554, -3.69633544692422 ], [ 128.193681971659601, -3.695965214418484 ], [ 128.193605614860445, -3.696035137276441 ], [ 128.193347798373878, -3.696262834750047 ], [ 128.193207661189547, -3.696371304785816 ], [ 128.193164542055939, -3.696409851985414 ], [ 128.193017218349354, -3.69647349968341 ], [ 128.193010031827043, -3.69647349968341 ], [ 128.193172626893471, -3.696642928040319 ], [ 128.193633462634239, -3.696830285286194 ], [ 128.193972127496352, -3.696624999115192 ], [ 128.194102383212538, -3.696617827545041 ] ] ] } },
{ "type": "Feature", "properties": { "FID": 2, "Kode": "81712009-RT005-RW002", "Provinsi": "MALUKU", "Kota_Kab": "KOTA AMBON", "Kecamatan": "Sirimau", "Kelurahan": "Batu Meja", "Kode_RTRW": "81712009-RT005-RW002", "A1": " ", "k1_a_p": 1.45, "k1_b_p": 0, "k1_c_p": 82.61, "k1_p": 27.5367, "A2": " ", "k2_a_p": 0.0, "k2_b_p": 25.73, "k2_p": 12.865, "A3": " ", "k3_a_p": 88.31, "k3_b_p": 85.71, "k3_p": 87.01, "A4": " ", "k4_a_p": 0.0, "k4_b_p": 0.0, "k4_c_p": 0.0, "k4_d_p": 100.0, "k4_e_p": 0.0, "k4_p": 20.0, "A5": " ", "k5_a_p": 28.57, "k5_b_p": 79.22, "k5_p": 53.895, "A6": " ", "k6_a_p": 0, "k6_b_p": 96.1, "k6_c_p": 0, "k6_p": 32.0333, "A7": " ", "k7_a_p": 0, "k7_b_p": 100, "k7_p": 50, "A8": " ", "Sumber": "Data SIM KOTAKU, 25-11-2020", "city": "ambon", "source_layer": "Profil Kumuh Basis", "role": "profil" }, "geometry": { "type": "Polygon", "coordinates": [ [ [ 128.195201022805037, -3.698697580458295 ], [ 128.19522078574127, -3.69863931158535 ], [ 128.195196531228618, -3.69845016183293 ], [ 128.194906375391838, -3.698331831161603 ], [ 128.195086038448665, -3.698014489737788 ], [ 128.194681796570819, -3.697706112652139 ], [ 128.194722220758592, -3.697596746334368 ], [ 128.194887510770883, -3.697634397035452 ], [ 128.19547770391253, -3.697796653609922 ], [ 128.195585501746649, -3.697668461954101 ], [ 128.195617841096862, -3.697629018363966 ], [ 128.19575528333533, -3.697551027623762 ], [ 128.195751690074189, -3.697532202271649 ], [ 128.195659163599913, -3.697392356786304 ], [ 128.195552264081101, -3.697269543745728 ], [ 128.19536990607844, -3.697176313396997 ], [ 128.195162395247792, -3.697054396772329 ], [ 128.19495578273245, -3.697036467855522 ], [ 128.194830018592683, -3.696999713574936 ], [ 128.194601846510523, -3.696992542007814 ], [ 128.194430268291228, -3.697071429242959 ], [ 128.194369182851943, -3.697153902254014 ], [ 128.194297317629207, -3.69718617429973 ], [ 128.194168858543577, -3.697222032126926 ], [ 128.194000873585452, -3.69721127477892 ], [ 128.193868821238681, -3.697189760082515 ], [ 128.193787074547828, -3.69718617429973 ], [ 128.193704429541697, -3.697142248459439 ], [ 128.193687361551298, -3.697060671893125 ], [ 128.193681971659601, -3.697034674963821 ], [ 128.193203169613128, -3.696675200104631 ], [ 128.193010031827043, -3.69647349968341 ], [ 128.192981285737972, -3.69647349968341 ], [ 128.192921098613937, -3.696563144320727 ], [ 128.192870792958018, -3.696606173743421 ], [ 128.192776469853186, -3.696614241759943 ], [ 128.192739638926554, -3.696682371674318 ], [ 128.192767486700347, -3.696750501583459 ], [ 128.192813300779846, -3.696852696437355 ], [ 128.192822283932685, -3.696927997901112 ], [ 128.193059439167683, -3.697198724539414 ], [ 128.193106151562461, -3.697327812708707 ], [ 128.193127711129279, -3.697522341372764 ], [ 128.193009133511765, -3.697798446500081 ], [ 128.192880674426135, -3.69805662264523 ], [ 128.192778266483771, -3.698451954721768 ], [ 128.192828572139689, -3.698520980939275 ], [ 128.192967811008714, -3.698324659605258 ], [ 128.19307740547336, -3.69825204759399 ], [ 128.193564292357365, -3.697949049260556 ], [ 128.193652327255222, -3.697948152815628 ], [ 128.193770904872736, -3.698104134219305 ], [ 128.194026026413383, -3.698334520495219 ], [ 128.194234435559309, -3.698711923564894 ], [ 128.194322470457138, -3.698835632849673 ], [ 128.194611727978639, -3.698555045823855 ], [ 128.195201022805037, -3.698697580458295 ] ] ] } },
{ "type": "Feature", "properties": { "FID": 3, "Kode": "81712009-RT001-RW002", "Provinsi": "MALUKU", "Kota_Kab": "KOTA AMBON", "Kecamatan": "Sirimau", "Kelurahan": "Batu Meja", "Kode_RTRW": "81712009-RT001-RW002", "A1": " ", "k1_a_p": 65.22, "k1_b_p": 0, "k1_c_p": 39.13, "k1_p": 34.7833, "A2": " ", "k2_a_p": 0.0, "k2_b_p": 44.19, "k2_p": 22.095, "A3": " ", "k3_a_p": 7.41, "k3_b_p": 66.67, "k3_p": 33.335, "A4": " ", "k4_a_p": 43.48, "k4_b_p": 0.0, "k4_c_p": 0.0, "k4_d_p": 72.96, "k4_e_p": 86.48, "k4_p": 40.584, "A5": " ", "k5_a_p": 0.0, "k5_b_p": 62.96, "k5_p": 31.48, "A6": " ", "k6_a_p": 100, "k6_b_p": 88.89, "k6_c_p": 100, "k6_p": 96.2967, "A7": " ", "k7_a_p": 0, "k7_b_p": 100, "k7_p": 50, "A8": " ", "Sumber": "Data SIM KOTAKU, 25-11-2020", "city": "ambon", "source_layer": "Profil Kumuh Basis", "role": "profil" }, "geometry": { "type": "Polygon", "coordinates": [ [ [ 128.192822283932685, -3.696927997901112 ], [ 128.192813300779846, -3.696852696437355 ], [ 128.192767486700347, -3.696750501583459 ], [ 128.192739638926554, -3.696682371674318 ], [ 128.192776469853186, -3.696614241759943 ], [ 128.192870792958018, -3.696606173743421 ], [ 128.192921098613937, -3.696563144320727 ], [ 128.192981285737972, -3.69647349968341 ], [ 128.192886064317861, -3.696472603236991 ], [ 128.192640824245302, -3.696296899721387 ], [ 128.192461161188476, -3.696133746425731 ], [ 128.192372227975341, -3.696045894638713 ], [ 128.192164717144692, -3.695915909835841 ], [ 128.192063207517577, -3.695893498661006 ], [ 128.191954511368209, -3.695901566684012 ], [ 128.191895222559481, -3.695931149434404 ], [ 128.191743407276448, -3.696043205298158 ], [ 128.191719152763795, -3.696068305809698 ], [ 128.191720949394352, -3.696070098703351 ], [ 128.191831442174305, -3.696158846934707 ], [ 128.191890730983062, -3.696190222569931 ], [ 128.192029071536808, -3.696263731196678 ], [ 128.19210722496652, -3.696283453022331 ], [ 128.192124292956919, -3.696321103779175 ], [ 128.192134174425036, -3.696349790069033 ], [ 128.192214124485332, -3.696361443874021 ], [ 128.192255446988383, -3.696436745379491 ], [ 128.192303057698467, -3.696463638772752 ], [ 128.19228598970804, -3.696524597127791 ], [ 128.192251853727271, -3.696549697625708 ], [ 128.192234785736872, -3.696595416387944 ], [ 128.192257243618968, -3.69668416456673 ], [ 128.19233539704868, -3.696690439690147 ], [ 128.192346176832103, -3.696706575721587 ], [ 128.192411753847864, -3.69680159901188 ], [ 128.19247643254829, -3.69695309838761 ], [ 128.192552789347445, -3.696986266886536 ], [ 128.192743232187695, -3.697016746046617 ], [ 128.192825877193826, -3.69696475218467 ], [ 128.192822283932685, -3.696927997901112 ] ] ] } },
{ "type": "Feature", "properties": { "FID": 4, "Kode": "81712009-RT002-RW002", "Provinsi": "MALUKU", "Kota_Kab": "KOTA AMBON", "Kecamatan": "Sirimau", "Kelurahan": "Batu Meja", "Kode_RTRW": "81712009-RT002-RW002", "A1": " ", "k1_a_p": 60.61, "k1_b_p": 0, "k1_c_p": 45.45, "k1_p": 35.3533, "A2": " ", "k2_a_p": 0.0, "k2_b_p": 21.0, "k2_p": 0.0, "A3": " ", "k3_a_p": 100.0, "k3_b_p": 0.0, "k3_p": 50.0, "A4": " ", "k4_a_p": 0.0, "k4_b_p": 0.0, "k4_c_p": 0.0, "k4_d_p": 100.0, "k4_e_p": 0.0, "k4_p": 20.0, "A5": " ", "k5_a_p": 0.0, "k5_b_p": 0.0, "k5_p": 0.0, "A6": " ", "k6_a_p": 0, "k6_b_p": 0.0, "k6_c_p": 0, "k6_p": 0.0, "A7": " ", "k7_a_p": 0, "k7_b_p": 100, "k7_p": 50, "A8": " ", "Sumber": "Data SIM KOTAKU, 25-11-2020", "city": "ambon", "source_layer": "Profil Kumuh Basis", "role": "profil" }, "geometry": { "type": "Polygon", "coordinates": [ [ [ 128.192257243618968, -3.69668416456673 ], [ 128.192234785736872, -3.696595416387944 ], [ 128.192251853727271, -3.696549697625708 ], [ 128.19228598970804, -3.696524597127791 ], [ 128.192303057698467, -3.696463638772752 ], [ 128.192255446988383, -3.696436745379491 ], [ 128.192214124485332, -3.696361443874021 ], [ 128.192134174425036, -3.696349790069033 ], [ 128.192124292956919, -3.696321103779175 ], [ 128.19210722496652, -3.696283453022331 ], [ 128.192029071536808, -3.696263731196678 ], [ 128.191890730983062, -3.696190222569931 ], [ 128.191831442174305, -3.696158846934707 ], [ 128.191720949394352, -3.696070098703351 ], [ 128.191719152763795, -3.696068305809698 ], [ 128.191712864556791, -3.696074580937472 ], [ 128.191619439767265, -3.69617139718893 ], [ 128.191541286337525, -3.696252077390406 ], [ 128.191347250236163, -3.696475292576245 ], [ 128.191265503545281, -3.696594519941648 ], [ 128.191322995723482, -3.696623206222661 ], [ 128.191367911487674, -3.696650996056506 ], [ 128.19145235312439, -3.696675200104631 ], [ 128.191561049273787, -3.696695818367326 ], [ 128.191610456614427, -3.696724504645061 ], [ 128.191667948792571, -3.696858075113551 ], [ 128.191730830862468, -3.696869728911861 ], [ 128.191777543257245, -3.696846421315088 ], [ 128.191852103425816, -3.696813252810932 ], [ 128.191916782126299, -3.696813252810932 ], [ 128.192020986699248, -3.69685897155958 ], [ 128.192041647950788, -3.69675319092187 ], [ 128.192112614858218, -3.696692232582544 ], [ 128.192215921115888, -3.696680578781902 ], [ 128.192257243618968, -3.69668416456673 ] ] ] } },
{ "type": "Feature", "properties": { "FID": 5, "Kode": "81712009-RT003-RW002", "Provinsi": "MALUKU", "Kota_Kab": "KOTA AMBON", "Kecamatan": "Sirimau", "Kelurahan": "Batu Meja", "Kode_RTRW": "81712009-RT003-RW002", "A1": " ", "k1_a_p": 0.0, "k1_b_p": 0, "k1_c_p": 48.78, "k1_p": 16.26, "A2": " ", "k2_a_p": 0.0, "k2_b_p": 44.0, "k2_p": 22.0, "A3": " ", "k3_a_p": 16.36, "k3_b_p": 69.09, "k3_p": 34.545, "A4": " ", "k4_a_p": 0.0, "k4_b_p": 0.0, "k4_c_p": 0.0, "k4_d_p": 69.88, "k4_e_p": 69.88, "k4_p": 27.952, "A5": " ", "k5_a_p": 10.91, "k5_b_p": 18.18, "k5_p": 0.0, "A6": " ", "k6_a_p": 100, "k6_b_p": 83.64, "k6_c_p": 100, "k6_p": 94.5467, "A7": " ", "k7_a_p": 0, "k7_b_p": 100, "k7_p": 50, "A8": " ", "Sumber": "Data SIM KOTAKU, 25-11-2020", "city": "ambon", "source_layer": "Profil Kumuh Basis", "role": "profil" }, "geometry": { "type": "Polygon", "coordinates": [ [ [ 128.19250517863739, -3.696965648630593 ], [ 128.19247643254829, -3.69695309838761 ], [ 128.192411753847864, -3.69680159901188 ], [ 128.192346176832103, -3.696706575721587 ], [ 128.19233539704868, -3.696690439690147 ], [ 128.192284193077484, -3.696686853905343 ], [ 128.192257243618968, -3.69668416456673 ], [ 128.192215921115888, -3.696680578781902 ], [ 128.192112614858218, -3.696692232582544 ], [ 128.192041647950788, -3.69675319092187 ], [ 128.192020986699248, -3.69685897155958 ], [ 128.191961697890491, -3.696963855738749 ], [ 128.191886239406642, -3.697273129528176 ], [ 128.191943731584814, -3.697433593277867 ], [ 128.191797306193507, -3.697755417135246 ], [ 128.192425228577122, -3.698183021355542 ], [ 128.192528534834793, -3.698090687547656 ], [ 128.192637230984161, -3.698256529817081 ], [ 128.192778266483771, -3.698451954721768 ], [ 128.192880674426135, -3.69805662264523 ], [ 128.193009133511765, -3.697798446500081 ], [ 128.193127711129279, -3.697522341372764 ], [ 128.193106151562461, -3.697327812708707 ], [ 128.193011828457628, -3.697360981193615 ], [ 128.192904928938816, -3.697421043041507 ], [ 128.192607586579783, -3.697637086371182 ], [ 128.192495297169245, -3.69760840012297 ], [ 128.192514161790257, -3.697461383086315 ], [ 128.192578840490683, -3.697123423098648 ], [ 128.19250517863739, -3.696965648630593 ] ] ] } },
{ "type": "Feature", "properties": { "FID": 6, "Kode": "81712009-RT004-RW002", "Provinsi": "MALUKU", "Kota_Kab": "KOTA AMBON", "Kecamatan": "Sirimau", "Kelurahan": "Batu Meja", "Kode_RTRW": "81712009-RT004-RW002", "A1": " ", "k1_a_p": 61.54, "k1_b_p": 0, "k1_c_p": 46.15, "k1_p": 35.8967, "A2": " ", "k2_a_p": 0.0, "k2_b_p": 60.0, "k2_p": 30.0, "A3": " ", "k3_a_p": 11.76, "k3_b_p": 79.41, "k3_p": 39.705, "A4": " ", "k4_a_p": 0.0, "k4_b_p": 0.0, "k4_c_p": 0.0, "k4_d_p": 77.82, "k4_e_p": 60.56, "k4_p": 27.676, "A5": " ", "k5_a_p": 4.41, "k5_b_p": 60.29, "k5_p": 30.145, "A6": " ", "k6_a_p": 100, "k6_b_p": 83.82, "k6_c_p": 100, "k6_p": 94.6067, "A7": " ", "k7_a_p": 0, "k7_b_p": 100, "k7_p": 50, "A8": " ", "Sumber": "Data SIM KOTAKU, 25-11-2020", "city": "ambon", "source_layer": "Profil Kumuh Basis", "role": "profil" }, "geometry": { "type": "Polygon", "coordinates": [ [ [ 128.191410132306061, -3.697469451095057 ], [ 128.191469421114789, -3.697449729295782 ], [ 128.19174250896117, -3.697258786398298 ], [ 128.191961697890491, -3.696963855738749 ], [ 128.192020986699248, -3.69685897155958 ], [ 128.191916782126299, -3.696813252810932 ], [ 128.191852103425816, -3.696813252810932 ], [ 128.191777543257245, -3.696846421315088 ], [ 128.191730830862468, -3.696869728911861 ], [ 128.191667948792571, -3.696858075113551 ], [ 128.191610456614427, -3.696724504645061 ], [ 128.191561049273787, -3.696695818367326 ], [ 128.19145235312439, -3.696675200104631 ], [ 128.191367911487674, -3.696650996056506 ], [ 128.191322995723482, -3.696623206222661 ], [ 128.191265503545281, -3.696594519941648 ], [ 128.191163993918195, -3.696743330014323 ], [ 128.191039128093678, -3.696860764451636 ], [ 128.190883719549561, -3.696996127791381 ], [ 128.190782209922446, -3.697084875930067 ], [ 128.19056841088485, -3.697201413876466 ], [ 128.190326764073404, -3.697234582366103 ], [ 128.19032496744282, -3.697235478811752 ], [ 128.190325865758126, -3.697249821942007 ], [ 128.190333950595658, -3.697288369103417 ], [ 128.190321374181707, -3.697346638065158 ], [ 128.190315984289981, -3.697437179059651 ], [ 128.190305204506586, -3.69747482976751 ], [ 128.19056032604729, -3.697581506764428 ], [ 128.190711243014988, -3.69757971387383 ], [ 128.190821735794941, -3.697566267194225 ], [ 128.19105439945352, -3.697585988990909 ], [ 128.191410132306061, -3.697469451095057 ] ] ] } },
{ "type": "Feature", "properties": { "FID": 7, "Kode": "81712009-RT001-RW003", "Provinsi": "MALUKU", "Kota_Kab": "KOTA AMBON", "Kecamatan": "Sirimau", "Kelurahan": "Batu Meja", "Kode_RTRW": "81712009-RT001-RW003", "A1": " ", "k1_a_p": 80.0, "k1_b_p": 0, "k1_c_p": 70.0, "k1_p": 50.0, "A2": " ", "k2_a_p": 0.0, "k2_b_p": 62.22, "k2_p": 31.11, "A3": " ", "k3_a_p": 10.0, "k3_b_p": 80.0, "k3_p": 40.0, "A4": " ", "k4_a_p": 26.67, "k4_b_p": 0.0, "k4_c_p": 0.0, "k4_d_p": 65.45, "k4_e_p": 63.64, "k4_p": 31.152, "A5": " ", "k5_a_p": 0.0, "k5_b_p": 70.0, "k5_p": 35.0, "A6": " ", "k6_a_p": 100, "k6_b_p": 100.0, "k6_c_p": 100, "k6_p": 100.0, "A7": " ", "k7_a_p": 0, "k7_b_p": 100, "k7_p": 50, "A8": " ", "Sumber": "Data SIM KOTAKU, 25-11-2020", "city": "ambon", "source_layer": "Profil Kumuh Basis", "role": "profil" }, "geometry": { "type": "Polygon", "coordinates": [ [ [ 128.189371854926378, -3.698233222256765 ], [ 128.1894284487893, -3.698259219150923 ], [ 128.189461686454791, -3.698272665820017 ], [ 128.18956589102774, -3.698260115595536 ], [ 128.189619789944771, -3.698191985802397 ], [ 128.189653027610319, -3.698108616443143 ], [ 128.189708723157906, -3.69803869374869 ], [ 128.189809334469743, -3.697971460383439 ], [ 128.189909047466273, -3.697948152815628 ], [ 128.190111168405195, -3.697840579417791 ], [ 128.190172253844537, -3.697790378494334 ], [ 128.190252203904834, -3.697671151289729 ], [ 128.190305204506586, -3.69747482976751 ], [ 128.190315984289981, -3.697437179059651 ], [ 128.190321374181707, -3.697346638065158 ], [ 128.190333950595658, -3.697288369103417 ], [ 128.190325865758126, -3.697249821942007 ], [ 128.19032496744282, -3.697235478811752 ], [ 128.190281848309212, -3.697240857485625 ], [ 128.189946776708211, -3.697320641144239 ], [ 128.189409584168317, -3.697472140431286 ], [ 128.189493127489726, -3.697787689159068 ], [ 128.189507500534262, -3.697897951898262 ], [ 128.18947875444519, -3.698027936410593 ], [ 128.189418567321155, -3.698129234672505 ], [ 128.189371854926378, -3.698233222256765 ] ] ] } },
{ "type": "Feature", "properties": { "FID": 8, "Kode": "81712009-RT003-RW003", "Provinsi": "MALUKU", "Kota_Kab": "KOTA AMBON", "Kecamatan": "Sirimau", "Kelurahan": "Batu Meja", "Kode_RTRW": "81712009-RT003-RW003", "A1": " ", "k1_a_p": 0.0, "k1_b_p": 0, "k1_c_p": 62.07, "k1_p": 20.69, "A2": " ", "k2_a_p": 0.0, "k2_b_p": 0.0, "k2_p": 0.0, "A3": " ", "k3_a_p": 78.57, "k3_b_p": 92.86, "k3_p": 85.715, "A4": " ", "k4_a_p": 21.43, "k4_b_p": 0.0, "k4_c_p": 0.0, "k4_d_p": 100.0, "k4_e_p": 22.08, "k4_p": 20.0, "A5": " ", "k5_a_p": 30.36, "k5_b_p": 33.93, "k5_p": 32.145, "A6": " ", "k6_a_p": 0, "k6_b_p": 100.0, "k6_c_p": 0, "k6_p": 33.3333, "A7": " ", "k7_a_p": 0, "k7_b_p": 100, "k7_p": 50, "A8": " ", "Sumber": "Data SIM KOTAKU, 25-11-2020", "city": "ambon", "source_layer": "Profil Kumuh Basis", "role": "profil" }, "geometry": { "type": "Polygon", "coordinates": [ [ [ 128.188522048667608, -3.697883608778492 ], [ 128.18857954084578, -3.697897055453283 ], [ 128.18865859259077, -3.697951738595332 ], [ 128.188721474660667, -3.698011800403202 ], [ 128.188778068523561, -3.698076344431004 ], [ 128.188958629895694, -3.698170471129792 ], [ 128.189058342892224, -3.698217982697765 ], [ 128.189176022194459, -3.698201846693833 ], [ 128.189265853722873, -3.698194675136437 ], [ 128.18935029535956, -3.698223361365677 ], [ 128.189371854926378, -3.698233222256765 ], [ 128.189418567321155, -3.698129234672505 ], [ 128.18947875444519, -3.698027936410593 ], [ 128.189507500534262, -3.697897951898262 ], [ 128.189493127489726, -3.697787689159068 ], [ 128.189409584168317, -3.697472140431286 ], [ 128.189238005949051, -3.697519652036686 ], [ 128.188779865154117, -3.697618261020899 ], [ 128.188552591387264, -3.697641568597381 ], [ 128.188522048667608, -3.697883608778492 ] ] ] } },
{ "type": "Feature", "properties": { "FID": 9, "Kode": "81712009-RT004-RW003", "Provinsi": "MALUKU", "Kota_Kab": "KOTA AMBON", "Kecamatan": "Sirimau", "Kelurahan": "Batu Meja", "Kode_RTRW": "81712009-RT004-RW003", "A1": " ", "k1_a_p": 0.0, "k1_b_p": 0, "k1_c_p": 91.67, "k1_p": 30.5567, "A2": " ", "k2_a_p": 0.0, "k2_b_p": 0.0, "k2_p": 0.0, "A3": " ", "k3_a_p": 53.33, "k3_b_p": 73.33, "k3_p": 63.33, "A4": " ", "k4_a_p": 60.53, "k4_b_p": 0.0, "k4_c_p": 0.0, "k4_d_p": 100.0, "k4_e_p": 0.0, "k4_p": 32.106, "A5": " ", "k5_a_p": 66.67, "k5_b_p": 66.67, "k5_p": 66.67, "A6": " ", "k6_a_p": 0, "k6_b_p": 73.33, "k6_c_p": 0, "k6_p": 24.4433, "A7": " ", "k7_a_p": 0, "k7_b_p": 100, "k7_p": 50, "A8": " ", "Sumber": "Data SIM KOTAKU, 25-11-2020", "city": "ambon", "source_layer": "Profil Kumuh Basis", "role": "profil" }, "geometry": { "type": "Polygon", "coordinates": [ [ [ 128.188398081158397, -3.697855818983278 ], [ 128.188522048667608, -3.697883608778492 ], [ 128.188552591387264, -3.697641568597381 ], [ 128.188482522795084, -3.697649636604484 ], [ 128.188439403661476, -3.69764425793309 ], [ 128.188137569725995, -3.697607503677698 ], [ 128.187892329653437, -3.697554613405071 ], [ 128.187698293552074, -3.697456900859204 ], [ 128.187632716536314, -3.697368152757757 ], [ 128.187625530014031, -3.697350223847294 ], [ 128.187613851915359, -3.697368152757757 ], [ 128.187491681036732, -3.697777828263024 ], [ 128.187579715934561, -3.697779621153223 ], [ 128.18761295360008, -3.697799342945159 ], [ 128.187633614851592, -3.697836993637639 ], [ 128.18765517441841, -3.69786388698843 ], [ 128.187817769484866, -3.697868369213484 ], [ 128.187902211121582, -3.697842372307862 ], [ 128.188089060700662, -3.697844165197929 ], [ 128.188186078751329, -3.697832511412428 ], [ 128.188356758655317, -3.697846854533024 ], [ 128.188398081158397, -3.697855818983278 ] ] ] } },
{ "type": "Feature", "properties": { "FID": 10, "Kode": "81712009-RT002-RW004", "Provinsi": "MALUKU", "Kota_Kab": "KOTA AMBON", "Kecamatan": "Sirimau", "Kelurahan": "Batu Meja", "Kode_RTRW": "81712009-RT002-RW004", "A1": " ", "k1_a_p": 83.33, "k1_b_p": 0, "k1_c_p": 72.22, "k1_p": 51.85, "A2": " ", "k2_a_p": 0.0, "k2_b_p": 39.09, "k2_p": 19.545, "A3": " ", "k3_a_p": 30.77, "k3_b_p": 80.77, "k3_p": 55.77, "A4": " ", "k4_a_p": 39.02, "k4_b_p": 0.0, "k4_c_p": 0.0, "k4_d_p": 74.46, "k4_e_p": 76.08, "k4_p": 37.912, "A5": " ", "k5_a_p": 0.0, "k5_b_p": 65.38, "k5_p": 32.69, "A6": " ", "k6_a_p": 100, "k6_b_p": 80.77, "k6_c_p": 100, "k6_p": 93.59, "A7": " ", "k7_a_p": 0, "k7_b_p": 100, "k7_p": 50, "A8": " ", "Sumber": "Data SIM KOTAKU, 25-11-2020", "city": "ambon", "source_layer": "Profil Kumuh Basis", "role": "profil" }, "geometry": { "type": "Polygon", "coordinates": [ [ [ 128.187491681036732, -3.697777828263024 ], [ 128.187453951794765, -3.697777828263024 ], [ 128.187439578750229, -3.697885401668476 ], [ 128.187432392227947, -3.69805214042113 ], [ 128.187684818822817, -3.698086205323727 ], [ 128.187645292950293, -3.698274458709214 ], [ 128.187664157571248, -3.698378446276437 ], [ 128.187588699087399, -3.698429543611033 ], [ 128.18753480017034, -3.698493191164042 ], [ 128.187540190062037, -3.698524566716661 ], [ 128.187633614851592, -3.698617796923603 ], [ 128.187688412083929, -3.698709234232424 ], [ 128.187684818822817, -3.698728956003678 ], [ 128.187919279111952, -3.698789914202963 ], [ 128.18806121292684, -3.698612418258084 ], [ 128.188176197283212, -3.698419682722129 ], [ 128.188187875381914, -3.69827894093219 ], [ 128.18832621593566, -3.69821887914242 ], [ 128.188357656970595, -3.698055726200411 ], [ 128.188398081158397, -3.697855818983278 ], [ 128.188356758655317, -3.697846854533024 ], [ 128.188186078751329, -3.697832511412428 ], [ 128.188089060700662, -3.697844165197929 ], [ 128.187902211121582, -3.697842372307862 ], [ 128.187817769484866, -3.697868369213484 ], [ 128.18765517441841, -3.69786388698843 ], [ 128.187633614851592, -3.697836993637639 ], [ 128.18761295360008, -3.697799342945159 ], [ 128.187579715934561, -3.697779621153223 ], [ 128.187532105224506, -3.697778724708124 ], [ 128.187491681036732, -3.697777828263024 ] ] ] } },
{ "type": "Feature", "properties": { "FID": 11, "Kode": "81712009-RT005-RW004", "Provinsi": "MALUKU", "Kota_Kab": "KOTA AMBON", "Kecamatan": "Sirimau", "Kelurahan": "Batu Meja", "Kode_RTRW": "81712009-RT005-RW004", "A1": " ", "k1_a_p": 100.0, "k1_b_p": 100, "k1_c_p": 0.0, "k1_p": 66.6667, "A2": " ", "k2_a_p": 0.0, "k2_b_p": 0.0, "k2_p": 0.0, "A3": " ", "k3_a_p": 0.0, "k3_b_p": 100.0, "k3_p": 50.0, "A4": " ", "k4_a_p": 0.0, "k4_b_p": 50.0, "k4_c_p": 50.0, "k4_d_p": 50.0, "k4_e_p": 32.36, "k4_p": 36.472, "A5": " ", "k5_a_p": 0.0, "k5_b_p": 0.0, "k5_p": 0.0, "A6": " ", "k6_a_p": 100, "k6_b_p": 0.0, "k6_c_p": 0, "k6_p": 33.3333, "A7": " ", "k7_a_p": 0, "k7_b_p": 100, "k7_p": 50, "A8": " ", "Sumber": "Data SIM KOTAKU, 25-11-2020", "city": "ambon", "source_layer": "Profil Kumuh Basis", "role": "profil" }, "geometry": { "type": "Polygon", "coordinates": [ [ [ 128.187684818822817, -3.698728956003678 ], [ 128.187688412083929, -3.698709234232424 ], [ 128.187633614851592, -3.698617796923603 ], [ 128.187540190062037, -3.698524566716661 ], [ 128.18753480017034, -3.698493191164042 ], [ 128.187588699087399, -3.698429543611033 ], [ 128.187664157571248, -3.698378446276437 ], [ 128.187645292950293, -3.698274458709214 ], [ 128.187684818822817, -3.698086205323727 ], [ 128.187432392227947, -3.69805214042113 ], [ 128.187439578750229, -3.697885401668476 ], [ 128.187453951794765, -3.697777828263024 ], [ 128.187491681036732, -3.697777828263024 ], [ 128.187613851915359, -3.697368152757757 ], [ 128.187625530014031, -3.697350223847294 ], [ 128.187611156969496, -3.697311676688573 ], [ 128.187466528208745, -3.696939651698504 ], [ 128.18741442592227, -3.69690200096792 ], [ 128.187205118461094, -3.696757673152537 ], [ 128.187096422311726, -3.69665816762639 ], [ 128.187004794152728, -3.696549697625708 ], [ 128.18678380859285, -3.696786359428273 ], [ 128.186617620265253, -3.69696475218467 ], [ 128.186742486089742, -3.697105494183238 ], [ 128.186959878388507, -3.69738877100434 ], [ 128.187001200891586, -3.697439868395979 ], [ 128.186872741805985, -3.697530409380951 ], [ 128.186853877184973, -3.697677426406159 ], [ 128.186460415090551, -3.698215293363798 ], [ 128.18692933566885, -3.698594489372787 ], [ 128.187150321228756, -3.698813221748639 ], [ 128.18744766358779, -3.699104566017884 ], [ 128.187464731578189, -3.699118012674152 ], [ 128.187503359135405, -3.69905795094124 ], [ 128.187639004743289, -3.698873283498136 ], [ 128.187657869364273, -3.698847286621987 ], [ 128.187684818822817, -3.698728956003678 ] ] ] } },
{ "type": "Feature", "properties": { "FID": 12, "Kode": "81712009-RT001-RW004", "Provinsi": "MALUKU", "Kota_Kab": "KOTA AMBON", "Kecamatan": "Sirimau", "Kelurahan": "Batu Meja", "Kode_RTRW": "81712009-RT001-RW004", "A1": " ", "k1_a_p": 58.14, "k1_b_p": 100, "k1_c_p": 46.51, "k1_p": 68.2167, "A2": " ", "k2_a_p": 0.0, "k2_b_p": 39.37, "k2_p": 19.685, "A3": " ", "k3_a_p": 1.41, "k3_b_p": 71.83, "k3_p": 35.915, "A4": " ", "k4_a_p": 0.0, "k4_b_p": 0.0, "k4_c_p": 0.0, "k4_d_p": 77.47, "k4_e_p": 74.25, "k4_p": 30.344, "A5": " ", "k5_a_p": 1.41, "k5_b_p": 57.75, "k5_p": 28.875, "A6": " ", "k6_a_p": 100, "k6_b_p": 87.32, "k6_c_p": 100, "k6_p": 95.7733, "A7": " ", "k7_a_p": 0, "k7_b_p": 100, "k7_p": 50, "A8": " ", "Sumber": "Data SIM KOTAKU, 25-11-2020", "city": "ambon", "source_layer": "Profil Kumuh Basis", "role": "profil" }, "geometry": { "type": "Polygon", "coordinates": [ [ [ 128.190784904868309, -3.699265029436043 ], [ 128.190542359741585, -3.698702959123296 ], [ 128.190527986697049, -3.698592696484236 ], [ 128.190464206311873, -3.698446576055244 ], [ 128.190329459019239, -3.698393685832678 ], [ 128.190291729777329, -3.69834796716317 ], [ 128.190266576949369, -3.698298662713019 ], [ 128.190228847707431, -3.698238600924584 ], [ 128.190145304386022, -3.698175849797992 ], [ 128.190077930739704, -3.698175849797992 ], [ 128.189860538440939, -3.698330934717065 ], [ 128.189786876587647, -3.69840713249973 ], [ 128.189673688861831, -3.698483330275847 ], [ 128.189601823639094, -3.698498569830284 ], [ 128.189573077550023, -3.698434025833226 ], [ 128.189588348909837, -3.698349760052214 ], [ 128.18956589102774, -3.698260115595536 ], [ 128.189461686454791, -3.698272665820017 ], [ 128.1894284487893, -3.698259219150923 ], [ 128.189371854926378, -3.698233222256765 ], [ 128.18935029535956, -3.698223361365677 ], [ 128.189265853722873, -3.698194675136437 ], [ 128.189176022194459, -3.698201846693833 ], [ 128.189058342892224, -3.698217982697765 ], [ 128.188958629895694, -3.698170471129792 ], [ 128.188778068523561, -3.698076344431004 ], [ 128.188721474660667, -3.698011800403202 ], [ 128.18865859259077, -3.697951738595332 ], [ 128.18857954084578, -3.697897055453283 ], [ 128.188522048667608, -3.697883608778492 ], [ 128.188398081158397, -3.697855818983278 ], [ 128.188357656970595, -3.698055726200411 ], [ 128.18832621593566, -3.69821887914242 ], [ 128.188187875381914, -3.69827894093219 ], [ 128.188176197283212, -3.698419682722129 ], [ 128.18806121292684, -3.698612418258084 ], [ 128.187919279111952, -3.698789914202963 ], [ 128.188190570327748, -3.69889659104162 ], [ 128.188415149148796, -3.698820393301031 ], [ 128.188657694275491, -3.698884040825974 ], [ 128.188759203902606, -3.698805153752128 ], [ 128.188890357934071, -3.69879349997926 ], [ 128.188940663590017, -3.698855354618116 ], [ 128.189229022796212, -3.698861629726163 ], [ 128.189238005949051, -3.699147595317224 ], [ 128.18956589102774, -3.699378877765385 ], [ 128.189693451798092, -3.699343916468953 ], [ 128.189657519186738, -3.699247997007561 ], [ 128.189904555889854, -3.699204071269439 ], [ 128.190088710523099, -3.699236343240516 ], [ 128.190008760462803, -3.699536651803914 ], [ 128.19009230378424, -3.699578784638995 ], [ 128.190297119669026, -3.699662153859956 ], [ 128.190563020993125, -3.699721319108782 ], [ 128.190567512569544, -3.699618228142362 ], [ 128.190370781522347, -3.699488243863262 ], [ 128.190413002340676, -3.699379774208865 ], [ 128.190666327250796, -3.69934212358192 ], [ 128.190784904868309, -3.699265029436043 ] ] ] } },
{ "type": "Feature", "properties": { "FID": 13, "Kode": "81712009-RT004-RW004", "Provinsi": "MALUKU", "Kota_Kab": "KOTA AMBON", "Kecamatan": "Sirimau", "Kelurahan": "Batu Meja", "Kode_RTRW": "81712009-RT004-RW004", "A1": " ", "k1_a_p": 2.7, "k1_b_p": 0, "k1_c_p": 54.05, "k1_p": 18.0167, "A2": " ", "k2_a_p": 0.0, "k2_b_p": 58.22, "k2_p": 29.11, "A3": " ", "k3_a_p": 12.5, "k3_b_p": 71.43, "k3_p": 35.715, "A4": " ", "k4_a_p": 72.41, "k4_b_p": 0.0, "k4_c_p": 0.0, "k4_d_p": 69.58, "k4_e_p": 88.1, "k4_p": 46.018, "A5": " ", "k5_a_p": 0.0, "k5_b_p": 64.29, "k5_p": 32.145, "A6": " ", "k6_a_p": 100, "k6_b_p": 82.14, "k6_c_p": 100, "k6_p": 94.0467, "A7": " ", "k7_a_p": 0, "k7_b_p": 100, "k7_p": 50, "A8": " ", "Sumber": "Data SIM KOTAKU, 25-11-2020", "city": "ambon", "source_layer": "Profil Kumuh Basis", "role": "profil" }, "geometry": { "type": "MultiPolygon", "coordinates": [ [ [ [ 128.186013054079041, -3.697856715428299 ], [ 128.185862137111343, -3.698208121806509 ], [ 128.186057969843262, -3.698353345830292 ], [ 128.186127140120135, -3.69844926538851 ], [ 128.186238531215366, -3.69893244879963 ], [ 128.186261887412769, -3.698944999014591 ], [ 128.186338244211896, -3.698909141257089 ], [ 128.186665230975336, -3.698962031448897 ], [ 128.186762249026032, -3.699012232305998 ], [ 128.186819741204204, -3.699297301404901 ], [ 128.186811656366643, -3.699680082723654 ], [ 128.186788300169269, -3.699858474897686 ], [ 128.186947301974527, -3.699926604562713 ], [ 128.186976048063656, -3.700046727906709 ], [ 128.186908674417339, -3.700299524741619 ], [ 128.186837707509881, -3.700401719186321 ], [ 128.186841300771022, -3.700453712846645 ], [ 128.186947301974527, -3.700481502560395 ], [ 128.186934725560576, -3.700621347558289 ], [ 128.187031743611243, -3.700542460639115 ], [ 128.187056896439202, -3.700496742080468 ], [ 128.187082049267161, -3.700391858319364 ], [ 128.187161999327429, -3.700171333447825 ], [ 128.187144931337031, -3.699991148451063 ], [ 128.187078456006049, -3.699878196643364 ], [ 128.187139541445333, -3.699721319108782 ], [ 128.18736501858163, -3.699566234433011 ], [ 128.18741442592227, -3.699474797212611 ], [ 128.187385679833199, -3.69941294261699 ], [ 128.187385679833199, -3.699328676929052 ], [ 128.187412629291714, -3.69922917169149 ], [ 128.187464731578189, -3.699118012674152 ], [ 128.18744766358779, -3.699104566017884 ], [ 128.187150321228756, -3.698813221748639 ], [ 128.18692933566885, -3.698594489372787 ], [ 128.186460415090551, -3.698215293363798 ], [ 128.186439753838982, -3.698234118701403 ], [ 128.186013054079041, -3.697856715428299 ] ] ], [ [ [ 128.186872741805985, -3.697530409380951 ], [ 128.187001200891586, -3.697439868395979 ], [ 128.186959878388507, -3.69738877100434 ], [ 128.186742486089742, -3.697105494183238 ], [ 128.186617620265253, -3.69696475218467 ], [ 128.186597857329019, -3.696986266886536 ], [ 128.186566416294085, -3.697025710505264 ], [ 128.186392143128955, -3.697241753931266 ], [ 128.186337345896618, -3.697290161994605 ], [ 128.186857470446114, -3.697650533049712 ], [ 128.186872741805985, -3.697530409380951 ] ] ] ] } },
{ "type": "Feature", "properties": { "FID": 14, "Kode": "81711006-RT001-RW005", "Provinsi": "MALUKU", "Kota_Kab": "KOTA AMBON", "Kecamatan": "Nusaniwe", "Kelurahan": "Benteng", "Kode_RTRW": "81711006-RT001-RW005", "A1": " ", "k1_a_p": 45.45, "k1_b_p": 0, "k1_c_p": 20.0, "k1_p": 15.15, "A2": " ", "k2_a_p": 0.0, "k2_b_p": 43.1, "k2_p": 21.55, "A3": " ", "k3_a_p": 24.74, "k3_b_p": 70.1, "k3_p": 35.05, "A4": " ", "k4_a_p": 0.0, "k4_b_p": 25.37, "k4_c_p": 0.0, "k4_d_p": 41.04, "k4_e_p": 54.73, "k4_p": 24.228, "A5": " ", "k5_a_p": 3.09, "k5_b_p": 3.09, "k5_p": 0.0, "A6": " ", "k6_a_p": 100, "k6_b_p": 22.68, "k6_c_p": 100, "k6_p": 66.6667, "A7": " ", "k7_a_p": 100, "k7_b_p": 100, "k7_p": 100, "A8": " ", "Sumber": "Data SIM KOTAKU, 25-11-2020", "city": "ambon", "source_layer": "Profil Kumuh Basis", "role": "profil" }, "geometry": { "type": "Polygon", "coordinates": [ [ [ 128.162933537799461, -3.703112556993564 ], [ 128.162770942733033, -3.703099110397938 ], [ 128.162554448749574, -3.703087456681562 ], [ 128.162434972816754, -3.70308835312129 ], [ 128.162254411444678, -3.703124210709609 ], [ 128.162142122034169, -3.703153793218878 ], [ 128.161981323598297, -3.703193236563035 ], [ 128.16202623936249, -3.703419139318433 ], [ 128.162068460180848, -3.703651317090295 ], [ 128.162210393995736, -3.70388708055693 ], [ 128.16216278328568, -3.703912180846258 ], [ 128.162347836234233, -3.704328128394321 ], [ 128.162299327208871, -3.704333507025127 ], [ 128.16209630795467, -3.704329921271261 ], [ 128.16213763045775, -3.704574648939375 ], [ 128.162212190626292, -3.705139404838248 ], [ 128.162418803141634, -3.705133129774686 ], [ 128.162860774261446, -3.705091893641595 ], [ 128.162876943936567, -3.704978046046781 ], [ 128.162876943936567, -3.704730629176045 ], [ 128.162880537197708, -3.704649949746718 ], [ 128.162894011926966, -3.704332610586663 ], [ 128.162918266439618, -3.703829708464367 ], [ 128.162931741168876, -3.703619941719277 ], [ 128.162935334430017, -3.703558087413157 ], [ 128.162939826006436, -3.703267641048362 ], [ 128.162933537799461, -3.703112556993564 ] ] ] } },
{ "type": "Feature", "properties": { "FID": 15, "Kode": "81711006-RT002-RW005", "Provinsi": "MALUKU", "Kota_Kab": "KOTA AMBON", "Kecamatan": "Nusaniwe", "Kelurahan": "Benteng", "Kode_RTRW": "81711006-RT002-RW005", "A1": " ", "k1_a_p": 1.49, "k1_b_p": 0, "k1_c_p": 5.97, "k1_p": 0.0, "A2": " ", "k2_a_p": 0.0, "k2_b_p": 29.63, "k2_p": 14.815, "A3": " ", "k3_a_p": 0.0, "k3_b_p": 65.59, "k3_p": 32.795, "A4": " ", "k4_a_p": 6.09, "k4_b_p": 48.66, "k4_c_p": 0.0, "k4_d_p": 51.34, "k4_e_p": 51.34, "k4_p": 30.268, "A5": " ", "k5_a_p": 2.15, "k5_b_p": 2.15, "k5_p": 0.0, "A6": " ", "k6_a_p": 100, "k6_b_p": 100.0, "k6_c_p": 100, "k6_p": 100.0, "A7": " ", "k7_a_p": 0, "k7_b_p": 100, "k7_p": 50, "A8": " ", "Sumber": "Data SIM KOTAKU, 25-11-2020", "city": "ambon", "source_layer": "Profil Kumuh Basis", "role": "profil" }, "geometry": { "type": "Polygon", "coordinates": [ [ [ 128.161594149710822, -3.70512775114874 ], [ 128.161883407232324, -3.705148369214689 ], [ 128.162212190626292, -3.705139404838248 ], [ 128.16213763045775, -3.704574648939375 ], [ 128.16209630795467, -3.704329921271261 ], [ 128.162299327208871, -3.704333507025127 ], [ 128.162347836234233, -3.704328128394321 ], [ 128.16216278328568, -3.703912180846258 ], [ 128.162210393995736, -3.70388708055693 ], [ 128.162068460180848, -3.703651317090295 ], [ 128.16202623936249, -3.703419139318433 ], [ 128.161981323598297, -3.703193236563035 ], [ 128.161957967400923, -3.703198615200737 ], [ 128.161717218904755, -3.703246126499031 ], [ 128.161498029975405, -3.703281087641429 ], [ 128.161297705667067, -3.703367145832218 ], [ 128.161162958374462, -3.703445136060394 ], [ 128.161094686412866, -3.703479200755603 ], [ 128.161028211081856, -3.703501611738578 ], [ 128.16096443069668, -3.7035231262817 ], [ 128.160751529974334, -3.70362890611111 ], [ 128.160791055846829, -3.703688967534048 ], [ 128.160851242970864, -3.703754407587235 ], [ 128.160926701454741, -3.703874530412 ], [ 128.16098599026347, -3.70400899624128 ], [ 128.161012939722013, -3.704127326154146 ], [ 128.161029109397134, -3.704233105911346 ], [ 128.161040787495836, -3.70430751030926 ], [ 128.161088398205862, -3.704398947030658 ], [ 128.161161161743877, -3.704510105385124 ], [ 128.161245603380593, -3.704600645647397 ], [ 128.161356994475824, -3.704687600147987 ], [ 128.161458504102939, -3.704756625879484 ], [ 128.161537555847929, -3.704841787488848 ], [ 128.161564505306444, -3.704917088273458 ], [ 128.161577081720424, -3.704984321111444 ], [ 128.161594149710822, -3.70512775114874 ] ] ] } },
{ "type": "Feature", "properties": { "FID": 16, "Kode": "81711006-RT003-RW005", "Provinsi": "MALUKU", "Kota_Kab": "KOTA AMBON", "Kecamatan": "Nusaniwe", "Kelurahan": "Benteng", "Kode_RTRW": "81711006-RT003-RW005", "A1": " ", "k1_a_p": 50.0, "k1_b_p": 0, "k1_c_p": 0.0, "k1_p": 16.6667, "A2": " ", "k2_a_p": 0.0, "k2_b_p": 21.6, "k2_p": 0.0, "A3": " ", "k3_a_p": 73.08, "k3_b_p": 69.23, "k3_p": 71.155, "A4": " ", "k4_a_p": 0.0, "k4_b_p": 47.82, "k4_c_p": 0.0, "k4_d_p": 29.37, "k4_e_p": 52.18, "k4_p": 25.874, "A5": " ", "k5_a_p": 5.13, "k5_b_p": 5.13, "k5_p": 0.0, "A6": " ", "k6_a_p": 100, "k6_b_p": 100.0, "k6_c_p": 100, "k6_p": 100.0, "A7": " ", "k7_a_p": 100, "k7_b_p": 100, "k7_p": 100, "A8": " ", "Sumber": "Data SIM KOTAKU, 25-11-2020", "city": "ambon", "source_layer": "Profil Kumuh Basis", "role": "profil" }, "geometry": { "type": "Polygon", "coordinates": [ [ [ 128.160751529974334, -3.70362890611111 ], [ 128.160702122633722, -3.703551812338382 ], [ 128.160598816376051, -3.703373420908303 ], [ 128.160516171369892, -3.70322640482835 ], [ 128.16046766234453, -3.703139450184204 ], [ 128.160443407831877, -3.703104489036213 ], [ 128.160397593752378, -3.703039945374755 ], [ 128.160352677988158, -3.703076699404773 ], [ 128.160206252596879, -3.70322640482835 ], [ 128.160047250791564, -3.703386867499763 ], [ 128.160047250791564, -3.703387763939185 ], [ 128.160155048625654, -3.703580498394135 ], [ 128.160163133463215, -3.703601116496134 ], [ 128.160310457169828, -3.703960588545093 ], [ 128.160404780274661, -3.704204419876745 ], [ 128.16040927185108, -3.704214280701244 ], [ 128.160437119624874, -3.704287788662228 ], [ 128.16054581577427, -3.704565684557122 ], [ 128.16063744393324, -3.704770968887951 ], [ 128.160623070888704, -3.704878541444041 ], [ 128.16084405644861, -3.704944877847111 ], [ 128.160916819986625, -3.704966392355147 ], [ 128.161463893994636, -3.705118786772089 ], [ 128.161594149710822, -3.70512775114874 ], [ 128.161577081720424, -3.704984321111444 ], [ 128.161564505306444, -3.704917088273458 ], [ 128.161537555847929, -3.704841787488848 ], [ 128.161458504102939, -3.704756625879484 ], [ 128.161356994475824, -3.704687600147987 ], [ 128.161245603380593, -3.704600645647397 ], [ 128.161161161743877, -3.704510105385124 ], [ 128.161088398205862, -3.704398947030658 ], [ 128.161040787495836, -3.70430751030926 ], [ 128.161029109397134, -3.704233105911346 ], [ 128.161012939722013, -3.704127326154146 ], [ 128.16098599026347, -3.70400899624128 ], [ 128.160926701454741, -3.703874530412 ], [ 128.160851242970864, -3.703754407587235 ], [ 128.160791055846829, -3.703688967534048 ], [ 128.160751529974334, -3.70362890611111 ] ] ] } },
{ "type": "Feature", "properties": { "FID": 17, "Kode": "81711006-RT004-RW006", "Provinsi": "MALUKU", "Kota_Kab": "KOTA AMBON", "Kecamatan": "Nusaniwe", "Kelurahan": "Benteng", "Kode_RTRW": "81711006-RT004-RW006", "A1": " ", "k1_a_p": 91.01, "k1_b_p": 0, "k1_c_p": 5.62, "k1_p": 30.3367, "A2": " ", "k2_a_p": 0.0, "k2_b_p": 16.59, "k2_p": 0.0, "A3": " ", "k3_a_p": 24.66, "k3_b_p": 52.74, "k3_p": 26.37, "A4": " ", "k4_a_p": 0.0, "k4_b_p": 0.0, "k4_c_p": 0.0, "k4_d_p": 55.12, "k4_e_p": 67.68, "k4_p": 24.56, "A5": " ", "k5_a_p": 0.0, "k5_b_p": 0.0, "k5_p": 0.0, "A6": " ", "k6_a_p": 100, "k6_b_p": 33.56, "k6_c_p": 100, "k6_p": 77.8533, "A7": " ", "k7_a_p": 100, "k7_b_p": 100, "k7_p": 100, "A8": " ", "Sumber": "Data SIM KOTAKU, 25-11-2020", "city": "ambon", "source_layer": "Profil Kumuh Basis", "role": "profil" }, "geometry": { "type": "Polygon", "coordinates": [ [ [ 128.160751529974334, -3.70362890611111 ], [ 128.16096443069668, -3.7035231262817 ], [ 128.161028211081856, -3.703501611738578 ], [ 128.161094686412866, -3.703479200755603 ], [ 128.161162958374462, -3.703445136060394 ], [ 128.161297705667067, -3.703367145832218 ], [ 128.161498029975405, -3.703281087641429 ], [ 128.161717218904755, -3.703246126499031 ], [ 128.161957967400923, -3.703198615200737 ], [ 128.161981323598297, -3.703193236563035 ], [ 128.162142122034169, -3.703153793218878 ], [ 128.162119664152044, -3.703052495531518 ], [ 128.162112477629762, -3.70300319134321 ], [ 128.162081036594827, -3.702935061914848 ], [ 128.161992103381692, -3.702749498839959 ], [ 128.162186139483083, -3.702665233469439 ], [ 128.162165478231543, -3.702566625046945 ], [ 128.161948085932806, -3.702188327178769 ], [ 128.161846576305692, -3.702065514802927 ], [ 128.161934611203549, -3.702012624796406 ], [ 128.161881610601768, -3.70193732376472 ], [ 128.161845677990414, -3.701945391732707 ], [ 128.161755846461972, -3.702051171750623 ], [ 128.161717218904755, -3.702002763947382 ], [ 128.16168577786982, -3.702023382086123 ], [ 128.161730693634041, -3.7020906151439 ], [ 128.161637268844487, -3.70217936277235 ], [ 128.161684879554514, -3.702240320734212 ], [ 128.161734286895154, -3.702202670228852 ], [ 128.161743270047992, -3.702226874125338 ], [ 128.161667811564143, -3.702275281916329 ], [ 128.161651641889023, -3.702258249545726 ], [ 128.161512403019969, -3.70234789359785 ], [ 128.161427961383282, -3.702386440537474 ], [ 128.161413588338746, -3.70236940816901 ], [ 128.161374960781501, -3.702381061894837 ], [ 128.161398316978875, -3.702444709163952 ], [ 128.161107262826846, -3.702564832166434 ], [ 128.161027312766578, -3.702606068417261 ], [ 128.160904243572645, -3.702657165508011 ], [ 128.160806327206672, -3.702734259358651 ], [ 128.16078656427041, -3.702710951916142 ], [ 128.160747936713193, -3.702735155798735 ], [ 128.160774886171708, -3.702780874241828 ], [ 128.16073625861452, -3.702800595922432 ], [ 128.16070751252542, -3.702785356442003 ], [ 128.160597019745467, -3.702855278761812 ], [ 128.160539527567266, -3.702857968081694 ], [ 128.160438017940152, -3.703006777102452 ], [ 128.160397593752378, -3.703039945374755 ], [ 128.160443407831877, -3.703104489036213 ], [ 128.16046766234453, -3.703139450184204 ], [ 128.160516171369892, -3.70322640482835 ], [ 128.160598816376051, -3.703373420908303 ], [ 128.160702122633722, -3.703551812338382 ], [ 128.160751529974334, -3.70362890611111 ] ] ] } },
{ "type": "Feature", "properties": { "FID": 18, "Kode": "81712023-RT003-RW004", "Provinsi": "MALUKU", "Kota_Kab": "KOTA AMBON", "Kecamatan": "Sirimau", "Kelurahan": "Honipopu", "Kode_RTRW": "81712023-RT003-RW004", "A1": " ", "k1_a_p": 0.0, "k1_b_p": 100, "k1_c_p": 4.17, "k1_p": 33.3333, "A2": " ", "k2_a_p": 0.0, "k2_b_p": 0.0, "k2_p": 0.0, "A3": " ", "k3_a_p": 78.12, "k3_b_p": 0.0, "k3_p": 39.06, "A4": " ", "k4_a_p": 0.0, "k4_b_p": 50.0, "k4_c_p": 50.0, "k4_d_p": 49.38, "k4_e_p": 0.0, "k4_p": 29.876, "A5": " ", "k5_a_p": 31.25, "k5_b_p": 62.5, "k5_p": 46.875, "A6": " ", "k6_a_p": 0, "k6_b_p": 100.0, "k6_c_p": 0, "k6_p": 33.3333, "A7": " ", "k7_a_p": 0, "k7_b_p": 100, "k7_p": 50, "A8": " ", "Sumber": "Data SIM KOTAKU, 25-11-2020", "city": "ambon", "source_layer": "Profil Kumuh Basis", "role": "profil" }, "geometry": { "type": "Polygon", "coordinates": [ [ [ 128.178066557075738, -3.698373067609466 ], [ 128.177975827232046, -3.698257426261697 ], [ 128.177919233369124, -3.698290594711824 ], [ 128.17788330075777, -3.698247565370878 ], [ 128.177851859722836, -3.698200950249162 ], [ 128.1778374866783, -3.698183021355542 ], [ 128.177802452382195, -3.698141784898839 ], [ 128.177728790528903, -3.698182124910851 ], [ 128.177631772478236, -3.698360517386407 ], [ 128.177563500516641, -3.698504844940859 ], [ 128.177561703886056, -3.698515602273168 ], [ 128.177570687038894, -3.698555045823855 ], [ 128.177584161768152, -3.698619589812102 ], [ 128.177586856714015, -3.698628554254542 ], [ 128.177637162369933, -3.698611521813827 ], [ 128.17774585851933, -3.698573871154246 ], [ 128.177812333850341, -3.69855235649091 ], [ 128.177811435535034, -3.69853890982606 ], [ 128.177827605210155, -3.698531738271389 ], [ 128.177872520974375, -3.698510223607031 ], [ 128.177941691251249, -3.698466297832343 ], [ 128.178027031203214, -3.698428647166593 ], [ 128.178079133489717, -3.698390100054762 ], [ 128.178071946967435, -3.698381135609909 ], [ 128.178066557075738, -3.698373067609466 ] ] ] } },
{ "type": "Feature", "properties": { "FID": 19, "Kode": "81712023-RT011-RW004", "Provinsi": "MALUKU", "Kota_Kab": "KOTA AMBON", "Kecamatan": "Sirimau", "Kelurahan": "Honipopu", "Kode_RTRW": "81712023-RT011-RW004", "A1": " ", "k1_a_p": 0.0, "k1_b_p": 0, "k1_c_p": 0.0, "k1_p": 0.0, "A2": " ", "k2_a_p": 0.0, "k2_b_p": 0.0, "k2_p": 0.0, "A3": " ", "k3_a_p": 0.0, "k3_b_p": 61.27, "k3_p": 30.635, "A4": " ", "k4_a_p": 100.0, "k4_b_p": 50.0, "k4_c_p": 50.0, "k4_d_p": 49.38, "k4_e_p": 0.0, "k4_p": 49.876, "A5": " ", "k5_a_p": 21.08, "k5_b_p": 14.22, "k5_p": 0.0, "A6": " ", "k6_a_p": 0, "k6_b_p": 100.0, "k6_c_p": 0, "k6_p": 33.3333, "A7": " ", "k7_a_p": 0, "k7_b_p": 100, "k7_p": 50, "A8": " ", "Sumber": "Data SIM KOTAKU, 25-11-2020", "city": "ambon", "source_layer": "Profil Kumuh Basis", "role": "profil" }, "geometry": { "type": "Polygon", "coordinates": [ [ [ 128.178521104609473, -3.698373964053963 ], [ 128.178200406053065, -3.698525463161005 ], [ 128.178085421696693, -3.698360517386407 ], [ 128.178066557075738, -3.698373067609466 ], [ 128.178071946967435, -3.698381135609909 ], [ 128.178079133489717, -3.698390100054762 ], [ 128.178027031203214, -3.698428647166593 ], [ 128.177941691251249, -3.698466297832343 ], [ 128.177872520974375, -3.698510223607031 ], [ 128.177827605210155, -3.698531738271389 ], [ 128.177811435535034, -3.69853890982606 ], [ 128.177812333850341, -3.69855235649091 ], [ 128.17774585851933, -3.698573871154246 ], [ 128.177637162369933, -3.698611521813827 ], [ 128.177586856714015, -3.698628554254542 ], [ 128.177584161768152, -3.698619589812102 ], [ 128.177570687038894, -3.698555045823855 ], [ 128.177561703886056, -3.698515602273168 ], [ 128.177536551058097, -3.698624072033333 ], [ 128.177552720733217, -3.698788121314807 ], [ 128.177613806172531, -3.698851768842068 ], [ 128.177934504728967, -3.699115323342915 ], [ 128.177990200276582, -3.699152077535785 ], [ 128.177994691853002, -3.69914849176094 ], [ 128.178118659362212, -3.699025678963667 ], [ 128.178142015559615, -3.699006853642874 ], [ 128.178229152142137, -3.698935138131424 ], [ 128.178262389807685, -3.698908244813134 ], [ 128.178287542635616, -3.698935138131424 ], [ 128.178296525788454, -3.698944102570672 ], [ 128.178330661769252, -3.698912727032905 ], [ 128.178363001119493, -3.698884937269954 ], [ 128.178446544440931, -3.698833839961611 ], [ 128.178504036619103, -3.698800671531812 ], [ 128.178564223743138, -3.698777363985805 ], [ 128.17860105466977, -3.698779156873981 ], [ 128.178640580542265, -3.698773778209442 ], [ 128.178723225548424, -3.698744195553892 ], [ 128.178743886799936, -3.698735231112621 ], [ 128.17871693734142, -3.69861331470234 ], [ 128.178669326631393, -3.698537116937398 ], [ 128.178521104609473, -3.698373964053963 ] ] ] } },
{ "type": "Feature", "properties": { "FID": 20, "Kode": "81712023-RT010-RW004", "Provinsi": "MALUKU", "Kota_Kab": "KOTA AMBON", "Kecamatan": "Sirimau", "Kelurahan": "Honipopu", "Kode_RTRW": "81712023-RT010-RW004", "A1": " ", "k1_a_p": 100.0, "k1_b_p": 0, "k1_c_p": 0.0, "k1_p": 33.3333, "A2": " ", "k2_a_p": 0.0, "k2_b_p": 0.0, "k2_p": 0.0, "A3": " ", "k3_a_p": 54.41, "k3_b_p": 54.41, "k3_p": 54.41, "A4": " ", "k4_a_p": 100.0, "k4_b_p": 50.0, "k4_c_p": 50.0, "k4_d_p": 49.68, "k4_e_p": 0.0, "k4_p": 49.936, "A5": " ", "k5_a_p": 0.0, "k5_b_p": 0.0, "k5_p": 0.0, "A6": " ", "k6_a_p": 0, "k6_b_p": 100.0, "k6_c_p": 0, "k6_p": 33.3333, "A7": " ", "k7_a_p": 0, "k7_b_p": 0, "k7_p": 0, "A8": " ", "Sumber": "Data SIM KOTAKU, 25-11-2020", "city": "ambon", "source_layer": "Profil Kumuh Basis", "role": "profil" }, "geometry": { "type": "Polygon", "coordinates": [ [ [ 128.178781616041903, -3.698956652785468 ], [ 128.178743886799936, -3.698735231112621 ], [ 128.178723225548424, -3.698744195553892 ], [ 128.178640580542265, -3.698773778209442 ], [ 128.17860105466977, -3.698779156873981 ], [ 128.178564223743138, -3.698777363985805 ], [ 128.178504036619103, -3.698800671531812 ], [ 128.178446544440931, -3.698833839961611 ], [ 128.178363001119493, -3.698884937269954 ], [ 128.178330661769252, -3.698912727032905 ], [ 128.178296525788454, -3.698944102570672 ], [ 128.178287542635616, -3.698935138131424 ], [ 128.178262389807685, -3.698908244813134 ], [ 128.178229152142137, -3.698935138131424 ], [ 128.178142015559615, -3.699006853642874 ], [ 128.178118659362212, -3.699025678963667 ], [ 128.177994691853002, -3.69914849176094 ], [ 128.177990200276582, -3.699152077535785 ], [ 128.178009963212844, -3.699165524191333 ], [ 128.178290237581479, -3.699351088017052 ], [ 128.178295627473176, -3.699343916468953 ], [ 128.178315390409438, -3.699326884041988 ], [ 128.178325271877554, -3.699317919606611 ], [ 128.178384560686311, -3.699267718766825 ], [ 128.178529189447033, -3.699141320211202 ], [ 128.178551647329158, -3.699120702005382 ], [ 128.178547155752739, -3.699109048236664 ], [ 128.178580393418258, -3.69908125847987 ], [ 128.178591173201653, -3.699042711396423 ], [ 128.178661241793833, -3.698999682091989 ], [ 128.178765446366782, -3.698962927892799 ], [ 128.178781616041903, -3.698956652785468 ] ] ] } },
{ "type": "Feature", "properties": { "FID": 21, "Kode": "81712023-RT010-RW004", "Provinsi": "MALUKU", "Kota_Kab": "KOTA AMBON", "Kecamatan": "Sirimau", "Kelurahan": "Honipopu", "Kode_RTRW": "81712023-RT010-RW004", "A1": " ", "k1_a_p": 100.0, "k1_b_p": 0, "k1_c_p": 0.0, "k1_p": 33.3333, "A2": " ", "k2_a_p": 0.0, "k2_b_p": 0.0, "k2_p": 0.0, "A3": " ", "k3_a_p": 54.41, "k3_b_p": 54.41, "k3_p": 54.41, "A4": " ", "k4_a_p": 100.0, "k4_b_p": 50.0, "k4_c_p": 50.0, "k4_d_p": 49.68, "k4_e_p": 0.0, "k4_p": 49.936, "A5": " ", "k5_a_p": 0.0, "k5_b_p": 0.0, "k5_p": 0.0, "A6": " ", "k6_a_p": 0, "k6_b_p": 100.0, "k6_c_p": 0, "k6_p": 33.3333, "A7": " ", "k7_a_p": 0, "k7_b_p": 0, "k7_p": 0, "A8": " ", "Sumber": "Data SIM KOTAKU, 25-11-2020", "city": "ambon", "source_layer": "Profil Kumuh Basis", "role": "profil" }, "geometry": { "type": "Polygon", "coordinates": [ [ [ 128.178290237581479, -3.699351088017052 ], [ 128.178721428917839, -3.699637053450171 ], [ 128.17901517801576, -3.699871921542515 ], [ 128.179054703888255, -3.699933776106095 ], [ 128.179118484273431, -3.699871921542515 ], [ 128.179307130483096, -3.699588645515002 ], [ 128.179344859725035, -3.699527687370659 ], [ 128.179346656355591, -3.699523205153997 ], [ 128.179325096788773, -3.69951513716395 ], [ 128.178893007137134, -3.699169109966111 ], [ 128.178821141914398, -3.699075879817162 ], [ 128.178788802564185, -3.698996096316525 ], [ 128.178784310987766, -3.698971892331766 ], [ 128.178781616041903, -3.698956652785468 ], [ 128.178765446366782, -3.698962927892799 ], [ 128.178661241793833, -3.698999682091989 ], [ 128.178591173201653, -3.699042711396423 ], [ 128.178580393418258, -3.69908125847987 ], [ 128.178547155752739, -3.699109048236664 ], [ 128.178551647329158, -3.699120702005382 ], [ 128.178529189447033, -3.699141320211202 ], [ 128.178384560686311, -3.699267718766825 ], [ 128.178325271877554, -3.699317919606611 ], [ 128.178315390409438, -3.699326884041988 ], [ 128.178295627473176, -3.699343916468953 ], [ 128.178290237581479, -3.699351088017052 ] ] ] } },
{ "type": "Feature", "properties": { "FID": 22, "Kode": "81712023-RT002-RW004", "Provinsi": "MALUKU", "Kota_Kab": "KOTA AMBON", "Kecamatan": "Sirimau", "Kelurahan": "Honipopu", "Kode_RTRW": "81712023-RT002-RW004", "A1": " ", "k1_a_p": 0.0, "k1_b_p": 0, "k1_c_p": 0.0, "k1_p": 0.0, "A2": " ", "k2_a_p": 0.0, "k2_b_p": 0.0, "k2_p": 0.0, "A3": " ", "k3_a_p": 88.0, "k3_b_p": 0.0, "k3_p": 44.0, "A4": " ", "k4_a_p": 66.67, "k4_b_p": 50.0, "k4_c_p": 50.0, "k4_d_p": 49.5, "k4_e_p": 0.0, "k4_p": 43.234, "A5": " ", "k5_a_p": 0.0, "k5_b_p": 100.0, "k5_p": 50.0, "A6": " ", "k6_a_p": 100, "k6_b_p": 100.0, "k6_c_p": 0, "k6_p": 66.6667, "A7": " ", "k7_a_p": 0, "k7_b_p": 100, "k7_p": 50, "A8": " ", "Sumber": "Data SIM KOTAKU, 25-11-2020", "city": "ambon", "source_layer": "Profil Kumuh Basis", "role": "profil" }, "geometry": { "type": "Polygon", "coordinates": [ [ [ 128.178283949374503, -3.698010903958338 ], [ 128.178149202081897, -3.697828029187193 ], [ 128.177879707496658, -3.697559992077008 ], [ 128.17778807933766, -3.69748289777613 ], [ 128.177781791130684, -3.697503516020044 ], [ 128.177771909662539, -3.69753489160769 ], [ 128.177700044439803, -3.697638879261663 ], [ 128.177497025185602, -3.697847750978053 ], [ 128.177540144319238, -3.697885401668476 ], [ 128.177604823019692, -3.697923948802252 ], [ 128.177727892213625, -3.698039590193527 ], [ 128.177756638302725, -3.698130131117249 ], [ 128.177728790528903, -3.698182124910851 ], [ 128.177802452382195, -3.698141784898839 ], [ 128.1778374866783, -3.698183021355542 ], [ 128.177851859722836, -3.698200950249162 ], [ 128.17788330075777, -3.698247565370878 ], [ 128.177919233369124, -3.698290594711824 ], [ 128.177975827232046, -3.698257426261697 ], [ 128.178066557075738, -3.698373067609466 ], [ 128.178100693056535, -3.698349760052214 ], [ 128.178112371155208, -3.698364999608949 ], [ 128.178249813393705, -3.698265494263192 ], [ 128.178255203285403, -3.698271769375417 ], [ 128.17832347524697, -3.698221568476377 ], [ 128.178336051660949, -3.69821260402982 ], [ 128.178350424705513, -3.698204536027843 ], [ 128.178363899434771, -3.698194675136437 ], [ 128.17834323818326, -3.698156128014431 ], [ 128.178283949374503, -3.698010903958338 ] ] ] } },
{ "type": "Feature", "properties": { "FID": 23, "Kode": "81711013-RT003-RW004", "Provinsi": "MALUKU", "Kota_Kab": "KOTA AMBON", "Kecamatan": "Nusaniwe", "Kelurahan": "Kel. Silale", "Kode_RTRW": "81711013-RT003-RW004", "A1": " ", "k1_a_p": 69.23, "k1_b_p": 0, "k1_c_p": 7.69, "k1_p": 23.0767, "A2": " ", "k2_a_p": 0.0, "k2_b_p": 37.45, "k2_p": 18.725, "A3": " ", "k3_a_p": 14.55, "k3_b_p": 45.45, "k3_p": 22.725, "A4": " ", "k4_a_p": 80.0, "k4_b_p": 34.55, "k4_c_p": 34.55, "k4_d_p": 61.82, "k4_e_p": 65.45, "k4_p": 55.274, "A5": " ", "k5_a_p": 0.0, "k5_b_p": 52.73, "k5_p": 26.365, "A6": " ", "k6_a_p": 100, "k6_b_p": 0.0, "k6_c_p": 100, "k6_p": 66.6667, "A7": " ", "k7_a_p": 100, "k7_b_p": 100, "k7_p": 100, "A8": " ", "Sumber": "Data SIM KOTAKU, 25-11-2020", "city": "ambon", "source_layer": "Profil Kumuh Basis", "role": "profil" }, "geometry": { "type": "Polygon", "coordinates": [ [ [ 128.177145783909509, -3.698184814244921 ], [ 128.177402702080741, -3.69793829192137 ], [ 128.177484448771622, -3.697851336758162 ], [ 128.176864611225596, -3.697478415549128 ], [ 128.176786457795856, -3.697410285695915 ], [ 128.176708304366173, -3.697321537589801 ], [ 128.176612184630756, -3.697206792550545 ], [ 128.176449589564328, -3.696986266886536 ], [ 128.176358859720608, -3.696794427443155 ], [ 128.176311249010553, -3.696715540183369 ], [ 128.176296875966017, -3.696702093490661 ], [ 128.176280706290896, -3.696713747291021 ], [ 128.176026483065499, -3.696977302427489 ], [ 128.176261841669913, -3.69720499965919 ], [ 128.176435216519764, -3.697392356786304 ], [ 128.176687643114604, -3.697663083282823 ], [ 128.17705415575054, -3.698078137320599 ], [ 128.177145783909509, -3.698184814244921 ] ] ] } },
{ "type": "Feature", "properties": { "FID": 24, "Kode": "81711013-RT002-RW004", "Provinsi": "MALUKU", "Kota_Kab": "KOTA AMBON", "Kecamatan": "Nusaniwe", "Kelurahan": "Kel. Silale", "Kode_RTRW": "81711013-RT002-RW004", "A1": " ", "k1_a_p": 60.0, "k1_b_p": 0, "k1_c_p": 11.43, "k1_p": 20.0, "A2": " ", "k2_a_p": 0.0, "k2_b_p": 37.02, "k2_p": 18.51, "A3": " ", "k3_a_p": 13.21, "k3_b_p": 0.0, "k3_p": 0.0, "A4": " ", "k4_a_p": 0.0, "k4_b_p": 30.85, "k4_c_p": 30.85, "k4_d_p": 63.83, "k4_e_p": 69.15, "k4_p": 38.936, "A5": " ", "k5_a_p": 11.32, "k5_b_p": 11.32, "k5_p": 0.0, "A6": " ", "k6_a_p": 100, "k6_b_p": 0.0, "k6_c_p": 100, "k6_p": 66.6667, "A7": " ", "k7_a_p": 100, "k7_b_p": 100, "k7_p": 100, "A8": " ", "Sumber": "Data SIM KOTAKU, 25-11-2020", "city": "ambon", "source_layer": "Profil Kumuh Basis", "role": "profil" }, "geometry": { "type": "Polygon", "coordinates": [ [ [ 128.175526121452265, -3.696480671254728 ], [ 128.175295254424242, -3.696302278400953 ], [ 128.175272796542117, -3.696333654031102 ], [ 128.175177575122007, -3.696471706790571 ], [ 128.175506358516003, -3.696689543243949 ], [ 128.175529714713377, -3.696700300598284 ], [ 128.175580020369324, -3.696632170685286 ], [ 128.175592596783275, -3.696616034652494 ], [ 128.175738123859304, -3.696723608198897 ], [ 128.176026483065499, -3.696977302427489 ], [ 128.176280706290896, -3.696713747291021 ], [ 128.176296875966017, -3.696702093490661 ], [ 128.176048042632317, -3.696475292576245 ], [ 128.175944736374646, -3.696407162645962 ], [ 128.17582256549602, -3.696392819502077 ], [ 128.175721055868905, -3.696424195129023 ], [ 128.17568152999641, -3.696466328112034 ], [ 128.175589901837441, -3.696523700681424 ], [ 128.175526121452265, -3.696480671254728 ] ] ] } },
{ "type": "Feature", "properties": { "FID": 25, "Kode": "81711013-RT001-RW001", "Provinsi": "MALUKU", "Kota_Kab": "KOTA AMBON", "Kecamatan": "Nusaniwe", "Kelurahan": "Kel. Silale", "Kode_RTRW": "81711013-RT001-RW001", "A1": " ", "k1_a_p": 33.33, "k1_b_p": 0, "k1_c_p": 98.04, "k1_p": 43.79, "A2": " ", "k2_a_p": 0.0, "k2_b_p": 0.0, "k2_p": 0.0, "A3": " ", "k3_a_p": 0.0, "k3_b_p": 0.0, "k3_p": 0.0, "A4": " ", "k4_a_p": 6.25, "k4_b_p": 5.51, "k4_c_p": 5.51, "k4_d_p": 88.98, "k4_e_p": 94.49, "k4_p": 36.694, "A5": " ", "k5_a_p": 1.47, "k5_b_p": 1.47, "k5_p": 0.0, "A6": " ", "k6_a_p": 100, "k6_b_p": 33.82, "k6_c_p": 100, "k6_p": 77.94, "A7": " ", "k7_a_p": 100, "k7_b_p": 100, "k7_p": 100, "A8": " ", "Sumber": "Data SIM KOTAKU, 25-11-2020", "city": "ambon", "source_layer": "Profil Kumuh Basis", "role": "profil" }, "geometry": { "type": "Polygon", "coordinates": [ [ [ 128.177183513151448, -3.699114426899168 ], [ 128.177382040829229, -3.69895396345374 ], [ 128.177406295341882, -3.698935138131424 ], [ 128.177440431322708, -3.698908244813134 ], [ 128.1774853470869, -3.698867904834168 ], [ 128.177552720733217, -3.698788121314807 ], [ 128.177536551058097, -3.698624072033333 ], [ 128.177563500516641, -3.698504844940859 ], [ 128.177631772478236, -3.698360517386407 ], [ 128.177756638302725, -3.698130131117249 ], [ 128.177727892213625, -3.698039590193527 ], [ 128.177604823019692, -3.697923948802252 ], [ 128.177484448771622, -3.697851336758162 ], [ 128.177402702080741, -3.69793829192137 ], [ 128.177130512549695, -3.698199157359816 ], [ 128.176746931923361, -3.698566699599858 ], [ 128.176702914474447, -3.69861331470234 ], [ 128.176767593174901, -3.698658136913951 ], [ 128.176991273680642, -3.698912727032905 ], [ 128.177129614234417, -3.699053468722203 ], [ 128.177183513151448, -3.699114426899168 ] ] ] } },
{ "type": "Feature", "properties": { "FID": 26, "Kode": "81711013-RT003-RW001", "Provinsi": "MALUKU", "Kota_Kab": "KOTA AMBON", "Kecamatan": "Nusaniwe", "Kelurahan": "Kel. Silale", "Kode_RTRW": "81711013-RT003-RW001", "A1": " ", "k1_a_p": 22.73, "k1_b_p": 0, "k1_c_p": 59.09, "k1_p": 19.6967, "A2": " ", "k2_a_p": 0.0, "k2_b_p": 54.67, "k2_p": 27.335, "A3": " ", "k3_a_p": 30.43, "k3_b_p": 30.43, "k3_p": 30.43, "A4": " ", "k4_a_p": 40.68, "k4_b_p": 14.61, "k4_c_p": 14.61, "k4_d_p": 81.67, "k4_e_p": 85.39, "k4_p": 41.548, "A5": " ", "k5_a_p": 34.78, "k5_b_p": 34.78, "k5_p": 34.78, "A6": " ", "k6_a_p": 100, "k6_b_p": 0.0, "k6_c_p": 100, "k6_p": 66.6667, "A7": " ", "k7_a_p": 100, "k7_b_p": 100, "k7_p": 100, "A8": " ", "Sumber": "Data SIM KOTAKU, 25-11-2020", "city": "ambon", "source_layer": "Profil Kumuh Basis", "role": "profil" }, "geometry": { "type": "Polygon", "coordinates": [ [ [ 128.178752869952802, -3.700079896289869 ], [ 128.178833718328377, -3.700073621190447 ], [ 128.178895702082997, -3.700087964274774 ], [ 128.179054703888255, -3.699933776106095 ], [ 128.17901517801576, -3.699871921542515 ], [ 128.178721428917839, -3.699637053450171 ], [ 128.177978522177909, -3.69914400954236 ], [ 128.177980318808466, -3.699282061864197 ], [ 128.177947979458253, -3.699334055590224 ], [ 128.177930013152547, -3.699336744920798 ], [ 128.17783299510188, -3.699462247005153 ], [ 128.177798859121083, -3.699432664372585 ], [ 128.177789875968244, -3.699444318137048 ], [ 128.177788977652938, -3.699444318137048 ], [ 128.177687468025823, -3.699554580670151 ], [ 128.177647942153357, -3.699603885050433 ], [ 128.177744061888745, -3.699667532519104 ], [ 128.177894978856472, -3.699750901731715 ], [ 128.178067455391016, -3.699858474897686 ], [ 128.178314492094131, -3.699963358721933 ], [ 128.178590274886375, -3.700049417235119 ], [ 128.178752869952802, -3.700079896289869 ] ] ] } },
{ "type": "Feature", "properties": { "FID": 27, "Kode": "81711013-RT002-RW001", "Provinsi": "MALUKU", "Kota_Kab": "KOTA AMBON", "Kecamatan": "Nusaniwe", "Kelurahan": "Kel. Silale", "Kode_RTRW": "81711013-RT002-RW001", "A1": " ", "k1_a_p": 22.45, "k1_b_p": 0, "k1_c_p": 6.12, "k1_p": 0.0, "A2": " ", "k2_a_p": 0.0, "k2_b_p": 24.0, "k2_p": 0.0, "A3": " ", "k3_a_p": 100.0, "k3_b_p": 0.0, "k3_p": 50.0, "A4": " ", "k4_a_p": 47.62, "k4_b_p": 14.66, "k4_c_p": 14.66, "k4_d_p": 69.06, "k4_e_p": 85.34, "k4_p": 40.404, "A5": " ", "k5_a_p": 30.0, "k5_b_p": 32.0, "k5_p": 31.0, "A6": " ", "k6_a_p": 100, "k6_b_p": 0.0, "k6_c_p": 100, "k6_p": 66.6667, "A7": " ", "k7_a_p": 100, "k7_b_p": 100, "k7_p": 100, "A8": " ", "Sumber": "Data SIM KOTAKU, 25-11-2020", "city": "ambon", "source_layer": "Profil Kumuh Basis", "role": "profil" }, "geometry": { "type": "Polygon", "coordinates": [ [ [ 128.177647942153357, -3.699603885050433 ], [ 128.177687468025823, -3.699554580670151 ], [ 128.177788977652938, -3.699444318137048 ], [ 128.177789875968244, -3.699444318137048 ], [ 128.177798859121083, -3.699432664372585 ], [ 128.17783299510188, -3.699462247005153 ], [ 128.177930013152547, -3.699336744920798 ], [ 128.177947979458253, -3.699334055590224 ], [ 128.177980318808466, -3.699282061864197 ], [ 128.177978522177909, -3.69914400954236 ], [ 128.177944386197112, -3.699121598449123 ], [ 128.177934504728967, -3.699115323342915 ], [ 128.177613806172531, -3.698851768842068 ], [ 128.177552720733217, -3.698788121314807 ], [ 128.1774853470869, -3.698867904834168 ], [ 128.177440431322708, -3.698908244813134 ], [ 128.177406295341882, -3.698935138131424 ], [ 128.177382040829229, -3.69895396345374 ], [ 128.177183513151448, -3.699114426899168 ], [ 128.177473668988199, -3.699443421693632 ], [ 128.177615602803087, -3.699582370412101 ], [ 128.177647942153357, -3.699603885050433 ] ] ] } },
{ "type": "Feature", "properties": { "FID": 28, "Kode": "81711014-RT001-RW002", "Provinsi": "MALUKU", "Kota_Kab": "KOTA AMBON", "Kecamatan": "Nusaniwe", "Kelurahan": "Kel. Urimesing", "Kode_RTRW": "81711014-RT001-RW002", "A1": " ", "k1_a_p": 21.74, "k1_b_p": 0, "k1_c_p": 2.17, "k1_p": 0.0, "A2": " ", "k2_a_p": 0.0, "k2_b_p": 28.57, "k2_p": 14.285, "A3": " ", "k3_a_p": 30.11, "k3_b_p": 30.11, "k3_p": 30.11, "A4": " ", "k4_a_p": 7.08, "k4_b_p": 47.06, "k4_c_p": 0.0, "k4_d_p": 52.94, "k4_e_p": 52.94, "k4_p": 30.588, "A5": " ", "k5_a_p": 0.0, "k5_b_p": 68.82, "k5_p": 34.41, "A6": " ", "k6_a_p": 100, "k6_b_p": 100.0, "k6_c_p": 100, "k6_p": 100.0, "A7": " ", "k7_a_p": 100, "k7_b_p": 100, "k7_p": 100, "A8": " ", "Sumber": "Data SIM KOTAKU, 25-11-2020", "city": "ambon", "source_layer": "Profil Kumuh Basis", "role": "profil" }, "geometry": { "type": "Polygon", "coordinates": [ [ [ 128.181138795347437, -3.701212999228172 ], [ 128.181056150341277, -3.701169970029142 ], [ 128.180990573325545, -3.701048053953873 ], [ 128.180986081749126, -3.70091538055878 ], [ 128.180958233975304, -3.700622244000512 ], [ 128.180923199679228, -3.700475227463818 ], [ 128.180859419294052, -3.700367654372731 ], [ 128.180733655154285, -3.70028607810328 ], [ 128.180700417488765, -3.700289663873525 ], [ 128.180667179823246, -3.700293249643753 ], [ 128.180591721339368, -3.700358689947884 ], [ 128.180475838667746, -3.700488674099286 ], [ 128.180368939148934, -3.700650930151168 ], [ 128.180147953589056, -3.701034607326897 ], [ 128.180102139509557, -3.701081222299543 ], [ 128.18005542711478, -3.701128733711445 ], [ 128.179944036019549, -3.701141283895295 ], [ 128.179911696669336, -3.701235410268506 ], [ 128.180156936741895, -3.701221963644374 ], [ 128.180392295346309, -3.701161902054093 ], [ 128.180517161170826, -3.701142180336991 ], [ 128.180669874769109, -3.701182520212408 ], [ 128.180864809185749, -3.701306229152233 ], [ 128.1810381840356, -3.701416491453597 ], [ 128.181086693060934, -3.701295471853802 ], [ 128.181138795347437, -3.701212999228172 ] ] ] } },
{ "type": "Feature", "properties": { "FID": 29, "Kode": "81711014-RT001-RW001", "Provinsi": "MALUKU", "Kota_Kab": "KOTA AMBON", "Kecamatan": "Nusaniwe", "Kelurahan": "Kel. Urimesing", "Kode_RTRW": "81711014-RT001-RW001", "A1": " ", "k1_a_p": 34.48, "k1_b_p": 0, "k1_c_p": 10.34, "k1_p": 11.4933, "A2": " ", "k2_a_p": 0.0, "k2_b_p": 13.38, "k2_p": 0.0, "A3": " ", "k3_a_p": 21.35, "k3_b_p": 30.34, "k3_p": 15.17, "A4": " ", "k4_a_p": 94.34, "k4_b_p": 15.92, "k4_c_p": 0.0, "k4_d_p": 32.36, "k4_e_p": 68.17, "k4_p": 38.974, "A5": " ", "k5_a_p": 6.74, "k5_b_p": 6.74, "k5_p": 0.0, "A6": " ", "k6_a_p": 100, "k6_b_p": 39.33, "k6_c_p": 100, "k6_p": 79.7767, "A7": " ", "k7_a_p": 0, "k7_b_p": 100, "k7_p": 50, "A8": " ", "Sumber": "Data SIM KOTAKU, 25-11-2020", "city": "ambon", "source_layer": "Profil Kumuh Basis", "role": "profil" }, "geometry": { "type": "Polygon", "coordinates": [ [ [ 128.1810381840356, -3.701416491453597 ], [ 128.181075014962261, -3.701440695371571 ], [ 128.18121605046187, -3.701498067618943 ], [ 128.181308576936118, -3.701566197157869 ], [ 128.181380442158854, -3.701626258720734 ], [ 128.181521477658464, -3.701754449803969 ], [ 128.181671496310912, -3.701939116646502 ], [ 128.181901465023628, -3.70213005853542 ], [ 128.182051483676105, -3.702197291585098 ], [ 128.182234739994044, -3.702241217174797 ], [ 128.182496149741723, -3.702454570008053 ], [ 128.182705457202928, -3.702624893661564 ], [ 128.18287434047636, -3.702693023113794 ], [ 128.182904883195988, -3.702688540913151 ], [ 128.182837509549671, -3.702526285234577 ], [ 128.182755762858847, -3.702329964788152 ], [ 128.182687490897251, -3.702216116838093 ], [ 128.18253477729894, -3.702061032599107 ], [ 128.182223061895343, -3.701821682882165 ], [ 128.181786480667256, -3.701457727757897 ], [ 128.181563698476822, -3.701332225956229 ], [ 128.181347204493363, -3.701264096399306 ], [ 128.181170236382371, -3.701230031618878 ], [ 128.181138795347437, -3.701212999228172 ], [ 128.181086693060934, -3.701295471853802 ], [ 128.1810381840356, -3.701416491453597 ] ] ] } },
{ "type": "Feature", "properties": { "FID": 30, "Kode": "81711014-RT002-RW001", "Provinsi": "MALUKU", "Kota_Kab": "KOTA AMBON", "Kecamatan": "Nusaniwe", "Kelurahan": "Kel. Urimesing", "Kode_RTRW": "81711014-RT002-RW001", "A1": " ", "k1_a_p": 9.43, "k1_b_p": 0, "k1_c_p": 7.55, "k1_p": 0.0, "A2": " ", "k2_a_p": 0.0, "k2_b_p": 13.86, "k2_p": 0.0, "A3": " ", "k3_a_p": 46.67, "k3_b_p": 46.67, "k3_p": 46.67, "A4": " ", "k4_a_p": 28.45, "k4_b_p": 0.0, "k4_c_p": 0.0, "k4_d_p": 58.44, "k4_e_p": 100.0, "k4_p": 37.378, "A5": " ", "k5_a_p": 6.67, "k5_b_p": 6.67, "k5_p": 0.0, "A6": " ", "k6_a_p": 100, "k6_b_p": 100.0, "k6_c_p": 100, "k6_p": 100.0, "A7": " ", "k7_a_p": 0, "k7_b_p": 100, "k7_p": 50, "A8": " ", "Sumber": "Data SIM KOTAKU, 25-11-2020", "city": "ambon", "source_layer": "Profil Kumuh Basis", "role": "profil" }, "geometry": { "type": "Polygon", "coordinates": [ [ [ 128.182815051667575, -3.702983469667117 ], [ 128.182853679224792, -3.702867828921193 ], [ 128.182934527600366, -3.702759359680666 ], [ 128.182904883195988, -3.702688540913151 ], [ 128.18287434047636, -3.702693023113794 ], [ 128.182705457202928, -3.702624893661564 ], [ 128.182496149741723, -3.702454570008053 ], [ 128.182234739994044, -3.702241217174797 ], [ 128.182051483676105, -3.702197291585098 ], [ 128.181901465023628, -3.70213005853542 ], [ 128.181671496310912, -3.701939116646502 ], [ 128.181521477658464, -3.701754449803969 ], [ 128.181380442158854, -3.701626258720734 ], [ 128.181308576936118, -3.701566197157869 ], [ 128.18121605046187, -3.701498067618943 ], [ 128.181082201484514, -3.70144338469575 ], [ 128.181167541436508, -3.701710524190126 ], [ 128.181352594385061, -3.70188264086865 ], [ 128.181355289330895, -3.702023382086123 ], [ 128.181361577537899, -3.702160537518574 ], [ 128.181558308585124, -3.70226900683246 ], [ 128.181749649740624, -3.70235954732396 ], [ 128.181851159367739, -3.702461741530967 ], [ 128.181849362737154, -3.702676887191372 ], [ 128.181910448176467, -3.702734259358651 ], [ 128.182006567911856, -3.702753981040294 ], [ 128.18202902579398, -3.702587243172557 ], [ 128.182084721341596, -3.70242140171382 ], [ 128.182241926516326, -3.702495806264014 ], [ 128.182281452388821, -3.702601586216177 ], [ 128.182451233977531, -3.702729777158216 ], [ 128.182495251426445, -3.702653579747354 ], [ 128.182815051667575, -3.702983469667117 ] ] ] } },
{ "type": "Feature", "properties": { "FID": 31, "Kode": "81711014-RT002-RW004", "Provinsi": "MALUKU", "Kota_Kab": "KOTA AMBON", "Kecamatan": "Nusaniwe", "Kelurahan": "Kel. Urimesing", "Kode_RTRW": "81711014-RT002-RW004", "A1": " ", "k1_a_p": 0.0, "k1_b_p": 0, "k1_c_p": 73.53, "k1_p": 24.51, "A2": " ", "k2_a_p": 0.0, "k2_b_p": 25.75, "k2_p": 12.875, "A3": " ", "k3_a_p": 0.0, "k3_b_p": 100.0, "k3_p": 50.0, "A4": " ", "k4_a_p": 0.0, "k4_b_p": 39.37, "k4_c_p": 0.0, "k4_d_p": 35.24, "k4_e_p": 38.41, "k4_p": 22.604, "A5": " ", "k5_a_p": 34.09, "k5_b_p": 34.09, "k5_p": 34.09, "A6": " ", "k6_a_p": 100, "k6_b_p": 56.82, "k6_c_p": 100, "k6_p": 85.6067, "A7": " ", "k7_a_p": 100, "k7_b_p": 100, "k7_p": 100, "A8": " ", "Sumber": "Data SIM KOTAKU, 25-11-2020", "city": "ambon", "source_layer": "Profil Kumuh Basis", "role": "profil" }, "geometry": { "type": "Polygon", "coordinates": [ [ [ 128.181026505936927, -3.704183801788801 ], [ 128.181174727958791, -3.704181112472946 ], [ 128.181635563699558, -3.704165873016284 ], [ 128.181948177418406, -3.704098640116116 ], [ 128.181886193663814, -3.703994653220463 ], [ 128.182003872966021, -3.703710482072615 ], [ 128.182010161172997, -3.70362621679357 ], [ 128.181695750823565, -3.70361187376655 ], [ 128.181363374168455, -3.70360828800976 ], [ 128.181252881388531, -3.703636974063682 ], [ 128.181260966226063, -3.703734685927879 ], [ 128.181135202086296, -3.703870048217339 ], [ 128.180961827236445, -3.703948038401204 ], [ 128.181026505936927, -3.704183801788801 ] ] ] } },
{ "type": "Feature", "properties": { "FID": 32, "Kode": "81711014-RT002-RW002", "Provinsi": "MALUKU", "Kota_Kab": "KOTA AMBON", "Kecamatan": "Nusaniwe", "Kelurahan": "Kel. Urimesing", "Kode_RTRW": "81711014-RT002-RW002", "A1": " ", "k1_a_p": 2.13, "k1_b_p": 0, "k1_c_p": 4.26, "k1_p": 0.0, "A2": " ", "k2_a_p": 0.0, "k2_b_p": 48.56, "k2_p": 24.28, "A3": " ", "k3_a_p": 24.62, "k3_b_p": 30.77, "k3_p": 15.385, "A4": " ", "k4_a_p": 0.0, "k4_b_p": 22.91, "k4_c_p": 0.0, "k4_d_p": 77.09, "k4_e_p": 77.09, "k4_p": 30.836, "A5": " ", "k5_a_p": 3.08, "k5_b_p": 100.0, "k5_p": 50.0, "A6": " ", "k6_a_p": 100, "k6_b_p": 30.77, "k6_c_p": 100, "k6_p": 76.9233, "A7": " ", "k7_a_p": 0, "k7_b_p": 100, "k7_p": 50, "A8": " ", "Sumber": "Data SIM KOTAKU, 25-11-2020", "city": "ambon", "source_layer": "Profil Kumuh Basis", "role": "profil" }, "geometry": { "type": "Polygon", "coordinates": [ [ [ 128.18071029895691, -3.701208517020038 ], [ 128.180669874769109, -3.701182520212408 ], [ 128.180517161170826, -3.701142180336991 ], [ 128.180392295346309, -3.701161902054093 ], [ 128.180156936741895, -3.701221963644374 ], [ 128.179915289930449, -3.701234513826904 ], [ 128.179917086561034, -3.701305332710701 ], [ 128.179765271278001, -3.701430834516179 ], [ 128.179623337463113, -3.701622672955901 ], [ 128.179511946367882, -3.701910430537567 ], [ 128.179519132890164, -3.701945391732707 ], [ 128.179829949978455, -3.702113922602739 ], [ 128.180093156356719, -3.702017107000471 ], [ 128.180089563095578, -3.701975870722216 ], [ 128.180357261050233, -3.701853058316909 ], [ 128.180377023986495, -3.701872780018179 ], [ 128.18045338078565, -3.701830647292206 ], [ 128.180534229161225, -3.70177327506638 ], [ 128.180575551664276, -3.701712317072366 ], [ 128.180522551062523, -3.7015984690429 ], [ 128.180571060087857, -3.701474760143897 ], [ 128.18071029895691, -3.701208517020038 ] ] ] } },
{ "type": "Feature", "properties": { "FID": 33, "Kode": "81711014-RT001-RW004", "Provinsi": "MALUKU", "Kota_Kab": "KOTA AMBON", "Kecamatan": "Nusaniwe", "Kelurahan": "Kel. Urimesing", "Kode_RTRW": "81711014-RT001-RW004", "A1": " ", "k1_a_p": 15.91, "k1_b_p": 0, "k1_c_p": 25.0, "k1_p": 8.33333, "A2": " ", "k2_a_p": 0.0, "k2_b_p": 0.18, "k2_p": 0.0, "A3": " ", "k3_a_p": 15.69, "k3_b_p": 52.94, "k3_p": 26.47, "A4": " ", "k4_a_p": 0.0, "k4_b_p": 0.0, "k4_c_p": 0.0, "k4_d_p": 100.0, "k4_e_p": 100.0, "k4_p": 40.0, "A5": " ", "k5_a_p": 5.88, "k5_b_p": 31.37, "k5_p": 15.685, "A6": " ", "k6_a_p": 100, "k6_b_p": 23.53, "k6_c_p": 100, "k6_p": 66.6667, "A7": " ", "k7_a_p": 100, "k7_b_p": 100, "k7_p": 100, "A8": " ", "Sumber": "Data SIM KOTAKU, 25-11-2020", "city": "ambon", "source_layer": "Profil Kumuh Basis", "role": "profil" }, "geometry": { "type": "Polygon", "coordinates": [ [ [ 128.180667179823246, -3.703385971060337 ], [ 128.180686044444201, -3.703465754165546 ], [ 128.180695925912346, -3.703465754165546 ], [ 128.180881877176148, -3.703739168123226 ], [ 128.180995963217242, -3.70375261470913 ], [ 128.181146880184997, -3.703664763677533 ], [ 128.181363374168455, -3.70360828800976 ], [ 128.181695750823565, -3.70361187376655 ], [ 128.182010161172997, -3.70362621679357 ], [ 128.182017347695279, -3.703516851206677 ], [ 128.182019144325835, -3.703491750906139 ], [ 128.18204968704552, -3.703410174924475 ], [ 128.18202902579398, -3.703156482537854 ], [ 128.182007466227162, -3.702828385562539 ], [ 128.18200027970488, -3.702753084600229 ], [ 128.181910448176467, -3.702734259358651 ], [ 128.181849362737154, -3.702676887191372 ], [ 128.181851159367739, -3.702461741530967 ], [ 128.181749649740624, -3.70235954732396 ], [ 128.181558308585124, -3.70226900683246 ], [ 128.181487341677666, -3.70222956344713 ], [ 128.181441527598196, -3.702324586145171 ], [ 128.181492731569364, -3.702409747988526 ], [ 128.181309475251396, -3.702677783631515 ], [ 128.181264559487204, -3.702744120199528 ], [ 128.181251983073224, -3.702901893638616 ], [ 128.181140591977993, -3.70294223343387 ], [ 128.181183711111629, -3.703118832071453 ], [ 128.181278034216461, -3.703260469531976 ], [ 128.181032794143903, -3.703380592423774 ], [ 128.180994166586657, -3.703357284998281 ], [ 128.180900741797103, -3.703393142575707 ], [ 128.180863012555193, -3.703342045527435 ], [ 128.180769587765639, -3.703384178181486 ], [ 128.180667179823246, -3.703385971060337 ] ] ] } },
{ "type": "Feature", "properties": { "FID": 34, "Kode": "81711014-RT004-RW002", "Provinsi": "MALUKU", "Kota_Kab": "KOTA AMBON", "Kecamatan": "Nusaniwe", "Kelurahan": "Kel. Urimesing", "Kode_RTRW": "81711014-RT004-RW002", "A1": " ", "k1_a_p": 24.49, "k1_b_p": 0, "k1_c_p": 18.37, "k1_p": 0.0, "A2": " ", "k2_a_p": 0.0, "k2_b_p": 25.76, "k2_p": 12.88, "A3": " ", "k3_a_p": 40.54, "k3_b_p": 50.0, "k3_p": 45.27, "A4": " ", "k4_a_p": 0.0, "k4_b_p": 24.46, "k4_c_p": 0.0, "k4_d_p": 68.1, "k4_e_p": 68.1, "k4_p": 27.24, "A5": " ", "k5_a_p": 0.0, "k5_b_p": 0.0, "k5_p": 0.0, "A6": " ", "k6_a_p": 0, "k6_b_p": 50.0, "k6_c_p": 100, "k6_p": 50.0, "A7": " ", "k7_a_p": 100, "k7_b_p": 100, "k7_p": 100, "A8": " ", "Sumber": "Data SIM KOTAKU, 25-11-2020", "city": "ambon", "source_layer": "Profil Kumuh Basis", "role": "profil" }, "geometry": { "type": "Polygon", "coordinates": [ [ [ 128.181309475251396, -3.702677783631515 ], [ 128.181492731569364, -3.702409747988526 ], [ 128.181441527598196, -3.702324586145171 ], [ 128.181487341677666, -3.70222956344713 ], [ 128.181361577537899, -3.702160537518574 ], [ 128.181355289330895, -3.702023382086123 ], [ 128.181352594385061, -3.70188264086865 ], [ 128.181167541436508, -3.701710524190126 ], [ 128.181082201484514, -3.70144338469575 ], [ 128.181075014962261, -3.701440695371571 ], [ 128.180864809185749, -3.701306229152233 ], [ 128.18071029895691, -3.701208517020038 ], [ 128.180571060087857, -3.701474760143897 ], [ 128.180522551062523, -3.7015984690429 ], [ 128.180575551664276, -3.701712317072366 ], [ 128.180534229161225, -3.70177327506638 ], [ 128.18045338078565, -3.701830647292206 ], [ 128.180377023986495, -3.701872780018179 ], [ 128.180357261050233, -3.701853058316909 ], [ 128.180089563095578, -3.701975870722216 ], [ 128.180093156356719, -3.702017107000471 ], [ 128.179829949978455, -3.702113922602739 ], [ 128.179872170796813, -3.702138126501651 ], [ 128.180205445767228, -3.70231203597809 ], [ 128.180354566104398, -3.702542421159746 ], [ 128.180525246008386, -3.702693919553921 ], [ 128.180591721339368, -3.702823903362581 ], [ 128.180668078138524, -3.702800595922432 ], [ 128.180623162374332, -3.702550489122219 ], [ 128.18052434769308, -3.702513735070355 ], [ 128.180456075731485, -3.702441123402433 ], [ 128.180425533011828, -3.70235775444303 ], [ 128.180351871158535, -3.702056550395264 ], [ 128.180400380183897, -3.702038621579666 ], [ 128.180435414479973, -3.702099579551219 ], [ 128.18053243253064, -3.702112129721311 ], [ 128.180531534215362, -3.702089718703164 ], [ 128.180630348896614, -3.702116611924872 ], [ 128.180625857320194, -3.702185637856853 ], [ 128.180686942759507, -3.702217013278702 ], [ 128.180688739390064, -3.702277971237972 ], [ 128.180721078740305, -3.702286935643394 ], [ 128.180705807380491, -3.702374786811719 ], [ 128.180812706899303, -3.702415126630988 ], [ 128.180873792338588, -3.702476981016966 ], [ 128.180974403650424, -3.702567521487199 ], [ 128.180946555876631, -3.702603379096614 ], [ 128.180991471640823, -3.702662544148971 ], [ 128.181052557080164, -3.702662544148971 ], [ 128.181145083554412, -3.702603379096614 ], [ 128.181309475251396, -3.702677783631515 ] ] ] } },
{ "type": "Feature", "properties": { "FID": 35, "Kode": "81711015-RT005-RW004", "Provinsi": "MALUKU", "Kota_Kab": "KOTA AMBON", "Kecamatan": "Nusaniwe", "Kelurahan": "Kel. Waihaong", "Kode_RTRW": "81711015-RT005-RW004", "A1": " ", "k1_a_p": 33.33, "k1_b_p": 100, "k1_c_p": 25.0, "k1_p": 52.7767, "A2": " ", "k2_a_p": 0.0, "k2_b_p": 0.0, "k2_p": 0.0, "A3": " ", "k3_a_p": 73.26, "k3_b_p": 43.02, "k3_p": 58.14, "A4": " ", "k4_a_p": 7.19, "k4_b_p": 0.0, "k4_c_p": 0.0, "k4_d_p": 100.0, "k4_e_p": 100.0, "k4_p": 40.0, "A5": " ", "k5_a_p": 36.05, "k5_b_p": 36.05, "k5_p": 36.05, "A6": " ", "k6_a_p": 100, "k6_b_p": 81.4, "k6_c_p": 100, "k6_p": 93.8, "A7": " ", "k7_a_p": 100, "k7_b_p": 100, "k7_p": 100, "A8": " ", "Sumber": "Data SIM KOTAKU, 25-11-2020", "city": "ambon", "source_layer": "Profil Kumuh Basis", "role": "profil" }, "geometry": { "type": "Polygon", "coordinates": [ [ [ 128.174821842269495, -3.699064226047855 ], [ 128.174801181017955, -3.699027471851341 ], [ 128.174673620247631, -3.698847286621987 ], [ 128.174467007732289, -3.698657240469742 ], [ 128.174310700872837, -3.698520980939275 ], [ 128.17429722614358, -3.698540702714718 ], [ 128.174126546239563, -3.698779156873981 ], [ 128.174291836251854, -3.698955756341559 ], [ 128.17451282181176, -3.699239929015008 ], [ 128.174542466216138, -3.699265029436043 ], [ 128.174821842269495, -3.699064226047855 ] ] ] } },
{ "type": "Feature", "properties": { "FID": 36, "Kode": "81711015-RT003-RW003", "Provinsi": "MALUKU", "Kota_Kab": "KOTA AMBON", "Kecamatan": "Nusaniwe", "Kelurahan": "Kel. Waihaong", "Kode_RTRW": "81711015-RT003-RW003", "A1": " ", "k1_a_p": 14.71, "k1_b_p": 0, "k1_c_p": 5.88, "k1_p": 0.0, "A2": " ", "k2_a_p": 0.0, "k2_b_p": 0.0, "k2_p": 0.0, "A3": " ", "k3_a_p": 28.57, "k3_b_p": 37.5, "k3_p": 33.035, "A4": " ", "k4_a_p": 3.38, "k4_b_p": 0.0, "k4_c_p": 0.0, "k4_d_p": 100.0, "k4_e_p": 100.0, "k4_p": 40.0, "A5": " ", "k5_a_p": 16.07, "k5_b_p": 16.07, "k5_p": 0.0, "A6": " ", "k6_a_p": 100, "k6_b_p": 100.0, "k6_c_p": 100, "k6_p": 100.0, "A7": " ", "k7_a_p": 100, "k7_b_p": 100, "k7_p": 100, "A8": " ", "Sumber": "Data SIM KOTAKU, 25-11-2020", "city": "ambon", "source_layer": "Profil Kumuh Basis", "role": "profil" }, "geometry": { "type": "Polygon", "coordinates": [ [ [ 128.17479848607212, -3.699594920617859 ], [ 128.174542466216138, -3.699265029436043 ], [ 128.174520008334042, -3.699282061864197 ], [ 128.174066359115557, -3.69960119572067 ], [ 128.174216377767976, -3.699921225905138 ], [ 128.174271175000342, -3.699898814831558 ], [ 128.174312497503394, -3.699866542884607 ], [ 128.174330463809071, -3.699848614024682 ], [ 128.174434668382048, -3.699798413214962 ], [ 128.174687094976889, -3.699680082723654 ], [ 128.174783214712278, -3.699607470823437 ], [ 128.17479848607212, -3.699594920617859 ] ] ] } },
{ "type": "Feature", "properties": { "FID": 37, "Kode": "81711015-RT001-RW004", "Provinsi": "MALUKU", "Kota_Kab": "KOTA AMBON", "Kecamatan": "Nusaniwe", "Kelurahan": "Kel. Waihaong", "Kode_RTRW": "81711015-RT001-RW004", "A1": " ", "k1_a_p": 26.67, "k1_b_p": 0, "k1_c_p": 0.0, "k1_p": 8.89, "A2": " ", "k2_a_p": 0.0, "k2_b_p": 0.0, "k2_p": 0.0, "A3": " ", "k3_a_p": 56.36, "k3_b_p": 12.73, "k3_p": 28.18, "A4": " ", "k4_a_p": 14.04, "k4_b_p": 0.0, "k4_c_p": 0.0, "k4_d_p": 30.0, "k4_e_p": 30.0, "k4_p": 12.0, "A5": " ", "k5_a_p": 14.55, "k5_b_p": 14.55, "k5_p": 0.0, "A6": " ", "k6_a_p": 100, "k6_b_p": 100.0, "k6_c_p": 100, "k6_p": 100.0, "A7": " ", "k7_a_p": 100, "k7_b_p": 100, "k7_p": 100, "A8": " ", "Sumber": "Data SIM KOTAKU, 25-11-2020", "city": "ambon", "source_layer": "Profil Kumuh Basis", "role": "profil" }, "geometry": { "type": "Polygon", "coordinates": [ [ [ 128.175169490284446, -3.698813221748639 ], [ 128.175155117239882, -3.698792603535188 ], [ 128.174929640103585, -3.698501259163394 ], [ 128.174792197865116, -3.698346174274121 ], [ 128.174650264050229, -3.698209914695836 ], [ 128.174581093773355, -3.69814447423303 ], [ 128.174550551053699, -3.698187503578981 ], [ 128.174310700872837, -3.698520980939275 ], [ 128.174467007732289, -3.698657240469742 ], [ 128.174673620247631, -3.698847286621987 ], [ 128.174801181017955, -3.699027471851341 ], [ 128.174821842269495, -3.699064226047855 ], [ 128.175169490284446, -3.698813221748639 ] ] ] } },
{ "type": "Feature", "properties": { "FID": 38, "Kode": "81711015-RT004-RW003", "Provinsi": "MALUKU", "Kota_Kab": "KOTA AMBON", "Kecamatan": "Nusaniwe", "Kelurahan": "Kel. Waihaong", "Kode_RTRW": "81711015-RT004-RW003", "A1": " ", "k1_a_p": 31.11, "k1_b_p": 0, "k1_c_p": 6.67, "k1_p": 10.37, "A2": " ", "k2_a_p": 0.0, "k2_b_p": 28.99, "k2_p": 14.495, "A3": " ", "k3_a_p": 33.08, "k3_b_p": 24.06, "k3_p": 16.54, "A4": " ", "k4_a_p": 14.12, "k4_b_p": 0.0, "k4_c_p": 0.0, "k4_d_p": 100.0, "k4_e_p": 100.0, "k4_p": 40.0, "A5": " ", "k5_a_p": 3.76, "k5_b_p": 12.78, "k5_p": 0.0, "A6": " ", "k6_a_p": 100, "k6_b_p": 100.0, "k6_c_p": 100, "k6_p": 100.0, "A7": " ", "k7_a_p": 100, "k7_b_p": 100, "k7_p": 100, "A8": " ", "Sumber": "Data SIM KOTAKU, 25-11-2020", "city": "ambon", "source_layer": "Profil Kumuh Basis", "role": "profil" }, "geometry": { "type": "Polygon", "coordinates": [ [ [ 128.174126546239563, -3.698779156873981 ], [ 128.174116664771446, -3.698792603535188 ], [ 128.17393610339937, -3.699043607840243 ], [ 128.173889391004565, -3.699014921637548 ], [ 128.173868729753053, -3.699002371423578 ], [ 128.173565099187016, -3.69863931158535 ], [ 128.173525573314521, -3.698594489372787 ], [ 128.17336028330223, -3.6987002697908 ], [ 128.173807644313712, -3.699181660177722 ], [ 128.174020545036029, -3.699503483400419 ], [ 128.174066359115557, -3.69960119572067 ], [ 128.174520008334042, -3.699282061864197 ], [ 128.174542466216138, -3.699265029436043 ], [ 128.17451282181176, -3.699239929015008 ], [ 128.174291836251854, -3.698955756341559 ], [ 128.174126546239563, -3.698779156873981 ] ] ] } },
{ "type": "Feature", "properties": { "FID": 39, "Kode": "81711015-RT002-RW003", "Provinsi": "MALUKU", "Kota_Kab": "KOTA AMBON", "Kecamatan": "Nusaniwe", "Kelurahan": "Kel. Waihaong", "Kode_RTRW": "81711015-RT002-RW003", "A1": " ", "k1_a_p": 20.0, "k1_b_p": 0, "k1_c_p": 1.82, "k1_p": 0.0, "A2": " ", "k2_a_p": 0.0, "k2_b_p": 14.29, "k2_p": 0.0, "A3": " ", "k3_a_p": 23.53, "k3_b_p": 24.71, "k3_p": 0.0, "A4": " ", "k4_a_p": 0.0, "k4_b_p": 0.0, "k4_c_p": 0.0, "k4_d_p": 100.0, "k4_e_p": 100.0, "k4_p": 40.0, "A5": " ", "k5_a_p": 7.06, "k5_b_p": 23.53, "k5_p": 0.0, "A6": " ", "k6_a_p": 100, "k6_b_p": 44.71, "k6_c_p": 100, "k6_p": 81.57, "A7": " ", "k7_a_p": 100, "k7_b_p": 100, "k7_p": 100, "A8": " ", "Sumber": "Data SIM KOTAKU, 25-11-2020", "city": "ambon", "source_layer": "Profil Kumuh Basis", "role": "profil" }, "geometry": { "type": "Polygon", "coordinates": [ [ [ 128.175158710501023, -3.700165058349051 ], [ 128.175076963810199, -3.700035074150169 ], [ 128.174826333845914, -3.699620917472075 ], [ 128.17479848607212, -3.699594920617859 ], [ 128.174783214712278, -3.699607470823437 ], [ 128.174687094976889, -3.699680082723654 ], [ 128.174434668382048, -3.699798413214962 ], [ 128.174330463809071, -3.699848614024682 ], [ 128.174312497503394, -3.699866542884607 ], [ 128.174271175000342, -3.699898814831558 ], [ 128.174216377767976, -3.699921225905138 ], [ 128.17426398847806, -3.700021627507817 ], [ 128.174414007130508, -3.700454609289039 ], [ 128.174455329633588, -3.70054604640832 ], [ 128.174598161763754, -3.700462677270531 ], [ 128.174723925903521, -3.700382893894763 ], [ 128.174735604002223, -3.700376618797486 ], [ 128.17477782482058, -3.700423233804757 ], [ 128.174808367540237, -3.700459987943374 ], [ 128.174892809176953, -3.700393651204274 ], [ 128.175138947564761, -3.700181194317237 ], [ 128.175158710501023, -3.700165058349051 ] ] ] } },
{ "type": "Feature", "properties": { "FID": 40, "Kode": "81711015-RT004-RW004", "Provinsi": "MALUKU", "Kota_Kab": "KOTA AMBON", "Kecamatan": "Nusaniwe", "Kelurahan": "Kel. Waihaong", "Kode_RTRW": "81711015-RT004-RW004", "A1": " ", "k1_a_p": 35.29, "k1_b_p": 0, "k1_c_p": 100.0, "k1_p": 45.0967, "A2": " ", "k2_a_p": 0.0, "k2_b_p": 0.0, "k2_p": 0.0, "A3": " ", "k3_a_p": 100.0, "k3_b_p": 76.19, "k3_p": 88.095, "A4": " ", "k4_a_p": 3.23, "k4_b_p": 0.0, "k4_c_p": 0.0, "k4_d_p": 100.0, "k4_e_p": 100.0, "k4_p": 40.0, "A5": " ", "k5_a_p": 28.57, "k5_b_p": 28.57, "k5_p": 28.57, "A6": " ", "k6_a_p": 100, "k6_b_p": 28.57, "k6_c_p": 100, "k6_p": 76.19, "A7": " ", "k7_a_p": 100, "k7_b_p": 100, "k7_p": 100, "A8": " ", "Sumber": "Data SIM KOTAKU, 25-11-2020", "city": "ambon", "source_layer": "Profil Kumuh Basis", "role": "profil" }, "geometry": { "type": "Polygon", "coordinates": [ [ [ 128.17571476766193, -3.699719526222513 ], [ 128.175715665977208, -3.699716836893101 ], [ 128.175841430116975, -3.699555477113453 ], [ 128.175888142511752, -3.699524998040665 ], [ 128.175891735772893, -3.699517826493974 ], [ 128.176152247205266, -3.699190624614476 ], [ 128.175642902439193, -3.698554149379541 ], [ 128.175637512547468, -3.698547874269316 ], [ 128.175631224340492, -3.698553252935225 ], [ 128.175607868143118, -3.698565803155556 ], [ 128.175240457191876, -3.698767503100771 ], [ 128.175427306770985, -3.699061536716454 ], [ 128.175237762246041, -3.699241721902248 ], [ 128.175680631681132, -3.6996881507122 ], [ 128.17571476766193, -3.699719526222513 ] ] ] } },
{ "type": "Feature", "properties": { "FID": 41, "Kode": "81711015-RT001-RW003", "Provinsi": "MALUKU", "Kota_Kab": "KOTA AMBON", "Kecamatan": "Nusaniwe", "Kelurahan": "Kel. Waihaong", "Kode_RTRW": "81711015-RT001-RW003", "A1": " ", "k1_a_p": 21.95, "k1_b_p": 0, "k1_c_p": 0.0, "k1_p": 0.0, "A2": " ", "k2_a_p": 0.0, "k2_b_p": 50.19, "k2_p": 25.095, "A3": " ", "k3_a_p": 77.5, "k3_b_p": 62.5, "k3_p": 70.0, "A4": " ", "k4_a_p": 18.84, "k4_b_p": 0.0, "k4_c_p": 0.0, "k4_d_p": 100.0, "k4_e_p": 100.0, "k4_p": 40.0, "A5": " ", "k5_a_p": 3.75, "k5_b_p": 11.25, "k5_p": 0.0, "A6": " ", "k6_a_p": 100, "k6_b_p": 100.0, "k6_c_p": 100, "k6_p": 100.0, "A7": " ", "k7_a_p": 100, "k7_b_p": 100, "k7_p": 100, "A8": " ", "Sumber": "Data SIM KOTAKU, 25-11-2020", "city": "ambon", "source_layer": "Profil Kumuh Basis", "role": "profil" }, "geometry": { "type": "Polygon", "coordinates": [ [ [ 128.175450662968387, -3.700442955537864 ], [ 128.175405747204167, -3.700417855150197 ], [ 128.175330288720289, -3.700390961876908 ], [ 128.175303339261774, -3.700368550815209 ], [ 128.175269203281005, -3.70033986465541 ], [ 128.175158710501023, -3.700165058349051 ], [ 128.175138947564761, -3.700181194317237 ], [ 128.174892809176953, -3.700393651204274 ], [ 128.174808367540237, -3.700459987943374 ], [ 128.17477782482058, -3.700423233804757 ], [ 128.174735604002223, -3.700376618797486 ], [ 128.174723925903521, -3.700382893894763 ], [ 128.174598161763754, -3.700462677270531 ], [ 128.174455329633588, -3.70054604640832 ], [ 128.174636789320971, -3.700949445351307 ], [ 128.174841605205728, -3.701297264736882 ], [ 128.174857774880877, -3.701395873300727 ], [ 128.174961081138548, -3.701367187174195 ], [ 128.175103913268714, -3.701293678970718 ], [ 128.175172185230309, -3.701224652969217 ], [ 128.175307830838193, -3.700904623255604 ], [ 128.175449764653081, -3.700444748422669 ], [ 128.175450662968387, -3.700442955537864 ] ] ] } },
{ "type": "Feature", "properties": { "FID": 42, "Kode": "81711015-RT002-RW004", "Provinsi": "MALUKU", "Kota_Kab": "KOTA AMBON", "Kecamatan": "Nusaniwe", "Kelurahan": "Kel. Waihaong", "Kode_RTRW": "81711015-RT002-RW004", "A1": " ", "k1_a_p": 26.42, "k1_b_p": 0, "k1_c_p": 1.89, "k1_p": 8.80667, "A2": " ", "k2_a_p": 0.0, "k2_b_p": 0.0, "k2_p": 0.0, "A3": " ", "k3_a_p": 43.75, "k3_b_p": 43.75, "k3_p": 43.75, "A4": " ", "k4_a_p": 31.83, "k4_b_p": 0.0, "k4_c_p": 0.0, "k4_d_p": 100.0, "k4_e_p": 100.0, "k4_p": 46.366, "A5": " ", "k5_a_p": 9.38, "k5_b_p": 14.06, "k5_p": 0.0, "A6": " ", "k6_a_p": 100, "k6_b_p": 100.0, "k6_c_p": 100, "k6_p": 100.0, "A7": " ", "k7_a_p": 100, "k7_b_p": 100, "k7_p": 100, "A8": " ", "Sumber": "Data SIM KOTAKU, 25-11-2020", "city": "ambon", "source_layer": "Profil Kumuh Basis", "role": "profil" }, "geometry": { "type": "Polygon", "coordinates": [ [ [ 128.17571476766193, -3.699719526222513 ], [ 128.175680631681132, -3.6996881507122 ], [ 128.175237762246041, -3.699241721902248 ], [ 128.175427306770985, -3.699061536716454 ], [ 128.175240457191876, -3.698767503100771 ], [ 128.175207219526385, -3.69878632842665 ], [ 128.175169490284446, -3.698813221748639 ], [ 128.174821842269495, -3.699064226047855 ], [ 128.174542466216138, -3.699265029436043 ], [ 128.17479848607212, -3.699594920617859 ], [ 128.174826333845914, -3.699620917472075 ], [ 128.175076963810199, -3.700035074150169 ], [ 128.175158710501023, -3.700165058349051 ], [ 128.175269203281005, -3.70033986465541 ], [ 128.175303339261774, -3.700368550815209 ], [ 128.175330288720289, -3.700390961876908 ], [ 128.175405747204167, -3.700417855150197 ], [ 128.175450662968387, -3.700442955537864 ], [ 128.175485697264463, -3.700328210902725 ], [ 128.175587206891578, -3.700008180865261 ], [ 128.17571476766193, -3.699719526222513 ] ] ] } },
{ "type": "Feature", "properties": { "FID": 43, "Kode": "81711008-RT003-RW003", "Provinsi": "MALUKU", "Kota_Kab": "KOTA AMBON", "Kecamatan": "Nusaniwe", "Kelurahan": "Kudamati", "Kode_RTRW": "81711008-RT003-RW003", "A1": " ", "k1_a_p": 42.42, "k1_b_p": 0, "k1_c_p": 24.24, "k1_p": 14.14, "A2": " ", "k2_a_p": 0.0, "k2_b_p": 28.92, "k2_p": 14.46, "A3": " ", "k3_a_p": 42.11, "k3_b_p": 42.11, "k3_p": 42.11, "A4": " ", "k4_a_p": 0.0, "k4_b_p": 30.15, "k4_c_p": 0.0, "k4_d_p": 60.31, "k4_e_p": 60.31, "k4_p": 30.154, "A5": " ", "k5_a_p": 0.0, "k5_b_p": 0.0, "k5_p": 0.0, "A6": " ", "k6_a_p": 100, "k6_b_p": 43.86, "k6_c_p": 100, "k6_p": 81.2867, "A7": " ", "k7_a_p": 100, "k7_b_p": 100, "k7_p": 100, "A8": " ", "Sumber": "Data SIM KOTAKU, 25-11-2020", "city": "ambon", "source_layer": "Profil Kumuh Basis", "role": "profil" }, "geometry": { "type": "Polygon", "coordinates": [ [ [ 128.177462889204804, -3.707702316362881 ], [ 128.177475465618784, -3.70767183757062 ], [ 128.177496126870295, -3.70764584095286 ], [ 128.177550025787355, -3.707600122761154 ], [ 128.177640755631074, -3.707557990307882 ], [ 128.177680281503569, -3.707518547158317 ], [ 128.177684773079989, -3.707447728771728 ], [ 128.177660518567308, -3.707438764418592 ], [ 128.177685671395267, -3.707396631957629 ], [ 128.177723400637205, -3.707400217699067 ], [ 128.177788977652938, -3.707308781287891 ], [ 128.177747655149886, -3.707285473965884 ], [ 128.177300294138377, -3.706951103470991 ], [ 128.177235615437922, -3.706900006628198 ], [ 128.176993968626476, -3.70679781293375 ], [ 128.176840356712916, -3.706534260719888 ], [ 128.176798135894558, -3.706510953377468 ], [ 128.176794542633417, -3.706592529073252 ], [ 128.176719084149568, -3.706732373105665 ], [ 128.17667686333121, -3.706832773935811 ], [ 128.176669676808928, -3.706911660294357 ], [ 128.176640930719856, -3.706965446443879 ], [ 128.176696626267443, -3.70726216664326 ], [ 128.176707406050866, -3.707379599685607 ], [ 128.176820593776682, -3.707490757665522 ], [ 128.176911323620374, -3.70751496141736 ], [ 128.177256276689462, -3.707467450348311 ], [ 128.177313768867634, -3.707559783178275 ], [ 128.177425159962866, -3.707712177148387 ], [ 128.177462889204804, -3.707702316362881 ] ] ] } },
{ "type": "Feature", "properties": { "FID": 44, "Kode": "81711008-RT005-RW003", "Provinsi": "MALUKU", "Kota_Kab": "KOTA AMBON", "Kecamatan": "Nusaniwe", "Kelurahan": "Kudamati", "Kode_RTRW": "81711008-RT005-RW003", "A1": " ", "k1_a_p": 71.74, "k1_b_p": 0, "k1_c_p": 41.3, "k1_p": 37.68, "A2": " ", "k2_a_p": 0.0, "k2_b_p": 58.33, "k2_p": 29.165, "A3": " ", "k3_a_p": 6.35, "k3_b_p": 84.13, "k3_p": 42.065, "A4": " ", "k4_a_p": 0.0, "k4_b_p": 18.66, "k4_c_p": 0.0, "k4_d_p": 81.34, "k4_e_p": 81.34, "k4_p": 32.536, "A5": " ", "k5_a_p": 0.0, "k5_b_p": 0.0, "k5_p": 0.0, "A6": " ", "k6_a_p": 100, "k6_b_p": 30.16, "k6_c_p": 100, "k6_p": 76.72, "A7": " ", "k7_a_p": 100, "k7_b_p": 100, "k7_p": 100, "A8": " ", "Sumber": "Data SIM KOTAKU, 25-11-2020", "city": "ambon", "source_layer": "Profil Kumuh Basis", "role": "profil" }, "geometry": { "type": "Polygon", "coordinates": [ [ [ 128.17776741808612, -3.70787801761543 ], [ 128.177941691251249, -3.70791835718379 ], [ 128.178771734573786, -3.708198941241684 ], [ 128.179003499917087, -3.70834237075765 ], [ 128.179019669592179, -3.708382710304822 ], [ 128.179340368148615, -3.708050133094274 ], [ 128.179639507138205, -3.707586676233732 ], [ 128.179498471638624, -3.707563368919049 ], [ 128.179380792336417, -3.707557093872683 ], [ 128.179287367546863, -3.70760819067751 ], [ 128.179220892215824, -3.707601915631463 ], [ 128.178893905452412, -3.707572333270923 ], [ 128.178654055271551, -3.707528407945873 ], [ 128.178441154549205, -3.707541854474182 ], [ 128.17817345659455, -3.707526615075416 ], [ 128.177788977652938, -3.707308781287891 ], [ 128.177723400637205, -3.707400217699067 ], [ 128.177685671395267, -3.707396631957629 ], [ 128.177660518567308, -3.707438764418592 ], [ 128.177684773079989, -3.707447728771728 ], [ 128.177680281503569, -3.707518547158317 ], [ 128.177640755631074, -3.707557990307882 ], [ 128.177604823019692, -3.707575022576468 ], [ 128.177772807977846, -3.70756964396537 ], [ 128.177882402442492, -3.707562472483857 ], [ 128.177884199073077, -3.707660183914477 ], [ 128.177824910264292, -3.707719348628687 ], [ 128.17776741808612, -3.70787801761543 ] ] ] } },
{ "type": "Feature", "properties": { "FID": 45, "Kode": "81711008-RT001-RW003", "Provinsi": "MALUKU", "Kota_Kab": "KOTA AMBON", "Kecamatan": "Nusaniwe", "Kelurahan": "Kudamati", "Kode_RTRW": "81711008-RT001-RW003", "A1": " ", "k1_a_p": 26.92, "k1_b_p": 0, "k1_c_p": 11.54, "k1_p": 8.97333, "A2": " ", "k2_a_p": 0.0, "k2_b_p": 44.27, "k2_p": 22.135, "A3": " ", "k3_a_p": 13.33, "k3_b_p": 42.22, "k3_p": 21.11, "A4": " ", "k4_a_p": 0.0, "k4_b_p": 36.24, "k4_c_p": 0.0, "k4_d_p": 36.24, "k4_e_p": 36.24, "k4_p": 21.744, "A5": " ", "k5_a_p": 0.0, "k5_b_p": 0.0, "k5_p": 0.0, "A6": " ", "k6_a_p": 100, "k6_b_p": 43.33, "k6_c_p": 100, "k6_p": 81.11, "A7": " ", "k7_a_p": 100, "k7_b_p": 100, "k7_p": 100, "A8": " ", "Sumber": "Data SIM KOTAKU, 25-11-2020", "city": "ambon", "source_layer": "Profil Kumuh Basis", "role": "profil" }, "geometry": { "type": "Polygon", "coordinates": [ [ [ 128.175002403641599, -3.705856554666497 ], [ 128.174984437335922, -3.70582786868453 ], [ 128.175005098587462, -3.705683542323639 ], [ 128.175091336854734, -3.705537423064715 ], [ 128.175450662968387, -3.70522456641077 ], [ 128.175592596783275, -3.705050657506582 ], [ 128.175585410261021, -3.704968185230793 ], [ 128.175539596181522, -3.704891091574733 ], [ 128.175474917481068, -3.704680428643106 ], [ 128.175469527589343, -3.704524448397588 ], [ 128.175434493293267, -3.704405222099427 ], [ 128.175421018564009, -3.704359503740233 ], [ 128.174449939741891, -3.705104443769261 ], [ 128.174433770066742, -3.705185123157147 ], [ 128.174382566095574, -3.705485429702956 ], [ 128.174281056468459, -3.706113832025688 ], [ 128.17427656489204, -3.706140725125116 ], [ 128.174122054663144, -3.706534260719888 ], [ 128.174427481859766, -3.706647211678303 ], [ 128.174796689441536, -3.706751198262185 ], [ 128.174779621451137, -3.706450892146091 ], [ 128.174778723135859, -3.706432963419517 ], [ 128.174804774279096, -3.706341526908335 ], [ 128.17482813047647, -3.706256365443341 ], [ 128.17497725081364, -3.705876276278561 ], [ 128.175002403641599, -3.705856554666497 ] ] ] } },
{ "type": "Feature", "properties": { "FID": 46, "Kode": "81711008-RT004-RW003", "Provinsi": "MALUKU", "Kota_Kab": "KOTA AMBON", "Kecamatan": "Nusaniwe", "Kelurahan": "Kudamati", "Kode_RTRW": "81711008-RT004-RW003", "A1": " ", "k1_a_p": 8.0, "k1_b_p": 0, "k1_c_p": 56.0, "k1_p": 18.6667, "A2": " ", "k2_a_p": 0.0, "k2_b_p": 25.0, "k2_p": 12.5, "A3": " ", "k3_a_p": 75.38, "k3_b_p": 75.38, "k3_p": 75.38, "A4": " ", "k4_a_p": 0.0, "k4_b_p": 17.16, "k4_c_p": 0.0, "k4_d_p": 40.3, "k4_e_p": 40.3, "k4_p": 16.12, "A5": " ", "k5_a_p": 0.0, "k5_b_p": 0.0, "k5_p": 0.0, "A6": " ", "k6_a_p": 100, "k6_b_p": 100.0, "k6_c_p": 100, "k6_p": 100.0, "A7": " ", "k7_a_p": 100, "k7_b_p": 100, "k7_p": 100, "A8": " ", "Sumber": "Data SIM KOTAKU, 25-11-2020", "city": "ambon", "source_layer": "Profil Kumuh Basis", "role": "profil" }, "geometry": { "type": "Polygon", "coordinates": [ [ [ 128.176707406050866, -3.707379599685607 ], [ 128.176696626267443, -3.70726216664326 ], [ 128.176640930719856, -3.706965446443879 ], [ 128.176669676808928, -3.706911660294357 ], [ 128.17667686333121, -3.706832773935811 ], [ 128.176719084149568, -3.706732373105665 ], [ 128.176794542633417, -3.706592529073252 ], [ 128.176798135894558, -3.706510953377468 ], [ 128.176745135292805, -3.70648316385301 ], [ 128.176435216519764, -3.706444617091832 ], [ 128.1762869944979, -3.7064204133107 ], [ 128.176140569106565, -3.706285051411413 ], [ 128.175917786916131, -3.70619451132152 ], [ 128.175879159358914, -3.706171203970146 ], [ 128.175826158757133, -3.706320908870195 ], [ 128.175817175604294, -3.706391727347018 ], [ 128.175753395219118, -3.706549500135754 ], [ 128.175627631079351, -3.706655279603353 ], [ 128.175483900633907, -3.706696515663564 ], [ 128.17541652698759, -3.706725201617361 ], [ 128.175520731560539, -3.706923313960365 ], [ 128.175556664171893, -3.706995925260487 ], [ 128.175549477649639, -3.707091843882373 ], [ 128.175555765856615, -3.707128597744077 ], [ 128.175410238780586, -3.707177901702501 ], [ 128.175356339863527, -3.70723706644898 ], [ 128.175327593774455, -3.707322227819539 ], [ 128.175327593774455, -3.707363463848651 ], [ 128.175341966818991, -3.707360774542464 ], [ 128.175449764653081, -3.707368842461003 ], [ 128.175610563088952, -3.707380496120985 ], [ 128.1757893278305, -3.707469243218887 ], [ 128.175858498107374, -3.707547233085447 ], [ 128.176047144317039, -3.70764225521242 ], [ 128.176423538421091, -3.707697834187615 ], [ 128.176625659360013, -3.707628808685638 ], [ 128.176625659360013, -3.707454900254173 ], [ 128.176707406050866, -3.707379599685607 ] ] ] } },
{ "type": "Feature", "properties": { "FID": 47, "Kode": "81712014-RT001-RW002", "Provinsi": "MALUKU", "Kota_Kab": "KOTA AMBON", "Kecamatan": "Sirimau", "Kelurahan": "Rijali", "Kode_RTRW": "81712014-RT001-RW002", "A1": " ", "k1_a_p": 0.0, "k1_b_p": 0, "k1_c_p": 21.74, "k1_p": 0.0, "A2": " ", "k2_a_p": 0.0, "k2_b_p": 0.0, "k2_p": 0.0, "A3": " ", "k3_a_p": 94.44, "k3_b_p": 0.0, "k3_p": 47.22, "A4": " ", "k4_a_p": 62.5, "k4_b_p": 0.0, "k4_c_p": 0.0, "k4_d_p": 100.0, "k4_e_p": 74.25, "k4_p": 47.35, "A5": " ", "k5_a_p": 0.0, "k5_b_p": 50.0, "k5_p": 25.0, "A6": " ", "k6_a_p": 0, "k6_b_p": 69.44, "k6_c_p": 100, "k6_p": 56.48, "A7": " ", "k7_a_p": 100, "k7_b_p": 100, "k7_p": 100, "A8": " ", "Sumber": "Data SIM KOTAKU, 25-11-2020", "city": "ambon", "source_layer": "Profil Kumuh Basis", "role": "profil" }, "geometry": { "type": "Polygon", "coordinates": [ [ [ 128.187739616055126, -3.687058073012958 ], [ 128.187742311000989, -3.68690029675641 ], [ 128.187741412685682, -3.68688595345897 ], [ 128.186270870565608, -3.687103792263887 ], [ 128.186229548062528, -3.68710558517564 ], [ 128.186234937954225, -3.687127996572249 ], [ 128.186243022791786, -3.687250811015639 ], [ 128.186319379590941, -3.687354799874152 ], [ 128.186480178026784, -3.687546641357076 ], [ 128.186579891023342, -3.687670352197941 ], [ 128.18664367140849, -3.687617461333302 ], [ 128.186802673213805, -3.68745968517602 ], [ 128.186905979471476, -3.687476717830712 ], [ 128.186932928929991, -3.687453409987368 ], [ 128.186987726162329, -3.687397829743083 ], [ 128.187203321830509, -3.687153097335782 ], [ 128.187294949989507, -3.68705628010111 ], [ 128.18731471292574, -3.687035661614587 ], [ 128.187402747823597, -3.687022214775292 ], [ 128.187699191867353, -3.687058969468881 ], [ 128.187739616055126, -3.687058073012958 ] ] ] } },
{ "type": "Feature", "properties": { "FID": 48, "Kode": "81712014-RT003-RW002", "Provinsi": "MALUKU", "Kota_Kab": "KOTA AMBON", "Kecamatan": "Sirimau", "Kelurahan": "Rijali", "Kode_RTRW": "81712014-RT003-RW002", "A1": " ", "k1_a_p": 0.0, "k1_b_p": 0, "k1_c_p": 0.0, "k1_p": 0.0, "A2": " ", "k2_a_p": 0.0, "k2_b_p": 0.0, "k2_p": 0.0, "A3": " ", "k3_a_p": 0.0, "k3_b_p": 0.0, "k3_p": 0.0, "A4": " ", "k4_a_p": 67.11, "k4_b_p": 0.0, "k4_c_p": 0.0, "k4_d_p": 100.0, "k4_e_p": 74.25, "k4_p": 48.272, "A5": " ", "k5_a_p": 43.75, "k5_b_p": 0.0, "k5_p": 21.875, "A6": " ", "k6_a_p": 0, "k6_b_p": 0.0, "k6_c_p": 0, "k6_p": 0.0, "A7": " ", "k7_a_p": 0, "k7_b_p": 100, "k7_p": 50, "A8": " ", "Sumber": "Data SIM KOTAKU, 25-11-2020", "city": "ambon", "source_layer": "Profil Kumuh Basis", "role": "profil" }, "geometry": { "type": "Polygon", "coordinates": [ [ [ 128.187735124478706, -3.687976939859796 ], [ 128.18772524301059, -3.687942874569256 ], [ 128.187739616055126, -3.687058073012958 ], [ 128.187699191867353, -3.687058969468881 ], [ 128.187402747823597, -3.687022214775292 ], [ 128.18731471292574, -3.687035661614587 ], [ 128.187294949989507, -3.68705628010111 ], [ 128.187203321830509, -3.687153097335782 ], [ 128.186987726162329, -3.687397829743083 ], [ 128.186932928929991, -3.687453409987368 ], [ 128.186905979471476, -3.687476717830712 ], [ 128.186802673213805, -3.68745968517602 ], [ 128.18664367140849, -3.687617461333302 ], [ 128.186579891023342, -3.687670352197941 ], [ 128.186638281516792, -3.687742068619545 ], [ 128.186950895235668, -3.688152645021849 ], [ 128.187140439760611, -3.68840723815422 ], [ 128.187160202696873, -3.688428753063474 ], [ 128.187735124478706, -3.687976939859796 ] ] ] } },
{ "type": "Feature", "properties": { "FID": 49, "Kode": "81712014-RT002-RW002", "Provinsi": "MALUKU", "Kota_Kab": "KOTA AMBON", "Kecamatan": "Sirimau", "Kelurahan": "Rijali", "Kode_RTRW": "81712014-RT002-RW002", "A1": " ", "k1_a_p": 46.15, "k1_b_p": 0, "k1_c_p": 5.13, "k1_p": 15.3833, "A2": " ", "k2_a_p": 0.0, "k2_b_p": 0.0, "k2_p": 0.0, "A3": " ", "k3_a_p": 57.14, "k3_b_p": 0.0, "k3_p": 28.57, "A4": " ", "k4_a_p": 25.37, "k4_b_p": 0.0, "k4_c_p": 0.0, "k4_d_p": 100.0, "k4_e_p": 0.0, "k4_p": 25.074, "A5": " ", "k5_a_p": 0.0, "k5_b_p": 2.04, "k5_p": 0.0, "A6": " ", "k6_a_p": 0, "k6_b_p": 0.0, "k6_c_p": 100, "k6_p": 33.3333, "A7": " ", "k7_a_p": 0, "k7_b_p": 100, "k7_p": 50, "A8": " ", "Sumber": "Data SIM KOTAKU, 25-11-2020", "city": "ambon", "source_layer": "Profil Kumuh Basis", "role": "profil" }, "geometry": { "type": "Polygon", "coordinates": [ [ [ 128.186579891023342, -3.687670352197941 ], [ 128.186480178026784, -3.687546641357076 ], [ 128.186319379590941, -3.687354799874152 ], [ 128.186243022791786, -3.687250811015639 ], [ 128.186234937954225, -3.687127996572249 ], [ 128.186229548062528, -3.68710558517564 ], [ 128.186013054079041, -3.687113653278484 ], [ 128.186001375980368, -3.687107378087389 ], [ 128.185969934945433, -3.687211366962677 ], [ 128.186029223754161, -3.687310873547471 ], [ 128.18607503783366, -3.687348524684758 ], [ 128.186228649747221, -3.687543951990779 ], [ 128.186334650950755, -3.687677523840362 ], [ 128.186358007148158, -3.687708899775272 ], [ 128.186442448784845, -3.687820956676627 ], [ 128.186517008953444, -3.687921359648243 ], [ 128.186547551673101, -3.687960803669704 ], [ 128.186707451793666, -3.688172367027667 ], [ 128.186816147943063, -3.688315799784085 ], [ 128.186852080554416, -3.688530948875313 ], [ 128.186863758653118, -3.688604458136211 ], [ 128.186872741805985, -3.688661831213664 ], [ 128.186931132299435, -3.688786438353498 ], [ 128.186975149748378, -3.688881462491561 ], [ 128.186973353117793, -3.688956764631485 ], [ 128.187002997522171, -3.689098404353582 ], [ 128.187012878990288, -3.689120815699946 ], [ 128.187053303178061, -3.689212253987256 ], [ 128.187085642528302, -3.689256180219969 ], [ 128.187169185849712, -3.689194324912054 ], [ 128.187950720146915, -3.688633144675401 ], [ 128.187897719545163, -3.688517502058637 ], [ 128.187735124478706, -3.687976939859796 ], [ 128.187160202696873, -3.688428753063474 ], [ 128.187140439760611, -3.68840723815422 ], [ 128.186950895235668, -3.688152645021849 ], [ 128.186638281516792, -3.687742068619545 ], [ 128.186579891023342, -3.687670352197941 ] ] ] } },
{ "type": "Feature", "properties": { "FID": 50, "Kode": "81712014-RT004-RW001", "Provinsi": "MALUKU", "Kota_Kab": "KOTA AMBON", "Kecamatan": "Sirimau", "Kelurahan": "Rijali", "Kode_RTRW": "81712014-RT004-RW001", "A1": " ", "k1_a_p": 6.9, "k1_b_p": 0, "k1_c_p": 6.9, "k1_p": 0.0, "A2": " ", "k2_a_p": 0.0, "k2_b_p": 0.0, "k2_p": 0.0, "A3": " ", "k3_a_p": 80.56, "k3_b_p": 0.0, "k3_p": 40.28, "A4": " ", "k4_a_p": 0.0, "k4_b_p": 0.0, "k4_c_p": 0.0, "k4_d_p": 100.0, "k4_e_p": 25.54, "k4_p": 25.108, "A5": " ", "k5_a_p": 2.78, "k5_b_p": 0.0, "k5_p": 0.0, "A6": " ", "k6_a_p": 0, "k6_b_p": 19.44, "k6_c_p": 100, "k6_p": 33.3333, "A7": " ", "k7_a_p": 0, "k7_b_p": 100, "k7_p": 50, "A8": " ", "Sumber": "Data SIM KOTAKU, 25-11-2020", "city": "ambon", "source_layer": "Profil Kumuh Basis", "role": "profil" }, "geometry": { "type": "Polygon", "coordinates": [ [ [ 128.184493104618326, -3.687967078854775 ], [ 128.1845622748952, -3.688009212239104 ], [ 128.185086891021115, -3.688444889245071 ], [ 128.185380640119035, -3.688755062456625 ], [ 128.185794763465026, -3.689336861049911 ], [ 128.186181039037194, -3.689928520245629 ], [ 128.187085642528302, -3.689256180219969 ], [ 128.187053303178061, -3.689212253987256 ], [ 128.187012878990288, -3.689120815699946 ], [ 128.187002997522171, -3.689098404353582 ], [ 128.186973353117793, -3.688956764631485 ], [ 128.186975149748378, -3.688881462491561 ], [ 128.186931132299435, -3.688786438353498 ], [ 128.186872741805985, -3.688661831213664 ], [ 128.186863758653118, -3.688604458136211 ], [ 128.186852080554416, -3.688530948875313 ], [ 128.186816147943063, -3.688315799784085 ], [ 128.186707451793666, -3.688172367027667 ], [ 128.186547551673101, -3.687960803669704 ], [ 128.186517008953444, -3.687921359648243 ], [ 128.186442448784845, -3.687820956676627 ], [ 128.186358007148158, -3.687708899775272 ], [ 128.186334650950755, -3.687677523840362 ], [ 128.186228649747221, -3.687543951990779 ], [ 128.186168462623215, -3.68758967121672 ], [ 128.18602563049302, -3.687755515447952 ], [ 128.186024732177742, -3.68775730835839 ], [ 128.185991494512251, -3.687807509849211 ], [ 128.185986104620525, -3.687808406304377 ], [ 128.185912442767233, -3.687826335407537 ], [ 128.185850459012642, -3.687866675888322 ], [ 128.185755237592531, -3.687940185204158 ], [ 128.18566001617242, -3.687931220653772 ], [ 128.185597134102494, -3.687898948271633 ], [ 128.185516285726919, -3.687846057420594 ], [ 128.185488437953126, -3.687808406304377 ], [ 128.18546148849461, -3.687770755186566 ], [ 128.185363572128637, -3.687635390440311 ], [ 128.185201875377487, -3.687464167453602 ], [ 128.185157857928573, -3.687418448221206 ], [ 128.184862312200096, -3.687825438952387 ], [ 128.184679055882128, -3.687701728133105 ], [ 128.184493104618326, -3.687967078854775 ] ] ] } },
{ "type": "Feature", "properties": { "FID": 51, "Kode": "81712013-RT002-RW004", "Provinsi": "MALUKU", "Kota_Kab": "KOTA AMBON", "Kecamatan": "Sirimau", "Kelurahan": "Uritetu", "Kode_RTRW": "81712013-RT002-RW004", "A1": " ", "k1_a_p": 18.75, "k1_b_p": 0, "k1_c_p": 3.13, "k1_p": 0.0, "A2": " ", "k2_a_p": 0.0, "k2_b_p": 46.0, "k2_p": 23.0, "A3": " ", "k3_a_p": 48.89, "k3_b_p": 48.89, "k3_p": 48.89, "A4": " ", "k4_a_p": 0.0, "k4_b_p": 0.0, "k4_c_p": 0.0, "k4_d_p": 82.64, "k4_e_p": 81.94, "k4_p": 32.916, "A5": " ", "k5_a_p": 0.0, "k5_b_p": 48.89, "k5_p": 24.445, "A6": " ", "k6_a_p": 100, "k6_b_p": 0.0, "k6_c_p": 100, "k6_p": 66.6667, "A7": " ", "k7_a_p": 100, "k7_b_p": 100, "k7_p": 100, "A8": " ", "Sumber": "Data SIM KOTAKU, 25-11-2020", "city": "ambon", "source_layer": "Profil Kumuh Basis", "role": "profil" }, "geometry": { "type": "Polygon", "coordinates": [ [ [ 128.186691282118574, -3.696083545405643 ], [ 128.186649959615494, -3.695982246910032 ], [ 128.186620315211115, -3.695957146396057 ], [ 128.186495449386626, -3.695854054991923 ], [ 128.186424482479168, -3.695825368686032 ], [ 128.186138818218836, -3.695711519900384 ], [ 128.185881001732298, -3.695590499521666 ], [ 128.185714813404729, -3.69547037557387 ], [ 128.185593540841381, -3.695284810935973 ], [ 128.185543235185463, -3.695014980161373 ], [ 128.185278232176643, -3.695127036140855 ], [ 128.185299791743461, -3.695167376290005 ], [ 128.185306079950436, -3.695181719453704 ], [ 128.185301588374017, -3.695188891035467 ], [ 128.185290808590622, -3.695196959064881 ], [ 128.1852629608168, -3.695205923541922 ], [ 128.185256672609825, -3.695228334734128 ], [ 128.185258469240381, -3.695234609867842 ], [ 128.185327639517283, -3.695345769372027 ], [ 128.185347402453516, -3.695398659776386 ], [ 128.185389623271874, -3.695485615180088 ], [ 128.185417471045668, -3.695541194918195 ], [ 128.185534252032625, -3.695683730037102 ], [ 128.185617795354034, -3.695800268167617 ], [ 128.185700440360193, -3.695950871267452 ], [ 128.185795661780304, -3.696079959618386 ], [ 128.185911544451955, -3.696244009370588 ], [ 128.185926815811769, -3.696234148457379 ], [ 128.186040003537585, -3.696378476357962 ], [ 128.186251107629346, -3.696704782829218 ], [ 128.186256497521072, -3.696700300598284 ], [ 128.186255599205765, -3.696698507705904 ], [ 128.1862870402407, -3.696675200104631 ], [ 128.186454126883575, -3.696538043823192 ], [ 128.186508924115884, -3.696628584900247 ], [ 128.186664332660058, -3.69664203159407 ], [ 128.186815249627784, -3.696752294475735 ], [ 128.187004794152728, -3.696549697625708 ], [ 128.18682153783476, -3.696333654031102 ], [ 128.186691282118574, -3.696083545405643 ] ] ] } },
{ "type": "Feature", "properties": { "FID": 52, "Kode": "81712013-RT003-RW003", "Provinsi": "MALUKU", "Kota_Kab": "KOTA AMBON", "Kecamatan": "Sirimau", "Kelurahan": "Uritetu", "Kode_RTRW": "81712013-RT003-RW003", "A1": " ", "k1_a_p": 31.43, "k1_b_p": 0, "k1_c_p": 11.43, "k1_p": 10.4767, "A2": " ", "k2_a_p": 0.0, "k2_b_p": 10.45, "k2_p": 0.0, "A3": " ", "k3_a_p": 53.7, "k3_b_p": 48.15, "k3_p": 50.925, "A4": " ", "k4_a_p": 0.0, "k4_b_p": 0.0, "k4_c_p": 0.0, "k4_d_p": 75.0, "k4_e_p": 75.0, "k4_p": 30.0, "A5": " ", "k5_a_p": 0.0, "k5_b_p": 7.41, "k5_p": 0.0, "A6": " ", "k6_a_p": 100, "k6_b_p": 0.0, "k6_c_p": 100, "k6_p": 66.6667, "A7": " ", "k7_a_p": 100, "k7_b_p": 100, "k7_p": 100, "A8": " ", "Sumber": "Data SIM KOTAKU, 25-11-2020", "city": "ambon", "source_layer": "Profil Kumuh Basis", "role": "profil" }, "geometry": { "type": "Polygon", "coordinates": [ [ [ 128.184757209311869, -3.691217618765082 ], [ 128.184635038433242, -3.6913995984471 ], [ 128.185028500527665, -3.691661362259287 ], [ 128.184820091381766, -3.691958087583218 ], [ 128.184801226760783, -3.691984084661255 ], [ 128.184793141923222, -3.692002013680148 ], [ 128.184816498120625, -3.692036078815046 ], [ 128.184922499324159, -3.692120345195758 ], [ 128.184954838674372, -3.692147238719834 ], [ 128.185015025798407, -3.692196543511857 ], [ 128.185012330852544, -3.692199232864072 ], [ 128.185054551670902, -3.692237780244902 ], [ 128.185156061298017, -3.692332804013756 ], [ 128.185192892224649, -3.692374937191031 ], [ 128.185239604619426, -3.692436792277452 ], [ 128.185252181033405, -3.692455617737681 ], [ 128.185274638915502, -3.692486993503842 ], [ 128.185321351310279, -3.69255422728474 ], [ 128.185352792345213, -3.692607117855467 ], [ 128.18545340365705, -3.692776546950653 ], [ 128.185571981274563, -3.692973765962522 ], [ 128.185623185245731, -3.693066996752881 ], [ 128.185638456605602, -3.693088511549266 ], [ 128.185862137111343, -3.692944183113535 ], [ 128.186044495114004, -3.692814197856301 ], [ 128.18617924240661, -3.692691384181982 ], [ 128.186262785728047, -3.692593671100497 ], [ 128.186292430132426, -3.692521955070544 ], [ 128.186260090782184, -3.692507611863858 ], [ 128.185998681034505, -3.69225033055458 ], [ 128.185695050468468, -3.691932986955425 ], [ 128.185514489096363, -3.691633572269189 ], [ 128.18535369066052, -3.691262441350322 ], [ 128.185316859733859, -3.691250787478377 ], [ 128.185244096195845, -3.691227479734028 ], [ 128.184792243607944, -3.691235547799449 ], [ 128.184757209311869, -3.691217618765082 ] ] ] } },
{ "type": "Feature", "properties": { "FID": 53, "Kode": "81712013-RT004-RW003", "Provinsi": "MALUKU", "Kota_Kab": "KOTA AMBON", "Kecamatan": "Sirimau", "Kelurahan": "Uritetu", "Kode_RTRW": "81712013-RT004-RW003", "A1": " ", "k1_a_p": 25.0, "k1_b_p": 0, "k1_c_p": 3.57, "k1_p": 8.33333, "A2": " ", "k2_a_p": 0.0, "k2_b_p": 66.67, "k2_p": 33.335, "A3": " ", "k3_a_p": 25.0, "k3_b_p": 25.0, "k3_p": 25.0, "A4": " ", "k4_a_p": 0.0, "k4_b_p": 0.0, "k4_c_p": 0.0, "k4_d_p": 72.75, "k4_e_p": 77.5, "k4_p": 30.05, "A5": " ", "k5_a_p": 0.0, "k5_b_p": 0.0, "k5_p": 0.0, "A6": " ", "k6_a_p": 100, "k6_b_p": 55.77, "k6_c_p": 100, "k6_p": 85.2567, "A7": " ", "k7_a_p": 100, "k7_b_p": 100, "k7_p": 100, "A8": " ", "Sumber": "Data SIM KOTAKU, 25-11-2020", "city": "ambon", "source_layer": "Profil Kumuh Basis", "role": "profil" }, "geometry": { "type": "Polygon", "coordinates": [ [ [ 128.185028500527665, -3.691661362259287 ], [ 128.184635038433242, -3.6913995984471 ], [ 128.184573952993901, -3.691490140048401 ], [ 128.184302661778105, -3.691921333092281 ], [ 128.184245169599905, -3.692147238719834 ], [ 128.184466155159811, -3.69237583364159 ], [ 128.184710496917091, -3.692606221405142 ], [ 128.184978194871746, -3.692952251163356 ], [ 128.185210858530326, -3.693361032258334 ], [ 128.18556120149114, -3.693137816289013 ], [ 128.185638456605602, -3.693088511549266 ], [ 128.185623185245731, -3.693066996752881 ], [ 128.185571981274563, -3.692973765962522 ], [ 128.18545340365705, -3.692776546950653 ], [ 128.185352792345213, -3.692607117855467 ], [ 128.185321351310279, -3.69255422728474 ], [ 128.185274638915502, -3.692486993503842 ], [ 128.185252181033405, -3.692455617737681 ], [ 128.185239604619426, -3.692436792277452 ], [ 128.185192892224649, -3.692374937191031 ], [ 128.185156061298017, -3.692332804013756 ], [ 128.185054551670902, -3.692237780244902 ], [ 128.185012330852544, -3.692199232864072 ], [ 128.185015025798407, -3.692196543511857 ], [ 128.184954838674372, -3.692147238719834 ], [ 128.184922499324159, -3.692120345195758 ], [ 128.184816498120625, -3.692036078815046 ], [ 128.184793141923222, -3.692002013680148 ], [ 128.184801226760783, -3.691984084661255 ], [ 128.184820091381766, -3.691958087583218 ], [ 128.185028500527665, -3.691661362259287 ] ] ] } },
{ "type": "Feature", "properties": { "FID": 54, "Kode": "81712013-RT001-RW003", "Provinsi": "MALUKU", "Kota_Kab": "KOTA AMBON", "Kecamatan": "Sirimau", "Kelurahan": "Uritetu", "Kode_RTRW": "81712013-RT001-RW003", "A1": " ", "k1_a_p": 26.47, "k1_b_p": 0, "k1_c_p": 14.71, "k1_p": 8.82333, "A2": " ", "k2_a_p": 0.0, "k2_b_p": 18.08, "k2_p": 0.0, "A3": " ", "k3_a_p": 34.69, "k3_b_p": 34.69, "k3_p": 34.69, "A4": " ", "k4_a_p": 64.61, "k4_b_p": 0.0, "k4_c_p": 0.0, "k4_d_p": 60.4, "k4_e_p": 100.0, "k4_p": 45.002, "A5": " ", "k5_a_p": 0.0, "k5_b_p": 0.0, "k5_p": 0.0, "A6": " ", "k6_a_p": 100, "k6_b_p": 77.55, "k6_c_p": 100, "k6_p": 92.5167, "A7": " ", "k7_a_p": 100, "k7_b_p": 100, "k7_p": 100, "A8": " ", "Sumber": "Data SIM KOTAKU, 25-11-2020", "city": "ambon", "source_layer": "Profil Kumuh Basis", "role": "profil" }, "geometry": { "type": "Polygon", "coordinates": [ [ [ 128.186121750228438, -3.694202797999069 ], [ 128.186277158772583, -3.694047712358165 ], [ 128.186361600409299, -3.693963446160413 ], [ 128.186568212924641, -3.693875594158494 ], [ 128.186826927726457, -3.693831668154273 ], [ 128.186750570927302, -3.693703475925443 ], [ 128.18665175624605, -3.693533150557794 ], [ 128.186579891023342, -3.693394200891555 ], [ 128.186397533020653, -3.693162020432978 ], [ 128.186252904259931, -3.693028449408055 ], [ 128.186132530011832, -3.692939700863602 ], [ 128.186016647340182, -3.692833919758625 ], [ 128.185862137111343, -3.692944183113535 ], [ 128.185638456605602, -3.693088511549266 ], [ 128.18556120149114, -3.693137816289013 ], [ 128.185210858530326, -3.693361032258334 ], [ 128.185322249625585, -3.69354032215288 ], [ 128.185349199084101, -3.693605762955368 ], [ 128.185423759252672, -3.693719612011209 ], [ 128.185533353717346, -3.693929381099477 ], [ 128.185554913284165, -3.693988546730793 ], [ 128.185562099806418, -3.69402530113614 ], [ 128.185939392225777, -3.69438656996621 ], [ 128.186121750228438, -3.694202797999069 ] ] ] } },
{ "type": "Feature", "properties": { "FID": 55, "Kode": "81712013-RT002-RW003", "Provinsi": "MALUKU", "Kota_Kab": "KOTA AMBON", "Kecamatan": "Sirimau", "Kelurahan": "Uritetu", "Kode_RTRW": "81712013-RT002-RW003", "A1": " ", "k1_a_p": 25.0, "k1_b_p": 0, "k1_c_p": 6.25, "k1_p": 8.33333, "A2": " ", "k2_a_p": 0.0, "k2_b_p": 32.78, "k2_p": 16.39, "A3": " ", "k3_a_p": 29.68, "k3_b_p": 0.0, "k3_p": 14.84, "A4": " ", "k4_a_p": 22.72, "k4_b_p": 0.0, "k4_c_p": 0.0, "k4_d_p": 62.0, "k4_e_p": 78.0, "k4_p": 28.0, "A5": " ", "k5_a_p": 0.0, "k5_b_p": 30.97, "k5_p": 15.485, "A6": " ", "k6_a_p": 100, "k6_b_p": 100.0, "k6_c_p": 100, "k6_p": 100.0, "A7": " ", "k7_a_p": 100, "k7_b_p": 100, "k7_p": 100, "A8": " ", "Sumber": "Data SIM KOTAKU, 25-11-2020", "city": "ambon", "source_layer": "Profil Kumuh Basis", "role": "profil" }, "geometry": { "type": "Polygon", "coordinates": [ [ [ 128.186826927726457, -3.693831668154273 ], [ 128.186919454200734, -3.693815532070543 ], [ 128.18712786334666, -3.693756366427693 ], [ 128.187374001734497, -3.693681064694724 ], [ 128.187433290543254, -3.693630863535864 ], [ 128.187443172011371, -3.693616520347096 ], [ 128.187473714731027, -3.693570801431352 ], [ 128.187498867558986, -3.693482949390567 ], [ 128.187495274297845, -3.693424680175045 ], [ 128.187428798966835, -3.693337724569384 ], [ 128.187336272492558, -3.693221186115448 ], [ 128.187294051674229, -3.693098372497434 ], [ 128.187304831457624, -3.692825851707727 ], [ 128.18736501858163, -3.692600842703173 ], [ 128.187360527005211, -3.692521955070544 ], [ 128.187311119664599, -3.692447549683346 ], [ 128.187214101613932, -3.69237852299326 ], [ 128.187070371168488, -3.692355215278514 ], [ 128.187003895837449, -3.69237852299326 ], [ 128.186896098003359, -3.692452928386244 ], [ 128.186738892828629, -3.692547952132071 ], [ 128.186598755644297, -3.692558709536618 ], [ 128.186372380192694, -3.692558709536618 ], [ 128.186292430132426, -3.692521955070544 ], [ 128.186262785728047, -3.692593671100497 ], [ 128.18617924240661, -3.692691384181982 ], [ 128.186044495114004, -3.692814197856301 ], [ 128.186016647340182, -3.692833919758625 ], [ 128.186132530011832, -3.692939700863602 ], [ 128.186252904259931, -3.693028449408055 ], [ 128.186397533020653, -3.693162020432978 ], [ 128.186579891023342, -3.693394200891555 ], [ 128.18665175624605, -3.693533150557794 ], [ 128.186750570927302, -3.693703475925443 ], [ 128.186826927726457, -3.693831668154273 ] ] ] } },
{ "type": "Feature", "properties": { "FID": 56, "Kode": "81711007-RT005-RW002", "Provinsi": "MALUKU", "Kota_Kab": "KOTA AMBON", "Kecamatan": "Nusaniwe", "Kelurahan": "Wainitu", "Kode_RTRW": "81711007-RT005-RW002", "A1": " ", "k1_a_p": 45.9, "k1_b_p": 0, "k1_c_p": 27.87, "k1_p": 24.59, "A2": " ", "k2_a_p": 0.0, "k2_b_p": 76.98, "k2_p": 38.49, "A3": " ", "k3_a_p": 67.06, "k3_b_p": 63.53, "k3_p": 65.295, "A4": " ", "k4_a_p": 0.0, "k4_b_p": 26.65, "k4_c_p": 0.0, "k4_d_p": 28.44, "k4_e_p": 43.41, "k4_p": 19.7, "A5": " ", "k5_a_p": 15.29, "k5_b_p": 15.29, "k5_p": 0.0, "A6": " ", "k6_a_p": 100, "k6_b_p": 0.0, "k6_c_p": 100, "k6_p": 66.6667, "A7": " ", "k7_a_p": 100, "k7_b_p": 100, "k7_p": 100, "A8": " ", "Sumber": "Data SIM KOTAKU, 25-11-2020", "city": "ambon", "source_layer": "Profil Kumuh Basis", "role": "profil" }, "geometry": { "type": "Polygon", "coordinates": [ [ [ 128.170415605800883, -3.704356814424913 ], [ 128.170540471625372, -3.704291374416267 ], [ 128.170787508328516, -3.704166769454919 ], [ 128.171182767053551, -3.703925627429532 ], [ 128.171330989075415, -3.703775025685182 ], [ 128.171336378967112, -3.703769647050981 ], [ 128.171275293527799, -3.70370420699892 ], [ 128.171180970422967, -3.703605598692157 ], [ 128.171092935525138, -3.703510576131608 ], [ 128.170995917474443, -3.703406589166867 ], [ 128.171029155139934, -3.703372524468865 ], [ 128.17094381518794, -3.703279294762365 ], [ 128.170906085946029, -3.703227301267936 ], [ 128.170874644911095, -3.703178893529 ], [ 128.170812661156475, -3.703115246312665 ], [ 128.170794694850798, -3.703100006837653 ], [ 128.170692286908405, -3.70300050202377 ], [ 128.170520708689111, -3.702831971322489 ], [ 128.170575505921448, -3.702748602399889 ], [ 128.170434470421839, -3.702594414694396 ], [ 128.170332062479446, -3.702657165508011 ], [ 128.170074245992936, -3.702785356442003 ], [ 128.169529866930759, -3.702758463240607 ], [ 128.169519985462614, -3.702783563561936 ], [ 128.169537951768319, -3.702826592682559 ], [ 128.169500222526352, -3.702840935722301 ], [ 128.170148806161507, -3.704266274137695 ], [ 128.17018923034928, -3.704234002349912 ], [ 128.170415605800883, -3.704356814424913 ] ] ] } },
{ "type": "Feature", "properties": { "FID": 57, "Kode": "81711007-RT003-RW002", "Provinsi": "MALUKU", "Kota_Kab": "KOTA AMBON", "Kecamatan": "Nusaniwe", "Kelurahan": "Wainitu", "Kode_RTRW": "81711007-RT003-RW002", "A1": " ", "k1_a_p": 45.76, "k1_b_p": 0, "k1_c_p": 28.81, "k1_p": 24.8567, "A2": " ", "k2_a_p": 0.0, "k2_b_p": 54.55, "k2_p": 27.275, "A3": " ", "k3_a_p": 50.55, "k3_b_p": 50.55, "k3_p": 50.55, "A4": " ", "k4_a_p": 79.06, "k4_b_p": 0.0, "k4_c_p": 0.0, "k4_d_p": 31.58, "k4_e_p": 63.16, "k4_p": 34.76, "A5": " ", "k5_a_p": 0.0, "k5_b_p": 1.1, "k5_p": 0.0, "A6": " ", "k6_a_p": 100, "k6_b_p": 0.0, "k6_c_p": 100, "k6_p": 66.6667, "A7": " ", "k7_a_p": 100, "k7_b_p": 100, "k7_p": 100, "A8": " ", "Sumber": "Data SIM KOTAKU, 25-11-2020", "city": "ambon", "source_layer": "Profil Kumuh Basis", "role": "profil" }, "geometry": { "type": "Polygon", "coordinates": [ [ [ 128.171923877162925, -3.703255090894649 ], [ 128.172125998101876, -3.703084767362378 ], [ 128.172134082939408, -3.70307759584451 ], [ 128.172152947560392, -3.703061459929097 ], [ 128.17206311603195, -3.70298705542644 ], [ 128.172046946356858, -3.70296643731014 ], [ 128.171653484262379, -3.70248325609936 ], [ 128.17162743311917, -3.702450087806202 ], [ 128.171633721326145, -3.702444709163952 ], [ 128.171802604599577, -3.70229769292978 ], [ 128.171921182217062, -3.70219549870384 ], [ 128.17195082662144, -3.70217039836584 ], [ 128.171928368739344, -3.702141712264397 ], [ 128.171916690640643, -3.702125576331927 ], [ 128.171991250809242, -3.702064618362165 ], [ 128.172175405442488, -3.701910430537567 ], [ 128.172150252614529, -3.701867401372422 ], [ 128.171902317596107, -3.701679148750332 ], [ 128.171564551049272, -3.70204131090203 ], [ 128.171551076320014, -3.702030553612529 ], [ 128.171463041422157, -3.702098683110491 ], [ 128.171415430712102, -3.702037725138877 ], [ 128.171312124454431, -3.70201889988209 ], [ 128.171262717113819, -3.70197407784051 ], [ 128.171227682817744, -3.701979456485619 ], [ 128.171152224333866, -3.702073582769747 ], [ 128.170681507124982, -3.702442019842814 ], [ 128.170434470421839, -3.702594414694396 ], [ 128.170575505921448, -3.702748602399889 ], [ 128.170520708689111, -3.702831971322489 ], [ 128.170692286908405, -3.70300050202377 ], [ 128.170794694850798, -3.703100006837653 ], [ 128.170812661156475, -3.703115246312665 ], [ 128.170874644911095, -3.703178893529 ], [ 128.170906085946029, -3.703227301267936 ], [ 128.17094381518794, -3.703279294762365 ], [ 128.171029155139934, -3.703372524468865 ], [ 128.170995917474443, -3.703406589166867 ], [ 128.171092935525138, -3.703510576131608 ], [ 128.171171987270128, -3.703595737860876 ], [ 128.171262717113819, -3.703518644085258 ], [ 128.171028256824656, -3.703213854674053 ], [ 128.171248344069255, -3.703023809458654 ], [ 128.171150427703282, -3.702892929239422 ], [ 128.17137051494791, -3.70271991631718 ], [ 128.171460346476294, -3.702652683307186 ], [ 128.171753197258937, -3.702992434065395 ], [ 128.171733434322675, -3.703013052181091 ], [ 128.171923877162925, -3.703255090894649 ] ] ] } },
{ "type": "Feature", "properties": { "FID": 58, "Kode": "81711007-RT001-RW002", "Provinsi": "MALUKU", "Kota_Kab": "KOTA AMBON", "Kecamatan": "Nusaniwe", "Kelurahan": "Wainitu", "Kode_RTRW": "81711007-RT001-RW002", "A1": " ", "k1_a_p": 5.41, "k1_b_p": 0, "k1_c_p": 13.51, "k1_p": 0.0, "A2": " ", "k2_a_p": 0.0, "k2_b_p": 71.02, "k2_p": 35.51, "A3": " ", "k3_a_p": 26.8, "k3_b_p": 26.8, "k3_p": 26.8, "A4": " ", "k4_a_p": 32.66, "k4_b_p": 0.0, "k4_c_p": 0.0, "k4_d_p": 0.0, "k4_e_p": 0.0, "k4_p": 6.532, "A5": " ", "k5_a_p": 0.0, "k5_b_p": 0.0, "k5_p": 0.0, "A6": " ", "k6_a_p": 100, "k6_b_p": 100.0, "k6_c_p": 100, "k6_p": 100.0, "A7": " ", "k7_a_p": 100, "k7_b_p": 100, "k7_p": 100, "A8": " ", "Sumber": "Data SIM KOTAKU, 25-11-2020", "city": "ambon", "source_layer": "Profil Kumuh Basis", "role": "profil" }, "geometry": { "type": "Polygon", "coordinates": [ [ [ 128.173582167177415, -3.701887123073373 ], [ 128.173746558874399, -3.70178672168214 ], [ 128.173862441546049, -3.701736520982256 ], [ 128.174204699669303, -3.70158771174802 ], [ 128.174247818802968, -3.701574265129237 ], [ 128.174312497503394, -3.70155364698004 ], [ 128.174074443953117, -3.701185209537372 ], [ 128.173549827827202, -3.701420973660679 ], [ 128.173349503518835, -3.701038193094111 ], [ 128.173396215913584, -3.700976338607642 ], [ 128.173349503518835, -3.700900141045908 ], [ 128.173130314589514, -3.700706509565423 ], [ 128.173076415672455, -3.700671548321379 ], [ 128.173078212303011, -3.700630311980479 ], [ 128.173021618440117, -3.700632104864906 ], [ 128.172917413867168, -3.700627622653831 ], [ 128.172893159354459, -3.700624933327176 ], [ 128.172834768861009, -3.700679616300896 ], [ 128.172813209294219, -3.700684098511707 ], [ 128.172607495094155, -3.700891176626449 ], [ 128.172143964407553, -3.701364497849785 ], [ 128.172091862121079, -3.701422766543506 ], [ 128.172030776681737, -3.701505239149604 ], [ 128.171902317596107, -3.701679148750332 ], [ 128.172150252614529, -3.701867401372422 ], [ 128.172282304961271, -3.701703352661128 ], [ 128.172365848282709, -3.701622672955901 ], [ 128.172408967416374, -3.701645980427055 ], [ 128.172579647320333, -3.701870987136264 ], [ 128.172679360316863, -3.702011728355589 ], [ 128.172732360918644, -3.702064618362165 ], [ 128.172815904240053, -3.702031450053326 ], [ 128.172841955383291, -3.702063721921403 ], [ 128.17288417620162, -3.702130954976117 ], [ 128.172965922892502, -3.702066411243689 ], [ 128.17308270387943, -3.70197407784051 ], [ 128.173229129270766, -3.702156055315235 ], [ 128.173487844072582, -3.701944495291823 ], [ 128.173582167177415, -3.701887123073373 ] ] ] } },
{ "type": "Feature", "properties": { "FID": 59, "Kode": "81711007-RT002-RW001", "Provinsi": "MALUKU", "Kota_Kab": "KOTA AMBON", "Kecamatan": "Nusaniwe", "Kelurahan": "Wainitu", "Kode_RTRW": "81711007-RT002-RW001", "A1": " ", "k1_a_p": 33.73, "k1_b_p": 0, "k1_c_p": 10.84, "k1_p": 11.2433, "A2": " ", "k2_a_p": 0.0, "k2_b_p": 55.0, "k2_p": 27.5, "A3": " ", "k3_a_p": 72.28, "k3_b_p": 72.28, "k3_p": 72.28, "A4": " ", "k4_a_p": 0.0, "k4_b_p": 0.0, "k4_c_p": 0.0, "k4_d_p": 50.11, "k4_e_p": 80.0, "k4_p": 26.022, "A5": " ", "k5_a_p": 6.93, "k5_b_p": 25.74, "k5_p": 12.87, "A6": " ", "k6_a_p": 100, "k6_b_p": 0.0, "k6_c_p": 100, "k6_p": 66.6667, "A7": " ", "k7_a_p": 100, "k7_b_p": 100, "k7_p": 100, "A8": " ", "Sumber": "Data SIM KOTAKU, 25-11-2020", "city": "ambon", "source_layer": "Profil Kumuh Basis", "role": "profil" }, "geometry": { "type": "Polygon", "coordinates": [ [ [ 128.174312497503394, -3.70155364698004 ], [ 128.174286446360156, -3.701561714951523 ], [ 128.174247818802968, -3.701574265129237 ], [ 128.174204699669303, -3.70158771174802 ], [ 128.173862441546049, -3.701736520982256 ], [ 128.173746558874399, -3.70178672168214 ], [ 128.173582167177415, -3.701887123073373 ], [ 128.173649540823732, -3.702000074624903 ], [ 128.173685473435086, -3.702069100565967 ], [ 128.173719609415855, -3.702131851416812 ], [ 128.173872323014166, -3.702381061894837 ], [ 128.174017850090195, -3.702643718905468 ], [ 128.174080732160093, -3.702755773920421 ], [ 128.174169665373228, -3.702913547357434 ], [ 128.174194818201187, -3.702959265791314 ], [ 128.174224462605537, -3.703012155741288 ], [ 128.174295429512995, -3.703139450184204 ], [ 128.174311599188115, -3.703168136253321 ], [ 128.174383464410852, -3.703385074620913 ], [ 128.174648467419672, -3.70330080931089 ], [ 128.174673620247631, -3.703293637794772 ], [ 128.174694281499143, -3.703288259157647 ], [ 128.174693383183865, -3.703285569839073 ], [ 128.174689789922724, -3.703117039192061 ], [ 128.174735604002223, -3.70296643731014 ], [ 128.174864961403131, -3.702772806281453 ], [ 128.174938623256423, -3.702617722139973 ], [ 128.174950301355125, -3.702519113712187 ], [ 128.174858673196155, -3.702221495481733 ], [ 128.174855079935014, -3.702109440399164 ], [ 128.174870351294857, -3.701873676459136 ], [ 128.174883826024114, -3.701562611392794 ], [ 128.174859571511433, -3.701406630597937 ], [ 128.174540669585554, -3.701481035233393 ], [ 128.174312497503394, -3.70155364698004 ] ] ] } },
{ "type": "Feature", "properties": { "FID": 60, "Kode": "81712016-RT002-RW004", "Provinsi": "MALUKU", "Kota_Kab": "KOTA AMBON", "Kecamatan": "Sirimau", "Kelurahan": "Batu Merah", "Kode_RTRW": "81712016-RT002-RW004", "A1": " ", "k1_a_p": 70.59, "k1_b_p": 0, "k1_c_p": 11.76, "k1_p": 23.53, "A2": " ", "k2_a_p": 0.0, "k2_b_p": 37.25, "k2_p": 18.625, "A3": " ", "k3_a_p": 43.9, "k3_b_p": 3.66, "k3_p": 21.95, "A4": " ", "k4_a_p": 0.0, "k4_b_p": 0.0, "k4_c_p": 0.0, "k4_d_p": 72.65, "k4_e_p": 59.15, "k4_p": 26.36, "A5": " ", "k5_a_p": 0.0, "k5_b_p": 19.51, "k5_p": 0.0, "A6": " ", "k6_a_p": 100, "k6_b_p": 75.61, "k6_c_p": 100, "k6_p": 91.87, "A7": " ", "k7_a_p": 100, "k7_b_p": 100, "k7_p": 100, "A8": " ", "Sumber": "Data SIM KOTAKU, 25-11-2020", "city": "ambon", "source_layer": "Profil Kumuh Basis", "role": "profil" }, "geometry": { "type": "Polygon", "coordinates": [ [ [ 128.189238904264357, -3.684608952057402 ], [ 128.189232616057353, -3.684558750386031 ], [ 128.189203869968253, -3.684418902857986 ], [ 128.189117631700981, -3.684423385150892 ], [ 128.189099665395275, -3.684220785488965 ], [ 128.189041274901825, -3.684074662695313 ], [ 128.189017918704451, -3.684007428272996 ], [ 128.188998155768189, -3.683950951354324 ], [ 128.188975697886065, -3.683857719607721 ], [ 128.188974799570786, -3.683832618751197 ], [ 128.18885262869216, -3.683847858557028 ], [ 128.188614575141884, -3.683857719607721 ], [ 128.188392691266671, -3.683830825832848 ], [ 128.188394487897256, -3.684054940598626 ], [ 128.188401674419538, -3.684205545689521 ], [ 128.188419640725215, -3.684289812812591 ], [ 128.188441200292033, -3.684449382449305 ], [ 128.188443895237896, -3.684556957469143 ], [ 128.188464556489407, -3.684657360809257 ], [ 128.188545404864982, -3.684824102045484 ], [ 128.188720576345389, -3.684774796844478 ], [ 128.188996359137604, -3.684695908517184 ], [ 128.189238904264357, -3.684608952057402 ] ] ] } },
{ "type": "Feature", "properties": { "FID": 61, "Kode": "81712016-RT003-RW004", "Provinsi": "MALUKU", "Kota_Kab": "KOTA AMBON", "Kecamatan": "Sirimau", "Kelurahan": "Batu Merah", "Kode_RTRW": "81712016-RT003-RW004", "A1": " ", "k1_a_p": 100.0, "k1_b_p": 0, "k1_c_p": 0.0, "k1_p": 33.3333, "A2": " ", "k2_a_p": 0.0, "k2_b_p": 32.17, "k2_p": 16.085, "A3": " ", "k3_a_p": 81.63, "k3_b_p": 0.0, "k3_p": 40.815, "A4": " ", "k4_a_p": 0.0, "k4_b_p": 0.0, "k4_c_p": 0.0, "k4_d_p": 100.0, "k4_e_p": 84.62, "k4_p": 36.924, "A5": " ", "k5_a_p": 0.0, "k5_b_p": 0.0, "k5_p": 0.0, "A6": " ", "k6_a_p": 100, "k6_b_p": 0.0, "k6_c_p": 100, "k6_p": 66.6667, "A7": " ", "k7_a_p": 100, "k7_b_p": 100, "k7_p": 100, "A8": " ", "Sumber": "Data SIM KOTAKU, 25-11-2020", "city": "ambon", "source_layer": "Profil Kumuh Basis", "role": "profil" }, "geometry": { "type": "Polygon", "coordinates": [ [ [ 128.18994318344707, -3.684426074526626 ], [ 128.189856945179798, -3.684205545689521 ], [ 128.189769808597248, -3.68413562190049 ], [ 128.189668298970133, -3.684107831675119 ], [ 128.189644942772759, -3.684162515666152 ], [ 128.189557806190209, -3.684143690030275 ], [ 128.189569484288882, -3.68409976354501 ], [ 128.189519178632963, -3.684095281250473 ], [ 128.189521873578826, -3.683997567223963 ], [ 128.18949133085917, -3.68397156991235 ], [ 128.18948683928275, -3.683814689567534 ], [ 128.189431143735135, -3.683826343536956 ], [ 128.18925058236303, -3.683814689567534 ], [ 128.189160750834617, -3.683809310812363 ], [ 128.188974799570786, -3.683832618751197 ], [ 128.188975697886065, -3.683857719607721 ], [ 128.188998155768189, -3.683950951354324 ], [ 128.189017918704451, -3.684007428272996 ], [ 128.189041274901825, -3.684074662695313 ], [ 128.189099665395275, -3.684220785488965 ], [ 128.189117631700981, -3.684423385150892 ], [ 128.189203869968253, -3.684418902857986 ], [ 128.189232616057353, -3.684558750386031 ], [ 128.189238904264357, -3.684608952057402 ], [ 128.189413177429429, -3.684515720379742 ], [ 128.189634162989364, -3.684460139951874 ], [ 128.18994318344707, -3.684426074526626 ] ] ] } },
{ "type": "Feature", "properties": { "FID": 62, "Kode": "81712016-RT002-RW003", "Provinsi": "MALUKU", "Kota_Kab": "KOTA AMBON", "Kecamatan": "Sirimau", "Kelurahan": "Batu Merah", "Kode_RTRW": "81712016-RT002-RW003", "A1": " ", "k1_a_p": 0.0, "k1_b_p": 0, "k1_c_p": 8.77, "k1_p": 0.0, "A2": " ", "k2_a_p": 0.0, "k2_b_p": 34.6, "k2_p": 17.3, "A3": " ", "k3_a_p": 55.43, "k3_b_p": 100.0, "k3_p": 77.715, "A4": " ", "k4_a_p": 1.78, "k4_b_p": 10.0, "k4_c_p": 0.0, "k4_d_p": 90.0, "k4_e_p": 42.0, "k4_p": 26.4, "A5": " ", "k5_a_p": 29.35, "k5_b_p": 0.0, "k5_p": 14.675, "A6": " ", "k6_a_p": 0, "k6_b_p": 34.78, "k6_c_p": 100, "k6_p": 44.9267, "A7": " ", "k7_a_p": 100, "k7_b_p": 100, "k7_p": 100, "A8": " ", "Sumber": "Data SIM KOTAKU, 25-11-2020", "city": "ambon", "source_layer": "Profil Kumuh Basis", "role": "profil" }, "geometry": { "type": "Polygon", "coordinates": [ [ [ 128.18821841810157, -3.685035666149697 ], [ 128.18817709559849, -3.684958570761614 ], [ 128.188148349509419, -3.6849370557684 ], [ 128.188027076946071, -3.684623295391559 ], [ 128.188007314009809, -3.684694115600573 ], [ 128.187981262866543, -3.684785554343113 ], [ 128.187922872373093, -3.685087660709979 ], [ 128.187806091386165, -3.685680219190933 ], [ 128.187806091386165, -3.685690080221317 ], [ 128.187928262264819, -3.685684701477486 ], [ 128.188113315213343, -3.685669461703117 ], [ 128.188335199088499, -3.685676633361676 ], [ 128.18840886094182, -3.68563181049474 ], [ 128.188478031218665, -3.685599538029146 ], [ 128.18847982784925, -3.685543957668991 ], [ 128.188581337476336, -3.685548439956229 ], [ 128.188665779113052, -3.685541268296637 ], [ 128.188734051074647, -3.685548439956229 ], [ 128.188811306189081, -3.685504513540323 ], [ 128.188757407272021, -3.685366459076209 ], [ 128.18877447526242, -3.685337772431625 ], [ 128.188812204504387, -3.685128001315001 ], [ 128.188804119666798, -3.685029390943939 ], [ 128.188751119065046, -3.684978292838271 ], [ 128.188577744215195, -3.685061663430217 ], [ 128.188425030616912, -3.685194339194837 ], [ 128.188301961423008, -3.685217647097389 ], [ 128.18821841810157, -3.685035666149697 ] ] ] } },
{ "type": "Feature", "properties": { "FID": 63, "Kode": "81712016-RT001-RW003", "Provinsi": "MALUKU", "Kota_Kab": "KOTA AMBON", "Kecamatan": "Sirimau", "Kelurahan": "Batu Merah", "Kode_RTRW": "81712016-RT001-RW003", "A1": " ", "k1_a_p": 41.67, "k1_b_p": 0, "k1_c_p": 0.0, "k1_p": 13.89, "A2": " ", "k2_a_p": 0.0, "k2_b_p": 48.89, "k2_p": 24.445, "A3": " ", "k3_a_p": 81.51, "k3_b_p": 0.0, "k3_p": 40.755, "A4": " ", "k4_a_p": 0.0, "k4_b_p": 42.74, "k4_c_p": 0.0, "k4_d_p": 57.26, "k4_e_p": 27.35, "k4_p": 25.47, "A5": " ", "k5_a_p": 17.65, "k5_b_p": 54.62, "k5_p": 27.31, "A6": " ", "k6_a_p": 100, "k6_b_p": 98.32, "k6_c_p": 100, "k6_p": 99.44, "A7": " ", "k7_a_p": 0, "k7_b_p": 100, "k7_p": 50, "A8": " ", "Sumber": "Data SIM KOTAKU, 25-11-2020", "city": "ambon", "source_layer": "Profil Kumuh Basis", "role": "profil" }, "geometry": { "type": "Polygon", "coordinates": [ [ [ 128.190003370571105, -3.68459102288938 ], [ 128.189725791148305, -3.684587437055732 ], [ 128.189714113049604, -3.684890439947983 ], [ 128.189169733987455, -3.68499711845649 ], [ 128.188940663590017, -3.684944227432863 ], [ 128.188768187055445, -3.684889543489874 ], [ 128.188751119065046, -3.684978292838271 ], [ 128.188804119666798, -3.685029390943939 ], [ 128.188812204504387, -3.685128001315001 ], [ 128.18877447526242, -3.685337772431625 ], [ 128.188757407272021, -3.685366459076209 ], [ 128.188811306189081, -3.685504513540323 ], [ 128.188846340485156, -3.685566369104955 ], [ 128.188895747825768, -3.685697251879709 ], [ 128.188916409077336, -3.685687390849405 ], [ 128.189375448187519, -3.685516167487611 ], [ 128.189887487899455, -3.685362873245686 ], [ 128.190090507153684, -3.68526426290066 ], [ 128.189957556491635, -3.68494602034897 ], [ 128.189991692472404, -3.684793622467003 ], [ 128.190003370571105, -3.68459102288938 ] ] ] } },
{ "type": "Feature", "properties": { "FID": 64, "Kode": "81712016-RT001-RW001", "Provinsi": "MALUKU", "Kota_Kab": "KOTA AMBON", "Kecamatan": "Sirimau", "Kelurahan": "Batu Merah", "Kode_RTRW": "81712016-RT001-RW001", "A1": " ", "k1_a_p": 68.12, "k1_b_p": 0, "k1_c_p": 4.35, "k1_p": 22.7067, "A2": " ", "k2_a_p": 0.0, "k2_b_p": 39.8, "k2_p": 19.9, "A3": " ", "k3_a_p": 100.0, "k3_b_p": 0.0, "k3_p": 50.0, "A4": " ", "k4_a_p": 0.0, "k4_b_p": 30.0, "k4_c_p": 10.0, "k4_d_p": 30.0, "k4_e_p": 30.0, "k4_p": 18.0, "A5": " ", "k5_a_p": 15.89, "k5_b_p": 0.0, "k5_p": 0.0, "A6": " ", "k6_a_p": 0, "k6_b_p": 0.0, "k6_c_p": 100, "k6_p": 33.3333, "A7": " ", "k7_a_p": 100, "k7_b_p": 100, "k7_p": 100, "A8": " ", "Sumber": "Data SIM KOTAKU, 25-11-2020", "city": "ambon", "source_layer": "Profil Kumuh Basis", "role": "profil" }, "geometry": { "type": "Polygon", "coordinates": [ [ [ 128.187776446981758, -3.686138308759672 ], [ 128.187654276103132, -3.686109622139982 ], [ 128.187156609435732, -3.685989496909986 ], [ 128.187064082961484, -3.68597156776979 ], [ 128.186910471047895, -3.685948259886993 ], [ 128.186799079952664, -3.686484341036766 ], [ 128.186778418701124, -3.686559643379746 ], [ 128.186519703899279, -3.686553368184741 ], [ 128.186384956606673, -3.686532749686557 ], [ 128.186349922310598, -3.68660088037439 ], [ 128.186225056486109, -3.6865793654209 ], [ 128.186207090180432, -3.686622395327359 ], [ 128.186119055282575, -3.68660625911268 ], [ 128.186070546257241, -3.686750588578002 ], [ 128.186037308591722, -3.687027593511035 ], [ 128.186022037231879, -3.687112756822616 ], [ 128.186270870565608, -3.687103792263887 ], [ 128.186758655764891, -3.687031179334844 ], [ 128.187741412685682, -3.68688595345897 ], [ 128.187746802577408, -3.686602673287157 ], [ 128.187776446981758, -3.686138308759672 ] ] ] } },
{ "type": "Feature", "properties": { "FID": 65, "Kode": "81712016-RT003-RW001", "Provinsi": "MALUKU", "Kota_Kab": "KOTA AMBON", "Kecamatan": "Sirimau", "Kelurahan": "Batu Merah", "Kode_RTRW": "81712016-RT003-RW001", "A1": " ", "k1_a_p": 100.0, "k1_b_p": 0, "k1_c_p": 57.14, "k1_p": 52.38, "A2": " ", "k2_a_p": 4.44, "k2_b_p": 14.44, "k2_p": 0.0, "A3": " ", "k3_a_p": 96.3, "k3_b_p": 0.0, "k3_p": 48.15, "A4": " ", "k4_a_p": 0.0, "k4_b_p": 26.83, "k4_c_p": 7.32, "k4_d_p": 73.17, "k4_e_p": 0.0, "k4_p": 20.0, "A5": " ", "k5_a_p": 33.33, "k5_b_p": 0.0, "k5_p": 16.665, "A6": " ", "k6_a_p": 0, "k6_b_p": 0.0, "k6_c_p": 100, "k6_p": 33.3333, "A7": " ", "k7_a_p": 100, "k7_b_p": 100, "k7_p": 100, "A8": " ", "Sumber": "Data SIM KOTAKU, 25-11-2020", "city": "ambon", "source_layer": "Profil Kumuh Basis", "role": "profil" }, "geometry": { "type": "Polygon", "coordinates": [ [ [ 128.186509822431162, -3.685839788578251 ], [ 128.186546653357823, -3.685758210973705 ], [ 128.186159479470376, -3.685580712423676 ], [ 128.18603012206944, -3.685516167487611 ], [ 128.185748051070249, -3.68609976111425 ], [ 128.185484844691985, -3.686641220910778 ], [ 128.185403098001132, -3.6868079617751 ], [ 128.185430945774954, -3.686823201529958 ], [ 128.186013054079041, -3.687113653278484 ], [ 128.186022037231879, -3.687112756822616 ], [ 128.186037308591722, -3.687027593511035 ], [ 128.186070546257241, -3.686750588578002 ], [ 128.186119055282575, -3.68660625911268 ], [ 128.186207090180432, -3.686622395327359 ], [ 128.186225056486109, -3.6865793654209 ], [ 128.186349922310598, -3.68660088037439 ], [ 128.186410109434632, -3.686483444580263 ], [ 128.186313989699215, -3.686426071362226 ], [ 128.186285243610143, -3.686399177664998 ], [ 128.186426279109725, -3.686093485916002 ], [ 128.186509822431162, -3.685839788578251 ] ] ] } },
{ "type": "Feature", "properties": { "FID": 66, "Kode": "81712016-RT001-RW002", "Provinsi": "MALUKU", "Kota_Kab": "KOTA AMBON", "Kecamatan": "Sirimau", "Kelurahan": "Batu Merah", "Kode_RTRW": "81712016-RT001-RW002", "A1": " ", "k1_a_p": 0.0, "k1_b_p": 100, "k1_c_p": 25.0, "k1_p": 41.6667, "A2": " ", "k2_a_p": 0.0, "k2_b_p": 20.0, "k2_p": 0.0, "A3": " ", "k3_a_p": 100.0, "k3_b_p": 100.0, "k3_p": 100.0, "A4": " ", "k4_a_p": 0.0, "k4_b_p": 40.0, "k4_c_p": 20.0, "k4_d_p": 43.0, "k4_e_p": 0.0, "k4_p": 16.6, "A5": " ", "k5_a_p": 0.0, "k5_b_p": 0.0, "k5_p": 0.0, "A6": " ", "k6_a_p": 100, "k6_b_p": 0.0, "k6_c_p": 100, "k6_p": 66.6667, "A7": " ", "k7_a_p": 0, "k7_b_p": 100, "k7_p": 50, "A8": " ", "Sumber": "Data SIM KOTAKU, 25-11-2020", "city": "ambon", "source_layer": "Profil Kumuh Basis", "role": "profil" }, "geometry": { "type": "Polygon", "coordinates": [ [ [ 128.186704756847831, -3.685356598042237 ], [ 128.186635586570929, -3.685519753317516 ], [ 128.186144208110534, -3.685302810582291 ], [ 128.18603012206944, -3.685516167487611 ], [ 128.186159479470376, -3.685580712423676 ], [ 128.186546653357823, -3.685758210973705 ], [ 128.186509822431162, -3.685839788578251 ], [ 128.186907776102061, -3.685962603199555 ], [ 128.186910471047895, -3.685948259886993 ], [ 128.187064082961484, -3.68597156776979 ], [ 128.187156609435732, -3.685989496909986 ], [ 128.187654276103132, -3.686109622139982 ], [ 128.187776446981758, -3.686138308759672 ], [ 128.187806091386165, -3.685680219190933 ], [ 128.187835735790543, -3.685530510807141 ], [ 128.187515935549385, -3.685513478115173 ], [ 128.187029048665408, -3.685452519004405 ], [ 128.186704756847831, -3.685356598042237 ] ] ] } },
{ "type": "Feature", "properties": { "FID": 67, "Kode": "81712016-RT004-RW001", "Provinsi": "MALUKU", "Kota_Kab": "KOTA AMBON", "Kecamatan": "Sirimau", "Kelurahan": "Batu Merah", "Kode_RTRW": "81712016-RT004-RW001", "A1": " ", "k1_a_p": 6.67, "k1_b_p": 0, "k1_c_p": 13.33, "k1_p": 0.0, "A2": " ", "k2_a_p": 0.0, "k2_b_p": 1.05, "k2_p": 0.0, "A3": " ", "k3_a_p": 100.0, "k3_b_p": 100.0, "k3_p": 100.0, "A4": " ", "k4_a_p": 57.44, "k4_b_p": 41.46, "k4_c_p": 12.2, "k4_d_p": 46.34, "k4_e_p": 0.0, "k4_p": 29.048, "A5": " ", "k5_a_p": 42.07, "k5_b_p": 0.0, "k5_p": 21.035, "A6": " ", "k6_a_p": 0, "k6_b_p": 0.0, "k6_c_p": 100, "k6_p": 33.3333, "A7": " ", "k7_a_p": 0, "k7_b_p": 100, "k7_p": 50, "A8": " ", "Sumber": "Data SIM KOTAKU, 25-11-2020", "city": "ambon", "source_layer": "Profil Kumuh Basis", "role": "profil" }, "geometry": { "type": "Polygon", "coordinates": [ [ [ 128.186163971046795, -3.685266055816122 ], [ 128.185439928927792, -3.684923608897377 ], [ 128.185350097399379, -3.684897611612821 ], [ 128.185297096797598, -3.684852788706631 ], [ 128.185104857326792, -3.68509124654161 ], [ 128.184854227362536, -3.685466862324961 ], [ 128.184818294751182, -3.685541268296637 ], [ 128.184861413884818, -3.685556508073201 ], [ 128.184774277302267, -3.685715181025435 ], [ 128.184734751429772, -3.685698148337003 ], [ 128.184675462621016, -3.685776140118202 ], [ 128.184709598601813, -3.685808412577388 ], [ 128.184637733379077, -3.685907022862088 ], [ 128.184624258649819, -3.685920469718244 ], [ 128.184529037229709, -3.685867578749521 ], [ 128.184401476459357, -3.686027148103224 ], [ 128.184561376579921, -3.68616340955114 ], [ 128.18453263049085, -3.686231540267269 ], [ 128.184559579949365, -3.686253055229173 ], [ 128.184561376579921, -3.686254848142641 ], [ 128.184529037229709, -3.686300567434867 ], [ 128.184507477662891, -3.686330150505055 ], [ 128.184509274293447, -3.686331046961711 ], [ 128.185403098001132, -3.6868079617751 ], [ 128.185484844691985, -3.686641220910778 ], [ 128.185748051070249, -3.68609976111425 ], [ 128.18603012206944, -3.685516167487611 ], [ 128.186144208110534, -3.685302810582291 ], [ 128.186163971046795, -3.685266055816122 ] ] ] } },
{ "type": "Feature", "properties": { "FID": 68, "Kode": "81712016-RT002-RW002", "Provinsi": "MALUKU", "Kota_Kab": "KOTA AMBON", "Kecamatan": "Sirimau", "Kelurahan": "Batu Merah", "Kode_RTRW": "81712016-RT002-RW002", "A1": " ", "k1_a_p": 0.0, "k1_b_p": 0, "k1_c_p": 33.33, "k1_p": 11.11, "A2": " ", "k2_a_p": 0.0, "k2_b_p": 44.59, "k2_p": 22.295, "A3": " ", "k3_a_p": 24.32, "k3_b_p": 100.0, "k3_p": 50.0, "A4": " ", "k4_a_p": 0.0, "k4_b_p": 8.16, "k4_c_p": 0.0, "k4_d_p": 75.51, "k4_e_p": 0.0, "k4_p": 15.102, "A5": " ", "k5_a_p": 0.9, "k5_b_p": 0.9, "k5_p": 0.0, "A6": " ", "k6_a_p": 0, "k6_b_p": 0.0, "k6_c_p": 100, "k6_p": 33.3333, "A7": " ", "k7_a_p": 100, "k7_b_p": 100, "k7_p": 100, "A8": " ", "Sumber": "Data SIM KOTAKU, 25-11-2020", "city": "ambon", "source_layer": "Profil Kumuh Basis", "role": "profil" }, "geometry": { "type": "Polygon", "coordinates": [ [ [ 128.186163971046795, -3.685266055816122 ], [ 128.186144208110534, -3.685302810582291 ], [ 128.186635586570929, -3.685519753317516 ], [ 128.186704756847831, -3.685356598042237 ], [ 128.187029048665408, -3.685452519004405 ], [ 128.187515935549385, -3.685513478115173 ], [ 128.187835735790543, -3.685530510807141 ], [ 128.187922872373093, -3.685087660709979 ], [ 128.187613851915359, -3.685000704288487 ], [ 128.187382086572057, -3.684875200160009 ], [ 128.187305729772902, -3.684793622467003 ], [ 128.187277881999108, -3.684713837683092 ], [ 128.187288661782503, -3.68460805559901 ], [ 128.186965268280233, -3.684514823921255 ], [ 128.186621213526394, -3.684365115341347 ], [ 128.18648556791851, -3.684635845808757 ], [ 128.186163971046795, -3.685266055816122 ] ] ] } },
{ "type": "Feature", "properties": { "FID": 69, "Kode": "81712016-RT003-RW002", "Provinsi": "MALUKU", "Kota_Kab": "KOTA AMBON", "Kecamatan": "Sirimau", "Kelurahan": "Batu Merah", "Kode_RTRW": "81712016-RT003-RW002", "A1": " ", "k1_a_p": 1.89, "k1_b_p": 0, "k1_c_p": 18.87, "k1_p": 0.0, "A2": " ", "k2_a_p": 0.0, "k2_b_p": 21.51, "k2_p": 0.0, "A3": " ", "k3_a_p": 65.45, "k3_b_p": 100.0, "k3_p": 82.725, "A4": " ", "k4_a_p": 0.0, "k4_b_p": 50.0, "k4_c_p": 0.0, "k4_d_p": 0.0, "k4_e_p": 0.0, "k4_p": 10.0, "A5": " ", "k5_a_p": 3.64, "k5_b_p": 3.64, "k5_p": 0.0, "A6": " ", "k6_a_p": 100, "k6_b_p": 0.0, "k6_c_p": 100, "k6_p": 66.6667, "A7": " ", "k7_a_p": 100, "k7_b_p": 100, "k7_p": 100, "A8": " ", "Sumber": "Data SIM KOTAKU, 25-11-2020", "city": "ambon", "source_layer": "Profil Kumuh Basis", "role": "profil" }, "geometry": { "type": "Polygon", "coordinates": [ [ [ 128.186621213526394, -3.684365115341347 ], [ 128.186965268280233, -3.684514823921255 ], [ 128.187288661782503, -3.68460805559901 ], [ 128.187277881999108, -3.684713837683092 ], [ 128.187305729772902, -3.684793622467003 ], [ 128.187382086572057, -3.684875200160009 ], [ 128.187613851915359, -3.685000704288487 ], [ 128.187922872373093, -3.685087660709979 ], [ 128.187981262866543, -3.684785554343113 ], [ 128.188239977668388, -3.683860408985163 ], [ 128.188260638919928, -3.683814689567534 ], [ 128.188293876585419, -3.683740283451465 ], [ 128.188075585971404, -3.68362464019848 ], [ 128.187908499328557, -3.683391560728198 ], [ 128.187881549870013, -3.683290260785546 ], [ 128.187833939159958, -3.683211372326646 ], [ 128.187755785730246, -3.683189857291187 ], [ 128.187665954201805, -3.683170135174891 ], [ 128.187524020386945, -3.683138759079887 ], [ 128.187439578750229, -3.683437280167567 ], [ 128.187373103419219, -3.683578920768738 ], [ 128.187299441565926, -3.683630915414144 ], [ 128.187201525199953, -3.683623743739097 ], [ 128.187073066114323, -3.683619261442163 ], [ 128.186996709315167, -3.683656912735709 ], [ 128.186915860939592, -3.683774348902967 ], [ 128.186621213526394, -3.684365115341347 ] ] ] } },
{ "type": "Feature", "properties": { "FID": 70, "Kode": "81712016-RT002-RW010", "Provinsi": "MALUKU", "Kota_Kab": "KOTA AMBON", "Kecamatan": "Sirimau", "Kelurahan": "Batu Merah", "Kode_RTRW": "81712016-RT002-RW010", "A1": " ", "k1_a_p": 45.33, "k1_b_p": 0, "k1_c_p": 74.67, "k1_p": 40.0, "A2": " ", "k2_a_p": 0.0, "k2_b_p": 42.07, "k2_p": 21.035, "A3": " ", "k3_a_p": 100.0, "k3_b_p": 100.0, "k3_p": 100.0, "A4": " ", "k4_a_p": 43.86, "k4_b_p": 0.0, "k4_c_p": 0.0, "k4_d_p": 100.0, "k4_e_p": 50.0, "k4_p": 38.772, "A5": " ", "k5_a_p": 0.78, "k5_b_p": 2.33, "k5_p": 0.0, "A6": " ", "k6_a_p": 100, "k6_b_p": 100.0, "k6_c_p": 100, "k6_p": 100.0, "A7": " ", "k7_a_p": 0, "k7_b_p": 100, "k7_p": 50, "A8": " ", "Sumber": "Data SIM KOTAKU, 25-11-2020", "city": "ambon", "source_layer": "Profil Kumuh Basis", "role": "profil" }, "geometry": { "type": "Polygon", "coordinates": [ [ [ 128.187524020386945, -3.683138759079887 ], [ 128.187606665393076, -3.682845616653112 ], [ 128.187669547462946, -3.682407247522864 ], [ 128.187752192469105, -3.681950948955552 ], [ 128.187790820026351, -3.681764485033628 ], [ 128.187808786332027, -3.681440862461054 ], [ 128.187660564310107, -3.681414865074775 ], [ 128.187679428931091, -3.681444448307378 ], [ 128.187679428931091, -3.681541266152665 ], [ 128.18765517441841, -3.681526026307346 ], [ 128.187630021590451, -3.681556505997723 ], [ 128.187641699689152, -3.68161477599113 ], [ 128.187660564310107, -3.681655116753562 ], [ 128.187651581157269, -3.681726833660039 ], [ 128.187556359737158, -3.681690975207523 ], [ 128.187510545657688, -3.681876542683698 ], [ 128.187440477065508, -3.681939294961576 ], [ 128.1871772706873, -3.682051352589645 ], [ 128.187082947582468, -3.68216341020361 ], [ 128.187050608232198, -3.682297879321752 ], [ 128.186972454802515, -3.682535441380831 ], [ 128.186919454200734, -3.682550681208873 ], [ 128.186894301372803, -3.682510340487018 ], [ 128.186847588977997, -3.682487928974087 ], [ 128.186797283322107, -3.682462828078934 ], [ 128.186727214729927, -3.682584746705904 ], [ 128.186755960819028, -3.682617019280837 ], [ 128.186729011360484, -3.682773003376516 ], [ 128.186728113045206, -3.682807965325247 ], [ 128.187524020386945, -3.683138759079887 ] ] ] } },
{ "type": "Feature", "properties": { "FID": 71, "Kode": "81712016-RT003-RW005", "Provinsi": "MALUKU", "Kota_Kab": "KOTA AMBON", "Kecamatan": "Sirimau", "Kelurahan": "Batu Merah", "Kode_RTRW": "81712016-RT003-RW005", "A1": " ", "k1_a_p": 63.83, "k1_b_p": 0, "k1_c_p": 17.02, "k1_p": 21.2767, "A2": " ", "k2_a_p": 0.0, "k2_b_p": 82.22, "k2_p": 41.11, "A3": " ", "k3_a_p": 100.0, "k3_b_p": 52.54, "k3_p": 76.27, "A4": " ", "k4_a_p": 0.0, "k4_b_p": 0.0, "k4_c_p": 0.0, "k4_d_p": 81.71, "k4_e_p": 0.0, "k4_p": 16.342, "A5": " ", "k5_a_p": 0.0, "k5_b_p": 0.0, "k5_p": 0.0, "A6": " ", "k6_a_p": 100, "k6_b_p": 0.0, "k6_c_p": 100, "k6_p": 66.6667, "A7": " ", "k7_a_p": 100, "k7_b_p": 100, "k7_p": 100, "A8": " ", "Sumber": "Data SIM KOTAKU, 25-11-2020", "city": "ambon", "source_layer": "Profil Kumuh Basis", "role": "profil" }, "geometry": { "type": "Polygon", "coordinates": [ [ [ 128.188137569725995, -3.682233334147579 ], [ 128.188063009557425, -3.682228851843643 ], [ 128.188056721350421, -3.682261124431478 ], [ 128.187948025201052, -3.682238712912272 ], [ 128.187949821831609, -3.682358838648618 ], [ 128.18796149993031, -3.682468206842241 ], [ 128.188001025802834, -3.68247717144768 ], [ 128.187986652758269, -3.68259729715185 ], [ 128.18797407634429, -3.682702183014623 ], [ 128.187948923516331, -3.682805275944623 ], [ 128.187923770688371, -3.682807965325247 ], [ 128.187868973456034, -3.682942434346028 ], [ 128.187810582962584, -3.683205097108023 ], [ 128.187833939159958, -3.683211372326646 ], [ 128.187881549870013, -3.683290260785546 ], [ 128.187908499328557, -3.683391560728198 ], [ 128.188075585971404, -3.68362464019848 ], [ 128.188293876585419, -3.683740283451465 ], [ 128.188354063709482, -3.683606711010627 ], [ 128.188457369967153, -3.683379906753081 ], [ 128.188796034829238, -3.682860856475844 ], [ 128.188504980677209, -3.682738937886689 ], [ 128.188269622072767, -3.682660049378926 ], [ 128.188273215333908, -3.682625087424386 ], [ 128.188225604623852, -3.682587436087192 ], [ 128.188219316416877, -3.682516615710539 ], [ 128.188212129894595, -3.682418005050115 ], [ 128.188141162987137, -3.682392007692366 ], [ 128.188135773095439, -3.682262917352989 ], [ 128.188137569725995, -3.682233334147579 ] ] ] } },
{ "type": "Feature", "properties": { "FID": 72, "Kode": "81712016-RT002-RW005", "Provinsi": "MALUKU", "Kota_Kab": "KOTA AMBON", "Kecamatan": "Sirimau", "Kelurahan": "Batu Merah", "Kode_RTRW": "81712016-RT002-RW005", "A1": " ", "k1_a_p": 0.0, "k1_b_p": 0, "k1_c_p": 6.25, "k1_p": 0.0, "A2": " ", "k2_a_p": 0.0, "k2_b_p": 0.0, "k2_p": 0.0, "A3": " ", "k3_a_p": 100.0, "k3_b_p": 67.86, "k3_p": 83.93, "A4": " ", "k4_a_p": 0.0, "k4_b_p": 0.0, "k4_c_p": 0.0, "k4_d_p": 100.0, "k4_e_p": 0.0, "k4_p": 20.0, "A5": " ", "k5_a_p": 0.0, "k5_b_p": 0.0, "k5_p": 0.0, "A6": " ", "k6_a_p": 100, "k6_b_p": 0.0, "k6_c_p": 100, "k6_p": 66.6667, "A7": " ", "k7_a_p": 100, "k7_b_p": 100, "k7_p": 100, "A8": " ", "Sumber": "Data SIM KOTAKU, 25-11-2020", "city": "ambon", "source_layer": "Profil Kumuh Basis", "role": "profil" }, "geometry": { "type": "Polygon", "coordinates": [ [ [ 128.189067326045063, -3.681858613460634 ], [ 128.188679253842309, -3.681700836282109 ], [ 128.188577744215195, -3.681667667212612 ], [ 128.188394487897256, -3.681590571532793 ], [ 128.188403471050123, -3.681560988305044 ], [ 128.188114213528621, -3.681445344768957 ], [ 128.187948025201052, -3.681537680306731 ], [ 128.187932753841238, -3.681585192764184 ], [ 128.188054026404586, -3.681735798272943 ], [ 128.188093552277081, -3.68191688343427 ], [ 128.188171705706793, -3.682030733987139 ], [ 128.188180688859632, -3.682169685429575 ], [ 128.188140264671858, -3.682184925263877 ], [ 128.188135773095439, -3.682262917352989 ], [ 128.188141162987137, -3.682392007692366 ], [ 128.188212129894595, -3.682418005050115 ], [ 128.188219316416877, -3.682516615710539 ], [ 128.188225604623852, -3.682587436087192 ], [ 128.188273215333908, -3.682625087424386 ], [ 128.188269622072767, -3.682660049378926 ], [ 128.188504980677209, -3.682738937886689 ], [ 128.188796034829238, -3.682860856475844 ], [ 128.189092478873022, -3.682407247522864 ], [ 128.189343108837306, -3.6819599135662 ], [ 128.189437431942139, -3.681791378870931 ], [ 128.189203869968253, -3.681702629204749 ], [ 128.189104156971695, -3.681872060377965 ], [ 128.189067326045063, -3.681858613460634 ] ] ] } },
{ "type": "Feature", "properties": { "FID": 73, "Kode": "81712016-RT001-RW005", "Provinsi": "MALUKU", "Kota_Kab": "KOTA AMBON", "Kecamatan": "Sirimau", "Kelurahan": "Batu Merah", "Kode_RTRW": "81712016-RT001-RW005", "A1": " ", "k1_a_p": 87.93, "k1_b_p": 0, "k1_c_p": 68.97, "k1_p": 52.3, "A2": " ", "k2_a_p": 0.0, "k2_b_p": 38.54, "k2_p": 19.27, "A3": " ", "k3_a_p": 0.0, "k3_b_p": 35.82, "k3_p": 17.91, "A4": " ", "k4_a_p": 0.0, "k4_b_p": 0.0, "k4_c_p": 0.0, "k4_d_p": 63.64, "k4_e_p": 63.64, "k4_p": 25.456, "A5": " ", "k5_a_p": 0.0, "k5_b_p": 0.0, "k5_p": 0.0, "A6": " ", "k6_a_p": 100, "k6_b_p": 0.0, "k6_c_p": 100, "k6_p": 66.6667, "A7": " ", "k7_a_p": 0, "k7_b_p": 100, "k7_p": 50, "A8": " ", "Sumber": "Data SIM KOTAKU, 25-11-2020", "city": "ambon", "source_layer": "Profil Kumuh Basis", "role": "profil" }, "geometry": { "type": "Polygon", "coordinates": [ [ [ 128.188114213528621, -3.681445344768957 ], [ 128.188403471050123, -3.681560988305044 ], [ 128.188394487897256, -3.681590571532793 ], [ 128.188577744215195, -3.681667667212612 ], [ 128.188679253842309, -3.681700836282109 ], [ 128.189067326045063, -3.681858613460634 ], [ 128.189104156971695, -3.681872060377965 ], [ 128.189203869968253, -3.681702629204749 ], [ 128.189437431942139, -3.681791378870931 ], [ 128.189594637116841, -3.681508993538738 ], [ 128.189925217141365, -3.680956773074783 ], [ 128.189381736394495, -3.680634046671085 ], [ 128.189267650353429, -3.680577569538414 ], [ 128.189133801376101, -3.680772101869201 ], [ 128.189016122073866, -3.680874298560516 ], [ 128.188854425322717, -3.680900295962577 ], [ 128.188685542049285, -3.680911053508036 ], [ 128.188611880196021, -3.680962151847186 ], [ 128.18850857393835, -3.681067934364535 ], [ 128.188451980075428, -3.681170131021904 ], [ 128.188409759257098, -3.681278602899789 ], [ 128.188410657572376, -3.681325218909368 ], [ 128.188374724960994, -3.681383488917908 ], [ 128.188352267078898, -3.681409486305105 ], [ 128.188282198486746, -3.681383488917908 ], [ 128.188194163588889, -3.681395142919159 ], [ 128.188114213528621, -3.681445344768957 ] ] ] } },
{ "type": "Feature", "properties": { "FID": 74, "Kode": "81712016-RT002-RW011", "Provinsi": "MALUKU", "Kota_Kab": "KOTA AMBON", "Kecamatan": "Sirimau", "Kelurahan": "Batu Merah", "Kode_RTRW": "81712016-RT002-RW011", "A1": " ", "k1_a_p": 43.18, "k1_b_p": 0, "k1_c_p": 0.0, "k1_p": 14.3933, "A2": " ", "k2_a_p": 0.0, "k2_b_p": 0.0, "k2_p": 0.0, "A3": " ", "k3_a_p": 0.0, "k3_b_p": 100.0, "k3_p": 50.0, "A4": " ", "k4_a_p": 0.0, "k4_b_p": 0.0, "k4_c_p": 0.0, "k4_d_p": 100.0, "k4_e_p": 75.0, "k4_p": 35.0, "A5": " ", "k5_a_p": 0.0, "k5_b_p": 0.0, "k5_p": 0.0, "A6": " ", "k6_a_p": 100, "k6_b_p": 100.0, "k6_c_p": 100, "k6_p": 100.0, "A7": " ", "k7_a_p": 100, "k7_b_p": 100, "k7_p": 100, "A8": " ", "Sumber": "Data SIM KOTAKU, 25-11-2020", "city": "ambon", "source_layer": "Profil Kumuh Basis", "role": "profil" }, "geometry": { "type": "Polygon", "coordinates": [ [ [ 128.189701536635653, -3.680078239812832 ], [ 128.189773401858389, -3.680097961997607 ], [ 128.189821012568416, -3.68008720444233 ], [ 128.189857843495076, -3.680004729847548 ], [ 128.18989377610643, -3.679852331119709 ], [ 128.189953064915215, -3.679769856503183 ], [ 128.189971929536171, -3.679716965169002 ], [ 128.190060862749306, -3.67955649822066 ], [ 128.190028523399064, -3.679530500779382 ], [ 128.190019540246226, -3.679518846753735 ], [ 128.190024930137923, -3.679467748331791 ], [ 128.19004648970477, -3.679390652461556 ], [ 128.190079727370261, -3.679395134779777 ], [ 128.190083320631402, -3.679387066606965 ], [ 128.190122846503897, -3.679301902556166 ], [ 128.190112066720474, -3.679206877395142 ], [ 128.190147999331884, -3.679114541615759 ], [ 128.190156982484723, -3.67905447853083 ], [ 128.190196508357218, -3.678990829585665 ], [ 128.190176745420956, -3.678920905387145 ], [ 128.190165067322255, -3.678896700855611 ], [ 128.19021267803231, -3.678742509009655 ], [ 128.190197406672496, -3.678717408008952 ], [ 128.190231542653265, -3.678622382785597 ], [ 128.190228847707431, -3.678591006530378 ], [ 128.190217169608729, -3.678577559563516 ], [ 128.190265678634091, -3.678447572206734 ], [ 128.190278255048071, -3.678371372712909 ], [ 128.190265678634091, -3.67832744594292 ], [ 128.190298916299611, -3.678040577187716 ], [ 128.190392341089137, -3.677893556914888 ], [ 128.19041120571012, -3.677870248820629 ], [ 128.19039054445858, -3.677811082117076 ], [ 128.190408510764257, -3.677795842207949 ], [ 128.190379764675185, -3.677754604805475 ], [ 128.190308797767727, -3.677746536617812 ], [ 128.190280051678627, -3.677678405252407 ], [ 128.190266576949369, -3.677586069314668 ], [ 128.190283644939768, -3.677562761212367 ], [ 128.190265678634091, -3.677483872246211 ], [ 128.190256695481253, -3.677389743357005 ], [ 128.190277356732793, -3.67716562691413 ], [ 128.190269271895232, -3.677061636865501 ], [ 128.190268373579954, -3.677016813564936 ], [ 128.190267475264648, -3.67699440191381 ], [ 128.190160575745836, -3.676979161990722 ], [ 128.190004268886383, -3.676956750338648 ], [ 128.189953963230494, -3.677214036070562 ], [ 128.189879403061894, -3.677434566638818 ], [ 128.189858741810383, -3.677497319229572 ], [ 128.189795859740485, -3.67760130922738 ], [ 128.189838080558843, -3.677891763984582 ], [ 128.189772503543082, -3.678190286830858 ], [ 128.189702434950931, -3.678330135337064 ], [ 128.189654824240876, -3.678461915640137 ], [ 128.189625179836497, -3.678812433222173 ], [ 128.189657519186738, -3.678929870028289 ], [ 128.189716807995467, -3.679025791682867 ], [ 128.189713214734326, -3.679148607244219 ], [ 128.189654824240876, -3.679247218266627 ], [ 128.189637756250477, -3.679309970729749 ], [ 128.189616196683659, -3.679503606873812 ], [ 128.189613501737796, -3.679647937490855 ], [ 128.189606315215514, -3.679814679665287 ], [ 128.189559602820765, -3.679962596084223 ], [ 128.189701536635653, -3.680078239812832 ] ] ] } },
{ "type": "Feature", "properties": { "FID": 75, "Kode": "81712016-RT003-RW003", "Provinsi": "MALUKU", "Kota_Kab": "KOTA AMBON", "Kecamatan": "Sirimau", "Kelurahan": "Batu Merah", "Kode_RTRW": "81712016-RT003-RW003", "A1": " ", "k1_a_p": 25.0, "k1_b_p": 0, "k1_c_p": 9.62, "k1_p": 8.33333, "A2": " ", "k2_a_p": 0.0, "k2_b_p": 7.69, "k2_p": 0.0, "A3": " ", "k3_a_p": 41.89, "k3_b_p": 59.46, "k3_p": 50.675, "A4": " ", "k4_a_p": 49.42, "k4_b_p": 28.41, "k4_c_p": 0.0, "k4_d_p": 71.59, "k4_e_p": 23.86, "k4_p": 29.884, "A5": " ", "k5_a_p": 28.38, "k5_b_p": 70.27, "k5_p": 49.325, "A6": " ", "k6_a_p": 0, "k6_b_p": 56.76, "k6_c_p": 100, "k6_p": 52.2533, "A7": " ", "k7_a_p": 100, "k7_b_p": 100, "k7_p": 100, "A8": " ", "Sumber": "Data SIM KOTAKU, 25-11-2020", "city": "ambon", "source_layer": "Profil Kumuh Basis", "role": "profil" }, "geometry": { "type": "Polygon", "coordinates": [ [ [ 128.188811306189081, -3.685504513540323 ], [ 128.188734051074647, -3.685548439956229 ], [ 128.188665779113052, -3.685541268296637 ], [ 128.188581337476336, -3.685548439956229 ], [ 128.18847982784925, -3.685543957668991 ], [ 128.188478031218665, -3.685599538029146 ], [ 128.18840886094182, -3.68563181049474 ], [ 128.188335199088499, -3.685676633361676 ], [ 128.188113315213343, -3.685669461703117 ], [ 128.187928262264819, -3.685684701477486 ], [ 128.187806091386165, -3.685690080221317 ], [ 128.187746802577408, -3.686602673287157 ], [ 128.187741412685682, -3.68688595345897 ], [ 128.187767463828919, -3.686881471178473 ], [ 128.188036060098909, -3.686700387027504 ], [ 128.188054924719864, -3.686664528775412 ], [ 128.188161824238676, -3.686461033167408 ], [ 128.188284893432581, -3.686197474909857 ], [ 128.188432217139194, -3.686012804791703 ], [ 128.188627151555835, -3.685830824006689 ], [ 128.188895747825768, -3.685697251879709 ], [ 128.188846340485156, -3.685566369104955 ], [ 128.188811306189081, -3.685504513540323 ] ] ] } },
{ "type": "Feature", "properties": { "FID": 76, "Kode": "81712008-RT001-RW005", "Provinsi": "MALUKU", "Kota_Kab": "KOTA AMBON", "Kecamatan": "Sirimau", "Kelurahan": "Karang Panjang", "Kode_RTRW": "81712008-RT001-RW005", "A1": " ", "k1_a_p": 0.0, "k1_b_p": 0, "k1_c_p": 14.29, "k1_p": 0.0, "A2": " ", "k2_a_p": 0.0, "k2_b_p": 0.0, "k2_p": 0.0, "A3": " ", "k3_a_p": 54.41, "k3_b_p": 19.85, "k3_p": 27.205, "A4": " ", "k4_a_p": 0.0, "k4_b_p": 0.0, "k4_c_p": 0.0, "k4_d_p": 0.0, "k4_e_p": 0.0, "k4_p": 0.0, "A5": " ", "k5_a_p": 8.09, "k5_b_p": 9.56, "k5_p": 0.0, "A6": " ", "k6_a_p": 0, "k6_b_p": 26.47, "k6_c_p": 0, "k6_p": 8.82333, "A7": " ", "k7_a_p": 0, "k7_b_p": 100, "k7_p": 50, "A8": " ", "Sumber": "Data SIM KOTAKU, 25-11-2020", "city": "ambon", "source_layer": "Profil Kumuh Basis", "role": "profil" }, "geometry": { "type": "Polygon", "coordinates": [ [ [ 128.188240875983666, -3.695846883415537 ], [ 128.187957906669169, -3.696074580937472 ], [ 128.187497969243708, -3.695803853956006 ], [ 128.187425205705694, -3.695953560608289 ], [ 128.18724015275717, -3.696276281449416 ], [ 128.187184457209554, -3.696340825603551 ], [ 128.18710720209512, -3.696439434718854 ], [ 128.187004794152728, -3.696549697625708 ], [ 128.187096422311726, -3.69665816762639 ], [ 128.187205118461094, -3.696757673152537 ], [ 128.18741442592227, -3.69690200096792 ], [ 128.187466528208745, -3.696939651698504 ], [ 128.187632716536314, -3.697368152757757 ], [ 128.187698293552074, -3.697456900859204 ], [ 128.187892329653437, -3.697554613405071 ], [ 128.188137569725995, -3.697607503677698 ], [ 128.188186078751329, -3.69761377879458 ], [ 128.188192366958333, -3.6974533150775 ], [ 128.188116010159206, -3.697249821942007 ], [ 128.18803156852249, -3.696742433568176 ], [ 128.188009110640394, -3.696510253985807 ], [ 128.187929160580097, -3.696481567701139 ], [ 128.187943533624633, -3.696330964691418 ], [ 128.188284893432581, -3.696188429676519 ], [ 128.188336097403806, -3.696006450976407 ], [ 128.188337894034362, -3.695915013388859 ], [ 128.188240875983666, -3.695846883415537 ] ] ] } },
{ "type": "Feature", "properties": { "FID": 77, "Kode": "81712008-RT001-RW006", "Provinsi": "MALUKU", "Kota_Kab": "KOTA AMBON", "Kecamatan": "Sirimau", "Kelurahan": "Karang Panjang", "Kode_RTRW": "81712008-RT001-RW006", "A1": " ", "k1_a_p": 11.11, "k1_b_p": 0, "k1_c_p": 17.78, "k1_p": 0.0, "A2": " ", "k2_a_p": 0.0, "k2_b_p": 14.29, "k2_p": 0.0, "A3": " ", "k3_a_p": 30.77, "k3_b_p": 0.0, "k3_p": 15.385, "A4": " ", "k4_a_p": 0.0, "k4_b_p": 50.0, "k4_c_p": 50.0, "k4_d_p": 50.0, "k4_e_p": 21.43, "k4_p": 30.0, "A5": " ", "k5_a_p": 1.28, "k5_b_p": 10.26, "k5_p": 0.0, "A6": " ", "k6_a_p": 0, "k6_b_p": 6.41, "k6_c_p": 0, "k6_p": 0.0, "A7": " ", "k7_a_p": 0, "k7_b_p": 100, "k7_p": 50, "A8": " ", "Sumber": "Data SIM KOTAKU, 25-11-2020", "city": "ambon", "source_layer": "Profil Kumuh Basis", "role": "profil" }, "geometry": { "type": "Polygon", "coordinates": [ [ [ 128.192481822439987, -3.695560916759911 ], [ 128.192446788143911, -3.695365491218089 ], [ 128.192138666001455, -3.695264192640478 ], [ 128.192076682246835, -3.695456928862283 ], [ 128.191450556493834, -3.695327840420682 ], [ 128.191346351920885, -3.695447067940323 ], [ 128.191272690067592, -3.695516094391739 ], [ 128.191237655771488, -3.695510715707407 ], [ 128.191027449995005, -3.695570777680606 ], [ 128.191005890428187, -3.695789510802366 ], [ 128.190905279116379, -3.695844194074378 ], [ 128.190772328454329, -3.696006450976407 ], [ 128.190642971053393, -3.696399991074048 ], [ 128.190623208117159, -3.696702093490661 ], [ 128.19071034469971, -3.696729883322035 ], [ 128.190608835072624, -3.69696923441427 ], [ 128.190473189464711, -3.697127008881688 ], [ 128.190530681642883, -3.697205896104868 ], [ 128.19056841088485, -3.697201413876466 ], [ 128.190782209922446, -3.697084875930067 ], [ 128.190883719549561, -3.696996127791381 ], [ 128.191039128093678, -3.696860764451636 ], [ 128.191163993918195, -3.696743330014323 ], [ 128.191347250236163, -3.696475292576245 ], [ 128.191541286337525, -3.696252077390406 ], [ 128.191619439767265, -3.69617139718893 ], [ 128.191743407276448, -3.696043205298158 ], [ 128.191820662390882, -3.695986729144596 ], [ 128.191895222559481, -3.695931149434404 ], [ 128.191954511368209, -3.695901566684012 ], [ 128.192063207517577, -3.695893498661006 ], [ 128.192126089587475, -3.695907841812966 ], [ 128.192167412090555, -3.695778753436983 ], [ 128.192331803787567, -3.695800268167617 ], [ 128.192409058902001, -3.695585120837784 ], [ 128.192481822439987, -3.695560916759911 ] ] ] } },
{ "type": "Feature", "properties": { "FID": 78, "Kode": "81712008-RT002-RW006", "Provinsi": "MALUKU", "Kota_Kab": "KOTA AMBON", "Kecamatan": "Sirimau", "Kelurahan": "Karang Panjang", "Kode_RTRW": "81712008-RT002-RW006", "A1": " ", "k1_a_p": 50.0, "k1_b_p": 0, "k1_c_p": 0.0, "k1_p": 16.6667, "A2": " ", "k2_a_p": 0.0, "k2_b_p": 0.0, "k2_p": 0.0, "A3": " ", "k3_a_p": 16.67, "k3_b_p": 0.0, "k3_p": 0.0, "A4": " ", "k4_a_p": 0.0, "k4_b_p": 0.0, "k4_c_p": 0.0, "k4_d_p": 53.33, "k4_e_p": 53.33, "k4_p": 21.332, "A5": " ", "k5_a_p": 2.08, "k5_b_p": 35.42, "k5_p": 17.71, "A6": " ", "k6_a_p": 0, "k6_b_p": 25.0, "k6_c_p": 0, "k6_p": 8.33333, "A7": " ", "k7_a_p": 100, "k7_b_p": 100, "k7_p": 100, "A8": " ", "Sumber": "Data SIM KOTAKU, 25-11-2020", "city": "ambon", "source_layer": "Profil Kumuh Basis", "role": "profil" }, "geometry": { "type": "Polygon", "coordinates": [ [ [ 128.193968534235239, -3.695587810179729 ], [ 128.193750243621196, -3.695581535048512 ], [ 128.193589445185324, -3.695813714874 ], [ 128.193526563115427, -3.695825368686032 ], [ 128.193260661791328, -3.695718691477865 ], [ 128.193243593800929, -3.695585120837784 ], [ 128.193051354330123, -3.695508026365228 ], [ 128.193083693680364, -3.695348458714699 ], [ 128.192966014378129, -3.695297361202562 ], [ 128.192925590190356, -3.695407624251389 ], [ 128.192481822439987, -3.695560916759911 ], [ 128.192409058902001, -3.695585120837784 ], [ 128.192331803787567, -3.695800268167617 ], [ 128.192167412090555, -3.695778753436983 ], [ 128.192126089587475, -3.695907841812966 ], [ 128.192164717144692, -3.695915909835841 ], [ 128.192372227975341, -3.696045894638713 ], [ 128.192461161188476, -3.696133746425731 ], [ 128.192640824245302, -3.696296899721387 ], [ 128.192886064317861, -3.696472603236991 ], [ 128.193017218349354, -3.69647349968341 ], [ 128.193164542055939, -3.696409851985414 ], [ 128.193207661189547, -3.696371304785816 ], [ 128.193347798373878, -3.696262834750047 ], [ 128.193605614860445, -3.696035137276441 ], [ 128.193797854331251, -3.695857640780093 ], [ 128.19384366841075, -3.695796682379215 ], [ 128.193939788146139, -3.69573662042131 ], [ 128.193999975270174, -3.695725863055286 ], [ 128.193968534235239, -3.695587810179729 ] ] ] } },
{ "type": "Feature", "properties": { "FID": 79, "Kode": "81711008-RT002-RW003", "Provinsi": "MALUKU", "Kota_Kab": "KOTA AMBON", "Kecamatan": "Nusaniwe", "Kelurahan": "Kudamati", "Kode_RTRW": "81711008-RT002-RW003", "A1": " ", "k1_a_p": 48.72, "k1_b_p": 0, "k1_c_p": 10.26, "k1_p": 16.24, "A2": " ", "k2_a_p": 0.0, "k2_b_p": 28.08, "k2_p": 14.04, "A3": " ", "k3_a_p": 34.48, "k3_b_p": 34.48, "k3_p": 34.48, "A4": " ", "k4_a_p": 0.0, "k4_b_p": 0.0, "k4_c_p": 0.0, "k4_d_p": 100.0, "k4_e_p": 100.0, "k4_p": 40.0, "A5": " ", "k5_a_p": 0.0, "k5_b_p": 0.0, "k5_p": 0.0, "A6": " ", "k6_a_p": 100, "k6_b_p": 100.0, "k6_c_p": 100, "k6_p": 100.0, "A7": " ", "k7_a_p": 100, "k7_b_p": 100, "k7_p": 100, "A8": " ", "Sumber": "Data SIM KOTAKU, 25-11-2020", "city": "ambon", "source_layer": "Profil Kumuh Basis", "role": "profil" }, "geometry": { "type": "Polygon", "coordinates": [ [ [ 128.175879159358914, -3.706171203970146 ], [ 128.175765971633098, -3.706103074785687 ], [ 128.175490188840882, -3.706008052493337 ], [ 128.175037437937675, -3.705909444443313 ], [ 128.175002403641599, -3.705856554666497 ], [ 128.17497725081364, -3.705876276278561 ], [ 128.17482813047647, -3.706256365443341 ], [ 128.174804774279096, -3.706341526908335 ], [ 128.174778723135859, -3.706432963419517 ], [ 128.174779621451137, -3.70644192778285 ], [ 128.174866758033716, -3.706504678323635 ], [ 128.174921555266025, -3.706444617091832 ], [ 128.174944911463399, -3.706423999056094 ], [ 128.174961979453826, -3.706441031346521 ], [ 128.175019471631998, -3.706456270763993 ], [ 128.175029353100115, -3.706550396571974 ], [ 128.175057200873937, -3.706621215030422 ], [ 128.175067082342053, -3.706646315242182 ], [ 128.175137150934205, -3.706621215030422 ], [ 128.175164998708027, -3.706612250668907 ], [ 128.175334780296708, -3.706768230546311 ], [ 128.17541652698759, -3.706725201617361 ], [ 128.175483900633907, -3.706696515663564 ], [ 128.175627631079351, -3.706655279603353 ], [ 128.175753395219118, -3.706549500135754 ], [ 128.175817175604294, -3.706391727347018 ], [ 128.175826158757133, -3.706320908870195 ], [ 128.175879159358914, -3.706171203970146 ] ] ] } },
{ "type": "Feature", "properties": { "FID": 80, "Kode": "81712017-RT002-RW008", "Provinsi": "MALUKU", "Kota_Kab": "KOTA AMBON", "Kecamatan": "Sirimau", "Kelurahan": "Pandan Kasturi", "Kode_RTRW": "81712017-RT002-RW008", "A1": " ", "k1_a_p": 35.9, "k1_b_p": 0, "k1_c_p": 6.84, "k1_p": 11.9667, "A2": " ", "k2_a_p": 0.0, "k2_b_p": 21.56, "k2_p": 0.0, "A3": " ", "k3_a_p": 12.65, "k3_b_p": 100.0, "k3_p": 50.0, "A4": " ", "k4_a_p": 0.0, "k4_b_p": 0.0, "k4_c_p": 0.0, "k4_d_p": 100.0, "k4_e_p": 55.16, "k4_p": 31.032, "A5": " ", "k5_a_p": 2.41, "k5_b_p": 31.33, "k5_p": 15.665, "A6": " ", "k6_a_p": 0, "k6_b_p": 3.01, "k6_c_p": 100, "k6_p": 33.3333, "A7": " ", "k7_a_p": 0, "k7_b_p": 100, "k7_p": 50, "A8": " ", "Sumber": "Data SIM KOTAKU, 25-11-2020", "city": "ambon", "source_layer": "Profil Kumuh Basis", "role": "profil" }, "geometry": { "type": "Polygon", "coordinates": [ [ [ 128.19132389403876, -3.677546624833494 ], [ 128.191195434953158, -3.677819150304155 ], [ 128.191264605230003, -3.677884592263323 ], [ 128.191399352522637, -3.677993064541222 ], [ 128.191349945181997, -3.678128430753806 ], [ 128.191338267083324, -3.678191183295711 ], [ 128.19148109921349, -3.678260211086703 ], [ 128.191517930140151, -3.678290690888817 ], [ 128.191321199092926, -3.67849418836445 ], [ 128.191490082366357, -3.678663620147919 ], [ 128.191581710525327, -3.678799882722895 ], [ 128.191553862751505, -3.678821397864407 ], [ 128.191662558900873, -3.678917319530663 ], [ 128.191769458419685, -3.678962142735654 ], [ 128.191766763473822, -3.67905985731472 ], [ 128.192093750237262, -3.678796296865927 ], [ 128.192539314618188, -3.678535425732706 ], [ 128.192794436158863, -3.678464605033874 ], [ 128.193341510166903, -3.678517496442394 ], [ 128.193905652165341, -3.678653759039713 ], [ 128.194173350119996, -3.678621486321178 ], [ 128.194338640132258, -3.67853273633918 ], [ 128.194406013778575, -3.678495981293544 ], [ 128.19427935132353, -3.678341789378257 ], [ 128.194179638327, -3.678358822207419 ], [ 128.194094298375006, -3.678310413113159 ], [ 128.193979314018634, -3.678266486340164 ], [ 128.193934398254413, -3.678129327218721 ], [ 128.193714311009813, -3.677628203190357 ], [ 128.193591241815881, -3.677440841898093 ], [ 128.193535546268294, -3.677422016120138 ], [ 128.19338822256168, -3.677282167471457 ], [ 128.193332527014064, -3.677205071412162 ], [ 128.19321844097297, -3.677291132129081 ], [ 128.193101659986041, -3.677317129635684 ], [ 128.193108846508295, -3.677365538783889 ], [ 128.192842046868947, -3.677387053960025 ], [ 128.192694723162333, -3.677389743357005 ], [ 128.192575247229541, -3.677349402401446 ], [ 128.192436008360517, -3.677353884729931 ], [ 128.192428821838234, -3.677223000728872 ], [ 128.19228598970804, -3.67721134667305 ], [ 128.192037156374369, -3.677383468097371 ], [ 128.191977867565583, -3.677378985769035 ], [ 128.191919477072133, -3.67752959198881 ], [ 128.19181257755335, -3.677806599790889 ], [ 128.191587100417024, -3.67774026136069 ], [ 128.191427200296459, -3.677640753706134 ], [ 128.19132389403876, -3.677546624833494 ] ] ] } },
{ "type": "Feature", "properties": { "FID": 81, "Kode": "81712017-RT002-RW001", "Provinsi": "MALUKU", "Kota_Kab": "KOTA AMBON", "Kecamatan": "Sirimau", "Kelurahan": "Pandan Kasturi", "Kode_RTRW": "81712017-RT002-RW001", "A1": " ", "k1_a_p": 85.71, "k1_b_p": 0, "k1_c_p": 75.51, "k1_p": 53.74, "A2": " ", "k2_a_p": 0.0, "k2_b_p": 9.0, "k2_p": 0.0, "A3": " ", "k3_a_p": 0.0, "k3_b_p": 100.0, "k3_p": 50.0, "A4": " ", "k4_a_p": 0.0, "k4_b_p": 34.21, "k4_c_p": 0.0, "k4_d_p": 42.98, "k4_e_p": 42.98, "k4_p": 24.034, "A5": " ", "k5_a_p": 41.38, "k5_b_p": 74.14, "k5_p": 57.76, "A6": " ", "k6_a_p": 0, "k6_b_p": 1.72, "k6_c_p": 100, "k6_p": 33.3333, "A7": " ", "k7_a_p": 100, "k7_b_p": 100, "k7_p": 100, "A8": " ", "Sumber": "Data SIM KOTAKU, 25-11-2020", "city": "ambon", "source_layer": "Profil Kumuh Basis", "role": "profil" }, "geometry": { "type": "Polygon", "coordinates": [ [ [ 128.190991517383651, -3.674716478755233 ], [ 128.190920550476193, -3.674670758868412 ], [ 128.190889109441258, -3.674627728384557 ], [ 128.190828922317223, -3.674641175410985 ], [ 128.190793888021147, -3.674616074294823 ], [ 128.190782209922446, -3.674626831916121 ], [ 128.19033305228038, -3.674318446720786 ], [ 128.190311492713562, -3.674330100814408 ], [ 128.19025400053539, -3.674421540620623 ], [ 128.190316882605288, -3.674469053457407 ], [ 128.190238729175547, -3.674766680981201 ], [ 128.190100388621801, -3.67509120244519 ], [ 128.190182135312654, -3.675138715246308 ], [ 128.190121049873341, -3.675235533776604 ], [ 128.190058167803443, -3.675146783457568 ], [ 128.189965641329195, -3.675194296255725 ], [ 128.189989895841848, -3.675264220746525 ], [ 128.189942285131792, -3.675290218312219 ], [ 128.189883894638314, -3.675254359600718 ], [ 128.189833588982424, -3.675347592247621 ], [ 128.189908149150995, -3.675402276776367 ], [ 128.189783283326506, -3.675578880887287 ], [ 128.189996184048823, -3.675725005074454 ], [ 128.19008421894668, -3.675565433874996 ], [ 128.190089608838377, -3.675400483841051 ], [ 128.19027466178693, -3.675285735973361 ], [ 128.190339340487384, -3.675212225612863 ], [ 128.190402222557282, -3.675173677494572 ], [ 128.19066812388138, -3.674998866239553 ], [ 128.190732802581806, -3.674959421643938 ], [ 128.190757955409765, -3.67496211104824 ], [ 128.190820837479663, -3.674907426492511 ], [ 128.190901685855238, -3.674789092688309 ], [ 128.190991517383651, -3.674716478755233 ] ] ] } },
{ "type": "Feature", "properties": { "FID": 82, "Kode": "81712017-RT002-RW002", "Provinsi": "MALUKU", "Kota_Kab": "KOTA AMBON", "Kecamatan": "Sirimau", "Kelurahan": "Pandan Kasturi", "Kode_RTRW": "81712017-RT002-RW002", "A1": " ", "k1_a_p": 58.82, "k1_b_p": 0, "k1_c_p": 0.0, "k1_p": 19.6067, "A2": " ", "k2_a_p": 0.0, "k2_b_p": 0.0, "k2_p": 0.0, "A3": " ", "k3_a_p": 0.0, "k3_b_p": 23.33, "k3_p": 0.0, "A4": " ", "k4_a_p": 24.81, "k4_b_p": 0.0, "k4_c_p": 0.0, "k4_d_p": 68.57, "k4_e_p": 45.14, "k4_p": 22.742, "A5": " ", "k5_a_p": 0.0, "k5_b_p": 50.0, "k5_p": 25.0, "A6": " ", "k6_a_p": 0, "k6_b_p": 40.0, "k6_c_p": 100, "k6_p": 46.6667, "A7": " ", "k7_a_p": 100, "k7_b_p": 100, "k7_p": 100, "A8": " ", "Sumber": "Data SIM KOTAKU, 25-11-2020", "city": "ambon", "source_layer": "Profil Kumuh Basis", "role": "profil" }, "geometry": { "type": "Polygon", "coordinates": [ [ [ 128.191357131704279, -3.673860351073972 ], [ 128.191341860344465, -3.673840628751216 ], [ 128.191311317624809, -3.673863936950791 ], [ 128.191260113653584, -3.673750085354789 ], [ 128.191142434351377, -3.673806562919975 ], [ 128.191163095602889, -3.67385228285108 ], [ 128.19110829837058, -3.673889934557289 ], [ 128.191052602822936, -3.673829871120439 ], [ 128.190679801980053, -3.674148117642784 ], [ 128.190634886215832, -3.674176804647671 ], [ 128.190558529416705, -3.674110465947469 ], [ 128.190421985493515, -3.674270037407188 ], [ 128.19033305228038, -3.674318446720786 ], [ 128.190782209922446, -3.674626831916121 ], [ 128.190793888021147, -3.674616074294823 ], [ 128.190828922317223, -3.674641175410985 ], [ 128.190889109441258, -3.674627728384557 ], [ 128.190857668406295, -3.674577526150771 ], [ 128.190884617864839, -3.674503119263355 ], [ 128.19095468645699, -3.674340858439155 ], [ 128.191042721354819, -3.674209973995922 ], [ 128.191099315217741, -3.674151703518445 ], [ 128.191183756854457, -3.674072814250565 ], [ 128.191227774303371, -3.674073710719557 ], [ 128.191337368768046, -3.674036955490131 ], [ 128.191424505350597, -3.673969720310435 ], [ 128.191424505350597, -3.673959859150321 ], [ 128.191357131704279, -3.673860351073972 ] ] ] } },
{ "type": "Feature", "properties": { "FID": 83, "Kode": "81712017-RT003-RW002", "Provinsi": "MALUKU", "Kota_Kab": "KOTA AMBON", "Kecamatan": "Sirimau", "Kelurahan": "Pandan Kasturi", "Kode_RTRW": "81712017-RT003-RW002", "A1": " ", "k1_a_p": 0.0, "k1_b_p": 0, "k1_c_p": 18.42, "k1_p": 0.0, "A2": " ", "k2_a_p": 0.0, "k2_b_p": 41.18, "k2_p": 20.59, "A3": " ", "k3_a_p": 2.27, "k3_b_p": 100.0, "k3_p": 50.0, "A4": " ", "k4_a_p": 0.0, "k4_b_p": 31.13, "k4_c_p": 31.13, "k4_d_p": 47.11, "k4_e_p": 44.35, "k4_p": 30.744, "A5": " ", "k5_a_p": 0.0, "k5_b_p": 4.55, "k5_p": 0.0, "A6": " ", "k6_a_p": 0, "k6_b_p": 11.36, "k6_c_p": 100, "k6_p": 33.3333, "A7": " ", "k7_a_p": 100, "k7_b_p": 100, "k7_p": 100, "A8": " ", "Sumber": "Data SIM KOTAKU, 25-11-2020", "city": "ambon", "source_layer": "Profil Kumuh Basis", "role": "profil" }, "geometry": { "type": "Polygon", "coordinates": [ [ [ 128.191424505350597, -3.673969720310435 ], [ 128.19148109921349, -3.67404054136624 ], [ 128.19146492953837, -3.674055781339538 ], [ 128.191509845302591, -3.674114948292232 ], [ 128.191790119671253, -3.673902485125673 ], [ 128.191772153365548, -3.67387559105035 ], [ 128.191905104027597, -3.673743810069547 ], [ 128.191716457817932, -3.673471283353636 ], [ 128.191701186458118, -3.673478455110384 ], [ 128.191712864556791, -3.673577066759826 ], [ 128.19148469247466, -3.673750085354789 ], [ 128.191427200296459, -3.673696297194146 ], [ 128.191360724965421, -3.673751878293421 ], [ 128.191410132306061, -3.673828078181963 ], [ 128.191357131704279, -3.673860351073972 ], [ 128.191424505350597, -3.673959859150321 ], [ 128.191424505350597, -3.673969720310435 ] ] ] } },
{ "type": "Feature", "properties": { "FID": 84, "Kode": "81712017-RT001-RW002", "Provinsi": "MALUKU", "Kota_Kab": "KOTA AMBON", "Kecamatan": "Sirimau", "Kelurahan": "Pandan Kasturi", "Kode_RTRW": "81712017-RT001-RW002", "A1": " ", "k1_a_p": 0.0, "k1_b_p": 0, "k1_c_p": 18.42, "k1_p": 0.0, "A2": " ", "k2_a_p": 0.0, "k2_b_p": 19.53, "k2_p": 0.0, "A3": " ", "k3_a_p": 2.27, "k3_b_p": 100.0, "k3_p": 50.0, "A4": " ", "k4_a_p": 0.0, "k4_b_p": 0.0, "k4_c_p": 0.0, "k4_d_p": 89.77, "k4_e_p": 59.3, "k4_p": 29.814, "A5": " ", "k5_a_p": 0.0, "k5_b_p": 4.55, "k5_p": 0.0, "A6": " ", "k6_a_p": 0, "k6_b_p": 11.36, "k6_c_p": 100, "k6_p": 33.3333, "A7": " ", "k7_a_p": 100, "k7_b_p": 100, "k7_p": 100, "A8": " ", "Sumber": "Data SIM KOTAKU, 25-11-2020", "city": "ambon", "source_layer": "Profil Kumuh Basis", "role": "profil" }, "geometry": { "type": "Polygon", "coordinates": [ [ [ 128.19195001979179, -3.673779668841761 ], [ 128.191905104027597, -3.673743810069547 ], [ 128.191772153365548, -3.67387559105035 ], [ 128.191790119671253, -3.673902485125673 ], [ 128.191509845302591, -3.674114948292232 ], [ 128.19146492953837, -3.674055781339538 ], [ 128.19148109921349, -3.67404054136624 ], [ 128.191424505350597, -3.673969720310435 ], [ 128.191337368768046, -3.674036955490131 ], [ 128.191227774303371, -3.674073710719557 ], [ 128.191183756854457, -3.674072814250565 ], [ 128.191099315217741, -3.674151703518445 ], [ 128.191042721354819, -3.674209973995922 ], [ 128.19095468645699, -3.674340858439155 ], [ 128.190884617864839, -3.674503119263355 ], [ 128.190857668406295, -3.674577526150771 ], [ 128.190889109441258, -3.674627728384557 ], [ 128.190920550476193, -3.674670758868412 ], [ 128.19093851678187, -3.674682412957432 ], [ 128.190991517383651, -3.674716478755233 ], [ 128.191112789946999, -3.674823158482037 ], [ 128.191268198491144, -3.675039207301444 ], [ 128.191537693076384, -3.674876946574747 ], [ 128.191811679238043, -3.674627728384557 ], [ 128.191861086578655, -3.674580215556223 ], [ 128.192284193077484, -3.674149014111701 ], [ 128.192259938564803, -3.67411763769908 ], [ 128.19195001979179, -3.673779668841761 ] ] ] } },
{ "type": "Feature", "properties": { "FID": 85, "Kode": "81712017-RT001-RW008", "Provinsi": "MALUKU", "Kota_Kab": "KOTA AMBON", "Kecamatan": "Sirimau", "Kelurahan": "Pandan Kasturi", "Kode_RTRW": "81712017-RT001-RW008", "A1": " ", "k1_a_p": 0.0, "k1_b_p": 0, "k1_c_p": 10.53, "k1_p": 0.0, "A2": " ", "k2_a_p": 0.0, "k2_b_p": 65.0, "k2_p": 32.5, "A3": " ", "k3_a_p": 0.0, "k3_b_p": 100.0, "k3_p": 50.0, "A4": " ", "k4_a_p": 10.04, "k4_b_p": 0.0, "k4_c_p": 0.0, "k4_d_p": 34.29, "k4_e_p": 27.43, "k4_p": 12.344, "A5": " ", "k5_a_p": 0.0, "k5_b_p": 0.0, "k5_p": 0.0, "A6": " ", "k6_a_p": 0, "k6_b_p": 12.73, "k6_c_p": 100, "k6_p": 33.3333, "A7": " ", "k7_a_p": 0, "k7_b_p": 100, "k7_p": 50, "A8": " ", "Sumber": "Data SIM KOTAKU, 25-11-2020", "city": "ambon", "source_layer": "Profil Kumuh Basis", "role": "profil" }, "geometry": { "type": "Polygon", "coordinates": [ [ [ 128.19228598970804, -3.67721134667305 ], [ 128.192229395845146, -3.677023088827152 ], [ 128.192136869370898, -3.676953164474263 ], [ 128.192082072138561, -3.676874275454166 ], [ 128.191909595604017, -3.676869793123269 ], [ 128.191839527011865, -3.676874275454166 ], [ 128.191782034833665, -3.67682855567796 ], [ 128.191691304990002, -3.676910134100531 ], [ 128.191623931343685, -3.676948682143763 ], [ 128.191542184652803, -3.676865310792349 ], [ 128.191225977672786, -3.677076876787178 ], [ 128.191218791150533, -3.677059843933522 ], [ 128.191080450596786, -3.677135147073546 ], [ 128.191023856733864, -3.677216725468064 ], [ 128.191043619670097, -3.677223000728872 ], [ 128.191122671415116, -3.677307268512579 ], [ 128.191167587179336, -3.677322508430058 ], [ 128.191321199092926, -3.677491940436252 ], [ 128.19132389403876, -3.677546624833494 ], [ 128.191427200296459, -3.677640753706134 ], [ 128.191587100417024, -3.67774026136069 ], [ 128.19181257755335, -3.677806599790889 ], [ 128.191919477072133, -3.67752959198881 ], [ 128.191977867565583, -3.677378985769035 ], [ 128.192037156374369, -3.677383468097371 ], [ 128.19228598970804, -3.67721134667305 ] ] ] } },
{ "type": "Feature", "properties": { "FID": 86, "Kode": "81712016-RT002-RW001", "Provinsi": "MALUKU", "Kota_Kab": "KOTA AMBON", "Kecamatan": "Sirimau", "Kelurahan": "Batu Merah", "Kode_RTRW": "81712016-RT002-RW001", "A1": " ", "k1_a_p": 92.98, "k1_b_p": 0, "k1_c_p": 14.04, "k1_p": 30.9933, "A2": " ", "k2_a_p": 0.0, "k2_b_p": 29.17, "k2_p": 14.585, "A3": " ", "k3_a_p": 85.19, "k3_b_p": 0.0, "k3_p": 42.595, "A4": " ", "k4_a_p": 3.23, "k4_b_p": 33.33, "k4_c_p": 8.15, "k4_d_p": 57.04, "k4_e_p": 37.04, "k4_p": 25.482, "A5": " ", "k5_a_p": 25.93, "k5_b_p": 0.0, "k5_p": 12.965, "A6": " ", "k6_a_p": 100, "k6_b_p": 0.0, "k6_c_p": 100, "k6_p": 66.6667, "A7": " ", "k7_a_p": 0, "k7_b_p": 100, "k7_p": 50, "A8": " ", "Sumber": "Data SIM KOTAKU, 25-11-2020", "city": "ambon", "source_layer": "Profil Kumuh Basis", "role": "profil" }, "geometry": { "type": "Polygon", "coordinates": [ [ [ 128.186778418701124, -3.686559643379746 ], [ 128.186799079952664, -3.686484341036766 ], [ 128.186907776102061, -3.685962603199555 ], [ 128.186509822431162, -3.685839788578251 ], [ 128.186426279109725, -3.686093485916002 ], [ 128.186285243610143, -3.686399177664998 ], [ 128.186313989699215, -3.686426071362226 ], [ 128.186410109434632, -3.686483444580263 ], [ 128.186384956606673, -3.686532749686557 ], [ 128.186519703899279, -3.686553368184741 ], [ 128.186778418701124, -3.686559643379746 ] ] ] } },
{ "type": "Feature", "properties": { "FID": 87, "Kode": "81712016-RT003-RW010", "Provinsi": "MALUKU", "Kota_Kab": "KOTA AMBON", "Kecamatan": "Sirimau", "Kelurahan": "Batu Merah", "Kode_RTRW": "81712016-RT003-RW010", "A1": " ", "k1_a_p": 68.09, "k1_b_p": 0, "k1_c_p": 11.7, "k1_p": 22.6967, "A2": " ", "k2_a_p": 0.0, "k2_b_p": 20.0, "k2_p": 0.0, "A3": " ", "k3_a_p": 3.51, "k3_b_p": 100.0, "k3_p": 50.0, "A4": " ", "k4_a_p": 0.0, "k4_b_p": 0.0, "k4_c_p": 0.0, "k4_d_p": 100.0, "k4_e_p": 0.0, "k4_p": 20.0, "A5": " ", "k5_a_p": 0.0, "k5_b_p": 0.0, "k5_p": 0.0, "A6": " ", "k6_a_p": 100, "k6_b_p": 0.0, "k6_c_p": 100, "k6_p": 66.6667, "A7": " ", "k7_a_p": 100, "k7_b_p": 100, "k7_p": 100, "A8": " ", "Sumber": "Data SIM KOTAKU, 25-11-2020", "city": "ambon", "source_layer": "Profil Kumuh Basis", "role": "profil" }, "geometry": { "type": "Polygon", "coordinates": [ [ [ 128.188140264671858, -3.682184925263877 ], [ 128.188180688859632, -3.682169685429575 ], [ 128.188171705706793, -3.682030733987139 ], [ 128.188093552277081, -3.68191688343427 ], [ 128.188054026404586, -3.681735798272943 ], [ 128.187932753841238, -3.681585192764184 ], [ 128.187948025201052, -3.681537680306731 ], [ 128.187804294755608, -3.681529612153326 ], [ 128.187790820026351, -3.681764485033628 ], [ 128.187752192469105, -3.681950948955552 ], [ 128.187669547462946, -3.682407247522864 ], [ 128.187668649147668, -3.682412626286505 ], [ 128.187606665393076, -3.682845616653112 ], [ 128.187524020386945, -3.683138759079887 ], [ 128.187665954201805, -3.683170135174891 ], [ 128.187755785730246, -3.683189857291187 ], [ 128.187810582962584, -3.683205097108023 ], [ 128.187868973456034, -3.682942434346028 ], [ 128.187923770688371, -3.682807965325247 ], [ 128.187948923516331, -3.682805275944623 ], [ 128.18797407634429, -3.682702183014623 ], [ 128.187986652758269, -3.68259729715185 ], [ 128.188001025802834, -3.68247717144768 ], [ 128.18796149993031, -3.682468206842241 ], [ 128.187949821831609, -3.682358838648618 ], [ 128.187948025201052, -3.682238712912272 ], [ 128.188056721350421, -3.682261124431478 ], [ 128.188063009557425, -3.682228851843643 ], [ 128.188137569725995, -3.682233334147579 ], [ 128.188140264671858, -3.682184925263877 ] ] ] } },
{ "type": "Feature", "properties": { "FID": 88, "Kode": "81712016-RT001-RW010", "Provinsi": "MALUKU", "Kota_Kab": "KOTA AMBON", "Kecamatan": "Sirimau", "Kelurahan": "Batu Merah", "Kode_RTRW": "81712016-RT001-RW010", "A1": " ", "k1_a_p": 0.0, "k1_b_p": 100, "k1_c_p": 32.61, "k1_p": 44.2033, "A2": " ", "k2_a_p": 0.0, "k2_b_p": 100.0, "k2_p": 50.0, "A3": " ", "k3_a_p": 0.0, "k3_b_p": 0.0, "k3_p": 0.0, "A4": " ", "k4_a_p": 0.0, "k4_b_p": 0.0, "k4_c_p": 0.0, "k4_d_p": 100.0, "k4_e_p": 53.85, "k4_p": 30.77, "A5": " ", "k5_a_p": 0.0, "k5_b_p": 0.0, "k5_p": 0.0, "A6": " ", "k6_a_p": 100, "k6_b_p": 0.0, "k6_c_p": 100, "k6_p": 66.6667, "A7": " ", "k7_a_p": 100, "k7_b_p": 100, "k7_p": 100, "A8": " ", "Sumber": "Data SIM KOTAKU, 25-11-2020", "city": "ambon", "source_layer": "Profil Kumuh Basis", "role": "profil" }, "geometry": { "type": "Polygon", "coordinates": [ [ [ 128.187833939159958, -3.681050901587166 ], [ 128.187839329051656, -3.681091242375143 ], [ 128.18781237959314, -3.681118136232778 ], [ 128.187656072733688, -3.681289360440678 ], [ 128.187614750230637, -3.681334183526315 ], [ 128.187648886211434, -3.681396935842415 ], [ 128.187660564310107, -3.681414865074775 ], [ 128.187808786332027, -3.681440862461054 ], [ 128.187804294755608, -3.681529612153326 ], [ 128.187948025201052, -3.681537680306731 ], [ 128.188114213528621, -3.681445344768957 ], [ 128.188194163588889, -3.681395142919159 ], [ 128.188282198486746, -3.681383488917908 ], [ 128.188352267078898, -3.681409486305105 ], [ 128.188374724960994, -3.681383488917908 ], [ 128.188410657572376, -3.681325218909368 ], [ 128.188409759257098, -3.681278602899789 ], [ 128.188451980075428, -3.681170131021904 ], [ 128.18850857393835, -3.681067934364535 ], [ 128.188611880196021, -3.680962151847186 ], [ 128.188685542049285, -3.680911053508036 ], [ 128.188854425322717, -3.680900295962577 ], [ 128.189016122073866, -3.680874298560516 ], [ 128.189133801376101, -3.680772101869201 ], [ 128.189267650353429, -3.680577569538414 ], [ 128.189074512567345, -3.680483440976007 ], [ 128.189051156369942, -3.680528264102203 ], [ 128.188773576947142, -3.680350764509245 ], [ 128.188601100412598, -3.680253946534542 ], [ 128.188572354323497, -3.680247671295077 ], [ 128.18841694577938, -3.680389312403651 ], [ 128.188385504744417, -3.68047716573816 ], [ 128.188271418703323, -3.680548882739496 ], [ 128.188207638318175, -3.680551572126934 ], [ 128.188047738197582, -3.68061791034783 ], [ 128.187833939159958, -3.681050901587166 ] ] ] } },
{ "type": "Feature", "properties": { "FID": 89, "Kode": "81712016-RT001-RW011", "Provinsi": "MALUKU", "Kota_Kab": "KOTA AMBON", "Kecamatan": "Sirimau", "Kelurahan": "Batu Merah", "Kode_RTRW": "81712016-RT001-RW011", "A1": " ", "k1_a_p": 48.39, "k1_b_p": 100, "k1_c_p": 12.9, "k1_p": 49.4633, "A2": " ", "k2_a_p": 0.0, "k2_b_p": 20.71, "k2_p": 0.0, "A3": " ", "k3_a_p": 0.0, "k3_b_p": 100.0, "k3_p": 50.0, "A4": " ", "k4_a_p": 0.0, "k4_b_p": 0.0, "k4_c_p": 0.0, "k4_d_p": 100.0, "k4_e_p": 18.95, "k4_p": 20.0, "A5": " ", "k5_a_p": 0.0, "k5_b_p": 0.0, "k5_p": 0.0, "A6": " ", "k6_a_p": 100, "k6_b_p": 100.0, "k6_c_p": 100, "k6_p": 100.0, "A7": " ", "k7_a_p": 100, "k7_b_p": 100, "k7_p": 100, "A8": " ", "Sumber": "Data SIM KOTAKU, 25-11-2020", "city": "ambon", "source_layer": "Profil Kumuh Basis", "role": "profil" }, "geometry": { "type": "Polygon", "coordinates": [ [ [ 128.189920725564946, -3.680052242386779 ], [ 128.189857843495076, -3.680004729847548 ], [ 128.189821012568416, -3.68008720444233 ], [ 128.189773401858389, -3.680097961997607 ], [ 128.189701536635653, -3.680078239812832 ], [ 128.189641349511618, -3.680149060383405 ], [ 128.189589247225143, -3.680274565178185 ], [ 128.189566789343047, -3.680354350359958 ], [ 128.189531755046971, -3.680423377983367 ], [ 128.189454499932538, -3.680455650636632 ], [ 128.189267650353429, -3.680577569538414 ], [ 128.189381736394495, -3.680634046671085 ], [ 128.189925217141365, -3.680956773074783 ], [ 128.190047388020048, -3.680752379699351 ], [ 128.190087812207821, -3.680685145026128 ], [ 128.190269271895232, -3.680397380567386 ], [ 128.190289034831466, -3.68037765838924 ], [ 128.190188423519658, -3.680264704087806 ], [ 128.190280051678627, -3.680173264880918 ], [ 128.190103083567635, -3.680029830811985 ], [ 128.190020438561504, -3.680127545273952 ], [ 128.189920725564946, -3.680052242386779 ] ] ] } },
{ "type": "Feature", "properties": { "FID": 90, "Kode": "81712016-RT002-RW007", "Provinsi": "MALUKU", "Kota_Kab": "KOTA AMBON", "Kecamatan": "Sirimau", "Kelurahan": "Batu Merah", "Kode_RTRW": "81712016-RT002-RW007", "A1": " ", "k1_a_p": 0.0, "k1_b_p": 0, "k1_c_p": 11.76, "k1_p": 0.0, "A2": " ", "k2_a_p": 0.0, "k2_b_p": 65.47, "k2_p": 32.735, "A3": " ", "k3_a_p": 54.88, "k3_b_p": 3.66, "k3_p": 27.44, "A4": " ", "k4_a_p": 0.0, "k4_b_p": 0.0, "k4_c_p": 0.0, "k4_d_p": 100.0, "k4_e_p": 34.57, "k4_p": 26.914, "A5": " ", "k5_a_p": 0.0, "k5_b_p": 19.51, "k5_p": 0.0, "A6": " ", "k6_a_p": 0, "k6_b_p": 75.61, "k6_c_p": 100, "k6_p": 58.5367, "A7": " ", "k7_a_p": 0, "k7_b_p": 100, "k7_p": 50, "A8": " ", "Sumber": "Data SIM KOTAKU, 25-11-2020", "city": "ambon", "source_layer": "Profil Kumuh Basis", "role": "profil" }, "geometry": { "type": "Polygon", "coordinates": [ [ [ 128.189857843495076, -3.680004729847548 ], [ 128.189920725564946, -3.680052242386779 ], [ 128.190020438561504, -3.680127545273952 ], [ 128.190103083567635, -3.680029830811985 ], [ 128.190280051678627, -3.680173264880918 ], [ 128.190188423519658, -3.680264704087806 ], [ 128.190289034831466, -3.68037765838924 ], [ 128.191089433749625, -3.679606700174086 ], [ 128.191104705109439, -3.679592356759109 ], [ 128.190871143135581, -3.679370033797457 ], [ 128.190656445782679, -3.679141435533072 ], [ 128.190481274302272, -3.679017723506711 ], [ 128.190520800174767, -3.678957660415258 ], [ 128.190376171414044, -3.678843809469597 ], [ 128.190329459019239, -3.678782849902162 ], [ 128.190289034831466, -3.678762231223998 ], [ 128.19021267803231, -3.678742509009655 ], [ 128.190165067322255, -3.678896700855611 ], [ 128.190176745420956, -3.678920905387145 ], [ 128.190196508357218, -3.678990829585665 ], [ 128.190156982484723, -3.67905447853083 ], [ 128.190147999331884, -3.679114541615759 ], [ 128.190112066720474, -3.679206877395142 ], [ 128.190122846503897, -3.679301902556166 ], [ 128.190083320631402, -3.679387066606965 ], [ 128.190079727370261, -3.679395134779777 ], [ 128.19004648970477, -3.679390652461556 ], [ 128.190024930137923, -3.679467748331791 ], [ 128.190019540246226, -3.679518846753735 ], [ 128.190028523399064, -3.679530500779382 ], [ 128.190060862749306, -3.67955649822066 ], [ 128.189971929536171, -3.679716965169002 ], [ 128.189953064915215, -3.679769856503183 ], [ 128.18989377610643, -3.679852331119709 ], [ 128.189857843495076, -3.680004729847548 ] ] ] } },
{ "type": "Feature", "properties": { "FID": 91, "Kode": "81712016-RT001-RW007", "Provinsi": "MALUKU", "Kota_Kab": "KOTA AMBON", "Kecamatan": "Sirimau", "Kelurahan": "Batu Merah", "Kode_RTRW": "81712016-RT001-RW007", "A1": " ", "k1_a_p": 0.0, "k1_b_p": 100, "k1_c_p": 16.07, "k1_p": 33.3333, "A2": " ", "k2_a_p": 0.0, "k2_b_p": 45.24, "k2_p": 22.62, "A3": " ", "k3_a_p": 0.0, "k3_b_p": 100.0, "k3_p": 50.0, "A4": " ", "k4_a_p": 0.0, "k4_b_p": 0.0, "k4_c_p": 0.0, "k4_d_p": 100.0, "k4_e_p": 86.15, "k4_p": 37.23, "A5": " ", "k5_a_p": 0.0, "k5_b_p": 0.0, "k5_p": 0.0, "A6": " ", "k6_a_p": 0, "k6_b_p": 0.0, "k6_c_p": 0, "k6_p": 0.0, "A7": " ", "k7_a_p": 0, "k7_b_p": 100, "k7_p": 50, "A8": " ", "Sumber": "Data SIM KOTAKU, 25-11-2020", "city": "ambon", "source_layer": "Profil Kumuh Basis", "role": "profil" }, "geometry": { "type": "Polygon", "coordinates": [ [ [ 128.190799277912845, -3.678663620147919 ], [ 128.190894499332956, -3.678709339830004 ], [ 128.190964567925135, -3.678810640293716 ], [ 128.19150176046503, -3.679272319252405 ], [ 128.191766763473822, -3.67905985731472 ], [ 128.191769458419685, -3.678962142735654 ], [ 128.191662558900873, -3.678917319530663 ], [ 128.191553862751505, -3.678821397864407 ], [ 128.191581710525327, -3.678799882722895 ], [ 128.191490082366357, -3.678663620147919 ], [ 128.191321199092926, -3.67849418836445 ], [ 128.191517930140151, -3.678290690888817 ], [ 128.19148109921349, -3.678260211086703 ], [ 128.191338267083324, -3.678191183295711 ], [ 128.191349945181997, -3.678128430753806 ], [ 128.191399352522637, -3.677993064541222 ], [ 128.191264605230003, -3.677884592263323 ], [ 128.191080450596786, -3.678024440817492 ], [ 128.190988822437788, -3.678166978744356 ], [ 128.190870244820303, -3.678284415635526 ], [ 128.190787599814144, -3.678408127763684 ], [ 128.19073909078881, -3.678481637860689 ], [ 128.190820837479663, -3.678548872700202 ], [ 128.190774125084886, -3.678626865107681 ], [ 128.190806464435127, -3.678650173182154 ], [ 128.190799277912845, -3.678663620147919 ] ] ] } },
{ "type": "Feature", "properties": { "FID": 92, "Kode": "81712016-RT003-RW007", "Provinsi": "MALUKU", "Kota_Kab": "KOTA AMBON", "Kecamatan": "Sirimau", "Kelurahan": "Batu Merah", "Kode_RTRW": "81712016-RT003-RW007", "A1": " ", "k1_a_p": 0.0, "k1_b_p": 0, "k1_c_p": 0.0, "k1_p": 0.0, "A2": " ", "k2_a_p": 0.0, "k2_b_p": 50.0, "k2_p": 25.0, "A3": " ", "k3_a_p": 0.0, "k3_b_p": 100.0, "k3_p": 50.0, "A4": " ", "k4_a_p": 0.34, "k4_b_p": 0.0, "k4_c_p": 0.0, "k4_d_p": 100.0, "k4_e_p": 50.0, "k4_p": 30.0, "A5": " ", "k5_a_p": 0.0, "k5_b_p": 0.0, "k5_p": 0.0, "A6": " ", "k6_a_p": 100, "k6_b_p": 0.0, "k6_c_p": 100, "k6_p": 66.6667, "A7": " ", "k7_a_p": 0, "k7_b_p": 100, "k7_p": 50, "A8": " ", "Sumber": "Data SIM KOTAKU, 25-11-2020", "city": "ambon", "source_layer": "Profil Kumuh Basis", "role": "profil" }, "geometry": { "type": "Polygon", "coordinates": [ [ [ 128.19150176046503, -3.679272319252405 ], [ 128.190964567925135, -3.678810640293716 ], [ 128.190894499332956, -3.678709339830004 ], [ 128.190799277912845, -3.678663620147919 ], [ 128.190686090187057, -3.678768506473924 ], [ 128.190584580559943, -3.678885046821673 ], [ 128.190520800174767, -3.678957660415258 ], [ 128.190481274302272, -3.679017723506711 ], [ 128.190656445782679, -3.679141435533072 ], [ 128.190871143135581, -3.679370033797457 ], [ 128.191104705109439, -3.679592356759109 ], [ 128.191125366360978, -3.679572634563141 ], [ 128.19150176046503, -3.679272319252405 ] ] ] } },
{ "type": "Feature", "properties": { "FID": 93, "Kode": "81712016-RT004-RW007", "Provinsi": "MALUKU", "Kota_Kab": "KOTA AMBON", "Kecamatan": "Sirimau", "Kelurahan": "Batu Merah", "Kode_RTRW": "81712016-RT004-RW007", "A1": " ", "k1_a_p": 16.0, "k1_b_p": 0, "k1_c_p": 14.0, "k1_p": 0.0, "A2": " ", "k2_a_p": 0.0, "k2_b_p": 0.0, "k2_p": 0.0, "A3": " ", "k3_a_p": 0.0, "k3_b_p": 0.0, "k3_p": 0.0, "A4": " ", "k4_a_p": 0.0, "k4_b_p": 0.0, "k4_c_p": 0.0, "k4_d_p": 100.0, "k4_e_p": 0.0, "k4_p": 20.0, "A5": " ", "k5_a_p": 0.0, "k5_b_p": 0.0, "k5_p": 0.0, "A6": " ", "k6_a_p": 100, "k6_b_p": 0.0, "k6_c_p": 100, "k6_p": 66.6667, "A7": " ", "k7_a_p": 100, "k7_b_p": 100, "k7_p": 100, "A8": " ", "Sumber": "Data SIM KOTAKU, 25-11-2020", "city": "ambon", "source_layer": "Profil Kumuh Basis", "role": "profil" }, "geometry": { "type": "Polygon", "coordinates": [ [ [ 128.19021267803231, -3.678742509009655 ], [ 128.190289034831466, -3.678762231223998 ], [ 128.190329459019239, -3.678782849902162 ], [ 128.190376171414044, -3.678843809469597 ], [ 128.190520800174767, -3.678957660415258 ], [ 128.190584580559943, -3.678885046821673 ], [ 128.190686090187057, -3.678768506473924 ], [ 128.190799277912845, -3.678663620147919 ], [ 128.190806464435127, -3.678650173182154 ], [ 128.190774125084886, -3.678626865107681 ], [ 128.190820837479663, -3.678548872700202 ], [ 128.19073909078881, -3.678481637860689 ], [ 128.190787599814144, -3.678408127763684 ], [ 128.190870244820303, -3.678284415635526 ], [ 128.190988822437788, -3.678166978744356 ], [ 128.191080450596786, -3.678024440817492 ], [ 128.191264605230003, -3.677884592263323 ], [ 128.191195434953158, -3.677819150304155 ], [ 128.19132389403876, -3.677546624833494 ], [ 128.191321199092926, -3.677491940436252 ], [ 128.191167587179336, -3.677322508430058 ], [ 128.191122671415116, -3.677307268512579 ], [ 128.191043619670097, -3.677223000728872 ], [ 128.191023856733864, -3.677216725468064 ], [ 128.191005890428187, -3.677189831492674 ], [ 128.190949296565265, -3.677128871812121 ], [ 128.190931330259588, -3.677118114221003 ], [ 128.190849583568735, -3.677179970368161 ], [ 128.190687886817614, -3.677197003219525 ], [ 128.190641174422836, -3.677202382014625 ], [ 128.190619614856018, -3.677214932536397 ], [ 128.190470494518877, -3.677220311331387 ], [ 128.190467799573014, -3.677179073902291 ], [ 128.190466901257736, -3.677156662255244 ], [ 128.190323170812263, -3.677087634378795 ], [ 128.190269271895232, -3.677061636865501 ], [ 128.190277356732793, -3.67716562691413 ], [ 128.190256695481253, -3.677389743357005 ], [ 128.190265678634091, -3.677483872246211 ], [ 128.190283644939768, -3.677562761212367 ], [ 128.190266576949369, -3.677586069314668 ], [ 128.190280051678627, -3.677678405252407 ], [ 128.190308797767727, -3.677746536617812 ], [ 128.190379764675185, -3.677754604805475 ], [ 128.190408510764257, -3.677795842207949 ], [ 128.19039054445858, -3.677811082117076 ], [ 128.19041120571012, -3.677870248820629 ], [ 128.190392341089137, -3.677893556914888 ], [ 128.190298916299611, -3.678040577187716 ], [ 128.190265678634091, -3.67832744594292 ], [ 128.190278255048071, -3.678371372712909 ], [ 128.190265678634091, -3.678447572206734 ], [ 128.190217169608729, -3.678577559563516 ], [ 128.190228847707431, -3.678591006530378 ], [ 128.190231542653265, -3.678622382785597 ], [ 128.190197406672496, -3.678717408008952 ], [ 128.19021267803231, -3.678742509009655 ] ] ] } },
{ "type": "Feature", "properties": { "FID": 94, "Kode": "81712016-RT003-RW011", "Provinsi": "MALUKU", "Kota_Kab": "KOTA AMBON", "Kecamatan": "Sirimau", "Kelurahan": "Batu Merah", "Kode_RTRW": "81712016-RT003-RW011", "A1": " ", "k1_a_p": 51.22, "k1_b_p": 0, "k1_c_p": 0.0, "k1_p": 17.0733, "A2": " ", "k2_a_p": 0.0, "k2_b_p": 60.0, "k2_p": 30.0, "A3": " ", "k3_a_p": 0.0, "k3_b_p": 0.0, "k3_p": 0.0, "A4": " ", "k4_a_p": 0.0, "k4_b_p": 0.0, "k4_c_p": 0.0, "k4_d_p": 100.0, "k4_e_p": 0.0, "k4_p": 20.0, "A5": " ", "k5_a_p": 0.0, "k5_b_p": 0.0, "k5_p": 0.0, "A6": " ", "k6_a_p": 100, "k6_b_p": 100.0, "k6_c_p": 100, "k6_p": 100.0, "A7": " ", "k7_a_p": 100, "k7_b_p": 100, "k7_p": 100, "A8": " ", "Sumber": "Data SIM KOTAKU, 25-11-2020", "city": "ambon", "source_layer": "Profil Kumuh Basis", "role": "profil" }, "geometry": { "type": "Polygon", "coordinates": [ [ [ 128.189701536635653, -3.680078239812832 ], [ 128.189559602820765, -3.679962596084223 ], [ 128.189606315215514, -3.679814679665287 ], [ 128.189613501737796, -3.679647937490855 ], [ 128.189616196683659, -3.679503606873812 ], [ 128.189637756250477, -3.679309970729749 ], [ 128.189654824240876, -3.679247218266627 ], [ 128.189713214734326, -3.679148607244219 ], [ 128.189716807995467, -3.679025791682867 ], [ 128.189657519186738, -3.678929870028289 ], [ 128.189625179836497, -3.678812433222173 ], [ 128.189654824240876, -3.678461915640137 ], [ 128.189702434950931, -3.678330135337064 ], [ 128.189772503543082, -3.678190286830858 ], [ 128.189838080558843, -3.677891763984582 ], [ 128.189795859740485, -3.67760130922738 ], [ 128.189659315817295, -3.677827218491162 ], [ 128.189501212327286, -3.678056713557647 ], [ 128.189434736996276, -3.678227938353918 ], [ 128.189346702098447, -3.678563216131975 ], [ 128.189259565515869, -3.67927680157122 ], [ 128.189257768885312, -3.679320728294413 ], [ 128.189227226165656, -3.679944666822629 ], [ 128.189124818223263, -3.680384830090434 ], [ 128.189074512567345, -3.680483440976007 ], [ 128.189267650353429, -3.680577569538414 ], [ 128.189454499932538, -3.680455650636632 ], [ 128.189531755046971, -3.680423377983367 ], [ 128.189566789343047, -3.680354350359958 ], [ 128.189589247225143, -3.680274565178185 ], [ 128.189641349511618, -3.680149060383405 ], [ 128.189701536635653, -3.680078239812832 ] ] ] } },
{ "type": "Feature", "properties": { "FID": 95, "Kode": "81712016-RT001-RW004", "Provinsi": "MALUKU", "Kota_Kab": "KOTA AMBON", "Kecamatan": "Sirimau", "Kelurahan": "Batu Merah", "Kode_RTRW": "81712016-RT001-RW004", "A1": " ", "k1_a_p": 42.5, "k1_b_p": 0, "k1_c_p": 7.5, "k1_p": 14.1667, "A2": " ", "k2_a_p": 0.0, "k2_b_p": 40.75, "k2_p": 20.375, "A3": " ", "k3_a_p": 73.68, "k3_b_p": 100.0, "k3_p": 86.84, "A4": " ", "k4_a_p": 0.0, "k4_b_p": 0.0, "k4_c_p": 0.0, "k4_d_p": 100.0, "k4_e_p": 60.0, "k4_p": 32.0, "A5": " ", "k5_a_p": 1.75, "k5_b_p": 0.0, "k5_p": 0.0, "A6": " ", "k6_a_p": 100, "k6_b_p": 0.0, "k6_c_p": 100, "k6_p": 66.6667, "A7": " ", "k7_a_p": 100, "k7_b_p": 100, "k7_p": 100, "A8": " ", "Sumber": "Data SIM KOTAKU, 25-11-2020", "city": "ambon", "source_layer": "Profil Kumuh Basis", "role": "profil" }, "geometry": { "type": "Polygon", "coordinates": [ [ [ 128.188441200292033, -3.684449382449305 ], [ 128.188419640725215, -3.684289812812591 ], [ 128.188401674419538, -3.684205545689521 ], [ 128.188394487897256, -3.684054940598626 ], [ 128.188392691266671, -3.683830825832848 ], [ 128.188260638919928, -3.683814689567534 ], [ 128.188239977668388, -3.683860408985163 ], [ 128.188027076946071, -3.684623295391559 ], [ 128.188148349509419, -3.6849370557684 ], [ 128.18817709559849, -3.684958570761614 ], [ 128.18821841810157, -3.685035666149697 ], [ 128.188301961423008, -3.685217647097389 ], [ 128.188425030616912, -3.685194339194837 ], [ 128.188577744215195, -3.685061663430217 ], [ 128.188751119065046, -3.684978292838271 ], [ 128.188768187055445, -3.684889543489874 ], [ 128.188720576345389, -3.684774796844478 ], [ 128.188545404864982, -3.684824102045484 ], [ 128.188464556489407, -3.684657360809257 ], [ 128.188443895237896, -3.684556957469143 ], [ 128.188441200292033, -3.684449382449305 ] ] ] } },
{ "type": "Feature", "properties": { "FID": 96, "Kode": "81712011-RT003-RW005", "Provinsi": "MALUKU", "Kota_Kab": "KOTA AMBON", "Kecamatan": "Sirimau", "Kelurahan": "Ahusein", "Kode_RTRW": "81712011-RT003-RW005", "A1": " ", "k1_a_p": 0.0, "k1_b_p": 0, "k1_c_p": 5.88, "k1_p": 0.0, "A2": " ", "k2_a_p": 0.0, "k2_b_p": 30.43, "k2_p": 15.215, "A3": " ", "k3_a_p": 0.0, "k3_b_p": 52.94, "k3_p": 26.47, "A4": " ", "k4_a_p": 100.0, "k4_b_p": 11.67, "k4_c_p": 11.67, "k4_d_p": 79.38, "k4_e_p": 79.38, "k4_p": 51.752, "A5": " ", "k5_a_p": 0.0, "k5_b_p": 0.0, "k5_p": 0.0, "A6": " ", "k6_a_p": 100, "k6_b_p": 100.0, "k6_c_p": 100, "k6_p": 100.0, "A7": " ", "k7_a_p": 0, "k7_b_p": 100, "k7_p": 50, "A8": " ", "Sumber": "Data SIM KOTAKU, 25-11-2020", "city": "ambon", "source_layer": "Profil Kumuh Basis", "role": "profil" }, "geometry": { "type": "Polygon", "coordinates": [ [ [ 128.183894826639118, -3.70298615898661 ], [ 128.183723248419852, -3.702909065157907 ], [ 128.183570534821541, -3.702802388802465 ], [ 128.183424109430234, -3.702675990751229 ], [ 128.183309125073862, -3.702815835402599 ], [ 128.183225581752424, -3.702767427641164 ], [ 128.183092631090375, -3.702624893661564 ], [ 128.183195039032768, -3.702511942189738 ], [ 128.183270497516645, -3.702403472905611 ], [ 128.18307376646942, -3.702221495481733 ], [ 128.183203123870328, -3.702071789888238 ], [ 128.183112394026637, -3.701971388517942 ], [ 128.183092631090375, -3.701970492077085 ], [ 128.182978545049309, -3.70186650493146 ], [ 128.183070173208279, -3.701785825241096 ], [ 128.182785407263225, -3.701651359074157 ], [ 128.182423386203709, -3.701975870722216 ], [ 128.18253477729894, -3.702061032599107 ], [ 128.182687490897251, -3.702216116838093 ], [ 128.182755762858847, -3.702329964788152 ], [ 128.182837509549671, -3.702526285234577 ], [ 128.182934527600366, -3.702759359680666 ], [ 128.182993816409123, -3.70286245028148 ], [ 128.183179767672954, -3.703005880662643 ], [ 128.183518432535067, -3.703260469531976 ], [ 128.183672942763906, -3.703575119758752 ], [ 128.183743909671364, -3.703549123020608 ], [ 128.183794215327282, -3.703489958027502 ], [ 128.183802300164842, -3.70339134969687 ], [ 128.1838157748941, -3.703290052036693 ], [ 128.183832842884499, -3.703211165355252 ], [ 128.183849910874898, -3.703125107149298 ], [ 128.183865182234712, -3.703044427573618 ], [ 128.183894826639118, -3.70298615898661 ] ] ] } },
{ "type": "Feature", "properties": { "FID": 97, "Kode": "81712015-RT001-RW006", "Provinsi": "MALUKU", "Kota_Kab": "KOTA AMBON", "Kecamatan": "Sirimau", "Kelurahan": "Amantelu", "Kode_RTRW": "81712015-RT001-RW006", "A1": " ", "k1_a_p": 25.0, "k1_b_p": 0, "k1_c_p": 0.0, "k1_p": 8.33333, "A2": " ", "k2_a_p": 0.0, "k2_b_p": 33.57, "k2_p": 16.785, "A3": " ", "k3_a_p": 100.0, "k3_b_p": 0.0, "k3_p": 50.0, "A4": " ", "k4_a_p": 10.58, "k4_b_p": 0.0, "k4_c_p": 0.0, "k4_d_p": 56.41, "k4_e_p": 67.95, "k4_p": 24.872, "A5": " ", "k5_a_p": 0.0, "k5_b_p": 100.0, "k5_p": 50.0, "A6": " ", "k6_a_p": 100, "k6_b_p": 0.0, "k6_c_p": 100, "k6_p": 66.6667, "A7": " ", "k7_a_p": 100, "k7_b_p": 100, "k7_p": 100, "A8": " ", "Sumber": "Data SIM KOTAKU, 25-11-2020", "city": "ambon", "source_layer": "Profil Kumuh Basis", "role": "profil" }, "geometry": { "type": "Polygon", "coordinates": [ [ [ 128.189397906069615, -3.685979635882923 ], [ 128.189388922916777, -3.685961706742527 ], [ 128.18924249752547, -3.685695458965116 ], [ 128.189235311003216, -3.685687390849405 ], [ 128.189180513770879, -3.685588780540355 ], [ 128.188916409077336, -3.685687390849405 ], [ 128.188627151555835, -3.685830824006689 ], [ 128.188432217139194, -3.686012804791703 ], [ 128.188284893432581, -3.686197474909857 ], [ 128.188161824238676, -3.686461033167408 ], [ 128.188098043853529, -3.686581158333711 ], [ 128.188190570327748, -3.6867353488219 ], [ 128.188517557091188, -3.686533646143008 ], [ 128.188455573336569, -3.686433243014684 ], [ 128.189105055287001, -3.686023562275365 ], [ 128.189168835672177, -3.686117690251864 ], [ 128.189273938560405, -3.686054938268638 ], [ 128.189546128091507, -3.686526474491362 ], [ 128.189287413289662, -3.686685147270542 ], [ 128.189239802579635, -3.68660446619992 ], [ 128.188723271291252, -3.686888642827258 ], [ 128.188764593794303, -3.68695049829562 ], [ 128.188469946381105, -3.687122617837114 ], [ 128.188513963830047, -3.687188955568169 ], [ 128.188533726766309, -3.687217642153039 ], [ 128.188688236995148, -3.687148615056631 ], [ 128.188878679835398, -3.687174612275387 ], [ 128.189219141328067, -3.687188955568169 ], [ 128.189450906671397, -3.687145029233295 ], [ 128.189482347706331, -3.687159372526553 ], [ 128.189532653362249, -3.687137857586578 ], [ 128.189600027008538, -3.68710558517564 ], [ 128.189631468043501, -3.687041040350247 ], [ 128.189635061304642, -3.686985460080183 ], [ 128.189631468043501, -3.686951394751651 ], [ 128.189629671412916, -3.686887746371163 ], [ 128.189628773097638, -3.686859956231776 ], [ 128.189618891629493, -3.686785550370424 ], [ 128.189624281521219, -3.686740727559378 ], [ 128.189639552881061, -3.686715626784205 ], [ 128.189666502339577, -3.686670803969632 ], [ 128.189705129896765, -3.686622395327359 ], [ 128.18971950294133, -3.686572193769623 ], [ 128.189697943374512, -3.686519302839657 ], [ 128.189681773699391, -3.686490616232257 ], [ 128.189670095600718, -3.686469101276102 ], [ 128.189523670209383, -3.686229747353754 ], [ 128.189502110642565, -3.686184924514692 ], [ 128.189397906069615, -3.685979635882923 ] ] ] } },
{ "type": "Feature", "properties": { "FID": 98, "Kode": "81712015-RT002-RW006", "Provinsi": "MALUKU", "Kota_Kab": "KOTA AMBON", "Kecamatan": "Sirimau", "Kelurahan": "Amantelu", "Kode_RTRW": "81712015-RT002-RW006", "A1": " ", "k1_a_p": 19.59, "k1_b_p": 0, "k1_c_p": 36.08, "k1_p": 12.0267, "A2": " ", "k2_a_p": 0.0, "k2_b_p": 56.45, "k2_p": 28.225, "A3": " ", "k3_a_p": 48.74, "k3_b_p": 0.0, "k3_p": 24.37, "A4": " ", "k4_a_p": 0.0, "k4_b_p": 0.0, "k4_c_p": 0.0, "k4_d_p": 46.15, "k4_e_p": 84.62, "k4_p": 26.154, "A5": " ", "k5_a_p": 0.0, "k5_b_p": 39.5, "k5_p": 19.75, "A6": " ", "k6_a_p": 100, "k6_b_p": 82.35, "k6_c_p": 100, "k6_p": 94.1167, "A7": " ", "k7_a_p": 100, "k7_b_p": 100, "k7_p": 100, "A8": " ", "Sumber": "Data SIM KOTAKU, 25-11-2020", "city": "ambon", "source_layer": "Profil Kumuh Basis", "role": "profil" }, "geometry": { "type": "MultiPolygon", "coordinates": [ [ [ [ 128.190236034229684, -3.686097071743578 ], [ 128.190081524000846, -3.686211818218399 ], [ 128.190032116660177, -3.68626739853682 ], [ 128.189782385011227, -3.686413520970287 ], [ 128.189800351316904, -3.686459240254356 ], [ 128.189697943374512, -3.686519302839657 ], [ 128.18971950294133, -3.686572193769623 ], [ 128.189705129896765, -3.686622395327359 ], [ 128.189666502339577, -3.686670803969632 ], [ 128.189639552881061, -3.686715626784205 ], [ 128.189750943976293, -3.686741624015621 ], [ 128.189826402460113, -3.686781068089422 ], [ 128.189900962628712, -3.686776585808396 ], [ 128.189983607634872, -3.686782861001826 ], [ 128.190031218344899, -3.686773896439769 ], [ 128.190101286937079, -3.686731762996897 ], [ 128.190170457213981, -3.686685147270542 ], [ 128.190253102220112, -3.686639427998088 ], [ 128.190294424723191, -3.686616120132796 ], [ 128.190342933748497, -3.686582951246518 ], [ 128.190401324241975, -3.686546196533254 ], [ 128.190392341089137, -3.68652378512198 ], [ 128.190355510162505, -3.686431450101574 ], [ 128.190364493315343, -3.686418003253143 ], [ 128.190319577551122, -3.68628263830094 ], [ 128.190315085974703, -3.686268294993541 ], [ 128.190331255649824, -3.686254848142641 ], [ 128.190288136516187, -3.68615982372383 ], [ 128.190271966841067, -3.686168788292076 ], [ 128.190236034229684, -3.686097071743578 ] ] ], [ [ [ 128.190763345301491, -3.685339565346939 ], [ 128.190766040247354, -3.685304603497674 ], [ 128.190774125084886, -3.685265159358392 ], [ 128.190766938562632, -3.685217647097389 ], [ 128.190754362148624, -3.685149516303597 ], [ 128.190773226769608, -3.685116347362626 ], [ 128.190742684049923, -3.68509303945742 ], [ 128.190660937359098, -3.685046423645176 ], [ 128.190532478273468, -3.685043734271318 ], [ 128.190395934350278, -3.685085867794157 ], [ 128.190168660583396, -3.685201510857226 ], [ 128.190115659981615, -3.685251712492327 ], [ 128.189887487899455, -3.685362873245686 ], [ 128.189375448187519, -3.685516167487611 ], [ 128.189180513770879, -3.685588780540355 ], [ 128.189235311003216, -3.685687390849405 ], [ 128.18924249752547, -3.685695458965116 ], [ 128.189297294757807, -3.685794965719536 ], [ 128.189650332664456, -3.685598641571752 ], [ 128.189694350113371, -3.685660497129839 ], [ 128.189857843495076, -3.685566369104955 ], [ 128.190012353723944, -3.685503617082831 ], [ 128.190051879596467, -3.685591469912565 ], [ 128.190566614254266, -3.685364666160949 ], [ 128.190776820030749, -3.685397835092661 ], [ 128.19076783687791, -3.685375423652451 ], [ 128.190763345301491, -3.685339565346939 ] ] ] ] } },
{ "type": "Feature", "properties": { "FID": 99, "Kode": "81712009-RT002-RW001", "Provinsi": "MALUKU", "Kota_Kab": "KOTA AMBON", "Kecamatan": "Sirimau", "Kelurahan": "Batu Meja", "Kode_RTRW": "81712009-RT002-RW001", "A1": " ", "k1_a_p": 62.5, "k1_b_p": 100, "k1_c_p": 66.67, "k1_p": 76.39, "A2": " ", "k2_a_p": 0.0, "k2_b_p": 47.74, "k2_p": 23.87, "A3": " ", "k3_a_p": 8.0, "k3_b_p": 80.0, "k3_p": 40.0, "A4": " ", "k4_a_p": 100.0, "k4_b_p": 0.0, "k4_c_p": 0.0, "k4_d_p": 70.45, "k4_e_p": 59.55, "k4_p": 46.0, "A5": " ", "k5_a_p": 20.0, "k5_b_p": 64.0, "k5_p": 32.0, "A6": " ", "k6_a_p": 100, "k6_b_p": 80.0, "k6_c_p": 100, "k6_p": 93.3333, "A7": " ", "k7_a_p": 0, "k7_b_p": 100, "k7_p": 50, "A8": " ", "Sumber": "Data SIM KOTAKU, 25-11-2020", "city": "ambon", "source_layer": "Profil Kumuh Basis", "role": "profil" }, "geometry": { "type": "Polygon", "coordinates": [ [ [ 128.196239475273472, -3.696327378905161 ], [ 128.196044540856832, -3.696196497696842 ], [ 128.195838826656768, -3.696103267235302 ], [ 128.195731927137956, -3.69608264895883 ], [ 128.195635807402539, -3.696093406320527 ], [ 128.195519924730888, -3.696155261147754 ], [ 128.195320498737829, -3.696246698710536 ], [ 128.195219887425992, -3.696260145410149 ], [ 128.19503393616219, -3.696263731196678 ], [ 128.194941409687914, -3.696246698710536 ], [ 128.194840798376106, -3.69618215454955 ], [ 128.194662931949864, -3.696037826617022 ], [ 128.194472489109614, -3.695785028566806 ], [ 128.194346724969819, -3.6957168985835 ], [ 128.194151790553178, -3.695697176745251 ], [ 128.194055670817789, -3.695715105689132 ], [ 128.194132925932195, -3.696063823575547 ], [ 128.194191316425673, -3.696142710893303 ], [ 128.194418590192555, -3.696207255057158 ], [ 128.194441048074651, -3.696244905817238 ], [ 128.194570405475588, -3.696208151503846 ], [ 128.19501327491065, -3.696547904733023 ], [ 128.195789419316128, -3.696541629608598 ], [ 128.196239475273472, -3.696327378905161 ] ] ] } },
{ "type": "Feature", "properties": { "FID": 100, "Kode": "81712009-RT003-RW001", "Provinsi": "MALUKU", "Kota_Kab": "KOTA AMBON", "Kecamatan": "Sirimau", "Kelurahan": "Batu Meja", "Kode_RTRW": "81712009-RT003-RW001", "A1": " ", "k1_a_p": 0.0, "k1_b_p": 0, "k1_c_p": 34.21, "k1_p": 11.4033, "A2": " ", "k2_a_p": 0.0, "k2_b_p": 0.0, "k2_p": 0.0, "A3": " ", "k3_a_p": 66.67, "k3_b_p": 0.0, "k3_p": 33.335, "A4": " ", "k4_a_p": 0.0, "k4_b_p": 0.0, "k4_c_p": 0.0, "k4_d_p": 100.0, "k4_e_p": 82.86, "k4_p": 36.572, "A5": " ", "k5_a_p": 35.42, "k5_b_p": 45.83, "k5_p": 40.625, "A6": " ", "k6_a_p": 0, "k6_b_p": 0.0, "k6_c_p": 0, "k6_p": 0.0, "A7": " ", "k7_a_p": 0, "k7_b_p": 100, "k7_p": 50, "A8": " ", "Sumber": "Data SIM KOTAKU, 25-11-2020", "city": "ambon", "source_layer": "Profil Kumuh Basis", "role": "profil" }, "geometry": { "type": "Polygon", "coordinates": [ [ [ 128.194441048074651, -3.696244905817238 ], [ 128.194418590192555, -3.696207255057158 ], [ 128.194191316425673, -3.696142710893303 ], [ 128.194132925932195, -3.696063823575547 ], [ 128.194055670817789, -3.695715105689132 ], [ 128.193964940974098, -3.695732138185483 ], [ 128.193939788146139, -3.69573662042131 ], [ 128.19384366841075, -3.695796682379215 ], [ 128.193797854331251, -3.695857640780093 ], [ 128.193681971659601, -3.695965214418484 ], [ 128.193937991515554, -3.69633544692422 ], [ 128.194102383212538, -3.696617827545041 ], [ 128.194243418712148, -3.696609759528551 ], [ 128.194441048074651, -3.696244905817238 ] ] ] } },
{ "type": "Feature", "properties": { "FID": 101, "Kode": "81712009-RT001-RW001", "Provinsi": "MALUKU", "Kota_Kab": "KOTA AMBON", "Kecamatan": "Sirimau", "Kelurahan": "Batu Meja", "Kode_RTRW": "81712009-RT001-RW001", "A1": " ", "k1_a_p": 0.0, "k1_b_p": 100, "k1_c_p": 45.57, "k1_p": 48.5233, "A2": " ", "k2_a_p": 0.0, "k2_b_p": 13.33, "k2_p": 0.0, "A3": " ", "k3_a_p": 100.0, "k3_b_p": 0.0, "k3_p": 50.0, "A4": " ", "k4_a_p": 0.0, "k4_b_p": 0.0, "k4_c_p": 0.0, "k4_d_p": 100.0, "k4_e_p": 74.25, "k4_p": 34.85, "A5": " ", "k5_a_p": 13.64, "k5_b_p": 80.3, "k5_p": 40.15, "A6": " ", "k6_a_p": 0, "k6_b_p": 0.0, "k6_c_p": 0, "k6_p": 0.0, "A7": " ", "k7_a_p": 0, "k7_b_p": 100, "k7_p": 50, "A8": " ", "Sumber": "Data SIM KOTAKU, 25-11-2020", "city": "ambon", "source_layer": "Profil Kumuh Basis", "role": "profil" }, "geometry": { "type": "MultiPolygon", "coordinates": [ [ [ [ 128.20027830079087, -3.696764844721559 ], [ 128.200239673233654, -3.696660856965081 ], [ 128.199668344712961, -3.696755880260273 ], [ 128.19943657936966, -3.696999713574936 ], [ 128.199441070946079, -3.697485587112319 ], [ 128.199599174436088, -3.697590471217367 ], [ 128.199634208732164, -3.697541166725086 ], [ 128.199704277324344, -3.697414767923261 ], [ 128.199771650970632, -3.697313469579713 ], [ 128.199816566734853, -3.697246236159464 ], [ 128.199829143148804, -3.697234582366103 ], [ 128.199962992126132, -3.697115355086758 ], [ 128.200060010176827, -3.69703736430137 ], [ 128.200333996338486, -3.697066050568059 ], [ 128.20027830079087, -3.696764844721559 ] ] ], [ [ [ 128.19752137118391, -3.696323793118888 ], [ 128.197479150365552, -3.696280763682495 ], [ 128.197391115467724, -3.696177672315974 ], [ 128.197340809811806, -3.696117610383869 ], [ 128.197308470461564, -3.696112231703184 ], [ 128.19726445301265, -3.696104163682094 ], [ 128.197153061917447, -3.696117610383869 ], [ 128.197071315226566, -3.696148986020551 ], [ 128.197014721363672, -3.696168707848754 ], [ 128.196900635322578, -3.696180361656123 ], [ 128.196830566730426, -3.696217115970668 ], [ 128.196773074552226, -3.696247595157182 ], [ 128.19663024242206, -3.696330068244855 ], [ 128.19658891991898, -3.696337239817334 ], [ 128.197202469258059, -3.696408059092446 ], [ 128.19752137118391, -3.696323793118888 ] ] ], [ [ [ 128.199999823052792, -3.695621875176993 ], [ 128.199958500549712, -3.695534919786648 ], [ 128.199786922330446, -3.695612910704155 ], [ 128.19969349754092, -3.695656836620193 ], [ 128.19959827612081, -3.695698969639655 ], [ 128.199510241222953, -3.695706141217237 ], [ 128.199331476481404, -3.69570345187565 ], [ 128.199204814026359, -3.695747377787204 ], [ 128.199033235807065, -3.695804750403101 ], [ 128.198825724976444, -3.695841504733209 ], [ 128.198630790559804, -3.695852262097832 ], [ 128.198502331474174, -3.695935631669226 ], [ 128.198285837490715, -3.696105060128886 ], [ 128.198032512580568, -3.696192015463338 ], [ 128.197734271906256, -3.696313932206567 ], [ 128.197948969259159, -3.696541629608598 ], [ 128.198341533038302, -3.696356961641351 ], [ 128.198597552894284, -3.696321103779175 ], [ 128.198894895253318, -3.696356961641351 ], [ 128.199017066131972, -3.69648246414755 ], [ 128.199371002353899, -3.696544318947642 ], [ 128.199584801391552, -3.696573901676596 ], [ 128.200009704520937, -3.696235044904038 ], [ 128.199981856747087, -3.696195601250143 ], [ 128.199954008973293, -3.696043205298158 ], [ 128.199974670224833, -3.695887223531952 ], [ 128.200025874196029, -3.695752756470103 ], [ 128.199999823052792, -3.695621875176993 ] ] ] ] } },
{ "type": "Feature", "properties": { "FID": 102, "Kode": "81712016-RT004-RW003", "Provinsi": "MALUKU", "Kota_Kab": "KOTA AMBON", "Kecamatan": "Sirimau", "Kelurahan": "Batu Merah", "Kode_RTRW": "81712016-RT004-RW003", "A1": " ", "k1_a_p": 0.0, "k1_b_p": 0, "k1_c_p": 37.93, "k1_p": 12.6433, "A2": " ", "k2_a_p": 0.0, "k2_b_p": 16.5, "k2_p": 0.0, "A3": " ", "k3_a_p": 0.0, "k3_b_p": 0.0, "k3_p": 0.0, "A4": " ", "k4_a_p": 21.46, "k4_b_p": 16.67, "k4_c_p": 0.0, "k4_d_p": 83.33, "k4_e_p": 18.06, "k4_p": 16.666, "A5": " ", "k5_a_p": 13.75, "k5_b_p": 0.0, "k5_p": 0.0, "A6": " ", "k6_a_p": 100, "k6_b_p": 100.0, "k6_c_p": 100, "k6_p": 100.0, "A7": " ", "k7_a_p": 100, "k7_b_p": 100, "k7_p": 100, "A8": " ", "Sumber": "Data SIM KOTAKU, 25-11-2020", "city": "ambon", "source_layer": "Profil Kumuh Basis", "role": "profil" }, "geometry": { "type": "Polygon", "coordinates": [ [ [ 128.192586027012965, -3.685768968460447 ], [ 128.19235605830022, -3.685598641571752 ], [ 128.192034461428506, -3.685485687932841 ], [ 128.191689508359417, -3.685158480882026 ], [ 128.191600575146282, -3.68499711845649 ], [ 128.191648185856337, -3.684816033921871 ], [ 128.191555659382061, -3.684723698724187 ], [ 128.191261011968862, -3.684652878517529 ], [ 128.191169383809893, -3.684714734141378 ], [ 128.191076857335645, -3.684783761426682 ], [ 128.190863058298021, -3.684747903097322 ], [ 128.190538766480444, -3.684795415383412 ], [ 128.190276458417515, -3.684863546204323 ], [ 128.190101286937079, -3.684860856829912 ], [ 128.189957556491635, -3.68494602034897 ], [ 128.190090507153684, -3.68526426290066 ], [ 128.190115659981615, -3.685251712492327 ], [ 128.190168660583396, -3.685201510857226 ], [ 128.190395934350278, -3.685085867794157 ], [ 128.190532478273468, -3.685043734271318 ], [ 128.190660937359098, -3.685046423645176 ], [ 128.190742684049923, -3.68509303945742 ], [ 128.191066975867528, -3.685348529923453 ], [ 128.191331080561042, -3.685533200179527 ], [ 128.191455048070253, -3.685589676997759 ], [ 128.191744305591726, -3.68566497941649 ], [ 128.191980562511446, -3.685703527080754 ], [ 128.192260836880109, -3.685791379890741 ], [ 128.192420737000703, -3.685898954748296 ], [ 128.192489907277547, -3.685825445263707 ], [ 128.192533026411212, -3.685849649606865 ], [ 128.192570755653122, -3.685812894863292 ], [ 128.192586027012965, -3.685768968460447 ] ] ] } },
{ "type": "Feature", "properties": { "FID": 103, "Kode": "81711006-RT003-RW006", "Provinsi": "MALUKU", "Kota_Kab": "KOTA AMBON", "Kecamatan": "Nusaniwe", "Kelurahan": "Benteng", "Kode_RTRW": "81711006-RT003-RW006", "A1": " ", "k1_a_p": 56.14, "k1_b_p": 0, "k1_c_p": 0.0, "k1_p": 18.7133, "A2": " ", "k2_a_p": 0.0, "k2_b_p": 12.0, "k2_p": 0.0, "A3": " ", "k3_a_p": 0.0, "k3_b_p": 73.56, "k3_p": 36.78, "A4": " ", "k4_a_p": 0.0, "k4_b_p": 0.0, "k4_c_p": 0.0, "k4_d_p": 54.02, "k4_e_p": 75.86, "k4_p": 25.976, "A5": " ", "k5_a_p": 4.6, "k5_b_p": 4.6, "k5_p": 0.0, "A6": " ", "k6_a_p": 100, "k6_b_p": 34.48, "k6_c_p": 100, "k6_p": 78.16, "A7": " ", "k7_a_p": 100, "k7_b_p": 100, "k7_p": 100, "A8": " ", "Sumber": "Data SIM KOTAKU, 25-11-2020", "city": "ambon", "source_layer": "Profil Kumuh Basis", "role": "profil" }, "geometry": { "type": "MultiPolygon", "coordinates": [ [ [ [ 128.162903893395082, -3.702329068347658 ], [ 128.162915571493784, -3.702277971237972 ], [ 128.162832926487624, -3.702246595818284 ], [ 128.162736806752207, -3.702269903273016 ], [ 128.162757468003775, -3.702310243097065 ], [ 128.162593076306763, -3.702390922739647 ], [ 128.162475397004556, -3.70244919136583 ], [ 128.162463718905855, -3.702426780356213 ], [ 128.162446650915484, -3.702433951879353 ], [ 128.162262496282239, -3.702561246405403 ], [ 128.162165478231543, -3.702566625046945 ], [ 128.162186139483083, -3.702665233469439 ], [ 128.161992103381692, -3.702749498839959 ], [ 128.162081036594827, -3.702935061914848 ], [ 128.162112477629762, -3.70300319134321 ], [ 128.162119664152044, -3.703052495531518 ], [ 128.162142122034169, -3.703153793218878 ], [ 128.162254411444678, -3.703124210709609 ], [ 128.162434972816754, -3.70308835312129 ], [ 128.162554448749574, -3.703087456681562 ], [ 128.162770942733033, -3.703099110397938 ], [ 128.162933537799461, -3.703112556993564 ], [ 128.162927249592457, -3.702927890395768 ], [ 128.162906588340945, -3.702770116961311 ], [ 128.162888622035268, -3.702478773897655 ], [ 128.162903893395082, -3.702329068347658 ] ] ], [ [ [ 128.163185964394302, -3.70131788289205 ], [ 128.163184167763745, -3.70131698645053 ], [ 128.163015284490314, -3.7013205722166 ], [ 128.162906588340945, -3.701358222759464 ], [ 128.162695484249156, -3.701427248750556 ], [ 128.16268111120462, -3.701401251949348 ], [ 128.162661348268358, -3.701368980057131 ], [ 128.16251941445347, -3.70144338469575 ], [ 128.162536482443869, -3.701475656585256 ], [ 128.162336158135531, -3.701541096802032 ], [ 128.162248123237674, -3.701591297512996 ], [ 128.162334361504946, -3.701679148750332 ], [ 128.162445752600178, -3.7018333366152 ], [ 128.162475397004556, -3.701896983923683 ], [ 128.162509532985354, -3.701933738001146 ], [ 128.162577804946949, -3.702042207342816 ], [ 128.162690094357458, -3.701815407795082 ], [ 128.162865265837866, -3.701848576112014 ], [ 128.162911079917365, -3.701853058316909 ], [ 128.162916469809062, -3.701836922379179 ], [ 128.163012589544451, -3.701874572900091 ], [ 128.162944317582856, -3.702000074624903 ], [ 128.162973063671984, -3.702032346494122 ], [ 128.163012589544451, -3.701933738001146 ], [ 128.163038640687688, -3.701900569687406 ], [ 128.163070980037958, -3.701861126285664 ], [ 128.163148235152363, -3.701825268646192 ], [ 128.163220998690377, -3.70131788289205 ], [ 128.1632030323847, -3.70131788289205 ], [ 128.163185964394302, -3.70131788289205 ] ] ] ] } },
{ "type": "Feature", "properties": { "FID": 104, "Kode": "81711006-RT004-RW005", "Provinsi": "MALUKU", "Kota_Kab": "KOTA AMBON", "Kecamatan": "Nusaniwe", "Kelurahan": "Benteng", "Kode_RTRW": "81711006-RT004-RW005", "A1": " ", "k1_a_p": 66.67, "k1_b_p": 0, "k1_c_p": 6.67, "k1_p": 22.2233, "A2": " ", "k2_a_p": 0.0, "k2_b_p": 32.4, "k2_p": 16.2, "A3": " ", "k3_a_p": 25.45, "k3_b_p": 96.36, "k3_p": 60.905, "A4": " ", "k4_a_p": 100.0, "k4_b_p": 0.0, "k4_c_p": 0.0, "k4_d_p": 46.08, "k4_e_p": 12.75, "k4_p": 29.216, "A5": " ", "k5_a_p": 21.82, "k5_b_p": 21.82, "k5_p": 0.0, "A6": " ", "k6_a_p": 100, "k6_b_p": 36.36, "k6_c_p": 100, "k6_p": 78.7867, "A7": " ", "k7_a_p": 100, "k7_b_p": 100, "k7_p": 100, "A8": " ", "Sumber": "Data SIM KOTAKU, 25-11-2020", "city": "ambon", "source_layer": "Profil Kumuh Basis", "role": "profil" }, "geometry": { "type": "Polygon", "coordinates": [ [ [ 128.159245055242849, -3.703973138688803 ], [ 128.159157918660298, -3.703909491529577 ], [ 128.159102223112683, -3.70392114523513 ], [ 128.15906179892491, -3.70397941376059 ], [ 128.159027662944084, -3.703958795667405 ], [ 128.158927051632276, -3.703950727717767 ], [ 128.158895610597341, -3.704026028578197 ], [ 128.15890818701132, -3.704094157922589 ], [ 128.158827338635746, -3.704124636838121 ], [ 128.158809372330069, -3.70410581162571 ], [ 128.158697082919559, -3.704152426436659 ], [ 128.158704269441813, -3.704178423157083 ], [ 128.158635997480218, -3.70421248782407 ], [ 128.158600064868864, -3.704178423157083 ], [ 128.158529996276712, -3.704149737120709 ], [ 128.158483283881935, -3.704188283981873 ], [ 128.158471605783234, -3.704245656051191 ], [ 128.158493165350052, -3.704321853325006 ], [ 128.158494961980637, -3.704340678532819 ], [ 128.158298230933383, -3.704464387031349 ], [ 128.158262298322029, -3.704449147579565 ], [ 128.158199416252131, -3.704411497168152 ], [ 128.158031431294035, -3.704568373871808 ], [ 128.158095211679182, -3.704700150281387 ], [ 128.158119466191835, -3.704798758466195 ], [ 128.158463520945702, -3.704705528909932 ], [ 128.15875008352134, -3.704632020983647 ], [ 128.159497481837718, -3.704614092220211 ], [ 128.159561262222866, -3.704620367287455 ], [ 128.159512753197532, -3.704516380453107 ], [ 128.159245055242849, -3.703973138688803 ] ] ] } },
{ "type": "Feature", "properties": { "FID": 105, "Kode": "81712023-RT001-RW004", "Provinsi": "MALUKU", "Kota_Kab": "KOTA AMBON", "Kecamatan": "Sirimau", "Kelurahan": "Honipopu", "Kode_RTRW": "81712023-RT001-RW004", "A1": " ", "k1_a_p": 2.38, "k1_b_p": 0, "k1_c_p": 7.14, "k1_p": 0.0, "A2": " ", "k2_a_p": 6.67, "k2_b_p": -6.67, "k2_p": 0.0, "A3": " ", "k3_a_p": 28.17, "k3_b_p": 28.17, "k3_p": 28.17, "A4": " ", "k4_a_p": 100.0, "k4_b_p": 50.0, "k4_c_p": 50.0, "k4_d_p": 50.0, "k4_e_p": 8.51, "k4_p": 50.0, "A5": " ", "k5_a_p": 0.0, "k5_b_p": 0.0, "k5_p": 0.0, "A6": " ", "k6_a_p": 100, "k6_b_p": 0.0, "k6_c_p": 0, "k6_p": 33.3333, "A7": " ", "k7_a_p": 0, "k7_b_p": 0, "k7_p": 0, "A8": " ", "Sumber": "Data SIM KOTAKU, 25-11-2020", "city": "ambon", "source_layer": "Profil Kumuh Basis", "role": "profil" }, "geometry": { "type": "Polygon", "coordinates": [ [ [ 128.176741542031664, -3.697360084748093 ], [ 128.176795440948695, -3.697316158916418 ], [ 128.176818797146097, -3.697293747776969 ], [ 128.17683406850594, -3.697313469579713 ], [ 128.176950849492869, -3.697230100137846 ], [ 128.176844848289335, -3.697115355086758 ], [ 128.1767559150762, -3.697005988696119 ], [ 128.176657100394948, -3.696922619225342 ], [ 128.176671473439512, -3.696876900479976 ], [ 128.176896950575809, -3.696587348371248 ], [ 128.176665185232508, -3.696524597127791 ], [ 128.176524149732899, -3.696508461093042 ], [ 128.17647384407698, -3.696579280354481 ], [ 128.17637862265687, -3.696526390020523 ], [ 128.176388504124986, -3.696498600182772 ], [ 128.176410063691833, -3.696447502736893 ], [ 128.176318435532835, -3.696414334217818 ], [ 128.176173806772084, -3.696590037710155 ], [ 128.176311249010553, -3.696715540183369 ], [ 128.176358859720608, -3.696794427443155 ], [ 128.176449589564328, -3.696986266886536 ], [ 128.176612184630756, -3.697206792550545 ], [ 128.176708304366173, -3.697321537589801 ], [ 128.176741542031664, -3.697360084748093 ] ] ] } },
{ "type": "Feature", "properties": { "FID": 106, "Kode": "81712008-RT002-RW005", "Provinsi": "MALUKU", "Kota_Kab": "KOTA AMBON", "Kecamatan": "Sirimau", "Kelurahan": "Karang Panjang", "Kode_RTRW": "81712008-RT002-RW005", "A1": " ", "k1_a_p": 94.74, "k1_b_p": 0, "k1_c_p": 47.37, "k1_p": 47.37, "A2": " ", "k2_a_p": 0.0, "k2_b_p": 50.0, "k2_p": 25.0, "A3": " ", "k3_a_p": 55.0, "k3_b_p": 5.0, "k3_p": 27.5, "A4": " ", "k4_a_p": 0.0, "k4_b_p": 0.0, "k4_c_p": 0.0, "k4_d_p": 0.0, "k4_e_p": 0.0, "k4_p": 0.0, "A5": " ", "k5_a_p": 0.0, "k5_b_p": 0.0, "k5_p": 0.0, "A6": " ", "k6_a_p": 0, "k6_b_p": 15.0, "k6_c_p": 0, "k6_p": 0.0, "A7": " ", "k7_a_p": 0, "k7_b_p": 100, "k7_p": 50, "A8": " ", "Sumber": "Data SIM KOTAKU, 25-11-2020", "city": "ambon", "source_layer": "Profil Kumuh Basis", "role": "profil" }, "geometry": { "type": "MultiPolygon", "coordinates": [ [ [ [ 128.188626253240557, -3.697634397035452 ], [ 128.188598405466735, -3.697319744698676 ], [ 128.188166315815096, -3.697383392331364 ], [ 128.188192366958333, -3.6974533150775 ], [ 128.188186078751329, -3.69761377879458 ], [ 128.188192366958333, -3.697614675239846 ], [ 128.188482522795084, -3.697649636604484 ], [ 128.188626253240557, -3.697634397035452 ] ] ], [ [ [ 128.190642971053393, -3.696399991074048 ], [ 128.190294424723191, -3.696278074342651 ], [ 128.190031218344899, -3.69621353018395 ], [ 128.190045591389492, -3.696508461093042 ], [ 128.190633987900554, -3.696529975805976 ], [ 128.190642971053393, -3.696399991074048 ] ] ] ] } },
{ "type": "Feature", "properties": { "FID": 107, "Kode": "81711014-RT003-RW002", "Provinsi": "MALUKU", "Kota_Kab": "KOTA AMBON", "Kecamatan": "Nusaniwe", "Kelurahan": "Kel. Urimesing", "Kode_RTRW": "81711014-RT003-RW002", "A1": " ", "k1_a_p": 0.0, "k1_b_p": 0, "k1_c_p": 15.38, "k1_p": 0.0, "A2": " ", "k2_a_p": 0.0, "k2_b_p": 5.91, "k2_p": 0.0, "A3": " ", "k3_a_p": 2.5, "k3_b_p": 60.0, "k3_p": 30.0, "A4": " ", "k4_a_p": 7.66, "k4_b_p": 0.0, "k4_c_p": 0.0, "k4_d_p": 41.61, "k4_e_p": 72.63, "k4_p": 22.848, "A5": " ", "k5_a_p": 10.0, "k5_b_p": 10.0, "k5_p": 0.0, "A6": " ", "k6_a_p": 100, "k6_b_p": 37.5, "k6_c_p": 100, "k6_p": 79.1667, "A7": " ", "k7_a_p": 0, "k7_b_p": 100, "k7_p": 50, "A8": " ", "Sumber": "Data SIM KOTAKU, 25-11-2020", "city": "ambon", "source_layer": "Profil Kumuh Basis", "role": "profil" }, "geometry": { "type": "Polygon", "coordinates": [ [ [ 128.179394267065675, -3.702084340058724 ], [ 128.17940504684907, -3.702076272092004 ], [ 128.179418521578327, -3.702060136158341 ], [ 128.179517336259579, -3.701944495291823 ], [ 128.179519132890164, -3.701945391732707 ], [ 128.179511946367882, -3.701910430537567 ], [ 128.179623337463113, -3.701622672955901 ], [ 128.179765271278001, -3.701430834516179 ], [ 128.179917086561034, -3.701305332710701 ], [ 128.179915289930449, -3.701234513826904 ], [ 128.179911696669336, -3.701235410268506 ], [ 128.179944036019549, -3.701141283895295 ], [ 128.179929662975013, -3.701143076778688 ], [ 128.179864984274531, -3.70109287604232 ], [ 128.17980659378108, -3.701017574932435 ], [ 128.179803000519939, -3.700868765577406 ], [ 128.179803898835218, -3.700684994953866 ], [ 128.179796712312964, -3.700578318330519 ], [ 128.179714067306804, -3.7004725381367 ], [ 128.179602676211573, -3.700413372938039 ], [ 128.179457149135544, -3.700361379275348 ], [ 128.179337673202753, -3.70031745359242 ], [ 128.179274791132883, -3.70026366703893 ], [ 128.179099619652476, -3.700002802208181 ], [ 128.179054703888255, -3.699933776106095 ], [ 128.178920854910928, -3.70006286387705 ], [ 128.179379894021139, -3.700662583899608 ], [ 128.179507454791462, -3.700917173442629 ], [ 128.179011584754647, -3.701899673246476 ], [ 128.179302638906677, -3.702050275309847 ], [ 128.179394267065675, -3.702084340058724 ] ] ] } },
{ "type": "Feature", "properties": { "FID": 108, "Kode": "81711015-RT003-RW004", "Provinsi": "MALUKU", "Kota_Kab": "KOTA AMBON", "Kecamatan": "Nusaniwe", "Kelurahan": "Kel. Waihaong", "Kode_RTRW": "81711015-RT003-RW004", "A1": " ", "k1_a_p": 27.59, "k1_b_p": 0, "k1_c_p": 0.0, "k1_p": 9.19667, "A2": " ", "k2_a_p": 0.0, "k2_b_p": 0.0, "k2_p": 0.0, "A3": " ", "k3_a_p": 100.0, "k3_b_p": 77.5, "k3_p": 88.75, "A4": " ", "k4_a_p": 4.76, "k4_b_p": 0.0, "k4_c_p": 0.0, "k4_d_p": 100.0, "k4_e_p": 100.0, "k4_p": 40.0, "A5": " ", "k5_a_p": 12.5, "k5_b_p": 12.5, "k5_p": 0.0, "A6": " ", "k6_a_p": 100, "k6_b_p": 65.0, "k6_c_p": 100, "k6_p": 88.3333, "A7": " ", "k7_a_p": 100, "k7_b_p": 100, "k7_p": 100, "A8": " ", "Sumber": "Data SIM KOTAKU, 25-11-2020", "city": "ambon", "source_layer": "Profil Kumuh Basis", "role": "profil" }, "geometry": { "type": "Polygon", "coordinates": [ [ [ 128.174581093773355, -3.69814447423303 ], [ 128.174650264050229, -3.698209914695836 ], [ 128.174792197865116, -3.698346174274121 ], [ 128.174929640103585, -3.698501259163394 ], [ 128.175155117239882, -3.698792603535188 ], [ 128.175169490284446, -3.698813221748639 ], [ 128.175207219526385, -3.69878632842665 ], [ 128.175240457191876, -3.698767503100771 ], [ 128.175607868143118, -3.698565803155556 ], [ 128.175631224340492, -3.698553252935225 ], [ 128.175637512547468, -3.698547874269316 ], [ 128.175189253220708, -3.697990285726223 ], [ 128.175042827829373, -3.697871058548504 ], [ 128.174864961403131, -3.697742866903443 ], [ 128.174581093773355, -3.69814447423303 ] ] ] } },
{ "type": "Feature", "properties": { "FID": 109, "Kode": "81712017-RT001-RW001", "Provinsi": "MALUKU", "Kota_Kab": "KOTA AMBON", "Kecamatan": "Sirimau", "Kelurahan": "Pandan Kasturi", "Kode_RTRW": "81712017-RT001-RW001", "A1": " ", "k1_a_p": 69.05, "k1_b_p": 0, "k1_c_p": 61.9, "k1_p": 43.65, "A2": " ", "k2_a_p": 0.0, "k2_b_p": 54.29, "k2_p": 27.145, "A3": " ", "k3_a_p": 0.0, "k3_b_p": 17.86, "k3_p": 0.0, "A4": " ", "k4_a_p": 0.0, "k4_b_p": 0.0, "k4_c_p": 0.0, "k4_d_p": 51.79, "k4_e_p": 60.71, "k4_p": 22.5, "A5": " ", "k5_a_p": 19.64, "k5_b_p": 44.64, "k5_p": 22.32, "A6": " ", "k6_a_p": 0, "k6_b_p": 100.0, "k6_c_p": 100, "k6_p": 66.6667, "A7": " ", "k7_a_p": 100, "k7_b_p": 100, "k7_p": 100, "A8": " ", "Sumber": "Data SIM KOTAKU, 25-11-2020", "city": "ambon", "source_layer": "Profil Kumuh Basis", "role": "profil" }, "geometry": { "type": "Polygon", "coordinates": [ [ [ 128.190099490306523, -3.675804790663478 ], [ 128.190126439765038, -3.675750106159411 ], [ 128.190214474662895, -3.675646115945705 ], [ 128.190506427130231, -3.675541229252358 ], [ 128.190687886817614, -3.67544351428763 ], [ 128.191268198491144, -3.675039207301444 ], [ 128.191112789946999, -3.674823158482037 ], [ 128.190991517383651, -3.674716478755233 ], [ 128.190901685855238, -3.674789092688309 ], [ 128.190820837479663, -3.674907426492511 ], [ 128.190757955409765, -3.67496211104824 ], [ 128.190732802581806, -3.674959421643938 ], [ 128.19066812388138, -3.674998866239553 ], [ 128.190402222557282, -3.675173677494572 ], [ 128.190339340487384, -3.675212225612863 ], [ 128.19027466178693, -3.675285735973361 ], [ 128.190089608838377, -3.675400483841051 ], [ 128.19008421894668, -3.675565433874996 ], [ 128.189996184048823, -3.675725005074454 ], [ 128.190099490306523, -3.675804790663478 ] ] ] } },
{ "type": "Feature", "properties": { "FID": 110, "Kode": "81712017-RT004-RW002", "Provinsi": "MALUKU", "Kota_Kab": "KOTA AMBON", "Kecamatan": "Sirimau", "Kelurahan": "Pandan Kasturi", "Kode_RTRW": "81712017-RT004-RW002", "A1": " ", "k1_a_p": 17.86, "k1_b_p": 0, "k1_c_p": 35.71, "k1_p": 11.9033, "A2": " ", "k2_a_p": 0.0, "k2_b_p": 40.0, "k2_p": 20.0, "A3": " ", "k3_a_p": 6.9, "k3_b_p": 17.24, "k3_p": 0.0, "A4": " ", "k4_a_p": 0.0, "k4_b_p": 42.86, "k4_c_p": 0.0, "k4_d_p": 41.43, "k4_e_p": 22.86, "k4_p": 16.858, "A5": " ", "k5_a_p": 10.34, "k5_b_p": 34.48, "k5_p": 17.24, "A6": " ", "k6_a_p": 0, "k6_b_p": 27.59, "k6_c_p": 100, "k6_p": 42.53, "A7": " ", "k7_a_p": 100, "k7_b_p": 100, "k7_p": 100, "A8": " ", "Sumber": "Data SIM KOTAKU, 25-11-2020", "city": "ambon", "source_layer": "Profil Kumuh Basis", "role": "profil" }, "geometry": { "type": "Polygon", "coordinates": [ [ [ 128.193364866364277, -3.67350983154548 ], [ 128.193262458421884, -3.673106420153025 ], [ 128.193051354330123, -3.673171862457969 ], [ 128.192734249034856, -3.673198756554501 ], [ 128.19258423038238, -3.673249855335677 ], [ 128.192549196086333, -3.673123453082171 ], [ 128.192499788745664, -3.673142278950849 ], [ 128.192444991513355, -3.673174551867659 ], [ 128.192385702704598, -3.673187998915985 ], [ 128.192315634112447, -3.673228340059749 ], [ 128.192321024004144, -3.673271370611087 ], [ 128.19199942713243, -3.673396876373972 ], [ 128.191897019190037, -3.673383429328794 ], [ 128.191716457817932, -3.673471283353636 ], [ 128.191905104027597, -3.673743810069547 ], [ 128.19195001979179, -3.673779668841761 ], [ 128.192259938564803, -3.67411763769908 ], [ 128.192284193077484, -3.674149014111701 ], [ 128.192571653968429, -3.673870212235189 ], [ 128.192862708120458, -3.673592306741042 ], [ 128.19322652581053, -3.673504452728112 ], [ 128.193364866364277, -3.67350983154548 ] ] ] } },
{ "type": "Feature", "properties": { "FID": 111, "Kode": "81712014-RT003-RW001", "Provinsi": "MALUKU", "Kota_Kab": "KOTA AMBON", "Kecamatan": "Sirimau", "Kelurahan": "Rijali", "Kode_RTRW": "81712014-RT003-RW001", "A1": " ", "k1_a_p": 0.0, "k1_b_p": 0, "k1_c_p": 32.14, "k1_p": 10.7133, "A2": " ", "k2_a_p": 0.0, "k2_b_p": 0.0, "k2_p": 0.0, "A3": " ", "k3_a_p": 83.87, "k3_b_p": 0.0, "k3_p": 41.935, "A4": " ", "k4_a_p": 0.0, "k4_b_p": 0.0, "k4_c_p": 0.0, "k4_d_p": 100.0, "k4_e_p": 0.0, "k4_p": 20.0, "A5": " ", "k5_a_p": 0.0, "k5_b_p": 0.0, "k5_p": 0.0, "A6": " ", "k6_a_p": 100, "k6_b_p": 0.0, "k6_c_p": 100, "k6_p": 66.6667, "A7": " ", "k7_a_p": 0, "k7_b_p": 100, "k7_p": 50, "A8": " ", "Sumber": "Data SIM KOTAKU, 25-11-2020", "city": "ambon", "source_layer": "Profil Kumuh Basis", "role": "profil" }, "geometry": { "type": "Polygon", "coordinates": [ [ [ 128.184505681032306, -3.688957661085495 ], [ 128.184513765869866, -3.688985451159303 ], [ 128.184689835665552, -3.68921046107975 ], [ 128.185156959613295, -3.689808395531708 ], [ 128.185213553476189, -3.689847839469414 ], [ 128.185574676220398, -3.690397365055749 ], [ 128.186181039037194, -3.689928520245629 ], [ 128.185794763465026, -3.689336861049911 ], [ 128.185380640119035, -3.688755062456625 ], [ 128.185086891021115, -3.688444889245071 ], [ 128.184950347097953, -3.688331039513094 ], [ 128.184505681032306, -3.688957661085495 ] ] ] } },
{ "type": "Feature", "properties": { "FID": 112, "Kode": "81712013-RT003-RW004", "Provinsi": "MALUKU", "Kota_Kab": "KOTA AMBON", "Kecamatan": "Sirimau", "Kelurahan": "Uritetu", "Kode_RTRW": "81712013-RT003-RW004", "A1": " ", "k1_a_p": 52.78, "k1_b_p": 0, "k1_c_p": 0.0, "k1_p": 17.5933, "A2": " ", "k2_a_p": 0.0, "k2_b_p": 100.0, "k2_p": 50.0, "A3": " ", "k3_a_p": 0.0, "k3_b_p": 0.0, "k3_p": 0.0, "A4": " ", "k4_a_p": 0.0, "k4_b_p": 0.0, "k4_c_p": 0.0, "k4_d_p": 66.87, "k4_e_p": 66.87, "k4_p": 26.748, "A5": " ", "k5_a_p": 0.0, "k5_b_p": 0.0, "k5_p": 0.0, "A6": " ", "k6_a_p": 0, "k6_b_p": 0.0, "k6_c_p": 0, "k6_p": 0.0, "A7": " ", "k7_a_p": 100, "k7_b_p": 100, "k7_p": 100, "A8": " ", "Sumber": "Data SIM KOTAKU, 25-11-2020", "city": "ambon", "source_layer": "Profil Kumuh Basis", "role": "profil" }, "geometry": { "type": "Polygon", "coordinates": [ [ [ 128.1852629608168, -3.695205923541922 ], [ 128.185239604619426, -3.695223852495732 ], [ 128.185206366953906, -3.69521757736194 ], [ 128.185176722549528, -3.695175444319614 ], [ 128.185032093788806, -3.69527315711684 ], [ 128.184982686448166, -3.695195166169463 ], [ 128.184886566712777, -3.695253435268726 ], [ 128.184842549263863, -3.695210405780408 ], [ 128.184788650346803, -3.695251642373421 ], [ 128.184881176821051, -3.695402245566398 ], [ 128.184910821225458, -3.695385213063712 ], [ 128.184953940359094, -3.695453343072492 ], [ 128.185090484282256, -3.695349355162253 ], [ 128.18527104565436, -3.695553745181156 ], [ 128.185591744210797, -3.695994797166754 ], [ 128.18528362206834, -3.696241320030633 ], [ 128.185502810997662, -3.696533561591414 ], [ 128.185678880793375, -3.696412541324859 ], [ 128.185729186449265, -3.696383855037031 ], [ 128.185757034223087, -3.696367718999721 ], [ 128.185790271888607, -3.696346204282851 ], [ 128.185911544451955, -3.696244009370588 ], [ 128.185795661780304, -3.696079959618386 ], [ 128.185700440360193, -3.695950871267452 ], [ 128.185617795354034, -3.695800268167617 ], [ 128.185534252032625, -3.695683730037102 ], [ 128.185417471045668, -3.695541194918195 ], [ 128.185389623271874, -3.695485615180088 ], [ 128.185347402453516, -3.695398659776386 ], [ 128.185327639517283, -3.695345769372027 ], [ 128.185258469240381, -3.695234609867842 ], [ 128.185256672609825, -3.695228334734128 ], [ 128.1852629608168, -3.695205923541922 ] ] ] } },
{ "type": "Feature", "properties": { "FID": 113, "Kode": "81712013-RT001-RW004", "Provinsi": "MALUKU", "Kota_Kab": "KOTA AMBON", "Kecamatan": "Sirimau", "Kelurahan": "Uritetu", "Kode_RTRW": "81712013-RT001-RW004", "A1": " ", "k1_a_p": 17.5, "k1_b_p": 0, "k1_c_p": 0.0, "k1_p": 0.0, "A2": " ", "k2_a_p": 0.0, "k2_b_p": 54.32, "k2_p": 27.16, "A3": " ", "k3_a_p": 56.67, "k3_b_p": 56.67, "k3_p": 56.67, "A4": " ", "k4_a_p": 0.0, "k4_b_p": 0.0, "k4_c_p": 0.0, "k4_d_p": 37.55, "k4_e_p": 37.55, "k4_p": 15.02, "A5": " ", "k5_a_p": 0.0, "k5_b_p": 0.0, "k5_p": 0.0, "A6": " ", "k6_a_p": 100, "k6_b_p": 0.0, "k6_c_p": 100, "k6_p": 66.6667, "A7": " ", "k7_a_p": 100, "k7_b_p": 100, "k7_p": 100, "A8": " ", "Sumber": "Data SIM KOTAKU, 25-11-2020", "city": "ambon", "source_layer": "Profil Kumuh Basis", "role": "profil" }, "geometry": { "type": "Polygon", "coordinates": [ [ [ 128.186256497521072, -3.696700300598284 ], [ 128.186251107629346, -3.696704782829218 ], [ 128.186040003537585, -3.696378476357962 ], [ 128.185926815811769, -3.696234148457379 ], [ 128.185911544451955, -3.696244009370588 ], [ 128.185790271888607, -3.696346204282851 ], [ 128.185757034223087, -3.696367718999721 ], [ 128.186018443970767, -3.696806081242303 ], [ 128.185952866955034, -3.696847317761129 ], [ 128.186032817015302, -3.696977302427489 ], [ 128.186134326642389, -3.696927101455154 ], [ 128.186124445174272, -3.696894829400007 ], [ 128.186304108231099, -3.696770223398286 ], [ 128.186256497521072, -3.696700300598284 ] ] ] } }
]
}
