city,g_compact_mean,g_compact_std,h_gap_mean,h_gap_std,h_layout_contrast,h_layout_ent,unit_id
ambon,0.7272778989307056,0.0703945119109394,65.90089420501612,77.97063997600124,0.065489971578383,0.2975396889235671,ambon_0000
ambon,0.7302586008318971,0.0677187646774763,54.981846290696296,49.286886223961766,0.0614347166962962,0.2761924741702204,ambon_0001
ambon,0.7192484488770304,0.0769688862868085,179.4012187076412,160.27222072953128,0.0220920718247729,0.1073844760659772,ambon_0002
ambon,0.7333063078112954,0.0712619480872548,56.56818832352685,41.71887162517588,0.0433049379384491,0.1915283109982769,ambon_0003
ambon,0.7249071954241325,0.0744715172004022,172.70427835663918,121.39174134902588,0.0070775754240513,0.0348118731641163,ambon_0004
ambon,0.7326594311217844,0.0598351302415451,178.36448003642676,121.9738630529728,0.0097502985149841,0.0463160262331543,ambon_0005
ambon,0.7385570113551984,0.0569338115833163,122.19083649953852,106.82198922520044,0.0108867376588197,0.055114168718239,ambon_0006
ambon,0.7221928020791251,0.076502562624398,286.81449490090523,237.5687793150623,0.0267611769713263,0.1169034374112077,ambon_0007
ambon,0.7196117599107986,0.0824536983239746,1416.7675023886932,13634.217719497794,0.0034690700745714,0.0151972847090451,ambon_0008
ambon,0.7289414862896009,0.0710576455079225,181.26327548764075,171.6923763139176,0.0177908301536953,0.0826737020714979,ambon_0009
ambon,0.7166508963054945,0.0808920420646445,39.80094216828645,59.002740117804414,0.230573665393229,0.8625209956639576,ambon_0010
ambon,0.7148340784360399,0.0845273309000591,8.00356759064286,5.005369058070788,0.3144969227368804,1.1397933145172168,ambon_0011
ambon,0.7153461446647339,0.0805397448677023,11.148464626577136,8.719691751957928,0.2617232255325389,0.9940149385850257,ambon_0012
ambon,0.7186122676067266,0.0813276824913362,20.57932263961873,32.576211505074944,0.2281507967991563,0.8687708926567237,ambon_0013
ambon,0.7207003466214463,0.0766918887914318,21.103677150398383,20.14564976056805,0.1622639862705484,0.6666074640788533,ambon_0014
ambon,0.7202200060282831,0.0795098641601097,11.128399289870089,7.534521650273519,0.2380198058522454,0.9317072886489312,ambon_0015
ambon,0.7064308029651302,0.0906663890029049,10.960748869427364,10.470440911247366,0.2599546711631932,1.0194634256738562,ambon_0016
ambon,0.7322494591108697,0.0751802418191192,472.9344073879231,374.3940636469405,0.0076238936942224,0.0339931829251361,ambon_0017
ambon,0.6995062929032735,0.0977359761812205,7.459047507309338,4.811718738994163,0.2973370417261438,1.1398904318764782,ambon_0018
ambon,0.7011270388440299,0.0912331819554438,7.296294398858221,3.886330373830928,0.2997547647453956,1.179963199449395,ambon_0019
ambon,0.6985063088279889,0.101207904305964,7.319974769866387,4.62523226695942,0.3023064784189027,1.1802423349288649,ambon_0020
ambon,0.7195394593290055,0.0739383286595129,18.83657126993046,21.6108341730138,0.2142082812513197,0.8391726482820533,ambon_0021
ambon,0.6934825184270893,0.1051804406704435,11.772902645245733,10.92199850351171,0.2440503860633331,1.0156257796839223,ambon_0022
ambon,0.700539616038725,0.0966528238268564,11.028366031447238,9.375278853119577,0.2544601971283411,1.040023532287256,ambon_0023
ambon,0.7283006259204008,0.0665556419056338,306.1510769078375,210.90308552102195,0.0109736225190636,0.0460034747756225,ambon_0024
ambon,0.7248653539556461,0.0720270623428867,16.936716152207893,14.70960568440904,0.2031553687200656,0.7849935343398371,ambon_0025
ambon,0.7178258640994304,0.080274450780445,9.996453609794576,7.203225660371144,0.2667878192757302,1.0481176183560237,ambon_0026
ambon,0.7010915415561091,0.0965886406508998,6.738580353158824,3.072001141925507,0.3029713008674823,1.2033649214112998,ambon_0027
ambon,0.7072748149698894,0.0910720453349459,14.664929401911586,13.971850038848633,0.2254885412291878,0.9326849754450288,ambon_0028
ambon,0.7120306660044095,0.086322491244284,13.360262045429607,11.552994640724036,0.239007898355406,0.9520698713701202,ambon_0029
ambon,0.7256739789823585,0.07470450401335,65.09675371158589,88.28672038155335,0.1501354140289324,0.589106509967142,ambon_0030
ambon,0.7245858062035473,0.0728206147243281,10676.204280754777,47316.17569969184,0.016437809925572,0.0708088064122905,ambon_0031
ambon,0.7204677072254064,0.0792709993381525,27.159519076195977,28.602216753238064,0.1720965216484928,0.6915118538028717,ambon_0032
ambon,0.7115624205441806,0.0886585581976413,14.66463683649022,15.637729043401306,0.2471551823706348,0.9638559790978332,ambon_0033
ambon,0.7290264763345048,0.0611628316448899,7.472170336212014,3.992550273292098,0.2922338671493322,1.1110216935984667,ambon_0034
ambon,0.7190117885450265,0.0812629428849555,379.7996598121796,410.9984694352521,0.041109171676609,0.1769387986875489,ambon_0035
ambon,0.7210151806627364,0.0803044530321819,18.07676702803074,19.31753738960655,0.1805540771007859,0.7794493930453519,ambon_0036
ambon,0.7210815607554322,0.0788426409198397,77580.12620078155,108988.31378913084,0.0140342052273753,0.0607607893099605,ambon_0037
ambon,0.7225735053983945,0.0804384705385544,89689.09486873493,112548.33345368574,0.0076389429764054,0.033857929036661,ambon_0038
ambon,0.7163365958217903,0.0792380731841636,99.80341646225207,96.65526959136068,0.0758687445311094,0.3199430908260445,ambon_0039
ambon,0.7269985335027145,0.06942826227758,382.8146988934381,297.19582856565444,0.008144287492209,0.0376626625954296,ambon_0040
ambon,0.7216951590982161,0.0822729270142695,42.43192242205716,39.77726650828445,0.1081071692998611,0.4678226309672169,ambon_0041
ambon,0.7145243837033379,0.0862272161876773,62.42997711732201,76.29743843526916,0.1038589351119373,0.4608967951337252,ambon_0042
ambon,0.7220353908152929,0.0759366421517788,54517.382818081656,97776.8702721677,0.0071653936368924,0.0317192981866682,ambon_0043
ambon,0.715046894647934,0.0867456457872027,299.1709003232501,258.3149189817382,0.0246761441980081,0.1076299691065107,ambon_0044
ambon,0.7280354859120827,0.0747120803076429,124.572614284144,98.54309676784098,0.0371583147388519,0.1603664463414247,ambon_0045
ambon,0.7199979163669137,0.0810039020401513,332.1056043702519,256.8980596177201,0.030963055488996,0.1301349053528414,ambon_0046
ambon,0.7325881535759493,0.0694306986452511,516.7133797896593,438.7333030907063,0.0390204009120792,0.1629353236749642,ambon_0047
ambon,0.7153201003166391,0.0880769357068094,15038.713604870898,56161.65646194226,0.0209757905404231,0.0949719708253128,ambon_0048
ambon,0.7208676757793496,0.0818831576147984,58169.43491545192,100078.1686839369,0.0330495145844598,0.144478336881011,ambon_0049
dki,0.7031871064595577,0.0948372829565741,14.491590113848488,13.061061437975168,0.2246914701519215,0.9255493800756835,dki_0000
dki,0.6927523629828255,0.1085214316847796,32.385474263495034,36.63298866816395,0.1059095102974272,0.5302727085875785,dki_0001
dki,0.6835264509718602,0.1053080278291185,14.92390865165562,17.682641074047282,0.2353207217311732,0.9509979777493932,dki_0002
dki,0.7088788090232852,0.0873052930928898,11.04693732528553,10.472904662325636,0.2985182653862813,1.083268267525359,dki_0003
dki,0.6742459806861237,0.1143340089297781,9.882012962147538,6.949848234294088,0.2359565379228377,1.006065901758499,dki_0004
dki,0.7063400850756729,0.0920974011967523,19.18043620600066,20.095792208649723,0.208647530473489,0.8463054951774522,dki_0005
dki,0.6954891544342844,0.0979277895812363,10.034568779293656,7.766423586938341,0.2435323065303812,1.0651045439970392,dki_0006
dki,0.7045923464822816,0.0938077962587026,18.33147384669456,19.720520851256246,0.2482556666951294,0.937632318312078,dki_0007
dki,0.7058115589887861,0.0897196740814698,6.517710392461865,3.5947320411380206,0.3370341606799936,1.2051372783366927,dki_0008
dki,0.6998350868563119,0.0949566393982242,13.657161798404864,14.217486595056766,0.2188803886808711,0.9668667289991908,dki_0009
dki,0.6933537888573524,0.0970975549610178,10.82592002944561,10.05558266089314,0.2548624101805171,1.0157692788521446,dki_0010
dki,0.7021739192363757,0.0919984355980839,14.916702270978384,15.702394826346532,0.228997433723701,0.9606291408654244,dki_0011
dki,0.6951227791048437,0.0974909893138041,8.784156899090236,6.4232396958387685,0.2861431818935927,1.0737244595637392,dki_0012
dki,0.693208374692977,0.1014055664175145,7.08109303460262,4.419702859189484,0.3349510533544496,1.2058957336694014,dki_0013
dki,0.6996012097433851,0.0973053428875093,20.81995409515668,20.26155030493316,0.1676104856179819,0.7364773319553849,dki_0014
dki,0.7123053526759072,0.0876351624964213,36.69429352420103,41.92476551527918,0.1625276542035373,0.6644523152594844,dki_0015
dki,0.6961354508743726,0.0986424073076243,13.841767904653157,13.977790535698006,0.2454444566061072,0.97471813375999,dki_0016
dki,0.7054507548746339,0.0921865779732098,19.36166422393746,19.218662006260377,0.2067462175379499,0.8363162303494787,dki_0017
dki,0.7022339348812876,0.0925481161912749,6.312973425682125,3.309479665657934,0.3528676648982469,1.226409303720511,dki_0018
dki,0.6938903165100315,0.0954231562791453,9.252310412990814,7.805036287342066,0.2681436608570326,1.0424374119740851,dki_0019
dki,0.6975875457166679,0.0948115258420921,11.61173703282272,10.969311992692484,0.2366639912589634,1.023229535911867,dki_0020
dki,0.7040826060787271,0.0927194473411724,13.874640297350645,14.68852099702362,0.2437803638319805,0.995320920814962,dki_0021
dki,0.7095747092752639,0.0870158163631942,14.44919052587101,17.21080165884416,0.2706370477750823,1.0238904435202238,dki_0022
dki,0.6932948894501216,0.1008718804817203,12.257317873864528,9.621409139217498,0.2158214105604391,0.9596762806404842,dki_0023
dki,0.7119672490039008,0.0845133589182265,12.534998598272171,12.168229493555629,0.2572681115247493,1.0162695640349717,dki_0024
dki,0.7108808415039304,0.0867988661988405,12.721116657463211,11.648935320047524,0.2675905330629752,1.004661268911466,dki_0025
dki,0.6801475816880449,0.1099343317402187,10.07811003012974,6.603664693992189,0.2368391558831987,1.033158934341876,dki_0026
dki,0.685228486915582,0.1086316958463201,14.171227730401682,12.854322721696631,0.2178838697466897,0.9136111578939374,dki_0027
dki,0.6958615489558835,0.0977249775446904,14.556222220372325,15.635522578877785,0.2212625268811004,0.9606109805440808,dki_0028
dki,0.6937699148176912,0.1028702376979328,16.71488714022038,16.693782323529216,0.1964660123700102,0.8777962388758513,dki_0029
dki,0.7084273717030403,0.0911545844863137,44.20318627814715,54.09377272423043,0.1604556050302176,0.6417779935676816,dki_0030
dki,0.7032627575765596,0.0905593207413858,12.838301262876936,14.039124520424764,0.2845647598832139,1.0471694259492066,dki_0031
dki,0.6995406558973158,0.0969190779223907,33.801336166831554,36.17786803206315,0.1282832266051026,0.5621209183447973,dki_0032
dki,0.7076475012843548,0.0908031593976017,14.140988051381816,14.620333956923949,0.2551183475800634,0.9909647172531264,dki_0033
dki,0.7111682402280441,0.086324455059488,30.09675912013825,41.54629498230351,0.2241816897702561,0.8763887717779895,dki_0034
dki,0.6966079497190056,0.0959094982323208,8.38079825573354,5.501526869071738,0.2763735003194706,1.1412146510387833,dki_0035
dki,0.6964832920835227,0.0954126676406068,10.42780742371805,9.356762788787917,0.2647511498651441,1.0731064486404094,dki_0036
dki,0.6981167467406001,0.0947835715007796,8.633272797842045,6.299607541940444,0.2986710484462664,1.1196754214847018,dki_0037
dki,0.7037464710541013,0.0948229540748339,14.079474616955656,13.270322317390708,0.2494013837135274,0.9568210730621122,dki_0038
dki,0.6972198421230394,0.0982937094142793,15.387203809776492,20.09299214881978,0.2919213548522473,1.0356389347728223,dki_0039
dki,0.6959509040452305,0.0971846917145356,12.317478365673718,14.865183370468902,0.2601147469189547,1.0356009404001976,dki_0040
dki,0.7026100254404168,0.0914696765243916,13.989428200154384,13.773443106240448,0.2579051436153163,1.005944630705052,dki_0041
dki,0.7048066113688154,0.0902630980591795,9.21346340990475,9.141938845352518,0.31442268523262,1.1529318503095187,dki_0042
dki,0.6953071051788435,0.0976306975518246,9.820327165149129,8.0757749541234,0.2666821566842988,1.049599364540435,dki_0043
dki,0.7085860887061837,0.0892643132687894,12.29878366991378,12.120453859804623,0.2636270597130233,1.0104274985909063,dki_0044
dki,0.7055723768631723,0.0882973237472784,16.68766038061771,19.65940693388436,0.2598012241855956,0.9803580261475006,dki_0045
dki,0.702631623368875,0.0919851242947778,10.44815977839704,10.36160923866276,0.2779407699722387,1.1014716466751877,dki_0046
dki,0.6994897135900592,0.0938918731707077,9.475239601485717,7.273525851709716,0.260454785065577,1.0834020172293837,dki_0047
dki,0.7011642692276268,0.0920013015862126,9.671406013315424,7.498105050759192,0.2576870180851154,1.071228480813914,dki_0048
dki,0.7052997119904111,0.0905908630226014,18.33937293906498,20.01786424404257,0.2250217872514189,0.9044568332353016,dki_0049
dki,0.6899093365149421,0.1047975330151341,24.16169954007764,22.11725452917499,0.1761006618331241,0.7435935159645751,dki_0050
dki,0.6753833386069835,0.1060102361092515,6.938627098944118,4.30975797175209,0.2933839763646036,1.1459010180425642,dki_0051
dki,0.6814895818698716,0.1079995921777041,6.317399115593996,3.1773695394230725,0.2898692224303375,1.0783632915144807,dki_0052
dki,0.6848783198163244,0.1038145623499567,8.97535588152297,6.7490830793280665,0.2681796943235304,0.983568684634175,dki_0053
dki,0.6665570658737394,0.129574888563998,32.54539745693947,28.801868591291846,0.1084049696100396,0.5424848435804722,dki_0054
dki,0.6974866862625773,0.0962397593832895,10.528331429002629,11.582098555528525,0.2701902858069727,1.084222362331214,dki_0055
dki,0.6995219184514496,0.093745755736668,8.260327002845958,7.877060468756616,0.2983850961098717,1.1331287836734378,dki_0056
dki,0.7027785005336037,0.0930302447550516,13.4609846929351,12.63434699780707,0.2491583564364081,0.976893016997454,dki_0057
dki,0.6619845332129168,0.1333425913085173,37.26680836254,30.16380951056547,0.0721725935494505,0.3903687822875989,dki_0058
dki,0.6643750914221406,0.1157559732677893,7.241620895354667,4.61757770616881,0.2913415405844596,1.1231566164365083,dki_0059
dki,0.6689900924093112,0.115207524323449,11.853323752339977,8.224897684556247,0.2047163989046405,0.9553147709763506,dki_0060
dki,0.6857493918957911,0.1027631113038496,14.328416422136389,14.57943601970076,0.2178187908533924,0.9393560345070504,dki_0061
dki,0.696671670541535,0.0985862281535784,10.189851866691638,7.76184505868374,0.2446285262318596,1.0399417887931983,dki_0062
dki,0.7037108639334901,0.0917651785491055,22.25469845191156,19.241910912528628,0.1603970092836977,0.7249148234408657,dki_0063
dki,0.6930033396996491,0.1045722076174025,12.04666965454101,10.251527527341368,0.2113439207741101,0.979671488067002,dki_0064
dki,0.6852663853217447,0.1081954872177713,22.86628869373456,21.697144427557348,0.1758951482186216,0.7479137903187765,dki_0065
dki,0.6974021929882749,0.0973299843542121,10.596247496948456,8.240599790543074,0.2541599991380387,1.0403933726146926,dki_0066
dki,0.6847623953647254,0.1139432811918101,60.49874367835507,55.10136482136845,0.0896299011099121,0.4086167991899525,dki_0067
dki,0.6963676900965384,0.0957652856373634,5.808347420648284,2.385379140209273,0.3670892456038263,1.2319120911308987,dki_0068
dki,0.7100467295738596,0.0862128652360615,10.780904573543957,10.463623485506671,0.2780448034358767,1.0763093116717384,dki_0069
dki,0.7021156494470144,0.0926241192269742,9.635033646373229,8.94070310899881,0.280818750111457,1.1149034963401363,dki_0070
dki,0.7019430200554677,0.0911685431238273,9.914568818617068,8.62699509150513,0.2736472582724371,1.089490403876626,dki_0071
dki,0.6998911056021404,0.094181911441106,11.366551463015602,14.229916133825688,0.272728194301262,1.0654211609396058,dki_0072
dki,0.7003777709577163,0.0962022784123836,13.00978241203168,12.597006375816834,0.2211024085437321,0.9284464348622478,dki_0073
dki,0.6968030034146656,0.0989423009275714,12.225608713173454,9.602264948813811,0.2395799246280376,0.9632013110443972,dki_0074
dki,0.6924394638680185,0.1019517193369222,12.043024014796076,13.396519263027718,0.2439585204195853,1.0196310991026745,dki_0075
dki,0.6878751910151912,0.1034048170213316,13.636753866685854,17.534794312858217,0.2470443448063516,1.0137557545961329,dki_0076
dki,0.6879364909611894,0.1068235317374064,12.572976725877773,12.903836846786968,0.251397553217484,0.973254623926968,dki_0077
dki,0.6671126262858167,0.1239084282855154,10.10162652382055,10.18737774850991,0.2754172866200793,1.0707706086159687,dki_0078
dki,0.7034008660914614,0.0916337846942251,21.40847616455552,27.67124842212872,0.2148289078878856,0.8987490154523106,dki_0079
dki,0.690761562635956,0.0992990236927466,10.41813830814663,12.607267198292227,0.264613391350571,1.0458098798769109,dki_0080
dki,0.6975226086267207,0.0974039477212078,19.821337313632075,23.325916444998605,0.2257155234991907,0.8608730468640426,dki_0081
dki,0.6945073470172347,0.0967279050282106,9.495589425289284,8.75730246609596,0.2853660997599761,1.0394571688916994,dki_0082
dki,0.7017348345890589,0.0921566415107834,14.178281097035326,16.071259972582467,0.2533993997972088,1.0054548376325816,dki_0083
dki,0.7016358032004104,0.0943936959592723,14.214003136104104,12.828234999494605,0.2141950227698472,0.9148236300950158,dki_0084
dki,0.7091682940177053,0.0860760187866421,11.248783280325805,12.231931289143606,0.3026164640912229,1.0967266239068114,dki_0085
dki,0.7068542469522316,0.0898241062809173,26.456018710366653,28.30478584589075,0.189518800997647,0.769421806996697,dki_0086
dki,0.6981255447862522,0.1006447438093346,65.07986418526858,70.04932150318231,0.089054592627867,0.4360657120034117,dki_0087
dki,0.6767722265753072,0.1122905881151823,11.649947089701122,9.102699921323383,0.2219586172176792,0.9626605016612476,dki_0088
dki,0.6963941638609694,0.0988562597196583,9.81332239764522,8.38522399446682,0.2725199000566476,1.0518157041292744,dki_0089
dki,0.6825690066578067,0.1054040096982888,5.3479091521605255,1.53836827656871,0.2751112124857287,1.0050040917484886,dki_0090
dki,0.704538103793396,0.0899842507679379,7.60564273504082,5.777800513164436,0.3121142020619894,1.1386547612605666,dki_0091
dki,0.7034634787629186,0.0931253436117431,10.887405251239528,10.348582419036386,0.2582668243687888,1.0027040509514211,dki_0092
dki,0.6985394265374171,0.0950565157243202,32.785252254797086,40.29559538762897,0.1505001757362358,0.7097620251744726,dki_0093
dki,0.6817414679585403,0.1074457076363464,8.37450136462209,6.773957946691505,0.2666640294309497,1.038871634744049,dki_0094
dki,0.6927013682331064,0.1006750028334661,18.81777977959381,17.519840831166487,0.1667929235469654,0.7540881144989313,dki_0095
dki,0.6837972909612215,0.1074446191173469,15.500760755804444,13.150500391496434,0.1988464404139837,0.8626916103577502,dki_0096
dki,0.673895941432441,0.1164098697076765,19.269105077875743,19.19210623063933,0.1491696501556194,0.7220498791180742,dki_0097
dki,0.6910239422064616,0.1063781972606247,25.995799445755907,25.995303184837468,0.1315263373004361,0.6196990503886447,dki_0098
dki,0.6947371901254745,0.0976340965515935,9.236213306483592,8.760131314868202,0.3435945952896682,1.166379519879715,dki_0099
dki,0.6932022476517994,0.0954488178698361,5.822302339470393,2.236801617092995,0.307215348774867,1.0958629794510997,dki_0100
dki,0.7044816794518199,0.0900080556992669,25.534616024129125,31.31305907463016,0.2007099927645407,0.829128707642433,dki_0101
dki,0.6832326634452106,0.1031131109633664,7.962274639327132,5.737119175175634,0.2723809609843474,1.0432518193302138,dki_0102
dki,0.7102989957686351,0.0860414826324665,11.751772799341914,10.338411706264138,0.2629321482402744,1.0183178653087803,dki_0103
dki,0.6972958861405526,0.0966370241455192,22.846891007154884,28.89781580429529,0.2357865355157015,0.936021894841756,dki_0104
dki,0.7004235241520682,0.0945827650939765,10.887543874632868,10.699177717950633,0.2606880337810418,1.0587657556585095,dki_0105
dki,0.697025440616467,0.096105887835918,9.791946034787658,8.74276766148851,0.2612680528482557,1.033835874056676,dki_0106
dki,0.6915851944501159,0.0999002611286573,8.763793309918995,8.162031400047846,0.3068685618657646,1.1395990901141475,dki_0107
dki,0.7031820975663298,0.0916658875369006,9.992594939212644,8.448813388922183,0.2668303037963004,1.073374153984905,dki_0108
dki,0.6745139276281035,0.1154380861555234,11.08418016640796,11.064128706188312,0.2527481695630112,1.002082924308983,dki_0109
dki,0.678476688995448,0.11496889954430159,12.227343756519515,10.535273836714023,0.22359377185402377,0.9878051789391281,dki_0110
dki,0.6977564774816291,0.09947298131903547,13.205176217103455,12.078009425002804,0.252426470528351,0.9744737351565675,dki_0111
dki,0.681987413301788,0.10909976444431688,9.88165598668466,6.923672587150593,0.2561672726558606,1.0416531392338768,dki_0112
dki,0.6914231704758822,0.10208440814093667,14.230224350299657,12.461387033285899,0.2164817640855073,0.8880642034518355,dki_0113
dki,0.7038138754565186,0.0908540679433379,22.367771263604876,24.216256851141768,0.2334671946826994,0.8627147108989963,dki_0114
dki,0.6823405896642303,0.10983441299400268,12.38155252941156,10.968721065089868,0.22112934326832176,0.9691579026891957,dki_0115
dki,0.7058238671225086,0.09356727793329349,20.481633680674133,21.45466447043019,0.17806076624818792,0.7879229653523249,dki_0116
dki,0.7045881785741568,0.09098836097708465,14.018529647623104,14.990908628445705,0.2278161439861398,0.9669480279239542,dki_0117
dki,0.7035841336312385,0.09101885257297983,10.05878561482776,9.675376443886707,0.27943239795675756,1.0909151174913225,dki_0118
dki,0.7070473290239935,0.08852372850155459,12.886818430959837,14.823833520825985,0.28376986318649755,1.0611375036006658,dki_0119
dki,0.7069939037890028,0.0940232870652245,17.327811414771766,19.773536687874596,0.18785434650725236,0.8645728674092562,dki_0120
dki,0.7094713865278015,0.08719993141718652,11.656779922461169,10.263928592112993,0.2549277881073966,1.042495871858694,dki_0121
dki,0.6980624745878,0.09569343221562093,13.14356965855848,14.440797866717933,0.23714619909363174,1.0122594778165916,dki_0122
dki,0.6880132538827769,0.1028896613210479,9.201802918188934,10.041789665899628,0.3055758127655006,1.1402433519729995,dki_0123
dki,0.7068299141151203,0.08987762963049926,23.531711853673986,25.366288422212353,0.17026396833928972,0.7769406574277927,dki_0124
dki,0.7054034430657007,0.08942535084627996,13.826545327450594,12.588398114074234,0.2231508156701371,0.9451032504080599,dki_0125
dki,0.6794207584178427,0.11583406732039218,11.770052735426152,8.572302185846105,0.2128246744410156,0.9685950343160935,dki_0126
dki,0.702329552236745,0.09299950509380335,11.561667791924808,15.285839180149678,0.3042238804684545,1.1179518126540402,dki_0127
dki,0.6980600811997659,0.0954175982964921,9.172758800611735,7.435500904727636,0.29590915412631674,1.0992836394980043,dki_0128
dki,0.6998483045771222,0.09480487085390578,12.938678400611971,11.777859418446026,0.25384040932678026,0.9654980617105264,dki_0129
dki,0.6966266024112525,0.09777555869977464,9.083725388107691,8.951801506648996,0.27760770078337405,1.0712460476480932,dki_0130
dki,0.6855155413257615,0.10517619361763299,9.453551462436945,7.5577959090838,0.2777619600841167,1.0702609941956154,dki_0131
dki,0.6950555170647166,0.09893041306970494,10.343471760427105,9.266758533469496,0.27603336728275046,1.05783448712154,dki_0132
dki,0.7021827158258631,0.095555393952525,11.677181197024131,8.718380689225128,0.2138824812363768,0.9802001198384785,dki_0133
dki,0.6840758452922315,0.10228192366722219,7.588532945492541,5.551384107846299,0.28683717597895736,1.0663518539716355,dki_0134
dki,0.675529437173422,0.11242070734472916,8.578716297025021,6.450696111434375,0.2584790481008014,1.0428162212450833,dki_0135
dki,0.6949069042538332,0.09976898005292743,20.217270893732973,17.306551258426758,0.16225219961346551,0.7296123897914543,dki_0136
dki,0.6800575628126787,0.11155027167809967,17.138287404979778,14.073622767756932,0.16385706084488738,0.7843033937231497,dki_0137
dki,0.6784035376177883,0.1105056856056117,8.103533432615018,6.210535623779967,0.28164459561923844,1.1095348375353657,dki_0138
dki,0.6956119403206104,0.09745246900764576,6.399042912395346,4.164160857152511,0.328569265603687,1.1728696244291816,dki_0139
dki,0.7103783619390229,0.08678896554410562,10.987510251365602,9.686109457539494,0.2758934101901783,1.0548646988391546,dki_0140
dki,0.7046823852685503,0.0913148954779593,17.139299775587475,18.80621492042709,0.25654461271517526,0.9533398325897129,dki_0141
dki,0.7068614606674893,0.0885116351843652,15.907600779370377,17.892019885562142,0.273502369884086,0.9822037547182556,dki_0142
dki,0.706510552643356,0.0869300676744123,11.009895397319541,12.174976946819331,0.2980018044051888,1.0989946249326636,dki_0143
dki,0.7074151862109079,0.08806139755598005,11.464930321407557,11.935303950556353,0.28149597382551045,1.075733432469382,dki_0144
dki,0.698453549939988,0.09567479988373605,12.173269623660131,11.9163938099949,0.26442429423501496,1.024449989424057,dki_0145
dki,0.6771542539857598,0.11110791980925785,9.961603522991064,7.217176853122052,0.22518199999029284,0.9901035808168372,dki_0146
dki,0.6849905155870838,0.10433746767629837,11.469037554367194,9.220933774740969,0.21512137308821075,0.9722569811550973,dki_0147
dki,0.6922324248068655,0.10819632226059274,10.966840663554528,8.066730681387488,0.22912362670664382,0.9586710127066765,dki_0148
dki,0.7001850249210095,0.09492962215375103,7.384764145050325,5.61438241809842,0.3209363758526114,1.1369112690753327,dki_0149
dki,0.6745196747127149,0.10715871267422013,8.352623611274995,5.980226783217218,0.26040805885055435,1.0712277182578973,dki_0150
dki,0.7038245454812094,0.0939075320282431,61.10414071366804,59.74477393430411,0.07085320719362882,0.31901142044843955,dki_0151
dki,0.684780002260933,0.11172192679264255,11.966248093197763,8.495555862302504,0.18917666519512855,0.9346810592407955,dki_0152
dki,0.6893872953005786,0.10314896237577974,14.996403606844947,13.134652732561728,0.20630581199501283,0.9028274906084125,dki_0153
dki,0.6911671389679414,0.10017321465791068,28.129869168447566,31.307916026522825,0.2048328933101113,0.7881258288724261,dki_0154
dki,0.6981551152966567,0.09496278452361216,18.785296638877867,23.010634039684607,0.21579398133031258,0.8868383315388089,dki_0155
dki,0.7081530501595645,0.08853633917482734,16.087725376435365,16.049670952113352,0.22178800097916543,0.9190747802903695,dki_0156
dki,0.7076849037878059,0.0876888207272947,15.111898429626423,18.597796443640696,0.22743235022381478,0.9709564607850043,dki_0157
dki,0.7093058184299417,0.08776003407984662,25.090099892648492,27.474607347030286,0.22380709498145707,0.838222561104924,dki_0158
dki,0.6958683222439568,0.0978231500602179,11.450669873212584,11.936639472416529,0.29218615554649346,1.0560437942684042,dki_0159
dki,0.696852676881965,0.09662717829069205,46.87703918891567,52.99119805428908,0.16089606911669682,0.632944587695042,dki_0160
dki,0.6932506496980089,0.0985328014323165,8.81543272015805,6.3811549311350655,0.2772538657510064,1.0788715033274054,dki_0161
dki,0.6986341089858962,0.09559022528503558,8.428019701905148,6.808626058705646,0.28393919934765577,1.0871480546084618,dki_0162
dki,0.7001355263635454,0.09588260172270646,16.719748858008884,17.98693591665001,0.21871603450244853,0.9042979079119325,dki_0163
dki,0.7009021166978684,0.09385780003949262,30.734285448698238,42.34404737605414,0.19603878083004195,0.8075005242101563,dki_0164
dki,0.6769416908255482,0.11324344498633382,16.75367791063421,14.251242063455711,0.19534599267940592,0.8450822823269125,dki_0165
dki,0.6946869213745364,0.09657860561514964,11.226036549479904,10.373276533248667,0.2718423560772771,1.0272236378805801,dki_0166
dki,0.7044526816954306,0.089854286894848,10.15263154723215,7.8828274733419015,0.2586504417307747,1.0701087099608408,dki_0167
dki,0.6903370152882731,0.10108384871948689,9.367988840464962,7.6724013605884185,0.2713807486300004,1.0682470952130416,dki_0168
dki,0.7112694705055738,0.08825101406963438,26.966661695370036,37.78395099804611,0.20167766863961403,0.8518743838878226,dki_0169
dki,0.6956582642349898,0.09932399656727638,11.664397645653791,9.514715729227333,0.24879520798035973,1.0059023501301096,dki_0170
dki,0.7041993690150673,0.09268354978701861,13.909424075742018,11.905333252345892,0.2075727272159011,0.9026485037871624,dki_0171
dki,0.6857509656242367,0.10281788106735132,22.630946455963475,25.383363283754143,0.19124626271512984,0.8209296527630358,dki_0172
dki,0.7026931390820874,0.0915443312214743,9.063367874396851,6.9590142758392695,0.2766990786318013,1.1179124522889061,dki_0173
dki,0.7079019650836996,0.08895904090410832,10.935743078671441,9.547085197768341,0.2840670192941642,1.0651238869486948,dki_0174
dki,0.7053608279958355,0.09272814390888184,12.389255748099776,11.013220380710772,0.24871714724893765,0.9791881952139939,dki_0175
dki,0.6710553535092251,0.11667775812317732,13.723271326998324,12.69202543988469,0.22106644093454264,0.9377747364340018,dki_0176
dki,0.6996739964627539,0.09423871744043878,9.882479399737026,11.956571617777737,0.27915922298918244,1.1061878529067193,dki_0177
dki,0.700544441475931,0.09386523386371178,9.215198442092856,7.637855122730596,0.2793982147160345,1.0954323601052538,dki_0178
dki,0.703126248720892,0.09374057080385348,11.033788584377739,10.587434654914519,0.2813884436530193,1.0535508933545419,dki_0179
dki,0.6870392018689291,0.10614881472388767,14.71462427746775,14.661898588951862,0.18689388278462352,0.8487097952944141,dki_0180
dki,0.7041064030256358,0.09316520939356066,16.374204436057198,15.716791246883759,0.21360000550817942,0.894319318448292,dki_0181
dki,0.6909518871268229,0.10247370041295079,18.117388735922454,19.02910112636973,0.22974739487491116,0.891607522186354,dki_0182
dki,0.7038964301800444,0.09205919304986279,10.542291543851215,8.561768049847444,0.24228767517031297,1.0567732029500738,dki_0183
dki,0.6823068378478897,0.10642806881737424,9.743734612030686,7.452886847602489,0.24205160658680183,1.0495780583030643,dki_0184
dki,0.6766812771267452,0.11203133836264192,10.025067030010497,7.254238419319781,0.2318272108224432,1.021493282395928,dki_0185
dki,0.7023076963103956,0.09277422547653195,12.831632840416786,12.404670207265765,0.24366109702172636,1.0001222945857324,dki_0186
dki,0.7033161903147933,0.09086909047808414,10.899839584284186,9.91852372606349,0.2710545054764211,1.0548665883891615,dki_0187
dki,0.700133958937304,0.09761864240112336,20.49148416321417,20.83772404248426,0.2142570568679692,0.8385109564207677,dki_0188
dki,0.670211442316842,0.11804798687488907,10.48545419619077,7.039444604000023,0.2120964652402289,0.9735849262167865,dki_0189
dki,0.6932595833874472,0.09969067713786084,8.299687495117377,7.828489002422168,0.3017137088643411,1.0743063807603814,dki_0190
dki,0.6935648167846551,0.09918499426889178,12.891598009235043,12.316127810045998,0.26464714965805103,1.0032528541915027,dki_0191
dki,0.7014043430809472,0.09590754665855214,16.876339604490813,23.271330449308905,0.19476512664884155,0.9012003687317163,dki_0192
dki,0.7024969050252641,0.09220028036426751,12.489768368988178,13.130749567749058,0.27299191103965664,1.0624121233745918,dki_0193
dki,0.7028616144593923,0.09143244020823608,12.497808923307787,13.112896520833754,0.26207803155919607,1.0443771259916141,dki_0194
dki,0.7044997905352564,0.09136304208300083,19.865965386070535,22.36942972443553,0.2429502298661257,0.9313759305022642,dki_0195
dki,0.7004082263382675,0.09441005556651547,15.573657142641387,20.005164305029147,0.22872451383038897,0.9634894805414932,dki_0196
dki,0.6976457873369625,0.09466545890701537,18.153531074881545,19.59590129770166,0.1971064681315302,0.8784181972526192,dki_0197
dki,0.7121407520845168,0.08628138518104836,36.89866119871416,35.91608620016741,0.1586612896172306,0.6229128745310863,dki_0198
dki,0.6928800734571243,0.0997792717570372,12.460053960697532,9.295792953846284,0.1997278620391539,0.9361074816369975,dki_0199
dki,0.7046393833087261,0.09053757720269764,9.889904110738161,7.355588236752413,0.25829902373189145,1.0677158993543423,dki_0200
dki,0.7081345647978506,0.08848962988219043,16.221793003829536,17.26897579076657,0.24787208635078964,0.9525160587088448,dki_0201
dki,0.701009469779388,0.09565678522578586,22.950746335569335,22.367211190824428,0.1769824544088347,0.7468323399373522,dki_0202
dki,0.7041650656746516,0.09202971706674763,15.039004655365362,18.0589985329538,0.26925902134716295,1.0096412040512315,dki_0203
dki,0.7124084377849811,0.08385219602240548,9.256481515055171,6.50187643458178,0.241595562210636,1.0876323618860022,dki_0204
dki,0.6995823525653909,0.09543107400521557,19.449506679188303,25.29222463635864,0.2180842511366353,0.8986345888908783,dki_0205
dki,0.6841626103219298,0.10743813521775025,16.89700574528087,17.153995862309543,0.21866566007628324,0.9017746618983624,dki_0206
dki,0.6904133520287515,0.10887588456496758,21.614941678332478,22.931393924033053,0.14310917757680383,0.6961802660499149,dki_0207
dki,0.7003578017883134,0.09359381143349488,16.31594607915183,17.689240370069232,0.24175663457916138,0.9306754238509709,dki_0208
dki,0.6979090918300381,0.09573843522097264,13.46010169716042,13.027025631951664,0.26443121156987587,0.9940371450807569,dki_0209
dki,0.7011854464263816,0.09579590350486368,12.83385718159035,10.346279918136494,0.22475715870995983,0.9516301869010235,dki_0210
dki,0.7004361504455747,0.09483832342428487,27.707733347994413,32.9545775601156,0.21375299305289402,0.854332277848625,dki_0211
dki,0.6897374423708771,0.10285438501971088,15.576600734279419,17.403282540563197,0.22937565057529286,0.9387476366589997,dki_0212
dki,0.6538352715771375,0.12533753748365323,9.73190753174376,7.0836798197816915,0.224779975738834,1.013988968282461,dki_0213
dki,0.7079483392536845,0.08958824935655757,79.5518245330032,88.77545460400745,0.1036833640420292,0.43654394650741224,dki_0214
dki,0.6857176458577801,0.10558451645863288,12.868667572644146,8.749384801764624,0.18342210179810883,0.8933072555003545,dki_0215
dki,0.7056960304907297,0.09154045905854001,19.321238930489216,19.659545707644863,0.2023446317154704,0.8321625279433913,dki_0216
dki,0.7009671707139653,0.09414044094674617,16.104110861634325,16.553907991631807,0.23954864826044459,0.9182045993490904,dki_0217
dki,0.7002202922241497,0.09531797582406804,30.345830330350225,35.08540696531513,0.1608323714872153,0.6594500368721637,dki_0218
dki,0.6804946650583763,0.11063876211215505,22.669754022001083,21.574541320200254,0.12308987664758343,0.6432340961487955,dki_0219
dki,0.671767496267096,0.12266897133956979,13.324399330740324,10.066299393026975,0.1913857935855171,0.8927455425407851,dki_0220
dki,0.703121404597445,0.08928862755716649,6.319430620174434,3.7210698168756444,0.3713359303280374,1.224027981748148,dki_0221
dki,0.6887009639205921,0.11073585623407456,22.66171306428874,19.116675791010547,0.13764578185058235,0.6692277402444419,dki_0222
dki,0.7135386886246838,0.08424005802376662,19.085331174831634,22.13665478601593,0.23544265653124363,0.9090031204314307,dki_0223
dki,0.6860487789148176,0.10638066212447576,11.881844314021638,10.6625405062385,0.23622360547577326,0.9914331915909517,dki_0224
dki,0.7083021788957522,0.0901646666066438,32.9756813359468,47.276070680197584,0.22749137071088862,0.8683980098851534,dki_0225
dki,0.6974759890096341,0.09947994363349406,19.12221006494956,17.353857175661496,0.16174320449296994,0.736659382051159,dki_0226
dki,0.6957975522747439,0.09704887995992137,9.058899869658305,8.046609817473371,0.28163266228397726,1.0782631751795642,dki_0227
dki,0.6965794546158637,0.09567831995934549,7.282847554782042,5.119902449723772,0.3178117678100168,1.1738242899239246,dki_0228
dki,0.7013574162574574,0.09286154322158571,12.942324245040574,14.517160912004417,0.2775943760449863,1.0557266388818207,dki_0229
dki,0.6945579610102559,0.10009772841030155,19.429045632632633,19.29798215758716,0.18696803476905896,0.8016146493189807,dki_0230
dki,0.7004617978699939,0.09429275797452963,12.803116797086687,14.04862954871178,0.24593413889960092,1.017100893977143,dki_0231
dki,0.7040003816744332,0.09114756358404558,19.744335906422993,21.024201432465212,0.21879261060040167,0.8792038219138983,dki_0232
dki,0.708382987148253,0.08934514408554488,13.815748677525393,13.736296526892234,0.24859950860045332,0.9712851832899166,dki_0233
dki,0.6718097735616028,0.11262388547056199,7.9257413436028745,5.702667752412193,0.25892749265792003,1.072791270740557,dki_0234
dki,0.6631175036611926,0.12121372785523878,7.310823191013688,4.054729879946563,0.2530364053236386,1.0141240250476948,dki_0235
dki,0.6847867285748569,0.1023288208361954,7.905449721783716,5.195105195405197,0.26763556587263293,1.0365073213365839,dki_0236
dki,0.6818453689193728,0.10486080531208827,7.256565685551999,4.1295087742442576,0.265297437257349,1.0605233216612868,dki_0237
dki,0.6779563275518875,0.10785803243732486,8.696972826908686,6.5323569872976694,0.26095184361811513,1.0409724361358095,dki_0238
dki,0.7120235647360615,0.0845237844035532,12.864954458114905,11.803763544739915,0.25788984540428805,1.009119515526066,dki_0239
dki,0.7007877384801048,0.09450094926206033,15.815360533838565,15.441272470123822,0.20334239309439384,0.87393914118937,dki_0240
dki,0.7073233134922113,0.09049699626625175,17.517005667165694,18.420753909417265,0.20526246798277073,0.8947057898209579,dki_0241
dki,0.7029175089725691,0.0933165430485324,11.37063240172369,10.468840199041901,0.2530971461793731,0.9946581032243131,dki_0242
dki,0.7047044969324733,0.09076537546272073,10.390818601290432,9.241574415511511,0.24441013103256373,1.0422071656946692,dki_0243
dki,0.7032516898123422,0.09153113385162621,9.705678997428496,8.326074910830544,0.25180144441615787,1.0523476689753863,dki_0244
dki,0.7091153469677348,0.08953645108508816,22.310082096386235,28.93900174224323,0.21356482602375634,0.8785395498471505,dki_0245
dki,0.7011871926910763,0.09280483925933326,6.7846176252061845,3.7294971590928543,0.30153485841711963,1.1484398043905957,dki_0246
dki,0.7076764816311317,0.08915306155689086,13.00299190161231,13.500536637457783,0.24321531720734052,1.012137314075331,dki_0247
dki,0.699075424064592,0.09585259043594767,9.41013024944008,7.403955181830822,0.29093077503256193,1.0834257722644778,dki_0248
dki,0.6930571137114909,0.09872013911307036,8.04257770690368,5.572683015348377,0.3021813753787456,1.1278002454272333,dki_0249
dki,0.7077038516182993,0.09275719643631622,26.852167375883045,26.731848551442315,0.1642200669324381,0.6993301886840552,dki_0250
dki,0.7056312396560548,0.08932366558751782,12.997593873865059,13.767824167378391,0.2665062670024552,1.0302287565896748,dki_0251
dki,0.6928644694676181,0.09925621338260024,7.595435637754506,6.5611461178512,0.30780805896393554,1.1169746966937817,dki_0252
dki,0.6932854209063606,0.09750659317046428,7.776428495859799,5.612064253539415,0.2889464508348701,1.0890650282908814,dki_0253
dki,0.7019223891369283,0.09241332738022635,6.351460544764098,3.5950917080700906,0.3866958520569965,1.242068640566805,dki_0254
dki,0.7055371953075738,0.08979844970061725,7.129462279665256,5.234120050119569,0.35906360742513865,1.2133157699584172,dki_0255
dki,0.6957319996857217,0.09777481636225106,13.157651914777258,13.615808258401522,0.247514464232441,1.0170238825108069,dki_0256
dki,0.705958226910793,0.09089598664594871,9.652205863774018,6.817939354465326,0.2469015736625176,1.07076548265543,dki_0257
dki,0.7027212663465827,0.09117603449717758,14.155058450030802,13.191886824227286,0.21471336022730872,0.9373301050731658,dki_0258
dki,0.7017522935131173,0.09216596852932567,17.558607211257492,19.90563666814371,0.21693384106918642,0.9147975621169542,dki_0259
dki,0.6942040055872069,0.09770403131756984,11.554610411649957,11.790094510382453,0.2472821234108838,1.0347636919666765,dki_0260
kebumen,0.7171523658864015,0.08164627026022701,109.09088195434674,87.53847527566465,0.031690581940649915,0.1501694688309738,kebumen_0000
kebumen,0.7192750322485014,0.0851529969687107,84.2666247710924,90.21398557362585,0.04319409469007867,0.21061102833680453,kebumen_0001
kebumen,0.7094758610310139,0.08447822894049645,88.19202873458009,72.20881983865213,0.03548027975306007,0.17353658292331606,kebumen_0002
kebumen,0.718760656911158,0.07654167724361133,64.55579068235818,62.02921126059584,0.07261221700721605,0.34781930712044434,kebumen_0003
kebumen,0.7158211464931781,0.0823581137870737,89.97592545723097,99.33267981990197,0.04516322416215161,0.2225677321463226,kebumen_0004
kebumen,0.7178664585828843,0.07913080841995461,95.56253760356041,93.60196035555592,0.05090974255682196,0.24858320361653227,kebumen_0005
kebumen,0.7119476065798056,0.08544539667057272,91.20277023750724,109.15493157537226,0.06310114761147327,0.3029159203005416,kebumen_0006
kebumen,0.7122895689639923,0.08277206214415965,69.90593596827,58.66752800209327,0.06221519144230865,0.3001303281561452,kebumen_0007
kebumen,0.7099628735250041,0.08607649869436831,110.25571419578179,97.39731253580457,0.0342574205487266,0.16510434141169714,kebumen_0008
kebumen,0.718213990298605,0.0813263904831998,105.41717249016509,86.42101071143433,0.039628581162794226,0.1931713365649119,kebumen_0009
kebumen,0.7167657831411095,0.08209163450503836,104.8108648099323,86.038087710366,0.03351954768342101,0.1589249993846928,kebumen_0010
kebumen,0.7159269712661299,0.07732128844786236,126.11538337331768,111.13734051020656,0.03874796909841153,0.18915577019762317,kebumen_0011
kebumen,0.7191724986417714,0.07910745728143992,112.1176679567152,105.34521225329874,0.03008467919822123,0.1429506254445646,kebumen_0012
kebumen,0.7165220265549184,0.08015986826902279,82.58296633225122,93.75447506208764,0.058666789194906095,0.2712240774821916,kebumen_0013
kebumen,0.715735241137642,0.07462037987400523,93.89927515855373,91.7515062248151,0.0468268750499364,0.23395374292181742,kebumen_0014
kebumen,0.7208600955548258,0.07380813707036145,108.83955822165666,89.7338074064553,0.033520506044278565,0.1601994961256586,kebumen_0015
kebumen,0.7198363557073789,0.07437459868039505,51.17007676069812,39.301424562477656,0.056969121475078564,0.2711619636914356,kebumen_0016
kebumen,0.7200302143238565,0.07563850529774664,82.76090319973308,75.89471256591038,0.049181417470630845,0.23745099198743794,kebumen_0017
kebumen,0.7178819756069239,0.0860112657338265,72.5879901627393,63.35172571812477,0.04378072031913729,0.20515675368798733,kebumen_0018
kebumen,0.7227732206124796,0.07581112050133908,120.61857512943875,86.81164064353376,0.02355707365756388,0.11293805765264785,kebumen_0019
kebumen,0.7140679762080241,0.07768810454794282,88.87652853853001,81.30756107614842,0.055272794310650124,0.26545162709422215,kebumen_0020
kebumen,0.7161549938124309,0.0782808898912501,178.9459290804277,145.30645651492227,0.039194260635941336,0.1805344815868827,kebumen_0021
kebumen,0.7174097971948787,0.08030751643035469,119.76621951690753,133.5929094294346,0.042451923267987315,0.19965678239298462,kebumen_0022
kebumen,0.7203799334746308,0.07499414802463136,165.6578219143447,140.51059697541223,0.03771167974999239,0.18188819686993798,kebumen_0023
kebumen,0.7178380475524976,0.07526266691688034,92.46579191195083,74.2812201728535,0.04228790517482784,0.19659069600024687,kebumen_0024
kebumen,0.7164388368934203,0.07702443798961765,76.68044104652921,77.61265578404597,0.0621407409532995,0.29364965066110493,kebumen_0025
kebumen,0.7240436483683986,0.07029990738382663,125.88101980129015,125.72788090441543,0.04539274609223154,0.2147950250186147,kebumen_0026
kebumen,0.7168335104404128,0.08365098806066676,74.99411766107931,64.54245053981359,0.04955375751546517,0.22497182852638356,kebumen_0027
kebumen,0.717447092349612,0.07544940904736333,69.29465890780611,77.78234659491564,0.06181470823946339,0.2952777585181386,kebumen_0028
kebumen,0.7232568125267517,0.08271098857787779,81.98857196431214,74.83985666364204,0.03667428292542893,0.17052881597404496,kebumen_0029
kebumen,0.7224629630827818,0.07450484111922737,90.98772426300756,79.12900666197388,0.03841582850899228,0.17948635005361147,kebumen_0030
kebumen,0.7186516064357367,0.0758395266648489,43.21150504719024,53.05067487006156,0.10035880542442571,0.4483601222322298,kebumen_0031
kebumen,0.7208859947452344,0.07935675366433999,86.15879562514738,74.33400095891784,0.04622863153086118,0.21923850764475264,kebumen_0032
kebumen,0.7193411235140047,0.07331603963706365,108.6425178247751,116.22072711843568,0.03162936519111416,0.16168245171713583,kebumen_0033
kebumen,0.7231495294864486,0.07663523578142609,71.56225486352164,68.23475660338234,0.03823975593272243,0.18079871888470636,kebumen_0034
kebumen,0.7209994979104659,0.07444180883330315,91.90438678175197,93.66912507021057,0.06654139691921353,0.29510468106629467,kebumen_0035
kebumen,0.722311614287209,0.07241647729114012,76.4677696651169,76.44464894307995,0.040098654000248826,0.18905583862977302,kebumen_0036
kebumen,0.7230228210172761,0.07280192793943425,135.3196767651753,113.45336450385712,0.035435004737386,0.16776090013487252,kebumen_0037
kebumen,0.7233775657958585,0.07182528178838629,135.17085187523227,103.93889866416103,0.03408805136149503,0.15664827382880633,kebumen_0038
kebumen,0.7156164328455347,0.07659481672621803,69.12540867740074,71.34629014109656,0.06522026094668648,0.3144128628013264,kebumen_0039
kebumen,0.7145040950129895,0.0814045393773012,84.71894743452867,68.2941653129077,0.028758354377651126,0.13653190151893005,kebumen_0040
kebumen,0.7231069325510364,0.07452807548963392,89.78778238637037,88.52335881874315,0.03753726795600906,0.17635506836742681,kebumen_0041
kebumen,0.721931764836114,0.07238453704868796,146.29506147584246,138.29183621020465,0.0433520476491986,0.20309628471485872,kebumen_0042
kebumen,0.7175723626135284,0.07501454252358515,86.19574479570612,61.99549517581731,0.03246185808704144,0.16034452478455133,kebumen_0043
kebumen,0.7206546285291902,0.0755356940154993,53.29456639411311,54.78747979106975,0.06431464955047544,0.30311948292552326,kebumen_0044
kebumen,0.7164922246503489,0.07923850269829208,177.44749271492523,178.82931920582828,0.05274702491435823,0.24610805451034767,kebumen_0045
kebumen,0.715989513417245,0.08102377658884134,182.17722772602795,147.57238542939595,0.04167611788203353,0.1926467748267331,kebumen_0046
kebumen,0.7150532104741286,0.07991492482509191,62.426250252171975,56.49881832108939,0.0663117390961571,0.31454924076038343,kebumen_0047
kebumen,0.7171157175969135,0.07808252825802423,183.0982165773218,184.01000730695336,0.04888015923531173,0.22663974220706073,kebumen_0048
kebumen,0.717827511190289,0.07218630054685067,68.55017763686442,53.90632596268112,0.03546139961540842,0.17612746141895913,kebumen_0049
kebumen,0.7142461180865418,0.07706351896777039,82.83094720338882,85.20341602260649,0.03768917498483229,0.17727356421883864,kebumen_0050
kebumen,0.713514848195072,0.08906385746143368,94.8920166523797,80.5854211754619,0.044301781366383665,0.21045834698515198,kebumen_0051
kebumen,0.7159415223723259,0.07581256858116989,97.85623503503548,84.79675664599355,0.03672282753676608,0.18417080070955824,kebumen_0052
kebumen,0.718964198985134,0.07832154516228995,323.35892545807684,225.91044346966,0.027086189319955656,0.12427768625859567,kebumen_0053
kebumen,0.7195703285534483,0.07683599989816917,52.982448179641345,50.128082702380446,0.0608347233362704,0.2962003825967832,kebumen_0054
kebumen,0.7227506172462368,0.07263157474262452,140.721638048766,117.9425300283888,0.0574811545166508,0.24417170128283852,kebumen_0055
kebumen,0.7178409540340934,0.08123429104321019,38.53773366183742,35.532880454942664,0.07222490161660056,0.33399478778606384,kebumen_0056
kebumen,0.7208851157032938,0.0744424387279651,312.2909824933523,278.91457554392747,0.04104030741713871,0.18754098395024324,kebumen_0057
kebumen,0.7177297703235976,0.07366524180302883,34.75699276511334,33.14597787037946,0.08377898155303146,0.39173846005771085,kebumen_0058
kebumen,0.7129325686949807,0.07972298527320117,167.55123110677204,174.90057027416373,0.04666091753670672,0.22987728168533308,kebumen_0059
kebumen,0.7238695540878405,0.07463548490658464,61.45138931001319,54.15108460325869,0.050748152753851326,0.23725153249001213,kebumen_0060
kebumen,0.7198036659860871,0.07996356404976714,59.983776516280685,55.243343903832155,0.04773444427602776,0.23540816090536743,kebumen_0061
kebumen,0.7121898570468361,0.08312024807104468,180.6738098303706,138.85283715423054,0.03463614401735685,0.16143584353887352,kebumen_0062
kebumen,0.7120446829188606,0.08246159155771955,85.85012479871511,80.09333660078089,0.052491626379122865,0.24998682422705434,kebumen_0063
kebumen,0.7237545320507573,0.07592900268178525,70.89533008777036,70.62159519280304,0.058679170300973825,0.2681285588479153,kebumen_0064
kebumen,0.72332495066172,0.07227072823484662,72.39575058989736,79.83776827787246,0.03084644406791226,0.1530493328999921,kebumen_0065
kebumen,0.7174658497745771,0.07718079812363648,161.98954962196697,129.34273953765376,0.04105299807418075,0.19078800192695092,kebumen_0066
kebumen,0.7235871244138895,0.07037414703463322,99.18128626047762,103.26653746151125,0.037725710152643574,0.1809510398430846,kebumen_0067
kebumen,0.7257093188725788,0.06895309233230032,68.90567888074158,65.50041124548129,0.06207323660195231,0.28758084990750854,kebumen_0068
kebumen,0.720847302340018,0.07536332363685751,209.4821639012909,211.43493602701716,0.05003946236731504,0.22844899497427942,kebumen_0069
kebumen,0.7225381841720356,0.07278481073666862,86.35839022166776,81.8139517693723,0.050136434508289335,0.23425402699841835,kebumen_0070
kebumen,0.7209422159010807,0.07269573459087311,187.2792066614611,176.76503831694728,0.03918554650612442,0.18742387747589684,kebumen_0071
kebumen,0.7136704995045192,0.08528558829601196,55.56522787581986,48.29511561894787,0.048378894271736285,0.24069982419580782,kebumen_0072
kebumen,0.7214451484923923,0.07493833234899823,119.74226179335842,116.95730429779606,0.04788037805883086,0.2225946560577791,kebumen_0073
kebumen,0.7159753306703244,0.0816860076737619,193.2109462866883,160.15428209041815,0.031696526318818426,0.14597273343166034,kebumen_0074
kebumen,0.7255374046921994,0.0720313851595221,100.7848073460269,82.45079904457677,0.04465948423510146,0.20561603880992205,kebumen_0075
kebumen,0.7197739344984873,0.07536663269979864,53.389421302177865,51.73193932764347,0.07001542754164942,0.32634108595505856,kebumen_0076
kebumen,0.7277381125572288,0.06767240601828865,119.32872101039351,101.89374310721,0.03240458889222545,0.15378466405077115,kebumen_0077
kebumen,0.7181978172497457,0.07610888375298736,100.16026575172594,104.09422786596546,0.045455578163616374,0.21778915498490456,kebumen_0078
kebumen,0.7216033695383292,0.07243991822159647,104.74869150614487,99.73786195911562,0.05249635080646941,0.24845489447586117,kebumen_0079
kebumen,0.7290816712323299,0.0689718984806206,58.25453404400025,53.02595683976535,0.03285823228444069,0.16189040661258622,kebumen_0080
kebumen,0.7261084799449135,0.0676183549061639,96.69361215630819,106.61630424227113,0.03325937214152075,0.16420520473090325,kebumen_0081
kebumen,0.7151740679188335,0.07910094445540071,154.04753447862066,148.82520462624913,0.045905839344286575,0.20892411882072937,kebumen_0082
kebumen,0.7241435135620422,0.07525058136544487,43.95162629580227,40.0743851267424,0.06133378194572514,0.2952770552263912,kebumen_0083
kebumen,0.7237199375137183,0.07768321434415074,66.30680635036191,62.84142671654746,0.05321332429716018,0.24589916152151928,kebumen_0084
kebumen,0.7149434094655235,0.07692747165488165,87.7801351061308,77.260452965948,0.05762693666402698,0.272161425610011,kebumen_0085
kebumen,0.7078697092236651,0.08231228288606841,138.1497931362495,118.67160668824313,0.051847600810282515,0.2466864272193909,kebumen_0086
kebumen,0.7227144629396742,0.07311187267109591,203.3698898580014,167.78232169556333,0.04679520572493119,0.20987153257830765,kebumen_0087
kebumen,0.7122615081169154,0.07981951524954203,148.7744885057296,147.5017578110358,0.05629732556680117,0.2583075603154372,kebumen_0088
kebumen,0.7203088360424199,0.07419132968805046,89.17252871285636,72.03746388639046,0.04809104419834294,0.22598399812729086,kebumen_0089
kebumen,0.7205445641034365,0.07335562109430858,214.7906652925193,144.68869185710963,0.030767866586751867,0.14021675838617953,kebumen_0090
kebumen,0.7200107636975726,0.08043421557795884,73.99971335703697,69.15410638076614,0.04619456512714957,0.21752890169084943,kebumen_0091
kebumen,0.7127771880255812,0.08493473369884917,56.455303558445884,49.51774994796635,0.05462337460840939,0.26032182876867765,kebumen_0092
kebumen,0.7149782215851797,0.07346803994995202,138.92697807296835,124.46920222837834,0.042580139783143504,0.20241488450983483,kebumen_0093
kebumen,0.7253166707757387,0.06904167636197275,57.608277260270015,52.52854504405657,0.022464361708210156,0.11770455386423011,kebumen_0094
kebumen,0.7133177672756872,0.08078486322059732,73.79073775073554,77.34523768145222,0.07171883065542976,0.3447384989072814,kebumen_0095
kebumen,0.7152133336590213,0.07984429876255068,223.01734667402235,173.6277357363681,0.028132741018310436,0.12724203458143404,kebumen_0096
kebumen,0.724470632581153,0.07348244874715548,77.59206846188891,115.70204646431768,0.07698443065318158,0.3506594133233634,kebumen_0097
kebumen,0.7073169257296985,0.09318977165408937,129.0394183824527,118.52260194765931,0.05033630658325656,0.22951353860597973,kebumen_0098
kebumen,0.7303742410558738,0.06476527843603971,225.6739384880521,282.0351358723059,0.0229835340197656,0.11193202792883346,kebumen_0099
kebumen,0.7189919702836288,0.08111044413645781,81.73755756474242,115.48441446105824,0.08543413413848126,0.38222940154943763,kebumen_0100
kebumen,0.714459809016838,0.08138640602789131,115.01479176294127,92.1881733886656,0.04537888987782578,0.20552812481828442,kebumen_0101
kebumen,0.723325513761114,0.07193209480459158,108.8966236012402,104.60954775528968,0.021247250938733607,0.10426855861537547,kebumen_0102
kebumen,0.7247030601492904,0.07119070251589776,117.11413896031912,102.32786832537028,0.053913606009601774,0.24388115534519153,kebumen_0103
kebumen,0.7151308097052,0.08056963092412048,128.85828019043637,107.21797868665033,0.04198688938101048,0.19585446863287836,kebumen_0104
kebumen,0.7142711901976575,0.07868384730760603,118.07378713427052,116.77213643957221,0.06569530078246683,0.28553749165285647,kebumen_0105
kebumen,0.7175087371755358,0.0783874672612954,135.7666270793279,142.7958257006212,0.05301042395010581,0.2517335900276597,kebumen_0106
kebumen,0.713038259639587,0.0795192484374291,159.78966406773426,139.7100749399579,0.04240887991630669,0.19668051375439807,kebumen_0107
kebumen,0.7097555987128948,0.08570616886746814,111.14986823615891,129.6837925047731,0.056178067129826155,0.26439135362991983,kebumen_0108
kebumen,0.7224767059563348,0.0742499483071286,81.58587973921301,90.05429089878275,0.05975707118227808,0.28663467034257406,kebumen_0109
kebumen,0.705769654809928,0.08639858484087137,137.90852901796924,130.69246037518963,0.048420721402371435,0.2284252722183524,kebumen_0110
kebumen,0.7106509334664658,0.07920617780178925,111.15484378517529,93.95279383373956,0.05052728768602924,0.23263663499898543,kebumen_0111
kebumen,0.7082630451483636,0.09154256789296886,112.55287573302276,116.87295857959904,0.07764192914538358,0.3436315086054027,kebumen_0112
kebumen,0.7210700140940126,0.07571577041159551,141.82346883207384,131.35627627940056,0.062490055547500936,0.27985274258261456,kebumen_0113
kebumen,0.7114446071422054,0.08299594855796114,127.2766309467434,138.74841169647812,0.0604919374480796,0.2853163099726271,kebumen_0114
kebumen,0.7135356243127876,0.08190558827649319,55.354781251932955,51.67724455529055,0.07641321876791242,0.34995079393378864,kebumen_0115
kebumen,0.7175552625764093,0.07300484569729108,72.55995725666274,58.6845907365556,0.055774110717031936,0.2656802945479762,kebumen_0116
kebumen,0.706288709744249,0.08633997068788694,103.85471811353896,93.79637641571681,0.057745535121515104,0.2662846075685464,kebumen_0117
kebumen,0.7157748987201381,0.07822141191242284,111.33503967294472,102.71440842903188,0.04779022780358233,0.22777680805976622,kebumen_0118
kebumen,0.7185857319329018,0.07757381465211055,109.60926339720542,118.63406799106082,0.047412959377497094,0.23236451974169817,kebumen_0119
kebumen,0.7177579879153881,0.0764934770710156,158.53210516637182,153.71700537345424,0.04858479943648313,0.22639581127728664,kebumen_0120
kebumen,0.7048842483280758,0.09165057934965912,47.63478029771331,42.78591143528931,0.1126431211709833,0.4894650116459477,kebumen_0121
kebumen,0.7195711815620307,0.0739651218607967,101.05663474934765,95.79555890961085,0.05810839080680116,0.2695901520233921,kebumen_0122
kebumen,0.7160829606396093,0.07691964560239889,130.86618417194302,106.38578043910603,0.04099182187429184,0.1955028333846503,kebumen_0123
kebumen,0.7201671566203408,0.0745176951028902,204.5821199875118,176.6917869041475,0.028192154788266106,0.12959937680196412,kebumen_0124
kebumen,0.7249603620892684,0.07155969594881297,165.16891711037107,116.42166630623936,0.024207432835928393,0.1105425180443996,kebumen_0125
kebumen,0.7158689677815253,0.07928520828266937,122.7177490535899,97.69676002243258,0.0541516989988464,0.23962131555101,kebumen_0126
kebumen,0.7296879873102229,0.06284005570163807,79.54007565937164,76.30080421889616,0.022603178302636404,0.11437788687248508,kebumen_0127
kebumen,0.7131852749932897,0.07871734548157465,76.32246240907152,69.84484026458324,0.05567731828505984,0.2669199191651601,kebumen_0128
kebumen,0.7342513349348649,0.06064513274828751,81.60145003153096,87.22944295030669,0.01933060993224574,0.09927772916422443,kebumen_0129
kebumen,0.7129858534275462,0.07803191998461581,112.78447322535939,95.59018308159372,0.04022974531197523,0.1915582166557186,kebumen_0130
kebumen,0.7215164212747369,0.07124914800154444,113.27951487094573,114.42388857270373,0.05281020703901373,0.24318538328403824,kebumen_0131
kebumen,0.7071118831110346,0.0773135550647421,175.89653304224709,159.5128654341137,0.043718261958967795,0.19350937486953457,kebumen_0132
kebumen,0.7171274470618583,0.07842615894836871,73.60454780570286,70.65136315032785,0.06693644155435995,0.30612246483456923,kebumen_0133
kebumen,0.7065455546548943,0.08726093017616435,81.29824863963684,68.47012616848946,0.05394040365017758,0.2512423529712524,kebumen_0134
kebumen,0.7219547225099042,0.06844561131466946,128.5888954654393,122.72843382422339,0.05100104703749248,0.24077742641172845,kebumen_0135
kebumen,0.7220203184589479,0.07194967915934918,64.13473639325053,63.42631906231998,0.07314009388767598,0.32755112442136497,kebumen_0136
kebumen,0.7090113286925533,0.08722838172043629,115.50997156648657,120.39059911480543,0.05424460097220352,0.2498545582676936,kebumen_0137
kebumen,0.7121991915947291,0.0808021269565554,65.58130123810895,63.51632399194536,0.08817347628194976,0.3844231025226053,kebumen_0138
kebumen,0.708159981066421,0.08029058652439497,94.12977403199257,82.71600287485654,0.04023883975206018,0.20755841572975361,kebumen_0139
kebumen,0.7194417713308655,0.07228260510638307,209.46124741459232,138.8549519737702,0.025508426218145766,0.11549964010428322,kebumen_0140
kebumen,0.7136327915242254,0.07770117185919023,50.56053220045661,53.23069180188805,0.08486223484224022,0.3821616719579219,kebumen_0141
kebumen,0.7274651874854718,0.06720279436312712,212.85074282449003,182.435862242486,0.020311561280138522,0.09669191417500869,kebumen_0142
kebumen,0.7112979612402938,0.08274673432205373,50.7922295759468,50.25937657297179,0.07143880527052897,0.335935355174957,kebumen_0143
kebumen,0.7214624206372126,0.07409593595129117,185.65792638460172,126.42651926620489,0.035074084652032815,0.14525265059913017,kebumen_0144
kebumen,0.7063154959569858,0.0816899087767202,102.26305988813115,100.59561842794768,0.05819483022711669,0.2683844038639728,kebumen_0145
kebumen,0.715185063561896,0.0774097339493134,121.21166704042913,128.04412803273868,0.062412239089715583,0.29915762248214417,kebumen_0146
kebumen,0.7136703468097033,0.07893971791352614,211.9691487031471,182.09483941484922,0.034691620057607,0.1574551060008034,kebumen_0147
kebumen,0.71060619810426,0.08376031965203962,67.0360305707771,94.4991138359728,0.10984980067255017,0.49381440752784805,kebumen_0148
kebumen,0.7190066918622555,0.0788913199785366,212.50502175300213,196.8728688399148,0.04766369914962937,0.21953137779007528,kebumen_0149
kebumen,0.6985959799872133,0.09871365919990592,96.17740438534119,95.45429152364869,0.1296779079274766,0.5294580594281983,kebumen_0150
kebumen,0.7125377097788823,0.08550190144420294,104.59470943156404,98.74666757541718,0.06044718725554968,0.2730170344337421,kebumen_0151
kebumen,0.7080345926208097,0.0796110625178161,167.50716518407717,116.33760180824433,0.025506442360761106,0.11574876246443515,kebumen_0152
kebumen,0.7028077660774704,0.08930796592583726,89.79604613931856,80.83228590676937,0.060640437207863454,0.2765590506604662,kebumen_0153
kebumen,0.7069560151150797,0.08094473546633613,63.998720912221756,69.9004081143005,0.07743724203262477,0.35333970022342565,kebumen_0154
kebumen,0.7166796271661614,0.07540782239223973,191.8206912042886,178.98163154629563,0.028073199124961458,0.13047780081506227,kebumen_0155
kebumen,0.7148267181000728,0.07742973877725277,71.24990667718274,72.43274259693611,0.07447406742381096,0.33598300634843153,kebumen_0156
kebumen,0.7121742153490367,0.07670423920548061,104.13386309078724,82.90435696619193,0.05749562550149457,0.2521857137815381,kebumen_0157
kebumen,0.7123594667748862,0.08116903306802703,89.7615074727673,74.24214245679681,0.04127162470743824,0.20401218703414206,kebumen_0158
kebumen,0.722459911284165,0.07173699623944281,156.9964144379356,145.30059319862838,0.015148890212206714,0.07524646134567137,kebumen_0159
kebumen,0.7132726738605055,0.0803614463895997,75.37806913293501,79.32012585585208,0.07285955448664588,0.32151533233726526,kebumen_0160
kebumen,0.7150441304434885,0.08098791520732762,151.72157325915433,135.3223906627603,0.04515152753737544,0.21148158788131266,kebumen_0161
kebumen,0.7185582624208023,0.07980608111930866,110.28957476109193,107.58920465368618,0.04964980173240715,0.22680751477607422,kebumen_0162
kebumen,0.7212329697694253,0.07454953460907647,83.06655391517972,85.02237773583904,0.06393676847814089,0.2848445211861705,kebumen_0163
kebumen,0.7148245892197644,0.07736109295651604,32.99178963725968,33.668102905853594,0.08578563600058062,0.4117395066248943,kebumen_0164
kebumen,0.7140968294864287,0.07731887245495217,128.6496121727109,126.97916795468413,0.06421367643836635,0.2809223059839703,kebumen_0165
kebumen,0.7131568526040319,0.0844278033156164,70.2780699900079,73.40950998254152,0.09749408001663641,0.42546968729737134,kebumen_0166
kebumen,0.7058990647612141,0.08286044165058874,140.414040358609,110.88107866736122,0.05480791709152977,0.24993982662559205,kebumen_0167
kebumen,0.7282220547815361,0.06764591058227261,50.74071505811301,42.13451799755807,0.02617125383938537,0.13298490707524474,kebumen_0168
kebumen,0.7170898751422398,0.07383313768003855,108.91113568052,93.69553473353604,0.04804186720823297,0.22141780562480112,kebumen_0169
kebumen,0.7213837902933963,0.07032901920225308,141.56166176768954,104.37342350333381,0.027178192809778217,0.12355860000204572,kebumen_0170
kebumen,0.7186397729300116,0.07509487596961016,57.61480082930952,54.02896078080266,0.06577375917113823,0.31152158898831267,kebumen_0171
kebumen,0.7124946775938835,0.07177711689333699,227.69765617680736,220.06147988971915,0.03247569173543331,0.14677482536983824,kebumen_0172
kebumen,0.7033447677057678,0.08605307343563819,106.92209057910082,107.10016853537839,0.07209369440991051,0.3200997542885822,kebumen_0173
kebumen,0.7049067930181481,0.08443302078527498,114.0790168790635,99.26841246224505,0.05011654606971949,0.2299152951645086,kebumen_0174
kebumen,0.7134863213079304,0.08053414119879461,39.58796791439667,46.685253672418376,0.09881493065861355,0.4568935355925869,kebumen_0175
kebumen,0.7212164332183453,0.07736247555619294,74.09817907139717,65.19320314665428,0.05014533750859899,0.23374521088481617,kebumen_0176
kebumen,0.7131910973021375,0.08149475311707008,71.21730883299288,61.60344669591539,0.08402431549872397,0.3585184969349937,kebumen_0177
kebumen,0.7110243247467506,0.08006956320093399,113.8689498313841,114.4887098857743,0.0690365926511678,0.29747755076616167,kebumen_0178
kebumen,0.7108932955955726,0.08257186745412386,66.02504563658724,63.67649406828947,0.07909708201371657,0.34606365891794355,kebumen_0179
kebumen,0.7166096715508629,0.07575830149573905,92.25862590671618,89.68780836386084,0.06142722896855854,0.27681803148792067,kebumen_0180
kebumen,0.7043308877528726,0.09219442185002642,133.9340283633113,131.11404569469633,0.030815188388577563,0.14149047335081055,kebumen_0181
kebumen,0.7039768082741361,0.09287424958175151,54.84363879889341,55.24404920857563,0.06836168350477692,0.3166490270708607,kebumen_0182
kebumen,0.7193143063566022,0.07760590200210486,120.36518464643557,135.38897461936233,0.04746881075861111,0.2303238924425703,kebumen_0183
kebumen,0.7311232806102478,0.0648638419718683,120.62150218698045,129.34019277806274,0.018404918839527863,0.0917949926624343,kebumen_0184
kebumen,0.7169617814009492,0.07958607562612388,127.16652090847474,105.26645959271691,0.04347790883120659,0.19541615724802744,kebumen_0185
kebumen,0.7173972308738317,0.07686380440678318,89.87842415796702,85.16903528518519,0.051498487341301094,0.2355672168425022,kebumen_0186
kebumen,0.7164934335874134,0.07506037179555212,138.58294936335545,130.1922410342221,0.05165145672347368,0.2326983179782653,kebumen_0187
kebumen,0.714298384442572,0.07663859605844647,59.90610189263836,56.349561334665395,0.056957851950918056,0.2686030234725879,kebumen_0188
kebumen,0.7180867161845484,0.07738003018130915,199.22550611612897,161.46680675457958,0.03666244872504717,0.1591589496941804,kebumen_0189
kebumen,0.7215985741648616,0.07645914646743764,183.1210296285419,182.32842560354587,0.039773332127806,0.17826622371895942,kebumen_0190
kebumen,0.7178160378378285,0.07505694700920755,54.17776794337688,53.34131092734018,0.09336908535839276,0.4107246640842247,kebumen_0191
kebumen,0.7204202697922337,0.07175756957560075,175.52161113520972,124.3479845919271,0.032195232267864464,0.14368882363623986,kebumen_0192
kebumen,0.7041335005619591,0.08805205019676084,79.22377740397452,86.37926475499599,0.10200392376231181,0.42929427518540886,kebumen_0193
kebumen,0.7149898694036955,0.08093982710726008,51.279660475282874,51.63404494193434,0.07182037285919178,0.335337732934104,kebumen_0194
kebumen,0.7187942274308692,0.07606818989606402,125.44544106297184,155.0084242261328,0.05750216374904999,0.27039683496353695,kebumen_0195
kebumen,0.7214748231572726,0.07709687518529935,161.79153591514202,143.5357249687884,0.027637774918384008,0.12937838321830963,kebumen_0196
kebumen,0.7181859525703604,0.07261827170796085,168.0605585009528,128.20185560704078,0.027822310791493023,0.12877539115854394,kebumen_0197
kebumen,0.7238453033787648,0.06849798370051963,137.54893203923734,119.85905426548426,0.04055749830523731,0.18575578645478857,kebumen_0198
kebumen,0.7180894225510926,0.06987465576393308,166.4712141486435,145.2551832249645,0.030350560453307678,0.13872099535113136,kebumen_0199
kebumen,0.7037091006130408,0.0889058420087857,62.198339364161,71.28596123190202,0.11139449017876535,0.4753264504390574,kebumen_0200
kebumen,0.7145155231996276,0.07675886531856334,121.79085566192205,111.51193346277087,0.0382511714232269,0.17866501267174406,kebumen_0201
kebumen,0.7223582986863906,0.07201489232841121,136.84907010317053,123.5519409334019,0.02402217297795179,0.11792899821041193,kebumen_0202
kebumen,0.7167673341417031,0.07472222883468876,87.37990000256632,78.69057968025437,0.05394792787684874,0.2417595657614639,kebumen_0203
kebumen,0.7210600743974452,0.07191227220612272,210.40117945026532,160.4100953484739,0.03578961585426229,0.1581400410815047,kebumen_0204
kebumen,0.7096477748868972,0.08483110675652378,54.06301504315679,57.13381667636591,0.10122800615037074,0.4405494373556624,kebumen_0205
kebumen,0.7035704250343396,0.09116567961573026,34.40405618537963,33.12234773560774,0.13068022015632358,0.5607970553824004,kebumen_0206
kebumen,0.7110690434857327,0.08496139738762401,150.39241350265863,112.51031469406024,0.048466211153853904,0.19975157826269857,kebumen_0207
kebumen,0.7189583910629047,0.07436641188589597,128.3175859601758,107.31424313633725,0.029978071099018573,0.14311671347466393,kebumen_0208
kebumen,0.7062241728364662,0.08839667472583329,72.87719608242531,65.97954003972016,0.07510389374235482,0.32920411239156006,kebumen_0209
kebumen,0.7192961496929577,0.07294106149956012,98.6777294485123,82.21716890839767,0.034575961992960466,0.1656417469396251,kebumen_0210
kebumen,0.709537731696585,0.08206338475742465,49.08933040471798,41.71563690725184,0.07115398638598036,0.32629809685679506,kebumen_0211
kebumen,0.7142020253142143,0.07485589574876807,140.4474280123141,147.69399896415314,0.03976383352142896,0.19097597733548397,kebumen_0212
kebumen,0.7188629430909382,0.07377853646227757,106.80097930295341,99.91812602768047,0.05163814233922701,0.24563979661256488,kebumen_0213
kebumen,0.7290471731375333,0.06692315365501389,166.54041265006416,190.30587453995315,0.015028366036498599,0.07660385981753791,kebumen_0214
kebumen,0.7078951859043264,0.08663515033381183,58.32562092085858,52.75968037839233,0.09344303480982558,0.402889937905977,kebumen_0215
kebumen,0.702923018217496,0.08896470944974882,47.68306539969799,50.31704271274091,0.15006530961038556,0.6088912570035807,kebumen_0216
kebumen,0.707360352625915,0.08724548980651924,57.320075933865496,68.00705683542476,0.1251588508360519,0.5309044861139495,kebumen_0217
kebumen,0.6989968595314338,0.09241610146300092,77.85115840862788,78.47538744148278,0.10613924608454911,0.4446447560652938,kebumen_0218
kebumen,0.7005751709517446,0.09375260360921467,70.19627833143213,66.86661600299513,0.12446922227923532,0.5068979517231369,kebumen_0219
kebumen,0.7182975493341441,0.07721021297662894,154.3102810915588,145.92147603248156,0.049704502686521795,0.21179725747246375,kebumen_0220
kebumen,0.7147625192355003,0.07375573835690093,111.88700349751731,77.03130996266842,0.028853363412854736,0.13717073913690153,kebumen_0221
kebumen,0.7205918296237428,0.07307119438901798,105.38591003777267,103.2811249795398,0.05528521336796303,0.2525924029065322,kebumen_0222
kebumen,0.7103623887423367,0.07887942633169114,212.4825758503012,206.9137131952403,0.03691937648886702,0.16977901416815802,kebumen_0223
kebumen,0.7254371621265903,0.06686808847230993,2878.313005920014,23649.242973002976,0.006870837299926911,0.033816043214783084,kebumen_0224
kebumen,0.7148351787610215,0.07660104818155626,124.62759694562241,122.36878319996389,0.0525483396546001,0.23601039197397666,kebumen_0225
kebumen,0.7199757051434412,0.07060872379690881,99.3340333777999,86.49498189643292,0.035265190544594247,0.16898335961610342,kebumen_0226
kebumen,0.7273628221377357,0.07217692045838628,58.18068241979122,47.48024005096101,0.03926736730386793,0.19313788659078282,kebumen_0227
kebumen,0.7164224493618843,0.07502103439609491,77.14420201625275,66.40272634234425,0.04826007911155776,0.2319071885229837,kebumen_0228
kebumen,0.7236051170060308,0.07304336737067217,90.94865072963749,70.93545519818558,0.033918990611378604,0.16326261825519367,kebumen_0229
kebumen,0.7294394798240157,0.06844577852390253,181.53658961736636,196.39886734357438,0.03442596790479869,0.16042022432723835,kebumen_0230
kebumen,0.6979635669965607,0.08285619593032541,159.39733465866388,110.64577516154343,0.022869319457521978,0.10737726764988238,kebumen_0231
kebumen,0.7080852292861968,0.08070992250632118,107.25234491016882,97.813385441582,0.05865114036287995,0.26172348305545323,kebumen_0232
kebumen,0.7220421505988922,0.0721560237409343,147.44756199935762,137.15912001845993,0.03379706422386835,0.1544111966126883,kebumen_0233
kebumen,0.6991541059432442,0.09383167787309583,30.543100635309283,31.235943982703006,0.14978903781327466,0.6364647851375144,kebumen_0234
kebumen,0.719370334272006,0.06736065169766207,77.07020562879971,71.9608452637262,0.033958911807446285,0.17143778982955896,kebumen_0235
kebumen,0.7039093372034986,0.09125347413802053,37.86614698968893,37.534134050292735,0.13790601884094497,0.5764845025795468,kebumen_0236
kebumen,0.7169836618730827,0.0741712491931313,160.97795338440616,149.64534983159172,0.027540735140220252,0.1348007573242897,kebumen_0237
kebumen,0.6958417315695081,0.09731690338329795,157.60669146733187,125.4668527215743,0.05539393537848166,0.23861218139066287,kebumen_0238
kebumen,0.7176368760793271,0.07181230763555874,131.95229061833896,124.3600315516216,0.03242831795576098,0.1576041562506024,kebumen_0239
kebumen,0.7195804560235772,0.07546776607864668,122.90502007797559,106.59749949006441,0.042905495032512564,0.1977812308494495,kebumen_0240
kebumen,0.7140316523094202,0.08244001167393909,88.97937022467728,82.20067666444946,0.051369528486269196,0.2383114092670647,kebumen_0241
kebumen,0.6947732975818787,0.09680447694637613,23.01812375025197,27.811083984198596,0.20470450479198732,0.8418651878852339,kebumen_0242
kebumen,0.7100574226930214,0.07967369798497997,103.79889549671486,95.47780625731646,0.057525663670289266,0.26089859121963616,kebumen_0243
kebumen,0.7173300940749543,0.0745926686888646,87.10323539973082,70.82364965576153,0.04009746109926753,0.1888556781320971,kebumen_0244
kebumen,0.7027582768464061,0.0932156893841385,68.30647636914382,58.60592084123497,0.1162275841331765,0.45502803726306756,kebumen_0245
kebumen,0.710247076065183,0.0862755219811248,84.68020252624682,79.71207991003111,0.04080423994636215,0.1992722082539626,kebumen_0246
kebumen,0.6960450279196344,0.09546499556857332,71.05746736754814,79.21116066270888,0.12886068917087168,0.5304946939001404,kebumen_0247
kebumen,0.7112273759260203,0.08088718618794699,157.56779931347333,135.03753087265503,0.05828800984644852,0.25973583974995373,kebumen_0248
kebumen,0.7052295807912515,0.09190169365385877,22.282509628464137,19.107538514454774,0.15502558794556193,0.6563964873339972,kebumen_0249
kebumen,0.6809277613410053,0.11166525700481873,44.70080155669443,54.997337325581555,0.16995869448927886,0.7067766206421359,kebumen_0250
kebumen,0.7209736814457414,0.07661378153240637,73.46751529553511,65.78409132372187,0.05290753477296424,0.25690453756717496,kebumen_0251
kebumen,0.7029298218938093,0.09145251943638504,49.25006500773146,51.15629428598282,0.10195140011640887,0.45200129725164423,kebumen_0252
kebumen,0.71732973749361,0.07526928314234145,93.25932279622941,82.5945930029319,0.04358741057158885,0.21568939172442378,kebumen_0253
kebumen,0.7017423878866763,0.08756492848829438,111.3218041665916,106.400205044658,0.05860694037862524,0.2669178804367226,kebumen_0254
kebumen,0.710222272532597,0.08064919844949348,34.47403655414802,45.510815221667954,0.1293822566906115,0.5819125556905389,kebumen_0255
kebumen,0.7112099594397573,0.07922046695945029,107.31356039898479,85.36779528799592,0.07173732436461082,0.29624673272167185,kebumen_0256
kebumen,0.7049411171692193,0.08641217810424098,93.71438104371992,71.06618376905892,0.024488035532271833,0.12333289284067797,kebumen_0257
kebumen,0.7190054253346178,0.07076213525468569,53.93513940066318,57.898859707244284,0.08701957285348273,0.400890098536718,kebumen_0258
kebumen,0.7131749976144334,0.07290078744033668,131.83576469924685,117.28604580166736,0.052391098161888826,0.23933141225124988,kebumen_0259
kebumen,0.7174146784221349,0.07060252975855924,96.98955663665832,82.93713201218745,0.026342316014607695,0.13199082726952235,kebumen_0260
kebumen,0.7035301151591371,0.0853005708445637,67.30680123503456,52.53557684741797,0.051064301652367014,0.23447697278360874,kebumen_0261
kebumen,0.7165985880028105,0.07978842803216059,5349.930902964189,32889.109471472984,0.03225940851339667,0.1430885880663893,kebumen_0262
kebumen,0.6928011517698331,0.10110251697790607,75.02316102762221,80.38549297918394,0.12657702098553006,0.5405211298460731,kebumen_0263
kebumen,0.7051551380986927,0.08610436591501978,87.89542970411318,94.75059008314868,0.06587453100944747,0.30220837651670507,kebumen_0264
kebumen,0.708574162556771,0.08526913789038978,121.50104688117246,96.83376567045921,0.06910438448340822,0.2959312380569025,kebumen_0265
kebumen,0.7188853329353952,0.07044180054903543,92.13728856337738,74.75594636939023,0.03993943653081745,0.18484863816621608,kebumen_0266
kebumen,0.7213991356868338,0.0740487917355786,116.45973006104121,107.09672504036499,0.03892671471797975,0.19525146920598507,kebumen_0267
kebumen,0.6893689487544322,0.10131373528557813,27.185149554237825,31.781680550845746,0.18540641483549633,0.7750268916996084,kebumen_0268
kebumen,0.7210548420393461,0.07421135012848483,147.89596584993018,129.20102321497566,0.021965921959485896,0.11143630001853108,kebumen_0269
kebumen,0.6990921627519022,0.09236291832500987,34.90178304599789,34.28520468001826,0.17744473201371883,0.7083227772828329,kebumen_0270
kebumen,0.7096927069276955,0.08160937785054678,120.52321098367362,123.62639750835928,0.06523474561923177,0.28568338803140586,kebumen_0271
kebumen,0.7140825332280375,0.07572189628577983,98.93043466225687,79.08860404897115,0.03547324800199682,0.17030814403783454,kebumen_0272
kebumen,0.7140318123992484,0.07716778795498529,113.38018859795379,121.9193246742983,0.06207167057107951,0.2868221100274728,kebumen_0273
kebumen,0.7043342891339374,0.08517470482020315,93.53154178971621,93.65091995770796,0.0716077077738421,0.3174918136996616,kebumen_0274
kebumen,0.6887420606663583,0.09980011930770467,110.73483460926779,101.54993678326274,0.09703475705924083,0.4208905528978777,kebumen_0275
kebumen,0.7182278612068176,0.06882058919623438,407.38158430159325,357.1354336283431,0.027982081878873882,0.1265892850835791,kebumen_0276
kebumen,0.7174634450978098,0.07399602378542519,57.30918819845956,52.097901919599174,0.05681360617570916,0.2719619260217386,kebumen_0277
kebumen,0.7199783368266378,0.07018555218911346,82.58054197138227,86.51138150695742,0.06674302790495924,0.3013350294144766,kebumen_0278
kebumen,0.7081734654140743,0.0813898170323204,35.38707567307391,35.23242026064599,0.0831141966207642,0.3910543424996553,kebumen_0279
kebumen,0.7081407275589201,0.0879529393204739,79.81463896913556,82.38464089684345,0.06283670334149345,0.2802474877500971,kebumen_0280
kebumen,0.7116481993558994,0.08211330175061744,43.56998472364211,53.44251773108692,0.14180686392141634,0.5919458571612521,kebumen_0281
kebumen,0.7229089687418615,0.06932836707634304,330.01202105283585,293.41353301374284,0.030338819467692207,0.13809648919510242,kebumen_0282
kebumen,0.7122270168245207,0.07698521983765823,67.57724010991649,65.38992386695024,0.06439387020539354,0.30167466826610023,kebumen_0283
kebumen,0.7234665757482306,0.07101934263462296,110.00718318270258,95.49235416644676,0.020664849626145967,0.10645141924770848,kebumen_0284
kebumen,0.7183420381506831,0.07773026444151933,81.84460112255115,93.30254306523712,0.0615317976739174,0.2817576971078083,kebumen_0285
kebumen,0.6895006723323074,0.09991783454557877,91.52964809614573,89.57393669312191,0.07620736321948599,0.3356489902635813,kebumen_0286
kebumen,0.7223506104257669,0.07543969690522426,73.00831790795014,65.76762087614202,0.03745146850347863,0.18842651534221425,kebumen_0287
kebumen,0.7190435716320208,0.0745739104859763,149.19954547318838,122.81400620877602,0.02126223976264638,0.10448994900458057,kebumen_0288
kebumen,0.7168265435836753,0.07139708481175734,123.72063232073192,99.37911129922918,0.047606898945563046,0.2063441021130938,kebumen_0289
kebumen,0.7140106034540077,0.08145183679220296,120.08581452039853,113.90573986418366,0.04351173451506879,0.20773337366956388,kebumen_0290
kebumen,0.7193151463950852,0.07334674320213096,109.26851100257187,114.40917868342848,0.06981316258492529,0.3084936748951164,kebumen_0291
kebumen,0.7275111605739089,0.07111055038494228,179.90581468868945,177.35174088176475,0.03760373167485489,0.16392994085614906,kebumen_0292
kebumen,0.7121710137414855,0.08225142495774522,137.06588060412625,101.43261418393055,0.0445282625559982,0.19294999083447462,kebumen_0293
kebumen,0.7163437060186708,0.07504659354817443,136.12008565352698,118.24193348379174,0.027734854534402987,0.13887516798185687,kebumen_0294
kebumen,0.7155028715808688,0.08023680426497762,39.425250836549694,35.942417629156964,0.06413255819554634,0.30521473650692227,kebumen_0295
kebumen,0.7131945900437396,0.07638567293064635,147.02578345116933,106.08857170047283,0.05789353570470799,0.23291920111703138,kebumen_0296
kebumen,0.7266974987912349,0.06873582573199966,50.732113547068096,39.5494784972329,0.029314894471244562,0.1544826402393105,kebumen_0297
kebumen,0.7229118388861386,0.07048194663733132,65.56857108604272,58.78457206967173,0.059255731860551074,0.26851353528566485,kebumen_0298
kebumen,0.7131038464877443,0.07577162838939931,90.27144861267851,79.8347661958723,0.07955104574841707,0.3485579966341728,kebumen_0299
kebumen,0.7232490535316253,0.07208568094171794,54.15200284264988,45.24224292372117,0.04390247440098179,0.21283485755221385,kebumen_0300
kebumen,0.7110515467658354,0.07383367014364892,79.73180457223455,66.0504805653149,0.05508248796565176,0.24748765873945383,kebumen_0301
kebumen,0.7085365450803923,0.0839605296098958,80.06435561934919,67.11093259259515,0.058345301033732096,0.26276924793053985,kebumen_0302
kebumen,0.7042202718659066,0.08745323823571088,117.10392359787713,114.85312317870196,0.061313234926134885,0.2757604139122597,kebumen_0303
kebumen,0.716604926908946,0.07617167706344247,93.8093400849035,85.3783352485679,0.03486175383424636,0.1717212676482521,kebumen_0304
kebumen,0.7086966910471185,0.08553873278361666,79.07669269700715,80.55435036516336,0.07310464941472085,0.3253560573403084,kebumen_0305
kebumen,0.7008601192399755,0.08216237876118317,67.67980811830395,65.75741377651607,0.04621266511221558,0.23142321943656785,kebumen_0306
kebumen,0.7158523964949476,0.08025605144565057,89.73615996906685,99.42453685560587,0.046998475642525184,0.22881243002444515,kebumen_0307
kebumen,0.7105445313647323,0.0812887023326406,73.90294163185865,64.46506070561698,0.059597377916998436,0.269900933765932,kebumen_0308
kebumen,0.7107055750156982,0.0850756845841334,55.93045517374731,57.03080785687836,0.10328168567162811,0.43276036739273765,kebumen_0309
kebumen,0.7144839176000246,0.07607458262254349,116.23790582487266,120.07053987737827,0.04901339354454222,0.22696204771460984,kebumen_0310
kebumen,0.7101034507930573,0.07903407449578385,104.1234548567725,92.05816960320706,0.04112192319860634,0.1944261475265048,kebumen_0311
kebumen,0.7198313023878549,0.07186561265569028,86.56898947488486,65.0870354323163,0.032884439816121394,0.1557096915543423,kebumen_0312
kebumen,0.7214510233016577,0.07843227146028732,115.13112173834577,115.82811231520839,0.027414923531993974,0.13803332090503673,kebumen_0313
kebumen,0.721593095703563,0.07285734660055038,98.3990680792583,100.01349168505853,0.03891666858638189,0.1912313987194124,kebumen_0314
kebumen,0.7030117254776422,0.09143530059742587,83.28105767758669,80.69118707787581,0.11319625194208299,0.4668225526325524,kebumen_0315
kebumen,0.71142352491688,0.08241568623250577,80.91305008700839,72.46522228036946,0.06875605151868258,0.3013955474099955,kebumen_0316
kebumen,0.7141317021056254,0.08088202569838936,144.19582045130193,115.40842295989617,0.03887937762366976,0.18105950001902665,kebumen_0317
kebumen,0.706784644750438,0.08421031102794597,116.59920804839479,104.75322086257661,0.04501757227972284,0.20566280574527643,kebumen_0318
kebumen,0.7162386383457563,0.07606547973792745,141.18214357108465,136.92708415506118,0.03601394811862979,0.16935062976658435,kebumen_0319
kebumen,0.7181747023623788,0.07435979734855726,85.32747613384942,87.08736338897307,0.0504385078367255,0.23524945381681772,kebumen_0320
kebumen,0.7179548487533111,0.07257773021974355,49.931293811563584,48.1682680042184,0.06084581321731772,0.2899819597244338,kebumen_0321
kebumen,0.7166967929811299,0.07341418007397107,100.62897678186701,91.51597379190513,0.06337491224477468,0.2776336800654971,kebumen_0322
kebumen,0.7104361457194908,0.07756237175408401,66.53476276212122,69.31142964812035,0.08605027355855788,0.3816514568565977,kebumen_0323
kebumen,0.7219292951220786,0.06744163712533705,31.89583368810158,27.179893820800547,0.06523320710433596,0.31966842489187625,kebumen_0324
kebumen,0.7212177573219493,0.06983645860152378,106.9435568004944,84.65496299646232,0.021526043367581023,0.11107618345547553,kebumen_0325
kebumen,0.7151407017339063,0.07988645105855745,101.01469548055233,105.19052013412275,0.029653758005057127,0.14856935078245853,kebumen_0326
kebumen,0.7157649263238531,0.07976742535162842,68.0826966625658,56.8905350317516,0.05871615348601174,0.26094302673280784,kebumen_0327
kebumen,0.7224622837430229,0.07480390319474098,106.11332395818886,102.03571517251683,0.05833115023873883,0.25371271038604093,kebumen_0328
kebumen,0.7185161559371264,0.07569218564633129,28.308016314950684,23.398317428608955,0.0828207902173548,0.39514690012651726,kebumen_0329
kebumen,0.7173197844371112,0.07703261195560207,155.68702680054966,135.8402986302509,0.03671591598759602,0.1738744668710241,kebumen_0330
kebumen,0.7124324202363846,0.07470254027897419,37.1356761340901,30.71309145859464,0.05650029175915358,0.27896181132476594,kebumen_0331
kebumen,0.7188519535115483,0.07732835620344805,124.51772182757934,105.25933115047441,0.04904555258334563,0.20738498151238027,kebumen_0332
kebumen,0.7162551912943647,0.07742404610465661,102.1772221931941,92.66266605391311,0.06152826152363976,0.2654843425034933,kebumen_0333
kebumen,0.7253878086376278,0.06940971727765728,136.96435868043844,139.33320101211106,0.048540342632388725,0.21677842027288374,kebumen_0334
kebumen,0.712761276781159,0.07792359933262735,53.71376206025476,52.9832572995008,0.0934314388141384,0.4202754189431128,kebumen_0335
kebumen,0.7165532313240736,0.07558160468799388,28.459154900184945,23.579900905255965,0.07040721717851033,0.3484553388424336,kebumen_0336
kebumen,0.7292798337121269,0.06583255729359662,49.36026806210916,42.0541120205839,0.039698673400823975,0.19749311730794883,kebumen_0337
kebumen,0.7181174076879018,0.07650652545749197,56.21870793253304,56.13562278897568,0.06532240291084233,0.3042113122729447,kebumen_0338
kebumen,0.719679057165227,0.07399246235961313,101.40594435755573,100.89543856829818,0.03669871612299637,0.18206676059189722,kebumen_0339
kebumen,0.7189293248466965,0.07369845152842697,175.2738118104042,161.060820904152,0.04529997632033918,0.19400833216368896,kebumen_0340
kebumen,0.7202400855972941,0.07751029482311311,56.0482590904981,48.99199639199575,0.05404971189755877,0.24579753105423796,kebumen_0341
kebumen,0.7178756105286859,0.07960183732351955,173.132873574885,134.2749533414427,0.018286516135669388,0.08536725977523739,kebumen_0342
kebumen,0.7131522340219191,0.07615866684794906,165.38440038102087,133.36948477597562,0.034869086084926594,0.15588133073085123,kebumen_0343
kebumen,0.7155345535281924,0.07851464728617355,185.4085681202158,168.69499703239157,0.03785054407676549,0.16318469752190015,kebumen_0344
kebumen,0.7173454957789933,0.07462029564311137,77.32060341103234,86.29244002758549,0.057764342438440634,0.2765028303037909,kebumen_0345
kebumen,0.6993705086062575,0.0989923619074523,29.471430381100422,30.142653147424966,0.1470658212084935,0.6249954478392424,kebumen_0346
kebumen,0.7199877281017913,0.07066066283717047,38.31540752701929,45.8648046256225,0.06353742703541339,0.3077448756790261,kebumen_0347
kebumen,0.7275334656030084,0.06897090384355782,78.3351942486238,61.403049905351374,0.02490198937405415,0.12935446591203084,kebumen_0348
kebumen,0.7229647296150981,0.07294573774142112,124.66237585065684,114.80845606217964,0.037126008109945575,0.1636572239299966,kebumen_0349
kebumen,0.7185459984262805,0.07235383646377201,110.1273194200056,105.1390135213271,0.04157913910184412,0.1971871958880181,kebumen_0350
kebumen,0.7065858857637775,0.08789809754933439,75.68243199489615,76.60703096307297,0.11795288371533902,0.4857011711381396,kebumen_0351
kebumen,0.7168630851374712,0.07283002266034291,69.45684184787831,67.72636142140294,0.09386915795137155,0.40378703962157736,kebumen_0352
kebumen,0.7208227005314479,0.07032238426293165,130.649372622404,110.22146981196455,0.01954526167774765,0.1001613213197022,kebumen_0353
kebumen,0.723143899800391,0.06987217905370752,70.39626123965498,65.78482665520791,0.05376217548978912,0.24832437641545274,kebumen_0354
kebumen,0.7190256933740741,0.07202048374377135,64.86470621055642,58.40210511790311,0.07979718906551928,0.3465608137129091,kebumen_0355
kebumen,0.7147652725231726,0.07617934805594563,32.48282117572034,29.530444172400998,0.08339377679643555,0.39423362791732686,kebumen_0356
kebumen,0.7191551173479493,0.07075811977833768,75.82102719946748,83.25574832913532,0.04849853082408208,0.22611504845404376,kebumen_0357
kebumen,0.7157925798883634,0.07955656538731981,80.50854521316543,71.81310444400368,0.045983751031692506,0.21009560974508046,kebumen_0358
kebumen,0.7255967766223348,0.06719359267020328,52.104415338382296,48.74613211565457,0.05817464304651116,0.273819316555387,kebumen_0359
kebumen,0.7285611158490413,0.07169483754767836,99.23610608022723,99.26515621848439,0.03896849048781395,0.18091369609971691,kebumen_0360
kebumen,0.7086456988131605,0.08560605444837725,68.10359992659933,65.04913799334405,0.09819112218952789,0.41867644569021445,kebumen_0361
kebumen,0.7142810175221431,0.07620129087921095,102.0612772713619,84.72170511392484,0.04982477050259477,0.22708943556279082,kebumen_0362
kebumen,0.7275182554775458,0.06861536729926175,68.9157687905753,65.6095460271267,0.03486709901849584,0.16982571291102502,kebumen_0363
kebumen,0.7168039385924837,0.07454530020014717,117.78579751649124,102.16953367640261,0.05884994987167987,0.26333417752721205,kebumen_0364
kebumen,0.7084666490794381,0.08136344612581269,63.806743744623915,62.5597429215418,0.09910228272821148,0.4197034744855905,kebumen_0365
kebumen,0.7154319772240921,0.08186177410341214,49.82700777054197,52.81852477223168,0.08064647339187851,0.35654830895889067,kebumen_0366
kebumen,0.7129228081432795,0.08303747239554779,104.1509572702594,93.26313448196538,0.08042203757808052,0.33784212158367843,kebumen_0367
kebumen,0.7321796657476637,0.06275977630381975,111.09304877961965,80.70830091760934,0.017529077610851766,0.08172125987648568,kebumen_0368
kebumen,0.6913676418488441,0.10464709289426054,61.20728514062649,75.07979439347635,0.16664561598552544,0.6875653811380164,kebumen_0369
kebumen,0.7208091982765297,0.07435916059858538,72.89703000242949,60.29921207810522,0.04181735081317892,0.1903193615059681,kebumen_0370
kebumen,0.7247763058523821,0.07205211096247906,71.91673049198614,58.880469960762845,0.033166320039015595,0.160366153976473,kebumen_0371
kebumen,0.7301649098111651,0.06570461726370727,203.51525167622353,158.95912310682064,0.028620192960887483,0.12592872627633364,kebumen_0372
kebumen,0.7205534629948867,0.07259697506875894,58.23059665301501,57.835645574953794,0.05301821192252988,0.2508101092428311,kebumen_0373
kebumen,0.6949662501264645,0.0967057301320578,73.60508040067064,95.04795518905902,0.14967826009502813,0.6284334620241079,kebumen_0374
kebumen,0.7192784758342905,0.07446669744662009,68.54041869156441,66.38867229742469,0.06048664929000969,0.27370158050164173,kebumen_0375
kebumen,0.7182839550716025,0.07452894156978916,94.35262342278754,90.4492462710533,0.06760542749714273,0.2913441425751272,kebumen_0376
kebumen,0.7226118594472497,0.07137175568405202,52.688328649890934,48.864646999870025,0.04762549928490766,0.23144008134281996,kebumen_0377
kebumen,0.7286553497103465,0.06931765431658539,146.0181723846357,146.02678774356048,0.03442729854760115,0.16094286385951245,kebumen_0378
kebumen,0.6974958574533715,0.0969117841847453,54.752824967678805,72.47674079641997,0.1918580661066755,0.7662291095288165,kebumen_0379
kebumen,0.7084874388256361,0.08624292409809016,54.64078583611935,54.184563843324135,0.0908197910634971,0.40696270813099933,kebumen_0380
kebumen,0.7227429211950881,0.07393041707876277,88.73701145539768,81.82750764137123,0.02636830272880111,0.13147021086247235,kebumen_0381
kebumen,0.7181241924031563,0.0744571004937888,78.91481164935855,64.37549006525587,0.030460448567900002,0.1454632532846894,kebumen_0382
kebumen,0.7166673560000025,0.07978346138899216,74.38525308544256,83.26661227455759,0.0884697024321078,0.3890054151021056,kebumen_0383
kebumen,0.7018433197776209,0.09382019004402731,70.79835434867833,83.21819413951785,0.12484052665011527,0.5193629484539258,kebumen_0384
kebumen,0.7281835599659646,0.06555922629530853,97.04568102696001,92.10874125477375,0.029558727084612726,0.14085148899547315,kebumen_0385
kebumen,0.726066779585623,0.06833747573858402,82.89178729440076,83.63320713837784,0.039367002346920116,0.18818407167733261,kebumen_0386
kebumen,0.7263608334987413,0.06804936758513168,139.15945690562125,106.34914638095422,0.01931598641468789,0.09367815600595301,kebumen_0387
kebumen,0.7236085898666623,0.07173962961561617,61.77387268477355,48.368764688496555,0.032991772311581964,0.16732842149255053,kebumen_0388
kebumen,0.7263163666024216,0.07182112420823678,108.28209698518897,84.32239870493416,0.02221835185871102,0.10320067805135918,kebumen_0389
kebumen,0.721044266390582,0.07216403326873091,59.94253354398251,58.868243615702355,0.054461502277445575,0.2500934429478205,kebumen_0390
kebumen,0.7333243544769565,0.06625469414782988,105.43602197999765,85.2689861375232,0.025897948901004404,0.1226859164845684,kebumen_0391
kebumen,0.7061258824371849,0.09323865180291824,67.42257418565123,69.91078780176467,0.11574212279649523,0.4814146943696339,kebumen_0392
kebumen,0.7214581333497471,0.06983725920523341,63.396282324226824,45.07491861860908,0.02279805311925011,0.11871317935498034,kebumen_0393
kebumen,0.6940936767797469,0.10336187313847194,68.93635161066484,76.79858304789703,0.12058941541119106,0.5051211433853113,kebumen_0394
kebumen,0.7267809015872512,0.07360902721400946,92.08578127395002,77.21525799298526,0.04014142075792179,0.1777550557965361,kebumen_0395
kebumen,0.722977477875906,0.07342045093271889,139.94860814466546,133.2661083745376,0.05955721320880591,0.24864497374179814,kebumen_0396
kebumen,0.716393410908512,0.07422510873296558,60.57237521062639,56.712287699743484,0.053704259325552096,0.252391969769294,kebumen_0397
kebumen,0.727415786876204,0.07079923317394064,75.10466335960297,58.23203514908957,0.023486468782605994,0.12048831715807301,kebumen_0398
kebumen,0.7233887976010478,0.07276438681946357,88.72600071503382,71.36067612828882,0.03870992201370559,0.17247498342432308,kebumen_0399
kebumen,0.7212919468088451,0.0756768040650476,122.96118192187899,118.75072088616653,0.05405310029271759,0.23277725792357026,kebumen_0400
kebumen,0.7283445876446298,0.06687288547545782,154.36408715302602,114.30413179810483,0.023431089152609295,0.10618960190714946,kebumen_0401
kebumen,0.7254783379323906,0.06969719817473984,102.95699763256265,86.69770018995284,0.02975991566001782,0.1328469121833326,kebumen_0402
kebumen,0.7204563560251014,0.07190689978776649,51.30661545235053,46.148758099624914,0.046406860929129976,0.22340001528837006,kebumen_0403
kebumen,0.7171779695517301,0.07597727885121089,54.55418648583388,46.19352179270702,0.07624130724598271,0.3319332607495048,kebumen_0404
kebumen,0.7185683931596955,0.07137047290915399,65.42799270523,74.08684287039709,0.049871927708923854,0.23479412072530528,kebumen_0405
kebumen,0.7242133186204386,0.07118740899951695,60.4297052703128,52.970694384990374,0.06179213419442063,0.26521844545307677,kebumen_0406
kebumen,0.7230434403400657,0.07354453777752205,64.4169737085938,65.27164579640659,0.07277681952098707,0.320514017615801,kebumen_0407
kebumen,0.7277249451736557,0.07070848583766123,154.29000917857383,182.30054276358254,0.02602775340673202,0.12335714976684183,kebumen_0408
kebumen,0.728839333324018,0.07373783808798083,261.063295837663,248.9440948964673,0.016648557417385287,0.07166752585321251,kebumen_0409
kebumen,0.7302788716402,0.06732946631475357,131.0840972375355,147.40272047506878,0.020620647908965836,0.10142500034127884,kebumen_0410
kebumen,0.7278254184586938,0.07028943481531086,263.15264590255,272.3808325972465,0.013763325439668071,0.07079851139425207,kebumen_0411
kebumen,0.7305250518689573,0.07280841576823055,240.70525196563972,223.20835318415212,0.018313459661675874,0.09028624966333376,kebumen_0412
kebumen,0.7227038347109597,0.07047976697549233,182.24574640505878,179.8831757685618,0.029880468644388404,0.13142497565120326,kebumen_0413
kebumen,0.7222173156000099,0.07192198331739887,226.11079808189274,265.70703559304224,0.026783749903393158,0.13025061008111516,kebumen_0414
kebumen,0.7225553404160393,0.07724923379740938,238.69124981538607,199.82748451741676,0.01720476583910955,0.07916866087045592,kebumen_0415
kebumen,0.7273673320346128,0.07014959684714692,47.50299205161739,41.35413525653543,0.05281317242310318,0.24800907127572844,kebumen_0416
kebumen,0.7259018834141916,0.06705957815076044,198.4979960500448,149.03942959783356,0.016610379368501002,0.07694388987536384,kebumen_0417
kebumen,0.7282661553667769,0.06493248112588534,222.60468631502337,232.36032613087067,0.024693315125557693,0.11130941173020764,kebumen_0418
kebumen,0.724780724165108,0.06808289830486522,258.45358227178593,230.0017634561192,0.015572254165043197,0.07414028845088018,kebumen_0419
kebumen,0.7143323687241266,0.08319024186914661,217.04339564671824,270.8589665517406,0.053127325712890854,0.22582561779674348,kebumen_0420
kebumen,0.7252572530075422,0.07101082592355736,135.12602579297808,149.9764447554391,0.023727698379149155,0.11674021050057594,kebumen_0421
kebumen,0.7224606089573361,0.07722414672100672,368.46850695359825,267.059144160868,0.00987354946713439,0.04474427113377665,kebumen_0422
kebumen,0.7198070130726681,0.07043792885576448,101.11408138472349,93.98383964565542,0.026885353952823213,0.12759338530233005,kebumen_0423
kebumen,0.726157913845147,0.0667969326326166,209.1557023241584,197.06272605108379,0.019414270969134124,0.0919189841840216,kebumen_0424
kebumen,0.7115808346233056,0.0744919561769479,150.77241422231035,164.99050324727997,0.02834138586522841,0.13258170223094742,kebumen_0425
kebumen,0.725107362837192,0.0697387845141886,231.4380462207972,237.42792757733224,0.020669411203457857,0.09735190327647364,kebumen_0426
kebumen,0.7080732902936456,0.07889380126754142,212.47345172232326,197.28283244217226,0.018769641149765492,0.08782295633824586,kebumen_0427
kebumen,0.7194147008322834,0.07493711993020993,237.38123835736306,228.19892599246086,0.0210174532561135,0.09424469808166591,kebumen_0428
kebumen,0.7163621139556525,0.07820603197706147,245.79003599748313,199.13824070255174,0.013106627401484711,0.05605732972196204,kebumen_0429
kebumen,0.7239162669163811,0.07101774287794752,403.5348486584045,284.24463037958276,0.01328611134843947,0.060417839832069546,kebumen_0430
kebumen,0.7151439336945443,0.08132268837327436,203.80417637678738,197.8047626921061,0.02067211556371078,0.09327560700918203,kebumen_0431
kebumen,0.7219237932115283,0.07253798858471494,149.51419274476152,145.61224685103446,0.021401828747466316,0.10527643468370196,kebumen_0432
kebumen,0.7282066873950581,0.06550736005150377,82.49489647962568,100.19468492200824,0.02864031296971536,0.14480130230455926,kebumen_0433
kebumen,0.7233996749280283,0.06884260946838931,222.6633360392844,197.57494110202137,0.023816141220993042,0.11430309791578888,kebumen_0434
kebumen,0.7152568297872614,0.07955867616115819,151.0120774908804,162.78571928157064,0.03124142179858657,0.14445008716694935,kebumen_0435
kebumen,0.7253016914924917,0.07236362018145673,230.09625791233694,191.5326940340068,0.014208072720376894,0.060066090866076276,kebumen_0436
kebumen,0.7204970939229182,0.0766992262255784,205.67080170936396,225.05449219603696,0.0226373800967892,0.10366465409205747,kebumen_0437
kebumen,0.7244088762489306,0.07124268954966792,175.42568776629412,140.58500117970374,0.02143868495992207,0.09625731312967381,kebumen_0438
kebumen,0.7248466994414826,0.06819276766394015,101.10042283142964,111.7557468410642,0.024467467752774523,0.1207630498267276,kebumen_0439
kebumen,0.7265524801135962,0.06842093599067713,134.66511115377327,139.46047797222698,0.01624274990677389,0.08161988405074634,kebumen_0440
kebumen,0.7200894615269284,0.07648374829354986,114.88254783976785,105.97208583433043,0.03746821591565078,0.1703556214658264,kebumen_0441
kebumen,0.7256097097282124,0.06925275546539642,139.99588075001435,141.60389847423775,0.02481970075500821,0.11911570261790201,kebumen_0442
kebumen,0.7207722556313156,0.07487476513656822,192.93962728916492,157.36569862761013,0.01465374305717196,0.07104169618805155,kebumen_0443
kebumen,0.7257461294562169,0.07382662419664654,240.28531106237378,212.9264937549103,0.01364455455766897,0.0605443851111464,kebumen_0444
kebumen,0.7246751425236779,0.06641984695907045,225.55675204393248,182.4911890655367,0.016146512216511037,0.07611243828634277,kebumen_0445
kebumen,0.7177159398784868,0.07525790850680053,204.47538267095018,184.74826483667906,0.011927944431493611,0.0598712541226815,kebumen_0446
kebumen,0.7203498042402223,0.07628272503847981,144.41011911756877,125.90850864324264,0.025074483847965658,0.11717119391120084,kebumen_0447
kebumen,0.7207916520319733,0.07245595288964454,214.19995618771577,198.8150233172311,0.016251615486755553,0.08160587329947519,kebumen_0448
kebumen,0.728648049420202,0.07098412860247541,214.0120053969914,177.7688946931535,0.009267301536142193,0.04346434010787852,kebumen_0449
kebumen,0.7230279556145632,0.06881716073283084,176.46011579860317,142.57086529434002,0.012298939499873254,0.061045436652139615,kebumen_0450
kebumen,0.7301577368881382,0.06705392172231796,340.1816587286734,319.216274475649,0.010408466708983957,0.049398484954925104,kebumen_0451
kebumen,0.7147441895177955,0.07685340230351025,156.72945613159658,136.63696657831647,0.04748617967982498,0.2071809205624965,kebumen_0452
kebumen,0.7175076764677287,0.07441386661273143,473.2909323355586,430.89146163813155,0.01307882974656644,0.058976783441953944,kebumen_0453
kebumen,0.7196044566394949,0.07169727498077354,183.03172855454818,144.90105777853796,0.013930458249797835,0.06730097558630516,kebumen_0454
kebumen,0.7230820209094503,0.07648034133429521,268.80015071376425,180.40142982809198,0.009930057832408938,0.04205942602960151,kebumen_0455
kebumen,0.7249765663949757,0.07276630696681531,254.28983638886007,262.70220500356453,0.016799388747507794,0.07806290848215997,kebumen_0456
kebumen,0.7204947056409269,0.07235898757103842,308.63236175671665,217.31019189208098,0.007525966545780042,0.03696924332075037,kebumen_0457
kebumen,0.7209875620046813,0.07838476064107684,495.3267726092012,377.39809340532383,0.01311590933636407,0.05877200737394523,kebumen_0458
kebumen,0.7201421511247675,0.06853724599584282,403.663227268905,287.58230359466734,0.005536910164312214,0.027457471963840754,kebumen_0459
samarinda,0.7156790481171299,0.08090367414482544,99.83453122346339,88.77622959113134,0.05024356876771364,0.22080488518676222,samarinda_0000
samarinda,0.7113403540458175,0.0813217745500733,143.20667514149753,144.5935874987268,0.05278918771071237,0.22114157325458236,samarinda_0001
samarinda,0.712430999547724,0.080586059959213,82.69632301335949,103.76832422646135,0.0837257923476554,0.3764045059826827,samarinda_0002
samarinda,0.7158074952481368,0.0835033760162004,318.62043298937164,279.22714663705506,0.008654223724899242,0.04125561014428563,samarinda_0003
samarinda,0.7163050900236817,0.07449134687832187,146.3574768345487,122.42282570839491,0.03417592900278472,0.15603582003845587,samarinda_0004
samarinda,0.6957017215624649,0.10051404210560107,114.35233111749311,87.83926093838011,0.03529271061524453,0.17261110135808386,samarinda_0005
samarinda,0.7119566859246701,0.08556013129742397,88.51805976214533,95.60430828988211,0.07393426926722872,0.3292681564870378,samarinda_0006
samarinda,0.714947642127864,0.0814427511365064,155.2209083644512,124.33857164063373,0.027066872993661294,0.12659107699685426,samarinda_0007
samarinda,0.720939666302482,0.07729960385912896,141.74210846383986,125.79778082190272,0.02215670867839649,0.10648827780465753,samarinda_0008
samarinda,0.7267513641191901,0.08581649266467642,152.5756109109294,132.42033755124805,0.01985434466995127,0.0943944080053124,samarinda_0009
samarinda,0.7148302053897345,0.08538072318931526,61.899274159511926,61.19361259028378,0.08227656186929785,0.38240469442820124,samarinda_0010
samarinda,0.7181555856894952,0.07938253698153969,71.89042815034689,65.33023461711082,0.10626851470253673,0.4338953090471792,samarinda_0011
samarinda,0.7191591164676827,0.07537309777701594,73.00385313109172,72.71458743399982,0.06589379765188108,0.2937388848089449,samarinda_0012
samarinda,0.7188523599522668,0.07791368915468505,105.39113929773721,128.10226686162028,0.09913653526576147,0.4193478404991737,samarinda_0013
samarinda,0.7054473480670869,0.08205984262636176,52.742339037500315,65.98453182577411,0.20737543436248396,0.8028920280765102,samarinda_0014
samarinda,0.7155154580581267,0.07812809096195077,79.77897486313647,89.23650432778442,0.08743962349221081,0.38517690456817416,samarinda_0015
samarinda,0.7024233461807621,0.0882546158291609,67.88833640817069,82.84206742540835,0.19806418550148616,0.8041383149839026,samarinda_0016
samarinda,0.7125111027997715,0.08195279243165551,73.73204177422963,70.72436570707733,0.10926673958188679,0.4427174871575531,samarinda_0017
samarinda,0.7112825683119766,0.08644972082549976,62.38788289756338,69.96397214331401,0.10964912065682116,0.5162765264749006,samarinda_0018
samarinda,0.712196422511307,0.08340055808414605,93.02931998573837,106.36381247318353,0.11354620680402368,0.47788417173514697,samarinda_0019
samarinda,0.7025604000170773,0.08993604132089136,54.18592531970118,63.97568858631941,0.16091544467132196,0.6819448271974905,samarinda_0020
samarinda,0.7104431522381764,0.08651878134771024,42.15852991829417,50.05254712008729,0.17603809582162747,0.6708468728640278,samarinda_0021
samarinda,0.7084981548126337,0.0873320064234892,63.09343604143557,83.01795520849934,0.14173410768379133,0.5873567649018078,samarinda_0022
samarinda,0.6954610270577758,0.09619194992702874,97.0388210117532,112.32251171660943,0.17316626779060484,0.7133782323576723,samarinda_0023
samarinda,0.7145443223312854,0.08069694880963475,131.41290912059748,113.9137116283261,0.021443549935073823,0.10092560154087282,samarinda_0024
samarinda,0.6869965186062705,0.10249226637052222,57.268658982448855,85.5383443299908,0.19909993612131835,0.8510164842854854,samarinda_0025
samarinda,0.6872794462158504,0.1046015200256354,46.8726228357567,49.90326687859862,0.16363549604301722,0.6956186165572082,samarinda_0026
samarinda,0.7057696202777922,0.09186707355379925,33.34589420131721,43.871427866119056,0.240680021427759,0.9182974871632796,samarinda_0027
samarinda,0.720928593337395,0.0756660953895407,39.51616082657355,42.906029102556424,0.16679583006263682,0.6339797977760765,samarinda_0028
samarinda,0.7120787903040428,0.08383628203179783,15.675146741959068,14.221494155243866,0.21885042748224315,0.8919907890344209,samarinda_0029
samarinda,0.7133568077046529,0.07931260766842559,29.132437322408425,35.51771265564796,0.21559929218380786,0.8211950540823725,samarinda_0030
samarinda,0.6944125458295785,0.10447610436518835,27.620598946403966,44.058839844309965,0.19941203980377295,0.8659985977383114,samarinda_0031
samarinda,0.6978928317144654,0.0951802095900758,9.270963871751793,7.115743187617126,0.27355331182512177,1.099383167366424,samarinda_0032
samarinda,0.7231230346972227,0.07449005192615898,151.93090863593682,144.12700992046237,0.03964489906032165,0.17573894099576381,samarinda_0033
samarinda,0.7136641356502506,0.08222513093103631,46.31336795141361,61.33625155682376,0.20160631751646882,0.7800078027013098,samarinda_0034
samarinda,0.7097777295753851,0.08650342617288813,13.894167789985438,14.331182079767753,0.24752276749684488,0.9878339055034783,samarinda_0035
samarinda,0.7107513922592332,0.08522833340460909,8.78583718281765,8.712473060620619,0.3221644560453111,1.1593254767671939,samarinda_0036
samarinda,0.7079286650269632,0.0855947495732389,14.85797652351139,14.694382533458766,0.2344865560399316,0.9765424291555763,samarinda_0037
samarinda,0.7136996691955949,0.08451788105079668,15.723047011200668,17.970343982434063,0.2340570136233531,0.9491322799067535,samarinda_0038
samarinda,0.715754386367367,0.07893261822831149,17.16322098150925,18.45755125221692,0.21446478395304056,0.8877486964709431,samarinda_0039
samarinda,0.7116982212550971,0.08167159437305596,12.135406943260131,10.027224754262807,0.21968162799444593,0.9489865016297948,samarinda_0040
samarinda,0.7222575092283787,0.07695050939729155,121.06109435882284,124.95657668398322,0.05689174323176226,0.24886203171084462,samarinda_0041
samarinda,0.7110546738380812,0.08574893544142316,15.99897565872364,13.530586746970698,0.18695518795371616,0.8285269571037396,samarinda_0042
samarinda,0.7147444651727216,0.08131015301033997,31.261714576103984,38.65868540314241,0.14003206209040833,0.6347477372072772,samarinda_0043
samarinda,0.7159450165995019,0.08125085086459125,27.24639313536106,25.032330404915264,0.1444921927497531,0.6356993328562516,samarinda_0044
samarinda,0.7181181351442992,0.07903239800384705,197.11516621783397,188.25106790735927,0.04317623403258103,0.1879210477363669,samarinda_0045
samarinda,0.7198969633794855,0.07599615499675598,81.33573207939016,81.40991053825076,0.08213108410300866,0.3585265612245914,samarinda_0046
samarinda,0.7179176367969338,0.08038101726061143,48.95154393708965,55.61668686694917,0.13492756915306456,0.5721222452667173,samarinda_0047
samarinda,0.7210355302195866,0.07886290449704586,283.01416643332186,221.0223975596522,0.01577120186404408,0.07214172847578285,samarinda_0048
samarinda,0.7209943491913742,0.08169503581325407,186.09946607672234,166.22432478317307,0.019272384787412552,0.08841859750812713,samarinda_0049
samarinda,0.7098629804737885,0.09391646801008366,342.9649503301899,274.90665464544867,0.0053881263329809605,0.02654763998783916,samarinda_0050
samarinda,0.722626460400792,0.07635103535444862,172.443093529994,151.28758374313463,0.027890769458709413,0.12258289458391826,samarinda_0051
samarinda,0.7214883944632176,0.0774194808654401,205.89625931944977,177.80224546551898,0.014986521420272694,0.06824822953384782,samarinda_0052
samarinda,0.7182973827742741,0.0804773167777915,247.08010984525168,163.78833089618888,0.0033449770581775178,0.015879014933104115,samarinda_0053
samarinda,0.7151124270525195,0.08105247969792188,35.15031941840447,37.59488411514014,0.15276210459236295,0.6538013865882462,samarinda_0054
samarinda,0.7148237236262918,0.08291585397364057,42.425117040834685,49.44747637086183,0.1484670023312668,0.6174900229361302,samarinda_0055
samarinda,0.7070100503492853,0.0874592937964053,49.52758711583546,62.65548230187962,0.18634587711127382,0.7207904596855544,samarinda_0056
samarinda,0.7142122497025571,0.08093447111515013,239.37473921324911,232.65488062203156,0.025939792225579617,0.11596926029566341,samarinda_0057
samarinda,0.7151447670222428,0.09217671302287442,344.7101873500464,252.56418951826865,0.0038821148196628353,0.018776589993749555,samarinda_0058
