VH_mean,VH_stdDev,VV_mean,VV_stdDev,b_area_mean,b_area_median,b_area_std,b_area_sum,b_count,b_coverage,b_density_km2,brightness_mean,brightness_stdDev,bsi_mean,bsi_stdDev,building_fractional_count_mean,building_fractional_count_stdDev,building_height_mean,building_height_stdDev,building_presence_mean,building_presence_stdDev,city,ndbi_contrast_mean,ndbi_contrast_stdDev,ndbi_ent_mean,ndbi_ent_stdDev,ndbi_mean,ndbi_stdDev,ndbi_var_mean,ndbi_var_stdDev,ndvi_mean,ndvi_stdDev,slum,unit_area_m2,unit_id,vv_vh_mean,vv_vh_stdDev,b_size_cv
-12.566657917469229,4.451894098505764,-5.977004411820717,4.585102096741603,84.01418486267572,67.79197594554154,74.06457988942968,350003.094137907,4166,0.0639577550966328,761.2732921372046,0.0535877760920274,0.0227509914958897,-0.2666413600779609,0.1209912017575225,0.0002513763499694,0.00072093387352,0.5657918897298958,1.4471284132268518,0.0594347697739588,0.1540402300865767,ambon,10.787909140302215,8.878234242243856,3.585037775019789,0.4383686536211689,-0.3112682785859385,0.1220613957226343,13.552883328323263,12.636478298142372,0.7296476729387161,0.1683762792115735,0,5472410.556141197,ambon_0000,6.589653505648482,1.328654900354049,0.8815723203229426
-13.591240868245016,4.086952612470435,-7.074459436529708,4.316049328001374,79.58353071476762,59.18836733011099,76.7554702055364,68998.92112970352,867,0.0616161329403728,774.2322109483799,0.0503860702899964,0.0197416486868598,-0.2797227502953374,0.1154571129994507,0.0002407674788796,0.000715609095184,0.5006968208733538,1.3493958048033692,0.0551789247340928,0.1498811942315088,ambon,12.331595893407206,12.99612930650681,3.612288234187525,0.3933619843705342,-0.3192662130620952,0.1184972590195823,14.632088710443348,16.397854505692525,0.7515854452977153,0.1650573737168063,0,1119819.0771964733,ambon_0001,6.51678143171534,1.0940026132466738,0.964464249275806
-13.624253575619043,3.690968882356712,-7.263673395312811,3.852988243952936,93.65819280712536,71.88004912191363,111.39735385582536,190500.764169693,2034,0.0219241263956207,234.08658376283293,0.0465406443453996,0.0182075402240785,-0.3017781329321621,0.1089102276894499,7.15861122091062e-05,0.0003828496548469,0.1891907186789148,0.9406352563723198,0.0195529367116678,0.0937935057806507,ambon,6.961450004146493,8.1309927730966,3.342035986325992,0.4693428121617141,-0.342821340532669,0.1065599782357565,8.523683605351371,10.796395680430733,0.7893139373895637,0.1197538313943724,0,8689092.58832521,ambon_0002,6.360580180306201,0.9664801928092835,1.1894031959940874
-12.97474607838301,3.3472016332817747,-5.889000867029655,3.617879470260526,87.57905137734335,78.27735731336806,72.66468565674549,21369.288536071777,244,0.0420725916204047,480.3956078392611,0.0418104564203179,0.0187886262348023,-0.3154333037249484,0.1039490537650261,0.000174506050977,0.000616464983127,0.558316615608141,1.8157981788672828,0.0399453410542196,0.1267112731263218,ambon,8.613308181020342,8.199289253748422,3.4046861327690925,0.4157683076543544,-0.3508131377623615,0.1035970629664071,10.677288899929684,14.88984025509039,0.8005439498051337,0.1307238398624695,0,507914.71865754784,ambon_0003,7.085745211353359,1.4126508053961178,0.8297039590399561
-13.732075719532078,2.974276535055264,-6.795167977806109,3.1953984074193325,89.20357829890447,74.16667066301618,73.2090628160034,23817.35540580749,267,0.0068052401959819,76.28887008522105,0.0385028891303684,0.01086325529988,-0.3561752748411874,0.0640149705150074,2.83896636290574e-05,0.0002503684771631,0.0774823105375361,0.6374713496901769,0.00633692117272,0.0508998247385719,ambon,5.137731705125826,5.282041452253601,3.2102517976458373,0.3496177382913253,-0.3915372873193366,0.0654483823076976,5.1303901073700535,9.77985948682706,0.8365604573100947,0.0921017783777097,0,3499855.217435239,ambon_0004,6.936907741725884,0.8019912628432242,0.8206964811511658
-13.50027008376551,3.233355653856461,-6.474060880857232,3.415012974765949,87.36847061294694,81.94662683660334,66.02189980347713,29093.700714111328,333,0.0088747074276676,101.57791896099108,0.0389948392300298,0.0140666277673732,-0.3454877140826364,0.0789134892001549,3.809942329436701e-05,0.0002874065841954,0.1147414228607674,0.8319187638785033,0.0086904712573655,0.0594602046677485,ambon,6.161625890735997,6.181091420354197,3.2774922994832525,0.3786421820656844,-0.3809076232214743,0.0773754161188376,6.693541675427617,10.914299391667218,0.8292723501170185,0.1109987473650052,0,3278271.531905294,ambon_0005,7.026209202908346,0.8312794675270135,0.7556719184883327
-13.580091457795842,2.612283870468902,-6.617811303692153,2.859960336053603,75.44276380682567,64.85498894585504,58.17653156616801,25046.99758386612,332,0.0091931828913197,121.8563905593286,0.0383149955580217,0.0102987026119783,-0.3287369329758845,0.0611182250795746,4.828047435932834e-05,0.000310790893513,0.1628027577602158,0.9942143760034944,0.0110271780794213,0.0644406905866708,ambon,5.280769535525772,3.423941320522945,3.301678995110444,0.3224773899977491,-0.363362149530329,0.0591908795971399,4.757589704189555,5.0723031316464215,0.8335385705150157,0.0628313887088125,0,2724518.578599767,ambon_0006,6.962280154103646,0.8413135037738694,0.7711346805259075
-15.47428008478714,3.681933689496448,-9.059776086482891,3.922433548167897,91.16345598558628,68.37332581310737,96.12831343512646,211043.40060663223,2315,0.0285489439895688,313.16215122518673,0.0456076561034333,0.0163773271942829,-0.3185542080758304,0.1024481263817473,0.0001045114898378,0.0004785794918112,0.2397690649740484,1.0189920049334489,0.0249174744364296,0.1056415569053726,ambon,8.090142662114147,9.545474282916048,3.4119275309247805,0.400670619139791,-0.3553601889273092,0.1042344198234878,7.683237307288514,11.016730363085758,0.7974170986133614,0.1224145780729618,0,7392336.497060731,ambon_0007,6.414503998304255,0.9582032132551916,1.0544610490669108
-12.982996151038805,3.4224277112585013,-6.440933151112131,3.593239584071286,88.59235538701294,73.15046005249023,76.62765347439928,22413.86591291428,253,0.0030979350202906,34.968423706057344,0.0395817183839979,0.0137223242683806,-0.3154397396828497,0.0921565821585781,1.3372649246687413e-05,0.0001746111852651,0.0314699112003305,0.391778649116243,0.0029768848261282,0.0352663120163109,ambon,4.366455081550928,6.184562762765292,3.0079822691244367,0.5401526770799369,-0.3516747232258251,0.0889976414215979,5.2509252172308765,9.69340809136485,0.814103290730191,0.11561266854667,0,7235098.788744502,ambon_0008,6.542062999926627,0.8537709682649359,0.8649465649677534
-13.045100138149914,3.3805543706368977,-6.3201305912164045,3.594012595464453,83.51276953705363,62.08725493544832,72.25003906033382,351421.7342119217,4208,0.0174097075668411,208.46761116114925,0.0440301633422393,0.0155332497172884,-0.3232661446668307,0.0908058736559012,7.413363629283372e-05,0.0004007251487809,0.1883560110038929,1.0112913404762578,0.0173335533393785,0.0865799565908428,ambon,5.66375815774896,5.887686591241343,3.261728567144152,0.4328125065811395,-0.360352221314152,0.0902170180345335,6.318379110484544,9.09679460918717,0.8122973185466487,0.1077058058179395,0,20185389.83855453,ambon_0009,6.724969546933444,0.9669985357701696,0.8651376245913786
-11.305437065251793,4.779760644821039,-4.3982731352768765,5.07319604191296,89.61797567421306,67.94735123390375,103.96882698148602,252812.30937695503,2821,0.3183988332871935,3552.845630486725,0.0764562150184,0.0377340620017078,-0.061151280297065,0.175920038224973,0.0011315302326176,0.0012831849388977,2.394038842881803,2.532722153569942,0.2662479476684332,0.2719351546074955,ambon,21.785407556870545,15.68709747338559,3.9001620033584055,0.3178692137354804,-0.0762016312309015,0.2015298062482697,23.968760877942504,18.23647953141649,0.4838254790175692,0.2686429885535243,0,794011.4188449935,ambon_0010,6.9071639299749386,1.9079787860311503,1.1601336249709813
-11.256050370216926,3.1221116663044555,-4.168563417773729,3.352934786811047,90.05231753988905,71.81244299049202,88.32029179438592,374887.7979185581,4163,0.467524573543843,5191.699517747014,0.0885744500924781,0.0352668562198193,0.0131876576118461,0.1302975775709323,0.0016347557968023,0.0012928038361066,3.12666108642305,2.251948771965644,0.3663006647364827,0.2573509505652177,ambon,21.43830854067457,7.879004404829685,4.021884495679157,0.1264099905604431,0.0060228239671575,0.157014304130914,26.55611349908975,15.865426711794916,0.3767888103275186,0.2215215148571099,1,801856.8843919865,ambon_0011,7.087486952443249,2.0623398070791987,0.9807664500723603
-11.497168516598377,4.113404900105519,-4.956494177843272,4.346856198994834,76.67898957692232,59.74849969832624,83.42172033865782,78826.00128507614,1028,0.3397645481150044,4430.999286631989,0.0783920239101289,0.0316553384440764,-0.0377868074221206,0.1389989792324336,0.0013067025282167,0.0013392994827435,2.913769777335361,2.8130257132015006,0.2761723928537285,0.2542766966614692,ambon,22.6171474522882,7.815020280732053,4.032864570456817,0.138692713416561,-0.0568446178991854,0.1612288221094889,28.86997932921565,15.960518544763648,0.4620471515977526,0.2239802617857256,0,232001.8428126141,ambon_0012,6.5406743387550685,1.6877335275539351,1.0879345280752737
-12.310055042393165,3.654510844259005,-4.989147067174558,4.017002614251029,85.23224909010611,55.33710050894544,104.9359974528192,499460.9796680218,5860,0.3086455952772147,3621.230210068959,0.0800111131508986,0.0355378020323502,-0.0543509677731795,0.1617908418182167,0.0011468628886576,0.0012810369875772,2.198206883714431,2.403301218548281,0.2609709525729545,0.267631144107395,ambon,18.024731917182,10.994961092636403,3.904310197835532,0.2633382608213243,-0.0736720106060128,0.1851191134767491,20.78937082599825,13.980031992091098,0.4811013081320829,0.2517882684448786,1,1618234.594339256,ambon_0013,7.320907975218639,2.041156175202094,1.2311771491783892
-11.49129803824673,4.009675703111757,-4.496042475191256,4.351184208031502,80.74606692358505,59.94414002791695,81.6597338556606,173604.04388570786,2150,0.1913789823827687,2370.133799382233,0.0616943671677731,0.0298544535791333,-0.1592967504382238,0.1521884911672326,0.0007610767929868,0.0011835215211189,1.7811747365129118,2.7431590694437897,0.1584590236237776,0.2288135584000921,ambon,16.521799753720533,8.800369330647705,3.845762928325798,0.3349534363819386,-0.1889485653006539,0.1649131482787486,22.617566890369154,15.688305792682872,0.6459797777833319,0.2252762724491298,0,907121.7838251956,ambon_0014,6.9952555630554345,1.7041945761530934,1.0113153119016958
-10.406994734557424,4.99292100845588,-3.553829187161129,5.290181708692723,74.08038528941161,51.72483286043493,90.55422529166728,74895.26952759514,1011,0.2993579944055318,4040.988626557796,0.0765045467841344,0.0368788472104906,-0.0720400588782334,0.1515772210887839,0.0011696094285962,0.001325081144526,2.7655778626479828,2.9873363266301305,0.2495299016978231,0.2523890811331309,ambon,24.01573866706032,11.16340503391666,4.017788303913255,0.1448641988544999,-0.0907744418958246,0.176483048210794,27.36754833384997,15.504581692134314,0.5034576369275908,0.2528594128753744,1,250186.30177665025,ambon_0015,6.85316554739631,1.804562796717716,1.2223778931210594
-9.815284918798447,5.041955259546131,-2.0769416035563246,4.883733914547617,112.22562491680716,75.80399477923358,137.27212741515305,237469.42232396395,2116,0.5170068001990514,4606.851604366726,0.1083391506171822,0.0458131241676,0.0802088438491116,0.1042996076736883,0.0015504600682931,0.0012907358627916,3.611226868292633,3.048646091401524,0.3873260259753426,0.2760798029698826,ambon,24.665366841820862,15.030320053127658,3.9999713219933946,0.1644902132270789,0.0886251502364985,0.1377451367754815,25.554808511048485,17.16914744613709,0.2271942008487722,0.17636136481908,1,459315.8585777526,ambon_0016,7.7383433152421,3.204442492018213,1.2231798888793255
-11.720275679138924,2.7341607344028365,-5.125457175117572,2.8914006786205486,88.22182018332686,70.04575783865792,77.22571245864295,28760.31337976456,326,0.0071934246199114,81.53793024178532,0.0399766777202467,0.0111247254937871,-0.3021823518581221,0.0862935923324041,3.144362470962815e-05,0.0002762121375383,0.0626206880869936,0.500925244297463,0.007060449463185,0.0559245305389242,ambon,3.9427557509614464,6.2127349137068215,2.999467006733893,0.5134322695268775,-0.3382488648111736,0.0835889818598624,4.756503532617616,9.261918006006209,0.8145293090754904,0.0922338893949675,0,3998139.259033294,ambon_0017,6.594818504021391,0.7934469686033537,0.8753584124445204
-9.098652950123856,4.354031494452087,-2.714977838061954,4.628472776503147,116.3483121668686,71.607644144694,186.6118615979541,103666.34614067992,891,0.6020924342620417,5174.913353263871,0.1151938813714905,0.0476015237425841,0.1010767659526315,0.1035765940743548,0.0015116508196968,0.001287626993663,4.366051384724692,3.1563872787794347,0.4272734189073506,0.2772253625317725,ambon,23.423546099661618,12.887780110907547,3.984981038591912,0.1572402127073283,0.1227182947518448,0.1365258779031018,22.443639666809297,14.160748040800998,0.180158299393999,0.1740586975644568,1,172176.79585650205,ambon_0018,6.3836751120619,2.351039633549084,1.6039069078227142
-7.627649936782169,4.323524818198044,-1.623599674075584,4.4075932852009565,120.57143939480292,84.38073335375104,139.9790015585492,151558.29931926727,1257,0.5265694291216944,4367.281603045965,0.1200501284756317,0.0529248298264433,0.092356019969207,0.0921285186974614,0.0014295895949599,0.0011565707604545,5.154036198524644,4.53369884636926,0.4317712336007324,0.2775529557786732,ambon,25.94609801583134,9.281778205797488,4.0483852605070085,0.1031050859276516,0.1138949348419307,0.123550178965102,24.14529588464962,12.592114774134217,0.2131696334974288,0.1693898276082987,1,287822.0628418612,ambon_0019,6.004050262706604,2.9901584062510858,1.1609631788519794
-9.233769970108616,3.850960506862799,-2.145087025060318,3.8835717498176,123.8906347490382,76.00254615577492,151.4365137680336,89325.14765405655,721,0.5827110551810668,4703.431024963657,0.1277183804552913,0.0518763520055259,0.110107534948563,0.0865482976725393,0.0015417787254223,0.0012444390656569,4.148728845577077,2.8518025429518064,0.4322621822408938,0.2723457228193333,ambon,24.76272636447179,14.299076279600618,3.991431102703477,0.1587477262166713,0.1422471946362691,0.1161761318710907,21.53435859638859,14.011851808965076,0.1643330289432903,0.153282807170371,1,153292.35108865472,ambon_0020,7.088682945048276,3.25788597858214,1.2223402848390785
-12.60803943029809,3.926924432763213,-5.763356985477655,4.086283284060693,77.92423735146077,60.01321352445162,74.84594882170725,197693.790160656,2537,0.2737907889244501,3513.551087957072,0.0683463428330952,0.0355192852709063,-0.1207363592069401,0.1756807275786334,0.0010862559611093,0.0012963311729406,2.4265135433189133,2.951025383719692,0.2167967823023307,0.2417461752818634,ambon,21.181106820874685,11.192573029518368,3.9408476068230014,0.2982329485213408,-0.143428736054127,0.1960788268791983,27.320618973558467,18.31046663293277,0.5718502881893505,0.2509310240252638,1,722061.5088523218,ambon_0021,6.844682444820447,1.708618982631556,0.9604963919522298
-8.681935621642456,4.126749563469068,-2.428614456156424,4.118824575372283,121.3401578063454,75.92390349815632,150.41952365073297,182980.9579719689,1508,0.4048149572209262,3336.1993633385296,0.1287301848838075,0.0573796769999329,0.116158261957753,0.0794681113867694,0.0010214903003687,0.0010876563797269,4.245915613954034,4.226284323511264,0.3475632361277078,0.293360510270162,ambon,25.27320722945803,12.918603201498396,3.9690455416760817,0.2268486840896381,0.1435211818750401,0.1091576602372786,19.73670808962172,10.791828317163295,0.121508950597848,0.1229839366769582,1,452011.356566817,ambon_0022,6.253321165486055,3.153116420494558,1.239651623750129
-8.765321926949055,5.740676397793199,-2.098824496604756,5.853416026787955,125.4078895225629,76.18871019888616,165.3230613132877,183847.9660400772,1466,0.4096997412359155,3266.937533162169,0.1100648337343935,0.0485471930760785,0.0788140832066305,0.0965358838122372,0.0010588300871604,0.001075201344903,4.16268148891891,4.717589663414896,0.3576073883643113,0.2930465284241548,ambon,25.96222182428601,12.906373722503192,4.035393493145973,0.1636037085867894,0.0877793360733871,0.127825524210316,25.245474716776894,13.494079593682528,0.248265935122265,0.1747341026177112,1,448738.3015802612,ambon_0023,6.666497430344301,2.6276261925350908,1.318282780634335
-12.601969115288608,2.8774237367287707,-5.938666024044055,3.04196059014364,84.10817164884645,70.08965110778809,65.24273805455041,39278.51616001129,467,0.0112518734350791,133.77859980188305,0.0384415092555965,0.0117260290929714,-0.3242646703143837,0.077515894984615,4.557300094086815e-05,0.0003322206233678,0.0798628815316154,0.5570299836688132,0.0099696301536072,0.0685593271964324,ambon,4.641667921713377,6.447173561419033,3.117674382539401,0.4052536764027726,-0.3577719190081364,0.0775126629238104,4.884844141791024,9.437436156153188,0.8326207447296079,0.101267073283355,0,3490842.337201877,ambon_0024,6.663303091244616,0.7923274164963644,0.775700348438679
-10.509647796790514,3.674365996431228,-3.659749745609856,3.697282103691332,80.89279592275764,65.73044444239417,67.56924528803556,133392.22047662735,1649,0.2320003890970455,2867.998150522285,0.0748921345912748,0.0336487935186385,-0.1012460356164867,0.1441303568849722,0.000957100842698,0.0012428588164695,1.9279290197938856,2.6646954958657645,0.1890026559223339,0.2302783047358773,ambon,16.20628518365139,7.657986612311172,3.900957302719634,0.2786288175451426,-0.1325078841413083,0.156018170741232,21.5091550292092,13.86725029045248,0.5469370860781771,0.2339885909693599,0,574965.5032726239,ambon_0025,6.849898051180607,1.5944432760662577,0.8352937306377148
-12.096883778951426,3.279775299600998,-4.726133903560509,3.6895861512371497,89.019750529119,59.86242092895508,95.558553896995,195665.4116630036,2198,0.3530110093279592,3965.5358190706975,0.0847261152377645,0.0389924729874819,-0.0325822602672417,0.1414116638882007,0.0012170056313125,0.0012482532109358,3.0945490249709087,2.9255476381728664,0.2869006459787507,0.2569203036107325,ambon,24.47225845223674,9.549149608096323,4.034976076694105,0.1387396798829456,-0.0467751724392941,0.1652940247988044,29.73976607504044,15.747256176997086,0.4567308766914818,0.2317262308611084,1,554275.6641938715,ambon_0026,7.370749875390913,2.309286074183134,1.0734534002736518
-8.523703735417104,4.213362785242833,-2.247321498307869,4.44590568800337,127.15265476878665,87.59064028074415,177.122900322821,209420.4224041916,1647,0.5350522209269812,4207.951630266123,0.1329592171628222,0.0812076398792202,0.1148792596099391,0.0829034710276796,0.0013602720451556,0.0010465110088158,4.927466172860002,3.59671853044349,0.4394089254866193,0.264348812588607,ambon,27.635416464472723,19.71741271155925,4.017153398078038,0.1350473441857939,0.1421868849586273,0.1129353338076302,23.39184720855477,14.607302174257825,0.1613928787435381,0.1518048309625005,1,391401.837453117,ambon_0027,6.276382237109219,2.796445647313305,1.3929941191153252
-12.243626042735103,4.12804150926552,-4.561829280744361,4.496165395157194,118.03115962684414,72.0458058261415,165.7712798727489,273950.32149390527,2321,0.3483722327353812,2951.527663006625,0.088264724365711,0.0478972307081699,-0.0167832345547524,0.1587366231533641,0.0009393211361251,0.0011366833952514,2.921394496757052,3.4559299327869946,0.2888625212419988,0.2902202659891104,ambon,24.631238311807323,10.807847377231086,3.992978837751061,0.2275976019721157,-0.0330758843978155,0.1792145825706554,31.57879461916141,19.5762925403491,0.4439985499198034,0.2463348273487133,1,786372.4365827806,ambon_0028,7.681796761990747,2.6635012128856905,1.4044704838691349
-11.119661746918544,5.00438823425043,-4.161877859515907,5.178836089161214,100.60691479609656,55.78277181382345,154.01376746885305,210469.665753434,2092,0.3729064190905407,3706.568478382652,0.1091903019705744,0.0548142758966059,0.0289964038848667,0.1209464809594704,0.0012004333003991,0.0013078588661788,2.7524473396424174,2.8608731459837795,0.3068768160966555,0.2837213505750633,ambon,25.63934596707791,16.08900725590767,4.007911064824064,0.1530646130857121,0.0213672379191593,0.152372838731946,27.1385507230974,16.1819183611658,0.3174258328232459,0.2303183280357161,1,564403.4400553788,ambon_0029,6.95778388740268,2.551971324414429,1.5308467393220233
-12.221956872429562,4.278887917715417,-5.1377845900758174,4.759631963461776,88.13262119448201,67.96601456756866,79.99258238364442,1915474.389040872,21734,0.2008304557500121,2278.7300891328327,0.073971033207347,0.0423504809951868,-0.1210363252463787,0.1640275828249124,0.0007330731568915,0.0011637187237093,1.5871411138607914,2.6130738163497225,0.1669706104387693,0.2459307062170361,ambon,14.30355765549756,10.281246108859069,3.739387789671063,0.3903701747111801,-0.1452043397078531,0.1832890651472964,17.59687682446994,16.337221134304066,0.5806959342331056,0.2643354585811417,1,9537768.471855674,ambon_0030,7.084172282353828,2.047713989114841,0.9076387528191747
-14.242547547706522,2.744714423489002,-7.595800418070906,2.994280015079893,87.87236222476007,68.08739938127233,80.83245970513357,327412.421649456,3726,0.0174714882732808,198.8280254557428,0.0392336945164445,0.0140617226373033,-0.3079514712326149,0.089763668648138,6.715511283627014e-05,0.0003914921712715,0.1683125045417688,0.9646732168516416,0.0149958618561849,0.081366424207103,ambon,5.057552374070856,4.928417817544187,3.196633065438018,0.4297164153740783,-0.3396641854002803,0.0898776451380376,4.87677508651739,7.737513050616054,0.8253037084367633,0.0928978502392234,0,18739812.918523263,ambon_0031,6.646747129635575,0.8786345432467473,0.9198849064553446
-12.15607190178483,3.926387159788639,-5.398813812847374,4.088854488897827,93.45808256119652,79.54318116382699,156.6474958614727,426636.1468918621,4565,0.2366937811187782,2532.6197010707,0.0830061550704666,0.0493409354523347,-0.0958938203779947,0.1718275871768063,0.0007688945691611,0.0011494025783922,2.042333434780393,3.5991583407131027,0.1936670111681998,0.2583460523505381,ambon,18.736266576536423,12.977000394342312,3.8669387634223606,0.3137891106802171,-0.116572481339219,0.1946301688481035,21.88326845209602,16.80636587817595,0.520428518301769,0.2874643095285902,0,1802481.4377263528,ambon_0032,6.757258088937484,2.0114369944044066,1.6761257193448158
-9.106663687168814,6.026308226885193,-2.759713442674748,6.166352083453029,93.78679103311153,71.5486080088514,142.18312929921268,48018.83700895309,512,0.3924986828018314,4185.010260808042,0.0998777522500519,0.041889934471375,0.0574639439999398,0.1022468130895707,0.0013210789372142,0.0013676210763653,2.582555373409097,2.457987795946343,0.2995377605524693,0.2724498638710828,ambon,38.07706661803086,25.876674944456507,4.075061303307152,0.1330014214535966,0.0568700951051466,0.1409949925336634,35.37074633260264,21.19051494557785,0.2401413373419843,0.1986972533326643,0,122341.39657787672,ambon_0033,6.346950244494056,2.1651277828677777,1.5160251004751275
-8.797814638385297,6.719865521478094,-1.3443677049373015,6.923605659659542,97.67388834387567,100.36289978027344,87.62894747620543,5762.759412288666,59,0.372472573180398,3813.430380380189,0.0881351296019835,0.03520018193148,-0.0430518400813233,0.123253937486926,0.0012971176778175,0.0011638665089949,2.3612538488547976,1.9970650791098457,0.2963201817825232,0.2521978562765227,ambon,23.55540516495573,5.6838312438296,4.045563014582872,0.1216927695379253,-0.0611076868673754,0.143063261800018,34.888715361408565,19.28221316052218,0.465174847459052,0.2085204724225917,0,15471.634228213668,ambon_0034,7.453446933447996,1.3031443250032304,0.8971583804229691
-13.211520968747282,3.113833496691691,-6.5221345533107336,3.3272191183908983,95.42906397251696,79.24611369114297,129.3879538429107,638134.1507842209,6687,0.0492639049191566,516.2358601080316,0.0484949352818058,0.027610981180837,-0.2744239277675218,0.1240703601429133,0.0001652870969075,0.0006011188226063,0.3644675598005326,1.3132264195729806,0.0429432653142921,0.143499620667109,ambon,7.691219571407926,9.614774534244589,3.301567303142767,0.492787915575597,-0.3034684074515745,0.1280445958099025,8.5078398040755,12.791184039209996,0.7854147870813245,0.1678497810974794,0,12953381.42259359,ambon_0035,6.689386415436597,1.1288447531247108,1.3558547936734842
-10.880454169583407,3.829068995191724,-4.096814377051652,4.106594115475857,92.20447153457224,66.0678436756134,99.78928461025566,100963.8963303566,1095,0.2192747052811324,2378.1352642850406,0.095879516276281,0.0512182578615487,-0.0678517871096996,0.1247215262641928,0.0007514519682665,0.0010993876322235,1.4558075366343677,2.084191520476816,0.1952415640268886,0.2523414144020071,ambon,19.22475414976837,9.331922974082772,3.928882818885645,0.2474716064921167,-0.0954205081719462,0.1428184719481755,23.921121522116067,14.304990259822755,0.5047728385496368,0.2208068081679214,0,460444.793214569,ambon_0036,6.783639792531793,2.085684806453848,1.0822607944001879
-13.394774059627313,3.417694798314369,-6.485311128607384,3.703974831272576,89.0584089167561,46.73922228161754,140.19061954379404,282404.2146750336,3171,0.0154363050104606,173.3278777177474,0.0423232182450924,0.020320103475466,-0.3110733129267919,0.1001044635901579,5.564321298240242e-05,0.0003573947937814,0.1041798487392891,0.6504963427352475,0.0140287559024593,0.0826847189650265,ambon,5.503699750017391,6.417263449880569,3.2257598398853906,0.4041377895603202,-0.3469039595560254,0.1019981410137559,5.221545611321069,8.121206479776511,0.8062493406062393,0.1209887581600559,0,18294806.592876863,ambon_0037,6.9094629310199664,0.9225999646297538,1.574142422360496
-13.872637634054206,3.871406063868419,-7.014068936849197,4.205323042748748,97.43935908461113,92.79734610771948,196.83595532791915,325155.1412653473,3337,0.0095680655392912,98.19507875644838,0.040601177757638,0.0194809215090815,-0.314216660801116,0.1086449146630637,3.234841849952095e-05,0.0002800750735093,0.0604280840012691,0.5064782442605111,0.0080070988349972,0.0642037517895879,ambon,6.436056057973153,6.394224040003046,3.289530130732856,0.3909703891461608,-0.3480461952625591,0.1109197373756367,6.50139773009989,10.625509280896429,0.8146077576958203,0.1320275958217756,0,33983373.120731495,ambon_0038,6.858568697204963,0.9238993502614284,2.0200867203672526
-12.348209972301216,4.135965066667303,-5.43330607883283,4.4465972220770125,90.58073554230955,71.66779500678511,119.38847177977073,277539.3737016365,3064,0.1044726865447872,1153.3654029116249,0.0661440456505058,0.0520407923149104,-0.2100147348195829,0.1699971795963979,0.0003655847160297,0.0008857099816509,0.7997871790572454,2.082229001705091,0.0879323541224319,0.1958783686138737,ambon,11.6080624014656,15.87710036874776,3.5516792491480547,0.4338069066992084,-0.2362838535385119,0.1877793157201432,13.069401187417688,15.754708094079623,0.6783726028432607,0.2638110945379699,0,2656573.5301796417,ambon_0039,6.914903893468379,1.328877640457448,1.318033807795757
-13.415977801620834,3.0966716402772496,-6.690555489297977,3.285442561017429,101.59947062678064,84.05867029546381,88.67595704674589,199846.1587228775,1967,0.0085127833565921,83.78767432621146,0.0382217841634872,0.0152146628719891,-0.3392623028277395,0.0795813591113188,3.148915625538171e-05,0.0002662114225719,0.0795918821397795,0.631920189424992,0.008246336299388,0.0634427844657071,ambon,5.079644222706729,6.517021414677687,3.16490215916612,0.4119490081427114,-0.3703484221844195,0.0789940156257715,5.0789562453994215,9.681492720592548,0.8441929501990847,0.0932771286712161,0,23476006.65393644,ambon_0040,6.72542231232287,0.796752297968821,0.8727994004269128
-13.290548078958851,3.718685126794918,-6.693009926225118,3.9882902830153513,87.35535855569098,55.94525077837204,109.13558509103322,366368.373782568,4194,0.1421306116077416,1627.0394164443867,0.0744256017861677,0.0506770541920635,-0.1507710533036238,0.1665608433317308,0.0005083603523415,0.0010327537556494,1.0509868016654698,2.0981279066593004,0.1198058676867697,0.2221127814276612,ambon,16.45816359148576,13.378451233728043,3.747874852651677,0.4137315998605119,-0.1773042994944238,0.1782587820770242,21.11063675644788,18.79529759922777,0.6245937203258272,0.2583017911631191,0,2577688.0127251386,ambon_0041,6.597538152733789,1.6646168138289097,1.2493290268101511
-11.726123215734194,3.943013325946344,-4.632199279966421,4.228704421196267,101.8232099833942,56.0381851420683,185.82450440951752,283373.99338378606,2783,0.1398247828638313,1373.211303067685,0.0654809649172897,0.0375731671390393,-0.1601369662934335,0.1497812640472972,0.0004115522907933,0.0008794706434924,1.1141908345378886,2.3780983166478347,0.1192101377384835,0.222894880482691,ambon,19.37194444355732,20.530375773875733,3.764254014194515,0.3975652755643771,-0.1916231846219661,0.1641642420792538,22.209503721678857,21.10869975160959,0.6328760882776403,0.2446055926526367,0,2026636.3914882708,ambon_0042,7.093923935767695,1.6835842380155577,1.8249719728912754
-13.476943516616796,3.494964266063008,-6.655020846754904,3.808486725598698,82.77378764164648,55.4762688658108,97.78375409963586,228207.33252801927,2757,0.0076756857519769,92.7308749625828,0.038761686381471,0.0143032667346498,-0.3351757637211204,0.0753641483486683,2.968453979618202e-05,0.0002591189253993,0.0659618178216921,0.5603741084357792,0.0072017886972654,0.0586247576832652,ambon,5.068841174105254,5.520934688510044,3.204763651200987,0.3821278411813051,-0.3708268372431173,0.0767074016979947,4.183202282172119,5.876350626388362,0.8284414879389204,0.0907048837809052,0,29731197.954429507,ambon_0043,6.821922669861909,0.8452220001571169,1.1813371948493188
-13.155089758321376,2.9041137635734624,-6.2281580599983775,3.196346628100044,105.05656852430518,71.33869384476358,155.29296123734068,521500.80615465087,4964,0.0310102907441411,295.17707630976724,0.0454474296331744,0.026306537444013,-0.2754239346894038,0.1157437279813154,9.686857181718328e-05,0.0004557361315603,0.2529808730276536,1.1998705017619236,0.0288010053091229,0.1220223788766196,ambon,7.122666684947388,8.772286482018913,3.362246863784051,0.4099489316517942,-0.3073931091627241,0.1201320253031199,7.532293014802526,10.693834940019467,0.7930099429084426,0.1539133041616984,0,16817024.079439815,ambon_0044,6.92693169832297,1.0756397689231048,1.478184214644448
-12.182697335693272,3.4892965861858825,-5.336442849219034,3.619217365589204,86.11269817475595,90.03573510152714,321.6679833713124,110138.14096551284,1279,0.0462577835618313,537.1772635431348,0.0543645412845118,0.0453967729718036,-0.2449280158246671,0.1216557783625449,0.0001759721083663,0.0006324928955073,0.3915747902642523,1.4012555157453774,0.0439440985145349,0.144434761961898,ambon,8.556796681400135,10.882588757823608,3.4591773246456667,0.411862474643129,-0.2784570435625392,0.1284756268737414,9.974257855327211,13.05833718587532,0.7500234213892881,0.1862845147044516,0,2380964.509860156,ambon_0045,6.846254486474135,1.042559533019108,3.7354303161947584
-13.197891398745607,3.6373108129349183,-6.438968382923121,4.006567338928601,104.13559790635794,71.8377367548582,121.57858661830458,469026.73297023616,4504,0.0393841891454337,378.2010180692414,0.0468591007398846,0.0279824249093303,-0.2845342302727948,0.1317594077777387,0.0001420520802961,0.0005749869363796,0.2916505455716379,1.1140731161013628,0.0380679823078328,0.1370083955323821,ambon,7.116010484472404,7.85066625147164,3.3533757941618045,0.4276686778464239,-0.3187624699273756,0.1395107925446414,7.528816093520078,10.777006768806729,0.7721549670698571,0.172511025221041,0,11909010.776844084,ambon_0046,6.75892301582248,1.1385594049639582,1.1675026509919493
-12.48179837495626,4.23726018051013,-5.574529907820593,4.600228488237325,107.83013268813087,91.82246879295066,117.48625165874566,173175.1930971382,1606,0.0543400332985831,503.941077915083,0.0486979403490292,0.0329044643065167,-0.2892991108686296,0.1400961276947594,0.0001824190719314,0.0006454893315649,0.3663311617324507,1.258956746844953,0.0460993908174468,0.151408828506573,ambon,7.843553475654276,8.207704830164207,3.3827548425213854,0.4573568354803156,-0.3228494572313624,0.1490979604335855,8.746319796518335,12.658508597495098,0.7624313016973117,0.2007086782445787,0,3186880.511198614,ambon_0047,6.907268467135677,1.3612246129324563,1.0895493562874718
-12.71041869201548,3.4766181580048414,-5.770164727666516,3.717344800548856,128.6935271947835,88.02749583595677,192.469138330666,134613.42944574356,1046,0.029133123832449,226.37598383914644,0.0426504578402398,0.0286230340679742,-0.3238838945801217,0.1132846292537456,8.627143553428588e-05,0.0004410313466906,0.2439638630107655,1.191721674828762,0.0264304588954913,0.1205212462976452,ambon,7.09931747080608,9.782874023134845,3.2628298253586814,0.4391656733831715,-0.3563007715345256,0.1198712398320178,6.892423412616116,12.139924376234262,0.8109633865568598,0.1504487607383885,0,4620631.492178273,ambon_0048,6.94025396434898,1.1795287071842653,1.4955619177284278
-13.258356980317334,4.033950069446737,-6.40898835839981,4.325486586154117,121.10339311072411,93.57069648436084,304.12162405123627,1002857.1983499064,8281,0.0452981025193302,374.04486658697056,0.0475942331952472,0.0337828777401934,-0.2960299257298643,0.1352279148003428,0.0001452949742761,0.0005734723771766,0.3662151366127592,1.4270337889710578,0.0416856200027866,0.147308686228799,ambon,8.165437675593411,9.119949505374237,3.345553927276659,0.4669538616751471,-0.3288175398100686,0.1434249518766497,8.716508965725119,13.911517371969769,0.7772173912620591,0.1793169997743918,0,22139055.33729482,ambon_0049,6.849368621917564,1.2349832258705105,2.5112560122339405
-11.541763393079172,2.986213123912039,-5.254984907495577,3.228536154759638,105.49561184640731,89.9456452842715,223.0738298287372,1967176.674099957,18647,0.4379168166359624,4151.0429578202,0.1321534052548885,0.0489300734797735,0.080737055161786,0.1007019118068897,0.0013154773649689,0.0013117991937052,4.024827947171636,5.04141635375727,0.3848427419718376,0.3070071024423005,dki,19.607848983646537,16.267993712211936,3.846610750668581,0.2621559601849964,0.0766705336217151,0.133241743067107,18.37916731536236,16.93381878565614,0.1920446619166528,0.1846521215260033,0,4492124.073269512,dki_0000,6.286778485583623,2.3081534701412347,2.114531836201053
-12.720982209963235,3.561224558820963,-3.7944653225757112,5.190293410432737,208.40574578128692,51.88358039574977,711.9859909322231,2797638.7313679964,13424,0.2097616448145649,1006.5060539871148,0.1167700829991144,0.0529624742104612,0.0419830105440147,0.1027165252243414,0.0003608706264231,0.0007013300086377,2.474562386352783,5.3044830374551015,0.2000150070126219,0.2963753070644249,dki,24.8735406588173,22.52222011501276,3.803072082749984,0.3656868271949714,0.0243872560211194,0.1353429159774632,20.26701122063164,16.47161863473516,0.1850649106158009,0.2232814414427151,1,13337227.279282566,dki_0001,8.926516887387486,3.3358520674348617,3.4163453040273777
-11.781634965170282,2.9993977111082617,-2.944218780787617,4.483366030800412,135.988158490866,79.28256365666624,187.2463942663196,450120.8046047664,3310,0.555615745488459,4085.765640585379,0.1342860395106829,0.0468159309159649,0.1209570167952569,0.0848992550034794,0.00139964621495,0.0011261400333877,4.77046595704765,3.878201130200712,0.4798415660831075,0.2951447204429375,dki,26.802743308298705,21.543292846254804,3.894680908141376,0.2220857700364385,0.140163297381121,0.120819865833045,19.872739188525244,16.85881548775562,0.1040422906026096,0.1376857258669466,0,810129.677316922,dki_0002,8.83741618438266,3.336844227070632,1.3769316118719006
-11.672957737521967,2.009655721535518,-5.219277301838974,2.164942835073688,89.51871723528554,71.77744305917403,86.0696040387966,861886.2095413292,9628,0.5100901715405403,5698.139867217382,0.0983588390075101,0.0384483315729742,0.1062770171316879,0.1412359498779114,0.0016575723647869,0.0012294594796148,3.79647525790609,2.488447806562748,0.4383798224688686,0.2803552826923589,dki,24.73835812386191,19.923779445946927,3.9382802704859694,0.1959171442195565,0.0943978106299325,0.1649834510311323,25.02090267095408,20.96313291192689,0.2849558741462577,0.2217802868641283,0,1689674.213753851,dki_0003,6.453680435682965,1.9812579386857665,0.9614704801072663
-10.473584701896892,3.346527145198756,-2.357776589028363,3.787060435768209,145.17457337925413,79.22149660205591,258.9872869760461,352774.2133115875,2430,0.5265097023678595,3626.7349723315897,0.1198944864760199,0.0377055034409264,0.1238866818371023,0.0715723287213196,0.0013567715490544,0.0011274924995819,4.463260591595932,4.632463206591317,0.4364492440319413,0.2889496297865556,dki,20.693118340049352,9.213136174673512,3.923985723689509,0.1590288788248781,0.1307591174538994,0.0969386399638996,16.142208022773303,9.040335862452412,0.1358925796578865,0.1277129381139918,0,670024.1452817763,dki_0004,8.115808112868526,3.0983825010303976,1.7839714004150546
-12.332914292586253,2.400928655109555,-6.257258164606886,2.7842459178782213,106.9384080008244,71.95247349615906,143.33209523734206,1212360.7315053465,11337,0.3070997112462112,2871.743810173832,0.0874410935053991,0.0374563091336977,0.0318187750828418,0.1265437497522765,0.0007867281341581,0.0010363796672336,2.7422046781864893,3.044789775288,0.2859858932486227,0.2995308475031349,dki,20.56831175254672,13.10514810838331,3.919821563600956,0.2149022912057801,-0.0006655837591609,0.148293613824554,22.264969611829105,15.053411931153205,0.3866158636942701,0.2222089305839296,0,3947775.550115576,dki_0005,6.075656127979318,1.9032996473343355,1.340323817390634
-11.953291821240663,2.2846591919482817,-4.340432443963212,3.101803625677198,148.15817587572158,79.22887278759897,194.2975779362092,1219489.9456330645,8231,0.3935674173125592,2656.400262667194,0.085596846912608,0.038107267091138,0.0457765132821436,0.109658274804722,0.001004593199464,0.0009779810893304,3.650511392778197,4.597672895650039,0.3717131896097225,0.2943770087022063,dki,27.25656047946226,12.55787642144861,4.031016489149495,0.1402411123439859,0.0155786366377291,0.1297875696352872,25.26302036439196,13.368652166824084,0.3431067392310827,0.1997303275791706,0,3098554.128185319,dki_0006,7.612859377277484,2.424487167947426,1.311419884780374
-12.014852546859426,2.250731872304473,-5.840433221302093,2.5630784897358776,101.4136340207602,71.8624784961589,111.11214641474128,757559.8461350788,7470,0.3951743549528618,3896.659051503532,0.0870679336288272,0.0367242696622343,0.0656590869534402,0.1522997506949854,0.0012715443321685,0.0012586613946094,2.878836785545621,2.591488026450466,0.3534191328073251,0.3019651565568662,dki,20.294931299915387,16.074571029643227,3.878069342050764,0.2352265487923782,0.0502971355126382,0.1726093859171891,20.47755747096189,17.266257170168785,0.3641780170955052,0.2498076703702656,0,1917026.843063852,dki_0007,6.174419325557331,1.8619944674921547,1.0956332202038606
-11.535550952258328,2.0400241929416087,-4.727388515016942,2.202150260452584,94.67045866349292,71.9714864291725,93.09299563922552,1512928.59990128,15981,0.5974690691328716,6311.040186850487,0.1089401661673304,0.0313546857627822,0.156317661402697,0.0810783549680638,0.0017073130489633,0.0010498029033535,4.595972474353772,2.176684898007608,0.5255411826601818,0.2382261024563613,dki,16.147662389012723,8.327441554429672,3.860368567834653,0.1988058670194835,0.1554681995452074,0.1003103932277095,14.73973453980568,10.942430523306411,0.2009390898080604,0.1406500850223126,0,2532229.161414244,dki_0008,6.808162437241462,2.219784573896062,0.9833373256395165
-10.255039923924368,3.712974473590546,-3.844452513150612,3.919199703534865,133.57585916110096,80.0917444229126,190.92879588475745,671085.1164253713,5024,0.4266785174741786,3194.278667970814,0.1002434798957918,0.0384875687083839,0.092959461050603,0.1022052010300621,0.0011583195187971,0.0011911747670091,4.95850431626351,8.406992079021343,0.3668787829707914,0.2939030543400091,dki,28.402319914442344,14.984508422595228,4.011581808437397,0.1603112775167057,0.0856337401013076,0.1283177182900835,24.20434939258719,13.996226585745262,0.224710651863959,0.1842362670427405,1,1572812.0562479068,dki_0009,6.41058741077377,2.717072198496413,1.4293660327835527
-11.049793074264116,2.87902942389967,-3.3558542324049903,3.481716259924577,110.32648118550604,91.5711708031412,176.130735477742,679500.7976215316,6159,0.5446443308904666,4936.660038805066,0.114750664704439,0.0378809726525068,0.1301944446849796,0.0943998985806883,0.001565045365004,0.0012573827244346,4.764224346095476,6.643950011467702,0.4593968584834687,0.2861174640192429,dki,22.44118721228188,17.061543428911158,3.880573523624816,0.233823978634784,0.1306132122044255,0.1193392575332156,19.05660325714973,15.95773179524312,0.1723005555966899,0.1561451253915185,0,1247604.6459725036,dki_0010,7.693938841859144,2.7158957103948778,1.5964502228761457
-11.955562263872604,2.321151672646124,-5.330579974660867,2.51613065715188,117.9526844531676,79.73956261943012,134.16281941067692,1749946.0265471947,14836,0.3808941372860012,3229.211264261077,0.0886385175127469,0.037222292937588,0.0583971084473688,0.1272349138937943,0.0011579743685654,0.0011607693221022,2.971006823747114,3.2680996251158647,0.3475927618499964,0.3011566902139554,dki,22.174280979014178,10.38894615934932,3.960593852975223,0.192881046491079,0.0331571146333626,0.1491273551202716,23.17758427452496,14.048035512595716,0.3393628779010904,0.2217168163024319,0,4594310.742129423,dki_0011,6.6249822892117365,1.9563075676686537,1.1374291312881941
-11.229135519526103,2.600294785085379,-4.389622344113409,2.943147022100583,98.12572579855578,71.94687719937029,112.0880404955895,640368.486561375,6526,0.5897897985577858,6010.552215109999,0.1168222953366006,0.0324123734828279,0.1561822211414502,0.074166225916444,0.0019600247314989,0.0013016138760296,3.965071330255143,2.623238159659261,0.4709027370916561,0.2677835625076367,dki,19.99083623470341,18.21989874316821,3.819652755907385,0.2516315434900907,0.1547019195244909,0.0985370890310088,14.517287296192231,13.474558426244316,0.1403443892209844,0.1148951172638063,1,1085757.1428452465,dki_0012,6.839513175412649,2.4448142239926307,1.1422900527196835
-10.747782804069962,2.839999161075697,-3.475084571794393,3.14855887399981,89.83857792214474,55.64792134555218,137.20677133641962,336265.7971625877,3743,0.5342285082108758,5946.537896824737,0.1317023391608754,0.0467546876156898,0.1436556753970837,0.0688907782881495,0.0016347245426638,0.0011004499817643,4.323563605439748,2.629497911428383,0.5073109856410906,0.2596761946000461,dki,22.372251031333324,13.23890942849526,3.924733996055598,0.154871554985249,0.1545799998562688,0.092901438626106,15.948718393234351,9.336080187352982,0.1312563978008301,0.1100452359776637,0,629441.881131985,dki_0013,7.272698232275569,2.849847108843504,1.5272589405335955
-12.444722965506427,3.126883548436821,-5.089662200322936,4.025114542125483,159.75392336104738,76.2773843173,942.4073943346388,2130638.075866289,13337,0.3728329483652159,2333.795255360366,0.119487495720429,0.0539319417225433,0.0747544703626128,0.1161904827699759,0.0006788272915686,0.0010372806569575,3.545776130257997,4.690870817113887,0.3380625574740724,0.3471881412173608,dki,22.42476616162589,21.70046474996459,3.829273263348899,0.288886321598526,0.0677976516650264,0.1472106301696069,20.76726480823509,17.980510926081553,0.2174353617895525,0.2222838826024859,0,5714725.818114069,dki_0014,7.355060765183512,2.8424753955812814,5.899118935594322
-13.009326053590208,3.0694932101757217,-6.746400949288438,3.636999125107165,114.10733972284778,60.306923747231856,476.2839227417328,2415994.703951856,21173,0.2873316877050789,2518.082433636356,0.1078123749291092,0.0502606003801925,0.0263603872131981,0.1371297200938936,0.0006921688521364,0.0010421821565238,2.62411398498681,3.712187454203805,0.2708932366267446,0.325255241646887,dki,20.409656442299173,17.468875728163493,3.7980764276891,0.336648899529142,0.0007859292878452,0.1663545276669269,20.91096217721078,18.04209828358087,0.3095576185035377,0.250716165649132,0,8408382.393353237,dki_0015,6.262925104301765,2.2707059902373548,4.173999007413247
-10.935845220129387,3.16196637662562,-4.89984590827774,3.480409230070227,110.28408337256236,91.30040231252757,217.07699661500664,796581.934200018,7223,0.438514783400029,3976.229116568306,0.1057401110897996,0.0401665740233516,0.0984051287957207,0.1150581703925294,0.0011623391824465,0.0011950577805257,4.749711871319071,7.706635721955588,0.3874378469747668,0.3036584435632853,dki,23.786770405578185,14.802797390363915,3.943645908073885,0.1984680102389115,0.0931713806865134,0.1438780925059534,22.44780153656327,15.923266586090884,0.2447098696393568,0.201997302051681,0,1816545.22117524,dki_0016,6.035999311851663,2.150961505511571,1.9683438441581438
-12.315568482180597,2.892626206252774,-5.92207748492874,3.047940116066982,111.43396113722493,79.18192004898086,201.7905671605736,706491.313610006,6340,0.3259164347032813,2924.7496129293368,0.094157066878918,0.038228151621356,0.0505666177594874,0.1203529227897816,0.0008139522649885,0.0010429642246387,3.009101703914869,3.497249171177013,0.3012929547003309,0.3079941513027102,dki,19.637669384670403,10.520757187239637,3.908691140185197,0.2123174615664241,0.0244141750936272,0.1437393962055528,20.497290818036102,13.420750917077104,0.3299966440356457,0.2160785057825388,0,2167706.928474488,dki_0017,6.39349099725183,2.552750944130925,1.810853397844122
-10.188520738098369,2.413109921536969,-4.4786456665161225,2.486471877291749,82.8662337257856,55.71676701198925,89.40164630430604,557192.5555721824,6724,0.5894269918486913,7112.993620527953,0.1296653931791262,0.0363780775376214,0.1587582035061276,0.068116477949933,0.0021909765954884,0.0013019268373362,4.480057144324065,2.345876182810084,0.5245190419360415,0.2407441022288398,dki,15.427183362918177,8.107569872182387,3.826343946751349,0.1899593205359134,0.1694925455906976,0.0878159241837428,12.621464873423754,9.812129799758177,0.1288637963064169,0.1051840316024175,0,945312.2494858812,dki_0018,5.709875071582243,2.6454869444576747,1.0788670159687348
-11.06950027840636,2.739859461777236,-3.397489765982826,3.235195397444012,118.61757372684244,87.73864445702955,132.67394250895788,754882.2391976253,6364,0.5985091408848625,5045.703786381052,0.1199401149736892,0.0452290012854549,0.1422127042375413,0.0856979220009753,0.0019235085576633,0.001326797708024,4.045577711106515,2.7274635960060127,0.4767951353632023,0.2635013306980297,dki,18.690706544715283,11.184831189386244,3.879805617654572,0.1955627042635835,0.1427661213729179,0.1085803060836977,15.107139159036269,10.64117533826894,0.1620402095896281,0.1415821117341593,0,1261271.0276764927,dki_0019,7.672010512423559,3.074555170926027,1.1185015705555152
-10.80713798223972,3.09525183041788,-3.8308508571950246,3.60271494004804,148.94346187810868,93.13011024856078,245.02689028265155,1011326.106152358,6790,0.4598270643589444,3087.25914223247,0.1079439021939996,0.0421635887580216,0.0991690859155948,0.0933350029787804,0.0011472878047348,0.0011054806648194,4.31688222944185,6.817180193346335,0.4100239565627277,0.3092260566787436,dki,24.494184812012747,12.339821451467976,3.981480154927053,0.1478790513888447,0.0860576261878804,0.1168281030258127,21.11797831948325,11.777945014997483,0.2155240133327574,0.1631670843128186,0,2199361.856967404,dki_0020,6.976287125044673,2.440834138191225,1.6451000077007405
-11.442851543108825,2.9332159974013448,-5.270186637638022,3.037922374192106,100.26095296203331,71.81037022417242,136.764814693709,1715264.3832744665,17108,0.437212043463524,4360.7409519545145,0.1298142817330803,0.0453552548945106,0.0811348810348425,0.0941234337412911,0.0014630054886289,0.0013792305639584,3.700718347341573,4.271028294468165,0.3884056023662289,0.3001579094834076,dki,18.03349738356569,12.507192699564216,3.873060922264513,0.2114051688040003,0.0740785312375717,0.1224994481250318,16.86678740492861,12.673380719639823,0.2069029644010882,0.1772992798309589,0,3923186.492500105,dki_0021,6.172664905470709,2.175312743862277,1.364088517545798
-12.008431920307489,2.420327001456145,-5.468920189667671,2.827584754581531,98.00025785221987,79.27549128334397,126.09343866690216,2107397.544854136,21504,0.4351623275515244,4440.4202304011305,0.0983117029033409,0.0340878511362607,0.0867394178115506,0.1206724969437555,0.0014175918330418,0.0012545851860107,3.446692803483756,3.3559109587360982,0.3945470147189582,0.29699930184945,dki,17.546709178958068,11.576247188334085,3.858930233834516,0.2376240072192028,0.0748560288243883,0.1478496808254754,17.975590263437738,13.102572694436352,0.280434186876667,0.2003913005026414,0,4842784.890667298,dki_0022,6.53951173063989,2.261560002125837,1.2866643560983848
-10.955374402516783,3.3785285068701167,-2.361578014210755,4.554499566260783,143.3362511686121,103.97030775795882,167.4608647836056,579078.454721193,4040,0.4526551107751689,3157.9946251188944,0.1172250170619876,0.0423871837680406,0.0996874239479581,0.0809919944869786,0.0012822380248195,0.001237494695597,4.088365746207181,5.751557100353915,0.3735058040290661,0.3002899395830186,dki,29.909746583958583,21.32321708023993,3.9881292688974113,0.1647588628587294,0.0984622648286863,0.1135522733133798,22.04843756403096,14.45813135556465,0.1443893569440255,0.1484543733584407,0,1279292.867652648,dki_0023,8.593796388306032,3.9283021843909713,1.1683078315381275
-11.677233596134652,2.3227282692991174,-5.630518317269755,2.2511556054512014,95.28440309153775,71.85603799712791,92.50452438522198,1412686.560235139,14826,0.397764313901765,4174.495520737439,0.0912547403734101,0.0326487188347824,0.0568062643207086,0.1235571541694266,0.0013363787321901,0.0012447776658336,2.8769027279490045,2.4637770932231384,0.3596898508673435,0.2929626966153,dki,18.810800605813142,8.32522604859462,3.9381242112596335,0.1781461221349946,0.0374678955075968,0.1442866911451706,21.73627468491315,13.543748381216863,0.3502275673234392,0.2082276842504372,0,3551566.872296209,dki_0024,6.046715278864816,1.9141014599275497,0.9708254591924641
-11.865708846574645,2.3598783637193765,-5.588966363993958,2.5702333850011487,98.84447664682068,79.63320722222232,142.4024540910523,1153811.575898338,11673,0.4569743658212102,4623.165414229635,0.0966606126138454,0.037754774898566,0.102577108632407,0.129198536711165,0.0014105014020416,0.0012999252661109,3.489258468994322,2.8590746237868463,0.4014430641854335,0.2986511679834053,dki,19.25869983214225,14.401036835662314,3.872238291139487,0.2408363454473942,0.0870892693755426,0.1522166676716905,19.941747544119885,16.469487766404875,0.2962013052055006,0.2226045411860466,0,2524893.4342845897,dki_0025,6.276742482580597,2.0669204128865823,1.4406718404698302
-10.525208320471208,3.3369160323499774,-3.4436849966021765,3.763543045364255,170.44948714478542,79.00286478391835,279.84047043959964,327774.3637794224,1923,0.4381353910790179,2570.470574117077,0.1099037157585165,0.047793111094741,0.0893419682876453,0.0983950164166166,0.0010655648785826,0.0010983284541063,5.3032090079050445,7.3062707811232865,0.3958587065897573,0.2971035502137525,dki,31.521764969348663,13.777653303526815,4.050077829704631,0.1207844961008473,0.0761633932559133,0.1238521582357742,26.55052428084404,12.790659173728884,0.2233857739836809,0.178214735426719,0,748112.0458500193,dki_0026,7.081523323869047,2.7688359998402268,1.6417794804034458
-11.526459288265135,3.3298701655424505,-4.550797417184096,3.874453793516,148.12217997074228,79.5500760111165,314.3966500023566,340977.2582926487,2302,0.4934479669502664,3331.3577146092125,0.1119868852880772,0.042422470145141,0.1234309683035485,0.0919788085976496,0.0010876190201003,0.0010782656723061,4.627050388523254,5.72686319441714,0.4408331316709303,0.3102927135358272,dki,21.116116133092422,13.582252316048796,3.885248363273332,0.2171183361548493,0.1240596145202488,0.1145812049213554,18.052716631011773,12.975229052457802,0.1850870376873619,0.1582881264868771,0,691009.551422501,dki_0027,6.975661871081021,2.3314015626259303,2.122549439013506
-11.885749464279108,2.926479862340466,-4.806221034520673,3.3731492021253007,141.0137054210412,93.18565720227537,216.2759505205655,2170905.994956929,15395,0.376689683471216,2671.298384412277,0.0931024760201719,0.0414284118802241,0.0580918817198594,0.1117227908099092,0.0009420229315436,0.00100715234997,3.910531906914208,7.5587638780993505,0.3472828252544886,0.3031375766505118,dki,24.615622199516267,12.399204695839424,3.974972549314362,0.1871313839049022,0.0291913910269152,0.1324270829249237,23.1004332246801,13.422833578713533,0.3087154072880345,0.2001186079323459,1,5763115.079106791,dki_0028,7.079528429758536,2.082552353686139,1.5337229092364104
-12.475202722230128,2.7727896228605484,-5.7107265786677495,3.2942246224631777,151.73201436025096,92.24724395227295,277.9409292364334,1214159.5789107282,8002,0.3305486950081558,2178.503306647916,0.0865096129264825,0.0364901236066771,0.038864554540137,0.1226904057262213,0.0008281928749214,0.0009934420950561,3.0801785065988305,5.318323853457405,0.3065704574738166,0.3017663167510819,dki,25.51100375779092,14.987606215069388,3.968401524094078,0.2370952985466296,0.0101672037947642,0.1442288803068249,25.42493147906431,16.329512463770765,0.365339676194603,0.2156719614066702,0,3673164.0367866848,dki_0029,6.764476143562324,1.9645988276032087,1.8317883039272775
-13.045723769723333,2.806215715699408,-7.266247379311139,2.972855801317392,105.2894265995953,79.1528611398579,178.7184021559109,1424565.9418925245,13530,0.2423350535712436,2301.6086362861347,0.0823222963170875,0.0369903640327968,-0.0148082358276902,0.1428680434979025,0.0006453283298496,0.0010390111645111,2.147368093767105,3.2784556885671474,0.2204397388769568,0.2875664447978043,dki,19.54847687209478,14.218311151210056,3.858802941363917,0.2366109286143758,-0.0406629497683387,0.1652780801330398,18.98969554501013,13.750302256786265,0.431366410134047,0.2590637970152271,0,5878497.233062154,dki_0030,5.779476390412189,1.6390710077937591,1.6974012294278924
-11.467488668478683,2.490937105498573,-5.001786090906408,2.747694713134173,93.7473350597832,79.48424688693696,134.31955927927055,893318.3557846741,9529,0.5018341248390853,5353.049497557055,0.106704735170649,0.0377038717747126,0.1141070272875025,0.1156411494457328,0.0014773059681021,0.0011872730108711,4.204094466785191,3.7762660219726136,0.4397976640424652,0.2866351974772829,dki,20.681838722564603,15.182660215569111,3.895812992897998,0.1995680610674439,0.1116756155029752,0.140419529866429,19.76752373414259,15.969490830014225,0.2320517889458864,0.1875384849001695,0,1780106.8352438556,dki_0031,6.465702577572281,2.1387505084531475,1.4327826939679322
-13.03875501711062,4.13930606272186,-5.438626659485504,5.20606230094187,134.34037830529047,54.25931714235862,604.2023403420586,1550019.2848864414,11538,0.2447142544979791,1821.5986703704407,0.1105197877903873,0.0464239343004147,0.065508922203559,0.1177694379473353,0.0005171484631245,0.0009564202643734,2.56178794788744,5.264775411541511,0.2334949537304844,0.3169624557034387,dki,22.32187216859857,24.396447388446138,3.750197171373912,0.3564110983854474,0.04619010719379,0.1614759043378624,19.10750956006206,19.66052015458713,0.2008314943998164,0.1998679197390462,1,6333996.718197882,dki_0032,7.600128357625111,2.64852044940818,4.497548302037679
-11.69284791461006,2.546387885027251,-5.624512838246065,2.4702333504286136,99.88754066349397,71.95512496263018,111.36039164840268,967211.056244612,9683,0.3890413043948482,3894.7931024297577,0.0971014243698921,0.034673796724132,0.0669085595835081,0.1146540452540591,0.0011423066058591,0.0011616306993899,3.2725276064742004,2.97911264450628,0.3535454903955895,0.2964167686175762,dki,17.94348915189381,9.007259672513737,3.906683134931452,0.196642511318282,0.0498475028650935,0.1380530711392291,21.050570281264985,13.903040538380251,0.3182871396679492,0.2058962774629766,0,2486139.762843701,dki_0033,6.068335076363962,2.1644642694823504,1.1148576780317279
-12.273178785927136,2.621469434924333,-6.2101828324116966,2.7853361158426795,94.22252482217282,71.98559851085105,92.4431328856487,1433313.0475948928,15212,0.3513062944846197,3728.474641787024,0.0869901585543979,0.0349480653700966,0.0388504499670251,0.1340071178321871,0.0011704345700515,0.0012541259121886,2.694578938568391,2.747386962695334,0.318910175394114,0.2996503040815692,dki,20.208854276936645,15.882909930317131,3.892821119224597,0.2296715799660383,0.0187265997531869,0.1553190005106306,20.30855892846516,15.189637324962408,0.3822869390318778,0.2414967906787382,0,4079952.651282893,dki_0034,6.062995953515528,1.69648954215583,0.9811150047201305
-11.685528861526922,2.026436695910965,-4.725894777987901,2.261588667803153,131.9961812969999,87.44984203556973,158.80847265050403,1097152.2589406632,8312,0.4584598017256036,3473.2807966166806,0.0945457834549389,0.0374253838718918,0.0911059663147936,0.1011702254348137,0.0012572646290254,0.0010347412412837,3.615153590497885,2.8176597300662136,0.4348920449403202,0.2911909634296821,dki,24.330498251014863,10.568912209629088,3.9992136751808887,0.1505596077525647,0.0690654057878332,0.1221327889884185,21.5922503296041,11.829259376356507,0.2744066346171724,0.1784643579426187,0,2393126.408926313,dki_0035,6.959634083539052,1.8915509331019755,1.2031292957875406
-11.622804063510364,2.365625887515096,-4.507366816471855,2.935198667040503,118.05401110597784,78.99335452167423,149.20641676793875,828857.2119750705,7021,0.4802202985591516,4067.801627918044,0.0994315825946945,0.0352131703221983,0.0983109540017784,0.1105482407590679,0.0013387582686965,0.0010987738274557,4.097207801616922,4.672239823865779,0.4340613595004966,0.2918011374220073,dki,23.19089052470745,12.418007605369093,3.956277300605204,0.1808169693976405,0.0882234954804725,0.1359734728443797,21.8025001970698,14.089172001259906,0.2506595395662488,0.1896836039492693,0,1725993.7042685738,dki_0036,7.115437247038493,2.1730070238098325,1.2638826531187932
-11.813022025884528,2.256963143880262,-4.47816682429017,2.725358935620876,96.42042141270564,47.00814085866956,144.8626415906457,781101.8338643285,8101,0.5199223243905692,5392.242813015307,0.115351400768695,0.0360970373355044,0.1412575784849982,0.0843971296425451,0.0015930835418774,0.001210576420716,3.91003737277281,2.522501412167431,0.4797161201133428,0.2855681072504936,dki,16.588372516315662,8.91580150235107,3.8454711084319024,0.2288430433543923,0.1373032906822053,0.1059453062828459,15.461930463484652,11.284725730497604,0.184261873833415,0.1470819948853018,0,1502343.325572532,dki_0037,7.3348552015942845,2.4505959637034764,1.5024062275209749
-11.890427552219386,3.1308090144905982,-4.982521510840802,3.445496832939933,90.72308831284786,55.86977815677363,150.01479702596916,658014.5595330856,7253,0.3983887728182225,4391.26114671522,0.102617140086899,0.0372742809568001,0.0959959390515246,0.1069021819041731,0.0012666525065963,0.0012495852116596,3.900176699567216,7.179304557243249,0.3607161955758156,0.3033097181237089,dki,20.62731826758568,15.95167057871173,3.877487565812245,0.236382693273189,0.084257425978422,0.1344738560337899,19.27028104642477,14.703198294734168,0.2490066991118953,0.1968027628224596,0,1651689.516444595,dki_0038,6.907906041378544,2.6740819677836427,1.653545969562465
-12.03820291520925,2.772240797898251,-4.980769784942972,3.1360639270216306,80.13761532645775,46.64411684302207,122.70235652037869,568255.8302799119,7091,0.5088154528940017,6349.271198315958,0.1217850244146533,0.0351836639639656,0.1430190647924743,0.0798048628195485,0.0016230795862732,0.0012735453620861,4.066434091325249,3.2974249629874586,0.4624288808141942,0.2899433244782686,dki,13.928083743779274,9.940348650412188,3.7141474724112857,0.2839098134729774,0.1547555680424534,0.1083219390921862,12.153224439095531,9.744820919931676,0.1593802319039532,0.1522603487820127,0,1116821.093085577,dki_0039,7.05743313026628,2.35482605949428,1.5311455927472304
-10.767322988216682,3.3232341324647656,-3.744522123680624,3.1126842328613384,121.39926311435514,92.93692853332468,172.667907524391,898840.1440986855,7404,0.5467973040246621,4504.123748342627,0.1076726471439836,0.0338384708944441,0.1363197921526218,0.0903167327773606,0.0014894050814852,0.0011536505961533,4.690215471274693,7.189200731059099,0.4649594316904596,0.288963113469793,dki,18.738621373318946,9.906129074966785,3.872051133004889,0.2109829960762906,0.1301949440722198,0.1109126526190805,15.03655592970143,9.663059159636148,0.1764633189125402,0.1494273758599913,0,1643826.949187272,dki_0040,7.02280086453605,2.4622143011929145,1.4223142966011422
-12.51940096448756,2.6207976655797816,-5.178826759677307,3.185506776163592,106.126217608793,71.74245154020073,131.49962276524553,1145101.8879988764,10790,0.4359830154104894,4108.1556022059385,0.1039572880297929,0.0320172839617395,0.1208610358501969,0.0961770214236189,0.0010975597967794,0.0010565909279432,3.738540406670978,3.0148135415358164,0.4048978535388925,0.308087442315083,dki,19.3970101798878,11.198260420392945,3.8946421186260247,0.1930274335083059,0.1076960762278366,0.1201089292538004,18.10546192232324,13.392174493565143,0.2138152667184926,0.1666072194053494,0,2626482.792960944,dki_0041,7.340574204810322,2.434442766648365,1.2390870581102311
-11.000384295695504,2.564923128042353,-4.7056185762099245,2.6041120973055776,88.65009194062931,71.69030241186401,97.17046361606312,1398809.8007311898,15779,0.5186510224699801,5850.5412810776415,0.1099283545428732,0.0341729861364672,0.1319204138090572,0.090726870872109,0.0016651657067088,0.0011981591540904,3.859426331899714,2.448457378112733,0.461492061133802,0.2750622331132558,dki,18.68724702516054,14.619419322031758,3.882422462400445,0.2020158218747804,0.1258861458622192,0.1138357853544216,16.904694690010597,14.888359259593289,0.1982009462901755,0.1592746771539853,0,2697015.4113831986,dki_0042,6.294765719485582,2.3152176484665974,1.0961123839684235
-11.772934529190069,2.7135697401163106,-4.390745540061706,3.1925028686158283,110.37111100960976,79.21052922839922,151.99178842642587,920274.3235981262,8338,0.5307692699772801,4808.951048169365,0.1065498954318149,0.0376430202145621,0.1314044393953272,0.1067400050985119,0.0014131957952866,0.0011219037866945,4.532185855550021,4.705506244870619,0.4769355649662801,0.2873550104360205,dki,19.634647644200868,12.84246722728554,3.867978062770247,0.2455441370759024,0.1328237007504702,0.1324363592280702,19.298014612330228,16.271820594014248,0.2244917661116264,0.1905421831167409,1,1733850.0468151048,dki_0043,7.382188989128412,2.291054731152109,1.3770975668913243
-11.703333091363254,2.731559674204151,-5.543885335312997,2.824382640180918,106.0977118401562,90.94678038103308,309.1377368765474,1890979.518127104,17823,0.4833295530021016,4555.51344717285,0.1126840380709763,0.0451373832663713,0.1089709196238541,0.1176092161153559,0.0012636903635973,0.0012066574917453,4.312529313410231,3.567919830880899,0.4475037588655274,0.30771724596368,dki,18.18966230457779,13.084942294323843,3.831315417068977,0.2597104425650389,0.1077460755903935,0.1452683461024764,19.57343508241767,16.77560917802399,0.2467048638521326,0.2087477699936357,0,3912402.017177877,dki_0044,6.159447756050272,2.342022248074511,2.913707859621757
-12.15684618284418,2.689091034902581,-5.104842801759474,3.02786005121228,97.36973581899964,71.74406907067855,104.07112654775584,701646.3163117114,7206,0.4091225895258805,4201.742831945209,0.0952336151983402,0.0344694782233592,0.0857556354519185,0.1214636975748155,0.0013091339509259,0.0012107653760361,3.0957859927498275,2.897392769587648,0.3753764741199473,0.3008618962900247,dki,19.99654782597284,11.609573197531,3.919078679031357,0.1963213009554745,0.0647055726462518,0.1433517614486501,21.12792772945449,15.390571100164502,0.2901090610437438,0.2095756616286605,0,1715002.6282460417,dki_0045,7.052003381084697,2.395363952289727,1.0688241646379055
-11.171869926412612,2.816815833858968,-4.738029560153436,3.0567251302787,109.8731044348656,71.77738302440247,138.3982407214427,2157468.2786830207,19636,0.4592765114234061,4180.063117226947,0.104623547533517,0.0357056042655742,0.1062987145129246,0.0988449862435999,0.0011551641895693,0.0010579049948617,3.9634016549237527,3.093219130560718,0.4297185986920606,0.300389039002926,dki,20.991169440427047,15.295931423814814,3.928988123328908,0.1760276621465652,0.096447628430502,0.1233593066245788,19.95636815825092,15.69017527611356,0.2349609638639432,0.17166136818525,0,4697536.723566634,dki_0046,6.433840366259284,2.17336728126586,1.259618916142369
-12.026463582538868,2.0803205833043066,-4.127600587320305,3.071297938066972,123.23296676910276,79.18304260205389,167.6448714314972,944827.1562187108,7667,0.4669784012702552,3789.395106791644,0.1021570620454582,0.037452165931447,0.0811100103337049,0.1049146217629972,0.0012240072457782,0.0010506745031026,3.8937704356547855,3.9030596054712,0.4311335101728975,0.2928786082638073,dki,21.96248334708661,10.264295304685511,3.971788526239586,0.1675844949634778,0.0676750736801809,0.128921794819626,21.485202536990727,13.300407300084345,0.2701682643457353,0.1825584170897837,0,2023278.06521379,dki_0047,7.898862995218608,2.5739979638387664,1.3603898033681803
-10.917867862640689,2.779237854748422,-3.906008607678065,3.0742356311530217,115.35956565847238,87.70600005353282,140.0251678140447,1803531.449504557,15634,0.483757573390113,4193.476029740793,0.1203001722532866,0.043603583579835,0.1055069188241905,0.0837157324002747,0.0014600559074597,0.0011400956888222,4.067082395400242,3.612830904777501,0.4515114499381056,0.2867074546360976,dki,22.712237567891023,17.681767015598666,3.931856622628454,0.1895426452148959,0.0994717827165367,0.1099492346931275,18.8359601157156,14.484575585894854,0.174934124382263,0.155646170521833,0,3728172.019852077,dki_0048,7.011859254962615,2.5529993390580943,1.213814970737633
-11.826485106736712,2.822229355812893,-5.421136490120375,3.029685737487596,103.74628239308296,91.35302204981063,200.2938480127945,2021496.312429221,19485,0.3839739134735664,3701.0860015083,0.1096249941627588,0.0464750430557397,0.0696027098124299,0.1245952606472788,0.0012344750660858,0.0012800819326663,3.400274825098518,4.575659699828785,0.3553223355647089,0.3050380253634525,dki,22.92915122170405,17.69374904472694,3.909826062838277,0.2197505007267216,0.0571713470375162,0.1528796348621696,22.784767304388165,17.603646367077577,0.2743363007778193,0.2292466165502889,0,5264670.961998531,dki_0049,6.405348616616421,2.423473609464079,1.9306122917629347
-11.349051766701566,3.094147481271617,-3.269871037341971,4.285917142948665,124.191078339794,78.0861159994247,229.37976303646653,264030.23255040206,2126,0.3747582568944498,3017.5940325527204,0.1134146309357177,0.0425574824327552,0.0540042010309793,0.1373747862074381,0.0012544159848712,0.0013406727936579,3.324442213485193,4.189797416411416,0.3441405249498785,0.3053364319771283,dki,20.46118634835031,16.593060875582765,3.815720481876859,0.3029971990266175,0.0518255099457206,0.1707251954983129,19.065524681718653,15.56912049867586,0.2516470130645299,0.2497992094382028,1,704534.7972807063,dki_0050,8.079180729359566,2.946294481210193,1.8469906703674008
-9.727641446693836,3.2260311284305687,-0.3094392526117295,4.3645769053991135,139.22920390368463,88.08300868088637,186.5953925324627,215109.1200311928,1545,0.5600378268085331,4022.416354516783,0.1507706874385841,0.044888025149133,0.1400969783511306,0.0584672461248299,0.0017746801318062,0.0010568276377159,5.5057345252670125,2.66667385944018,0.5704302432671179,0.2297484148898482,dki,17.7866507426882,9.469210003149426,3.7832972289526894,0.3041808270911905,0.169044821161404,0.083711797000051,13.71623401954981,10.578234173407044,0.0854060327387222,0.0896884066283704,0,384097.4836593221,dki_0051,9.418202194082134,3.767899051738711,1.3402029696409443
-10.036132887491505,2.78790124982768,-0.882623633301466,4.141473079077039,123.55061878254722,75.43254869062822,152.42936777694393,251672.6104600487,2037,0.6846199029358859,5541.209827049409,0.1430903039650036,0.0332891567148732,0.1529491395843133,0.0501984653529952,0.0019200718283984,0.0010352461922559,5.710084754076318,2.6013060226277736,0.5630092182810523,0.2083443271201093,dki,15.250226072236144,10.707871447371565,3.726649904592173,0.2764503426188315,0.1901462914454628,0.0730660287191592,10.515007452657134,7.163644701412353,0.0781038103457462,0.0670120569862618,0,367609.25205473846,dki_0052,9.153509254190046,3.678931383804331,1.2337402214490254
-11.34717777998351,2.362782946791827,-2.5653619996355506,3.446372497862673,117.44310627687034,84.06741126807961,121.88629645195844,198243.9633953572,1688,0.6970458144638828,5935.178628710721,0.1291652824570646,0.0375611096208402,0.1645279424031951,0.0638906941133457,0.001988947130586,0.0011851137324149,4.517102889399563,2.339887569876812,0.5365095202925109,0.2425029226104041,dki,16.828273229244516,10.605618858448803,3.807658628310109,0.1905050919655949,0.1875472055154926,0.0841451107365231,11.604726238561032,8.773897470524387,0.100967773243034,0.108065943537836,1,284405.9304019092,dki_0053,8.781815780347978,3.0007173426482776,1.0378327031355365
-12.081927106146304,4.556184915417246,-4.507416769815375,5.618299871910208,315.6951978473282,91.22353671690678,670.1807291429367,580247.7736433892,1838,0.2358529633661013,747.0907539118192,0.0892362862321962,0.0511894605988976,0.0142317335854862,0.1266711692400008,0.0003226838567815,0.0005649620117222,6.069925349686843,13.439283418529028,0.2172669216910826,0.2930771578650227,dki,35.239228298168136,21.010826333808453,3.9937576484741553,0.2339706700178346,-0.0112966567272951,0.1578796528350551,30.667220007828995,18.57490133262825,0.3352092020662474,0.249525030691417,0,2460209.807678791,dki_0054,7.57451033633096,2.681254866767978,2.1228727383653125
-11.38735046150283,2.4845752994890704,-4.148237475033377,2.9369631443255164,125.0321867199504,78.72766881292475,168.21964723519457,740940.7385024261,5926,0.5041610272789623,4032.249939035237,0.104610754016558,0.0398277067818481,0.1080106970949355,0.1075608661768049,0.0013953247481511,0.0011102428013617,4.103591415508787,4.711122616768068,0.446674357761214,0.2864276003962427,dki,21.09974862629006,11.17718910720724,3.933490436417648,0.1829540885204091,0.0967981327536525,0.1317962866875725,20.07374831052539,13.610654521043683,0.2461562144301818,0.1959778727924568,1,1469650.96152196,dki_0055,7.239112986469433,2.224591505091981,1.3454107430111282
-10.444817754638226,2.532458736641342,-4.289118243295922,2.3060038009181976,106.9279442519462,71.8797008953568,111.37339955633956,906748.9672565036,8480,0.5905606836888635,5522.9780000012925,0.1073400619377152,0.0337467500735208,0.1411813260032701,0.0964528353020425,0.0018118353469014,0.0011666044352757,4.469042972044423,2.776954293794507,0.503670854559438,0.2571051652082341,dki,17.90739503631373,9.567543921005203,3.8606748164480313,0.2282166526247964,0.1419411849246693,0.118518752581314,16.015826693095082,12.418064221721451,0.1923324314039424,0.1663873971113206,1,1535403.544971212,dki_0056,6.155699511342368,2.2151414446718056,1.0415743081520288
-11.934116417468198,2.5806377379528054,-4.871891123341806,2.994532520520845,113.4018082612657,92.5505591983127,170.1040614497474,1087636.743033799,9591,0.4426204084542335,3903.115966497494,0.0987218923213333,0.0409714301875311,0.0923445087450509,0.1299053656456867,0.0012608202249949,0.0011851292882951,3.3808947055170724,3.10940420558291,0.3925244533908468,0.304050358402724,dki,23.560234750885925,16.373214829039856,3.933225048908757,0.2004831178257174,0.0804536114122319,0.1565995002086305,23.470992465265056,18.41226520693709,0.288002231842818,0.2170017287118821,0,2457267.496616708,dki_0057,7.062225294126457,2.613708018474783,1.5000118962639974
-12.289732397069342,4.229062335859292,-5.745700789274412,4.665292193889946,366.9497395172695,56.40641753565726,1237.996260841256,617209.4618680472,1682,0.1780502058639033,485.2168749271557,0.0922874456537845,0.066129973273624,-0.0121617320366587,0.1267829412570471,0.0002251930212437,0.0005126759085392,4.054614729931024,9.711441119287208,0.1856899467733584,0.2871244165180057,dki,30.063057534010376,18.665642450317385,3.957732459367308,0.2399173141951399,-0.0398709723326272,0.1575349337077825,27.72138370853145,18.18882645611934,0.3908537689412755,0.2539265028891395,0,3466491.144300193,dki_0058,6.5440316077948415,2.352865477320256,3.3737488476483657
-9.577695018609774,3.378581315643348,0.0681532041934158,4.872072045435473,126.78689200070968,78.0681820715259,203.5799460492352,222764.5692452469,1757,0.613314973989751,4837.368944940445,0.1417696062083079,0.0392464584658958,0.1280525274891352,0.0613465305292179,0.0018344919208495,0.0012142183414337,7.198437584953573,7.378594598266759,0.5070940612126343,0.2350532097510745,dki,20.368591623895384,12.438246969699213,3.872730964965388,0.2002365814451102,0.1506738438729448,0.0867298571795694,14.3143682681938,9.13230284294364,0.0767694601648985,0.0809379268308861,0,363213.9743729288,dki_0059,9.64584822280322,5.197333576097391,1.6056860676740594
-10.35333328159142,3.3017082991766853,-2.995004374991521,4.239193958981476,211.4577681201195,111.524960943231,325.1508586787845,578971.3691128872,2738,0.3921606488639786,1854.557779316057,0.0886878933752848,0.0402626509850818,0.0468548916100842,0.1109472314887732,0.0008640944012134,0.0009209004305302,5.293763644432869,9.390643071379602,0.3572727259861951,0.3011435877222742,dki,33.638823837897185,14.007209448563309,4.077926615040159,0.101500803075993,0.0172556168431664,0.1340343541230391,29.94586524510858,14.138198224942323,0.2952498356584747,0.2136818449126294,0,1476362.7375415326,dki_0060,7.358328906599939,2.6277222797176987,1.537663343226441
-11.204020376645662,3.2656587037898723,-3.334958417002229,4.136091241850263,144.2188544220636,103.87981995439108,172.46292536764187,503612.2396418461,3492,0.5008050090279043,3472.534926413114,0.124058219205135,0.0428218424229771,0.1023781944540161,0.0889909888259188,0.0014662053306726,0.0012240920905267,3.767353006438879,3.302436501788866,0.4257097437485588,0.301951894298501,dki,24.91438636842721,17.423733501773064,3.9249267956784295,0.1814805388606027,0.1050975350228295,0.1191845724398091,18.26135951678832,12.414052236899549,0.1401787420790724,0.146312169606403,0,1005605.4363741108,dki_0061,7.869061959643411,2.941015290880792,1.1958417369127106
-11.21134744882543,2.8479648468846253,-4.228909078634688,3.180948112911428,135.5941520056845,88.02349811370244,174.46426691892142,1410857.1516191473,10405,0.4405867428185629,3249.3049021766983,0.0974145458403392,0.041701883092286,0.0678143192082779,0.1158364608542529,0.0011599680785194,0.0011027061270961,4.38618564523081,6.904981766224597,0.3980923800209851,0.2993496751035691,dki,25.246487087164187,12.037499527186686,4.000588460787032,0.1615243892033308,0.05045927957115,0.1423032373047987,23.562581171476403,13.511331734220068,0.2838177880138205,0.2078621919006209,0,3202223.341068955,dki_0062,6.982438370190674,2.211692351955529,1.2866651277970114
-10.66982337196183,3.685456060757047,-4.304086347255383,3.6736109467160647,133.8330252189007,87.8062498214397,203.87542687005688,180139.25194464033,1346,0.2767441214540792,2067.831321913477,0.0822198564520813,0.0349655169372359,0.0103090760953616,0.136993749246786,0.0008808681317331,0.0011511297332088,3.498786380796697,7.799162720499054,0.2518054577010144,0.2847597777370527,dki,32.698816507197364,26.56134997242343,3.960842184897555,0.3107029180463133,-0.0208037031456727,0.1581059080664218,28.719775508331143,19.62728533604733,0.3560083167821762,0.2457717301467863,0,650923.4992893292,dki_0063,6.365737024706477,2.408349228296261,1.5233566344076364
-11.215877420566084,2.669804945270896,-4.274640347254623,3.228383970166499,157.15698194516267,103.27462281257876,215.30942343514823,523961.3778051724,3334,0.366240329250341,2330.410807826117,0.0871209822706273,0.0443776287101227,0.0490918499252083,0.1077044901094178,0.0008963633993682,0.0010097005157481,4.595773766230471,8.57915762680204,0.3406880697371065,0.3024686667318913,dki,30.83637503139406,12.99282739175026,4.058926426819691,0.1205763968187971,0.0253682743224791,0.1318551642975448,27.98232261188009,12.94049269288247,0.3117107389671193,0.2059698144176063,0,1430649.0464271675,dki_0064,6.941237073311493,2.356805672440203,1.3700277313182108
-12.273600959411803,3.456053754832544,-2.6328267990051777,5.083170936198171,134.01902540040342,33.75535372336336,399.1889095332282,694486.5896248906,5182,0.3145148069864344,2346.7922263034725,0.1108892754162701,0.0578782293922378,0.0509155510085631,0.1323791632654916,0.0007594497761471,0.0010732046514042,4.197357392381607,7.820999131786103,0.2995278356725719,0.318215556753426,dki,24.481078731398707,13.356422763784431,3.9122123890731855,0.2966930893808207,0.0413800648147445,0.1630993688787635,23.855855601911312,16.862804668584268,0.2654949702686428,0.2476773034570953,0,2208120.489713049,dki_0065,9.64077416040653,3.8398387399044274,2.978598809688304
-11.039018690058796,3.1862952738511803,-2.367152622751216,4.038762093886282,116.54076029336748,79.75221867748462,198.09575201966248,504854.5735908679,4332,0.4234203925060228,3633.2386320472665,0.1218957715255209,0.0479844295002341,0.0930970784400627,0.0877547049641386,0.0013249907347181,0.0012605764409406,4.412143925081466,5.648516394570476,0.3879494250365481,0.2933194006936022,dki,23.68846600406566,12.968077752199962,3.9651487779541945,0.1718412119966171,0.0869906113854119,0.1169225046995469,20.920094709770428,12.707608555194378,0.1894664125870037,0.167671159822373,0,1192324.6554160395,dki_0066,8.671866067307548,4.259544219719739,1.6997980064742757
-14.692389183326297,2.6271100252473585,-8.709895508145213,3.804425307363118,142.73886388531827,89.84996530128043,300.8295604496624,1979645.3032254789,13869,0.1540133105605189,1078.9865238401992,0.0822463605804941,0.0375485647160761,-0.0180097293876137,0.1346795945985589,0.0003549630314926,0.0008108733866675,1.2399442577336672,2.5642064781042864,0.1367818705404271,0.2550884039116042,dki,20.278025116048774,19.232587184891656,3.7777938845582058,0.3444563895370229,-0.0452117949265832,0.1560856340936638,20.301303755861035,17.808010198073944,0.4762310930379735,0.2471076646697763,0,12853728.655144945,dki_0067,5.982493675181142,2.088384135796381,2.1075518766308807
-11.214814737670222,2.374282596636506,-2.753547933478276,3.128245956484708,76.14815753898714,57.95373848080635,73.13236960461303,314872.6314237118,4135,0.6169219404258436,8101.600358616496,0.1290133938122173,0.0326306189675255,0.1706957838756868,0.0614499242135417,0.0020933709956782,0.0011015825861311,4.726299392541908,2.156778902006625,0.5627885168642589,0.2201736497820464,dki,15.795509201561291,10.788029019018325,3.7962757298648873,0.2001842668188973,0.1800761051065562,0.0796617155116556,11.280149144467044,8.493196957632113,0.1099362848790299,0.0952150659665577,0,510392.9861958941,dki_0068,8.461266804191938,3.379779790981695,0.960395785901582
-11.854838652687624,2.0638927632863098,-5.360006318045594,2.2446986923864207,102.00460569462916,71.81459078221577,101.65625089987014,2423119.408275916,23755,0.4534956148627479,4445.834693193916,0.0935740966158221,0.0339264119071579,0.0881404691477243,0.1205613715120361,0.0014357005477712,0.0011952556641166,3.1963350447516907,2.40923695987906,0.4054123766392918,0.288046757277877,dki,18.792557963140965,9.544663176689957,3.921934301829032,0.1919225114499411,0.0671581633253058,0.1407480393804895,20.525672535913618,14.333669229565135,0.3158031633901796,0.2017186137479036,0,5343203.614017924,dki_0069,6.494832334641949,1.9419577765166305,0.9965849111186029
-11.34888736374075,2.57978100752848,-3.378808092906437,3.324518717762286,113.066359613027,79.09619330657083,123.81443210600636,1036818.5176514576,9170,0.4898311776617178,4332.245058018846,0.1079458978058491,0.0320659733828416,0.1203462241166999,0.0845539941525578,0.0014177480096297,0.0011379346150056,3.758768159214276,2.850939253864757,0.446100416420506,0.2957600170871189,dki,18.69107513333115,10.082288406915453,3.891508283174143,0.2269784365741438,0.1099542768180586,0.1072557775790644,16.003069965298867,10.141524167753284,0.1961018350917848,0.1525372621488835,0,2116685.4315008395,dki_0070,7.970079270834301,3.0691783927923635,1.0950598615694798
-11.92935439666866,2.148795667041658,-4.981560031137807,2.608727775364002,108.88429012778144,78.77066853755805,146.57552545177876,1097880.2973584202,10083,0.4725478682890451,4339.908610640574,0.0898899400490213,0.0338090049999689,0.0991366741602842,0.1136515072945034,0.0014070859781718,0.0011403470235445,3.700007410471085,3.947793322922935,0.419845770429164,0.2868525704005799,dki,21.52047684268336,9.998633023587129,3.9632381611310414,0.1713810097186423,0.0819513886210912,0.1331866961965676,21.975835459323605,13.703940659723576,0.3017815025917835,0.1964774354144346,0,2323320.812626914,dki_0071,6.947794365530855,2.212347815201856,1.3461586173704643
-11.105175236218187,2.8830176711868827,-3.5946431180891203,3.2817901421499545,105.43350007846742,83.92499380400686,89.80826993325627,479089.824356556,4544,0.5734071913135327,5438.567351807371,0.1175674782309527,0.03501038925305,0.1312024779105865,0.0742469891901661,0.0020332373884109,0.0013695574091176,3.884080140061304,2.597232352898874,0.4643417437383351,0.2629988356644781,dki,20.563272761346663,19.17381353862595,3.821367719643837,0.2828061204543223,0.130939030473211,0.1022088514317638,15.45221751920976,13.546752352522322,0.1404666269301745,0.1297227864423824,0,835514.154015196,dki_0072,7.510532118129096,2.976907613715397,0.8518001381573951
-11.37302389089044,3.1744691438686066,-5.064316908703107,3.5071934159738056,137.95198556189746,54.39598112434773,499.1807146664205,2894784.4650308564,20984,0.4539730415329126,3290.804693269313,0.1247390052099144,0.0495671233765297,0.0983659505274723,0.1036588043428095,0.0009161218473187,0.0011187621051731,4.429906822513742,4.444023475290376,0.4317570259778915,0.3417530018172356,dki,17.864664573125776,10.490885267110096,3.859557530844072,0.2431259747404983,0.0991368053898406,0.1364782276518019,18.449322039353184,13.471330443577704,0.2047089540902401,0.1919344170894899,0,6376555.874895464,dki_0073,6.308706982187355,2.375588672042207,3.618510546500571
-11.924849827742408,2.663498332976492,-5.475750222159734,2.8843245964969824,109.98602592553732,91.005269904692,268.07381192251563,538051.6388277286,4892,0.4217053701894861,3834.1722654384193,0.1157618378882132,0.0425602750288101,0.08916245326036,0.09619183106224,0.0011519078789562,0.0011827418047299,3.446621096850452,3.326896438667041,0.3849682461254258,0.3080793986691158,dki,19.887365536910828,12.172691687136233,3.895070747648997,0.2091797540765669,0.0826322650430348,0.1243042536890233,18.57774712824332,12.337193328156133,0.2262416520803669,0.1833329008643062,0,1275894.6811276418,dki_0074,6.44909960558272,2.2369849052355946,2.437344286846102
-10.36217641510942,2.6783402324530527,-3.9143799278216513,3.0305515640658665,138.36781534643652,100.12343566741175,141.50383308659124,861754.7539776065,6228,0.5584427739900126,4035.929689225917,0.1377465600189614,0.042612729625631,0.1051005278366299,0.081946131062806,0.0015336038623957,0.0011589144319595,3.928135011284269,2.823820149778313,0.453688880241981,0.2813456704806883,dki,19.135114018377333,9.07307891260617,3.8896008296029336,0.1933037269143258,0.1138075391375822,0.1100143734482794,15.520385570901867,10.777747658194338,0.1381008471675957,0.1495719055281104,0,1543138.8749476746,dki_0075,6.447796487287821,2.592575379389419,1.0226643582707653
-10.54962048447485,3.2955214766257748,-3.0409676236799696,3.6711141177770816,142.16639089757757,87.87032151948094,167.92003409333884,828119.2269783893,5825,0.5830183323047101,4100.957537317946,0.1419296812645432,0.0465869162851281,0.115960707271724,0.0819676637197188,0.0014618697118394,0.0010850544673779,4.887486390598768,4.274802711769989,0.4852417225560193,0.2811303022389518,dki,24.044696055088497,18.834502577360738,3.9121415009973313,0.1896061786178468,0.1403574696044565,0.1152703046431688,18.86874174299677,16.937517990190596,0.1134765437498497,0.1344532232455242,0,1420399.9790277248,dki_0076,7.508652860794921,3.2259554125605305,1.181151417245411
-11.12825179460805,3.5792011891289834,-1.8976321077401288,5.13504316695717,118.17227783467126,71.64595683520993,165.56546876350538,312683.8471505401,2646,0.5772184095541932,4884.550083410846,0.1318951076688099,0.0356781501060818,0.1246077659592062,0.074606483955389,0.0016025625717763,0.0011621810669645,5.817468502800032,6.134267139762724,0.4958902967674612,0.2673761979882737,dki,23.344698381635784,21.668429439618496,3.773103117285386,0.3375766672487656,0.1516134406387063,0.1114879033406383,16.885244428073168,14.529531061432465,0.0898273128144531,0.1086508714034296,0,541708.0293610824,dki_0077,9.230619686867971,3.573508771657629,1.4010516831632838
-11.023724451085553,2.48975789005404,-1.1256079442554563,4.162265664127241,113.95890039143757,75.84658387502034,129.94688957292487,241820.7866306305,2122,0.5199089076648755,4562.249248448694,0.1419491088326817,0.0365060524380926,0.1449871361418541,0.052261292868854,0.0017770702467909,0.0010240144366826,5.675727575449135,2.710780562485264,0.559677788978948,0.2278469467908271,dki,15.142989389231252,8.486611209769244,3.768661460357837,0.2435417433653834,0.1798342382884616,0.0758196166387004,10.868071166219204,7.188020380679272,0.0831868046188733,0.0879343882558665,0,465121.453134448,dki_0078,9.898116506830048,3.5621445475469007,1.1402960990898485
-12.331244080291563,2.236650902951585,-5.49994113005068,2.8117937533307007,111.25295408646691,79.77143188614255,120.18369741385358,1637198.472336447,14716,0.3671822193150859,3300.426692757373,0.0962769624622224,0.0384303170935558,0.0645935788069573,0.1224706633980582,0.0011083135817385,0.0011335428936086,2.806250951806768,2.705230468573257,0.3371729112958196,0.3036965141004575,dki,17.569722086757434,8.665383458160555,3.8875460447169954,0.2321245099451147,0.0408115557867189,0.1429573506755398,18.61786555019007,12.304849284069745,0.3310328646171426,0.2279270160392093,0,4458817.410577108,dki_0079,6.831302950240939,1.930409947339628,1.0802742129476004
-11.2470648514276,2.566375008194496,-3.242533031605096,3.356310660818121,127.09961874820492,87.82396041842016,163.14937561652025,735398.3940771137,5786,0.6159713997261118,4846.36701347156,0.1174324479328668,0.0398471075849658,0.1463837988612703,0.0863680448899966,0.0017546646365905,0.0012790296021253,4.2191947481187455,3.0632808156376727,0.4917047300503631,0.2717885056878428,dki,18.51055724549548,9.961764539642433,3.8727865686655503,0.2332231742496872,0.1436570871828193,0.1077784249395656,15.401737873194412,10.908598968335102,0.1815722206668923,0.1585576488709198,1,1193883.9926725563,dki_0080,8.004531819822532,3.2625171874036454,1.2836338710010842
-13.297894906156769,3.2264330606684086,-4.502519790185923,3.937795617957477,96.9654024134298,52.985053491294025,361.48760201049873,1123247.2215571709,11584,0.4543741843113237,4685.941304858572,0.1453760439450248,0.0518382424971414,0.114956168481208,0.0707150127976949,0.0010988050650206,0.0012142415572994,4.278396141178681,5.589112867469638,0.4028348172984292,0.3275414887544415,dki,14.738154904776724,15.7184345359098,3.629006902215664,0.3662811223183582,0.1277298957115319,0.1047430097790041,12.546174697151248,13.858943334079177,0.0894540955520045,0.1126569017742091,1,2472075.35185924,dki_0081,8.795375115970835,3.113435684285098,3.7280060002146946
-11.360035145313246,2.9427821557470306,-2.105092992405341,4.841705830716367,95.89726567462772,68.01883175908303,99.77092784661198,191602.7368179062,1998,0.6332235604040444,6603.145104809607,0.1345581921610544,0.0305528322330722,0.14471240448032,0.0571038024341211,0.002052918323342,0.0012078597576846,5.189374462505272,2.651753102732489,0.527676994636588,0.2431225780586401,dki,17.058252810557303,21.753885029843865,3.640530191646792,0.3112512377592678,0.177203297097704,0.0852206318975273,11.531329768920893,13.332166530139103,0.0788106403410164,0.0933840769147284,0,302583.0824987769,dki_0082,9.25494215290794,3.8798885218554986,1.0403938750988722
-12.101916242123224,2.359217311060807,-5.151197655673848,2.8968257922262723,113.97170878481214,79.0265642605648,146.20316893738237,1130599.3511453364,9920,0.4892538299554168,4292.76559219769,0.1024153955276521,0.0361657447505793,0.0988085391642915,0.1124209547687433,0.0012520617890658,0.0010683605613668,3.97589076329916,3.534193024154048,0.4264586748359306,0.2990055686870619,dki,19.80819965018987,12.962608048423792,3.9020330777787104,0.1905551358964892,0.0874397157519265,0.1402429689507991,17.73590027954826,12.738278916766264,0.2528946003844456,0.1873411641059356,0,2310864.589958064,dki_0083,6.950718586449344,1.947673370792829,1.28280228923676
-12.492995339304214,2.639044093720212,-5.346123963979731,3.212326407686311,116.37026186312436,91.39792204926192,271.840205368987,2395132.729666826,20582,0.4265594782260713,3665.536808087568,0.1261520566261634,0.0518453724402319,0.0825997554493521,0.1004330824584993,0.0010844720057714,0.0011574473470834,3.465385593458763,4.126217597047937,0.3810680777830915,0.3210311887485156,dki,19.989279906748955,15.837722982466392,3.856491868877293,0.2484174904236209,0.075610891674097,0.1333317078832684,19.021984552554336,15.608327351699524,0.2182446115385675,0.1877247491718053,0,5615002.952524793,dki_0084,7.146871375324499,2.392901476543198,2.335993758342897
-11.539928176098137,2.2140439365314526,-5.135270889899842,2.43490000252706,93.92815597029038,71.66994946361531,87.45339828968302,1333967.671090064,14202,0.5184187723383531,5519.311722699314,0.1044574612562944,0.0338894778582518,0.1180445513859778,0.1209003481732694,0.0016610417316939,0.00121205622308,3.863041697896364,2.458894647792812,0.4539723828076003,0.2755206445190091,dki,15.116330859291656,8.806873379537306,3.821703437227065,0.21623093766621,0.114174926133804,0.1408734391510504,15.338342363988572,13.61670208261613,0.2562755145515138,0.2071974161409483,0,2573146.9272864824,dki_0085,6.404657286198334,2.1125174583858577,0.9310669137095023
-13.59274574260237,3.0968700007640906,-7.02883162538131,3.425451063322454,107.77253095607894,90.8004033546404,223.34796475455772,1994654.002935109,18508,0.3594136296343876,3334.92798624968,0.1165269644685464,0.0465974177951028,0.042158713320874,0.1245682101198105,0.0010323299731327,0.0012779982609533,2.468889322864396,2.7958648158571617,0.3087790391430272,0.3175889376069428,dki,18.23875935678564,13.048571909254866,3.8333860587625694,0.2878051416465614,0.0248718126765996,0.1671520387870468,18.724946880967742,14.413116705921654,0.2820092861241945,0.2109263378519703,0,5549745.024873331,dki_0086,6.563914117221054,2.264974779841132,2.0724015922534083
-14.44341537455978,4.870605103358466,-8.356736572612203,5.272120811069547,193.73706869596973,93.0156950579432,531.9063647575189,2102047.1953512714,10850,0.1934254633357409,998.3916069220712,0.1058870118784318,0.060439727136639,-0.0418709822021044,0.1526062910427633,0.0003480763211485,0.000804311138521,2.3238741193877965,5.062429501164291,0.1872057264911223,0.3090205639117873,dki,35.01937416437263,33.69134505116818,3.861555670411221,0.3256649798540953,-0.0685560393958206,0.1937884990030789,28.350528916543905,25.52187384881629,0.2607562095709112,0.2848445850177192,1,10867479.17828489,dki_0087,6.086678801947546,1.979390136019664,2.745506414119623
-10.272884705390045,3.593085526758694,-2.7809603657481485,4.076751629728694,170.66975419094092,92.73450039167004,360.0443457759208,354310.4097003933,2076,0.4651760161340937,2725.5914109635787,0.1110853311969367,0.0526224201142918,0.0902751967665571,0.0947938663889126,0.0010530143491795,0.0010815099337232,6.96673234631236,11.210145521868723,0.3893383219520901,0.2928635214154266,dki,30.29827639930988,18.13568923382353,3.992591039903586,0.1690351027499297,0.0854046122647275,0.1277230375009084,23.778063748112,13.88632097357043,0.1931324190528706,0.1821472111713813,1,761669.5560638238,dki_0088,7.491924339641812,2.9734991245201474,2.1095966738963745
-10.97418644169491,3.0070431029134084,-3.213640618252052,3.967680460442677,93.15075423699798,55.71133420958412,127.08472371838148,253649.50378734551,2723,0.5602414278035167,6014.352029594172,0.1216981686314919,0.0336655413827824,0.1323977196653924,0.0829960985477672,0.0020928225499681,0.0015332537900035,4.2173877638611295,3.370151485669917,0.4536165721460145,0.2720766570952002,dki,23.75661788718787,20.452757524413776,3.836276523197299,0.2805862239233397,0.1351996909494679,0.1132645928376301,19.07681664569104,17.442741985066764,0.1386513477691206,0.1243829220057423,1,452750.3522576045,dki_0089,7.760545823442873,3.1985589186530743,1.3642908719240996
-10.895629206751176,1.960411894459827,-3.186487073423564,2.65306583731467,117.01635871517462,83.86828418806488,113.91739698799438,241755.7971055508,2066,0.8086714725312294,6910.755738858598,0.1300066158183476,0.0314879052086993,0.1761212617131576,0.0476508390429926,0.0023567895506535,0.0010256239991624,4.943409003610495,1.767839725856592,0.5878976646841633,0.1855058715224523,dki,13.509381838076076,7.054685154105466,3.775564174067415,0.1850561501102812,0.1948040154265178,0.065132560257721,8.973326204301316,5.029011278868776,0.0888901013332255,0.0622883949573558,1,298954.2791077184,dki_0090,7.709142133327618,2.8237198258797545,0.973516850454018
-11.623215249358752,2.3106983103099976,-4.277200395398714,2.727729665289872,100.83076205200764,81.30646656774965,379.9694989730444,1186878.900114182,11771,0.59106979535084,5861.998692878779,0.1138645825260135,0.0367448075723853,0.151461903531688,0.0904970078954784,0.0016921715142695,0.0011562371928232,4.529619879235107,2.455389121765081,0.5140536066039978,0.2568622517437596,dki,15.583764018779346,9.658227126526384,3.831713085077429,0.2014495484784756,0.1516873039658161,0.1111238252993666,14.159386081130002,11.675379713266304,0.1946235384751835,0.1448445585292591,0,2008018.1891373568,dki_0091,7.346014853960066,2.8263000093025066,3.7683886468800005
-11.035014677183968,2.77233353260506,-5.869181666574303,3.029900231495422,113.34970632790636,36.77137065203309,309.01898676264904,2864460.4286125214,25271,0.5518054359525889,4868.168201126924,0.1570407691380487,0.0543895679421376,0.1328050697148911,0.0772250112931323,0.0013906034877435,0.0013211825043302,4.936284043305764,3.140234330555318,0.5042021220015208,0.2974675832472984,dki,18.500980305835768,19.07205569221424,3.7752471307208535,0.2900562032008969,0.1611683137868418,0.111450397200222,14.982786691151514,14.027811521156147,0.109217400240753,0.1331784768498595,0,5191069.6089239605,dki_0092,5.165833010609668,2.3645210474084624,2.726244264530304
-12.648549977157051,3.21847147853934,-5.991557411230877,3.704177287078349,149.01026543835516,92.66332490206214,342.4014135948973,2394296.945063491,16068,0.2905125121416344,1949.6140838821475,0.1214806242443318,0.0557300373899287,0.0038854745142817,0.1231135017409644,0.0006462884056184,0.0009684831635298,3.117573168495204,3.914881063714908,0.2873979992356034,0.327161520872467,dki,22.778509668502306,20.26653364732028,3.8666820570061367,0.2621317784633137,-0.0194434527237898,0.1592340249307973,20.37051091032444,15.702846203970672,0.2782481512954562,0.2245872790262587,1,8241631.065777271,dki_0093,6.656992565926222,2.1917980864256665,2.2978377535777703
-11.16621214626712,2.2977081736328526,-1.80198828878952,3.224241467878678,125.2965451899043,79.17819710002667,186.8585757184867,335042.96183780406,2674,0.661481413017595,5279.326832316312,0.1380949307508279,0.0429774345054082,0.1414975773910086,0.0767086788292485,0.0018907204423354,0.0011734738302686,5.501872996532915,3.750529774840488,0.5346763726790124,0.2426075200564829,dki,20.80397946357177,13.830934002197022,3.861719434364455,0.2105228979349833,0.161051294382158,0.104707710149145,15.197196353042564,11.48113174144807,0.1017309092960809,0.1293593587396247,1,506503.9700955167,dki_0094,9.364223857477606,3.20493347391782,1.4913306303480005
-8.791626571501828,5.201690366909462,-1.708061541880637,5.394772896570142,147.19877913550886,93.06491223959516,342.35376679778983,317949.36293269915,2160,0.323980820461155,2200.9749154434453,0.096600552212878,0.0437682112779059,0.038471050113661,0.1382953237640297,0.0008148981873265,0.001062495940701,7.805779216054411,15.299978375893826,0.2954582700493547,0.2812018905735505,dki,28.025224107380183,17.568227006910636,3.918433923676766,0.3866208329076412,0.0280722742712489,0.1667879260066449,24.2736949113723,15.607317003079258,0.2796039165971245,0.2443989464871103,0,981383.2883074046,dki_0095,7.083565029621258,2.9207089437618308,2.3257921621933044
-9.35337060730246,4.727586508843936,-1.2828733293515768,5.207490314766809,164.47619958917022,78.48227427714579,296.91092512716045,678793.2757045055,4127,0.4022001094822447,2445.3392678506857,0.1062184647373241,0.0485472841586202,0.0803342331552981,0.1141661926115264,0.00092919191883,0.0010130375955418,7.851712696236876,13.651319415879634,0.3729272840168944,0.290571962697987,dki,32.171067851526814,18.52338764799088,4.008022002765251,0.178779392824249,0.0778279242881163,0.1454182598354391,26.283685794713264,15.942805123379443,0.2185291166770326,0.1998837430369895,1,1687700.3752642465,dki_0096,8.070497277950798,3.690688401971885,1.8051908170834845
-8.836477348210783,5.108083597479129,-2.7219663924589814,4.956116650393755,223.97586784447856,93.75612094585712,493.5639448320255,257124.2962854614,1148,0.2805068444818753,1252.3976229289578,0.0913103202637087,0.0486349862936727,0.050039071436233,0.1080315821136254,0.0004874577736032,0.0007073452290293,7.730428010225975,15.495037202229474,0.2592419084363526,0.2836532719983656,dki,35.847515452375184,16.007235568598773,4.06390881728447,0.1463803043267616,0.0280782343576495,0.1383993745892128,29.76108224537357,13.678272359745888,0.261434542346493,0.2057995492017464,0,916641.7908995984,dki_0097,6.11451095575176,2.4452844130715863,2.2036478732375757
-10.735242359753723,4.4035321894098765,-3.279849466195936,5.0184360125265615,150.25558435197613,79.45844730284156,317.88786988914194,361965.7027039105,2409,0.2382094205044665,1585.3615127305825,0.0891250886623192,0.0389927876897554,0.0233658915168491,0.1115884473159735,0.0005454790565214,0.0008581795946686,5.99719648656532,13.790888662297336,0.2098438416278053,0.2562746942813254,dki,30.772688896335563,22.68775898519045,3.898466806205664,0.3686970409870476,0.0007994791699273,0.1437679293154871,25.7773534704195,17.887274065803282,0.333124752345065,0.2233876143238879,1,1519527.2375767503,dki_0098,7.4553928935577565,2.814827823542195,2.115647623082577
-11.33231059302111,2.4199122007104306,-1.573715832956971,3.306485400070149,78.16222153839537,52.080470715061765,87.98498817793427,297094.6040674408,3801,0.5434784887688633,6953.21189792299,0.1338389682233833,0.0409878554046973,0.1282312043483993,0.0823712438747506,0.0021398567180065,0.0013499532186827,4.529807766430948,4.271126342749558,0.480456349000141,0.246349874279373,dki,21.067881901671345,15.985080511864018,3.8760326329411,0.2113446278708877,0.1397760069775979,0.109323549170953,15.107567104809714,11.815463308910266,0.1173722375851157,0.1329532285777949,1,546653.8422531615,dki_0099,9.758594760064092,3.632279174615428,1.1256715385797178
-11.84737806898932,1.80412107301926,-2.699852952686838,2.720154564629304,99.77324822187484,75.94336102866187,87.35995766176066,390013.6272993088,3909,0.7293839521362413,7310.416019675373,0.1250432471072577,0.0283558382059676,0.178652218031276,0.0501272892641031,0.0022169677407532,0.0010492273602374,4.706934277864348,1.836210423433288,0.5758296617975136,0.2060674180109897,dki,11.884027380864618,5.284604535170973,3.722392588978941,0.1943180073812977,0.185287788082593,0.0643893809763481,8.042924991895328,4.117872271753903,0.1155663775156077,0.0760760272807565,0,534716.4907550068,dki_0100,9.147525116302464,2.54049949406202,0.8755849811313188
-11.832673300907668,3.1044509628770003,-5.6120048260820505,3.493799787331231,120.3546210540156,94.03257520187304,265.3382884581081,1352785.9406471355,11240,0.3498328869364117,2906.684295731407,0.1043784414606552,0.0475407007258477,0.0518373503268461,0.1291292877823279,0.0009899663783372,0.0011846931803835,3.044191925327766,4.455877754983745,0.3252222312949213,0.3176300703514684,dki,23.075511337243928,14.605313978632925,3.922219119979972,0.2345058084094261,0.0326443382150837,0.1561322796637124,21.76745563707963,15.219979744763828,0.2794351081273956,0.2218815291902454,0,3866949.0238435706,dki_0101,6.220668474825754,2.327051288583222,2.2046373137515283
-9.981487362699571,3.159184856129208,-1.4093010894236309,3.601610787062829,123.29818847426031,90.75965887981911,246.7738509786276,239321.78382853928,1941,0.6657909905630855,5399.844059364066,0.1391892449023994,0.0416361986395918,0.1451748867707912,0.0611907336903154,0.0018743984185106,0.0012189755921888,6.082083528063896,5.65623659208052,0.5265007504702796,0.2435648699429438,dki,20.57666089916476,14.639730746788588,3.836101775676864,0.2374173575673887,0.1723259002680781,0.0856156960432355,13.513058625501492,9.855605866370038,0.0844110081454635,0.0920654127122242,0,359454.82474332594,dki_0102,8.57218627327596,3.853093865930796,2.0014393887882953
-11.43496519265172,2.678569371320039,-4.994461321188581,2.8296439557154933,93.30151650701342,72.02546238648264,101.60397522711776,1205268.9902375992,12918,0.4333527907945261,4644.648951252054,0.0889253273149805,0.0346113496305327,0.0706790122893294,0.1392249260591028,0.0014625142847159,0.0012681512881844,3.6483884115770016,5.047100698271136,0.3871807522673299,0.2894996348031124,dki,20.63239118462451,11.491427825135691,3.92425005306764,0.2221847758936022,0.047057658029818,0.1579963515827762,23.364783910738183,16.27714748058671,0.3443514360403417,0.2302299741294125,0,2781265.093569172,dki_0103,6.440503871463103,2.0708941991361782,1.0889852494464036
-11.97436807171904,2.573005126352789,-5.328712788745843,3.02591217151507,110.35939273975885,79.17328593330247,136.11948701675178,988047.6431990608,8953,0.4279518475113644,3877.80176102027,0.1003151130148028,0.0380669847005052,0.0871988037878238,0.1126184810944586,0.0012447296181908,0.0011856351960233,3.372322524957572,3.619928654303521,0.3816624794776339,0.3055790755032432,dki,18.93339849147048,12.877887579990793,3.8563212083514777,0.2708165423002245,0.0765418632786609,0.1416256274280346,16.965121221233357,12.258343779788376,0.2831773975377031,0.2042519749962885,1,2308782.282270257,dki_0104,6.645655282973175,2.074745289584509,1.2334200437088163
-11.1611597020829,2.8081365834338112,-4.468420873427533,3.134228665909004,111.30983703275236,91.2406617904938,202.5366881360226,959602.105059358,8621,0.4789252256348309,4302.631630786681,0.1040982878325992,0.0430463927073176,0.1059607940801155,0.1022669601190411,0.0013760864999407,0.001205112784492,4.268919278763973,5.22227815944526,0.4214060052151873,0.2922442932540308,dki,22.40885891541589,13.18078715984574,3.940766537874733,0.1963557855959404,0.0982787314857952,0.128680811791618,20.408607146524485,13.277698443978476,0.239861927289474,0.1790165349289607,1,2003657.4682141128,dki_0105,6.6927388286554255,2.379528690016255,1.8195758212854738
-11.44764291663164,2.508318130733249,-3.975618359846105,2.942246295424475,115.8685806576923,87.6217044490112,117.6748446296876,752450.5627910538,6494,0.5945234266153326,5131.015010632767,0.1074023294107179,0.0316920218142769,0.1378812435335707,0.0942716103552622,0.0017218451879848,0.0011809095119633,4.1188084858423375,3.027912906570197,0.4877176277436943,0.2784385030902681,dki,22.916346856973224,20.097578880211884,3.878580629528402,0.2240854441871932,0.1309569367852174,0.118883440188282,18.43535710208356,16.5862551806837,0.1763034846416257,0.1496834882264417,0,1265636.5234837127,dki_0106,7.472024556785596,2.415593723703926,1.0155889022006017
-11.29958526659476,2.965729638855953,-4.469457371526982,3.22951231980978,94.28200226973594,71.57581484653265,115.47241370749748,954982.4009901554,10129,0.5610507576174739,5950.772619490374,0.1261666787313097,0.0371313374090204,0.1381468834049842,0.0791728738084465,0.0015230605917189,0.0011016331246004,4.338438337594745,4.856471090757508,0.5074127228164143,0.2806276727295559,dki,18.79229003447305,16.225145941186344,3.836212647366661,0.214506290262133,0.1528217476811634,0.1035944869861995,14.647509505074808,12.589837857382,0.1421923179287082,0.1332192295127195,1,1702131.9159170715,dki_0107,6.830127895067782,2.6019662907125447,1.2247556365756518
-11.680732196735844,2.5713725196879627,-4.128274390591796,3.3598073070289507,111.24998233278876,79.25536837820279,161.36698887860905,1794350.9650455497,16129,0.4815734728498035,4328.751005184377,0.1129544687034561,0.0404933936209378,0.1038615786430163,0.099027480094143,0.0014220733538506,0.0011570025529007,4.207579711682206,5.961570802930719,0.4377094701681563,0.2880753430189648,dki,20.69796549665926,11.7231428139762,3.9269122315267615,0.1877296924692738,0.0932074780895994,0.1249637749131792,19.15578477375714,13.084007648370632,0.215938183665125,0.1721037360296594,0,3726017.038328821,dki_0108,7.552457806144014,2.99329873649026,1.4504900180199785
-9.769923503152864,3.413604810110788,-2.4581911209639222,3.811891347565856,155.481038289568,111.22046545853,208.5998636597861,414823.4101565674,2668,0.5805603315041176,3733.962275341136,0.1212091226109542,0.0417503308845003,0.1236692683153245,0.0992931624796404,0.0014895321539064,0.0011122854539301,5.708332103150517,5.307092136807005,0.4746785448967789,0.2747161577862027,dki,24.67455387801268,14.82032878857073,3.936884848833766,0.1876435276354066,0.1335434589935014,0.1269205986813522,19.40403477843105,14.455005711720172,0.1339968710625768,0.1631886911007748,0,714522.4839627633,dki_0109,7.311732382188913,2.329309298567223,1.3416418230452614
-10.690379874281245,3.2099358903880995,-1.2738115583500682,5.027320900797049,178.2581992716181,103.56283790020905,267.4513418144145,392702.81299537467,2203,0.4794314277933441,2689.5336638222075,0.119361977180766,0.0452375800013771,0.1061421259466698,0.0913771147219969,0.0010729065039879,0.0010153859511294,5.646333350100088,7.13046831311172,0.4195389009549509,0.2984967812185401,dki,27.83458568099917,13.525188268369778,3.985363048801792,0.1572655413545819,0.1076280047642873,0.1200963613566261,21.436817335072103,11.546525300862855,0.158154785636473,0.1648645908257474,0,819101.106497855,dki_0110,9.416568315931173,4.742101663769556,1.50035927046974
-12.435255902885224,2.5432155911525425,-4.537037863413525,3.713120260330237,89.96631083493979,35.78748632761986,204.58541783013564,344121.1389436447,3825,0.4095574722999118,4552.342632469642,0.1031075575224074,0.0409339295048829,0.0852958719993443,0.1056706477728564,0.0013650750720426,0.0013667105704336,4.822705995090124,9.204677553033369,0.3507457060520894,0.2865586594077685,dki,25.48971936901989,17.50481360860156,3.928343980093474,0.230052835036761,0.0761197287694791,0.1367907325534121,23.287150942608395,17.57156631280263,0.2471441039170573,0.1863964198811069,0,840226.7379256866,dki_0111,7.898218039471648,3.014532870969058,2.274022530561315
-10.782986881645916,2.878405233195197,-3.82076740724948,3.3309948425849543,133.24599574994957,78.08741209985685,254.57173239354373,384148.2057471046,2883,0.4864991038202117,3651.134888384786,0.1088095533188713,0.0394899832067861,0.1265842896611176,0.0930716045028147,0.0014324877663547,0.0013091008118973,3.969858819456978,4.013525815093918,0.4127816597805691,0.2910462758827626,dki,23.920256676955425,12.849762592415628,3.9491954277792094,0.2052524847344553,0.1243067954537918,0.1186673863664667,21.04157775916548,13.773105802806905,0.2097695662262776,0.1573479660346435,0,789617.4992525136,dki_0112,6.96221947439643,2.511387970073358,1.9105394571952086
-9.512144313132712,4.770645082071715,-2.2805993573280228,5.225797721637828,119.81713049692624,89.91975940671331,342.5220376049595,508024.6333069672,4240,0.4088852551040097,3412.577595609329,0.1063006068087766,0.0551535400858829,0.0888039399853323,0.1064031255024967,0.0011058387051668,0.0011625494660641,6.123342946991003,10.326281194851868,0.3580442133493692,0.2930870670588732,dki,35.65217262541148,28.9217892354594,3.971894164248501,0.2230577575998248,0.0817105021350252,0.1414249249846392,26.83445165172048,20.209744865789045,0.2047653574616964,0.1806256823609062,1,1242462.590581162,dki_0113,7.2315449558046625,2.602582912952853,2.858706732371182
-12.138930799279384,2.472388332269111,-5.929380304511778,2.6583254809587,86.2853291940106,36.54933985830974,197.58110310133264,938180.3843264772,10873,0.4073300643806406,4720.733735218976,0.1064271636747525,0.0432244816130322,0.0912469317303286,0.1277045699261429,0.0012282777545783,0.0012282960095455,3.6075588207614944,3.395434645214452,0.3695780469714861,0.311361923578175,dki,18.51578495311988,10.707428664515744,3.864189420342075,0.2326927309745475,0.0867875187912137,0.1550797355198487,19.357545665354955,13.986960878514584,0.2588624315420745,0.2189814138618117,0,2303243.6502152444,dki_0114,6.20955049476765,2.0474625081138886,2.2898574409686265
-9.707268658869491,3.9181820543829504,-1.9453116443154683,4.505280601049536,155.2791144038741,78.94068226405552,309.2263515375322,331210.3510234635,2133,0.4291985030895311,2764.0452789626606,0.1062347545943651,0.0482177422991432,0.0814598057603503,0.1097622552508758,0.0010571369864771,0.0011165883728575,8.04358443911031,12.860640154844086,0.3907160050442412,0.2937624397632193,dki,35.107851927860054,17.038649701894034,4.0431836008860085,0.1574884319549582,0.076047690845838,0.142175270489107,29.27375830340052,15.951650110083662,0.2047394088640832,0.1864758619839357,0,771695.0283826427,dki_0115,7.761957014554014,2.85665771486831,1.9914226889087487
-11.882455873207096,3.129935184773084,-6.303742432670242,3.420867309028685,132.64928711789503,56.959715990818985,485.1497967261208,1084142.6236145562,8173,0.3567403245875776,2689.349730696378,0.1350873797359261,0.0671691337654461,0.0623528425733313,0.1071256111609547,0.0007349706382986,0.0010439022381848,3.309618213295331,3.5303427482009897,0.3310631965171116,0.3333394844012093,dki,25.18275602061497,23.13079835836768,3.878520021775596,0.2856238684872805,0.0582733256326122,0.1478313156820408,21.820195942331942,18.140701512027,0.2280969884544653,0.2019412879921942,0,3039024.6038709474,dki_0116,5.578713440536742,2.356386061221774,3.657387139178012
-11.795065656515428,2.6907945051086712,-4.9400216203899046,2.965525142700406,117.19345067447024,92.80042190028,185.671670650207,1029778.85107657,8787,0.4078770495077765,3480.3740922412285,0.1074363204383787,0.042069056082,0.0669236787099226,0.1066464948770453,0.0012308429293514,0.0011760720042959,3.61170296575704,5.039045694587069,0.3715033953326936,0.3021285599371349,dki,21.88425271199188,11.417713197016145,3.9506798674753134,0.1902537681468686,0.0509499871177257,0.1365986479388395,20.81245789072736,12.768394534537764,0.2595262003233977,0.1961431233078247,0,2524728.597304753,dki_0117,6.855044036125476,2.309192282931052,1.5843178060005212
-11.893488520959952,2.05415090272327,-4.518341477876841,2.673325142475703,106.52739158948602,75.87767299973821,109.19634926492664,695091.2301213962,6525,0.4970870814431604,4666.2841737337885,0.1053505831428018,0.0336215089572579,0.1184215661951093,0.1006661254546054,0.0014819535965489,0.0010719902751019,3.6525335504983496,3.0488580713881563,0.4576026572855364,0.2827887896847497,dki,19.751992707131294,12.760219308916843,3.918178559884298,0.1854769505266567,0.1034296687937788,0.1227569295672126,17.924784422204887,12.436176145238235,0.2285385461211145,0.1695845595373139,0,1398328.8966258855,dki_0118,7.375147043083145,2.185164377509204,1.0250541915616005
-11.846469011203917,2.5684215317378847,-5.4474409485546325,2.681944898486865,97.15298947507108,78.87238686942425,121.34544613467418,1517141.08364271,15616,0.448290293167474,4614.271733578541,0.1056583477263927,0.034826769916915,0.097405722201446,0.1060461817158447,0.0014842475720823,0.0012552686133706,3.5086590180231103,2.899801222284554,0.4097777402332317,0.2887759615355948,dki,18.28308274497041,13.924994986722922,3.86231340171659,0.2295278719507452,0.0915024323914651,0.1288993947124881,17.54806040229392,12.842995257642194,0.2476948091165397,0.1787985936372144,0,3384282.699772691,dki_0119,6.399028062649347,2.2608317649986107,1.2490140220112398
-10.924825656963028,3.554434428698542,-5.433091234538792,3.708333369340125,150.849399740447,59.19893417046272,438.39137873134376,2223972.7003734102,14743,0.330093962620947,2188.235174875804,0.1137116647012601,0.0507123689797196,0.0464069378358113,0.1104052067637253,0.0009710742108274,0.0012679557509339,4.133151361580224,7.121758658924306,0.3174010478442021,0.3220462602782653,dki,24.69988179364134,17.932211637485903,3.9508945996542217,0.2493757000171883,0.0225185766925123,0.1372850919984714,22.46592340037977,15.295603474582316,0.2511042444916354,0.2092983337232468,1,6737392.84025391,dki_0120,5.491734422424293,2.2933027654001994,2.906152622984542
-9.321241875358927,3.798038420848053,-4.34439775895792,3.3705722136968554,97.80516953235946,79.176732264067,169.49299372294354,1338268.1347112744,13683,0.4232512942031189,4327.494101046301,0.1255352498505417,0.0460037255338265,0.0784314978870915,0.0871887382196553,0.0016035458363929,0.0015476681394233,4.682909009961401,7.059004759341661,0.3904539907074871,0.3018376190427437,dki,20.755111179851387,9.907585734147332,3.94948895545377,0.155241423559109,0.0720319235650752,0.1143848721813247,18.07216618580624,10.828643754527508,0.1782024663390229,0.1715237746865472,0,3161876.060487691,dki_0121,4.976844116401059,2.3494152894622293,1.7329655940820767
-11.406418089317706,2.712353676240157,-4.4210150452320285,2.8950557964499044,133.8685120265732,87.89168880357654,174.77589821180217,903076.9821312628,6746,0.4500657909406215,3361.998905696976,0.1010708935827583,0.0363868659263986,0.1011316736849703,0.101827676355442,0.0013302416385764,0.0012041151439163,3.5778393424087698,4.5155101526892185,0.3965211581628955,0.296833884921804,dki,21.01814072138705,11.914221542841016,3.9236246269087314,0.1878107711076871,0.0827955587175137,0.1228975480882487,18.44906706591121,12.341967269731644,0.2382945619063171,0.181066452382568,0,2006544.3770873232,dki_0122,6.985403044085687,2.454860925603331,1.3055788517101674
-11.913688241027556,2.106795531065975,-1.3071336704922816,3.52844379246266,106.42272123049614,90.32503042883094,180.82241464514988,409195.3631312577,3845,0.539739039068383,5071.652301573709,0.1325826837885499,0.0439776929781069,0.1367815385040723,0.075704960960382,0.0018124554160939,0.0011977313457953,4.498786957145339,4.7015571697636105,0.4978274734358103,0.2591127697782545,dki,20.779490000672645,11.924472697880825,3.894813037720333,0.1844967980559107,0.1487048769069732,0.1041944664990134,15.383158376516183,10.181543832292762,0.1275997278688509,0.1264096311700052,0,758135.5683249254,dki_0123,10.60655457053534,3.531920168485965,1.699095950135637
-12.015715082616824,3.1713617432826178,-4.852295233461571,3.879845268842279,123.11264186100902,93.40829737089828,241.49752928936263,1375291.3222293318,11171,0.3088155956678481,2508.398739558306,0.0952509678063102,0.0406750894953943,0.0319680261990944,0.1147084158267061,0.0008333682642152,0.0010822793445977,3.22788982844686,5.77593061989896,0.2820694038772408,0.3065564139132736,dki,22.116611994762483,13.498702295505485,3.928695299790492,0.2143938414367453,0.0049611348635786,0.1378060782981433,21.75264963268521,14.35823467282073,0.3216347806008268,0.2257216608525377,0,4453438.691317098,dki_0124,7.163419849155268,2.386679530009588,1.9615981400350995
-12.067049135223236,2.482285356926811,-5.062288106561294,3.2739913982563,104.21633734951553,79.64419105877732,121.0500516605548,1692785.9675681808,16243,0.3999600403094315,3837.7863824561937,0.1064080533141178,0.0411066887139913,0.0566408539679871,0.1132651535561345,0.001186383199202,0.001176231061729,3.2998918331329645,3.436569886214988,0.3532443860562582,0.3016460910210009,dki,23.27569035356778,17.501826008730916,3.933196946763487,0.2094162238861806,0.0391515370278246,0.1449190860433565,22.176648030588627,16.11804240950858,0.2807171735808006,0.215216534271706,0,4232387.731180712,dki_0125,7.004761028661931,2.472184044229756,1.16152663525857
-9.432599746137814,4.02358483158942,-3.438714585530431,4.208481162057143,178.06911543921228,79.05204642691264,310.55966015109675,375013.55711498106,2106,0.4120754464984166,2314.1320463238185,0.1114633455179358,0.0458432236783892,0.0890226196467575,0.1005274709222298,0.0009613665263829,0.0011176818252404,6.319908281215644,10.339361484918332,0.381474446606505,0.3054649482896026,dki,30.086497870409524,14.655772506158833,4.030237740544878,0.1399682235701553,0.0786021928806185,0.127587171861881,25.491997877274542,14.87521458568911,0.2138081342866008,0.1725900355956481,0,910060.4277727138,dki_0126,5.993885160607342,2.1492416854979552,1.7440400003397163
-11.224738497066172,2.486469209306009,-4.962166766273032,2.638780161712544,97.12657609660104,78.78908317245356,147.13131496424174,1578209.73499367,16249,0.526981325509016,5425.717107384555,0.1211124871546705,0.0380317564531602,0.143834879790384,0.078160164998496,0.0014854488459244,0.0011208492658891,4.58104937075319,2.996702394824209,0.4931804823792423,0.2770561586737128,dki,16.051427982349182,10.28075094669314,3.818454238953641,0.2322642752743973,0.1487698410612543,0.1032796853456045,13.984564794661424,10.424434440663026,0.1628113773366344,0.1416721000959626,0,2994811.502038072,dki_0127,6.262571730793172,2.2830175822839003,1.5148409516454746
-11.986055989044532,2.6403460270882184,-5.256575917969467,2.7865972354464272,87.83297021861054,71.21884098337658,95.15021445007608,325948.15248126374,3711,0.5407653204055393,6156.746368244289,0.1196906481399597,0.0327939081993943,0.1399997193463528,0.0753104111292787,0.0015747709153456,0.0011421578463752,4.19906366513564,2.8318993802708787,0.496504907287679,0.2879582422416281,dki,21.07332727924722,21.114146975318253,3.8337360955659983,0.2166948281520505,0.1488058628909423,0.1000832513102673,17.08041491211032,16.73420943267246,0.1320266773836322,0.1234563324182886,0,602753.4314456843,dki_0128,6.7294800710750815,2.0761914546715348,1.0833086278791824
-11.36973221320147,3.259096175630303,-4.107321601449674,3.967111797416175,99.62521820922368,78.3474407373198,177.11693310673488,305052.41815664293,3062,0.516842161315692,5187.864785703836,0.1138896480668727,0.038511014259409,0.1242956118702332,0.1012935811558294,0.0014792195723685,0.0011910620592278,5.677521189730516,8.544193460970602,0.4462787373868838,0.2875217339374455,dki,20.150965933178263,17.172173041773622,3.8344325788532574,0.2473203259200683,0.1236016802184373,0.1313104194195065,17.65703284599999,16.00442646617939,0.1865431874921344,0.175644194082116,0,590223.5556404502,dki_0129,7.262410611751783,2.4161681626549925,1.777832322884054
-11.200793872816927,2.976253947947155,-3.0958308837767907,3.709347806976726,113.46331826660068,78.73025560967716,167.32836173105292,408808.3357145623,3603,0.6080496748245146,5358.997816332166,0.1187367135982088,0.0376556857350603,0.1361429339866925,0.0761199414445414,0.0017923078183542,0.0012383345486264,5.295886978484688,5.622706246846341,0.5056095853484277,0.2586115845387481,dki,18.605993682656155,16.740839627959442,3.7896343743940055,0.2587015653386784,0.1404395612901687,0.103093417844027,14.48665551610517,12.482346394410028,0.142520106970161,0.1242002011250976,0,672327.2006231167,dki_0130,8.104962989040091,2.826942698658655,1.4747353090616253
-11.085179162919523,2.5049905191252515,-2.264338875081494,3.489015668736223,114.64975621288607,75.84158750123615,136.5957965706393,407694.5330930229,3556,0.5605910846201004,4889.596830709113,0.1225998955729668,0.0402092620084565,0.141898004958794,0.0781286620977398,0.0018578792051026,0.0013394995261408,4.387498432935395,3.764774898638869,0.4606363833211068,0.267126595314754,dki,19.833991601119287,11.228956998827355,3.884347066665121,0.2126859311406397,0.1486236398780027,0.1025276495305849,15.454588624138108,10.226503633837408,0.1452387773605943,0.126231188279256,0,727258.3247899993,dki_0131,8.820840287838017,3.1387710614261013,1.1914181162060473
-12.031972388292363,2.355344186102727,-4.804442594685036,2.990354781572123,109.7478462810714,91.71131633956774,196.8114636649788,796220.624769173,7255,0.5299205638948099,4828.5281383804895,0.1105057330572658,0.0340756147068678,0.1355699529505231,0.0878474392461342,0.0012981948474135,0.0011063819826932,4.35005321742335,2.956954449551322,0.4609225914789392,0.2920292096567029,dki,19.54753883458425,13.719057907935222,3.8674099639057657,0.2297091442859487,0.1406027633674539,0.1132302362247555,17.135824129572182,13.7484476302944,0.1969830755443597,0.1491630841449657,0,1502528.263702603,dki_0132,7.227529793607336,2.6921793008993773,1.7933059311335529
-11.23396049677751,2.562122819380848,-4.198258031526297,2.9688194932438434,140.09447144882776,78.73039301120814,212.8185111131269,523533.0398042694,3737,0.4105564663453535,2930.5686519922183,0.0914585820621895,0.0466561881158379,0.0695897149968356,0.1141776099408278,0.0010797769913749,0.0011311140375425,4.589663016469354,6.974973321208386,0.3627953873727479,0.3060433686933257,dki,28.31789542751236,14.10573503341775,4.014772137336983,0.1807823101104483,0.05362827022413,0.140187486273491,26.26347392701044,14.409928110815404,0.2876294312251387,0.2093814883699652,1,1275179.1354417051,dki_0133,7.035702465251292,2.3716246842752726,1.5191071347227505
-10.693256223062622,2.658082308984722,-0.9378634733088412,4.325559875298043,118.34225650330784,83.94145427030675,127.11022897358968,215264.56457951697,1819,0.662634321703418,5599.304435139754,0.1388786361176153,0.0312921941357816,0.1502753199338754,0.0554722984061486,0.0019434981657729,0.0010116230635412,5.9592283355746645,2.631172948709008,0.5661009176713638,0.219146062124326,dki,14.745219081595437,12.346788222115148,3.672774082976809,0.3091119292669939,0.1898565032356477,0.0810025840537684,9.789411469536104,8.269514278485028,0.0757543850976734,0.0701234820962614,0,324861.7790067704,dki_0134,9.75539274975378,3.672534963946963,1.0740899550959362
-11.264469776034916,2.6687158728800746,-0.0296444866648285,4.1374810126642805,125.24735248786853,71.853946505698,174.6895754557899,342927.251111784,2738,0.6143575094331243,4905.1536597760105,0.1395893871605864,0.0390671147853904,0.1307786248518541,0.0651250251416924,0.0017999003316973,0.0012058269614158,5.163472973064462,5.058966004114113,0.5003591600712141,0.2536171496722082,dki,20.54482636402445,13.473894131740064,3.873238157707032,0.2237296073381993,0.1445018787088738,0.0911578833118004,14.554920148694412,9.84633541844596,0.0954416028302272,0.0981029640007697,0,558188.4258698286,dki_0135,11.234825289370136,3.736042785937986,1.3947566314642088
-9.673404376996077,4.917273778185315,-2.9233920511777214,4.965563128010445,136.43028292572615,78.86275971852817,275.74068003784686,298918.74989026604,2191,0.311974261162452,2286.693646543953,0.0951881976330907,0.0416887280484967,0.0540604270593598,0.1243842887277415,0.0007747035461257,0.0010657378998663,6.354409631044877,13.169086721302651,0.291324704828641,0.2985437582758897,dki,29.67634273559237,17.645702471168658,3.974516448136999,0.235599987581116,0.0401505856768211,0.1558301725016245,27.7189519064508,17.777396141832686,0.2866703594971029,0.2279160121080968,1,958151.9602817884,dki_0136,6.750012325818368,2.778383527989281,2.0211105197807333
-9.087447843719191,4.626443932581043,-2.677042812846579,4.821309429263177,215.94411510771243,110.61217017646308,374.59849482208784,628613.3190785509,2911,0.288087470297539,1334.0834509606414,0.0829531125989835,0.0429523232664062,0.0314484832849772,0.1125987363108488,0.000620893138517,0.0008332640772981,6.860527884019925,14.114544269233274,0.2911099580968121,0.2979146527499247,dki,34.48134346491326,16.34544415963507,4.053973414691873,0.1495485216255204,0.005927060838449,0.1392514997065984,29.920090704250555,15.090126727169263,0.3355467738664259,0.2296536641034845,0,2182022.4198897444,dki_0137,6.41040503087259,2.609949641414009,1.734701103733431
-10.88098726099658,2.630477583288307,-1.9721498432258704,3.2372332888790973,124.64344589079737,83.97468811035156,141.82222625167708,261252.6625871113,2096,0.5977551823052235,4795.720930476591,0.1165167910397779,0.0370199041520835,0.1464247358950685,0.0754667427233556,0.001945447240716,0.00131096713687,4.510164404254223,3.370712011293353,0.4810368535778634,0.2616826217195647,dki,23.88735771241048,14.802318806910248,3.94449048924572,0.1679979589469402,0.1510225730941839,0.0994796790604133,17.385755674461606,12.206950938303413,0.1298165783226334,0.1169568027025677,1,437056.2904692835,dki_0138,8.908837417770778,3.405738953894934,1.1378233748121052
-11.675664421018237,2.53101027263886,-4.774964053397876,2.840684503715221,92.11334304542014,78.6454611687276,118.54628706157082,1012417.7534122128,10991,0.6434219090828727,6985.110819022257,0.1368622839086434,0.0375250850021921,0.159485973493747,0.0548986546311225,0.0017600974982901,0.0010274251751649,4.461108815799863,2.1538269657040545,0.5725320347787689,0.2443875612272774,dki,15.204521141774531,15.20301555239995,3.77171604080444,0.1910213940670515,0.1832712524989887,0.0742788733997848,10.890386079944694,10.922148304238798,0.0995026663334744,0.0866527119995201,1,1573489.710437904,dki_0139,6.900700367620461,2.598871173582141,1.2869610758032837
-12.188660960394628,2.1202466787310343,-5.308683893613503,2.66151317794086,96.56701118346304,79.13204827690066,111.92270498441006,1464438.724597217,15165,0.4676646670275889,4842.902988258539,0.0964371528718978,0.0337961167868107,0.1012460573099719,0.1204510387228166,0.0014899998550876,0.0012394538221669,3.466761970445629,3.5984366713485425,0.4051982382718722,0.2872306887629813,dki,22.192397644684856,17.16515492863015,3.9163055726009257,0.2117322063219781,0.0855509674690718,0.1405958824172384,22.90222431771357,18.21568718263767,0.285339717447601,0.1972521161226537,0,3131386.2856156835,dki_0140,6.879977066781171,2.254436308757295,1.1590159373553923
-12.234443490949992,2.43459555618554,-5.98828801011641,2.7389746697406965,96.99788252709608,91.69773656938104,141.35959680093816,1745864.8876052022,17999,0.4145674429730274,4273.984464116721,0.0970058947983422,0.0368304638207028,0.0798951121666315,0.1335077087977968,0.0011732797010824,0.0011636670625379,3.5309657931015663,3.004528140170156,0.3748995509313607,0.3025164377919754,dki,17.97906625044124,12.92617109294146,3.844016296224921,0.2509859608239091,0.0609249049283132,0.1600754488471347,18.697088092333345,15.057668496703876,0.3066539345605002,0.2266494540874972,0,4211292.799755122,dki_0141,6.246155480833517,2.0321904279317,1.4573472442705104
-11.763478297841482,2.4611335472665337,-5.483776781677485,2.5448774765443885,85.4046841385097,68.00867097815689,84.55309402218471,681529.3794253074,7980,0.4820940542831909,5644.819826291127,0.1064649363009523,0.0355316133269485,0.1118567727053293,0.127991012542068,0.0015017823103913,0.0012079506422009,4.168834949829976,2.906718521232281,0.4310440714127199,0.2939402083073193,dki,17.339846996996684,12.208311743853312,3.816655061536384,0.2627353983761638,0.1110345979344925,0.1529375702453353,17.916932128438066,16.416944493825998,0.2383134220138942,0.2081960054292085,0,1413685.510887808,dki_0142,6.279701516163901,2.1721990418297112,0.9900287656945856
-11.774605554709536,2.3321360816064725,-4.860855536599502,2.567340223718176,92.21458153769412,71.95325871645394,96.52893981382718,585009.3052751316,6344,0.544192045007046,5901.366529376908,0.115748281655638,0.0344710101501066,0.139975232161587,0.0889532464600046,0.0014698328148731,0.0010784251709381,4.598506830403174,2.740724917952932,0.4940995562494277,0.2775038787856657,dki,17.286368086321747,18.10732132510668,3.8049908625391775,0.2142808414049229,0.1534865518504722,0.1176747466436942,15.959580059473122,19.140439521720435,0.1687209751185525,0.1482966329635573,0,1075005.2497874296,dki_0143,6.913750018110039,2.5339790532395017,1.0467860744384498
-11.85463490901005,2.4459183673901084,-4.705148923069588,2.6655115556047018,101.0323953667585,79.2733070963905,135.4625351108645,636908.2203920456,6304,0.4862789710581458,4813.099494403757,0.1039257128834114,0.0369627149277553,0.1197840880727184,0.1051671190853258,0.0013410242629905,0.001099593739049,4.134465429704739,2.930383080680917,0.4476838473812471,0.2932827347583757,dki,21.47287951300152,17.39682885657543,3.915734576135472,0.1860279018636112,0.1225348100552168,0.1353405313827037,20.980265981507586,19.665609538562627,0.2185665308450339,0.1816818282779765,0,1309758.9209052771,dki_0144,7.149485985940399,2.4253635506760527,1.3407831678059388
-10.457422600858624,3.08024634426847,-4.130967644616924,3.204320358723704,113.2916654240938,71.0868836562999,172.72431932100247,438438.745191243,3870,0.54188586185693,4783.104386615248,0.1086207902300068,0.0378400939765207,0.1214132146293681,0.1060716102014307,0.0014462545553125,0.00114305207752,4.641055459542064,5.254785173381811,0.4679621088064705,0.2876303947859068,dki,20.982527705598745,13.320857270372406,3.874790622353185,0.2404882334108262,0.1246009909889597,0.13185853688802,19.447994673324224,17.380389564966407,0.198386349905226,0.1802258174763371,0,809097.9596492972,dki_0145,6.326454956241689,2.152801886473035,1.5245986425782483
-10.58450814625973,3.227785017152602,-0.2553790043109298,5.113397247004207,191.27048922854388,111.55513898064108,394.5722777620503,294556.5534119576,1540,0.5334163175763484,2788.80615471728,0.1364635675081904,0.0444303273511877,0.1181903531210963,0.0737577959466611,0.001122004182233,0.0010353259126835,7.258079814681751,7.9284303536302625,0.482324141172707,0.297505700853323,dki,27.15804719352513,13.1527454718022,3.988322719826429,0.1453548388508734,0.1393895848240983,0.1047130247624646,19.62276981218832,10.364589352569958,0.1063028353680102,0.1303555113754799,0,552207.6166516923,dki_0146,10.32912914194875,4.240042443708565,2.0629020156402
-10.57404284544878,3.306258554788147,-2.9900325239621,3.518828150177365,161.10364872386728,61.45112339123008,500.867934067334,650858.7408444238,4040,0.4953133432517705,3074.5010878104995,0.1281177033736652,0.0497639907911139,0.1056573768352017,0.086584543376391,0.0011414651534855,0.0011737997014259,5.744097136273527,7.580602881636098,0.4116482266348281,0.3071151488160911,dki,26.861784140683,16.71967628447539,3.970299301936551,0.197876284484881,0.1149342564164867,0.1196775796340073,21.73072995875555,12.863205011903956,0.1557235152789598,0.1644891247293855,1,1314034.337479151,dki_0147,7.584010321486712,3.4327106563250047,3.1089794553680465
-10.905819659907332,2.6133723871757466,-4.692728153267931,2.8086710455992616,120.3348193690729,73.85549758474332,623.4818579377188,510941.64304108353,4246,0.4835915826938845,4018.716986732535,0.121861952755782,0.0517773802997859,0.1072172156470467,0.0928808451068842,0.0013461353518652,0.0014486248172734,4.135159578887573,3.868205978409016,0.4110358138311668,0.3106468392213281,dki,20.82375801472337,12.64596931619029,3.856241534457856,0.2532299536544211,0.1015871760231793,0.1228021182492223,19.29736206180712,15.73515815738702,0.2105035215418102,0.1846540555775874,1,1056556.1133112437,dki_0148,6.213091506639421,2.069163288379719,5.181225693499973
-10.031037617003422,2.5050753276924307,-3.7854606420376657,2.856974338222953,84.60182824819545,67.86673710758525,81.58757883740293,361503.6121045391,4273,0.6391146938207553,7554.383954278052,0.1179992701875609,0.0327307445340028,0.1594112503868403,0.0700952575046488,0.002308704582317,0.0012705337632032,4.837257579051191,3.0530491523637338,0.5194071337952506,0.229421235604343,dki,16.572926255780576,11.110944593581689,3.7833050603287486,0.2482418850486961,0.1679904450863042,0.0902676917404317,12.920651991793417,10.302065057693216,0.141857768982953,0.1070800064664702,0,565631.8272756308,dki_0149,6.245576974965788,2.2933635081042776,0.9643713442935341
-11.151563018390718,2.726724578136661,0.6779552561163656,4.719331671926384,149.0562825072176,79.86329520285666,212.25691734044915,386055.77169369353,2590,0.6264401278353013,4202.708650036056,0.1400117814875982,0.0410080345792289,0.1311745803331775,0.0620156716908188,0.0015988058789118,0.0011706254553518,5.315004907716266,5.218725731373717,0.4795159119413171,0.2695577443257384,dki,22.599605164338094,11.25650591451864,3.940173348809633,0.1446487344576684,0.1483026314901604,0.0885453004915011,15.71721309271085,8.01690449736497,0.0934255612187671,0.1028893025926998,0,616269.2243674279,dki_0150,11.829518274507056,4.745612189881883,1.4240051728793872
-15.964938012881516,2.9944818262300954,-9.693636582694037,4.019170107174164,104.2630599705692,55.035771891462886,318.54872242439166,808664.2931317346,7756,0.1065163519116303,1021.6116037808328,0.0773777217801022,0.0338453173550905,-0.0365413806622115,0.1281346928682168,0.0002875944667604,0.0007262594377575,0.8376661652239638,2.457616232778878,0.0936158177048708,0.2102538695825378,dki,42.97041596990874,38.83179872775953,3.9296552230138215,0.2956615512636205,-0.0917137234956308,0.1742415352979583,33.3228156832761,27.90344937163185,0.3078034638209133,0.2267270677745972,1,7591926.296937306,dki_0151,6.27130143018741,1.9482263956236807,3.0552404899137797
-10.77347313779207,3.471376677078635,-3.7550687213389375,4.073688027451872,211.1035507915271,160.126636711699,428.3432345318578,488704.7200823852,2315,0.384227907918035,1820.09211345514,0.0895816995115948,0.049939215590096,0.0554903628563713,0.1064176429541615,0.0007941427852592,0.000944860116815,5.393637485678818,9.423888855947297,0.3421214349341154,0.3161538390547497,dki,33.42733460905452,13.75855980536585,4.07660780643338,0.1187110495137843,0.0331416710408228,0.1345217225880694,29.95757653442384,13.08662545571736,0.2926293794553996,0.2117143409635951,1,1271913.6481534224,dki_0152,7.018404416453167,2.4170683666817387,2.0290669338615874
-11.04794749416818,2.874482132949485,-4.11543044568719,3.3634038182950285,141.07432214798615,78.77837981062791,212.7981460603272,874519.7229953662,6199,0.3531170004944207,2503.05651034072,0.0861536250089705,0.0375030892085935,0.0378891642871841,0.1187276939987005,0.0010620422362223,0.00120027299601,3.715062821665433,6.543752732444005,0.318022824539205,0.2952757692194628,dki,33.88632697859055,22.62767929001969,4.0465734810507445,0.1563998048574663,0.0069258949326772,0.144456014546409,29.34283984779666,16.417670818066703,0.3172740262291811,0.2147135963483215,1,2476572.1326667867,dki_0153,6.932517048481,2.4561287816605075,1.5084116146743074
-11.489295564025166,2.760140369491258,-4.838724379633176,3.2943830037281323,109.03038729660749,79.15626711856211,153.06265619818782,455965.0796744125,4182,0.4356576082460766,3995.744847359927,0.1039693308687732,0.0375062481136601,0.0845550305555813,0.1276927504042648,0.0013338609327614,0.0013016193028851,4.412012611868334,8.554358643071938,0.3560559880277915,0.3029427442166624,dki,17.254294163545424,13.767103657562483,3.75849162656907,0.3131856748141663,0.0761964254748837,0.1601022455817437,15.897978051177398,14.486011103407238,0.2709250944438219,0.2250175949954363,0,1046613.3749163528,dki_0154,6.650571184391926,2.4150556275639623,1.4038531825241936
-11.698527771948802,3.0426346289592723,-4.047496923414935,3.908630013890863,122.71053582444507,92.70619200395964,224.0615281121144,970026.7856922384,7905,0.3963096036678629,3229.629803221137,0.0982445249058321,0.0415873991820788,0.0764596399024506,0.1156006667480376,0.0011468666793527,0.0011677874465585,4.586517513190578,8.999512700518894,0.3527976821183916,0.2952923539067741,dki,23.71368515083101,15.653002310054406,3.9092441275231287,0.275643363962067,0.059829184081717,0.1409132898260019,21.077251277501333,14.231827652144505,0.2838610643570239,0.2104835809464978,1,2447648.951008498,dki_0155,7.651030848533847,2.694729095319332,1.825935536885491
-12.321141952694049,2.312223891553676,-5.377460776782821,2.79171988979551,105.11881391922516,79.3119907079769,136.88344596803535,1165977.8839920454,11092,0.375374799208708,3570.9573311695804,0.0966256587101156,0.039724832371322,0.0582783130900526,0.1292386642496539,0.0011185487714377,0.0011578169508299,2.900192617822938,2.8443759637297505,0.3398902881978071,0.3057560458403561,dki,18.637207155476816,9.266200834383396,3.90474880184138,0.2238430778657608,0.0333741117836998,0.1493770748982608,20.40027890327797,13.45227920125821,0.3374421196930548,0.2293938360074808,0,3106169.850639768,dki_0156,6.943681175911187,2.273656137178323,1.3021783719251112
-11.581280295059315,2.7487393286771376,-4.872005148738639,3.1719608532601824,111.07921906869947,94.2695155278058,162.0742798398854,1702066.8737896823,15323,0.4066318847799297,3660.737698636852,0.103686976017792,0.0401137351987846,0.0775495753419918,0.1095850541273669,0.0012265117753656,0.0011843354149451,3.3010089978476835,3.979189171735495,0.3622759612186633,0.2992378705882695,dki,21.119809074329243,9.607908664710436,3.9508539721931184,0.1745461538274234,0.05929308322105,0.132547432900322,20.788920297775373,12.168606056308754,0.2689783380462442,0.2056871210041728,0,4185768.350927143,dki_0157,6.709275146320697,2.3123039735986284,1.459087318030629
-12.412045567484888,2.64959169684003,-6.25228363091982,2.7213713747443102,91.63708273525567,71.66249323388978,105.59350893654856,826658.1233547416,9021,0.3357553313388951,3663.967919067325,0.0909692760960804,0.035005432577804,0.0371786037647356,0.1349121399678817,0.0010915105265575,0.0012547302794716,2.7473718113261856,2.789574016020136,0.2986957060605623,0.2965077008134327,dki,16.919646956073198,12.677379233629962,3.834671806546218,0.2624176037732402,0.0223659307773792,0.1584301714431237,19.17004077083492,15.391977086003283,0.3635341749149781,0.2379524934621359,0,2462084.8760860125,dki_0158,6.159761936565078,2.125060874968231,1.152301074900144
-11.676041496469333,2.993274192961628,-3.556319783726971,4.185373927910868,90.25812173301712,46.79082078275526,126.77463516600872,787141.0796336425,8721,0.5321124679507174,5895.452483763203,0.1374728892179264,0.0399524289056851,0.1220540871026266,0.0753077678681222,0.0018091106155096,0.0013533588453793,5.111850409477402,5.065307780918734,0.464490790111279,0.2754368623561453,dki,16.77973602882608,13.075008149795329,3.766685659926805,0.2976257578591227,0.1477403491845202,0.110138145533735,14.462375942654488,12.48699456025355,0.1135927119614731,0.1267173014404378,1,1479275.767893762,dki_0159,8.11972171274239,4.333380325078673,1.4045786986461692
-12.695427906232684,3.679894751627229,-6.068884070574862,4.453395667792454,109.03537451519333,90.80587905163148,282.4176765648037,804244.9224240659,7376,0.2773656770539387,2543.813677782982,0.1009901816224786,0.0478775253641889,0.0164352462086497,0.1298303521127855,0.0008150538839363,0.0012434171603328,3.681568019062868,8.195836806989071,0.2439578589543641,0.3001440579698138,dki,28.4644218607514,24.12877269980624,3.8901157983223857,0.2454708800631334,0.0018743845760002,0.1712553740582938,22.355783849279284,17.210110577415808,0.3099949426861672,0.2565231481599468,1,2899583.434282196,dki_0160,6.6265438356577295,3.107143106557573,2.5901472601944495
-11.479701426650037,2.671445974648093,-3.2817338129844367,3.360829397356409,107.2508407362715,71.96670785835245,148.96952180480963,361649.8349627075,3372,0.5608604409316466,5229.426987064796,0.1165708574812339,0.034266461207263,0.1355671891196792,0.0741592471427447,0.0017152298227161,0.0013567323826123,4.2826798238144885,3.9736633200358895,0.4595479617567354,0.278986201905413,dki,18.302766787400177,9.209005436895096,3.896861294226292,0.176070329340815,0.1354647689338472,0.0963074859001034,14.68579386826313,8.931785555895171,0.163359397841172,0.1229351200958315,0,644812.5212075398,dki_0161,8.197967613665604,2.9861854557002414,1.3889823220232265
-11.212272412105722,2.36429706310052,-4.454991060331632,2.7437714224602185,109.33189584195377,78.84783542059928,135.74594666981002,1366102.0385452122,12495,0.5959338439262537,5450.686090614528,0.1186715429057626,0.035396095252968,0.1453250333709757,0.0836050347671757,0.0017915636520335,0.0011862896013301,4.5242851504704165,4.091684434049761,0.5019818302000172,0.259255626380129,dki,17.351234791792933,10.526599232805117,3.832248871879662,0.2415446850611716,0.1508505637332561,0.1081018885750176,15.168789831069896,12.356283374501576,0.1673995430324689,0.1452706160177506,0,2292371.96790969,dki_0162,6.757281351774089,2.370354708355085,1.2415951047445428
-11.573392107593028,3.5180431073898,-4.691007737639849,3.8259304888866814,114.5960424510751,78.7725893465814,191.67558230356573,570573.695363903,4979,0.4078842303936318,3559.322134250589,0.1022117149451299,0.0431746668587491,0.0771889013887579,0.1095811723537215,0.0011164683236261,0.0011474840165679,4.141535921521855,6.964467586116196,0.368077229552701,0.3018664829641835,dki,24.89979192377019,15.497692636279725,3.943027068986461,0.2302233965622486,0.069135021531958,0.1375605365747739,23.24094183259245,16.24468150252104,0.2738992035643038,0.2118195366973545,0,1398861.865322095,dki_0163,6.88238436995315,2.2558188579771867,1.6726195617566677
-12.8231636176409,3.827218291442817,-6.39060912639235,4.94599986296807,115.48964659419896,35.3071035670987,405.51095460302986,1107545.7108383682,9590,0.3692506828739078,3197.2622114894857,0.1364942055914144,0.0818921317402031,0.0659930133265236,0.1096323249592435,0.0009710807857699,0.00122970311513,3.6790555563533047,4.306730771094411,0.3558139632491406,0.3344342611271026,dki,22.33138776656244,20.90052960424776,3.804030145698158,0.3390673477523572,0.0635221382971325,0.1493708463288152,18.16369217704767,15.68836167115651,0.1599823285277708,0.1952872812970066,1,2999441.1986411256,dki_0164,6.432554491248515,2.671096894788435,3.5112321022843846
-11.317341996532452,3.821563692491527,-3.2659108130031087,4.690675995595357,167.75434714098645,92.38717881135368,342.1013134945045,686954.0515423394,4095,0.3736202771348914,2227.1868568680866,0.1149408457096922,0.0705591832016371,0.068296532070659,0.1177266532023401,0.0008723970892518,0.0010564210553633,5.366289209636393,9.215422018811644,0.3470687740242504,0.3136511733501191,dki,32.926224959159086,18.44189352837367,4.038344535667163,0.1386359881307838,0.0571997740450073,0.1501366827425734,26.94712796311829,16.275305035747486,0.2305045472974225,0.2157940013306951,0,1838642.3156961645,dki_0165,8.051431183529338,3.3653687342409566,2.039299245145587
-10.167007851591876,3.07287528600459,-4.4253131978060045,2.9166816069759323,101.22910173903956,78.71193182945251,137.475907145097,420910.6050309265,4158,0.5522481186545939,5455.428420951959,0.1206660067773331,0.0422931624907536,0.126305803419212,0.0960436514325085,0.0020235476984922,0.0013991939213206,4.9536502588505735,6.676296254538533,0.4661794990565175,0.2616027615715041,dki,21.76045901690786,20.45489042421704,3.843570710164231,0.261321103277597,0.1349602977659214,0.1267012026334585,18.220275619421912,17.901381346219544,0.1677995848179467,0.1576997100531118,1,762176.6210021025,dki_0166,5.741694653785858,2.374600575901783,1.3580670457740383
-11.168680014844064,2.501773495379332,-4.758960336693527,2.5066299658045,116.54450569336736,87.75424368101507,134.0411753237314,884805.8872240451,7592,0.4487870907157505,3850.7786192557614,0.090972975003054,0.0357760670290745,0.103482208747555,0.1042349717325524,0.0012602721947918,0.0011465554064714,3.6020827243946,3.0317770593143827,0.3983676929819045,0.2966691211095475,dki,21.81015507147821,10.732332089327734,3.963227049209759,0.1622132210120878,0.0835842743158623,0.1234142477455345,21.0878340040945,12.83495128384284,0.2885773909067612,0.1869683425118502,0,1971549.3282413883,dki_0167,6.409719678150603,2.015076939715274,1.1501286527946535
-10.3403499873509,2.93694340029149,-3.580391167717795,3.553496601528172,119.34218663293396,87.59467721944992,162.05472615566154,444907.67176757776,3728,0.5451450703688011,4567.915887493565,0.1175495490556107,0.0381850947163319,0.1321481784269438,0.0845849790759081,0.0018535125886522,0.0014081140355567,4.844136617834708,5.607242512126677,0.4584232892757869,0.2688580342110845,dki,20.84715372946694,9.764665149703823,3.924641851435288,0.1740151497767001,0.1316766437737391,0.1074214341752825,17.56643924864174,10.740612693016,0.1662431062777254,0.1417457847828356,0,816127.1117550218,dki_0168,6.759958819633098,2.6943108100390822,1.3578997563879103
-11.90987891601861,3.268943396775521,-5.9474666666893725,3.183394626149305,97.51269284740005,91.91075778184238,156.67655384233535,2682184.1294605853,27506,0.3572905744079879,3664.041715749974,0.121829755782039,0.0435292764098405,0.044016068060594,0.1170212411704076,0.0013138855076639,0.0014090545509157,2.861857737187205,3.1718840764001417,0.3282888063383827,0.3017569120794098,dki,18.425132268497272,12.052752419472643,3.8677168848557297,0.2582076881276725,0.0271511038178345,0.1500760981024254,17.23644445707963,11.583586971399283,0.2571200533974206,0.2010793843222446,0,7507010.600279133,dki_0169,5.962412249329157,2.096105412152012,1.6067298447754104
-10.633821665186897,2.9184111622435487,-4.4249704415107125,2.9767022708313484,105.57752762108773,71.31284147693265,161.42786685940268,428011.2969758896,4054,0.4329087026908164,4100.386819480214,0.1041463924075782,0.0392681244398319,0.0840902410330533,0.108463000812773,0.0015046256541583,0.0013698439013931,4.181755974020384,5.444347809504951,0.3825652681499776,0.2818290380082546,dki,23.87465528746665,13.62160052340774,3.949011395207028,0.2134740683468218,0.0710642530194802,0.1348269961421333,21.51597564966928,13.873881531330555,0.2490479295086947,0.1935750808415153,1,988687.2089092084,dki_0170,6.208851223676164,2.136145838717714,1.528998362594348
-11.132520256067645,3.4605956343804265,-4.540456646764981,3.6494140618996207,123.7658592753344,58.164932878579705,445.34082086694457,2148822.848738356,17362,0.387935292181423,3134.4289487653205,0.1222601523239107,0.0455448437733726,0.0673910443423038,0.0990235706710719,0.0010658719801029,0.0012943117477772,4.204070878459587,5.305698177570816,0.3703306511213027,0.3243497832303535,dki,21.81639937245501,12.34945075526626,3.925329907830347,0.2103495044506495,0.0552659390264594,0.1279499349648078,20.54622148499877,13.854289080548073,0.1985789657752685,0.1979720550375387,1,5539126.993718918,dki_0171,6.592063609302709,2.7421050628267145,3.59825256718189
-12.01771483676957,3.2178390228433367,-3.623640171797741,4.884018137598522,145.39669300420556,78.77239475080786,266.4489525132468,1572901.4249194958,10818,0.4217282619999004,2900.535447444475,0.1372089043034557,0.0536636147932242,0.0822406496109868,0.1038002503899426,0.0010000300855596,0.0010794506457016,4.1251065732626255,4.0898819984743255,0.3992597115110851,0.3277709287474716,dki,28.6227545671698,22.770231518688,3.923670550430512,0.1903463388471158,0.0953610540814652,0.1448701863544753,21.551696840914857,16.23630168082005,0.1311280549916058,0.1779550162164616,1,3729656.194869547,dki_0172,8.394074664971892,3.572184332956843,1.8325654250302643
-11.444036482800133,2.3537866880225,-4.51050729436078,2.56257484134986,114.99283072533012,71.97225994200218,137.60593401983405,1390838.287622868,12095,0.4547854367229006,3954.90252613394,0.0930990210867295,0.0334447051668878,0.083703107284781,0.1098221295106192,0.0012768276987698,0.0010819322736358,4.009724153796952,4.734695495003577,0.4196017630115363,0.2878558432223624,dki,21.804556196165898,9.14623710418022,3.977101452518353,0.1577861241544224,0.0614491569088197,0.1324200920933365,21.07659571072785,12.464262171566292,0.2955131368066701,0.1881467046706663,1,3058229.607449592,dki_0173,6.933529188439351,2.1804543826254266,1.1966479401530448
-11.851488908281048,2.3135689944078845,-4.967509226723482,2.858158655442755,96.23095305130444,75.94836869031421,101.88680347305552,1404009.6050185317,14590,0.4758697714014574,4945.080104815682,0.0986231623593901,0.035615751254451,0.1083632783101327,0.1293033062812368,0.0014919656042283,0.0012200250365215,3.775652044018383,3.191943787327523,0.4259107402826666,0.2910474843163827,dki,24.298124291382987,18.611959702111232,3.9346354411473055,0.2111711048443889,0.0912027337536535,0.1520257088933072,24.042158624720656,20.076189734238223,0.2710441695696016,0.2040473470634822,1,2950407.210955345,dki_0174,6.883979681557563,2.2849133900519565,1.0587737130560864
-11.856461521149653,2.6862416142538668,-5.662819418682637,2.9885411906287995,114.98335229029271,91.09015238235648,310.6354785531023,1376350.726914804,11970,0.4540485233827432,3948.819671185352,0.1116367362106691,0.0462766043488253,0.0949830748241389,0.1171204995184234,0.0012407483856788,0.0012877348711892,3.8036127462437386,3.8082513615860414,0.4098040405739894,0.315906804041845,dki,17.61804029322358,12.240415144095325,3.846977999487654,0.2528840174425067,0.0945741997790201,0.1442292028394386,18.992024900609625,15.295689181649784,0.2652437715514778,0.2151293622449986,0,3031285.547766444,dki_0175,6.193642102466952,2.3371311869086937,2.701569160802135
-11.484381930936308,2.405740025131315,-1.6901425791621487,3.757497558107645,136.32716911083716,78.70826967880609,220.31085986362825,358949.4362688343,2633,0.4442146178513588,3258.44525892122,0.1347737531188805,0.0410702328072301,0.1244975715096449,0.0750802990906239,0.0015004767399245,0.0011193550042921,4.714130816856197,3.207005211342839,0.487997514986559,0.2802201868266558,dki,20.587515524979057,12.604909286693283,3.8833707649162768,0.2078050903978448,0.1446618807237309,0.1025474850284201,15.940015209411175,11.52484509371595,0.1139161930237306,0.1299069568380069,0,808054.08431864,dki_0176,9.79423935177414,3.388565148449453,1.616045145663594
-11.245972415055975,2.230996365170581,-4.326059104359551,2.544312791755916,114.39746278535873,76.02554279707054,121.07343564111284,1010129.5963947176,8830,0.5210117670902297,4554.399672900017,0.1038064396682145,0.0360969619856584,0.1012013416170012,0.1041155933573436,0.0015525240474621,0.0011592331253243,4.0489650496755765,4.041774273360304,0.4574388134758303,0.2762022345623415,dki,21.378276833482563,10.759485801103445,3.928003810961033,0.2155595922108829,0.0902013672597571,0.1335748159909256,19.5721751612889,12.757395737853116,0.2425034113234389,0.1782404331397214,1,1938784.6114035684,dki_0177,6.91991331069643,2.325608493750776,1.0583577003650866
-11.766698330908108,2.262797791186512,-4.325278357909296,2.875976753830679,108.20460277206642,71.7011982400783,135.99868970729796,513214.4309479111,4743,0.5343144410616936,4938.001040373761,0.1031222729795074,0.0311823835164255,0.1154708958114772,0.1050297588663651,0.0014720546898182,0.0011009013594196,4.220254575443683,4.218762142219333,0.459011251497567,0.2814766281916064,dki,21.617307134816,15.996661420529732,3.918221445932038,0.1953737875058153,0.1058319727585178,0.1297513656396903,19.69804037201921,15.5195660918134,0.2361894666405011,0.1735764242281436,0,960510.1257007832,dki_0178,7.441419972998807,2.49800586309632,1.2568660317877598
-11.886617412018092,2.6360043742253745,-5.25223308238324,2.9370269390470125,95.32249546667566,56.72732893469279,245.77937955895337,2168300.804380472,22747,0.4864171250419014,5102.85764824475,0.1170163184046395,0.0373763345311693,0.1122018155509363,0.1051165092258647,0.0013186028105789,0.0011496830794144,4.424825170760031,4.696323062327665,0.4523770398367031,0.3015696098736564,dki,16.370058929666044,10.855229841126135,3.81139873244927,0.2720648381406448,0.1107669746607711,0.1349119388008244,16.786527997353787,14.081017820040763,0.2103791649880655,0.1809946696321734,0,4457698.326706091,dki_0179,6.634384329634757,2.376819551578449,2.578398502427759
-12.46563964639057,3.499607215326291,-3.663831103741456,4.417876654096117,171.50339677581414,89.34969276146545,510.3915685702806,2073819.0738131448,12092,0.4698906288619048,2739.8327828814763,0.1481143654916512,0.0616486070607194,0.0953718622979397,0.093642210794503,0.0008056523332133,0.0010397595412026,5.181552746524935,6.62770626439563,0.4321114150868946,0.3452861305392902,dki,24.13689483458555,19.75068438795904,3.857565777543981,0.2646450927713815,0.1098791449966447,0.1330765816746507,19.90708965022945,16.417138915402447,0.1219091901411642,0.1551190890406734,1,4413408.028238449,dki_0180,8.801808542649203,3.304427572748617,2.975985188430142
-12.543264998251614,2.2711402580265583,-5.794522327516761,2.6781264175156587,115.90418765905544,87.61810237180163,125.63420026154276,712694.8499155319,6149,0.3649020267401152,3148.3075297806627,0.0874268039863775,0.032775820854049,0.0637650796211868,0.1179316428338418,0.0011409514651088,0.0012234664731003,2.621333830747551,2.6069911955359566,0.324318333303551,0.2996167041777988,dki,20.66967820185381,11.10232734586176,3.93354587901965,0.1879314167075864,0.0421727626711083,0.1402805748220867,22.021820702533244,13.360300750051444,0.3376732450115352,0.2081072917470388,1,1953112.8842513007,dki_0181,6.748742670734797,2.306471307789528,1.083948758013034
-11.99158372936328,3.218488329241321,-4.853429557673004,4.018579908063984,100.87905103278484,78.82047689337479,152.94199700692124,400086.3163960247,3966,0.4502973485557859,4463.734977140528,0.1047531656597252,0.0374000053833008,0.1067182475935285,0.1044855084659084,0.001362829538277,0.0012757766513843,4.201390589788466,4.849005018504156,0.3903777575277358,0.3021996092806678,dki,23.939921402015496,22.851394174811404,3.852121945446318,0.2779635344100424,0.0954140577551317,0.1436286852448576,20.698619682462244,18.03526324280892,0.2141543217053441,0.1948404484565542,1,888493.6091211721,dki_0182,7.138154171690243,2.416989161426047,1.5160927411699816
-10.319552316400507,3.019737079275472,-4.2510599368563975,3.081670356334132,125.02347552604404,87.95403991082702,166.11715695552354,370194.5110326164,2961,0.4331876405122062,3464.850410609225,0.0966814319893511,0.039689647573548,0.0818048455580829,0.1043367919033883,0.0013462587225551,0.0012660886056003,3.89341980599334,4.040042179797478,0.3890012658682726,0.3003713170301827,dki,26.747143215740586,11.568057670509916,4.01736916221479,0.1469453322366523,0.0630013466053311,0.1295360446575344,24.77548082431466,14.097009257370162,0.2626652348000589,0.1928277868277679,1,854582.3481826353,dki_0183,6.068492379544125,2.562114250445322,1.3286877224983171
-10.362332459410252,3.4687382577551458,-1.6139405632365562,4.537027715365489,162.9444343757602,103.4005003640818,222.7047647833312,537390.7445712571,3298,0.4899820572136393,3007.049974371691,0.1145189818279378,0.0470166939645222,0.0925719476904108,0.0931501199673524,0.0011734322071349,0.0010719407271787,5.061649105787824,6.733987927695106,0.4317867789725891,0.2965303337074695,dki,27.58640198096872,13.785956659910276,4.0094550599354815,0.1499451074958802,0.0896676913155488,0.1206819867259154,23.65531826412825,13.674720014455742,0.1974342092164829,0.1814643945157487,0,1096755.966182139,dki_0184,8.748391896173715,4.192031512894002,1.3667528175264942
-11.286036395271788,3.034355747857948,-0.0060783226098322,4.442882132086381,171.7311179805033,110.7621413225903,238.6133473724212,587492.1546113018,3421,0.5232978165973401,3047.192743814492,0.123670034566271,0.0431408991815105,0.1136483062669489,0.0777509469354594,0.0012478033915328,0.0010716279140915,5.354038484135513,7.156424279487958,0.4409586762857665,0.2951773205928595,dki,25.71904642717337,13.181042006993632,3.9754332115114015,0.1502485904140499,0.1189768638126839,0.1053667984172853,19.68374592519616,11.388089630872985,0.1370271683066781,0.1410806925491911,0,1122672.665503126,dki_0185,11.279958072661948,4.055201678359476,1.3894589995012496
-12.071771443528943,2.242504291327218,-5.26054879540178,2.4311379604855468,108.29060806891312,87.98611183723764,117.32278028880712,953282.2228306422,8803,0.4495204889721245,4151.057021362944,0.0971258059582947,0.0338744469100419,0.0944649147574272,0.1272101914917981,0.0012742541664908,0.0011455428329206,3.243757563317019,3.563646470899508,0.3978047887616446,0.3037742429679598,dki,19.32747263481944,12.690952211301717,3.914100202122191,0.2023756050410303,0.0763734811335894,0.1462044853370026,21.15889451444496,15.475520689756452,0.286944615242835,0.2133729863186847,0,2120664.677622196,dki_0186,6.81122264812706,2.381714518398535,1.0834067919735586
-12.060383888906031,2.165526084322847,-5.225455014075727,2.457471954342198,106.56608304736832,87.83037559399641,106.7948458437427,1392285.875013867,13065,0.5214035454301236,4892.771982605021,0.1051954448076006,0.0355240620258727,0.1222857958432739,0.1084684952377417,0.0014972048219865,0.0011561331608711,3.5994656812752432,2.4658022372554944,0.445833693822269,0.28828208878253,dki,17.061298292786038,8.093813693351446,3.872720253761207,0.2045963989492115,0.1103662755012456,0.1278915140833119,17.846140096220022,13.31290883431688,0.2438890574937204,0.1921185433726181,0,2670265.4541125586,dki_0187,6.834928874830213,2.225745186673528,1.002146675469649
-13.297710737234077,2.5605377570729884,-5.841935943023123,3.469109638329627,108.57818420421988,79.07014314499285,192.5841256154752,837572.112951352,7714,0.3538671609607802,3259.1000075595966,0.0984913284850899,0.0389795092424377,0.077725192444528,0.1106383570510131,0.0009754765430502,0.0011153767007647,3.086989344874319,3.738598599263663,0.3256627371091896,0.3040527370561828,dki,21.014705423377823,13.397189258435496,3.906797699547976,0.2170342677716126,0.0646682290767294,0.1389463160714447,19.87796036941341,13.884501324862672,0.2913256300862809,0.2040529316935654,0,2366911.1049391264,dki_0188,7.455774794211097,2.782077549660166,1.7736907927402088
-12.357917133819615,2.776253905657036,-2.044688082472852,3.83256023848035,182.10712117059504,78.22717570086955,407.6156911896889,467104.7658025763,2565,0.4614575894458487,2533.9898103905703,0.1311957814430213,0.0448959079631262,0.1065654130045136,0.080607646261293,0.0009545527158155,0.0010308955842554,5.0002639023521,5.770459900721183,0.4010563166065145,0.3147929060222791,dki,24.07799025255222,13.647876402150567,3.933077004622698,0.2027028767247169,0.1141343751688477,0.1133346584566267,18.79739806986864,11.383384239356731,0.1243112758859693,0.1376579654470183,0,1012237.6930965836,dki_0189,10.313229051346685,3.219086372439412,2.238329223862921
-11.297801513010777,2.3253016472293506,-3.464600832615617,2.8604639096899303,96.0106608621183,79.24014771841105,117.0329226500058,478613.1443976597,4985,0.6622677706972229,6897.856599990611,0.1241496028787763,0.0335210186223795,0.1668070619484254,0.0621441232146151,0.0020628503522061,0.0012185232997162,4.20289859961544,2.212275214084695,0.5244214308767543,0.2426298598230591,dki,11.79227634720137,6.539182739081455,3.689832948732784,0.2216438354062993,0.1736218522276199,0.0811087126418641,8.955801115692744,5.996441229211276,0.1240504953807912,0.0885851899446694,0,722688.2623229346,dki_0190,7.833200680395079,2.857978253839093,1.2189575782430844
-11.648192772072544,2.6498834966920506,-4.534746142704502,2.9997906651114743,98.9664856255685,34.75566022152127,225.79835064247,894953.9295120159,9043,0.4886087591904671,4937.113368247489,0.1219582594739796,0.0478549110160989,0.1295730401534702,0.092917082945193,0.0013816949632341,0.0012130180886568,3.901591027451578,3.926850121940399,0.4579173405750306,0.3044746972712436,dki,16.721614893351653,10.996361800705811,3.803512143838467,0.2361213793026381,0.132146583952641,0.1126311699208895,14.384447995837142,11.748716950706935,0.1779440205614046,0.1600178781094545,0,1831637.0975313385,dki_0191,7.11344662936799,2.3011046849299714,2.2815637962204636
-11.541610536488228,4.13278905428006,-4.772309707878581,4.35301919882216,147.08148426459448,54.86637708801743,280.1744353368253,2579956.315485252,17541,0.3804186231871114,2586.448084129689,0.1257666573958161,0.045694867795193,0.0510821996604275,0.0905578148438137,0.0010111700872092,0.0011177891368288,4.459365703004065,7.5527113912769535,0.3453382708296078,0.3103271984618312,dki,29.764917092368044,28.18286430916428,3.936214990560136,0.2200485561856039,0.0419855265903125,0.1269892097120632,21.93536394785526,17.909168416456275,0.1610994848409357,0.1679543612263709,0,6781887.52661639,dki_0192,6.7693008286096,2.35373669566222,1.9048926296718711
-11.670964726058603,2.5896647529306738,-5.080332424190794,2.87978293311676,109.71843996211092,79.49415112268296,148.32208428164532,1838551.8984450928,16757,0.4665009290530713,4251.800601741768,0.1095696140858425,0.0390890127538802,0.1114549507530785,0.1034939563690602,0.0011115925051538,0.0010305170002203,4.076675905200663,3.526205976841318,0.4327730223861145,0.3036120705029123,dki,21.274846178388387,19.25782897486389,3.898689946053468,0.2028648312239822,0.1054107164956516,0.1290497972217496,20.266002358001973,19.34060935001939,0.2215483969790587,0.1809245406417895,0,3941153.776857603,dki_0193,6.590632301867845,2.2586192931538047,1.3518428108608307
-11.929413102686569,2.466816744279419,-5.107669727670214,2.769645036628734,105.6439204603112,71.84472284166831,121.71239316733372,2475553.9881464723,23433,0.4301774711331299,4071.956713256783,0.0986385687556096,0.0317972664458901,0.0913628446804765,0.1069855510152326,0.0010979494439892,0.0010376493942622,3.650464009457942,3.0400460674906533,0.3982655087998296,0.3034576590532757,dki,18.601092949667333,9.99480801423136,3.9021933641906448,0.2053850932264856,0.0751947780027939,0.1307833747998407,18.81055128222821,13.34456572496293,0.2627741457338345,0.1900636416680173,0,5754727.186492633,dki_0194,6.821743375016408,2.284233758730758,1.1521003067380409
-12.358880343411274,2.5753249634517834,-5.790657458037433,2.988352405966963,97.87522400182444,71.70630186365005,106.33593131981456,909750.2070969582,9295,0.4084397519902366,4173.065820851895,0.1008959332579115,0.0340059229199498,0.0846725705992855,0.1162150912619773,0.001189112905309,0.0011620813877989,3.450965251791367,3.3059854040476417,0.3691213195833134,0.3047546991683139,dki,20.24491898613727,18.84701733478468,3.8411019512493767,0.2983133672868804,0.0750905767237412,0.1464607047939402,20.99146756275644,19.903232059115,0.2750172814919502,0.2058313285857646,0,2227379.197700387,dki_0195,6.5682228853738645,2.3010088255670853,1.0864438105176895
-12.540835104233285,2.2024859161730794,-5.597418849803265,2.685119446163184,117.5089020765049,79.31962513842903,154.45890247803416,1422210.2418319387,12103,0.386974073073627,3293.1468700276446,0.0899207811146008,0.0344410116497483,0.0599432686044545,0.1211631699071391,0.0011009986061355,0.0011018436110514,3.1571231981309973,4.314982259209313,0.3580057927547102,0.3038872222125442,dki,21.252982823163368,9.498079803893726,3.957737288304901,0.1795268531228055,0.035386346300456,0.1424997670552006,22.95587775344081,14.289183528454188,0.3499839450434818,0.2098129510071152,0,3675208.084447932,dki_0196,6.943416254430102,1.883598630866156,1.3144442654861395
-11.833692670509246,3.121378588602969,-5.274809719139882,3.443625335515968,137.27885449298046,94.23966134537896,212.74164417612107,2470195.70774669,17994,0.3509903124920526,2556.768948782276,0.0850487704148113,0.0376380803183098,0.0355625982725741,0.1250841967292816,0.0009782109440341,0.0010949710759199,3.4447629915986697,5.811929316261263,0.3284015054449137,0.3099750118719521,dki,25.2435554027172,13.767157150938312,3.9797688291066176,0.1990245266033058,0.0084469711961101,0.1469762263888792,24.02913950817282,14.287369224801916,0.3505492108321587,0.2303614563211617,0,7037788.850091474,dki_0197,6.558882951369297,1.9611038920278208,1.5497043952023892
-13.004658129152247,2.389808293655074,-7.059621932933713,2.619904878400771,91.17017802862335,91.46545409737284,142.11895618699404,944887.7250886525,10364,0.2187871080920098,2399.7661606333645,0.0752739843906479,0.0316961434892405,-0.0196267405793016,0.135131186738828,0.0006879218578793,0.0010852489116595,1.8308625626596309,2.5630862472188403,0.1970080835407242,0.2714114266045951,dki,16.21255805624738,12.383664819783942,3.823194909679204,0.2666341402242816,-0.0449979924534548,0.1541617056445806,17.27040218676924,13.937496996908958,0.4820738466721645,0.228145983345524,0,4318754.122803638,dki_0198,5.945036196218488,1.5683485277403095,1.5588316186283528
-10.95834411440642,2.7210997741131475,-4.093044544073231,3.307640243764095,168.59878830893845,111.08258603169368,259.8071269712348,432793.089589045,2567,0.3913694339060151,2321.306326287912,0.0885941961847571,0.0432141918203709,0.0411770187579484,0.1281356942590432,0.0009189765198791,0.0010186795287025,4.320858260248309,7.29790269276138,0.3475556811834976,0.3132702127378198,dki,26.181685262166223,10.29199456452855,4.018682037663254,0.1428474155677065,0.0155847534831739,0.1520246309256923,24.76001082200216,12.462329921480814,0.3218207919325561,0.2328362770514087,0,1105842.8484555015,dki_0199,6.865299570333178,2.638277228792785,1.540978613056028
-11.432483883924858,2.780422842422551,-4.674541283651371,2.9955026333098664,113.58492583647342,79.34916901525199,173.05370759251733,798161.2738528987,7027,0.4578935100803655,4031.287661705993,0.1101696318938026,0.0366972162247122,0.0903893161434282,0.0914725914595432,0.0012541294718759,0.0011422169096291,3.726923947923258,4.5465465505453,0.4132791920264725,0.3059482273771202,dki,20.939585996338685,10.896835341112473,3.933142684977629,0.2163513817818826,0.0820020378436884,0.1193074944156761,19.7078394926646,12.23491128462999,0.2142936261946067,0.1675065915741379,0,1743115.4979960565,dki_0200,6.757942600273475,2.47460531906488,1.5235622712969876
-12.247675898652286,2.599010443335622,-5.720381985997177,2.9864130755172287,95.21378235578712,78.90251576333624,128.02947987421365,2711402.88014575,28477,0.4050615571511105,4254.232392927207,0.1072582717571275,0.0393979983380351,0.0806620266845709,0.1212696730772964,0.0013192259436013,0.0012557179116896,3.4854877833668163,4.213462306786327,0.3720881679760052,0.3027840840631796,dki,20.34836632824184,16.49076885232589,3.893506213803549,0.2162163725796017,0.0688950420912095,0.1478002056731296,21.283716139551725,18.05639803655829,0.2607434798638233,0.2077291217241209,0,6693804.515085706,dki_0201,6.527293912654913,2.2641843482957347,1.344652808726824
-12.415438834053177,2.5919294810487266,-5.9991712408160165,2.9682311209072108,118.05826977404315,79.16843249834297,187.94103133056063,1425199.432712249,12072,0.3002013701249826,2542.823731870297,0.0779643260447727,0.0428694080861537,0.0088689175487111,0.1498167396243954,0.0008634331237563,0.0011111749650712,2.740966885807471,4.879198775003593,0.2726631879140873,0.2970331389217341,dki,24.329815340322305,17.29436101057344,3.94815887102972,0.1875651273182428,-0.0201110767322205,0.1696823471973606,23.442592885944563,16.651971636993157,0.4247306281848856,0.2592162259908812,1,4747478.108174179,dki_0202,6.416267593237161,1.7562540198684968,1.591934488708577
-12.3031050111199,2.5361441247384566,-5.168143227642393,2.8952367995446893,94.77866804753056,71.77818534666658,106.00840564361188,984845.13968189,10391,0.4293666634916333,4530.203603160051,0.1034610490480582,0.0346057688747776,0.1075451012022269,0.1029843561346754,0.0013777779580173,0.0012045179250471,3.4396208584532224,2.8556152667100534,0.3922875525740668,0.2934054418765654,dki,19.093627330146816,12.756737787242752,3.8858505065899513,0.2059959977072278,0.0947233817443641,0.1283567247006947,18.865345913312467,14.20714599288522,0.2451408008545216,0.1796257751839241,0,2293715.8923170124,dki_0203,7.134961783477442,2.765372991934952,1.1184838089352525
-11.004320128100014,2.3738219488828176,-3.497464109225738,2.864101876747102,143.96442617457814,132.22936086943656,116.81818993548193,304340.7969330582,2114,0.4739482503525954,3292.120581079267,0.0919834902708555,0.0358464317549857,0.0843067377389636,0.0988935365703392,0.0012651826412737,0.0011030628484313,4.1340763121203,3.5571741561099057,0.4126191091717693,0.2989163669611765,dki,28.070183201232474,11.923964055781456,4.044310983527749,0.1422630959603717,0.0584762333276825,0.1230469304993655,23.80954814232787,12.15779104460094,0.2524693391867503,0.1811311013607178,0,642139.2983445826,dki_0204,7.506856018874255,2.3901169192849494,0.8114378880920389
-12.237174189480973,2.6916663296182084,-5.111940418023339,3.4716480255814965,115.8948956462294,59.032172004987686,274.6956002313412,1636435.926524759,14120,0.4359079343714692,3761.234970193024,0.1235319434316562,0.0550563347406597,0.0831692818513734,0.1201908801043181,0.0011769416467201,0.0012031404427163,3.703985083105248,5.114788997074723,0.3916877226967699,0.3154143939757064,dki,21.96903296843897,20.05044581307393,3.843813754992732,0.3110559874678522,0.0839189527456631,0.1532347723040016,20.637994047385632,18.42073707948956,0.2268951679337973,0.224662714417449,0,3754086.121153811,dki_0205,7.125233771457671,2.8147554814231355,2.3702131029985383
-12.064299198347296,2.845742896127564,-4.202051948949223,3.464431330164748,123.75982479046075,79.25062885023144,182.2067813685289,421030.92393714754,3402,0.4926668357361448,3980.8301003195897,0.116151503163733,0.0388746314179289,0.1248869072910203,0.082720964583698,0.0013257819600547,0.0012172658655579,3.485488699257399,3.277215002331857,0.3934608765063086,0.3052028185219312,dki,17.962907380226564,10.02537652367776,3.81849946452265,0.2664060160279758,0.121608058293825,0.1084422746074534,14.460762813383962,9.166632073652362,0.1725012209083906,0.1545860621193106,0,854595.6281145684,dki_0206,7.862247249398102,2.7304697559976305,1.4722611451416112
-11.437222865870613,3.763202077280088,-4.613747307849627,4.176171838529127,264.2367956033975,72.2739833504153,1305.8989129822355,1706441.2260067412,6458,0.3914098267918127,1481.2843377774448,0.1198297033145936,0.0502971740721373,0.0750947300248207,0.1112865762541449,0.0004455475745755,0.0008482298401391,4.738385958479156,5.896124599850618,0.3942644397858308,0.3739978795774493,dki,19.16060742235052,14.299634959101112,3.789753178208223,0.3263421877986531,0.0668208251711486,0.1457737504344145,19.44538218376156,15.215693164375526,0.2026404484454082,0.2220361875114987,0,4359730.158012567,dki_0207,6.823475558021027,2.521444420206229,4.942153911608533
-12.467222485990908,3.3559242376639986,-5.787204895819272,3.69641183540296,97.42597217137184,35.208760195839226,225.71853684624872,1025895.4869645454,10530,0.4332104814963384,4446.560520169336,0.1335700973233786,0.0623852995846538,0.10060176660672,0.1075855044110931,0.0012440111125181,0.0012963415559537,3.2376389373426404,3.015979182344262,0.3881296945018359,0.3147900387564982,dki,22.807381151370222,28.564238950194376,3.816611166274192,0.2715971600009476,0.1041044065781591,0.1454921441251273,20.11832571636576,22.5534051192477,0.1828312102930532,0.1842861282084169,0,2368122.496531092,dki_0208,6.680017590171696,2.675879116717473,2.316820985365287
-12.121254409002944,2.8439150047786708,-5.390095941765716,3.28230379999046,95.39841908458094,55.89802056300788,159.918733941866,613411.8347138554,6430,0.4876268735510108,5111.477509063094,0.123672451661164,0.0462890789831475,0.1161390729776927,0.1002275830567257,0.0013485088532254,0.0011207945929287,4.010570864379068,4.111835643594433,0.4625698598684034,0.3077129786992835,dki,28.9637709616331,35.48665459130345,3.881913251334078,0.2240512521767157,0.1231290515805132,0.1313852562771773,23.450142776741533,27.806936295450747,0.1605690740605024,0.1682878589579201,0,1257953.2999214125,dki_0209,6.731158467237225,2.2623564551618385,1.6763247806033441
-11.31871010737536,2.881771500785851,-4.998506200338591,3.015436711678912,117.9774668042498,71.67225059576793,205.2785175278013,563578.3589239013,4777,0.3805163028521393,3225.3303377288003,0.0901587210145114,0.0354600695696382,0.0507143664496433,0.1238088478779718,0.0010156913143315,0.0011293417193267,5.211463077350676,9.890053933564548,0.3423830618826056,0.3033727190811769,dki,26.70641080874909,19.86899899632157,3.954663031311944,0.210277409472632,0.0297211379997978,0.1503413128335418,24.426338793429384,17.661380194512724,0.3116723299530078,0.2108667952386688,0,1481088.6017225287,dki_0210,6.320203907036797,1.8641873131262745,1.7399807191012406
-11.908502328708051,3.11233031222979,-5.1766483119579485,3.70282934990224,116.16117677698315,92.19988195013757,206.7027017968129,1003284.0838228036,8637,0.3869382481479171,3331.046214268271,0.1028377434026961,0.0457683011196757,0.0881752396569966,0.1275112428140149,0.0010752947448393,0.0011648455661554,3.5036435525153498,4.933911719193082,0.3621060340262698,0.3217183167521275,dki,21.98202386520504,13.44606875049206,3.8914727526299218,0.2341833953130505,0.0769453355437166,0.1513643636810714,18.9942250860756,13.528955981510304,0.2808476652457671,0.2440508513605127,0,2592879.066944223,dki_0211,6.731854016750244,2.322072998182493,1.7794473810613993
-11.33043105921096,3.0403265816206018,-3.517703766743895,3.96774076972496,133.0744642092631,78.98162560506132,199.94328319970555,607218.7801868676,4563,0.4730947579852572,3555.113002306012,0.1076378528201197,0.0465483982372563,0.0993130032969088,0.1160103525758436,0.0013273960707776,0.0012311359102486,4.635055976105645,9.005362385306702,0.3968309737119394,0.2979021685349878,dki,24.820036814724368,16.036577328736648,3.931197671643751,0.2057219662040532,0.0874698603509432,0.1390597170110959,22.381782535003985,16.199798161441628,0.2334408503866692,0.20209098517788,0,1283503.505244482,dki_0212,7.812727292466985,3.112006661097296,1.5024917394015538
-12.011662199878538,2.8170227789655056,-0.73496194268841,3.8732530631743054,183.0045123607756,111.4780448631004,282.01733793318067,307264.5762537422,1679,0.5464198566125549,2985.82723214683,0.1311650647455221,0.040677038116679,0.1204724754888004,0.0676010040003768,0.0011827458722799,0.0010161457694591,5.103485185389059,4.202661989685139,0.4623225499557644,0.2972487665085399,dki,23.728162674692463,12.934909918443758,3.953452217101435,0.1552610144824663,0.1398561214292088,0.0957302793001945,17.079903000723032,10.179536578828923,0.100147448647925,0.1151346947276438,0,562323.2255112054,dki_0213,11.2767002571901,3.617087878032495,1.541040350836874
-14.175171400394554,2.8078830213242285,-7.253569607125978,3.857599139679037,115.85568102793466,59.48414137632776,422.8617282723889,1862380.0725240496,16075,0.1835329600157048,1584.151578820309,0.0924428555171548,0.0462925084490761,-0.0366907904550178,0.1495509417233529,0.0004451945047829,0.000888935274216,1.4089481710743617,3.003601237599181,0.165097389828713,0.2795450150672829,dki,20.298890863459363,28.12953842326604,3.6875923385039697,0.3989733340736983,-0.0801077840374937,0.1883308584480723,19.68126650878573,22.72791022810048,0.387871721285524,0.2572033781234997,0,10147387.544802235,dki_0214,6.921601793268616,2.288307796516891,3.6499006740155466
-11.22211211006338,3.0072003121646684,-4.167203486441731,3.5086501731438187,195.42517063147423,110.1158157541782,328.32339087905706,467457.00815048633,2392,0.3302867869653632,1690.0933789547826,0.0799827322025188,0.0468506406923649,0.013527370656897,0.1123652445254067,0.0006507198630412,0.0008425830614878,4.455782485000869,8.590278120539484,0.3027521769054817,0.3078366995423537,dki,31.09223164882496,13.496586653383702,4.058749098614387,0.1160900959384107,-0.0241804612862271,0.132532275203751,29.45184779221893,13.685935393031352,0.3750185993217821,0.2270515552731267,0,1415306.4142996068,dki_0215,7.054908623621609,2.140808262125557,1.6800465867224317
-12.65625626414137,2.613109625000933,-5.677520665734238,3.23791574779228,110.9625030692826,58.88299236373793,380.5253000099642,2132699.3089916115,19220,0.3892468421447794,3507.9133164627883,0.1191542421442151,0.0548227282973466,0.0595430279878253,0.1269447184980465,0.0010931841923909,0.0012436340912848,3.224184617031513,3.909517565973352,0.3661956431305924,0.3276076042859937,dki,18.50383812163338,14.780240300284886,3.834569409739985,0.2655320803866751,0.0463665416462899,0.1588536106907797,21.068338983685987,18.025647061448225,0.283266042219171,0.2356555874819401,0,5479040.747614746,dki_0216,6.978735598407126,2.3733223672886385,3.429314313253842
-11.867893192344065,2.849557628782285,-4.441187902518891,3.749105639146819,93.24878583433548,47.2222726776269,147.55031758046374,1377657.5619164724,14774,0.414207568807637,4441.962059897623,0.1174011982940192,0.036277292974721,0.1030715283503944,0.0972277503017175,0.0012742198367587,0.0012678594866326,2.9545337608699307,2.888105712745943,0.3674529475372111,0.3081617650401481,dki,15.62958714014992,9.99723207145808,3.805632524343536,0.2496036604548346,0.0944340219095543,0.1311461657426675,15.392005690062588,13.071218071698004,0.181837667714622,0.1690455183256284,1,3326007.696774544,dki_0217,7.426705289825209,3.060643520249812,1.5823296385070325
-12.49516638612526,4.004873960317111,-4.907752206060234,4.906393079395402,115.7783327081772,68.74570675396232,704.660094377358,1359353.4043267083,11741,0.2911858925486523,2515.029243706552,0.1128984903748655,0.0455891408832351,0.0648964099975485,0.1091570112006717,0.0007217136568803,0.0011118520552138,2.471783585553467,3.589471473504384,0.2665877242149755,0.3199387101917704,dki,20.231250163659,24.880484001565364,3.712779294932077,0.4139329001432522,0.0444657538882588,0.1443468552503207,18.509080724184443,20.8640861693899,0.2188350690101064,0.2103240478341734,1,4668335.379948337,dki_0218,7.587414180065056,2.82349987829419,6.0862864224645135
-8.418496458624574,5.3013764583576375,-1.9591352359721228,5.763546044079953,261.4489382789201,90.54756180726176,605.2784369788089,334916.0899352966,1281,0.2344343650627509,896.6736166763495,0.0860002908060561,0.0480364652578421,0.0074075013337723,0.1147644824400852,0.0004595348463155,0.0007162966995504,6.822569493940732,13.70926371126208,0.2490493943944376,0.2875392928128317,dki,39.591197573229486,20.98043477600598,4.067561224326687,0.1613347739002364,-0.0190331649483104,0.1465476369254638,32.98231550336022,15.704562326820158,0.322149761855781,0.238598933829968,0,1428613.462218518,dki_0219,6.459361222652439,2.4017776788932483,2.3150923502052367
-11.079840151384197,3.4351961631236576,-3.763841077571738,3.874955208924295,196.5793820706752,78.72829828591182,429.7345436657988,289364.8504080338,1472,0.3485440782328278,1773.0449376807871,0.1098703905192724,0.0540238336352983,0.065575648882217,0.1087555577440265,0.0006502992105688,0.0008705226926119,5.774740835520597,10.95198065358299,0.3140237594289372,0.3056100931604988,dki,32.470194622993155,17.67945011431475,4.033840693178925,0.1526231889882336,0.0510173422312825,0.1357931686605561,28.42810677100546,17.058034542967462,0.2376509914822966,0.2093840073813712,1,830210.2043309936,dki_0220,7.315999073812457,3.0265456476763,2.1860611175962417
-9.785963102810529,2.459147652626756,-4.652103507560871,2.5557889658384454,80.89218740053981,72.01320936846885,91.07376449154852,502502.2681321533,6212,0.6082023385836103,7518.678356070164,0.1322199607936084,0.0356403958409626,0.1767783013696797,0.0572844690396063,0.0024810219267481,0.0013200134875744,4.446779470206276,2.0674325054834664,0.5352968716043103,0.2207045064615764,dki,15.705779213606371,11.204465986589607,3.795065477793957,0.1905808799074285,0.1905978432771205,0.0745069802827792,10.692768278409208,7.722899963964422,0.1058186400774277,0.0808490450342811,0,826209.0364571555,dki_0221,5.133859595249683,2.268785213379265,1.125866012753424
-9.831141486476348,4.667055846538092,-3.090270253706775,5.094186375451656,195.9212432102034,119.52077341079712,323.43742776532207,185341.49607685243,946,0.2756843522366838,1407.1182262808672,0.0861627915325493,0.0433626701806927,0.0080298318140078,0.1392565121848395,0.0005559172186029,0.0008327328447842,6.1568158206891885,12.12780450835013,0.2428147523196056,0.2750027429219408,dki,40.82568731580327,30.797333260959324,4.018200128869879,0.2217631399573532,-0.0145835141949649,0.16959876130823,32.79137277422797,20.887425258753225,0.3087763144866967,0.2632875040334638,0,672296.0319406552,dki_0222,6.74087123276958,2.7155713644730533,1.65085430485099
-12.232934674906918,2.3904569901492168,-5.950566236390803,2.821022048857786,91.91698647388118,71.88975740483895,103.88930307902956,882862.6550816287,9605,0.3336455451673908,3629.857308933844,0.0873433302647273,0.0367371445425585,0.0396206183014152,0.1323796483615626,0.0009634376321281,0.0011056749933508,2.8822596763087627,2.888634656265942,0.3051755595238072,0.2938942147719414,dki,21.15110205186256,12.672866812147952,3.935870411869695,0.1971297497828315,0.0132651343744508,0.1555895641152914,22.606641231726208,14.48733900163534,0.3695978408605729,0.2358391925286111,0,2646109.5251210206,dki_0223,6.282368438516151,2.0832145349379,1.1302514047123422
-11.51904604633161,2.613588455037037,-3.676445428741235,3.3761752645361014,145.38507851418387,78.66737077387678,235.54618185181292,486894.6279440018,3349,0.4957607658291806,3409.98382293279,0.1103000623705341,0.0417289294445444,0.1074136872440191,0.1023564920155469,0.0011856594739782,0.0010895296442884,4.941671855615832,8.161817044147,0.4283054046418874,0.3003628400947302,dki,22.3886344689473,12.642648029768576,3.916220517697096,0.2093941412928714,0.0992707999761942,0.1244491474216025,19.55006367605786,13.15332069257112,0.2118195268229454,0.1769794218697296,0,982116.0961167432,dki_0224,7.842600617590397,2.667469618670824,1.620153761713812
-12.439250692130956,2.7937335196849187,-6.517964359486432,3.236443354228582,98.7153839137006,71.82132110732064,114.0732524415741,1961079.816829576,19866,0.3633824067377972,3681.112227203361,0.0877578918859716,0.0354510402896685,0.0342446259954639,0.1555348408298393,0.0012294568405648,0.0013224590856322,2.63307636779662,2.960322291053583,0.3188069331575038,0.3000886496226895,dki,24.24108978685588,22.452566448617475,3.869907535150428,0.3024748867625729,0.0138343788465639,0.1886041967044974,23.819518150451405,21.19496036086943,0.3533474469472094,0.242750651753069,0,5396738.478438819,dki_0225,5.921286332644449,1.7471092442745886,1.1555772557324977
-12.378941121336716,3.210811379068536,-5.077764185999654,4.02495546758333,167.53103264044117,58.64112260535145,753.7041417951806,2342083.836313368,13980,0.3679144128759496,2196.097087669577,0.1256557831454763,0.0594069027752661,0.0718959026598099,0.1176955787510477,0.0006513521461221,0.0009753110207022,3.526566517456041,4.323078588861094,0.346055518088129,0.3530078507209109,dki,19.45427918341468,16.416150877042334,3.799012689756948,0.3233418398475401,0.0600964096339847,0.1519987633411027,19.75147355897928,16.471294577123885,0.2124857953625713,0.2234057651677413,1,6365838.777572032,dki_0226,7.301176935337048,2.6112520390884155,4.498892712091122
-11.714208029261613,2.174899812420344,-4.834796494058715,2.276208288445337,111.1941946895653,79.26372252520393,135.8580003365231,1011867.1716750442,9100,0.5905472012432995,5310.9535339682425,0.1133000862110818,0.0361061418798039,0.150106426773877,0.0942556215764132,0.0015815752105644,0.0010469211734543,4.255499211193964,2.49042963044121,0.510560595417823,0.268586324277933,dki,17.48650965408274,10.123905692211048,3.858082989199542,0.1943654231526921,0.1504253743819425,0.1177776923858729,15.191645144894744,12.176485740182809,0.1854394403586971,0.1640185300875198,0,1713439.9579656378,dki_0227,6.879411535202926,2.021244555561688,1.2218083931073456
-11.361057646157416,2.207695591721946,-4.242989856529925,2.609451367071097,100.04488885559311,78.68031708260759,122.08439385306237,852782.6326050758,8524,0.5509066821164003,5506.59497369816,0.1196189111200625,0.0334698941051482,0.1613934750674885,0.0715647093589226,0.0017318001128312,0.0010261532518421,4.334141349416705,2.386631080894708,0.5432814939879501,0.2434592671320602,dki,15.435276091712034,8.317080743017891,3.8346576473368574,0.1812871081735352,0.1617592804012599,0.0900770922289599,12.74860721381904,9.21052083974171,0.1537729838289127,0.1212659003768545,0,1547962.0420085825,dki_0228,7.1180677896275535,2.141216521590432,1.2202961615488577
-10.393371591386012,3.193769382440089,-4.415681372585075,3.349031713396735,96.44822937279396,57.70036147874944,281.3062405162454,522267.1620536793,5415,0.461286971142829,4782.741727272688,0.1229050600263733,0.0420900719970091,0.1203799646912284,0.0855186219575614,0.0017218296919176,0.0014458542915795,4.578074434282367,5.4881385556459135,0.4275596046685885,0.287510232928332,dki,19.99364497841653,11.478136430834263,3.885184832037608,0.1920855296022722,0.1211453974977321,0.1133376961544139,15.495623692191865,10.133818508249991,0.1565724794221235,0.1388367493769174,0,1132195.7799063197,dki_0229,5.977690218800915,2.919760734612741,2.916655311824688
-11.676194868561844,3.3767189031860654,-5.261487173379893,3.5655723043465346,149.12172486669283,53.97559727308105,717.4920329459547,1035650.3791991818,6945,0.4117231797522103,2760.987241263938,0.1395704122589584,0.0687700346468534,0.1037622932980975,0.0977340038553601,0.0007768920014374,0.0010847543799661,4.665358566271307,5.230078786412264,0.4284386126561165,0.3607728647138066,dki,23.72634841524203,25.319350303231044,3.85293823954497,0.2824888859869964,0.1165352114019099,0.1331372195962468,20.261777526736623,19.73782315944893,0.1550085570078201,0.1908812822627299,0,2515404.5973862177,dki_0230,6.414707695181962,2.550973344297269,4.81145207773955
-12.564188537200964,2.463733738047575,-2.437455462064625,3.984104615547428,112.55904448598088,78.81919703788385,191.76580692793416,2346068.1642213,20843,0.4370353598275298,3882.7209472443774,0.1268655521858155,0.0503823670147883,0.0774553662572334,0.0921940499117936,0.0013219360664995,0.0012461195629845,4.011024464817943,4.2790983938853735,0.4060464345925748,0.3093888551277767,dki,24.78848064878826,17.504913530059074,3.951396683716226,0.1985346643524121,0.0699877346861031,0.1273590723567226,21.530063824114546,15.288392116858992,0.1852910463536661,0.179111201299783,1,5368142.671904497,dki_0231,10.126733075136318,3.45883709659028,1.7036907856109103
-11.961375483374074,3.6056427907372326,-4.508642899151275,4.467508013819124,114.34380716514546,35.645168168385226,321.5383348926583,2096379.360565777,18334,0.3976354031147751,3477.54209845816,0.1280586431255507,0.058295353733535,0.0787924299027464,0.1156501421153706,0.0011191145537224,0.001278948494695,4.07057760491236,5.146523968871629,0.3973494164654153,0.3286488871658572,dki,26.26020838869658,22.441774348991448,3.904144132431437,0.2491802564814913,0.0732536597216924,0.1603097328516043,22.620796878873016,19.60053147932528,0.1754214519387646,0.1944433790321008,1,5272114.465020785,dki_0232,7.452732584222746,3.546465486406943,2.812031039234719
-11.547029651969392,2.677713183314024,-5.501897300402854,2.8488585019977943,100.05817759964664,90.76737444737304,244.33267116847964,948951.7563550489,9484,0.4478367584529122,4475.763692646883,0.1075082517291671,0.0469017995404451,0.0949526881857585,0.1234838373124282,0.001256774768415,0.0012342502837039,3.772794481667448,3.537209076454959,0.4000009881636523,0.3083563157558886,dki,19.23954455089779,11.055165892296404,3.877245610995149,0.2373528514899894,0.0892706394428735,0.1502222941718949,21.61480687160969,17.118477053665792,0.2678182975215583,0.2208102732330265,0,2118967.9910002886,dki_0233,6.045132351566542,2.235766546983222,2.441906069348024
-10.977151907312797,2.614920919079125,-0.8441900241666414,3.406947690145691,155.1393067328806,111.49372775738055,215.4773523223362,434545.19815879856,2801,0.63315700847059,4081.2159200940737,0.1400165099841031,0.0516621166535038,0.124935727966837,0.0725736644544886,0.0016223209478629,0.0010965375601928,4.955459180936412,3.561741134870016,0.5015798317154238,0.2659701784726038,dki,23.313579076421217,13.149342996233033,3.93717207533536,0.1544547841929064,0.1339584497501653,0.0975232460641404,16.743586554017202,10.490402505632767,0.119520508748252,0.1331068669839312,0,686315.0724785558,dki_0234,10.132961883146116,2.855611377207115,1.3889281630821377
-10.374382667817407,2.8729598427287586,-2.13376896124195,3.869042560881822,140.84691396786295,78.39218812010604,255.7362479623187,188030.63014709705,1335,0.6704481620917043,4760.119644827154,0.1389855634347682,0.0368945232271767,0.1375780801518568,0.0612795755372823,0.001817746631965,0.0011095269096696,5.522422218515471,3.4046611062304857,0.5223256927272415,0.2477567458130291,dki,20.01954417825535,13.244594345474802,3.84216001740265,0.2345515290497039,0.1703117980161022,0.0872350500274846,14.415799632628907,12.062837419256,0.0828550485306145,0.0992544996711678,0,280455.13550289674,dki_0235,8.240613706575457,3.858285821264372,1.815703594476128
-10.68942897858978,2.638342007658389,-0.9816664578614182,3.733272562616023,122.55029359142476,88.09785893124618,162.10174340885143,397553.15241058194,3244,0.6399757886404834,5222.14814738938,0.1425248713518044,0.0380773189173522,0.1423282034174723,0.0595058680262204,0.0019009476391745,0.0011481655994579,5.318188523735521,2.778844265189328,0.5337449922881441,0.2423658496676345,dki,20.76627782231268,14.858336551485456,3.827287551280242,0.2497576210103341,0.1733294359647394,0.0862896712034486,13.56320738885758,9.24452594387845,0.0774172883149262,0.0834204627159625,0,621200.3008037446,dki_0236,9.707762520728403,3.809577141395845,1.322736475436679
-11.044254297773694,2.3394353259228144,-3.6729223363361503,2.841167683964212,121.56264123504408,84.07065221505572,130.40374858479137,398603.9006097096,3279,0.6535489223733708,5376.231675566503,0.1226554829975479,0.0363099078183218,0.1542911235308777,0.0635244404653544,0.0020089185903169,0.0012339781391146,4.457549051945441,2.499801400693477,0.5058109291029795,0.2532490982697823,dki,17.588248739200417,9.108021727453494,3.857082403993268,0.2073873751950374,0.1674828423029155,0.084479126385364,13.26439514851299,7.839922781731613,0.1370904183690562,0.1186145942646233,1,609906.7521405661,dki_0237,7.371331961437543,2.9821075625561138,1.0727288191497322
-10.928334887748386,2.830092787075632,-1.5271357233133849,3.749277063436639,132.07049344497324,77.71511629544771,205.30245266592308,227557.46020568887,1723,0.6015589741522498,4554.832487264746,0.1299157760366433,0.0406830326497471,0.127750580887481,0.0769121805892015,0.0016683129853652,0.0012523206213117,5.556966218241222,4.260052567318155,0.4947626875695443,0.2773708610032492,dki,21.34793677229505,12.952471160683762,3.880056969154564,0.233821314332712,0.1446069356154323,0.1057946173656212,17.302859990842347,12.013426409136583,0.1291175053720409,0.1437075661386936,0,378279.5535988395,dki_0238,9.401199164435011,3.332613247900996,1.5544914485494954
-11.656619978024027,2.71085693789799,-4.972366185414827,3.0024415780644307,101.48382032798482,71.73950394639024,104.73448856653866,1469891.653630532,14484,0.4024941180018047,3966.091507995924,0.0887092562975005,0.032832690978778,0.080667511221447,0.1303678305893225,0.0013588727626219,0.0012622635073197,3.384465412376585,4.79794754838843,0.3628404868335507,0.2935153148102641,dki,23.654272585483536,16.06450245155966,3.9551714834292784,0.1819439759634302,0.0549679448686442,0.1489698765657093,23.65664285249946,16.460100975271605,0.3201172628547973,0.2131319179488323,0,3651958.0979912393,dki_0239,6.684253792609176,2.2306961373664818,1.032031394049298
-9.671480058034415,4.139425477018291,-1.8655269772376983,5.362683642332948,136.77583938200868,79.38217095560253,253.15401512652687,578014.6972283687,4226,0.4267903907783301,3120.363893993909,0.1160880738482883,0.0505925482570325,0.0873132867743667,0.0937685663699098,0.0011162460674564,0.0011588714067135,7.226805305830212,13.768461456115128,0.3651252396269286,0.2921059428999734,dki,27.278761111396065,18.97454756451464,3.9379462346097385,0.2044277165522607,0.0770149500563432,0.1259418361547255,20.332072569307257,13.77794314666396,0.1693371492749437,0.1591987525100724,0,1354329.220426574,dki_0240,7.805953080796757,3.473309388151115,1.8508679330380802
-11.198293893161996,3.339220359327381,-4.246776326579518,3.992655263779796,136.5784118621442,78.58305502510835,190.3464035807268,586057.9653004608,4291,0.4425062421219248,3239.9427998077003,0.1107154271018531,0.0475599496248024,0.0808488736288293,0.1099728213849003,0.0011561945923107,0.0010972581629144,4.284955225926881,5.804409783787107,0.3885979398138317,0.3074617277368462,dki,31.275736074456155,25.23098411778328,3.957330275133936,0.2172673143268093,0.0681303905457058,0.1545464803668298,24.614514291271306,20.536548057901875,0.1842129428720323,0.1649802248352448,0,1324406.0976183538,dki_0241,6.951517566582482,2.2887581024652843,1.3936785542128975
-11.085496202126189,2.7149509162932883,-5.045414686128277,3.032197921156211,87.56455214785589,47.01890917795016,170.74892710608444,511727.2427520698,5844,0.4727051478745536,5398.361965882883,0.1220051972108767,0.037980283889679,0.1016015182188788,0.0901338143825532,0.0015758006678397,0.0014497235754798,3.465987789910382,3.1938274079801143,0.3912541035410748,0.2979162875577788,dki,19.43285457025281,18.14014003394029,3.8278375919734406,0.2642291392937148,0.1047391457324586,0.1224775820146976,18.35592346886794,16.63024815554489,0.1651231787912076,0.1485251929077673,1,1082550.6027445928,dki_0242,6.040081515997964,2.4511417305468566,1.9499777354855734
-10.816216943564052,2.623686153993768,-3.4857071304595766,3.0929004959723287,144.35632656613433,103.3715340537372,166.56863147756025,843185.3034727906,5841,0.5255277822116706,3640.4901310017,0.1009267067670005,0.0365487748601613,0.1108039999929379,0.099586475500538,0.0013601774476153,0.0011459576923605,4.276239990197234,4.145275721291972,0.4432351198563696,0.2934946322006526,dki,23.48173954028427,11.629156261532335,3.9643746975891294,0.1747964360117335,0.0979763502877157,0.1206837384752465,19.51187521455332,11.372708282439849,0.2164644115609835,0.1743352562655717,0,1604454.2876958211,dki_0243,7.3305098131044755,2.694332917358591,1.1538713642817016
-10.632097213692814,2.5109817176281632,-3.3810852770655124,2.843555637832353,146.6775961441551,120.24088615363114,155.14128448375536,755829.6529308312,5153,0.5759825244211092,3926.860949200669,0.1015143994796001,0.0338533336174847,0.1301445593861316,0.099057209907105,0.0015460824010017,0.0011589786006183,4.118684155487369,4.333686158422004,0.4666074685157342,0.2829883349083775,dki,21.89283358630594,10.018531024007212,3.9575750671102026,0.1444292017723121,0.1187389543144005,0.1181922041679958,18.16131557673736,11.66791551191094,0.1962523131799393,0.1681121454318458,0,1312244.0714507392,dki_0244,7.2510119366273,2.448192398501218,1.0577026659973492
-12.078767306417932,3.235059682347909,-5.95724279452194,3.498012751236496,120.69531290405118,89.37770690095563,308.9604728914356,2618605.5087662945,21696,0.4679990389535884,3877.524550813604,0.1301744784907328,0.0467666031698372,0.0800242419752516,0.1119911217734721,0.0012321420695143,0.001369738172791,3.5913006474671616,3.303302093881493,0.4074059172301209,0.3269306664935928,dki,16.494500160522755,12.132242637499523,3.801691430509032,0.2820037838921658,0.0799621527249114,0.1483621796811879,15.938153109797057,13.677452557735828,0.2051476457434916,0.2043616579312946,0,5595322.406262425,dki_0245,6.121524511895986,2.430911082956738,2.559838202971884
-11.378839445339237,2.47943362311139,-4.102208567185332,2.8969655635187324,105.45718684323572,78.56757040584789,146.0661505479336,659423.7893307529,6253,0.6302929668665339,5976.766361153531,0.1162958521040717,0.0345156065025758,0.1540337874838941,0.0670186573307877,0.0017785289605211,0.0010589439490582,4.680498709535637,3.955037157400787,0.5363065179055384,0.2413714057421489,dki,17.46471785956515,8.91356873638617,3.860136346436255,0.1997577919758887,0.1571813777689296,0.0886220954303103,13.947866403530536,8.745581530797452,0.1634979341331725,0.1151783434680038,1,1046217.9081721968,dki_0246,7.276630878153927,2.3938339328127127,1.3850753554147424
-10.131349896155706,3.2829349475410474,-4.242864503600949,3.1958569668694343,121.61659495783351,79.53787193180602,164.4625543009433,812763.7041032014,6683,0.4522009985736865,3718.2507759773416,0.1148182963746436,0.0430128161254914,0.1019601593206463,0.0931348766215318,0.0015303521028057,0.0013771128052325,5.009169501454288,7.890907212779544,0.4112616230279921,0.2871618616211992,dki,23.90486457977578,14.67672401853979,3.951656999977865,0.1830563227640823,0.0954537629656736,0.1200204716715047,19.37158406432652,13.051844238067847,0.1780568310023473,0.1706823582951622,0,1797350.5292265755,dki_0247,5.888485392554701,2.445293866301244,1.352303559871621
-12.38726218809265,2.4497138314162905,-4.558733953876673,3.219008336846382,96.90557831416884,78.29774156580375,141.30763441632544,877770.7283697415,9058,0.5165054838733227,5329.987115899631,0.1298553305373593,0.0391606323667727,0.1201052130677624,0.0800338735140788,0.0014966951247129,0.0011602752871729,3.8083866652675216,2.7295216163744738,0.4641432613313898,0.2847398772804266,dki,14.930252953893806,9.325724630727384,3.799076858932941,0.2352450107902704,0.1243339676296424,0.1105960703400334,13.397487825743042,11.08479621616721,0.1529715251290309,0.1470033741270114,1,1699441.256242348,dki_0248,7.828528234215974,2.7790762013300827,1.4581991756780472
-11.769685213546122,2.45522113422418,-4.346797650303593,2.988531884429108,98.0726069783726,78.71449084275852,148.69911656300516,1299265.8972494802,13248,0.5558108864374118,5667.340795376038,0.1300043190386861,0.0437800501908856,0.1288104929893992,0.0831359693119256,0.0015626810583329,0.0011287310586152,4.271723478565368,3.364535593661507,0.5051668864689804,0.27947810535228,dki,16.436005024698904,9.022578345212082,3.837182782107514,0.2083881572851976,0.1390313841551608,0.1098414597818829,14.816842130851995,11.985892207636295,0.1529080188951747,0.1489898581273797,1,2337604.2624450945,dki_0249,7.422887563242503,2.8893776685931125,1.5162145796307518
-12.540509514488722,2.928636498216494,-6.388186165635963,3.2829539205260527,114.1331863804926,56.749863580347736,403.4135108682376,1274981.8250564828,11171,0.2907409222659301,2547.382855821354,0.1036871881783732,0.0464052746950901,0.0305577975185468,0.1224120892878389,0.0007937307155217,0.0011004773837801,2.5391126084854028,3.430696489642071,0.2684091715456811,0.314763947274163,dki,22.975110184080403,23.15153919156309,3.86082547593322,0.2950721137079081,0.0022671442390584,0.1508339235351832,22.23918268473385,19.26890741557817,0.3235859612440055,0.2307436777620307,0,4385285.067955805,dki_0250,6.152323348852937,1.919613840384201,3.534585545726849
-12.37210369233249,1.9779332979239976,-4.669806496881021,2.763353477580696,99.89536802070008,71.82105963099586,101.37892597563422,1008843.32164105,10099,0.4906111729428676,4911.250468001723,0.1037416732574933,0.0357306275450134,0.0994011998250516,0.1281252159232173,0.0014025328898764,0.0011630111329641,3.787711315578327,3.4083809291264315,0.4214141575780176,0.2941692970295418,dki,18.94284255777865,13.177660037610975,3.872246002511639,0.2394399080209341,0.0839386468397101,0.1530429497898941,19.177817989104835,15.047153809339571,0.2613499246144813,0.2062364456283525,0,2056299.1168538493,dki_0251,7.702297195451496,2.6334156566538267,1.014851118568648
-11.291594810502838,2.229343802838224,-3.673004462425668,2.714739955363988,105.43447615275636,79.24844092732418,122.36355436414384,751115.2081122363,7124,0.6446617441981521,6114.335345718876,0.119387039323607,0.0312517653783671,0.1728415245303092,0.0659741108717632,0.0020065459163405,0.0011826616284746,4.279527903586197,2.141117131592192,0.5300951468521262,0.2395026470030171,dki,14.89659145268054,7.6689133413670065,3.799609383233042,0.1881471400021144,0.174956604457544,0.0823607165147559,11.417360135185366,7.809225600275614,0.1381319190727162,0.104777011830336,0,1165130.729211323,dki_0252,7.618590348077151,3.0237888191475903,1.1605649198357106
-10.473627631170476,2.641637710374755,-3.9609338724990697,2.76337524465229,108.16062074084265,84.07978971648126,103.76955657225714,581904.1395857334,5380,0.59955253107719,5543.168363592724,0.1179726117909939,0.034188373835795,0.1583269246135768,0.0794260184559344,0.0019040028814066,0.0011811765117664,4.678114223752176,4.616770715266821,0.5101427712471059,0.2498440978292107,dki,18.431993784520508,11.351592668984242,3.866153316510172,0.2040118376530771,0.1592471691831322,0.0991217726816516,14.97395612970935,11.589388762914462,0.1481126193629428,0.1277114135180808,0,970564.0614013448,dki_0253,6.512693758671448,2.5622061724813427,0.959402376405488
-10.147580758182883,2.5944698104341826,-4.223129194121303,2.845797795943628,66.12735582417365,52.03693937617828,67.91012410772659,313972.6854531765,4748,0.5936562023310904,8977.467720160561,0.1356736292388295,0.0392323407062189,0.1661400830904901,0.0597560665155266,0.0024456863423767,0.0012514314619354,4.602075114393873,1.9982585403410644,0.553582995933581,0.2150596207770276,dki,16.78671113485286,13.490199812942953,3.7701399784817937,0.2441960128427095,0.186021274260673,0.0777069065910187,11.43850989677069,8.533791185272214,0.105214321440154,0.0904412435993058,0,528879.6515901126,dki_0254,5.924451564061591,2.6350600431151543,1.026959618471562
-12.77593675496683,1.8557655439562124,-4.259702349815078,2.568808915434584,75.89379072566594,59.97229369901896,68.69385642521397,657088.4401028156,8658,0.6097488510418698,8034.23897016734,0.1338688583482098,0.0311205794782245,0.1625859730416839,0.0511161795386945,0.0021711395722571,0.0012314519636323,4.092447888087351,1.986840901097716,0.5267647369621221,0.2360835925946437,dki,11.76922785790398,5.456448260981145,3.7323759155685625,0.1771964704888919,0.1848138878164003,0.0690267982242804,8.450290376421428,5.075475657593991,0.1093739963355149,0.0811470015869647,0,1077637.848730764,dki_0255,8.516234405151783,2.4379062943614462,0.9051314444619369
-10.977213282124328,2.961654327387482,-4.106279531524838,3.4774252972528683,117.29828325625176,71.55505427574579,166.36663143554307,1069994.9398635286,9122,0.468884016307027,3997.364695293069,0.1340326010897101,0.0519549981031701,0.0889245907301917,0.0961567178099512,0.0012455362015783,0.0011165180801973,4.074230908467052,3.608153385440104,0.4191676378515567,0.2993068991923235,dki,21.653047137701144,14.20588167859583,3.917024404274095,0.2083031419572404,0.092454262061892,0.1318007485774243,18.824435761122658,13.960433250200436,0.1769108730418701,0.1792460234830537,0,2282003.4436040404,dki_0256,6.870933750599561,2.923876746268714,1.4183211110779497
-11.000560380034894,2.7660662549556085,-4.429054577870095,3.0859382923087804,111.00064959292098,71.8135038850453,149.61875451930285,1393946.1575879017,12558,0.4677304169293246,4213.762880169252,0.1187632211467917,0.0401831170819697,0.0956564956075801,0.0829851647955194,0.0013755581661211,0.0011696466149861,3.939892191554738,4.322365262579273,0.4116351414416325,0.2928570161002539,dki,21.99633471549016,16.08233164006183,3.931614009683538,0.1915567752678391,0.0876233906495578,0.1126271230419322,18.86300981200605,13.806838283589634,0.1830095883326382,0.155109696327188,0,2980234.141579317,dki_0257,6.571505802164733,2.4278424342216933,1.3479088191646469
-12.212794177916807,2.3054540763013955,-4.612287275125556,3.1212814382583858,119.64498991527728,93.62614732233972,175.38684059230673,1568067.237829624,13106,0.3556130989297981,2972.235604529817,0.0867133979589664,0.0378634936820157,0.0387138347005179,0.1286184895037334,0.001018900734572,0.0011041975780291,3.0927567660467035,4.532033178627813,0.3283572697069252,0.3033701657680013,dki,22.403273758200804,9.653655309319117,3.973377529475421,0.1906068768621808,0.0081892264246238,0.1480921538635717,23.78698941519832,13.130807674574488,0.3602919225596016,0.2209310612800201,0,4409475.473621903,dki_0258,7.60050690279136,2.4898638935715947,1.465893730414464
-12.359412895701142,2.313966838013336,-5.409480897429874,2.927006859044863,117.75637439395096,87.63568113315834,129.11410211120418,1794960.4148869943,15243,0.3868826066416623,3285.4493748878213,0.1001947247899572,0.0403413024022868,0.0642816928455104,0.1191798552948814,0.0010863758399718,0.0011082566911493,2.998500904969996,3.104685273910551,0.3567402437836764,0.3117799137387899,dki,19.95512319612506,14.525940557141997,3.897520399141204,0.2285438427643646,0.0385523444106799,0.1441934205417807,18.853860170514377,13.715092359431608,0.3007889346772049,0.2195861042623611,0,4639547.976757505,dki_0259,6.949931998271301,2.004389077227646,1.0964510649695804
-11.412278890276689,2.471271359928533,-4.51952263977582,2.8888465180604985,124.2465354231747,79.14205729551765,174.7820465302684,1296139.8575345585,10432,0.4533666539427592,3648.927935081854,0.1012326928722498,0.0402484295078861,0.0871453529207228,0.1149648383215485,0.0012107893615568,0.0010774945941658,3.8977724887268974,5.22740951528789,0.4146201210840162,0.3009959309637839,dki,21.109816413684644,11.096838896428435,3.940472600991308,0.1918719892540742,0.0745610656920404,0.1387635637027043,19.69494040720177,11.844724406745383,0.2705552786806948,0.1955340623408671,0,2858921.904075912,dki_0260,6.892756250500879,2.193397600522676,1.4067357768566615
-17.415831986290442,3.398988581705889,-10.865527847957944,3.604465633760015,73.8784732794854,60.0616424036961,67.11204862200486,133498.40121603012,1807,0.0340068758320836,460.3083188175018,0.0719472338487532,0.0205622329054507,-0.0334230740711084,0.0969836153561311,0.0001425958729262,0.0005707311808011,0.262547717910906,0.9596172766040536,0.0344192921505023,0.1215161357602482,kebumen,15.90216406106972,20.62942391804837,3.460541507159712,0.5606315613796936,-0.0709607428558218,0.113489800299403,15.102635776525146,18.16109374316865,0.4430347553350479,0.2624138976063795,0,3925629.6836912488,kebumen_0000,6.550304138332431,1.4598412829699352,0.9084114173301489
-16.085139970483127,2.1557603368260327,-9.524181712798947,2.500637403748839,84.79139992364202,71.72712324215816,125.37178636475753,272773.9335543564,3217,0.0493284474695859,581.7623899830422,0.0612935471698585,0.0252771241572762,-0.0809343381528535,0.114215016370134,0.0001933921330371,0.0006639890516821,0.3822482785983356,1.2031542842170742,0.0467988176857945,0.1456166306503564,kebumen,14.26987791945192,16.857303070652748,3.579556241221465,0.4815666949106764,-0.1237473208090444,0.1258540936452253,17.44702531761723,20.36365317948257,0.578837981471902,0.1882181733911322,0,5529749.009890055,kebumen_0001,6.560958257684135,1.3333272192170498,1.4785908297027734
-16.31271816831932,2.0098165196540534,-9.566231194625344,2.1992743896671323,90.51289020261142,76.15401925479665,94.63363142415191,146811.9079086357,1622,0.038811456165635,428.79479462821575,0.0625451328624627,0.0223574723315621,-0.0904425655776825,0.1110557529743316,0.0001627854831699,0.0006121286180663,0.340450164733392,1.1396593034843734,0.0377015489702708,0.1284613579286134,kebumen,10.85282753211179,8.775846355228966,3.583601899091017,0.4694675868924525,-0.1336460391681602,0.1173635172080343,13.617490814539993,12.239921392329078,0.5845643080039963,0.1817657519321509,0,3782695.173355233,kebumen_0002,6.746486973694045,1.1492367419738374,1.0455265676779992
-15.488609242442449,1.5146513842602314,-8.655614992687745,1.7445996645384385,81.27575864781436,72.5981216430664,57.52260520542093,74286.04340410233,914,0.080345408847997,988.5531699082788,0.0545148307272929,0.0151506754142881,-0.114858464580001,0.098291919629859,0.0003266042658397,0.0008214753376216,0.6386558583978459,1.430175974918035,0.0777755187729833,0.1777414263825379,kebumen,11.991295885424766,10.013652994941795,3.5824229255584994,0.4724872381594917,-0.1627863246249537,0.1035996155286584,14.24713211636224,13.727734795376122,0.6342038239194822,0.1344250418483865,0,924583.5508117424,kebumen_0003,6.832994249754706,1.0474396613947643,0.7077461491891939
-16.385392533622277,2.307956096310212,-9.436970899994082,2.5319250902034574,88.49696682116165,71.84633007916537,113.63753303422608,170887.64293166314,1931,0.0517900595002132,585.218469745667,0.0625679230043324,0.0254458068795522,-0.0817058274512842,0.1187462687116177,0.0001958419797693,0.0006610889337746,0.4196821551114751,1.2603506334511505,0.0494491061718599,0.1482710149935642,kebumen,13.64547773515487,12.566376478181509,3.652929940687225,0.4476680687649702,-0.1223944490379261,0.1299253256538315,16.45926806512402,14.504952353532248,0.5620948260906345,0.2044050244592011,0,3299622.448415209,kebumen_0004,6.948421633628265,1.3042601766788784,1.2840839309653351
-16.256091072246296,2.5202719198700785,-9.420468861681922,2.72406704427391,91.51591949133012,79.42730728621335,149.7332849484909,121533.1410844864,1328,0.0606968930074783,663.2386293537547,0.0654905704199783,0.0285645604897421,-0.0699092306284033,0.1216494793813296,0.0002201077384201,0.0006989651675002,0.5001050849836166,1.3795532215857365,0.0538045120212371,0.1515792223911889,kebumen,13.87792973675238,15.74309211036422,3.580841934559325,0.4836767479180383,-0.1080841512824549,0.1319644519595531,15.296239524566854,15.31973073327655,0.5446036491433555,0.2122779131468144,0,2002295.9176759264,kebumen_0005,6.835622210564397,1.6053161821391635,1.6361446815018459
-15.982706817451264,2.273024692535685,-9.025297277364263,2.460054558621202,92.34536584268842,76.1888022262059,91.39745881863654,154586.1424206604,1674,0.0726420798401143,786.6348156967739,0.0627673211474368,0.0295723229283502,-0.0803183121802479,0.1315585348428259,0.0002776940860876,0.0007700320985739,0.6401632769918854,1.5324729900403276,0.0688535284287596,0.1707382973077636,kebumen,15.01309107697039,15.164675233777253,3.642222858808492,0.4576927327536929,-0.1182183962336959,0.1422432200896635,16.779024411795504,15.149645780172897,0.5697467068496218,0.20549122512974,0,2128052.263383777,kebumen_0006,6.957409540086984,1.4677966527821005,0.9897351966132588
-15.250147669027292,1.2229174940499217,-8.460410769803815,1.6416036317392864,80.2022068601211,66.31654789136803,63.6375768031297,112042.48298358916,1397,0.0710998783261198,886.5077547070936,0.0595123352244093,0.0159453133641647,-0.0838935998505133,0.0949208925092248,0.0002882070494974,0.0007881294955099,0.5656899757961834,1.3787186514007568,0.067749164930814,0.1684119888961753,kebumen,11.946045756646344,13.072916467926062,3.4519367588061662,0.619613787911995,-0.1272416136821532,0.0986082878772029,13.750348961901144,13.999779009346264,0.6197234258136686,0.136477444534035,0,1575846.3392816857,kebumen_0007,6.78973689922345,1.0653112770013993,0.7934641613306053
-16.50021894089365,1.924110344055061,-9.687731150956424,2.0699993570365893,87.57115114816152,76.57599331470246,76.47056714710028,68568.21134901047,783,0.037534126362218,428.612914985143,0.061623343576482,0.0173805379529883,-0.0797059210389626,0.1084672842514254,0.0001481436956105,0.0005795534204177,0.320083539598286,1.1116191995393034,0.0353642637978403,0.1252535244050079,kebumen,10.230354765809269,8.589544160539697,3.490193023656934,0.5451252798251587,-0.1247978437765184,0.1125264586579944,13.11736181344274,13.035541922270012,0.5901817648699326,0.1548209503758179,0,1826823.160536684,kebumen_0008,6.812487789937182,1.008930985937151,0.8732392590993788
-15.676563624516474,1.369340292670184,-9.035256656214951,1.6642848853539325,81.08202694471423,73.88917497907366,57.25004367335057,104028.24057006836,1283,0.0436019658640698,537.7513057708816,0.0626702427873661,0.0162555787160203,-0.0777284476877167,0.0964677174448003,0.0001761435303327,0.0006391760041643,0.383723680143013,1.2161501585802488,0.0398888276237036,0.1310149018283903,kebumen,9.3541591050196,12.089189827689069,3.2849580119204704,0.6314927499513452,-0.1221285504890292,0.0989284420498173,10.870337093935728,12.948519103145111,0.6021034258308361,0.1315612270821288,0,2385861.245210337,kebumen_0009,6.641306968301558,0.9383558885204892,0.7060756351390488
-16.503959005340615,1.970235994634473,-9.772563842185145,2.180628673552255,85.1525858866671,72.10339263138498,114.02303075180026,126025.8271122673,1480,0.0388686659754321,456.4590208354207,0.0667338981385316,0.0266708797690668,-0.0637358950175465,0.106531086649347,0.0001386637019354,0.0005641551270885,0.2951168378405193,1.0694125719099807,0.0346172348815784,0.1279755957167077,kebumen,9.582433934540273,8.416116813934703,3.466099970193722,0.5280077624105872,-0.1041537061049698,0.1113673927263612,12.073450387747888,12.597218896665067,0.5665352091226631,0.1715836015646042,0,3242350.205482353,kebumen_0010,6.731395163155439,1.12264802316088,1.339043665726816
-15.969373685727843,1.4323072718406118,-9.318053129865756,1.786429271482939,85.77077747002626,77.93001145582933,67.57666788285655,80281.44771194458,936,0.0431418992923828,502.9906521187755,0.06424758109433,0.0172015762839609,-0.0773155452973751,0.1025411080104628,0.0001677525162362,0.00060534566231,0.4112533961215699,1.2728782890291048,0.0404070774390753,0.132193419714164,kebumen,8.74269122571686,11.133891107047196,3.2357729119587715,0.6213547082525388,-0.1222089771548481,0.1030727059170086,10.119049358820602,12.588616415679276,0.6030712652166,0.1261871395035007,0,1860869.572937857,kebumen_0011,6.651320555862121,0.9503943194800112,0.7878751933485985
-16.524858942712644,2.1263013141263585,-9.7232140991346,2.251998556098058,75.52242814009307,67.54651786707625,62.95617779941036,92137.36233091354,1220,0.0310426553412982,411.0388940847413,0.064792318757904,0.0192745091490573,-0.0679311327746482,0.1034043890046838,0.000153288224409,0.0005978949303987,0.3178974708754249,1.104654324708734,0.0350361139873337,0.1236919105419749,kebumen,11.276736071562771,11.38847646613995,3.52101783127294,0.510787670483051,-0.1074975363768493,0.109973827343515,13.831778335501742,13.909300140083973,0.5649486297790851,0.1785257740131527,0,2968088.951087145,kebumen_0012,6.801644843577988,1.5769045825913195,0.8336090264818752
-16.30946392436981,2.1534246579198,-9.371195466582764,2.4040903828602045,77.91079718719023,46.90111481446991,110.9033696567334,245808.5651255852,3155,0.064900110914353,833.0053504448505,0.0654146907586647,0.0231575365782125,-0.0657254238181149,0.1145153799021795,0.0002655986928619,0.0007633303432754,0.5492296677235085,1.4186306288012134,0.0629968547216529,0.1653158972967031,kebumen,11.885027570834811,10.029141302931055,3.590561326766318,0.4722670698636214,-0.1041659760565296,0.1203682269513106,14.72581902944622,13.387548684057098,0.5648316639100556,0.1867234632777608,0,3787490.678559426,kebumen_0013,6.938268457787108,1.3170762207935478,1.423465984955519
-15.831704967715917,1.638632617124848,-9.024032775088694,1.8644010413142105,93.46890131300856,85.20015547010634,60.39968343577894,62717.63278102875,671,0.0491299822159989,525.629182817422,0.0545509911967649,0.0153568471838174,-0.1245261285213145,0.1105008268341366,0.0002227931403467,0.0006951782117495,0.5703538331566746,1.4880951673230391,0.0521604591870922,0.1454046462087684,kebumen,9.816854890985052,10.178160356783044,3.314344876839185,0.6553213844616272,-0.1685901627651148,0.1093890098560129,11.352986091605407,11.463227118254252,0.662263246624297,0.120416324404417,0,1276565.3467019785,kebumen_0014,6.807672192627181,0.8843023186650255,0.6462008495586413
-16.142570109715344,1.412433279786579,-9.122637926949007,1.519394515773646,84.12619298538834,77.06432778494698,55.32613344572709,63599.40189695358,756,0.033855539468284,402.4375556155774,0.0675096105217508,0.0133095994970459,-0.0569130118537166,0.0890818058542,0.0001235106997562,0.000524181874454,0.2647035410410249,0.9680654213832924,0.0305148998513977,0.1152966531675857,kebumen,7.803483616512758,11.007171870773028,3.3111397802944613,0.5154230105237061,-0.1118310736538777,0.090650928924333,8.636587995092768,11.08969555693862,0.5256258206068796,0.1274902997628255,0,1878552.3106649567,kebumen_0015,7.019932182766416,0.7939466625542938,0.6576564501776104
-15.806764770120497,1.606020512212194,-8.80694598967049,1.617736380130247,73.07156553375587,65.1857052971335,52.45583217183838,65033.693325042725,890,0.0593483601756748,812.1950000956048,0.0589227351955196,0.0161881108324918,-0.1095606265827886,0.1033991046158488,0.0002322122840579,0.0007058587276856,0.5215291859217043,1.38140961373932,0.0544825326470178,0.1501526555987208,kebumen,10.300367667629304,8.737760611696162,3.4323498750991246,0.6238265607358616,-0.1512694393982364,0.1017315882171649,12.982620520987098,11.996302730879108,0.641361957200682,0.1264430296919488,0,1095795.9602007358,kebumen_0016,6.999818780449935,0.9902949119254992,0.7178692804604833
-15.92279738225029,1.5015474698143834,-8.775917124376763,1.818926054847787,84.96980450852531,74.90479448106554,58.04152709858659,104597.82934999466,1231,0.0543835560328254,640.0339078968807,0.065053960697198,0.0154672758987514,-0.0745925616337731,0.0971684751332029,0.0002072336583792,0.0006690579505524,0.4407900851689801,1.2598862040952417,0.0519695010626012,0.1531511814697315,kebumen,10.769740894573816,14.39914135119205,3.496640975074042,0.4548855300030935,-0.1272418935539928,0.1030559663476322,11.984992734604258,14.632063778818727,0.5453983631570093,0.1405384412491637,0,1923335.59958566,kebumen_0017,7.146880257873524,1.0001422055665767,0.6830841548277669
-16.663574566408233,2.228681021337542,-9.755577572089551,2.2267183677787914,73.05855534516073,51.88958523398952,90.18020815901382,96729.5272769928,1324,0.0473594783226348,648.240005552914,0.0678386183246686,0.0193453197099377,-0.0632630668395969,0.0983403814740729,0.0002032993361332,0.000684546960865,0.3747445434334557,1.1488350217952208,0.0442282295422626,0.1365151849971253,kebumen,13.57069803929609,14.617781071379431,3.5622759616736737,0.5061042177496143,-0.1042355286117302,0.1070165380866707,15.117247877527095,14.772745263721628,0.5417287615912415,0.1790713007782716,0,2042453.394820486,kebumen_0018,6.907996994318715,1.4744960138454497,1.2343552063541754
-16.998805097696238,2.198886370672949,-10.30669515635444,2.22232960563608,68.35422517053337,51.88394393207871,73.29817209266403,114493.32716064338,1675,0.025461287551831,372.4903250429513,0.0686199484373137,0.0221868969409927,-0.0691819449386182,0.102626555697371,0.0001091346810472,0.0005101370165935,0.2131011915770969,0.9009331454678616,0.0238427789055358,0.1024763204497143,kebumen,9.599300431022211,9.091579828266262,3.509474543161775,0.4561190269089117,-0.111419953880448,0.107893736509604,11.45650254721618,11.215997135149385,0.5432058287832646,0.1811547644039227,0,4496761.089853429,kebumen_0019,6.692109941341788,1.1264052056377094,1.0723283295187134
-16.048711312976295,1.6014641636019464,-9.17229179934018,1.886764927538322,86.49646859315959,79.04109246390206,53.93009076342084,81393.17694616318,941,0.061993614746224,716.7184482156619,0.0610809801499177,0.0163800437431324,-0.084896735140756,0.1059894792795771,0.0002541365257327,0.0007393871448125,0.6030295005697942,1.514364002517551,0.0606335934852777,0.159905473576609,kebumen,10.662001410123574,10.31778106530608,3.3489722016434564,0.6581740876817315,-0.1290627875569218,0.10714749052622,12.811752435688543,13.263402760758142,0.6144947912595279,0.1257862105959689,0,1312928.3923731952,kebumen_0020,6.876419513636131,0.8971999537693712,0.623494711871807
-16.235224252835405,1.6053243681114944,-9.458406770008713,1.918995674516736,77.5609404095644,69.86275730133056,52.69257284864232,116418.97155475616,1501,0.0462617082598892,596.4562576936537,0.067015400165392,0.0118871716662667,-0.0594863646932688,0.0839232693513567,0.0001747145296531,0.0006241012389668,0.3180438825406331,1.0386154358124986,0.0416868244864253,0.138369831518319,kebumen,12.226667199643254,20.64136577461199,3.297839036907395,0.5805541167871557,-0.1115265173547737,0.0937795977762749,12.244511335223402,18.60167197990984,0.5346925022374212,0.1384143171178894,0,2516529.8890550486,kebumen_0021,6.776817482826699,0.986405513062629,0.6793699582598738
-16.68143144276143,2.0875394821874016,-9.813222362860598,2.2763653783902416,70.48535752971152,57.92223543109316,60.36138459280366,244090.793125391,3463,0.0441364883898083,626.1795348232938,0.0673478754703431,0.020152894857351,-0.0727778772829975,0.1068560726024574,0.0001826252526451,0.0006362260108905,0.3680023033189097,1.1534664323408554,0.0412118579427967,0.1316951056067167,kebumen,8.736618945668479,8.111358520598198,3.403678246499066,0.5401151312651153,-0.1138331708056773,0.1093099168770749,10.537498355252207,11.2453430648531,0.5666146745611983,0.1676674794617418,0,5530362.791203723,kebumen_0022,6.868209079900871,1.1137738111126614,0.8563677153422918
-16.52467925147999,1.6313681114045286,-9.671336839432808,1.7890374910412117,77.27337223978529,70.84045600891113,45.753858647752566,57645.93569087982,746,0.0399078546707499,516.4502792360705,0.0663847427570045,0.0168403336052013,-0.0546916465954422,0.104655519969198,0.000167621209364,0.0006130369840115,0.4238799858672578,1.3053192652547363,0.0396184168477928,0.1290931131280501,kebumen,8.3051890867247,9.31703427609358,3.2387961920642323,0.6011195489987591,-0.0968862896150071,0.1078584386583848,9.436568176425082,10.949198827377804,0.5776704266917685,0.1294183064452256,0,1444475.935037692,kebumen_0023,6.853342412047203,0.8559318687957436,0.5921038168979449
-16.852496657540538,1.7074329028897874,-9.65407508967754,1.6506827127719177,81.36689015274919,73.83115332467216,57.71360698982956,99755.80732727052,1226,0.044644366085886,548.6797639933844,0.0751552386979514,0.0165128437156126,0.0046449523978389,0.0985408437512063,0.0001723792455709,0.0006263826463269,0.3358334532969294,1.0868105040464715,0.0412240441019254,0.13636030868214,kebumen,8.1313352445434,9.79156242439393,3.4055704077081885,0.4959458070393999,-0.0393743138401979,0.1040910508671631,9.410849966237476,10.042274875980674,0.4596471604113695,0.1545773594162664,0,2234454.5588431475,kebumen_0024,7.198421567862996,0.9111036327042912,0.7093008824779271
-15.670369490266202,1.5332482874611395,-8.68945430869578,1.913611839954844,84.53528859281786,73.94243322634229,62.679015139336784,163153.1069841385,1930,0.0671447120660011,794.2802725784485,0.064302765249094,0.0147444598717144,-0.0791976193235273,0.0939184884614494,0.0002482810950896,0.000719271675843,0.5303212296787546,1.374351088924318,0.0624148272704295,0.1621939181644625,kebumen,12.61266734779732,15.95444866742396,3.5064243307610115,0.5163085951559545,-0.130259711790696,0.0999338624074885,13.31510803075572,15.251478619154623,0.563433096288225,0.140641916577928,0,2429872.7623370253,kebumen_0025,6.980915181570446,0.9931087329185035,0.7414538494242747
-16.321931075393636,1.6948953198573125,-9.37832498817586,1.8215191981827512,74.96505890037282,66.29792420760445,56.59007881083758,103751.641518116,1384,0.0474686891778733,633.2108568200865,0.0636960233921357,0.0172068321745971,-0.0588314820303196,0.1110488174910245,0.0002111032405829,0.0006690926061541,0.4866857011589407,1.3275559896402191,0.0489347836844653,0.1407325500985326,kebumen,9.845297795301652,10.002931307423822,3.330252157881391,0.6223435447762297,-0.1008976809961727,0.1129966534953735,11.087499710456246,11.882716602529577,0.5837297682534278,0.1413192299795838,0,2185685.8344948348,kebumen_0026,6.943606087217713,0.885428928780196,0.7548860714702399
-16.61428969562034,2.043643082039772,-9.652281278657052,2.2202275725531404,75.48982964554342,60.264130429868345,72.10134811700743,181100.10131965863,2399,0.0526228004356548,697.0846362051823,0.0715384697105504,0.0221470821972273,-0.0514573913901218,0.0990804596280452,0.0002291577769259,0.0007182425439733,0.425975408859464,1.2180472132716769,0.0515939233350819,0.1483292310264162,kebumen,7.651890770207335,7.178690335959861,3.357458036641627,0.5325077566738952,-0.092797207033051,0.10249024289355,9.338227156136918,10.486236685885965,0.5399168321779599,0.1645428033139735,0,3441475.93477282,kebumen_0027,6.962008416963151,1.1830149425941123,0.9551134034286958
-15.7715645084195,1.4553257901263554,-8.630535216217567,1.7393141411027495,84.00052513583834,73.66074577967326,63.006849331158605,187909.1747288704,2237,0.0675563707080915,804.2374806448563,0.0648488307973136,0.0153553083284958,-0.0665188813816439,0.1003080692572341,0.0002429308106719,0.0007108238828934,0.4992003068236423,1.2824400505112763,0.0609693185313529,0.1606933470204633,kebumen,10.656136533634385,9.90182778645753,3.5376701222512006,0.5065412312918306,-0.1190231291806075,0.1022011977835493,12.204184550640091,10.753372743123336,0.5572088078754432,0.138067186619184,0,2781516.7209147243,kebumen_0028,7.141029292201856,0.9985522899421894,0.750076850463368
-17.775983349033478,3.937215478982164,-11.057208915004985,3.879872550019157,76.03509260565303,55.71645072301229,124.8375138914266,218676.9263338581,2876,0.0367659834697121,483.5396684580177,0.0725176442115345,0.0228433871224256,-0.0840665451988186,0.0987535102422814,0.0001491128958354,0.0005769303928349,0.253985704733342,0.920312801340686,0.0343305500312514,0.1180175514830938,kebumen,17.070661640931654,21.06295333797218,3.6056223768480447,0.4200540185741099,-0.1376039074547777,0.1140149394254863,15.843007841475506,16.407528862400934,0.4735655151851357,0.305569127236025,0,5947805.707795207,kebumen_0029,6.718774434028457,1.1648340710624776,1.641840755542727
-16.605870269714583,2.115658760752773,-9.888918729761391,2.344437869841197,73.2484283381839,60.02769237494319,69.13677076480575,223334.4580031227,3049,0.039752755849864,542.711383052859,0.0697331071115044,0.0221743580061646,-0.0676912644108589,0.1053246504751978,0.0001725362840851,0.0006265866319598,0.3165511593253135,1.0417340734321177,0.0379034679157758,0.1269750557534857,kebumen,8.687824234357612,11.051472572773642,3.3526219048944577,0.5491217893751917,-0.1089368244760147,0.1076973656202129,10.133517015554853,11.763021102608043,0.5616943191428728,0.1843973669951223,0,5618087.431387143,kebumen_0030,6.716951539953211,1.0486122915695932,0.9438669515966287
-15.2252933564967,2.162433992649092,-8.40217090732644,2.413524826572329,74.14618816409077,61.98176359696821,56.76589284280979,127234.85888957976,1716,0.1050769444353095,1417.15908851264,0.0544393560979929,0.0175124480031976,-0.1386738810958667,0.1123628680518118,0.0004470985755784,0.0009402586985269,0.8610347597128566,1.5736478932771487,0.0970123545396269,0.1861272837313254,kebumen,16.143017801491215,15.629906029850057,3.7511261542978778,0.4076336268321538,-0.1784161975710344,0.1164359469694591,18.38146193023032,14.574029979777542,0.6574956711297889,0.2039851678400089,0,1210873.2279316674,kebumen_0031,6.823122449170346,1.0793856083587463,0.7655942166195091
-16.863881477162117,1.938376203869388,-9.656410556730476,1.892705228917081,89.26674646464744,73.77889934339021,83.16438925054307,80072.27157878876,897,0.0489316118288907,548.1505013546038,0.0685134855384828,0.0177349857183639,-0.0774799712624845,0.1006693303833821,0.0001678683075461,0.0005898953636148,0.4065136049808322,1.2199158041478209,0.046394724092932,0.1453462457188982,kebumen,8.279072914365656,6.932942042009269,3.522986743780109,0.3872709786213492,-0.1439494446647993,0.1029049134632171,9.98140715446456,9.253904444311395,0.5129991996554323,0.149491856379459,0,1636411.8937833868,kebumen_0032,7.207470920431536,0.8620477741619063,0.9316390766350927
-15.94294723546273,1.3818629494687915,-9.16801166781033,1.725798773694729,93.57359883447008,83.54442200837312,79.28077698948839,54085.5401263237,578,0.0326075291536915,348.4693285268815,0.0655059613753496,0.0162896514508177,-0.0954730566000225,0.1132945998041371,0.0001056669702132,0.0004677563002048,0.2723359736067962,1.0473447566788996,0.0288214030324078,0.1110630417226603,kebumen,9.790312199778512,10.762132610446509,3.4205948646923914,0.5117496624124154,-0.1507483325367424,0.1160903769005983,10.616979265583796,10.35929240737388,0.5792181977261291,0.1291219511954124,0,1658682.5659619342,kebumen_0033,6.774935567652467,0.8666796611649844,0.8472558283211334
-17.583040421060748,4.311413557622735,-10.204030151633235,3.6104283156981696,75.64736898681736,67.69267609540154,67.24370781778669,134803.61153450853,1782,0.0357123450009552,472.0897167907939,0.0657083846993138,0.0268414606476477,-0.1103534332579092,0.118576887132801,0.0001654940192316,0.0005986791588407,0.3662374657867806,1.1514599176785263,0.039708110563481,0.1268889573692467,kebumen,11.989290522417337,10.067585279743708,3.631491805935661,0.3996865935816418,-0.1529632902607787,0.1248636253685935,12.940088401246731,9.862241057293026,0.5277091682617222,0.292905399262979,0,3774706.240402376,kebumen_0034,7.3790102694272415,1.9020852905962624,0.8889100667797828
-16.289973235736525,1.7382568680296406,-9.020353257510266,2.0004395310517835,79.34282924498443,77.87677414838005,51.13404336364673,181219.02199554443,2284,0.070397632901139,887.2589189348721,0.0730518136404283,0.0160464197996034,-0.0147660457140941,0.0864232687288168,0.0002773522030406,0.0007665282480642,0.5170953431072636,1.2792509758116952,0.0667274656143644,0.1674876139865338,kebumen,8.099590128100338,7.601745418858794,3.383745728484515,0.5574506081513511,-0.0618691085462784,0.0907619247188172,9.663696498814756,9.845278946577894,0.5020484683264134,0.1231345226880341,0,2574220.389626372,kebumen_0035,7.269619978226134,1.0167779724122354,0.6444696244163629
-16.708591678851654,3.470142987476131,-9.37772674964322,2.506713422376792,75.09901150768589,65.16222296820746,53.10344862326736,120909.40852737428,1610,0.0373355266403195,497.15070665741774,0.0590204240953929,0.0226960287940861,-0.1417714810322617,0.1146787888331565,0.0001801392556355,0.0006277051623831,0.3628694571819689,1.1023508304126255,0.0416516324301649,0.128243904506402,kebumen,11.223451979714875,8.071808581531686,3.6691931915754417,0.3604595521956315,-0.1879387926333321,0.1238139672756678,13.082499938774149,9.639267875072852,0.5869197663956466,0.2366165002839307,0,3238454.614345821,kebumen_0036,7.330864929208277,2.013978300374046,0.7071124846674257
-16.800073885187427,1.8066990257299849,-9.7272746339725,1.7982630343282755,70.35917869789246,62.09923250534956,53.76408471238403,83657.06347179413,1189,0.0355945368880445,505.8975608694918,0.072775673424392,0.0194255781140468,-0.0223199114845938,0.1137804113971134,0.0001594344962457,0.0006030340613687,0.3456507599541507,1.1407243871259831,0.0362321744983283,0.1243729469215035,kebumen,7.192240178680846,7.93986862910296,3.241765424419966,0.5706828990927273,-0.0646773231235765,0.1148961572043786,8.334570616591934,9.99031685859092,0.5248729119966099,0.1563486593048603,0,2350278.1827144064,kebumen_0037,7.072799251214933,0.9649602752804476,0.7641374687336208
-16.944055647720923,1.6590830580225475,-9.8128639336173,1.7818868127256804,83.32223033041598,74.3942174911499,60.993411451932,142647.65832567215,1712,0.0369980698641943,444.0359999663692,0.0763401068356493,0.015059323478642,-0.0020110287540092,0.0920824843208274,0.0001358128241396,0.0005564587869613,0.2778528569504709,0.996106086001182,0.0343245272004734,0.1268572728536885,kebumen,6.235429262244999,5.799285596127681,3.2878976068860166,0.5202198510422087,-0.0494193953294338,0.1001059121460031,7.586009457105162,8.615611270464418,0.4726197895325505,0.1271320932639646,0,3855543.2445334727,kebumen_0038,7.131191714103635,0.9364695434354726,0.7320184686615012
-15.9811672075105,1.7376358125165772,-8.800592815758362,1.8272209710578096,87.04816493764093,78.10461541880731,65.55527727853602,151986.09598112106,1746,0.0701609028932846,806.0009414735637,0.0655280911692136,0.0170076710416607,-0.0685495130169035,0.1091908299604674,0.0002329597935683,0.0006783198098354,0.5724570429866979,1.4026512773671311,0.0644402400421027,0.1644927766031813,kebumen,9.572177656654924,7.115876104457868,3.512799002051449,0.504186224148996,-0.1232640992468124,0.1084011562250814,11.289015732180522,9.657312492516263,0.5456470357866512,0.1592769900536411,0,2166250.5713800928,kebumen_0039,7.180574391752072,0.9699062315652556,0.7530920074592973
-16.855841559825855,2.082883977730018,-9.634736140570416,1.9984920052668225,66.02635188711368,51.73627920945486,75.88967784532433,98907.47512689629,1498,0.0282361533522322,427.6497571834363,0.0671650624602963,0.0199211719832165,-0.0983614843992366,0.100470745505943,0.0001194089784116,0.0005093687625798,0.2188303703887847,0.8638483412322611,0.0284250659810853,0.108851244506673,kebumen,9.515589807489146,10.4339734466614,3.4637167875056782,0.5213878794605675,-0.1486698007506592,0.1082721759244427,11.513448457176215,12.249600418661252,0.5630156354651268,0.166041999466604,0,3502866.4808932585,kebumen_0040,7.221105419255598,1.0397557256703382,1.1493846877239884
-16.821727747670995,3.547587673067853,-10.006270234500132,3.719976290429365,75.23650155405845,66.11612422291826,66.09078029539928,116616.5774087906,1550,0.0365401581513137,485.67061727423794,0.0631815122308989,0.0225261614381339,-0.1238458288542762,0.1140773832604604,0.0001655851988959,0.0006027340927782,0.3698639165975283,1.1627607690455837,0.0395161977937006,0.1284037035101086,kebumen,12.893148487361788,15.04206205429065,3.613606746565611,0.4081835330512771,-0.1717306009229596,0.1186127835508731,14.24591910468422,12.617376580486988,0.5682875973249009,0.2739874980525151,0,3191463.401058046,kebumen_0041,6.815457513170867,1.0656186646971422,0.8784403704352489
-16.751153420073393,1.93952442703284,-9.452191274034506,1.807991688776916,72.85881724127073,64.958057604338,50.31593798764401,85900.54552745819,1179,0.0446834740358224,613.2884903669778,0.0743170159965741,0.0214755083879389,-0.0111252134672835,0.1317288388961947,0.00018672419091,0.0006467991402198,0.4042603909716442,1.2274753831882563,0.043168618713621,0.1349124441329167,kebumen,8.05698800067187,7.707605204963255,3.356109005156507,0.5478500181063324,-0.0518461131660438,0.1352193628352822,9.68851258278725,10.402148834966525,0.5007750144032741,0.1817907332832618,0,1922423.1638433544,kebumen_0042,7.298962146038885,1.011614102584562,0.6905950424781622
-16.07336060166154,1.2802135742198142,-9.295077465744862,1.6458890405211373,87.06838672316593,74.23817643665132,60.19345858920008,48061.74947118759,552,0.0351809274899402,404.0608631212844,0.0682107796758882,0.0138040998204893,-0.0717154530089528,0.0956650619950553,0.0001195393249998,0.0005028712972853,0.2642731687986471,0.975306276041592,0.03203815881171,0.120409373331742,kebumen,7.334754384670624,6.829432493798843,3.323316473439045,0.5180726433387641,-0.1277230478453938,0.0984027012493124,9.11684864649036,10.092368445422196,0.5575977599660255,0.1121196384027824,0,1366130.8242919573,kebumen_0043,6.778283135916702,0.8761664074259328,0.691335407196475
-15.264510427353516,1.3163655450017735,-8.324101687212227,1.5445981796141612,76.57708725911523,65.71186722156614,60.1686594413559,123518.84174895288,1613,0.0620198888367333,809.9013824706543,0.0548304841469487,0.0168664000180455,-0.1490771263021424,0.0997849052030826,0.0002875570108795,0.0007694939370162,0.6751680382899851,1.5157578612131493,0.0674826679206313,0.1605127083975309,kebumen,10.134912643949807,7.087998673365099,3.5637816663408395,0.486515414519991,-0.1938828320175394,0.0976708587292453,11.741487260672416,9.42674117596386,0.6819129454687077,0.1186515823186616,0,1991600.5021246453,kebumen_0044,6.940408740141256,0.8864696161041773,0.7857266657030471
-16.355837459827175,1.717026911591251,-9.30081754599504,1.948389531131789,70.83747302110785,57.80829397348257,54.3838266029183,159667.6641895771,2254,0.0567091045158537,800.5523361760212,0.0671083329100885,0.0181237714039686,-0.0539184595466624,0.1108302282217437,0.0002394327031129,0.0007282594887806,0.494410877311857,1.3315675765042136,0.0544274438868727,0.1523226957932177,kebumen,8.950269871415983,8.774953114420445,3.3847037394683253,0.5512782167864932,-0.0965546733722447,0.1125569824570647,10.888143488831878,12.166702790260716,0.563988683813738,0.1429781046687775,0,2815556.0831495747,kebumen_0045,7.055019913832118,0.9705211201576252,0.7677268016987736
-17.02434063766253,1.9361613153229045,-9.757027206420952,2.3326804001143886,81.56747594681279,68.29482429258285,101.9915497070649,75694.61767864227,928,0.0494072103103006,605.7219466067253,0.0803176472427448,0.024665296469216,0.0168577077759842,0.1149933288685516,0.0001848907212382,0.0006458603227275,0.3925492865171384,1.222446109425044,0.0455506006477426,0.1450118170099025,kebumen,7.761886564098352,8.586118080384791,3.283792223480929,0.5700266238548913,-0.0203794330914714,0.1203824965535238,9.560064468480864,11.967746806076166,0.4665703231132561,0.1633195508205545,0,1532056.0947125775,kebumen_0046,7.267313431241591,1.358950755820357,1.2503948237109839
-16.277019142133703,1.8306135065911653,-9.029016738895706,2.1144903701847,91.05706547160209,78.06400021639737,72.96965858958399,73756.22303199768,810,0.0762018376390489,836.8580432982874,0.0704199089583338,0.0152204594430419,-0.0442259786645218,0.0837398568145451,0.0002705178250809,0.0007395050931482,0.5554413516306186,1.350462208180747,0.0707617972720741,0.1758013618457803,kebumen,8.953340007743197,6.821837905689939,3.503710628547166,0.4706489434653535,-0.1068839394578337,0.0865801230353771,10.32209742806263,9.315990985740376,0.4856105030397393,0.13243574515877,0,967906.0940940086,kebumen_0047,7.248002403237932,1.004305202304094,0.8013618516219478
-16.337187830170596,1.629924080927851,-9.403184331855348,1.7376635162556422,76.40503946538219,62.99718761444092,56.82314956534704,60436.38621711731,791,0.0507204457357969,663.8363920848117,0.0667156913694427,0.0167373710491385,-0.0642766371907695,0.1042624506639357,0.0002081426371255,0.0006779283326581,0.4394256689213202,1.2421414271016329,0.0469608618583137,0.1387181920408509,kebumen,7.462615556434118,7.482492090423509,3.275923715997833,0.5699590440184024,-0.1099829012227838,0.1053159811846239,9.047825518283414,10.648202205522942,0.5703317074615067,0.1332521768474418,0,1191558.6572706937,kebumen_0048,6.934003498315324,0.8655381301776963,0.7437094459075914
-16.069631016610366,1.471511383702334,-9.246581202891624,1.7380551354619984,88.23266905318323,75.26804046630859,68.34536264187352,43851.63651943207,497,0.0384921187866987,436.25699188015255,0.0660791326902568,0.0150367207884331,-0.0873229232113612,0.1113551944083346,0.0001319878125807,0.000530282763022,0.3119762003871639,1.0550583900145918,0.0358981884566787,0.1261771808261559,kebumen,7.576998272012477,6.574711210840545,3.3296887392667807,0.5354231042472412,-0.1431398942763183,0.1111001270357951,9.309503130311832,9.517929839754878,0.567712907757323,0.1302556129372041,0,1139236.7555143612,kebumen_0049,6.823049813718728,0.8622471059122665,0.7746038216375115
-15.404185261324567,2.1193773678982253,-8.741932176303052,2.186706818807354,85.90255973372456,73.70172573271252,65.538067877869,141137.90564250946,1643,0.035091028701306,408.4980565198417,0.0500114438157181,0.0206374695881548,-0.2219727690344201,0.1096600079935865,0.0001418438556188,0.0005459506317165,0.3667372578566064,1.31335775813908,0.0345465937892158,0.1197861762655105,kebumen,11.332097853404363,12.065924232754368,3.599426991624645,0.3706970984521857,-0.2690708298383231,0.1080782326287186,11.971124065227825,12.950417465337813,0.7263316004282616,0.1487405024805021,0,4022050.9590605497,kebumen_0050,6.662253085021511,0.987132755204718,0.7629349821590864
-15.812101743571397,1.3341458133169866,-8.695951386021964,1.6387263594160646,76.02114468569658,57.86623546055385,73.07318981279816,29800.28871679306,392,0.0448766722194784,590.3182911151567,0.0630844450300414,0.0165586549324217,-0.1229489082807019,0.0845036267274326,0.0002057640025294,0.0006576749773548,0.4592678841953928,1.282127821209648,0.0485267865691192,0.1401217271770971,kebumen,7.34124822535527,7.291390400943081,3.185522207057533,0.6746909019253247,-0.1699428352704876,0.0839702821264776,9.135725654798163,11.111034005082251,0.6423908163775195,0.1082668872339867,0,664048.5411005676,kebumen_0051,7.116150357549425,1.0599379849196144,0.9612219089164402
-15.923470300979249,1.3716707570985516,-9.18784046426602,1.725232753713196,90.75560041264676,72.23462493896484,88.38562721455065,102372.31726546554,1128,0.0405338911925055,446.6268859244651,0.0641814824267333,0.0140712803016296,-0.1029477504621842,0.1046130033288415,0.0001256595127568,0.0005057757035227,0.3215319368539791,1.0849002754474493,0.0361335147119659,0.126365574818366,kebumen,7.254567216710003,6.307130663559565,3.3505868379356154,0.5112097470630974,-0.1569096788427887,0.1061193817562628,8.657490525175431,9.103149430056789,0.5888723836701446,0.1170553370401893,0,2525598.067534991,kebumen_0052,6.735629836713151,0.8529932909775512,0.9738862044069971
-17.08691150407028,1.830071396403788,-10.005622136432702,1.882169430269125,69.63664466034282,57.79420004950629,56.55370124511195,61280.247301101685,880,0.0296758627943205,426.1529678672262,0.0777915046179749,0.0208492317313995,0.0108710837881029,0.1275913585511635,0.0001288800668368,0.000558570777695,0.2606633388767557,1.0129638985463083,0.028078294281904,0.1135697088765008,kebumen,7.005491522633013,6.903048333602895,3.2967680435820315,0.5297300854645015,-0.0250548599315109,0.1339246337553396,8.761405298859575,10.162795486197927,0.479486276585319,0.1763936385013776,0,2064986.2053153084,kebumen_0053,7.081289367637726,0.9315391211339288,0.8121255916472747
-15.597877488187969,1.801970911323159,-8.653780601530878,2.1577002805872643,81.96017671861956,65.76792216300964,63.67876374243328,127038.27391386032,1550,0.0649118706716497,791.9928100509229,0.0570640258756018,0.0158619099797546,-0.1241636047502708,0.0984670978677301,0.0002537477522147,0.0007163874029224,0.601199395640403,1.4520701186822704,0.0638089110514457,0.1623504772466807,kebumen,12.923274663938392,12.739580951279416,3.550577857990099,0.5299513597870087,-0.1684057616593721,0.0988158848303755,14.230165235682772,12.855865563682888,0.6611219564699315,0.1333393574507009,0,1957088.47394756,kebumen_0054,6.944096886657062,0.9989546515591684,0.776947613974176
-16.567528608846388,1.744835075894619,-9.558482902335436,1.9420022236674723,80.94431521843158,75.02142105102538,57.362230478004,85962.86276197433,1062,0.0631510666554597,780.1791451943715,0.0747158601084255,0.0150821048339896,-0.0108976654426918,0.0871484393927497,0.0002554635306564,0.0007511697482352,0.4566283788370363,1.208633011616941,0.0599348435947763,0.1635362736422937,kebumen,7.512520996449674,6.862325976598561,3.395398302692488,0.4880484942313284,-0.061186552387049,0.092899001161945,9.519381958681755,10.934069379246097,0.4889616783260211,0.1175474316336234,0,1361225.8242758033,kebumen_0055,7.009045706510875,0.8672698063341147,0.7086628668512378
-15.261151891096825,1.3062700890847416,-8.171314767347635,1.655981609843742,77.53221143394579,61.78328704833984,69.71502688839716,124904.39262008668,1611,0.0701174450125263,904.3653433291204,0.0556514789154109,0.018378732921967,-0.1620042011783557,0.1040070486108486,0.0003154644915664,0.0007944703062256,0.7219331729951374,1.5544963298112855,0.0727612818151125,0.1650454439838373,kebumen,10.272322805328214,6.697053381440309,3.59116795495752,0.448476350382729,-0.2071668861313649,0.1041960549570889,12.377016352266402,9.936102316240197,0.6815769500927177,0.1254937722659767,0,1781359.7257825462,kebumen_0056,7.08983712374928,0.9789104450745282,0.8991750086709632
-16.747527251343538,1.7523658594175966,-9.729173553335407,1.8934967437408248,68.02942648307746,59.1376277002795,49.03118828552626,124970.0564494133,1837,0.0439049943449827,645.3823972175376,0.0711574233944861,0.0175424274675912,-0.0221118109917179,0.1167982901368406,0.0001862237388904,0.00065364518672,0.3770005787938067,1.1693760608670891,0.0419165535708897,0.1354592048477221,kebumen,7.6806230699587985,7.934461700913309,3.315751103604065,0.5539394714231257,-0.0612379318498605,0.1210281767172274,9.530846759733318,11.506261031745352,0.5294435476770397,0.155470768258295,0,2846374.5028062896,kebumen_0057,7.01835369800809,0.983184562383144,0.7207349939621045
-15.276500756667255,1.4256551682624032,-8.006999932158587,1.479207688368484,74.9774622037441,64.98871262868245,53.58901456541819,118464.39028191566,1580,0.0816262207616473,1088.6767618225845,0.0555354127437002,0.0165827785010377,-0.1438459265074332,0.1031956971804862,0.0003425677662985,0.0008260517218513,0.7963355961976808,1.6063474246193463,0.0844902175888661,0.1788579906814044,kebumen,11.100559026131014,7.055395946363335,3.575502077332558,0.5616936049020029,-0.1867175361719202,0.1016770480199147,13.080291032379115,9.66971289201214,0.6701734724244491,0.122933615210391,0,1451303.137356287,kebumen_0058,7.269500824508682,0.9251281444279286,0.7147349748887893
-15.968666733567204,1.4241155998495687,-9.061668655815684,1.778429260442692,96.51851428604462,82.6708504813058,72.22808353431509,164467.54834342003,1704,0.0507809952222748,526.1269881525428,0.0663711186522606,0.0156133481785365,-0.0769338052451962,0.104861407717973,0.0001617573491533,0.0005706861868055,0.3970392329203011,1.1791206894050228,0.0467788564325924,0.1444076726635876,kebumen,8.40352701453059,9.062367871675946,3.346252460565067,0.5506505647787995,-0.1315143202673881,0.105217537825153,9.36119940256192,9.851224559617163,0.5663633489997619,0.1292567534828707,0,3238761.8167687496,kebumen_0059,6.906998077751555,0.8421332771265869,0.7483339758034213
-15.944366702554222,1.9859467395246089,-8.742993034957697,1.9632855352190648,72.0057726197184,59.86978890555245,73.13100493530203,216089.3236317749,3001,0.049104774012309,681.9560741559485,0.0598804401899283,0.0228207558801919,-0.1472400650450959,0.114274669778868,0.0002150924063052,0.0006752743260864,0.4457837069847804,1.2269934818483437,0.0525538086445067,0.1446490932572784,kebumen,12.199547243773717,11.423131237362885,3.596447464651338,0.4636701384498807,-0.1944473893425063,0.1216258373513625,14.318771592658758,13.025754037446156,0.6226782388078863,0.1858940102249726,0,4400576.684817,kebumen_0060,7.2013736675964966,0.9808956817444408,1.0156269737084314
-16.431129788017593,1.9292000660706183,-9.238881464736767,1.8319474812517456,81.83175108638511,52.17117200156515,128.04540271941156,193450.2595682144,2364,0.0508378208393082,621.2481116973975,0.0665344886442931,0.0236054759588688,-0.1013458858616205,0.101263811366178,0.0001891739138558,0.0006222729295717,0.3774984521981133,1.113935880863807,0.0494297037007209,0.1362325948870144,kebumen,14.208295193532338,14.695459933889545,3.6082037545267576,0.4727727406753845,-0.1473896373476774,0.1096880793995547,14.965282409894892,13.91049940565921,0.563474799287929,0.1811539223143719,0,3805242.95444696,kebumen_0061,7.192248323280804,1.083791604756605,1.564739859767162
-16.968755039572635,1.6890633486411717,-9.981641818185013,1.767381588735704,92.724726118983,86.07173029581706,66.55679980536557,98380.93441224098,1061,0.0393728683780572,424.62102640815135,0.0739427749256638,0.0152608242212298,-0.009841723625806,0.0930018028277129,0.0001439199893481,0.0005591139687183,0.2923018058074388,1.0066524736862243,0.0370094320757157,0.1314446266914223,kebumen,6.360675424255584,6.43880137240854,3.262342518151806,0.5234336381507861,-0.0596454700116197,0.0987121222380599,7.5127921814371215,9.127938067916077,0.4894827447833406,0.1207323272630157,0,2498698.6842713547,kebumen_0062,6.98711322138766,0.8081727787098503,0.7177891226118142
-16.053222356802383,1.476796784155988,-9.150336327106372,1.872389054166289,89.84404858569025,74.07849968804254,79.67322296171967,102062.83919334412,1136,0.0599058749388113,666.7762181451017,0.068474274123012,0.0157180833213933,-0.0796353462807965,0.0965067004108734,0.0001927605269445,0.0006215546091828,0.4057335120176298,1.1689946180363155,0.0535818636820173,0.1558556042141671,kebumen,10.802329983574388,11.584043280446224,3.4631498684122954,0.5440662128836821,-0.1343804976942129,0.1002666204681076,12.299192025038398,12.431542459159887,0.5614545698554723,0.122913328345256,0,1703720.0324274122,kebumen_0063,6.902886029696081,0.8988940785252174,0.8867946649324248
-15.213735200450316,1.223585743077456,-8.409971894194031,1.7657409922460718,69.41345875505915,59.11784447564019,50.10985769961058,57960.2380604744,835,0.0533827595097241,769.0548845591612,0.0571770957506547,0.0151810734025674,-0.1520987812405963,0.0891353338948904,0.0002708997411227,0.0007514355236313,0.5847041051193892,1.384917035004421,0.060726503667976,0.1524507799180308,kebumen,9.267752104997466,7.064820350800892,3.5244502091898737,0.4433466000074162,-0.1989766689975119,0.0884377016203956,11.035995496508754,10.041099529133,0.6854418473170254,0.1048995366971335,0,1085748.256418188,kebumen_0064,6.803763306256279,1.0862645385902174,0.7219040600819846
-14.963708641957153,2.3185680608107577,-8.161125791165466,2.298509649280511,73.06828871643702,65.9337582471894,52.35348576014206,92869.79495859146,1271,0.0269676232679273,369.0742419407566,0.0455108732559546,0.0218075774483033,-0.2634260933659635,0.1155376533603243,0.0001176135442675,0.0005003827175307,0.3732287764991979,1.5465695679668017,0.0285276830978135,0.1069947521133757,kebumen,10.032887743698597,10.04386944511724,3.520866370714592,0.4088200381015751,-0.3096196745832547,0.1129201027280936,11.354850379362928,12.013655715997992,0.7498093123774313,0.1760458978485477,0,3443751.569647658,kebumen_0065,6.802582850791687,0.947756825713014,0.7165007786526266
-16.444904524572703,1.4083580321211435,-9.643349435970627,1.773920251600993,93.74522823510152,82.12284772149448,71.28968021783767,102369.78923273088,1092,0.049114501393589,523.9146815069445,0.0716793505282274,0.0136407401449176,-0.0380203127260391,0.0916524504851262,0.000153255336594,0.0005720129641811,0.3101470490510126,1.0353741368832614,0.0410815085013869,0.1397178873803913,kebumen,6.877519919665201,6.38387804708174,3.3189499834069265,0.4971278335712081,-0.0907302968013049,0.0959717239643537,8.019456952818674,8.901529426653147,0.5214642688916077,0.1088579324873894,0,2084308.8360476217,kebumen_0066,6.801555088601994,0.8951979021935389,0.7604619622777162
-15.55504589487485,2.096090146281005,-8.981604290600279,2.3179693190782285,82.8460032374172,78.97360007993636,52.9331329409925,156413.25411224365,1888,0.0341430803853812,412.12706770579103,0.0509865110437319,0.0212835533700007,-0.2218538494587567,0.1040355462604994,0.0001585321445285,0.0005817916552268,0.4229616420306969,1.4288541423802752,0.035866821909936,0.1184821724455154,kebumen,11.71538956502158,9.214206865186457,3.6548808567001454,0.3305527222078759,-0.2724987247109178,0.1017671477345664,12.280031611533127,10.748848838497402,0.7180747819371933,0.1342531924651192,0,4581111.380308085,kebumen_0067,6.573441604274555,0.9707783013242473,0.6389340568343239
-16.15065746620642,1.7739361410024523,-9.116220151806802,1.875630306879966,85.98679639602474,77.87021845037287,55.55289222720449,77474.1035528183,901,0.0635249913104235,738.7761141588524,0.0626167379634727,0.0137848678970317,-0.1251324877833003,0.0847397714605469,0.0002443487792108,0.000708266361827,0.549640504730174,1.3459686956046697,0.0630173257786309,0.1628047770590636,kebumen,8.692184375946331,6.685649025004183,3.478975611378036,0.4622850069973132,-0.1941704860703814,0.0858595655727176,10.21214660967012,9.60510387703474,0.5801663912957931,0.1277375335343247,0,1219584.638339114,kebumen_0068,7.03443731439961,0.8168558426763486,0.6460630533477202
-16.41160935461566,1.656884540879344,-9.479357604224893,1.794532695807418,74.41100501127482,59.96577784700214,65.178325779517,195998.58719969788,2634,0.0527229007246546,708.5363343320798,0.0698524349118093,0.0199741524335059,-0.0365274088772544,0.1144766475745406,0.0002097602507621,0.000679038824004,0.4411252816240583,1.2399936165723715,0.0503375861309837,0.1476573567889031,kebumen,8.440331760570238,9.101403686910247,3.3266963969873085,0.5747310072422638,-0.0803361652797618,0.1152198329016406,10.330928613481504,11.754883002382648,0.5514120041001614,0.1515614432220387,0,3717522.831744413,kebumen_0069,6.932251750390705,0.8944583142322091,0.875923202080675
-15.571976802091482,1.378761283848114,-8.65445198238856,1.8076194478576584,73.88790278337198,65.94332381426278,53.60854338507573,119181.187189579,1613,0.0458872132623652,621.0382421720578,0.0604577238590029,0.0148778273071846,-0.130328828332292,0.0878452763232155,0.0002155740955518,0.0006805538407541,0.4979125354713041,1.295488331245445,0.0492191771494225,0.1376580569660581,kebumen,7.591646129817108,6.242511574081131,3.417833820679449,0.4913151557528301,-0.1773272674734555,0.0876128443939329,8.64687172573846,8.261334257021533,0.6612398219432418,0.1036029504721285,0,2597263.566827372,kebumen_0070,6.917524819703003,0.932616622545217,0.7255388414832638
-16.71749022493449,1.5367726730328377,-9.711698379552464,1.860099206863424,90.63242271730115,82.08940852772105,59.35868265233532,77762.6186914444,858,0.0426837461926978,470.9544875109003,0.066921056134462,0.0134693293673453,-0.0542897499983442,0.089647905740683,0.0001506833817324,0.0005574210977019,0.3459061944905286,1.1078234297539105,0.0411872803609016,0.13652835419378,kebumen,6.181983522647809,6.80985153943569,3.149154912147647,0.5913107899711791,-0.1027521365553844,0.0915239280127416,7.433869121329751,9.423404411864825,0.568972414549967,0.1057150451186246,0,1821832.09365882,kebumen_0071,7.005791845382,0.883345702009411,0.6549387169918842
-16.23072939390156,2.041504117589549,-9.148399587054104,1.9089879754146664,88.66609849355625,56.43725914083501,150.95477681958377,242501.7793798764,2735,0.0527829324027398,595.3000447693746,0.0672448169915361,0.0245086154598543,-0.1048839780138952,0.100265190846515,0.0001955813880531,0.0006346891252887,0.3939848678001203,1.1415252290130078,0.0521533651571162,0.1453417233491176,kebumen,12.676419774043811,13.408317162441575,3.548421260413027,0.503539553172524,-0.1485589539630432,0.106367468874037,14.073098428829178,13.343768634877408,0.5834136625487036,0.1848350381267884,0,4594321.844977464,kebumen_0072,7.082329806847335,1.0221317164832389,1.7025083925459323
-16.4304568697266,1.8338882060102373,-9.46442790158527,1.8565146348732533,77.65461187885096,55.95353223338272,103.73243866323202,174179.2944442627,2243,0.0492334773237919,634.0058385791842,0.0701090932438196,0.0235463510597648,-0.0504358666697979,0.1224526080904383,0.0001981901453056,0.000647783789734,0.4741144225763044,1.3611128561669967,0.0502130775790452,0.1479393169398425,kebumen,9.712657661328468,11.15250870439966,3.423730746408472,0.5390173451320328,-0.0921976877475487,0.1255242828781569,11.02474251404092,11.52795936571914,0.5612810016071016,0.1642256600703139,0,3537822.3093758784,kebumen_0073,6.966028968141187,0.9027008431780432,1.3358181330564771
-16.88435962193732,1.4827209824957313,-10.037589142999424,1.763944093377959,91.14538495499512,80.91790840842508,61.79937061240342,63437.187928676605,696,0.0353105141258741,387.4086893517363,0.0740796925352286,0.0126544724505677,-0.0388623637670591,0.0818935354521211,0.000126619256742,0.0005362359246029,0.2569127156567709,0.957302979369473,0.031995811066276,0.1234744993424539,kebumen,5.684176374386706,5.805223376128913,3.237878311835573,0.4999460066406706,-0.0917109605803937,0.0879024161372383,6.719217065157727,8.436971580086135,0.5185253478137952,0.1008701464330057,0,1796552.372546521,kebumen_0074,6.846770478937906,0.8672402309298324,0.6780307159042458
-16.029663854929325,2.2465259960472084,-9.36472868239254,2.5363685818310047,74.05292401011194,61.96764437357584,58.47131707490478,101526.55881786346,1371,0.0427442019000716,577.2115344727629,0.0649565480317748,0.0165276276660586,-0.1054842143857581,0.0988170691797194,0.0001908273917204,0.0006393885867538,0.4341964661486532,1.2587056479696297,0.0460846560404719,0.1392615315331254,kebumen,15.7134405478107,21.352045189917288,3.5567927760460782,0.4697482106540006,-0.1523334524122854,0.1040456980223236,14.504106419972416,15.76064594042097,0.6018238487848963,0.1833204607499513,0,2375212.4102168195,kebumen_0075,6.66493517253678,0.8804315191936908,0.7895882283719211
-15.397515189806196,1.7196396802099638,-8.269995574939008,2.045934192165361,80.17582252005569,70.15365912697531,59.75315406497578,95409.22879886629,1190,0.0709104356054518,884.436646567784,0.061095749456382,0.0188421297310791,-0.1092911662869811,0.1240442849579334,0.0003215534015498,0.0008161468571048,0.6939945741296536,1.479514650943026,0.0719829348536954,0.1646375904004489,kebumen,11.211352262457478,8.03043699157154,3.583007240774257,0.4640968309119377,-0.1557343000476715,0.1253093678405831,13.717189024318897,11.214463407010284,0.6204142802251448,0.1426629328909672,0,1345489.2497026324,kebumen_0076,7.127519614867223,0.9396256113596776,0.7452764709713923
-17.485249626840808,1.887994062720144,-10.139510891957352,1.8184848146305983,81.69958019616197,74.07045478820801,58.68321391572191,54166.82167005539,663,0.034804071107469,426.0006113116357,0.0715451316601749,0.0124131221170856,-0.0607380979906546,0.0870168374775835,0.0001248245213648,0.000522903743526,0.2624038892174087,0.9621808934992904,0.0311893832051953,0.1184102700523216,kebumen,6.396620524566863,5.621035302839864,3.3568864288945504,0.4286989934108706,-0.1338472464353817,0.0914768157642101,7.249485485175681,7.64446724551658,0.4716638240103042,0.1314295140967482,0,1556335.7948211725,kebumen_0077,7.345738734883333,0.8854249303485654,0.7182804828962718
-16.274225840560874,1.7289253044153607,-9.392963238337977,1.894964815868387,79.072796017452,68.46530884962816,67.46570415724985,104138.87235498428,1317,0.0458008659548247,579.224060127027,0.0715627666435028,0.020904541284361,-0.0385552514868031,0.1150410298634107,0.0001879101381425,0.0006290484875223,0.3985840599052936,1.2259366877815343,0.0477417801172895,0.1444405188329587,kebumen,8.466430852955165,9.44622418544953,3.336061449668629,0.5977272895112906,-0.0805166332372235,0.1174889817575026,10.131665140602417,10.492538925624658,0.5589870903073214,0.1543121852116937,0,2273731.515419395,kebumen_0078,6.881262602222798,0.8577541436519749,0.8532100489068278
-16.528397215133356,1.8274010841039712,-9.54386257927877,1.9876141807923808,84.41782171131825,77.87325041634696,62.05418852460423,91762.17220020294,1087,0.0545537691512638,646.2352148556995,0.0684772703417208,0.0156584538121937,-0.0538972498977778,0.1087769474268024,0.0001916276203974,0.00063066842224,0.4051798905598905,1.1466601943132253,0.0502370946580863,0.1472090328536653,kebumen,7.804682054807666,6.222939037943275,3.432577150526184,0.4827745080361431,-0.1050433720984067,0.11456608225055,9.36514974078671,9.256351381255016,0.5373945128245311,0.1381274101736385,0,1682050.0879741143,kebumen_0079,6.984534635854505,0.8653367880481153,0.7350839818730405
-14.637630586925477,1.9485448403982448,-7.784412417932743,2.082775414048489,85.43575949417918,78.62033748626709,59.36399876401133,69801.01550674438,817,0.0295109382901834,345.41670215027534,0.042110602878006,0.0128247495455823,-0.2808160569111563,0.0964878407708181,0.0001331590794479,0.0005352408862973,0.4167828380122641,1.4573166024128958,0.03159574888987,0.1099920868609449,kebumen,9.272665194431244,6.091206793485144,3.549006583056592,0.3543537760330087,-0.324792770548936,0.0924535336497423,10.300742448166536,9.1850138226486,0.7826900479208876,0.1004203260936852,0,2365259.105636877,kebumen_0080,6.853218168992674,0.866856951173028,0.6948378420871398
-15.07107258099072,1.916290449263061,-8.217166065514409,2.079855542256681,82.00624243618182,75.0045747756958,52.7232599104165,130471.93171596529,1591,0.0289379446383114,352.87490047884205,0.0440710674957892,0.0138783651627817,-0.2672061708432195,0.0943964244574212,0.0001352843267453,0.0005390645490092,0.4087515856636575,1.4751568180735752,0.0307243942097639,0.1087228034573118,kebumen,9.28540329076982,7.614848865945714,3.5233848836511186,0.3680573844032085,-0.3125130573021765,0.0912711099317986,10.11687483679088,11.073072430126716,0.7724392375087519,0.1015942064465903,0,4508679.982172307,kebumen_0081,6.853906515476308,0.885428956689238,0.6429176407082221
-16.24775606486596,1.50521094363939,-9.298445512450687,1.774318777046468,91.43870015680952,74.01153055826823,77.01954471521674,99942.49927139282,1093,0.0526651811647227,575.9616122539629,0.069284870238177,0.01432711848901,-0.0590328617508298,0.093596242511476,0.0001845288648955,0.000631127320984,0.3553475490483554,1.1033805745447116,0.0463014763576077,0.1452003979629371,kebumen,8.11466207316409,7.786545259806018,3.3600768969402908,0.5520781267771634,-0.1170174671953391,0.095595725509705,9.34795472360572,10.281786764859246,0.5314747612508741,0.1288631555362777,0,1897695.9171335453,kebumen_0082,6.949310552415305,0.9300400899058542,0.8423079569496814
-15.402884894065412,1.4114996965787798,-8.3196121515857,1.4581059294249223,75.69462895089264,55.91471549140083,87.79651072586576,248883.93999053497,3288,0.0590175330186395,779.679269673514,0.0569026322961053,0.0213232708633539,-0.1464272365754396,0.0954792552649932,0.0002552728889865,0.0007224422433594,0.575861540214616,1.4037578872911085,0.0622895183678521,0.1558867014572978,kebumen,9.915751374054992,6.934122246109461,3.525361054805773,0.5141587064899934,-0.1872147228087916,0.0949092288404385,11.68967128720223,9.377610789622384,0.6775545399445143,0.1156567675850692,0,4217118.663905006,kebumen_0083,7.083272742479669,0.9021617499991142,1.159877681451141
-15.820591650944037,1.6907410786907524,-8.595529549840847,1.9085350937858545,77.76326446436249,65.9875123160226,60.47301286463147,84139.85215044022,1082,0.0517918658134513,666.0196967063623,0.0651170971868272,0.0194350312517832,-0.1000999223746127,0.1182799822177248,0.000249043922214,0.0007272955473429,0.5486849421411452,1.3739293228345013,0.0566584664900647,0.149234459177534,kebumen,8.309260800034368,6.559063029421342,3.393770224037627,0.5895860372611169,-0.1486024224211407,0.1186234646719324,10.119901300976492,9.997033419648105,0.5993527835288407,0.1507626663046256,0,1624576.5783666258,kebumen_0084,7.225062101103239,0.9337851839128218,0.777655275677697
-16.135759282715163,1.5694325682342665,-9.18103689766699,1.9610952164991424,93.2664713013592,77.97057011442364,68.18075105915555,203973.7727360725,2187,0.0663276035822928,711.1623572417307,0.0673702961903685,0.0143352930930879,-0.0738051330418476,0.0973787603175648,0.0002186591273102,0.0006705296152357,0.4519276264081927,1.2149185156300926,0.0577595277339767,0.1599050931279657,kebumen,9.401310982158396,7.103237982277723,3.530034169011338,0.4306411601649571,-0.1309808823030528,0.1018575112284783,10.96341451239438,9.752187201235758,0.5542662230606435,0.1171739033540127,0,3075247.132711523,kebumen_0085,6.954722385048061,0.8922026678236163,0.7310317427883855
-16.213533157731035,1.483124730914018,-9.445187596868935,1.7088379303811003,98.14213816593131,85.96806716918945,75.7841209450679,69779.06023597717,711,0.063363060282615,645.6254313054151,0.0682456019478069,0.0142149018571114,-0.0499314923292705,0.0937450898434483,0.0002126597469515,0.0006651955158201,0.4598584269458162,1.2664249847014446,0.059183476365966,0.1674887861499644,kebumen,7.851902460930256,8.769047964792504,3.283621674136209,0.6047103531594106,-0.0977438724055097,0.0969207863424687,9.486135849800808,11.259088921107494,0.5526159956898531,0.1162114792585435,0,1101257.7347865645,kebumen_0086,6.768345560862084,0.8115909415401983,0.7721873841482629
-17.17797579375174,2.0339843750148456,-10.027374656922904,2.023303125318993,92.76016034985788,87.03926788330078,58.51093079218538,103334.81862974168,1114,0.0529498643354539,570.825493786839,0.0697628867466486,0.0125095700134417,-0.0476135304043467,0.0859448512973614,0.0002090113559307,0.000677641607874,0.4130963410138008,1.1816217658713204,0.0516536274265839,0.1535544832645198,kebumen,7.477930972303725,6.319816871321221,3.4322226411891306,0.4407194809116194,-0.1064873952464652,0.0957684463918991,8.66339081350587,9.305094338394204,0.5160005076244559,0.1057066231024222,0,1951559.648483388,kebumen_0087,7.150601136829002,0.8165991575652052,0.6307765162490366
-16.5145330002621,1.6285913455167542,-9.553116629324052,2.042944561153385,99.97225725730202,91.64855819278291,78.79593300972913,135062.51955461502,1351,0.0653320930051827,653.502229493881,0.0723584164172689,0.0134712174861406,-0.0907869892524915,0.087173695339939,0.0002222272181922,0.0006736358258656,0.4754609811995754,1.2637260569833657,0.0602575735799154,0.1656880837309345,kebumen,7.543080651323755,6.9454546177386645,3.357864130266631,0.5104565820482297,-0.158024963100503,0.0957726453794647,8.719022793195494,9.792934502307492,0.5372537522002979,0.1108524540207727,0,2067322.709895437,kebumen_0088,6.961416370937999,0.999893691167024,0.7881779922896943
-16.480733795097645,1.5533353367061165,-9.507818154396606,1.9092951654365675,88.71080060340331,77.8200553445255,69.0429641962185,199421.87975645065,2248,0.0551596886847869,621.7922542643677,0.0709403499105933,0.0142863983557089,-0.0538329169374853,0.0884878870987862,0.0001828796856856,0.0006175319164521,0.371137289695495,1.1176963269980158,0.0490708344972793,0.1507589150323736,kebumen,9.187967227029024,10.160423121494402,3.435455991842789,0.4904543687223472,-0.1119487399704375,0.0932928246231363,10.171692436399876,10.910616149405094,0.5297590841944242,0.112292598763844,0,3615355.4255184014,kebumen_0089,6.97291564070112,0.8975410643073379,0.7782926512509654
-17.328630147303826,1.7650412979437151,-10.269605455599478,1.8063884419694127,88.35372768528472,77.9382832845052,64.91045440172435,57341.56926774979,649,0.0341799983744747,386.854061169028,0.0711025972380006,0.0114893828899404,-0.0621523789070948,0.090373854768914,0.0001224210898674,0.0005186467764501,0.2526563679546463,0.9310664239571328,0.0319718749858354,0.1226611149796375,kebumen,6.646545824997388,5.445529596228615,3.378608872763772,0.4241282640715976,-0.1262317995185962,0.1023726014236625,7.601662199744098,8.070473632478162,0.5106409014841294,0.1061252100334075,0,1677635.225125458,kebumen_0090,7.059024691704344,0.8273246899137209,0.7346657136293657
-16.48145195757518,2.068915367602714,-9.332378531032116,2.127110020834681,77.40643625207514,55.71514428470537,92.13972400462823,336795.40413277893,4351,0.0452076104726281,584.0290893306201,0.0639896333276311,0.0208054863645384,-0.1153966436117971,0.1017678906761358,0.0002010563909588,0.0006428606099955,0.3794243511675299,1.1175940237038775,0.0485955214568628,0.1387057157462485,kebumen,13.175340857336526,14.526792660692175,3.605262019221317,0.4261367716181978,-0.1642874436236624,0.112894583491919,14.44935655842584,14.50217035831902,0.5809752141783395,0.1787917348920923,0,7449971.378971656,kebumen_0091,7.149073426542956,1.1639236684706948,1.1903367273565462
-15.92852095045802,1.726294507510391,-8.754570783474135,1.931168565428201,85.12200495654886,70.18133495164955,73.48865386272064,112361.0465426445,1320,0.0567138159651309,666.2650391526955,0.0694759982709136,0.0231196213126158,-0.0632700950943596,0.1323582178559216,0.0002379261170684,0.0007072292842465,0.5000115640083791,1.3132851597650617,0.059512733380036,0.1592632862896236,kebumen,9.195758469879175,6.599193522421548,3.538619744266469,0.4311769561677104,-0.1083099602568887,0.135007091278069,11.55232207864206,10.2401508932984,0.5562683044452906,0.1762863521479437,0,1981193.5527619373,kebumen_0092,7.173950166983918,1.018356373262278,0.8633332109627052
-17.30153910952653,1.828268329735407,-10.075298338908782,1.962481235776612,94.56302727170352,81.6000225360577,70.15515277901657,45012.00098133087,476,0.0482851011282196,510.6128951380152,0.0752633946421513,0.0132374860247063,-0.0677173316156391,0.0792613476421535,0.0001654683318274,0.0005885647366554,0.3610643738330888,1.115089363773316,0.0451865363018738,0.144739307609172,kebumen,7.357807713725888,6.266656302172325,3.4351913095205693,0.3996333961895975,-0.1417256946474002,0.0853038028857335,8.486493490197208,8.815767116149066,0.4944812780573685,0.1118885593110385,0,932213.0414887788,kebumen_0093,7.226240770617781,0.8549556391408073,0.7418877631470391
-14.94280335154946,1.7420567161179463,-8.195695977935168,1.8474588872494624,82.80804811445378,73.84110616048177,57.28813694598735,58710.906113147736,709,0.0192244612459684,232.1569181222239,0.038082965654277,0.0085044869339551,-0.3101689724650933,0.0744219288830231,9.116100677908084e-05,0.0004323831329139,0.3438612777402205,1.4479205973241396,0.0215066771605126,0.0889999064371196,kebumen,7.458623721956344,5.752740077659294,3.4112433174801224,0.3473197088157913,-0.3493538321821386,0.0708690105474342,7.394132623363985,7.667043495014819,0.8153235868212931,0.0697596993914507,0,3053968.866121542,kebumen_0094,6.747107373614427,0.7991074513467132,0.6918184675335676
-15.958486252546258,1.503358398077833,-8.929206362159329,1.6999383682675957,95.4546337723082,75.83015803286904,76.49489327647757,87531.89916920662,917,0.0788732467026673,826.2903914209849,0.0673018170218607,0.0186747250990078,-0.0508555770991277,0.1188844918726198,0.0002787754577705,0.0007364253478672,0.6538979547007296,1.472423998201597,0.0789779579103399,0.1856766305994097,kebumen,10.38876122894601,8.141307848773305,3.4726797012663444,0.5785733790660886,-0.0979982408597436,0.1207059485666194,12.92917525057115,11.695531019056634,0.5534731999178575,0.1492910764375052,0,1109779.333658982,kebumen_0095,7.029279890386876,0.7918829362191253,0.8013743309617
-17.5609682192812,1.6371995681497438,-10.353210233409929,1.805515829295889,88.40001101259585,77.94772033691406,69.96315463961247,106168.41322612762,1201,0.0307777660263623,348.16473068059787,0.0775584390395377,0.01171715238046,-0.0337593622358454,0.0804340182265226,0.0001213425259476,0.0005287435747351,0.2135950966370628,0.8492455182082603,0.0286612440033722,0.1153378424760641,kebumen,6.072068919193681,5.029094415412605,3.3790970448418807,0.4011835733745858,-0.1032506575826424,0.0964697242893086,7.019694412731651,7.269463156989279,0.4538507771268972,0.099902559599914,0,3449516.5482507846,kebumen_0096,7.207757985871243,0.8884898144146951,0.7914383023056821
-15.582946594514564,1.9112685309616009,-8.236380378319765,1.9656976107951296,77.71212365909524,70.07897186279297,55.90617511990978,118821.83707475662,1529,0.0725284501050212,933.2964625080442,0.0614982191420956,0.0202900570416876,-0.1064495536163145,0.1320067938854535,0.0003474701408358,0.0008355629293247,0.8049079054454596,1.6011171316878805,0.0801648989188714,0.1712529003128776,kebumen,9.788947819668069,6.354311293906631,3.5811750883680977,0.4358282673554086,-0.1559470066978037,0.1313380568370838,11.396779015350583,9.383431947514362,0.5943678213084913,0.1704288023291695,0,1638279.0050346102,kebumen_0097,7.346566216194804,0.9399641507069064,0.719400943991146
-16.441604975174496,1.8039639628986888,-9.205103787461107,1.9810582247161628,92.1103617817286,72.18233050097216,125.25708658089911,111914.08956480026,1215,0.0547596709170385,594.5006604881329,0.077892613684672,0.0201385378720108,-0.0053604462530727,0.1103366399025727,0.0002127914733303,0.0006707975248988,0.4658800472876968,1.2925866740731091,0.0556805071359663,0.1581996679663466,kebumen,7.549743503327988,6.496167596449604,3.387900078817495,0.518624302110882,-0.0493425180245099,0.1149838581620164,9.36890673992252,9.941022441509157,0.4811529298084103,0.1536256908896501,0,2043731.959864245,kebumen_0098,7.236501187713399,1.0210292318034933,1.359858805871563
-15.466564718949412,2.0591961437887942,-8.900574550410735,2.248061065503429,77.85559226634058,72.91177491218814,48.730075570221416,124413.23644161224,1598,0.0195474475892001,251.0731345068857,0.0457735053595121,0.0138945391273374,-0.2299136780535043,0.1035045868196483,9.7242429643787e-05,0.0004643851765759,0.2644558470552166,1.178417098445335,0.0212736677635152,0.0907967767366906,kebumen,8.563823994217596,8.674538598104052,3.503574113128952,0.3643652006757135,-0.2734256332201972,0.1029613902018754,8.573780926475893,8.96065992989117,0.7514844209574161,0.1031698620938146,0,6364679.371763588,kebumen_0099,6.56599016853857,0.9040457478109124,0.6259033442776719
-15.559736404429888,1.9183010427842824,-8.197671962994773,1.9697672645782536,78.63561583240748,68.01328049306794,65.01477053940809,158214.85905480385,2012,0.0834073663641199,1060.6817976968894,0.0620470432118282,0.0198987084581609,-0.0991345991477843,0.1212261639651327,0.0003881983327997,0.0008801019174369,0.8281703110315546,1.588516366792136,0.0869689650313113,0.1780630343219429,kebumen,10.759623387148215,7.334502177604571,3.608873218168901,0.4608270616054248,-0.1478058301143072,0.1211544360317841,13.209961277513916,11.421309969070364,0.5946889863436845,0.1588789790581469,0,1896893.1157004435,kebumen_0100,7.362064441435128,0.916247862463915,0.8267852912600204
-16.442470717913675,1.5832701655385464,-9.291731072712576,1.7673190614045808,80.56089826272633,70.03481740536897,61.33277129226556,134536.70009875298,1670,0.0457629110018447,568.0536338187552,0.075505588227294,0.0222156334583988,-0.040986044380953,0.1092379142040248,0.000193520809323,0.000642700541576,0.4320403793198819,1.2390434767421217,0.046921795651382,0.1412790106625159,kebumen,6.829251303972908,7.599903082923082,3.1320810049413703,0.678854531889257,-0.0813267268276849,0.1142221539891155,7.864833940693396,9.696300837148504,0.547364065049105,0.1398013516469644,0,2939863.2463159896,kebumen_0101,7.150739645201062,0.827027465237476,0.761321839935874
-15.646911063359678,2.599588281419092,-8.774650895874926,2.6397540162577484,76.11542391941259,70.03167042833694,56.86394461452375,121556.33199930192,1597,0.0182460956284954,239.716140158577,0.0517115557320493,0.0197216548663515,-0.22470561634081,0.1120357914918742,8.485603268554287e-05,0.0004244611449441,0.2230725805405477,1.0206863066348633,0.0201914127537466,0.0895489132517757,kebumen,10.129883737706482,14.906172080444456,3.4215840990378266,0.4405519271589364,-0.2713339988133197,0.1110068684377097,9.804610421735855,12.966313156483576,0.6945448149294917,0.2117295142815589,0,6662046.197404783,kebumen_0102,6.872260167484745,0.9048757027795628,0.7470751877402484
-17.07300658751748,2.0493529784400706,-9.636095299921918,2.0247967828179814,84.11300652398003,73.70508087158203,63.644769983035,94627.13233947754,1125,0.0577191363813677,686.2094076367662,0.0680082275401433,0.0124504164944172,-0.0726360223629504,0.0829662605608801,0.0001903288612236,0.0006267580072423,0.4361230898644849,1.226942565287715,0.0502058032811091,0.148112036835749,kebumen,8.389760445899812,6.54726593010641,3.530673558338857,0.3926195997324682,-0.1449201571650274,0.0857053747296313,9.53267473816962,8.95878758478257,0.4974769135292667,0.1284143699199585,0,1639441.2368585605,kebumen_0103,7.436911287595456,0.8497413313210985,0.7566578893466412
-16.416461127781197,1.3620309688418868,-9.715697283444094,1.8055165525840493,90.304978857047,73.91543070475261,72.64113180045028,130851.91436386108,1449,0.0490762724088114,543.4503504673794,0.069792577002545,0.0143791297368455,-0.0797993241886741,0.0906602614268327,0.0001688552895272,0.0005987442538587,0.3433477845162544,1.0850904870324811,0.0444106051557149,0.1434906100081075,kebumen,8.299399279999845,6.591458633365309,3.4850877959856303,0.4142795765438977,-0.1415508005749494,0.1001748956355808,9.57638456790854,9.389401584302751,0.5519251322174393,0.1026150756528052,0,2666296.92805208,kebumen_0104,6.70076384433712,0.9147282301531656,0.8043978606699124
-16.563697014957338,1.839695218237798,-9.398310024133432,2.0189039263649327,89.99692106194433,85.22803039550782,59.53363189375792,81717.20432424545,908,0.0721384904494728,801.5662046907177,0.0680739648660588,0.0143165547807641,-0.0877109216348221,0.0894887456764248,0.0002634625299938,0.0007367426359475,0.5323150557485915,1.3075510019945185,0.0664141007944201,0.1697087192361197,kebumen,8.780857833228456,7.098511286460862,3.483373476538256,0.449517405274348,-0.1588534888100713,0.0960084737208263,11.020682366581983,11.552851716169208,0.5278116542148633,0.1231240194841083,0,1132782.2888320866,kebumen_0105,7.165386990823812,0.9141530512261062,0.6615074292684
-16.186584130924164,1.626796112001582,-9.245107732905948,1.9467101920087069,86.59537128497192,73.58312225341797,66.7851000716049,137340.25885796547,1586,0.058959212342488,680.85870488923,0.0655498066050629,0.0141946679933319,-0.0871986995710854,0.0914959381243926,0.0002007234723153,0.0006495435823909,0.4058376659017118,1.157275664519934,0.0519332639776599,0.151469351727682,kebumen,9.467677972159583,8.867550153266308,3.518537565022711,0.4409991783493472,-0.1453843554671509,0.0928486057512696,10.948885731216604,10.477631713325907,0.5748677027940059,0.1231453042581829,0,2329411.357468109,kebumen_0106,6.94147639801814,0.936510812298076,0.7712317538523568
-16.955468679797825,1.7665086068631028,-9.805739726577473,1.844205908231,93.07322790498417,78.02197865077427,75.99878940804186,39276.90217590332,422,0.0454940314678451,488.7982558667537,0.0680617961420518,0.0121119435701748,-0.0905543801814063,0.0802589985737195,0.0001709820562917,0.0005926519906627,0.3558822273730798,1.0966076708836354,0.0466804029600844,0.1462333190374305,kebumen,7.285678482757201,5.401489600329325,3.4621382601244783,0.4024211286165953,-0.1656735908554113,0.0835094305990337,8.217173337961004,7.483562017584047,0.5200236696774639,0.1197075388625486,0,863341.869442016,kebumen_0107,7.149728953220338,0.8362289197726249,0.8165483363876332
-16.064074027791325,1.5140173224982203,-8.931736529646992,1.803346685270996,84.3083551303121,69.85237441524383,73.4288506544382,176710.31235313416,2096,0.0585213800716073,694.1349998010651,0.0695174681843044,0.0210387603833745,-0.0707563167212488,0.1076839920575511,0.0002335732634883,0.0006891901230564,0.5263359301830784,1.3510708595215477,0.061124924274817,0.1627216158105778,kebumen,8.40040449004378,7.797974529075445,3.2802896347194435,0.6580369034634818,-0.1109835093589162,0.111289610487954,10.181599804131276,11.052684318930984,0.5898118128512315,0.1331710612628233,0,3019585.528176365,kebumen_0108,7.132337498144424,0.9665502686570048,0.8709557972153782
-15.973638179223949,1.6675053788883805,-8.81718714390004,1.8490258860543656,84.19730225547977,74.21547485351563,60.62123341678126,117202.64473962784,1392,0.0601372147722122,714.2415868591368,0.065972084174099,0.0183988336053343,-0.0721621198568739,0.1155129243808113,0.0002419906221349,0.0006979490816224,0.5710853527579604,1.3927261497571202,0.0632416043100424,0.1611815378397147,kebumen,9.341932255702726,6.456856451511924,3.560266415269167,0.4248296041137631,-0.1208875088329442,0.1189884391549825,10.609102758494618,8.631676195076071,0.5604749641885178,0.1539064887417706,0,1948920.401178672,kebumen_0109,7.156451035323892,0.8524833354414026,0.7199902110027032
-16.290243238837867,1.51796227057192,-9.270952910866685,1.779299432991846,81.73991573877325,69.87574672698975,69.40479924472552,81167.73632860184,993,0.0492569540396249,602.6058822600418,0.071885878249576,0.0199787725999102,-0.0681400049828029,0.0986106771247218,0.0002167989352987,0.0006648138028682,0.4885640323579205,1.32254348980905,0.0546630669798217,0.1533244986784419,kebumen,7.858958593577131,7.936902635901073,3.239500347878037,0.6392182885419674,-0.1106787693493529,0.1017301634173302,9.498151972048868,10.746745714830348,0.5794213954562776,0.1203850140529725,0,1647843.1911016293,kebumen_0110,7.019290327971213,0.8641881416139572,0.8490931097425076
-16.16761040340841,1.408928973143326,-9.370753696837223,1.6070613277204742,98.10963034793632,85.72555577477743,76.21857350780756,157073.51818704605,1601,0.0594132042169544,605.5797377510366,0.069921539362962,0.0155038381480875,-0.0350849094420256,0.0980392741668546,0.000191686773095,0.0006192859955809,0.444690128432431,1.2631009170723129,0.0561527862552875,0.1637259002663375,kebumen,10.22418398831574,11.35738434166937,3.3912909597366925,0.5826381971672713,-0.0815591188319743,0.1030840535630611,11.770536890716157,12.699062351084452,0.531588219192132,0.1222246974507764,0,2643747.6358533585,kebumen_0111,6.796856706571226,0.8605872633999085,0.7768714777285957
-16.065953198705504,1.939226788433936,-8.561060972303773,2.4827792782342057,93.96848255263671,68.09898172213336,109.68691119139764,232759.93128288115,2477,0.0941602030515495,1002.0402638598044,0.0769208139781742,0.0275143543392689,-0.0264556484550384,0.1159651130788175,0.0003579913803416,0.0008523330148789,0.7664158131256412,1.6590240145040174,0.0922562379977395,0.201460409353758,kebumen,9.955665772350857,8.80782254631278,3.50185054213392,0.4891203785746671,-0.0708345808430514,0.1260089540090011,12.95595018282986,14.340810893346404,0.5026795426444723,0.1596588004459716,0,2471956.556375021,kebumen_0112,7.504892226401617,1.3523370595156337,1.1672734113797805
-16.176178215807834,1.6131427566447694,-9.046252915632197,1.963275176347675,81.42191113759337,70.09684610366821,65.1111142189987,149164.94120407104,1832,0.0634347939062238,779.0875087545734,0.0714060633338393,0.019478474864203,-0.0439491705546783,0.111590016850056,0.000280324580869,0.0007763792665508,0.5907591202647645,1.4057760990164194,0.0663056011141252,0.1665633021673047,kebumen,8.764676922311178,7.543157552284949,3.413822867987264,0.5514558844232025,-0.0875019426166566,0.116039818834318,10.676820463399494,11.012950005055163,0.5447387971035196,0.1381329710001598,0,2351468.839397236,kebumen_0113,7.129925300175745,0.9274878659460738,0.7996755825218673
-15.83158149206196,1.5751308365073418,-8.758134625899391,1.949295234841904,83.58760126855532,74.10109504493508,63.62756848860102,83086.07566094398,994,0.0608802347320676,728.3404931847239,0.0648444557520602,0.0198099448925346,-0.0916860269792756,0.1124139209082103,0.000257592570017,0.0007203099764902,0.5887985134318007,1.4128887994198966,0.0665584927569918,0.1666924916597899,kebumen,9.453898295124262,7.91779213439075,3.408445196426876,0.6198887496157309,-0.1334873067873932,0.115154653837303,11.672763993328267,11.647856293051865,0.6128360634037231,0.1314587545166769,0,1364746.3093170335,kebumen_0114,7.073446866162579,1.0671925645725795,0.761208211779813
-16.01736739938419,2.013101377494247,-8.85968369935655,2.2773978357213003,91.02358972033548,77.94591708713108,68.93200860188517,132257.27586364746,1453,0.0845772455588258,929.1794118281244,0.0699414321665213,0.020572835305355,-0.0583021222932232,0.1247494149679182,0.0003238078449887,0.0008043160913686,0.6967417392698363,1.507798390744778,0.0853672165663285,0.1914145397871195,kebumen,13.62026362192202,14.594265433579118,3.565313990522145,0.5495100126430876,-0.1056304811274339,0.1297912330765789,16.067312227323033,15.227953097578704,0.5356795520204611,0.1775359049509379,0,1563745.366614698,kebumen_0115,7.157683700027715,1.0124305632028558,0.7572982873305111
-15.982119686422704,1.2320938443877965,-9.123534916536633,1.4242463634160614,93.1332887599936,77.96003586905343,67.21567222618651,78790.76229095459,846,0.0621549911212629,667.3767451876167,0.0665677722429741,0.014272364610323,-0.0592681543769034,0.0993150642450773,0.0002016026870768,0.0006208637486121,0.498949900694887,1.2997944032070965,0.0618766739221328,0.1680541715645492,kebumen,9.732667873419476,8.235864303506236,3.4976276855139723,0.4952614276791544,-0.1108021283794306,0.1026320973178537,12.315469822299224,12.761357321828555,0.5477575305629024,0.1231087732346433,0,1267649.803653509,kebumen_0116,6.858584769886185,0.7570388649996072,0.7217147930790104
-16.138752126633946,1.5050118917797646,-8.953096070600894,1.7551178973509494,82.51164931610053,69.83564313252766,64.40295273062281,163290.55399656296,1979,0.0584320179543115,708.1668884166847,0.0708541433560926,0.0198877407698207,-0.0529266594386841,0.1009992199506163,0.0002429458708338,0.0007068666764467,0.5139627842090857,1.3143493248044635,0.0615799810775426,0.1623637023043297,kebumen,8.114202732033544,7.885720832468894,3.231345653898866,0.7071706251668914,-0.0935503612079704,0.1044046750131259,9.699701816059338,10.607476401206515,0.5704220886281328,0.1286801485682003,0,2794539.016678168,kebumen_0117,7.185656056033095,0.9375717202772044,0.7805316372224769
-15.971086664110024,1.454738158127414,-9.028733717100916,1.698908976049119,87.30169605111477,73.75599638621013,67.9367983602914,62595.31606864929,717,0.0482013330171031,552.1236722466592,0.0731186094917002,0.0171455829947236,-0.0433361595139578,0.1027741800857864,0.0001896149589236,0.000628692013866,0.4086436288329979,1.1644496224506746,0.047579882691067,0.1416342466562907,kebumen,7.255350738277797,6.128313792325848,3.405866059197051,0.4616955230178368,-0.0927540125196351,0.1069117720637684,8.126325233206087,8.133476092991458,0.5061507187470966,0.1406601715291262,0,1298622.0950868465,kebumen_0118,6.942352947009092,0.8541239055423945,0.7781841754885804
-16.480106704294982,2.84355760923122,-9.703823085479266,2.879544515064153,88.42312335968018,77.33300065994263,61.88816403228672,63045.686955451965,713,0.0462334234497832,522.865758334715,0.0626853594921987,0.0192464956262856,-0.1190661485421311,0.1183818821885573,0.0002123562483468,0.0006384560081138,0.5106848575609848,1.3086197917738855,0.0568447249437296,0.1504261545693295,kebumen,23.30518644222503,25.86801727368344,3.7840575769020313,0.3431130625988784,-0.1629868011968697,0.130710948770344,20.42335011778142,18.21197543301741,0.5646384886442269,0.2299905714226134,0,1363638.7325703774,kebumen_0119,6.776283618815717,0.8009503918054041,0.6999092735114459
-16.342361700973417,1.6467878535919187,-9.277918534900529,1.845851262684551,71.84116212794844,61.85836690266927,57.54076982992867,57544.77086448669,801,0.0458864503106563,638.7208802236944,0.0751206160896883,0.0234978038964338,-0.0505075456296162,0.1188825928364788,0.0002214871597103,0.0006761668192112,0.4296153478928413,1.1678752379680164,0.0533727748880224,0.1471478603378526,kebumen,8.611091703675747,8.630720640394939,3.379907890530681,0.5597453866826736,-0.0890286420060056,0.1229278813941565,9.686689462655226,9.492318706751952,0.5571874647023526,0.1489095127275294,0,1254068.9130430054,kebumen_0120,7.06444316607291,0.8945372519687089,0.8009443072127522
-15.675767683058938,1.751216829246643,-8.443730033945885,2.62216542135312,115.06886319086762,79.33866919631771,182.9269327336484,294346.1520422394,2558,0.1597999770561446,1388.7334299208326,0.0792305393820669,0.0350299792912308,-0.0447340705118908,0.119990544356607,0.0004677980233216,0.0009190506630783,1.0527243860074862,1.9247528600518484,0.140751566998376,0.2478980762513276,kebumen,13.574080733346513,11.741636851373544,3.664090008346984,0.4272582101478819,-0.0958571466474438,0.1415181747810783,16.646772752074682,15.039654243270157,0.5016712059084261,0.1598072601099337,0,1841966.1721154249,kebumen_0121,7.232037649112949,1.552960930945405,1.5897170412661756
-16.041441715047085,1.6822440061293251,-9.00139164661302,1.9192918355599349,84.43906780333093,74.29204661051432,61.65283796837007,82159.21297264099,973,0.0599048413843205,709.4446083162159,0.069204207337432,0.0167553782508818,-0.0524206160204697,0.1076858712464889,0.0002585588973146,0.0007385917162998,0.5279671042712843,1.300308982225609,0.0616062046942012,0.1587943601706085,kebumen,8.99206522602632,6.79536453868,3.527623763115235,0.4519316067494508,-0.0988467227286784,0.1108810721511458,10.769236602480184,9.66975479075061,0.5286033586342619,0.1485902421274151,0,1371495.3762342378,kebumen_0122,7.040050068434037,0.8772729790806334,0.7301458859300435
-16.524979298005256,1.5267367480936094,-9.6903488444348,1.779790122801046,95.19543070144512,81.90515961938975,69.67607904663403,129465.78575396538,1360,0.0471605748150347,495.4079672473068,0.0685897057996617,0.0134065660719203,-0.1071782893750479,0.0821559501683981,0.0001593157047264,0.0005711726112467,0.3649224521689693,1.1385866847500916,0.0455093795016156,0.1466708366977284,kebumen,7.308668922347672,6.8351742854929824,3.3563841170076616,0.4622562489907462,-0.1778179576064024,0.0840265399651345,8.479552195049418,9.80713645445016,0.546847268919748,0.1201083845472261,0,2745212.208751359,kebumen_0123,6.834630453570523,0.9139017286313664,0.7319267167891106
-14.978198287578277,2.2536315630092547,-8.206593001328523,2.288903998695299,79.2737226031884,69.86050033569336,57.14111691816508,94018.63500738144,1186,0.0255716867972019,322.57456768118857,0.0534657099112053,0.0190326688468294,-0.1918749086477698,0.1199429292727608,0.0001198669346595,0.0005095455210623,0.2347232170264847,0.9103464039732594,0.0284860948120912,0.1102115195763469,kebumen,8.958963068283955,15.739808622004896,3.330988822636156,0.4985101628571353,-0.2330328401653722,0.1186213625980483,8.694135115252877,13.356196904776946,0.7017657202427678,0.1823367754404086,0,3676669.269141404,kebumen_0124,6.771605286249772,0.831332396351808,0.7208077915577394
-16.782582684977413,1.6036186751297723,-9.768009814148352,1.5777538671166031,79.42244879480393,71.00791029496627,51.889130834179376,50036.14274072647,630,0.0218909068434703,275.6261885103513,0.0735887124696329,0.0148590874101947,-0.0283162906942511,0.0987818144067937,9.822442880148828e-05,0.0004747081148848,0.2062704435634514,0.8461298206219673,0.0224208868378951,0.0965898472944365,kebumen,5.319649660072642,4.759951028809067,3.261449321006276,0.4701301895402437,-0.0785604825242748,0.1021632904845018,6.165789358584189,6.2993892043846005,0.5114752768630434,0.1203830212451271,0,2285704.4296294795,kebumen_0125,7.014572870829133,0.7886777764849534,0.6533307852070929
-16.956206987494767,1.756169515880399,-9.721175333997955,2.3158567469133984,90.81258113198948,77.96945506128772,70.02930624546879,87634.14079236984,965,0.0646451695459928,711.8525730706388,0.0714792346538587,0.0141812764943681,-0.0829531694283873,0.0828062308818655,0.0002241331863671,0.0006869575170379,0.4762300633913176,1.319522240370147,0.059107044898984,0.1655032194340926,kebumen,7.34754555324455,7.016263071010759,3.3455130429843343,0.4933628833541532,-0.1576500443965,0.0978850354391665,8.490045977887684,9.9611003205663,0.5083469547710684,0.1031524157437128,0,1355617.7732664328,kebumen_0126,7.235031653496704,1.191667348249741,0.7711410178253417
-15.02058908808817,1.5961269581484447,-8.343233617318802,1.7313060609924744,82.08638085497032,77.25105493718928,52.32467358832388,69527.16458415985,847,0.0189992861224173,231.45479097178332,0.0400673449728168,0.0113378411656463,-0.2814500056055224,0.0885858064537891,0.0001002243774073,0.0004588735516675,0.3298362101974215,1.3160691656473242,0.0222887838453757,0.0886554133021074,kebumen,7.521301453527393,5.553849765514695,3.436102589896016,0.3788148340511291,-0.3218501617812935,0.0862811971176408,7.557786478449698,7.383361248516612,0.7953030931586229,0.0791774221968763,0,3659461.946947807,kebumen_0127,6.677355470769069,0.7925128447708278,0.6374342862157704
-15.991873374008842,1.5213464902600564,-9.114295498388834,2.0227869381305457,95.00836922728112,82.2117341140221,74.38899255718691,122940.82978010178,1294,0.0629856591488352,662.9485345460413,0.067745022346864,0.0167591030602849,-0.1165680284786759,0.0981888839446094,0.0001980644024773,0.0006436700795551,0.4284024226758172,1.1975376797431374,0.0525714937775441,0.1514644828684692,kebumen,9.90987919995694,8.183228555861202,3.537889148849015,0.4219536448633733,-0.1796892696946335,0.1049864764859486,11.0723082584659,9.749468399851096,0.5693485978677603,0.1188581045758301,0,1951886.0553573368,kebumen_0128,6.877577875620004,1.0313068693836418,0.7829730492398193
-14.786074793163277,1.4583779783394413,-8.181417496417247,1.5634389471525074,78.01081707882432,74.14738337198894,50.61026249038152,82691.46610355377,1060,0.0160025495226294,205.1324434464012,0.0380660129830767,0.0102085657585052,-0.2887528996446112,0.0803471197864174,8.387823952735583e-05,0.0004215406133935,0.2502758784652242,1.0837394817199826,0.0183048194260602,0.0807234829768617,kebumen,6.236748493248829,4.350068264493561,3.371054836339915,0.3633691825110511,-0.3292631981769036,0.0763757869212649,6.464020645051607,6.320130814437162,0.805565214121793,0.0767997921752714,0,5167393.232348282,kebumen_0129,6.604657296745998,0.7673244225767759,0.6487595488103078
-16.473368043952778,1.7112168111185606,-9.508046415865978,1.840918225181344,94.15609924215374,75.226685157189,74.57448615899483,58659.249827861786,623,0.0454336242090391,482.5351153534036,0.0672328620508539,0.0171135453430929,-0.0787294152831002,0.1072814061509659,0.0001507244413418,0.0005626118073313,0.3668263298411196,1.1765442437055007,0.0423579738633568,0.140490537976865,kebumen,8.405335884673978,6.892740840672185,3.4566505304768187,0.434582658755184,-0.136665815589476,0.1075677087882964,10.4026902796271,10.730077672394254,0.5604548953345483,0.1355580737197566,0,1291097.746417318,kebumen_0130,6.965321628086831,0.8311726996396734,0.7920303279259873
-16.14366556942123,1.890226814245316,-9.244867238063676,2.009590436571125,82.96672534992926,72.5767463235294,57.1431272308266,78652.45563173294,948,0.0538062944097713,648.5286020730867,0.0657861511475385,0.016549394109454,-0.0766498343738154,0.1107218831727502,0.0002122639541476,0.0006483806947081,0.5092915653081986,1.3216634364642992,0.0564364665406261,0.1548193424199958,kebumen,11.6922834586867,14.18521705013143,3.5578519967974094,0.4200621495714137,-0.1279388225748966,0.1127437843765149,11.936829257355098,12.807224323410344,0.5538783002479258,0.1643186546438869,0,1461770.532509473,kebumen_0131,6.898798331357461,0.811761868360595,0.6887475308904104
-16.413063712378943,1.298717666992222,-9.664044941348116,1.4834979131904078,83.52002169170765,78.10372659434442,59.94713756922088,82684.82147479057,990,0.0435590009018329,521.5396263020577,0.0709808019785062,0.0122379555503437,-0.0681286279842141,0.0744245902634315,0.0001850002777229,0.0006293321354232,0.3335336506584258,1.0196013782008952,0.045509503493445,0.1419754864896915,kebumen,6.432424326070202,5.485281024379168,3.314880527352132,0.5145723861965531,-0.1308220023312983,0.0801875907389361,7.17788575241482,7.562009974962319,0.5002927013941617,0.114399717559356,0,1898225.84914502,kebumen_0132,6.749018771030766,0.7667172902111042,0.7177576867795854
-16.53653450962044,1.9325330782824484,-9.18605266153138,2.094973030912483,89.63865746834051,83.08966827392578,62.7588296531111,101022.76696681976,1127,0.073509321387494,820.0627214152202,0.0660088345507501,0.0143322650509557,-0.0950628214908742,0.0877264382034849,0.0002853196036188,0.0007718499837608,0.5643379442590534,1.3571929198634896,0.0697945108488058,0.1725152518271103,kebumen,8.869303623235254,6.547905530094135,3.535236954549728,0.4041127734413317,-0.1642523647322185,0.0897763548536318,11.001759592844488,10.754753530041835,0.540708788981175,0.1306972636761922,0,1374285.1254780658,kebumen_0133,7.350481848089071,1.024838019299844,0.7001312985446809
-15.941158527634776,1.3322103485845609,-9.232665663698764,1.7187554361549178,101.08442419472092,83.81000421402302,105.63432423084724,110182.0223722458,1090,0.0639378180816021,632.5189918323865,0.0695268605992656,0.017040783538322,-0.1159628432677734,0.0877533628928703,0.0002073710535835,0.0006556320665592,0.451301979717626,1.2894616848108726,0.0587482465514944,0.1660992220848139,kebumen,8.650467691303225,6.698292698481525,3.501582652127591,0.4136432876374871,-0.1832107275945191,0.0974491460194384,10.356480990805746,10.105811219473992,0.5591873640988421,0.1149335949595894,0,1723268.4141899142,kebumen_0134,6.708492863936001,0.9357563832787484,1.045010891365041
-16.69677806041113,1.6938356314430805,-9.61195713046772,1.9332109306630816,94.45589581673202,85.68600368499756,64.46743363066493,86332.68877649307,914,0.0550888583322679,583.2230784106277,0.0646801263789849,0.0121693984584304,-0.1160202733450293,0.0759489632753013,0.0001846626637854,0.0006174327789442,0.420267953515637,1.2198857004583274,0.0514317838989134,0.1530915584868613,kebumen,7.837447193249729,6.523339070646923,3.447619951622409,0.4268514588474615,-0.1903660083268856,0.0802773673514462,8.989899865784405,9.412850758730784,0.5508336700037397,0.116869817832768,0,1567153.348065015,kebumen_0135,7.084820929943528,0.9049978645844492,0.6825136014351906
-15.615763794652716,1.4845708028758446,-8.62179174675744,1.7719525982967284,79.4005115410941,69.86157880510602,58.75231184998341,138950.89519691467,1750,0.0733891860769389,924.2910990435632,0.0708935120985203,0.0235429716729617,-0.0457462202365381,0.1070272465544176,0.0003203860546239,0.0008039943803536,0.6795149418631289,1.4632963595209958,0.0771518716197128,0.1736436036465482,kebumen,9.157678678517051,6.710606943552469,3.54196078081618,0.461380989021719,-0.092350949083033,0.1119652601344944,11.053493366123108,9.714191907175762,0.5347135782284776,0.1432904980027976,0,1893342.910919366,kebumen_0136,6.993972047895312,0.9740438159884602,0.739948782566418
-16.086036235980202,1.4596135707397138,-9.17008670444014,1.8320065429245755,87.30141644065439,72.19306483034228,138.4947453304898,155134.61701504287,1777,0.0578684792006108,662.8584226917845,0.0705303373941472,0.0218865481125138,-0.0645104672337598,0.1118519515022689,0.0002223191463105,0.0006689335464068,0.448072818802576,1.224503891013866,0.058002706886873,0.1585181538309928,kebumen,9.10103088853439,8.997722916576626,3.4167305860679,0.5464018917417368,-0.1061136917221305,0.1170431564600695,10.752321811813529,10.866404508832128,0.5761321764427653,0.1381591616168706,0,2680813.789442136,kebumen_0137,6.915949531540224,0.9848071376458716,1.5863974603967108
-16.352889566753166,1.916616111593772,-8.957038570144547,2.195325554490657,93.6583381576804,76.16176864336121,89.58416259735556,193404.46829561004,2065,0.1056364593806521,1127.8916694294292,0.0725738423005947,0.0228408195816171,-0.07534063215607,0.0966497103344453,0.0003638602488778,0.0008576368214685,0.764713372190913,1.631326787326889,0.0951215245219205,0.203672551835037,kebumen,10.06476811118078,7.979291111527,3.528891358779086,0.4727386188895083,-0.1446998051596264,0.1132581260796578,12.19222988481456,12.19562497677305,0.5023173399790998,0.1359493077832382,0,1830849.5895218635,kebumen_0138,7.395850996608792,1.0749651274287932,0.9564995958665667
-16.224601165635324,1.511789898051258,-9.36083186617796,1.755760799046144,103.98730299549716,93.82798936631944,74.97342023534718,35459.67032146454,341,0.0437973292450403,421.17958619368,0.0686420460292656,0.0171995372450975,-0.0927170320983696,0.1038533080213088,0.0001446172824986,0.0005190054869484,0.4114545784587389,1.2352267838082929,0.0457484901493513,0.143759406314077,kebumen,8.101905887018336,6.661833623105875,3.419824385170359,0.4606346671632049,-0.1532875150043156,0.1064378935399264,8.852619640271596,8.273076144278788,0.5470618342851322,0.1401798009364585,0,809630.8823552306,kebumen_0139,6.863769299457383,0.7759368269159708,0.7209862942458818
-16.877493272917068,1.3164986269063836,-9.799691473436289,1.4559988811485178,87.01637738418086,78.28637390136718,63.331517483313455,67176.64334058762,772,0.0258366154987888,296.91669862006705,0.0743189770636846,0.013227383000279,-0.0108451287082931,0.0803934968881927,0.0001088795376566,0.0004913036382586,0.2139708316256714,0.8437328983439868,0.0270975393068162,0.1109559125085403,kebumen,5.147174013197472,5.476473511571559,3.164739247928769,0.4931172667833238,-0.0548611845832998,0.0858211713298306,5.541912846017754,6.890512738912264,0.4969679870481075,0.1044316249137751,0,2600055.8526613787,kebumen_0140,7.077801799480701,0.8091340786071072,0.7278114693709004
-15.532627440582903,1.4598140858419906,-8.6007340751802,1.6880507424764386,81.97119981327252,69.78453309195382,60.65641213683746,72380.56943511963,883,0.0862924023542852,1052.716107009002,0.0674414255147413,0.017776049699266,-0.0755543090880681,0.0996475678746572,0.0003598526766838,0.0008365465156489,0.7524681329912603,1.4907584960568172,0.089802800472938,0.1880493769137484,kebumen,10.353929584851542,6.735460391411854,3.643735605759603,0.3779772006621557,-0.1269259149976117,0.1031303745233869,12.184641639312987,9.3459839028137,0.5514983353800675,0.1393578875431147,0,838782.6443624933,kebumen_0141,6.931893365402757,0.813874012017139,0.7399722375054972
-17.567456173838465,1.752959409133087,-10.528999217792116,1.7696252846379226,75.89171199423676,63.11997257579457,57.745548712075454,30887.92678165436,407,0.0196221097239014,258.5540529826436,0.0857010600101763,0.0188751954315191,0.0241406159880885,0.1078831018864951,8.15413775924245e-05,0.0004119032645745,0.1527021874673713,0.7014073544698396,0.0215918369283914,0.0988082607725634,kebumen,14.945251191325813,26.74625605958789,3.230260644046392,0.664227251369829,-0.0157625496243107,0.1219401965015268,13.935065461258688,21.72697367682905,0.4236039327151334,0.1545998700454957,0,1574138.9288038793,kebumen_0142,7.038456956046306,0.8013561491892512,0.7608940053488406
-15.85602769279956,1.7940789754696969,-8.61458013787551,1.9710177279796308,94.71304252280254,80.87878140536222,68.95760235121222,100490.5381166935,1061,0.0797269298603305,841.7735059153647,0.0623014163040789,0.01780173309877,-0.1190239725570246,0.1056705588444282,0.0002674761578512,0.0007258783288453,0.6084406156141694,1.418744485430228,0.0722369209838501,0.1740380719694427,kebumen,11.274702411687397,7.13813537431817,3.6431061676164713,0.3984472387545015,-0.1797646705243009,0.1045291686430285,13.256660309213467,10.522329693063496,0.5849937755516426,0.1526830734928135,0,1260434.0627782566,kebumen_0143,7.241447554924049,0.9919971011236574,0.7280687064256267
-16.86515248318492,1.5508010584674674,-9.819633470803764,1.5765410581441446,82.37598621356561,73.9307132844002,59.31300493544523,66312.66890192032,805,0.0366158543428696,444.4967037837992,0.0780032003316773,0.0111496742257931,0.0026556936583875,0.0658028234677974,0.0001584047408689,0.0006077268869706,0.2758024776767757,0.9386131199140192,0.0344494337003702,0.1222737942533343,kebumen,4.957977635893565,4.9192847069994565,3.196270246474062,0.4836583603914241,-0.0471158308824576,0.0714340668650212,5.610237825908421,6.574713472116894,0.4613690996919631,0.0921921682695636,0,1811037.051900272,kebumen_0144,7.045519012381143,0.8739036362639735,0.7200278583818353
-16.019901697825212,1.4894164885218408,-9.32815507772814,1.750040842855036,97.29966580738125,86.05993584224156,68.95146630842538,187885.6546740532,1931,0.0697849820463299,717.2170784684854,0.0667236162651448,0.0141099256194787,-0.0843271580973745,0.0961548519216499,0.0002205942331219,0.0006598142439634,0.4869898722389563,1.294684269288756,0.0635999820548973,0.1725520283704986,kebumen,9.53332022714632,8.702476625756857,3.479015775241834,0.4650281998793235,-0.1443452916872038,0.1011520477386793,11.6531688697335,12.473756780977038,0.5536539611195973,0.123520365062733,0,2692350.8348732777,kebumen_0145,6.6917466200971125,0.8728515041134879,0.7086505974740425
-16.38198021026166,2.2885458343202414,-9.382748119700018,2.420933439495629,87.45925840926826,75.94473248858785,70.22209643460184,76264.47333288193,872,0.0619927075631753,708.818125041475,0.0709521368349638,0.0227136841742087,-0.0498716788438131,0.1243506058526401,0.0002892939840992,0.0007504846949087,0.5951660359195399,1.3657693239282036,0.0722587452069927,0.1689937216580429,kebumen,18.889120753290168,21.688102176380628,3.6788253226804337,0.4596749778522869,-0.0901877343985173,0.1337632921173082,17.623242215436694,15.49061364366455,0.5294242686243569,0.1967786465742866,0,1230216.848573076,kebumen_0146,6.999232090561538,0.8665101518209445,0.8029120954352872
-16.65211385444643,1.3916322609818483,-9.714045096592576,1.5132153665336283,81.27107226422855,74.465392772968,62.70038492108537,118330.68121671677,1456,0.035282052195793,434.1280508897925,0.0735759605478012,0.0135377714949517,-0.034008799376991,0.0778377573258125,0.0001517421224657,0.0005762300505135,0.2660431304836572,0.9145726865853592,0.0367203157124942,0.1280925710106241,kebumen,6.230414215966461,5.60356821383973,3.283059746145317,0.5307729803530042,-0.0818691678963827,0.0820695258661506,7.086091697112972,7.417950156509784,0.522769465742844,0.1067745643123231,0,3353849.162743043,kebumen_0147,6.938068757853754,0.8212145284425479,0.7714969567183001
-15.35151961329505,1.5220059275855986,-8.199041999933753,2.1577325360713497,93.7929908477156,78.12403241325828,78.05056719908296,211690.7803432941,2257,0.1313959720496873,1400.9146191214304,0.0662330892438294,0.0214629090809575,-0.074070123998278,0.1168610091506517,0.0004379104398949,0.0009069846490343,0.918304701527912,1.7188061615651844,0.1128841574133498,0.212762473812952,kebumen,14.538377924991336,12.330800287248216,3.678949659806756,0.4877237482476061,-0.1208559537208262,0.1223449871297486,17.5664967721733,14.121569238672116,0.5723795365815556,0.1590438308548319,0,1611090.3328394524,kebumen_0148,7.152477613361324,1.2984658548070789,0.8321577816599068
-16.35190697666289,1.8931420471785607,-9.490627134797473,2.018848256240908,81.19921359691182,68.04103918920589,73.11671148720716,102554.60677289964,1263,0.0479340154208864,590.3261041275581,0.0745269076487649,0.0221900975157242,-0.0214237091821387,0.1267189191650221,0.0002487778400869,0.0007245548223351,0.4944870779724867,1.27731323451706,0.0596916888603544,0.1578257156672327,kebumen,11.237593809414255,15.65723492247478,3.422493959674484,0.5750933096217793,-0.0582147288099527,0.1337380464065875,12.064719249058294,13.714358956061943,0.5251459769559069,0.170761430759888,0,2139495.4266279405,kebumen_0149,6.861279841865434,0.8639580846630905,0.9004608326648614
-16.05141735665893,2.11150295130023,-8.211270132887382,3.0537366893812767,107.30975675895507,93.08360980255436,222.6583774894185,245202.7941942124,2285,0.201100068624572,1874.0147652770645,0.0827101459854092,0.0307423669074307,-0.0170579066074482,0.1284509585440669,0.0006058815177593,0.0010265186904022,1.371783003682017,2.194952377798125,0.1778961719592152,0.2732682349374368,kebumen,9.092692896454794,7.977790980823179,3.41216476504092,0.5516939197167195,-0.0725145696149658,0.1612675538373436,11.449143224883109,13.285826223627542,0.4382107382322983,0.1597230257177647,0,1219307.3621072422,kebumen_0150,7.840147223771424,1.7417491024520273,2.074912703320777
-15.990001419186155,1.5382297066818629,-8.902206494865009,1.9842721909411647,87.18634847251214,68.31369840595084,81.29392673288675,188148.1400036812,2158,0.0657891687578438,754.581077318379,0.0712568224402041,0.0194758717429288,-0.0412377856053121,0.1125696529748126,0.0002812835359417,0.0007744292921635,0.591047755077316,1.4205324889680488,0.0673386258586764,0.1696442150295295,kebumen,9.260652393707788,8.416734320787606,3.458367421983552,0.512241406055098,-0.0879453139537332,0.1174109519461729,11.504581083613523,12.272587723303973,0.52500906692054,0.1438338715706248,0,2859864.9831891805,kebumen_0151,7.087794924321128,1.0111125432291572,0.9324157756018061
-16.72953975691548,1.1351622849838068,-9.914471771792094,1.187552862441413,89.58640441785228,78.00586967468261,77.77058609548789,62531.31028366089,698,0.0265408845922983,296.26018328077225,0.0754226837723034,0.011734325765997,-0.0183957020102219,0.0798223875699602,9.9024318957735e-05,0.0004614579255445,0.1872724835315141,0.7867105675538009,0.0260183298462045,0.1103686342582132,kebumen,5.637888037784868,4.8037922781732165,3.321963833041884,0.4296241048000785,-0.0700496362654947,0.0884937619381466,6.5224894814954,6.695827637648917,0.483202829792404,0.1005068149938816,0,2356037.1571717085,kebumen_0152,6.815067985123518,0.7250116572617494,0.8681070146843642
-15.96223898208443,1.367942224058179,-9.153178886360902,1.80132961228375,105.59945702083635,83.5124269273546,109.83399823369288,118060.19294929504,1118,0.0783966341287097,742.3961859315325,0.0726697325179589,0.0185009493349168,-0.0773775678494267,0.1016091648560648,0.0002334900503399,0.00068380019708,0.4977277554364309,1.327165497882405,0.0666304148590797,0.1771746055587314,kebumen,8.833473132222817,7.363230434067152,3.50462704628473,0.4308487405339573,-0.1359998975762112,0.1142705506945279,10.76682183562774,11.42643414915586,0.5378498374563958,0.1221833643877587,0,1505934.4608528302,kebumen_0153,6.809060095723504,1.0270683245995822,1.0401000282797002
-15.855730687847348,1.6440485460218557,-8.89225803575002,1.9693953906168715,91.99498847045436,78.21932901654925,66.13860823960432,90799.05362033844,987,0.090684403416169,985.7537342405756,0.0661581052978632,0.0160973822564156,-0.0747320037586483,0.1018117614426474,0.000328073987763,0.0007979943986482,0.6465194271683347,1.4158005891463146,0.0855921647309123,0.1912093248006826,kebumen,13.74323385214799,13.774629800700778,3.661912063053588,0.4083744036493999,-0.1307930474930251,0.1067975388390176,16.887353345875812,16.154340904371647,0.531369862150077,0.1559169080240242,0,1001264.2769853516,kebumen_0154,6.963472652097408,0.9417146560973052,0.7189370784131983
-15.841850277221688,1.9749212545504933,-8.93204400790474,1.8705371906531687,82.95595155149788,73.92614110310872,68.0809828176818,83702.55511546135,1009,0.0290503013623892,350.1894778984632,0.0639295894696004,0.0245547600093539,-0.1117396757192192,0.1608902759916158,0.000118333318776,0.0005100923499043,0.2133037382909363,0.8541650950823202,0.0288820505037149,0.1152868853502851,kebumen,9.214293959626213,18.38700142274906,3.3252024491730388,0.4681414142435699,-0.1540504043783655,0.1619157455349626,9.24335192252013,15.130869416882485,0.6069130278031426,0.1967606275144644,0,2881297.308117744,kebumen_0155,6.90980626931697,0.8705626367935007,0.8206883477844034
-15.980900551694612,1.7153258503761826,-9.03036674140542,1.9769583080074524,92.72766999103796,81.6662096854968,70.92718958108773,116744.1365187168,1259,0.0803147180495128,866.135405508142,0.0667328285456553,0.0164625435685012,-0.07229663192253,0.0982967575187961,0.0002968699331141,0.0007491231608376,0.6551572780091575,1.4345677208091352,0.0808617228105585,0.1842150779331874,kebumen,12.046528133628064,12.979045090102122,3.641677443183484,0.3832389737245097,-0.1273586787262782,0.1010959708719608,13.56135746159739,13.352353971268355,0.5377458172466637,0.1517552851485614,0,1453583.345044501,kebumen_0156,6.950533810289146,0.8771308361978213,0.7648977871216087
-15.903389443498922,1.353872786328401,-9.073624319657512,1.5021468179924942,103.62233254303456,93.96316407856187,73.58977767203848,92534.74296092989,893,0.0748015713365561,721.8672799658403,0.0677782367576352,0.0144597990265022,-0.0689149999025209,0.1060106074939399,0.0002325821685189,0.0006776041897874,0.4906779637057955,1.2888807991916589,0.0670215020950507,0.178671011499963,kebumen,9.836946114568716,9.504687359761624,3.4690819284685506,0.4366479788120366,-0.1253105671762691,0.112326009631653,12.918757914122702,15.821068818277077,0.5268122519592664,0.1340606720921441,1,1237069.506796676,kebumen_0157,6.829765123841446,0.8872434233643911,0.7101729508113176
-16.051077268640285,1.428991225812734,-9.272410592647333,1.794242506723024,94.71871052815182,85.79745395366962,70.20467555035265,76532.71810674667,808,0.0450777278544249,475.91154485815343,0.0657806410478506,0.0134178090187991,-0.1324139266193988,0.0863817250022814,0.0001533429696808,0.0005586877728157,0.3410665697801629,1.0811863589575932,0.0389916460353846,0.1270417816785147,kebumen,8.848385044823699,7.863548876724383,3.493798922011859,0.4272551915964275,-0.1977780811878771,0.0891026603956495,9.96771398092515,9.63201183421809,0.58862050511862,0.1068887047774497,0,1697794.492967861,kebumen_0158,6.778666675992944,0.8501579744358342,0.7411912087790381
-14.461588625060015,1.6387910081573278,-7.75926671373347,1.718654999635573,76.88241432741356,69.952607421875,54.09315655753694,64888.75769233704,844,0.013076583460751,170.0854945197578,0.0402127696736064,0.0101100038012573,-0.2868039455193463,0.0781481480734862,6.064560124706517e-05,0.0003590672878562,0.1666025206444448,0.8496618609632725,0.0141563373863174,0.0745943268534888,kebumen,6.005505747572521,4.570838083271685,3.332017417289024,0.3788385200447498,-0.3262903119529056,0.0752970447387418,6.0828026754459135,6.692186472835294,0.8066604800671444,0.0719654066662098,0,4962210.342410814,kebumen_0159,6.702321911326581,0.8078242401321787,0.7035829588698184
-15.847149507999845,1.511028214811714,-8.91962470258732,1.7276306777376345,88.81313917991963,74.1589720249176,68.51666370032807,83484.35082912445,940,0.0802488469108396,903.569535452066,0.0722418114810692,0.016151976798807,-0.0557747550507684,0.0932914925318226,0.0003020103445846,0.0007877749403707,0.6123697119688473,1.3822501141249448,0.0736746736398272,0.1729649048174246,kebumen,9.23679962106561,6.819571549425326,3.5605917373328904,0.397882277097677,-0.1108242527555578,0.0963984649810668,11.260351473065898,11.29371584059614,0.5010213278410031,0.1425027308046811,0,1040318.3851586004,kebumen_0160,6.92752480541248,0.8176034726393335,0.7714699011091758
-16.529794454702515,1.957446582791372,-9.69836745843313,2.090576339757164,81.70473960512247,68.02823568273473,71.51414620953874,81296.21590709686,995,0.0440118249092119,538.6691778459897,0.0738914287709489,0.0215162011655494,-0.0283231251840692,0.1249563840864967,0.0002058188947141,0.0006572914818025,0.43652682746244,1.226287855442638,0.0489721856257599,0.1418172174180584,kebumen,14.555985931556616,21.037800921643868,3.4957114710002064,0.544480995849399,-0.0670828734891455,0.1326306934937673,14.391243294912355,16.322927306859828,0.5182908986717761,0.1815793224197605,0,1847144.8542475903,kebumen_0161,6.831426996269404,0.8733213278059321,0.87527537025594
-16.002826268765954,1.6357061285439636,-9.250772132683393,1.746718122639459,83.19178764719635,69.99957089307831,61.9734459745852,80945.60938072205,973,0.0478789597270355,575.5250738219842,0.0673976197647655,0.0148579475419876,-0.0491962275243612,0.1064641898389698,0.0002202444183506,0.0006820153676237,0.4763873449416552,1.2518214355030324,0.051430172815189,0.1429988461386439,kebumen,6.80092523505605,6.279286918495104,3.2561109056506305,0.5962098733579474,-0.0943872833137343,0.1088678390141954,7.427392936860014,7.837628752036464,0.5431188363327599,0.1322135724514282,0,1690630.0772239838,kebumen_0162,6.752054136082633,0.731746103856385,0.7449466795617509
-15.617013909798198,1.3506449107491107,-8.854491337760738,1.6572541005952672,81.23218052832367,69.8391836843183,61.50093331175146,95285.34775972366,1173,0.0632770302366568,778.9650582455273,0.070327525652734,0.0170608068170977,-0.0512464378269722,0.0995428967688236,0.0002749576163561,0.0007630561936911,0.5563541171448121,1.3067058548965853,0.0644131479730654,0.1599607483528285,kebumen,7.998052604608827,6.203872973644715,3.416814879925065,0.5417421071332293,-0.0974075330580288,0.1019050196800697,9.46784632771408,8.837570994302107,0.5353770996939899,0.1301348299476888,0,1505844.180792862,kebumen_0163,6.762522572037549,0.9052596001913912,0.7571006085489431
-14.956897533287142,1.2423957596885955,-8.00246304708009,1.5223978961605982,90.658327003608,73.9473996369735,72.97243541058342,75065.09475898743,828,0.0924622077306851,1019.8975735235584,0.0569503260386927,0.0175646851937664,-0.14727476144993,0.1034748654376562,0.0002982238918275,0.0007499385920511,0.6739277468976799,1.453798066704293,0.0850217682606257,0.1870067489739559,kebumen,12.571866054991233,8.500194560086838,3.744640876354577,0.2785486431251389,-0.1955390980714648,0.1035797320200608,13.95310003437234,9.19926972809309,0.6619936248880655,0.1381796267932303,0,811846.2299497509,kebumen_0164,6.95443448620701,0.913534486229059,0.8049170751593429
-16.8952795328789,1.958018060324722,-9.533647914161543,2.251184184874792,92.35179277819194,85.15802256266277,60.15968312418794,65754.47645807266,712,0.0760001429578265,822.9417174430135,0.0688884147685554,0.0145893391023322,-0.094692446286026,0.089264121960474,0.0002595782183164,0.0007189665545264,0.5965668564177892,1.4403897208542982,0.0734970884043498,0.1845227210605539,kebumen,8.228652337375646,7.795172299984186,3.3817720905323343,0.5127567474907333,-0.1709337455561344,0.0998475775373745,10.324334416266314,12.517384320404911,0.5221676793370523,0.1164931294112249,0,865188.8522704575,kebumen_0165,7.3616316187173725,1.0228237095531951,0.6514186819164178
-15.847718662430257,2.1741777777847577,-8.656884982235203,2.694902422023308,99.37966885041943,88.05675972640785,121.7250487174128,200746.9310778473,2020,0.1228525776500308,1236.1942746553266,0.0713916408048466,0.0239942827274394,-0.0791040329958656,0.1097773616270834,0.0004183258178554,0.0009130718920395,0.9209141565083968,1.8112255484986464,0.1107922303253809,0.2173324094557121,kebumen,10.664430889559071,8.651361280144737,3.5231733796566003,0.5029204976232307,-0.1426769867353023,0.1291801809430699,12.733055004325822,12.436792091901612,0.5211498893014898,0.142542015780643,0,1634047.3673227555,kebumen_0166,7.190833680195048,1.2091227315492052,1.2248486046036875
-16.05260184773898,1.2389185439747443,-9.223233679211807,1.5132682657038805,100.3593498361832,90.14770253499348,73.62268265315305,180747.189054966,1801,0.0668162834321704,665.7703895176169,0.0695557585691791,0.0130832866622168,-0.045909751927197,0.0881132150905329,0.0002158487900648,0.0006467894143257,0.4997582449513785,1.32614004827634,0.0638892479940465,0.1743833268593957,kebumen,8.688226052699235,7.859616551863456,3.4528907779489018,0.4469026338026338,-0.1046678289484259,0.0939734375896752,10.540682334302188,11.975380861869343,0.5018215871839613,0.118674503041915,0,2705136.8284866386,kebumen_0167,6.829368168527149,0.8300852988182017,0.7335906696618454
-14.914522377054624,1.5107415691395265,-8.243107575100531,1.5680911679654164,88.63478518231209,80.91153030395508,53.91262861767299,78619.05445671082,887,0.0224158440216405,252.9012054977463,0.0383263851464109,0.0100408608916459,-0.2789155398785102,0.0770899087180655,0.000107915662383,0.0004720112510182,0.3904885170294744,1.4728601608529628,0.0257383538926939,0.0975153242366967,kebumen,7.69655636424645,4.856707996350625,3.477118325063006,0.3242948659087325,-0.320982428538826,0.0711993845123801,7.454378121356663,6.605268644801905,0.7916656781772841,0.0854837972042201,0,3507298.4260958945,kebumen_0168,6.67141480195412,0.7562186776492829,0.6082558727567353
-16.41996291400992,1.579435200641937,-9.5149884711349,1.7619092559658225,85.61660892262681,76.02670364379883,65.19007569640355,95548.13555765152,1116,0.0497534710297515,581.1193839120006,0.0699925705708453,0.0139550767228248,-0.0730056229042883,0.0839226841142578,0.0001958617702031,0.0006441249403291,0.4287161303759808,1.2004277517037585,0.0508787087347014,0.1492907272186629,kebumen,7.974442394177375,6.504136772359079,3.4696507130863417,0.42901701479692,-0.1368845343632153,0.0869478056304721,8.59787743807252,8.63211492738461,0.5092858719372956,0.1295921392144253,0,1920431.5514090592,kebumen_0169,6.904974442874965,0.7505593479842687,0.7614185672235271
-16.52130453008827,1.1356450678627792,-9.510461277775844,1.2685576804904573,83.3160926572783,77.19102393256293,57.46499360541801,57154.839562892914,686,0.0270634358736971,324.82843362593763,0.0731439633727406,0.013831513238061,-0.0286048831691476,0.0690322061456319,0.0001117087773679,0.0005061957816319,0.198064286710522,0.8064302707932816,0.0263727832020251,0.1088188156951295,kebumen,5.220789428606786,5.203849000488338,3.199897895895433,0.4654016974537334,-0.0829984383141969,0.0718108056335754,5.573092655880239,6.424541894481476,0.4751708034320663,0.1007096574447026,0,2111884.08706233,kebumen_0170,7.010843252312426,0.7998759884048463,0.6897226186758532
-15.541768954412357,1.6123279570204103,-8.47749202339633,1.7277166144002365,89.62688537210994,78.04001501834753,66.83887255644167,125119.13197946548,1396,0.0717597724538138,800.6500745382817,0.0582821403267923,0.015063219503067,-0.1291715239987123,0.1061224788850817,0.0002366799818167,0.0006918157976999,0.5398395245106469,1.3428535136807376,0.0630459775404917,0.1639210541466011,kebumen,9.845249022657052,7.441671728903993,3.587772145539899,0.3811889318217592,-0.1807937603148877,0.1022362278998583,12.25806131445868,10.8137668501158,0.64028875489964,0.1323293162042172,0,1743583.176214708,kebumen_0171,7.064276931015962,0.8834711881503234,0.7457457913319452
-15.753271826159796,1.5833132023401637,-8.920260053666942,1.635937759556702,90.2732046481124,83.1699720110212,55.53415459138625,61927.41838860512,686,0.0320090085816804,354.5792874691055,0.0638832773266823,0.0213696412580906,-0.102476506100799,0.1370185397524808,0.0001714347347356,0.0006067052259842,0.3151297047819422,1.0435166678120436,0.0404756825697386,0.133830047974772,kebumen,9.021942813702603,15.495490166502869,3.403235000249769,0.4546263517983675,-0.148501537662297,0.1383178437659431,9.585585600922034,12.959231766182048,0.5981485682667403,0.1619465834949081,0,1934687.1750363344,kebumen_0172,6.833011772492827,0.8770715143459823,0.6151787211704737
-15.99810692013415,1.21468126373005,-9.16465770537178,1.4821060395244343,113.20061815203698,97.8772406578064,87.49613066361431,170819.7327914238,1509,0.0949457735036254,838.7390020795306,0.0719354629882244,0.0155972138550329,-0.0596983435864474,0.0962967439012809,0.0002822789154212,0.0007343054758633,0.5845171474740021,1.3755701434166812,0.0865524506430523,0.203957849989338,kebumen,8.64754376433797,7.608240430374928,3.4651138546272766,0.4291866059651766,-0.1246554023037558,0.1086064695997476,10.671166668057278,12.802906816732037,0.4980017726231018,0.112908550429189,1,1799129.402899657,kebumen_0173,6.833449214762502,0.8582354845822918,0.7729297957198467
-16.42102665118665,1.4769951870422688,-9.666757738075868,1.6913461986588214,103.17937438263851,92.1229358889022,84.9571921278776,120719.86802768707,1170,0.0604057525009808,585.4440663399193,0.0696735353835288,0.0140564087165919,-0.0726246305094494,0.0832384135374652,0.0001846381151694,0.0006059084460768,0.389202815685813,1.147779285735092,0.0555860818723766,0.1634689292522579,kebumen,8.35533706624723,8.043317466163137,3.444506728412219,0.4328061676708072,-0.134723907990695,0.0876613516862356,9.883684170572993,11.514182325733987,0.5118394767334502,0.1191564505859197,1,1998482.976033234,kebumen_0174,6.754268913110756,0.8544670530772069,0.8233931697706914
-14.97800895322766,1.5034677387082174,-7.863481343297128,1.8283887457250123,96.51470039638504,71.93175813071748,105.72017091418914,143420.84478902817,1486,0.1155360912721437,1197.0828360616358,0.0612020915849466,0.0257903276286068,-0.1352556981002134,0.1267138879895484,0.000385909603933,0.0008508658720975,0.8594406837055597,1.6590354607001565,0.1062654654801404,0.2090258080015448,kebumen,12.320914146479804,7.851488610695795,3.6702624309805407,0.3878720667145953,-0.1830477447661626,0.1307195281974627,14.641978797702563,10.807654026976593,0.6306388009098747,0.163458145240598,0,1241351.0203595369,kebumen_0175,7.114527609930523,1.0370912591705748,1.0953789472484223
-15.58399830385889,1.5375429122527515,-8.505475159686615,1.5767467006138207,90.47437427831916,75.96295309066772,80.69951449337276,124492.73900696715,1376,0.0538464078769624,595.1564551451771,0.0601274704000065,0.0172769415989037,-0.1117057449708257,0.0953792734672223,0.0001787821266255,0.0006159983520844,0.3835883648409394,1.1759984973785853,0.0474253727243809,0.1451638317948919,kebumen,9.949938120612316,6.92221890137072,3.6680892020749374,0.3137596002334637,-0.1648384305631258,0.0921861263526721,11.167064606170785,8.365470476193462,0.6338448795126262,0.1274411104643927,0,2311997.1027859407,kebumen_0176,7.078523144172171,0.9795391157199717,0.8919599072895849
-15.913192624415789,1.43855349180524,-8.914047942509557,1.6609567928626994,97.77460736927344,86.10295528835721,69.76325390698155,134733.40895485878,1378,0.1067801119622237,1092.104737981084,0.070695070429642,0.0151012573098782,-0.0766556458802803,0.1090605626327425,0.0003588692413105,0.0008296374428089,0.7090919250967109,1.4986189296938106,0.099437147939123,0.2125215394805029,kebumen,10.240565330217237,8.911265282429778,3.489690339868637,0.4710366108805518,-0.1420384686049808,0.1241731997537352,13.101462618561008,14.223748603745053,0.5093431747208788,0.130186719246429,1,1261783.7393027295,kebumen_0177,6.999144681906267,0.974109184684681,0.7135109593792681
-16.377782686862396,1.627747851464489,-9.419155975007271,1.8258383107080804,96.942269395179,86.28162286636677,72.66477316708696,183123.9468874932,1889,0.0851130686568939,877.976853522336,0.066839035929385,0.0184992431796046,-0.1002354582315475,0.107597533787953,0.0002849518511637,0.0007669834119132,0.5611726921548199,1.364971364249087,0.0775092121658207,0.1894157647767725,kebumen,8.603417973575853,8.002874451769719,3.4396445900078563,0.4603002241108054,-0.1638366608528104,0.1168691146214826,10.721203003806936,12.378197817349031,0.5374321685552935,0.132992636373677,0,2151537.3582134456,kebumen_0178,6.958626711855062,0.9659554712683162,0.7495674860970465
-15.511898481422122,1.2396509541355194,-8.557888566465294,1.822667594015997,91.58366929839758,71.61381850035295,97.81929785436404,151937.30736604158,1659,0.0887110117086057,968.6335171783508,0.0684070283352951,0.0210669696517995,-0.0575996479675901,0.0966400294344136,0.0003367580923622,0.0008255475665822,0.7027681761957417,1.5196786635646384,0.0849369935545664,0.1896285171464107,kebumen,10.539918044262938,7.7059100818558495,3.617912271085913,0.3974433879176072,-0.1092740360476174,0.1011818749155549,12.017748260775402,11.08046871017449,0.5305306433733505,0.1356745176484161,0,1712722.0673022969,kebumen_0179,6.954009914956867,1.1117777524705457,1.0680866862371452
-15.756131157923216,1.5509102315158356,-9.000148884407002,1.70523340649196,83.54990377774787,76.13382984343029,69.10693881032586,109701.02366018295,1313,0.0626051354854204,749.3142739213341,0.0709950437214704,0.017440143068245,-0.0479362336466637,0.0953483675882424,0.0002631308725837,0.0007370389421907,0.5678133287877213,1.3596861550769457,0.0656552855106292,0.1651926790392027,kebumen,8.028861638020153,6.699082182470899,3.407778941658101,0.5041090119157019,-0.0935351617072074,0.0979762244648545,8.984259076196988,9.34491684027844,0.5331370274393928,0.1293890751344282,0,1752268.7685218763,kebumen_0180,6.755982273516351,0.8130260622927904,0.8271336732374711
-16.816824845979774,3.951948760111186,-10.086593402344729,3.802106242882016,93.14895130134238,71.19476583494362,124.84969066899698,131992.06399400215,1417,0.0332981865033206,357.47247862833234,0.0579843512356681,0.025377773417621,-0.1701404141078437,0.1355043443073009,0.0001326959770965,0.0005353733529321,0.2618291544433831,1.0243761448599291,0.0344159694901807,0.1287640485614777,kebumen,18.64559765007642,24.59967639930566,3.549865712308947,0.4989406839125242,-0.2185923645439605,0.143955258442861,17.94614024023925,23.373654147569766,0.5630083502537615,0.3475243617631141,0,3963941.5191827086,kebumen_0181,6.730231443635034,1.09653017837213,1.340323094621869
-16.07004524004917,1.7236291988904593,-8.846828310959614,1.9111488817713127,93.96284978812082,82.02527461907802,74.49508769821097,164434.98712921143,1750,0.0728886860325404,775.7181289935216,0.0639460787939606,0.0175174952754157,-0.1243393629313403,0.1030050699069706,0.0002327554818261,0.0006677104039485,0.5856418780728434,1.4348100210764232,0.0659126638628942,0.1676720363397276,kebumen,8.997275414291467,7.255931609229406,3.4858701196828754,0.4673004038047214,-0.1864356886916668,0.1003224622506864,10.836472932807672,10.766903093398634,0.5864402198471671,0.1519243845598843,0,2255974.0898031984,kebumen_0182,7.223216929089527,1.0105017223888642,0.7928142650653083
-15.646530240307085,1.368764865568067,-8.677843284188462,1.5698832245165673,93.760726803825,82.28752212524414,76.94498661394664,47255.40630912781,504,0.0503196441554601,536.681464305877,0.0601757966324609,0.0157257426443186,-0.1411650107712772,0.0913416987838615,0.0001569937927387,0.0005616140751901,0.3628403320895688,1.1106645495596046,0.0448506561494018,0.1390824204225678,kebumen,9.677439024869877,6.160211652111894,3.613731731768449,0.3344863987212658,-0.2065529162642802,0.0873467977578006,9.871235781876008,6.918138570965531,0.6046993324116834,0.1520016602490772,0,939104.5406270068,kebumen_0183,6.968686956118635,0.824751113851821,0.8206526254317351
-14.661747240016467,1.750925972262181,-8.045056163444881,1.8661659919491456,76.94869961563523,70.08812640962147,53.93355278281224,88029.31236028671,1144,0.0153216720012261,199.11541166724191,0.0385270313400589,0.0092596847972531,-0.290218579564005,0.0693558900747358,7.448222750232607e-05,0.0003967997466951,0.2278422163434162,1.0166210604650157,0.0170645461378372,0.0793383993352408,kebumen,6.211340304580718,4.510929357241444,3.3419870912188325,0.3704091939239153,-0.3300145470409945,0.0658728242528921,5.946077992346788,5.870287631060505,0.8070501721376265,0.074778775669767,0,5745411.620431633,kebumen_0184,6.616691076571702,0.8170512019012606,0.7009027189830959
-16.261388016729892,1.3609587442059174,-9.302844886223625,1.681106780610154,81.82383180060093,70.23321109347873,63.940349338136414,69059.31403970718,844,0.044921556536108,549.0033349401041,0.0726067361810859,0.013935635302497,-0.0477214841618489,0.0835687520919412,0.0001962838784348,0.0006645112483259,0.3490510267029826,1.0722271987644991,0.0461082210254272,0.1435590283123587,kebumen,6.945562340170735,6.152260895521404,3.344626966530414,0.4808356833791867,-0.1022088625145647,0.0936150876775198,7.516930130338209,8.151265830876062,0.5031009666532749,0.1098138905366171,0,1537331.280678067,kebumen_0185,6.958543130506267,0.960745931220438,0.781439196027322
-15.806519254917283,1.3272322113752162,-9.068555295564586,1.5974543984233038,83.65219106412914,73.78197682698568,64.02015597264842,103812.36911058426,1241,0.0510773796035828,610.5922505296489,0.0700169591001688,0.0158680496000802,-0.0568602311747011,0.0955276826416434,0.000216619147115,0.0006753428820225,0.4372918431806514,1.192842900687347,0.0525658149029851,0.1481835104708631,kebumen,7.991811001910062,6.143598386435846,3.4491195487280315,0.4585448644769643,-0.109394685842069,0.0970389836218743,9.177457894267812,8.606570106451578,0.5122553211609865,0.1394668163494951,0,2032452.915875551,kebumen_0186,6.737963959352674,0.8181780622910785,0.7653135579386022
-16.411473665082216,1.7010606422512558,-9.29914895860141,1.9133283859524133,86.78969882218303,82.07126636994191,60.34382058724351,116818.93461465836,1346,0.0556870268822242,641.6317562792477,0.0648319964455647,0.0146439112637432,-0.1152757844993416,0.1000555046617982,0.0001931863214387,0.0006294965523589,0.4621811980513476,1.2764884750314696,0.0522067074891934,0.1518390736186589,kebumen,8.25865345244574,6.572424383217094,3.4965371855557,0.4098019179962667,-0.1819596957019261,0.098949186308913,9.42951445279334,9.41712354670853,0.5598349968505968,0.1502983624054334,0,2097776.468866358,kebumen_0187,7.112324706480619,0.9469938292270964,0.6952878210912736
-15.30414937074243,1.4481563896228988,-8.622152520675677,1.583130885043822,93.36258430143616,83.65942254210964,68.32266855230036,97657.26317930222,1046,0.0612547756637064,656.0955453625356,0.0577876868308696,0.0203875497388924,-0.1435362399436414,0.1152179189942876,0.0001930143498726,0.0006262917021202,0.4594350565169228,1.3134021706306616,0.0537477744395153,0.1541901203424104,kebumen,8.6712399716583,6.189748709367042,3.521487185175724,0.4159790066156795,-0.1923514020357266,0.1128203881790039,10.581854858413656,8.846628961068323,0.6546064051549404,0.1456689725753012,0,1594279.9907626514,kebumen_0188,6.6819968500668505,0.9151406413895924,0.7317992433854402
-16.485465477156005,1.31748855965633,-9.660759193308676,1.4251046883332907,84.37661434642455,74.19396924972534,65.66007139713804,70707.60282230377,838,0.038018802495056,450.5845937235932,0.0759890816726242,0.011785131581375,-0.0098711064575871,0.070432233776316,0.0001526693222606,0.0005720200295001,0.2769716591112941,0.9532417386891164,0.0378221476943284,0.1314022151205597,kebumen,5.377012735904751,4.84195462135346,3.225688198173124,0.4825008668788588,-0.0607015058823989,0.0749214816504547,5.64982746131097,6.150955845534397,0.4616453681918067,0.099055696035514,0,1859806.1533237044,kebumen_0189,6.824706283847389,0.7532664285956164,0.7781785498948546
-15.838674394780965,1.6355671175539288,-9.215797573143137,1.5813741571228428,83.14468678655146,78.10135723295666,58.94499534113986,72834.74562501907,876,0.0431039589077307,518.4210870670187,0.0567115930238533,0.0173103791942592,-0.1730958156482733,0.1285499087388955,0.0001494129269166,0.0005659578088636,0.3451536859192474,1.1495784735853605,0.038100709387993,0.130664433180731,kebumen,6.326466740898322,4.751699438666924,3.366464771677532,0.4073232354277102,-0.228532997316206,0.1203753627027426,6.945770396470362,7.158986972085369,0.6413899250847469,0.174522502750661,0,1689746.0806542295,kebumen_0190,6.622876821637745,0.8919950266489858,0.7089448240085755
-15.506183163691873,1.289544044286152,-8.583739585954424,1.762720642140227,83.59260754871754,70.18127975463867,63.79559165311576,144698.80366683006,1731,0.0984939139439376,1178.261054801235,0.0668247852272396,0.0157335969042226,-0.066208361685142,0.0915563781547302,0.0004066806260383,0.0008935580942166,0.7986588052616208,1.5289490185873011,0.1020714287374914,0.2020145636688929,kebumen,10.420564663127823,7.076271172178599,3.605990781281397,0.4353573131154467,-0.1251403752340046,0.0932084534391913,12.408329854101709,11.023683795952149,0.5165533259235573,0.1455441401379191,0,1469114.1601824462,kebumen_0191,6.92244357773749,1.0137123323039827,0.7631726479633485
-16.71948725611432,1.4851461561007495,-9.764658238701715,1.4906923224472446,83.57790708175635,77.1227879524231,59.96208529557953,54409.21751022339,651,0.0327178470391784,391.46525896100366,0.0745010389340695,0.0111023898723156,-0.018614722680925,0.0721526723184537,0.0001301453222629,0.000523829061337,0.2549662632363941,0.9165039085333287,0.0325209354519617,0.1196470562083174,kebumen,5.44002365935098,4.892020141020945,3.2767696339224885,0.4262419544444855,-0.0677273911984043,0.0780961739842009,5.706777252689467,6.097628159447056,0.4798121406621419,0.0970969579388625,0,1662982.819287293,kebumen_0192,6.954829017412601,0.7456418318328413,0.71743942136436
-16.09123614417171,1.586365454480077,-8.728610706181495,2.0826663001108394,98.53063302015612,88.35166729781707,89.27529919022369,289482.9998132187,2938,0.1492789088406876,1515.0507437636184,0.0747354994875653,0.0240517960120828,-0.0470196133217559,0.1260766554452558,0.0004718226772072,0.0009402651466584,0.8781400176570245,1.6787504286998691,0.1298229679410384,0.24018806770313,kebumen,12.4350203335342,11.21837174084448,3.5805913014234187,0.4346859362176011,-0.101898829345872,0.1433850544442559,15.335267845369732,15.811559337484567,0.4780378584156905,0.1574763329788471,1,1939208.9750746945,kebumen_0193,7.362625437990206,1.340987528171455,0.9060664328824611
-15.211898821491085,1.3816574959699868,-8.201282790572833,1.6932233120822553,91.33594824473064,75.9439494308916,75.83971524807929,189065.4128665924,2070,0.0808738497282355,885.454755574855,0.0566044218660743,0.0193710842823691,-0.1521025556786741,0.1072882937310041,0.0002481153332469,0.0007028064042177,0.5557044970921451,1.3821370663800636,0.0694682629887611,0.1740001481222272,kebumen,10.755182675365702,7.3876891142083965,3.6592081894402577,0.3516909032789768,-0.201317692692606,0.1062319535223437,12.61358663355376,10.347468512212735,0.6651980256593483,0.1358040781979605,0,2337781.786101668,kebumen_0194,7.01061603091829,1.154266032435448,0.8303380728568134
-15.596432579195804,1.5316636483302632,-8.787219798833625,1.624590193249665,88.2509300863654,81.81683690924393,63.77940179098347,82867.6233510971,939,0.0608555581622228,689.5741280309169,0.0585172643778579,0.0166652716272662,-0.1417934971251872,0.115677724620274,0.0002108404183904,0.0006473777621143,0.5108551989052622,1.3498838739696442,0.0572696263205263,0.1560761922791656,kebumen,8.520023772211253,5.6307280674954745,3.525855197743699,0.3915797547283035,-0.1970514266484576,0.1094195833055089,10.138693422279012,8.837223443214725,0.6240978607363812,0.1624250003524845,0,1361710.0204749852,kebumen_0195,6.80921278036216,0.9774213862839952,0.7227051514195573
-16.388924130285464,1.4306858168155896,-9.70938394675414,1.540235056872482,84.02920873812542,67.8720932006836,87.43633328507242,97305.82371874923,1158,0.0276657008266162,329.2390972386231,0.0758758257810085,0.0153558279971188,-0.0397839240964898,0.1102374150423141,0.0001225966041667,0.0005268725666954,0.1999690892048788,0.8000764743317094,0.0277944429344405,0.1101019606206277,kebumen,10.309564361549176,17.25834973754907,3.294797290384089,0.5676709357667079,-0.0868325884139434,0.1201031381231522,9.8793692959057,13.933527187103648,0.5146089715116736,0.1404619630542403,0,3517200.7507987865,kebumen_0196,6.679540183531157,0.8119999004364392,1.0405469074160296
-16.298959440114917,1.233714016176919,-9.602557197697177,1.34721451030745,81.30929697636932,67.55163346675404,77.9151283773047,105295.53958439828,1295,0.0280959583666961,345.5442293992727,0.0716708739118541,0.0121459819863407,-0.0675366362143724,0.099060834780534,0.000114797683055,0.0004993075314002,0.1955408292953936,0.788839843049496,0.0275678083182644,0.1111172621363769,kebumen,9.366184038225398,14.218110737593523,3.384054855462977,0.4883472427068056,-0.1200491881687308,0.1086894764701611,9.93466666857428,12.952713497726029,0.5362657479011463,0.1211073232260035,0,3747711.261887813,kebumen_0197,6.696402242417797,0.7771881572065381,0.9582560823265873
-15.99596322508946,1.339956243171207,-9.235999950149765,1.4655743190772823,83.60749175127334,74.97316414969308,57.708385652570605,97486.33538198473,1166,0.0402106660368371,480.9457286012254,0.0713018639545449,0.0161099022622201,-0.0649775398540277,0.0975246114917436,0.0001756044742204,0.00061326033796,0.3104799845255165,0.9908625128814066,0.0410789750840936,0.1320209644958287,kebumen,10.163589485314109,16.50607680693829,3.4256482265398684,0.4844597840265244,-0.1134447858143016,0.1040518757488528,10.767398691846594,13.358206562091612,0.5524416460503562,0.1257334679267095,0,2424389.96888729,kebumen_0198,6.75996327493961,0.8388641555664468,0.690229839979522
-14.835194428968949,2.038322460232989,-8.092558470828621,2.018813989367218,80.43666079559841,75.15831629435222,50.54550736513716,59523.12898874283,740,0.0291628872132122,362.557158946708,0.0545585821166148,0.0187950826478933,-0.1856893567832911,0.146136763237886,0.000159422838771,0.0005990713762136,0.2795845450711175,1.0001117582268049,0.0360131137519367,0.1269792364828145,kebumen,9.794683318190854,15.71581755084755,3.3751650642917936,0.5067315322519843,-0.2281032272855515,0.1454637862531709,9.748002149407842,13.480669591031734,0.6894110764142911,0.1697292213307829,0,2041057.4767019616,kebumen_0199,6.742635958140249,0.9456004594124414,0.6283889319272074
-15.744997441159626,1.5013993772672924,-8.477394070532174,1.9539033102714225,103.37073585193188,83.97323618306743,96.0460489064014,199298.77872252464,1928,0.1509016340019509,1459.8100009474856,0.0776977424812888,0.0277344171026005,-0.0574021274179456,0.1179535768375424,0.0004957882362437,0.0009528458032342,0.9376481244203658,1.719508969405756,0.1348580030282623,0.2390422987590391,kebumen,11.725977249764354,9.655710455446249,3.5865833492215087,0.4516431089619003,-0.1211967390192617,0.1440383043494894,14.243987914625954,13.805086515430416,0.4730926420896587,0.1387862165591068,0,1320719.8188453545,kebumen_0200,7.267603370627366,1.2688343317661006,0.9291415806885388
-15.827720578356027,1.2519959168420298,-8.887859783660192,1.464863574192842,88.16862631536299,78.40707879317434,57.23257018480272,54664.548315525055,620,0.03732518467297,423.3386209224215,0.0659667833224067,0.013952290940004,-0.0935389110700214,0.0840891428657137,0.0001892951611029,0.0006343888182077,0.3355433621987111,1.026900120855744,0.0456316794068557,0.140398287183881,kebumen,7.716261788569922,8.313115587920507,3.3838508541344483,0.5012430960287058,-0.144666849991897,0.0866533266429538,9.027290225480842,9.714915944039188,0.5917945068846221,0.1077962439831361,0,1464548.636382546,kebumen_0201,6.939860794695847,0.8165158994550265,0.6491262547302521
-16.49800044073755,1.4246175618725816,-9.522400037261017,1.3963884159774964,83.59960942258247,75.14586681789822,59.71787985144,78750.8320760727,942,0.0242087964610025,289.580257948707,0.0705866163526575,0.0144537307137561,-0.1006731596356891,0.0938889277797224,0.00010000917654,0.0004641593017852,0.1862854660574593,0.7929356797527746,0.0254204451197448,0.106601621553745,kebumen,6.619067637911006,6.4967880482127,3.3374875951810297,0.4553454074968055,-0.1677394379000298,0.0927436762189544,7.028739851350073,7.336016016195747,0.5180003401288048,0.1406498517207834,0,3252984.187087972,kebumen_0202,6.975600403476444,0.7678856356320156,0.7143320437010154
-15.936250900919973,1.3612891053696607,-9.05541156219676,1.5876959976228342,83.50232288210191,78.37859819200304,59.88273939837783,119658.82869005205,1433,0.0539541720324128,646.139773962833,0.0689359312756317,0.0164496225593956,-0.06764811678751,0.0850461217312979,0.0002331882213439,0.0007160372861911,0.4407478010780048,1.1935931480475417,0.057397681434235,0.1584982394107659,kebumen,7.864152681941316,5.929760580502568,3.496313228060365,0.414794170823936,-0.1181427734754114,0.0899001349075853,8.853143153470029,7.928853456040617,0.5388547758717347,0.1184919721728216,0,2217786.3950570365,kebumen_0203,6.880839338723098,0.8733918447752825,0.7171386056280985
-16.55927345536197,1.4152741389593275,-9.60495530195088,1.5996710726780918,80.62768947208578,69.88973833167034,63.03707031239879,87319.78769826889,1083,0.0347971145972837,431.5777225556101,0.0729957190421637,0.0122904971665728,-0.067966399548355,0.071524909061222,0.0001503192827236,0.0005663896401884,0.2806610111416053,0.9780171857587184,0.0370681723850252,0.1277739067629916,kebumen,6.232665832925699,5.721441743761859,3.278456204236183,0.498475384016397,-0.1350494798300042,0.0735789836173248,6.696273724968169,7.511113585800949,0.4823818937019706,0.1153803695613316,0,2509397.3655242417,kebumen_0204,6.954318153411283,0.8606140722201219,0.7818290555656185
-15.672771153449514,1.7672043475532508,-8.752741150927182,1.9702393248703496,96.36940396268264,75.76390471938969,85.37077522365672,269063.37586380995,2792,0.1195671849071284,1240.71728152878,0.0686666491794792,0.0186016660815899,-0.0730566026815485,0.1188943933695609,0.0004021769880152,0.0008567568666617,0.8311552603046318,1.5793991340194269,0.1123967048611674,0.2161643812464679,kebumen,13.897857653543848,12.267303171394175,3.697830140689727,0.388898358826093,-0.1277238776282031,0.1244869121437193,16.532254842158913,14.231575159760665,0.5323886918552226,0.1789460932939522,0,2250311.204305762,kebumen_0205,6.920030002522235,0.9230364249107316,0.8858701176227577
-15.454246617996173,1.8090624954221075,-8.560916969856619,2.0610787499186096,103.38689883039848,79.24535632734539,131.00268398758746,261879.0147373993,2533,0.1698626610012959,1642.980521931971,0.0746821194773027,0.0234833477612035,-0.059881023184782,0.1320745753621355,0.000551689374453,0.0009802913408328,1.148335237386059,1.9298955267318672,0.1583758367583699,0.2540799032751582,kebumen,15.974092111256263,13.227365643358228,3.74381648641357,0.3797678005168829,-0.1120242851194916,0.1452317082348083,19.89478848936363,16.39882295179343,0.5015381436037701,0.1889089932175083,1,1541710.3040402818,kebumen_0206,6.893329648139535,1.0107116073018592,1.2671110698705783
-15.754307012900863,1.4365601016459686,-9.100967972340738,1.5800077585857275,89.63873961716499,76.36235423027715,72.89417261112969,136609.43917655945,1524,0.062426065020339,696.4183709738936,0.0591144674905908,0.0199865005561094,-0.1631243192423883,0.1443789561354876,0.0002058962270642,0.0006576997255733,0.3733037529646358,1.129314833552756,0.0555667847007159,0.1664868332738943,kebumen,6.990831103453068,5.767654373570365,3.3923282995036628,0.4247080060381124,-0.2116078478134474,0.1439330186360649,8.567221770782025,10.121609802752552,0.6451282950195861,0.1755683282357116,0,2188339.7444969607,kebumen_0207,6.653339040560174,1.0047323287454195,0.8131994372349601
-16.27589394689654,1.4007551099850548,-9.428699087511614,1.3848806112732917,84.20937983858755,75.00571710923138,58.3878075462632,111914.26580548286,1329,0.0295811326827277,351.28073308969624,0.0722477831683677,0.012841441128695,-0.0844191314652642,0.0924496326887779,0.0001212598688821,0.0005120284718096,0.2130437123360301,0.8192224224815841,0.0294232032179497,0.1139421962216311,kebumen,9.88500616260652,11.20313269068185,3.550141198927515,0.3824616548466813,-0.1446155439341479,0.0983030930746083,10.437703418179678,10.12743803569968,0.5239889202654444,0.1287143330419343,0,3783298.868431399,kebumen_0208,6.847194859385184,0.7985486436672684,0.6933646543672556
-16.32418711467673,1.505436751987612,-9.256084003407784,1.865789037498556,99.64328602590405,78.01210292693108,86.11088977837562,231371.7101521492,2322,0.0879171319788976,882.3186737944591,0.0735104693759981,0.0146039746807821,-0.0482412096933276,0.0885575513098394,0.0002951274999172,0.0007700416353769,0.5962368602660024,1.3844758676285656,0.0805474447666049,0.1897706355847229,kebumen,8.878872059879985,6.758820952878204,3.52746932925954,0.4178404495273105,-0.116835542186401,0.0957162508647927,10.830032945004556,11.265614765650962,0.4714492106400442,0.1322904047011808,0,2631702.2057508016,kebumen_0209,7.068103111268996,1.0255351469997451,0.864191589948063
-15.29420675702568,1.283240104214694,-8.529866105267084,1.38963285844959,86.30565135981426,74.43842951456706,67.5179693764148,83543.8705163002,968,0.0352863158256958,408.8528997780781,0.0554994618769715,0.0155279806027169,-0.1613023934082094,0.0959595177744341,0.0001195756611391,0.0005041581733296,0.2513505179504561,0.9276312832288948,0.0313184542090863,0.1168041618137651,kebumen,8.036752807380518,4.69486762514211,3.5523826220217685,0.3210861448745979,-0.2162299529834953,0.0904580934774977,8.431616311362736,6.426663806471037,0.6583957103327269,0.1449473969719719,0,2367599.69300798,kebumen_0210,6.764340651758625,0.8485138453766169,0.7823122624372266
-15.677015327329103,1.3567799451401643,-8.763555962577266,1.4734279702415192,89.53960499603782,75.91065916467886,81.58334528920501,93568.88722085951,1045,0.0743296538003944,830.1315803624947,0.0651336946114274,0.0152692912280873,-0.0852936325294363,0.0899244635225554,0.0002808035589566,0.0007504148581798,0.5964879119399746,1.3830982617256442,0.0727466667174453,0.1735157179113712,kebumen,9.85052346544698,6.588559121805028,3.60358954247633,0.3879719675195936,-0.1464433789603594,0.0887139240267478,11.13817252306758,9.753341664522583,0.5346122991938168,0.1451390223848003,0,1258836.5805137523,kebumen_0211,6.9134593647519065,0.7892479036208979,0.9111425641515296
-15.095460311200927,1.388822958682885,-8.55770794324315,1.4022247260429996,101.29840648807765,94.80004228864398,63.909009064095095,62906.31042909622,621,0.040163237970056,396.4844005199933,0.0529506174747718,0.0169379091918683,-0.1916206204591805,0.1216856979172517,0.0001350929691282,0.0005280797843524,0.3559182466382412,1.153657876803632,0.038279231137288,0.1294013094744417,kebumen,7.139583335780845,5.240965314398811,3.3841483018818983,0.4696249017642092,-0.2381959855303709,0.1158338536247588,8.536874589060664,7.741552702500961,0.7036309163563501,0.1373334130338097,0,1566265.9090384194,kebumen_0212,6.537752367957734,0.7421321611810653,0.6308984640505365
-15.94080847321066,1.6054808602054105,-8.822361334317382,1.812288086599024,96.48317756063398,85.97028961181641,62.70645656594671,121761.77008152008,1262,0.057476631470136,595.7166101211308,0.0636488083402157,0.015603699561403,-0.1177791545114898,0.106355952367586,0.0002038789313032,0.0006438449265304,0.4759917621422109,1.2951581341467595,0.0560802643630826,0.1595515622890513,kebumen,9.1249231576893,6.757944338339606,3.5499847537134963,0.4048725069523128,-0.1754575541240286,0.1053140336328643,11.20723175048852,10.284170028104308,0.5764065636014073,0.1484429035104641,0,2118456.961848671,kebumen_0213,7.11844713889312,0.908783959536722,0.6499211380817076
-15.001999682772627,1.7598494855108164,-8.463549194245832,1.870474478037078,81.70977022822967,74.32736747495589,51.04026840585557,86775.77598237991,1062,0.0124081524796567,151.85641135691134,0.0378864895466363,0.0084116598898202,-0.2759475726233824,0.0723257175845079,6.325334527197462e-05,0.0003656253940174,0.1966233507957707,0.9693404945283854,0.0143648198638714,0.0721779663198042,kebumen,6.599735458746386,4.362593688320174,3.3937438437544367,0.3505503700974802,-0.3138986803941104,0.0711033415566548,6.258105748227172,5.574234956045059,0.8071104458407503,0.0626179536725459,0,6993448.551236727,kebumen_0214,6.538450488526845,0.848236832504499,0.6246531872907142
-15.988176977896217,1.7302822295245777,-8.875840283424326,2.042039364992255,99.5215613382158,84.0391999730524,86.76201198777714,262637.4003715515,2639,0.1234617242787495,1240.5525256901371,0.0716240081792617,0.0243914404215941,-0.0814535821935122,0.1247599524560822,0.0004050035392108,0.0008908262033612,0.7604213804585616,1.5682644180950696,0.1081842365448987,0.2200210299908198,kebumen,12.945823971242634,11.216706988456837,3.641964345170329,0.4009094670188671,-0.1347969642021007,0.1376107165248447,15.597799234771198,14.311315537885044,0.5280023464248405,0.1652803536981435,1,2127277.922820629,kebumen_0215,7.112336694471965,1.230322132018944,0.8717911055768469
-15.30755047794005,1.5422964113134003,-8.018943511601439,2.17728240635464,99.18135432981366,84.04496821650753,84.55493502650381,429058.5388307739,4326,0.2161766135588907,2179.60941368098,0.0803212981055873,0.0250917651599219,-0.0298683838974808,0.1399308271965693,0.0007086899330599,0.0011053474612535,1.3112084534215818,1.9206543956545403,0.191611011476603,0.2751102389845632,kebumen,11.72776767539855,9.588754383681492,3.610300234857681,0.4243970819201159,-0.0809220029248086,0.1618551288906598,15.638655247975093,15.11957682765382,0.4650346111307602,0.1757302070662064,1,1984759.275146523,kebumen_0216,7.288606966338582,1.4511676928464896,0.8525285382303639
-15.496231875250006,1.426247937060258,-8.302033702840086,1.8485383224660428,98.46430952398389,75.9410877046131,86.81856561456401,213569.08735752103,2169,0.1443106406099737,1465.6136960450897,0.0681226434785824,0.0197890593986921,-0.0704537978997637,0.1120808526666888,0.0005169201431633,0.0009607721959847,1.0839790794776174,1.7606884806023988,0.1382478400876501,0.2307459767386404,kebumen,11.400539649361738,7.66068143725341,3.616229848164069,0.4806921117786574,-0.1288139113977708,0.1194381486475822,14.831592285564506,13.00914054712059,0.5289455842409916,0.1536781019787462,0,1479926.1264090086,kebumen_0217,7.194198172409781,1.071624999717056,0.8817262420696383
-15.951885164457371,1.5855094987863854,-8.680319870486851,2.146338721981744,104.47045101190145,87.80636185290767,101.5630472818773,230879.69673630217,2210,0.1560738820301065,1493.9524096849773,0.0767211687331029,0.0212062537205449,-0.0464552291967422,0.1206594461606899,0.0004815837329769,0.0009436912226921,0.9171632543755208,1.7019100624521364,0.1370966062199144,0.2478042572143109,kebumen,9.658582073512928,8.206302677779611,3.431576481338241,0.5447272930018185,-0.1049935220456002,0.1416513238386278,12.909648542267483,14.02713031607251,0.4867390009286835,0.1426783029833471,1,1479297.4566479076,kebumen_0218,7.271565293970405,1.3964178910908098,0.9721700853986652
-15.92494388504772,1.5783655035173376,-8.649679902810105,2.1486993183969147,101.46303699616412,83.82875018649631,105.15419856186476,220986.4945776455,2178,0.1803434125964394,1777.4296722781662,0.0822928878698521,0.0275002745027472,-0.0314478066944889,0.1235504343547134,0.0005872913370032,0.001048395740752,1.0978183412939415,1.9016669798107908,0.1606741808944959,0.2636600451662803,kebumen,10.042725161171068,8.808428894857306,3.450248033318111,0.5325390897484631,-0.0889479447273033,0.1535678892671062,12.72096871051555,13.540371159129128,0.4480232895569801,0.1415350093527103,1,1225364.9379040776,kebumen_0219,7.275263982237547,1.3502220374040237,1.0363793719858807
-15.465944857525033,1.185050281876243,-8.81404262018238,1.4408595067649193,86.92458646010772,77.93811198643276,66.91480626515992,114218.90660858154,1314,0.0587385369464825,675.7413447510545,0.0579291066668571,0.0199994225638533,-0.1692879686102987,0.1176070369543148,0.0002103886528305,0.0006807307814532,0.3776463873515355,1.1403178898226294,0.0536957775216324,0.1604699886763722,kebumen,8.708662437409696,9.525348160070427,3.4840661730427254,0.4184220748160271,-0.2167092301014197,0.1192946817625374,10.021845595716371,11.520205557771057,0.6672895406235982,0.1522881062324693,0,1944531.010580805,kebumen_0220,6.651902237342556,1.001402427741093,0.769802986590786
-15.802752042391113,1.1647551725422345,-9.102496940128312,1.3415540026113086,89.97544439030314,81.76209449768066,63.50750144455591,41478.67986392975,461,0.0291659408852205,324.1544521714395,0.0698976717581193,0.0183899982938661,-0.0840289195618606,0.0790348159592005,0.0001625315025024,0.0006031662453731,0.2796405317604904,0.9958173197788652,0.0391151168318653,0.1337878162615647,kebumen,8.516476440124785,8.277016485026493,3.5316300352126544,0.3543646193059094,-0.1387524177146792,0.0860732232461708,9.14473034427109,9.38013173805837,0.5457382895021899,0.1109158973834176,0,1422161.555739439,kebumen_0221,6.700255102262683,0.7956955935202876,0.7058314840776743
-15.92538566219176,1.3295239322534649,-9.028451587639596,1.6457323777036847,82.87124024585074,73.92719673387933,58.36047617208782,159775.75119400024,1928,0.0533614508522234,643.907955207599,0.0684377615958461,0.0152411964759487,-0.0737816415023674,0.0865243666695887,0.0002207357233923,0.0006741058601033,0.495483000076824,1.277450937589499,0.0575932578434841,0.1559338339973332,kebumen,8.21457194950161,6.149309238226461,3.479262935644563,0.450078951203717,-0.1337044554273897,0.0870647796936684,8.863384397448876,8.088598651233188,0.5166244633524898,0.1430697210986465,0,2994216.773387128,kebumen_0222,6.896934074552201,0.8615554134701868,0.7042307560373438
-14.59802718245452,1.8066858798718404,-7.849345627231628,1.830095233766431,95.44783443508936,87.44430758629316,106.16152886228882,117878.07552733536,1235,0.0399533934907991,418.5887896489677,0.0518245305746803,0.0202816907642421,-0.1937953291895302,0.1278310604421073,0.000200286863709,0.000666560810321,0.3587262708984923,1.1188425658080745,0.0467138394404037,0.1453726657791779,kebumen,10.902557565741276,17.95597352433746,3.3485207216545767,0.5418522514937661,-0.2340308537425181,0.1276341383976247,10.346635543173315,13.830902950641873,0.7099375694358855,0.1675126573304652,0,2950389.572151901,kebumen_0223,6.748681555222935,1.0535045203923294,1.112246595122967
-14.708501473870182,2.5348206733258456,-8.17539524404953,2.676189107045662,79.6026462728171,72.68377031598773,47.14863607051157,44259.07132768631,556,0.006075809109432,76.32672271483068,0.0375664430616539,0.00681338856325,-0.2999038923726497,0.0569521205521326,3.571351081669054e-05,0.0002850895100035,0.0866107613435538,0.6045821950458975,0.0081317715547571,0.0583463087375756,kebumen,5.711595977052079,6.145298501354431,3.256816652182912,0.3688254494276961,-0.3337090767780472,0.0572010743379902,4.7776303003167815,6.553655764517427,0.827858321282679,0.0609565403078661,0,7284473.64466713,kebumen_0224,6.533106229820575,0.9195607345148696,0.5922998578328922
-16.05807682919941,1.4117871638575803,-9.029744908228665,1.6387557105455444,81.77202011293288,70.2012139682112,58.43082572200661,114726.14421844482,1403,0.0496832972918143,607.5830977784118,0.0708375100180025,0.0155573666213438,-0.0648778690083642,0.0863622489902232,0.0002168525903241,0.0006803046157672,0.4296792820259911,1.18447276275186,0.0533155812382477,0.1506886729458768,kebumen,7.96777417209406,5.920490904797577,3.478135177153641,0.4340702521622561,-0.1256811242486978,0.0872855369966027,8.768388381256614,7.905353005681047,0.4987480192407743,0.1466045697844388,0,2309149.160221834,kebumen_0225,7.028331920970728,0.879663806733642,0.7145576890641756
-15.87147589675352,1.2056130190534355,-9.348338518003034,1.4349615152717077,88.85197926005762,81.29454258510044,62.37933449027625,58020.34245681763,653,0.0346411337558844,389.8746436980833,0.0675538676006086,0.0120523194327575,-0.133201694335597,0.073037723525892,0.0001448517367506,0.0005571998871135,0.257819006231581,0.905834100777918,0.0349401627120784,0.1222061845593516,kebumen,7.344664217159911,5.917934356404519,3.408044800545745,0.4449051044796061,-0.2049747291427934,0.0781454588957082,7.376372901365331,6.712835217754612,0.5620637884921665,0.1123223024644387,0,1674897.3306037297,kebumen_0226,6.523137378750432,0.7670626480050068,0.7020590313210745
-15.251203418118052,1.3412138337622044,-8.408200138168116,1.3546830296348833,81.76732997509168,77.04538896348741,58.6760653542846,76943.05750656128,941,0.0413906342501809,506.2001445172481,0.0513960123958405,0.0152089630527229,-0.1626159400159108,0.0988401803287742,0.0001343669164167,0.0005386178746481,0.2758346438376481,0.9789291746775912,0.0357468194848224,0.1267132402873644,kebumen,9.591661204093562,6.639565308140727,3.646039789012764,0.3013523197762273,-0.2110193880933476,0.0935264129621707,10.956136856918672,8.569333870612285,0.6972388846709511,0.1172753659762425,0,1858948.5012838368,kebumen_0227,6.843003279949924,0.9053932865815172,0.7175979131538079
-15.31291114108028,1.4712303174187231,-8.221973967982532,1.663425082150577,90.61436737880224,78.13354063034058,70.20083897197152,154135.03891134262,1701,0.0525243968417559,579.6475587826394,0.0519501912608494,0.0143680952982224,-0.1717839665009388,0.1025335020462785,0.0001631431055957,0.0005744826749231,0.3786281082439356,1.1669409543909346,0.0468254186718902,0.146641607958998,kebumen,10.765547679390124,8.739658302890538,3.598433296097616,0.3690606652930446,-0.2223078627396485,0.1001715734610728,11.785846618107907,10.52931147544499,0.6856950279536121,0.1348109540322906,0,2934541.816362336,kebumen_0228,7.090937173097811,1.2500425195476164,0.7747208417679012
-15.84643936904716,1.6682559634367569,-8.908301505433633,1.597401153116456,88.27691566786577,81.84112278620402,59.01279769385249,120233.15913963318,1362,0.03337347018176,378.0543297108929,0.0558773144795481,0.0136658937189141,-0.1602961308348363,0.0935910990367321,0.0001174997604988,0.0004947533749224,0.2692468184139664,0.9884954130730712,0.0327242427694475,0.1215141671791257,kebumen,7.906813358025389,4.949884509259726,3.5400341235014445,0.3441231548002983,-0.2187948773122264,0.0878718364741679,8.605855077491661,7.029554075597897,0.6431708274887914,0.1463181462668556,0,3602656.795496969,kebumen_0229,6.938137863613696,0.837506077636174,0.6684963701709179
-15.452122390953727,1.7629760369154674,-8.728395220881502,1.9391069342263705,81.60652296832113,73.97192368417416,58.35729235216324,129264.73238182068,1584,0.0327418111788748,401.21561350659294,0.0492699645465131,0.0172913732506758,-0.2113758159856154,0.1014948165623798,0.0001466752683645,0.0005804017025528,0.2668263506198071,0.944643008056551,0.0325122655535572,0.1167850321518139,kebumen,8.118710382374571,6.493738533722897,3.430235165553739,0.4641949099090526,-0.2544544218455256,0.0982579657040384,9.24733568767775,9.97960583765906,0.7317674259204666,0.1383015901063598,0,3948001.888949346,kebumen_0230,6.723727170072331,0.9325696011164508,0.7151057321093925
-16.455659010173967,1.0591535471384137,-9.773032393285188,1.162110508907483,90.03282966963742,82.87510108947754,59.33626273394387,29440.73530197144,327,0.0218551303245856,242.7462338435868,0.0701453489592463,0.0102677558127898,-0.0868256666053568,0.0679464954175261,8.918794857567302e-05,0.0004278599309242,0.1863741904567814,0.7841256093155744,0.0248143513007736,0.1060345191573654,kebumen,5.836807137648464,5.055964051530185,3.300573815248624,0.4245379984077503,-0.1570708617290039,0.0756736034971574,5.8758017008362895,5.849386115099428,0.502722568873702,0.1029393424822894,0,1347085.7809917743,kebumen_0231,6.682626616888876,0.6387294000444511,0.6590514032677834
-16.107600576248597,1.2759088772988518,-9.170740466619774,1.525819067572961,90.26118064109316,77.80935734340123,65.77204573746621,106056.88725328444,1175,0.0630748016698644,698.8031978073681,0.0727707218644442,0.0153243507517158,-0.0609284011128194,0.0812531126991708,0.0002557385248366,0.0007343819387341,0.4526463836565938,1.1928207124686976,0.0645596655535435,0.1702224502916112,kebumen,8.37990043315909,5.89718431503478,3.521185238037374,0.4092090027545524,-0.1169403987508786,0.0897546588856958,9.349727582611576,8.623433929913448,0.5005974881214758,0.1219553926151168,0,1681446.2264723354,kebumen_0232,6.936860109628908,0.8799198816826244,0.7286858566474612
-15.910816699689082,1.8001208426422546,-9.19293954515987,2.005811292546926,83.83055135427428,73.86589122953869,61.40951258314545,253587.4178466797,3025,0.0325152758418968,387.8690443593144,0.0594781956216086,0.0184824164699943,-0.1556672395294881,0.123621440901493,0.0001437159989932,0.0005698757730911,0.2597713584921783,0.9273560282882516,0.0331208126202582,0.1200643148456328,kebumen,11.11128464466361,15.724283275242794,3.483465346431508,0.4423228342129883,-0.211250838261179,0.1209109416147858,11.344007176448656,13.704933385241077,0.6235847765566346,0.1917580018633919,0,7799024.036570699,kebumen_0233,6.7178771545291776,0.9107451090219246,0.7325433459649356
-15.049071755621268,1.57022618931728,-7.844972041297978,1.928111754356808,111.99049552025691,87.84798049926758,109.78909567162104,477639.4633938957,4265,0.1978146762581475,1766.3523617713322,0.0719105669858349,0.0234407451746978,-0.0466171150859461,0.144977037212255,0.0006033993482574,0.0009958052953861,1.3052669530259682,1.958452130825696,0.1761608263492058,0.2613061805250931,kebumen,15.00281174558325,9.589826925094563,3.779948248281444,0.3220369316591511,-0.0933944660114693,0.153056047246255,20.250261806498223,15.010829042583325,0.5265554942733986,0.1956374622208218,0,2414580.517628417,kebumen_0234,7.20409971432326,1.28145955376953,0.9803429760855226
-15.838421949908703,1.3626555027536962,-9.060915569321242,1.6474990357947494,90.5179573267321,82.80787004743304,59.62485014140589,85811.02354574203,948,0.0314761578995293,347.7338511508118,0.063918273211385,0.0140895427591964,-0.1729914763604749,0.0807354394041941,0.0001429950778144,0.0005586849403233,0.2643784968779901,0.9184154100543592,0.0338813490306452,0.1192327038267325,kebumen,8.40538971463359,8.036391917410633,3.4297147627019897,0.4427331865355072,-0.2423925559437216,0.0793123601499647,8.144982747616547,7.417566073137829,0.6127702621097688,0.1236866778745701,0,2726222.9341855287,kebumen_0235,6.777506380587392,0.8061983668847601,0.6587074200778198
-15.454389663627683,1.4040164929524357,-8.16674855490539,1.806921337662056,100.69901340691057,84.0455808206038,87.84278134432034,363322.04037213326,3608,0.1698783692060095,1686.9913960284296,0.0725114354902824,0.0195004878886366,-0.0415698239856995,0.1153704888288383,0.0005814664883723,0.0010112520248572,1.1464276777024014,1.8135343640317911,0.1569702219478226,0.2474971516278525,kebumen,11.75497747670896,6.748242702384714,3.714407618066538,0.34759271856991,-0.0974186562086216,0.1274952590438026,14.735350970151812,11.848433976822903,0.4854866954456767,0.1553194265312254,0,2138718.673073302,kebumen_0236,7.287641108722318,1.2276070282016227,0.8723301090285761
-15.353670813381129,1.3829226359766678,-8.734720947624806,1.2176827151290512,101.431120485125,94.32637758608216,70.03971157966488,52439.88929080963,517,0.0304209426396593,299.91724920480004,0.0512132579201551,0.0138466159154277,-0.2134590015039377,0.1011380374655147,9.692160703639564e-05,0.0004445697658976,0.2552203694592427,1.0097428601356069,0.0292678987521348,0.1192436839383778,kebumen,6.871440324346612,6.054352746119066,3.35647877236675,0.4560036082122148,-0.2674325419367941,0.0927064318742405,7.980356379756953,8.973294812616738,0.7047404233782375,0.1366081866289701,0,1723808.821835932,kebumen_0237,6.618949865756482,0.7777653001425147,0.6905150139787354
-16.151611019644275,1.5112767124076445,-9.320649628853907,1.606447203492298,118.66317623037672,87.99701914656053,153.22268108370508,146193.03311582413,1232,0.0791830024899355,667.2921204823223,0.0728025865329635,0.0209599428291861,-0.0727401508810308,0.1009701064145541,0.0002117611032451,0.000637212720814,0.4966778627229686,1.4173804121461202,0.0701018877530729,0.1903914042760587,kebumen,8.580978182078779,10.87017531195892,3.387818853912312,0.489794257244336,-0.1343212100126717,0.1125207838217089,10.521150140877646,12.857066912872478,0.515795428888309,0.1420858012867353,0,1846267.867076722,kebumen_0238,6.830961390790445,0.9347835862854182,1.2912403489540292
-15.912834334876385,1.1861911199129498,-9.273573436670196,1.383620485691773,87.47465835108224,73.4998961857387,66.5113843095185,96921.92145299911,1108,0.0322277069622511,368.42335334313947,0.0703815744001764,0.0135757465037937,-0.1112526896156418,0.0814820186704843,0.000135916012666,0.0005368764476849,0.2421967163964116,0.8770986532989623,0.0333647964179734,0.1205172325932348,kebumen,8.597121465319917,5.806843493684167,3.53498071675163,0.3537446717873066,-0.178518783772176,0.0839465820819643,8.971892673336699,7.806292603965076,0.5352405264010623,0.1298294168886958,0,3007409.7907904307,kebumen_0239,6.639260898206287,0.7297461250187924,0.760350318175271
-15.807327485455597,1.5021939131317832,-8.862250596098283,1.5913782288629614,88.15868031817202,78.32985836122094,65.33551178887396,136734.1131734848,1551,0.0471614206101703,534.9606010430375,0.0585003952346714,0.0134520881838253,-0.1211060622882522,0.0985392890080272,0.000154881081632,0.0005776180908016,0.336958180028142,1.0987299479322088,0.0412992544660369,0.1388004733696145,kebumen,8.492311540372365,6.010081177917355,3.534043665691141,0.354633681423499,-0.1807935978129719,0.0960633983312236,8.968764520816197,8.546882540427527,0.5802245173345282,0.1541726949678457,0,2899278.931898804,kebumen_0240,6.945076889357187,0.842402298294537,0.7411126340942565
-15.437806481772563,1.196202976937353,-8.897242707097872,1.5965933879783616,100.5145872898058,92.42788837706188,269.6584127745608,165547.52526631014,1647,0.0580781212864341,577.8078869187622,0.0712508545741789,0.0158915954514308,-0.1093721902960569,0.0933099627342226,0.000263489023444,0.0007538887326312,0.4302947266034979,1.160998702921014,0.0614727834340762,0.1646256761585295,kebumen,9.747265302334371,6.224699392191905,3.635690367046757,0.3424025045742397,-0.1693580801117482,0.1013893421971474,11.39959448384839,9.642688945640725,0.5566541070303251,0.1298550724032772,0,2850428.381624986,kebumen_0241,6.540563774674725,0.9734409866459248,2.682778888571426
-14.87610786300018,1.6858966705349068,-7.170914324138912,2.3861559024190733,114.12100938280707,79.96368399352319,170.09402089284026,555883.4367036533,4871,0.3213006738348495,2815.438415525048,0.0923437231787645,0.0400542649105862,0.0415035432118071,0.1320129713716881,0.0009759203449836,0.0011691175989593,2.050377151182203,2.33010494734608,0.2885888206247445,0.3062404842889545,kebumen,14.617497466498897,10.902910014226212,3.74771532815446,0.3571363742851907,0.0069564517040666,0.1568348248281983,18.366227355425096,14.96634438902197,0.3894298790671237,0.1704496483915801,1,1730103.5508857372,kebumen_0242,7.705193538861241,1.7277700710205146,1.4904707013436722
-15.79880922627838,1.5209000499358294,-8.989950442026279,1.5467739176330928,97.9119014698934,89.98651668003627,71.39964390657094,159204.7517900467,1626,0.0689359311196465,704.060794293158,0.0619956893041571,0.0162730663424284,-0.1301621704216737,0.1070960320023669,0.0002255950921961,0.0006924766968902,0.4369070684536173,1.2267972004454757,0.0611568367155158,0.1712622531459847,kebumen,10.59146084119137,8.94134082402943,3.581785576709489,0.4010796343843287,-0.1895999715099589,0.1138218867604444,12.903216816061878,13.070332011094086,0.6059787306071831,0.1440177049739749,0,2309459.6562963333,kebumen_0243,6.808858784252134,0.9643874137429348,0.7292233409288388
-15.53880035168887,1.2298588262620151,-8.941508191386948,1.574267134486062,89.5886462688446,83.11161477225167,54.384572462068135,32251.912656784058,360,0.0390434172272796,435.807648104371,0.0678440358761331,0.0164678273021969,-0.1058673516212303,0.0938244639097061,0.0002113071780438,0.0006829889537783,0.3719935278403493,1.08816871315137,0.0481977750178274,0.1441461092267732,kebumen,9.087144570574033,5.794416694428555,3.623572193024076,0.3263994263480445,-0.1604260771180661,0.0963973169044796,10.300054156106732,8.072562347884656,0.5705754161600026,0.1279649839144371,0,826052.5063428534,kebumen_0244,6.597292160301934,0.8487084293147872,0.6070475972911419
-16.03410205953626,1.6131455701743689,-8.826065912892911,1.964103832749778,99.7060442171464,76.44298763932854,97.00630430166186,111371.65139055252,1117,0.1757834391878833,1763.0168819560288,0.0830217699525586,0.0251735666492402,-0.0473060831727281,0.1355490995014651,0.0005337297521906,0.0009724590395507,1.026199920885814,1.801148833332243,0.1565940332123266,0.2650795875307088,kebumen,7.817416318317678,7.113080596248814,3.3408661536739745,0.5217302095088971,-0.1022754577597789,0.1638784532851023,11.04998523923187,13.228261817509988,0.464365634909414,0.1533388262392961,0,633573.0595844964,kebumen_0245,7.208036146643311,1.0608290838016852,0.9729230064568115
-15.83099381279017,1.636473184361214,-8.865502939628202,1.7246619002969732,104.25189957350416,85.9148956934611,89.62813857252372,81524.98546648026,782,0.0450039089661045,431.6843064751444,0.0579311397182406,0.0168383216667798,-0.1386928763635626,0.1130090435757517,0.0001482826184147,0.0005433451536763,0.3886047455444006,1.2098545256735551,0.0453725642229195,0.1451826864595286,kebumen,7.979449208518309,6.06137493944476,3.4425461952715977,0.4445406655593952,-0.1931310009532778,0.1101970417741833,9.01602717224022,8.384617232659647,0.6178574984051615,0.1647044645364117,0,1811508.985316857,kebumen_0246,6.965490873161885,0.8655727231199632,0.8597266710649262
-15.880362621767038,1.437510766239489,-8.547741585632155,1.9465363130992368,118.54349662384683,87.34075943069841,124.09323957205784,255105.6047345184,2152,0.1830797048816869,1544.40952136431,0.07799925301392,0.0185397639071207,-0.0007624320581213,0.1087819775777052,0.0005647184361053,0.0009808031962265,1.1679422807355024,1.8476757535495136,0.1621019787119233,0.2575797960100515,kebumen,10.468590398635898,6.642387604761624,3.634252958173847,0.3498165050507196,-0.0632817952253359,0.1280647896270373,12.283344695404145,11.402509643819233,0.4153921093381558,0.1433739575222696,0,1393412.8029066755,kebumen_0247,7.332621036134836,1.1980382960581242,1.0468160895052812
-16.038681785306277,1.5033030769375073,-9.154622358311736,1.7704402570665847,94.57024961828712,85.83712877546039,74.34206093576444,94948.53061676024,1004,0.0769300131276051,813.4694942449335,0.0672068809857156,0.016546711420296,-0.0996468265453029,0.1020060594015923,0.0002539677189266,0.0007251939105042,0.4579166266835667,1.235578916169176,0.0676379033983111,0.1815525976842245,kebumen,8.982055061238992,8.68570282880955,3.4491846264739205,0.4619832304945735,-0.1655127403107144,0.1103935277154209,10.874818683737686,11.70551278936412,0.5447306367999358,0.1450903879331204,0,1234219.607622678,kebumen_0248,6.884059426994514,1.0407476621919818,0.7861040997124412
-14.679137623424229,1.6905546306395371,-7.740587229348829,1.9662580816133284,97.42430447838149,75.75827420468362,90.58741042907036,319162.0214711777,3276,0.2007632375134414,2060.709990061988,0.0733678229102276,0.0277988267361118,-0.0540147076861553,0.1466980743393949,0.0007161531855018,0.0010772350893516,1.307002174872658,1.8777742448806265,0.186574539175768,0.2609351749135303,kebumen,15.481213213082556,10.323106101720562,3.824675153891464,0.2820987186202569,-0.0898128224014642,0.1579916393507145,19.93795004905276,14.246643349145865,0.5430124114737259,0.2076964564208478,0,1589743.3485540857,kebumen_0249,6.938550394075434,1.2206400325851543,0.9298235272408002
-14.80648081711264,2.533302645116679,-7.289693285214046,3.191411389622238,134.93578314259523,92.61578868033445,309.9056876000725,554046.325583496,4106,0.3138339788069587,2325.8024780225296,0.100177928212073,0.0418247777405803,0.0486453418203459,0.133240391413343,0.0007684747552431,0.0010178132588847,2.333497156791406,2.948139291032386,0.2942862821620735,0.330016874152283,kebumen,13.860204230852617,12.17739356833465,3.609748424689825,0.4770747598006764,0.0198489590249991,0.1698836698277696,15.76153503280142,17.036425463458684,0.3441789100317815,0.1767662345066127,1,1765412.1701216218,kebumen_0250,7.516787531898605,1.7986451229268223,2.2966901764862135
-15.311573135158058,1.502444516012403,-8.388985383123638,1.6142689395779597,89.9107979770097,76.1856529080138,80.46982908771672,164986.3142878128,1835,0.0587257788104251,653.1560183176377,0.0539202957962446,0.0153407926824386,-0.1466211576174623,0.1013484417772036,0.0001801367134995,0.0005981303826159,0.4089993911389862,1.2195773815215794,0.0529843115469764,0.1556591362749816,kebumen,12.915557952119975,11.737942487698485,3.675053371387328,0.3580157414110267,-0.1995955438060116,0.1017737503505141,13.72524106594258,12.083787421748056,0.6476249842100131,0.1522172087567109,0,2809435.9518059543,kebumen_0251,6.9225877520343815,0.9189556677198736,0.8949962729536997
-15.763896955230967,1.6181132356699026,-8.68997596072266,1.692136955552788,117.5807959140915,91.73787053426106,112.59946048401682,290542.1467037201,2471,0.1333997847854567,1134.537181419686,0.0724679752610864,0.0232968180260472,-0.0670528937299731,0.1268327123862729,0.000392517318329,0.0008451216865192,0.8752976149009899,1.6943720791247507,0.1178427800012562,0.2270602492615963,kebumen,11.903980508566478,7.634875188882807,3.674229735939084,0.3647472491655238,-0.1316680456300874,0.134163334037227,13.899753465270678,11.862611774796076,0.490025437248303,0.1856487922647656,0,2177980.625463461,kebumen_0252,7.073920994508325,1.04712523379751,0.957634787285211
-16.0445583437262,1.6818845320117384,-9.048271180518029,1.601345373761235,106.45444172400016,96.22242373678176,82.32025905043957,74731.01809024811,702,0.0486740811790015,457.2292183467245,0.0598033444140104,0.0191480760452645,-0.1234872310806369,0.1064464329522143,0.0001532028228761,0.0005576656461663,0.4224076043761283,1.2727550908372576,0.0460632477783056,0.1449232428665159,kebumen,10.12738768011495,7.382886397324551,3.5751014922791584,0.4015207210066623,-0.1779759387617533,0.1071630899008165,11.199982850555278,9.642545594655536,0.6066669563123323,0.1481441735916737,0,1535334.9519926389,kebumen_0253,6.996287163208164,0.804003356546138,0.7732909751559992
-16.190826500493735,1.361078997912373,-9.231709662756415,1.617984286102281,96.14107317179337,83.73299163818359,85.69392940537243,137193.31141614914,1427,0.0638983562567551,664.6311940223088,0.0759909544234072,0.0158308129734951,-0.0450734730620582,0.0788825932553014,0.0002518490616776,0.0007246363777692,0.4826739735030697,1.2500866733097924,0.0656890970439576,0.1719218340258124,kebumen,8.638891995653854,6.880430417938601,3.500173304524401,0.4428773167020981,-0.1111362408105339,0.0848805512013629,9.368858508485284,8.624385489961474,0.4524930352701555,0.1411499948258767,0,2147055.4088258785,kebumen_0254,6.95911683773728,0.9282481541719352,0.8913352699136917
-14.714609189790146,1.1773105088946425,-7.625327699651588,1.5691430072090302,103.96686533408769,79.33539051972619,144.31647352550877,121849.16617155077,1172,0.1468368796247769,1412.3430494218574,0.0652794174901068,0.0264719947465117,-0.104918843354161,0.1171505541053738,0.000576993951948,0.000984219421806,1.127230700794609,1.718086459507446,0.1475985214908159,0.2285138076249488,kebumen,15.568374009015455,7.304325209824492,3.86112850202074,0.271468624313892,-0.148262229647355,0.1259775306888046,19.711961842791183,12.855405092647798,0.5967566078890456,0.160740844528897,0,829826.7198466819,kebumen_0255,7.089281490138563,0.9814633075474382,1.3881006517005339
-16.236490444906234,1.582646465997226,-9.214349972944596,1.688393022528499,101.85403502564824,94.10703633626302,72.87295231615957,107252.2988820076,1053,0.1018560522966987,1000.019805509423,0.0695390260489116,0.0173840235130567,-0.0823219132669971,0.1173480513068849,0.0003306304935472,0.0008316164381891,0.581738736017865,1.3837682552485944,0.0889025494136094,0.209134461314904,kebumen,7.812587297350186,6.641241510047348,3.426453705039417,0.421170664735622,-0.1438647627151782,0.1264631104761483,10.51119676149488,12.908587973760511,0.5184954298801836,0.1559835614760913,0,1052979.1452116172,kebumen_0256,7.022140471961616,0.9085897016909936,0.7154645596299564
-15.947857541917973,1.120791883809252,-9.306964055705508,1.407114705265335,104.37420013620834,94.42855616978235,69.28531343340232,50517.11286592484,484,0.0239958819634989,229.90242734492165,0.0676320885787317,0.0122691989207394,-0.1413760143629611,0.0735982030411503,0.0001361167055816,0.0005404614381464,0.2336149740514807,0.8638403007672321,0.0326112882056581,0.1183827178475672,kebumen,7.452416557919911,6.994255115311443,3.3942642117834,0.4330382042975687,-0.2143658663195612,0.0776762593457641,7.627851090608727,7.670323920398101,0.5648459576829343,0.1112489843918792,0,2105240.9302049554,kebumen_0257,6.640893486212497,0.7968561966242658,0.663816473256657
-15.12971335970241,1.2640770393571956,-8.183580222092747,1.702530201731704,95.62998053701982,85.95075876572552,61.8688856147421,112747.74705314636,1179,0.0898414198921964,939.4691851622568,0.0650789199618495,0.0155364744398989,-0.0931488172148038,0.1006416373016862,0.0004567944509326,0.0009501896346827,0.7700038617656156,1.4352384703800616,0.1003743300591764,0.1927418150957587,kebumen,13.240442467565508,12.434122532893731,3.747990430467406,0.3394563440350215,-0.1404077529880849,0.1031084642153544,15.012868582146435,11.167008198821362,0.5835008246078911,0.1332253089870237,0,1254963.9930940084,kebumen_0258,6.946133137609594,0.9552101606852346,0.6469611858886839
-15.691386588875051,1.114245221802624,-8.902581480686036,1.63663723357616,96.7324550500652,88.99532154628209,60.05203227483957,72065.67901229858,745,0.0537811135496898,555.9779654290243,0.0718225525420091,0.0150784432415936,-0.1076293308079226,0.089714608962713,0.0002754306456325,0.0007535863143592,0.4822012788437009,1.219335289665458,0.067567928785815,0.17215650794923,kebumen,10.607997836618065,8.085233339044793,3.581758369330227,0.397134296271919,-0.1799735082748323,0.1004513208909139,12.299494917556377,12.116856154922573,0.5180863797304771,0.1305356471819592,0,1339981.161708658,kebumen_0259,6.788805108189143,1.0564327960140414,0.6208054188613203
-16.068205763824817,1.2760286377485122,-9.342883526996555,1.4684920988756314,86.24417122633689,77.92707824707031,60.863773880004274,55972.46712589264,649,0.0249971660968525,289.84180312024426,0.0667443506293796,0.0121856930428159,-0.1331946030812789,0.0815663507312851,0.0001207731760435,0.0004988929227738,0.2137910876372858,0.8228812827672584,0.0284805592871987,0.1085606784548665,kebumen,8.630863077881125,7.368373136007696,3.509233007637335,0.3644947822848532,-0.2013042938563264,0.0812431877301356,8.556382837002518,7.6253325044999665,0.5681980791539889,0.1231175604859143,0,2239152.5066891564,kebumen_0260,6.725322236828418,0.795620366210045,0.7057146357204247
-16.014395243583294,1.2211613824827752,-9.303139755575438,1.4494790347504498,100.86266082414994,81.95785740443638,89.08220250782675,92692.7852973938,919,0.0559117343578481,554.3353100244705,0.069827971924684,0.0145718899930932,-0.0822334993457163,0.0857670585812844,0.0002029169437764,0.0006498551420013,0.4019994128756773,1.1482183854156374,0.0550810430447274,0.1590000887718101,kebumen,8.139585944750273,6.169400350394782,3.477518516744369,0.4095434261444435,-0.1424592336085742,0.0889998191645384,9.15457883995918,9.2176940211646,0.5284077938683072,0.1252324971210794,0,1657841.3523025112,kebumen_0261,6.711255488007881,0.8328982438446012,0.8832029789808743
-15.375742284568505,2.0862322577721715,-8.713037299041815,2.390068066228926,92.020003581791,76.159972180377,72.89892646194168,309647.31205272675,3365,0.0347134794273474,377.23840552226,0.0422963995593119,0.0169680717340178,-0.2516008919142761,0.1124385291733874,0.0001407347840083,0.0005646171426527,0.2483044033479369,0.9166619575292608,0.0332298063991906,0.1238349122366234,kebumen,7.185631002923473,6.0023162043105645,3.372271605088573,0.4215534687559673,-0.2874075113181076,0.1099631072828008,7.323574523539641,8.877506029469647,0.7787937432101087,0.1329547097112967,0,8920088.598459097,kebumen_0262,6.662704985526642,1.1490349172337186,0.792207385616392
-15.686629759444326,1.8811399099034087,-8.588588191813441,2.1116432515476444,124.8010089444335,87.7461176554362,173.4097523742305,148513.20064387587,1190,0.203178010638926,1628.0157697233774,0.0880743164434245,0.0406386858204817,-0.0250074013724121,0.1324801295881199,0.0005574670547356,0.000969225034388,1.2537457164505073,2.052167242595928,0.1842561935888236,0.2838904149660708,kebumen,11.41803578997586,9.740537605680302,3.4988167148387865,0.5408269208529107,-0.0755535630740876,0.1640452850739964,15.136760398524304,16.249833381339275,0.437645133763592,0.1697176151557145,1,730951.150554394,kebumen_0263,7.098041567630908,1.053925134060282,1.3894899876285423
-15.979276840149865,1.378310754536793,-9.046642634250665,1.568872338554088,101.20494829889049,84.0142747594955,101.76067871913276,101609.76809208604,1004,0.0703742345511416,695.3635739559304,0.0713970120637375,0.0191618347429941,-0.0600637112494713,0.0923927829257993,0.0002658099468517,0.0007137008551196,0.5392976692853354,1.2888631648469169,0.0742306685200231,0.1787962138495787,kebumen,9.320908237214548,6.479264813493812,3.580800775980898,0.404742675924472,-0.1142645546790496,0.0961909846394307,10.524715758608638,9.988814308610742,0.5034591782516649,0.1493678509573029,0,1443848.9987162168,kebumen_0264,6.932634205899069,0.9294218365567876,1.0054911388186378
-16.251274784621422,1.5219212357527443,-9.091395520832943,1.900443642238192,109.77601506139192,92.07053170553068,90.61346132155532,155881.9413871765,1420,0.1089399277710818,992.3836979339932,0.0679820666884861,0.0197295888708532,-0.0870207297842565,0.1152709002222189,0.0003115960383048,0.00079030497427,0.6195366944121931,1.4859868240908718,0.0908629831944395,0.2131058758406338,kebumen,9.642059510698724,11.469037746996438,3.374822551572504,0.5231598094974425,-0.1530953317891246,0.1318847097014623,12.03029186529791,16.043810855405518,0.5215483203476847,0.1366002903074817,1,1430898.152555554,kebumen_0265,7.159879263788433,1.0976830883972857,0.8254395212914224
-15.946182443001195,1.5613332939892088,-9.20616833695569,1.7987154092883229,89.38908770332695,82.08100519424829,61.34909531605602,114149.86499714851,1277,0.038742661435728,433.4160067089047,0.063705155561116,0.0156279752706831,-0.1457847009018643,0.1055114666551139,0.0001580062394927,0.0005806851847118,0.2830744049743641,0.9380636645933682,0.0373994046025712,0.125874978627048,kebumen,15.516260278108268,19.61453631011036,3.642911732323314,0.3938290056059963,-0.2206036417142,0.1110507578552714,15.164945675590218,15.948016668699957,0.5651630229465199,0.1704588656512977,0,2946360.9562940574,kebumen_0266,6.740014106045665,0.8833930293000466,0.6863152638906805
-16.152727977134294,1.3944371619355755,-9.19819815091197,1.610438458978429,100.29953868405802,91.18580055236816,68.29139161217904,57371.33612728119,572,0.0415596633894353,414.3554789453985,0.0587309929188186,0.0143936890347233,-0.1301947798017394,0.0915401048816742,0.0001309694658131,0.000517637723753,0.3880567042935032,1.2496753925588606,0.0392943322735228,0.1333573444272123,kebumen,8.590144449796307,7.832897397165706,3.4178553965435934,0.4543036911436869,-0.2001302790169457,0.0855191271492449,8.863061413000914,10.036908925457094,0.5712406696857987,0.1363299481102109,0,1380457.1896957469,kebumen_0267,6.954529826222253,0.8119727767308267,0.6808744338026903
-14.87347393329123,2.293530703210182,-7.648818414258912,2.453894753896196,126.32441163307426,79.74044035834235,205.86437476941407,568838.8255837334,4503,0.3059130197195941,2421.6461075485427,0.0903052824028776,0.0353509763413471,0.020237486661562,0.1476786256150314,0.0008252813319091,0.0010701262134026,2.033748782963404,2.630434470780205,0.2823997384170989,0.3132224697057834,kebumen,13.410244490236291,8.34252118287542,3.703328678479618,0.3922618508797167,-0.0107744791888205,0.1754235736503084,17.56376797944129,15.377057062166326,0.4145545207188539,0.1941783336376027,1,1859478.9659660195,kebumen_0268,7.224655519032313,1.5817930044534998,1.6296483958094656
-15.8014076228574,1.519220424225976,-8.96238468271427,1.5718919170881152,94.1571643087599,86.34073215060764,65.17050534881622,50844.86872673035,540,0.0225553796972659,239.55032909978527,0.0562874088211319,0.0136028616182577,-0.1444369711450705,0.100157937700294,8.263804674972431e-05,0.0004066675516443,0.2260382064681115,0.9289102645682858,0.0246399769974645,0.1047462309285719,kebumen,8.397279623716287,7.113449879693399,3.472452048749932,0.4237123131489277,-0.1936716802371688,0.0966770822766553,9.247709133068575,8.085967497779002,0.6610868708022255,0.1309981214845563,0,2254223.578106886,kebumen_0269,6.839022940143039,0.7952037421697461,0.6921460074467545
-15.265619308554951,2.3519364419248623,-7.704126957857708,2.9842546486183243,105.70252548313984,84.04516287772886,103.19984297312536,296601.2865056904,2806,0.2828362645364102,2675.775845881036,0.0862079847312018,0.0304146167880831,0.0060537948697405,0.1563816916768315,0.0008682849044325,0.0011290513949476,1.855796488373045,2.3234147595085264,0.2563408142317802,0.3042200528856308,kebumen,15.775361897331376,14.461142625539518,3.6989444269716976,0.4327450029509686,-0.0323391126605821,0.185575471414788,18.77851611679747,16.800783465518204,0.416829791234846,0.2038461411948241,1,1048667.8113637303,kebumen_0270,7.56149235069732,1.7027335184540389,0.9763233423366627
-16.476386884804466,1.7571761001364947,-9.481785061422146,1.7954489084095002,104.17541190342271,93.92296036430028,81.43297579946818,91257.6608273983,876,0.0841731543494811,807.9944471687339,0.0680803003271635,0.016449673017383,-0.1056722040653206,0.0920308672480523,0.0002803254106974,0.0007640475160524,0.5290401564448521,1.3482509571284942,0.0762885491760333,0.1899303348683125,kebumen,8.03539560118581,7.303172480232321,3.360134506718472,0.4938276559481088,-0.1774909963555287,0.1076788627422594,10.41845163331371,12.870483629323376,0.527591447709606,0.1186877887974298,0,1084165.8665719326,kebumen_0271,6.994601823382292,0.9080931187444572,0.7816909413803113
-16.329665016489276,1.3621156859001111,-9.595503135682916,1.5195119054596826,91.28162147198618,77.89562943402458,68.9757597087649,79688.85554504395,873,0.0361341644184454,395.85366512726586,0.0687817012476083,0.0132152190389062,-0.1315540645609451,0.0741737228450464,0.0001395608364939,0.0005327938904273,0.285473864148023,0.9674947092236786,0.0376549840329125,0.1286330677409191,kebumen,8.663060218346617,8.571111809273964,3.4219674459415748,0.4601329137898291,-0.2067237347939996,0.0784676748990452,8.434490315931061,8.472381511635282,0.5520383361509471,0.1154179212951736,0,2205360.406905246,kebumen_0272,6.734161880806455,0.724925277954308,0.7556368806390361
-15.594719712562627,1.2513882943614476,-8.83819091958494,1.5032385377088873,95.40052722291333,87.73469894602552,71.3944644309875,79945.64181280136,838,0.0615946755215828,645.6429258264,0.0656323452298163,0.0144932326328732,-0.1337278895094173,0.0879473558365766,0.0002860489835856,0.0007508055564697,0.5628703596634165,1.2962775338171688,0.0703965920619492,0.1677013131282599,kebumen,10.835289106296209,6.495448645630111,3.6732234491352047,0.3091054938348725,-0.1977092283195772,0.0951252249482803,11.793215339609144,9.938864518148796,0.5804822926996674,0.1271654704544772,0,1297931.0490041997,kebumen_0273,6.756528792977696,0.7585985658075358,0.7483655123222417
-15.549533998268233,1.7060568461958727,-8.637762028952173,1.757211667471687,101.76394176015616,88.05280479595815,113.74476693097772,257361.00871143493,2529,0.0928458103128512,912.3645242798892,0.0598441251791388,0.0243971435257287,-0.1623898116254687,0.1334363241906788,0.0002971989129398,0.0007852209137959,0.6190289720162232,1.4880649585012582,0.0815530216311036,0.1964807562951726,kebumen,11.848147856305692,9.309181857397974,3.5951897623063136,0.4303861769409238,-0.2172358819938233,0.1426670902306211,14.329611606832987,14.085316524221923,0.6352225729386469,0.1690035382859251,0,2771918.3864542395,kebumen_0274,6.911771969316132,1.1066408136633406,1.1177315359801878
-16.20622384831982,1.4933927604861206,-9.07761472429469,1.716517965890631,131.5016086825618,92.46093392879403,142.39112573246896,177527.17172145844,1350,0.1411242544981509,1073.1751186315723,0.077637069537609,0.0168536296311626,-0.0120096418681157,0.101295634101767,0.0003956900331701,0.0008432213727041,0.8569692845328075,1.6915004720979196,0.1225244946878207,0.2370850015015586,kebumen,9.22404450706253,7.346456631265844,3.4927387230446856,0.4593942113491892,-0.0752635968508247,0.1161448469351557,10.698242347752672,10.708739875169638,0.4293982516305041,0.1231175023936814,0,1257949.4031891203,kebumen_0275,7.128609124025167,0.9921126653989752,1.0828090025590023
-15.325312248555326,1.9258513479132275,-8.677223426766112,2.092108309662282,81.277653666333,78.1804234734897,51.44173640390412,149063.21682405472,1834,0.0282999720643653,348.18884143167435,0.0448575163020952,0.0201168327115256,-0.2397245886361693,0.1027585177045681,0.0001249071304135,0.0005269986727167,0.2257148167503638,0.8850771205719351,0.0294106830205885,0.1150969924857717,kebumen,7.85308799644539,7.066262530704281,3.424349589643786,0.4219567493162843,-0.2762825800265195,0.1005491756300696,8.584254395731387,10.210490239744589,0.7762713229260625,0.1178774194233025,0,5267256.677322006,kebumen_0276,6.6480888217892575,0.9447961690501342,0.6329136494895206
-15.720787541173356,1.4405723468139815,-8.802270308236514,1.7876108020751784,91.30606282003994,85.86645369096236,63.11314186608572,79436.27465343475,870,0.0565013478113298,618.812662229138,0.066163641840537,0.0157181668344573,-0.1315199274681844,0.0861995455447079,0.0002584482881413,0.0007265617477547,0.4403340642704503,1.136507040273114,0.0621538189538433,0.1594166172149502,kebumen,9.989970275755583,8.764053481689063,3.498366547378686,0.4865825928711532,-0.1899164742274639,0.088647355568632,11.011775971135997,10.064484563602582,0.5999131448392374,0.1169901048783632,0,1405918.2255030372,kebumen_0277,6.918517232936904,0.8756432390380919,0.6912261893328905
-15.590237394000424,1.4099321449463336,-8.722257061877043,1.853644659270008,95.000457887317,87.85585917366876,82.08245621553226,105165.50688125992,1107,0.0680657267938106,716.4778813439565,0.0653552272496995,0.0155680046420037,-0.1125320803835041,0.0951397162047388,0.0003338285102336,0.000826956673047,0.5803158845059601,1.281321629742692,0.0756554686626852,0.1732483083976491,kebumen,10.095084970462771,7.268839296946986,3.6029717490083777,0.3834871121709671,-0.1733484423163382,0.0967634954093053,11.788853746705364,10.748702374953911,0.5688628320429013,0.1407312489047755,0,1545058.1641452897,kebumen_0278,6.867980332123334,0.9154788510715282,0.8640216904311432
-15.1430473013403,1.3376283207423756,-8.342936657697182,1.3513704614157152,112.25749022657064,92.26826234964224,98.08863911705043,186010.66130542755,1657,0.0955252763620865,850.9479070776189,0.0548813859354033,0.0189305905371709,-0.1532709726434489,0.1293497326072718,0.0003081964699066,0.0007693971863618,0.724230802548068,1.5635771405207903,0.0889400766685322,0.1956866566628161,kebumen,10.332588654545962,6.319094695953704,3.623990907573624,0.377222702915357,-0.2028914155148332,0.1235733778801352,12.775779154731024,10.349635398603644,0.656187511891711,0.1749703990219033,0,1947240.23200266,kebumen_0279,6.8001106436431,0.814296944416847,0.8737825771721509
-15.731506627384798,1.633699279125528,-8.92507111085227,1.774855316826331,101.826511369292,88.59934811158614,123.0069088573358,192248.4534652233,1888,0.0816784244997963,802.133191066273,0.0615199777586331,0.0222431435446413,-0.1476970623652771,0.1243450922954242,0.0002747947403323,0.0007643561826935,0.5306001696796002,1.3722758135142603,0.0742969627665477,0.189623765703044,kebumen,11.102519681200942,10.237447260978945,3.4925539969615675,0.5010240417202789,-0.2034536094587133,0.1302252469437348,13.032233533748952,13.620723868204816,0.6228197225487222,0.1664344090430268,0,2353723.821713808,kebumen_0280,6.806435516532655,1.0371196833863283,1.2080047445721607
-15.203856393149174,1.417597787152746,-8.120462170234132,1.8471918781571264,96.42743687887182,76.25358683268229,83.8873366236655,185719.24342870712,1926,0.192961543152523,2001.10621414643,0.0750408131194675,0.0250752382036094,-0.0525322420785163,0.1318962756168989,0.0006445915095807,0.0010557838607707,1.2169233104927382,1.907462059618716,0.1748654533758959,0.2631769681224337,kebumen,12.23090099939292,7.676477799430308,3.6607084255533553,0.42210297278687,-0.099420762542733,0.1513809273673884,18.353176403081203,15.922343183533858,0.5138276626093644,0.1663831050909189,0,962467.6523337536,kebumen_0281,7.083394222914995,1.2178836235340096,0.8699529857777027
-14.601139566694313,1.7355087663634747,-7.999476681395531,1.8250638246956843,85.45906849057151,77.78675051088686,53.97849199795505,190573.7227339745,2230,0.0292898080789722,342.73493259763023,0.0467344917578008,0.0152181933233933,-0.2361711095838304,0.1105922609286584,0.0001431923467454,0.0005603839798382,0.2823241019241088,0.9940035948283628,0.0340676671513811,0.122557584820218,kebumen,7.653920885864176,9.88020331681657,3.3949886001395666,0.4314123908292144,-0.2767709762959556,0.1056852234241393,8.075705511636531,9.608382350515967,0.7543552468985267,0.130213788996908,0,6506485.881373561,kebumen_0282,6.601662885298703,0.8568037134153026,0.6316297726075771
-15.750389305847277,1.3602287478963475,-9.010438526790788,1.5527763799648655,91.40336955145332,81.95655479431153,64.30612840221681,90854.9493341446,994,0.0678026920544393,741.7964172127316,0.0647628633904367,0.0146501682634337,-0.1527758007359921,0.0894694591985471,0.0002630714649666,0.0007227482356527,0.5002832427730197,1.2304888900598936,0.0667086678675199,0.1668533599328755,kebumen,10.374097574965573,8.040759248948989,3.5282201389272467,0.4705128638560331,-0.2215853434277039,0.0983184823101159,12.594452735119113,12.400911760048889,0.5897675379250071,0.1235632007260339,0,1339990.2950932446,kebumen_0283,6.739950779056473,0.7636156789411005,0.7035422076646445
-15.330372111455544,1.3364660612106638,-8.530303292277525,1.4546134366912244,90.6486571921922,82.94324035644532,61.22022945699072,63635.35734891892,702,0.0200809390772595,221.5249480715874,0.0513575626719704,0.0156894435445266,-0.1927996813639019,0.1143444151234246,7.676478116121807e-05,0.0004035992708373,0.1986375200795234,0.8891101170638085,0.0210978904369326,0.0971715348288571,kebumen,7.479944120238253,6.181775680453795,3.41048156710899,0.4499918935954288,-0.2386157376613283,0.1119066957380162,8.512178629961225,8.118798772535563,0.7200629979983583,0.1150783037472541,0,3168943.3001159923,kebumen_0284,6.8000688191780325,0.8004413572751018,0.6753572678654503
-15.379062247075836,1.4490452463004646,-8.570896811946103,1.6947548123216112,93.37998922894184,83.94337309560468,77.7085849775728,211318.91562509537,2263,0.0643915825019667,689.5651095450058,0.0550628251274299,0.018247754931984,-0.1717036331174624,0.1082988137590237,0.0002548206188307,0.0007314178043694,0.4748070524262285,1.2282644743128814,0.0619772118111293,0.1617033820950925,kebumen,9.77199118988952,7.256554070024911,3.55087993166217,0.4222272179984957,-0.2183738577316654,0.1083301889906265,11.47702252307172,10.819180710478747,0.6803954062620442,0.135536191426674,0,3281778.571269637,kebumen_0285,6.808165435129537,0.9130979947929804,0.8321759899441935
-16.010838199856217,1.462418438623612,-8.953834648769808,1.840922609205203,120.82558163613852,87.86685423009536,140.06324152506832,228602.00045557405,1892,0.1011373773883798,837.0526838674867,0.0761659080340712,0.0226027108549633,-0.0409271952469413,0.0991891342057915,0.0003090164890863,0.0007751615532295,0.6511282031818462,1.580498386486327,0.0910047827765002,0.2066180195274779,kebumen,10.944644713116425,7.675544556163241,3.5988239300651825,0.4294672418530369,-0.1018850180230428,0.11319097006932,11.903471569275078,10.864846935429282,0.4622313126588717,0.1473456310981762,0,2260311.730031465,kebumen_0286,7.057003551086487,1.1833030584739517,1.1592184339477318
-15.671858686381144,2.0141057867608643,-8.76755519352659,2.3143442572278063,90.275670055473,76.29531860351562,80.54964057780029,138031.4995148182,1529,0.038928322564606,431.2161021976928,0.0541156103847152,0.0172963081296793,-0.1525107796305528,0.1027176354709804,0.0001185461918116,0.000480917604896,0.3043735557318186,1.0736641798511215,0.036406794598789,0.1288099488760705,kebumen,13.119543761928693,15.649207905932869,3.649595656483239,0.3496093238621314,-0.2017929115084929,0.1023412688592454,13.105258243371646,11.96007162013791,0.657062869136435,0.1668987197896857,0,3545785.9579163487,kebumen_0287,6.904303492854593,1.0057565310958931,0.8922630042879082
-14.91342655045484,1.2028568419460184,-8.374868363307355,1.3928346684366084,88.06875329332584,78.56887857537521,61.39837030092007,76003.3340921402,863,0.0207069548257396,235.12260650235564,0.0412156464397791,0.0106894926506058,-0.2507458313615966,0.0900774812030242,7.842212413024923e-05,0.000415144117094,0.2056987742682452,0.9558778817632932,0.0213116638494766,0.0984891770754059,kebumen,8.448019645465381,5.539123594358045,3.565215554759833,0.3260187169941433,-0.2923765611720297,0.0876130468063455,9.23257174993141,8.343404304864627,0.7782887452381092,0.0887063437426015,0,3670425.455203321,kebumen_0288,6.5385581871474,0.8573790990887298,0.697164067900721
-15.977355797911258,1.3150613786122536,-9.372296633949697,1.4830222741980796,85.00331638534436,78.9996452331543,55.73491540079127,71147.77581453323,837,0.0530847977572538,624.5026666560306,0.0722012523959061,0.0131992485562315,-0.0926546090774517,0.0826777225125564,0.0002092252202579,0.0006841029972312,0.3436022170798852,1.04494114106273,0.0501046479674981,0.1520036837834551,kebumen,6.49437059583953,5.652783417370131,3.3824128199544474,0.4187902350244541,-0.1547747912837785,0.0897165032011377,8.055437183563992,9.5510984999793,0.5420820896275174,0.1122211808390723,0,1340266.4947482292,kebumen_0289,6.6050591639614415,0.7821659007611995,0.6556793048888698
-16.00996892325611,1.3047537707710672,-9.335452699633269,1.5652742117529583,98.62465704770366,86.3791997572955,77.06726090092889,131959.7911298275,1338,0.0459632177799207,466.0418515593812,0.0673279821862246,0.0136389142587723,-0.1082273524663366,0.0808467352919091,0.0001737192165871,0.000595347117445,0.3534431454987558,1.082653881661484,0.0445911449472296,0.1393224025879524,kebumen,7.552176734958785,7.439148565260043,3.346229176462124,0.4954601792764462,-0.1748621859406035,0.0842359491981123,8.303829892360941,9.515392390790716,0.5525626430036013,0.120083454302934,0,2870986.791257131,kebumen_0290,6.67451622362284,0.7620481387348992,0.781419811312016
-15.849474869539064,1.2307708891501663,-8.992109725249113,1.6145970670606673,88.22643162518145,78.00775034287396,69.41229577548067,92902.43250131609,1053,0.0741434915610392,840.3773131846508,0.0688557832318738,0.0148649426080297,-0.0863822154586094,0.0755413567323368,0.0002795443025723,0.0007443642908255,0.5189403689157975,1.2622203075226162,0.0726110656297083,0.1752368023113363,kebumen,8.22707917478948,6.920906817749615,3.4073785544860296,0.5293194563940837,-0.1536427681108453,0.0862812337107892,9.505850769596842,9.828970536132411,0.5306860695782354,0.1136226907077834,0,1253008.5992083785,kebumen_0291,6.857365144289975,0.8997387951532653,0.7867517080410756
-14.7438183364947,1.3373092144461058,-8.092016361764022,1.457042686753205,87.46907180258486,81.96711155988169,57.56182236149996,174850.67453336716,1999,0.0439526356283101,502.4934496562389,0.0514455361217592,0.0133279337792176,-0.1887357380200188,0.1037702984352517,0.0001538798996224,0.0005857753262488,0.3096734759986794,1.1009831220480324,0.0382938369411468,0.1354724695200132,kebumen,8.00926293657941,8.311450867015681,3.3772961345261483,0.4535894719430748,-0.228481757166939,0.1041260443362532,8.883969872669981,11.361136907569936,0.7251806886407393,0.1292845550053439,0,3978161.310097748,kebumen_0292,6.651801974730735,0.8869870197087456,0.6580820074484762
-16.23594814602444,1.4137735638189834,-9.435358726846438,1.6027099491232164,90.38015296058715,82.05752299382137,71.27519913524428,115144.31487178802,1274,0.0567388179910202,627.7796190028888,0.0709021866775751,0.015981429695305,-0.0764512690787433,0.0882804351347561,0.0002035921390446,0.0006761604269563,0.3532468254827409,1.123762750154608,0.0513470880978453,0.1606131162182722,kebumen,9.450130856065185,12.580562965181294,3.445438723220366,0.4304432593174388,-0.1379260133739911,0.0970414555835795,10.22185482096834,12.593388803677872,0.5219751538924529,0.1228625269773588,0,2029374.578970104,kebumen_0293,6.800589419178036,0.8126426481342691,0.7886156064188767
-14.61711697189925,1.7758595631336,-7.8098226009702545,1.9428864616458617,103.21753292305524,93.74416024344308,78.78528718228512,88767.07831382751,860,0.0306489735678844,296.9357307806619,0.0466617580113372,0.0161113532091208,-0.2141415001157868,0.1170656290585111,9.38667847075288e-05,0.0004446444242889,0.2500912319532377,1.020709879862198,0.0284075957363906,0.1172138919165428,kebumen,8.252303316409604,5.982090837337124,3.519773605665021,0.3752663956779137,-0.2569572333860571,0.1129237683759249,9.42228215392673,9.296663473165305,0.7456081077136212,0.1148488944931128,0,2896249.6286284183,kebumen_0294,6.807294370929062,0.8858069454961249,0.7632936474176006
-14.661824310675106,1.5255114913133112,-7.884637800068258,1.6563295400940463,89.17593142688884,86.25307775426793,59.80450688909604,87214.06093549728,978,0.0665629859348609,746.4232205910049,0.0483065317845809,0.0135453312795937,-0.2274807083137472,0.1056352601708964,0.0002445613151943,0.0007054566334104,0.5326020370573473,1.366410249968708,0.0594281368380523,0.1530389575512897,kebumen,11.223266920364962,7.116050653737719,3.646715866425727,0.354143910552155,-0.2664955164004224,0.1041415010899044,12.96320517036881,10.670515618718383,0.7554499173879045,0.1131515000362662,0,1310248.6270800051,kebumen_0295,6.7771865106068825,0.8242656132697256,0.6706350685905305
-16.301433726680923,1.168209073121834,-9.438928606700191,1.8677178624960928,86.98912419116759,77.66813049316406,63.35680594543412,126656.16482234,1456,0.0687310262756637,790.1105674385254,0.0753887288035394,0.0113183778550513,-0.0882190454350971,0.0871090581830446,0.0002698223603415,0.0007682170989354,0.4242388987354337,1.1590895069854903,0.0649560239694707,0.1766280680191609,kebumen,5.442452424607556,5.56767784872446,3.1939703034958247,0.5020194952642623,-0.1621191191753683,0.1063815926709105,6.925766518101014,9.60285205539451,0.5107894621647895,0.0873969247578049,0,1842780.061428914,kebumen_0296,6.862505119980706,1.1302549788209313,0.7283301968439295
-14.177387925081067,1.282773879427135,-7.298339377150153,1.459169876015859,92.3673646800962,85.11817169189453,60.0110238344201,42673.72248220444,462,0.0277305636889539,300.2203622999915,0.0373039048299361,0.0090345064056459,-0.2876449742203673,0.0824362360707979,9.32107434782088e-05,0.0004342894411788,0.2997273904666966,1.1983682973684204,0.0252769401650834,0.1014871685325445,kebumen,8.60663797962878,6.123969428012085,3.4786554633252185,0.350849058298614,-0.3297245901430486,0.0778594656146338,9.065206481671078,8.174810485998556,0.8054279130891836,0.0804974360929513,0,1538869.6371578958,kebumen_0297,6.879048547930966,0.8507628558195609,0.6496994262233357
-14.928774498691476,2.127670710297081,-8.194304672177074,2.277956361706104,86.13255364705087,81.05099572075738,58.74092803391255,163393.4542684555,1897,0.0615271434740755,714.3308873227882,0.0527100618520687,0.0190047010214898,-0.1887501248109112,0.1241484960760763,0.0002509216190559,0.0007393146941149,0.4941073575555003,1.3360047877010772,0.0571372630256511,0.1548698918240325,kebumen,13.03241295681295,15.85756942784176,3.5774467431313792,0.4304233808773048,-0.2285612743922547,0.1242007325977358,14.191782331270742,15.113999389954117,0.6931187019023883,0.2018520025289178,0,2655632.0518488144,kebumen_0298,6.73446982651426,0.9019672389096816,0.6819828920273028
-15.57391200412942,1.2704159456788504,-8.84453967243318,1.6285999175939698,99.97192319617945,93.24042053222657,63.08029399836801,78677.90355539322,787,0.0849441528757441,849.6800917699101,0.070587655141825,0.013514262038411,-0.0718995613399395,0.0797873850271335,0.0003111658221266,0.0007689012973102,0.5857769970225829,1.305261016241764,0.0843917920672992,0.1897086804547156,kebumen,7.444248866369525,6.184236021873693,3.3866101183853026,0.5377683240908274,-0.1256606678139244,0.0861869041362581,9.020474682647531,9.428532064083653,0.5468017476584525,0.1034030063006278,0,926230.9516522324,kebumen_0299,6.729372331696236,0.8017424628897345,0.630980099028231
-15.106340852448254,1.353974710549883,-8.367657893087163,1.4704660287328006,88.50107868687522,78.05262581961496,56.02853894931509,60269.23458576202,681,0.0424143902504798,479.25280550021074,0.0558329556440416,0.0194423755629207,-0.1774021812162265,0.1169645864347061,0.0002233301747053,0.0006842791234392,0.4533234789205024,1.300969520427408,0.0551928256444016,0.1532988074054694,kebumen,11.30712463570099,10.946503539413111,3.61297526690655,0.3711630806763699,-0.2244679717948574,0.1132328616391567,12.720818231151494,11.138562515601452,0.6812793466128334,0.1511285612729612,0,1420961.947816288,kebumen_0300,6.738682959361019,0.8137396163332242,0.6330831192187962
-16.119074366175887,1.285071926863952,-9.388666174818544,1.511802992221739,88.6587379670812,78.18483047485351,64.83438404139875,135913.84530353546,1533,0.0558891892799675,630.3855723811356,0.0728273528287573,0.0145540770235973,-0.0980053549527428,0.0812869583829196,0.0002241336213663,0.0006807143248245,0.3986929088493442,1.111282526172743,0.0560997009213861,0.1565188940586712,kebumen,8.317745707130118,6.20256046959805,3.498624016590383,0.4206612435707468,-0.1696774805934669,0.0919095800991131,9.325424441711744,8.917855598262605,0.5228069203077,0.1197114859112701,0,2431844.996403467,kebumen_0301,6.73040819135738,0.8159114582447013,0.7312802497309585
-15.82008193689336,1.3098664453503088,-9.15293399015573,1.6996552607807405,97.38187277054963,71.32827459407758,116.71159181455032,78879.3169441452,810,0.0701013489741683,719.8603495677332,0.0701077005611949,0.0150934871750659,-0.1252311730135587,0.0942939202134706,0.0002529706884746,0.0007187443486212,0.4426456721929557,1.169506791557136,0.0649580266025914,0.1707220123420088,kebumen,8.533540554623343,7.398161340079948,3.425792465584678,0.5173172990576269,-0.190503777021279,0.1102000483762013,10.540554492136351,11.204248934221887,0.570721361627923,0.1120283663893652,0,1125218.2461312036,kebumen_0302,6.66714794673766,0.9424890175317304,1.1984940163303823
-16.377080474991807,1.4838629835298685,-9.302827252674144,1.6798045614678867,101.57084945034242,83.93704363943516,92.91738610503454,167287.18904471397,1647,0.0714606764184315,703.554974730898,0.0755152449575246,0.0154979314052061,-0.0446957938860837,0.0836709403613816,0.0002521642473383,0.0007088658155544,0.480032815856147,1.2723642028076567,0.0705702029924052,0.1825350014905306,kebumen,8.394274806122159,6.4573906864844925,3.480551404745829,0.4416468611059241,-0.1061471476010045,0.0916638529005589,9.669749711858008,9.671426029085122,0.4700767075963851,0.1253978538993427,0,2340968.451868256,kebumen_0303,7.074253222317741,1.0191681339211471,0.9148036725877878
-16.08962709071157,1.330175128556744,-9.327489241022713,1.5449770886226135,94.6627497961628,87.67244230571546,96.80709400984787,83492.5453202156,882,0.034313882552645,362.48558832838745,0.0654861965555105,0.0142910981844472,-0.1346035468055401,0.0847981544871859,0.0001419182462394,0.0005474653078376,0.2867622461880096,0.9823357123455012,0.0347549806260237,0.1206009571593183,kebumen,8.929942802511874,7.890951412059566,3.487591725529258,0.3985068073120891,-0.2027567370593492,0.0825106317992093,8.82830632606452,8.333062429145084,0.5707519588469886,0.1337022112210287,0,2433200.1833986505,kebumen_0304,6.762137849688928,0.7594294130698067,1.0226524606384506
-15.588265038000358,1.519872208768232,-8.50835285462091,1.967617041138448,94.82028830311836,76.10219545506719,97.78207569318728,295270.3777759106,3114,0.0796867507472069,840.397684643891,0.0633982314176781,0.0228976741586832,-0.1316547544071948,0.1122831091838885,0.000316548873181,0.0008066119253929,0.5966719720746746,1.3954903630401234,0.0799815720128559,0.1861728673492365,kebumen,9.792670731996536,7.355278754993736,3.530341049502669,0.4480210331336032,-0.1915835510316582,0.1224692019278652,11.945759216356972,11.561911642307132,0.5783178098956289,0.1563854507138142,0,3705388.5998264286,kebumen_0305,7.079912183379517,1.2009408684693954,1.0312357981933231
-16.001550892043625,1.50154086044331,-9.199008915094128,1.6734870834618465,102.2365318491489,93.64845711844308,76.76169580913451,40383.43008041382,395,0.0489554442513181,478.8449232956423,0.0644417395026016,0.0166915887577543,-0.133633421231045,0.0885453294789579,0.0001792086997681,0.0005957158774998,0.3978708122194089,1.1627435841652178,0.0482703691934241,0.1438989908083884,kebumen,9.861758688600004,7.8166886631598524,3.540556564930552,0.4170646612506618,-0.200367300036363,0.0856351295831596,9.934668677910198,8.595317318991547,0.580010502749688,0.1480553641527019,0,824901.7182461057,kebumen_0306,6.802541976949554,0.7451594323351172,0.7508245283828408
-14.95156366049062,1.3363212188201128,-8.044836067584136,1.4976683582800143,92.82371664130896,77.82894134521484,81.9039882051098,158728.55545663834,1710,0.0525811104345588,566.4620243309553,0.048455867490035,0.017525585955131,-0.192687892536758,0.1112479357361329,0.0001646445102124,0.0005703289085317,0.4163706155497006,1.261959012413735,0.0497875515618824,0.1521505417316208,kebumen,11.785888644464608,9.509391919488309,3.63030281555283,0.3663125758333007,-0.2388072909639551,0.1108305488536433,13.027571964669322,11.46731642217512,0.7090324792413487,0.1429191831519673,0,3018737.226065013,kebumen_0307,6.9067275929065,0.9089549679437284,0.882360577325347
-15.956975136201908,1.3854997148117334,-9.18795006311242,1.7588635336565532,85.94696188159578,77.41408907133957,60.377423155604056,109840.2172846794,1278,0.0644731271421017,750.1501592449847,0.0728072118964608,0.0150232119131097,-0.0985670244393764,0.0834335171716051,0.0002772985364556,0.0007639110386854,0.4665638211665955,1.210876944363544,0.0646371435842714,0.1671269861658339,kebumen,10.007313014620292,8.699188380318567,3.530621888494881,0.4452087361867487,-0.164579589940756,0.0948894302673197,10.8548734036618,10.602850884026934,0.5298108216166415,0.1174725335254135,0,1703658.9064865208,kebumen_0308,6.769025073089563,0.9122892683761128,0.702496305090837
-15.429399632504994,1.7287810172315363,-8.469028178474938,2.0403091272301466,96.6306832837118,72.0560705792099,119.5577781518261,284770.6236370987,2947,0.1362180072418121,1409.676539716378,0.0681465436637493,0.0260553444606231,-0.1150778863684899,0.1510396779478114,0.0004919023118119,0.0009850782368706,0.8755273829851693,1.6784580288965651,0.1245214643079352,0.2314982709374222,kebumen,12.387470318773724,12.412658048956231,3.556328139780572,0.5061161722197189,-0.161953440940845,0.165130041037564,15.691852846376191,16.123536255242566,0.5775515543115062,0.2045068926776802,1,2090550.503587813,kebumen_0309,6.960371454030133,1.1577283682676285,1.2372651634967682
-16.036845436315424,1.3802564487893194,-9.2371250948641,1.6672605586232243,94.82864727479236,90.11508979797364,63.89530093934107,65811.0812087059,694,0.0494129643548205,521.0763390057933,0.0668955600823547,0.0146715570515929,-0.1397739300044655,0.0841139753859183,0.0002269263782541,0.0007003886578663,0.3764644913941085,1.056847462322432,0.0528129060259157,0.1485942893545593,kebumen,8.185888658528127,6.867609897554136,3.4171838228019,0.4883688715201897,-0.2074675001794066,0.0908973483333464,9.23791249292651,9.524570248925366,0.5766287893338183,0.1161776508882917,0,1331858.5935491575,kebumen_0310,6.799720341451335,0.8466538341283685,0.6737974523055957
-15.715481600177734,1.2779973305068204,-8.887223581870241,1.3912912533820585,90.85114215396123,80.99324035644531,59.47846650522378,43063.44138097763,474,0.0396113674889572,436.0029664990862,0.0618838941786314,0.0153181318584865,-0.1318767289655235,0.0918559350310212,0.0001645889896357,0.0005883751799164,0.3462168384472788,1.0951824007091548,0.0434964368944147,0.1394561978640025,kebumen,7.949051097538575,6.528909315515893,3.422980959995564,0.4975366393974954,-0.1978641874305158,0.0814115812224659,9.11807908716932,9.5136685960291,0.5801431885154801,0.1579759493767646,0,1087148.566455897,kebumen_0311,6.828258018307502,0.7298164311571927,0.6546804486445351
-16.38042266938429,1.763491488627159,-9.383825167110196,1.7765836557191284,85.42799926990837,78.45646139291617,58.01589222176809,56638.76351594925,663,0.0323004041814774,378.1009090406631,0.0646143530911505,0.0142722908009294,-0.1387783687110353,0.093864007130262,0.0001329396549345,0.0005382582907643,0.2497793010936192,0.8960534372011228,0.0323892265835709,0.1186091172345979,kebumen,14.056400942309615,15.931232990887608,3.6122876415293934,0.3718595734174648,-0.2242707831550641,0.0936808542380799,12.898000444156384,13.3932515605105,0.528213568024059,0.1677722457113236,0,1753500.148101197,kebumen_0312,6.996597502274231,0.8715937749646883,0.6791203436529963
-15.515138307818765,2.340294842707918,-9.00513155562899,2.6667194514956774,91.00493148651468,74.14631101820204,84.43485595493401,60427.27450704575,664,0.0292506648005236,321.41845856845714,0.0465471501517326,0.0128127904074915,-0.1980891464099526,0.0985273173276863,9.013647710357772e-05,0.0004331872666967,0.2144432971071439,0.9071682097038236,0.0261921397477289,0.1097453240471304,kebumen,14.71273277988914,18.19796754988921,3.6970574621954153,0.2981189315519728,-0.2419004484723192,0.1005386238112762,13.569695407931167,13.155753183043233,0.6979701137454027,0.1869412816882273,0,2065842.773801301,kebumen_0313,6.510006752189752,0.9897059881685034,0.9278052801725999
-14.963459394372109,1.239744776546886,-8.429256670268787,1.3685830297281496,101.43471906046072,88.30874327575269,106.69104403860506,130749.35286893389,1289,0.0403242748960398,397.5391785923348,0.0490713555804906,0.0171453333461104,-0.2033774816156417,0.1131433690755748,0.0001380846106511,0.0005370657927754,0.3414538219040894,1.1380815148804062,0.0379893325898253,0.1289388654926501,kebumen,9.452591838746944,6.567217016400497,3.5718426556787537,0.3906375631969185,-0.2450378263897585,0.1104589259723982,10.886806416145204,9.980967506819278,0.7419144303284956,0.113669954418911,0,3242447.7118564285,kebumen_0314,6.534202724103441,0.7878566212087877,1.0518197814991854
-15.90982045183059,1.628138353849924,-8.848399348754684,1.973342756266291,108.88783997360504,88.00837758171113,127.49216295600024,310439.231764748,2851,0.1725432951766853,1584.5965464877495,0.0794947007548081,0.0243455308253598,-0.0420029950172493,0.1242333885242385,0.0005340570636597,0.0009883261317969,1.021781666605795,1.8078342731842023,0.154738441095521,0.2623079184054641,kebumen,9.011545227780534,7.321801471000482,3.434317757662264,0.530991753823779,-0.0970134046563235,0.1515682581352314,11.921713079151994,12.721373435161746,0.4705293039761968,0.1429377699457206,0,1799196.1463750678,kebumen_0315,7.061421103076038,1.121355060676692,1.1708576732434492
-16.09169609446063,1.3700227468432065,-9.074225647182736,1.7051440906027977,88.72313833152373,77.87490634260506,71.29759550390081,100345.86945295334,1131,0.0749144481804005,844.3620186255644,0.0723771278818895,0.0169609778285135,-0.0714834140759302,0.0856202232971557,0.0002935796082579,0.0007787311791107,0.5369572251557061,1.3277548408234148,0.0755388303076771,0.1842987711467416,kebumen,8.93807586751596,6.966972682258188,3.508391127185208,0.4333936598482509,-0.1355110679200196,0.0939217393514198,10.7373945621801,11.372696259803158,0.4950453178872093,0.1322181579511757,0,1339472.8505683134,kebumen_0316,7.017470447277857,0.9853052669075478,0.803596410639686
-16.755324203855007,1.631107084972094,-9.78280764587913,1.6723560930902686,91.9903401246016,84.7488374710083,67.58021913159816,64025.27672672272,696,0.0477526182645721,519.1047038188021,0.0640431110060456,0.0137033250164753,-0.1392405488433555,0.0861949501435228,0.0001568660980556,0.0005899320239634,0.2858623274262357,1.0013580924836138,0.0408010683226272,0.1415850790106368,kebumen,6.81641642838251,7.5470726041914835,3.195217785096356,0.5338389145405387,-0.2126926172558045,0.0901098229494446,8.184761853325377,11.408654230174074,0.5618116062607539,0.1270422148239019,0,1340769.973533017,kebumen_0317,6.972516557975826,0.8130283960192574,0.7346447359588001
-15.948906503300805,1.0916771920533446,-9.17040872291428,1.4407579057435906,95.36336689348576,85.92269633366512,71.61049105273788,90118.38171434402,945,0.0507217650041869,531.8789243341172,0.067292714444797,0.0128343443687879,-0.0880035521100712,0.0762642032562742,0.0001967821231521,0.0006584328751355,0.3616615405415804,1.1269736644602426,0.0492439102650896,0.1522533468350972,kebumen,7.693769245898235,7.308261542618191,3.356508569442413,0.4893419317326972,-0.1570081180273067,0.0802100623425527,8.707773369907367,10.66627431143562,0.521165478356713,0.11810560361471,0,1776720.1458171844,kebumen_0318,6.778497780386423,0.9303227954329638,0.7509224284490901
-14.737626170458068,1.6482210859172766,-8.01187716291812,1.92239845161278,95.2491126890024,88.14370154149785,88.3690335402153,115727.67191713792,1215,0.0386532241080708,405.8119075006756,0.0477321600208801,0.0152658825970815,-0.2182036577213274,0.120455541020337,0.0001430731765632,0.0005531407220374,0.3420951766444138,1.1731494593909566,0.0369471550786394,0.128642289011862,kebumen,8.988637830860545,6.646068812720563,3.5076282648149264,0.446564487487838,-0.260317608067223,0.1169529903778909,10.693980785921372,10.784324985789072,0.748262929266809,0.114925113288805,0,2993997.902828855,kebumen_0319,6.725749007539941,0.935223464702328,0.9277675250240783
-15.542379192776233,1.373643965575699,-8.681632409372241,1.6123611494084291,86.18979371824096,73.90173133214314,66.36021846564921,181257.13618946075,2103,0.0518757757158275,601.8784066871327,0.0579596390941291,0.0171873956444585,-0.1591799681790054,0.0933128607684456,0.0002156601787582,0.0006757178921783,0.3954411860849803,1.1423197944768393,0.052119157506589,0.1486792383476789,kebumen,8.822178622769995,7.2235146851151235,3.466160058075382,0.4494138937057994,-0.2175847307086995,0.0918067788141866,10.208336437476587,10.3882060914868,0.637661586335853,0.1349331383886071,0,3494061.220064965,kebumen_0320,6.860746783404107,0.9108413251033988,0.7699312830772551
-15.066333959025796,1.3297968515159784,-8.378554873820782,1.498289031156602,93.54568805328222,84.2730558696546,73.37437840148363,155847.1162967682,1666,0.0669869101875183,716.0876314188163,0.0538469358894593,0.0202080293922748,-0.1817201107280391,0.1267217034261617,0.000256920879081,0.0007222218441659,0.4911350424355037,1.3043183524180826,0.0638045527829982,0.1654821939772605,kebumen,10.316171090606955,8.974462375807686,3.5587102217896653,0.4197161207754419,-0.2269108569824841,0.1221978015433502,12.05757087989718,10.78468221256852,0.6884017338065157,0.1617052271458084,0,2326530.897760488,kebumen_0321,6.687779085204996,0.8690749281832519,0.7843694341067937
-15.919116921946127,1.2829859215829025,-9.14117451009225,1.7312023135020749,88.05543089440688,77.96657435099284,68.11540543075706,111390.12008142471,1265,0.0697331821395242,791.9236943277909,0.0717915480749813,0.0138556930218648,-0.0956811577141721,0.0840221716145236,0.000269470171574,0.0007540280490556,0.4562404790563955,1.188030760310644,0.0665043484818417,0.1724920290040966,kebumen,9.19541840271849,9.379643753094788,3.496232521475892,0.4331876547289865,-0.1626385108051075,0.0951062928728018,10.748525110182324,11.249142072180684,0.5326818359606013,0.1118899231767128,0,1597376.1222964425,kebumen_0322,6.777942411853915,0.9051804776525684,0.7735514407105539
-15.703203039756517,1.393076089017622,-8.905349648833475,1.6992338865942438,95.64237381400434,88.4838262242595,91.74831653247212,139542.22339463234,1459,0.0947207526182794,990.3638820433594,0.0686461545416448,0.0161019478469576,-0.1146407540653552,0.100848286138552,0.0003421337295683,0.0008218610629262,0.5866644444637177,1.294357658948022,0.0858106112608817,0.1898879096015291,kebumen,9.81727380795248,6.787945017380701,3.551298034401696,0.4665728487890416,-0.1738718798583488,0.1129646690988843,11.946079141839697,10.676632661003046,0.5720204253290824,0.1245917729203581,0,1473195.8893631413,kebumen_0323,6.797853390922964,0.8476336970167633,0.959285229692176
-14.919287824154784,1.346704849177179,-8.015970549347093,1.463159139323894,95.9508356516648,90.01760027485508,60.25210855172839,97294.14735078812,1014,0.0649903906053665,677.3301156157141,0.0472428437599124,0.0165121321201777,-0.2324208773660133,0.1044947339489979,0.0002470157137087,0.0007121586311109,0.6278193397608827,1.5376239710438626,0.065869504121521,0.1647597945150005,kebumen,10.277004960957452,6.804005552294957,3.5789852870079044,0.3843682559253663,-0.2789776820574425,0.0970464801171694,12.725342702307872,11.137416886039013,0.7400783890662515,0.1324268472803404,0,1497054.3559520345,kebumen_0324,6.903317274807654,0.8044059525223355,0.627947720752164
-15.491953914984322,2.1959132484344748,-8.778412969219849,2.62565056465899,85.54659273161143,74.75577735900879,61.9126611039616,36100.66213274002,422,0.0209323727934506,244.68973135052383,0.045180947663211,0.0099096998393898,-0.2183932505541759,0.0840687075629589,7.016031416283551e-05,0.0003798496228143,0.169989019646577,0.811228313164511,0.0196775087931619,0.0928841278334323,kebumen,14.406944337987138,18.43927347347897,3.6292786576563385,0.3347591773468836,-0.2572071591174577,0.0907892197878897,13.003512377196486,14.215104869357049,0.7221191923706372,0.1745481853139127,0,1724633.0594702193,kebumen_0325,6.713540945764309,0.9295532802009646,0.7237302986245465
-15.203120762491718,1.651073891340422,-8.34184432359409,1.86894675443842,99.02419864462348,86.16496467590332,79.27203622645939,77634.9717373848,784,0.0311742322049638,314.8142841008127,0.0525396989130031,0.0164699565518901,-0.1693050966102583,0.1253151325296459,0.0001008550609423,0.0004498369759688,0.2628964352095947,1.0193678892979634,0.0301344876431091,0.1175534626376334,kebumen,7.882422874573036,6.131127372433329,3.451894503921108,0.4637986896285303,-0.2136474321691065,0.1218128624506765,9.471167127891094,8.965473258964568,0.7029224563193225,0.1216369804925723,0,2490357.1394141074,kebumen_0326,6.861276438897826,0.8754222636070581,0.8005319640197206
-16.11115859827559,1.2536620838982997,-9.208199467033795,1.5681734928682676,89.42780880558695,80.42559161791056,141.49961192251348,130832.88428257372,1463,0.0652714307724339,729.8784532933352,0.0721145772848389,0.0148405316094073,-0.0794685266476494,0.0824370503660529,0.0002484897832513,0.0007187553986761,0.4534047958622385,1.2636494697241405,0.0639256212080374,0.1716423776214609,kebumen,7.936388822622851,7.122565745189922,3.417678319768031,0.44766532246146,-0.1430804797518782,0.0912895071677249,8.806114302709787,9.552868180739196,0.507669715922645,0.1186960348965933,0,2004443.3335423127,kebumen_0327,6.902959131241677,0.8837913658279659,1.5822775243227627
-15.103287134384743,1.4627150489935188,-8.415237107550515,1.5693827325689425,85.90670742269462,75.84784178938602,82.79736259374481,240538.7807835449,2800,0.0684395735607612,796.6732239429424,0.0578744574059225,0.0216547321472841,-0.1547948598939994,0.1129637866412182,0.000249039204141,0.0007444262270392,0.4499892076282288,1.255301292318307,0.0612321549362851,0.168357949277028,kebumen,8.548170369369158,8.541017092115899,3.4249021314351973,0.482917604199669,-0.1978614801213774,0.1142166657928974,10.608838904338004,12.428388622373726,0.676961877792187,0.1527831990713075,0,3514615.4230489554,kebumen_0328,6.688050026834241,0.9412900133157824,0.9638055639398374
-14.51669127046766,1.7725513381951368,-7.603236972453541,1.9429267099590448,97.3999769820047,87.95625137329101,135.23228946172597,165872.160800354,1703,0.0921501611997262,946.1004412429334,0.0533612893862315,0.0291225743815563,-0.1840679306984496,0.1321282806403813,0.000318948955641,0.0007909202668339,0.7931068567683608,1.7665417963705463,0.0843235878470239,0.1862940974340714,kebumen,15.895132558071966,14.511556021324129,3.738338702137996,0.3467868474478095,-0.2236780928120562,0.1348962878889386,19.59985236510364,16.113361947727906,0.6786853630005729,0.2152694291130878,0,1800020.2999194197,kebumen_0329,6.91345429801418,1.0540815176883802,1.388422191174758
-16.348740334495453,1.3385718783864824,-9.513240429101456,1.527817996288553,96.23870293889036,84.4472861819797,79.69931848179496,57069.55084276199,593,0.0386542121030275,401.6493460803624,0.0675627268905973,0.0129384344985816,-0.1118477546444107,0.0735150670331258,0.0001528689994591,0.0005636732717024,0.2916146711660228,0.9863859441227032,0.0401844420082609,0.134741584847772,kebumen,7.213490668028732,7.581654592305661,3.3082254822922974,0.4855249959504955,-0.1932285608079187,0.0778045188711309,7.588202196365916,9.204874554876456,0.5252064551461098,0.1239298513087158,0,1476412.2132576609,kebumen_0330,6.835499905394004,0.742028592170174,0.8281420680867075
-14.89209107753176,1.2905886112739846,-8.163346273258382,1.3605009669464692,99.25992946708814,89.98214142898033,66.09958116514564,123876.391974926,1248,0.0564331888991869,568.5394821673602,0.0502077296860902,0.0169625363209612,-0.2097484492286908,0.1085526959970928,0.0002136687498551,0.0006588165456008,0.5117949101331021,1.3740125805490406,0.0561399489064878,0.1527690001838822,kebumen,9.1040790811023,5.894773267845519,3.542361037323489,0.3982851887478352,-0.2566230521488512,0.1004369169431241,10.90066590589605,9.122686668901723,0.7192656249939198,0.145926388941487,0,2195098.2106685564,kebumen_0331,6.72874480427335,0.7584312613329989,0.6659241198338997
-15.0156255268869,1.5607048569043138,-8.426550159721867,1.677796205023154,81.75901919183487,70.23091666929183,65.8270090054547,124191.95015239716,1519,0.0567489725349166,694.100456388352,0.0528584254180512,0.0255224022369548,-0.2180772845866336,0.1427467366974389,0.0002180829050762,0.0006897317237716,0.3982236736259894,1.1953752848623396,0.054246657458755,0.159725185317081,kebumen,8.626286762786782,9.638855987571212,3.4014401799970515,0.4577589045212594,-0.2570270767081311,0.1434391740082514,10.636115558548235,13.813982336858416,0.7187200648922661,0.1854873522201211,0,2188444.029995153,kebumen_0332,6.589075367165058,0.952275186785538,0.8051345240700823
-15.518738381432431,1.5672937398174989,-8.720007734507591,1.6930765627578188,92.45943953713116,81.79167811075847,68.43513605929643,121399.2441122532,1313,0.0759019153654583,820.9212141609031,0.0599891308459625,0.018149958633296,-0.1565513659418598,0.1254434564941899,0.0002623382130455,0.0007347063326268,0.4963523813299727,1.2956364914995755,0.0697803745630853,0.1814345907671339,kebumen,9.097918701277834,8.223765747652022,3.3921766575261003,0.5156202978411515,-0.2074752899980252,0.128257619503159,11.257498131547033,12.603957993010972,0.6375393828421819,0.1614020126474581,0,1599422.6697406897,kebumen_0333,6.798730646924815,0.9783011236653508,0.7401638643052046
-15.057427099947674,1.590103330355021,-8.417309028652351,1.75236035393049,82.65758650821375,76.20061992776805,67.00791661576099,183582.4996347428,2221,0.0519313269076839,628.2705448038158,0.0524443969134183,0.018673266455982,-0.1776040782712228,0.1149066878514247,0.0002246043606039,0.0006965394177267,0.3849089175681451,1.1709893215480398,0.0530586188634322,0.1536323308263547,kebumen,8.787944952612158,5.892881707771537,3.5727727733770043,0.3753404236811759,-0.2156174493879613,0.1137695542531888,10.71759794059261,10.094682843388188,0.7127066163210859,0.1442256393374574,0,3535101.268663695,kebumen_0334,6.640118071295302,0.8972124804855284,0.8106686808367234
-15.582161003752514,1.3989702506044828,-8.68682597593329,1.7374351337773202,92.96256414509696,82.04896545410156,67.15471372720488,151993.7923772335,1635,0.1088278489927152,1170.663158805039,0.072315297116447,0.0185295744503391,-0.0715605229690522,0.0944051623130647,0.0004085724663044,0.0008874969819213,0.6875322161518278,1.3992433477143844,0.1032618425803078,0.2077481718516117,kebumen,10.645262665734291,7.368156805705262,3.623380206657304,0.4273063464052988,-0.126649389477163,0.1027648102970342,13.374169764186489,11.695602950070816,0.5336590505950483,0.1328102439679057,0,1396644.276111785,kebumen_0335,6.895335027819175,0.9261493551809408,0.7223844818048379
-14.669894481629871,1.127265351522814,-7.947337109330589,1.2365318922828905,90.92549092912616,84.87127431233723,63.66664361913308,74286.12608909607,817,0.0715700184931642,787.1282053230933,0.0477451791017264,0.0148086289992697,-0.2167652080508383,0.1097054209874462,0.0002509448119901,0.0007059365356561,0.5905794620014894,1.4368259042382074,0.0653812845856094,0.1608846201490892,kebumen,10.75869398918333,6.179398357479742,3.6485225347951578,0.3573235373463734,-0.2581686133170558,0.1051283278671958,13.08349180112574,9.347822847501128,0.7478279989973838,0.1205501003821065,0,1037950.3548150016,kebumen_0336,6.722557372299267,0.7778171016215831,0.7002067623562179
-15.0753045141623,1.2325202373115869,-8.359168967306363,1.2714297475942762,80.1919922107408,73.78079620361328,56.42146343936053,181314.09438848493,2261,0.0365218150343228,455.4297009899102,0.0468616072240732,0.0134828651101983,-0.213013734101949,0.0904800750428027,0.0001633441212623,0.0006024054330444,0.2906869212604767,1.0137353646177023,0.0362001448778727,0.1197296501620817,kebumen,9.47394546289677,6.380762145506899,3.6102539467478896,0.3348675588760534,-0.2505897736036196,0.0892157923273995,10.320196964882134,8.371394738072757,0.7553457765816743,0.0991134022211487,0,4964542.266535426,kebumen_0337,6.716135546856017,0.7494105306713303,0.7035797700484552
-15.519365658581393,1.5021279471012776,-8.592095478731666,1.7157996556636734,93.88439343764396,83.62833210573358,88.6491833764087,200630.94877624512,2137,0.069492717221366,740.1945592535748,0.0585620937423289,0.0196637242593347,-0.139609432328764,0.1091086880797365,0.0002741608293325,0.0007581627787822,0.501928258215987,1.287658308672428,0.0667120709681423,0.1680555440682005,kebumen,9.756290365851564,6.712368743284736,3.58880974794042,0.3932881653310555,-0.188920939817779,0.1082180805279292,11.410889365494675,10.080212449730553,0.6373209397036321,0.1515647562411446,0,2887078.773120122,kebumen_0338,6.927270179849901,0.966103035347557,0.9442376962821581
-14.613216212286986,1.2482646618130655,-7.719517476927783,1.3659952666079975,94.78420166825424,81.81649692241962,68.36269496700481,87959.73914813995,928,0.0378671268125152,399.5088437316866,0.0426908713695351,0.0131566562707892,-0.2450666804336523,0.1013290549414722,0.0001271740106604,0.000510956536482,0.3691022536647905,1.2757956956320409,0.0347148310062868,0.1217361605384982,kebumen,10.116407842974152,8.087159008749882,3.5625992968253084,0.3637453226909879,-0.2894182055353521,0.0983325663780017,10.97200851277851,10.65942482933243,0.7582214719706502,0.1194507386693431,0,2322852.208556495,kebumen_0339,6.893698735359148,0.8531172144091574,0.7212456692548301
-15.198459203493744,1.5924460727156515,-8.472209588374799,1.6877460325947902,82.55372770115481,77.83963080814907,57.37810466801488,146120.098031044,1770,0.053783964204801,651.5025511567383,0.0549511901294005,0.0182576280744837,-0.1869164703263489,0.1220662421646787,0.0001970221808163,0.0006722185695041,0.3454225941846408,1.097218991698729,0.0482509822512725,0.152581729665846,kebumen,7.290916180913215,6.790509371004141,3.326826045892078,0.4865592574868249,-0.233857473415218,0.1201319627845994,9.051105577961785,11.523533383123624,0.6818608526640673,0.1711881097110869,0,2716796.7291261978,kebumen_0340,6.726249615118957,0.9248210194125276,0.6950395368665131
-15.332400294399664,1.3569512244518125,-8.543239959080084,1.4107618752570443,79.32029249124079,72.72985958358616,91.9129482462591,70912.34148716927,894,0.0555446783693728,700.2581133384821,0.0564926989958045,0.0194657177323374,-0.1461701010218,0.1145738726704294,0.0002439815301234,0.0007238761901736,0.4416923520287545,1.237012816074655,0.0537130542207492,0.1487701782415946,kebumen,8.716499010817119,6.8013799464848725,3.498757656507654,0.425361859778373,-0.1964541705952447,0.1055651148524273,9.543549355639632,9.663096878620657,0.6468450594867948,0.1674459838743436,1,1276672.1055724053,kebumen_0341,6.789160335319622,0.9199270140044944,1.1587570514368553
-15.4508928095848,1.3690786343897865,-9.096386261078232,1.519118811855485,96.35462034909573,86.02164251154119,69.92714647263193,81130.5903339386,842,0.0206684919792344,214.50442027950413,0.0500765022683566,0.0150939394519488,-0.208686633176715,0.1150554550585197,7.992663003734018e-05,0.0004286346831942,0.1550115437063566,0.7782941384367319,0.0195234035250962,0.0963661048330972,kebumen,6.186796752078062,5.071841546647099,3.351538098004681,0.4204807720022568,-0.2491379951190145,0.1128700714851219,7.0991456272471245,8.728452753611283,0.7469959729226376,0.1070227390499823,0,3925327.0347662526,kebumen_0342,6.354506548506638,0.7571000035297011,0.725726967936605
-16.172443323681545,1.0880981667725378,-9.579852127504983,1.225794632823691,93.96540838246904,86.09522942935719,64.51336603058212,117738.65670323372,1253,0.0375550498886186,399.6688838488061,0.0721993095824694,0.0116030297574654,-0.0855816031058942,0.0757760929634706,0.000149019952568,0.0005624907523809,0.2518490954340719,0.8943027469594834,0.0369939616977409,0.1309638559179627,kebumen,6.369521457775656,5.672997795705603,3.351899646960961,0.4324636673583361,-0.1492256909503019,0.0873164771634613,7.483908177661871,8.940135471724195,0.5271637981800869,0.0948926945714829,0,3135095.2016419857,kebumen_0343,6.592591196176612,0.7054467139883336,0.6865650577283956
-15.723572121161771,1.6355901933854176,-8.99442503184636,1.6649529416859,95.19830279848638,86.11730324881417,71.52711197592498,120235.4564344883,1263,0.0467384622021837,490.9589859087997,0.0593110968147452,0.0186069375012658,-0.1691228861307545,0.1195148392143265,0.0001651444069111,0.0006028951139201,0.3129055637780203,1.0726730664203692,0.0437001479674197,0.1485009967357833,kebumen,6.146486107640874,6.373575373396397,3.227030773618248,0.4902904727853459,-0.2248815021836641,0.1155300903492225,7.270453797499802,10.07755638675365,0.6411063220063768,0.1679035688622614,0,2572516.312461616,kebumen_0344,6.729147089315482,0.904374408539978,0.7513486046839717
-15.609565009772934,1.3905011604421031,-8.927638616759488,1.609720763423899,92.74010522119234,86.37663939504912,64.97612461598455,100530.27405977248,1084,0.0580263656077606,625.6879423347996,0.0613288288915747,0.0163588248190845,-0.1315057090595764,0.0982271789554107,0.0002192297499479,0.0006608810373506,0.4496986084885153,1.196228362010992,0.0554280228414103,0.1502996207673369,kebumen,9.14778843632503,7.090549755819112,3.4891537605707907,0.4889650395674457,-0.1854579879531457,0.094433225142829,10.580957340104568,9.551101807266592,0.6158985617081488,0.1347695653140734,0,1732493.0315181974,kebumen_0345,6.681926393013379,0.7916357470760812,0.7006259531516753
-14.821562149780522,2.4826819222589367,-7.365299693753218,3.2945206404067107,107.75324222604564,92.64948844530474,269.3455665449198,322613.20722478064,2994,0.1944470997203348,1804.5591548180248,0.0802146444040109,0.03752180407344,-0.03190930388543,0.1293138167161008,0.0006417001133455,0.0010715616479013,1.4395396647394454,2.249263129368895,0.1892262430565144,0.2753104289318001,kebumen,14.589863455215182,8.796749054325511,3.76431785310086,0.3752358132178626,-0.0734616819183108,0.1530744919548589,17.35684700231245,12.77783032477628,0.475332532510744,0.1853138578886974,1,1659130.9805534864,kebumen_0346,7.456262456027423,1.7974736227013877,2.49965162050423
-14.621441201287848,1.3985835215395552,-7.825349761994682,1.546420804558609,93.1599784243536,90.33605080462516,58.99889546700173,160421.4828467369,1722,0.0638579873471025,685.4658881115514,0.0448672726903841,0.0146466914185939,-0.2448461268611516,0.1075484334232922,0.0002456799552431,0.0007242441748805,0.5939396148732694,1.52051194464574,0.0612368674364845,0.1582908217058518,kebumen,10.18482737364794,6.480585987873063,3.59924681049789,0.3660921322832046,-0.2848932295260103,0.1040662020857959,12.537601455164484,10.799859122025405,0.7701369875243891,0.1146392092066675,0,2512160.021185132,kebumen_0347,6.796091439293273,0.8107406116678363,0.6333073114106521
-14.910921595331928,1.5075341938837814,-8.243591574020941,1.7520982427688423,94.22438171947316,82.19436844535495,67.6004209280194,82069.43647766113,871,0.0255116068108475,270.75377248747816,0.0438093886902107,0.0115093078774262,-0.2324097500059605,0.0911167955090366,8.605835804338754e-05,0.0004237237676746,0.2543789945459064,1.0838849176770948,0.0248909163090804,0.106852379281394,kebumen,11.840292337346035,12.867832331653345,3.638574282176521,0.3015099489300386,-0.2721161601533861,0.0913586265881986,11.639258568306316,12.230158454604242,0.7657674798319014,0.0963306765085797,0,3216945.019816047,kebumen_0348,6.667330021310822,0.9163243116615551,0.7174408544200462
-15.353061588973771,1.8694491528432813,-8.789013289277884,1.9084338243316616,84.28232327860135,78.03814558549361,61.54421333143342,175307.2324194908,2080,0.0431313520978538,511.748495058448,0.0509901653357536,0.0186492067035078,-0.2119492634451698,0.1155217764109279,0.0001632025719767,0.000613851626972,0.2964104873797794,1.034239746055336,0.0383880541545824,0.1341793344490365,kebumen,8.872352478424327,12.578247516868007,3.3827029656222805,0.4619765007976725,-0.25293338793203,0.1151663891165439,9.475084355789704,12.337721623036122,0.7206304966083404,0.1823630366442396,0,4064496.564396224,kebumen_0349,6.564048299696044,0.9065534739768324,0.7302149601167797
-15.99228044434733,1.3371001921982404,-9.260208117602163,1.5705457893986206,91.44431694188248,82.06210815429688,65.26622119767144,99674.30546665192,1090,0.042382664830999,463.4805775621393,0.0683088199063347,0.0143565921451981,-0.0934362450051214,0.0821876115041955,0.0001694798815362,0.0005988782591083,0.3119184006935921,1.003040286807762,0.0408063808952963,0.1319934483241567,kebumen,7.328902670390416,7.267767697864222,3.363411622238276,0.4961099155633463,-0.1495136212168895,0.0812042336917137,8.419776346477681,9.082464577724345,0.5658318703157561,0.1193346149188263,0,2351770.608669923,kebumen_0350,6.732072326745185,0.8027233169109902,0.7137263788536082
-15.410209729669042,1.681500370413029,-8.536322544168561,2.131056070899948,93.58690894589012,77.63117140430515,77.23678536610312,203177.17932152748,2171,0.1589821610354103,1698.7649536254078,0.0781779493288984,0.0188774094248734,-0.037560512148405,0.1097971346101974,0.0005426068960391,0.000994963337818,0.9645536769472478,1.6974539191887827,0.1438143297344406,0.246753913155435,kebumen,10.20063384248598,8.086547695683434,3.5545900294605794,0.4525211462774185,-0.0879835372236199,0.1272425245016455,14.164980188174352,14.526635414470167,0.4917334774537258,0.1407009608030589,0,1277987.2785618606,kebumen_0351,6.873887185500529,1.032209533020692,0.825294757953377
-15.869583342688784,1.6891566065277162,-8.920097509881868,1.905020566259512,93.99511322789196,85.94805884361267,73.28601754971383,127739.35887670516,1359,0.115202619514421,1225.6234984803014,0.0725390528938404,0.0194826858842888,-0.0914066233495138,0.1099611556933981,0.0004267516654539,0.0009119012342162,0.7231346915256921,1.4517199522257358,0.1057274099718719,0.2131118492338252,kebumen,12.392710407693832,11.612936414055875,3.5535176088507368,0.4896994668789252,-0.1521453868909748,0.1234200491451018,15.685950917498586,15.056687733116933,0.5384206131140373,0.1481411708951402,0,1108823.3880021698,kebumen_0352,6.949485832807,1.0062010400680603,0.7796790176956461
-14.809709328204608,1.2833217187582795,-8.222364899961297,1.5055917852908112,100.55491258598876,89.05920028686523,66.55269012582798,68679.00529623032,683,0.0201618298577837,200.50566739384803,0.0399797858456403,0.0113722776059927,-0.2633200067095068,0.0971418884861612,7.241996944784137e-05,0.0003952879258179,0.2045712749176444,0.974944897945318,0.0191300063231791,0.0919140817826945,kebumen,8.32076099606752,6.687377495083556,3.5038753961840974,0.3539016154892679,-0.3067692519746265,0.093871714811971,8.705768242188121,8.770374023251108,0.7832789945487544,0.0945194737690681,0,3406387.504540712,kebumen_0353,6.587344428243327,0.8837371288101051,0.6618541890622793
-15.25507844567133,1.2630979671155056,-8.489395791786206,1.410389293837705,83.52055971529768,72.19164205530784,87.24896727894397,250812.24082503893,3003,0.0558733381164832,668.9770555530587,0.0526138243236864,0.0154279807243628,-0.1593821656879637,0.0981264428480915,0.0002272943896505,0.0007026274980084,0.3853261673675483,1.0981748739970802,0.0531160541880505,0.1511729989513368,kebumen,9.02355546696618,5.592263849901811,3.622649254108071,0.3201157767011063,-0.199124669971002,0.0961931802255594,10.692243527142852,9.187819015770213,0.7092266732287006,0.119222851236656,0,4488943.193301826,kebumen_0354,6.765682653885215,0.8422978928719216,1.0446405959964298
-15.78155573147161,1.6830825166275172,-8.969922453497265,1.732103639889928,85.3896108338466,81.11227035522461,56.10232975209082,71044.15621376038,832,0.0988814045455653,1158.0027544331062,0.0700602708260715,0.0165551669854392,-0.0930055002658187,0.1045833202644621,0.0003673742128325,0.0008823342054548,0.6099658916364628,1.3594629788040749,0.0856547320872585,0.1929127452792104,kebumen,11.235483001905616,10.312859682794045,3.4867196034592447,0.517246747078254,-0.1518533546388116,0.111325004852316,13.771849556018337,13.881280728010124,0.5446045035458713,0.1507470401228522,0,718478.4291875893,kebumen_0355,6.811633277974375,0.8973346536414537,0.6570158735265376
-14.794868286470647,2.079083380362084,-7.949610859525032,2.318097741301016,95.61261334820328,85.81613419695599,70.34061801352445,153458.24442386627,1605,0.0935758281466464,978.6975260874914,0.0511322065180798,0.0195019624189796,-0.2156728138860148,0.1268744379249586,0.0003363402669071,0.0008090797053573,0.7490418209916654,1.6387396043394726,0.0855368883159453,0.1870689902477068,kebumen,12.762806560622495,7.833158921548532,3.726176578040151,0.3381279841011219,-0.255800123769579,0.127582100367011,15.45939093624944,12.933456610114474,0.7324023448758122,0.1397347164525035,0,1639934.6654285092,kebumen_0356,6.845257426945691,0.9515590800193072,0.7356834579696828
-15.03963368184406,1.3780713365303914,-8.19021081396095,1.5021550417232976,84.59459923652753,78.00378648440044,56.836299789058245,247016.2297706604,2920,0.0473420996521405,559.6350131025675,0.0491663848901837,0.0156308334394638,-0.2121953875695565,0.1164358629386087,0.000204310818896,0.0006579534500746,0.4140778646509115,1.2100906114138057,0.0492914971931516,0.1448028068397343,kebumen,9.329737074465124,6.5965270772646925,3.564212242508356,0.3850585895183895,-0.2601247581155154,0.1095231087142789,10.863252359338375,10.302129498059472,0.7169378777229364,0.1484563412045954,0,5217686.405666035,kebumen_0357,6.849422867883151,0.8380318884005307,0.6718667657511239
-15.457507801917274,1.3764551290949976,-8.659982484006925,1.4717227021108694,87.96310869453913,77.99664688110352,70.85767575368588,147250.2439546585,1674,0.0479907682635401,545.578356378843,0.0550236548367052,0.0171251336007267,-0.1783378780420868,0.1134330163821967,0.0001899652234001,0.0006336346529773,0.3876062141555582,1.1830518420828786,0.0472292071008821,0.1447758311373896,kebumen,8.818473679740368,6.716728867433772,3.511267704577775,0.4196155493557676,-0.2324355496628228,0.1058608042047847,9.75241599101736,9.802665529656837,0.6617739682502132,0.1646924818850576,1,3068303.5359225194,kebumen_0358,6.7975253179103206,0.8297201592184451,0.8055385582124706
-15.247260228152044,1.3582806004436792,-8.538967865281927,1.336178129087611,82.33069926789875,74.16782563308189,59.45107267345049,179645.58580255508,2182,0.0573999084349903,697.1871846759708,0.0502262207330677,0.0149875690063444,-0.1694881245932547,0.0953083322583033,0.0002266424944233,0.0006957768116388,0.407646448912208,1.117862247275618,0.0535915928279856,0.1497150283662413,kebumen,9.58287796076696,5.618589870924872,3.637395204772535,0.3221727532049516,-0.212374260092528,0.0901550055437397,10.968716987884754,9.167173467644314,0.7108633513492361,0.1305797693149442,0,3129719.030928717,kebumen_0359,6.708292362870208,0.8045473026111436,0.7221009077063777
-15.060426170424831,1.3516612709074731,-8.522049793425298,1.4406453664010677,85.05955711727029,78.37248330746057,61.80075542398616,128524.9908041954,1511,0.0403391409069749,474.245837553092,0.0521785069347221,0.0170059063722183,-0.1794100934813177,0.1015951115448202,0.0001539232885683,0.0005802275328433,0.289590235738592,1.0097942824159931,0.0381606282413099,0.1306178493003345,kebumen,7.327509474806037,5.5289140971530095,3.461545920927857,0.4077289276288712,-0.2187770563407529,0.0993585942266634,8.449078800463782,8.480865702151725,0.7240220493722372,0.1233504589934339,0,3186111.2535981783,kebumen_0360,6.538376376999466,0.8691250147152307,0.726558631604235
-15.59463275111203,1.380339634981513,-8.785457123684578,1.7476456030293557,100.48320255985966,83.90506278143988,95.64380144997143,162782.78814697266,1620,0.121265599561528,1206.824588311543,0.074992235129114,0.0157885873698628,-0.0414573291074536,0.0953824912083239,0.0004115158807223,0.0008805564535472,0.760482590742002,1.533689626405386,0.11435077639871,0.2249041280050533,kebumen,8.34679026757085,6.512871423852078,3.4914771422282698,0.4556600115072091,-0.090583420486413,0.1075204266152136,10.758332338233668,10.678116529468545,0.514327766249849,0.1208176596701925,0,1342365.7552971528,kebumen_0361,6.8091756274274005,0.8941311890418172,0.95183870550896
-16.146506533365844,1.3238554389647348,-9.419620648586184,1.609533144684173,100.75151123085556,91.36396026611328,76.618755518946,64581.71869897842,641,0.0569008230173344,564.7639655444524,0.0721907480460327,0.0153246026547147,-0.0586483386976189,0.0754065314820926,0.000206038114072,0.00064059243293,0.3912677220509613,1.1924231903556564,0.0552403081297016,0.1578250596366716,kebumen,7.744643238504608,8.042974939171467,3.3673683967944226,0.5014709301148013,-0.1153075379097558,0.0812542939515559,8.277944943602018,9.304841685898024,0.5085243439931122,0.1143392526117811,0,1134987.4267952868,kebumen_0362,6.726885884779716,0.8398047699242882,0.7604725188030848
-14.934770762857411,1.765338194150963,-8.351299037410946,1.906216538147516,90.4762869493634,85.50184163739604,59.2503022186718,92285.81268835068,1020,0.0323615520047273,357.6799302433687,0.0450843749566549,0.0142229850133,-0.2529349202762611,0.089388230015291,0.0001223185704016,0.0005101726511916,0.3022269325358582,1.1205618442345409,0.0293748039306702,0.1092080639470012,kebumen,7.945392125092018,4.923662100724056,3.531994449576887,0.3269624562363838,-0.2909413009050415,0.0841044733070881,8.487289941118748,7.422456394337657,0.7810422173519526,0.0966714855205105,0,2851711.582771733,kebumen_0363,6.583471725446539,0.8249003572917547,0.6548710630867538
-15.896943300556352,1.343823289352879,-9.211492825089223,1.65234140224293,92.44426220816536,85.77720413208007,64.1207009822581,95772.2556476593,1036,0.066544594424672,719.8347721660365,0.071893266197063,0.0150700322826841,-0.0615679859021474,0.0759384764149358,0.000259191657517,0.0007464076493819,0.4572993737791504,1.2135242720552497,0.0638317867147598,0.1689519112467211,kebumen,7.504254603604652,8.563060320477991,3.2898799913252152,0.5571849646837971,-0.1167614411472467,0.0810422778817303,8.517270922491859,10.509006087543243,0.5289659165589256,0.1064709730167158,0,1439219.165368462,kebumen_0364,6.685450475467105,0.8158780898524806,0.693614719298333
-15.566830439909053,1.410637859259811,-8.64516549834866,1.8488543184997588,93.34836726379152,82.14434136284723,73.05405079358299,147210.37517499924,1577,0.1151986738121312,1234.0727233781536,0.0770508453090061,0.0169138422558589,-0.0350927295328808,0.0925816378719237,0.0004597260137012,0.0009537567442696,0.7551639563106056,1.4902839310783926,0.1134030914751649,0.2203633195635048,kebumen,8.991181104645042,6.063512200746184,3.565493719908901,0.398425136921112,-0.084097635593687,0.1057085252219754,11.601924728281118,10.578662406626158,0.4977702458903459,0.1235798959577576,0,1277882.5511053486,kebumen_0365,6.92166494156038,1.033497328993785,0.782595913939671
-15.185379116591944,1.6512803802638425,-8.219005186279945,1.9799123451870324,85.45964277445178,72.28242860017,91.54695075412994,241765.3294089241,2829,0.0874307207317508,1023.0644301018336,0.0603710363016196,0.0206996807299365,-0.1325333720804249,0.1264432545391387,0.0003465919630558,0.0008397374402026,0.6684562194655338,1.5197338345725466,0.0867106208565675,0.1929758736657685,kebumen,12.019379592986704,9.42317903714924,3.636072455973317,0.4134853743017438,-0.1814041269437305,0.128009121027669,13.801611090544624,12.164728617866222,0.6240897491330102,0.1716402088097273,1,2765221.736541468,kebumen_0366,6.966373930311953,1.1379244449574208,1.071230206235989
-16.176720098626458,1.6350442369133096,-9.258577580056755,1.9887543699229808,90.40399540195496,79.56167633364899,156.04193054212652,167518.60347982254,1853,0.1039677223079579,1150.0345957686477,0.0809043595954194,0.0215510732671494,-0.0415762551024207,0.0867653892571278,0.0003645580629394,0.0008578590010839,0.7092396424605519,1.681094489981891,0.1002157401935282,0.2184814307851413,kebumen,7.861528353446317,7.276041755944446,3.369156513053493,0.4969020655225526,-0.100860914264328,0.1085614068668535,10.106267583462335,12.033685935000236,0.4687186218506714,0.1181143070444793,0,1611255.875969116,kebumen_0367,6.9181425185696375,0.9973423144710212,1.7260512640877392
-15.552129230395495,1.555795417112265,-9.272795035055484,1.562144648784714,75.69110214585626,75.22869873046875,53.56947137642066,21723.34631586075,287,0.0179751655004409,237.48056232293885,0.0520234930771578,0.0163956271322657,-0.1974543087647176,0.1106763816873815,7.021928232869737e-05,0.0003894140255545,0.1293594609056955,0.6829513953230192,0.0174777507286928,0.0908385569083964,kebumen,6.718562237338343,4.363670664634845,3.4318336932865647,0.4142082577382379,-0.2378686462537982,0.1086155991349238,8.269495081481544,7.170967527633594,0.7293969503791837,0.1074603509749769,0,1208519.961350445,kebumen_0368,6.279334195340001,0.8147704688234206,0.7077380280867444
-14.638989181946926,2.312231279023139,-7.410886190213026,2.866135099076317,127.48185380023632,59.27113030572258,473.6700457342626,409599.1962601593,3213,0.2818503279545801,2210.905470485538,0.0935356243676741,0.0424814070736808,0.028981086281756,0.1243233490464759,0.0007365413532625,0.0010548541086455,1.9348511741467127,2.6638894474796606,0.2538418389784372,0.3093050832299123,kebumen,13.39359248260434,10.18973702481964,3.637163365670144,0.4365686023582405,-0.0025532669796312,0.1549579421639286,17.110061032759706,16.761502721957644,0.3892056198717388,0.1758353719562723,1,1453250.73500062,kebumen_0369,7.22810299173402,1.6392309403017085,3.7155879963630127
-15.65483590818069,1.705976196291399,-9.07029290172421,1.7291407277417223,79.98345989480917,68.10113383147676,65.43373452270218,161806.53936719894,2023,0.0421777212124585,527.3305414385533,0.0578685135877698,0.017676110319457,-0.1676221907530448,0.0998351948949468,0.0001717210420317,0.0006146518293135,0.2997437455912515,1.0023101771180711,0.0404750080604873,0.1341426218222132,kebumen,10.4715164307978,13.362631020467996,3.550570641506194,0.3716361910891862,-0.2127206578698576,0.1013054747029828,10.857860902492186,11.706596141250683,0.6747002884958346,0.1606161741461287,0,3836303.496629026,kebumen_0370,6.584543006456543,0.8555611594634821,0.8180908228871048
-14.923131229153924,2.132611204187884,-8.502113469769398,2.547792763394628,88.04027256949152,71.46108790806362,88.15735981668296,147291.3760087593,1673,0.0325968111535413,370.2488668218536,0.0427668363564288,0.0150399204192359,-0.2153183709014741,0.1099255299893244,0.0001345193745724,0.0005285144097327,0.3506328301403099,1.2628631158565298,0.0342918086729197,0.1210201325662736,kebumen,13.054676620085312,16.065250897844567,3.6623173309970296,0.3193904760203434,-0.2523067568492501,0.1190651985556731,13.06040655774705,13.6106586711858,0.7244846243723835,0.1912791448116298,0,4518582.364237105,kebumen_0371,6.421017759384472,1.0818047607760164,1.0013299282677597
-15.032902313608716,1.5687662659816477,-8.465246166312285,1.7137584128897343,91.06954704038866,86.06899237125478,57.48601106285083,255814.3576364517,2809,0.0328442183941463,360.64984906074193,0.0499866828227601,0.0137229585969565,-0.1946817778407129,0.1138089608937389,0.0001168512025013,0.0005025898893183,0.2433662975540082,0.9709137399491652,0.0308362951169215,0.12260701399204,kebumen,6.801932454226981,5.971796413084876,3.3780620034126247,0.4172654225767175,-0.2351563888191774,0.1119498882100953,7.493515117107966,9.260264752272636,0.7367868533491312,0.1196672292153405,0,7788718.080197778,kebumen_0372,6.567656147296347,0.8383407927110131,0.6312319862242888
-15.212539944950027,1.3580825014193618,-8.591274852275331,1.4286163166281285,87.01258994876603,72.22110687979597,83.93649263326911,229365.18710494728,2636,0.0547645386710815,629.3863761936924,0.0525650484081392,0.0178988684998666,-0.1725568667492636,0.1089639854412946,0.0002135204852857,0.0006764897702836,0.3901676607287968,1.128492381339257,0.0508007879139343,0.1458237066050481,kebumen,9.605774805264868,6.861662740652942,3.579490172884416,0.4027263408560313,-0.2113014081623221,0.1072372567438081,11.605068302759106,10.579390201172409,0.7088347694409319,0.1348123984695611,0,4188206.3223891207,kebumen_0373,6.621265092674783,0.8268658615074242,0.9646476754995091
-15.296779298074515,1.6941611469700797,-8.213987584097417,2.226616409583917,120.3984223723768,87.69220831358962,181.74260995218128,243686.4068816906,2024,0.2103003963873116,1746.7039205620129,0.0879257161263063,0.0247511005160218,0.0226804192367525,0.0947703600643803,0.0006406413759977,0.0010125236484729,1.3509312476409654,2.0797225534143307,0.1973127185786668,0.2778724218808816,kebumen,9.883014786794536,7.084103263251502,3.5695793448659208,0.4566995083719292,-0.0143317427108676,0.1146881985616074,12.578659172718732,11.25853810169234,0.4200730699322316,0.1440588667882273,0,1158753.9113948776,kebumen_0374,7.082791713977228,1.317486731792705,1.5095098953213424
-15.573892505141345,1.6330914247112855,-8.81614417608685,1.6909236947055275,81.48158664217029,73.99487062779869,62.5154928263534,139007.5868115425,1706,0.0621849212516876,763.1775940345299,0.0594874306838441,0.0190382395965517,-0.1443943336420408,0.0979827968194807,0.0002555557611529,0.0007423442379079,0.4353021951312043,1.1646784654857172,0.0588244041853062,0.1564257225092946,kebumen,10.026964616552164,7.976030823781927,3.533509144679733,0.4593560823086823,-0.1998704478907975,0.1005974589856425,11.45001176179308,10.47688384414444,0.6318899919611868,0.1522293580982213,0,2235390.5740094515,kebumen_0375,6.757748329054518,0.9123913908300302,0.7672346035785084
-16.0459037013817,1.6702470270517689,-9.235302795825396,1.790588953887139,90.47097870581828,93.67896648776149,198.48714271202635,166828.4847335289,1844,0.0797848214070225,881.8830363984063,0.0695659425147419,0.0158896435088916,-0.1005672481018874,0.1009265888860156,0.0003078035369582,0.0008117647036336,0.5085122338579315,1.2877663298902422,0.0737950229248702,0.1824998219497516,kebumen,8.266046994557303,7.466058947312403,3.4130996888667324,0.5065696563489791,-0.1677997410294398,0.1139114897491336,11.471041320039918,13.695985220065191,0.5556645140538072,0.1349146303504955,0,2090980.2364844903,kebumen_0376,6.810600905556339,0.8904418972711854,2.1939316403046876
-14.896034764015834,1.75080294553247,-8.248792565273176,1.908206930660032,90.30819721886532,85.98330123703201,61.42839587550516,215114.1257753372,2382,0.0469424021446556,519.8022282616157,0.0454930174545471,0.0134600214150206,-0.233195517985585,0.0971701639891053,0.0001765287025408,0.000612594238433,0.3939121303957188,1.223700507516153,0.0419504601514824,0.1301507895263066,kebumen,9.62940019344536,6.77051952758935,3.636393078582824,0.2967502786502324,-0.2723613839318574,0.0941870867352543,10.714611352553332,9.353721885241674,0.7708511645768866,0.1036659699210387,0,4582512.098815287,kebumen_0377,6.647242198742719,0.851571277962376,0.6802084170347363
-15.092210819206016,1.2661225122491735,-8.53646387115091,1.3903684842595707,89.69515809884409,82.06559147246897,63.13105998319782,173201.35028886795,1931,0.0385498283559132,429.7871721618609,0.0512507984328451,0.0148108526639786,-0.1913727796180174,0.1014424900240054,0.0001292452678223,0.0005190636114026,0.2647779382682524,0.9790037134950846,0.0353545633112363,0.1295731282547968,kebumen,7.057994881245713,6.628263803554485,3.368467260970492,0.4358583741950875,-0.2297763339118723,0.1008173154934088,8.42833797983053,10.59649712511444,0.7366185209867507,0.1171329175266626,0,4492921.438969267,kebumen_0378,6.555746948055217,0.7921264524952146,0.7038402219395987
-14.596520834607167,1.9522326605925904,-7.273614974940407,2.6109890114619616,113.13985764842135,87.94008921348997,137.17521356261537,346094.82454652095,3059,0.2764383201166646,2443.332755249597,0.0876987146458761,0.0252965464809207,0.0337836709827601,0.1166238568574368,0.0008750502159329,0.0011200915685874,1.7097832205612302,2.1232187216934912,0.2537553545695206,0.2959978601812585,kebumen,11.047739570733684,7.452537102744041,3.6057668636019695,0.4633199716588173,0.0070108549554345,0.1363269120020342,14.049309243731884,13.30846198910846,0.4173800788383289,0.1700106987168269,1,1251978.468109846,kebumen_0379,7.32290585966668,1.588967373196643,1.212439333173665
-15.585575264617104,1.4522872243800076,-8.53997274916225,2.087201775643538,107.98364603953392,91.7673312670564,96.11235213067576,151285.08810138702,1401,0.1065111680841967,986.3638800008836,0.0757179597844946,0.0193097632477093,-0.0398789380002078,0.0905404826048501,0.0004070751687291,0.0008936329061183,0.7488834392921948,1.6572451083900557,0.106068617249846,0.2133532544109338,kebumen,10.0385689935661,11.52204627490773,3.515410685463722,0.4833767873358424,-0.087527628615211,0.0984372737414981,12.255988038606215,12.793789414401903,0.5073026225071808,0.1337811882328521,0,1420368.3127556792,kebumen_0380,7.04560251545476,1.2238315890174023,0.8900639648293412
-14.580167098999707,1.5965616479349771,-8.059007202189237,1.9732012057400057,93.22818176271358,81.76110342274542,73.0065851167354,97330.22176027298,1044,0.0272585256967486,292.3850404604871,0.040952948597448,0.0158512257396433,-0.2493565904419553,0.1107013767203871,0.0001125254834113,0.000496839924913,0.3207621832623237,1.2707990047380038,0.0284793471521769,0.1131365191365311,kebumen,10.834365383269132,8.017930110482867,3.625440884413136,0.3259810267568148,-0.2929931876428758,0.1068128962572846,11.53886280809146,11.125383777874752,0.769706920877057,0.1211495061852554,0,3570634.114371136,kebumen_0381,6.52115989681043,1.037533971201838,0.7830956663142199
-15.418993977947082,2.08092773552394,-8.794529568865682,2.09112210633242,90.1397698304972,83.17331008911133,63.89927754137194,95728.43555998802,1062,0.032313920853987,358.48683566367566,0.0558919713167658,0.0175000309419241,-0.1765720215489583,0.1061269690381506,0.0001178222627042,0.0004961512899224,0.2304980784945531,0.910265221117612,0.0304982952679996,0.1194593046015681,kebumen,9.674403914632492,14.535112179257126,3.455945582838824,0.3947686285619583,-0.2230236195836999,0.1013849993161041,9.547045766369736,11.951620956231324,0.6762726225886148,0.1878221585220273,0,2962451.879254904,kebumen_0382,6.624464409081374,0.8187041665915908,0.7088910661912157
-15.652745627294212,1.7420368363668552,-8.687360494136156,1.9916557282131069,97.03849906594344,93.07997684614033,220.06240218998423,282187.95528376347,2908,0.1146724474025473,1181.721157131878,0.0703682244836182,0.0271726335857403,-0.0891420142248678,0.1125741768705964,0.0003867367021844,0.0008915522878889,0.7639579131801312,1.6898802574258118,0.1031204092573876,0.2157620956825207,kebumen,11.72997393111736,9.014198776331808,3.5740375032525185,0.4871710210065226,-0.145696580202959,0.1261654802460488,14.987754887121362,14.434001645503203,0.552500680489748,0.1675853449185212,0,2460817.412339409,kebumen_0383,6.965385133158018,1.209811663748667,2.2677844804713922
-15.286326689080754,1.891999996078714,-8.317201653414688,2.274521009948207,111.05397603193612,79.37254970370444,206.09451218881784,276524.40031952097,2490,0.1838531631396265,1655.5297676758128,0.0807091071352367,0.0277615803151869,-0.0302590688164454,0.1277376477998897,0.0005486408748675,0.0009870591907643,1.2756459869507428,2.2065946654921285,0.1689654957358491,0.2699195944099302,kebumen,10.922589886368383,8.103022054399464,3.555681494899148,0.4680640475063998,-0.0746319644577792,0.1516565118418067,14.978809543832869,15.125350921551007,0.4742085604167387,0.1856680129679345,0,1504050.2735844457,kebumen_0384,6.969125035666148,1.2030097401438056,1.8558048937351928
-14.987740101217708,1.968687853725676,-8.371432237129788,2.0670640473381305,79.63598754352749,76.79713439941406,51.91715038597735,103447.1478190422,1299,0.0272710070034855,342.44576911386633,0.0436386105586743,0.0123523339172384,-0.2531231273189649,0.0934762669588697,0.0001219409124183,0.0005135487076693,0.2779850293975646,1.068246269524354,0.0279971255426333,0.1073193790164227,kebumen,9.358766385234674,5.146693234047322,3.6442530479687583,0.2771449052093577,-0.2947717062707315,0.0891962930175334,9.612225501203191,7.796961574572889,0.7734474255316591,0.0927311259012507,1,3793301.355018554,kebumen_0385,6.616307864087936,0.8464353305469632,0.651930766320948
-15.095098094467565,1.4570108404607185,-8.468505426584427,1.4743067361322175,80.37817277866793,73.74365692138672,54.33959532108499,147654.703394413,1837,0.0366830376372648,456.3805865340647,0.0525092867817927,0.0155808985176472,-0.1910370801947718,0.1045582378417373,0.0001645212480018,0.0006007727473868,0.3501287002713822,1.159952694716616,0.0376711496397567,0.1244610986347741,kebumen,8.713132755728605,6.1866567678395405,3.5286712320969094,0.3906423306960158,-0.2372882640225588,0.0953236891221712,9.190247613844988,8.476151377670346,0.6986675392225824,0.1452732196810116,1,4025149.303459437,kebumen_0386,6.626592667883169,0.7882422592264595,0.6760491491977101
-14.8317699971536,1.365838919880597,-8.509786928844095,1.584001880643183,90.71797147762256,84.21385157793418,71.94791495469208,106230.74460029602,1171,0.019132251287954,210.89813822251705,0.0424981062057813,0.011875336770844,-0.2530176735744401,0.0900517695786877,8.143033517148694e-05,0.0004256778464567,0.1841897672510509,0.8576744833415338,0.0201326676644367,0.0940480479185936,kebumen,7.613426600860492,5.443941191803955,3.486594148213825,0.3462499590906288,-0.2931356754075446,0.0869656249124816,7.757493624944868,8.002494899506855,0.7854937983138225,0.090621696530908,0,5552443.515478011,kebumen_0387,6.321983068309428,0.8776478731710036,0.7930943977560114
-14.866025364625916,2.155313576393183,-8.309476221916034,2.362939870508592,94.56794856758248,85.90590724238643,68.338885406986,83125.226790905,879,0.0325638795539444,344.34372371599886,0.0438159016347307,0.0116897446260508,-0.2623492194109035,0.0863301103989957,0.0001207299346521,0.0005093894800425,0.2790301392557792,1.0584338056945417,0.0290891046541628,0.1103186762673375,kebumen,8.495011501171852,5.40896282100886,3.598780013534599,0.2874454943561352,-0.3031752100541312,0.0813579410071983,8.940088815298553,7.5902544692335345,0.7871385547381045,0.0875994188695895,0,2552681.926402598,kebumen_0388,6.556549142709926,0.8531866223635597,0.7226432046175558
-15.896859577801797,1.6221335468945548,-9.412223694314036,1.6929699900587925,88.29031653558054,74.63195523348722,77.05122648175724,62950.99568986893,713,0.0248132974809231,281.0421171264409,0.0566947147544502,0.0170964391146102,-0.17550746431553,0.1150786563958581,9.261242347000428e-05,0.0004436825261779,0.1754371784893278,0.8039704827696456,0.0240699442510614,0.1077272182303415,kebumen,8.550212124765418,11.19775988583658,3.4288369243003034,0.4413471699628922,-0.2183894198161087,0.1156412897892555,9.55239177347455,11.700117971317963,0.6905748154202185,0.1608890187423981,0,2536986.296894501,kebumen_0389,6.484635883487687,0.8579370365233351,0.8727030268455996
-15.073679660318566,1.4922634776608463,-8.516524336137742,1.5976951758963112,83.26895905128723,73.98586671617296,61.64382197800571,249973.41507196423,3002,0.0548964207285938,659.2663263003186,0.0539367542469316,0.0182530424830942,-0.1836954952761927,0.1293803314583992,0.0002223514153566,0.0006867354491622,0.4190468964311428,1.1964004033155922,0.0529431445935666,0.1494849675195011,kebumen,10.165101745908938,10.473947278333716,3.535964798903339,0.4232831803435883,-0.2241391513337298,0.1259755337467522,11.052309006973005,11.451409092420851,0.6923012576555527,0.161796346198745,1,4553546.693104548,kebumen_0390,6.557155324180827,0.8845593896559689,0.7402977373601836
-14.594356755356126,2.329856945251525,-8.185053882999183,2.5684282945321177,86.75046476984726,80.86573104858398,55.551317825035326,47192.252834796906,544,0.0255602746063323,294.64135637941337,0.0413854132655928,0.0118168570259058,-0.2786063197597559,0.0799596210530438,0.0001055385014076,0.0004840297982093,0.2523327921112629,1.0404739012173323,0.0228296142960563,0.0960950581242672,kebumen,7.534181431114905,6.14744781501738,3.4794484945336324,0.3183551796474684,-0.3154143640772912,0.0780418796523519,7.716302615298369,8.72722833093693,0.8062217901845781,0.0778378498333712,0,1846312.4344957343,kebumen_0391,6.409302872356944,0.960335953048406,0.6403575816269732
-15.359697375710653,1.7051143610518622,-8.404685246920666,2.2145089080423888,102.11047503381484,71.97558020066845,140.03276852033443,299694.2442242466,2935,0.1607935554635422,1574.7018649192837,0.0821278170153424,0.0305142233634662,-0.0094614155860783,0.1065946774852431,0.0005421739828575,0.001015279995146,1.0069992404380304,1.8154394607207391,0.1468617590002186,0.2525833351743317,kebumen,10.415473179001443,9.248130841578709,3.496068912221017,0.5200734091693733,-0.0478769050687412,0.1221946710645046,14.129347098888706,15.272457413879518,0.4791258535309571,0.1575935952306405,0,1863844.8746299304,kebumen_0392,6.955012128789926,1.2824605361977892,1.3713849482529707
-14.800931997323817,1.3073853272170857,-8.399300701406743,1.3719549689697144,97.61197954359508,86.36214828491211,75.27752823855151,30747.77355623245,315,0.0219139864254796,224.50099391430263,0.0474164969965407,0.0137504344222893,-0.2450327495620403,0.0875798685654948,8.610545401374159e-05,0.0004168620967895,0.1991868979676124,0.8855152772338247,0.0210621327740261,0.0925650227539647,kebumen,7.969414072265737,5.082450961023657,3.5738585179310234,0.2816159149657492,-0.2861426592524192,0.0827743271128214,8.268989800366024,6.436938428574008,0.7667862744330846,0.0918723480490915,0,1403111.8281830102,kebumen_0393,6.401631295917087,0.7762337912205785,0.7711914929963217
-15.659146103444856,1.6336123024452964,-8.767470545820908,2.067323923989257,115.83956736904074,79.95787492804571,193.96011125434256,175149.42586198958,1512,0.1461197948411743,1261.3979675499572,0.0779003172448338,0.0174263991991905,-0.005031693262324,0.0898169501046935,0.0004404125788316,0.0008950168639146,0.8801990555308784,1.6304718852263471,0.133756345269022,0.2393246797166911,kebumen,9.77112619292792,8.194971612514705,3.454512333405707,0.5585478612578044,-0.0421186360375282,0.1018065054224144,11.864784288377304,12.903959363290625,0.4923953633578529,0.1272250537908493,0,1198670.077879381,kebumen_0394,6.891675557623905,1.0898515698547824,1.6743856668285548
-15.209715514265325,1.4640005830005824,-8.58185305347813,1.608624108594069,83.79460711883286,76.04208048888903,70.15812301065169,296632.90920066833,3540,0.0440010594538179,525.1061012962095,0.0543825305518696,0.0163400359079734,-0.1646214266783088,0.1093150350866654,0.0001689464528004,0.0006044261218806,0.3151400371029552,1.0682702308254928,0.0420974955263254,0.140206993556157,kebumen,8.21408110089552,6.975518967938778,3.502131414770783,0.3846692964150635,-0.2035997851886519,0.1101103827390408,9.73596849980128,10.463264506380922,0.7102750479622577,0.1270165991336055,0,6741494.702235626,kebumen_0395,6.627862460787153,0.8733145356247524,0.8372629865208072
-15.247762208735605,1.5773113332530682,-8.612911113719132,1.815324905523279,85.11215932013141,77.7594092873966,63.3706696224025,112262.93814325333,1319,0.0731875744234335,859.8956366287687,0.0654614106366034,0.0201410712729591,-0.1143369399733308,0.1505721671588121,0.0002688462783768,0.0007635662642525,0.4775969840107651,1.283368496864728,0.0660624466248858,0.1771359836104002,kebumen,8.625086648100357,10.697690671187075,3.328314816611612,0.5194272909676521,-0.1519352337237881,0.149619654366638,10.157861882954734,13.554573222638446,0.616059791467036,0.1811365771751439,0,1533907.0740853571,kebumen_0396,6.634851095016409,1.033354773963795,0.7445548336289661
-15.464864186212989,1.497790669393,-8.71675360170745,1.53687451481829,88.61161826284702,78.14224688212077,66.55383876856457,113068.4249033928,1276,0.0551917154198226,622.8496499873013,0.0568564805899948,0.0178898089880285,-0.135352440569634,0.1021882999045714,0.0002288486493576,0.000690578823858,0.4325879008245592,1.2076824500368737,0.0548810254512887,0.1506349600220933,kebumen,10.82603160186323,6.972169133004358,3.646146739336624,0.3657934480223797,-0.1898512375153725,0.0996749115655367,12.229839804111476,9.882767371405524,0.6290985828079738,0.1574594686591387,0,2048648.4981183105,kebumen_0397,6.748110584505406,0.8499380568172815,0.7510735056338452
-14.759916206801426,1.4907830882152269,-8.395258697118006,1.6719041972174074,93.96271380683444,87.17527389526367,66.11645186355865,56753.479139328,604,0.0223569415958999,237.93418357265256,0.0431236930404807,0.0121804385933448,-0.2622914757843527,0.0803948264539238,9.519873379810158e-05,0.0004442128408949,0.2481162099236011,1.120689871227278,0.0226459311000266,0.095679996462308,kebumen,8.007089011184428,4.917822065572775,3.555334263280409,0.2961211381297279,-0.3007476301781367,0.0766511132550435,7.89748177124357,6.735037297258974,0.7928401119083658,0.0816605519999404,0,2538517.126588371,kebumen_0398,6.364657509683613,0.8005204964432098,0.7036456184043253
-16.049673232676238,1.7213476082785797,-9.34185704717856,1.8005548163801204,84.8695750046101,75.8204276473434,69.76820164064301,87755.14055476684,1034,0.0418558229449622,493.1781847934161,0.059954463365473,0.0191991590844812,-0.1554020526361132,0.1100174884820151,0.0001685549979632,0.0006025315223867,0.2870033575053413,1.0037870362844747,0.0409526818903776,0.1387740459966883,kebumen,9.678097407748036,12.316081892808596,3.476669155653517,0.4367921433240689,-0.2029986217622381,0.115401174353926,10.666659285516255,12.987605418475717,0.6507266597708764,0.1752968910709919,0,2096605.3079438724,kebumen_0399,6.707816185497818,1.051195233547804,0.8220637564975813
-15.378761259565293,1.5035934313015888,-8.725915154508234,1.7405301095684953,89.29318717285241,81.79251398359027,62.940698701233046,79917.40251970291,895,0.0617164765939088,691.1666897323203,0.0661578340058031,0.0196306064197927,-0.1009666765621685,0.1262362690830409,0.0002306424496189,0.0007063743510769,0.4160875575572391,1.188506951368469,0.0558426575367037,0.1605542325607495,kebumen,8.803892181717748,9.1538964528201,3.354574024213014,0.546502733081796,-0.1403080693893663,0.1253535710154024,9.836550324258823,11.786862570490303,0.6103141704509818,0.165572075954797,0,1294911.9413532815,kebumen_0400,6.652846105057202,0.9306887652756914,0.7048768298458581
-14.737304071779096,1.3926407923896014,-8.370555852000766,1.55370533169276,81.07266268818184,75.84335044412052,54.24072184864145,164577.50525700912,2030,0.0232620090400084,286.9279023124939,0.0425059700693193,0.0136115354259663,-0.2628287060214319,0.1010650687664169,0.0001048646368899,0.000496288925869,0.2138127418460346,0.9300628547482126,0.0224794319041146,0.0983790409210969,kebumen,6.875795946622822,5.228689621655935,3.424185353048144,0.3594539603042491,-0.3016378067328097,0.0993367935698186,7.108145541335784,8.218248715174704,0.7909283728939903,0.0958412933845875,0,7074948.039696473,kebumen_0401,6.366748219778307,0.8163069849512078,0.6690383669432416
-15.323370646939216,1.6402184683982892,-8.789828838730209,1.7797728606187662,82.48055017084266,74.25592505413553,63.802581764972025,186158.6017355919,2257,0.0319022364300292,386.78496159336856,0.0512901272546747,0.0159746198232135,-0.1740881641191276,0.1148370019944757,0.0001358681272013,0.0005494298280957,0.2324377825914463,0.9070631327074752,0.0317810449926813,0.1219790014434017,kebumen,7.879980303816379,6.705395886147757,3.496119580575168,0.3637866245866933,-0.214419793569172,0.1116788704917962,8.473182421940246,9.145407895118076,0.716358242133357,0.1303129933596864,0,5835283.747078072,kebumen_0402,6.533541808208935,0.9409615896922736,0.7735469954167037
-15.177181219619614,1.506604471577951,-8.56015911128776,1.5007890807389468,86.52115856134645,75.8342838993779,79.00808108635847,142067.74235773087,1642,0.0445606614762125,515.0261764539079,0.0516946072164954,0.0183061414120312,-0.1720791252881817,0.105864631437238,0.0001946427182752,0.0006471481171202,0.3749389855349834,1.160328953423973,0.0441782748619217,0.1342998123940815,kebumen,10.325171888650043,7.549162968306411,3.602061314360838,0.3551483991698501,-0.2213053499930113,0.099583525555831,10.994109038273562,9.512107065535217,0.6833074044481942,0.1547721815720366,0,3188187.465160716,kebumen_0403,6.617022108331846,0.8520861521746387,0.9131648535466507
-15.169515843032672,1.6390376699319915,-8.384009440758945,1.9009569240086333,86.5327454847749,73.66141633064517,66.97830249470087,129020.32351779938,1491,0.087809336614542,1014.7526941693042,0.0627700581084633,0.0187251023626111,-0.0985687770263353,0.1162951000263467,0.0003339009173561,0.0008424647685807,0.5514816040413283,1.3078620740510047,0.0778094525777349,0.1833039444484429,kebumen,9.930330047251593,8.19786394691295,3.593150419741456,0.3960704764748893,-0.1389324136596559,0.1169190354553885,11.682205995382793,10.59292670470456,0.6192993231364201,0.1610663134821484,0,1469323.5194813265,kebumen_0404,6.78550640227374,0.9943480633551786,0.7740226213726853
-15.266798004710989,1.5084310298098789,-8.661783362252088,1.582781606414153,86.66432450754418,76.07400881189878,64.76680210053001,254099.7994561196,2932,0.0498035633310034,574.6720304347155,0.0549893224031997,0.0180715996367056,-0.1680703684547596,0.1026849800820607,0.00020575891918,0.0006628165618562,0.3783067324392529,1.113707645936196,0.0496975190332602,0.1458949270797348,kebumen,9.105969873787794,7.918152575487788,3.5188410812135498,0.4170811634114162,-0.217630267092213,0.0994645835506724,10.332337264160106,9.954154620946388,0.6773029083485008,0.1493099057412742,0,5102040.546121697,kebumen_0405,6.605014642458916,0.7763934047422228,0.7473294515194892
-15.571731018788562,1.6364499843537144,-8.875124003185196,1.67086094510225,79.35587112584773,74.0910743264591,58.52599325998378,176249.3897705078,2221,0.0665856756237384,839.0768657575766,0.062630921720869,0.0186773426258328,-0.127514607705259,0.1119189026973258,0.0002819358286105,0.000779902886292,0.4447526636303204,1.1730040158876966,0.0645280006534137,0.1679333975051163,kebumen,8.181710683084805,6.208332065217299,3.4868045110713712,0.4219471077649175,-0.1795092225155793,0.1120000119620726,10.78063143952443,11.034683784917537,0.6237561896996443,0.1576174424766587,0,2646956.5431228136,kebumen_0406,6.696607015603342,0.8491208738615205,0.7375130841569294
-15.439130577966235,1.441590584335053,-8.688769129275986,1.6559043714125692,77.29837916679742,62.0383837890625,66.64975882068842,139214.38087940216,1801,0.078235534763106,1012.1238712429714,0.0639223756315529,0.0185498821450518,-0.0918644918049858,0.1124086951347503,0.0003443222798455,0.0008671599426558,0.5113132179231806,1.2483558915148356,0.0729048255360427,0.1734099335862099,kebumen,9.39992953885992,6.947660036857225,3.5308419959975788,0.4382155379638147,-0.1339423579324471,0.1109667748566996,11.318324929154231,10.683411295159775,0.6077470158384142,0.1531194881510907,0,1779426.46268013,kebumen_0407,6.750361448690182,1.0307813921021547,0.8622400565071229
-15.404880482136829,1.4491400755237105,-9.1107691453846,1.6388592712714474,85.10612200538651,75.66681588979868,68.09541279766485,162042.05629825592,1904,0.0257669879692888,302.76303704283475,0.0509334565093002,0.0173204088811243,-0.1880736575484151,0.0987294557490515,0.0001097339647309,0.0004885396099644,0.2110920558252381,0.8803094494053126,0.0266902338255313,0.1095090968430241,kebumen,8.307655815129662,8.638054007832636,3.5009556757596942,0.3616818086774691,-0.2288857807736149,0.0992241860856119,8.305096617678144,8.7175632261362,0.7230712846662299,0.123483407083908,0,6288746.534573252,kebumen_0408,6.294111336752238,0.9874586819223162,0.800123553900799
-15.20267292147215,1.4382285693642023,-8.700231469224272,1.5125196781013253,92.04050529442598,83.91191756304572,71.06261962372791,197242.8028459549,2143,0.0214726126125975,233.2952491287329,0.04972049949618,0.0151846255049911,-0.1913124046371112,0.1048772343278265,8.140990052783844e-05,0.0004388899582238,0.1524621374244532,0.7936986379287682,0.0192048070964237,0.0986285936812141,kebumen,7.226995987487633,6.7362411148495696,3.442451412991761,0.372808593441774,-0.23091075598024,0.1048063714096615,7.567309500166197,9.569234078405934,0.7383207041836498,0.1177341640006407,0,9185784.99992294,kebumen_0409,6.502441452247996,0.8417952936185518,0.7720798511091127
-15.569395923987136,1.6381774606189765,-9.122760687893372,1.8090495431183888,85.45023438635252,73.87476174490793,61.43492545468274,156630.27963018417,1833,0.0200587412506966,234.7417932173661,0.0442253832325384,0.0128803916959445,-0.2394703399752203,0.0952297208020587,9.163253403401244e-05,0.0004423477465409,0.1890552661822333,0.8434137684127676,0.0223760027320278,0.0993046609893993,kebumen,7.7679646424707585,5.2158548106110665,3.5048154441006307,0.3343047793929091,-0.2791694224417845,0.0909862565840013,7.564967515590138,7.123581788813483,0.7760126703440666,0.0958821392785059,0,7808579.694637842,kebumen_0410,6.446635236093854,0.8568575573750898,0.718955610781738
-15.044424312898148,1.5158930751720263,-8.685066890468951,1.7197214733278552,90.46621361101307,81.9342658996582,63.48541668217288,37453.01243495941,414,0.0132726456516081,146.71384069060193,0.0442935155388023,0.0111106098842878,-0.2427386512374079,0.0786272769060901,6.498482778679872e-05,0.0003647291604669,0.1450405243178457,0.7608451280795909,0.015773850479335,0.0811669047074675,kebumen,7.8787929609847716,5.1269472934380245,3.523413350373469,0.3235478552207489,-0.2813167952090545,0.0785993457102394,7.330038614795058,6.611970891816309,0.7709255380562274,0.075361270309033,0,2821819.6596261533,kebumen_0411,6.359357422429258,0.9529525997350272,0.7017583045439227
-14.974075369303502,1.41213352000067,-8.67915314137049,1.620900669847524,70.34155369101104,55.97187240647827,60.98042768206566,45299.96057701111,644,0.0182234599665364,259.0710470597015,0.0393224795560492,0.0108599197785499,-0.2652796922950736,0.0937808748249097,7.878457894910056e-05,0.0004012821577314,0.1939413809817991,0.898196079448657,0.0205568746374461,0.0957691451479798,kebumen,9.59840518053552,5.785238335893775,3.6075439956475246,0.2700125700146766,-0.3035233009036531,0.0914019634769328,8.426219139702614,7.543389527572762,0.7960566894914257,0.0846390648139649,0,2485804.598039833,kebumen_0412,6.294922227932989,0.9802003657146132,0.8669189758010472
-14.870832862272266,1.4271130207324056,-8.589790648326023,1.6984067374159872,82.57557819978223,78.16997154391542,55.29849939560146,124606.54750347136,1509,0.0328747758111616,398.1174159219917,0.0482818769530752,0.0147911344896592,-0.2071129608689391,0.1155401297694887,0.0001337234155797,0.0005629451323127,0.2253751339208267,0.8883208738231511,0.0300972329820009,0.1186080240799887,kebumen,9.017169021514857,10.144458148929427,3.4540566545810862,0.4101991610752841,-0.2440100093539057,0.1145399693313801,9.42399911974213,11.311889338324868,0.738383226056234,0.1312826694771393,0,3790339.0800056783,kebumen_0413,6.281042213946145,1.0398304249317905,0.6696713556375352
-15.317613446206884,1.68338152778484,-8.849847595902137,1.833328672072733,97.5387976308164,86.21487615349588,72.61962914929939,286959.14262986183,2942,0.029566043877957,303.1208564807652,0.0503721367088192,0.0151839855635394,-0.1946398821616054,0.1039463673548701,0.000107918760052,0.0004748541367036,0.2350918323622473,0.9632693158689444,0.0290005073334316,0.1174210234014861,kebumen,9.392772654496666,8.521624582156637,3.569528220769122,0.3300345616232722,-0.2343361120534379,0.1025404914121863,9.56436175984966,9.941922146728675,0.722999691194859,0.1311656783094058,0,9705699.680835675,kebumen_0414,6.467765850304642,0.987517211455606,0.7445204463578086
-15.268338582240116,1.4913035259476428,-9.090395371547393,1.6916413771562635,71.7396045211088,57.84504772367932,57.40499131784758,76976.59565114975,1073,0.0179918877233114,250.794353320104,0.0443602872422136,0.0151642006685129,-0.212526609168089,0.0983384392951036,7.14513666250935e-05,0.0004055330352755,0.1223530127548409,0.659546690290731,0.0166448587603727,0.0880512868377135,kebumen,7.92690413501764,4.984710590510519,3.521972059600204,0.3115059055100114,-0.2498214823181554,0.0948934303184306,6.913707398198426,6.047513058146778,0.761583500145641,0.1052340351764992,0,4278405.736792907,kebumen_0415,6.177943210692658,1.0252441636830762,0.8001855000602439
-14.810457576029815,1.6467512803621605,-8.10864828627375,1.7004851734707502,79.07189527770879,68.09619008808235,67.91456459155044,262044.2609503269,3314,0.0505306419978969,639.0468044357351,0.0506010952856639,0.0177992077395171,-0.1852400260737091,0.115847833838506,0.0002146167908215,0.0006800726087718,0.4232709482841292,1.2624643376768063,0.0504388543216905,0.1455026816048488,kebumen,10.373276648072826,9.703678315900962,3.600448373025904,0.3459106885175868,-0.2267160300215235,0.1123364715090883,11.410401234786796,10.432444693877978,0.7082651879962015,0.1508556594276821,0,5185848.637372019,kebumen_0416,6.701809289756028,0.94991757920147,0.8588963797190818
-15.149463900076096,1.4432859852893067,-9.07980215047296,1.7202450238581446,82.80543310678021,73.90296440124511,57.76166197711928,60696.3824672699,733,0.018401034803945,222.2201383841123,0.0431167585274814,0.0111839195851134,-0.2162738295293865,0.0838528752946062,7.07589036884937e-05,0.0004003055236365,0.1356692300918058,0.7345403069330255,0.0165913223935731,0.0884618763539423,kebumen,9.577596515399112,5.263063182505916,3.6357434746824016,0.2470620200126623,-0.2511814815113289,0.0842118532726685,8.522628612705248,7.874483984604364,0.7702002121489799,0.0801847430431682,0,3298530.931220076,kebumen_0417,6.069661749603175,0.9795165161456298,0.6975588413701526
-14.969135562477314,1.3777018326794863,-8.7355924872322,1.5706797586255767,79.110228011908,74.19242033666494,55.52956345143711,177365.13120269775,2242,0.0252313497611431,318.9391611580892,0.0449006914545283,0.013701941365525,-0.2280419454120894,0.100485380704617,0.0001019591140203,0.0004879131714047,0.1782930165330294,0.8000923447595808,0.0232431578657503,0.1024670453875012,kebumen,8.015607464091786,5.194190002845732,3.5248192960501674,0.3325958927494949,-0.2648629963787731,0.09827510271877,7.950755439803236,7.600165128735217,0.7652511450495816,0.1054289896780074,1,7029553.824181233,kebumen_0418,6.233543075245128,0.9069746369683028,0.7019264745777065
-15.364083349260072,1.902164736267663,-9.204672526546508,1.977333080296282,91.56312206426024,83.19666812294408,59.03602724413272,70869.85647773743,774,0.0175738206102456,191.93120782744927,0.0479698211381104,0.0176993455240265,-0.1947783172775804,0.1044174753223094,7.235163532882953e-05,0.0004057489903074,0.1471405059080496,0.7740950627644106,0.0176306202547113,0.0926283154676741,kebumen,10.179731206757156,14.679956471070788,3.47248279607817,0.398941033676525,-0.2319206064567313,0.1039578059579578,9.593082833689031,12.498896814740103,0.7263459259182034,0.1638202872451495,0,4032694.8845955497,kebumen_0419,6.1594108227135775,1.0296668568059608,0.644757691887138
-14.92625622679683,1.6863010646887302,-8.511496304563707,1.8655224216732105,91.8483403707644,72.01657469595226,91.0328336721826,268197.15388263203,2920,0.0645531694321132,702.8234715132722,0.0551009893833813,0.0241423101823867,-0.1600662295218582,0.1444389867729293,0.0002353909504624,0.0007174979273033,0.4161246333969669,1.1994310432694484,0.0603917825931136,0.1709353595255449,kebumen,8.80576458031435,5.989197140096036,3.537475395699288,0.3783134292839106,-0.1984190803021391,0.1440119759391734,9.593391997296754,10.05254808856097,0.6710556737151623,0.1784550693066043,0,4154670.579957799,kebumen_0420,6.41475992223309,1.1425826186030448,0.9911211602159621
-15.083834687265284,2.2473135379420266,-8.905184651643951,2.583776645628415,89.73316296380663,81.97122309758113,59.60400913092364,141329.73166799545,1575,0.0217283816064944,242.14438551841167,0.0393016324531724,0.0117280478756547,-0.2725691986665853,0.0827025601088216,9.954069163334327e-05,0.0004721540308808,0.2834903754527737,1.216162924622778,0.0220819394797736,0.0936132685532964,kebumen,8.170124710990606,5.302164621783625,3.483961126062515,0.3382066430432714,-0.3069742396379737,0.0768180057769071,7.246228351425936,6.731022330120632,0.7927628105466064,0.0941819717033137,0,6504383.7239011405,kebumen_0421,6.178650035621278,0.9835776619258976,0.6642361325763652
-14.982834808585752,1.6302005589053117,-9.479404934307748,1.9646736900062367,75.98749975384217,61.934456961495535,62.42945622066184,43540.83735895157,573,0.0104441588470361,137.44574937811473,0.0375913686246367,0.0089501484020042,-0.2700577623742478,0.0785758589146665,4.551996635412078e-05,0.0003382042162979,0.0808346725671378,0.563124713092753,0.0093862656599791,0.0654693296718925,kebumen,10.241544222525189,12.491054394167843,3.4650809376868734,0.3631638057166626,-0.3037903375786522,0.0827190516538134,8.361524864352868,12.072261729529515,0.7928989724946306,0.0746927048306969,0,4168917.573606957,kebumen_0422,5.503429874277845,1.0307082671551893,0.8215753436143977
-15.599544140562395,1.5615194522500002,-9.358985765069182,1.7315941059099975,80.05431741784842,70.15396800794099,65.29546326977521,101989.2003903389,1274,0.0277489799026963,346.62690030643574,0.0484581032354922,0.014020249875619,-0.1799179084861203,0.0913494022476027,0.0001142304182947,0.0005068751919033,0.2041888573248398,0.8628786859513756,0.0263345565146738,0.1094399135353782,kebumen,8.889167032107332,6.29257396430812,3.543725185785059,0.3596162686092941,-0.220183003038499,0.0885574860476307,9.28294292421395,10.035871032915384,0.7373358998948282,0.0958812634297177,0,3675421.610018494,kebumen_0423,6.240558375493155,0.9140191903131436,0.8156394979793723
-15.175987664374764,1.7370150239800488,-9.25782079100715,1.9898361161449667,78.75394596786143,74.94809957650992,53.04953140525679,84266.72218561172,1070,0.0190855183732949,242.3436456261315,0.0435712809770289,0.0123081825274104,-0.2285930233699061,0.1029477304452696,7.873047311779826e-05,0.0004242866672824,0.1534635613705614,0.7667849349687302,0.0180986635919759,0.0899931694649841,kebumen,9.030579629644972,5.196853407830761,3.560136523183336,0.3135902392985678,-0.264332820065625,0.099847975810715,7.910967199306381,6.542609692964041,0.7621009418736898,0.1033813081717423,0,4415217.891253113,kebumen_0424,5.918166873367506,1.04389666430659,0.6736110902545213
-16.332109861463294,1.771044054149174,-9.775596616535504,1.892829785583117,103.0921864172104,93.84998982747396,78.49709345581597,123813.7158870697,1201,0.0338131421766165,327.98937874666774,0.0556949556761907,0.0169997967227055,-0.1225182838461296,0.1056771790502264,0.00013350578168,0.0005356237777776,0.2318311775559412,0.8893025862395539,0.0344785052684429,0.1293450010904954,kebumen,8.945123628447657,8.811401996761312,3.5140866247775806,0.4008632128003354,-0.1675078007008866,0.1039063824460658,10.547794009994425,11.666705284532464,0.6719278465347396,0.1333368178986855,0,3661703.938674269,kebumen_0425,6.5565132449277925,0.9122643352259544,0.7614262165140337
-15.810055524989226,1.598872731155622,-9.564028964387877,1.8128907746833127,74.72965369758606,61.10537948608398,60.06498750837377,93412.06712198256,1250,0.021585118036843,288.8427413860778,0.0487931577832759,0.015683730242891,-0.1777311048675393,0.1053895655462381,8.640840171473917e-05,0.0004371565481708,0.1495103009326389,0.7279635456293356,0.0203429734205942,0.097208741476811,kebumen,8.753692582962403,5.98458528310248,3.547749895392325,0.3482594726365235,-0.2193733554503252,0.1027175667140965,8.310706027681354,8.148811313912546,0.7290819044826331,0.1041294573284431,0,4327614.37591123,kebumen_0426,6.246026560601496,0.9902336769875056,0.8037637609220449
-16.070064249487928,1.6825654101536218,-9.437949315524657,1.817041187963768,97.89014054429498,87.93556286961899,114.5988817068643,165238.55723876992,1688,0.0228248640160584,233.1681606456603,0.0506192478951353,0.0146871972360411,-0.1617852710194514,0.1019723438732391,9.785133984833466e-05,0.0004660904440882,0.1761041077048974,0.8138491915893411,0.0244866939102812,0.1114376697984715,kebumen,7.968674489391907,6.465812439816303,3.515893639936962,0.3179851937843897,-0.2016963051095925,0.100112667905355,8.191559372604093,9.90473501124775,0.7198913441635073,0.1128493218144831,0,7239410.369433804,kebumen_0427,6.632114933963203,0.9600419063825713,1.1706887033736424
-15.663032688288364,1.6780491691421895,-9.154127729793654,1.8745514022515128,78.71306466275854,62.23307757907443,62.91529922415309,96187.36501789092,1222,0.0234733602296439,298.2142841244225,0.0463029167881813,0.0142704920082235,-0.1965580332680118,0.1013854292119575,9.238756514562204e-05,0.0004630436646651,0.1687141046782813,0.8055832520861298,0.0220379480307329,0.1042121665723961,kebumen,8.791520723319188,6.343986041353691,3.565364795773594,0.3081871238876028,-0.2334414546295236,0.0994471890008505,8.859036230387854,10.024617769666136,0.7525415189360425,0.1071841422489706,0,4097724.572744312,kebumen_0428,6.508904958494628,0.9743860279111074,0.7992993220847131
-15.91542451138072,2.0634280661480138,-9.568525551431811,2.31845942819684,86.07666312417258,79.0849117702908,61.69365234385178,63352.42405939102,736,0.0173049408146697,201.0410276906996,0.0462016852051831,0.0150323172092383,-0.2121824868405449,0.1264967699010433,7.102131996366323e-05,0.0004191991076653,0.1100121812752336,0.6398948357367515,0.015183454767105,0.0873135360931665,kebumen,9.149228427382232,6.010921950279936,3.5671341344924468,0.336783591548535,-0.2503782087167164,0.1236093806125303,8.87211108755884,8.925739896229542,0.7518100548046774,0.1268042850560549,0,3660944.2781616286,kebumen_0429,6.34689895994889,1.0518216173654833,0.7167291354551427
-16.868926943602798,4.681060140214881,-11.07199414855116,4.778653111634715,78.7039001381384,70.18321189233812,59.95012254812072,141194.79684782028,1794,0.0134554641635763,170.96311796441802,0.0394441135995491,0.0119246007199512,-0.2253368883309131,0.1051382958768883,5.9190613156353166e-05,0.0003836884735781,0.1091562556750682,0.6610128363187543,0.0126798147394757,0.0763420894842073,kebumen,18.582217788733573,26.42740606960036,3.595113241724156,0.4177414024329494,-0.2411951047315154,0.1351752737047513,14.82902180400992,22.1716753824758,0.6297007653913043,0.331202440012398,0,10493491.352757027,kebumen_0430,5.796932795051637,1.0650112261597051,0.761717302991317
-15.80092717931149,1.7537808575758025,-9.352971980868082,1.988442876910525,95.35385601432532,85.93556146060719,70.02638463955215,113661.79636907578,1192,0.025581279049133,268.27734208556734,0.0504603743907715,0.0152501385291122,-0.1637195924110778,0.1208106444338204,9.523373315546428e-05,0.0004652977874995,0.1708006744582476,0.7944732783358425,0.0236318016178372,0.1095834962839874,kebumen,8.294870682232697,6.493750777728629,3.525517093299026,0.3667521169937484,-0.204796369826213,0.1168692692371551,9.180981787818196,10.206077681772452,0.7135931968637255,0.1266217729835314,0,4443163.148753019,kebumen_0431,6.447955198443427,1.0138487575362047,0.7343844031753877
-15.432971832744576,1.56669087304294,-9.394099298541722,1.880498000614041,77.62780443725795,69.69265577528212,58.39744097185598,85080.07366323471,1096,0.0221307470508933,285.08789101178814,0.0432811123163325,0.0132644590820881,-0.2271549268907657,0.0938992258277456,8.988270102093067e-05,0.000448809357987,0.1687164224715902,0.8035009166156589,0.0209719892448603,0.0967587457019034,kebumen,9.30372050462571,6.588040646176443,3.530421955435762,0.3685471120199548,-0.2668519845404025,0.0926107458764335,8.73265795560297,9.087630963119963,0.7676452491505609,0.0843106556147042,0,3844428.453661265,kebumen_0432,6.038872534202884,1.0172424580654276,0.7522747988970272
-14.555062727141353,1.4396676292872443,-8.13867309669551,1.6091076738331562,80.25113613570566,74.17510454842214,55.57162244063574,262902.72198057175,3276,0.0260101333385992,324.1092225113899,0.0392445258950546,0.0108547006000362,-0.2589292078686513,0.0814406599700028,0.0001221097498244,0.0005222595122599,0.2750440959855845,1.0494903130448812,0.0273135540113543,0.1047536401385572,kebumen,8.414522538222279,5.4974861925974245,3.4985852719363293,0.3533578816566196,-0.2962751961377565,0.0758904335456526,8.422564719058087,7.462018574015497,0.7876991454049157,0.0945768467102882,0,10107703.738312704,kebumen_0433,6.416389630445839,0.8825598661070392,0.6924714728856105
-15.673125826886006,2.104612915251574,-9.328466441159277,2.365869219617833,97.64764100413592,89.96273223876953,60.44773535685503,127527.81915140152,1306,0.0284692010244911,291.5503204351378,0.0493393711036921,0.0154994467594633,-0.1687071055332047,0.1131083044068034,0.0001106917586787,0.000491509894024,0.2193581052229206,0.9250357529789504,0.0292514537300523,0.1217373209287395,kebumen,9.685908536500657,9.668005396521597,3.550621139498067,0.370989578202593,-0.208742475144689,0.1102932701037418,10.031132996703471,11.088238665369598,0.7163286012479604,0.1357198662332788,0,4479501.164844545,kebumen_0434,6.344659385726762,1.0384450496952604,0.6190393821627983
-15.79166274551551,2.0290076857925774,-9.247816056553884,2.236209762894365,96.76146238919758,84.0739254951477,73.23336199585444,80021.7293958664,827,0.0366513703531577,378.7806575900767,0.0565945216737455,0.0182815866787883,-0.1473753797185295,0.1177646737002063,0.0001486823510751,0.0005751451600749,0.2559051373584108,0.957959728970416,0.0353457715084883,0.1292216909933229,kebumen,9.591754901042789,7.440056372579683,3.547193450469448,0.3901217027106557,-0.1919499161642688,0.1151782056999432,10.739639202234656,11.214224983566403,0.6813275256183179,0.1439588217973868,0,2183321.6227608817,kebumen_0435,6.543846688961615,0.9651042962877724,0.7568443075125556
-14.96803421672246,1.4651773004019115,-8.5728378031235,1.6100313695988977,88.1648040077823,76.11111560352346,71.82111295950669,238485.7948410511,2705,0.0172805037638346,196.0022931861711,0.04242641060454,0.0126792369454349,-0.2507513186489351,0.102677968477126,6.997165769789717e-05,0.0004080280590162,0.1301608850435776,0.7357246889361729,0.0160636070511189,0.0896050941407704,kebumen,7.247644942785689,5.523094049929076,3.466258869126408,0.3333009124640028,-0.2916735167753085,0.1004959001036771,7.281656893870072,9.026561277329318,0.7811814403635665,0.1065000316876988,0,13800858.939087406,kebumen_0436,6.395196413598874,0.9061141300546948,0.8146234063330652
-15.650992197590984,1.6516436609052796,-9.382085236951724,1.991091304528996,72.19906016025554,62.16533634879372,60.98560744502699,130174.90546894072,1803,0.0253716391746847,351.41231919597004,0.0477027992417679,0.0164807670350662,-0.1733974746846003,0.1097112979341098,0.0001016215209489,0.0004850867468368,0.1708947086663937,0.791845221489508,0.0232165072068398,0.1047402180895654,kebumen,8.853460076701918,6.402059829757945,3.5438613969946946,0.3622479833482596,-0.2130842411853367,0.1107995771175943,8.858876629851727,9.368801117745388,0.7276237560254579,0.1070473229702968,0,5130725.081366688,kebumen_0437,6.268906960639196,1.1672931626993162,0.8446869988288105
-15.260495109507849,1.7355865754285098,-8.886901741108792,1.7985126380003789,89.00832835802665,81.16922844780817,58.21341675181419,92568.66149234772,1040,0.0244100751338013,274.2448440960986,0.0485505859885366,0.0178563275298803,-0.1733715642022171,0.1098284808340204,0.0001003296254023,0.0004761793205523,0.1791736106670208,0.8131916914368968,0.0244353092153532,0.1093430199988057,kebumen,10.602647278717356,13.05629639442714,3.5520554756810228,0.3488579003774906,-0.2122787886689142,0.10842482592493,10.725166708084236,14.373903144792743,0.7198810342165901,0.165896706973465,0,3792231.731567475,kebumen_0438,6.373593368399164,1.0154229442252067,0.6540221328239851
-14.532565570700251,1.7888661753767816,-8.089854718779677,2.0736705981363754,83.65357379938305,74.02495620364235,58.029752992525474,207628.1701700688,2482,0.0226327295066757,270.55304966352384,0.0383398019943966,0.0126989595611635,-0.2706813529958281,0.0900853902792999,0.0001092910624972,0.000497820901155,0.283448781493731,1.1796506890125118,0.0239932262485427,0.0979442409021606,kebumen,8.0451123654556,5.926250820330557,3.423924511683325,0.3869966276379373,-0.3068233703973366,0.0836359214477531,7.80996155804438,8.140386514280422,0.7918489514317215,0.1068249528892968,0,9173801.600413544,kebumen_0439,6.442710851920666,0.9802105800206656,0.6936912597624544
-15.34106935804243,1.9210928322099967,-9.174883397879505,2.1244253416194043,80.28527683945575,70.3043862704573,60.17406040123615,119384.20666027069,1487,0.01524023955036303,189.82608207029688,0.042961895835230364,0.014536775570817713,-0.22371996521376875,0.10238095197048482,6.277364616529895e-05,0.00036931291450341663,0.1564180758135751,0.8571362445119769,0.015307951607643092,0.08164055906261884,kebumen,11.231167530604631,11.39411648700743,3.597831690758884,0.3040004875305641,-0.26003388594116816,0.10011185562461855,10.065685685028633,10.81088246508919,0.7581243561688341,0.14445181713682437,0,7833486.230039402,kebumen_0440,6.166185960162931,0.9635109846233819,0.749503056725638
-16.036866555663288,2.1242049739868425,-9.674759832080925,2.491960538950947,83.85639444638056,70.0370785522461,71.03941163691523,179536.54050970078,2141,0.04511180950176123,537.9650508418487,0.057241584282636766,0.023783753182298212,-0.15673997387348748,0.13175306089854275,0.00018383192082439974,0.0006410767017175707,0.34244394710418424,1.2146113175553246,0.04396737419316251,0.14486215390953966,kebumen,12.97878505726427,14.441501741762302,3.6232962641405857,0.37322507399969557,-0.19922508680333334,0.13282755759444703,13.308740879705146,14.982618123088933,0.6657981547758366,0.20374727736680867,0,3979812.436978202,kebumen_0441,6.362106723582362,1.2547572712300716,0.8471555700184467
-15.47429019902972,1.5720950034554713,-9.156014967079711,1.782779652815617,79.34046677996878,69.95487573797053,62.49226472681191,120518.16903877258,1519,0.015321458699803255,193.1102666977438,0.047057662861783374,0.014341714831961337,-0.18879575035595456,0.08853841777572144,7.034302699196307e-05,0.0003993049373427539,0.13121552034009065,0.7166765006030233,0.016461369431939918,0.08737504387673299,kebumen,8.868857526624886,7.790400370800619,3.53291713931292,0.3290692726453377,-0.22749404599813786,0.0865075218282017,8.107318989362872,8.5530065780063,0.7450357391831022,0.1023259055651957,0,7865972.254999465,kebumen_0443,6.318275231950001,1.0000517173960255,0.7876467994588284
-16.13212887174406,1.999676615996089,-9.964524809623152,2.3133882640033336,84.40155433344118,73.91766548156738,68.7056754819506,100269.04654812813,1188,0.016620573113418843,196.92259514270012,0.047634577664499626,0.016794728097206953,-0.1985554229152971,0.1098574848883045,6.595385713195167e-05,0.0003951289145008629,0.10470490558995367,0.6281534243228218,0.014687999231266994,0.0849992038506839,kebumen,9.131055545433309,8.842094293813268,3.532569988657831,0.3344585646686506,-0.24075323438581778,0.10800145557406637,8.610616694297173,9.699370111047942,0.7293222293518872,0.13160089087120838,0,6032827.259559092,kebumen_0444,6.167604062120908,1.0960972359081336,0.8140332962414221
-15.124329944671008,1.6852034072611943,-9.264074985367921,2.0131220734794426,81.95087390237461,74.05828271261076,58.32250371721889,309692.35247707367,3779,0.016438043166469605,200.58411074483115,0.040606867077072346,0.012243967774293246,-0.24352503504550232,0.0925151618672451,6.679637362792289e-05,0.0003900025037330131,0.12860304847494144,0.699620709174954,0.01585291698028314,0.08494242509841665,kebumen,9.399266558427339,7.288349524732716,3.5274160791207887,0.3580773709091407,-0.27923829083406676,0.09214195562816549,8.043318228765685,8.125329993204057,0.782612563693664,0.08601344717516768,0,18839976.8354901,kebumen_0445,5.860254959303092,1.0421625049894923,0.7116764097805299
-15.793663171149879,1.718413342919926,-10.045493140121756,2.063727695155512,81.42905268168582,66.53759288787842,70.84193572492502,73693.29267692566,905,0.012578754872185221,154.47502405998523,0.03991618327099018,0.013155413778035958,-0.2346179754768251,0.08882839630406851,4.3264503495131626e-05,0.00030078854456765895,0.10074148470479606,0.6994998531610166,0.011467237469230465,0.07263217549659282,kebumen,9.428636610365848,6.372962756316378,3.552123695088134,0.3181951730201032,-0.271410825786276,0.0891419379698703,7.894189751514117,7.660667912121163,0.7782823864966185,0.07505460274956863,0,5858552.251453758,kebumen_0446,5.748170031028114,1.066837580522814,0.869983542628859
-14.920212458197993,1.7133564290101173,-8.61438870559337,1.8999648916305707,70.60691926390018,62.13001113467746,51.93785948993658,147003.6059074402,2082,0.027077084071889218,383.4905184106107,0.045617477202046654,0.014744949031219529,-0.18511343225654797,0.09080408391320256,0.00011879884843491195,0.0005229780797502227,0.2018928448779126,0.8586773850471345,0.02620161540315065,0.10900320517346991,kebumen,9.03912799273895,5.978322490622641,3.5714336635450317,0.3265979632788093,-0.22170596845873622,0.09055396854127025,8.796934819258293,8.879343739873086,0.7518221982580502,0.10077056979445807,0,5429078.165032394,kebumen_0447,6.305823752604622,1.022932042167017,0.7355916393379778
-16.121847348935155,1.8448953440140667,-9.90626897353755,2.1459513058855646,82.67512825754403,65.95480782645089,71.54272592675488,58533.99080634117,708,0.011082620391523587,134.05023524124147,0.05040268855126328,0.016550653561552203,-0.1752770091532847,0.11130138847235155,4.17267792531239e-05,0.0003046482156414567,0.08368608213245733,0.61233040356429,0.01012945516820009,0.07111756377432119,kebumen,9.242860771362027,7.250102498306165,3.5930425385139486,0.3237403761724065,-0.2178036625838376,0.10724189003108255,9.35379738618308,9.225885414133339,0.7159314289831997,0.12871050866448325,0,5281602.070491399,kebumen_0449,6.215578375397613,1.0447224858610975,0.8653476255142872
-15.175844169747082,1.669601631333724,-9.256952512773985,1.94901383244721,79.41090946407108,69.03796352039684,55.90303204906635,158980.6407470703,2002,0.012105359895517533,152.4395070805041,0.03897718338750685,0.010765835591148578,-0.2363484892845554,0.0857620632345718,4.8597370640517785e-05,0.0003312169875559871,0.11280968641901519,0.7070109062842401,0.011580618216274619,0.07200129690222226,kebumen,10.24454284009937,6.854806729736627,3.612148346331225,0.2978186939792803,-0.27221792689017527,0.08409763147773473,8.522932845359742,7.265438212867092,0.7845578399295596,0.0797256759777486,0,13133078.414788717,kebumen_0450,5.9188916569731,0.9394669921974534,0.7039716888566714
-15.202770078513963,1.8671045641765898,-9.258927793490457,2.0126168897634344,85.30475449397646,77.63405895233154,51.07648469536453,61845.947008132935,725,0.011462390723092193,134.3698928750985,0.04060162774620439,0.013897224694381287,-0.23179595795594912,0.09383257183572458,5.4370081954230975e-05,0.0003549685908559392,0.10306235302396716,0.6489674723300298,0.012305507438019095,0.0760192084724049,kebumen,10.624842572625534,12.62234406613421,3.4774881028768485,0.38278585520184033,-0.264441082111146,0.09320894184969392,9.483625057915896,13.090073712382342,0.7847313659294844,0.12916647163706002,0,5395553.903387516,kebumen_0451,5.943842285023501,0.9520434165678032,0.5987530823850051
-16.26237119957297,1.747695356678047,-9.444329362664323,2.107256296021029,82.13230044345565,71.84676280166164,60.575810993159834,129440.50549888611,1576,0.05803415796531605,706.5936014451455,0.06882875854637302,0.014189468339823066,-0.048186243044430775,0.09910688790287732,0.00020978142227643908,0.0006820786602018009,0.3901182265982545,1.1798488718822107,0.051546593860775515,0.15715680441860178,kebumen,12.55079350487336,19.92625329187565,3.3643964445700196,0.5407575284249246,-0.09913454313070993,0.10975062360883255,12.339781662467207,16.188605022002765,0.5146462682282043,0.16043785223166002,0,2230419.2916221144,kebumen_0452,6.8180418369086375,1.0567781475328115,0.7375394414389199
-15.613595969174268,2.095246031076729,-9.7755901208597,2.3210903093471926,83.41643259194079,73.72684703153722,54.85881247306437,133299.4592819214,1598,0.016015203502846034,191.9909903266869,0.04123994289763558,0.015944889374479014,-0.23574235688413353,0.11105845681015487,6.455781824730575e-05,0.0003940682441137287,0.12083776593680415,0.7152538168413857,0.014724700891660123,0.08551994397741061,kebumen,9.310914347329335,8.37620106272878,3.478302281687594,0.37732810311014936,-0.2734269539740197,0.10908951036250315,8.37771120457051,10.045982549724002,0.7697205663302095,0.12632315768194005,0,8323307.241037115,kebumen_0453,5.838005848314575,1.065054281332239,0.6576499470005447
-15.059252056429221,1.7753485973676895,-8.799505008517585,2.0302753124662254,81.11196003804311,69.97830155316521,61.40159843394007,164495.0549571514,2028,0.015352266608512227,189.27253886247738,0.042238845892411225,0.013292011705870617,-0.20380443582169022,0.09441834986241755,6.169517162201552e-05,0.0003769533357225447,0.12700309264258408,0.7551363056854234,0.014153318976499416,0.08116563517661661,kebumen,10.346196494523518,6.497774479956449,3.668106614388788,0.26055778883504377,-0.2403891465179081,0.09168818522006258,9.550909471412103,8.635289281393371,0.7726302780842376,0.09455713860715116,0,10714708.07222338,kebumen_0454,6.259747047911631,0.9785296636163364,0.756998085179319
-15.522700270772276,1.8564877947448504,-9.321513098132245,1.98643400482446,92.77877813451904,82.0086456934611,73.81129226666823,65965.71125364304,711,0.014116569228657177,152.15299783523452,0.04245246511246413,0.01571168419051572,-0.24298525445312022,0.11186448076213706,4.7899985453489064e-05,0.0003292551874928954,0.09311153521320761,0.6328450007124147,0.011990236883736185,0.08012243361150533,kebumen,8.65163341678076,8.004567814861648,3.4516814187879565,0.3791483766220331,-0.28391325654127453,0.10615913681827653,8.110099437085179,10.388242924429562,0.7565639215097596,0.15498017153920124,0,4672927.974576862,kebumen_0455,6.201187172640024,1.1130933015972981,0.7955622368689741
-15.494280782999887,2.1804763264679132,-9.407853529545324,2.451065577287984,80.47323198023663,76.12950308848235,59.46587774680569,269424.38066983223,3348,0.01885855922480983,234.34574156834276,0.04226075329081981,0.016232923298293477,-0.2342844317152183,0.11203332899283387,7.874454594558151e-05,0.0004313766642484859,0.15417843232477355,0.8334158388539592,0.017781848557899767,0.09176815664413,kebumen,9.101446908349681,8.018320222912195,3.5117330251835535,0.3526506681359322,-0.27518556694323404,0.10810525827583274,8.740137941012318,10.283972331802834,0.7609388047849086,0.1281833457089111,0,14286583.479579104,kebumen_0456,6.086427253454571,1.1278748553429467,0.7389522737375562
-14.950523888558434,1.9152622208394356,-8.948285510705444,2.1171349475118713,91.0826244461069,78.03338246405879,60.45505822094515,146369.7774848938,1607,0.008786848985330952,96.4711879874529,0.04103167434627644,0.012079122763892695,-0.21758821038652987,0.09033415073898064,3.8455191596785844e-05,0.0003010546436671758,0.07698228257910524,0.5878807550565162,0.008948475432464853,0.06609838465036401,kebumen,9.265061981121521,8.36665005076363,3.537274328355199,0.33836141021808513,-0.2509802825750875,0.08835214281671559,8.334695995918505,9.261870021753026,0.7824508247247708,0.09660262661489334,0,16657823.26852871,kebumen_0457,6.002238377852997,0.9632179228735228,0.6637386503582369
-14.906701485631826,2.066391889669613,-8.941193096729071,2.3487801668795543,92.66415957721938,75.97194410051618,91.05847241769699,134641.02386569977,1453,0.015449262896757672,166.72317503601175,0.03664782475510564,0.014335581460655947,-0.28941152607952203,0.09909740178150268,5.587288670849442e-05,0.0003566868978334691,0.11612151712633623,0.7135274229319545,0.014184780883351308,0.0848515642905539,kebumen,8.165559842759423,6.769027915363248,3.439458969808662,0.34964753550990335,-0.32458727915781826,0.09663353183865302,6.689171372139975,7.865724066429664,0.8071864786461642,0.1238864801863579,0,8715045.162054742,kebumen_0458,5.965508388902755,1.0465131452828003,0.9826719719161287
-14.925289744171856,1.9922482662411292,-8.93519975374199,2.292705940628089,93.39225804612444,85.45356830797698,57.614226656138165,69110.27095413208,740,0.005573776168664003,59.681351380445626,0.03267852356565199,0.007280547406915869,-0.32677868909984603,0.06360868608542214,2.4006166223924684e-05,0.00023948476029814412,0.05362571455228764,0.504251603250419,0.00546824747236343,0.05035339020391327,kebumen,6.778076985440736,5.234386943058241,3.368944354248676,0.3258857513527895,-0.3578568345832346,0.06367588347508797,5.420916146756202,6.43692095678753,0.8494000862742636,0.05272859499313887,0,12399183.042669142,kebumen_0459,5.990089990429871,0.9123152701950082,0.6169058106260128
-14.571278181443082,2.286141583969465,-7.92317617667946,2.6757142853247955,96.92105674966807,72.16457894021404,112.13297482410914,365392.3839462486,3770,0.0635259214369282,655.4398349267458,0.08249978146342171,0.03713949751932246,-0.10754224830828468,0.13475169375777254,0.00026834880372782546,0.0007852755780033789,0.4634565512296709,1.391143296315535,0.06847131251541326,0.18336417171748462,samarinda,9.571668388307788,9.134460817938002,3.5272658951795464,0.4776612737403056,-0.1419519062170076,0.1428690775712957,12.825117305649464,13.126501294052073,0.5977266052284168,0.2189975499620068,0,5751862.793663355,samarinda_0000,6.648102004763632,1.6229051449374416,1.156951632437635
-15.122103839199486,3.9628532769933096,-8.531776262458767,4.2735164669443435,103.55141861779873,88.153180397163,129.7632998185469,409235.2063775406,3952,0.07494894154733389,723.7847877677596,0.07832772513428878,0.034776276752219434,-0.11313859737140188,0.14773542345697238,0.00028543948075648986,0.000804227184135212,0.473238752637582,1.3447380466284007,0.06997999598840972,0.18628249685607173,samarinda,11.39266480389701,16.845188571985428,3.4248167411593724,0.59952593789754,-0.17270626286255802,0.1597946368957454,13.233783944104411,17.316343984956376,0.5595784999991308,0.34675742138730353,1,5460186.600755245,samarinda_0001,6.590327576740715,1.63649567088592,1.253129136718971
-15.557775650940727,4.2311327025346035,-8.877866131903502,4.570641503519777,106.20642731384659,58.46968610061536,277.3259840915336,1239853.8324618451,11674,0.1019926902953555,960.3250281073929,0.09218783790417626,0.037671961318772346,-0.06550051096889599,0.1430741939189956,0.0003980088338686317,0.0008730909767257329,0.6819255261975262,1.6276725197934947,0.10532249187863264,0.21340382629172214,samarinda,15.050740633839608,15.903002649797271,3.654661973255376,0.46093250387723494,-0.15938051017540977,0.19333659799658165,18.348602497471617,18.25559701640387,0.44317808320326335,0.37097088588626037,0,12156300.896382032,samarinda_0002,6.679909519037223,1.8354574232551346,2.611197750509186
-15.175110556918735,3.1601423060504454,-8.853786928711196,3.2698356954965013,110.50221790054773,93.20938694831169,336.44755413284327,633177.7085701386,5730,0.010860551267562135,98.28355913486422,0.07340537581279273,0.035889983454005514,-0.14132786193080912,0.13915109309902468,3.891663850920576e-05,0.00029734211707770997,0.08282551799150667,0.6968890847001311,0.011564189033627452,0.07921485836791052,samarinda,11.34518445092534,19.102488719154106,3.393516024710599,0.49451360344334866,-0.17860494956809625,0.14903268685083274,11.90475278659933,17.134554711772196,0.6114731277364164,0.2833832332659723,0,58300696.98775685,samarinda_0003,6.321323628207545,1.2161348806374606,3.0447131335920052
-14.182472623261788,1.162049176030655,-7.763632812828184,1.3372707186771775,115.22636454797154,101.92240323518452,83.30399491253739,174337.48956108093,1513,0.038175142452527976,331.3056226523118,0.07405755240644896,0.022645306561692734,-0.1860083048585121,0.11784666290281795,0.00016350831815871406,0.0005705199900479843,0.2586086890553709,0.8853117153350788,0.045972010058297895,0.14974369973440058,samarinda,6.595503333473854,7.049081783705982,3.2464576831023004,0.5753159774362946,-0.2218901261284873,0.12341669312404725,7.636649510190738,8.031738456594553,0.6739421646755444,0.16122091789724077,0,4566780.3277453445,samarinda_0004,6.418839810433605,1.101399684468822,0.7229595001051683
-16.425830072792873,4.9163217879258125,-9.650906129904731,5.584031629578649,130.55911817913582,56.20009388145088,472.4666018556698,351465.1461382336,2692,0.062458590969476396,478.39317422302935,0.07964426880298726,0.03132176461229253,-0.09673193594365076,0.1675155254442732,0.00017167276853087164,0.0006091460231302689,0.5211531218726706,1.7651711875870937,0.06260647056070336,0.18602433786379408,samarinda,12.655825529374814,19.98138619335612,3.294781925907994,0.643918546982361,-0.22007013661362732,0.18843163166580115,15.396197442251436,26.282708488761827,0.44547835608680897,0.4636188428930013,0,5627170.589070687,samarinda_0005,6.774923942888139,1.9384229924668446,3.618794370282236
-14.78046850303561,3.3060443595836544,-8.105896472716175,3.7320324721363436,98.3143674268554,79.0458571446255,150.49033333448722,941851.6399492747,9580,0.11004733022481276,1119.3412835279294,0.08606699859800047,0.03751831756030086,-0.0943200096003447,0.14771112679733134,0.0003756287769622826,0.0009116583597207639,0.6684583280340076,1.6749869446321657,0.09711259268434974,0.21416309760266242,samarinda,14.175410590759132,20.34987900864449,3.5726845346288307,0.4918195059751068,-0.15436105103371422,0.17464111835339252,17.389929334582558,24.56510603587598,0.5274651446314279,0.33840219036442354,0,8558605.08405966,samarinda_0006,6.67457203031942,1.8510663855481166,1.530705402203295
-15.858497526689918,4.886875699522631,-9.132184334690821,5.18957978048077,133.72766181254585,59.5772244777478,619.28492391966,513113.03837473836,3837,0.04199816478905286,314.05742252432583,0.07706051901954121,0.031964493352381364,-0.10788063908232151,0.1497360145102272,0.00011270646271296395,0.000491239360331416,0.3135253779802278,1.310586549060006,0.040618268905760285,0.15192588583758074,samarinda,11.2687026109855,16.716467021009276,3.339775651263471,0.6166358892056125,-0.19688845909313224,0.1519995732520636,13.253926060250162,16.833754147258944,0.5113007539973,0.40749672819700644,0,12217510.954394968,samarinda_0007,6.72631319199909,1.7000534135135725,4.630941089718215
-14.755983243164868,3.023349363956571,-8.500493624313654,3.380451917378987,101.30318257230641,92.82562758773983,264.74897677074114,622102.8441765336,6141,0.025920416497243054,255.86971543309645,0.07809421799782768,0.03868447974328368,-0.12390806165801597,0.12703099731726308,0.0001021887249932054,0.0004677206082065055,0.2118924991137479,1.4255817886796929,0.027258121825273623,0.11377413534834677,samarinda,11.798769346607635,18.010904753071795,3.541451158536377,0.43722946086952524,-0.17200141124919927,0.13750696335982088,13.920648576557502,18.029914765161344,0.6058344821023371,0.2784891949575062,0,24000495.68041091,samarinda_0008,6.255489618851213,1.2557540480007465,2.6134319776357793
-16.68392923243477,5.119446014464265,-9.70993737779002,5.110862777337727,107.44731559518239,50.987314951148015,226.4729180641727,371015.5807501648,3453,0.02207235839192667,205.4249403036396,0.08239709403972541,0.027590307490364122,-0.09608942767332193,0.14719262517274162,7.476868997799847e-05,0.0003822265196245359,0.16092853451802436,0.9615833629472471,0.021517510514247072,0.09911007284541183,samarinda,13.245875906855133,21.749222865731447,3.3185064845707193,0.5719736382260175,-0.23965402860661142,0.16850445839896583,14.258228233293407,23.660247986545933,0.39980831646609,0.4592149955779237,0,16809059.28411664,samarinda_0009,6.973991854644761,1.942742132340214,2.1077578049267434
-14.652065338226388,3.878970946319212,-8.013662575502318,4.3807148169267265,113.11617534562264,71.60144607440846,159.2586570261646,366948.8728211998,3244,0.11725519933579873,1036.5909117553651,0.08868794708195962,0.04032254485489058,-0.08838636593526869,0.14408544845255855,0.00034631345220960077,0.0008391650940756266,0.7685119899861934,1.8374285847770946,0.102001292097208,0.21931889095640825,samarinda,13.69986493460868,12.74744150872649,3.622825820970127,0.46572107767217474,-0.1529725748806096,0.1560941892552697,16.98774351956474,15.661063050831975,0.4973567379456099,0.3428112252025859,0,3129489.139072813,samarinda_0010,6.638402762724055,1.9647204545358443,1.4079211619342253
-15.834287660862193,6.0086347603639565,-9.895117664571377,6.754966741099735,112.83130832392334,88.01541137695312,130.78685851206072,282078.27080980834,2500,0.19276613492405717,1708.4454464593446,0.10658997083183647,0.03488126022354737,0.004856766577533371,0.13671192407462548,0.0005849962963927921,0.0010296297751379154,1.0258479401855627,1.7898153083203052,0.15316586728387577,0.2517363001193739,samarinda,14.996303821577682,18.56758366863788,3.520243475169507,0.57109442524786,-0.13389571495578362,0.20817333662118365,16.25942118372273,19.688501742581792,0.199206483923797,0.41568436567576045,0,1463318.6006501447,samarinda_0011,5.939169996290822,2.1795014169063704,1.1591362402409573
-14.526976562835697,3.8095267090211107,-8.35363627452762,4.034658672256859,97.84876273210138,87.91169966473588,101.55785746265376,657152.2905087929,6716,0.08525300266462947,871.2731799996526,0.0880070832986183,0.036099919444538504,-0.1193376164713387,0.14456513824211387,0.0003317538839702991,0.0008673841484054502,0.5087860579765119,1.4046759664548867,0.08024079746694289,0.19292469305928017,samarinda,11.563372637617572,14.720422439042565,3.4244406304244546,0.5733750515555843,-0.19110715816854199,0.1586214110916027,13.651333165961923,16.410699191798358,0.5163219186838126,0.3504608278932325,1,7708259.767622684,samarinda_0012,6.1733402883080775,1.54727232172687,1.0379064039951884
-13.793100535241638,2.664213907737131,-7.252301026380259,2.982002820529464,97.31813794601504,72.14373286796459,96.62273378996308,1009481.044914014,10373,0.1406747036942841,1445.5137209090467,0.09230129549053503,0.0405485594131718,-0.11762635421507801,0.1412463194617458,0.00047927854263318077,0.0009987796402526577,0.7820701550401994,1.5992549039763142,0.11773669477739468,0.22705003792933792,samarinda,9.392460695878357,8.010162121868639,3.471562904897586,0.5320243474938284,-0.1442965520486772,0.15166201942874885,11.426434143278469,11.562050447311785,0.5858823550041014,0.2434578076863646,0,7175995.530140444,samarinda_0013,6.540799508861368,1.800907262757165,0.9928543211910023
-16.025610047011742,6.211083832202814,-9.21569867845846,7.486576861065927,110.64709411624274,91.9325219934637,87.76003239328911,365024.7634894848,3299,0.3849110813914892,3478.7274303572076,0.11880353223752367,0.02881873173097377,0.08189233798293413,0.08994401029014973,0.0011023483407054952,0.0012203349597644378,1.982305027515443,2.0290199926155092,0.3100166266505562,0.30460352801603474,samarinda,21.217432710153258,17.45286905578813,3.7427809606192532,0.5419747000244194,-0.027335505410325544,0.20457557296550347,22.551443662624887,19.882445370778917,0.07793248160454058,0.2933931954790702,0,948335.2938810866,samarinda_0014,6.809911368553304,4.2355515619411594,0.7931526181888778
-14.617695394110056,3.65389796974084,-7.794184883925651,4.473213102568452,105.27258155161877,79.53093764461434,127.82400872185167,1514451.3582015876,14386,0.13135835983818875,1247.7927101443715,0.09236293561664387,0.04037156537836699,-0.07485946803278484,0.1530283546663244,0.0004111011317553533,0.0009001676855907675,0.7401701640569616,1.6344460823513196,0.11632951080082518,0.23426299529643035,samarinda,12.858122506913343,16.144382583405676,3.54496484889017,0.5479301209674715,-0.13500446807169872,0.18787544015943367,16.08503451683659,18.469025538849603,0.4957499745697193,0.3436240814321115,0,11529158.555779284,samarinda_0015,6.82351051018441,2.212787515016312,1.2142193801828176
-14.499037077805273,6.802912277017466,-10.031251418363942,6.892517081626023,103.22549623610705,82.14512943577122,88.71109201895345,174451.08863902092,1690,0.4017816989085053,3892.271905281157,0.11198542088210532,0.02960015922009113,0.09818831266376697,0.09632779082454984,0.0012145111029714976,0.0013042355457594953,2.1113753617328337,2.1535518608830464,0.29712926954358054,0.2871535762696822,samarinda,20.15228231974925,17.610841850916056,3.7264926724786163,0.488527210649059,-0.0640705557206089,0.25242117297267547,22.573939369924602,23.324441551920888,0.04772156064117289,0.3438272729515284,0,434193.715425419,samarinda_0016,4.467785659441324,2.5674160073711843,0.8593912865872314
-16.71366467471716,5.59288485496069,-10.75968744605919,6.805094330920828,99.4319865912785,92.8486038136258,285.271128453742,383012.0123496048,3852,0.184184810892767,1852.3698178722946,0.09455715861526255,0.039108807275341585,-0.025231760252284928,0.1711344374448085,0.0005882680208718519,0.0011224325412959747,1.2285533494343948,2.2777655446297116,0.15543339243885657,0.2608129505618897,samarinda,16.421874392391686,16.787227867865933,3.545906983519445,0.5540746803751471,-0.15218135480340705,0.21455460745265698,18.526616428871073,19.67568710972656,0.26936483898801444,0.4604846011845798,1,2079498.3608751302,samarinda_0017,5.9539772286579815,2.306826473821495,2.8690076325877616
-13.661399771393498,5.766853979578505,-6.647666508959691,6.836691753787132,155.96508453459128,79.1703912615776,415.2480798897159,1161004.0892754975,7444,0.21283784557452518,1364.6505960590184,0.10454343138370442,0.04788856832138809,-0.013621408476294184,0.15355143901023463,0.0004908334459593402,0.0009556169769691079,1.7120127413816137,3.536707691273682,0.18935447975424222,0.29645598875628154,samarinda,15.903157416167794,18.527237407021524,3.6642047161575984,0.47366820009284616,-0.10628578320095576,0.2181102114533741,19.22749754571137,20.020664799986793,0.3426852350332032,0.3905933921308396,0,5454876.157675501,samarinda_0018,7.013733262433801,2.4913148919798207,2.662442566096379
-16.362308322313286,5.714400545450892,-10.602536433590348,6.870553793011302,101.30808102819189,94.51354491727508,152.3499863528667,691731.5772604942,6828,0.17558520159367685,1733.1806092034772,0.09784997364329973,0.03740207957298804,-0.0055549113755236825,0.14053443448188377,0.0005611335494285281,0.0010532133936446706,1.021110238424295,1.8418304209245122,0.14755275683401894,0.2517578209035191,samarinda,15.70867210333917,17.20456718292742,3.529953633847455,0.6191298563692543,-0.14011818411332838,0.1975450492549316,18.781559041822035,19.885167863487695,0.26011852628586657,0.3949249347062984,0,3939577.885733423,samarinda_0019,5.75977188872294,2.500398142776781,1.5038285673427267
-16.581953527447595,5.741057516722374,-10.231846264225004,7.112936942496101,118.26461129220759,94.62718954448012,222.0026026333917,485594.49396580434,4106,0.27398191304747044,2316.685524552373,0.11516523716026433,0.038666774251403184,0.054294903873548704,0.11448963636276831,0.0007919363970071089,0.0011342210773263412,1.6369595941335844,2.452165931693466,0.2257652844298573,0.2860554091338915,samarinda,18.080234731608236,16.687237987599257,3.652124501015108,0.5377887017363712,-0.09704530593066349,0.21506246565804427,20.093290564655817,19.328705291727374,0.12538510337196923,0.35764629611433235,1,1772359.673544106,samarinda_0020,6.350107263222583,2.7382209047874095,1.8771684970482743
-12.978514713881633,3.1496759828641303,-5.708191027485156,3.5900100251602804,87.42800913585663,55.78021420372857,130.335830224496,175730.2983630718,2010,0.25968007634296764,2970.216054439077,0.09221540662132152,0.04354966649032956,-0.042950026238136436,0.18267880121143532,0.0011146192631048336,0.0014034626002882612,2.1924475519981947,2.576074946135839,0.25957026693738366,0.2906142752920145,samarinda,20.01524304870065,25.375918733306698,3.7383131272872387,0.42520044292263126,-0.044877780713040445,0.21085885977307553,20.61904526984664,20.535635008021977,0.4600512974620788,0.3328749479078047,1,676718.4484764987,samarinda_0021,7.270323686396487,2.2795619325765,1.49077888782717
-14.607234801409575,5.028999798472095,-7.765241992871935,6.534449991863334,108.90914542733469,71.69839550276934,144.96939833897295,526575.7181411632,4835,0.24801074003927365,2277.226022352264,0.10517434163699972,0.04668723003636249,0.010867244878130154,0.14569663265111663,0.0008514304618159744,0.0012707982970411541,1.5858378230812422,2.385746697664929,0.20699365672635905,0.2829868786424437,samarinda,17.231736208844783,16.110324633421985,3.7575240491854074,0.38538614139692484,-0.06510238457050359,0.21156891327946756,20.306439034975824,18.248825441027,0.31076955421067376,0.35324147365802583,1,2123197.237578411,samarinda_0022,6.841992808537645,2.9164873673634766,1.3311039928754012
-15.929232669575848,6.554194760502686,-8.495407958533272,8.864347160320278,126.82331012204915,84.0711598582082,142.62903441635115,214965.51065687332,1695,0.36170303280252214,2852.023279115134,0.12255039548814192,0.0368000355529213,0.11805904440804504,0.08579852732860521,0.001009278312029147,0.0011827433609734423,2.340401698616383,2.675774733074384,0.2995676100352542,0.31299577637644976,samarinda,23.24747942719667,24.844208326421192,3.712981971837962,0.5319050914616249,-0.03841474126956205,0.2858939699298218,20.217140495469355,20.12791835975774,-0.015229294280477755,0.2845005584387253,0,594314.9245702823,samarinda_0023,7.433824711042606,4.268575349276641,1.1246279116914017
-14.410451516303478,2.061960388589024,-8.091652155214089,2.1970348646298876,106.78818866350626,79.63721874111988,131.31221041723163,573452.5731230286,5370,0.023255791066131792,217.77493707109966,0.07219033406656655,0.026751686572621457,-0.17899654139314905,0.1200655177441252,8.94810677939223e-05,0.00042071625127726203,0.15327156708085266,0.7247137705565392,0.025369663171350653,0.1118577139349008,samarinda,10.049982720126907,26.61887497822904,3.2413150109534303,0.6141847879243473,-0.19678316762860298,0.15692160933818056,11.371486947554368,30.867051182953066,0.6589300707450153,0.22098308827931265,0,24658484.912094317,samarinda_0024,6.318799361089393,1.0361386093371285,1.2296510696609109
-14.629920206959913,6.032740904058803,-5.711888000706373,8.014587693544696,148.68397418661087,79.03704505630687,218.59637243604297,380036.2380209774,2556,0.3959168718877616,2662.807972773533,0.12703036449296587,0.04467650825504158,0.11902638527721277,0.0778584634467574,0.0009914811167380634,0.0010767052930636006,3.2847241121841373,4.9159625386537495,0.35175328507376613,0.3182456677571447,samarinda,19.20107893870578,16.029916071998127,3.786114784637958,0.4296922716578665,0.021903673513308675,0.2500538208084884,17.70534201330069,15.530789133118855,0.0532001657804642,0.2624002596601929,0,959888.9691387384,samarinda_0025,8.918032206253555,3.6934399080776066,1.4702080276767835
-16.145068720458205,6.8025242454697175,-8.113916422069837,8.796513956728411,151.89384622262995,92.6652677881026,326.782037858764,181513.14623604278,1195,0.3408542083396875,2244.029082258536,0.12207557292145613,0.044491205601845045,0.1118095497016463,0.09049553197626281,0.0008219561390938216,0.001035249542652536,2.495713171494348,3.0701023495897926,0.2870175767244838,0.31367046266066345,samarinda,20.55925351791879,17.40493250940821,3.715597640222764,0.5404172262410766,-0.062481716674101705,0.29568985971303424,20.005145242570197,18.203089360986553,0.018754766639564914,0.31033833007120554,0,532524.2927766669,samarinda_0026,8.031152298388342,3.9029685884323055,2.1513843120398795
-15.368923597275932,4.866418107878667,-6.433273859941687,6.911110595655257,105.15694956598159,71.49141784182278,148.46596825525066,362160.5343052406,3444,0.41409837050132253,3937.907786508139,0.11821297605491614,0.04011586393961181,0.08800363324374327,0.10062907238296136,0.0013288346392591843,0.001285443786108292,2.761235998357889,2.8063886685700505,0.3499529625545718,0.29520004813143136,samarinda,19.35954701310863,16.784454100152416,3.784632036945129,0.45176455093274387,0.013648541168565903,0.22053465245552428,20.899108195964555,17.945632696326516,0.16103406608589055,0.26919045954126974,0,874576.0913446626,samarinda_0027,8.935649737334248,3.8671751414711037,1.4118512268377894
-14.053413568362167,2.9685611924879747,-6.585800656476159,3.577143363578689,77.99773352958975,66.01519822582756,59.385556196675815,232901.232319355,2986,0.21995616671359855,2820.032797878088,0.08524964267540973,0.03528032419773844,-0.05610168640468494,0.1678596436769181,0.000986657075487684,0.0013537523234144542,1.5575299420479027,2.0438031559474,0.21283690591778437,0.27263934238855186,samarinda,17.56800400794125,18.673125103858165,3.7562471228607786,0.38218136570345035,-0.0660839543790549,0.1901064451275176,21.119166292034066,19.696893964980156,0.5190976055967685,0.29523450296959797,1,1058852.93328744,samarinda_0028,7.467612911886008,2.479497389600015,0.7613754080962738
-12.037602724968284,3.0963224352267056,-5.557771374971476,3.2783618487419646,103.05701232413278,75.8183203288487,102.3785516917313,552282.5290450276,5359,0.3441760300423597,3339.6662903429064,0.11418636951115871,0.04175611825330422,0.03003721276793578,0.1375667329848206,0.001320908983655546,0.0013913816885990085,2.264371413755097,2.3832033922735687,0.3033785334030604,0.28611660082319407,samarinda,15.997966949917489,7.892148144156049,3.8831680845705976,0.2323027433842729,0.02949089238369334,0.16324358589344187,20.7109732152793,15.06652486839902,0.37083762785105406,0.2388948940748924,0,1604651.3436076737,samarinda_0029,6.479831349996803,2.609331810197567,0.9934166475710784
-13.426951059288696,3.196216453264956,-5.729376105629334,3.6878575561516613,94.42443321875372,79.5544163168834,125.07801461637719,427837.1069141731,4531,0.3724317966656593,3944.231211881824,0.1021681745952981,0.042449918388488626,0.019617267432363,0.17521664849945182,0.001161298941584656,0.001266588042279445,2.1908131254145045,2.2051049732080674,0.3119550319016744,0.30220453467471936,samarinda,17.88201786169335,18.18015147477029,3.793503149428978,0.3511505510641756,0.023299398515684345,0.2058183188722898,18.67588550626788,17.73732566062625,0.39228438720534253,0.29778087092355743,1,1148766.3264644733,samarinda_0030,7.697574953659346,2.6781979013439936,1.3246361175036985
-13.989447982456424,4.577218638973453,-6.105453200474601,5.894500955567909,147.41139737271902,78.96015463935004,266.6498980869831,273890.37631851196,1858,0.34806200569056994,2361.160750756065,0.11638949067853833,0.03831581132677817,0.058038588653944734,0.11649404242482732,0.0008118880789408828,0.0009964903136000759,2.728801442885788,5.169136810443966,0.29427878578647715,0.30000051086356444,samarinda,19.784932726636324,11.442372667975318,3.8574689470709633,0.4645826642745818,0.008965552475174977,0.2082565126686482,23.58192504592942,16.84595595697701,0.247000910718689,0.27970035196501447,0,786901.1033683545,samarinda_0031,7.883994781981834,3.5352562127287075,1.808882507319147
-11.860379383959302,3.648276840811366,-3.5225417940345105,4.065685175356183,117.60493528076893,75.76383957681777,134.33974761303548,384332.9284975529,3268,0.5120323948841676,4353.834247361696,0.12714842332636195,0.03942067376154106,0.12897035966948409,0.09869527964416784,0.001381627721234718,0.001151546187764649,3.2732477776388857,2.441760165169187,0.448246518442126,0.29290648820228316,samarinda,24.985262784646977,19.94751080431985,3.980723709823452,0.1508840945449747,0.14924669840535432,0.1268085338944191,23.45307344331239,19.381810488665725,0.17268799162761725,0.17151174564733182,1,750602.7593908331,samarinda_0032,8.337837589924792,3.7080616798346475,1.1422968542290681
-14.302297734571024,2.507379522042203,-8.002852517545424,2.7797359665450703,95.59262252430943,93.4267014597549,132.3742917596646,1372996.8373166565,14363,0.05140879337116752,537.7903860530047,0.07612196693460874,0.035048525654562,-0.14738437014419545,0.1289986183798153,0.00018945353689149894,0.0006626997871154278,0.3150943454265813,1.1060016214480362,0.0486436068832863,0.15736578771617823,samarinda,11.080963142768283,15.169208193443678,3.5168712153462542,0.4624922258649104,-0.17650993885250202,0.13921825815390654,13.482220005375817,16.090377430042068,0.6448563059708582,0.22699374257465788,0,26707431.691767696,samarinda_0033,6.299445217025597,1.344642949377783,1.3847751872902274
-15.36975151600338,5.327265660992365,-8.139584300241387,6.917878018635384,95.21116641605725,76.01865344101124,90.06437373474975,336476.2621143463,3534,0.32367878112407367,3399.5884443810955,0.10751460092014258,0.03920747614485654,0.06624200523923392,0.13144034283381953,0.0012227787948149995,0.0013748815750016347,2.2285511283418233,2.4227007049918985,0.2916479939598605,0.29860874256480124,samarinda,19.583870746532128,18.47143481141888,3.8015718310767714,0.37067345225278364,-0.017330696063640356,0.2141339061995922,22.954076614066704,21.455085042394824,0.21483762316667113,0.3303311015877839,0,1039537.5963349512,samarinda_0034,7.230167215761965,3.0025495620451594,0.9459433921981708
-12.865959428561732,2.95645391838906,-4.88734817909819,3.727883013664385,105.97725135343835,71.90578128027853,121.55698092339199,408012.4177107376,3850,0.40225540874335414,3795.6769363815292,0.1161342411368578,0.039819682004441845,0.05557117037972066,0.13214900027895374,0.0013126261191816998,0.0012243437158957608,2.9344377756490383,2.7793469799542927,0.3675189349790892,0.29062995731563784,samarinda,19.73342569132427,9.157405385139674,3.934441845056909,0.21032194196769138,0.061863291547033045,0.15848017772635506,23.883633964025893,16.61694581822751,0.3170615048280702,0.22323095725741643,0,1014311.8248810336,samarinda_0035,7.978611249463544,3.28003240638086,1.1470101306741258
-10.654924029581558,3.1726334126729023,-5.069807531678257,3.1780508288034937,88.80260191713774,67.94603174674411,78.23465830177332,364712.2860736847,4107,0.547272248326228,6162.7951941868905,0.12417857012201554,0.03717444451736201,0.1525683587592025,0.098777619289059,0.0019729860719583463,0.0012346544132542249,3.483422751884288,1.8982310955748662,0.5030341028383285,0.25126579102357094,samarinda,21.116592260101736,13.561616648092231,3.9218498782687563,0.17595053186435694,0.18839730410130454,0.12241498456894967,21.673367236699907,20.06528148954619,0.1834175820393357,0.17049306597577088,1,666418.381690497,samarinda_0036,5.585116497903306,2.8827418607562842,0.8809951128996713
-12.22000110507461,3.6179828731612806,-6.470276949524031,3.74784647711795,112.03729581134037,75.96275265342311,121.4106269826923,263735.79433989525,2354,0.3869213810454639,3453.5051764994478,0.12429878921723556,0.04064476831301714,0.11617086721798654,0.10774812035905038,0.001246256426355931,0.0012059011048228467,2.6042623665935922,2.5871345459791586,0.36017357539772127,0.30101223862795734,samarinda,23.835106589596858,13.727756536501479,3.981268778719345,0.14919898225462666,0.13092229965009355,0.13494016793368183,24.49907717769675,15.98833792080763,0.22067015250965152,0.21481817347650597,1,681626.312888886,samarinda_0037,5.7497241555505765,2.64129468060658,1.0836625973830687
-12.962881298797916,3.1189263758654238,-5.047002475377015,3.946324884125887,108.76250855689747,71.53317748121246,152.40953912431814,786135.411849255,7228,0.3672896055287614,3376.9872578529144,0.11346294989731094,0.044182841002383066,0.04194245717877516,0.13278577251409698,0.0012259833823516277,0.0012847025204901297,2.579946983243142,2.789729897063574,0.32486974380302025,0.295491766135407,samarinda,20.11453240722072,11.737807281398451,3.93001523148679,0.22959960215554487,0.04294586918850563,0.16045149712649376,24.45443193727244,16.264314036208525,0.3532406316715272,0.24796657918184808,1,2140369.3434708295,samarinda_0038,7.915878823420896,3.1793277342347173,1.4013058465324693
-12.779367462377465,3.0370148693305556,-6.121415631743814,3.3834001782005485,106.79449869595808,79.65490078641537,111.4454475742434,1632460.7070664153,15286,0.3190853331587999,2987.844290249723,0.11019205221097116,0.04345204290508957,0.02278176316010057,0.15166026113645079,0.0011345614449760004,0.0012434317039188353,2.124418576506298,2.2824939727140507,0.3037398886690476,0.2975962845513505,samarinda,19.180378261076783,10.119303123146532,3.9064800549146983,0.26696936871105337,0.023466525470797334,0.177635714612042,24.383798075644332,17.229344087531167,0.3969927271994522,0.25914336023715157,0,5116063.126141825,samarinda_0039,6.657951830633642,2.659816975204811,1.043550453769407
-12.510769499825155,3.0528351701658543,-6.50641769478362,3.091040839384534,121.58443220298163,87.90219471799237,138.67107928060867,516369.08356606297,4247,0.32598728693712803,2681.1597589476087,0.12061136775911262,0.039775027797195925,0.06151257185316909,0.13274349429286306,0.001286681298860997,0.0012735522504990862,2.529355681184309,2.5336742695166463,0.3444272089630139,0.2998344579995941,samarinda,24.663878906191883,16.499022374978658,3.991362320121937,0.17562564334500136,0.06282863492067783,0.16217885529609563,27.288788443238982,19.206877902691897,0.2948135825559837,0.23640930198797747,1,1584016.0161388537,samarinda_0040,6.004351805041539,2.4520963938926306,1.1405331814940038
-14.304755682310786,2.4745684979499503,-7.831925651724142,2.869280294256925,96.02024318827567,79.46865773645247,112.8132544880693,1266218.9469237912,13187,0.0674695099364072,702.6592278475442,0.08068597629802184,0.04078247784510443,-0.12294019478772623,0.13692599780040324,0.0002822418687844093,0.0007893786997183859,0.4798474748934426,1.3908416595295048,0.07166139210819152,0.18497260164332077,samarinda,12.694046051589087,15.61545890038648,3.652979396363124,0.392714011890809,-0.14971558100030474,0.14647861086331698,15.970602679623315,18.511020303579468,0.6252083026212808,0.23190465113855213,0,18767276.479661033,samarinda_0041,6.472830030586665,1.6486411397827365,1.1748903225215337
-13.418634034987322,3.029450089189602,-5.7767341015182065,3.570776710586906,129.97312446180237,78.93822565157551,181.8989629711764,841835.9271390939,6477,0.2849885763319783,2192.673120016694,0.1105828927560125,0.04506923267929172,0.00679974043744537,0.13847800015426454,0.0008737276799708327,0.0011171233179736114,2.140128196033182,3.0102208465177123,0.26615430578211086,0.29514212668798856,samarinda,21.345581066084137,13.782147438248913,3.9508414249482753,0.2230017122914263,-0.0014815057837960937,0.16124717834830096,25.93628295888636,17.508286050015332,0.4117569953268998,0.2480452567036501,0,2953928.6731214575,samarinda_0042,7.641899933469121,2.857864581758266,1.3995121200970624
-13.324567627471893,2.7388523239804394,-6.681618781764324,3.1758397143446566,124.5139914621723,79.06349006842973,193.9763518035064,951660.4367453828,7643,0.19894808883286486,1597.797054745497,0.10276482501670482,0.04270487725563437,-0.061102833901682724,0.15969528741139893,0.0006986799461560721,0.0011004097391091648,1.534652341840358,2.7921891320874743,0.19486784992735492,0.2711817476357407,samarinda,17.462368095949007,11.755827027816697,3.7844040030818396,0.4635440109892066,-0.08192791977769859,0.1783131142745615,23.90441789835256,18.879931117538476,0.4955041984183157,0.25832515789652144,1,4783461.064282288,samarinda_0043,6.642948845707567,2.456599551195939,1.5578679112735452
-13.185211026141918,2.5656914283971166,-6.739913471601501,2.842168728142597,104.23194755918881,72.18756777741189,109.23513059899942,376590.02653134917,3613,0.20974822560155007,2012.3218505769848,0.09954893758113437,0.04176698926136976,-0.04448834243764013,0.1456884609730292,0.0007138657416848319,0.0010934179980801421,1.1827236542224853,1.802599486216218,0.18278700934525177,0.26100349694714714,samarinda,17.27306987683934,11.628963495204589,3.861606428972415,0.2728491793206434,-0.06797997751604039,0.16116740986197034,23.267516660028605,17.021752796679962,0.4963850031117413,0.2434234467664999,0,1795438.4379238635,samarinda_0044,6.445297554540408,2.095322347980573,1.0480004754489454
-14.602929611076325,3.090721960401214,-8.028950037527048,3.5642967993811823,103.23544797759553,87.67392022304523,105.36261992927348,1920489.0387272097,18603,0.058435820782185295,566.044144012115,0.07454407741443492,0.03530413622251272,-0.1356804899222499,0.14138346514431757,0.000203844464993023,0.0006759756727446386,0.342028828192355,1.1262563836879176,0.05368023942841692,0.16597675716946936,samarinda,13.228599516490169,20.912868459429728,3.457389121268753,0.5336151088384573,-0.1599958988666521,0.1546253798471103,14.837813901471067,19.812687509738474,0.6130685926450924,0.28756298982190065,0,32864927.93325646,samarinda_0045,6.573979573549273,1.6830973663219853,1.020605053722822
-14.21801114548787,2.450833372387476,-7.361481793595169,2.8854939041154806,101.86247228618886,84.12753684303978,96.07260557832484,595386.1505127739,5845,0.10660684370895125,1046.576244580367,0.08024437713055989,0.038547210755179806,-0.13010942522023838,0.14345764446112585,0.00039957888412399997,0.000893687197080978,0.6969956043093616,1.5785086397238612,0.10124133311824189,0.2121098663430051,samarinda,12.411348115505794,11.915777267361026,3.606500074974621,0.45683235017560575,-0.15981610729538304,0.15715600262807813,15.90575954664867,16.59753093984261,0.61653574542533,0.2353099793033461,0,5584877.384966442,samarinda_0046,6.8565293518927035,2.0136299153805166,0.9431599628605416
-13.643534517152792,2.4598451088644038,-6.903886396041121,2.9688508378907095,100.75345940414279,87.86251922477973,91.13168189172472,1174483.0762740925,11657,0.1999140907250958,1984.1908348099432,0.10045919413710813,0.045257089164008446,-0.06887941381424185,0.16193904645579818,0.0006968959834805072,0.0011320679173178725,1.1464460135747379,1.8610403738890886,0.17389517373476557,0.2618422108458077,samarinda,14.866590636145306,13.983760327263083,3.709819592390605,0.4062727947416214,-0.08904274960084131,0.18426993692144786,19.405234908779367,19.435976935596766,0.5166088216978831,0.2613102137119785,0,5874938.940092712,samarinda_0047,6.739648121111681,2.3055284552301583,0.9045017653059123
-14.482107014582478,3.0218934601595215,-7.820737864217434,3.216584632887209,97.56578428723213,79.40132994811331,199.10376827669066,708912.9886310287,7266,0.020665100265773725,211.80683798877683,0.06625402686887033,0.02785859104360048,-0.1896226602881407,0.12516451427555597,7.329486079888114e-05,0.0004247592984572849,0.13267723339134108,0.7903413679271261,0.018857616436738046,0.10041755681770957,samarinda,8.89216314025319,17.082923830783024,3.252554505409362,0.5491291698049481,-0.21394871320041198,0.13318469412985318,9.774941718419504,15.883628550425184,0.7025494257725907,0.22561880535796297,0,34304841.47251662,samarinda_0048,6.661369150365044,1.1978122438873646,2.0407130402450546
-14.686519092579061,2.393040685028684,-8.288370100804586,2.5403460391665975,96.96776177060464,79.31645145278046,136.80524697319186,532062.1088353076,5487,0.020441346457489983,210.80559233539708,0.06663083790966674,0.030660710515837648,-0.15986805223051412,0.1263978731077967,8.588067066608565e-05,0.0004314339287306561,0.14438068610003035,0.7293764240147634,0.022764016589466113,0.10580635737222914,samarinda,11.799765403596147,19.464436680260132,3.492900902350364,0.4471129313234622,-0.19107298093265554,0.13125723131584324,12.843149549350006,18.021710674065307,0.6755582815079224,0.21582508903676703,0,26028721.246019144,samarinda_0049,6.398148991774482,1.18523547791445,1.41083226502464
-14.848812736835695,2.8186579301880292,-8.446293401613435,2.8661449859235644,117.9300483345413,93.16929086424994,235.99688291201315,408391.7573825165,3463,0.006084819227602421,51.59685180778646,0.07636657121428918,0.04023878481554455,-0.14054819371676736,0.15340239492406138,2.0743436798651818e-05,0.00020549976242717412,0.04445580524200081,0.4624702959201408,0.006580098832435558,0.05775220208663913,samarinda,11.97338258352874,22.468423767775,3.4645690558733997,0.5077960156985871,-0.16188058379426037,0.1680702881853016,14.38570246859379,25.20556360798217,0.6386630170404741,0.23948760309477873,0,67116497.97744831,samarinda_0050,6.402519335222255,1.2012689790652078,2.0011598930456005
-14.483022169065924,2.441671889755014,-8.021171905942522,2.751860786664012,90.13988578640294,67.87023102087048,91.41047919544809,1040935.4010613811,11548,0.03014206351795187,334.39207577184015,0.06866560009441798,0.03022763129860998,-0.1759599760197127,0.12221314882292891,0.0001323022785674403,0.0005474231950117818,0.20803896536112818,0.8460624671061857,0.03296362649991252,0.12639073728805494,samarinda,8.988649676077024,12.31666195526029,3.4150795224093,0.4864688497556004,-0.20829077482268016,0.12608938238209214,10.670789784183382,13.56151934557244,0.6911244717055989,0.18968515737399458,0,34534311.17751529,samarinda_0051,6.461850263123382,1.3429540961290611,1.0140957956398566
-14.251854739463516,2.335886257270584,-7.562820526099889,2.5570261048266314,93.65564296891735,76.01035178048271,87.86298292457897,1246275.6409873832,13307,0.017191907961987826,183.5651052835494,0.06147910107812953,0.024047536384522363,-0.20674668270532745,0.1078111552774801,6.719067030130433e-05,0.0003901055774032303,0.1081793828820126,0.6294918636404494,0.016584129916672914,0.09016700485998845,samarinda,6.61498039741527,9.144513562304013,3.2582227591734263,0.5098603940825052,-0.23622423704743942,0.10782802770195138,8.326935918768203,12.22773500881761,0.7488222217255707,0.14958614793876637,0,72491991.21720296,samarinda_0052,6.689034213363628,1.0558922498526822,0.9381493750861242
-14.18634980811302,2.158771534314814,-7.58101765094743,2.3647812996376687,88.12121255423433,66.1778395279594,80.44666199048008,90148.00044298172,1023,0.003222886559265608,36.57333422735278,0.06110009545004781,0.025395557136045327,-0.1971689124124505,0.11859563906690189,1.5842793592239112e-05,0.00018189138163889166,0.026736398927990332,0.3044965441079546,0.004198570830886277,0.04447337865860124,samarinda,6.683756844270654,10.141953986502545,3.2468670494927543,0.5218214734897665,-0.2255390072522323,0.11735622991592853,8.155723326429717,12.14214871608731,0.7420808794267637,0.16917471061727846,0,27971198.73295309,samarinda_0053,6.605332157165595,1.0714006009052681,0.912909158404613
-13.557591643300091,3.100154670418103,-6.581258613613549,3.459108258923108,109.1333411589434,79.42364648792413,148.52910073770153,791762.3901081344,7255,0.23416810070248456,2145.7063278346686,0.10471327892582172,0.044951659577037575,-0.033698125548709476,0.14684391499616856,0.0007469688859100392,0.0011159347224374934,1.471058802735141,2.1772415673568366,0.2093485343195634,0.2822535085613927,samarinda,15.249237068879456,12.215520700999067,3.7712259973232043,0.3618211378818951,-0.04924090747319796,0.17130653890304734,18.679919545507563,14.80498953525478,0.4633294798830298,0.25667668563028495,0,3381170.9952504802,samarinda_0054,6.976333029686534,2.220731352758085,1.3609873862597277
-13.125105340046789,2.9585430045890453,-6.472425478811375,3.1374111514239442,107.72046506733714,79.72490192889698,122.46896812397563,1367834.465425047,12698,0.2277354010802582,2114.1331031006825,0.10271629670083787,0.0430776459453011,-0.03002716836594084,0.1541731661411049,0.0007425382284808149,0.0011390888168705748,1.397904406878195,2.0888666144810384,0.20306358839240016,0.2817943247249541,samarinda,14.412109313741203,9.843906149720148,3.758513510933825,0.371715754295148,-0.043018610510642874,0.17581924436860946,18.933094131059963,15.968960912007804,0.4746840935400547,0.26360557338730867,0,6006244.347329192,samarinda_0055,6.652679861235423,2.254996992329538,1.1369145876544355
-15.025033495355546,5.749807105666399,-8.556319804522623,6.983588038418464,106.93814214650364,71.88830625255574,126.35446813195954,396526.63107923546,3708,0.30761926705675535,2876.6094200077055,0.1126859200338702,0.03976833492159301,0.09882352052530705,0.11347383012660926,0.0011458796203308217,0.0013126520582783844,2.362802746038638,3.0420875941367873,0.31001816070131855,0.30728389198609923,samarinda,17.928404702898106,17.76101762081711,3.7744471502494754,0.330095001916144,0.02481368611214984,0.21307823364488443,17.667537539270075,17.13863769619773,0.1283152607467012,0.2849933886011825,0,1289017.5406538395,samarinda_0056,6.468713690832913,3.1019537942538813,1.1815659557546438
-16.570364780284905,4.814300841072381,-9.956564942108955,4.9575046328417915,110.27953178067365,77.81996061404546,517.784081899449,996375.5696383865,9035,0.03363681915537658,305.0141636643345,0.08984681399020208,0.040456810435645016,-0.07051118991010737,0.1509298453458887,0.0001184756713571279,0.0005141731678133034,0.2840427734727418,1.3580947847990872,0.0356575508836736,0.13698087112043328,samarinda,13.308154505891421,19.79589701867164,3.4243118471261895,0.5930749440858206,-0.16033852234948578,0.18193660573117904,14.911538297158007,20.420352777638154,0.428507861032863,0.3818212491911394,0,29621575.245741505,samarinda_0057,6.613799838175954,1.6220594204690615,4.695196593047107
-15.469924529350017,3.6051740910489283,-8.985290487404571,3.558001239981801,104.96269036813821,71.37077013911033,160.16799178050442,262301.7632299774,2499,0.003931945768336559,37.46041335779361,0.07252664445896914,0.03633252457015009,-0.14273551383840158,0.14544562539089823,1.6891146415991064e-05,0.00018823837236166984,0.029102192639801638,0.3273066912107312,0.004592978729665455,0.04664056760387539,samarinda,10.132696398424578,17.62284156918176,3.2426051531312488,0.6115945623784089,-0.1790512905136929,0.1597784273423087,11.577252115492604,18.325720901297856,0.6002516969324614,0.2853860894578233,0,66710422.443325356,samarinda_0058,6.484634041945444,1.2275889646238651,1.5259516616689541
