{
"type": "FeatureCollection",
"name": "profil__profil_kumuh_basis",
"crs": { "type": "name", "properties": { "name": "urn:ogc:def:crs:OGC:1.3:CRS84" } },
"features": [
{ "type": "Feature", "properties": { "FID": 0, "Id": 0, "Provinsi": "Jawa Tengah", "Kode_Prov": 33, "Kab_Kota": "Kebumen", "Kode_Kota": 3305, "Kecamatan": "Kebumen", "Kode_Kec": 330505, "Kelurahan": "Bandung", "Kode_Kel": 33050515, "basis": "RT006-RW002", "Kode_RTRW": "33050515-RT006-RW002", "k1_a_p": 84.21, "k1_b_p": 0, "k1_c_p": 10.53, "k1_p": 28.07, "k2_a_p": 18.18, "k2_b_p": 75.45, "k2_p": 37.725, "k3_a_p": 88.41, "k3_b_p": 88.41, "k3_p": 88.41, "k4_a_p": -100.0, "k4_b_p": 34.48, "k4_c_p": 0.0, "k4_d_p": 65.52, "k4_e_p": 0.0, "k4_p": 20.0, "k5_a_p": 36.23, "k5_b_p": 36.23, "k5_p": 36.23, "k6_a_p": 100, "k6_b_p": 100.0, "k6_c_p": 100, "k6_p": 100.0, "k7_a_p": 100, "k7_b_p": 100, "k7_p": 100, "k1_a": "50%", "k1_b": "Bangunan padat ", "k1_c": "Bangunan tidak sesuai persyaratan teknis ", "Bangunan": "Permasalahan Bangunan 25-50%", "k2_a": "Terjangkau pelayanan jalan lingkungan ", "k2_b": "50%", "Jalan": "Permasalahan Jalan 25-50%", "k3_a": "50%", "k3_b": "50%", "Air_Minum": "50%", "k4_a": "Tidak mampu mengalirkan limpasan air ", "k4_b": "Tidak tersedia drainase 25-50%", "k4_c": "Tidak terhubung dengan drainase dalam kota ", "k4_d": "50%", "k4_e": "Konstruksi drainase baik ", "Drainase": "Permasalahan Drainase ", "k5_a": "Sistem pengelolaan air limbah tidak sesuai standar teknis 25-50%", "k5_b": "Prasarana dan sarana pengelolaan air limbah tidak sesuai dengan persyaratan teknis 25-50%", "Air_Limbah": "Permasalahan Air Limbah 25-50%", "k6_a": "50%", "k6_b": "50%", "k6_c": "50%", "Sampah": "50%", "k7_a": "50%", "k7_b": "50%", "Kebakaran": "50%", "Sumber": "Data SIM KOTAKU, download pada 281120", "city": "kebumen", "source_layer": "Profil Kumuh Basis", "role": "profil" }, "geometry": { "type": "Polygon", "coordinates": [ [ [ 109.699475922664618, -7.661361543043704 ], [ 109.699279191617393, -7.661646437770947 ], [ 109.699235174168464, -7.661820935697278 ], [ 109.699410345648872, -7.662061315376675 ], [ 109.699410345648872, -7.66214945455846 ], [ 109.699322310751015, -7.662412091406127 ], [ 109.699235174168464, -7.662542964622296 ], [ 109.699256733735297, -7.663045980350892 ], [ 109.699672653711829, -7.663068237670291 ], [ 109.699782248176504, -7.662652470751858 ], [ 109.699891842641151, -7.661974066471688 ], [ 109.699891842641151, -7.661667804867808 ], [ 109.699957419656911, -7.661514673983281 ], [ 109.699957419656911, -7.661405167561168 ], [ 109.699475922664618, -7.661361543043704 ] ] ] } },
{ "type": "Feature", "properties": { "FID": 1, "Id": 0, "Provinsi": "Jawa Tengah", "Kode_Prov": 33, "Kab_Kota": "Kebumen", "Kode_Kota": 3305, "Kecamatan": "Kebumen", "Kode_Kec": 330505, "Kelurahan": "Bandung", "Kode_Kel": 33050515, "basis": "RT001-RW001", "Kode_RTRW": "33050515-RT001-RW001", "k1_a_p": 77.78, "k1_b_p": 0, "k1_c_p": 2.78, "k1_p": 25.9267, "k2_a_p": 47.06, "k2_b_p": 0.0, "k2_p": 23.53, "k3_a_p": 77.27, "k3_b_p": 100.0, "k3_p": 88.635, "k4_a_p": -96.08, "k4_b_p": 50.0, "k4_c_p": 0.0, "k4_d_p": 0.0, "k4_e_p": 0.0, "k4_p": 10.0, "k5_a_p": 25.0, "k5_b_p": 45.45, "k5_p": 35.225, "k6_a_p": 100, "k6_b_p": 100.0, "k6_c_p": 100, "k6_p": 100.0, "k7_a_p": 100, "k7_b_p": 100, "k7_p": 100, "k1_a": "50%", "k1_b": "Bangunan padat ", "k1_c": "Bangunan tidak sesuai persyaratan teknis ", "Bangunan": "Permasalahan Bangunan 25-50%", "k2_a": "Terjangkau pelayanan jalan lingkungan 25-50%", "k2_b": "Kondisi permukaan jalan lingkungan tidak rusak ", "Jalan": "Permasalahan Jalan ", "k3_a": "50%", "k3_b": "50%", "Air_Minum": "50%", "k4_a": "Tidak mampu mengalirkan limpasan air ", "k4_b": "50%", "k4_c": "Tidak terhubung dengan drainase dalam kota ", "k4_d": "Drainase tidak terpelihara ", "k4_e": "Konstruksi drainase baik ", "Drainase": "Permasalahan Drainase ", "k5_a": "Sistem pengelolaan air limbah tidak sesuai standar teknis 25-50%", "k5_b": "Prasarana dan sarana pengelolaan air limbah tidak sesuai dengan persyaratan teknis 25-50%", "Air_Limbah": "Permasalahan Air Limbah 25-50%", "k6_a": "50%", "k6_b": "50%", "k6_c": "50%", "Sampah": "50%", "k7_a": "50%", "k7_b": "50%", "Kebakaran": "50%", "Sumber": "Data SIM KOTAKU, download pada 281120", "city": "kebumen", "source_layer": "Profil Kumuh Basis", "role": "profil" }, "geometry": { "type": "Polygon", "coordinates": [ [ [ 109.706534884167226, -7.667894487326874 ], [ 109.706321085129616, -7.668594248921696 ], [ 109.706406425081596, -7.668665471411355 ], [ 109.706520511122676, -7.668765182876854 ], [ 109.70664897020832, -7.668879138808811 ], [ 109.706763056249386, -7.668907627787033 ], [ 109.706934634468666, -7.668879138808811 ], [ 109.707034347465196, -7.668879138808811 ], [ 109.707149331821569, -7.668822160846648 ], [ 109.707277790907199, -7.668750938383214 ], [ 109.707363130859193, -7.668665471411355 ], [ 109.707520336033909, -7.668136644141286 ], [ 109.706534884167226, -7.667894487326874 ] ] ] } },
{ "type": "Feature", "properties": { "FID": 2, "Id": 0, "Provinsi": "Jawa Tengah", "Kode_Prov": 33, "Kab_Kota": "Kebumen", "Kode_Kota": 3305, "Kecamatan": "Kebumen", "Kode_Kec": 330505, "Kelurahan": "Bumirejo", "Kode_Kel": 33050527, "basis": "RT007-RW005", "Kode_RTRW": "33050527-RT007-RW005", "k1_a_p": 0.0, "k1_b_p": 0, "k1_c_p": 35.48, "k1_p": 11.8267, "k2_a_p": 25.83, "k2_b_p": 24.72, "k2_p": 12.915, "k3_a_p": 80.49, "k3_b_p": 24.39, "k3_p": 40.245, "k4_a_p": 0.0, "k4_b_p": 57.63, "k4_c_p": 0.0, "k4_d_p": 42.37, "k4_e_p": 14.12, "k4_p": 20.0, "k5_a_p": 0.0, "k5_b_p": 31.71, "k5_p": 15.855, "k6_a_p": 100, "k6_b_p": 34.15, "k6_c_p": 100, "k6_p": 78.05, "k7_a_p": 0, "k7_b_p": 100, "k7_p": 50, "k1_a": "Bangunan tidak teratur  ", "k1_b": "Bangunan padat ", "k1_c": "Bangunan tidak sesuai persyaratan teknis 25-50%", "Bangunan": "Permasalahan Bangunan ", "k2_a": "Terjangkau pelayanan jalan lingkungan 25-50%", "k2_b": "Kondisi permukaan jalan lingkungan tidak rusak ", "Jalan": "Permasalahan Jalan ", "k3_a": "50%", "k3_b": "Tidak terpenuhi kebutuhan air minum ", "Air_Minum": "Permasalahan Air Minum 25-50%", "k4_a": "Tidak mampu mengalirkan limpasan air ", "k4_b": "50%", "k4_c": "Tidak terhubung dengan drainase dalam kota ", "k4_d": "Drainase tidak terpelihara 25-50%", "k4_e": "Konstruksi drainase baik ", "Drainase": "Permasalahan Drainase ", "k5_a": "Sistem pengelolaan air limbah tidak sesuai standar teknis ", "k5_b": "Prasarana dan sarana pengelolaan air limbah tidak sesuai dengan persyaratan teknis 25-50%", "Air_Limbah": "Permasalahan Air Limbah ", "k6_a": "50%", "k6_b": "Sistem pengelolaan persampahan yang tidak sesuai standar teknis 25-50%", "k6_c": "50%", "Sampah": "50%", "k7_a": "Tidak tersedia prasarana proteksi kebakaran ", "k7_b": "50%", "Kebakaran": "50%", "Sumber": "Data SIM KOTAKU, download pada 281120", "city": "kebumen", "source_layer": "Profil Kumuh Basis", "role": "profil" }, "geometry": { "type": "Polygon", "coordinates": [ [ [ 109.661969462922045, -7.662777111840674 ], [ 109.662002700587578, -7.663139461084543 ], [ 109.663069000829822, -7.662987221022096 ], [ 109.662954016473435, -7.662016800631467 ], [ 109.662954016473435, -7.661750602358021 ], [ 109.662181465329098, -7.661824496878704 ], [ 109.662183261959683, -7.661846754261937 ], [ 109.662035039937791, -7.661889488434489 ], [ 109.662088938854836, -7.662202872235514 ], [ 109.662089837170129, -7.66222869077702 ], [ 109.662097922007689, -7.662429897288241 ], [ 109.661938920202402, -7.662482424636141 ], [ 109.661969462922045, -7.662610626949578 ], [ 109.662005395533427, -7.662766428320205 ], [ 109.661969462922045, -7.662777111840674 ] ] ] } },
{ "type": "Feature", "properties": { "FID": 3, "Id": 0, "Provinsi": "Jawa Tengah", "Kode_Prov": 33, "Kab_Kota": "Kebumen", "Kode_Kota": 3305, "Kecamatan": "Kebumen", "Kode_Kec": 330505, "Kelurahan": "Bumirejo", "Kode_Kel": 33050527, "basis": "RT005-RW002", "Kode_RTRW": "33050527-RT005-RW002", "k1_a_p": 96.67, "k1_b_p": 0, "k1_c_p": 16.67, "k1_p": 32.2233, "k2_a_p": 15.25, "k2_b_p": 47.46, "k2_p": 23.73, "k3_a_p": 50.0, "k3_b_p": 100.0, "k3_p": 75.0, "k4_a_p": 0.0, "k4_b_p": 50.0, "k4_c_p": 0.0, "k4_d_p": 50.0, "k4_e_p": 25.0, "k4_p": 25.0, "k5_a_p": 0.0, "k5_b_p": 6.67, "k5_p": 0.0, "k6_a_p": 0, "k6_b_p": 76.67, "k6_c_p": 100, "k6_p": 58.89, "k7_a_p": 100, "k7_b_p": 100, "k7_p": 100, "k1_a": "50%", "k1_b": "Bangunan padat ", "k1_c": "Bangunan tidak sesuai persyaratan teknis ", "Bangunan": "Permasalahan Bangunan 25-50%", "k2_a": "Terjangkau pelayanan jalan lingkungan ", "k2_b": "Kondisi permukaan jalan lingkungan tidak rusak 25-50%", "Jalan": "Permasalahan Jalan ", "k3_a": "50%", "k3_b": "50%", "Air_Minum": "50%", "k4_a": "Tidak mampu mengalirkan limpasan air ", "k4_b": "50%", "k4_c": "Tidak terhubung dengan drainase dalam kota ", "k4_d": "50%", "k4_e": "Konstruksi drainase baik 25-50%", "Drainase": "Permasalahan Drainase 25-50%", "k5_a": "Sistem pengelolaan air limbah tidak sesuai standar teknis ", "k5_b": "Prasarana dan sarana pengelolaan air limbah tidak sesuai dengan persyaratan teknis ", "Air_Limbah": "Permasalahan Air Limbah ", "k6_a": "Prasarana dan sarana persampahan tidak sesuai dengan persyaratan teknis ", "k6_b": "50%", "k6_c": "50%", "Sampah": "50%", "k7_a": "50%", "k7_b": "50%", "Kebakaran": "50%", "Sumber": "Data SIM KOTAKU, download pada 281120", "city": "kebumen", "source_layer": "Profil Kumuh Basis", "role": "profil" }, "geometry": { "type": "Polygon", "coordinates": [ [ [ 109.651519361221901, -7.663441270170241 ], [ 109.651982891908503, -7.663435038126385 ], [ 109.652082604905033, -7.663435038126385 ], [ 109.652167944857027, -7.662792246827547 ], [ 109.652167944857027, -7.66249221786978 ], [ 109.651682854603607, -7.662507352866777 ], [ 109.651639735469956, -7.661907294338453 ], [ 109.651639735469956, -7.661578775290479 ], [ 109.65151127638434, -7.661607264757252 ], [ 109.651340596480352, -7.66127874547786 ], [ 109.65126873125763, -7.661207521752428 ], [ 109.650955219223462, -7.661436327928049 ], [ 109.651097153038364, -7.661436327928049 ], [ 109.65123998516853, -7.661564530556381 ], [ 109.65125435821308, -7.661821825992635 ], [ 109.651326223435817, -7.661893049615341 ], [ 109.651326223435817, -7.662035496825021 ], [ 109.651297477346716, -7.662349770812862 ], [ 109.651411563387796, -7.662449483757708 ], [ 109.651411563387796, -7.662578576374838 ], [ 109.651411563387796, -7.662690753375877 ], [ 109.651421444855927, -7.662690753375877 ], [ 109.651443004422759, -7.663047760936487 ], [ 109.651513971330175, -7.663244515598819 ], [ 109.651519361221901, -7.663441270170241 ] ] ] } },
{ "type": "Feature", "properties": { "FID": 4, "Id": 0, "Provinsi": "Jawa Tengah", "Kode_Prov": 33, "Kab_Kota": "Kebumen", "Kode_Kota": 3305, "Kecamatan": "Kebumen", "Kode_Kec": 330505, "Kelurahan": "Bumirejo", "Kode_Kel": 33050527, "basis": "RT004-RW002", "Kode_RTRW": "33050527-RT004-RW002", "k1_a_p": 0.0, "k1_b_p": 0, "k1_c_p": 5.71, "k1_p": 0.0, "k2_a_p": 12.5, "k2_b_p": 18.75, "k2_p": 0.0, "k3_a_p": 100.0, "k3_b_p": 100.0, "k3_p": 100.0, "k4_a_p": 0.0, "k4_b_p": 40.0, "k4_c_p": 0.0, "k4_d_p": 60.0, "k4_e_p": 40.0, "k4_p": 28.0, "k5_a_p": 0.0, "k5_b_p": 0.0, "k5_p": 0.0, "k6_a_p": 0, "k6_b_p": 21.95, "k6_c_p": 100, "k6_p": 33.3333, "k7_a_p": 0, "k7_b_p": 100, "k7_p": 50, "k1_a": "Bangunan tidak teratur  ", "k1_b": "Bangunan padat ", "k1_c": "Bangunan tidak sesuai persyaratan teknis ", "Bangunan": "Permasalahan Bangunan ", "k2_a": "Terjangkau pelayanan jalan lingkungan ", "k2_b": "Kondisi permukaan jalan lingkungan tidak rusak ", "Jalan": "Permasalahan Jalan ", "k3_a": "50%", "k3_b": "50%", "Air_Minum": "50%", "k4_a": "Tidak mampu mengalirkan limpasan air ", "k4_b": "Tidak tersedia drainase 25-50%", "k4_c": "Tidak terhubung dengan drainase dalam kota ", "k4_d": "50%", "k4_e": "Konstruksi drainase baik 25-50%", "Drainase": "Permasalahan Drainase 25-50%", "k5_a": "Sistem pengelolaan air limbah tidak sesuai standar teknis ", "k5_b": "Prasarana dan sarana pengelolaan air limbah tidak sesuai dengan persyaratan teknis ", "Air_Limbah": "Permasalahan Air Limbah ", "k6_a": "Prasarana dan sarana persampahan tidak sesuai dengan persyaratan teknis ", "k6_b": "Sistem pengelolaan persampahan yang tidak sesuai standar teknis ", "k6_c": "50%", "Sampah": "Permasalahan Persampahan 25-50%", "k7_a": "Tidak tersedia prasarana proteksi kebakaran ", "k7_b": "50%", "Kebakaran": "50%", "Sumber": "Data SIM KOTAKU, download pada 281120", "city": "kebumen", "source_layer": "Profil Kumuh Basis", "role": "profil" }, "geometry": { "type": "Polygon", "coordinates": [ [ [ 109.649896105503487, -7.663011258930313 ], [ 109.649826935226614, -7.662992562779595 ], [ 109.649841308271164, -7.662863470287959 ], [ 109.649698476140983, -7.662692533962958 ], [ 109.64962750923354, -7.662335526104549 ], [ 109.64962750923354, -7.662178834281669 ], [ 109.649526897921717, -7.661964273226136 ], [ 109.649613136188989, -7.661764847085896 ], [ 109.649741595274634, -7.66164999895383 ], [ 109.649926648223143, -7.66164999895383 ], [ 109.650083853397859, -7.661692733146125 ], [ 109.650312025480048, -7.662092475695553 ], [ 109.650512349788386, -7.662121855422691 ], [ 109.65062643582948, -7.66179333654022 ], [ 109.650640808874016, -7.661578775290479 ], [ 109.650697402736924, -7.661493306878739 ], [ 109.650454857610228, -7.661521796351225 ], [ 109.650212312483504, -7.661564530556381 ], [ 109.649912275178608, -7.661536041086756 ], [ 109.649427184925187, -7.661578775290479 ], [ 109.649241233661357, -7.661722112900838 ], [ 109.649313098884079, -7.661807581266666 ], [ 109.649313098884079, -7.661893049615341 ], [ 109.649356218017729, -7.662406749641345 ], [ 109.649384065791537, -7.662607065774726 ], [ 109.649541270966267, -7.66294982871773 ], [ 109.64962750923354, -7.663078030890457 ], [ 109.649655357007347, -7.663406548781889 ], [ 109.649712849185519, -7.663463527468976 ], [ 109.649913173493886, -7.663508932354789 ], [ 109.649911376863329, -7.663052212400443 ], [ 109.649896105503487, -7.663011258930313 ] ] ] } },
{ "type": "Feature", "properties": { "FID": 5, "Id": 0, "Provinsi": "Jawa Tengah", "Kode_Prov": 33, "Kab_Kota": "Kebumen", "Kode_Kota": 3305, "Kecamatan": "Kebumen", "Kode_Kec": 330505, "Kelurahan": "Bumirejo", "Kode_Kel": 33050527, "basis": "RT003-RW002", "Kode_RTRW": "33050527-RT003-RW002", "k1_a_p": 0.0, "k1_b_p": 0, "k1_c_p": 0.0, "k1_p": 0.0, "k2_a_p": 8.05, "k2_b_p": 14.94, "k2_p": 0.0, "k3_a_p": 95.92, "k3_b_p": 0.0, "k3_p": 47.96, "k4_a_p": 0.0, "k4_b_p": 0.0, "k4_c_p": 0.0, "k4_d_p": 100.0, "k4_e_p": 75.0, "k4_p": 35.0, "k5_a_p": 0.0, "k5_b_p": 0.0, "k5_p": 0.0, "k6_a_p": 0, "k6_b_p": 0.0, "k6_c_p": 100, "k6_p": 33.3333, "k7_a_p": 0, "k7_b_p": 100, "k7_p": 50, "k1_a": "Bangunan tidak teratur  ", "k1_b": "Bangunan padat ", "k1_c": "Bangunan tidak sesuai persyaratan teknis ", "Bangunan": "Permasalahan Bangunan ", "k2_a": "Terjangkau pelayanan jalan lingkungan ", "k2_b": "Kondisi permukaan jalan lingkungan tidak rusak ", "Jalan": "Permasalahan Jalan ", "k3_a": "50%", "k3_b": "Tidak terpenuhi kebutuhan air minum ", "Air_Minum": "Permasalahan Air Minum 25-50%", "k4_a": "Tidak mampu mengalirkan limpasan air ", "k4_b": "Tidak tersedia drainase ", "k4_c": "Tidak terhubung dengan drainase dalam kota ", "k4_d": "50%", "k4_e": "50%", "Drainase": "Permasalahan Drainase 25-50%", "k5_a": "Sistem pengelolaan air limbah tidak sesuai standar teknis ", "k5_b": "Prasarana dan sarana pengelolaan air limbah tidak sesuai dengan persyaratan teknis ", "Air_Limbah": "Permasalahan Air Limbah ", "k6_a": "Prasarana dan sarana persampahan tidak sesuai dengan persyaratan teknis ", "k6_b": "Sistem pengelolaan persampahan yang tidak sesuai standar teknis ", "k6_c": "50%", "Sampah": "Permasalahan Persampahan 25-50%", "k7_a": "Tidak tersedia prasarana proteksi kebakaran ", "k7_b": "50%", "Kebakaran": "50%", "Sumber": "Data SIM KOTAKU, download pada 281120", "city": "kebumen", "source_layer": "Profil Kumuh Basis", "role": "profil" }, "geometry": { "type": "Polygon", "coordinates": [ [ [ 109.651519361221901, -7.663441270170241 ], [ 109.651513971330175, -7.663244515598819 ], [ 109.651443004422759, -7.663047760936487 ], [ 109.651421444855927, -7.662690753375877 ], [ 109.651411563387796, -7.662690753375877 ], [ 109.651411563387796, -7.662692533962958 ], [ 109.651354969524903, -7.662749512745581 ], [ 109.651140272171986, -7.662721023355223 ], [ 109.650955219223462, -7.662763757440046 ], [ 109.65076926795966, -7.662806491520583 ], [ 109.650612062784944, -7.66284922559683 ], [ 109.650555468922036, -7.662921339340772 ], [ 109.650369517658234, -7.66293558402949 ], [ 109.65035514461367, -7.66284922559683 ], [ 109.650326398524584, -7.662806491520583 ], [ 109.650269804661676, -7.66300680746593 ], [ 109.65035514461367, -7.66314925430307 ], [ 109.650183566394404, -7.663163498984164 ], [ 109.64998414040133, -7.663035296837172 ], [ 109.649896105503487, -7.663011258930313 ], [ 109.649911376863329, -7.663052212400443 ], [ 109.649913173493886, -7.663508932354789 ], [ 109.650027259534966, -7.663534750817112 ], [ 109.650226685528054, -7.66354899548531 ], [ 109.650897727045276, -7.66344928279792 ], [ 109.651519361221901, -7.663441270170241 ] ] ] } },
{ "type": "Feature", "properties": { "FID": 6, "Id": 0, "Provinsi": "Jawa Tengah", "Kode_Prov": 33, "Kab_Kota": "Kebumen", "Kode_Kota": 3305, "Kecamatan": "Kebumen", "Kode_Kec": 330505, "Kelurahan": "Bumirejo", "Kode_Kel": 33050527, "basis": "RT002-RW005", "Kode_RTRW": "33050527-RT002-RW005", "k1_a_p": 0.0, "k1_b_p": 0, "k1_c_p": 13.24, "k1_p": 0.0, "k2_a_p": 0.0, "k2_b_p": 3.85, "k2_p": 0.0, "k3_a_p": 87.65, "k3_b_p": 0.0, "k3_p": 43.825, "k4_a_p": 0.0, "k4_b_p": 27.69, "k4_c_p": 0.0, "k4_d_p": 44.63, "k4_e_p": 20.66, "k4_p": 14.464, "k5_a_p": 0.0, "k5_b_p": 0.0, "k5_p": 0.0, "k6_a_p": 100, "k6_b_p": 8.64, "k6_c_p": 100, "k6_p": 66.6667, "k7_a_p": 0, "k7_b_p": 100, "k7_p": 50, "k1_a": "Bangunan tidak teratur  ", "k1_b": "Bangunan padat ", "k1_c": "Bangunan tidak sesuai persyaratan teknis ", "Bangunan": "Permasalahan Bangunan ", "k2_a": "Terjangkau pelayanan jalan lingkungan ", "k2_b": "Kondisi permukaan jalan lingkungan tidak rusak ", "Jalan": "Permasalahan Jalan ", "k3_a": "50%", "k3_b": "Tidak terpenuhi kebutuhan air minum ", "Air_Minum": "Permasalahan Air Minum 25-50%", "k4_a": "Tidak mampu mengalirkan limpasan air ", "k4_b": "Tidak tersedia drainase 25-50%", "k4_c": "Tidak terhubung dengan drainase dalam kota ", "k4_d": "Drainase tidak terpelihara 25-50%", "k4_e": "Konstruksi drainase baik ", "Drainase": "Permasalahan Drainase ", "k5_a": "Sistem pengelolaan air limbah tidak sesuai standar teknis ", "k5_b": "Prasarana dan sarana pengelolaan air limbah tidak sesuai dengan persyaratan teknis ", "Air_Limbah": "Permasalahan Air Limbah ", "k6_a": "50%", "k6_b": "Sistem pengelolaan persampahan yang tidak sesuai standar teknis ", "k6_c": "50%", "Sampah": "50%", "k7_a": "Tidak tersedia prasarana proteksi kebakaran ", "k7_b": "50%", "Kebakaran": "50%", "Sumber": "Data SIM KOTAKU, download pada 281120", "city": "kebumen", "source_layer": "Profil Kumuh Basis", "role": "profil" }, "geometry": { "type": "Polygon", "coordinates": [ [ [ 109.661969462922045, -7.662777111840674 ], [ 109.662005395533427, -7.662766428320205 ], [ 109.661969462922045, -7.662610626949578 ], [ 109.661938920202402, -7.662482424636141 ], [ 109.662097922007689, -7.662429897288241 ], [ 109.662089837170129, -7.66222869077702 ], [ 109.662088938854836, -7.662202872235514 ], [ 109.662035039937791, -7.661889488434489 ], [ 109.662183261959683, -7.661846754261937 ], [ 109.662181465329098, -7.661824496878704 ], [ 109.661964971345625, -7.66184586396663 ], [ 109.661849986989282, -7.661978517946866 ], [ 109.660841178925196, -7.662016800631467 ], [ 109.660745957505085, -7.662073779504499 ], [ 109.660461191560017, -7.662150344853131 ], [ 109.660403699381845, -7.662207323708298 ], [ 109.66032734258269, -7.662473521696275 ], [ 109.66032734258269, -7.662702327191764 ], [ 109.661450236687841, -7.662759305973077 ], [ 109.661565221044199, -7.662778002134034 ], [ 109.661717036327218, -7.662834980905224 ], [ 109.661964971345625, -7.662721023355223 ], [ 109.661969462922045, -7.662777111840674 ] ] ] } },
{ "type": "Feature", "properties": { "FID": 7, "Id": 0, "Provinsi": "Jawa Tengah", "Kode_Prov": 33, "Kab_Kota": "Kebumen", "Kode_Kota": 3305, "Kecamatan": "Karanganyar", "Kode_Kec": 330502, "Kelurahan": "Candi", "Kode_Kel": 33050201, "basis": "RT002-RW002", "Kode_RTRW": "33050201-RT002-RW002", "k1_a_p": 17.39, "k1_b_p": 0, "k1_c_p": 13.04, "k1_p": 0.0, "k2_a_p": 9.09, "k2_b_p": 48.48, "k2_p": 24.24, "k3_a_p": 83.02, "k3_b_p": 0.0, "k3_p": 41.51, "k4_a_p": 0.0, "k4_b_p": 66.67, "k4_c_p": 0.0, "k4_d_p": 29.33, "k4_e_p": 23.33, "k4_p": 19.2, "k5_a_p": 0.0, "k5_b_p": 1.89, "k5_p": 0.0, "k6_a_p": 100, "k6_b_p": 100.0, "k6_c_p": 100, "k6_p": 100.0, "k7_a_p": 100, "k7_b_p": 100, "k7_p": 100, "k1_a": "Bangunan tidak teratur  ", "k1_b": "Bangunan padat ", "k1_c": "Bangunan tidak sesuai persyaratan teknis ", "Bangunan": "Permasalahan Bangunan ", "k2_a": "Terjangkau pelayanan jalan lingkungan ", "k2_b": "Kondisi permukaan jalan lingkungan tidak rusak 25-50%", "Jalan": "Permasalahan Jalan ", "k3_a": "50%", "k3_b": "Tidak terpenuhi kebutuhan air minum ", "Air_Minum": "Permasalahan Air Minum 25-50%", "k4_a": "Tidak mampu mengalirkan limpasan air ", "k4_b": "50%", "k4_c": "Tidak terhubung dengan drainase dalam kota ", "k4_d": "Drainase tidak terpelihara 25-50%", "k4_e": "Konstruksi drainase baik ", "Drainase": "Permasalahan Drainase ", "k5_a": "Sistem pengelolaan air limbah tidak sesuai standar teknis ", "k5_b": "Prasarana dan sarana pengelolaan air limbah tidak sesuai dengan persyaratan teknis ", "Air_Limbah": "Permasalahan Air Limbah ", "k6_a": "50%", "k6_b": "50%", "k6_c": "50%", "Sampah": "50%", "k7_a": "50%", "k7_b": "50%", "Kebakaran": "50%", "Sumber": "Data SIM KOTAKU, download pada 281120", "city": "kebumen", "source_layer": "Profil Kumuh Basis", "role": "profil" }, "geometry": { "type": "Polygon", "coordinates": [ [ [ 109.58502516557607, -7.628509234026201 ], [ 109.584891316598757, -7.628484303809871 ], [ 109.584950605407499, -7.628277739104389 ], [ 109.583507911061218, -7.62819493512117 ], [ 109.583482758233245, -7.628691758780073 ], [ 109.583348010940639, -7.629331930350011 ], [ 109.583324654743251, -7.629993469644464 ], [ 109.585039538620649, -7.63014126967001 ], [ 109.585065589763857, -7.630071821471596 ], [ 109.585079962808422, -7.629607942831441 ], [ 109.585073674601418, -7.629518906566569 ], [ 109.585029657152504, -7.628871612363807 ], [ 109.585026063891362, -7.628576011384212 ], [ 109.58502516557607, -7.628509234026201 ] ] ] } },
{ "type": "Feature", "properties": { "FID": 8, "Id": 0, "Provinsi": "Jawa Tengah", "Kode_Prov": 33, "Kab_Kota": "Kebumen", "Kode_Kota": 3305, "Kecamatan": "Karanganyar", "Kode_Kec": 330502, "Kelurahan": "Candi", "Kode_Kel": 33050201, "basis": "RT002-RW003", "Kode_RTRW": "33050201-RT002-RW003", "k1_a_p": 37.5, "k1_b_p": 0, "k1_c_p": 15.0, "k1_p": 12.5, "k2_a_p": 14.29, "k2_b_p": 28.57, "k2_p": 14.285, "k3_a_p": 57.45, "k3_b_p": 10.64, "k3_p": 28.725, "k4_a_p": 0.0, "k4_b_p": 95.83, "k4_c_p": 0.0, "k4_d_p": 4.17, "k4_e_p": 0.0, "k4_p": 19.166, "k5_a_p": 0.0, "k5_b_p": 29.79, "k5_p": 14.895, "k6_a_p": 100, "k6_b_p": 100.0, "k6_c_p": 100, "k6_p": 100.0, "k7_a_p": 100, "k7_b_p": 100, "k7_p": 100, "k1_a": "Bangunan tidak teratur 25-50%", "k1_b": "Bangunan padat ", "k1_c": "Bangunan tidak sesuai persyaratan teknis ", "Bangunan": "Permasalahan Bangunan ", "k2_a": "Terjangkau pelayanan jalan lingkungan ", "k2_b": "Kondisi permukaan jalan lingkungan tidak rusak 25-50%", "Jalan": "Permasalahan Jalan ", "k3_a": "50%", "k3_b": "Tidak terpenuhi kebutuhan air minum ", "Air_Minum": "Permasalahan Air Minum 25-50%", "k4_a": "Tidak mampu mengalirkan limpasan air ", "k4_b": "50%", "k4_c": "Tidak terhubung dengan drainase dalam kota ", "k4_d": "Drainase tidak terpelihara ", "k4_e": "Konstruksi drainase baik ", "Drainase": "Permasalahan Drainase ", "k5_a": "Sistem pengelolaan air limbah tidak sesuai standar teknis ", "k5_b": "Prasarana dan sarana pengelolaan air limbah tidak sesuai dengan persyaratan teknis 25-50%", "Air_Limbah": "Permasalahan Air Limbah ", "k6_a": "50%", "k6_b": "50%", "k6_c": "50%", "Sampah": "50%", "k7_a": "50%", "k7_b": "50%", "Kebakaran": "50%", "Sumber": "Data SIM KOTAKU, download pada 281120", "city": "kebumen", "source_layer": "Profil Kumuh Basis", "role": "profil" }, "geometry": { "type": "Polygon", "coordinates": [ [ [ 109.58986708495749, -7.628458483227139 ], [ 109.58959579374168, -7.629016741685654 ], [ 109.590069205896413, -7.62931323272386 ], [ 109.590336005535804, -7.629638215157275 ], [ 109.590661195668645, -7.629756633352457 ], [ 109.590953148135981, -7.629837656309218 ], [ 109.591140896030382, -7.629096874418946 ], [ 109.590601906859902, -7.628839559255412 ], [ 109.58986708495749, -7.628458483227139 ] ] ] } },
{ "type": "Feature", "properties": { "FID": 9, "Id": 0, "Provinsi": "Jawa Tengah", "Kode_Prov": 33, "Kab_Kota": "Kebumen", "Kode_Kota": 3305, "Kecamatan": "Karanganyar", "Kode_Kec": 330502, "Kelurahan": "Candi", "Kode_Kel": 33050201, "basis": "RT004-RW005", "Kode_RTRW": "33050201-RT004-RW005", "k1_a_p": 65.45, "k1_b_p": 0, "k1_c_p": 25.45, "k1_p": 30.3, "k2_a_p": 9.09, "k2_b_p": 13.64, "k2_p": 0.0, "k3_a_p": 0.0, "k3_b_p": 100.0, "k3_p": 50.0, "k4_a_p": 0.0, "k4_b_p": 90.0, "k4_c_p": 0.0, "k4_d_p": 10.0, "k4_e_p": 2.0, "k4_p": 18.0, "k5_a_p": 25.4, "k5_b_p": 25.4, "k5_p": 25.4, "k6_a_p": 100, "k6_b_p": 100.0, "k6_c_p": 100, "k6_p": 100.0, "k7_a_p": 100, "k7_b_p": 100, "k7_p": 100, "k1_a": "50%", "k1_b": "Bangunan padat ", "k1_c": "Bangunan tidak sesuai persyaratan teknis 25-50%", "Bangunan": "Permasalahan Bangunan 25-50%", "k2_a": "Terjangkau pelayanan jalan lingkungan ", "k2_b": "Kondisi permukaan jalan lingkungan tidak rusak ", "Jalan": "Permasalahan Jalan ", "k3_a": "Tersedia akses aman air minum ", "k3_b": "50%", "Air_Minum": "50%", "k4_a": "Tidak mampu mengalirkan limpasan air ", "k4_b": "50%", "k4_c": "Tidak terhubung dengan drainase dalam kota ", "k4_d": "Drainase tidak terpelihara ", "k4_e": "Konstruksi drainase baik ", "Drainase": "Permasalahan Drainase ", "k5_a": "Sistem pengelolaan air limbah tidak sesuai standar teknis 25-50%", "k5_b": "Prasarana dan sarana pengelolaan air limbah tidak sesuai dengan persyaratan teknis 25-50%", "Air_Limbah": "Permasalahan Air Limbah 25-50%", "k6_a": "50%", "k6_b": "50%", "k6_c": "50%", "Sampah": "50%", "k7_a": "50%", "k7_b": "50%", "Kebakaran": "50%", "Sumber": "Data SIM KOTAKU, download pada 281120", "city": "kebumen", "source_layer": "Profil Kumuh Basis", "role": "profil" }, "geometry": { "type": "Polygon", "coordinates": [ [ [ 109.587523380381228, -7.616279898201708 ], [ 109.587880011549018, -7.616885363161528 ], [ 109.588747784113465, -7.616428593351982 ], [ 109.588945413475983, -7.616027917679537 ], [ 109.588500747410336, -7.615435807388783 ], [ 109.588116268468752, -7.615258619338219 ], [ 109.587850367144625, -7.615169580089171 ], [ 109.587702145122762, -7.615080540821623 ], [ 109.587376954989907, -7.615109923781958 ], [ 109.587317666181164, -7.615140197132926 ], [ 109.587495532607406, -7.615583612440243 ], [ 109.587523380381228, -7.616279898201708 ] ] ] } },
{ "type": "Feature", "properties": { "FID": 10, "Id": 0, "Provinsi": "Jawa Tengah", "Kode_Prov": 33, "Kab_Kota": "Kebumen", "Kode_Kota": 3305, "Kecamatan": "Karanganyar", "Kode_Kec": 330502, "Kelurahan": "Candi", "Kode_Kel": 33050201, "basis": "RT001-RW004", "Kode_RTRW": "33050201-RT001-RW004", "k1_a_p": 41.3, "k1_b_p": 0, "k1_c_p": 17.39, "k1_p": 13.7667, "k2_a_p": 13.33, "k2_b_p": 43.33, "k2_p": 21.665, "k3_a_p": 74.47, "k3_b_p": 34.04, "k3_p": 54.255, "k4_a_p": 0.0, "k4_b_p": 96.15, "k4_c_p": 0.0, "k4_d_p": 3.85, "k4_e_p": 3.85, "k4_p": 19.23, "k5_a_p": 0.0, "k5_b_p": 2.13, "k5_p": 0.0, "k6_a_p": 100, "k6_b_p": 100.0, "k6_c_p": 100, "k6_p": 100.0, "k7_a_p": 100, "k7_b_p": 100, "k7_p": 100, "k1_a": "Bangunan tidak teratur 25-50%", "k1_b": "Bangunan padat ", "k1_c": "Bangunan tidak sesuai persyaratan teknis ", "Bangunan": "Permasalahan Bangunan ", "k2_a": "Terjangkau pelayanan jalan lingkungan ", "k2_b": "Kondisi permukaan jalan lingkungan tidak rusak 25-50%", "Jalan": "Permasalahan Jalan ", "k3_a": "50%", "k3_b": "Tidak terpenuhi kebutuhan air minum 25-50%", "Air_Minum": "50%", "k4_a": "Tidak mampu mengalirkan limpasan air ", "k4_b": "50%", "k4_c": "Tidak terhubung dengan drainase dalam kota ", "k4_d": "Drainase tidak terpelihara ", "k4_e": "Konstruksi drainase baik ", "Drainase": "Permasalahan Drainase ", "k5_a": "Sistem pengelolaan air limbah tidak sesuai standar teknis ", "k5_b": "Prasarana dan sarana pengelolaan air limbah tidak sesuai dengan persyaratan teknis ", "Air_Limbah": "Permasalahan Air Limbah ", "k6_a": "50%", "k6_b": "50%", "k6_c": "50%", "Sampah": "50%", "k7_a": "50%", "k7_b": "50%", "Kebakaran": "50%", "Sumber": "Data SIM KOTAKU, download pada 281120", "city": "kebumen", "source_layer": "Profil Kumuh Basis", "role": "profil" }, "geometry": { "type": "Polygon", "coordinates": [ [ [ 109.583560013347679, -7.626590493486913 ], [ 109.584655059679022, -7.626620766026267 ], [ 109.584950605407499, -7.625584375519435 ], [ 109.584683805768108, -7.625554993277757 ], [ 109.58459577087028, -7.625407191667805 ], [ 109.583796270267399, -7.625348427158101 ], [ 109.583560013347679, -7.626590493486913 ] ] ] } },
{ "type": "Feature", "properties": { "FID": 11, "Id": 0, "Provinsi": "Jawa Tengah", "Kode_Prov": 33, "Kab_Kota": "Kebumen", "Kode_Kota": 3305, "Kecamatan": "Karanganyar", "Kode_Kec": 330502, "Kelurahan": "Candi", "Kode_Kel": 33050201, "basis": "RT001-RW002", "Kode_RTRW": "33050201-RT001-RW002", "k1_a_p": 39.29, "k1_b_p": 0, "k1_c_p": 32.14, "k1_p": 23.81, "k2_a_p": 21.05, "k2_b_p": 26.32, "k2_p": 13.16, "k3_a_p": 73.53, "k3_b_p": 100.0, "k3_p": 86.765, "k4_a_p": 0.0, "k4_b_p": 93.33, "k4_c_p": 0.0, "k4_d_p": 6.67, "k4_e_p": 6.67, "k4_p": 18.666, "k5_a_p": 0.0, "k5_b_p": 0.0, "k5_p": 0.0, "k6_a_p": 100, "k6_b_p": 100.0, "k6_c_p": 100, "k6_p": 100.0, "k7_a_p": 100, "k7_b_p": 100, "k7_p": 100, "k1_a": "Bangunan tidak teratur 25-50%", "k1_b": "Bangunan padat ", "k1_c": "Bangunan tidak sesuai persyaratan teknis 25-50%", "Bangunan": "Permasalahan Bangunan ", "k2_a": "Terjangkau pelayanan jalan lingkungan ", "k2_b": "Kondisi permukaan jalan lingkungan tidak rusak 25-50%", "Jalan": "Permasalahan Jalan ", "k3_a": "50%", "k3_b": "50%", "Air_Minum": "50%", "k4_a": "Tidak mampu mengalirkan limpasan air ", "k4_b": "50%", "k4_c": "Tidak terhubung dengan drainase dalam kota ", "k4_d": "Drainase tidak terpelihara ", "k4_e": "Konstruksi drainase baik ", "Drainase": "Permasalahan Drainase ", "k5_a": "Sistem pengelolaan air limbah tidak sesuai standar teknis ", "k5_b": "Prasarana dan sarana pengelolaan air limbah tidak sesuai dengan persyaratan teknis ", "Air_Limbah": "Permasalahan Air Limbah ", "k6_a": "50%", "k6_b": "50%", "k6_c": "50%", "Sampah": "50%", "k7_a": "50%", "k7_b": "50%", "Kebakaran": "50%", "Sumber": "Data SIM KOTAKU, download pada 281120", "city": "kebumen", "source_layer": "Profil Kumuh Basis", "role": "profil" }, "geometry": { "type": "Polygon", "coordinates": [ [ [ 109.583339926103079, -7.630300644339121 ], [ 109.583324654743251, -7.629993469644464 ], [ 109.583346214310083, -7.629383571408466 ], [ 109.583348010940639, -7.629331930350011 ], [ 109.583482758233245, -7.628691758780073 ], [ 109.582494611420714, -7.628513685850392 ], [ 109.582464967016335, -7.629194814405921 ], [ 109.582463170385765, -7.629208169856953 ], [ 109.582316744994458, -7.630289069644481 ], [ 109.582819801553555, -7.630378105749028 ], [ 109.583339926103079, -7.630300644339121 ] ] ] } },
{ "type": "Feature", "properties": { "FID": 12, "Id": 0, "Provinsi": "Jawa Tengah", "Kode_Prov": 33, "Kab_Kota": "Kebumen", "Kode_Kota": 3305, "Kecamatan": "Karanganyar", "Kode_Kec": 330502, "Kelurahan": "Candi", "Kode_Kel": 33050201, "basis": "RT003-RW001", "Kode_RTRW": "33050201-RT003-RW001", "k1_a_p": 27.87, "k1_b_p": 0, "k1_c_p": 11.48, "k1_p": 9.29, "k2_a_p": 11.76, "k2_b_p": 17.65, "k2_p": 0.0, "k3_a_p": 100.0, "k3_b_p": 61.54, "k3_p": 80.77, "k4_a_p": 0.0, "k4_b_p": 80.0, "k4_c_p": 0.0, "k4_d_p": 20.0, "k4_e_p": 13.33, "k4_p": 16.0, "k5_a_p": 0.0, "k5_b_p": 9.23, "k5_p": 0.0, "k6_a_p": 100, "k6_b_p": 100.0, "k6_c_p": 100, "k6_p": 100.0, "k7_a_p": 0, "k7_b_p": 100, "k7_p": 50, "k1_a": "Bangunan tidak teratur 25-50%", "k1_b": "Bangunan padat ", "k1_c": "Bangunan tidak sesuai persyaratan teknis ", "Bangunan": "Permasalahan Bangunan ", "k2_a": "Terjangkau pelayanan jalan lingkungan ", "k2_b": "Kondisi permukaan jalan lingkungan tidak rusak ", "Jalan": "Permasalahan Jalan ", "k3_a": "50%", "k3_b": "50%", "Air_Minum": "50%", "k4_a": "Tidak mampu mengalirkan limpasan air ", "k4_b": "50%", "k4_c": "Tidak terhubung dengan drainase dalam kota ", "k4_d": "Drainase tidak terpelihara ", "k4_e": "Konstruksi drainase baik ", "Drainase": "Permasalahan Drainase ", "k5_a": "Sistem pengelolaan air limbah tidak sesuai standar teknis ", "k5_b": "Prasarana dan sarana pengelolaan air limbah tidak sesuai dengan persyaratan teknis ", "Air_Limbah": "Permasalahan Air Limbah ", "k6_a": "50%", "k6_b": "50%", "k6_c": "50%", "Sampah": "50%", "k7_a": "Tidak tersedia prasarana proteksi kebakaran ", "k7_b": "50%", "Kebakaran": "50%", "Sumber": "Data SIM KOTAKU, download pada 281120", "city": "kebumen", "source_layer": "Profil Kumuh Basis", "role": "profil" }, "geometry": { "type": "Polygon", "coordinates": [ [ [ 109.585039538620649, -7.63014126967001 ], [ 109.585039538620649, -7.630319341922107 ], [ 109.585778852099452, -7.630496523739353 ], [ 109.585865090366738, -7.629098655146183 ], [ 109.585867785312587, -7.628662376751781 ], [ 109.58502516557607, -7.628509234026201 ], [ 109.585026063891362, -7.628576011384212 ], [ 109.585029657152504, -7.628871612363807 ], [ 109.585073674601418, -7.629518906566569 ], [ 109.585079962808422, -7.629607942831441 ], [ 109.585065589763857, -7.630071821471596 ], [ 109.585039538620649, -7.63014126967001 ] ] ] } },
{ "type": "Feature", "properties": { "FID": 13, "Id": 0, "Provinsi": "Jawa Tengah", "Kode_Prov": 33, "Kab_Kota": "Kebumen", "Kode_Kota": 3305, "Kecamatan": "Karanganyar", "Kode_Kec": 330502, "Kelurahan": "Candi", "Kode_Kel": 33050201, "basis": "RT002-RW001", "Kode_RTRW": "33050201-RT002-RW001", "k1_a_p": 42.31, "k1_b_p": 0, "k1_c_p": 34.62, "k1_p": 25.6433, "k2_a_p": 6.98, "k2_b_p": 55.81, "k2_p": 27.905, "k3_a_p": 91.67, "k3_b_p": 100.0, "k3_p": 95.835, "k4_a_p": 0.0, "k4_b_p": 87.5, "k4_c_p": 0.0, "k4_d_p": 7.5, "k4_e_p": 10.0, "k4_p": 17.5, "k5_a_p": 0.0, "k5_b_p": 1.67, "k5_p": 0.0, "k6_a_p": 100, "k6_b_p": 100.0, "k6_c_p": 100, "k6_p": 100.0, "k7_a_p": 0, "k7_b_p": 100, "k7_p": 50, "k1_a": "Bangunan tidak teratur 25-50%", "k1_b": "Bangunan padat ", "k1_c": "Bangunan tidak sesuai persyaratan teknis 25-50%", "Bangunan": "Permasalahan Bangunan 25-50%", "k2_a": "Terjangkau pelayanan jalan lingkungan ", "k2_b": "50%", "Jalan": "Permasalahan Jalan 25-50%", "k3_a": "50%", "k3_b": "50%", "Air_Minum": "50%", "k4_a": "Tidak mampu mengalirkan limpasan air ", "k4_b": "50%", "k4_c": "Tidak terhubung dengan drainase dalam kota ", "k4_d": "Drainase tidak terpelihara ", "k4_e": "Konstruksi drainase baik ", "Drainase": "Permasalahan Drainase ", "k5_a": "Sistem pengelolaan air limbah tidak sesuai standar teknis ", "k5_b": "Prasarana dan sarana pengelolaan air limbah tidak sesuai dengan persyaratan teknis ", "Air_Limbah": "Permasalahan Air Limbah ", "k6_a": "50%", "k6_b": "50%", "k6_c": "50%", "Sampah": "50%", "k7_a": "Tidak tersedia prasarana proteksi kebakaran ", "k7_b": "50%", "Kebakaran": "50%", "Sumber": "Data SIM KOTAKU, download pada 281120", "city": "kebumen", "source_layer": "Profil Kumuh Basis", "role": "profil" }, "geometry": { "type": "Polygon", "coordinates": [ [ [ 109.584588584347998, -7.632149030017353 ], [ 109.585636019969272, -7.632392097481773 ], [ 109.585693512147458, -7.632258543946998 ], [ 109.585836344277638, -7.630899856949098 ], [ 109.585840835854057, -7.630811711313224 ], [ 109.585841734169335, -7.630803698072699 ], [ 109.58585790384447, -7.630529467084217 ], [ 109.5850521150346, -7.630491181575083 ], [ 109.585048521773487, -7.63062206458051 ], [ 109.584886825022338, -7.630767193308404 ], [ 109.584828434528859, -7.63084109319387 ], [ 109.58476824740481, -7.63101204227757 ], [ 109.584667636093002, -7.631466125449309 ], [ 109.584629008535785, -7.631810694122568 ], [ 109.584588584347998, -7.632149030017353 ] ] ] } },
{ "type": "Feature", "properties": { "FID": 14, "Id": 0, "Provinsi": "Jawa Tengah", "Kode_Prov": 33, "Kab_Kota": "Kebumen", "Kode_Kota": 3305, "Kecamatan": "Kebumen", "Kode_Kec": 330505, "Kelurahan": "Depokrejo", "Kode_Kel": 33050502, "basis": "RT005-RW001", "Kode_RTRW": "33050502-RT005-RW001", "k1_a_p": 39.58, "k1_b_p": 0, "k1_c_p": 12.5, "k1_p": 13.1933, "k2_a_p": 13.41, "k2_b_p": 40.0, "k2_p": 20.0, "k3_a_p": 94.83, "k3_b_p": 100.0, "k3_p": 97.415, "k4_a_p": -148.62, "k4_b_p": 72.73, "k4_c_p": 12.12, "k4_d_p": 7.07, "k4_e_p": 12.12, "k4_p": 14.546, "k5_a_p": 55.17, "k5_b_p": 62.07, "k5_p": 58.62, "k6_a_p": 100, "k6_b_p": 100.0, "k6_c_p": 100, "k6_p": 100.0, "k7_a_p": 100, "k7_b_p": 100, "k7_p": 100, "k1_a": "Bangunan tidak teratur 25-50%", "k1_b": "Bangunan padat ", "k1_c": "Bangunan tidak sesuai persyaratan teknis ", "Bangunan": "Permasalahan Bangunan ", "k2_a": "Terjangkau pelayanan jalan lingkungan ", "k2_b": "Kondisi permukaan jalan lingkungan tidak rusak 25-50%", "Jalan": "Permasalahan Jalan ", "k3_a": "50%", "k3_b": "50%", "Air_Minum": "50%", "k4_a": "Tidak mampu mengalirkan limpasan air ", "k4_b": "50%", "k4_c": "Tidak terhubung dengan drainase dalam kota ", "k4_d": "Drainase tidak terpelihara ", "k4_e": "Konstruksi drainase baik ", "Drainase": "Permasalahan Drainase ", "k5_a": "50%", "k5_b": "50%", "Air_Limbah": "50%", "k6_a": "50%", "k6_b": "50%", "k6_c": "50%", "Sampah": "50%", "k7_a": "50%", "k7_b": "50%", "Kebakaran": "50%", "Sumber": "Data SIM KOTAKU, download pada 281120", "city": "kebumen", "source_layer": "Profil Kumuh Basis", "role": "profil" }, "geometry": { "type": "Polygon", "coordinates": [ [ [ 109.684613296288859, -7.70075265962724 ], [ 109.685040894364107, -7.700627139466595 ], [ 109.6858439882281, -7.700425951046446 ], [ 109.685839496651681, -7.700059182530291 ], [ 109.685791885941612, -7.699820604781416 ], [ 109.685386745748488, -7.699677280024413 ], [ 109.68519540459296, -7.699677280024413 ], [ 109.684933096530017, -7.699844640605485 ], [ 109.684360869694018, -7.699891822033949 ], [ 109.683979085698255, -7.699891822033949 ], [ 109.683811999055422, -7.699915857853977 ], [ 109.683836253568103, -7.700107254149998 ], [ 109.684122816143727, -7.700178471354358 ], [ 109.684613296288859, -7.70075265962724 ] ] ] } },
{ "type": "Feature", "properties": { "FID": 15, "Id": 0, "Provinsi": "Jawa Tengah", "Kode_Prov": 33, "Kab_Kota": "Kebumen", "Kode_Kota": 3305, "Kecamatan": "Kebumen", "Kode_Kec": 330505, "Kelurahan": "Depokrejo", "Kode_Kel": 33050502, "basis": "RT002-RW003", "Kode_RTRW": "33050502-RT002-RW003", "k1_a_p": 55.32, "k1_b_p": 0, "k1_c_p": 25.53, "k1_p": 26.95, "k2_a_p": 14.29, "k2_b_p": 35.71, "k2_p": 17.855, "k3_a_p": 100.0, "k3_b_p": 77.78, "k3_p": 88.89, "k4_a_p": -215.79, "k4_b_p": 44.44, "k4_c_p": 22.22, "k4_d_p": 55.56, "k4_e_p": 11.11, "k4_p": 20.0, "k5_a_p": 0.0, "k5_b_p": 77.78, "k5_p": 38.89, "k6_a_p": 100, "k6_b_p": 100.0, "k6_c_p": 100, "k6_p": 100.0, "k7_a_p": 100, "k7_b_p": 100, "k7_p": 100, "k1_a": "50%", "k1_b": "Bangunan padat ", "k1_c": "Bangunan tidak sesuai persyaratan teknis 25-50%", "Bangunan": "Permasalahan Bangunan 25-50%", "k2_a": "Terjangkau pelayanan jalan lingkungan ", "k2_b": "Kondisi permukaan jalan lingkungan tidak rusak 25-50%", "Jalan": "Permasalahan Jalan ", "k3_a": "50%", "k3_b": "50%", "Air_Minum": "50%", "k4_a": "Tidak mampu mengalirkan limpasan air ", "k4_b": "Tidak tersedia drainase 25-50%", "k4_c": "Tidak terhubung dengan drainase dalam kota ", "k4_d": "50%", "k4_e": "Konstruksi drainase baik ", "Drainase": "Permasalahan Drainase ", "k5_a": "Sistem pengelolaan air limbah tidak sesuai standar teknis ", "k5_b": "50%", "Air_Limbah": "Permasalahan Air Limbah 25-50%", "k6_a": "50%", "k6_b": "50%", "k6_c": "50%", "Sampah": "50%", "k7_a": "50%", "k7_b": "50%", "Kebakaran": "50%", "Sumber": "Data SIM KOTAKU, download pada 281120", "city": "kebumen", "source_layer": "Profil Kumuh Basis", "role": "profil" }, "geometry": { "type": "Polygon", "coordinates": [ [ [ 109.682695393157275, -7.70622120754062 ], [ 109.682502255371176, -7.706162454186037 ], [ 109.682167183770204, -7.706152661959479 ], [ 109.682117776429578, -7.706151771757054 ], [ 109.681737789064385, -7.706141089327805 ], [ 109.681641669328997, -7.706355628063624 ], [ 109.681640771013704, -7.706355628063624 ], [ 109.681356005068636, -7.706379663516884 ], [ 109.681356005068636, -7.706430405024837 ], [ 109.681356005068636, -7.706784705209152 ], [ 109.681665923841649, -7.706784705209152 ], [ 109.681689280039052, -7.707095385277551 ], [ 109.682262405190315, -7.707095385277551 ], [ 109.682285761387689, -7.707381139523138 ], [ 109.682595680160716, -7.707405174918178 ], [ 109.682691799896133, -7.707595677630599 ], [ 109.683406858862284, -7.707548497060277 ], [ 109.683431113374951, -7.706236340979118 ], [ 109.682691799896133, -7.706260376439146 ], [ 109.682695393157275, -7.70622120754062 ] ] ] } },
{ "type": "Feature", "properties": { "FID": 16, "Id": 0, "Provinsi": "Jawa Tengah", "Kode_Prov": 33, "Kab_Kota": "Kebumen", "Kode_Kota": 3305, "Kecamatan": "Kebumen", "Kode_Kec": 330505, "Kelurahan": "Depokrejo", "Kode_Kel": 33050502, "basis": "RT001-RW003", "Kode_RTRW": "33050502-RT001-RW003", "k1_a_p": 57.5, "k1_b_p": 0, "k1_c_p": 80.0, "k1_p": 45.8333, "k2_a_p": 39.06, "k2_b_p": 25.78, "k2_p": 32.42, "k3_a_p": 100.0, "k3_b_p": 76.19, "k3_p": 88.095, "k4_a_p": -78.57, "k4_b_p": 62.5, "k4_c_p": 0.0, "k4_d_p": 37.5, "k4_e_p": 12.5, "k4_p": 20.0, "k5_a_p": 59.52, "k5_b_p": 66.67, "k5_p": 63.095, "k6_a_p": 100, "k6_b_p": 100.0, "k6_c_p": 100, "k6_p": 100.0, "k7_a_p": 100, "k7_b_p": 100, "k7_p": 100, "k1_a": "50%", "k1_b": "Bangunan padat ", "k1_c": "50%", "Bangunan": "Permasalahan Bangunan 25-50%", "k2_a": "Terjangkau pelayanan jalan lingkungan 25-50%", "k2_b": "Kondisi permukaan jalan lingkungan tidak rusak 25-50%", "Jalan": "Permasalahan Jalan 25-50%", "k3_a": "50%", "k3_b": "50%", "Air_Minum": "50%", "k4_a": "Tidak mampu mengalirkan limpasan air ", "k4_b": "50%", "k4_c": "Tidak terhubung dengan drainase dalam kota ", "k4_d": "Drainase tidak terpelihara 25-50%", "k4_e": "Konstruksi drainase baik ", "Drainase": "Permasalahan Drainase ", "k5_a": "50%", "k5_b": "50%", "Air_Limbah": "50%", "k6_a": "50%", "k6_b": "50%", "k6_c": "50%", "Sampah": "50%", "k7_a": "50%", "k7_b": "50%", "Kebakaran": "50%", "Sumber": "Data SIM KOTAKU, download pada 281120", "city": "kebumen", "source_layer": "Profil Kumuh Basis", "role": "profil" }, "geometry": { "type": "Polygon", "coordinates": [ [ [ 109.682695393157275, -7.70622120754062 ], [ 109.682787021316244, -7.705330114120317 ], [ 109.682810377513619, -7.704925071036663 ], [ 109.682524713253287, -7.704948216366167 ], [ 109.682357626610425, -7.705186791227313 ], [ 109.682142929257537, -7.705186791227313 ], [ 109.682142929257537, -7.704805783549173 ], [ 109.681308394358581, -7.704590353822446 ], [ 109.681212274623178, -7.705115574864923 ], [ 109.681212274623178, -7.705520617766364 ], [ 109.681713534551719, -7.705568688766312 ], [ 109.681737789064385, -7.706141089327805 ], [ 109.682117776429578, -7.706151771757054 ], [ 109.682167183770204, -7.706152661959479 ], [ 109.682502255371176, -7.706162454186037 ], [ 109.682695393157275, -7.70622120754062 ] ] ] } },
{ "type": "Feature", "properties": { "FID": 17, "Id": 0, "Provinsi": "Jawa Tengah", "Kode_Prov": 33, "Kab_Kota": "Kebumen", "Kode_Kota": 3305, "Kecamatan": "Kebumen", "Kode_Kec": 330505, "Kelurahan": "Gemeksekti", "Kode_Kel": 33050528, "basis": "RT004-RW001", "Kode_RTRW": "33050528-RT004-RW001", "k1_a_p": 98.33, "k1_b_p": 0, "k1_c_p": 18.33, "k1_p": 32.7767, "k2_a_p": 0.0, "k2_b_p": 60.98, "k2_p": 30.49, "k3_a_p": 74.29, "k3_b_p": 100.0, "k3_p": 87.145, "k4_a_p": 0.0, "k4_b_p": 56.1, "k4_c_p": 0.0, "k4_d_p": 43.9, "k4_e_p": 17.89, "k4_p": 20.0, "k5_a_p": 0.0, "k5_b_p": 1.43, "k5_p": 0.0, "k6_a_p": 100, "k6_b_p": 100.0, "k6_c_p": 100, "k6_p": 100.0, "k7_a_p": 100, "k7_b_p": 100, "k7_p": 100, "k1_a": "50%", "k1_b": "Bangunan padat ", "k1_c": "Bangunan tidak sesuai persyaratan teknis ", "Bangunan": "Permasalahan Bangunan 25-50%", "k2_a": "Terjangkau pelayanan jalan lingkungan ", "k2_b": "50%", "Jalan": "Permasalahan Jalan 25-50%", "k3_a": "50%", "k3_b": "50%", "Air_Minum": "50%", "k4_a": "Tidak mampu mengalirkan limpasan air ", "k4_b": "50%", "k4_c": "Tidak terhubung dengan drainase dalam kota ", "k4_d": "Drainase tidak terpelihara 25-50%", "k4_e": "Konstruksi drainase baik ", "Drainase": "Permasalahan Drainase ", "k5_a": "Sistem pengelolaan air limbah tidak sesuai standar teknis ", "k5_b": "Prasarana dan sarana pengelolaan air limbah tidak sesuai dengan persyaratan teknis ", "Air_Limbah": "Permasalahan Air Limbah ", "k6_a": "50%", "k6_b": "50%", "k6_c": "50%", "Sampah": "50%", "k7_a": "50%", "k7_b": "50%", "Kebakaran": "50%", "Sumber": "Data SIM KOTAKU, download pada 281120", "city": "kebumen", "source_layer": "Profil Kumuh Basis", "role": "profil" }, "geometry": { "type": "Polygon", "coordinates": [ [ [ 109.646946038110428, -7.651025077399996 ], [ 109.646313624150423, -7.65110431568676 ], [ 109.645918365425416, -7.651261901898708 ], [ 109.645603056760677, -7.651261901898708 ], [ 109.645312900923912, -7.651261901898708 ], [ 109.645312900923912, -7.651736440818048 ], [ 109.645497055557158, -7.652079212504511 ], [ 109.647025089855447, -7.65197326492175 ], [ 109.647051140998684, -7.651604673966568 ], [ 109.646946038110428, -7.651025077399996 ] ] ] } },
{ "type": "Feature", "properties": { "FID": 18, "Id": 0, "Provinsi": "Jawa Tengah", "Kode_Prov": 33, "Kab_Kota": "Kebumen", "Kode_Kota": 3305, "Kecamatan": "Kebumen", "Kode_Kec": 330505, "Kelurahan": "Gesikan", "Kode_Kel": 33050503, "basis": "RT001-RW002", "Kode_RTRW": "33050503-RT001-RW002", "k1_a_p": 80.0, "k1_b_p": 0, "k1_c_p": 57.5, "k1_p": 45.8333, "k2_a_p": 0.0, "k2_b_p": 0.0, "k2_p": 0.0, "k3_a_p": 29.55, "k3_b_p": 95.45, "k3_p": 62.5, "k4_a_p": 66.1, "k4_b_p": 75.61, "k4_c_p": 39.02, "k4_d_p": 0.0, "k4_e_p": 4.88, "k4_p": 36.146, "k5_a_p": 4.55, "k5_b_p": 100.0, "k5_p": 50.0, "k6_a_p": 100, "k6_b_p": 100.0, "k6_c_p": 100, "k6_p": 100.0, "k7_a_p": 100, "k7_b_p": 100, "k7_p": 100, "k1_a": "50%", "k1_b": "Bangunan padat ", "k1_c": "50%", "Bangunan": "Permasalahan Bangunan 25-50%", "k2_a": "Terjangkau pelayanan jalan lingkungan ", "k2_b": "Kondisi permukaan jalan lingkungan tidak rusak ", "Jalan": "Permasalahan Jalan ", "k3_a": "Tersedia akses aman air minum 25-50%", "k3_b": "50%", "Air_Minum": "50%", "k4_a": "50%", "k4_b": "50%", "k4_c": "Tidak terhubung dengan drainase dalam kota 25-50%", "k4_d": "Drainase tidak terpelihara ", "k4_e": "Konstruksi drainase baik ", "Drainase": "Permasalahan Drainase 25-50%", "k5_a": "Sistem pengelolaan air limbah tidak sesuai standar teknis ", "k5_b": "50%", "Air_Limbah": "50%", "k6_a": "50%", "k6_b": "50%", "k6_c": "50%", "Sampah": "50%", "k7_a": "50%", "k7_b": "50%", "Kebakaran": "50%", "Sumber": "Data SIM KOTAKU, download pada 281120", "city": "kebumen", "source_layer": "Profil Kumuh Basis", "role": "profil" }, "geometry": { "type": "Polygon", "coordinates": [ [ [ 109.686428791478065, -7.705504594098504 ], [ 109.68583410675997, -7.705504594098504 ], [ 109.685357999659388, -7.705504594098504 ], [ 109.685144200621778, -7.705671062173941 ], [ 109.685144200621778, -7.705837530183937 ], [ 109.685191811331833, -7.706075214341466 ], [ 109.685286134436666, -7.706312898365576 ], [ 109.685357999659388, -7.706432185428514 ], [ 109.685524187986942, -7.706622688578743 ], [ 109.685619409407082, -7.706860372295522 ], [ 109.685619409407082, -7.707050875253091 ], [ 109.685524187986942, -7.707241378124938 ], [ 109.685524187986942, -7.707455026103543 ], [ 109.685738885339845, -7.707645528793534 ], [ 109.685929328180094, -7.707740780106381 ], [ 109.685952684377483, -7.70793128266778 ], [ 109.686309315545273, -7.707955318031585 ], [ 109.68626260315051, -7.706955623785023 ], [ 109.686285959347884, -7.706336933821261 ], [ 109.68647640218812, -7.706194501471367 ], [ 109.686428791478065, -7.705504594098504 ] ] ] } },
{ "type": "Feature", "properties": { "FID": 19, "Id": 0, "Provinsi": "Jawa Tengah", "Kode_Prov": 33, "Kab_Kota": "Kebumen", "Kode_Kota": 3305, "Kecamatan": "Kebumen", "Kode_Kec": 330505, "Kelurahan": "Gesikan", "Kode_Kel": 33050503, "basis": "RT001-RW001", "Kode_RTRW": "33050503-RT001-RW001", "k1_a_p": 53.7, "k1_b_p": 0, "k1_c_p": 29.63, "k1_p": 27.7767, "k2_a_p": 16.67, "k2_b_p": 52.78, "k2_p": 26.39, "k3_a_p": 94.29, "k3_b_p": 100.0, "k3_p": 97.145, "k4_a_p": 23.25, "k4_b_p": 50.0, "k4_c_p": 20.0, "k4_d_p": 50.0, "k4_e_p": 0.0, "k4_p": 20.0, "k5_a_p": 35.71, "k5_b_p": 35.71, "k5_p": 35.71, "k6_a_p": 100, "k6_b_p": 95.71, "k6_c_p": 100, "k6_p": 98.57, "k7_a_p": 0, "k7_b_p": 0, "k7_p": 0, "k1_a": "50%", "k1_b": "Bangunan padat ", "k1_c": "Bangunan tidak sesuai persyaratan teknis 25-50%", "Bangunan": "Permasalahan Bangunan 25-50%", "k2_a": "Terjangkau pelayanan jalan lingkungan ", "k2_b": "50%", "Jalan": "Permasalahan Jalan 25-50%", "k3_a": "50%", "k3_b": "50%", "Air_Minum": "50%", "k4_a": "Tidak mampu mengalirkan limpasan air ", "k4_b": "50%", "k4_c": "Tidak terhubung dengan drainase dalam kota ", "k4_d": "50%", "k4_e": "Konstruksi drainase baik ", "Drainase": "Permasalahan Drainase ", "k5_a": "Sistem pengelolaan air limbah tidak sesuai standar teknis 25-50%", "k5_b": "Prasarana dan sarana pengelolaan air limbah tidak sesuai dengan persyaratan teknis 25-50%", "Air_Limbah": "Permasalahan Air Limbah 25-50%", "k6_a": "50%", "k6_b": "50%", "k6_c": "50%", "Sampah": "50%", "k7_a": "Tidak tersedia prasarana proteksi kebakaran ", "k7_b": "Tidak tersedia sarana proteksi kebakaran ", "Kebakaran": "Permasalahan Proteksi Kebakaran ", "Sumber": "Data SIM KOTAKU, download pada 281120", "city": "kebumen", "source_layer": "Profil Kumuh Basis", "role": "profil" }, "geometry": { "type": "Polygon", "coordinates": [ [ [ 109.685024724688986, -7.700631590536759 ], [ 109.685001368491598, -7.700935153411487 ], [ 109.684929503268876, -7.701125659034124 ], [ 109.685001368491598, -7.701316164571102 ], [ 109.685024724688986, -7.701625958438989 ], [ 109.685191811331833, -7.701768392325221 ], [ 109.685215167529222, -7.702054150165066 ], [ 109.685405610369457, -7.702077295651446 ], [ 109.685428966566832, -7.702291836445767 ], [ 109.685809852247303, -7.70224465528455 ], [ 109.685738885339845, -7.701030406233513 ], [ 109.685453221079513, -7.701030406233513 ], [ 109.685476577276901, -7.700673430593997 ], [ 109.685691274629804, -7.700673430593997 ], [ 109.685667020117123, -7.700470461767097 ], [ 109.685040894364107, -7.700627139466595 ], [ 109.685024724688986, -7.700631590536759 ] ] ] } },
{ "type": "Feature", "properties": { "FID": 20, "Id": 0, "Provinsi": "Jawa Tengah", "Kode_Prov": 33, "Kab_Kota": "Kebumen", "Kode_Kota": 3305, "Kecamatan": "Kebumen", "Kode_Kec": 330505, "Kelurahan": "Gesikan", "Kode_Kel": 33050503, "basis": "RT001-RW001", "Kode_RTRW": "33050503-RT001-RW001", "k1_a_p": 53.7, "k1_b_p": 0, "k1_c_p": 29.63, "k1_p": 27.7767, "k2_a_p": 16.67, "k2_b_p": 52.78, "k2_p": 26.39, "k3_a_p": 94.29, "k3_b_p": 100.0, "k3_p": 97.145, "k4_a_p": 23.25, "k4_b_p": 50.0, "k4_c_p": 20.0, "k4_d_p": 50.0, "k4_e_p": 0.0, "k4_p": 20.0, "k5_a_p": 35.71, "k5_b_p": 35.71, "k5_p": 35.71, "k6_a_p": 100, "k6_b_p": 95.71, "k6_c_p": 100, "k6_p": 98.57, "k7_a_p": 0, "k7_b_p": 0, "k7_p": 0, "k1_a": "50%", "k1_b": "Bangunan padat ", "k1_c": "Bangunan tidak sesuai persyaratan teknis 25-50%", "Bangunan": "Permasalahan Bangunan 25-50%", "k2_a": "Terjangkau pelayanan jalan lingkungan ", "k2_b": "50%", "Jalan": "Permasalahan Jalan 25-50%", "k3_a": "50%", "k3_b": "50%", "Air_Minum": "50%", "k4_a": "Tidak mampu mengalirkan limpasan air ", "k4_b": "50%", "k4_c": "Tidak terhubung dengan drainase dalam kota ", "k4_d": "50%", "k4_e": "Konstruksi drainase baik ", "Drainase": "Permasalahan Drainase ", "k5_a": "Sistem pengelolaan air limbah tidak sesuai standar teknis 25-50%", "k5_b": "Prasarana dan sarana pengelolaan air limbah tidak sesuai dengan persyaratan teknis 25-50%", "Air_Limbah": "Permasalahan Air Limbah 25-50%", "k6_a": "50%", "k6_b": "50%", "k6_c": "50%", "Sampah": "50%", "k7_a": "Tidak tersedia prasarana proteksi kebakaran ", "k7_b": "Tidak tersedia sarana proteksi kebakaran ", "Kebakaran": "Permasalahan Proteksi Kebakaran ", "Sumber": "Data SIM KOTAKU, download pada 281120", "city": "kebumen", "source_layer": "Profil Kumuh Basis", "role": "profil" }, "geometry": { "type": "Polygon", "coordinates": [ [ [ 109.685881717470025, -7.702791244264009 ], [ 109.685881717470025, -7.702577593932542 ], [ 109.685500831789568, -7.702553558263509 ], [ 109.685500831789568, -7.702291836445767 ], [ 109.684786671138696, -7.702291836445767 ], [ 109.68473906042864, -7.702482341458368 ], [ 109.684953757781528, -7.702553558263509 ], [ 109.685215167529222, -7.702553558263509 ], [ 109.685333745146721, -7.702695991837874 ], [ 109.685333745146721, -7.702839315573738 ], [ 109.685881717470025, -7.702791244264009 ] ] ] } },
{ "type": "Feature", "properties": { "FID": 21, "Id": 0, "Provinsi": "Jawa Tengah", "Kode_Prov": 33, "Kab_Kota": "Kebumen", "Kode_Kota": 3305, "Kecamatan": "Karanganyar", "Kode_Kec": 330502, "Kelurahan": "Giripurno", "Kode_Kel": 33050202, "basis": "RT004-RW003", "Kode_RTRW": "33050202-RT004-RW003", "k1_a_p": 21.43, "k1_b_p": 0, "k1_c_p": 26.19, "k1_p": 8.73, "k2_a_p": 33.33, "k2_b_p": 16.67, "k2_p": 16.665, "k3_a_p": 100.0, "k3_b_p": 100.0, "k3_p": 100.0, "k4_a_p": 45.7, "k4_b_p": 50.0, "k4_c_p": 0.0, "k4_d_p": 50.0, "k4_e_p": 12.5, "k4_p": 29.14, "k5_a_p": 0.0, "k5_b_p": 36.96, "k5_p": 18.48, "k6_a_p": 100, "k6_b_p": 100.0, "k6_c_p": 100, "k6_p": 100.0, "k7_a_p": 100, "k7_b_p": 100, "k7_p": 100, "k1_a": "Bangunan tidak teratur  ", "k1_b": "Bangunan padat ", "k1_c": "Bangunan tidak sesuai persyaratan teknis 25-50%", "Bangunan": "Permasalahan Bangunan ", "k2_a": "Terjangkau pelayanan jalan lingkungan 25-50%", "k2_b": "Kondisi permukaan jalan lingkungan tidak rusak ", "Jalan": "Permasalahan Jalan ", "k3_a": "50%", "k3_b": "50%", "Air_Minum": "50%", "k4_a": "Tidak mampu mengalirkan limpasan air 25-50%", "k4_b": "50%", "k4_c": "Tidak terhubung dengan drainase dalam kota ", "k4_d": "50%", "k4_e": "Konstruksi drainase baik ", "Drainase": "Permasalahan Drainase 25-50%", "k5_a": "Sistem pengelolaan air limbah tidak sesuai standar teknis ", "k5_b": "Prasarana dan sarana pengelolaan air limbah tidak sesuai dengan persyaratan teknis 25-50%", "Air_Limbah": "Permasalahan Air Limbah ", "k6_a": "50%", "k6_b": "50%", "k6_c": "50%", "Sampah": "50%", "k7_a": "50%", "k7_b": "50%", "Kebakaran": "50%", "Sumber": "Data SIM KOTAKU, download pada 281120", "city": "kebumen", "source_layer": "Profil Kumuh Basis", "role": "profil" }, "geometry": { "type": "Polygon", "coordinates": [ [ [ 109.60598106452403, -7.622825997491701 ], [ 109.606343085583532, -7.622730727177704 ], [ 109.606438307003643, -7.622426218181447 ], [ 109.60670510664302, -7.622083422707221 ], [ 109.60670510664302, -7.621892881727548 ], [ 109.607047364766274, -7.620941065937893 ], [ 109.607218942985554, -7.620884081576532 ], [ 109.607066229387243, -7.620808399209874 ], [ 109.60680032806313, -7.621131607341121 ], [ 109.606628749843864, -7.621131607341121 ], [ 109.606476036245567, -7.621169893687614 ], [ 109.606305356341579, -7.62118859166954 ], [ 109.606171507364252, -7.62141741928699 ], [ 109.606000827460264, -7.62141741928699 ], [ 109.605810384620042, -7.621283862326682 ], [ 109.605715163199932, -7.621302560303634 ], [ 109.605638806400776, -7.621379132962627 ], [ 109.605448363560527, -7.621397830935418 ], [ 109.605315412898491, -7.621322148659563 ], [ 109.605239056099336, -7.621474403577374 ], [ 109.60518156392115, -7.621949865954655 ], [ 109.605276785341275, -7.622312249846446 ], [ 109.605276785341275, -7.622464504412178 ], [ 109.605410634318616, -7.622483202337569 ], [ 109.605543584980666, -7.622292661535811 ], [ 109.605905606040153, -7.622406629876027 ], [ 109.60598106452403, -7.622197391103133 ], [ 109.606190371985235, -7.622273963602098 ], [ 109.606190371985235, -7.622483202337569 ], [ 109.60598106452403, -7.622540186486109 ], [ 109.60598106452403, -7.622825997491701 ] ] ] } },
{ "type": "Feature", "properties": { "FID": 22, "Id": 0, "Provinsi": "Jawa Tengah", "Kode_Prov": 33, "Kab_Kota": "Kebumen", "Kode_Kota": 3305, "Kecamatan": "Karanganyar", "Kode_Kec": 330502, "Kelurahan": "Giripurno", "Kode_Kel": 33050202, "basis": "RT004-RW003", "Kode_RTRW": "33050202-RT004-RW003", "k1_a_p": 21.43, "k1_b_p": 0, "k1_c_p": 26.19, "k1_p": 8.73, "k2_a_p": 33.33, "k2_b_p": 16.67, "k2_p": 16.665, "k3_a_p": 100.0, "k3_b_p": 100.0, "k3_p": 100.0, "k4_a_p": 45.7, "k4_b_p": 50.0, "k4_c_p": 0.0, "k4_d_p": 50.0, "k4_e_p": 12.5, "k4_p": 29.14, "k5_a_p": 0.0, "k5_b_p": 36.96, "k5_p": 18.48, "k6_a_p": 100, "k6_b_p": 100.0, "k6_c_p": 100, "k6_p": 100.0, "k7_a_p": 100, "k7_b_p": 100, "k7_p": 100, "k1_a": "Bangunan tidak teratur  ", "k1_b": "Bangunan padat ", "k1_c": "Bangunan tidak sesuai persyaratan teknis 25-50%", "Bangunan": "Permasalahan Bangunan ", "k2_a": "Terjangkau pelayanan jalan lingkungan 25-50%", "k2_b": "Kondisi permukaan jalan lingkungan tidak rusak ", "Jalan": "Permasalahan Jalan ", "k3_a": "50%", "k3_b": "50%", "Air_Minum": "50%", "k4_a": "Tidak mampu mengalirkan limpasan air 25-50%", "k4_b": "50%", "k4_c": "Tidak terhubung dengan drainase dalam kota ", "k4_d": "50%", "k4_e": "Konstruksi drainase baik ", "Drainase": "Permasalahan Drainase 25-50%", "k5_a": "Sistem pengelolaan air limbah tidak sesuai standar teknis ", "k5_b": "Prasarana dan sarana pengelolaan air limbah tidak sesuai dengan persyaratan teknis 25-50%", "Air_Limbah": "Permasalahan Air Limbah ", "k6_a": "50%", "k6_b": "50%", "k6_c": "50%", "Sampah": "50%", "k7_a": "50%", "k7_b": "50%", "Kebakaran": "50%", "Sumber": "Data SIM KOTAKU, download pada 281120", "city": "kebumen", "source_layer": "Profil Kumuh Basis", "role": "profil" }, "geometry": { "type": "Polygon", "coordinates": [ [ [ 109.604572506158505, -7.619437210485913 ], [ 109.604744084377799, -7.61924755871292 ], [ 109.604744084377799, -7.619057016471452 ], [ 109.604686592199613, -7.618885172227713 ], [ 109.604286841898187, -7.61878990103697 ], [ 109.604153891236123, -7.618675931734225 ], [ 109.604249112656234, -7.618504977723253 ], [ 109.604097297373229, -7.618352721749788 ], [ 109.604135026615154, -7.618162179110263 ], [ 109.604363198697328, -7.617971636385986 ], [ 109.604382063318297, -7.617762395446273 ], [ 109.604401826254531, -7.617210355029723 ], [ 109.604267977277203, -7.617229053184504 ], [ 109.604172755857093, -7.617800682093944 ], [ 109.604153891236123, -7.618028621134841 ], [ 109.603925719153949, -7.617971636385986 ], [ 109.603677784135542, -7.617685822140662 ], [ 109.603507104231554, -7.617685822140662 ], [ 109.603582562715417, -7.617914651629552 ], [ 109.603773005555652, -7.617914651629552 ], [ 109.603868226975791, -7.618105194379177 ], [ 109.604058669815998, -7.618162179110263 ], [ 109.60390685453298, -7.618447993037766 ], [ 109.603697547071789, -7.618466691138526 ], [ 109.603716411692773, -7.61863764516478 ], [ 109.603963448395888, -7.618580660496943 ], [ 109.603982313016857, -7.618809489507824 ], [ 109.604249112656234, -7.619114001075915 ], [ 109.604363198697328, -7.619037428011917 ], [ 109.604572506158505, -7.619437210485913 ] ] ] } },
{ "type": "Feature", "properties": { "FID": 23, "Id": 0, "Provinsi": "Jawa Tengah", "Kode_Prov": 33, "Kab_Kota": "Kebumen", "Kode_Kota": 3305, "Kecamatan": "Karanganyar", "Kode_Kec": 330502, "Kelurahan": "Giripurno", "Kode_Kel": 33050202, "basis": "RT001-RW003", "Kode_RTRW": "33050202-RT001-RW003", "k1_a_p": 50.94, "k1_b_p": 0, "k1_c_p": 37.74, "k1_p": 29.56, "k2_a_p": 12.5, "k2_b_p": 46.25, "k2_p": 23.125, "k3_a_p": 0.0, "k3_b_p": 100.0, "k3_p": 50.0, "k4_a_p": 62.31, "k4_b_p": 25.0, "k4_c_p": 0.0, "k4_d_p": 75.0, "k4_e_p": 75.0, "k4_p": 47.462, "k5_a_p": 21.67, "k5_b_p": 23.33, "k5_p": 0.0, "k6_a_p": 100, "k6_b_p": 100.0, "k6_c_p": 100, "k6_p": 100.0, "k7_a_p": 100, "k7_b_p": 100, "k7_p": 100, "k1_a": "50%", "k1_b": "Bangunan padat ", "k1_c": "Bangunan tidak sesuai persyaratan teknis 25-50%", "Bangunan": "Permasalahan Bangunan 25-50%", "k2_a": "Terjangkau pelayanan jalan lingkungan ", "k2_b": "Kondisi permukaan jalan lingkungan tidak rusak 25-50%", "Jalan": "Permasalahan Jalan ", "k3_a": "Tersedia akses aman air minum ", "k3_b": "50%", "Air_Minum": "50%", "k4_a": "50%", "k4_b": "Tidak tersedia drainase 25-50%", "k4_c": "Tidak terhubung dengan drainase dalam kota ", "k4_d": "50%", "k4_e": "50%", "Drainase": "Permasalahan Drainase 25-50%", "k5_a": "Sistem pengelolaan air limbah tidak sesuai standar teknis ", "k5_b": "Prasarana dan sarana pengelolaan air limbah tidak sesuai dengan persyaratan teknis ", "Air_Limbah": "Permasalahan Air Limbah ", "k6_a": "50%", "k6_b": "50%", "k6_c": "50%", "Sampah": "50%", "k7_a": "50%", "k7_b": "50%", "Kebakaran": "50%", "Sumber": "Data SIM KOTAKU, download pada 281120", "city": "kebumen", "source_layer": "Profil Kumuh Basis", "role": "profil" }, "geometry": { "type": "Polygon", "coordinates": [ [ [ 109.600270474262871, -7.606873712127282 ], [ 109.600118658979866, -7.606950287364106 ], [ 109.600251609641901, -7.607197821175695 ], [ 109.600499544660337, -7.607121245983053 ], [ 109.600899294961764, -7.607882545255827 ], [ 109.600784310605391, -7.60792083278591 ], [ 109.600841802783577, -7.608187064586636 ], [ 109.600651359943342, -7.60826363958902 ], [ 109.600651359943342, -7.608434597684552 ], [ 109.601032245623799, -7.608149667487477 ], [ 109.601069974865752, -7.607673299391516 ], [ 109.601032245623799, -7.607330492116639 ], [ 109.600841802783577, -7.606950287364106 ], [ 109.60059386776517, -7.606930698351337 ], [ 109.600384560303965, -7.607025972177772 ], [ 109.600270474262871, -7.606873712127282 ] ] ] } },
{ "type": "Feature", "properties": { "FID": 24, "Id": 0, "Provinsi": "Jawa Tengah", "Kode_Prov": 33, "Kab_Kota": "Kebumen", "Kode_Kota": 3305, "Kecamatan": "Karanganyar", "Kode_Kec": 330502, "Kelurahan": "Giripurno", "Kode_Kel": 33050202, "basis": "RT004-RW002", "Kode_RTRW": "33050202-RT004-RW002", "k1_a_p": 67.12, "k1_b_p": 0, "k1_c_p": 16.44, "k1_p": 22.3733, "k2_a_p": 36.51, "k2_b_p": 26.98, "k2_p": 31.745, "k3_a_p": 0.0, "k3_b_p": 100.0, "k3_p": 50.0, "k4_a_p": 88.43, "k4_b_p": 46.68, "k4_c_p": 0.03, "k4_d_p": 53.29, "k4_e_p": 53.32, "k4_p": 48.344, "k5_a_p": 8.99, "k5_b_p": 29.21, "k5_p": 14.605, "k6_a_p": 100, "k6_b_p": 100.0, "k6_c_p": 100, "k6_p": 100.0, "k7_a_p": 100, "k7_b_p": 100, "k7_p": 100, "k1_a": "50%", "k1_b": "Bangunan padat ", "k1_c": "Bangunan tidak sesuai persyaratan teknis ", "Bangunan": "Permasalahan Bangunan ", "k2_a": "Terjangkau pelayanan jalan lingkungan 25-50%", "k2_b": "Kondisi permukaan jalan lingkungan tidak rusak 25-50%", "Jalan": "Permasalahan Jalan 25-50%", "k3_a": "Tersedia akses aman air minum ", "k3_b": "50%", "Air_Minum": "50%", "k4_a": "50%", "k4_b": "Tidak tersedia drainase 25-50%", "k4_c": "Tidak terhubung dengan drainase dalam kota ", "k4_d": "50%", "k4_e": "50%", "Drainase": "Permasalahan Drainase 25-50%", "k5_a": "Sistem pengelolaan air limbah tidak sesuai standar teknis ", "k5_b": "Prasarana dan sarana pengelolaan air limbah tidak sesuai dengan persyaratan teknis 25-50%", "Air_Limbah": "Permasalahan Air Limbah ", "k6_a": "50%", "k6_b": "50%", "k6_c": "50%", "Sampah": "50%", "k7_a": "50%", "k7_b": "50%", "Kebakaran": "50%", "Sumber": "Data SIM KOTAKU, download pada 281120", "city": "kebumen", "source_layer": "Profil Kumuh Basis", "role": "profil" }, "geometry": { "type": "Polygon", "coordinates": [ [ [ 109.600270474262871, -7.607464053425138 ], [ 109.600023437559756, -7.607350081111154 ], [ 109.59996594538157, -7.607673299391516 ], [ 109.599566195080129, -7.607863846693381 ], [ 109.599528465838191, -7.607939531345871 ], [ 109.599166444778703, -7.60776857305303 ], [ 109.599166444778703, -7.607902134225134 ], [ 109.599433244418066, -7.608034804948255 ], [ 109.599319158377, -7.608168366037464 ], [ 109.599319158377, -7.608397200606977 ], [ 109.599052358737609, -7.608206653542033 ], [ 109.598900543454604, -7.608415899146171 ], [ 109.599185309399658, -7.608682130639621 ], [ 109.598271722755712, -7.608549460116717 ], [ 109.598252858134728, -7.608815691527266 ], [ 109.598252858134728, -7.609006238321645 ], [ 109.597643800372111, -7.60877740407706 ], [ 109.597548578952001, -7.608949252373321 ], [ 109.597244050070685, -7.608891376011803 ], [ 109.596996115052278, -7.608891376011803 ], [ 109.5969206565684, -7.609195894626381 ], [ 109.597148828650575, -7.609195894626381 ], [ 109.597548578952001, -7.609195894626381 ], [ 109.597548578952001, -7.609310756854669 ], [ 109.597281779312596, -7.609329455354038 ], [ 109.597244050070685, -7.60952000192016 ], [ 109.597129964029577, -7.609538700410407 ], [ 109.597186557892485, -7.609824520088392 ], [ 109.597586308193925, -7.609843218565359 ], [ 109.597853107833302, -7.609843218565359 ], [ 109.597834243212333, -7.610110339575886 ], [ 109.597739021792222, -7.610224311156403 ], [ 109.597739021792222, -7.610414857324923 ], [ 109.597776751034161, -7.610852044709336 ], [ 109.597472222152845, -7.61087163354301 ], [ 109.597358136111765, -7.610985604921187 ], [ 109.597053607230436, -7.610909920806246 ], [ 109.59697725043128, -7.611099576269066 ], [ 109.597053607230436, -7.611575940559233 ], [ 109.597206320828747, -7.611575940559233 ], [ 109.59737700073272, -7.611632926158504 ], [ 109.597472222152845, -7.611671213353758 ], [ 109.597739021792222, -7.611671213353758 ], [ 109.598310350312914, -7.611575940559233 ], [ 109.598366944175822, -7.611708610145823 ], [ 109.59891940807556, -7.612127988233424 ], [ 109.598938272696529, -7.611803882910863 ], [ 109.599242801577844, -7.611899155654735 ], [ 109.599585059701084, -7.6113471076859 ], [ 109.599433244418066, -7.611233136403812 ], [ 109.599470973660019, -7.61087163354301 ], [ 109.599680281121209, -7.610681087577461 ], [ 109.599661416500254, -7.610357871563774 ], [ 109.599489838280974, -7.610129038040392 ], [ 109.599052358737609, -7.610052463371058 ], [ 109.599356887618924, -7.609576987792649 ], [ 109.599566195080129, -7.609633973657565 ], [ 109.599737773299395, -7.609024936834287 ], [ 109.600365695682996, -7.609138908703255 ], [ 109.600404323240198, -7.609024936834287 ], [ 109.600423187861182, -7.608949252373321 ], [ 109.600004572938758, -7.608929663451835 ], [ 109.599737773299395, -7.608834390048216 ], [ 109.59954733045916, -7.608720418098332 ], [ 109.599566195080129, -7.608339324170968 ], [ 109.599851859340461, -7.608054393910606 ], [ 109.600137523600822, -7.60792083278591 ], [ 109.600518409281293, -7.60792083278591 ], [ 109.600270474262871, -7.607464053425138 ] ] ] } },
{ "type": "Feature", "properties": { "FID": 25, "Id": 0, "Provinsi": "Jawa Tengah", "Kode_Prov": 33, "Kab_Kota": "Kebumen", "Kode_Kota": 3305, "Kecamatan": "Karanganyar", "Kode_Kec": 330502, "Kelurahan": "Giripurno", "Kode_Kel": 33050202, "basis": "RT001-RW003", "Kode_RTRW": "33050202-RT001-RW003", "k1_a_p": 50.94, "k1_b_p": 0, "k1_c_p": 37.74, "k1_p": 29.56, "k2_a_p": 12.5, "k2_b_p": 46.25, "k2_p": 23.125, "k3_a_p": 0.0, "k3_b_p": 100.0, "k3_p": 50.0, "k4_a_p": 62.31, "k4_b_p": 25.0, "k4_c_p": 0.0, "k4_d_p": 75.0, "k4_e_p": 75.0, "k4_p": 47.462, "k5_a_p": 21.67, "k5_b_p": 23.33, "k5_p": 0.0, "k6_a_p": 100, "k6_b_p": 100.0, "k6_c_p": 100, "k6_p": 100.0, "k7_a_p": 100, "k7_b_p": 100, "k7_p": 100, "k1_a": "50%", "k1_b": "Bangunan padat ", "k1_c": "Bangunan tidak sesuai persyaratan teknis 25-50%", "Bangunan": "Permasalahan Bangunan 25-50%", "k2_a": "Terjangkau pelayanan jalan lingkungan ", "k2_b": "Kondisi permukaan jalan lingkungan tidak rusak 25-50%", "Jalan": "Permasalahan Jalan ", "k3_a": "Tersedia akses aman air minum ", "k3_b": "50%", "Air_Minum": "50%", "k4_a": "50%", "k4_b": "Tidak tersedia drainase 25-50%", "k4_c": "Tidak terhubung dengan drainase dalam kota ", "k4_d": "50%", "k4_e": "50%", "Drainase": "Permasalahan Drainase 25-50%", "k5_a": "Sistem pengelolaan air limbah tidak sesuai standar teknis ", "k5_b": "Prasarana dan sarana pengelolaan air limbah tidak sesuai dengan persyaratan teknis ", "Air_Limbah": "Permasalahan Air Limbah ", "k6_a": "50%", "k6_b": "50%", "k6_c": "50%", "Sampah": "50%", "k7_a": "50%", "k7_b": "50%", "Kebakaran": "50%", "Sumber": "Data SIM KOTAKU, download pada 281120", "city": "kebumen", "source_layer": "Profil Kumuh Basis", "role": "profil" }, "geometry": { "type": "Polygon", "coordinates": [ [ [ 109.601469725167178, -7.608491583701253 ], [ 109.601222688464048, -7.608568158649277 ], [ 109.601299045263204, -7.608872677493336 ], [ 109.600937024203688, -7.608910964935037 ], [ 109.60099361806661, -7.609291167949695 ], [ 109.600784310605391, -7.609329455354038 ], [ 109.600765445984422, -7.60944342714208 ], [ 109.60099361806661, -7.60952000192016 ], [ 109.601279282326942, -7.60952000192016 ], [ 109.601260417705973, -7.609024936834287 ], [ 109.601583811208258, -7.609006238321645 ], [ 109.601469725167178, -7.608491583701253 ] ] ] } },
{ "type": "Feature", "properties": { "FID": 26, "Id": 0, "Provinsi": "Jawa Tengah", "Kode_Prov": 33, "Kab_Kota": "Kebumen", "Kode_Kota": 3305, "Kecamatan": "Karanganyar", "Kode_Kec": 330502, "Kelurahan": "Giripurno", "Kode_Kel": 33050202, "basis": "RT001-RW003", "Kode_RTRW": "33050202-RT001-RW003", "k1_a_p": 50.94, "k1_b_p": 0, "k1_c_p": 37.74, "k1_p": 29.56, "k2_a_p": 12.5, "k2_b_p": 46.25, "k2_p": 23.125, "k3_a_p": 0.0, "k3_b_p": 100.0, "k3_p": 50.0, "k4_a_p": 62.31, "k4_b_p": 25.0, "k4_c_p": 0.0, "k4_d_p": 75.0, "k4_e_p": 75.0, "k4_p": 47.462, "k5_a_p": 21.67, "k5_b_p": 23.33, "k5_p": 0.0, "k6_a_p": 100, "k6_b_p": 100.0, "k6_c_p": 100, "k6_p": 100.0, "k7_a_p": 100, "k7_b_p": 100, "k7_p": 100, "k1_a": "50%", "k1_b": "Bangunan padat ", "k1_c": "Bangunan tidak sesuai persyaratan teknis 25-50%", "Bangunan": "Permasalahan Bangunan 25-50%", "k2_a": "Terjangkau pelayanan jalan lingkungan ", "k2_b": "Kondisi permukaan jalan lingkungan tidak rusak 25-50%", "Jalan": "Permasalahan Jalan ", "k3_a": "Tersedia akses aman air minum ", "k3_b": "50%", "Air_Minum": "50%", "k4_a": "50%", "k4_b": "Tidak tersedia drainase 25-50%", "k4_c": "Tidak terhubung dengan drainase dalam kota ", "k4_d": "50%", "k4_e": "50%", "Drainase": "Permasalahan Drainase 25-50%", "k5_a": "Sistem pengelolaan air limbah tidak sesuai standar teknis ", "k5_b": "Prasarana dan sarana pengelolaan air limbah tidak sesuai dengan persyaratan teknis ", "Air_Limbah": "Permasalahan Air Limbah ", "k6_a": "50%", "k6_b": "50%", "k6_c": "50%", "Sampah": "50%", "k7_a": "50%", "k7_b": "50%", "Kebakaran": "50%", "Sumber": "Data SIM KOTAKU, download pada 281120", "city": "kebumen", "source_layer": "Profil Kumuh Basis", "role": "profil" }, "geometry": { "type": "Polygon", "coordinates": [ [ [ 109.601962900258158, -7.610585814562937 ], [ 109.601583811208258, -7.610528828824504 ], [ 109.601336774505128, -7.610604513006709 ], [ 109.601413131304284, -7.610205612696051 ], [ 109.601336774505128, -7.610033764903213 ], [ 109.601013381002844, -7.610033764903213 ], [ 109.601088839486707, -7.610243009615939 ], [ 109.601032245623799, -7.610604513006709 ], [ 109.600689089185281, -7.610567116118349 ], [ 109.600746581363467, -7.610395268470382 ], [ 109.600804073541639, -7.609919793272057 ], [ 109.600556138523217, -7.609843218565359 ], [ 109.600556138523217, -7.609786232728247 ], [ 109.600460917103106, -7.609786232728247 ], [ 109.600423187861182, -7.60999547756175 ], [ 109.600270474262871, -7.609919793272057 ], [ 109.600118658979866, -7.610205612696051 ], [ 109.599909351518662, -7.610299995392353 ], [ 109.600004572938758, -7.610414857324923 ], [ 109.600213880399977, -7.610338282706627 ], [ 109.600289338883854, -7.610414857324923 ], [ 109.60019411746373, -7.610547527270763 ], [ 109.600042302180711, -7.610681087577461 ], [ 109.600137523600822, -7.610909920806246 ], [ 109.600061166801666, -7.611080877846883 ], [ 109.600137523600822, -7.611137863511948 ], [ 109.600327966441057, -7.61125183481936 ], [ 109.600442052482151, -7.61125183481936 ], [ 109.600556138523217, -7.611023892174243 ], [ 109.600670224564311, -7.611004303347525 ], [ 109.600746581363467, -7.610776360570822 ], [ 109.601222688464048, -7.611308820461704 ], [ 109.601241553085003, -7.611651624556613 ], [ 109.601641303386444, -7.611823471701054 ], [ 109.601583811208258, -7.611689911750199 ], [ 109.601431995925239, -7.61159463895983 ], [ 109.601450860546208, -7.611442380531272 ], [ 109.60169879556463, -7.611308820461704 ], [ 109.601793118669463, -7.610852044709336 ], [ 109.601843424325367, -7.610746086911674 ], [ 109.601962900258158, -7.610585814562937 ] ] ] } },
{ "type": "Feature", "properties": { "FID": 27, "Id": 0, "Provinsi": "Jawa Tengah", "Kode_Prov": 33, "Kab_Kota": "Kebumen", "Kode_Kota": 3305, "Kecamatan": "Karanganyar", "Kode_Kec": 330502, "Kelurahan": "Giripurno", "Kode_Kel": 33050202, "basis": "RT003-RW002", "Kode_RTRW": "33050202-RT003-RW002", "k1_a_p": 78.05, "k1_b_p": 0, "k1_c_p": 53.66, "k1_p": 43.9033, "k2_a_p": 24.24, "k2_b_p": 54.55, "k2_p": 27.275, "k3_a_p": 5.77, "k3_b_p": 100.0, "k3_p": 50.0, "k4_a_p": 66.11, "k4_b_p": 50.0, "k4_c_p": 0.0, "k4_d_p": 50.0, "k4_e_p": 38.0, "k4_p": 40.822, "k5_a_p": 0.0, "k5_b_p": 55.77, "k5_p": 27.885, "k6_a_p": 100, "k6_b_p": 100.0, "k6_c_p": 100, "k6_p": 100.0, "k7_a_p": 100, "k7_b_p": 100, "k7_p": 100, "k1_a": "50%", "k1_b": "Bangunan padat ", "k1_c": "50%", "Bangunan": "Permasalahan Bangunan 25-50%", "k2_a": "Terjangkau pelayanan jalan lingkungan ", "k2_b": "50%", "Jalan": "Permasalahan Jalan 25-50%", "k3_a": "Tersedia akses aman air minum ", "k3_b": "50%", "Air_Minum": "50%", "k4_a": "50%", "k4_b": "50%", "k4_c": "Tidak terhubung dengan drainase dalam kota ", "k4_d": "50%", "k4_e": "Konstruksi drainase baik 25-50%", "Drainase": "Permasalahan Drainase 25-50%", "k5_a": "Sistem pengelolaan air limbah tidak sesuai standar teknis ", "k5_b": "50%", "Air_Limbah": "Permasalahan Air Limbah 25-50%", "k6_a": "50%", "k6_b": "50%", "k6_c": "50%", "Sampah": "50%", "k7_a": "50%", "k7_b": "50%", "Kebakaran": "50%", "Sumber": "Data SIM KOTAKU, download pada 281120", "city": "kebumen", "source_layer": "Profil Kumuh Basis", "role": "profil" }, "geometry": { "type": "Polygon", "coordinates": [ [ [ 109.599394616860863, -7.615706486480363 ], [ 109.599375752239879, -7.615554229512389 ], [ 109.599509601217221, -7.615554229512389 ], [ 109.599642551879271, -7.61574477331175 ], [ 109.599737773299395, -7.615725184700769 ], [ 109.599756637920365, -7.61561121458276 ], [ 109.599680281121209, -7.615515942663976 ], [ 109.599680281121209, -7.615401972490315 ], [ 109.599566195080129, -7.615231017172992 ], [ 109.599928216139617, -7.615154443414994 ], [ 109.599814130098551, -7.614849929032673 ], [ 109.599832994719506, -7.614659384835436 ], [ 109.599700044057457, -7.614659384835436 ], [ 109.599509601217221, -7.614431444002219 ], [ 109.599300293756045, -7.614431444002219 ], [ 109.599205072335906, -7.614240899618926 ], [ 109.59912871553675, -7.614126929106187 ], [ 109.59891940807556, -7.614183914366345 ], [ 109.598766694477263, -7.614259597903278 ], [ 109.598805322034465, -7.614373568380739 ], [ 109.598994866559437, -7.614373568380739 ], [ 109.599052358737609, -7.614678973495132 ], [ 109.599319158377, -7.614545414433979 ], [ 109.599375752239879, -7.614697671760372 ], [ 109.599319158377, -7.614849929032673 ], [ 109.599470973660019, -7.615078760036084 ], [ 109.599185309399658, -7.615306700525012 ], [ 109.59912871553675, -7.615592516357379 ], [ 109.599394616860863, -7.615706486480363 ] ] ] } },
{ "type": "Feature", "properties": { "FID": 28, "Id": 0, "Provinsi": "Jawa Tengah", "Kode_Prov": 33, "Kab_Kota": "Kebumen", "Kode_Kota": 3305, "Kecamatan": "Karanganyar", "Kode_Kec": 330502, "Kelurahan": "Giripurno", "Kode_Kel": 33050202, "basis": "RT003-RW002", "Kode_RTRW": "33050202-RT003-RW002", "k1_a_p": 78.05, "k1_b_p": 0, "k1_c_p": 53.66, "k1_p": 43.9033, "k2_a_p": 24.24, "k2_b_p": 54.55, "k2_p": 27.275, "k3_a_p": 5.77, "k3_b_p": 100.0, "k3_p": 50.0, "k4_a_p": 66.11, "k4_b_p": 50.0, "k4_c_p": 0.0, "k4_d_p": 50.0, "k4_e_p": 38.0, "k4_p": 40.822, "k5_a_p": 0.0, "k5_b_p": 55.77, "k5_p": 27.885, "k6_a_p": 100, "k6_b_p": 100.0, "k6_c_p": 100, "k6_p": 100.0, "k7_a_p": 100, "k7_b_p": 100, "k7_p": 100, "k1_a": "50%", "k1_b": "Bangunan padat ", "k1_c": "50%", "Bangunan": "Permasalahan Bangunan 25-50%", "k2_a": "Terjangkau pelayanan jalan lingkungan ", "k2_b": "50%", "Jalan": "Permasalahan Jalan 25-50%", "k3_a": "Tersedia akses aman air minum ", "k3_b": "50%", "Air_Minum": "50%", "k4_a": "50%", "k4_b": "50%", "k4_c": "Tidak terhubung dengan drainase dalam kota ", "k4_d": "50%", "k4_e": "Konstruksi drainase baik 25-50%", "Drainase": "Permasalahan Drainase 25-50%", "k5_a": "Sistem pengelolaan air limbah tidak sesuai standar teknis ", "k5_b": "50%", "Air_Limbah": "Permasalahan Air Limbah 25-50%", "k6_a": "50%", "k6_b": "50%", "k6_c": "50%", "Sampah": "50%", "k7_a": "50%", "k7_b": "50%", "Kebakaran": "50%", "Sumber": "Data SIM KOTAKU, download pada 281120", "city": "kebumen", "source_layer": "Profil Kumuh Basis", "role": "profil" }, "geometry": { "type": "Polygon", "coordinates": [ [ [ 109.599052358737609, -7.613784126990681 ], [ 109.599375752239879, -7.613688854665738 ], [ 109.599319158377, -7.613612280632208 ], [ 109.599052358737609, -7.613612280632208 ], [ 109.599185309399658, -7.613498309952319 ], [ 109.599071223358578, -7.613422626280962 ], [ 109.598785559098232, -7.613555295296051 ], [ 109.598785559098232, -7.613764538290086 ], [ 109.598976001938453, -7.613727141677371 ], [ 109.599052358737609, -7.613784126990681 ] ] ] } },
{ "type": "Feature", "properties": { "FID": 29, "Id": 0, "Provinsi": "Jawa Tengah", "Kode_Prov": 33, "Kab_Kota": "Kebumen", "Kode_Kota": 3305, "Kecamatan": "Karanganyar", "Kode_Kec": 330502, "Kelurahan": "Giripurno", "Kode_Kel": 33050202, "basis": "RT002-RW002", "Kode_RTRW": "33050202-RT002-RW002", "k1_a_p": 66.67, "k1_b_p": 0, "k1_c_p": 26.67, "k1_p": 31.1133, "k2_a_p": 49.94, "k2_b_p": 12.52, "k2_p": 24.97, "k3_a_p": 8.57, "k3_b_p": 100.0, "k3_p": 50.0, "k4_a_p": 66.44, "k4_b_p": 75.76, "k4_c_p": 6.06, "k4_d_p": 24.24, "k4_e_p": 12.12, "k4_p": 28.44, "k5_a_p": 0.0, "k5_b_p": 40.0, "k5_p": 20.0, "k6_a_p": 100, "k6_b_p": 100.0, "k6_c_p": 100, "k6_p": 100.0, "k7_a_p": 100, "k7_b_p": 100, "k7_p": 100, "k1_a": "50%", "k1_b": "Bangunan padat ", "k1_c": "Bangunan tidak sesuai persyaratan teknis 25-50%", "Bangunan": "Permasalahan Bangunan 25-50%", "k2_a": "Terjangkau pelayanan jalan lingkungan 25-50%", "k2_b": "Kondisi permukaan jalan lingkungan tidak rusak ", "Jalan": "Permasalahan Jalan ", "k3_a": "Tersedia akses aman air minum ", "k3_b": "50%", "Air_Minum": "50%", "k4_a": "50%", "k4_b": "50%", "k4_c": "Tidak terhubung dengan drainase dalam kota ", "k4_d": "Drainase tidak terpelihara ", "k4_e": "Konstruksi drainase baik ", "Drainase": "Permasalahan Drainase 25-50%", "k5_a": "Sistem pengelolaan air limbah tidak sesuai standar teknis ", "k5_b": "Prasarana dan sarana pengelolaan air limbah tidak sesuai dengan persyaratan teknis 25-50%", "Air_Limbah": "Permasalahan Air Limbah ", "k6_a": "50%", "k6_b": "50%", "k6_c": "50%", "Sampah": "50%", "k7_a": "50%", "k7_b": "50%", "Kebakaran": "50%", "Sumber": "Data SIM KOTAKU, download pada 281120", "city": "kebumen", "source_layer": "Profil Kumuh Basis", "role": "profil" }, "geometry": { "type": "Polygon", "coordinates": [ [ [ 109.594673970042805, -7.61325077977756 ], [ 109.594826683641116, -7.613364750523262 ], [ 109.595150077143401, -7.613364750523262 ], [ 109.595302790741712, -7.613289066828323 ], [ 109.595283027805436, -7.613098521937191 ], [ 109.594673970042805, -7.613098521937191 ], [ 109.594673970042805, -7.61325077977756 ] ] ] } },
{ "type": "Feature", "properties": { "FID": 30, "Id": 0, "Provinsi": "Jawa Tengah", "Kode_Prov": 33, "Kab_Kota": "Kebumen", "Kode_Kota": 3305, "Kecamatan": "Karanganyar", "Kode_Kec": 330502, "Kelurahan": "Giripurno", "Kode_Kel": 33050202, "basis": "RT003-RW002", "Kode_RTRW": "33050202-RT003-RW002", "k1_a_p": 78.05, "k1_b_p": 0, "k1_c_p": 53.66, "k1_p": 43.9033, "k2_a_p": 24.24, "k2_b_p": 54.55, "k2_p": 27.275, "k3_a_p": 5.77, "k3_b_p": 100.0, "k3_p": 50.0, "k4_a_p": 66.11, "k4_b_p": 50.0, "k4_c_p": 0.0, "k4_d_p": 50.0, "k4_e_p": 38.0, "k4_p": 40.822, "k5_a_p": 0.0, "k5_b_p": 55.77, "k5_p": 27.885, "k6_a_p": 100, "k6_b_p": 100.0, "k6_c_p": 100, "k6_p": 100.0, "k7_a_p": 100, "k7_b_p": 100, "k7_p": 100, "k1_a": "50%", "k1_b": "Bangunan padat ", "k1_c": "50%", "Bangunan": "Permasalahan Bangunan 25-50%", "k2_a": "Terjangkau pelayanan jalan lingkungan ", "k2_b": "50%", "Jalan": "Permasalahan Jalan 25-50%", "k3_a": "Tersedia akses aman air minum ", "k3_b": "50%", "Air_Minum": "50%", "k4_a": "50%", "k4_b": "50%", "k4_c": "Tidak terhubung dengan drainase dalam kota ", "k4_d": "50%", "k4_e": "Konstruksi drainase baik 25-50%", "Drainase": "Permasalahan Drainase 25-50%", "k5_a": "Sistem pengelolaan air limbah tidak sesuai standar teknis ", "k5_b": "50%", "Air_Limbah": "Permasalahan Air Limbah 25-50%", "k6_a": "50%", "k6_b": "50%", "k6_c": "50%", "Sampah": "50%", "k7_a": "50%", "k7_b": "50%", "Kebakaran": "50%", "Sumber": "Data SIM KOTAKU, download pada 281120", "city": "kebumen", "source_layer": "Profil Kumuh Basis", "role": "profil" }, "geometry": { "type": "Polygon", "coordinates": [ [ [ 109.596882029011169, -7.613003249459862 ], [ 109.597681529614036, -7.613212492723376 ], [ 109.597834243212333, -7.612907976961357 ], [ 109.597910600011502, -7.612184973759319 ], [ 109.597681529614036, -7.612089701078962 ], [ 109.597643800372111, -7.612489490034915 ], [ 109.597358136111765, -7.612546475512756 ], [ 109.597358136111765, -7.612680035196764 ], [ 109.597662664993081, -7.612698733549204 ], [ 109.597624935751156, -7.612870580273917 ], [ 109.596806570527306, -7.612832293185773 ], [ 109.596882029011169, -7.613003249459862 ] ] ] } },
{ "type": "Feature", "properties": { "FID": 31, "Id": 0, "Provinsi": "Jawa Tengah", "Kode_Prov": 33, "Kab_Kota": "Kebumen", "Kode_Kota": 3305, "Kecamatan": "Karanganyar", "Kode_Kec": 330502, "Kelurahan": "Giripurno", "Kode_Kel": 33050202, "basis": "RT001-RW002", "Kode_RTRW": "33050202-RT001-RW002", "k1_a_p": 38.33, "k1_b_p": 0, "k1_c_p": 51.67, "k1_p": 30.0, "k2_a_p": 21.05, "k2_b_p": 33.33, "k2_p": 16.665, "k3_a_p": 11.25, "k3_b_p": 100.0, "k3_p": 50.0, "k4_a_p": 71.14, "k4_b_p": 49.44, "k4_c_p": 0.0, "k4_d_p": 50.56, "k4_e_p": 23.6, "k4_p": 34.228, "k5_a_p": 1.25, "k5_b_p": 42.5, "k5_p": 21.25, "k6_a_p": 100, "k6_b_p": 100.0, "k6_c_p": 100, "k6_p": 100.0, "k7_a_p": 0, "k7_b_p": 100, "k7_p": 50, "k1_a": "Bangunan tidak teratur 25-50%", "k1_b": "Bangunan padat ", "k1_c": "50%", "Bangunan": "Permasalahan Bangunan 25-50%", "k2_a": "Terjangkau pelayanan jalan lingkungan ", "k2_b": "Kondisi permukaan jalan lingkungan tidak rusak 25-50%", "Jalan": "Permasalahan Jalan ", "k3_a": "Tersedia akses aman air minum ", "k3_b": "50%", "Air_Minum": "50%", "k4_a": "50%", "k4_b": "Tidak tersedia drainase 25-50%", "k4_c": "Tidak terhubung dengan drainase dalam kota ", "k4_d": "50%", "k4_e": "Konstruksi drainase baik ", "Drainase": "Permasalahan Drainase 25-50%", "k5_a": "Sistem pengelolaan air limbah tidak sesuai standar teknis ", "k5_b": "Prasarana dan sarana pengelolaan air limbah tidak sesuai dengan persyaratan teknis 25-50%", "Air_Limbah": "Permasalahan Air Limbah ", "k6_a": "50%", "k6_b": "50%", "k6_c": "50%", "Sampah": "50%", "k7_a": "Tidak tersedia prasarana proteksi kebakaran ", "k7_b": "50%", "Kebakaran": "50%", "Sumber": "Data SIM KOTAKU, download pada 281120", "city": "kebumen", "source_layer": "Profil Kumuh Basis", "role": "profil" }, "geometry": { "type": "Polygon", "coordinates": [ [ [ 109.593900520583176, -7.610051572967846 ], [ 109.593950826239094, -7.6099002043949 ], [ 109.594293084362349, -7.609729246883562 ], [ 109.594522154759787, -7.609291167949695 ], [ 109.59476919146293, -7.609195894626381 ], [ 109.59488327750401, -7.609043635346116 ], [ 109.59488327750401, -7.608853978974055 ], [ 109.595168941764371, -7.608986649402762 ], [ 109.595245298563526, -7.609120210195581 ], [ 109.595378249225547, -7.609063224262397 ], [ 109.595340519983623, -7.608853978974055 ], [ 109.595226433942543, -7.60877740407706 ], [ 109.595073720344246, -7.60877740407706 ], [ 109.595112347901463, -7.608434597684552 ], [ 109.595226433942543, -7.608415899146171 ], [ 109.595245298563526, -7.608301927085085 ], [ 109.595073720344246, -7.608301927085085 ], [ 109.595035991102307, -7.608206653542033 ], [ 109.594826683641116, -7.608149667487477 ], [ 109.59476919146293, -7.60826363958902 ], [ 109.594160133700285, -7.608301927085085 ], [ 109.594083776901144, -7.608091791018071 ], [ 109.593931961618125, -7.607939531345871 ], [ 109.593684026599703, -7.607806860593286 ], [ 109.593684026599703, -7.607464053425138 ], [ 109.593817875577045, -7.607178232174226 ], [ 109.593588805179593, -7.60715953358108 ], [ 109.593532211316685, -7.607482752005009 ], [ 109.593246547056353, -7.607521039570777 ], [ 109.593246547056353, -7.607654600819949 ], [ 109.593037239595148, -7.607559327133124 ], [ 109.592846796754912, -7.607882545255827 ], [ 109.592675218535646, -7.608225352089536 ], [ 109.592484775695411, -7.608358913119416 ], [ 109.592332960412392, -7.608454186628649 ], [ 109.592123652951202, -7.608796102599682 ], [ 109.592351825033361, -7.608891376011803 ], [ 109.592599760051783, -7.608929663451835 ], [ 109.592694083156616, -7.608986649402762 ], [ 109.592884525996851, -7.60858685718102 ], [ 109.592979747416948, -7.608282338134037 ], [ 109.593056104216103, -7.608187064586636 ], [ 109.593265411677308, -7.608054393910606 ], [ 109.593436989896574, -7.607959120312576 ], [ 109.593569940558638, -7.607977818870866 ], [ 109.593722654156934, -7.608091791018071 ], [ 109.593836740198, -7.608225352089536 ], [ 109.593893334060908, -7.608529871176975 ], [ 109.59385560481897, -7.608891376011803 ], [ 109.59374151877789, -7.608891376011803 ], [ 109.59360856811584, -7.608967950888447 ], [ 109.593474719138513, -7.609006238321645 ], [ 109.593341768476463, -7.609024936834287 ], [ 109.593322903855494, -7.60917719612119 ], [ 109.593436989896574, -7.609253770946807 ], [ 109.593551075937668, -7.609215483535707 ], [ 109.593646297357779, -7.609234182039228 ], [ 109.593684026599703, -7.609729246883562 ], [ 109.593588805179593, -7.609747945364686 ], [ 109.593588805179593, -7.609919793272057 ], [ 109.593639110835497, -7.610119243606705 ], [ 109.59369390806782, -7.610096093126191 ], [ 109.59375589182244, -7.610070271434914 ], [ 109.593825960414605, -7.610043559338853 ], [ 109.593900520583176, -7.610051572967846 ] ] ] } },
{ "type": "Feature", "properties": { "FID": 32, "Id": 0, "Provinsi": "Jawa Tengah", "Kode_Prov": 33, "Kab_Kota": "Kebumen", "Kode_Kota": 3305, "Kecamatan": "Karanganyar", "Kode_Kec": 330502, "Kelurahan": "Giripurno", "Kode_Kel": 33050202, "basis": "RT001-RW002", "Kode_RTRW": "33050202-RT001-RW002", "k1_a_p": 38.33, "k1_b_p": 0, "k1_c_p": 51.67, "k1_p": 30.0, "k2_a_p": 21.05, "k2_b_p": 33.33, "k2_p": 16.665, "k3_a_p": 11.25, "k3_b_p": 100.0, "k3_p": 50.0, "k4_a_p": 71.14, "k4_b_p": 49.44, "k4_c_p": 0.0, "k4_d_p": 50.56, "k4_e_p": 23.6, "k4_p": 34.228, "k5_a_p": 1.25, "k5_b_p": 42.5, "k5_p": 21.25, "k6_a_p": 100, "k6_b_p": 100.0, "k6_c_p": 100, "k6_p": 100.0, "k7_a_p": 0, "k7_b_p": 100, "k7_p": 50, "k1_a": "Bangunan tidak teratur 25-50%", "k1_b": "Bangunan padat ", "k1_c": "50%", "Bangunan": "Permasalahan Bangunan 25-50%", "k2_a": "Terjangkau pelayanan jalan lingkungan ", "k2_b": "Kondisi permukaan jalan lingkungan tidak rusak 25-50%", "Jalan": "Permasalahan Jalan ", "k3_a": "Tersedia akses aman air minum ", "k3_b": "50%", "Air_Minum": "50%", "k4_a": "50%", "k4_b": "Tidak tersedia drainase 25-50%", "k4_c": "Tidak terhubung dengan drainase dalam kota ", "k4_d": "50%", "k4_e": "Konstruksi drainase baik ", "Drainase": "Permasalahan Drainase 25-50%", "k5_a": "Sistem pengelolaan air limbah tidak sesuai standar teknis ", "k5_b": "Prasarana dan sarana pengelolaan air limbah tidak sesuai dengan persyaratan teknis 25-50%", "Air_Limbah": "Permasalahan Air Limbah ", "k6_a": "50%", "k6_b": "50%", "k6_c": "50%", "Sampah": "50%", "k7_a": "Tidak tersedia prasarana proteksi kebakaran ", "k7_b": "50%", "Kebakaran": "50%", "Sumber": "Data SIM KOTAKU, download pada 281120", "city": "kebumen", "source_layer": "Profil Kumuh Basis", "role": "profil" }, "geometry": { "type": "Polygon", "coordinates": [ [ [ 109.592028431531091, -7.608891376011803 ], [ 109.591875717932794, -7.608891376011803 ], [ 109.591837988690841, -7.609024936834287 ], [ 109.59145710301037, -7.609063224262397 ], [ 109.591419373768446, -7.609138908703255 ], [ 109.591438238389401, -7.609253770946807 ], [ 109.591247795549194, -7.609367742754961 ], [ 109.59122893092821, -7.609424728647681 ], [ 109.591380746211215, -7.609538700410407 ], [ 109.591571189051464, -7.609406030152467 ], [ 109.591628681229651, -7.60952000192016 ], [ 109.591800259448917, -7.609386441251844 ], [ 109.591666410471575, -7.609215483535707 ], [ 109.59198980397386, -7.609120210195581 ], [ 109.592104788330232, -7.609043635346116 ], [ 109.592028431531091, -7.608891376011803 ] ] ] } },
{ "type": "Feature", "properties": { "FID": 33, "Id": 0, "Provinsi": "Jawa Tengah", "Kode_Prov": 33, "Kab_Kota": "Kebumen", "Kode_Kota": 3305, "Kecamatan": "Karanganyar", "Kode_Kec": 330502, "Kelurahan": "Giripurno", "Kode_Kel": 33050202, "basis": "RT006-RW001", "Kode_RTRW": "33050202-RT006-RW001", "k1_a_p": 87.5, "k1_b_p": 0, "k1_c_p": 12.5, "k1_p": 29.1667, "k2_a_p": 20.0, "k2_b_p": 66.67, "k2_p": 33.335, "k3_a_p": 21.82, "k3_b_p": 72.73, "k3_p": 36.365, "k4_a_p": -10.99, "k4_b_p": 20.0, "k4_c_p": 0.0, "k4_d_p": 80.0, "k4_e_p": 80.0, "k4_p": 32.0, "k5_a_p": 16.36, "k5_b_p": 21.82, "k5_p": 0.0, "k6_a_p": 100, "k6_b_p": 100.0, "k6_c_p": 100, "k6_p": 100.0, "k7_a_p": 100, "k7_b_p": 100, "k7_p": 100, "k1_a": "50%", "k1_b": "Bangunan padat ", "k1_c": "Bangunan tidak sesuai persyaratan teknis ", "Bangunan": "Permasalahan Bangunan 25-50%", "k2_a": "Terjangkau pelayanan jalan lingkungan ", "k2_b": "50%", "Jalan": "Permasalahan Jalan 25-50%", "k3_a": "Tersedia akses aman air minum ", "k3_b": "50%", "Air_Minum": "Permasalahan Air Minum 25-50%", "k4_a": "Tidak mampu mengalirkan limpasan air ", "k4_b": "Tidak tersedia drainase ", "k4_c": "Tidak terhubung dengan drainase dalam kota ", "k4_d": "50%", "k4_e": "50%", "Drainase": "Permasalahan Drainase 25-50%", "k5_a": "Sistem pengelolaan air limbah tidak sesuai standar teknis ", "k5_b": "Prasarana dan sarana pengelolaan air limbah tidak sesuai dengan persyaratan teknis ", "Air_Limbah": "Permasalahan Air Limbah ", "k6_a": "50%", "k6_b": "50%", "k6_c": "50%", "Sampah": "50%", "k7_a": "50%", "k7_b": "50%", "Kebakaran": "50%", "Sumber": "Data SIM KOTAKU, download pada 281120", "city": "kebumen", "source_layer": "Profil Kumuh Basis", "role": "profil" }, "geometry": { "type": "Polygon", "coordinates": [ [ [ 109.589648794343447, -7.607559327133124 ], [ 109.589611065101508, -7.607121245983053 ], [ 109.589439486882242, -7.606702753409701 ], [ 109.589134958000926, -7.606988574977397 ], [ 109.5887352076995, -7.606968985966374 ], [ 109.588677715521314, -7.607102547387422 ], [ 109.588791801562394, -7.607235218357831 ], [ 109.589020871959846, -7.607235218357831 ], [ 109.589039736580816, -7.607368779695991 ], [ 109.589325400841162, -7.607368779695991 ], [ 109.589381994704056, -7.607616313266106 ], [ 109.589648794343447, -7.607559327133124 ] ] ] } },
{ "type": "Feature", "properties": { "FID": 34, "Id": 0, "Provinsi": "Jawa Tengah", "Kode_Prov": 33, "Kab_Kota": "Kebumen", "Kode_Kota": 3305, "Kecamatan": "Karanganyar", "Kode_Kec": 330502, "Kelurahan": "Giripurno", "Kode_Kel": 33050202, "basis": "RT006-RW001", "Kode_RTRW": "33050202-RT006-RW001", "k1_a_p": 87.5, "k1_b_p": 0, "k1_c_p": 12.5, "k1_p": 29.1667, "k2_a_p": 20.0, "k2_b_p": 66.67, "k2_p": 33.335, "k3_a_p": 21.82, "k3_b_p": 72.73, "k3_p": 36.365, "k4_a_p": -10.99, "k4_b_p": 20.0, "k4_c_p": 0.0, "k4_d_p": 80.0, "k4_e_p": 80.0, "k4_p": 32.0, "k5_a_p": 16.36, "k5_b_p": 21.82, "k5_p": 0.0, "k6_a_p": 100, "k6_b_p": 100.0, "k6_c_p": 100, "k6_p": 100.0, "k7_a_p": 100, "k7_b_p": 100, "k7_p": 100, "k1_a": "50%", "k1_b": "Bangunan padat ", "k1_c": "Bangunan tidak sesuai persyaratan teknis ", "Bangunan": "Permasalahan Bangunan 25-50%", "k2_a": "Terjangkau pelayanan jalan lingkungan ", "k2_b": "50%", "Jalan": "Permasalahan Jalan 25-50%", "k3_a": "Tersedia akses aman air minum ", "k3_b": "50%", "Air_Minum": "Permasalahan Air Minum 25-50%", "k4_a": "Tidak mampu mengalirkan limpasan air ", "k4_b": "Tidak tersedia drainase ", "k4_c": "Tidak terhubung dengan drainase dalam kota ", "k4_d": "50%", "k4_e": "50%", "Drainase": "Permasalahan Drainase 25-50%", "k5_a": "Sistem pengelolaan air limbah tidak sesuai standar teknis ", "k5_b": "Prasarana dan sarana pengelolaan air limbah tidak sesuai dengan persyaratan teknis ", "Air_Limbah": "Permasalahan Air Limbah ", "k6_a": "50%", "k6_b": "50%", "k6_c": "50%", "Sampah": "50%", "k7_a": "50%", "k7_b": "50%", "Kebakaran": "50%", "Sumber": "Data SIM KOTAKU, download pada 281120", "city": "kebumen", "source_layer": "Profil Kumuh Basis", "role": "profil" }, "geometry": { "type": "Polygon", "coordinates": [ [ [ 109.589116093379957, -7.608511172642747 ], [ 109.589325400841162, -7.607959120312576 ], [ 109.588944515160705, -7.607730285509358 ], [ 109.588791801562394, -7.608054393910606 ], [ 109.589020871959846, -7.608301927085085 ], [ 109.589020871959846, -7.608491583701253 ], [ 109.589116093379957, -7.608511172642747 ] ] ] } },
{ "type": "Feature", "properties": { "FID": 35, "Id": 0, "Provinsi": "Jawa Tengah", "Kode_Prov": 33, "Kab_Kota": "Kebumen", "Kode_Kota": 3305, "Kecamatan": "Karanganyar", "Kode_Kec": 330502, "Kelurahan": "Giripurno", "Kode_Kel": 33050202, "basis": "RT005-RW001", "Kode_RTRW": "33050202-RT005-RW001", "k1_a_p": 44.74, "k1_b_p": 0, "k1_c_p": 21.05, "k1_p": 14.9133, "k2_a_p": 10.0, "k2_b_p": 60.0, "k2_p": 30.0, "k3_a_p": 0.0, "k3_b_p": 100.0, "k3_p": 50.0, "k4_a_p": 19.84, "k4_b_p": 89.47, "k4_c_p": 0.0, "k4_d_p": 10.53, "k4_e_p": 2.11, "k4_p": 17.894, "k5_a_p": 0.0, "k5_b_p": 22.22, "k5_p": 0.0, "k6_a_p": 100, "k6_b_p": 100.0, "k6_c_p": 100, "k6_p": 100.0, "k7_a_p": 100, "k7_b_p": 100, "k7_p": 100, "k1_a": "Bangunan tidak teratur 25-50%", "k1_b": "Bangunan padat ", "k1_c": "Bangunan tidak sesuai persyaratan teknis ", "Bangunan": "Permasalahan Bangunan ", "k2_a": "Terjangkau pelayanan jalan lingkungan ", "k2_b": "50%", "Jalan": "Permasalahan Jalan 25-50%", "k3_a": "Tersedia akses aman air minum ", "k3_b": "50%", "Air_Minum": "50%", "k4_a": "Tidak mampu mengalirkan limpasan air ", "k4_b": "50%", "k4_c": "Tidak terhubung dengan drainase dalam kota ", "k4_d": "Drainase tidak terpelihara ", "k4_e": "Konstruksi drainase baik ", "Drainase": "Permasalahan Drainase ", "k5_a": "Sistem pengelolaan air limbah tidak sesuai standar teknis ", "k5_b": "Prasarana dan sarana pengelolaan air limbah tidak sesuai dengan persyaratan teknis ", "Air_Limbah": "Permasalahan Air Limbah ", "k6_a": "50%", "k6_b": "50%", "k6_c": "50%", "Sampah": "50%", "k7_a": "50%", "k7_b": "50%", "Kebakaran": "50%", "Sumber": "Data SIM KOTAKU, download pada 281120", "city": "kebumen", "source_layer": "Profil Kumuh Basis", "role": "profil" }, "geometry": { "type": "Polygon", "coordinates": [ [ [ 109.587318564496442, -7.608832609236732 ], [ 109.587255682426559, -7.608721308504308 ], [ 109.587154172799444, -7.608477337197789 ], [ 109.587113748611657, -7.608288570982196 ], [ 109.587040985073642, -7.608301927085085 ], [ 109.58709757893655, -7.608796102599682 ], [ 109.586926899032562, -7.60877740407706 ], [ 109.586546013352091, -7.608682130639621 ], [ 109.586564877973061, -7.608397200606977 ], [ 109.586450791931981, -7.608377611660279 ], [ 109.586374435132839, -7.608643843177492 ], [ 109.586069906251524, -7.60877740407706 ], [ 109.586088770872479, -7.608929663451835 ], [ 109.58646965655295, -7.608834390048216 ], [ 109.586527148731136, -7.608967950888447 ], [ 109.586165127671634, -7.609081922772559 ], [ 109.586241484470776, -7.609215483535707 ], [ 109.586546013352091, -7.609138908703255 ], [ 109.58675532081331, -7.609101511687089 ], [ 109.586622370151247, -7.609463016040101 ], [ 109.58612739842971, -7.60952000192016 ], [ 109.585613562087175, -7.608986649402762 ], [ 109.585309033205874, -7.608872677493336 ], [ 109.585175184228532, -7.609063224262397 ], [ 109.585156319607577, -7.609310756854669 ], [ 109.585270405648643, -7.60944342714208 ], [ 109.585346762447799, -7.609615275171476 ], [ 109.585574934529973, -7.609615275171476 ], [ 109.58572764812827, -7.609805821610609 ], [ 109.585841734169335, -7.610033764903213 ], [ 109.585670155950083, -7.610167325369931 ], [ 109.58582286954838, -7.610604513006709 ], [ 109.586088770872479, -7.610510130377433 ], [ 109.586013312388616, -7.610319584251245 ], [ 109.58605104163054, -7.610072052241258 ], [ 109.585841734169335, -7.609710548401625 ], [ 109.585898328032243, -7.609615275171476 ], [ 109.586317841269931, -7.609729246883562 ], [ 109.586641234772216, -7.609615275171476 ], [ 109.586641234772216, -7.609824520088392 ], [ 109.586697828635124, -7.609938491744869 ], [ 109.586717591571357, -7.610033764903213 ], [ 109.586964628274487, -7.610357871563774 ], [ 109.587117341872798, -7.610129038040392 ], [ 109.587040985073642, -7.609862807445119 ], [ 109.587022120452673, -7.609653562546883 ], [ 109.587212563292908, -7.60948171453283 ], [ 109.587212563292908, -7.609195894626381 ], [ 109.587269157155816, -7.608949252373321 ], [ 109.587318564496442, -7.608832609236732 ] ] ] } },
{ "type": "Feature", "properties": { "FID": 36, "Id": 0, "Provinsi": "Jawa Tengah", "Kode_Prov": 33, "Kab_Kota": "Kebumen", "Kode_Kota": 3305, "Kecamatan": "Karanganyar", "Kode_Kec": 330502, "Kelurahan": "Giripurno", "Kode_Kel": 33050202, "basis": "RT002-RW002", "Kode_RTRW": "33050202-RT002-RW002", "k1_a_p": 66.67, "k1_b_p": 0, "k1_c_p": 26.67, "k1_p": 31.1133, "k2_a_p": 49.94, "k2_b_p": 12.52, "k2_p": 24.97, "k3_a_p": 8.57, "k3_b_p": 100.0, "k3_p": 50.0, "k4_a_p": 66.44, "k4_b_p": 75.76, "k4_c_p": 6.06, "k4_d_p": 24.24, "k4_e_p": 12.12, "k4_p": 28.44, "k5_a_p": 0.0, "k5_b_p": 40.0, "k5_p": 20.0, "k6_a_p": 100, "k6_b_p": 100.0, "k6_c_p": 100, "k6_p": 100.0, "k7_a_p": 100, "k7_b_p": 100, "k7_p": 100, "k1_a": "50%", "k1_b": "Bangunan padat ", "k1_c": "Bangunan tidak sesuai persyaratan teknis 25-50%", "Bangunan": "Permasalahan Bangunan 25-50%", "k2_a": "Terjangkau pelayanan jalan lingkungan 25-50%", "k2_b": "Kondisi permukaan jalan lingkungan tidak rusak ", "Jalan": "Permasalahan Jalan ", "k3_a": "Tersedia akses aman air minum ", "k3_b": "50%", "Air_Minum": "50%", "k4_a": "50%", "k4_b": "50%", "k4_c": "Tidak terhubung dengan drainase dalam kota ", "k4_d": "Drainase tidak terpelihara ", "k4_e": "Konstruksi drainase baik ", "Drainase": "Permasalahan Drainase 25-50%", "k5_a": "Sistem pengelolaan air limbah tidak sesuai standar teknis ", "k5_b": "Prasarana dan sarana pengelolaan air limbah tidak sesuai dengan persyaratan teknis 25-50%", "Air_Limbah": "Permasalahan Air Limbah ", "k6_a": "50%", "k6_b": "50%", "k6_c": "50%", "Sampah": "50%", "k7_a": "50%", "k7_b": "50%", "Kebakaran": "50%", "Sumber": "Data SIM KOTAKU, download pada 281120", "city": "kebumen", "source_layer": "Profil Kumuh Basis", "role": "profil" }, "geometry": { "type": "Polygon", "coordinates": [ [ [ 109.593900520583176, -7.610051572967846 ], [ 109.593825960414605, -7.610043559338853 ], [ 109.59375589182244, -7.610070271434914 ], [ 109.59369390806782, -7.610096093126191 ], [ 109.593639110835497, -7.610119243606705 ], [ 109.593646297357779, -7.61014773650408 ], [ 109.593551075937668, -7.610205612696051 ], [ 109.593551075937668, -7.610357871563774 ], [ 109.593684026599703, -7.610471843078499 ], [ 109.593684026599703, -7.610604513006709 ], [ 109.593684026599703, -7.610852044709336 ], [ 109.593684026599703, -7.611194849169442 ], [ 109.5932088178144, -7.611461969337976 ], [ 109.5932088178144, -7.611632926158504 ], [ 109.593379497718388, -7.611803882910863 ], [ 109.593418125275619, -7.611556351757737 ], [ 109.593588805179593, -7.611461969337976 ], [ 109.593836740198, -7.61132840927451 ], [ 109.594083776901144, -7.611385394906678 ], [ 109.593969690860064, -7.61159463895983 ], [ 109.593836740198, -7.611518954952392 ], [ 109.593760383398859, -7.611651624556613 ], [ 109.59402718303825, -7.611803882910863 ], [ 109.594160133700285, -7.611537653355473 ], [ 109.594350576540535, -7.611708610145823 ], [ 109.594350576540535, -7.611899155654735 ], [ 109.594673970042805, -7.611937442826213 ], [ 109.594636240800881, -7.612127988233424 ], [ 109.594503290138832, -7.612108399457151 ], [ 109.594445797960645, -7.612337231924155 ], [ 109.594673970042805, -7.612584762626425 ], [ 109.595416876782778, -7.612889278618044 ], [ 109.595530962823858, -7.612698733549204 ], [ 109.594692834663789, -7.6122802464185 ], [ 109.594826683641116, -7.612014017158917 ], [ 109.595092584965215, -7.612203672133351 ], [ 109.595512098202889, -7.612375519056513 ], [ 109.595892085568082, -7.612451202912739 ], [ 109.596140020586489, -7.612451202912739 ], [ 109.596291835869508, -7.612394217422234 ], [ 109.596349328047694, -7.612108399457151 ], [ 109.596596364750837, -7.611746897334319 ], [ 109.596882029011169, -7.611651624556613 ], [ 109.5969206565684, -7.611442380531272 ], [ 109.596786807591059, -7.611308820461704 ], [ 109.596387057289633, -7.6113471076859 ], [ 109.596177749828428, -7.611366696496956 ], [ 109.596102291344565, -7.611461969337976 ], [ 109.595873220947126, -7.611842170090852 ], [ 109.595911848504329, -7.612032715540408 ], [ 109.595530962823858, -7.612127988233424 ], [ 109.595017126481338, -7.61191874444057 ], [ 109.595073720344246, -7.611423682124038 ], [ 109.5947880560839, -7.6113471076859 ], [ 109.59476919146293, -7.611233136403812 ], [ 109.594350576540535, -7.611194849169442 ], [ 109.594331711919551, -7.611442380531272 ], [ 109.594083776901144, -7.611233136403812 ], [ 109.594160133700285, -7.611119165091434 ], [ 109.594064912280189, -7.610681087577461 ], [ 109.594064912280189, -7.610395268470382 ], [ 109.593893334060908, -7.610072052241258 ], [ 109.593900520583176, -7.610051572967846 ] ] ] } },
{ "type": "Feature", "properties": { "FID": 37, "Id": 0, "Provinsi": "Jawa Tengah", "Kode_Prov": 33, "Kab_Kota": "Kebumen", "Kode_Kota": 3305, "Kecamatan": "Karanganyar", "Kode_Kec": 330502, "Kelurahan": "Giripurno", "Kode_Kel": 33050202, "basis": "RT003-RW003", "Kode_RTRW": "33050202-RT003-RW003", "k1_a_p": 25.37, "k1_b_p": 0, "k1_c_p": 20.9, "k1_p": 8.45667, "k2_a_p": 16.67, "k2_b_p": 70.83, "k2_p": 35.415, "k3_a_p": 0.0, "k3_b_p": 100.0, "k3_p": 50.0, "k4_a_p": 68.83, "k4_b_p": 16.67, "k4_c_p": 0.0, "k4_d_p": 83.33, "k4_e_p": 76.67, "k4_p": 45.766, "k5_a_p": 67.06, "k5_b_p": 67.06, "k5_p": 67.06, "k6_a_p": 100, "k6_b_p": 100.0, "k6_c_p": 100, "k6_p": 100.0, "k7_a_p": 100, "k7_b_p": 100, "k7_p": 100, "k1_a": "Bangunan tidak teratur 25-50%", "k1_b": "Bangunan padat ", "k1_c": "Bangunan tidak sesuai persyaratan teknis ", "Bangunan": "Permasalahan Bangunan ", "k2_a": "Terjangkau pelayanan jalan lingkungan ", "k2_b": "50%", "Jalan": "Permasalahan Jalan 25-50%", "k3_a": "Tersedia akses aman air minum ", "k3_b": "50%", "Air_Minum": "50%", "k4_a": "50%", "k4_b": "Tidak tersedia drainase ", "k4_c": "Tidak terhubung dengan drainase dalam kota ", "k4_d": "50%", "k4_e": "50%", "Drainase": "Permasalahan Drainase 25-50%", "k5_a": "50%", "k5_b": "50%", "Air_Limbah": "50%", "k6_a": "50%", "k6_b": "50%", "k6_c": "50%", "Sampah": "50%", "k7_a": "50%", "k7_b": "50%", "Kebakaran": "50%", "Sumber": "Data SIM KOTAKU, download pada 281120", "city": "kebumen", "source_layer": "Profil Kumuh Basis", "role": "profil" }, "geometry": { "type": "Polygon", "coordinates": [ [ [ 109.602150648152531, -7.612046961925754 ], [ 109.602078782929809, -7.612584762626425 ], [ 109.602022189066915, -7.613022838195246 ], [ 109.60181288160571, -7.612584762626425 ], [ 109.601983561509698, -7.612470791673349 ], [ 109.60192696764679, -7.612394217422234 ], [ 109.601564946587303, -7.612394217422234 ], [ 109.601603574144505, -7.61229894478838 ], [ 109.601299045263204, -7.612166275384468 ], [ 109.601336774505128, -7.612051413921081 ], [ 109.601622438765489, -7.612127988233424 ], [ 109.601717660185599, -7.611994428377433 ], [ 109.601336774505128, -7.611880457267421 ], [ 109.601203823843079, -7.611975729994276 ], [ 109.600899294961764, -7.611860868479836 ], [ 109.600727716742483, -7.612108399457151 ], [ 109.600499544660337, -7.612108399457151 ], [ 109.600499544660337, -7.612166275384468 ], [ 109.60059386776517, -7.612260657649183 ], [ 109.600556138523217, -7.612355930291546 ], [ 109.600651359943342, -7.612432504549503 ], [ 109.600804073541639, -7.612223260905273 ], [ 109.601241553085003, -7.61241291578714 ], [ 109.601203823843079, -7.612680035196764 ], [ 109.601508352724395, -7.612755718999229 ], [ 109.601564946587303, -7.613003249459862 ], [ 109.601755389427524, -7.613022838195246 ], [ 109.60181288160571, -7.613212492723376 ], [ 109.601793118669463, -7.613479611634757 ], [ 109.601964696888729, -7.613536596980975 ], [ 109.602059918308839, -7.613859810598209 ], [ 109.60152721734535, -7.613650567650683 ], [ 109.601203823843079, -7.613650567650683 ], [ 109.601241553085003, -7.613821523598425 ], [ 109.601564946587303, -7.61380282529496 ], [ 109.601469725167178, -7.613955082885155 ], [ 109.60169879556463, -7.614316583145796 ], [ 109.602117410487025, -7.614373568380739 ], [ 109.60209854586607, -7.614202612653183 ], [ 109.602383311811124, -7.614221310939207 ], [ 109.602573754651345, -7.614354870101358 ], [ 109.60255489003039, -7.614411855331208 ], [ 109.602612382208576, -7.614849929032673 ], [ 109.602878283532661, -7.614849929032673 ], [ 109.602898046468937, -7.614697671760372 ], [ 109.603087590993866, -7.614659384835436 ], [ 109.603087590993866, -7.614583701369099 ], [ 109.602859418911706, -7.614583701369099 ], [ 109.602821689669781, -7.614336171821161 ], [ 109.602668976071485, -7.614316583145796 ], [ 109.602517160788452, -7.613993369873007 ], [ 109.602288090391013, -7.614107340421259 ], [ 109.602192868970903, -7.613916795893878 ], [ 109.602136275107995, -7.61380282529496 ], [ 109.60215513972895, -7.613707552974171 ], [ 109.602288090391013, -7.613688854665738 ], [ 109.602212631907136, -7.613441324601012 ], [ 109.602136275107995, -7.613422626280962 ], [ 109.602136275107995, -7.613327353875669 ], [ 109.602383311811124, -7.613175096062498 ], [ 109.602498296167497, -7.613175096062498 ], [ 109.602592619272329, -7.613136809001553 ], [ 109.60244080398931, -7.612489490034915 ], [ 109.602307853327247, -7.612451202912739 ], [ 109.602307853327247, -7.612355930291546 ], [ 109.602478533231249, -7.612166275384468 ], [ 109.602650111450501, -7.612127988233424 ], [ 109.602840554290751, -7.612318533555947 ], [ 109.602802825048798, -7.612489490034915 ], [ 109.603030997130972, -7.612623049736676 ], [ 109.602973504952786, -7.612775307745926 ], [ 109.603163947793036, -7.612870580273917 ], [ 109.603392119875195, -7.612870580273917 ], [ 109.603430747432398, -7.613022838195246 ], [ 109.603221439971222, -7.613041536532733 ], [ 109.603202575350238, -7.613364750523262 ], [ 109.603126218551083, -7.613688854665738 ], [ 109.603030997130972, -7.613707552974171 ], [ 109.603049861751941, -7.613859810598209 ], [ 109.603354390633257, -7.613879399294451 ], [ 109.603582562715417, -7.613821523598425 ], [ 109.603811633112883, -7.613707552974171 ], [ 109.604058669815998, -7.613688854665738 ], [ 109.604039805195043, -7.613574884006209 ], [ 109.603487341295306, -7.613574884006209 ], [ 109.603316661391332, -7.613707552974171 ], [ 109.603335526012287, -7.613212492723376 ], [ 109.603430747432398, -7.613212492723376 ], [ 109.603621190272648, -7.613117220271376 ], [ 109.603468476674351, -7.612775307745926 ], [ 109.603373255254212, -7.612546475512756 ], [ 109.603297796770363, -7.612203672133351 ], [ 109.603145083172066, -7.61229894478838 ], [ 109.603030997130972, -7.61229894478838 ], [ 109.603015725771144, -7.612158261794997 ], [ 109.60288277510908, -7.612278465621326 ], [ 109.60272287498853, -7.612110180255031 ], [ 109.602222513375267, -7.612084358685044 ], [ 109.602150648152531, -7.612046961925754 ] ] ] } },
{ "type": "Feature", "properties": { "FID": 38, "Id": 0, "Provinsi": "Jawa Tengah", "Kode_Prov": 33, "Kab_Kota": "Kebumen", "Kode_Kota": 3305, "Kecamatan": "Karanganyar", "Kode_Kec": 330502, "Kelurahan": "Giripurno", "Kode_Kel": 33050202, "basis": "RT002-RW003", "Kode_RTRW": "33050202-RT002-RW003", "k1_a_p": 20.45, "k1_b_p": 0, "k1_c_p": 47.73, "k1_p": 15.91, "k2_a_p": 13.33, "k2_b_p": 40.0, "k2_p": 20.0, "k3_a_p": 0.0, "k3_b_p": 100.0, "k3_p": 50.0, "k4_a_p": 48.99, "k4_b_p": 20.0, "k4_c_p": 0.0, "k4_d_p": 80.0, "k4_e_p": 80.0, "k4_p": 41.798, "k5_a_p": 52.0, "k5_b_p": 52.0, "k5_p": 52.0, "k6_a_p": 100, "k6_b_p": 100.0, "k6_c_p": 100, "k6_p": 100.0, "k7_a_p": 100, "k7_b_p": 100, "k7_p": 100, "k1_a": "Bangunan tidak teratur  ", "k1_b": "Bangunan padat ", "k1_c": "Bangunan tidak sesuai persyaratan teknis 25-50%", "Bangunan": "Permasalahan Bangunan ", "k2_a": "Terjangkau pelayanan jalan lingkungan ", "k2_b": "Kondisi permukaan jalan lingkungan tidak rusak 25-50%", "Jalan": "Permasalahan Jalan ", "k3_a": "Tersedia akses aman air minum ", "k3_b": "50%", "Air_Minum": "50%", "k4_a": "Tidak mampu mengalirkan limpasan air 25-50%", "k4_b": "Tidak tersedia drainase ", "k4_c": "Tidak terhubung dengan drainase dalam kota ", "k4_d": "50%", "k4_e": "50%", "Drainase": "Permasalahan Drainase 25-50%", "k5_a": "50%", "k5_b": "50%", "Air_Limbah": "50%", "k6_a": "50%", "k6_b": "50%", "k6_c": "50%", "Sampah": "50%", "k7_a": "50%", "k7_b": "50%", "Kebakaran": "50%", "Sumber": "Data SIM KOTAKU, download pada 281120", "city": "kebumen", "source_layer": "Profil Kumuh Basis", "role": "profil" }, "geometry": { "type": "Polygon", "coordinates": [ [ [ 109.601793118669463, -7.610852044709336 ], [ 109.601945832267759, -7.611442380531272 ], [ 109.601774254048493, -7.611575940559233 ], [ 109.601774254048493, -7.611842170090852 ], [ 109.60215513972895, -7.612014017158917 ], [ 109.602150648152531, -7.612046961925754 ], [ 109.602222513375267, -7.612084358685044 ], [ 109.60272287498853, -7.612110180255031 ], [ 109.60288277510908, -7.612278465621326 ], [ 109.603015725771144, -7.612158261794997 ], [ 109.602973504952786, -7.611766486127111 ], [ 109.602859418911706, -7.611956141211044 ], [ 109.602383311811124, -7.612014017158917 ], [ 109.602383311811124, -7.611728198940361 ], [ 109.602878283532661, -7.611518954952392 ], [ 109.602821689669781, -7.611423682124038 ], [ 109.603107353930127, -7.611176150751411 ], [ 109.603335526012287, -7.61161422775958 ], [ 109.603259169213146, -7.611785184519396 ], [ 109.603658919514587, -7.611785184519396 ], [ 109.603449612053367, -7.611423682124038 ], [ 109.603468476674351, -7.611214437987455 ], [ 109.603316661391332, -7.61125183481936 ], [ 109.603030997130972, -7.610604513006709 ], [ 109.603049861751941, -7.610490541527243 ], [ 109.603012132510003, -7.610299995392353 ], [ 109.60274533287064, -7.610395268470382 ], [ 109.602631246829546, -7.610452254226563 ], [ 109.602592619272329, -7.610604513006709 ], [ 109.602687840692454, -7.610719374857712 ], [ 109.602612382208576, -7.61081464784256 ], [ 109.602687840692454, -7.61125183481936 ], [ 109.602517160788452, -7.61125183481936 ], [ 109.602403074747372, -7.611062179423883 ], [ 109.602231496528105, -7.611062179423883 ], [ 109.602136275107995, -7.610681087577461 ], [ 109.6023455825692, -7.610604513006709 ], [ 109.602288090391013, -7.610433555776151 ], [ 109.601964696888729, -7.610585814562937 ], [ 109.601962900258158, -7.610585814562937 ], [ 109.601843424325367, -7.610746086911674 ], [ 109.601793118669463, -7.610852044709336 ] ] ] } },
{ "type": "Feature", "properties": { "FID": 39, "Id": 0, "Provinsi": "Jawa Tengah", "Kode_Prov": 33, "Kab_Kota": "Kebumen", "Kode_Kota": 3305, "Kecamatan": "Karanganyar", "Kode_Kec": 330502, "Kelurahan": "Giripurno", "Kode_Kel": 33050202, "basis": "RT006-RW001", "Kode_RTRW": "33050202-RT006-RW001", "k1_a_p": 87.5, "k1_b_p": 0, "k1_c_p": 12.5, "k1_p": 29.1667, "k2_a_p": 20.0, "k2_b_p": 66.67, "k2_p": 33.335, "k3_a_p": 21.82, "k3_b_p": 72.73, "k3_p": 36.365, "k4_a_p": -10.99, "k4_b_p": 20.0, "k4_c_p": 0.0, "k4_d_p": 80.0, "k4_e_p": 80.0, "k4_p": 32.0, "k5_a_p": 16.36, "k5_b_p": 21.82, "k5_p": 0.0, "k6_a_p": 100, "k6_b_p": 100.0, "k6_c_p": 100, "k6_p": 100.0, "k7_a_p": 100, "k7_b_p": 100, "k7_p": 100, "k1_a": "50%", "k1_b": "Bangunan padat ", "k1_c": "Bangunan tidak sesuai persyaratan teknis ", "Bangunan": "Permasalahan Bangunan 25-50%", "k2_a": "Terjangkau pelayanan jalan lingkungan ", "k2_b": "50%", "Jalan": "Permasalahan Jalan 25-50%", "k3_a": "Tersedia akses aman air minum ", "k3_b": "50%", "Air_Minum": "Permasalahan Air Minum 25-50%", "k4_a": "Tidak mampu mengalirkan limpasan air ", "k4_b": "Tidak tersedia drainase ", "k4_c": "Tidak terhubung dengan drainase dalam kota ", "k4_d": "50%", "k4_e": "50%", "Drainase": "Permasalahan Drainase 25-50%", "k5_a": "Sistem pengelolaan air limbah tidak sesuai standar teknis ", "k5_b": "Prasarana dan sarana pengelolaan air limbah tidak sesuai dengan persyaratan teknis ", "Air_Limbah": "Permasalahan Air Limbah ", "k6_a": "50%", "k6_b": "50%", "k6_c": "50%", "Sampah": "50%", "k7_a": "50%", "k7_b": "50%", "Kebakaran": "50%", "Sumber": "Data SIM KOTAKU, download pada 281120", "city": "kebumen", "source_layer": "Profil Kumuh Basis", "role": "profil" }, "geometry": { "type": "Polygon", "coordinates": [ [ [ 109.587318564496442, -7.608832609236732 ], [ 109.587326649334003, -7.608815691527266 ], [ 109.587745264256398, -7.608472885165359 ], [ 109.58820250673601, -7.607806860593286 ], [ 109.588296829840843, -7.608187064586636 ], [ 109.588449543439154, -7.608663432112031 ], [ 109.58865885090033, -7.608454186628649 ], [ 109.588468408060109, -7.607635011839339 ], [ 109.588240235977949, -7.607616313266106 ], [ 109.588145014557824, -7.607330492116639 ], [ 109.588012063895775, -7.607387478280017 ], [ 109.588012063895775, -7.607806860593286 ], [ 109.587726399635429, -7.608168366037464 ], [ 109.587612313594349, -7.608016106392446 ], [ 109.587650042836287, -7.60776857305303 ], [ 109.587631178215318, -7.607616313266106 ], [ 109.587497329237991, -7.607616313266106 ], [ 109.587440735375068, -7.607825559158213 ], [ 109.587421870754113, -7.608091791018071 ], [ 109.587554821416177, -7.608320625628434 ], [ 109.587459599996038, -7.608434597684552 ], [ 109.587250292534861, -7.60826363958902 ], [ 109.587113748611657, -7.608288570982196 ], [ 109.587154172799444, -7.608477337197789 ], [ 109.587255682426559, -7.608721308504308 ], [ 109.587318564496442, -7.608832609236732 ] ] ] } },
{ "type": "Feature", "properties": { "FID": 40, "Id": 0, "Provinsi": "Jawa Tengah", "Kode_Prov": 33, "Kab_Kota": "Kebumen", "Kode_Kota": 3305, "Kecamatan": "Gombong", "Kode_Kec": 330501, "Kelurahan": "Gombong", "Kode_Kel": 33050102, "basis": "RT004-RW005", "Kode_RTRW": "33050102-RT004-RW005", "k1_a_p": 0.0, "k1_b_p": 0, "k1_c_p": 14.89, "k1_p": 0.0, "k2_a_p": 0.0, "k2_b_p": 39.02, "k2_p": 19.51, "k3_a_p": 19.15, "k3_b_p": 0.0, "k3_p": 0.0, "k4_a_p": 0.0, "k4_b_p": 36.71, "k4_c_p": 22.15, "k4_d_p": 63.29, "k4_e_p": 28.48, "k4_p": 25.696, "k5_a_p": 0.0, "k5_b_p": 0.0, "k5_p": 0.0, "k6_a_p": 0, "k6_b_p": 44.68, "k6_c_p": 0, "k6_p": 14.8933, "k7_a_p": 0, "k7_b_p": 0, "k7_p": 0, "k1_a": "Bangunan tidak teratur  ", "k1_b": "Bangunan padat ", "k1_c": "Bangunan tidak sesuai persyaratan teknis ", "Bangunan": "Permasalahan Bangunan ", "k2_a": "Terjangkau pelayanan jalan lingkungan ", "k2_b": "Kondisi permukaan jalan lingkungan tidak rusak 25-50%", "Jalan": "Permasalahan Jalan ", "k3_a": "Tersedia akses aman air minum ", "k3_b": "Tidak terpenuhi kebutuhan air minum ", "Air_Minum": "Permasalahan Air Minum ", "k4_a": "Tidak mampu mengalirkan limpasan air ", "k4_b": "Tidak tersedia drainase 25-50%", "k4_c": "Tidak terhubung dengan drainase dalam kota ", "k4_d": "50%", "k4_e": "Konstruksi drainase baik 25-50%", "Drainase": "Permasalahan Drainase 25-50%", "k5_a": "Sistem pengelolaan air limbah tidak sesuai standar teknis ", "k5_b": "Prasarana dan sarana pengelolaan air limbah tidak sesuai dengan persyaratan teknis ", "Air_Limbah": "Permasalahan Air Limbah ", "k6_a": "Prasarana dan sarana persampahan tidak sesuai dengan persyaratan teknis ", "k6_b": "Sistem pengelolaan persampahan yang tidak sesuai standar teknis 25-50%", "k6_c": "Sarana dan prasarana pengelolaan persampahan tidak terpelihara ", "Sampah": "Permasalahan Persampahan ", "k7_a": "Tidak tersedia prasarana proteksi kebakaran ", "k7_b": "Tidak tersedia sarana proteksi kebakaran ", "Kebakaran": "Permasalahan Proteksi Kebakaran ", "Sumber": "Data SIM KOTAKU, download pada 281120", "city": "kebumen", "source_layer": "Profil Kumuh Basis", "role": "profil" }, "geometry": { "type": "Polygon", "coordinates": [ [ [ 109.518587563793176, -7.603515963595943 ], [ 109.518594750315444, -7.603236372636802 ], [ 109.518612716621121, -7.602556983655497 ], [ 109.518548936235959, -7.602548079467738 ], [ 109.517802436234845, -7.602451023809189 ], [ 109.517047851396185, -7.602352187290315 ], [ 109.517035274982206, -7.602463489674817 ], [ 109.517033478351649, -7.602462599255857 ], [ 109.517035274982206, -7.602466160931693 ], [ 109.516878968122768, -7.603338770620683 ], [ 109.517694638400755, -7.603429593159854 ], [ 109.517809622757127, -7.603421579407172 ], [ 109.518206678112705, -7.603466990670399 ], [ 109.518582173901464, -7.603515073179167 ], [ 109.518587563793176, -7.603515963595943 ] ] ] } },
{ "type": "Feature", "properties": { "FID": 41, "Id": 0, "Provinsi": "Jawa Tengah", "Kode_Prov": 33, "Kab_Kota": "Kebumen", "Kode_Kota": 3305, "Kecamatan": "Gombong", "Kode_Kec": 330501, "Kelurahan": "Gombong", "Kode_Kel": 33050102, "basis": "RT003-RW004", "Kode_RTRW": "33050102-RT003-RW004", "k1_a_p": 24.32, "k1_b_p": 0, "k1_c_p": 0.0, "k1_p": 0.0, "k2_a_p": 0.0, "k2_b_p": 60.26, "k2_p": 30.13, "k3_a_p": 24.32, "k3_b_p": 0.0, "k3_p": 0.0, "k4_a_p": 0.0, "k4_b_p": 33.77, "k4_c_p": 0.0, "k4_d_p": 66.23, "k4_e_p": 26.49, "k4_p": 25.298, "k5_a_p": 0.0, "k5_b_p": 0.0, "k5_p": 0.0, "k6_a_p": 100, "k6_b_p": 51.35, "k6_c_p": 100, "k6_p": 83.7833, "k7_a_p": 0, "k7_b_p": 0, "k7_p": 0, "k1_a": "Bangunan tidak teratur  ", "k1_b": "Bangunan padat ", "k1_c": "Bangunan tidak sesuai persyaratan teknis ", "Bangunan": "Permasalahan Bangunan ", "k2_a": "Terjangkau pelayanan jalan lingkungan ", "k2_b": "50%", "Jalan": "Permasalahan Jalan 25-50%", "k3_a": "Tersedia akses aman air minum ", "k3_b": "Tidak terpenuhi kebutuhan air minum ", "Air_Minum": "Permasalahan Air Minum ", "k4_a": "Tidak mampu mengalirkan limpasan air ", "k4_b": "Tidak tersedia drainase 25-50%", "k4_c": "Tidak terhubung dengan drainase dalam kota ", "k4_d": "50%", "k4_e": "Konstruksi drainase baik 25-50%", "Drainase": "Permasalahan Drainase 25-50%", "k5_a": "Sistem pengelolaan air limbah tidak sesuai standar teknis ", "k5_b": "Prasarana dan sarana pengelolaan air limbah tidak sesuai dengan persyaratan teknis ", "Air_Limbah": "Permasalahan Air Limbah ", "k6_a": "50%", "k6_b": "50%", "k6_c": "50%", "Sampah": "50%", "k7_a": "Tidak tersedia prasarana proteksi kebakaran ", "k7_b": "Tidak tersedia sarana proteksi kebakaran ", "Kebakaran": "Permasalahan Proteksi Kebakaran ", "Sumber": "Data SIM KOTAKU, download pada 281120", "city": "kebumen", "source_layer": "Profil Kumuh Basis", "role": "profil" }, "geometry": { "type": "Polygon", "coordinates": [ [ [ 109.517047851396185, -7.602352187290315 ], [ 109.517112530096639, -7.601753825176655 ], [ 109.516339978952303, -7.601724441301376 ], [ 109.515865668482292, -7.602197254323049 ], [ 109.515863871851707, -7.602219514810291 ], [ 109.515965381478821, -7.602284515426434 ], [ 109.517035274982206, -7.602463489674817 ], [ 109.517047851396185, -7.602352187290315 ] ] ] } },
{ "type": "Feature", "properties": { "FID": 42, "Id": 0, "Provinsi": "Jawa Tengah", "Kode_Prov": 33, "Kab_Kota": "Kebumen", "Kode_Kota": 3305, "Kecamatan": "Gombong", "Kode_Kec": 330501, "Kelurahan": "Gombong", "Kode_Kel": 33050102, "basis": "RT004-RW004", "Kode_RTRW": "33050102-RT004-RW004", "k1_a_p": 0.0, "k1_b_p": 0, "k1_c_p": 15.63, "k1_p": 0.0, "k2_a_p": 0.0, "k2_b_p": 68.0, "k2_p": 34.0, "k3_a_p": 21.88, "k3_b_p": 0.0, "k3_p": 0.0, "k4_a_p": 0.0, "k4_b_p": 42.86, "k4_c_p": 10.71, "k4_d_p": 57.14, "k4_e_p": 21.43, "k4_p": 20.0, "k5_a_p": 0.0, "k5_b_p": 0.0, "k5_p": 0.0, "k6_a_p": 0, "k6_b_p": 46.88, "k6_c_p": 0, "k6_p": 15.6267, "k7_a_p": 0, "k7_b_p": 0, "k7_p": 0, "k1_a": "Bangunan tidak teratur  ", "k1_b": "Bangunan padat ", "k1_c": "Bangunan tidak sesuai persyaratan teknis ", "Bangunan": "Permasalahan Bangunan ", "k2_a": "Terjangkau pelayanan jalan lingkungan ", "k2_b": "50%", "Jalan": "Permasalahan Jalan 25-50%", "k3_a": "Tersedia akses aman air minum ", "k3_b": "Tidak terpenuhi kebutuhan air minum ", "Air_Minum": "Permasalahan Air Minum ", "k4_a": "Tidak mampu mengalirkan limpasan air ", "k4_b": "Tidak tersedia drainase 25-50%", "k4_c": "Tidak terhubung dengan drainase dalam kota ", "k4_d": "50%", "k4_e": "Konstruksi drainase baik ", "Drainase": "Permasalahan Drainase ", "k5_a": "Sistem pengelolaan air limbah tidak sesuai standar teknis ", "k5_b": "Prasarana dan sarana pengelolaan air limbah tidak sesuai dengan persyaratan teknis ", "Air_Limbah": "Permasalahan Air Limbah ", "k6_a": "Prasarana dan sarana persampahan tidak sesuai dengan persyaratan teknis ", "k6_b": "Sistem pengelolaan persampahan yang tidak sesuai standar teknis 25-50%", "k6_c": "Sarana dan prasarana pengelolaan persampahan tidak terpelihara ", "Sampah": "Permasalahan Persampahan ", "k7_a": "Tidak tersedia prasarana proteksi kebakaran ", "k7_b": "Tidak tersedia sarana proteksi kebakaran ", "Kebakaran": "Permasalahan Proteksi Kebakaran ", "Sumber": "Data SIM KOTAKU, download pada 281120", "city": "kebumen", "source_layer": "Profil Kumuh Basis", "role": "profil" }, "geometry": { "type": "Polygon", "coordinates": [ [ [ 109.517033478351649, -7.602462599255857 ], [ 109.515965381478821, -7.602284515426434 ], [ 109.515863871851707, -7.602219514810291 ], [ 109.515808176304105, -7.60323726305416 ], [ 109.51687357823107, -7.603368154385458 ], [ 109.517035274982206, -7.602466160931693 ], [ 109.517033478351649, -7.602462599255857 ] ] ] } },
{ "type": "Feature", "properties": { "FID": 43, "Id": 0, "Provinsi": "Jawa Tengah", "Kode_Prov": 33, "Kab_Kota": "Kebumen", "Kode_Kota": 3305, "Kecamatan": "Gombong", "Kode_Kec": 330501, "Kelurahan": "Gombong", "Kode_Kel": 33050102, "basis": "RT001-RW004", "Kode_RTRW": "33050102-RT001-RW004", "k1_a_p": 0.0, "k1_b_p": 0, "k1_c_p": 0.0, "k1_p": 0.0, "k2_a_p": 0.0, "k2_b_p": 72.59, "k2_p": 36.295, "k3_a_p": 2.13, "k3_b_p": 0.0, "k3_p": 0.0, "k4_a_p": 0.0, "k4_b_p": 50.0, "k4_c_p": 15.62, "k4_d_p": 50.0, "k4_e_p": 25.0, "k4_p": 25.0, "k5_a_p": 0.0, "k5_b_p": 21.28, "k5_p": 0.0, "k6_a_p": 100, "k6_b_p": 55.32, "k6_c_p": 100, "k6_p": 85.1067, "k7_a_p": 100, "k7_b_p": 0, "k7_p": 50, "k1_a": "Bangunan tidak teratur  ", "k1_b": "Bangunan padat ", "k1_c": "Bangunan tidak sesuai persyaratan teknis ", "Bangunan": "Permasalahan Bangunan ", "k2_a": "Terjangkau pelayanan jalan lingkungan ", "k2_b": "50%", "Jalan": "Permasalahan Jalan 25-50%", "k3_a": "Tersedia akses aman air minum ", "k3_b": "Tidak terpenuhi kebutuhan air minum ", "Air_Minum": "Permasalahan Air Minum ", "k4_a": "Tidak mampu mengalirkan limpasan air ", "k4_b": "50%", "k4_c": "Tidak terhubung dengan drainase dalam kota ", "k4_d": "50%", "k4_e": "Konstruksi drainase baik 25-50%", "Drainase": "Permasalahan Drainase 25-50%", "k5_a": "Sistem pengelolaan air limbah tidak sesuai standar teknis ", "k5_b": "Prasarana dan sarana pengelolaan air limbah tidak sesuai dengan persyaratan teknis ", "Air_Limbah": "Permasalahan Air Limbah ", "k6_a": "50%", "k6_b": "50%", "k6_c": "50%", "Sampah": "50%", "k7_a": "50%", "k7_b": "Tidak tersedia sarana proteksi kebakaran ", "Kebakaran": "50%", "Sumber": "Data SIM KOTAKU, download pada 281120", "city": "kebumen", "source_layer": "Profil Kumuh Basis", "role": "profil" }, "geometry": { "type": "Polygon", "coordinates": [ [ [ 109.51687357823107, -7.603368154385458 ], [ 109.515808176304105, -7.60323726305416 ], [ 109.515686005425465, -7.605457958193556 ], [ 109.515709361622854, -7.60563336946907 ], [ 109.516185468723435, -7.605727753171401 ], [ 109.516256435630879, -7.605918301337367 ], [ 109.517302972936875, -7.605895150630128 ], [ 109.517330820710683, -7.60591384927838 ], [ 109.517214938039032, -7.605595972147309 ], [ 109.517019105307114, -7.605264738583725 ], [ 109.516989460902721, -7.605219327510723 ], [ 109.516825069205723, -7.605084875089933 ], [ 109.516576235872023, -7.604988710418758 ], [ 109.516574439241467, -7.604987820005036 ], [ 109.516687626967254, -7.604367201190921 ], [ 109.516727152839763, -7.604335146249317 ], [ 109.516779255126238, -7.603983432149466 ], [ 109.51684483214197, -7.603551580265561 ], [ 109.51687357823107, -7.603368154385458 ] ] ] } },
{ "type": "Feature", "properties": { "FID": 44, "Id": 0, "Provinsi": "Jawa Tengah", "Kode_Prov": 33, "Kab_Kota": "Kebumen", "Kode_Kota": 3305, "Kecamatan": "Gombong", "Kode_Kec": 330501, "Kelurahan": "Gombong", "Kode_Kel": 33050102, "basis": "RT002-RW005", "Kode_RTRW": "33050102-RT002-RW005", "k1_a_p": 0.0, "k1_b_p": 0, "k1_c_p": 17.78, "k1_p": 0.0, "k2_a_p": 0.0, "k2_b_p": 50.0, "k2_p": 25.0, "k3_a_p": 0.0, "k3_b_p": 0.0, "k3_p": 0.0, "k4_a_p": 0.0, "k4_b_p": 42.86, "k4_c_p": 14.29, "k4_d_p": 57.14, "k4_e_p": 28.57, "k4_p": 25.714, "k5_a_p": 0.0, "k5_b_p": 0.0, "k5_p": 0.0, "k6_a_p": 0, "k6_b_p": 71.11, "k6_c_p": 0, "k6_p": 23.7033, "k7_a_p": 0, "k7_b_p": 0, "k7_p": 0, "k1_a": "Bangunan tidak teratur  ", "k1_b": "Bangunan padat ", "k1_c": "Bangunan tidak sesuai persyaratan teknis ", "Bangunan": "Permasalahan Bangunan ", "k2_a": "Terjangkau pelayanan jalan lingkungan ", "k2_b": "50%", "Jalan": "Permasalahan Jalan 25-50%", "k3_a": "Tersedia akses aman air minum ", "k3_b": "Tidak terpenuhi kebutuhan air minum ", "Air_Minum": "Permasalahan Air Minum ", "k4_a": "Tidak mampu mengalirkan limpasan air ", "k4_b": "Tidak tersedia drainase 25-50%", "k4_c": "Tidak terhubung dengan drainase dalam kota ", "k4_d": "50%", "k4_e": "Konstruksi drainase baik 25-50%", "Drainase": "Permasalahan Drainase 25-50%", "k5_a": "Sistem pengelolaan air limbah tidak sesuai standar teknis ", "k5_b": "Prasarana dan sarana pengelolaan air limbah tidak sesuai dengan persyaratan teknis ", "Air_Limbah": "Permasalahan Air Limbah ", "k6_a": "Prasarana dan sarana persampahan tidak sesuai dengan persyaratan teknis ", "k6_b": "50%", "k6_c": "Sarana dan prasarana pengelolaan persampahan tidak terpelihara ", "Sampah": "Permasalahan Persampahan ", "k7_a": "Tidak tersedia prasarana proteksi kebakaran ", "k7_b": "Tidak tersedia sarana proteksi kebakaran ", "Kebakaran": "Permasalahan Proteksi Kebakaran ", "Sumber": "Data SIM KOTAKU, download pada 281120", "city": "kebumen", "source_layer": "Profil Kumuh Basis", "role": "profil" }, "geometry": { "type": "Polygon", "coordinates": [ [ [ 109.517795249712577, -7.605871999921645 ], [ 109.51779614802787, -7.60566008183976 ], [ 109.517850046944915, -7.604881860758847 ], [ 109.517931793635768, -7.604183775659395 ], [ 109.517935386896909, -7.604160624858582 ], [ 109.516779255126238, -7.603983432149466 ], [ 109.516727152839763, -7.604335146249317 ], [ 109.516687626967254, -7.604367201190921 ], [ 109.516574439241467, -7.604987820005036 ], [ 109.516576235872023, -7.604988710418758 ], [ 109.516825069205723, -7.605084875089933 ], [ 109.516989460902721, -7.605219327510723 ], [ 109.517019105307114, -7.605264738583725 ], [ 109.517214938039032, -7.605595972147309 ], [ 109.517330820710683, -7.60591384927838 ], [ 109.517347888701082, -7.605926315043427 ], [ 109.517795249712577, -7.605871999921645 ] ] ] } },
{ "type": "Feature", "properties": { "FID": 45, "Id": 0, "Provinsi": "Jawa Tengah", "Kode_Prov": 33, "Kab_Kota": "Kebumen", "Kode_Kota": 3305, "Kecamatan": "Gombong", "Kode_Kec": 330501, "Kelurahan": "Gombong", "Kode_Kel": 33050102, "basis": "RT001-RW005", "Kode_RTRW": "33050102-RT001-RW005", "k1_a_p": 0.0, "k1_b_p": 0, "k1_c_p": 32.0, "k1_p": 10.6667, "k2_a_p": 0.0, "k2_b_p": 42.86, "k2_p": 21.43, "k3_a_p": 71.43, "k3_b_p": 0.0, "k3_p": 35.715, "k4_a_p": 0.0, "k4_b_p": 35.29, "k4_c_p": 17.65, "k4_d_p": 64.71, "k4_e_p": 29.41, "k4_p": 25.882, "k5_a_p": 0.0, "k5_b_p": 2.86, "k5_p": 0.0, "k6_a_p": 0, "k6_b_p": 72.86, "k6_c_p": 0, "k6_p": 24.2867, "k7_a_p": 0, "k7_b_p": 0, "k7_p": 0, "k1_a": "Bangunan tidak teratur  ", "k1_b": "Bangunan padat ", "k1_c": "Bangunan tidak sesuai persyaratan teknis 25-50%", "Bangunan": "Permasalahan Bangunan ", "k2_a": "Terjangkau pelayanan jalan lingkungan ", "k2_b": "Kondisi permukaan jalan lingkungan tidak rusak 25-50%", "Jalan": "Permasalahan Jalan ", "k3_a": "50%", "k3_b": "Tidak terpenuhi kebutuhan air minum ", "Air_Minum": "Permasalahan Air Minum 25-50%", "k4_a": "Tidak mampu mengalirkan limpasan air ", "k4_b": "Tidak tersedia drainase 25-50%", "k4_c": "Tidak terhubung dengan drainase dalam kota ", "k4_d": "50%", "k4_e": "Konstruksi drainase baik 25-50%", "Drainase": "Permasalahan Drainase 25-50%", "k5_a": "Sistem pengelolaan air limbah tidak sesuai standar teknis ", "k5_b": "Prasarana dan sarana pengelolaan air limbah tidak sesuai dengan persyaratan teknis ", "Air_Limbah": "Permasalahan Air Limbah ", "k6_a": "Prasarana dan sarana persampahan tidak sesuai dengan persyaratan teknis ", "k6_b": "50%", "k6_c": "Sarana dan prasarana pengelolaan persampahan tidak terpelihara ", "Sampah": "Permasalahan Persampahan ", "k7_a": "Tidak tersedia prasarana proteksi kebakaran ", "k7_b": "Tidak tersedia sarana proteksi kebakaran ", "Kebakaran": "Permasalahan Proteksi Kebakaran ", "Sumber": "Data SIM KOTAKU, download pada 281120", "city": "kebumen", "source_layer": "Profil Kumuh Basis", "role": "profil" }, "geometry": { "type": "Polygon", "coordinates": [ [ [ 109.518906465719041, -7.604304872135602 ], [ 109.518558817704076, -7.604257680130554 ], [ 109.517935386896909, -7.604160624858582 ], [ 109.517931793635768, -7.604183775659395 ], [ 109.517850046944915, -7.604881860758847 ], [ 109.51779614802787, -7.60566008183976 ], [ 109.517795249712577, -7.605871999921645 ], [ 109.517846453683774, -7.605864876626472 ], [ 109.518099778593893, -7.60583460262068 ], [ 109.518099778593893, -7.604893436139954 ], [ 109.518535461506687, -7.60491925814284 ], [ 109.518895685935618, -7.60491925814284 ], [ 109.518906465719041, -7.604304872135602 ] ] ] } },
{ "type": "Feature", "properties": { "FID": 46, "Id": 0, "Provinsi": "Jawa Tengah", "Kode_Prov": 33, "Kab_Kota": "Kebumen", "Kode_Kota": 3305, "Kecamatan": "Gombong", "Kode_Kec": 330501, "Kelurahan": "Gombong", "Kode_Kel": 33050102, "basis": "RT003-RW005", "Kode_RTRW": "33050102-RT003-RW005", "k1_a_p": 0.0, "k1_b_p": 0, "k1_c_p": 13.73, "k1_p": 0.0, "k2_a_p": 0.0, "k2_b_p": 62.5, "k2_p": 31.25, "k3_a_p": 68.63, "k3_b_p": 0.0, "k3_p": 34.315, "k4_a_p": 0.0, "k4_b_p": 38.89, "k4_c_p": 11.11, "k4_d_p": 61.11, "k4_e_p": 33.33, "k4_p": 26.666, "k5_a_p": 0.0, "k5_b_p": 0.0, "k5_p": 0.0, "k6_a_p": 100, "k6_b_p": 76.47, "k6_c_p": 100, "k6_p": 92.1567, "k7_a_p": 100, "k7_b_p": 0, "k7_p": 50, "k1_a": "Bangunan tidak teratur  ", "k1_b": "Bangunan padat ", "k1_c": "Bangunan tidak sesuai persyaratan teknis ", "Bangunan": "Permasalahan Bangunan ", "k2_a": "Terjangkau pelayanan jalan lingkungan ", "k2_b": "50%", "Jalan": "Permasalahan Jalan 25-50%", "k3_a": "50%", "k3_b": "Tidak terpenuhi kebutuhan air minum ", "Air_Minum": "Permasalahan Air Minum 25-50%", "k4_a": "Tidak mampu mengalirkan limpasan air ", "k4_b": "Tidak tersedia drainase 25-50%", "k4_c": "Tidak terhubung dengan drainase dalam kota ", "k4_d": "50%", "k4_e": "Konstruksi drainase baik 25-50%", "Drainase": "Permasalahan Drainase 25-50%", "k5_a": "Sistem pengelolaan air limbah tidak sesuai standar teknis ", "k5_b": "Prasarana dan sarana pengelolaan air limbah tidak sesuai dengan persyaratan teknis ", "Air_Limbah": "Permasalahan Air Limbah ", "k6_a": "50%", "k6_b": "50%", "k6_c": "50%", "Sampah": "50%", "k7_a": "50%", "k7_b": "Tidak tersedia sarana proteksi kebakaran ", "Kebakaran": "50%", "Sumber": "Data SIM KOTAKU, download pada 281120", "city": "kebumen", "source_layer": "Profil Kumuh Basis", "role": "profil" }, "geometry": { "type": "Polygon", "coordinates": [ [ [ 109.518587563793176, -7.603515963595943 ], [ 109.518582173901464, -7.603515073179167 ], [ 109.518206678112705, -7.603466990670399 ], [ 109.517809622757127, -7.603421579407172 ], [ 109.517694638400755, -7.603429593159854 ], [ 109.516878968122768, -7.603338770620683 ], [ 109.51687357823107, -7.603368154385458 ], [ 109.51684483214197, -7.603551580265561 ], [ 109.516781950072087, -7.603965623832946 ], [ 109.516779255126238, -7.603983432149466 ], [ 109.517935386896909, -7.604160624858582 ], [ 109.518558817704076, -7.604257680130554 ], [ 109.518906465719041, -7.604304872135602 ], [ 109.518920838763577, -7.603532881514382 ], [ 109.518587563793176, -7.603532881514382 ], [ 109.518587563793176, -7.603515963595943 ] ] ] } },
{ "type": "Feature", "properties": { "FID": 47, "Id": 0, "Provinsi": "Jawa Tengah", "Kode_Prov": 33, "Kab_Kota": "Kebumen", "Kode_Kota": 3305, "Kecamatan": "Gombong", "Kode_Kec": 330501, "Kelurahan": "Gombong", "Kode_Kel": 33050102, "basis": "RT003-RW003", "Kode_RTRW": "33050102-RT003-RW003", "k1_a_p": 0.0, "k1_b_p": 100, "k1_c_p": 30.91, "k1_p": 43.6367, "k2_a_p": 0.0, "k2_b_p": 60.71, "k2_p": 30.355, "k3_a_p": 5.45, "k3_b_p": 0.0, "k3_p": 0.0, "k4_a_p": 0.0, "k4_b_p": 40.0, "k4_c_p": 6.67, "k4_d_p": 60.0, "k4_e_p": 33.33, "k4_p": 26.666, "k5_a_p": 12.73, "k5_b_p": 12.73, "k5_p": 0.0, "k6_a_p": 100, "k6_b_p": 50.91, "k6_c_p": 100, "k6_p": 83.6367, "k7_a_p": 0, "k7_b_p": 100, "k7_p": 50, "k1_a": "Bangunan tidak teratur  ", "k1_b": "50%", "k1_c": "Bangunan tidak sesuai persyaratan teknis 25-50%", "Bangunan": "Permasalahan Bangunan 25-50%", "k2_a": "Terjangkau pelayanan jalan lingkungan ", "k2_b": "50%", "Jalan": "Permasalahan Jalan 25-50%", "k3_a": "Tersedia akses aman air minum ", "k3_b": "Tidak terpenuhi kebutuhan air minum ", "Air_Minum": "Permasalahan Air Minum ", "k4_a": "Tidak mampu mengalirkan limpasan air ", "k4_b": "Tidak tersedia drainase 25-50%", "k4_c": "Tidak terhubung dengan drainase dalam kota ", "k4_d": "50%", "k4_e": "Konstruksi drainase baik 25-50%", "Drainase": "Permasalahan Drainase 25-50%", "k5_a": "Sistem pengelolaan air limbah tidak sesuai standar teknis ", "k5_b": "Prasarana dan sarana pengelolaan air limbah tidak sesuai dengan persyaratan teknis ", "Air_Limbah": "Permasalahan Air Limbah ", "k6_a": "50%", "k6_b": "50%", "k6_c": "50%", "Sampah": "50%", "k7_a": "Tidak tersedia prasarana proteksi kebakaran ", "k7_b": "50%", "Kebakaran": "50%", "Sumber": "Data SIM KOTAKU, download pada 281120", "city": "kebumen", "source_layer": "Profil Kumuh Basis", "role": "profil" }, "geometry": { "type": "Polygon", "coordinates": [ [ [ 109.516343572213444, -7.605952136984159 ], [ 109.516326504223031, -7.605916520513778 ], [ 109.516256435630879, -7.605918301337367 ], [ 109.516191756930425, -7.605747342239094 ], [ 109.515559342970406, -7.605667205138332 ], [ 109.515321289420129, -7.605649396891684 ], [ 109.515273678710059, -7.605654739365754 ], [ 109.515259305665509, -7.606640424693637 ], [ 109.516380403140076, -7.606745493095483 ], [ 109.516343572213444, -7.605952136984159 ] ] ] } },
{ "type": "Feature", "properties": { "FID": 48, "Id": 0, "Provinsi": "Jawa Tengah", "Kode_Prov": 33, "Kab_Kota": "Kebumen", "Kode_Kota": 3305, "Kecamatan": "Gombong", "Kode_Kec": 330501, "Kelurahan": "Gombong", "Kode_Kel": 33050102, "basis": "RT003-RW002", "Kode_RTRW": "33050102-RT003-RW002", "k1_a_p": 0.0, "k1_b_p": 0, "k1_c_p": 21.57, "k1_p": 0.0, "k2_a_p": 0.0, "k2_b_p": 53.33, "k2_p": 26.665, "k3_a_p": 41.18, "k3_b_p": 0.0, "k3_p": 20.59, "k4_a_p": 0.0, "k4_b_p": 25.0, "k4_c_p": 0.0, "k4_d_p": 75.0, "k4_e_p": 37.5, "k4_p": 27.5, "k5_a_p": 0.0, "k5_b_p": 0.0, "k5_p": 0.0, "k6_a_p": 100, "k6_b_p": 100.0, "k6_c_p": 100, "k6_p": 100.0, "k7_a_p": 0, "k7_b_p": 0, "k7_p": 0, "k1_a": "Bangunan tidak teratur  ", "k1_b": "Bangunan padat ", "k1_c": "Bangunan tidak sesuai persyaratan teknis ", "Bangunan": "Permasalahan Bangunan ", "k2_a": "Terjangkau pelayanan jalan lingkungan ", "k2_b": "50%", "Jalan": "Permasalahan Jalan 25-50%", "k3_a": "Tersedia akses aman air minum 25-50%", "k3_b": "Tidak terpenuhi kebutuhan air minum ", "Air_Minum": "Permasalahan Air Minum ", "k4_a": "Tidak mampu mengalirkan limpasan air ", "k4_b": "Tidak tersedia drainase 25-50%", "k4_c": "Tidak terhubung dengan drainase dalam kota ", "k4_d": "50%", "k4_e": "Konstruksi drainase baik 25-50%", "Drainase": "Permasalahan Drainase 25-50%", "k5_a": "Sistem pengelolaan air limbah tidak sesuai standar teknis ", "k5_b": "Prasarana dan sarana pengelolaan air limbah tidak sesuai dengan persyaratan teknis ", "Air_Limbah": "Permasalahan Air Limbah ", "k6_a": "50%", "k6_b": "50%", "k6_c": "50%", "Sampah": "50%", "k7_a": "Tidak tersedia prasarana proteksi kebakaran ", "k7_b": "Tidak tersedia sarana proteksi kebakaran ", "Kebakaran": "Permasalahan Proteksi Kebakaran ", "Sumber": "Data SIM KOTAKU, download pada 281120", "city": "kebumen", "source_layer": "Profil Kumuh Basis", "role": "profil" }, "geometry": { "type": "Polygon", "coordinates": [ [ [ 109.516380403140076, -7.606745493095483 ], [ 109.516417234066751, -7.60751658752842 ], [ 109.516423522273726, -7.60766083367723 ], [ 109.517766503623477, -7.607698230819002 ], [ 109.517822199171107, -7.607911038301795 ], [ 109.518030608317019, -7.607940421753469 ], [ 109.518433053564294, -7.607794394882879 ], [ 109.51840969736692, -7.607309122303419 ], [ 109.518406104105779, -7.60724946490255 ], [ 109.518242610724073, -7.607211177312545 ], [ 109.518071930820085, -7.607132821303746 ], [ 109.51793089532049, -7.607042889957826 ], [ 109.517838368846213, -7.606970766785596 ], [ 109.517743147426103, -7.60686302720943 ], [ 109.51766140073525, -7.606649328796485 ], [ 109.517684756932638, -7.606488164506316 ], [ 109.51776111373178, -7.606328780977491 ], [ 109.517810521072406, -7.606237959051904 ], [ 109.517771893515189, -7.606187205614524 ], [ 109.517639841168432, -7.606114191887064 ], [ 109.517517670289791, -7.606066109669511 ], [ 109.517443110121206, -7.606039397324096 ], [ 109.517337108917673, -7.605929876690516 ], [ 109.517335312287102, -7.605928095866976 ], [ 109.517233802660002, -7.605940561631608 ], [ 109.516588812286003, -7.605949465748981 ], [ 109.51648820097418, -7.605950356160711 ], [ 109.516343572213444, -7.605952136984159 ], [ 109.516380403140076, -7.606745493095483 ] ] ] } },
{ "type": "Feature", "properties": { "FID": 49, "Id": 0, "Provinsi": "Jawa Tengah", "Kode_Prov": 33, "Kab_Kota": "Kebumen", "Kode_Kota": 3305, "Kecamatan": "Gombong", "Kode_Kec": 330501, "Kelurahan": "Gombong", "Kode_Kel": 33050102, "basis": "RT004-RW002", "Kode_RTRW": "33050102-RT004-RW002", "k1_a_p": 0.0, "k1_b_p": 100, "k1_c_p": 26.83, "k1_p": 42.2767, "k2_a_p": 0.0, "k2_b_p": 73.08, "k2_p": 36.54, "k3_a_p": 60.98, "k3_b_p": 0.0, "k3_p": 30.49, "k4_a_p": 0.0, "k4_b_p": 40.67, "k4_c_p": 13.33, "k4_d_p": 59.33, "k4_e_p": 42.67, "k4_p": 28.534, "k5_a_p": 19.51, "k5_b_p": 0.0, "k5_p": 0.0, "k6_a_p": 100, "k6_b_p": 21.95, "k6_c_p": 100, "k6_p": 66.6667, "k7_a_p": 0, "k7_b_p": 0, "k7_p": 0, "k1_a": "Bangunan tidak teratur  ", "k1_b": "50%", "k1_c": "Bangunan tidak sesuai persyaratan teknis 25-50%", "Bangunan": "Permasalahan Bangunan 25-50%", "k2_a": "Terjangkau pelayanan jalan lingkungan ", "k2_b": "50%", "Jalan": "Permasalahan Jalan 25-50%", "k3_a": "50%", "k3_b": "Tidak terpenuhi kebutuhan air minum ", "Air_Minum": "Permasalahan Air Minum 25-50%", "k4_a": "Tidak mampu mengalirkan limpasan air ", "k4_b": "Tidak tersedia drainase 25-50%", "k4_c": "Tidak terhubung dengan drainase dalam kota ", "k4_d": "50%", "k4_e": "Konstruksi drainase baik 25-50%", "Drainase": "Permasalahan Drainase 25-50%", "k5_a": "Sistem pengelolaan air limbah tidak sesuai standar teknis ", "k5_b": "Prasarana dan sarana pengelolaan air limbah tidak sesuai dengan persyaratan teknis ", "Air_Limbah": "Permasalahan Air Limbah ", "k6_a": "50%", "k6_b": "Sistem pengelolaan persampahan yang tidak sesuai standar teknis ", "k6_c": "50%", "Sampah": "50%", "k7_a": "Tidak tersedia prasarana proteksi kebakaran ", "k7_b": "Tidak tersedia sarana proteksi kebakaran ", "Kebakaran": "Permasalahan Proteksi Kebakaran ", "Sumber": "Data SIM KOTAKU, download pada 281120", "city": "kebumen", "source_layer": "Profil Kumuh Basis", "role": "profil" }, "geometry": { "type": "Polygon", "coordinates": [ [ [ 109.518618106512832, -7.60718535544759 ], [ 109.51888849941335, -7.607114122708622 ], [ 109.51899629724744, -7.607093643293978 ], [ 109.518845380279714, -7.606836314913634 ], [ 109.518869634792395, -7.606731246534029 ], [ 109.518783396525095, -7.606683164385628 ], [ 109.518784294840401, -7.606532685034516 ], [ 109.518728599292771, -7.60650597271815 ], [ 109.518729497608049, -7.606273575495602 ], [ 109.518751057174882, -7.606081246664506 ], [ 109.518797769569659, -7.606020698681318 ], [ 109.518831007235164, -7.60583460262068 ], [ 109.518381849593098, -7.605801657376656 ], [ 109.518288424803558, -7.605813232732954 ], [ 109.518184220230609, -7.60582391767695 ], [ 109.518099778593893, -7.60583460262068 ], [ 109.517846453683774, -7.605864876626472 ], [ 109.517795249712577, -7.605871999921645 ], [ 109.517347888701082, -7.605926315043427 ], [ 109.517335312287102, -7.605928095866976 ], [ 109.517335312287102, -7.605928095866976 ], [ 109.517337108917673, -7.605929876690516 ], [ 109.517443110121206, -7.606039397324096 ], [ 109.517517670289791, -7.606066109669511 ], [ 109.517639841168432, -7.606114191887064 ], [ 109.517771893515189, -7.606187205614524 ], [ 109.517810521072406, -7.606237959051904 ], [ 109.51776111373178, -7.606328780977491 ], [ 109.517684756932638, -7.606488164506316 ], [ 109.51766140073525, -7.606649328796485 ], [ 109.517743147426103, -7.60686302720943 ], [ 109.517838368846213, -7.606970766785596 ], [ 109.51793089532049, -7.607042889957826 ], [ 109.518071930820085, -7.607132821303746 ], [ 109.518242610724073, -7.607211177312545 ], [ 109.518406104105779, -7.60724946490255 ], [ 109.518618106512832, -7.60718535544759 ] ] ] } },
{ "type": "Feature", "properties": { "FID": 50, "Id": 0, "Provinsi": "Jawa Tengah", "Kode_Prov": 33, "Kab_Kota": "Kebumen", "Kode_Kota": 3305, "Kecamatan": "Gombong", "Kode_Kec": 330501, "Kelurahan": "Gombong", "Kode_Kel": 33050102, "basis": "RT001-RW002", "Kode_RTRW": "33050102-RT001-RW002", "k1_a_p": 0.0, "k1_b_p": 0, "k1_c_p": 12.9, "k1_p": 0.0, "k2_a_p": 0.0, "k2_b_p": 53.6, "k2_p": 26.8, "k3_a_p": 9.68, "k3_b_p": 0.0, "k3_p": 0.0, "k4_a_p": 0.0, "k4_b_p": 46.67, "k4_c_p": 16.67, "k4_d_p": 53.33, "k4_e_p": 33.33, "k4_p": 26.666, "k5_a_p": 0.0, "k5_b_p": 9.68, "k5_p": 0.0, "k6_a_p": 100, "k6_b_p": 100.0, "k6_c_p": 100, "k6_p": 100.0, "k7_a_p": 0, "k7_b_p": 0, "k7_p": 0, "k1_a": "Bangunan tidak teratur  ", "k1_b": "Bangunan padat ", "k1_c": "Bangunan tidak sesuai persyaratan teknis ", "Bangunan": "Permasalahan Bangunan ", "k2_a": "Terjangkau pelayanan jalan lingkungan ", "k2_b": "50%", "Jalan": "Permasalahan Jalan 25-50%", "k3_a": "Tersedia akses aman air minum ", "k3_b": "Tidak terpenuhi kebutuhan air minum ", "Air_Minum": "Permasalahan Air Minum ", "k4_a": "Tidak mampu mengalirkan limpasan air ", "k4_b": "Tidak tersedia drainase 25-50%", "k4_c": "Tidak terhubung dengan drainase dalam kota ", "k4_d": "50%", "k4_e": "Konstruksi drainase baik 25-50%", "Drainase": "Permasalahan Drainase 25-50%", "k5_a": "Sistem pengelolaan air limbah tidak sesuai standar teknis ", "k5_b": "Prasarana dan sarana pengelolaan air limbah tidak sesuai dengan persyaratan teknis ", "Air_Limbah": "Permasalahan Air Limbah ", "k6_a": "50%", "k6_b": "50%", "k6_c": "50%", "Sampah": "50%", "k7_a": "Tidak tersedia prasarana proteksi kebakaran ", "k7_b": "Tidak tersedia sarana proteksi kebakaran ", "Kebakaran": "Permasalahan Proteksi Kebakaran ", "Sumber": "Data SIM KOTAKU, download pada 281120", "city": "kebumen", "source_layer": "Profil Kumuh Basis", "role": "profil" }, "geometry": { "type": "Polygon", "coordinates": [ [ [ 109.518406104105779, -7.60724946490255 ], [ 109.51840969736692, -7.607309122303419 ], [ 109.518433053564294, -7.607794394882879 ], [ 109.518611818305843, -7.607837134459905 ], [ 109.518792379677947, -7.607879874032673 ], [ 109.518775311687563, -7.607992065390923 ], [ 109.518727700977493, -7.608309050339792 ], [ 109.519989833951684, -7.608593980430991 ], [ 109.520071580642522, -7.607961791535238 ], [ 109.519573015659859, -7.607529053246899 ], [ 109.519441861628366, -7.607456930156402 ], [ 109.519017856814273, -7.607592272242178 ], [ 109.518618106512832, -7.60718535544759 ], [ 109.518406104105779, -7.60724946490255 ] ] ] } },
{ "type": "Feature", "properties": { "FID": 51, "Id": 0, "Provinsi": "Jawa Tengah", "Kode_Prov": 33, "Kab_Kota": "Kebumen", "Kode_Kota": 3305, "Kecamatan": "Karanganyar", "Kode_Kec": 330502, "Kelurahan": "Grenggeng", "Kode_Kel": 33050203, "basis": "RT007-RW006", "Kode_RTRW": "33050203-RT007-RW006", "k1_a_p": 100.0, "k1_b_p": 0, "k1_c_p": 34.48, "k1_p": 44.8267, "k2_a_p": 0.0, "k2_b_p": 7.14, "k2_p": 0.0, "k3_a_p": 73.53, "k3_b_p": 76.47, "k3_p": 75.0, "k4_a_p": -400.0, "k4_b_p": 0.0, "k4_c_p": 0.0, "k4_d_p": 100.0, "k4_e_p": 11.11, "k4_p": 20.0, "k5_a_p": 20.59, "k5_b_p": 100.0, "k5_p": 50.0, "k6_a_p": 100, "k6_b_p": 100.0, "k6_c_p": 100, "k6_p": 100.0, "k7_a_p": 100, "k7_b_p": 100, "k7_p": 100, "k1_a": "50%", "k1_b": "Bangunan padat ", "k1_c": "Bangunan tidak sesuai persyaratan teknis 25-50%", "Bangunan": "Permasalahan Bangunan 25-50%", "k2_a": "Terjangkau pelayanan jalan lingkungan ", "k2_b": "Kondisi permukaan jalan lingkungan tidak rusak ", "Jalan": "Permasalahan Jalan ", "k3_a": "50%", "k3_b": "50%", "Air_Minum": "50%", "k4_a": "Tidak mampu mengalirkan limpasan air ", "k4_b": "Tidak tersedia drainase ", "k4_c": "Tidak terhubung dengan drainase dalam kota ", "k4_d": "50%", "k4_e": "Konstruksi drainase baik ", "Drainase": "Permasalahan Drainase ", "k5_a": "Sistem pengelolaan air limbah tidak sesuai standar teknis ", "k5_b": "50%", "Air_Limbah": "50%", "k6_a": "50%", "k6_b": "50%", "k6_c": "50%", "Sampah": "50%", "k7_a": "50%", "k7_b": "50%", "Kebakaran": "50%", "Sumber": "Data SIM KOTAKU, download pada 281120", "city": "kebumen", "source_layer": "Profil Kumuh Basis", "role": "profil" }, "geometry": { "type": "Polygon", "coordinates": [ [ [ 109.537637237708211, -7.596742509740659 ], [ 109.537577948899468, -7.597605336341566 ], [ 109.538469975976582, -7.5976347204987 ], [ 109.538678385122509, -7.598378228048099 ], [ 109.539689888132429, -7.598586588016692 ], [ 109.539808465749914, -7.598170758406288 ], [ 109.540105808108976, -7.598170758406288 ], [ 109.540225284041753, -7.597605336341566 ], [ 109.539511123390881, -7.597575952182427 ], [ 109.53942219017776, -7.598140483857901 ], [ 109.538796962739994, -7.598140483857901 ], [ 109.538827505459665, -7.597486018834381 ], [ 109.539154492223091, -7.597545677592117 ], [ 109.539630599323687, -7.597427250497763 ], [ 109.539897398963049, -7.597070188158527 ], [ 109.540254928446146, -7.596980254704593 ], [ 109.540492981996422, -7.596564423539165 ], [ 109.539749176941172, -7.596682850871382 ], [ 109.539540767795259, -7.597128956543991 ], [ 109.538767318335644, -7.597277658331914 ], [ 109.538796962739994, -7.597099572352263 ], [ 109.53805405600005, -7.597099572352263 ], [ 109.538024411595657, -7.596772784387573 ], [ 109.537637237708211, -7.596742509740659 ] ] ] } },
{ "type": "Feature", "properties": { "FID": 52, "Id": 0, "Provinsi": "Jawa Tengah", "Kode_Prov": 33, "Kab_Kota": "Kebumen", "Kode_Kota": 3305, "Kecamatan": "Karanganyar", "Kode_Kec": 330502, "Kelurahan": "Grenggeng", "Kode_Kel": 33050203, "basis": "RT003-RW009", "Kode_RTRW": "33050203-RT003-RW009", "k1_a_p": 87.18, "k1_b_p": 0, "k1_c_p": 23.08, "k1_p": 29.06, "k2_a_p": 0.0, "k2_b_p": 9.09, "k2_p": 0.0, "k3_a_p": 6.38, "k3_b_p": 21.28, "k3_p": 0.0, "k4_a_p": -303.59, "k4_b_p": 0.0, "k4_c_p": 0.0, "k4_d_p": 100.0, "k4_e_p": 14.29, "k4_p": 20.0, "k5_a_p": 12.77, "k5_b_p": 19.15, "k5_p": 0.0, "k6_a_p": 100, "k6_b_p": 100.0, "k6_c_p": 100, "k6_p": 100.0, "k7_a_p": 100, "k7_b_p": 100, "k7_p": 100, "k1_a": "50%", "k1_b": "Bangunan padat ", "k1_c": "Bangunan tidak sesuai persyaratan teknis ", "Bangunan": "Permasalahan Bangunan 25-50%", "k2_a": "Terjangkau pelayanan jalan lingkungan ", "k2_b": "Kondisi permukaan jalan lingkungan tidak rusak ", "Jalan": "Permasalahan Jalan ", "k3_a": "Tersedia akses aman air minum ", "k3_b": "Tidak terpenuhi kebutuhan air minum ", "Air_Minum": "Permasalahan Air Minum ", "k4_a": "Tidak mampu mengalirkan limpasan air ", "k4_b": "Tidak tersedia drainase ", "k4_c": "Tidak terhubung dengan drainase dalam kota ", "k4_d": "50%", "k4_e": "Konstruksi drainase baik ", "Drainase": "Permasalahan Drainase ", "k5_a": "Sistem pengelolaan air limbah tidak sesuai standar teknis ", "k5_b": "Prasarana dan sarana pengelolaan air limbah tidak sesuai dengan persyaratan teknis ", "Air_Limbah": "Permasalahan Air Limbah ", "k6_a": "50%", "k6_b": "50%", "k6_c": "50%", "Sampah": "50%", "k7_a": "50%", "k7_b": "50%", "Kebakaran": "50%", "Sumber": "Data SIM KOTAKU, download pada 281120", "city": "kebumen", "source_layer": "Profil Kumuh Basis", "role": "profil" }, "geometry": { "type": "Polygon", "coordinates": [ [ [ 109.556107498264993, -7.610602732202577 ], [ 109.556138040984649, -7.610781702981036 ], [ 109.556465027748075, -7.611108480279345 ], [ 109.557208832803312, -7.610930400038665 ], [ 109.557565463971116, -7.610900126390394 ], [ 109.557595108375494, -7.610573348933303 ], [ 109.558100859880454, -7.610633005871843 ], [ 109.558487135452623, -7.610484308711087 ], [ 109.558874309340084, -7.610543965662014 ], [ 109.558874309340084, -7.609949176586112 ], [ 109.558606611385414, -7.60991890286857 ], [ 109.558160148689211, -7.610335611498766 ], [ 109.558041571071698, -7.610127257234282 ], [ 109.557684041588615, -7.610038216919441 ], [ 109.55741634363396, -7.610097873932429 ], [ 109.557268121612083, -7.610335611498766 ], [ 109.556613249769967, -7.610513691986463 ], [ 109.556107498264993, -7.610602732202577 ] ] ] } },
{ "type": "Feature", "properties": { "FID": 53, "Id": 0, "Provinsi": "Jawa Tengah", "Kode_Prov": 33, "Kab_Kota": "Kebumen", "Kode_Kota": 3305, "Kecamatan": "Karanganyar", "Kode_Kec": 330502, "Kelurahan": "Grenggeng", "Kode_Kel": 33050203, "basis": "RT003-RW009", "Kode_RTRW": "33050203-RT003-RW009", "k1_a_p": 87.18, "k1_b_p": 0, "k1_c_p": 23.08, "k1_p": 29.06, "k2_a_p": 0.0, "k2_b_p": 9.09, "k2_p": 0.0, "k3_a_p": 6.38, "k3_b_p": 21.28, "k3_p": 0.0, "k4_a_p": -303.59, "k4_b_p": 0.0, "k4_c_p": 0.0, "k4_d_p": 100.0, "k4_e_p": 14.29, "k4_p": 20.0, "k5_a_p": 12.77, "k5_b_p": 19.15, "k5_p": 0.0, "k6_a_p": 100, "k6_b_p": 100.0, "k6_c_p": 100, "k6_p": 100.0, "k7_a_p": 100, "k7_b_p": 100, "k7_p": 100, "k1_a": "50%", "k1_b": "Bangunan padat ", "k1_c": "Bangunan tidak sesuai persyaratan teknis ", "Bangunan": "Permasalahan Bangunan 25-50%", "k2_a": "Terjangkau pelayanan jalan lingkungan ", "k2_b": "Kondisi permukaan jalan lingkungan tidak rusak ", "Jalan": "Permasalahan Jalan ", "k3_a": "Tersedia akses aman air minum ", "k3_b": "Tidak terpenuhi kebutuhan air minum ", "Air_Minum": "Permasalahan Air Minum ", "k4_a": "Tidak mampu mengalirkan limpasan air ", "k4_b": "Tidak tersedia drainase ", "k4_c": "Tidak terhubung dengan drainase dalam kota ", "k4_d": "50%", "k4_e": "Konstruksi drainase baik ", "Drainase": "Permasalahan Drainase ", "k5_a": "Sistem pengelolaan air limbah tidak sesuai standar teknis ", "k5_b": "Prasarana dan sarana pengelolaan air limbah tidak sesuai dengan persyaratan teknis ", "Air_Limbah": "Permasalahan Air Limbah ", "k6_a": "50%", "k6_b": "50%", "k6_c": "50%", "Sampah": "50%", "k7_a": "50%", "k7_b": "50%", "Kebakaran": "50%", "Sumber": "Data SIM KOTAKU, download pada 281120", "city": "kebumen", "source_layer": "Profil Kumuh Basis", "role": "profil" }, "geometry": { "type": "Polygon", "coordinates": [ [ [ 109.556435383343697, -7.610007943208183 ], [ 109.556851303320244, -7.610127257234282 ], [ 109.557178290083669, -7.610127257234282 ], [ 109.557535819566738, -7.60991890286857 ], [ 109.557476530757981, -7.609561850921008 ], [ 109.557089356870534, -7.609561850921008 ], [ 109.557059712466156, -7.609115758169822 ], [ 109.556077853860614, -7.609056101020217 ], [ 109.556077853860614, -7.609383770038055 ], [ 109.556792014511501, -7.609413153388835 ], [ 109.556435383343697, -7.610007943208183 ] ] ] } },
{ "type": "Feature", "properties": { "FID": 54, "Id": 0, "Provinsi": "Jawa Tengah", "Kode_Prov": 33, "Kab_Kota": "Kebumen", "Kode_Kota": 3305, "Kecamatan": "Karanganyar", "Kode_Kec": 330502, "Kelurahan": "Grenggeng", "Kode_Kel": 33050203, "basis": "RT002-RW007", "Kode_RTRW": "33050203-RT002-RW007", "k1_a_p": 100.0, "k1_b_p": 0, "k1_c_p": 56.25, "k1_p": 52.0833, "k2_a_p": 0.0, "k2_b_p": 50.0, "k2_p": 25.0, "k3_a_p": 8.11, "k3_b_p": 35.14, "k3_p": 17.57, "k4_a_p": -347.12, "k4_b_p": 0.0, "k4_c_p": 0.0, "k4_d_p": 100.0, "k4_e_p": 25.0, "k4_p": 25.0, "k5_a_p": 16.22, "k5_b_p": 24.32, "k5_p": 0.0, "k6_a_p": 100, "k6_b_p": 100.0, "k6_c_p": 100, "k6_p": 100.0, "k7_a_p": 100, "k7_b_p": 100, "k7_p": 100, "k1_a": "50%", "k1_b": "Bangunan padat ", "k1_c": "50%", "Bangunan": "50%", "k2_a": "Terjangkau pelayanan jalan lingkungan ", "k2_b": "50%", "Jalan": "Permasalahan Jalan 25-50%", "k3_a": "Tersedia akses aman air minum ", "k3_b": "Tidak terpenuhi kebutuhan air minum 25-50%", "Air_Minum": "Permasalahan Air Minum ", "k4_a": "Tidak mampu mengalirkan limpasan air ", "k4_b": "Tidak tersedia drainase ", "k4_c": "Tidak terhubung dengan drainase dalam kota ", "k4_d": "50%", "k4_e": "Konstruksi drainase baik 25-50%", "Drainase": "Permasalahan Drainase 25-50%", "k5_a": "Sistem pengelolaan air limbah tidak sesuai standar teknis ", "k5_b": "Prasarana dan sarana pengelolaan air limbah tidak sesuai dengan persyaratan teknis ", "Air_Limbah": "Permasalahan Air Limbah ", "k6_a": "50%", "k6_b": "50%", "k6_c": "50%", "Sampah": "50%", "k7_a": "50%", "k7_b": "50%", "Kebakaran": "50%", "Sumber": "Data SIM KOTAKU, download pada 281120", "city": "kebumen", "source_layer": "Profil Kumuh Basis", "role": "profil" }, "geometry": { "type": "Polygon", "coordinates": [ [ [ 109.553817692605762, -7.607985832538457 ], [ 109.554085390560431, -7.608134530565463 ], [ 109.554531853256634, -7.608015215985005 ], [ 109.554531853256634, -7.607242341630248 ], [ 109.555394235929398, -7.607271725127724 ], [ 109.555423880333777, -7.607717819796727 ], [ 109.555661933884068, -7.607748093669628 ], [ 109.55569157828846, -7.606617274025362 ], [ 109.555067249165987, -7.606587890483065 ], [ 109.554680075278526, -7.60664754797593 ], [ 109.554115034964823, -7.606706315050346 ], [ 109.553876981414533, -7.607420423402267 ], [ 109.553817692605762, -7.607985832538457 ] ] ] } },
{ "type": "Feature", "properties": { "FID": 55, "Id": 0, "Provinsi": "Jawa Tengah", "Kode_Prov": 33, "Kab_Kota": "Kebumen", "Kode_Kota": 3305, "Kecamatan": "Kebumen", "Kode_Kec": 330505, "Kelurahan": "Jatisari", "Kode_Kel": 33050509, "basis": "RT001-RW002", "Kode_RTRW": "33050509-RT001-RW002", "k1_a_p": 35.87, "k1_b_p": 0, "k1_c_p": 3.26, "k1_p": 11.9567, "k2_a_p": 18.75, "k2_b_p": 43.75, "k2_p": 21.875, "k3_a_p": 100.0, "k3_b_p": 100.0, "k3_p": 100.0, "k4_a_p": 73.37, "k4_b_p": 50.0, "k4_c_p": 0.0, "k4_d_p": 50.0, "k4_e_p": 30.0, "k4_p": 40.674, "k5_a_p": 11.88, "k5_b_p": 11.88, "k5_p": 0.0, "k6_a_p": 100, "k6_b_p": 100.0, "k6_c_p": 100, "k6_p": 100.0, "k7_a_p": 100, "k7_b_p": 0, "k7_p": 50, "k1_a": "Bangunan tidak teratur 25-50%", "k1_b": "Bangunan padat ", "k1_c": "Bangunan tidak sesuai persyaratan teknis ", "Bangunan": "Permasalahan Bangunan ", "k2_a": "Terjangkau pelayanan jalan lingkungan ", "k2_b": "Kondisi permukaan jalan lingkungan tidak rusak 25-50%", "Jalan": "Permasalahan Jalan ", "k3_a": "50%", "k3_b": "50%", "Air_Minum": "50%", "k4_a": "50%", "k4_b": "50%", "k4_c": "Tidak terhubung dengan drainase dalam kota ", "k4_d": "50%", "k4_e": "Konstruksi drainase baik 25-50%", "Drainase": "Permasalahan Drainase 25-50%", "k5_a": "Sistem pengelolaan air limbah tidak sesuai standar teknis ", "k5_b": "Prasarana dan sarana pengelolaan air limbah tidak sesuai dengan persyaratan teknis ", "Air_Limbah": "Permasalahan Air Limbah ", "k6_a": "50%", "k6_b": "50%", "k6_c": "50%", "Sampah": "50%", "k7_a": "50%", "k7_b": "Tidak tersedia sarana proteksi kebakaran ", "Kebakaran": "50%", "Sumber": "Data SIM KOTAKU, download pada 281120", "city": "kebumen", "source_layer": "Profil Kumuh Basis", "role": "profil" }, "geometry": { "type": "Polygon", "coordinates": [ [ [ 109.692115127226543, -7.699512590026393 ], [ 109.692013617599429, -7.69947698136976 ], [ 109.691899531558349, -7.69942000751292 ], [ 109.691814191606369, -7.69967638980838 ], [ 109.691671359476189, -7.699790337445466 ], [ 109.691557273435109, -7.69984731125252 ], [ 109.691243761400955, -7.699818824349947 ], [ 109.691073081496967, -7.699704876720526 ], [ 109.690816163325707, -7.699505468295308 ], [ 109.690816163325707, -7.699362143431728 ], [ 109.690816163325707, -7.699191221791914 ], [ 109.690730823373727, -7.699048787039416 ], [ 109.690559245154432, -7.698963326164939 ], [ 109.690388565250458, -7.698934839202952 ], [ 109.690359819161358, -7.699191221791914 ], [ 109.690131647079198, -7.699219708736671 ], [ 109.69010379930539, -7.699362143431728 ], [ 109.68987562722323, -7.699333656496544 ], [ 109.68961870905197, -7.700959189172337 ], [ 109.689562115189062, -7.701642872465484 ], [ 109.691700105565275, -7.701329517759736 ], [ 109.691915701233455, -7.700309332936166 ], [ 109.691939057430858, -7.700231884249774 ], [ 109.691987566456191, -7.700070755328126 ], [ 109.692092669344433, -7.699613184465225 ], [ 109.692115127226543, -7.699512590026393 ] ] ] } },
{ "type": "Feature", "properties": { "FID": 56, "Id": 0, "Provinsi": "Jawa Tengah", "Kode_Prov": 33, "Kab_Kota": "Kebumen", "Kode_Kota": 3305, "Kecamatan": "Kebumen", "Kode_Kec": 330505, "Kelurahan": "Jatisari", "Kode_Kel": 33050509, "basis": "RT005-RW004", "Kode_RTRW": "33050509-RT005-RW004", "k1_a_p": 49.09, "k1_b_p": 0, "k1_c_p": 10.91, "k1_p": 16.3633, "k2_a_p": 14.81, "k2_b_p": 68.15, "k2_p": 34.075, "k3_a_p": 100.0, "k3_b_p": 22.95, "k3_p": 50.0, "k4_a_p": -38.89, "k4_b_p": 31.58, "k4_c_p": 0.0, "k4_d_p": 68.42, "k4_e_p": 31.58, "k4_p": 26.316, "k5_a_p": 26.23, "k5_b_p": 60.66, "k5_p": 43.445, "k6_a_p": 100, "k6_b_p": 96.72, "k6_c_p": 100, "k6_p": 98.9067, "k7_a_p": 100, "k7_b_p": 0, "k7_p": 50, "k1_a": "Bangunan tidak teratur 25-50%", "k1_b": "Bangunan padat ", "k1_c": "Bangunan tidak sesuai persyaratan teknis ", "Bangunan": "Permasalahan Bangunan ", "k2_a": "Terjangkau pelayanan jalan lingkungan ", "k2_b": "50%", "Jalan": "Permasalahan Jalan 25-50%", "k3_a": "50%", "k3_b": "Tidak terpenuhi kebutuhan air minum ", "Air_Minum": "50%", "k4_a": "Tidak mampu mengalirkan limpasan air ", "k4_b": "Tidak tersedia drainase 25-50%", "k4_c": "Tidak terhubung dengan drainase dalam kota ", "k4_d": "50%", "k4_e": "Konstruksi drainase baik 25-50%", "Drainase": "Permasalahan Drainase 25-50%", "k5_a": "Sistem pengelolaan air limbah tidak sesuai standar teknis 25-50%", "k5_b": "50%", "Air_Limbah": "Permasalahan Air Limbah 25-50%", "k6_a": "50%", "k6_b": "50%", "k6_c": "50%", "Sampah": "50%", "k7_a": "50%", "k7_b": "Tidak tersedia sarana proteksi kebakaran ", "Kebakaran": "50%", "Sumber": "Data SIM KOTAKU, download pada 281120", "city": "kebumen", "source_layer": "Profil Kumuh Basis", "role": "profil" }, "geometry": { "type": "Polygon", "coordinates": [ [ [ 109.694437272235987, -7.698678456458897 ], [ 109.694122861886555, -7.698820891335851 ], [ 109.694095014112747, -7.699219708736671 ], [ 109.693781502078579, -7.69913424789666 ], [ 109.693667416037485, -7.700246127687413 ], [ 109.694151607975627, -7.70027461456126 ], [ 109.694236947927621, -7.699333656496544 ], [ 109.694550459961789, -7.699276682620437 ], [ 109.694437272235987, -7.698678456458897 ] ] ] } },
{ "type": "Feature", "properties": { "FID": 57, "Id": 0, "Provinsi": "Jawa Tengah", "Kode_Prov": 33, "Kab_Kota": "Kebumen", "Kode_Kota": 3305, "Kecamatan": "Kebumen", "Kode_Kec": 330505, "Kelurahan": "Jatisari", "Kode_Kel": 33050509, "basis": "RT010-RW003", "Kode_RTRW": "33050509-RT010-RW003", "k1_a_p": 20.63, "k1_b_p": 0, "k1_c_p": 4.76, "k1_p": 0.0, "k2_a_p": 49.9, "k2_b_p": 40.08, "k2_p": 44.99, "k3_a_p": 100.0, "k3_b_p": 100.0, "k3_p": 100.0, "k4_a_p": 36.78, "k4_b_p": 60.0, "k4_c_p": 0.0, "k4_d_p": 40.0, "k4_e_p": 0.0, "k4_p": 27.356, "k5_a_p": 0.0, "k5_b_p": 96.92, "k5_p": 48.46, "k6_a_p": 100, "k6_b_p": 93.85, "k6_c_p": 100, "k6_p": 97.95, "k7_a_p": 100, "k7_b_p": 0, "k7_p": 50, "k1_a": "Bangunan tidak teratur  ", "k1_b": "Bangunan padat ", "k1_c": "Bangunan tidak sesuai persyaratan teknis ", "Bangunan": "Permasalahan Bangunan ", "k2_a": "Terjangkau pelayanan jalan lingkungan 25-50%", "k2_b": "Kondisi permukaan jalan lingkungan tidak rusak 25-50%", "Jalan": "Permasalahan Jalan 25-50%", "k3_a": "50%", "k3_b": "50%", "Air_Minum": "50%", "k4_a": "Tidak mampu mengalirkan limpasan air 25-50%", "k4_b": "50%", "k4_c": "Tidak terhubung dengan drainase dalam kota ", "k4_d": "Drainase tidak terpelihara 25-50%", "k4_e": "Konstruksi drainase baik ", "Drainase": "Permasalahan Drainase 25-50%", "k5_a": "Sistem pengelolaan air limbah tidak sesuai standar teknis ", "k5_b": "50%", "Air_Limbah": "Permasalahan Air Limbah 25-50%", "k6_a": "50%", "k6_b": "50%", "k6_c": "50%", "Sampah": "50%", "k7_a": "50%", "k7_b": "Tidak tersedia sarana proteksi kebakaran ", "Kebakaran": "50%", "Sumber": "Data SIM KOTAKU, download pada 281120", "city": "kebumen", "source_layer": "Profil Kumuh Basis", "role": "profil" }, "geometry": { "type": "Polygon", "coordinates": [ [ [ 109.697629884755756, -7.696625608478891 ], [ 109.697544544803762, -7.698107826253094 ], [ 109.697345118810688, -7.698136313270666 ], [ 109.697345118810688, -7.698564508522868 ], [ 109.698142822782984, -7.698621482494709 ], [ 109.697743970796822, -7.698991813125012 ], [ 109.697743970796822, -7.699276682620437 ], [ 109.69820031496117, -7.699305169559449 ], [ 109.698542573084424, -7.697052915035553 ], [ 109.697629884755756, -7.696625608478891 ] ] ] } },
{ "type": "Feature", "properties": { "FID": 58, "Id": 0, "Provinsi": "Jawa Tengah", "Kode_Prov": 33, "Kab_Kota": "Kebumen", "Kode_Kota": 3305, "Kecamatan": "Kebumen", "Kode_Kec": 330505, "Kelurahan": "Jatisari", "Kode_Kel": 33050509, "basis": "RT004-RW002", "Kode_RTRW": "33050509-RT004-RW002", "k1_a_p": 6.06, "k1_b_p": 0, "k1_c_p": 0.0, "k1_p": 0.0, "k2_a_p": 41.67, "k2_b_p": 25.0, "k2_p": 33.335, "k3_a_p": 100.0, "k3_b_p": 100.0, "k3_p": 100.0, "k4_a_p": 55.31, "k4_b_p": 50.0, "k4_c_p": 0.0, "k4_d_p": 50.0, "k4_e_p": 12.5, "k4_p": 31.062, "k5_a_p": 11.11, "k5_b_p": 100.0, "k5_p": 50.0, "k6_a_p": 100, "k6_b_p": 86.11, "k6_c_p": 100, "k6_p": 95.37, "k7_a_p": 100, "k7_b_p": 0, "k7_p": 50, "k1_a": "Bangunan tidak teratur  ", "k1_b": "Bangunan padat ", "k1_c": "Bangunan tidak sesuai persyaratan teknis ", "Bangunan": "Permasalahan Bangunan ", "k2_a": "Terjangkau pelayanan jalan lingkungan 25-50%", "k2_b": "Kondisi permukaan jalan lingkungan tidak rusak 25-50%", "Jalan": "Permasalahan Jalan 25-50%", "k3_a": "50%", "k3_b": "50%", "Air_Minum": "50%", "k4_a": "50%", "k4_b": "50%", "k4_c": "Tidak terhubung dengan drainase dalam kota ", "k4_d": "50%", "k4_e": "Konstruksi drainase baik ", "Drainase": "Permasalahan Drainase 25-50%", "k5_a": "Sistem pengelolaan air limbah tidak sesuai standar teknis ", "k5_b": "50%", "Air_Limbah": "50%", "k6_a": "50%", "k6_b": "50%", "k6_c": "50%", "Sampah": "50%", "k7_a": "50%", "k7_b": "Tidak tersedia sarana proteksi kebakaran ", "Kebakaran": "50%", "Sumber": "Data SIM KOTAKU, download pada 281120", "city": "kebumen", "source_layer": "Profil Kumuh Basis", "role": "profil" }, "geometry": { "type": "Polygon", "coordinates": [ [ [ 109.691700105565275, -7.701329517759736 ], [ 109.691870785469249, -7.701358004560743 ], [ 109.691899531558349, -7.701671359245424 ], [ 109.692584047804843, -7.701757709785415 ], [ 109.692640641667751, -7.701443464952278 ], [ 109.692926305928097, -7.70027461456126 ], [ 109.692555301715757, -7.700046719516882 ], [ 109.692555301715757, -7.699932771948736 ], [ 109.692584047804843, -7.69967638980838 ], [ 109.692115127226543, -7.699512590026393 ], [ 109.692092669344433, -7.699613184465225 ], [ 109.691987566456191, -7.700070755328126 ], [ 109.691939057430858, -7.700231884249774 ], [ 109.691915701233455, -7.700309332936166 ], [ 109.691700105565275, -7.701329517759736 ] ] ] } },
{ "type": "Feature", "properties": { "FID": 59, "Id": 0, "Provinsi": "Jawa Tengah", "Kode_Prov": 33, "Kab_Kota": "Kebumen", "Kode_Kota": 3305, "Kecamatan": "Kebumen", "Kode_Kec": 330505, "Kelurahan": "Kalirejo", "Kode_Kel": 33050510, "basis": "RT004-RW004", "Kode_RTRW": "33050510-RT004-RW004", "k1_a_p": 50.0, "k1_b_p": 0, "k1_c_p": 28.95, "k1_p": 26.3167, "k2_a_p": 20.0, "k2_b_p": 40.0, "k2_p": 20.0, "k3_a_p": 9.76, "k3_b_p": 24.39, "k3_p": 0.0, "k4_a_p": 81.95, "k4_b_p": 70.0, "k4_c_p": 30.0, "k4_d_p": 30.0, "k4_e_p": 0.0, "k4_p": 42.39, "k5_a_p": 34.15, "k5_b_p": 36.59, "k5_p": 35.37, "k6_a_p": 100, "k6_b_p": 92.68, "k6_c_p": 100, "k6_p": 97.56, "k7_a_p": 0, "k7_b_p": 100, "k7_p": 50, "k1_a": "50%", "k1_b": "Bangunan padat ", "k1_c": "Bangunan tidak sesuai persyaratan teknis 25-50%", "Bangunan": "Permasalahan Bangunan 25-50%", "k2_a": "Terjangkau pelayanan jalan lingkungan ", "k2_b": "Kondisi permukaan jalan lingkungan tidak rusak 25-50%", "Jalan": "Permasalahan Jalan ", "k3_a": "Tersedia akses aman air minum ", "k3_b": "Tidak terpenuhi kebutuhan air minum ", "Air_Minum": "Permasalahan Air Minum ", "k4_a": "50%", "k4_b": "50%", "k4_c": "Tidak terhubung dengan drainase dalam kota 25-50%", "k4_d": "Drainase tidak terpelihara 25-50%", "k4_e": "Konstruksi drainase baik ", "Drainase": "Permasalahan Drainase 25-50%", "k5_a": "Sistem pengelolaan air limbah tidak sesuai standar teknis 25-50%", "k5_b": "Prasarana dan sarana pengelolaan air limbah tidak sesuai dengan persyaratan teknis 25-50%", "Air_Limbah": "Permasalahan Air Limbah 25-50%", "k6_a": "50%", "k6_b": "50%", "k6_c": "50%", "Sampah": "50%", "k7_a": "Tidak tersedia prasarana proteksi kebakaran ", "k7_b": "50%", "Kebakaran": "50%", "Sumber": "Data SIM KOTAKU, download pada 281120", "city": "kebumen", "source_layer": "Profil Kumuh Basis", "role": "profil" }, "geometry": { "type": "Polygon", "coordinates": [ [ [ 109.689151585104227, -7.683064633270558 ], [ 109.689121940699835, -7.683628161711344 ], [ 109.689033007486742, -7.683806211616168 ], [ 109.689033007486742, -7.684043017873924 ], [ 109.690931147682079, -7.684162311201874 ], [ 109.690931147682079, -7.683687808437774 ], [ 109.690190037572663, -7.683717186673087 ], [ 109.690160393168298, -7.683509758483306 ], [ 109.690427192807689, -7.683479489983622 ], [ 109.690427192807689, -7.682826936215876 ], [ 109.689656438293895, -7.682826936215876 ], [ 109.689151585104227, -7.682857204762065 ], [ 109.689151585104227, -7.683064633270558 ] ] ] } },
{ "type": "Feature", "properties": { "FID": 60, "Id": 0, "Provinsi": "Jawa Tengah", "Kode_Prov": 33, "Kab_Kota": "Kebumen", "Kode_Kota": 3305, "Kecamatan": "Karanganyar", "Kode_Kec": 330502, "Kelurahan": "Karanganyar", "Kode_Kel": 33050205, "basis": "RT004-RW003", "Kode_RTRW": "33050205-RT004-RW003", "k1_a_p": 100.0, "k1_b_p": 0, "k1_c_p": 17.14, "k1_p": 33.3333, "k2_a_p": 0.0, "k2_b_p": 66.67, "k2_p": 33.335, "k3_a_p": 42.86, "k3_b_p": 0.0, "k3_p": 21.43, "k4_a_p": 0.0, "k4_b_p": 73.33, "k4_c_p": 40.0, "k4_d_p": 26.67, "k4_e_p": 13.33, "k4_p": 28.0, "k5_a_p": 0.0, "k5_b_p": 0.0, "k5_p": 0.0, "k6_a_p": 100, "k6_b_p": 0.0, "k6_c_p": 100, "k6_p": 66.6667, "k7_a_p": 0, "k7_b_p": 100, "k7_p": 50, "k1_a": "50%", "k1_b": "Bangunan padat ", "k1_c": "Bangunan tidak sesuai persyaratan teknis ", "Bangunan": "Permasalahan Bangunan 25-50%", "k2_a": "Terjangkau pelayanan jalan lingkungan ", "k2_b": "50%", "Jalan": "Permasalahan Jalan 25-50%", "k3_a": "Tersedia akses aman air minum 25-50%", "k3_b": "Tidak terpenuhi kebutuhan air minum ", "Air_Minum": "Permasalahan Air Minum ", "k4_a": "Tidak mampu mengalirkan limpasan air ", "k4_b": "50%", "k4_c": "Tidak terhubung dengan drainase dalam kota 25-50%", "k4_d": "Drainase tidak terpelihara 25-50%", "k4_e": "Konstruksi drainase baik ", "Drainase": "Permasalahan Drainase 25-50%", "k5_a": "Sistem pengelolaan air limbah tidak sesuai standar teknis ", "k5_b": "Prasarana dan sarana pengelolaan air limbah tidak sesuai dengan persyaratan teknis ", "Air_Limbah": "Permasalahan Air Limbah ", "k6_a": "50%", "k6_b": "Sistem pengelolaan persampahan yang tidak sesuai standar teknis ", "k6_c": "50%", "Sampah": "50%", "k7_a": "Tidak tersedia prasarana proteksi kebakaran ", "k7_b": "50%", "Kebakaran": "50%", "Sumber": "Data SIM KOTAKU, download pada 281120", "city": "kebumen", "source_layer": "Profil Kumuh Basis", "role": "profil" }, "geometry": { "type": "Polygon", "coordinates": [ [ [ 109.566023102371105, -7.626169348820238 ], [ 109.565616165547397, -7.627071292388228 ], [ 109.56760862884758, -7.627751532873819 ], [ 109.56768768059257, -7.627471067359614 ], [ 109.567752359293038, -7.627134508499879 ], [ 109.567826021146331, -7.62683801595173 ], [ 109.567853868920139, -7.626782813112269 ], [ 109.567879920063376, -7.626731171739876 ], [ 109.566023102371105, -7.626169348820238 ] ] ] } },
{ "type": "Feature", "properties": { "FID": 61, "Id": 0, "Provinsi": "Jawa Tengah", "Kode_Prov": 33, "Kab_Kota": "Kebumen", "Kode_Kota": 3305, "Kecamatan": "Karanganyar", "Kode_Kec": 330502, "Kelurahan": "Karangkemiri", "Kode_Kel": 33050206, "basis": "RT002-RW004", "Kode_RTRW": "33050206-RT002-RW004", "k1_a_p": 13.33, "k1_b_p": 0, "k1_c_p": 53.33, "k1_p": 17.7767, "k2_a_p": 0.0, "k2_b_p": 42.31, "k2_p": 21.155, "k3_a_p": 0.0, "k3_b_p": 80.0, "k3_p": 40.0, "k4_a_p": 79.49, "k4_b_p": 54.55, "k4_c_p": 0.0, "k4_d_p": 45.45, "k4_e_p": 45.45, "k4_p": 44.988, "k5_a_p": 6.67, "k5_b_p": 26.67, "k5_p": 13.335, "k6_a_p": 100, "k6_b_p": 100.0, "k6_c_p": 100, "k6_p": 100.0, "k7_a_p": 100, "k7_b_p": 100, "k7_p": 100, "k1_a": "Bangunan tidak teratur  ", "k1_b": "Bangunan padat ", "k1_c": "50%", "Bangunan": "Permasalahan Bangunan ", "k2_a": "Terjangkau pelayanan jalan lingkungan ", "k2_b": "Kondisi permukaan jalan lingkungan tidak rusak 25-50%", "Jalan": "Permasalahan Jalan ", "k3_a": "Tersedia akses aman air minum ", "k3_b": "50%", "Air_Minum": "Permasalahan Air Minum 25-50%", "k4_a": "50%", "k4_b": "50%", "k4_c": "Tidak terhubung dengan drainase dalam kota ", "k4_d": "Drainase tidak terpelihara 25-50%", "k4_e": "Konstruksi drainase baik 25-50%", "Drainase": "Permasalahan Drainase 25-50%", "k5_a": "Sistem pengelolaan air limbah tidak sesuai standar teknis ", "k5_b": "Prasarana dan sarana pengelolaan air limbah tidak sesuai dengan persyaratan teknis 25-50%", "Air_Limbah": "Permasalahan Air Limbah ", "k6_a": "50%", "k6_b": "50%", "k6_c": "50%", "Sampah": "50%", "k7_a": "50%", "k7_b": "50%", "Kebakaran": "50%", "Sumber": "Data SIM KOTAKU, download pada 281120", "city": "kebumen", "source_layer": "Profil Kumuh Basis", "role": "profil" }, "geometry": { "type": "Polygon", "coordinates": [ [ [ 109.570486831017902, -7.621163661026791 ], [ 109.570831784086991, -7.621210851170772 ], [ 109.570997972414546, -7.621293656505187 ], [ 109.571402214292405, -7.621293656505187 ], [ 109.571925932103056, -7.621032775128533 ], [ 109.572152307554646, -7.620794153115834 ], [ 109.57236610659227, -7.62072292263851 ], [ 109.572806281081483, -7.620758537878654 ], [ 109.572794602982782, -7.620627651856569 ], [ 109.572485582525061, -7.620567996309423 ], [ 109.572234952560791, -7.619842334884012 ], [ 109.572318495882215, -7.619557412270388 ], [ 109.572318495882215, -7.619473716216617 ], [ 109.572270885172159, -7.619342829801872 ], [ 109.571902575905682, -7.619390910530303 ], [ 109.571712133065432, -7.620032876776105 ], [ 109.570795851475623, -7.620175337948456 ], [ 109.570486831017902, -7.621163661026791 ] ] ] } },
{ "type": "Feature", "properties": { "FID": 62, "Id": 0, "Provinsi": "Jawa Tengah", "Kode_Prov": 33, "Kab_Kota": "Kebumen", "Kode_Kota": 3305, "Kecamatan": "Karanganyar", "Kode_Kec": 330502, "Kelurahan": "Karangkemiri", "Kode_Kel": 33050206, "basis": "RT004-RW004", "Kode_RTRW": "33050206-RT004-RW004", "k1_a_p": 15.38, "k1_b_p": 0, "k1_c_p": 23.08, "k1_p": 0.0, "k2_a_p": 18.29, "k2_b_p": 8.54, "k2_p": 0.0, "k3_a_p": 75.0, "k3_b_p": 75.0, "k3_p": 75.0, "k4_a_p": 85.41, "k4_b_p": 42.86, "k4_c_p": 0.0, "k4_d_p": 57.14, "k4_e_p": 57.14, "k4_p": 48.51, "k5_a_p": 25.0, "k5_b_p": 25.0, "k5_p": 25.0, "k6_a_p": 100, "k6_b_p": 100.0, "k6_c_p": 100, "k6_p": 100.0, "k7_a_p": 100, "k7_b_p": 100, "k7_p": 100, "k1_a": "Bangunan tidak teratur  ", "k1_b": "Bangunan padat ", "k1_c": "Bangunan tidak sesuai persyaratan teknis ", "Bangunan": "Permasalahan Bangunan ", "k2_a": "Terjangkau pelayanan jalan lingkungan ", "k2_b": "Kondisi permukaan jalan lingkungan tidak rusak ", "Jalan": "Permasalahan Jalan ", "k3_a": "50%", "k3_b": "50%", "Air_Minum": "50%", "k4_a": "50%", "k4_b": "Tidak tersedia drainase 25-50%", "k4_c": "Tidak terhubung dengan drainase dalam kota ", "k4_d": "50%", "k4_e": "50%", "Drainase": "Permasalahan Drainase 25-50%", "k5_a": "Sistem pengelolaan air limbah tidak sesuai standar teknis 25-50%", "k5_b": "Prasarana dan sarana pengelolaan air limbah tidak sesuai dengan persyaratan teknis 25-50%", "Air_Limbah": "Permasalahan Air Limbah 25-50%", "k6_a": "50%", "k6_b": "50%", "k6_c": "50%", "Sampah": "50%", "k7_a": "50%", "k7_b": "50%", "Kebakaran": "50%", "Sumber": "Data SIM KOTAKU, download pada 281120", "city": "kebumen", "source_layer": "Profil Kumuh Basis", "role": "profil" }, "geometry": { "type": "Polygon", "coordinates": [ [ [ 109.572306817783513, -7.618831749132709 ], [ 109.572437971815006, -7.618486279624162 ], [ 109.572306817783513, -7.61811765978975 ], [ 109.572163985653347, -7.617951157490016 ], [ 109.572318495882215, -7.617938692074598 ], [ 109.572402039203638, -7.617879926539884 ], [ 109.57250893872245, -7.617796230158344 ], [ 109.572687703463998, -7.617796230158344 ], [ 109.57287814630422, -7.617807805190807 ], [ 109.572985045823032, -7.61785588609154 ], [ 109.573175488663253, -7.617962732518293 ], [ 109.573223099373322, -7.618069578918397 ], [ 109.573246455570711, -7.618153275246533 ], [ 109.573270710083364, -7.618415048763011 ], [ 109.573103623440531, -7.61856997587088 ], [ 109.573175488663253, -7.618688397128189 ], [ 109.573305744379454, -7.618676822119519 ], [ 109.573353355089523, -7.61872401253752 ], [ 109.573425220312245, -7.618902979924565 ], [ 109.573484509120988, -7.618962635703632 ], [ 109.573650697448571, -7.618962635703632 ], [ 109.573770173381362, -7.619009826090143 ], [ 109.573841140288778, -7.619009826090143 ], [ 109.574067515740396, -7.618985785705211 ], [ 109.574376536198145, -7.618581550882437 ], [ 109.574519368328311, -7.618593125893678 ], [ 109.574471757618255, -7.618295737044048 ], [ 109.57413848264784, -7.618129234813527 ], [ 109.574031583129027, -7.618105194379177 ], [ 109.573913005511514, -7.617951157490016 ], [ 109.573888750998847, -7.617831845641847 ], [ 109.573734240769994, -7.617689383690062 ], [ 109.573532119831057, -7.617772189705304 ], [ 109.573223099373322, -7.617618152696403 ], [ 109.572473006111096, -7.617439184772579 ], [ 109.57236610659227, -7.617474800285766 ], [ 109.572009475424494, -7.617415144299502 ], [ 109.571937610201743, -7.617558496730103 ], [ 109.571854965195612, -7.61762972773368 ], [ 109.571616911645307, -7.617689383690062 ], [ 109.571510012126495, -7.617689383690062 ], [ 109.571295314773607, -7.617676918267028 ], [ 109.571129126446039, -7.617427609730154 ], [ 109.570986294315873, -7.617296722690219 ], [ 109.570914429093136, -7.61723706667916 ], [ 109.57077159696297, -7.617189876097362 ], [ 109.57073656266688, -7.61723706667916 ], [ 109.5705937305367, -7.617261107162227 ], [ 109.570557797925332, -7.617474800285766 ], [ 109.570938683605803, -7.617998347987955 ], [ 109.571081515735983, -7.618093619354748 ], [ 109.571188415254795, -7.617927117045668 ], [ 109.571271958576204, -7.617974307546258 ], [ 109.571271958576204, -7.618069578918397 ], [ 109.571306992872294, -7.618129234813527 ], [ 109.571378858095017, -7.618200465722205 ], [ 109.571521690225197, -7.618212931130007 ], [ 109.571592657132655, -7.618284162024768 ], [ 109.571687878552751, -7.618534360448742 ], [ 109.571771421874189, -7.618581550882437 ], [ 109.572080442331909, -7.618581550882437 ], [ 109.572306817783513, -7.618831749132709 ] ] ] } },
{ "type": "Feature", "properties": { "FID": 63, "Id": 0, "Provinsi": "Jawa Tengah", "Kode_Prov": 33, "Kab_Kota": "Kebumen", "Kode_Kota": 3305, "Kecamatan": "Karanganyar", "Kode_Kec": 330502, "Kelurahan": "Karangkemiri", "Kode_Kel": 33050206, "basis": "RT002-RW005", "Kode_RTRW": "33050206-RT002-RW005", "k1_a_p": 8.33, "k1_b_p": 0, "k1_c_p": 54.17, "k1_p": 18.0567, "k2_a_p": 0.0, "k2_b_p": 76.5, "k2_p": 38.25, "k3_a_p": 0.0, "k3_b_p": 100.0, "k3_p": 50.0, "k4_a_p": 82.14, "k4_b_p": 75.0, "k4_c_p": 50.0, "k4_d_p": 25.0, "k4_e_p": 10.0, "k4_p": 46.428, "k5_a_p": 28.57, "k5_b_p": 20.0, "k5_p": 14.285, "k6_a_p": 100, "k6_b_p": 100.0, "k6_c_p": 100, "k6_p": 100.0, "k7_a_p": 100, "k7_b_p": 100, "k7_p": 100, "k1_a": "Bangunan tidak teratur  ", "k1_b": "Bangunan padat ", "k1_c": "50%", "Bangunan": "Permasalahan Bangunan ", "k2_a": "Terjangkau pelayanan jalan lingkungan ", "k2_b": "50%", "Jalan": "Permasalahan Jalan 25-50%", "k3_a": "Tersedia akses aman air minum ", "k3_b": "50%", "Air_Minum": "50%", "k4_a": "50%", "k4_b": "50%", "k4_c": "50%", "k4_d": "Drainase tidak terpelihara 25-50%", "k4_e": "Konstruksi drainase baik ", "Drainase": "Permasalahan Drainase 25-50%", "k5_a": "Sistem pengelolaan air limbah tidak sesuai standar teknis 25-50%", "k5_b": "Prasarana dan sarana pengelolaan air limbah tidak sesuai dengan persyaratan teknis ", "Air_Limbah": "Permasalahan Air Limbah ", "k6_a": "50%", "k6_b": "50%", "k6_c": "50%", "Sampah": "50%", "k7_a": "50%", "k7_b": "50%", "Kebakaran": "50%", "Sumber": "Data SIM KOTAKU, download pada 281120", "city": "kebumen", "source_layer": "Profil Kumuh Basis", "role": "profil" }, "geometry": { "type": "Polygon", "coordinates": [ [ [ 109.571687878552751, -7.617165835610297 ], [ 109.572497260623749, -7.617201451146209 ], [ 109.572830535594164, -7.617201451146209 ], [ 109.573484509120988, -7.61721302619474 ], [ 109.573650697448571, -7.617046523543419 ], [ 109.573829462190105, -7.616986867497521 ], [ 109.573877072900146, -7.616939676888165 ], [ 109.574079193839083, -7.616951251943772 ], [ 109.574233704067964, -7.616986867497521 ], [ 109.574341501902055, -7.617070564037177 ], [ 109.574400790710797, -7.617070564037177 ], [ 109.574471757618255, -7.616701942984626 ], [ 109.574317247389374, -7.616404552822201 ], [ 109.574067515740396, -7.616356471758592 ], [ 109.573888750998847, -7.616178393698233 ], [ 109.573817784091403, -7.616059081356388 ], [ 109.573639019349855, -7.616047506276681 ], [ 109.573615663152481, -7.616107162453368 ], [ 109.573198844860642, -7.616094696984296 ], [ 109.573187166761969, -7.615404643666609 ], [ 109.572663448951303, -7.615047596287941 ], [ 109.572449649913693, -7.615155333807606 ], [ 109.572473006111096, -7.615250605806562 ], [ 109.572533193235117, -7.615297796601938 ], [ 109.572580803945186, -7.615381493471523 ], [ 109.572711059661373, -7.615440259348909 ], [ 109.572782924884109, -7.615547996769857 ], [ 109.572889824402921, -7.615678884343983 ], [ 109.57287814630422, -7.615750115660044 ], [ 109.572568227531207, -7.616071546826493 ], [ 109.572568227531207, -7.616202434240702 ], [ 109.572770348470129, -7.616238049856698 ], [ 109.572889824402921, -7.616165928231234 ], [ 109.573032656533087, -7.616261200005507 ], [ 109.573187166761969, -7.616273665469731 ], [ 109.573365931503503, -7.616309281079804 ], [ 109.573841140288778, -7.616333321614933 ], [ 109.574031583129027, -7.616464208949177 ], [ 109.57416273716052, -7.616487359085766 ], [ 109.574269636679333, -7.616677902470182 ], [ 109.574328925488075, -7.61691563638706 ], [ 109.574079193839083, -7.616820364758308 ], [ 109.573948938122882, -7.616820364758308 ], [ 109.573829462190105, -7.616832830206266 ], [ 109.573758495282661, -7.616784749190716 ], [ 109.573139556051899, -7.616773174130613 ], [ 109.57300840202042, -7.616855980322937 ], [ 109.572937435112976, -7.616855980322937 ], [ 109.572806281081483, -7.616773174130613 ], [ 109.572794602982782, -7.616713518046653 ], [ 109.572758670371414, -7.616558590267427 ], [ 109.57265177085263, -7.616499824543411 ], [ 109.572520616821137, -7.616499824543411 ], [ 109.572437971815006, -7.61668947753286 ], [ 109.572390361104937, -7.616749133620165 ], [ 109.572116374943278, -7.616904061330492 ], [ 109.571723811164119, -7.616892486273611 ], [ 109.571687878552751, -7.617165835610297 ] ] ] } },
{ "type": "Feature", "properties": { "FID": 64, "Id": 0, "Provinsi": "Jawa Tengah", "Kode_Prov": 33, "Kab_Kota": "Kebumen", "Kode_Kota": 3305, "Kecamatan": "Karanganyar", "Kode_Kec": 330502, "Kelurahan": "Karangkemiri", "Kode_Kel": 33050206, "basis": "RT002-RW005", "Kode_RTRW": "33050206-RT002-RW005", "k1_a_p": 8.33, "k1_b_p": 0, "k1_c_p": 54.17, "k1_p": 18.0567, "k2_a_p": 0.0, "k2_b_p": 76.5, "k2_p": 38.25, "k3_a_p": 0.0, "k3_b_p": 100.0, "k3_p": 50.0, "k4_a_p": 82.14, "k4_b_p": 75.0, "k4_c_p": 50.0, "k4_d_p": 25.0, "k4_e_p": 10.0, "k4_p": 46.428, "k5_a_p": 28.57, "k5_b_p": 20.0, "k5_p": 14.285, "k6_a_p": 100, "k6_b_p": 100.0, "k6_c_p": 100, "k6_p": 100.0, "k7_a_p": 100, "k7_b_p": 100, "k7_p": 100, "k1_a": "Bangunan tidak teratur  ", "k1_b": "Bangunan padat ", "k1_c": "50%", "Bangunan": "Permasalahan Bangunan ", "k2_a": "Terjangkau pelayanan jalan lingkungan ", "k2_b": "50%", "Jalan": "Permasalahan Jalan 25-50%", "k3_a": "Tersedia akses aman air minum ", "k3_b": "50%", "Air_Minum": "50%", "k4_a": "50%", "k4_b": "50%", "k4_c": "50%", "k4_d": "Drainase tidak terpelihara 25-50%", "k4_e": "Konstruksi drainase baik ", "Drainase": "Permasalahan Drainase 25-50%", "k5_a": "Sistem pengelolaan air limbah tidak sesuai standar teknis 25-50%", "k5_b": "Prasarana dan sarana pengelolaan air limbah tidak sesuai dengan persyaratan teknis ", "Air_Limbah": "Permasalahan Air Limbah ", "k6_a": "50%", "k6_b": "50%", "k6_c": "50%", "Sampah": "50%", "k7_a": "50%", "k7_b": "50%", "Kebakaran": "50%", "Sumber": "Data SIM KOTAKU, download pada 281120", "city": "kebumen", "source_layer": "Profil Kumuh Basis", "role": "profil" }, "geometry": { "type": "Polygon", "coordinates": [ [ [ 109.57073656266688, -7.615976275010057 ], [ 109.570950361704504, -7.616023465725517 ], [ 109.571474079515127, -7.616059081356388 ], [ 109.571664522355377, -7.616094696984296 ], [ 109.571699556651467, -7.615999425173008 ], [ 109.571580979033939, -7.615963809537179 ], [ 109.571521690225197, -7.615714500003493 ], [ 109.570879394797061, -7.615809771878132 ], [ 109.57073656266688, -7.615976275010057 ] ] ] } },
{ "type": "Feature", "properties": { "FID": 65, "Id": 0, "Provinsi": "Jawa Tengah", "Kode_Prov": 33, "Kab_Kota": "Kebumen", "Kode_Kota": 3305, "Kecamatan": "Karanganyar", "Kode_Kec": 330502, "Kelurahan": "Karangkemiri", "Kode_Kel": 33050206, "basis": "RT003-RW003", "Kode_RTRW": "33050206-RT003-RW003", "k1_a_p": 0.0, "k1_b_p": 0, "k1_c_p": 0.0, "k1_p": 0.0, "k2_a_p": 9.52, "k2_b_p": 9.52, "k2_p": 0.0, "k3_a_p": 56.52, "k3_b_p": 73.91, "k3_p": 65.215, "k4_a_p": 55.0, "k4_b_p": 40.0, "k4_c_p": 0.0, "k4_d_p": 60.0, "k4_e_p": 30.0, "k4_p": 37.0, "k5_a_p": 32.61, "k5_b_p": 30.43, "k5_p": 31.52, "k6_a_p": 100, "k6_b_p": 100.0, "k6_c_p": 100, "k6_p": 100.0, "k7_a_p": 100, "k7_b_p": 100, "k7_p": 100, "k1_a": "Bangunan tidak teratur  ", "k1_b": "Bangunan padat ", "k1_c": "Bangunan tidak sesuai persyaratan teknis ", "Bangunan": "Permasalahan Bangunan ", "k2_a": "Terjangkau pelayanan jalan lingkungan ", "k2_b": "Kondisi permukaan jalan lingkungan tidak rusak ", "Jalan": "Permasalahan Jalan ", "k3_a": "50%", "k3_b": "50%", "Air_Minum": "50%", "k4_a": "50%", "k4_b": "Tidak tersedia drainase 25-50%", "k4_c": "Tidak terhubung dengan drainase dalam kota ", "k4_d": "50%", "k4_e": "Konstruksi drainase baik 25-50%", "Drainase": "Permasalahan Drainase 25-50%", "k5_a": "Sistem pengelolaan air limbah tidak sesuai standar teknis 25-50%", "k5_b": "Prasarana dan sarana pengelolaan air limbah tidak sesuai dengan persyaratan teknis 25-50%", "Air_Limbah": "Permasalahan Air Limbah 25-50%", "k6_a": "50%", "k6_b": "50%", "k6_c": "50%", "Sampah": "50%", "k7_a": "50%", "k7_b": "50%", "Kebakaran": "50%", "Sumber": "Data SIM KOTAKU, download pada 281120", "city": "kebumen", "source_layer": "Profil Kumuh Basis", "role": "profil" }, "geometry": { "type": "Polygon", "coordinates": [ [ [ 109.577410146912598, -7.622288209646907 ], [ 109.577909610210568, -7.622418204783882 ], [ 109.577957220920638, -7.622120818590474 ], [ 109.577671556660277, -7.622038013416022 ], [ 109.577421825011299, -7.621669396638661 ], [ 109.577457757622668, -7.621478855474741 ], [ 109.577457757622668, -7.621097772892533 ], [ 109.577421825011299, -7.620931271751324 ], [ 109.577421825011299, -7.620788810830446 ], [ 109.577397570498619, -7.620681965108685 ], [ 109.577683234758979, -7.620502998465013 ], [ 109.577742523567721, -7.620443342900503 ], [ 109.577612267851535, -7.619788911908394 ], [ 109.577505368332723, -7.619788911908394 ], [ 109.577040939330843, -7.619825417609121 ], [ 109.576850496490593, -7.619825417609121 ], [ 109.576648375551656, -7.619777336929466 ], [ 109.576219879161144, -7.619551179586095 ], [ 109.576065368932291, -7.619991919180286 ], [ 109.575922536802111, -7.619967878850479 ], [ 109.575672805153104, -7.61983699258675 ], [ 109.575351208281404, -7.620063149779195 ], [ 109.575398818991459, -7.620538613723445 ], [ 109.575577583732994, -7.620609844231428 ], [ 109.575684483251806, -7.620467383203619 ], [ 109.575827315381986, -7.620502998465013 ], [ 109.575874926092041, -7.620788810830446 ], [ 109.576589086742914, -7.621002502193988 ], [ 109.576814563879225, -7.62112181315891 ], [ 109.577076871942197, -7.621217083830908 ], [ 109.577290670979806, -7.621383584860985 ], [ 109.577243060269765, -7.621502895719723 ], [ 109.577421825011299, -7.622120818590474 ], [ 109.577410146912598, -7.622288209646907 ] ] ] } },
{ "type": "Feature", "properties": { "FID": 66, "Id": 0, "Provinsi": "Jawa Tengah", "Kode_Prov": 33, "Kab_Kota": "Kebumen", "Kode_Kota": 3305, "Kecamatan": "Karanganyar", "Kode_Kec": 330502, "Kelurahan": "Karangkemiri", "Kode_Kel": 33050206, "basis": "RT003-RW003", "Kode_RTRW": "33050206-RT003-RW003", "k1_a_p": 0.0, "k1_b_p": 0, "k1_c_p": 0.0, "k1_p": 0.0, "k2_a_p": 9.52, "k2_b_p": 9.52, "k2_p": 0.0, "k3_a_p": 56.52, "k3_b_p": 73.91, "k3_p": 65.215, "k4_a_p": 55.0, "k4_b_p": 40.0, "k4_c_p": 0.0, "k4_d_p": 60.0, "k4_e_p": 30.0, "k4_p": 37.0, "k5_a_p": 32.61, "k5_b_p": 30.43, "k5_p": 31.52, "k6_a_p": 100, "k6_b_p": 100.0, "k6_c_p": 100, "k6_p": 100.0, "k7_a_p": 100, "k7_b_p": 100, "k7_p": 100, "k1_a": "Bangunan tidak teratur  ", "k1_b": "Bangunan padat ", "k1_c": "Bangunan tidak sesuai persyaratan teknis ", "Bangunan": "Permasalahan Bangunan ", "k2_a": "Terjangkau pelayanan jalan lingkungan ", "k2_b": "Kondisi permukaan jalan lingkungan tidak rusak ", "Jalan": "Permasalahan Jalan ", "k3_a": "50%", "k3_b": "50%", "Air_Minum": "50%", "k4_a": "50%", "k4_b": "Tidak tersedia drainase 25-50%", "k4_c": "Tidak terhubung dengan drainase dalam kota ", "k4_d": "50%", "k4_e": "Konstruksi drainase baik 25-50%", "Drainase": "Permasalahan Drainase 25-50%", "k5_a": "Sistem pengelolaan air limbah tidak sesuai standar teknis 25-50%", "k5_b": "Prasarana dan sarana pengelolaan air limbah tidak sesuai dengan persyaratan teknis 25-50%", "Air_Limbah": "Permasalahan Air Limbah 25-50%", "k6_a": "50%", "k6_b": "50%", "k6_c": "50%", "Sampah": "50%", "k7_a": "50%", "k7_b": "50%", "Kebakaran": "50%", "Sumber": "Data SIM KOTAKU, download pada 281120", "city": "kebumen", "source_layer": "Profil Kumuh Basis", "role": "profil" }, "geometry": { "type": "Polygon", "coordinates": [ [ [ 109.578600414664052, -7.620556421351552 ], [ 109.578731568695545, -7.620675732440759 ], [ 109.578790857504288, -7.620818193399256 ], [ 109.578814213701691, -7.620973119637826 ], [ 109.578802535602989, -7.621365777267276 ], [ 109.578659703472809, -7.621829664841724 ], [ 109.579135810573405, -7.622138626152778 ], [ 109.579147488672092, -7.621900895134942 ], [ 109.578909435121801, -7.621317696760567 ], [ 109.578922011535781, -7.621127155440145 ], [ 109.579135810573405, -7.620877848911547 ], [ 109.579111556060724, -7.620640117193728 ], [ 109.579099877962022, -7.620437110229105 ], [ 109.578909435121801, -7.620413960305972 ], [ 109.578790857504288, -7.620556421351552 ], [ 109.578600414664052, -7.620496765794484 ], [ 109.578600414664052, -7.620556421351552 ] ] ] } },
{ "type": "Feature", "properties": { "FID": 67, "Id": 0, "Provinsi": "Jawa Tengah", "Kode_Prov": 33, "Kab_Kota": "Kebumen", "Kode_Kota": 3305, "Kecamatan": "Kebumen", "Kode_Kec": 330505, "Kelurahan": "Kawedusan", "Kode_Kel": 33050523, "basis": "RT001-RW001", "Kode_RTRW": "33050523-RT001-RW001", "k1_a_p": 40.58, "k1_b_p": 100, "k1_c_p": 15.94, "k1_p": 46.86, "k2_a_p": 27.21, "k2_b_p": 4.76, "k2_p": 13.605, "k3_a_p": 79.01, "k3_b_p": 0.0, "k3_p": 39.505, "k4_a_p": 0.0, "k4_b_p": 48.48, "k4_c_p": 12.12, "k4_d_p": 51.52, "k4_e_p": 15.15, "k4_p": 20.0, "k5_a_p": 8.64, "k5_b_p": 8.64, "k5_p": 0.0, "k6_a_p": 100, "k6_b_p": 41.98, "k6_c_p": 100, "k6_p": 80.66, "k7_a_p": 100, "k7_b_p": 100, "k7_p": 100, "k1_a": "Bangunan tidak teratur 25-50%", "k1_b": "50%", "k1_c": "Bangunan tidak sesuai persyaratan teknis ", "Bangunan": "Permasalahan Bangunan 25-50%", "k2_a": "Terjangkau pelayanan jalan lingkungan 25-50%", "k2_b": "Kondisi permukaan jalan lingkungan tidak rusak ", "Jalan": "Permasalahan Jalan ", "k3_a": "50%", "k3_b": "Tidak terpenuhi kebutuhan air minum ", "Air_Minum": "Permasalahan Air Minum 25-50%", "k4_a": "Tidak mampu mengalirkan limpasan air ", "k4_b": "Tidak tersedia drainase 25-50%", "k4_c": "Tidak terhubung dengan drainase dalam kota ", "k4_d": "50%", "k4_e": "Konstruksi drainase baik ", "Drainase": "Permasalahan Drainase ", "k5_a": "Sistem pengelolaan air limbah tidak sesuai standar teknis ", "k5_b": "Prasarana dan sarana pengelolaan air limbah tidak sesuai dengan persyaratan teknis ", "Air_Limbah": "Permasalahan Air Limbah ", "k6_a": "50%", "k6_b": "Sistem pengelolaan persampahan yang tidak sesuai standar teknis 25-50%", "k6_c": "50%", "Sampah": "50%", "k7_a": "50%", "k7_b": "50%", "Kebakaran": "50%", "Sumber": "Data SIM KOTAKU, download pada 281120", "city": "kebumen", "source_layer": "Profil Kumuh Basis", "role": "profil" }, "geometry": { "type": "Polygon", "coordinates": [ [ [ 109.67128858567952, -7.667606035647526 ], [ 109.671270619373828, -7.668304907434868 ], [ 109.671843744525106, -7.668287101798482 ], [ 109.671790743923339, -7.667857095453543 ], [ 109.671825778219414, -7.667623841312404 ], [ 109.67128858567952, -7.667606035647526 ] ] ] } },
{ "type": "Feature", "properties": { "FID": 68, "Id": 0, "Provinsi": "Jawa Tengah", "Kode_Prov": 33, "Kab_Kota": "Kebumen", "Kode_Kota": 3305, "Kecamatan": "Kebumen", "Kode_Kec": 330505, "Kelurahan": "Kebumen", "Kode_Kel": 33050525, "basis": "RT005-RW005", "Kode_RTRW": "33050525-RT005-RW005", "k1_a_p": 0.0, "k1_b_p": 0, "k1_c_p": 80.0, "k1_p": 26.6667, "k2_a_p": 0.0, "k2_b_p": 76.92, "k2_p": 38.46, "k3_a_p": 0.0, "k3_b_p": 0.0, "k3_p": 0.0, "k4_a_p": 0.0, "k4_b_p": 0.0, "k4_c_p": 0.0, "k4_d_p": 28.57, "k4_e_p": 28.57, "k4_p": 11.428, "k5_a_p": 0.0, "k5_b_p": 0.0, "k5_p": 0.0, "k6_a_p": 0, "k6_b_p": 100.0, "k6_c_p": 0, "k6_p": 33.3333, "k7_a_p": 0, "k7_b_p": 100, "k7_p": 50, "k1_a": "Bangunan tidak teratur  ", "k1_b": "Bangunan padat ", "k1_c": "50%", "Bangunan": "Permasalahan Bangunan 25-50%", "k2_a": "Terjangkau pelayanan jalan lingkungan ", "k2_b": "50%", "Jalan": "Permasalahan Jalan 25-50%", "k3_a": "Tersedia akses aman air minum ", "k3_b": "Tidak terpenuhi kebutuhan air minum ", "Air_Minum": "Permasalahan Air Minum ", "k4_a": "Tidak mampu mengalirkan limpasan air ", "k4_b": "Tidak tersedia drainase ", "k4_c": "Tidak terhubung dengan drainase dalam kota ", "k4_d": "Drainase tidak terpelihara 25-50%", "k4_e": "Konstruksi drainase baik 25-50%", "Drainase": "Permasalahan Drainase ", "k5_a": "Sistem pengelolaan air limbah tidak sesuai standar teknis ", "k5_b": "Prasarana dan sarana pengelolaan air limbah tidak sesuai dengan persyaratan teknis ", "Air_Limbah": "Permasalahan Air Limbah ", "k6_a": "Prasarana dan sarana persampahan tidak sesuai dengan persyaratan teknis ", "k6_b": "50%", "k6_c": "Sarana dan prasarana pengelolaan persampahan tidak terpelihara ", "Sampah": "Permasalahan Persampahan 25-50%", "k7_a": "Tidak tersedia prasarana proteksi kebakaran ", "k7_b": "50%", "Kebakaran": "50%", "Sumber": "Data SIM KOTAKU, download pada 281120", "city": "kebumen", "source_layer": "Profil Kumuh Basis", "role": "profil" }, "geometry": { "type": "Polygon", "coordinates": [ [ [ 109.659761403953695, -7.672112625657551 ], [ 109.65906700623907, -7.672081466072274 ], [ 109.658701391918427, -7.672081466072274 ], [ 109.65867534077519, -7.673256625993674 ], [ 109.659588927419136, -7.673256625993674 ], [ 109.659562876275885, -7.672864906380672 ], [ 109.659694030307392, -7.672839088484412 ], [ 109.659694030307392, -7.672629874439683 ], [ 109.659713793243625, -7.672630764712432 ], [ 109.659721878081186, -7.672549749884657 ], [ 109.659757810692554, -7.672173164273849 ], [ 109.659761403953695, -7.672112625657551 ] ] ] } },
{ "type": "Feature", "properties": { "FID": 69, "Id": 0, "Provinsi": "Jawa Tengah", "Kode_Prov": 33, "Kab_Kota": "Kebumen", "Kode_Kota": 3305, "Kecamatan": "Kebumen", "Kode_Kec": 330505, "Kelurahan": "Kebumen", "Kode_Kel": 33050525, "basis": "RT001-RW001", "Kode_RTRW": "33050525-RT001-RW001", "k1_a_p": 0.0, "k1_b_p": 0, "k1_c_p": 37.93, "k1_p": 12.6433, "k2_a_p": 0.0, "k2_b_p": 53.16, "k2_p": 26.58, "k3_a_p": 80.56, "k3_b_p": 0.0, "k3_p": 40.28, "k4_a_p": 0.0, "k4_b_p": 50.0, "k4_c_p": 50.0, "k4_d_p": 46.42, "k4_e_p": 37.46, "k4_p": 36.776, "k5_a_p": 0.0, "k5_b_p": 0.0, "k5_p": 0.0, "k6_a_p": 0, "k6_b_p": 0.0, "k6_c_p": 100, "k6_p": 33.3333, "k7_a_p": 100, "k7_b_p": 100, "k7_p": 100, "k1_a": "Bangunan tidak teratur  ", "k1_b": "Bangunan padat ", "k1_c": "Bangunan tidak sesuai persyaratan teknis 25-50%", "Bangunan": "Permasalahan Bangunan ", "k2_a": "Terjangkau pelayanan jalan lingkungan ", "k2_b": "50%", "Jalan": "Permasalahan Jalan 25-50%", "k3_a": "50%", "k3_b": "Tidak terpenuhi kebutuhan air minum ", "Air_Minum": "Permasalahan Air Minum 25-50%", "k4_a": "Tidak mampu mengalirkan limpasan air ", "k4_b": "50%", "k4_c": "50%", "k4_d": "Drainase tidak terpelihara 25-50%", "k4_e": "Konstruksi drainase baik 25-50%", "Drainase": "Permasalahan Drainase 25-50%", "k5_a": "Sistem pengelolaan air limbah tidak sesuai standar teknis ", "k5_b": "Prasarana dan sarana pengelolaan air limbah tidak sesuai dengan persyaratan teknis ", "Air_Limbah": "Permasalahan Air Limbah ", "k6_a": "Prasarana dan sarana persampahan tidak sesuai dengan persyaratan teknis ", "k6_b": "Sistem pengelolaan persampahan yang tidak sesuai standar teknis ", "k6_c": "50%", "Sampah": "Permasalahan Persampahan 25-50%", "k7_a": "50%", "k7_b": "50%", "Kebakaran": "50%", "Sumber": "Data SIM KOTAKU, download pada 281120", "city": "kebumen", "source_layer": "Profil Kumuh Basis", "role": "profil" }, "geometry": { "type": "Polygon", "coordinates": [ [ [ 109.661877834763075, -7.67420654455675 ], [ 109.663454378086712, -7.674380147063862 ], [ 109.662618944872477, -7.673309152005256 ], [ 109.661926343788423, -7.673290456306962 ], [ 109.661926343788423, -7.673296688206485 ], [ 109.661901190960464, -7.673689297692296 ], [ 109.661875139817212, -7.673733811216561 ], [ 109.661883224654773, -7.674128200838022 ], [ 109.66188052970891, -7.67416381162105 ], [ 109.661877834763075, -7.67420654455675 ] ] ] } },
{ "type": "Feature", "properties": { "FID": 70, "Id": 0, "Provinsi": "Jawa Tengah", "Kode_Prov": 33, "Kab_Kota": "Kebumen", "Kode_Kota": 3305, "Kecamatan": "Kebumen", "Kode_Kec": 330505, "Kelurahan": "Kebumen", "Kode_Kel": 33050525, "basis": "RT002-RW001", "Kode_RTRW": "33050525-RT002-RW001", "k1_a_p": 0.0, "k1_b_p": 0, "k1_c_p": 8.16, "k1_p": 0.0, "k2_a_p": 0.0, "k2_b_p": 83.83, "k2_p": 41.915, "k3_a_p": 68.12, "k3_b_p": 1.45, "k3_p": 34.06, "k4_a_p": 0.0, "k4_b_p": 0.0, "k4_c_p": 0.0, "k4_d_p": 50.0, "k4_e_p": 50.0, "k4_p": 20.0, "k5_a_p": 5.8, "k5_b_p": 17.39, "k5_p": 0.0, "k6_a_p": 0, "k6_b_p": 100.0, "k6_c_p": 100, "k6_p": 66.6667, "k7_a_p": 0, "k7_b_p": 100, "k7_p": 50, "k1_a": "Bangunan tidak teratur  ", "k1_b": "Bangunan padat ", "k1_c": "Bangunan tidak sesuai persyaratan teknis ", "Bangunan": "Permasalahan Bangunan ", "k2_a": "Terjangkau pelayanan jalan lingkungan ", "k2_b": "50%", "Jalan": "Permasalahan Jalan 25-50%", "k3_a": "50%", "k3_b": "Tidak terpenuhi kebutuhan air minum ", "Air_Minum": "Permasalahan Air Minum 25-50%", "k4_a": "Tidak mampu mengalirkan limpasan air ", "k4_b": "Tidak tersedia drainase ", "k4_c": "Tidak terhubung dengan drainase dalam kota ", "k4_d": "50%", "k4_e": "50%", "Drainase": "Permasalahan Drainase ", "k5_a": "Sistem pengelolaan air limbah tidak sesuai standar teknis ", "k5_b": "Prasarana dan sarana pengelolaan air limbah tidak sesuai dengan persyaratan teknis ", "Air_Limbah": "Permasalahan Air Limbah ", "k6_a": "Prasarana dan sarana persampahan tidak sesuai dengan persyaratan teknis ", "k6_b": "50%", "k6_c": "50%", "Sampah": "50%", "k7_a": "Tidak tersedia prasarana proteksi kebakaran ", "k7_b": "50%", "Kebakaran": "50%", "Sumber": "Data SIM KOTAKU, download pada 281120", "city": "kebumen", "source_layer": "Profil Kumuh Basis", "role": "profil" }, "geometry": { "type": "Polygon", "coordinates": [ [ [ 109.661926343788423, -7.673290456306962 ], [ 109.660685770381036, -7.673256625993674 ], [ 109.660607616951339, -7.674066772230288 ], [ 109.661877834763075, -7.67420654455675 ], [ 109.66188052970891, -7.67416381162105 ], [ 109.661883224654773, -7.674128200838022 ], [ 109.661875139817212, -7.673733811216561 ], [ 109.661901190960464, -7.673689297692296 ], [ 109.661926343788423, -7.673296688206485 ], [ 109.661926343788423, -7.673290456306962 ] ] ] } },
{ "type": "Feature", "properties": { "FID": 71, "Id": 0, "Provinsi": "Jawa Tengah", "Kode_Prov": 33, "Kab_Kota": "Kebumen", "Kode_Kota": 3305, "Kecamatan": "Kebumen", "Kode_Kec": 330505, "Kelurahan": "Kebumen", "Kode_Kel": 33050525, "basis": "RT003-RW005", "Kode_RTRW": "33050525-RT003-RW005", "k1_a_p": 0.0, "k1_b_p": 0, "k1_c_p": 41.67, "k1_p": 13.89, "k2_a_p": 0.0, "k2_b_p": 41.86, "k2_p": 20.93, "k3_a_p": 53.85, "k3_b_p": 0.0, "k3_p": 26.925, "k4_a_p": 0.0, "k4_b_p": 0.0, "k4_c_p": 0.0, "k4_d_p": 44.44, "k4_e_p": 0.0, "k4_p": 8.888, "k5_a_p": 0.0, "k5_b_p": 15.38, "k5_p": 0.0, "k6_a_p": 0, "k6_b_p": 100.0, "k6_c_p": 100, "k6_p": 66.6667, "k7_a_p": 0, "k7_b_p": 0, "k7_p": 0, "k1_a": "Bangunan tidak teratur  ", "k1_b": "Bangunan padat ", "k1_c": "Bangunan tidak sesuai persyaratan teknis 25-50%", "Bangunan": "Permasalahan Bangunan ", "k2_a": "Terjangkau pelayanan jalan lingkungan ", "k2_b": "Kondisi permukaan jalan lingkungan tidak rusak 25-50%", "Jalan": "Permasalahan Jalan ", "k3_a": "50%", "k3_b": "Tidak terpenuhi kebutuhan air minum ", "Air_Minum": "Permasalahan Air Minum 25-50%", "k4_a": "Tidak mampu mengalirkan limpasan air ", "k4_b": "Tidak tersedia drainase ", "k4_c": "Tidak terhubung dengan drainase dalam kota ", "k4_d": "Drainase tidak terpelihara 25-50%", "k4_e": "Konstruksi drainase baik ", "Drainase": "Permasalahan Drainase ", "k5_a": "Sistem pengelolaan air limbah tidak sesuai standar teknis ", "k5_b": "Prasarana dan sarana pengelolaan air limbah tidak sesuai dengan persyaratan teknis ", "Air_Limbah": "Permasalahan Air Limbah ", "k6_a": "Prasarana dan sarana persampahan tidak sesuai dengan persyaratan teknis ", "k6_b": "50%", "k6_c": "50%", "Sampah": "50%", "k7_a": "Tidak tersedia prasarana proteksi kebakaran ", "k7_b": "Tidak tersedia sarana proteksi kebakaran ", "Kebakaran": "Permasalahan Proteksi Kebakaran ", "Sumber": "Data SIM KOTAKU, download pada 281120", "city": "kebumen", "source_layer": "Profil Kumuh Basis", "role": "profil" }, "geometry": { "type": "Polygon", "coordinates": [ [ [ 109.65906700623907, -7.672081466072274 ], [ 109.65906700623907, -7.67059292551078 ], [ 109.657944112133919, -7.670462054769725 ], [ 109.657944112133919, -7.672133992228992 ], [ 109.658701391918427, -7.672081466072274 ], [ 109.65906700623907, -7.672081466072274 ] ] ] } },
{ "type": "Feature", "properties": { "FID": 72, "Id": 0, "Provinsi": "Jawa Tengah", "Kode_Prov": 33, "Kab_Kota": "Kebumen", "Kode_Kota": 3305, "Kecamatan": "Kebumen", "Kode_Kec": 330505, "Kelurahan": "Kebumen", "Kode_Kel": 33050525, "basis": "RT004-RW005", "Kode_RTRW": "33050525-RT004-RW005", "k1_a_p": 0.0, "k1_b_p": 0, "k1_c_p": 46.88, "k1_p": 15.6267, "k2_a_p": 0.0, "k2_b_p": 16.92, "k2_p": 0.0, "k3_a_p": 32.65, "k3_b_p": 0.0, "k3_p": 16.325, "k4_a_p": 0.0, "k4_b_p": 0.0, "k4_c_p": 0.0, "k4_d_p": 6.3, "k4_e_p": 6.3, "k4_p": 0.0, "k5_a_p": 2.04, "k5_b_p": 24.49, "k5_p": 0.0, "k6_a_p": 0, "k6_b_p": 14.29, "k6_c_p": 0, "k6_p": 0.0, "k7_a_p": 0, "k7_b_p": 100, "k7_p": 50, "k1_a": "Bangunan tidak teratur  ", "k1_b": "Bangunan padat ", "k1_c": "Bangunan tidak sesuai persyaratan teknis 25-50%", "Bangunan": "Permasalahan Bangunan ", "k2_a": "Terjangkau pelayanan jalan lingkungan ", "k2_b": "Kondisi permukaan jalan lingkungan tidak rusak ", "Jalan": "Permasalahan Jalan ", "k3_a": "Tersedia akses aman air minum 25-50%", "k3_b": "Tidak terpenuhi kebutuhan air minum ", "Air_Minum": "Permasalahan Air Minum ", "k4_a": "Tidak mampu mengalirkan limpasan air ", "k4_b": "Tidak tersedia drainase ", "k4_c": "Tidak terhubung dengan drainase dalam kota ", "k4_d": "Drainase tidak terpelihara ", "k4_e": "Konstruksi drainase baik ", "Drainase": "Permasalahan Drainase ", "k5_a": "Sistem pengelolaan air limbah tidak sesuai standar teknis ", "k5_b": "Prasarana dan sarana pengelolaan air limbah tidak sesuai dengan persyaratan teknis ", "Air_Limbah": "Permasalahan Air Limbah ", "k6_a": "Prasarana dan sarana persampahan tidak sesuai dengan persyaratan teknis ", "k6_b": "Sistem pengelolaan persampahan yang tidak sesuai standar teknis ", "k6_c": "Sarana dan prasarana pengelolaan persampahan tidak terpelihara ", "Sampah": "Permasalahan Persampahan ", "k7_a": "Tidak tersedia prasarana proteksi kebakaran ", "k7_b": "50%", "Kebakaran": "50%", "Sumber": "Data SIM KOTAKU, download pada 281120", "city": "kebumen", "source_layer": "Profil Kumuh Basis", "role": "profil" }, "geometry": { "type": "Polygon", "coordinates": [ [ [ 109.659713793243625, -7.672630764712432 ], [ 109.660189900344207, -7.672656582621338 ], [ 109.660215951487459, -7.673256625993674 ], [ 109.660633668094576, -7.673283334135967 ], [ 109.660816924412543, -7.672159810168052 ], [ 109.659761403953695, -7.672112625657551 ], [ 109.659757810692554, -7.672173164273849 ], [ 109.659721878081186, -7.672549749884657 ], [ 109.659713793243625, -7.672630764712432 ] ] ] } },
{ "type": "Feature", "properties": { "FID": 73, "Id": 0, "Provinsi": "Jawa Tengah", "Kode_Prov": 33, "Kab_Kota": "Kebumen", "Kode_Kota": 3305, "Kecamatan": "Kebumen", "Kode_Kec": 330505, "Kelurahan": "Kebumen", "Kode_Kel": 33050525, "basis": "RT002-RW005", "Kode_RTRW": "33050525-RT002-RW005", "k1_a_p": 26.09, "k1_b_p": 0, "k1_c_p": 30.43, "k1_p": 18.84, "k2_a_p": 0.0, "k2_b_p": 73.71, "k2_p": 36.855, "k3_a_p": 37.04, "k3_b_p": 0.0, "k3_p": 18.52, "k4_a_p": 0.0, "k4_b_p": 50.0, "k4_c_p": 50.0, "k4_d_p": 50.0, "k4_e_p": 0.0, "k4_p": 30.0, "k5_a_p": 3.7, "k5_b_p": 11.11, "k5_p": 0.0, "k6_a_p": 0, "k6_b_p": 77.78, "k6_c_p": 100, "k6_p": 59.26, "k7_a_p": 100, "k7_b_p": 0, "k7_p": 50, "k1_a": "Bangunan tidak teratur 25-50%", "k1_b": "Bangunan padat ", "k1_c": "Bangunan tidak sesuai persyaratan teknis 25-50%", "Bangunan": "Permasalahan Bangunan ", "k2_a": "Terjangkau pelayanan jalan lingkungan ", "k2_b": "50%", "Jalan": "Permasalahan Jalan 25-50%", "k3_a": "Tersedia akses aman air minum 25-50%", "k3_b": "Tidak terpenuhi kebutuhan air minum ", "Air_Minum": "Permasalahan Air Minum ", "k4_a": "Tidak mampu mengalirkan limpasan air ", "k4_b": "50%", "k4_c": "50%", "k4_d": "50%", "k4_e": "Konstruksi drainase baik ", "Drainase": "Permasalahan Drainase 25-50%", "k5_a": "Sistem pengelolaan air limbah tidak sesuai standar teknis ", "k5_b": "Prasarana dan sarana pengelolaan air limbah tidak sesuai dengan persyaratan teknis ", "Air_Limbah": "Permasalahan Air Limbah ", "k6_a": "Prasarana dan sarana persampahan tidak sesuai dengan persyaratan teknis ", "k6_b": "50%", "k6_c": "50%", "Sampah": "50%", "k7_a": "50%", "k7_b": "Tidak tersedia sarana proteksi kebakaran ", "Kebakaran": "50%", "Sumber": "Data SIM KOTAKU, download pada 281120", "city": "kebumen", "source_layer": "Profil Kumuh Basis", "role": "profil" }, "geometry": { "type": "Polygon", "coordinates": [ [ [ 109.659899744507442, -7.672118857574332 ], [ 109.659984186144143, -7.671489433518291 ], [ 109.659157736082761, -7.671486762692871 ], [ 109.659106532111565, -7.672083246620064 ], [ 109.659761403953695, -7.672112625657551 ], [ 109.659899744507442, -7.672118857574332 ] ] ] } },
{ "type": "Feature", "properties": { "FID": 74, "Id": 0, "Provinsi": "Jawa Tengah", "Kode_Prov": 33, "Kab_Kota": "Kebumen", "Kode_Kota": 3305, "Kecamatan": "Kebumen", "Kode_Kec": 330505, "Kelurahan": "Kebumen", "Kode_Kel": 33050525, "basis": "RT001-RW005", "Kode_RTRW": "33050525-RT001-RW005", "k1_a_p": 3.57, "k1_b_p": 0, "k1_c_p": 50.0, "k1_p": 16.6667, "k2_a_p": 0.0, "k2_b_p": 0.0, "k2_p": 0.0, "k3_a_p": 37.5, "k3_b_p": 0.0, "k3_p": 18.75, "k4_a_p": 0.0, "k4_b_p": 50.0, "k4_c_p": 50.0, "k4_d_p": 50.0, "k4_e_p": 0.0, "k4_p": 30.0, "k5_a_p": 0.0, "k5_b_p": 35.0, "k5_p": 17.5, "k6_a_p": 0, "k6_b_p": 100.0, "k6_c_p": 100, "k6_p": 66.6667, "k7_a_p": 0, "k7_b_p": 100, "k7_p": 50, "k1_a": "Bangunan tidak teratur  ", "k1_b": "Bangunan padat ", "k1_c": "50%", "Bangunan": "Permasalahan Bangunan ", "k2_a": "Terjangkau pelayanan jalan lingkungan ", "k2_b": "Kondisi permukaan jalan lingkungan tidak rusak ", "Jalan": "Permasalahan Jalan ", "k3_a": "Tersedia akses aman air minum 25-50%", "k3_b": "Tidak terpenuhi kebutuhan air minum ", "Air_Minum": "Permasalahan Air Minum ", "k4_a": "Tidak mampu mengalirkan limpasan air ", "k4_b": "50%", "k4_c": "50%", "k4_d": "50%", "k4_e": "Konstruksi drainase baik ", "Drainase": "Permasalahan Drainase 25-50%", "k5_a": "Sistem pengelolaan air limbah tidak sesuai standar teknis ", "k5_b": "Prasarana dan sarana pengelolaan air limbah tidak sesuai dengan persyaratan teknis 25-50%", "Air_Limbah": "Permasalahan Air Limbah ", "k6_a": "Prasarana dan sarana persampahan tidak sesuai dengan persyaratan teknis ", "k6_b": "50%", "k6_c": "50%", "Sampah": "50%", "k7_a": "Tidak tersedia prasarana proteksi kebakaran ", "k7_b": "50%", "Kebakaran": "50%", "Sumber": "Data SIM KOTAKU, download pada 281120", "city": "kebumen", "source_layer": "Profil Kumuh Basis", "role": "profil" }, "geometry": { "type": "Polygon", "coordinates": [ [ [ 109.659899744507442, -7.672118857574332 ], [ 109.660747754135642, -7.672157139346846 ], [ 109.660816924412543, -7.672159810168052 ], [ 109.660864535122599, -7.671567777723118 ], [ 109.659984186144143, -7.671489433518291 ], [ 109.659899744507442, -7.672118857574332 ] ] ] } },
{ "type": "Feature", "properties": { "FID": 75, "Id": 0, "Provinsi": "Jawa Tengah", "Kode_Prov": 33, "Kab_Kota": "Kebumen", "Kode_Kota": 3305, "Kecamatan": "Kebumen", "Kode_Kec": 330505, "Kelurahan": "Kutosari", "Kode_Kel": 33050526, "basis": "RT001-RW004", "Kode_RTRW": "33050526-RT001-RW004", "k1_a_p": 0.0, "k1_b_p": 0, "k1_c_p": 22.03, "k1_p": 0.0, "k2_a_p": 0.0, "k2_b_p": 50.0, "k2_p": 25.0, "k3_a_p": 30.16, "k3_b_p": 30.16, "k3_p": 30.16, "k4_a_p": 0.0, "k4_b_p": 16.67, "k4_c_p": 0.0, "k4_d_p": 62.5, "k4_e_p": 0.0, "k4_p": 12.5, "k5_a_p": 0.0, "k5_b_p": 0.0, "k5_p": 0.0, "k6_a_p": 100, "k6_b_p": 0.0, "k6_c_p": 100, "k6_p": 66.6667, "k7_a_p": 100, "k7_b_p": 100, "k7_p": 100, "k1_a": "Bangunan tidak teratur  ", "k1_b": "Bangunan padat ", "k1_c": "Bangunan tidak sesuai persyaratan teknis ", "Bangunan": "Permasalahan Bangunan ", "k2_a": "Terjangkau pelayanan jalan lingkungan ", "k2_b": "50%", "Jalan": "Permasalahan Jalan 25-50%", "k3_a": "Tersedia akses aman air minum 25-50%", "k3_b": "Tidak terpenuhi kebutuhan air minum 25-50%", "Air_Minum": "Permasalahan Air Minum 25-50%", "k4_a": "Tidak mampu mengalirkan limpasan air ", "k4_b": "Tidak tersedia drainase ", "k4_c": "Tidak terhubung dengan drainase dalam kota ", "k4_d": "50%", "k4_e": "Konstruksi drainase baik ", "Drainase": "Permasalahan Drainase ", "k5_a": "Sistem pengelolaan air limbah tidak sesuai standar teknis ", "k5_b": "Prasarana dan sarana pengelolaan air limbah tidak sesuai dengan persyaratan teknis ", "Air_Limbah": "Permasalahan Air Limbah ", "k6_a": "50%", "k6_b": "Sistem pengelolaan persampahan yang tidak sesuai standar teknis ", "k6_c": "50%", "Sampah": "50%", "k7_a": "50%", "k7_b": "50%", "Kebakaran": "50%", "Sumber": "Data SIM KOTAKU, download pada 281120", "city": "kebumen", "source_layer": "Profil Kumuh Basis", "role": "profil" }, "geometry": { "type": "Polygon", "coordinates": [ [ [ 109.644259177095634, -7.660884343948662 ], [ 109.644272651824892, -7.661198618785913 ], [ 109.644815234256512, -7.661198618785913 ], [ 109.644829607301048, -7.661341066227842 ], [ 109.644972439431228, -7.661383800451132 ], [ 109.644958066386693, -7.661241353023493 ], [ 109.645444054955391, -7.661269842512833 ], [ 109.645471902729199, -7.661098905548216 ], [ 109.645614734859379, -7.661084660798067 ], [ 109.645614734859379, -7.661198618785913 ], [ 109.645743193945009, -7.661198618785913 ], [ 109.645771940034095, -7.661027681792714 ], [ 109.646171690335535, -7.661070416047443 ], [ 109.646186063380071, -7.661127395047083 ], [ 109.646357641599337, -7.661141639795802 ], [ 109.646343268554801, -7.661255597768402 ], [ 109.646486100684967, -7.661284087256786 ], [ 109.646500473729517, -7.661355310969414 ], [ 109.646600186726062, -7.661383800451132 ], [ 109.646671153633505, -7.66145591444321 ], [ 109.646699899722591, -7.661584117065646 ], [ 109.646771764945328, -7.661855657214907 ], [ 109.646500473729517, -7.661912636109498 ], [ 109.646471727640431, -7.662241154899945 ], [ 109.646685526678041, -7.662197530468108 ], [ 109.646900224030944, -7.662069328030318 ], [ 109.646900224030944, -7.662326623161611 ], [ 109.64705742920566, -7.662369357286013 ], [ 109.64705742920566, -7.662454825521951 ], [ 109.646914597075494, -7.662497559633487 ], [ 109.646900224030944, -7.662840322664632 ], [ 109.646956817893852, -7.663154596058536 ], [ 109.646800511034414, -7.663111862012933 ], [ 109.646828358808222, -7.662940035494617 ], [ 109.646714272767142, -7.66292579080605 ], [ 109.646628932815148, -7.66292579080605 ], [ 109.646600186726062, -7.662954280182708 ], [ 109.646585813681497, -7.663154596058536 ], [ 109.646271403332065, -7.663197330099851 ], [ 109.646257928602807, -7.663111862012933 ], [ 109.646142944246449, -7.663126106695277 ], [ 109.645986637387011, -7.663026393908863 ], [ 109.645629107903929, -7.663026393908863 ], [ 109.645572514041021, -7.662911546117005 ], [ 109.645315595869761, -7.662968524870323 ], [ 109.645315595869761, -7.663154596058536 ], [ 109.645329968914325, -7.663739517876642 ], [ 109.646214809469171, -7.663782251859253 ], [ 109.646229182513707, -7.663711028552517 ], [ 109.646557067592425, -7.663739517876642 ], [ 109.647114023068582, -7.663768007198861 ], [ 109.64755689250363, -7.663768007198861 ], [ 109.647099650024032, -7.660941322973191 ], [ 109.646171690335535, -7.660998301990098 ], [ 109.644773013438169, -7.660927078217774 ], [ 109.644259177095634, -7.660884343948662 ] ] ] } },
{ "type": "Feature", "properties": { "FID": 76, "Id": 0, "Provinsi": "Jawa Tengah", "Kode_Prov": 33, "Kab_Kota": "Kebumen", "Kode_Kota": 3305, "Kecamatan": "Kebumen", "Kode_Kec": 330505, "Kelurahan": "Kutosari", "Kode_Kel": 33050526, "basis": "RT004-RW003", "Kode_RTRW": "33050526-RT004-RW003", "k1_a_p": 0.0, "k1_b_p": 0, "k1_c_p": 0.0, "k1_p": 0.0, "k2_a_p": 0.0, "k2_b_p": 25.0, "k2_p": 12.5, "k3_a_p": 13.46, "k3_b_p": 0.0, "k3_p": 0.0, "k4_a_p": 0.0, "k4_b_p": 0.0, "k4_c_p": 0.0, "k4_d_p": 73.33, "k4_e_p": 0.0, "k4_p": 14.666, "k5_a_p": 0.0, "k5_b_p": 0.0, "k5_p": 0.0, "k6_a_p": 0, "k6_b_p": 0.0, "k6_c_p": 0, "k6_p": 0.0, "k7_a_p": 100, "k7_b_p": 100, "k7_p": 100, "k1_a": "Bangunan tidak teratur  ", "k1_b": "Bangunan padat ", "k1_c": "Bangunan tidak sesuai persyaratan teknis ", "Bangunan": "Permasalahan Bangunan ", "k2_a": "Terjangkau pelayanan jalan lingkungan ", "k2_b": "Kondisi permukaan jalan lingkungan tidak rusak 25-50%", "Jalan": "Permasalahan Jalan ", "k3_a": "Tersedia akses aman air minum ", "k3_b": "Tidak terpenuhi kebutuhan air minum ", "Air_Minum": "Permasalahan Air Minum ", "k4_a": "Tidak mampu mengalirkan limpasan air ", "k4_b": "Tidak tersedia drainase ", "k4_c": "Tidak terhubung dengan drainase dalam kota ", "k4_d": "50%", "k4_e": "Konstruksi drainase baik ", "Drainase": "Permasalahan Drainase ", "k5_a": "Sistem pengelolaan air limbah tidak sesuai standar teknis ", "k5_b": "Prasarana dan sarana pengelolaan air limbah tidak sesuai dengan persyaratan teknis ", "Air_Limbah": "Permasalahan Air Limbah ", "k6_a": "Prasarana dan sarana persampahan tidak sesuai dengan persyaratan teknis ", "k6_b": "Sistem pengelolaan persampahan yang tidak sesuai standar teknis ", "k6_c": "Sarana dan prasarana pengelolaan persampahan tidak terpelihara ", "Sampah": "Permasalahan Persampahan ", "k7_a": "50%", "k7_b": "50%", "Kebakaran": "50%", "Sumber": "Data SIM KOTAKU, download pada 281120", "city": "kebumen", "source_layer": "Profil Kumuh Basis", "role": "profil" }, "geometry": { "type": "Polygon", "coordinates": [ [ [ 109.647085276979467, -7.668408180111206 ], [ 109.64705742920566, -7.667736907267015 ], [ 109.646956817893852, -7.667322925475833 ], [ 109.646800511034414, -7.667322925475833 ], [ 109.646628932815148, -7.667308680933919 ], [ 109.646585813681497, -7.667409283000997 ], [ 109.646442981551331, -7.667494750225144 ], [ 109.646285776376601, -7.66762295102918 ], [ 109.646200436424621, -7.667794775657358 ], [ 109.646243555558272, -7.668336957578482 ], [ 109.647085276979467, -7.668408180111206 ] ] ] } },
{ "type": "Feature", "properties": { "FID": 77, "Id": 0, "Provinsi": "Jawa Tengah", "Kode_Prov": 33, "Kab_Kota": "Kebumen", "Kode_Kota": 3305, "Kecamatan": "Kebumen", "Kode_Kec": 330505, "Kelurahan": "Kutosari", "Kode_Kel": 33050526, "basis": "RT004-RW003", "Kode_RTRW": "33050526-RT004-RW003", "k1_a_p": 0.0, "k1_b_p": 0, "k1_c_p": 0.0, "k1_p": 0.0, "k2_a_p": 0.0, "k2_b_p": 25.0, "k2_p": 12.5, "k3_a_p": 13.46, "k3_b_p": 0.0, "k3_p": 0.0, "k4_a_p": 0.0, "k4_b_p": 0.0, "k4_c_p": 0.0, "k4_d_p": 73.33, "k4_e_p": 0.0, "k4_p": 14.666, "k5_a_p": 0.0, "k5_b_p": 0.0, "k5_p": 0.0, "k6_a_p": 0, "k6_b_p": 0.0, "k6_c_p": 0, "k6_p": 0.0, "k7_a_p": 100, "k7_b_p": 100, "k7_p": 100, "k1_a": "Bangunan tidak teratur  ", "k1_b": "Bangunan padat ", "k1_c": "Bangunan tidak sesuai persyaratan teknis ", "Bangunan": "Permasalahan Bangunan ", "k2_a": "Terjangkau pelayanan jalan lingkungan ", "k2_b": "Kondisi permukaan jalan lingkungan tidak rusak 25-50%", "Jalan": "Permasalahan Jalan ", "k3_a": "Tersedia akses aman air minum ", "k3_b": "Tidak terpenuhi kebutuhan air minum ", "Air_Minum": "Permasalahan Air Minum ", "k4_a": "Tidak mampu mengalirkan limpasan air ", "k4_b": "Tidak tersedia drainase ", "k4_c": "Tidak terhubung dengan drainase dalam kota ", "k4_d": "50%", "k4_e": "Konstruksi drainase baik ", "Drainase": "Permasalahan Drainase ", "k5_a": "Sistem pengelolaan air limbah tidak sesuai standar teknis ", "k5_b": "Prasarana dan sarana pengelolaan air limbah tidak sesuai dengan persyaratan teknis ", "Air_Limbah": "Permasalahan Air Limbah ", "k6_a": "Prasarana dan sarana persampahan tidak sesuai dengan persyaratan teknis ", "k6_b": "Sistem pengelolaan persampahan yang tidak sesuai standar teknis ", "k6_c": "Sarana dan prasarana pengelolaan persampahan tidak terpelihara ", "Sampah": "Permasalahan Persampahan ", "k7_a": "50%", "k7_b": "50%", "Kebakaran": "50%", "Sumber": "Data SIM KOTAKU, download pada 281120", "city": "kebumen", "source_layer": "Profil Kumuh Basis", "role": "profil" }, "geometry": { "type": "Polygon", "coordinates": [ [ [ 109.645601260130121, -7.668051177046052 ], [ 109.645229357602489, -7.667965709933651 ], [ 109.644872726434699, -7.667894487326874 ], [ 109.644829607301048, -7.668108155111447 ], [ 109.645214984557953, -7.668265735033838 ], [ 109.645529394907385, -7.668393935605613 ], [ 109.645601260130121, -7.668051177046052 ] ] ] } },
{ "type": "Feature", "properties": { "FID": 78, "Id": 0, "Provinsi": "Jawa Tengah", "Kode_Prov": 33, "Kab_Kota": "Kebumen", "Kode_Kota": 3305, "Kecamatan": "Kebumen", "Kode_Kec": 330505, "Kelurahan": "Mengkowo", "Kode_Kel": 33050505, "basis": "RT004-RW001", "Kode_RTRW": "33050505-RT004-RW001", "k1_a_p": 49.18, "k1_b_p": 0, "k1_c_p": 0.0, "k1_p": 16.3933, "k2_a_p": 47.06, "k2_b_p": 5.88, "k2_p": 23.53, "k3_a_p": 54.1, "k3_b_p": 54.1, "k3_p": 54.1, "k4_a_p": 37.38, "k4_b_p": 54.55, "k4_c_p": 26.14, "k4_d_p": 22.73, "k4_e_p": 5.68, "k4_p": 23.614, "k5_a_p": 0.0, "k5_b_p": 100.0, "k5_p": 50.0, "k6_a_p": 100, "k6_b_p": 100.0, "k6_c_p": 100, "k6_p": 100.0, "k7_a_p": 100, "k7_b_p": 100, "k7_p": 100, "k1_a": "Bangunan tidak teratur 25-50%", "k1_b": "Bangunan padat ", "k1_c": "Bangunan tidak sesuai persyaratan teknis ", "Bangunan": "Permasalahan Bangunan ", "k2_a": "Terjangkau pelayanan jalan lingkungan 25-50%", "k2_b": "Kondisi permukaan jalan lingkungan tidak rusak ", "Jalan": "Permasalahan Jalan ", "k3_a": "50%", "k3_b": "50%", "Air_Minum": "50%", "k4_a": "Tidak mampu mengalirkan limpasan air 25-50%", "k4_b": "50%", "k4_c": "Tidak terhubung dengan drainase dalam kota 25-50%", "k4_d": "Drainase tidak terpelihara ", "k4_e": "Konstruksi drainase baik ", "Drainase": "Permasalahan Drainase ", "k5_a": "Sistem pengelolaan air limbah tidak sesuai standar teknis ", "k5_b": "50%", "Air_Limbah": "50%", "k6_a": "50%", "k6_b": "50%", "k6_c": "50%", "Sampah": "50%", "k7_a": "50%", "k7_b": "50%", "Kebakaran": "50%", "Sumber": "Data SIM KOTAKU, download pada 281120", "city": "kebumen", "source_layer": "Profil Kumuh Basis", "role": "profil" }, "geometry": { "type": "Polygon", "coordinates": [ [ [ 109.686672234920067, -7.722994066451528 ], [ 109.686582403391654, -7.722637109342139 ], [ 109.686820456941931, -7.722606843638196 ], [ 109.686820456941931, -7.722249886201662 ], [ 109.686999221683479, -7.722131493768336 ], [ 109.686939932874736, -7.721892928463571 ], [ 109.686017363077937, -7.722101228028175 ], [ 109.686017363077937, -7.722369168770114 ], [ 109.685690376314511, -7.722606843638196 ], [ 109.685273558022686, -7.722637109342139 ], [ 109.685422678359856, -7.723677714138305 ], [ 109.686136839010729, -7.723677714138305 ], [ 109.686196127819471, -7.723351023259331 ], [ 109.686672234920067, -7.722994066451528 ] ] ] } },
{ "type": "Feature", "properties": { "FID": 79, "Id": 0, "Provinsi": "Jawa Tengah", "Kode_Prov": 33, "Kab_Kota": "Kebumen", "Kode_Kota": 3305, "Kecamatan": "Kebumen", "Kode_Kec": 330505, "Kelurahan": "Mengkowo", "Kode_Kel": 33050505, "basis": "RT007-RW001", "Kode_RTRW": "33050505-RT007-RW001", "k1_a_p": 45.0, "k1_b_p": 0, "k1_c_p": 45.0, "k1_p": 30.0, "k2_a_p": 49.84, "k2_b_p": 18.81, "k2_p": 24.92, "k3_a_p": 73.68, "k3_b_p": 36.84, "k3_p": 55.26, "k4_a_p": 69.78, "k4_b_p": 66.67, "k4_c_p": 33.33, "k4_d_p": 20.0, "k4_e_p": 20.0, "k4_p": 33.956, "k5_a_p": 7.02, "k5_b_p": 100.0, "k5_p": 50.0, "k6_a_p": 100, "k6_b_p": 96.49, "k6_c_p": 100, "k6_p": 98.83, "k7_a_p": 0, "k7_b_p": 100, "k7_p": 50, "k1_a": "Bangunan tidak teratur 25-50%", "k1_b": "Bangunan padat ", "k1_c": "Bangunan tidak sesuai persyaratan teknis 25-50%", "Bangunan": "Permasalahan Bangunan 25-50%", "k2_a": "Terjangkau pelayanan jalan lingkungan 25-50%", "k2_b": "Kondisi permukaan jalan lingkungan tidak rusak ", "Jalan": "Permasalahan Jalan ", "k3_a": "50%", "k3_b": "Tidak terpenuhi kebutuhan air minum 25-50%", "Air_Minum": "50%", "k4_a": "50%", "k4_b": "50%", "k4_c": "Tidak terhubung dengan drainase dalam kota 25-50%", "k4_d": "Drainase tidak terpelihara ", "k4_e": "Konstruksi drainase baik ", "Drainase": "Permasalahan Drainase 25-50%", "k5_a": "Sistem pengelolaan air limbah tidak sesuai standar teknis ", "k5_b": "50%", "Air_Limbah": "50%", "k6_a": "50%", "k6_b": "50%", "k6_c": "50%", "Sampah": "50%", "k7_a": "Tidak tersedia prasarana proteksi kebakaran ", "k7_b": "50%", "Kebakaran": "50%", "Sumber": "Data SIM KOTAKU, download pada 281120", "city": "kebumen", "source_layer": "Profil Kumuh Basis", "role": "profil" }, "geometry": { "type": "Polygon", "coordinates": [ [ [ 109.688072708448004, -7.71951973044901 ], [ 109.687861604356243, -7.718859220604095 ], [ 109.68809965790652, -7.718859220604095 ], [ 109.68809965790652, -7.71841324234884 ], [ 109.688158946715291, -7.718175565122418 ], [ 109.687861604356243, -7.718204940966628 ], [ 109.687802315547501, -7.717402000490283 ], [ 109.687653195210316, -7.717402000490283 ], [ 109.687355852851269, -7.718204940966628 ], [ 109.687266919638134, -7.71868118542888 ], [ 109.687444786064404, -7.718710561237956 ], [ 109.687444786064404, -7.718949128339086 ], [ 109.687237275233784, -7.719007879917956 ], [ 109.687220207243371, -7.719566909684151 ], [ 109.687676551407705, -7.719571360555118 ], [ 109.687874180770223, -7.719521510797602 ], [ 109.688072708448004, -7.71951973044901 ] ] ] } },
{ "type": "Feature", "properties": { "FID": 80, "Id": 0, "Provinsi": "Jawa Tengah", "Kode_Prov": 33, "Kab_Kota": "Kebumen", "Kode_Kota": 3305, "Kecamatan": "Kebumen", "Kode_Kec": 330505, "Kelurahan": "Mengkowo", "Kode_Kel": 33050505, "basis": "RT005-RW002", "Kode_RTRW": "33050505-RT005-RW002", "k1_a_p": 50.0, "k1_b_p": 0, "k1_c_p": 78.57, "k1_p": 42.8567, "k2_a_p": 48.28, "k2_b_p": 6.9, "k2_p": 24.14, "k3_a_p": 86.67, "k3_b_p": 30.0, "k3_p": 58.335, "k4_a_p": -25.0, "k4_b_p": 71.43, "k4_c_p": 33.33, "k4_d_p": 14.29, "k4_e_p": 9.52, "k4_p": 20.952, "k5_a_p": 66.67, "k5_b_p": 100.0, "k5_p": 83.335, "k6_a_p": 100, "k6_b_p": 100.0, "k6_c_p": 100, "k6_p": 100.0, "k7_a_p": 100, "k7_b_p": 100, "k7_p": 100, "k1_a": "50%", "k1_b": "Bangunan padat ", "k1_c": "50%", "Bangunan": "Permasalahan Bangunan 25-50%", "k2_a": "Terjangkau pelayanan jalan lingkungan 25-50%", "k2_b": "Kondisi permukaan jalan lingkungan tidak rusak ", "Jalan": "Permasalahan Jalan ", "k3_a": "50%", "k3_b": "Tidak terpenuhi kebutuhan air minum 25-50%", "Air_Minum": "50%", "k4_a": "Tidak mampu mengalirkan limpasan air ", "k4_b": "50%", "k4_c": "Tidak terhubung dengan drainase dalam kota 25-50%", "k4_d": "Drainase tidak terpelihara ", "k4_e": "Konstruksi drainase baik ", "Drainase": "Permasalahan Drainase ", "k5_a": "50%", "k5_b": "50%", "Air_Limbah": "50%", "k6_a": "50%", "k6_b": "50%", "k6_c": "50%", "Sampah": "50%", "k7_a": "50%", "k7_b": "50%", "Kebakaran": "50%", "Sumber": "Data SIM KOTAKU, download pada 281120", "city": "kebumen", "source_layer": "Profil Kumuh Basis", "role": "profil" }, "geometry": { "type": "Polygon", "coordinates": [ [ [ 109.685958074269195, -7.7093119785761 ], [ 109.686404536965384, -7.709371621689231 ], [ 109.686790812537552, -7.709282602114306 ], [ 109.686641692200396, -7.709103672712068 ], [ 109.686285061032606, -7.708806347070429 ], [ 109.685779309527632, -7.708746703877645 ], [ 109.685958074269195, -7.708955009917354 ], [ 109.685958074269195, -7.7093119785761 ] ] ] } },
{ "type": "Feature", "properties": { "FID": 81, "Id": 0, "Provinsi": "Jawa Tengah", "Kode_Prov": 33, "Kab_Kota": "Kebumen", "Kode_Kota": 3305, "Kecamatan": "Kebumen", "Kode_Kec": 330505, "Kelurahan": "Mengkowo", "Kode_Kel": 33050505, "basis": "RT006-RW001", "Kode_RTRW": "33050505-RT006-RW001", "k1_a_p": 36.36, "k1_b_p": 0, "k1_c_p": 59.09, "k1_p": 31.8167, "k2_a_p": 20.0, "k2_b_p": 20.0, "k2_p": 0.0, "k3_a_p": 90.32, "k3_b_p": 22.58, "k3_p": 45.16, "k4_a_p": 63.73, "k4_b_p": 58.82, "k4_c_p": 17.65, "k4_d_p": 32.35, "k4_e_p": 23.53, "k4_p": 30.98, "k5_a_p": 38.71, "k5_b_p": 70.97, "k5_p": 54.84, "k6_a_p": 100, "k6_b_p": 100.0, "k6_c_p": 100, "k6_p": 100.0, "k7_a_p": 100, "k7_b_p": 100, "k7_p": 100, "k1_a": "Bangunan tidak teratur 25-50%", "k1_b": "Bangunan padat ", "k1_c": "50%", "Bangunan": "Permasalahan Bangunan 25-50%", "k2_a": "Terjangkau pelayanan jalan lingkungan ", "k2_b": "Kondisi permukaan jalan lingkungan tidak rusak ", "Jalan": "Permasalahan Jalan ", "k3_a": "50%", "k3_b": "Tidak terpenuhi kebutuhan air minum ", "Air_Minum": "Permasalahan Air Minum 25-50%", "k4_a": "50%", "k4_b": "50%", "k4_c": "Tidak terhubung dengan drainase dalam kota ", "k4_d": "Drainase tidak terpelihara 25-50%", "k4_e": "Konstruksi drainase baik ", "Drainase": "Permasalahan Drainase 25-50%", "k5_a": "Sistem pengelolaan air limbah tidak sesuai standar teknis 25-50%", "k5_b": "50%", "Air_Limbah": "50%", "k6_a": "50%", "k6_b": "50%", "k6_c": "50%", "Sampah": "50%", "k7_a": "50%", "k7_b": "50%", "Kebakaran": "50%", "Sumber": "Data SIM KOTAKU, download pada 281120", "city": "kebumen", "source_layer": "Profil Kumuh Basis", "role": "profil" }, "geometry": { "type": "Polygon", "coordinates": [ [ [ 109.687220207243371, -7.719566909684151 ], [ 109.687207630829391, -7.720019117934981 ], [ 109.686939932874736, -7.720019117934981 ], [ 109.687028866087857, -7.720465984668185 ], [ 109.687326208446905, -7.720495360353221 ], [ 109.687534617592803, -7.72088169493003 ], [ 109.688070013502141, -7.720911960757537 ], [ 109.68809965790652, -7.720376077255848 ], [ 109.687861604356243, -7.720435718808742 ], [ 109.687802315547501, -7.719811707517794 ], [ 109.688009826378121, -7.71987045897677 ], [ 109.68809965790652, -7.719603406824707 ], [ 109.688072708448004, -7.71951973044901 ], [ 109.687874180770223, -7.719521510797602 ], [ 109.687676551407705, -7.719571360555118 ], [ 109.687220207243371, -7.719566909684151 ] ] ] } },
{ "type": "Feature", "properties": { "FID": 82, "Id": 0, "Provinsi": "Jawa Tengah", "Kode_Prov": 33, "Kab_Kota": "Kebumen", "Kode_Kota": 3305, "Kecamatan": "Kebumen", "Kode_Kec": 330505, "Kelurahan": "Murtirejo", "Kode_Kel": 33050506, "basis": "RT001-RW004", "Kode_RTRW": "33050506-RT001-RW004", "k1_a_p": 48.19, "k1_b_p": 0, "k1_c_p": 1.2, "k1_p": 16.0633, "k2_a_p": 0.0, "k2_b_p": 47.76, "k2_p": 23.88, "k3_a_p": 63.44, "k3_b_p": 63.44, "k3_p": 63.44, "k4_a_p": -81.82, "k4_b_p": 54.05, "k4_c_p": 0.0, "k4_d_p": 45.95, "k4_e_p": 18.92, "k4_p": 20.0, "k5_a_p": 4.3, "k5_b_p": 63.44, "k5_p": 31.72, "k6_a_p": 100, "k6_b_p": 100.0, "k6_c_p": 100, "k6_p": 100.0, "k7_a_p": 100, "k7_b_p": 0, "k7_p": 50, "k1_a": "Bangunan tidak teratur 25-50%", "k1_b": "Bangunan padat ", "k1_c": "Bangunan tidak sesuai persyaratan teknis ", "Bangunan": "Permasalahan Bangunan ", "k2_a": "Terjangkau pelayanan jalan lingkungan ", "k2_b": "Kondisi permukaan jalan lingkungan tidak rusak 25-50%", "Jalan": "Permasalahan Jalan ", "k3_a": "50%", "k3_b": "50%", "Air_Minum": "50%", "k4_a": "Tidak mampu mengalirkan limpasan air ", "k4_b": "50%", "k4_c": "Tidak terhubung dengan drainase dalam kota ", "k4_d": "Drainase tidak terpelihara 25-50%", "k4_e": "Konstruksi drainase baik ", "Drainase": "Permasalahan Drainase ", "k5_a": "Sistem pengelolaan air limbah tidak sesuai standar teknis ", "k5_b": "50%", "Air_Limbah": "Permasalahan Air Limbah 25-50%", "k6_a": "50%", "k6_b": "50%", "k6_c": "50%", "Sampah": "50%", "k7_a": "50%", "k7_b": "Tidak tersedia sarana proteksi kebakaran ", "Kebakaran": "50%", "Sumber": "Data SIM KOTAKU, download pada 281120", "city": "kebumen", "source_layer": "Profil Kumuh Basis", "role": "profil" }, "geometry": { "type": "Polygon", "coordinates": [ [ [ 109.665369586272433, -7.707482622292915 ], [ 109.665299517680296, -7.706016460966625 ], [ 109.664986005646142, -7.706016460966625 ], [ 109.664986005646142, -7.706155332566746 ], [ 109.664671595296696, -7.706120614670985 ], [ 109.664671595296696, -7.706400138161174 ], [ 109.664042774597803, -7.706469573904012 ], [ 109.664077808893893, -7.706714379316754 ], [ 109.664077808893893, -7.707272535128533 ], [ 109.664112843189955, -7.70762238361147 ], [ 109.664392219243325, -7.707657101384088 ], [ 109.664462287835491, -7.708215255952969 ], [ 109.664287116355084, -7.708215255952969 ], [ 109.664322150651174, -7.708565103656821 ], [ 109.664601526704516, -7.70859982135212 ], [ 109.664636561000606, -7.708425342649505 ], [ 109.665299517680296, -7.708460060356267 ], [ 109.665334551976372, -7.708739582301824 ], [ 109.665544757752855, -7.70870397442093 ], [ 109.665578893733652, -7.708669256734175 ], [ 109.665369586272433, -7.707482622292915 ] ] ] } },
{ "type": "Feature", "properties": { "FID": 83, "Id": 0, "Provinsi": "Jawa Tengah", "Kode_Prov": 33, "Kab_Kota": "Kebumen", "Kode_Kota": 3305, "Kecamatan": "Kebumen", "Kode_Kec": 330505, "Kelurahan": "Murtirejo", "Kode_Kel": 33050506, "basis": "RT001-RW004", "Kode_RTRW": "33050506-RT001-RW004", "k1_a_p": 48.19, "k1_b_p": 0, "k1_c_p": 1.2, "k1_p": 16.0633, "k2_a_p": 0.0, "k2_b_p": 47.76, "k2_p": 23.88, "k3_a_p": 63.44, "k3_b_p": 63.44, "k3_p": 63.44, "k4_a_p": -81.82, "k4_b_p": 54.05, "k4_c_p": 0.0, "k4_d_p": 45.95, "k4_e_p": 18.92, "k4_p": 20.0, "k5_a_p": 4.3, "k5_b_p": 63.44, "k5_p": 31.72, "k6_a_p": 100, "k6_b_p": 100.0, "k6_c_p": 100, "k6_p": 100.0, "k7_a_p": 100, "k7_b_p": 0, "k7_p": 50, "k1_a": "Bangunan tidak teratur 25-50%", "k1_b": "Bangunan padat ", "k1_c": "Bangunan tidak sesuai persyaratan teknis ", "Bangunan": "Permasalahan Bangunan ", "k2_a": "Terjangkau pelayanan jalan lingkungan ", "k2_b": "Kondisi permukaan jalan lingkungan tidak rusak 25-50%", "Jalan": "Permasalahan Jalan ", "k3_a": "50%", "k3_b": "50%", "Air_Minum": "50%", "k4_a": "Tidak mampu mengalirkan limpasan air ", "k4_b": "50%", "k4_c": "Tidak terhubung dengan drainase dalam kota ", "k4_d": "Drainase tidak terpelihara 25-50%", "k4_e": "Konstruksi drainase baik ", "Drainase": "Permasalahan Drainase ", "k5_a": "Sistem pengelolaan air limbah tidak sesuai standar teknis ", "k5_b": "50%", "Air_Limbah": "Permasalahan Air Limbah 25-50%", "k6_a": "50%", "k6_b": "50%", "k6_c": "50%", "Sampah": "50%", "k7_a": "50%", "k7_b": "Tidak tersedia sarana proteksi kebakaran ", "Kebakaran": "50%", "Sumber": "Data SIM KOTAKU, download pada 281120", "city": "kebumen", "source_layer": "Profil Kumuh Basis", "role": "profil" }, "geometry": { "type": "Polygon", "coordinates": [ [ [ 109.663100441864756, -7.705666611156733 ], [ 109.66323968073381, -7.708215255952969 ], [ 109.662716861238451, -7.708250863874976 ], [ 109.662716861238451, -7.708529495761248 ], [ 109.663135476160846, -7.708529495761248 ], [ 109.663205544752998, -7.70891406087491 ], [ 109.663694228267573, -7.70891406087491 ], [ 109.663624159675408, -7.708285581596045 ], [ 109.663798432840522, -7.708285581596045 ], [ 109.663624159675408, -7.706016460966625 ], [ 109.663414852214203, -7.706016460966625 ], [ 109.663414852214203, -7.705597175282224 ], [ 109.663100441864756, -7.705666611156733 ] ] ] } },
{ "type": "Feature", "properties": { "FID": 84, "Id": 0, "Provinsi": "Jawa Tengah", "Kode_Prov": 33, "Kab_Kota": "Kebumen", "Kode_Kota": 3305, "Kecamatan": "Kebumen", "Kode_Kec": 330505, "Kelurahan": "Muktisari", "Kode_Kel": 33050511, "basis": "RT001-RW005", "Kode_RTRW": "33050511-RT001-RW005", "k1_a_p": 58.97, "k1_b_p": 0, "k1_c_p": 53.85, "k1_p": 37.6067, "k2_a_p": 7.55, "k2_b_p": 54.72, "k2_p": 27.36, "k3_a_p": 7.32, "k3_b_p": 29.27, "k3_p": 14.635, "k4_a_p": -6.45, "k4_b_p": 15.38, "k4_c_p": 7.69, "k4_d_p": 84.62, "k4_e_p": 46.15, "k4_p": 26.154, "k5_a_p": 0.0, "k5_b_p": 100.0, "k5_p": 50.0, "k6_a_p": 100, "k6_b_p": 100.0, "k6_c_p": 100, "k6_p": 100.0, "k7_a_p": 0, "k7_b_p": 0, "k7_p": 0, "k1_a": "50%", "k1_b": "Bangunan padat ", "k1_c": "50%", "Bangunan": "Permasalahan Bangunan 25-50%", "k2_a": "Terjangkau pelayanan jalan lingkungan ", "k2_b": "50%", "Jalan": "Permasalahan Jalan 25-50%", "k3_a": "Tersedia akses aman air minum ", "k3_b": "Tidak terpenuhi kebutuhan air minum 25-50%", "Air_Minum": "Permasalahan Air Minum ", "k4_a": "Tidak mampu mengalirkan limpasan air ", "k4_b": "Tidak tersedia drainase ", "k4_c": "Tidak terhubung dengan drainase dalam kota ", "k4_d": "50%", "k4_e": "Konstruksi drainase baik 25-50%", "Drainase": "Permasalahan Drainase 25-50%", "k5_a": "Sistem pengelolaan air limbah tidak sesuai standar teknis ", "k5_b": "50%", "Air_Limbah": "50%", "k6_a": "50%", "k6_b": "50%", "k6_c": "50%", "Sampah": "50%", "k7_a": "Tidak tersedia prasarana proteksi kebakaran ", "k7_b": "Tidak tersedia sarana proteksi kebakaran ", "Kebakaran": "Permasalahan Proteksi Kebakaran ", "Sumber": "Data SIM KOTAKU, download pada 281120", "city": "kebumen", "source_layer": "Profil Kumuh Basis", "role": "profil" }, "geometry": { "type": "Polygon", "coordinates": [ [ [ 109.658629526695705, -7.698009902115589 ], [ 109.658225284817846, -7.698082009891767 ], [ 109.657867755334763, -7.698105155595099 ], [ 109.657606345587098, -7.698248480883744 ], [ 109.657320681326738, -7.698652640132323 ], [ 109.657082627776447, -7.698914364197838 ], [ 109.657415902746848, -7.699056798995514 ], [ 109.657796788427319, -7.699033653344149 ], [ 109.658772358825871, -7.699009617474086 ], [ 109.658629526695705, -7.698009902115589 ] ] ] } },
{ "type": "Feature", "properties": { "FID": 85, "Id": 0, "Provinsi": "Jawa Tengah", "Kode_Prov": 33, "Kab_Kota": "Kebumen", "Kode_Kota": 3305, "Kecamatan": "Kebumen", "Kode_Kec": 330505, "Kelurahan": "Panjer", "Kode_Kel": 33050512, "basis": "RT004-RW011", "Kode_RTRW": "33050512-RT004-RW011", "k1_a_p": 0.0, "k1_b_p": 0, "k1_c_p": 5.0, "k1_p": 0.0, "k2_a_p": 0.0, "k2_b_p": 33.33, "k2_p": 16.665, "k3_a_p": 35.82, "k3_b_p": 0.0, "k3_p": 17.91, "k4_a_p": 0.0, "k4_b_p": 0.0, "k4_c_p": 0.0, "k4_d_p": 100.0, "k4_e_p": 30.0, "k4_p": 26.0, "k5_a_p": 1.49, "k5_b_p": 2.99, "k5_p": 0.0, "k6_a_p": 100, "k6_b_p": 53.73, "k6_c_p": 100, "k6_p": 84.5767, "k7_a_p": 100, "k7_b_p": 100, "k7_p": 100, "k1_a": "Bangunan tidak teratur  ", "k1_b": "Bangunan padat ", "k1_c": "Bangunan tidak sesuai persyaratan teknis ", "Bangunan": "Permasalahan Bangunan ", "k2_a": "Terjangkau pelayanan jalan lingkungan ", "k2_b": "Kondisi permukaan jalan lingkungan tidak rusak 25-50%", "Jalan": "Permasalahan Jalan ", "k3_a": "Tersedia akses aman air minum 25-50%", "k3_b": "Tidak terpenuhi kebutuhan air minum ", "Air_Minum": "Permasalahan Air Minum ", "k4_a": "Tidak mampu mengalirkan limpasan air ", "k4_b": "Tidak tersedia drainase ", "k4_c": "Tidak terhubung dengan drainase dalam kota ", "k4_d": "50%", "k4_e": "Konstruksi drainase baik 25-50%", "Drainase": "Permasalahan Drainase 25-50%", "k5_a": "Sistem pengelolaan air limbah tidak sesuai standar teknis ", "k5_b": "Prasarana dan sarana pengelolaan air limbah tidak sesuai dengan persyaratan teknis ", "Air_Limbah": "Permasalahan Air Limbah ", "k6_a": "50%", "k6_b": "50%", "k6_c": "50%", "Sampah": "50%", "k7_a": "50%", "k7_b": "50%", "Kebakaran": "50%", "Sumber": "Data SIM KOTAKU, download pada 281120", "city": "kebumen", "source_layer": "Profil Kumuh Basis", "role": "profil" }, "geometry": { "type": "Polygon", "coordinates": [ [ [ 109.672323444886814, -7.682704081506252 ], [ 109.672315360049268, -7.6827014107513 ], [ 109.672047662094599, -7.682672032445723 ], [ 109.671750319735551, -7.6827014107513 ], [ 109.671447587484792, -7.682729008551657 ], [ 109.671447587484792, -7.682729008551657 ], [ 109.671442197593095, -7.683019230472639 ], [ 109.671445790854236, -7.683029023233385 ], [ 109.671452977376518, -7.683029023233385 ], [ 109.67151226618526, -7.683177695118797 ], [ 109.671571554994003, -7.68335574521248 ], [ 109.671571554994003, -7.683742113659031 ], [ 109.672268647654491, -7.683742113659031 ], [ 109.672270444285061, -7.683356635462761 ], [ 109.672297393743577, -7.683267610425437 ], [ 109.672329733093804, -7.682982730180596 ], [ 109.672289308906016, -7.682956022647844 ], [ 109.672323444886814, -7.682704081506252 ] ] ] } },
{ "type": "Feature", "properties": { "FID": 86, "Id": 0, "Provinsi": "Jawa Tengah", "Kode_Prov": 33, "Kab_Kota": "Kebumen", "Kode_Kota": 3305, "Kecamatan": "Kebumen", "Kode_Kec": 330505, "Kelurahan": "Panjer", "Kode_Kel": 33050512, "basis": "RT001-RW008", "Kode_RTRW": "33050512-RT001-RW008", "k1_a_p": 0.0, "k1_b_p": 0, "k1_c_p": 6.59, "k1_p": 0.0, "k2_a_p": 0.0, "k2_b_p": 50.0, "k2_p": 25.0, "k3_a_p": 25.22, "k3_b_p": 0.0, "k3_p": 12.61, "k4_a_p": 0.0, "k4_b_p": 0.0, "k4_c_p": 0.0, "k4_d_p": 100.0, "k4_e_p": 30.0, "k4_p": 26.0, "k5_a_p": 4.35, "k5_b_p": 0.0, "k5_p": 0.0, "k6_a_p": 100, "k6_b_p": 41.74, "k6_c_p": 100, "k6_p": 80.58, "k7_a_p": 100, "k7_b_p": 100, "k7_p": 100, "k1_a": "Bangunan tidak teratur  ", "k1_b": "Bangunan padat ", "k1_c": "Bangunan tidak sesuai persyaratan teknis ", "Bangunan": "Permasalahan Bangunan ", "k2_a": "Terjangkau pelayanan jalan lingkungan ", "k2_b": "50%", "Jalan": "Permasalahan Jalan 25-50%", "k3_a": "Tersedia akses aman air minum 25-50%", "k3_b": "Tidak terpenuhi kebutuhan air minum ", "Air_Minum": "Permasalahan Air Minum ", "k4_a": "Tidak mampu mengalirkan limpasan air ", "k4_b": "Tidak tersedia drainase ", "k4_c": "Tidak terhubung dengan drainase dalam kota ", "k4_d": "50%", "k4_e": "Konstruksi drainase baik 25-50%", "Drainase": "Permasalahan Drainase 25-50%", "k5_a": "Sistem pengelolaan air limbah tidak sesuai standar teknis ", "k5_b": "Prasarana dan sarana pengelolaan air limbah tidak sesuai dengan persyaratan teknis ", "Air_Limbah": "Permasalahan Air Limbah ", "k6_a": "50%", "k6_b": "Sistem pengelolaan persampahan yang tidak sesuai standar teknis 25-50%", "k6_c": "50%", "Sampah": "50%", "k7_a": "50%", "k7_b": "50%", "Kebakaran": "50%", "Sumber": "Data SIM KOTAKU, download pada 281120", "city": "kebumen", "source_layer": "Profil Kumuh Basis", "role": "profil" }, "geometry": { "type": "Polygon", "coordinates": [ [ [ 109.670203420816293, -7.679846364104443 ], [ 109.670173776411929, -7.680084062826898 ], [ 109.670144132007536, -7.680352030141067 ], [ 109.670144132007536, -7.680470434249302 ], [ 109.671036159084679, -7.680441055789437 ], [ 109.671125092297814, -7.680113441311452 ], [ 109.671482621780882, -7.680143710050986 ], [ 109.671452977376518, -7.679995037103726 ], [ 109.671333501443726, -7.679846364104443 ], [ 109.671185279421849, -7.679786716838612 ], [ 109.670262709625064, -7.679727069564408 ], [ 109.670203420816293, -7.679846364104443 ] ] ] } },
{ "type": "Feature", "properties": { "FID": 87, "Id": 0, "Provinsi": "Jawa Tengah", "Kode_Prov": 33, "Kab_Kota": "Kebumen", "Kode_Kota": 3305, "Kecamatan": "Kebumen", "Kode_Kec": 330505, "Kelurahan": "Panjer", "Kode_Kel": 33050512, "basis": "RT003-RW010", "Kode_RTRW": "33050512-RT003-RW010", "k1_a_p": 0.0, "k1_b_p": 0, "k1_c_p": 4.69, "k1_p": 0.0, "k2_a_p": 0.0, "k2_b_p": 20.0, "k2_p": 0.0, "k3_a_p": 91.57, "k3_b_p": 0.0, "k3_p": 45.785, "k4_a_p": 0.0, "k4_b_p": 0.0, "k4_c_p": 0.0, "k4_d_p": 100.0, "k4_e_p": 40.0, "k4_p": 28.0, "k5_a_p": 0.0, "k5_b_p": 0.0, "k5_p": 0.0, "k6_a_p": 100, "k6_b_p": 53.01, "k6_c_p": 100, "k6_p": 84.3367, "k7_a_p": 100, "k7_b_p": 100, "k7_p": 100, "k1_a": "Bangunan tidak teratur  ", "k1_b": "Bangunan padat ", "k1_c": "Bangunan tidak sesuai persyaratan teknis ", "Bangunan": "Permasalahan Bangunan ", "k2_a": "Terjangkau pelayanan jalan lingkungan ", "k2_b": "Kondisi permukaan jalan lingkungan tidak rusak ", "Jalan": "Permasalahan Jalan ", "k3_a": "50%", "k3_b": "Tidak terpenuhi kebutuhan air minum ", "Air_Minum": "Permasalahan Air Minum 25-50%", "k4_a": "Tidak mampu mengalirkan limpasan air ", "k4_b": "Tidak tersedia drainase ", "k4_c": "Tidak terhubung dengan drainase dalam kota ", "k4_d": "50%", "k4_e": "Konstruksi drainase baik 25-50%", "Drainase": "Permasalahan Drainase 25-50%", "k5_a": "Sistem pengelolaan air limbah tidak sesuai standar teknis ", "k5_b": "Prasarana dan sarana pengelolaan air limbah tidak sesuai dengan persyaratan teknis ", "Air_Limbah": "Permasalahan Air Limbah ", "k6_a": "50%", "k6_b": "50%", "k6_c": "50%", "Sampah": "50%", "k7_a": "50%", "k7_b": "50%", "Kebakaran": "50%", "Sumber": "Data SIM KOTAKU, download pada 281120", "city": "kebumen", "source_layer": "Profil Kumuh Basis", "role": "profil" }, "geometry": { "type": "Polygon", "coordinates": [ [ [ 109.669350021296381, -7.68156900913873 ], [ 109.667924394940485, -7.679776033745339 ], [ 109.667318032123703, -7.679013082139624 ], [ 109.667079978573412, -7.679697691053141 ], [ 109.667318032123703, -7.679756448073644 ], [ 109.667229098910582, -7.6802033572667 ], [ 109.667556085673993, -7.680381408607091 ], [ 109.667347676528095, -7.680916452435941 ], [ 109.667585730078386, -7.681095393732497 ], [ 109.667556085673993, -7.681481764235151 ], [ 109.667496796865251, -7.68186902463979 ], [ 109.667561475565691, -7.681885049200652 ], [ 109.667598306492351, -7.681741718384804 ], [ 109.667687239705486, -7.681749730667711 ], [ 109.667741138622532, -7.6816998764605 ], [ 109.667809410584113, -7.681635778185487 ], [ 109.66787049602344, -7.681617082853451 ], [ 109.667920801679344, -7.681613521837733 ], [ 109.667989073640939, -7.681605509552256 ], [ 109.668042972557984, -7.681583253202917 ], [ 109.668073515277641, -7.681613521837733 ], [ 109.668141787239236, -7.681613521837733 ], [ 109.668206465939704, -7.681614412091665 ], [ 109.668287314315265, -7.681610851075924 ], [ 109.668348399754578, -7.681633107423816 ], [ 109.668424756553733, -7.681625985392619 ], [ 109.668504706614016, -7.681615302345597 ], [ 109.668596334773014, -7.681623314630889 ], [ 109.668653826951171, -7.681623314630889 ], [ 109.668665505049887, -7.681585033710908 ], [ 109.668714912390513, -7.681585033710908 ], [ 109.66877599782984, -7.681589484980851 ], [ 109.668821811909325, -7.68158147269492 ], [ 109.66885325294426, -7.68158147269492 ], [ 109.668854151259538, -7.681590375234834 ], [ 109.668887388925057, -7.68166337605508 ], [ 109.668945779418522, -7.681737267116457 ], [ 109.669147002042166, -7.681753291682289 ], [ 109.669269172920792, -7.681736376862783 ], [ 109.669350021296381, -7.68156900913873 ] ] ] } },
{ "type": "Feature", "properties": { "FID": 88, "Id": 0, "Provinsi": "Jawa Tengah", "Kode_Prov": 33, "Kab_Kota": "Kebumen", "Kode_Kota": 3305, "Kecamatan": "Kebumen", "Kode_Kec": 330505, "Kelurahan": "Panjer", "Kode_Kel": 33050512, "basis": "RT001-RW010", "Kode_RTRW": "33050512-RT001-RW010", "k1_a_p": 0.0, "k1_b_p": 0, "k1_c_p": 14.58, "k1_p": 0.0, "k2_a_p": 0.0, "k2_b_p": 43.55, "k2_p": 21.775, "k3_a_p": 24.59, "k3_b_p": 0.0, "k3_p": 0.0, "k4_a_p": 0.0, "k4_b_p": 0.0, "k4_c_p": 0.0, "k4_d_p": 100.0, "k4_e_p": 40.0, "k4_p": 28.0, "k5_a_p": 9.84, "k5_b_p": 4.92, "k5_p": 0.0, "k6_a_p": 100, "k6_b_p": 59.02, "k6_c_p": 100, "k6_p": 86.34, "k7_a_p": 0, "k7_b_p": 100, "k7_p": 50, "k1_a": "Bangunan tidak teratur  ", "k1_b": "Bangunan padat ", "k1_c": "Bangunan tidak sesuai persyaratan teknis ", "Bangunan": "Permasalahan Bangunan ", "k2_a": "Terjangkau pelayanan jalan lingkungan ", "k2_b": "Kondisi permukaan jalan lingkungan tidak rusak 25-50%", "Jalan": "Permasalahan Jalan ", "k3_a": "Tersedia akses aman air minum ", "k3_b": "Tidak terpenuhi kebutuhan air minum ", "Air_Minum": "Permasalahan Air Minum ", "k4_a": "Tidak mampu mengalirkan limpasan air ", "k4_b": "Tidak tersedia drainase ", "k4_c": "Tidak terhubung dengan drainase dalam kota ", "k4_d": "50%", "k4_e": "Konstruksi drainase baik 25-50%", "Drainase": "Permasalahan Drainase 25-50%", "k5_a": "Sistem pengelolaan air limbah tidak sesuai standar teknis ", "k5_b": "Prasarana dan sarana pengelolaan air limbah tidak sesuai dengan persyaratan teknis ", "Air_Limbah": "Permasalahan Air Limbah ", "k6_a": "50%", "k6_b": "50%", "k6_c": "50%", "Sampah": "50%", "k7_a": "Tidak tersedia prasarana proteksi kebakaran ", "k7_b": "50%", "Kebakaran": "50%", "Sumber": "Data SIM KOTAKU, download pada 281120", "city": "kebumen", "source_layer": "Profil Kumuh Basis", "role": "profil" }, "geometry": { "type": "Polygon", "coordinates": [ [ [ 109.668504706614016, -7.681615302345597 ], [ 109.668424756553733, -7.681625985392619 ], [ 109.668348399754578, -7.681633107423816 ], [ 109.668287314315265, -7.681610851075924 ], [ 109.668206465939704, -7.681614412091665 ], [ 109.668141787239236, -7.681613521837733 ], [ 109.668073515277641, -7.681613521837733 ], [ 109.668042972557984, -7.681583253202917 ], [ 109.667989073640939, -7.681605509552256 ], [ 109.667920801679344, -7.681613521837733 ], [ 109.66787049602344, -7.681617082853451 ], [ 109.667809410584113, -7.681635778185487 ], [ 109.667741138622532, -7.6816998764605 ], [ 109.667687239705486, -7.681749730667711 ], [ 109.667598306492351, -7.681741718384804 ], [ 109.667561475565691, -7.681885049200652 ], [ 109.668091481583318, -7.682017696931233 ], [ 109.668470570633247, -7.682120966276698 ], [ 109.668471468948525, -7.682110283242125 ], [ 109.668484045362504, -7.681907305534178 ], [ 109.668516384712731, -7.681774657769124 ], [ 109.668520876289151, -7.681641119708774 ], [ 109.668504706614016, -7.681615302345597 ] ] ] } },
{ "type": "Feature", "properties": { "FID": 89, "Id": 0, "Provinsi": "Jawa Tengah", "Kode_Prov": 33, "Kab_Kota": "Kebumen", "Kode_Kota": 3305, "Kecamatan": "Kebumen", "Kode_Kec": 330505, "Kelurahan": "Panjer", "Kode_Kel": 33050512, "basis": "RT002-RW010", "Kode_RTRW": "33050512-RT002-RW010", "k1_a_p": 0.0, "k1_b_p": 0, "k1_c_p": 34.0, "k1_p": 11.3333, "k2_a_p": 0.0, "k2_b_p": 45.95, "k2_p": 22.975, "k3_a_p": 21.43, "k3_b_p": 0.0, "k3_p": 0.0, "k4_a_p": 0.0, "k4_b_p": 0.0, "k4_c_p": 0.0, "k4_d_p": 100.0, "k4_e_p": 44.44, "k4_p": 28.888, "k5_a_p": 3.57, "k5_b_p": 3.57, "k5_p": 0.0, "k6_a_p": 100, "k6_b_p": 71.43, "k6_c_p": 100, "k6_p": 90.4767, "k7_a_p": 0, "k7_b_p": 100, "k7_p": 50, "k1_a": "Bangunan tidak teratur  ", "k1_b": "Bangunan padat ", "k1_c": "Bangunan tidak sesuai persyaratan teknis 25-50%", "Bangunan": "Permasalahan Bangunan ", "k2_a": "Terjangkau pelayanan jalan lingkungan ", "k2_b": "Kondisi permukaan jalan lingkungan tidak rusak 25-50%", "Jalan": "Permasalahan Jalan ", "k3_a": "Tersedia akses aman air minum ", "k3_b": "Tidak terpenuhi kebutuhan air minum ", "Air_Minum": "Permasalahan Air Minum ", "k4_a": "Tidak mampu mengalirkan limpasan air ", "k4_b": "Tidak tersedia drainase ", "k4_c": "Tidak terhubung dengan drainase dalam kota ", "k4_d": "50%", "k4_e": "Konstruksi drainase baik 25-50%", "Drainase": "Permasalahan Drainase 25-50%", "k5_a": "Sistem pengelolaan air limbah tidak sesuai standar teknis ", "k5_b": "Prasarana dan sarana pengelolaan air limbah tidak sesuai dengan persyaratan teknis ", "Air_Limbah": "Permasalahan Air Limbah ", "k6_a": "50%", "k6_b": "50%", "k6_c": "50%", "Sampah": "50%", "k7_a": "Tidak tersedia prasarana proteksi kebakaran ", "k7_b": "50%", "Kebakaran": "50%", "Sumber": "Data SIM KOTAKU, download pada 281120", "city": "kebumen", "source_layer": "Profil Kumuh Basis", "role": "profil" }, "geometry": { "type": "Polygon", "coordinates": [ [ [ 109.668470570633247, -7.682120966276698 ], [ 109.668746353425448, -7.682195747511191 ], [ 109.669400326952299, -7.682344419688277 ], [ 109.670084843198794, -7.682493091813327 ], [ 109.669350021296381, -7.68156900913873 ], [ 109.669269172920792, -7.681736376862783 ], [ 109.669147002042166, -7.681753291682289 ], [ 109.668945779418522, -7.681737267116457 ], [ 109.668887388925057, -7.68166337605508 ], [ 109.668854151259538, -7.681590375234834 ], [ 109.66885325294426, -7.68158147269492 ], [ 109.668821811909325, -7.68158147269492 ], [ 109.66877599782984, -7.681589484980851 ], [ 109.668714912390513, -7.681585033710908 ], [ 109.668665505049887, -7.681585033710908 ], [ 109.668653826951171, -7.681623314630889 ], [ 109.668596334773014, -7.681623314630889 ], [ 109.668504706614016, -7.681615302345597 ], [ 109.668520876289151, -7.681641119708774 ], [ 109.668516384712731, -7.681774657769124 ], [ 109.668484045362504, -7.681907305534178 ], [ 109.668471468948525, -7.682110283242125 ], [ 109.668470570633247, -7.682120966276698 ] ] ] } },
{ "type": "Feature", "properties": { "FID": 90, "Id": 0, "Provinsi": "Jawa Tengah", "Kode_Prov": 33, "Kab_Kota": "Kebumen", "Kode_Kota": 3305, "Kecamatan": "Kebumen", "Kode_Kec": 330505, "Kelurahan": "Panjer", "Kode_Kel": 33050512, "basis": "RT003-RW008", "Kode_RTRW": "33050512-RT003-RW008", "k1_a_p": 0.0, "k1_b_p": 0, "k1_c_p": 4.17, "k1_p": 0.0, "k2_a_p": 0.0, "k2_b_p": 30.0, "k2_p": 15.0, "k3_a_p": 13.33, "k3_b_p": 0.0, "k3_p": 0.0, "k4_a_p": 0.0, "k4_b_p": 0.0, "k4_c_p": 0.0, "k4_d_p": 100.0, "k4_e_p": 41.67, "k4_p": 28.334, "k5_a_p": 0.0, "k5_b_p": 0.0, "k5_p": 0.0, "k6_a_p": 100, "k6_b_p": 0.0, "k6_c_p": 100, "k6_p": 66.6667, "k7_a_p": 100, "k7_b_p": 100, "k7_p": 100, "k1_a": "Bangunan tidak teratur  ", "k1_b": "Bangunan padat ", "k1_c": "Bangunan tidak sesuai persyaratan teknis ", "Bangunan": "Permasalahan Bangunan ", "k2_a": "Terjangkau pelayanan jalan lingkungan ", "k2_b": "Kondisi permukaan jalan lingkungan tidak rusak 25-50%", "Jalan": "Permasalahan Jalan ", "k3_a": "Tersedia akses aman air minum ", "k3_b": "Tidak terpenuhi kebutuhan air minum ", "Air_Minum": "Permasalahan Air Minum ", "k4_a": "Tidak mampu mengalirkan limpasan air ", "k4_b": "Tidak tersedia drainase ", "k4_c": "Tidak terhubung dengan drainase dalam kota ", "k4_d": "50%", "k4_e": "Konstruksi drainase baik 25-50%", "Drainase": "Permasalahan Drainase 25-50%", "k5_a": "Sistem pengelolaan air limbah tidak sesuai standar teknis ", "k5_b": "Prasarana dan sarana pengelolaan air limbah tidak sesuai dengan persyaratan teknis ", "Air_Limbah": "Permasalahan Air Limbah ", "k6_a": "50%", "k6_b": "Sistem pengelolaan persampahan yang tidak sesuai standar teknis ", "k6_c": "50%", "Sampah": "50%", "k7_a": "50%", "k7_b": "50%", "Kebakaran": "50%", "Sumber": "Data SIM KOTAKU, download pada 281120", "city": "kebumen", "source_layer": "Profil Kumuh Basis", "role": "profil" }, "geometry": { "type": "Polygon", "coordinates": [ [ [ 109.670262709625064, -7.679727069564408 ], [ 109.670203420816293, -7.679370076001979 ], [ 109.669876434052881, -7.679310428669289 ], [ 109.669400326952299, -7.679250781328225 ], [ 109.669014051380117, -7.679192024237794 ], [ 109.668984406975753, -7.679697691053141 ], [ 109.670203420816293, -7.679846364104443 ], [ 109.670262709625064, -7.679727069564408 ] ] ] } },
{ "type": "Feature", "properties": { "FID": 91, "Id": 0, "Provinsi": "Jawa Tengah", "Kode_Prov": 33, "Kab_Kota": "Kebumen", "Kode_Kota": 3305, "Kecamatan": "Kebumen", "Kode_Kec": 330505, "Kelurahan": "Panjer", "Kode_Kel": 33050512, "basis": "RT003-RW009", "Kode_RTRW": "33050512-RT003-RW009", "k1_a_p": 0.0, "k1_b_p": 0, "k1_c_p": 5.17, "k1_p": 0.0, "k2_a_p": 0.0, "k2_b_p": 57.14, "k2_p": 28.57, "k3_a_p": 37.88, "k3_b_p": 0.0, "k3_p": 18.94, "k4_a_p": 0.0, "k4_b_p": 0.0, "k4_c_p": 0.0, "k4_d_p": 100.0, "k4_e_p": 60.0, "k4_p": 32.0, "k5_a_p": 0.0, "k5_b_p": 0.0, "k5_p": 0.0, "k6_a_p": 100, "k6_b_p": 0.0, "k6_c_p": 100, "k6_p": 66.6667, "k7_a_p": 0, "k7_b_p": 100, "k7_p": 50, "k1_a": "Bangunan tidak teratur  ", "k1_b": "Bangunan padat ", "k1_c": "Bangunan tidak sesuai persyaratan teknis ", "Bangunan": "Permasalahan Bangunan ", "k2_a": "Terjangkau pelayanan jalan lingkungan ", "k2_b": "50%", "Jalan": "Permasalahan Jalan 25-50%", "k3_a": "Tersedia akses aman air minum 25-50%", "k3_b": "Tidak terpenuhi kebutuhan air minum ", "Air_Minum": "Permasalahan Air Minum ", "k4_a": "Tidak mampu mengalirkan limpasan air ", "k4_b": "Tidak tersedia drainase ", "k4_c": "Tidak terhubung dengan drainase dalam kota ", "k4_d": "50%", "k4_e": "50%", "Drainase": "Permasalahan Drainase 25-50%", "k5_a": "Sistem pengelolaan air limbah tidak sesuai standar teknis ", "k5_b": "Prasarana dan sarana pengelolaan air limbah tidak sesuai dengan persyaratan teknis ", "Air_Limbah": "Permasalahan Air Limbah ", "k6_a": "50%", "k6_b": "Sistem pengelolaan persampahan yang tidak sesuai standar teknis ", "k6_c": "50%", "Sampah": "50%", "k7_a": "Tidak tersedia prasarana proteksi kebakaran ", "k7_b": "50%", "Kebakaran": "50%", "Sumber": "Data SIM KOTAKU, download pada 281120", "city": "kebumen", "source_layer": "Profil Kumuh Basis", "role": "profil" }, "geometry": { "type": "Polygon", "coordinates": [ [ [ 109.671447587484792, -7.682729008551657 ], [ 109.671423332972125, -7.682730789054844 ], [ 109.671333501443726, -7.682374688268853 ], [ 109.670233065220671, -7.682404066594997 ], [ 109.670738816725645, -7.683058401514269 ], [ 109.671445790854236, -7.683029023233385 ], [ 109.671442197593095, -7.683019230472639 ], [ 109.671447587484792, -7.682729008551657 ], [ 109.671447587484792, -7.682729008551657 ] ] ] } },
{ "type": "Feature", "properties": { "FID": 92, "Id": 0, "Provinsi": "Jawa Tengah", "Kode_Prov": 33, "Kab_Kota": "Kebumen", "Kode_Kota": 3305, "Kecamatan": "Kebumen", "Kode_Kec": 330505, "Kelurahan": "Panjer", "Kode_Kel": 33050512, "basis": "RT004-RW011", "Kode_RTRW": "33050512-RT004-RW011", "k1_a_p": 0.0, "k1_b_p": 0, "k1_c_p": 5.0, "k1_p": 0.0, "k2_a_p": 0.0, "k2_b_p": 33.33, "k2_p": 16.665, "k3_a_p": 35.82, "k3_b_p": 0.0, "k3_p": 17.91, "k4_a_p": 0.0, "k4_b_p": 0.0, "k4_c_p": 0.0, "k4_d_p": 100.0, "k4_e_p": 30.0, "k4_p": 26.0, "k5_a_p": 1.49, "k5_b_p": 2.99, "k5_p": 0.0, "k6_a_p": 100, "k6_b_p": 53.73, "k6_c_p": 100, "k6_p": 84.5767, "k7_a_p": 100, "k7_b_p": 100, "k7_p": 100, "k1_a": "Bangunan tidak teratur  ", "k1_b": "Bangunan padat ", "k1_c": "Bangunan tidak sesuai persyaratan teknis ", "Bangunan": "Permasalahan Bangunan ", "k2_a": "Terjangkau pelayanan jalan lingkungan ", "k2_b": "Kondisi permukaan jalan lingkungan tidak rusak 25-50%", "Jalan": "Permasalahan Jalan ", "k3_a": "Tersedia akses aman air minum 25-50%", "k3_b": "Tidak terpenuhi kebutuhan air minum ", "Air_Minum": "Permasalahan Air Minum ", "k4_a": "Tidak mampu mengalirkan limpasan air ", "k4_b": "Tidak tersedia drainase ", "k4_c": "Tidak terhubung dengan drainase dalam kota ", "k4_d": "50%", "k4_e": "Konstruksi drainase baik 25-50%", "Drainase": "Permasalahan Drainase 25-50%", "k5_a": "Sistem pengelolaan air limbah tidak sesuai standar teknis ", "k5_b": "Prasarana dan sarana pengelolaan air limbah tidak sesuai dengan persyaratan teknis ", "Air_Limbah": "Permasalahan Air Limbah ", "k6_a": "50%", "k6_b": "50%", "k6_c": "50%", "Sampah": "50%", "k7_a": "50%", "k7_b": "50%", "Kebakaran": "50%", "Sumber": "Data SIM KOTAKU, download pada 281120", "city": "kebumen", "source_layer": "Profil Kumuh Basis", "role": "profil" }, "geometry": { "type": "Polygon", "coordinates": [ [ [ 109.672268647654491, -7.683742113659031 ], [ 109.672374648858025, -7.683742113659031 ], [ 109.672642346812665, -7.683772382139997 ], [ 109.672910044767349, -7.683832028846175 ], [ 109.672998977980484, -7.683534685481428 ], [ 109.673059165104505, -7.682939107876234 ], [ 109.672612702408315, -7.682790435907305 ], [ 109.672323444886814, -7.682704081506252 ], [ 109.672289308906016, -7.682956022647844 ], [ 109.672329733093804, -7.682982730180596 ], [ 109.672297393743577, -7.683267610425437 ], [ 109.672270444285061, -7.683356635462761 ], [ 109.672268647654491, -7.683742113659031 ] ] ] } },
{ "type": "Feature", "properties": { "FID": 93, "Id": 0, "Provinsi": "Jawa Tengah", "Kode_Prov": 33, "Kab_Kota": "Kebumen", "Kode_Kota": 3305, "Kecamatan": "Kebumen", "Kode_Kec": 330505, "Kelurahan": "Panjer", "Kode_Kel": 33050512, "basis": "RT001-RW012", "Kode_RTRW": "33050512-RT001-RW012", "k1_a_p": 0.0, "k1_b_p": 0, "k1_c_p": 11.76, "k1_p": 0.0, "k2_a_p": 5.14, "k2_b_p": 47.43, "k2_p": 23.715, "k3_a_p": 77.11, "k3_b_p": 0.0, "k3_p": 38.555, "k4_a_p": 0.0, "k4_b_p": 10.71, "k4_c_p": 5.36, "k4_d_p": 71.43, "k4_e_p": 62.5, "k4_p": 26.786, "k5_a_p": 0.0, "k5_b_p": 0.0, "k5_p": 0.0, "k6_a_p": 0, "k6_b_p": 20.48, "k6_c_p": 0, "k6_p": 0.0, "k7_a_p": 100, "k7_b_p": 100, "k7_p": 100, "k1_a": "Bangunan tidak teratur  ", "k1_b": "Bangunan padat ", "k1_c": "Bangunan tidak sesuai persyaratan teknis ", "Bangunan": "Permasalahan Bangunan ", "k2_a": "Terjangkau pelayanan jalan lingkungan ", "k2_b": "Kondisi permukaan jalan lingkungan tidak rusak 25-50%", "Jalan": "Permasalahan Jalan ", "k3_a": "50%", "k3_b": "Tidak terpenuhi kebutuhan air minum ", "Air_Minum": "Permasalahan Air Minum 25-50%", "k4_a": "Tidak mampu mengalirkan limpasan air ", "k4_b": "Tidak tersedia drainase ", "k4_c": "Tidak terhubung dengan drainase dalam kota ", "k4_d": "50%", "k4_e": "50%", "Drainase": "Permasalahan Drainase 25-50%", "k5_a": "Sistem pengelolaan air limbah tidak sesuai standar teknis ", "k5_b": "Prasarana dan sarana pengelolaan air limbah tidak sesuai dengan persyaratan teknis ", "Air_Limbah": "Permasalahan Air Limbah ", "k6_a": "Prasarana dan sarana persampahan tidak sesuai dengan persyaratan teknis ", "k6_b": "Sistem pengelolaan persampahan yang tidak sesuai standar teknis ", "k6_c": "Sarana dan prasarana pengelolaan persampahan tidak terpelihara ", "Sampah": "Permasalahan Persampahan ", "k7_a": "50%", "k7_b": "50%", "Kebakaran": "50%", "Sumber": "Data SIM KOTAKU, download pada 281120", "city": "kebumen", "source_layer": "Profil Kumuh Basis", "role": "profil" }, "geometry": { "type": "MultiPolygon", "coordinates": [ [ [ [ 109.6683475014393, -7.684430275943215 ], [ 109.668351993015719, -7.68443205643927 ], [ 109.6683475014393, -7.684430275943215 ], [ 109.6683475014393, -7.684430275943215 ] ] ], [ [ [ 109.667338693375257, -7.684174774681965 ], [ 109.667292879295744, -7.684683106308246 ], [ 109.667490508658247, -7.684756996844246 ], [ 109.66750128844167, -7.684829997120199 ], [ 109.667531831161327, -7.684954631708675 ], [ 109.667698917804174, -7.685007156274287 ], [ 109.667760901558779, -7.685320523039206 ], [ 109.66789115727498, -7.685381950019989 ], [ 109.667964819128272, -7.685416669613892 ], [ 109.668245991812199, -7.685551096732742 ], [ 109.66825407664976, -7.685556438206783 ], [ 109.668294500837533, -7.685413108630033 ], [ 109.668319653665506, -7.685178083629277 ], [ 109.668264856433169, -7.685159388453177 ], [ 109.668252280019189, -7.685086388233854 ], [ 109.668087888322177, -7.68506413206693 ], [ 109.66813370240169, -7.684904777877676 ], [ 109.668145380500377, -7.684865607006354 ], [ 109.668158855229635, -7.684820204400983 ], [ 109.668237906974639, -7.684838899592018 ], [ 109.668238805289917, -7.684676874575706 ], [ 109.668312467143224, -7.684686667298229 ], [ 109.6683475014393, -7.684430275943215 ], [ 109.667878580861, -7.684270921516084 ], [ 109.667338693375257, -7.684174774681965 ] ] ] ] } },
{ "type": "Feature", "properties": { "FID": 94, "Id": 0, "Provinsi": "Jawa Tengah", "Kode_Prov": 33, "Kab_Kota": "Kebumen", "Kode_Kota": 3305, "Kecamatan": "Kebumen", "Kode_Kec": 330505, "Kelurahan": "Panjer", "Kode_Kel": 33050512, "basis": "RT002-RW012", "Kode_RTRW": "33050512-RT002-RW012", "k1_a_p": 0.0, "k1_b_p": 0, "k1_c_p": 27.42, "k1_p": 9.14, "k2_a_p": 0.0, "k2_b_p": 55.0, "k2_p": 27.5, "k3_a_p": 48.28, "k3_b_p": 0.0, "k3_p": 24.14, "k4_a_p": 0.0, "k4_b_p": 0.0, "k4_c_p": 0.0, "k4_d_p": 100.0, "k4_e_p": 60.0, "k4_p": 32.0, "k5_a_p": 0.0, "k5_b_p": 0.0, "k5_p": 0.0, "k6_a_p": 0, "k6_b_p": 42.53, "k6_c_p": 0, "k6_p": 14.1767, "k7_a_p": 100, "k7_b_p": 100, "k7_p": 100, "k1_a": "Bangunan tidak teratur  ", "k1_b": "Bangunan padat ", "k1_c": "Bangunan tidak sesuai persyaratan teknis 25-50%", "Bangunan": "Permasalahan Bangunan ", "k2_a": "Terjangkau pelayanan jalan lingkungan ", "k2_b": "50%", "Jalan": "Permasalahan Jalan 25-50%", "k3_a": "Tersedia akses aman air minum 25-50%", "k3_b": "Tidak terpenuhi kebutuhan air minum ", "Air_Minum": "Permasalahan Air Minum ", "k4_a": "Tidak mampu mengalirkan limpasan air ", "k4_b": "Tidak tersedia drainase ", "k4_c": "Tidak terhubung dengan drainase dalam kota ", "k4_d": "50%", "k4_e": "50%", "Drainase": "Permasalahan Drainase 25-50%", "k5_a": "Sistem pengelolaan air limbah tidak sesuai standar teknis ", "k5_b": "Prasarana dan sarana pengelolaan air limbah tidak sesuai dengan persyaratan teknis ", "Air_Limbah": "Permasalahan Air Limbah ", "k6_a": "Prasarana dan sarana persampahan tidak sesuai dengan persyaratan teknis ", "k6_b": "Sistem pengelolaan persampahan yang tidak sesuai standar teknis 25-50%", "k6_c": "Sarana dan prasarana pengelolaan persampahan tidak terpelihara ", "Sampah": "Permasalahan Persampahan ", "k7_a": "50%", "k7_b": "50%", "Kebakaran": "50%", "Sumber": "Data SIM KOTAKU, download pada 281120", "city": "kebumen", "source_layer": "Profil Kumuh Basis", "role": "profil" }, "geometry": { "type": "Polygon", "coordinates": [ [ [ 109.6683475014393, -7.684430275943215 ], [ 109.668312467143224, -7.684686667298229 ], [ 109.668238805289917, -7.684676874575706 ], [ 109.668237906974639, -7.684838899592018 ], [ 109.668158855229635, -7.684820204400983 ], [ 109.668145380500377, -7.684865607006354 ], [ 109.66813370240169, -7.684904777877676 ], [ 109.668087888322177, -7.68506413206693 ], [ 109.668252280019189, -7.685086388233854 ], [ 109.668264856433169, -7.685159388453177 ], [ 109.668319653665506, -7.685178083629277 ], [ 109.668294500837533, -7.685413108630033 ], [ 109.66825407664976, -7.685556438206783 ], [ 109.668322348611355, -7.685600950487853 ], [ 109.668366366060269, -7.685630328590804 ], [ 109.668636758960801, -7.685591157786421 ], [ 109.668654725266478, -7.685516377149831 ], [ 109.668680776409701, -7.685365035345008 ], [ 109.668781387721538, -7.68538729149616 ], [ 109.668784980982679, -7.68525820580324 ], [ 109.668752641632437, -7.685239510630669 ], [ 109.668793065820225, -7.685143364015866 ], [ 109.668919728275299, -7.684712484474702 ], [ 109.6683475014393, -7.684430275943215 ] ] ] } },
{ "type": "Feature", "properties": { "FID": 95, "Id": 0, "Provinsi": "Jawa Tengah", "Kode_Prov": 33, "Kab_Kota": "Kebumen", "Kode_Kota": 3305, "Kecamatan": "Karanganyar", "Kode_Kec": 330502, "Kelurahan": "Plarangan", "Kode_Kel": 33050208, "basis": "RT003-RW004", "Kode_RTRW": "33050208-RT003-RW004", "k1_a_p": 90.59, "k1_b_p": 0, "k1_c_p": 32.94, "k1_p": 41.1767, "k2_a_p": 33.33, "k2_b_p": 21.67, "k2_p": 16.665, "k3_a_p": 25.0, "k3_b_p": 75.96, "k3_p": 50.48, "k4_a_p": 0.0, "k4_b_p": 68.25, "k4_c_p": 4.76, "k4_d_p": 22.22, "k4_e_p": 6.35, "k4_p": 13.65, "k5_a_p": 3.85, "k5_b_p": 1.92, "k5_p": 0.0, "k6_a_p": 0, "k6_b_p": 100.0, "k6_c_p": 0, "k6_p": 33.3333, "k7_a_p": 100, "k7_b_p": 0, "k7_p": 50, "k1_a": "50%", "k1_b": "Bangunan padat ", "k1_c": "Bangunan tidak sesuai persyaratan teknis 25-50%", "Bangunan": "Permasalahan Bangunan 25-50%", "k2_a": "Terjangkau pelayanan jalan lingkungan 25-50%", "k2_b": "Kondisi permukaan jalan lingkungan tidak rusak ", "Jalan": "Permasalahan Jalan ", "k3_a": "Tersedia akses aman air minum 25-50%", "k3_b": "50%", "Air_Minum": "50%", "k4_a": "Tidak mampu mengalirkan limpasan air ", "k4_b": "50%", "k4_c": "Tidak terhubung dengan drainase dalam kota ", "k4_d": "Drainase tidak terpelihara ", "k4_e": "Konstruksi drainase baik ", "Drainase": "Permasalahan Drainase ", "k5_a": "Sistem pengelolaan air limbah tidak sesuai standar teknis ", "k5_b": "Prasarana dan sarana pengelolaan air limbah tidak sesuai dengan persyaratan teknis ", "Air_Limbah": "Permasalahan Air Limbah ", "k6_a": "Prasarana dan sarana persampahan tidak sesuai dengan persyaratan teknis ", "k6_b": "50%", "k6_c": "Sarana dan prasarana pengelolaan persampahan tidak terpelihara ", "Sampah": "Permasalahan Persampahan 25-50%", "k7_a": "50%", "k7_b": "Tidak tersedia sarana proteksi kebakaran ", "Kebakaran": "50%", "Sumber": "Data SIM KOTAKU, download pada 281120", "city": "kebumen", "source_layer": "Profil Kumuh Basis", "role": "profil" }, "geometry": { "type": "Polygon", "coordinates": [ [ [ 109.579056758828401, -7.61501465175173 ], [ 109.579042385783836, -7.615686007476122 ], [ 109.5789705205611, -7.615686007476122 ], [ 109.579042385783836, -7.616043054322863 ], [ 109.57877109456804, -7.616085793077597 ], [ 109.578456684218594, -7.616299486787329 ], [ 109.578328225132964, -7.616270994298858 ], [ 109.578271631270084, -7.616043054322863 ], [ 109.57838571731115, -7.615899701385229 ], [ 109.578471057263144, -7.615885455127936 ], [ 109.578628262437874, -7.615600529882641 ], [ 109.578684856300768, -7.615471423068498 ], [ 109.578299479043878, -7.615357452882997 ], [ 109.577971593965174, -7.615643268681515 ], [ 109.577942847876088, -7.61574299252897 ], [ 109.578071306961718, -7.615871208870171 ], [ 109.578199766047348, -7.615985178919032 ], [ 109.578071306961718, -7.616028808070339 ], [ 109.578071306961718, -7.616370718000222 ], [ 109.577899728742452, -7.616313733030856 ], [ 109.577928474831538, -7.616928101832245 ], [ 109.57798596700971, -7.61718453376702 ], [ 109.577857507924108, -7.617198779981115 ], [ 109.577857507924108, -7.617313640064978 ], [ 109.577885355697902, -7.617470348346779 ], [ 109.577942847876088, -7.617612810371403 ], [ 109.578028187828082, -7.61772767034426 ], [ 109.578228512136434, -7.61772767034426 ], [ 109.578199766047348, -7.61757007176899 ], [ 109.578185393002798, -7.616856870712015 ], [ 109.578271631270084, -7.616713518046653 ], [ 109.57851417639678, -7.616656533122878 ], [ 109.578585143304238, -7.616756256734514 ], [ 109.578556397215124, -7.617427609730154 ], [ 109.578742348478954, -7.617470348346779 ], [ 109.578942672787306, -7.617470348346779 ], [ 109.578956147516564, -7.617456102141713 ], [ 109.578999266650214, -7.617285147643946 ], [ 109.578899553653685, -7.617198779981115 ], [ 109.57891392669822, -7.616713518046653 ], [ 109.57901363969475, -7.616713518046653 ], [ 109.579056758828401, -7.616642286890749 ], [ 109.579056758828401, -7.616599548191521 ], [ 109.579098979646744, -7.616542563252587 ], [ 109.579256184821475, -7.616542563252587 ], [ 109.579313676999661, -7.616485578306073 ], [ 109.579328050044197, -7.616370718000222 ], [ 109.579084606602208, -7.616370718000222 ], [ 109.579056758828401, -7.61628524054333 ], [ 109.579185217914031, -7.616214009316225 ], [ 109.579342423088747, -7.616100039328228 ], [ 109.579527476037256, -7.616356471758592 ], [ 109.579727800345623, -7.616313733030856 ], [ 109.579727800345623, -7.61652831701667 ], [ 109.579941599383261, -7.61652831701667 ], [ 109.580012566290691, -7.616256748053909 ], [ 109.580256009732693, -7.616256748053909 ], [ 109.580184144509971, -7.615913947642047 ], [ 109.580055685424341, -7.615757238790999 ], [ 109.579813140297631, -7.61572874626647 ], [ 109.579742173390173, -7.615471423068498 ], [ 109.579655935122901, -7.615471423068498 ], [ 109.579599341259993, -7.61572874626647 ], [ 109.579498729948185, -7.615686007476122 ], [ 109.579498729948185, -7.615614776149407 ], [ 109.579313676999661, -7.615571146955946 ], [ 109.579384643907105, -7.61511437574547 ], [ 109.57915647182493, -7.61511437574547 ], [ 109.57915647182493, -7.615028898037971 ], [ 109.579056758828401, -7.61501465175173 ] ] ] } },
{ "type": "Feature", "properties": { "FID": 96, "Id": 0, "Provinsi": "Jawa Tengah", "Kode_Prov": 33, "Kab_Kota": "Kebumen", "Kode_Kota": 3305, "Kecamatan": "Karanganyar", "Kode_Kec": 330502, "Kelurahan": "Plarangan", "Kode_Kel": 33050208, "basis": "RT005-RW005", "Kode_RTRW": "33050208-RT005-RW005", "k1_a_p": 100.0, "k1_b_p": 100, "k1_c_p": 18.18, "k1_p": 66.6667, "k2_a_p": 19.46, "k2_b_p": 33.56, "k2_p": 16.78, "k3_a_p": 96.55, "k3_b_p": 0.0, "k3_p": 48.275, "k4_a_p": 0.0, "k4_b_p": 26.38, "k4_c_p": 8.59, "k4_d_p": 65.03, "k4_e_p": 63.8, "k4_p": 31.042, "k5_a_p": 13.79, "k5_b_p": 27.59, "k5_p": 13.795, "k6_a_p": 0, "k6_b_p": 100.0, "k6_c_p": 0, "k6_p": 33.3333, "k7_a_p": 0, "k7_b_p": 100, "k7_p": 50, "k1_a": "50%", "k1_b": "50%", "k1_c": "Bangunan tidak sesuai persyaratan teknis ", "Bangunan": "50%", "k2_a": "Terjangkau pelayanan jalan lingkungan ", "k2_b": "Kondisi permukaan jalan lingkungan tidak rusak 25-50%", "Jalan": "Permasalahan Jalan ", "k3_a": "50%", "k3_b": "Tidak terpenuhi kebutuhan air minum ", "Air_Minum": "Permasalahan Air Minum 25-50%", "k4_a": "Tidak mampu mengalirkan limpasan air ", "k4_b": "Tidak tersedia drainase 25-50%", "k4_c": "Tidak terhubung dengan drainase dalam kota ", "k4_d": "50%", "k4_e": "50%", "Drainase": "Permasalahan Drainase 25-50%", "k5_a": "Sistem pengelolaan air limbah tidak sesuai standar teknis ", "k5_b": "Prasarana dan sarana pengelolaan air limbah tidak sesuai dengan persyaratan teknis 25-50%", "Air_Limbah": "Permasalahan Air Limbah ", "k6_a": "Prasarana dan sarana persampahan tidak sesuai dengan persyaratan teknis ", "k6_b": "50%", "k6_c": "Sarana dan prasarana pengelolaan persampahan tidak terpelihara ", "Sampah": "Permasalahan Persampahan 25-50%", "k7_a": "Tidak tersedia prasarana proteksi kebakaran ", "k7_b": "50%", "Kebakaran": "50%", "Sumber": "Data SIM KOTAKU, download pada 281120", "city": "kebumen", "source_layer": "Profil Kumuh Basis", "role": "profil" }, "geometry": { "type": "Polygon", "coordinates": [ [ [ 109.577029261232141, -7.615157114592829 ], [ 109.577472130667203, -7.615172251266911 ], [ 109.577514351485561, -7.61501465175173 ], [ 109.577743421883, -7.614971912890165 ], [ 109.577785642701372, -7.614829449987499 ], [ 109.577443384578118, -7.614815203694628 ], [ 109.577443384578118, -7.614557879948118 ], [ 109.577642810571191, -7.614586372550492 ], [ 109.577657183615742, -7.614557879948118 ], [ 109.577657183615742, -7.614472402129621 ], [ 109.577600589752834, -7.614415416907821 ], [ 109.577600589752834, -7.614300556047104 ], [ 109.577472130667203, -7.614215078177288 ], [ 109.577472130667203, -7.61407261502305 ], [ 109.577657183615742, -7.614015629748094 ], [ 109.577657183615742, -7.613886522456497 ], [ 109.577700302749378, -7.613858029807599 ], [ 109.577743421883, -7.613944398143747 ], [ 109.577828761834994, -7.613900768780237 ], [ 109.577814388790458, -7.61377255184953 ], [ 109.577914101786988, -7.613758305521527 ], [ 109.577942847876088, -7.613801044504112 ], [ 109.578085680006254, -7.6138295371568 ], [ 109.578128799139904, -7.613758305521527 ], [ 109.57838571731115, -7.613644334880465 ], [ 109.578400090355686, -7.613558856879783 ], [ 109.578199766047348, -7.613330025064891 ], [ 109.57814317218444, -7.613258793346605 ], [ 109.578128799139904, -7.613344271407126 ], [ 109.577957220920638, -7.613372764090179 ], [ 109.577899728742452, -7.613216054309955 ], [ 109.577743421883, -7.613216054309955 ], [ 109.577671556660277, -7.613401256771337 ], [ 109.577800015745922, -7.613458242127971 ], [ 109.577785642701372, -7.613587349548571 ], [ 109.577614962797384, -7.613815290830693 ], [ 109.577528724530097, -7.613758305521527 ], [ 109.577385892399931, -7.61371556653468 ], [ 109.577371519355381, -7.613587349548571 ], [ 109.577186466406857, -7.613458242127971 ], [ 109.577128974228671, -7.613758305521527 ], [ 109.576915175191047, -7.613658581212256 ], [ 109.576828936923789, -7.614101107657685 ], [ 109.576915175191047, -7.614158092921275 ], [ 109.576843309968325, -7.614515141040998 ], [ 109.576857683012861, -7.614728835533959 ], [ 109.576900802146511, -7.615028898037971 ], [ 109.577029261232141, -7.615157114592829 ] ] ] } },
{ "type": "Feature", "properties": { "FID": 97, "Id": 0, "Provinsi": "Jawa Tengah", "Kode_Prov": 33, "Kab_Kota": "Kebumen", "Kode_Kota": 3305, "Kecamatan": "Karanganyar", "Kode_Kec": 330502, "Kelurahan": "Plarangan", "Kode_Kel": 33050208, "basis": "RT003-RW005", "Kode_RTRW": "33050208-RT003-RW005", "k1_a_p": 100.0, "k1_b_p": 0, "k1_c_p": 3.13, "k1_p": 33.3333, "k2_a_p": 31.03, "k2_b_p": 18.97, "k2_p": 15.515, "k3_a_p": 100.0, "k3_b_p": 0.0, "k3_p": 50.0, "k4_a_p": 0.0, "k4_b_p": 61.54, "k4_c_p": 7.69, "k4_d_p": 30.77, "k4_e_p": 7.69, "k4_p": 18.462, "k5_a_p": 26.15, "k5_b_p": 36.92, "k5_p": 31.535, "k6_a_p": 0, "k6_b_p": 100.0, "k6_c_p": 0, "k6_p": 33.3333, "k7_a_p": 100, "k7_b_p": 0, "k7_p": 50, "k1_a": "50%", "k1_b": "Bangunan padat ", "k1_c": "Bangunan tidak sesuai persyaratan teknis ", "Bangunan": "Permasalahan Bangunan 25-50%", "k2_a": "Terjangkau pelayanan jalan lingkungan 25-50%", "k2_b": "Kondisi permukaan jalan lingkungan tidak rusak ", "Jalan": "Permasalahan Jalan ", "k3_a": "50%", "k3_b": "Tidak terpenuhi kebutuhan air minum ", "Air_Minum": "50%", "k4_a": "Tidak mampu mengalirkan limpasan air ", "k4_b": "50%", "k4_c": "Tidak terhubung dengan drainase dalam kota ", "k4_d": "Drainase tidak terpelihara 25-50%", "k4_e": "Konstruksi drainase baik ", "Drainase": "Permasalahan Drainase ", "k5_a": "Sistem pengelolaan air limbah tidak sesuai standar teknis 25-50%", "k5_b": "Prasarana dan sarana pengelolaan air limbah tidak sesuai dengan persyaratan teknis 25-50%", "Air_Limbah": "Permasalahan Air Limbah 25-50%", "k6_a": "Prasarana dan sarana persampahan tidak sesuai dengan persyaratan teknis ", "k6_b": "50%", "k6_c": "Sarana dan prasarana pengelolaan persampahan tidak terpelihara ", "Sampah": "Permasalahan Persampahan 25-50%", "k7_a": "50%", "k7_b": "Tidak tersedia sarana proteksi kebakaran ", "Kebakaran": "50%", "Sumber": "Data SIM KOTAKU, download pada 281120", "city": "kebumen", "source_layer": "Profil Kumuh Basis", "role": "profil" }, "geometry": { "type": "Polygon", "coordinates": [ [ [ 109.578071306961718, -7.612673802412436 ], [ 109.578100053050804, -7.612501955608841 ], [ 109.577942847876088, -7.612402231007295 ], [ 109.57824288518097, -7.612173398574984 ], [ 109.578427938129522, -7.612330999134843 ], [ 109.578942672787306, -7.611688130950572 ], [ 109.57892829974277, -7.61108889145649 ], [ 109.578756721523504, -7.611074645039308 ], [ 109.578756721523504, -7.610888551171373 ], [ 109.57852854944133, -7.610746086911674 ], [ 109.578542922485866, -7.610646361901723 ], [ 109.57864263548241, -7.610632115469837 ], [ 109.57861388939331, -7.610531500031163 ], [ 109.578313852088428, -7.61051725359546 ], [ 109.578328225132964, -7.610403282092801 ], [ 109.578185393002798, -7.610389035652839 ], [ 109.578185393002798, -7.610559992901147 ], [ 109.578400090355686, -7.610860058323219 ], [ 109.57864263548241, -7.610974029704472 ], [ 109.578471057263144, -7.611131630705199 ], [ 109.578328225132964, -7.611117384289438 ], [ 109.578342598177528, -7.611302587657442 ], [ 109.578499803352244, -7.611302587657442 ], [ 109.578599516348774, -7.611474434941777 ], [ 109.578342598177528, -7.611517174152057 ], [ 109.578313852088428, -7.611931210031091 ], [ 109.57838571731115, -7.612016688356323 ], [ 109.578285105999342, -7.612087920280995 ], [ 109.578156646913698, -7.612030934742204 ], [ 109.577743421883, -7.612302506382548 ], [ 109.577828761834994, -7.612673802412436 ], [ 109.578071306961718, -7.612673802412436 ] ] ] } },
{ "type": "Feature", "properties": { "FID": 98, "Id": 0, "Provinsi": "Jawa Tengah", "Kode_Prov": 33, "Kab_Kota": "Kebumen", "Kode_Kota": 3305, "Kecamatan": "Karanganyar", "Kode_Kec": 330502, "Kelurahan": "Plarangan", "Kode_Kel": 33050208, "basis": "RT003-RW002", "Kode_RTRW": "33050208-RT003-RW002", "k1_a_p": 100.0, "k1_b_p": 100, "k1_c_p": 17.65, "k1_p": 66.6667, "k2_a_p": 27.27, "k2_b_p": 23.64, "k2_p": 13.635, "k3_a_p": 0.0, "k3_b_p": 0.0, "k3_p": 0.0, "k4_a_p": 0.0, "k4_b_p": 65.52, "k4_c_p": 13.79, "k4_d_p": 20.69, "k4_e_p": 6.9, "k4_p": 13.104, "k5_a_p": 0.0, "k5_b_p": 0.0, "k5_p": 0.0, "k6_a_p": 0, "k6_b_p": 57.5, "k6_c_p": 0, "k6_p": 19.1667, "k7_a_p": 0, "k7_b_p": 100, "k7_p": 50, "k1_a": "50%", "k1_b": "50%", "k1_c": "Bangunan tidak sesuai persyaratan teknis ", "Bangunan": "50%", "k2_a": "Terjangkau pelayanan jalan lingkungan 25-50%", "k2_b": "Kondisi permukaan jalan lingkungan tidak rusak ", "Jalan": "Permasalahan Jalan ", "k3_a": "Tersedia akses aman air minum ", "k3_b": "Tidak terpenuhi kebutuhan air minum ", "Air_Minum": "Permasalahan Air Minum ", "k4_a": "Tidak mampu mengalirkan limpasan air ", "k4_b": "50%", "k4_c": "Tidak terhubung dengan drainase dalam kota ", "k4_d": "Drainase tidak terpelihara ", "k4_e": "Konstruksi drainase baik ", "Drainase": "Permasalahan Drainase ", "k5_a": "Sistem pengelolaan air limbah tidak sesuai standar teknis ", "k5_b": "Prasarana dan sarana pengelolaan air limbah tidak sesuai dengan persyaratan teknis ", "Air_Limbah": "Permasalahan Air Limbah ", "k6_a": "Prasarana dan sarana persampahan tidak sesuai dengan persyaratan teknis ", "k6_b": "50%", "k6_c": "Sarana dan prasarana pengelolaan persampahan tidak terpelihara ", "Sampah": "Permasalahan Persampahan ", "k7_a": "Tidak tersedia prasarana proteksi kebakaran ", "k7_b": "50%", "Kebakaran": "50%", "Sumber": "Data SIM KOTAKU, download pada 281120", "city": "kebumen", "source_layer": "Profil Kumuh Basis", "role": "profil" }, "geometry": { "type": "Polygon", "coordinates": [ [ [ 109.579355897818004, -7.629735264658005 ], [ 109.579293015748121, -7.630753837906054 ], [ 109.580251518156274, -7.630659459717561 ], [ 109.580468910455039, -7.630630968184867 ], [ 109.580670133078669, -7.630616722417808 ], [ 109.581040238975731, -7.630445773176085 ], [ 109.581222596978407, -7.630297973255769 ], [ 109.581289970624724, -7.630279275671847 ], [ 109.581258529589775, -7.629881284048809 ], [ 109.580822846676966, -7.629840327395445 ], [ 109.580752778084801, -7.629834094860892 ], [ 109.58066564150225, -7.629826081602051 ], [ 109.580464418878606, -7.629883955134762 ], [ 109.580387163764172, -7.629940047935917 ], [ 109.580309908649738, -7.629930253955293 ], [ 109.579706240778819, -7.629812726170311 ], [ 109.579653240177052, -7.629769988785947 ], [ 109.579355897818004, -7.629735264658005 ] ] ] } },
{ "type": "Feature", "properties": { "FID": 99, "Id": 0, "Provinsi": "Jawa Tengah", "Kode_Prov": 33, "Kab_Kota": "Kebumen", "Kode_Kota": 3305, "Kecamatan": "Karanganyar", "Kode_Kec": 330502, "Kelurahan": "Plarangan", "Kode_Kel": 33050208, "basis": "RT003-RW003", "Kode_RTRW": "33050208-RT003-RW003", "k1_a_p": 81.58, "k1_b_p": 100, "k1_c_p": 18.42, "k1_p": 60.5267, "k2_a_p": 24.53, "k2_b_p": 18.87, "k2_p": 0.0, "k3_a_p": 7.32, "k3_b_p": 0.0, "k3_p": 0.0, "k4_a_p": 0.0, "k4_b_p": 62.26, "k4_c_p": 13.21, "k4_d_p": 24.53, "k4_e_p": 7.55, "k4_p": 12.452, "k5_a_p": 0.0, "k5_b_p": 0.0, "k5_p": 0.0, "k6_a_p": 0, "k6_b_p": 100.0, "k6_c_p": 0, "k6_p": 33.3333, "k7_a_p": 0, "k7_b_p": 100, "k7_p": 50, "k1_a": "50%", "k1_b": "50%", "k1_c": "Bangunan tidak sesuai persyaratan teknis ", "Bangunan": "50%", "k2_a": "Terjangkau pelayanan jalan lingkungan ", "k2_b": "Kondisi permukaan jalan lingkungan tidak rusak ", "Jalan": "Permasalahan Jalan ", "k3_a": "Tersedia akses aman air minum ", "k3_b": "Tidak terpenuhi kebutuhan air minum ", "Air_Minum": "Permasalahan Air Minum ", "k4_a": "Tidak mampu mengalirkan limpasan air ", "k4_b": "50%", "k4_c": "Tidak terhubung dengan drainase dalam kota ", "k4_d": "Drainase tidak terpelihara ", "k4_e": "Konstruksi drainase baik ", "Drainase": "Permasalahan Drainase ", "k5_a": "Sistem pengelolaan air limbah tidak sesuai standar teknis ", "k5_b": "Prasarana dan sarana pengelolaan air limbah tidak sesuai dengan persyaratan teknis ", "Air_Limbah": "Permasalahan Air Limbah ", "k6_a": "Prasarana dan sarana persampahan tidak sesuai dengan persyaratan teknis ", "k6_b": "50%", "k6_c": "Sarana dan prasarana pengelolaan persampahan tidak terpelihara ", "Sampah": "Permasalahan Persampahan 25-50%", "k7_a": "Tidak tersedia prasarana proteksi kebakaran ", "k7_b": "50%", "Kebakaran": "50%", "Sumber": "Data SIM KOTAKU, download pada 281120", "city": "kebumen", "source_layer": "Profil Kumuh Basis", "role": "profil" }, "geometry": { "type": "Polygon", "coordinates": [ [ [ 109.582752427907252, -7.623632677992198 ], [ 109.583650743191384, -7.623850819809027 ], [ 109.583766625863035, -7.623736851853286 ], [ 109.583825914671777, -7.623183928762304 ], [ 109.583710930315419, -7.622975580745666 ], [ 109.583640861723239, -7.622530392336118 ], [ 109.583374960399155, -7.622536624977047 ], [ 109.583390231758983, -7.622271292468644 ], [ 109.583073126463688, -7.622226773575285 ], [ 109.583037193852334, -7.622427998936439 ], [ 109.582756021168393, -7.622434231578859 ], [ 109.582752427907252, -7.623632677992198 ] ] ] } },
{ "type": "Feature", "properties": { "FID": 100, "Id": 0, "Provinsi": "Jawa Tengah", "Kode_Prov": 33, "Kab_Kota": "Kebumen", "Kode_Kota": 3305, "Kecamatan": "Karanganyar", "Kode_Kec": 330502, "Kelurahan": "Plarangan", "Kode_Kel": 33050208, "basis": "RT004-RW004", "Kode_RTRW": "33050208-RT004-RW004", "k1_a_p": 0.0, "k1_b_p": 100, "k1_c_p": 34.33, "k1_p": 44.7767, "k2_a_p": 31.03, "k2_b_p": 12.07, "k2_p": 15.515, "k3_a_p": 96.2, "k3_b_p": 0.0, "k3_p": 48.1, "k4_a_p": 0.0, "k4_b_p": 34.43, "k4_c_p": 4.92, "k4_d_p": 65.57, "k4_e_p": 52.46, "k4_p": 30.492, "k5_a_p": 21.52, "k5_b_p": 25.32, "k5_p": 12.66, "k6_a_p": 0, "k6_b_p": 100.0, "k6_c_p": 0, "k6_p": 33.3333, "k7_a_p": 100, "k7_b_p": 0, "k7_p": 50, "k1_a": "Bangunan tidak teratur  ", "k1_b": "50%", "k1_c": "Bangunan tidak sesuai persyaratan teknis 25-50%", "Bangunan": "Permasalahan Bangunan 25-50%", "k2_a": "Terjangkau pelayanan jalan lingkungan 25-50%", "k2_b": "Kondisi permukaan jalan lingkungan tidak rusak ", "Jalan": "Permasalahan Jalan ", "k3_a": "50%", "k3_b": "Tidak terpenuhi kebutuhan air minum ", "Air_Minum": "Permasalahan Air Minum 25-50%", "k4_a": "Tidak mampu mengalirkan limpasan air ", "k4_b": "Tidak tersedia drainase 25-50%", "k4_c": "Tidak terhubung dengan drainase dalam kota ", "k4_d": "50%", "k4_e": "50%", "Drainase": "Permasalahan Drainase 25-50%", "k5_a": "Sistem pengelolaan air limbah tidak sesuai standar teknis ", "k5_b": "Prasarana dan sarana pengelolaan air limbah tidak sesuai dengan persyaratan teknis 25-50%", "Air_Limbah": "Permasalahan Air Limbah ", "k6_a": "Prasarana dan sarana persampahan tidak sesuai dengan persyaratan teknis ", "k6_b": "50%", "k6_c": "Sarana dan prasarana pengelolaan persampahan tidak terpelihara ", "Sampah": "Permasalahan Persampahan 25-50%", "k7_a": "50%", "k7_b": "Tidak tersedia sarana proteksi kebakaran ", "Kebakaran": "50%", "Sumber": "Data SIM KOTAKU, download pada 281120", "city": "kebumen", "source_layer": "Profil Kumuh Basis", "role": "profil" }, "geometry": { "type": "Polygon", "coordinates": [ [ [ 109.580398841862859, -7.614974584069138 ], [ 109.580887525377435, -7.615312933271054 ], [ 109.581139053656983, -7.615177593622342 ], [ 109.581175884583615, -7.615062732965896 ], [ 109.581477718519096, -7.615078760036084 ], [ 109.581478616834374, -7.6149345163828 ], [ 109.581119290720736, -7.614854380998886 ], [ 109.581068985064832, -7.614624659481952 ], [ 109.58125673295919, -7.614524935374257 ], [ 109.581206427303286, -7.614417197696118 ], [ 109.581012391201924, -7.614409184148728 ], [ 109.580919864727647, -7.614229324490109 ], [ 109.581552278687681, -7.614181243182443 ], [ 109.581648398423084, -7.61355707608792 ], [ 109.581657381575937, -7.613111877890264 ], [ 109.580952204077889, -7.613095850746527 ], [ 109.581015086147772, -7.613684402687419 ], [ 109.58092076304294, -7.613971109996764 ], [ 109.580704269059453, -7.613963096441033 ], [ 109.580398841862859, -7.614974584069138 ] ] ] } },
{ "type": "Feature", "properties": { "FID": 101, "Id": 0, "Provinsi": "Jawa Tengah", "Kode_Prov": 33, "Kab_Kota": "Kebumen", "Kode_Kota": 3305, "Kecamatan": "Karanganyar", "Kode_Kec": 330502, "Kelurahan": "Pohkumbang", "Kode_Kel": 33050209, "basis": "RT003-RW005", "Kode_RTRW": "33050209-RT003-RW005", "k1_a_p": 78.57, "k1_b_p": 0, "k1_c_p": 47.62, "k1_p": 42.0633, "k2_a_p": 0.0, "k2_b_p": 10.0, "k2_p": 0.0, "k3_a_p": 0.0, "k3_b_p": 91.84, "k3_p": 45.92, "k4_a_p": -7.41, "k4_b_p": 0.0, "k4_c_p": 0.0, "k4_d_p": 100.0, "k4_e_p": 100.0, "k4_p": 40.0, "k5_a_p": 36.73, "k5_b_p": 36.73, "k5_p": 36.73, "k6_a_p": 100, "k6_b_p": 100.0, "k6_c_p": 100, "k6_p": 100.0, "k7_a_p": 100, "k7_b_p": 100, "k7_p": 100, "k1_a": "50%", "k1_b": "Bangunan padat ", "k1_c": "Bangunan tidak sesuai persyaratan teknis 25-50%", "Bangunan": "Permasalahan Bangunan 25-50%", "k2_a": "Terjangkau pelayanan jalan lingkungan ", "k2_b": "Kondisi permukaan jalan lingkungan tidak rusak ", "Jalan": "Permasalahan Jalan ", "k3_a": "Tersedia akses aman air minum ", "k3_b": "50%", "Air_Minum": "Permasalahan Air Minum 25-50%", "k4_a": "Tidak mampu mengalirkan limpasan air ", "k4_b": "Tidak tersedia drainase ", "k4_c": "Tidak terhubung dengan drainase dalam kota ", "k4_d": "50%", "k4_e": "50%", "Drainase": "Permasalahan Drainase 25-50%", "k5_a": "Sistem pengelolaan air limbah tidak sesuai standar teknis 25-50%", "k5_b": "Prasarana dan sarana pengelolaan air limbah tidak sesuai dengan persyaratan teknis 25-50%", "Air_Limbah": "Permasalahan Air Limbah 25-50%", "k6_a": "50%", "k6_b": "50%", "k6_c": "50%", "Sampah": "50%", "k7_a": "50%", "k7_b": "50%", "Kebakaran": "50%", "Sumber": "Data SIM KOTAKU, download pada 281120", "city": "kebumen", "source_layer": "Profil Kumuh Basis", "role": "profil" }, "geometry": { "type": "Polygon", "coordinates": [ [ [ 109.557948146282158, -7.595895709193507 ], [ 109.558147572275232, -7.595895709193507 ], [ 109.558347896583584, -7.595767486883141 ], [ 109.55851947480285, -7.595738102598296 ], [ 109.558576068665758, -7.595353435411305 ], [ 109.559062057234456, -7.595438917038176 ], [ 109.559062057234456, -7.59525281639122 ], [ 109.55927585627208, -7.595224322505145 ], [ 109.559218364093894, -7.595124593889001 ], [ 109.559033311145384, -7.595010618299354 ], [ 109.559033311145384, -7.594953630493194 ], [ 109.55937556926861, -7.594939383540471 ], [ 109.55937556926861, -7.594710541797658 ], [ 109.559062057234456, -7.594653553951702 ], [ 109.558876105970654, -7.594710541797658 ], [ 109.558718900795938, -7.594739035717804 ], [ 109.558533847847386, -7.594739035717804 ], [ 109.558418863491042, -7.594739035717804 ], [ 109.558219437497954, -7.594625060025891 ], [ 109.557991265415794, -7.594582319133626 ], [ 109.557463056028723, -7.594653553951702 ], [ 109.557277104764921, -7.59469629483688 ], [ 109.556877354463495, -7.594710541797658 ], [ 109.556934846641667, -7.595067606097956 ], [ 109.557248358675821, -7.595081853046428 ], [ 109.557248358675821, -7.595210075561398 ], [ 109.557463056028723, -7.595309804157703 ], [ 109.557919400193072, -7.595353435411305 ], [ 109.557948146282158, -7.595895709193507 ] ] ] } },
{ "type": "Feature", "properties": { "FID": 102, "Id": 0, "Provinsi": "Jawa Tengah", "Kode_Prov": 33, "Kab_Kota": "Kebumen", "Kode_Kota": 3305, "Kecamatan": "Karanganyar", "Kode_Kec": 330502, "Kelurahan": "Pohkumbang", "Kode_Kel": 33050209, "basis": "RT003-RW005", "Kode_RTRW": "33050209-RT003-RW005", "k1_a_p": 78.57, "k1_b_p": 0, "k1_c_p": 47.62, "k1_p": 42.0633, "k2_a_p": 0.0, "k2_b_p": 10.0, "k2_p": 0.0, "k3_a_p": 0.0, "k3_b_p": 91.84, "k3_p": 45.92, "k4_a_p": -7.41, "k4_b_p": 0.0, "k4_c_p": 0.0, "k4_d_p": 100.0, "k4_e_p": 100.0, "k4_p": 40.0, "k5_a_p": 36.73, "k5_b_p": 36.73, "k5_p": 36.73, "k6_a_p": 100, "k6_b_p": 100.0, "k6_c_p": 100, "k6_p": 100.0, "k7_a_p": 100, "k7_b_p": 100, "k7_p": 100, "k1_a": "50%", "k1_b": "Bangunan padat ", "k1_c": "Bangunan tidak sesuai persyaratan teknis 25-50%", "Bangunan": "Permasalahan Bangunan 25-50%", "k2_a": "Terjangkau pelayanan jalan lingkungan ", "k2_b": "Kondisi permukaan jalan lingkungan tidak rusak ", "Jalan": "Permasalahan Jalan ", "k3_a": "Tersedia akses aman air minum ", "k3_b": "50%", "Air_Minum": "Permasalahan Air Minum 25-50%", "k4_a": "Tidak mampu mengalirkan limpasan air ", "k4_b": "Tidak tersedia drainase ", "k4_c": "Tidak terhubung dengan drainase dalam kota ", "k4_d": "50%", "k4_e": "50%", "Drainase": "Permasalahan Drainase 25-50%", "k5_a": "Sistem pengelolaan air limbah tidak sesuai standar teknis 25-50%", "k5_b": "Prasarana dan sarana pengelolaan air limbah tidak sesuai dengan persyaratan teknis 25-50%", "Air_Limbah": "Permasalahan Air Limbah 25-50%", "k6_a": "50%", "k6_b": "50%", "k6_c": "50%", "Sampah": "50%", "k7_a": "50%", "k7_b": "50%", "Kebakaran": "50%", "Sumber": "Data SIM KOTAKU, download pada 281120", "city": "kebumen", "source_layer": "Profil Kumuh Basis", "role": "profil" }, "geometry": { "type": "Polygon", "coordinates": [ [ [ 109.556634809336771, -7.597008748474214 ], [ 109.556834235329845, -7.596980254704593 ], [ 109.557048932682747, -7.596723810692971 ], [ 109.557034559638211, -7.596580451300321 ], [ 109.556806387556037, -7.596423735387786 ], [ 109.556591690203135, -7.596409488483812 ], [ 109.556191939901694, -7.596309760142761 ], [ 109.55600688695317, -7.596166400611945 ], [ 109.55600688695317, -7.595909956114518 ], [ 109.555692476603738, -7.595824474581363 ], [ 109.555649357470088, -7.595966943793842 ], [ 109.555278353257762, -7.595895709193507 ], [ 109.554936095134494, -7.595952696874721 ], [ 109.554678278647955, -7.596038178382365 ], [ 109.554507598743982, -7.596038178382365 ], [ 109.554493225699431, -7.596523463702376 ], [ 109.554778889959778, -7.59650921680171 ], [ 109.554807636048864, -7.596324007050042 ], [ 109.554949569863751, -7.59621003177856 ], [ 109.555207386350304, -7.596195784867501 ], [ 109.555263980213198, -7.596338253956852 ], [ 109.555806562644804, -7.596281266326782 ], [ 109.55586405482299, -7.596366747769053 ], [ 109.555935021730434, -7.596580451300321 ], [ 109.55622068599078, -7.596681070009486 ], [ 109.55622068599078, -7.596823538937904 ], [ 109.556634809336771, -7.597008748474214 ] ] ] } },
{ "type": "Feature", "properties": { "FID": 103, "Id": 0, "Provinsi": "Jawa Tengah", "Kode_Prov": 33, "Kab_Kota": "Kebumen", "Kode_Kota": 3305, "Kecamatan": "Karanganyar", "Kode_Kec": 330502, "Kelurahan": "Pohkumbang", "Kode_Kel": 33050209, "basis": "RT001-RW005", "Kode_RTRW": "33050209-RT001-RW005", "k1_a_p": 81.82, "k1_b_p": 0, "k1_c_p": 41.82, "k1_p": 41.2133, "k2_a_p": 0.0, "k2_b_p": 40.0, "k2_p": 20.0, "k3_a_p": 97.06, "k3_b_p": 100.0, "k3_p": 98.53, "k4_a_p": -205.08, "k4_b_p": 0.0, "k4_c_p": 0.0, "k4_d_p": 100.0, "k4_e_p": 88.89, "k4_p": 37.778, "k5_a_p": 32.35, "k5_b_p": 30.88, "k5_p": 31.615, "k6_a_p": 100, "k6_b_p": 100.0, "k6_c_p": 100, "k6_p": 100.0, "k7_a_p": 100, "k7_b_p": 100, "k7_p": 100, "k1_a": "50%", "k1_b": "Bangunan padat ", "k1_c": "Bangunan tidak sesuai persyaratan teknis 25-50%", "Bangunan": "Permasalahan Bangunan 25-50%", "k2_a": "Terjangkau pelayanan jalan lingkungan ", "k2_b": "Kondisi permukaan jalan lingkungan tidak rusak 25-50%", "Jalan": "Permasalahan Jalan ", "k3_a": "50%", "k3_b": "50%", "Air_Minum": "50%", "k4_a": "Tidak mampu mengalirkan limpasan air ", "k4_b": "Tidak tersedia drainase ", "k4_c": "Tidak terhubung dengan drainase dalam kota ", "k4_d": "50%", "k4_e": "50%", "Drainase": "Permasalahan Drainase 25-50%", "k5_a": "Sistem pengelolaan air limbah tidak sesuai standar teknis 25-50%", "k5_b": "Prasarana dan sarana pengelolaan air limbah tidak sesuai dengan persyaratan teknis 25-50%", "Air_Limbah": "Permasalahan Air Limbah 25-50%", "k6_a": "50%", "k6_b": "50%", "k6_c": "50%", "Sampah": "50%", "k7_a": "50%", "k7_b": "50%", "Kebakaran": "50%", "Sumber": "Data SIM KOTAKU, download pada 281120", "city": "kebumen", "source_layer": "Profil Kumuh Basis", "role": "profil" }, "geometry": { "type": "Polygon", "coordinates": [ [ [ 109.555538864690163, -7.592367800837645 ], [ 109.557102831599792, -7.592533422624871 ], [ 109.557169306930817, -7.59235444423912 ], [ 109.557104628230363, -7.59218080842053 ], [ 109.556618639661664, -7.592203069426835 ], [ 109.556769556629405, -7.591958198294098 ], [ 109.557074085510706, -7.591469346051919 ], [ 109.557146849048721, -7.59124851644148 ], [ 109.557231290685422, -7.591021453618922 ], [ 109.557333698627815, -7.591021453618922 ], [ 109.557483717280263, -7.59095645129862 ], [ 109.557645414031413, -7.590891448968489 ], [ 109.557670566859358, -7.590729388321808 ], [ 109.557406462165815, -7.590644796201747 ], [ 109.557359749771052, -7.590464926585881 ], [ 109.557413648688097, -7.590375882193745 ], [ 109.557575345439233, -7.590358073313102 ], [ 109.557641820770272, -7.590293070892507 ], [ 109.55779363605329, -7.589814902099242 ], [ 109.557913111986068, -7.589695582429197 ], [ 109.55816284363506, -7.58954776846367 ], [ 109.558265251577453, -7.589368788834999 ], [ 109.55816464026563, -7.589087407775621 ], [ 109.557949044597436, -7.589057132587377 ], [ 109.557949044597436, -7.588985006395029 ], [ 109.557925688400047, -7.588716091349027 ], [ 109.558118826186131, -7.588417791349625 ], [ 109.558250878532903, -7.588364364462212 ], [ 109.558478152299784, -7.588406215524582 ], [ 109.558621882745243, -7.58838306387356 ], [ 109.558737765416893, -7.587911126100366 ], [ 109.558666798509449, -7.587641319933228 ], [ 109.558744951939161, -7.587581659800814 ], [ 109.559284839424933, -7.587530013709353 ], [ 109.55930280573061, -7.587326991082824 ], [ 109.558901258798599, -7.587331443334434 ], [ 109.558559000675359, -7.5874676822114 ], [ 109.558223929074373, -7.587341238287812 ], [ 109.558163741950338, -7.587520218760273 ], [ 109.558359574682285, -7.587708103653727 ], [ 109.558214047606256, -7.588195179274956 ], [ 109.557944553021017, -7.588462313750731 ], [ 109.557447784668909, -7.58945783343569 ], [ 109.557612176365893, -7.589630579908447 ], [ 109.557560074079419, -7.590254781790844 ], [ 109.557380411022592, -7.590276152452658 ], [ 109.557286087917774, -7.590462255254385 ], [ 109.557357054825189, -7.590727607435241 ], [ 109.557119899590191, -7.590683975712056 ], [ 109.556902507291426, -7.591020563176246 ], [ 109.556781234728078, -7.590969807940581 ], [ 109.55651892666512, -7.591839769659859 ], [ 109.556280873114829, -7.592018748259902 ], [ 109.555661933884068, -7.592052585001783 ], [ 109.555538864690163, -7.592367800837645 ] ] ] } },
{ "type": "Feature", "properties": { "FID": 104, "Id": 0, "Provinsi": "Jawa Tengah", "Kode_Prov": 33, "Kab_Kota": "Kebumen", "Kode_Kota": 3305, "Kecamatan": "Karanganyar", "Kode_Kec": 330502, "Kelurahan": "Pohkumbang", "Kode_Kel": 33050209, "basis": "RT002-RW001", "Kode_RTRW": "33050209-RT002-RW001", "k1_a_p": 94.87, "k1_b_p": 0, "k1_c_p": 69.23, "k1_p": 54.7, "k2_a_p": 0.0, "k2_b_p": 11.76, "k2_p": 0.0, "k3_a_p": 86.67, "k3_b_p": 26.67, "k3_p": 56.67, "k4_a_p": -97.53, "k4_b_p": 0.0, "k4_c_p": 0.0, "k4_d_p": 100.0, "k4_e_p": 100.0, "k4_p": 40.0, "k5_a_p": 80.0, "k5_b_p": 80.0, "k5_p": 80.0, "k6_a_p": 100, "k6_b_p": 100.0, "k6_c_p": 100, "k6_p": 100.0, "k7_a_p": 100, "k7_b_p": 100, "k7_p": 100, "k1_a": "50%", "k1_b": "Bangunan padat ", "k1_c": "50%", "Bangunan": "50%", "k2_a": "Terjangkau pelayanan jalan lingkungan ", "k2_b": "Kondisi permukaan jalan lingkungan tidak rusak ", "Jalan": "Permasalahan Jalan ", "k3_a": "50%", "k3_b": "Tidak terpenuhi kebutuhan air minum 25-50%", "Air_Minum": "50%", "k4_a": "Tidak mampu mengalirkan limpasan air ", "k4_b": "Tidak tersedia drainase ", "k4_c": "Tidak terhubung dengan drainase dalam kota ", "k4_d": "50%", "k4_e": "50%", "Drainase": "Permasalahan Drainase 25-50%", "k5_a": "50%", "k5_b": "50%", "Air_Limbah": "50%", "k6_a": "50%", "k6_b": "50%", "k6_c": "50%", "Sampah": "50%", "k7_a": "50%", "k7_b": "50%", "Kebakaran": "50%", "Sumber": "Data SIM KOTAKU, download pada 281120", "city": "kebumen", "source_layer": "Profil Kumuh Basis", "role": "profil" }, "geometry": { "type": "Polygon", "coordinates": [ [ [ 109.554553412823452, -7.575446438842245 ], [ 109.553159227502505, -7.576542612051887 ], [ 109.553512265409168, -7.577137447362041 ], [ 109.554760025338808, -7.576777696763649 ], [ 109.554929806927518, -7.577658372819728 ], [ 109.555581983823785, -7.577727829499817 ], [ 109.555879326182819, -7.577585354246533 ], [ 109.555660137253511, -7.577201561298524 ], [ 109.555508321970493, -7.576684197177747 ], [ 109.555105876723189, -7.576740296931725 ], [ 109.555029519924048, -7.57643397437659 ], [ 109.555002570465518, -7.576099156450881 ], [ 109.55521367455728, -7.575879209427208 ], [ 109.555511915231619, -7.575621862362209 ], [ 109.55526487852849, -7.574989624975384 ], [ 109.554553412823452, -7.575446438842245 ] ] ] } },
{ "type": "Feature", "properties": { "FID": 105, "Id": 0, "Provinsi": "Jawa Tengah", "Kode_Prov": 33, "Kab_Kota": "Kebumen", "Kode_Kota": 3305, "Kecamatan": "Karanganyar", "Kode_Kec": 330502, "Kelurahan": "Pohkumbang", "Kode_Kel": 33050209, "basis": "RT002-RW002", "Kode_RTRW": "33050209-RT002-RW002", "k1_a_p": 85.71, "k1_b_p": 0, "k1_c_p": 3.57, "k1_p": 28.57, "k2_a_p": 0.0, "k2_b_p": 8.24, "k2_p": 0.0, "k3_a_p": 27.27, "k3_b_p": 81.82, "k3_p": 54.545, "k4_a_p": -924.39, "k4_b_p": 0.0, "k4_c_p": 0.0, "k4_d_p": 100.0, "k4_e_p": 100.0, "k4_p": 40.0, "k5_a_p": 48.48, "k5_b_p": 48.48, "k5_p": 48.48, "k6_a_p": 100, "k6_b_p": 100.0, "k6_c_p": 100, "k6_p": 100.0, "k7_a_p": 100, "k7_b_p": 100, "k7_p": 100, "k1_a": "50%", "k1_b": "Bangunan padat ", "k1_c": "Bangunan tidak sesuai persyaratan teknis ", "Bangunan": "Permasalahan Bangunan 25-50%", "k2_a": "Terjangkau pelayanan jalan lingkungan ", "k2_b": "Kondisi permukaan jalan lingkungan tidak rusak ", "Jalan": "Permasalahan Jalan ", "k3_a": "Tersedia akses aman air minum 25-50%", "k3_b": "50%", "Air_Minum": "50%", "k4_a": "Tidak mampu mengalirkan limpasan air ", "k4_b": "Tidak tersedia drainase ", "k4_c": "Tidak terhubung dengan drainase dalam kota ", "k4_d": "50%", "k4_e": "50%", "Drainase": "Permasalahan Drainase 25-50%", "k5_a": "Sistem pengelolaan air limbah tidak sesuai standar teknis 25-50%", "k5_b": "Prasarana dan sarana pengelolaan air limbah tidak sesuai dengan persyaratan teknis 25-50%", "Air_Limbah": "Permasalahan Air Limbah 25-50%", "k6_a": "50%", "k6_b": "50%", "k6_c": "50%", "Sampah": "50%", "k7_a": "50%", "k7_b": "50%", "Kebakaran": "50%", "Sumber": "Data SIM KOTAKU, download pada 281120", "city": "kebumen", "source_layer": "Profil Kumuh Basis", "role": "profil" }, "geometry": { "type": "Polygon", "coordinates": [ [ [ 109.544880353844079, -7.582924582144001 ], [ 109.544682724481561, -7.582834645731412 ], [ 109.544079056610627, -7.582698405387437 ], [ 109.543984733505795, -7.582668129749587 ], [ 109.543944309318022, -7.582717995504913 ], [ 109.543850884528453, -7.582897868360046 ], [ 109.543446642650608, -7.583813259745139 ], [ 109.544451857453538, -7.584294997036443 ], [ 109.544841726286847, -7.584170333094113 ], [ 109.544993541569866, -7.583650305973711 ], [ 109.544671046382874, -7.58326651843218 ], [ 109.544880353844079, -7.582924582144001 ] ] ] } },
{ "type": "Feature", "properties": { "FID": 106, "Id": 0, "Provinsi": "Jawa Tengah", "Kode_Prov": 33, "Kab_Kota": "Kebumen", "Kode_Kota": 3305, "Kecamatan": "Karanganyar", "Kode_Kec": 330502, "Kelurahan": "Pohkumbang", "Kode_Kel": 33050209, "basis": "RT006-RW002", "Kode_RTRW": "33050209-RT006-RW002", "k1_a_p": 70.0, "k1_b_p": 0, "k1_c_p": 0.0, "k1_p": 23.3333, "k2_a_p": 0.0, "k2_b_p": 0.0, "k2_p": 0.0, "k3_a_p": 2.7, "k3_b_p": 75.68, "k3_p": 37.84, "k4_a_p": -597.67, "k4_b_p": 0.0, "k4_c_p": 0.0, "k4_d_p": 100.0, "k4_e_p": 0.0, "k4_p": 20.0, "k5_a_p": 29.73, "k5_b_p": 29.73, "k5_p": 29.73, "k6_a_p": 100, "k6_b_p": 100.0, "k6_c_p": 100, "k6_p": 100.0, "k7_a_p": 100, "k7_b_p": 100, "k7_p": 100, "k1_a": "50%", "k1_b": "Bangunan padat ", "k1_c": "Bangunan tidak sesuai persyaratan teknis ", "Bangunan": "Permasalahan Bangunan ", "k2_a": "Terjangkau pelayanan jalan lingkungan ", "k2_b": "Kondisi permukaan jalan lingkungan tidak rusak ", "Jalan": "Permasalahan Jalan ", "k3_a": "Tersedia akses aman air minum ", "k3_b": "50%", "Air_Minum": "Permasalahan Air Minum 25-50%", "k4_a": "Tidak mampu mengalirkan limpasan air ", "k4_b": "Tidak tersedia drainase ", "k4_c": "Tidak terhubung dengan drainase dalam kota ", "k4_d": "50%", "k4_e": "Konstruksi drainase baik ", "Drainase": "Permasalahan Drainase ", "k5_a": "Sistem pengelolaan air limbah tidak sesuai standar teknis 25-50%", "k5_b": "Prasarana dan sarana pengelolaan air limbah tidak sesuai dengan persyaratan teknis 25-50%", "Air_Limbah": "Permasalahan Air Limbah 25-50%", "k6_a": "50%", "k6_b": "50%", "k6_c": "50%", "Sampah": "50%", "k7_a": "50%", "k7_b": "50%", "Kebakaran": "50%", "Sumber": "Data SIM KOTAKU, download pada 281120", "city": "kebumen", "source_layer": "Profil Kumuh Basis", "role": "profil" }, "geometry": { "type": "Polygon", "coordinates": [ [ [ 109.544880353844079, -7.582924582144001 ], [ 109.544882150474635, -7.582920129846788 ], [ 109.544991744939281, -7.582364482793353 ], [ 109.544549773819512, -7.582044807320565 ], [ 109.544239855046484, -7.581481144975429 ], [ 109.54410870101502, -7.58131373800723 ], [ 109.54422907526309, -7.581038584923381 ], [ 109.543834714853347, -7.580630752520897 ], [ 109.543367590905603, -7.581586219528598 ], [ 109.543347827969356, -7.581872948263535 ], [ 109.543505931459364, -7.582657444229837 ], [ 109.543850884528453, -7.582897868360046 ], [ 109.543944309318022, -7.582717995504913 ], [ 109.543984733505795, -7.582668129749587 ], [ 109.544079056610627, -7.582698405387437 ], [ 109.544682724481561, -7.582834645731412 ], [ 109.544880353844079, -7.582924582144001 ] ] ] } },
{ "type": "Feature", "properties": { "FID": 107, "Id": 0, "Provinsi": "Jawa Tengah", "Kode_Prov": 33, "Kab_Kota": "Kebumen", "Kode_Kota": 3305, "Kecamatan": "Karanganyar", "Kode_Kec": 330502, "Kelurahan": "Pohkumbang", "Kode_Kel": 33050209, "basis": "RT004-RW002", "Kode_RTRW": "33050209-RT004-RW002", "k1_a_p": 82.0, "k1_b_p": 0, "k1_c_p": 42.0, "k1_p": 41.3333, "k2_a_p": 0.0, "k2_b_p": 7.14, "k2_p": 0.0, "k3_a_p": 10.71, "k3_b_p": 60.71, "k3_p": 30.355, "k4_a_p": -89.05, "k4_b_p": 0.0, "k4_c_p": 0.0, "k4_d_p": 100.0, "k4_e_p": 23.53, "k4_p": 20.0, "k5_a_p": 39.29, "k5_b_p": 35.71, "k5_p": 37.5, "k6_a_p": 100, "k6_b_p": 100.0, "k6_c_p": 100, "k6_p": 100.0, "k7_a_p": 100, "k7_b_p": 100, "k7_p": 100, "k1_a": "50%", "k1_b": "Bangunan padat ", "k1_c": "Bangunan tidak sesuai persyaratan teknis 25-50%", "Bangunan": "Permasalahan Bangunan 25-50%", "k2_a": "Terjangkau pelayanan jalan lingkungan ", "k2_b": "Kondisi permukaan jalan lingkungan tidak rusak ", "Jalan": "Permasalahan Jalan ", "k3_a": "Tersedia akses aman air minum ", "k3_b": "50%", "Air_Minum": "Permasalahan Air Minum 25-50%", "k4_a": "Tidak mampu mengalirkan limpasan air ", "k4_b": "Tidak tersedia drainase ", "k4_c": "Tidak terhubung dengan drainase dalam kota ", "k4_d": "50%", "k4_e": "Konstruksi drainase baik ", "Drainase": "Permasalahan Drainase ", "k5_a": "Sistem pengelolaan air limbah tidak sesuai standar teknis 25-50%", "k5_b": "Prasarana dan sarana pengelolaan air limbah tidak sesuai dengan persyaratan teknis 25-50%", "Air_Limbah": "Permasalahan Air Limbah 25-50%", "k6_a": "50%", "k6_b": "50%", "k6_c": "50%", "Sampah": "50%", "k7_a": "50%", "k7_b": "50%", "Kebakaran": "50%", "Sumber": "Data SIM KOTAKU, download pada 281120", "city": "kebumen", "source_layer": "Profil Kumuh Basis", "role": "profil" }, "geometry": { "type": "Polygon", "coordinates": [ [ [ 109.546122723881993, -7.584831051576915 ], [ 109.547985829781254, -7.585669859833341 ], [ 109.54844127563031, -7.585779385631467 ], [ 109.548508649276627, -7.585438341794321 ], [ 109.54861734542601, -7.585122230424481 ], [ 109.54797055842144, -7.584976195797735 ], [ 109.547983134835405, -7.584850641597306 ], [ 109.547073141452614, -7.584375138123154 ], [ 109.54646767695111, -7.584360890819941 ], [ 109.54619818236587, -7.584512268392465 ], [ 109.546122723881993, -7.584831051576915 ] ] ] } },
{ "type": "Feature", "properties": { "FID": 108, "Id": 0, "Provinsi": "Jawa Tengah", "Kode_Prov": 33, "Kab_Kota": "Kebumen", "Kode_Kota": 3305, "Kecamatan": "Kebumen", "Kode_Kec": 330505, "Kelurahan": "Selang", "Kode_Kel": 33050513, "basis": "RT001-RW002", "Kode_RTRW": "33050513-RT001-RW002", "k1_a_p": 50.0, "k1_b_p": 0, "k1_c_p": 0.0, "k1_p": 16.6667, "k2_a_p": 13.64, "k2_b_p": 4.55, "k2_p": 0.0, "k3_a_p": 81.69, "k3_b_p": 0.0, "k3_p": 40.845, "k4_a_p": 0.0, "k4_b_p": 93.02, "k4_c_p": 46.51, "k4_d_p": 0.0, "k4_e_p": 2.33, "k4_p": 27.906, "k5_a_p": 0.0, "k5_b_p": 0.0, "k5_p": 0.0, "k6_a_p": 0, "k6_b_p": 87.32, "k6_c_p": 0, "k6_p": 29.1067, "k7_a_p": 100, "k7_b_p": 100, "k7_p": 100, "k1_a": "50%", "k1_b": "Bangunan padat ", "k1_c": "Bangunan tidak sesuai persyaratan teknis ", "Bangunan": "Permasalahan Bangunan ", "k2_a": "Terjangkau pelayanan jalan lingkungan ", "k2_b": "Kondisi permukaan jalan lingkungan tidak rusak ", "Jalan": "Permasalahan Jalan ", "k3_a": "50%", "k3_b": "Tidak terpenuhi kebutuhan air minum ", "Air_Minum": "Permasalahan Air Minum 25-50%", "k4_a": "Tidak mampu mengalirkan limpasan air ", "k4_b": "50%", "k4_c": "Tidak terhubung dengan drainase dalam kota 25-50%", "k4_d": "Drainase tidak terpelihara ", "k4_e": "Konstruksi drainase baik ", "Drainase": "Permasalahan Drainase 25-50%", "k5_a": "Sistem pengelolaan air limbah tidak sesuai standar teknis ", "k5_b": "Prasarana dan sarana pengelolaan air limbah tidak sesuai dengan persyaratan teknis ", "Air_Limbah": "Permasalahan Air Limbah ", "k6_a": "Prasarana dan sarana persampahan tidak sesuai dengan persyaratan teknis ", "k6_b": "50%", "k6_c": "Sarana dan prasarana pengelolaan persampahan tidak terpelihara ", "Sampah": "Permasalahan Persampahan 25-50%", "k7_a": "50%", "k7_b": "50%", "Kebakaran": "50%", "Sumber": "Data SIM KOTAKU, download pada 281120", "city": "kebumen", "source_layer": "Profil Kumuh Basis", "role": "profil" }, "geometry": { "type": "Polygon", "coordinates": [ [ [ 109.679640222875975, -7.685983755912412 ], [ 109.678784128410214, -7.686079012092334 ], [ 109.678821857652139, -7.686460036598292 ], [ 109.678384378108774, -7.686421756114314 ], [ 109.678384378108774, -7.686821475416382 ], [ 109.678384378108774, -7.687221194342068 ], [ 109.679716579675116, -7.687659193267193 ], [ 109.679640222875975, -7.685983755912412 ] ] ] } },
{ "type": "Feature", "properties": { "FID": 109, "Id": 0, "Provinsi": "Jawa Tengah", "Kode_Prov": 33, "Kab_Kota": "Kebumen", "Kode_Kota": 3305, "Kecamatan": "Kebumen", "Kode_Kec": 330505, "Kelurahan": "Selang", "Kode_Kel": 33050513, "basis": "RT002-RW002", "Kode_RTRW": "33050513-RT002-RW002", "k1_a_p": 40.0, "k1_b_p": 0, "k1_c_p": 1.82, "k1_p": 13.3333, "k2_a_p": 17.54, "k2_b_p": 0.0, "k2_p": 0.0, "k3_a_p": 0.0, "k3_b_p": 0.0, "k3_p": 0.0, "k4_a_p": 16.2, "k4_b_p": 88.89, "k4_c_p": 44.44, "k4_d_p": 11.11, "k4_e_p": 0.0, "k4_p": 26.666, "k5_a_p": 1.3, "k5_b_p": 1.3, "k5_p": 0.0, "k6_a_p": 0, "k6_b_p": 88.31, "k6_c_p": 0, "k6_p": 29.4367, "k7_a_p": 100, "k7_b_p": 100, "k7_p": 100, "k1_a": "Bangunan tidak teratur 25-50%", "k1_b": "Bangunan padat ", "k1_c": "Bangunan tidak sesuai persyaratan teknis ", "Bangunan": "Permasalahan Bangunan ", "k2_a": "Terjangkau pelayanan jalan lingkungan ", "k2_b": "Kondisi permukaan jalan lingkungan tidak rusak ", "Jalan": "Permasalahan Jalan ", "k3_a": "Tersedia akses aman air minum ", "k3_b": "Tidak terpenuhi kebutuhan air minum ", "Air_Minum": "Permasalahan Air Minum ", "k4_a": "Tidak mampu mengalirkan limpasan air ", "k4_b": "50%", "k4_c": "Tidak terhubung dengan drainase dalam kota 25-50%", "k4_d": "Drainase tidak terpelihara ", "k4_e": "Konstruksi drainase baik ", "Drainase": "Permasalahan Drainase 25-50%", "k5_a": "Sistem pengelolaan air limbah tidak sesuai standar teknis ", "k5_b": "Prasarana dan sarana pengelolaan air limbah tidak sesuai dengan persyaratan teknis ", "Air_Limbah": "Permasalahan Air Limbah ", "k6_a": "Prasarana dan sarana persampahan tidak sesuai dengan persyaratan teknis ", "k6_b": "50%", "k6_c": "Sarana dan prasarana pengelolaan persampahan tidak terpelihara ", "Sampah": "Permasalahan Persampahan 25-50%", "k7_a": "50%", "k7_b": "50%", "Kebakaran": "50%", "Sumber": "Data SIM KOTAKU, download pada 281120", "city": "kebumen", "source_layer": "Profil Kumuh Basis", "role": "profil" }, "geometry": { "type": "Polygon", "coordinates": [ [ [ 109.678974571250436, -7.688325093206135 ], [ 109.678479599528885, -7.688382068553463 ], [ 109.677661234305063, -7.688458629164387 ], [ 109.677680098926018, -7.688838761295503 ], [ 109.677850778830006, -7.688915321824043 ], [ 109.678403242729729, -7.68899188233877 ], [ 109.678935943693233, -7.68897229709213 ], [ 109.678974571250436, -7.688325093206135 ] ] ] } },
{ "type": "Feature", "properties": { "FID": 110, "Id": 0, "Provinsi": "Jawa Tengah", "Kode_Prov": 33, "Kab_Kota": "Kebumen", "Kode_Kota": 3305, "Kecamatan": "Kebumen", "Kode_Kec": 330505, "Kelurahan": "Tamanwinangun", "Kode_Kel": 33050514, "basis": "RT003-RW006", "Kode_RTRW": "33050514-RT003-RW006", "k1_a_p": 10.71, "k1_b_p": 100, "k1_c_p": 8.93, "k1_p": 33.3333, "k2_a_p": 14.29, "k2_b_p": 21.43, "k2_p": 0.0, "k3_a_p": 83.93, "k3_b_p": 5.36, "k3_p": 41.965, "k4_a_p": 0.0, "k4_b_p": 36.36, "k4_c_p": 18.18, "k4_d_p": 63.64, "k4_e_p": 36.36, "k4_p": 27.272, "k5_a_p": 3.57, "k5_b_p": 7.14, "k5_p": 0.0, "k6_a_p": 0, "k6_b_p": 92.86, "k6_c_p": 0, "k6_p": 30.9533, "k7_a_p": 100, "k7_b_p": 100, "k7_p": 100, "k1_a": "Bangunan tidak teratur  ", "k1_b": "50%", "k1_c": "Bangunan tidak sesuai persyaratan teknis ", "Bangunan": "Permasalahan Bangunan 25-50%", "k2_a": "Terjangkau pelayanan jalan lingkungan ", "k2_b": "Kondisi permukaan jalan lingkungan tidak rusak ", "Jalan": "Permasalahan Jalan ", "k3_a": "50%", "k3_b": "Tidak terpenuhi kebutuhan air minum ", "Air_Minum": "Permasalahan Air Minum 25-50%", "k4_a": "Tidak mampu mengalirkan limpasan air ", "k4_b": "Tidak tersedia drainase 25-50%", "k4_c": "Tidak terhubung dengan drainase dalam kota ", "k4_d": "50%", "k4_e": "Konstruksi drainase baik 25-50%", "Drainase": "Permasalahan Drainase 25-50%", "k5_a": "Sistem pengelolaan air limbah tidak sesuai standar teknis ", "k5_b": "Prasarana dan sarana pengelolaan air limbah tidak sesuai dengan persyaratan teknis ", "Air_Limbah": "Permasalahan Air Limbah ", "k6_a": "Prasarana dan sarana persampahan tidak sesuai dengan persyaratan teknis ", "k6_b": "50%", "k6_c": "Sarana dan prasarana pengelolaan persampahan tidak terpelihara ", "Sampah": "Permasalahan Persampahan 25-50%", "k7_a": "50%", "k7_b": "50%", "Kebakaran": "50%", "Sumber": "Data SIM KOTAKU, download pada 281120", "city": "kebumen", "source_layer": "Profil Kumuh Basis", "role": "profil" }, "geometry": { "type": "Polygon", "coordinates": [ [ [ 109.670330981586645, -7.689218893086129 ], [ 109.670287862452994, -7.688948260651839 ], [ 109.670059690370834, -7.688962504468472 ], [ 109.669688686158509, -7.689005235915505 ], [ 109.669460514076334, -7.688976748284628 ], [ 109.669332054990704, -7.689076454984333 ], [ 109.669260189767954, -7.68911918641989 ], [ 109.669189222860538, -7.689261624507346 ], [ 109.669189222860538, -7.689347977574588 ], [ 109.670188149456465, -7.689319489966718 ], [ 109.670330981586645, -7.689218893086129 ] ] ] } },
{ "type": "Feature", "properties": { "FID": 111, "Id": 0, "Provinsi": "Jawa Tengah", "Kode_Prov": 33, "Kab_Kota": "Kebumen", "Kode_Kota": 3305, "Kecamatan": "Kebumen", "Kode_Kec": 330505, "Kelurahan": "Tamanwinangun", "Kode_Kel": 33050514, "basis": "RT002-RW001", "Kode_RTRW": "33050514-RT002-RW001", "k1_a_p": 0.0, "k1_b_p": 0, "k1_c_p": 14.29, "k1_p": 0.0, "k2_a_p": 0.0, "k2_b_p": 22.73, "k2_p": 0.0, "k3_a_p": 8.57, "k3_b_p": 8.57, "k3_p": 0.0, "k4_a_p": 0.0, "k4_b_p": 0.0, "k4_c_p": 0.0, "k4_d_p": 100.0, "k4_e_p": 12.5, "k4_p": 20.0, "k5_a_p": 8.57, "k5_b_p": 2.86, "k5_p": 0.0, "k6_a_p": 100, "k6_b_p": 100.0, "k6_c_p": 100, "k6_p": 100.0, "k7_a_p": 100, "k7_b_p": 100, "k7_p": 100, "k1_a": "Bangunan tidak teratur  ", "k1_b": "Bangunan padat ", "k1_c": "Bangunan tidak sesuai persyaratan teknis ", "Bangunan": "Permasalahan Bangunan ", "k2_a": "Terjangkau pelayanan jalan lingkungan ", "k2_b": "Kondisi permukaan jalan lingkungan tidak rusak ", "Jalan": "Permasalahan Jalan ", "k3_a": "Tersedia akses aman air minum ", "k3_b": "Tidak terpenuhi kebutuhan air minum ", "Air_Minum": "Permasalahan Air Minum ", "k4_a": "Tidak mampu mengalirkan limpasan air ", "k4_b": "Tidak tersedia drainase ", "k4_c": "Tidak terhubung dengan drainase dalam kota ", "k4_d": "50%", "k4_e": "Konstruksi drainase baik ", "Drainase": "Permasalahan Drainase ", "k5_a": "Sistem pengelolaan air limbah tidak sesuai standar teknis ", "k5_b": "Prasarana dan sarana pengelolaan air limbah tidak sesuai dengan persyaratan teknis ", "Air_Limbah": "Permasalahan Air Limbah ", "k6_a": "50%", "k6_b": "50%", "k6_c": "50%", "Sampah": "50%", "k7_a": "50%", "k7_b": "50%", "Kebakaran": "50%", "Sumber": "Data SIM KOTAKU, download pada 281120", "city": "kebumen", "source_layer": "Profil Kumuh Basis", "role": "profil" }, "geometry": { "type": "Polygon", "coordinates": [ [ [ 109.658576526093938, -7.682854534008076 ], [ 109.659051734879242, -7.683339720707107 ], [ 109.659207143423387, -7.683657539950781 ], [ 109.659438908766703, -7.684238872573798 ], [ 109.659426332352723, -7.684513959249717 ], [ 109.65950897735884, -7.684782814016445 ], [ 109.65968684378511, -7.684850472805103 ], [ 109.659729064603454, -7.684400007509143 ], [ 109.659731759549317, -7.684368848824757 ], [ 109.659852133797386, -7.683185707374616 ], [ 109.659766793845392, -7.683167902361479 ], [ 109.658576526093938, -7.682854534008076 ] ] ] } },
{ "type": "Feature", "properties": { "FID": 112, "Id": 0, "Provinsi": "Jawa Tengah", "Kode_Prov": 33, "Kab_Kota": "Kebumen", "Kode_Kota": 3305, "Kecamatan": "Gombong", "Kode_Kec": 330501, "Kelurahan": "Wonokriyo", "Kode_Kel": 33050113, "basis": "RT004-RW004", "Kode_RTRW": "33050113-RT004-RW004", "k1_a_p": 96.97, "k1_b_p": 100, "k1_c_p": 6.06, "k1_p": 65.6567, "k2_a_p": 27.27, "k2_b_p": 36.36, "k2_p": 31.815, "k3_a_p": 10.64, "k3_b_p": 0.0, "k3_p": 0.0, "k4_a_p": 0.0, "k4_b_p": 32.2, "k4_c_p": 6.78, "k4_d_p": 61.02, "k4_e_p": 0.0, "k4_p": 18.644, "k5_a_p": 0.0, "k5_b_p": 0.0, "k5_p": 0.0, "k6_a_p": 0, "k6_b_p": 100.0, "k6_c_p": 0, "k6_p": 33.3333, "k7_a_p": 0, "k7_b_p": 100, "k7_p": 50, "k1_a": "50%", "k1_b": "50%", "k1_c": "Bangunan tidak sesuai persyaratan teknis ", "Bangunan": "50%", "k2_a": "Terjangkau pelayanan jalan lingkungan 25-50%", "k2_b": "Kondisi permukaan jalan lingkungan tidak rusak 25-50%", "Jalan": "Permasalahan Jalan 25-50%", "k3_a": "Tersedia akses aman air minum ", "k3_b": "Tidak terpenuhi kebutuhan air minum ", "Air_Minum": "Permasalahan Air Minum ", "k4_a": "Tidak mampu mengalirkan limpasan air ", "k4_b": "Tidak tersedia drainase 25-50%", "k4_c": "Tidak terhubung dengan drainase dalam kota ", "k4_d": "50%", "k4_e": "Konstruksi drainase baik ", "Drainase": "Permasalahan Drainase ", "k5_a": "Sistem pengelolaan air limbah tidak sesuai standar teknis ", "k5_b": "Prasarana dan sarana pengelolaan air limbah tidak sesuai dengan persyaratan teknis ", "Air_Limbah": "Permasalahan Air Limbah ", "k6_a": "Prasarana dan sarana persampahan tidak sesuai dengan persyaratan teknis ", "k6_b": "50%", "k6_c": "Sarana dan prasarana pengelolaan persampahan tidak terpelihara ", "Sampah": "Permasalahan Persampahan 25-50%", "k7_a": "Tidak tersedia prasarana proteksi kebakaran ", "k7_b": "50%", "Kebakaran": "50%", "Sumber": "Data SIM KOTAKU, download pada 281120", "city": "kebumen", "source_layer": "Profil Kumuh Basis", "role": "profil" }, "geometry": { "type": "Polygon", "coordinates": [ [ [ 109.510770424190753, -7.609640206486084 ], [ 109.510827916368939, -7.610096983529311 ], [ 109.511455838752539, -7.609983011914954 ], [ 109.511379481953398, -7.609601919109483 ], [ 109.510770424190753, -7.609640206486084 ] ] ] } },
{ "type": "Feature", "properties": { "FID": 113, "Id": 0, "Provinsi": "Jawa Tengah", "Kode_Prov": 33, "Kab_Kota": "Kebumen", "Kode_Kota": 3305, "Kecamatan": "Gombong", "Kode_Kec": 330501, "Kelurahan": "Wonokriyo", "Kode_Kel": 33050113, "basis": "RT003-RW008", "Kode_RTRW": "33050113-RT003-RW008", "k1_a_p": 100.0, "k1_b_p": 0, "k1_c_p": 17.65, "k1_p": 33.3333, "k2_a_p": 33.33, "k2_b_p": 16.67, "k2_p": 16.665, "k3_a_p": 15.0, "k3_b_p": 0.0, "k3_p": 0.0, "k4_a_p": 0.0, "k4_b_p": 63.64, "k4_c_p": 27.27, "k4_d_p": 20.0, "k4_e_p": 7.27, "k4_p": 18.182, "k5_a_p": 0.0, "k5_b_p": 5.0, "k5_p": 0.0, "k6_a_p": 0, "k6_b_p": 100.0, "k6_c_p": 0, "k6_p": 33.3333, "k7_a_p": 0, "k7_b_p": 100, "k7_p": 50, "k1_a": "50%", "k1_b": "Bangunan padat ", "k1_c": "Bangunan tidak sesuai persyaratan teknis ", "Bangunan": "Permasalahan Bangunan 25-50%", "k2_a": "Terjangkau pelayanan jalan lingkungan 25-50%", "k2_b": "Kondisi permukaan jalan lingkungan tidak rusak ", "Jalan": "Permasalahan Jalan ", "k3_a": "Tersedia akses aman air minum ", "k3_b": "Tidak terpenuhi kebutuhan air minum ", "Air_Minum": "Permasalahan Air Minum ", "k4_a": "Tidak mampu mengalirkan limpasan air ", "k4_b": "50%", "k4_c": "Tidak terhubung dengan drainase dalam kota 25-50%", "k4_d": "Drainase tidak terpelihara ", "k4_e": "Konstruksi drainase baik ", "Drainase": "Permasalahan Drainase ", "k5_a": "Sistem pengelolaan air limbah tidak sesuai standar teknis ", "k5_b": "Prasarana dan sarana pengelolaan air limbah tidak sesuai dengan persyaratan teknis ", "Air_Limbah": "Permasalahan Air Limbah ", "k6_a": "Prasarana dan sarana persampahan tidak sesuai dengan persyaratan teknis ", "k6_b": "50%", "k6_c": "Sarana dan prasarana pengelolaan persampahan tidak terpelihara ", "Sampah": "Permasalahan Persampahan 25-50%", "k7_a": "Tidak tersedia prasarana proteksi kebakaran ", "k7_b": "50%", "Kebakaran": "50%", "Sumber": "Data SIM KOTAKU, download pada 281120", "city": "kebumen", "source_layer": "Profil Kumuh Basis", "role": "profil" }, "geometry": { "type": "Polygon", "coordinates": [ [ [ 109.509811023467321, -7.615357452882997 ], [ 109.50979934536862, -7.615222113248348 ], [ 109.509875702167776, -7.615107252603829 ], [ 109.510047280387042, -7.615031569216587 ], [ 109.510161366428136, -7.614802738187977 ], [ 109.510256587848247, -7.614536510495091 ], [ 109.510180231049105, -7.614288980919899 ], [ 109.509666394706585, -7.614270282636827 ], [ 109.509652919977327, -7.615350329745397 ], [ 109.509811023467321, -7.615357452882997 ] ] ] } },
{ "type": "Feature", "properties": { "FID": 114, "Id": 0, "Provinsi": "Jawa Tengah", "Kode_Prov": 33, "Kab_Kota": "Kebumen", "Kode_Kota": 3305, "Kecamatan": "Gombong", "Kode_Kec": 330501, "Kelurahan": "Wonokriyo", "Kode_Kel": 33050113, "basis": "RT002-RW003", "Kode_RTRW": "33050113-RT002-RW003", "k1_a_p": 100.0, "k1_b_p": 0, "k1_c_p": 12.5, "k1_p": 33.3333, "k2_a_p": 32.79, "k2_b_p": 42.62, "k2_p": 37.705, "k3_a_p": 0.0, "k3_b_p": 0.0, "k3_p": 0.0, "k4_a_p": 0.0, "k4_b_p": 29.27, "k4_c_p": 14.63, "k4_d_p": 56.1, "k4_e_p": 21.95, "k4_p": 17.074, "k5_a_p": 12.24, "k5_b_p": 4.08, "k5_p": 0.0, "k6_a_p": 0, "k6_b_p": 0.0, "k6_c_p": 0, "k6_p": 0.0, "k7_a_p": 0, "k7_b_p": 100, "k7_p": 50, "k1_a": "50%", "k1_b": "Bangunan padat ", "k1_c": "Bangunan tidak sesuai persyaratan teknis ", "Bangunan": "Permasalahan Bangunan 25-50%", "k2_a": "Terjangkau pelayanan jalan lingkungan 25-50%", "k2_b": "Kondisi permukaan jalan lingkungan tidak rusak 25-50%", "Jalan": "Permasalahan Jalan 25-50%", "k3_a": "Tersedia akses aman air minum ", "k3_b": "Tidak terpenuhi kebutuhan air minum ", "Air_Minum": "Permasalahan Air Minum ", "k4_a": "Tidak mampu mengalirkan limpasan air ", "k4_b": "Tidak tersedia drainase 25-50%", "k4_c": "Tidak terhubung dengan drainase dalam kota ", "k4_d": "50%", "k4_e": "Konstruksi drainase baik ", "Drainase": "Permasalahan Drainase ", "k5_a": "Sistem pengelolaan air limbah tidak sesuai standar teknis ", "k5_b": "Prasarana dan sarana pengelolaan air limbah tidak sesuai dengan persyaratan teknis ", "Air_Limbah": "Permasalahan Air Limbah ", "k6_a": "Prasarana dan sarana persampahan tidak sesuai dengan persyaratan teknis ", "k6_b": "Sistem pengelolaan persampahan yang tidak sesuai standar teknis ", "k6_c": "Sarana dan prasarana pengelolaan persampahan tidak terpelihara ", "Sampah": "Permasalahan Persampahan ", "k7_a": "Tidak tersedia prasarana proteksi kebakaran ", "k7_b": "50%", "Kebakaran": "50%", "Sumber": "Data SIM KOTAKU, download pada 281120", "city": "kebumen", "source_layer": "Profil Kumuh Basis", "role": "profil" }, "geometry": { "type": "Polygon", "coordinates": [ [ [ 109.51098691817424, -7.611430805326888 ], [ 109.511056088451113, -7.611224232396125 ], [ 109.51092313778905, -7.611167246742538 ], [ 109.51092313778905, -7.610919715221872 ], [ 109.510732694948828, -7.610862729527815 ], [ 109.510256587848247, -7.610862729527815 ], [ 109.510256587848247, -7.611373819700757 ], [ 109.510374267150453, -7.611375600501686 ], [ 109.510544048739177, -7.611385394906678 ], [ 109.510546743685026, -7.611423682124038 ], [ 109.51098691817424, -7.611430805326888 ] ] ] } },
{ "type": "Feature", "properties": { "FID": 115, "Id": 0, "Provinsi": "Jawa Tengah", "Kode_Prov": 33, "Kab_Kota": "Kebumen", "Kode_Kota": 3305, "Kecamatan": "Gombong", "Kode_Kec": 330501, "Kelurahan": "Wonokriyo", "Kode_Kel": 33050113, "basis": "RT001-RW008", "Kode_RTRW": "33050113-RT001-RW008", "k1_a_p": 60.0, "k1_b_p": 100, "k1_c_p": 20.0, "k1_p": 53.3333, "k2_a_p": 15.58, "k2_b_p": 49.35, "k2_p": 24.675, "k3_a_p": 20.0, "k3_b_p": 10.0, "k3_p": 0.0, "k4_a_p": 0.0, "k4_b_p": 50.0, "k4_c_p": 25.0, "k4_d_p": 25.0, "k4_e_p": 10.0, "k4_p": 20.0, "k5_a_p": 10.0, "k5_b_p": 20.0, "k5_p": 0.0, "k6_a_p": 0, "k6_b_p": 56.67, "k6_c_p": 0, "k6_p": 18.89, "k7_a_p": 0, "k7_b_p": 0, "k7_p": 0, "k1_a": "50%", "k1_b": "50%", "k1_c": "Bangunan tidak sesuai persyaratan teknis ", "Bangunan": "50%", "k2_a": "Terjangkau pelayanan jalan lingkungan ", "k2_b": "Kondisi permukaan jalan lingkungan tidak rusak 25-50%", "Jalan": "Permasalahan Jalan ", "k3_a": "Tersedia akses aman air minum ", "k3_b": "Tidak terpenuhi kebutuhan air minum ", "Air_Minum": "Permasalahan Air Minum ", "k4_a": "Tidak mampu mengalirkan limpasan air ", "k4_b": "50%", "k4_c": "Tidak terhubung dengan drainase dalam kota 25-50%", "k4_d": "Drainase tidak terpelihara 25-50%", "k4_e": "Konstruksi drainase baik ", "Drainase": "Permasalahan Drainase ", "k5_a": "Sistem pengelolaan air limbah tidak sesuai standar teknis ", "k5_b": "Prasarana dan sarana pengelolaan air limbah tidak sesuai dengan persyaratan teknis ", "Air_Limbah": "Permasalahan Air Limbah ", "k6_a": "Prasarana dan sarana persampahan tidak sesuai dengan persyaratan teknis ", "k6_b": "50%", "k6_c": "Sarana dan prasarana pengelolaan persampahan tidak terpelihara ", "Sampah": "Permasalahan Persampahan ", "k7_a": "Tidak tersedia prasarana proteksi kebakaran ", "k7_b": "Tidak tersedia sarana proteksi kebakaran ", "Kebakaran": "Permasalahan Proteksi Kebakaran ", "Sumber": "Data SIM KOTAKU, download pada 281120", "city": "kebumen", "source_layer": "Profil Kumuh Basis", "role": "profil" }, "geometry": { "type": "Polygon", "coordinates": [ [ [ 109.509811023467321, -7.615357452882997 ], [ 109.509652919977327, -7.615350329745397 ], [ 109.509647530085601, -7.615811552660634 ], [ 109.50998978820887, -7.615849839482635 ], [ 109.510009551145117, -7.615583612440243 ], [ 109.509819108304882, -7.615450053661024 ], [ 109.509811023467321, -7.615357452882997 ] ] ] } },
{ "type": "Feature", "properties": { "FID": 116, "Id": 0, "Provinsi": "Jawa Tengah", "Kode_Prov": 33, "Kab_Kota": "Kebumen", "Kode_Kota": 3305, "Kecamatan": "Gombong", "Kode_Kec": 330501, "Kelurahan": "Wonokriyo", "Kode_Kel": 33050113, "basis": "RT002-RW008", "Kode_RTRW": "33050113-RT002-RW008", "k1_a_p": 64.29, "k1_b_p": 0, "k1_c_p": 7.14, "k1_p": 21.43, "k2_a_p": 0.0, "k2_b_p": 73.68, "k2_p": 36.84, "k3_a_p": 25.0, "k3_b_p": 0.0, "k3_p": 12.5, "k4_a_p": 0.0, "k4_b_p": 66.67, "k4_c_p": 33.33, "k4_d_p": 33.33, "k4_e_p": 6.67, "k4_p": 26.666, "k5_a_p": 2.5, "k5_b_p": 12.5, "k5_p": 0.0, "k6_a_p": 0, "k6_b_p": 95.0, "k6_c_p": 0, "k6_p": 31.6667, "k7_a_p": 0, "k7_b_p": 0, "k7_p": 0, "k1_a": "50%", "k1_b": "Bangunan padat ", "k1_c": "Bangunan tidak sesuai persyaratan teknis ", "Bangunan": "Permasalahan Bangunan ", "k2_a": "Terjangkau pelayanan jalan lingkungan ", "k2_b": "50%", "Jalan": "Permasalahan Jalan 25-50%", "k3_a": "Tersedia akses aman air minum 25-50%", "k3_b": "Tidak terpenuhi kebutuhan air minum ", "Air_Minum": "Permasalahan Air Minum ", "k4_a": "Tidak mampu mengalirkan limpasan air ", "k4_b": "50%", "k4_c": "Tidak terhubung dengan drainase dalam kota 25-50%", "k4_d": "Drainase tidak terpelihara 25-50%", "k4_e": "Konstruksi drainase baik ", "Drainase": "Permasalahan Drainase 25-50%", "k5_a": "Sistem pengelolaan air limbah tidak sesuai standar teknis ", "k5_b": "Prasarana dan sarana pengelolaan air limbah tidak sesuai dengan persyaratan teknis ", "Air_Limbah": "Permasalahan Air Limbah ", "k6_a": "Prasarana dan sarana persampahan tidak sesuai dengan persyaratan teknis ", "k6_b": "50%", "k6_c": "Sarana dan prasarana pengelolaan persampahan tidak terpelihara ", "Sampah": "Permasalahan Persampahan 25-50%", "k7_a": "Tidak tersedia prasarana proteksi kebakaran ", "k7_b": "Tidak tersedia sarana proteksi kebakaran ", "Kebakaran": "Permasalahan Proteksi Kebakaran ", "Sumber": "Data SIM KOTAKU, download pada 281120", "city": "kebumen", "source_layer": "Profil Kumuh Basis", "role": "profil" }, "geometry": { "type": "Polygon", "coordinates": [ [ [ 109.509652919977327, -7.615350329745397 ], [ 109.509665496391293, -7.614354870101358 ], [ 109.509666394706585, -7.614270282636827 ], [ 109.509467867028789, -7.614268501847921 ], [ 109.509349289411276, -7.615337864254312 ], [ 109.509552308665491, -7.615346768176552 ], [ 109.509652919977327, -7.615350329745397 ] ] ] } },
{ "type": "Feature", "properties": { "FID": 117, "Id": 0, "Provinsi": "Jawa Tengah", "Kode_Prov": 33, "Kab_Kota": "Kebumen", "Kode_Kota": 3305, "Kecamatan": "Gombong", "Kode_Kec": 330501, "Kelurahan": "Wonokriyo", "Kode_Kel": 33050113, "basis": "RT003-RW003", "Kode_RTRW": "33050113-RT003-RW003", "k1_a_p": 100.0, "k1_b_p": 100, "k1_c_p": 6.25, "k1_p": 66.6667, "k2_a_p": 28.07, "k2_b_p": 26.32, "k2_p": 27.195, "k3_a_p": 0.0, "k3_b_p": 0.0, "k3_p": 0.0, "k4_a_p": 0.0, "k4_b_p": 55.17, "k4_c_p": 10.34, "k4_d_p": 34.48, "k4_e_p": 12.93, "k4_p": 17.93, "k5_a_p": 9.38, "k5_b_p": 0.0, "k5_p": 0.0, "k6_a_p": 0, "k6_b_p": 87.5, "k6_c_p": 0, "k6_p": 29.1667, "k7_a_p": 0, "k7_b_p": 100, "k7_p": 50, "k1_a": "50%", "k1_b": "50%", "k1_c": "Bangunan tidak sesuai persyaratan teknis ", "Bangunan": "50%", "k2_a": "Terjangkau pelayanan jalan lingkungan 25-50%", "k2_b": "Kondisi permukaan jalan lingkungan tidak rusak 25-50%", "Jalan": "Permasalahan Jalan 25-50%", "k3_a": "Tersedia akses aman air minum ", "k3_b": "Tidak terpenuhi kebutuhan air minum ", "Air_Minum": "Permasalahan Air Minum ", "k4_a": "Tidak mampu mengalirkan limpasan air ", "k4_b": "50%", "k4_c": "Tidak terhubung dengan drainase dalam kota ", "k4_d": "Drainase tidak terpelihara 25-50%", "k4_e": "Konstruksi drainase baik ", "Drainase": "Permasalahan Drainase ", "k5_a": "Sistem pengelolaan air limbah tidak sesuai standar teknis ", "k5_b": "Prasarana dan sarana pengelolaan air limbah tidak sesuai dengan persyaratan teknis ", "Air_Limbah": "Permasalahan Air Limbah ", "k6_a": "Prasarana dan sarana persampahan tidak sesuai dengan persyaratan teknis ", "k6_b": "50%", "k6_c": "Sarana dan prasarana pengelolaan persampahan tidak terpelihara ", "Sampah": "Permasalahan Persampahan 25-50%", "k7_a": "Tidak tersedia prasarana proteksi kebakaran ", "k7_b": "50%", "Kebakaran": "50%", "Sumber": "Data SIM KOTAKU, download pada 281120", "city": "kebumen", "source_layer": "Profil Kumuh Basis", "role": "profil" }, "geometry": { "type": "Polygon", "coordinates": [ [ [ 109.510341029484962, -7.611786965318618 ], [ 109.510370673889312, -7.611585734959647 ], [ 109.510503624551376, -7.611490462146131 ], [ 109.510979731651958, -7.611453065335041 ], [ 109.51098691817424, -7.611430805326888 ], [ 109.510546743685026, -7.611423682124038 ], [ 109.510544048739177, -7.611385394906678 ], [ 109.510374267150453, -7.611375600501686 ], [ 109.510256587848247, -7.611373819700757 ], [ 109.510256587848247, -7.611585734959647 ], [ 109.510009551145117, -7.611585734959647 ], [ 109.509987093263021, -7.611794978915027 ], [ 109.510341029484962, -7.611786965318618 ] ] ] } },
{ "type": "Feature", "properties": { "FID": 118, "Id": 0, "Provinsi": "Jawa Tengah", "Kode_Prov": 33, "Kab_Kota": "Kebumen", "Kode_Kota": 3305, "Kecamatan": "Gombong", "Kode_Kec": 330501, "Kelurahan": "Wonokriyo", "Kode_Kel": 33050113, "basis": "RT004-RW003", "Kode_RTRW": "33050113-RT004-RW003", "k1_a_p": 100.0, "k1_b_p": 100, "k1_c_p": 0.0, "k1_p": 66.6667, "k2_a_p": 28.42, "k2_b_p": 32.63, "k2_p": 30.525, "k3_a_p": 0.0, "k3_b_p": 0.0, "k3_p": 0.0, "k4_a_p": 0.0, "k4_b_p": 63.38, "k4_c_p": 15.85, "k4_d_p": 20.77, "k4_e_p": 0.0, "k4_p": 12.676, "k5_a_p": 4.0, "k5_b_p": 4.0, "k5_p": 0.0, "k6_a_p": 0, "k6_b_p": 40.0, "k6_c_p": 0, "k6_p": 13.3333, "k7_a_p": 0, "k7_b_p": 100, "k7_p": 50, "k1_a": "50%", "k1_b": "50%", "k1_c": "Bangunan tidak sesuai persyaratan teknis ", "Bangunan": "50%", "k2_a": "Terjangkau pelayanan jalan lingkungan 25-50%", "k2_b": "Kondisi permukaan jalan lingkungan tidak rusak 25-50%", "Jalan": "Permasalahan Jalan 25-50%", "k3_a": "Tersedia akses aman air minum ", "k3_b": "Tidak terpenuhi kebutuhan air minum ", "Air_Minum": "Permasalahan Air Minum ", "k4_a": "Tidak mampu mengalirkan limpasan air ", "k4_b": "50%", "k4_c": "Tidak terhubung dengan drainase dalam kota ", "k4_d": "Drainase tidak terpelihara ", "k4_e": "Konstruksi drainase baik ", "Drainase": "Permasalahan Drainase ", "k5_a": "Sistem pengelolaan air limbah tidak sesuai standar teknis ", "k5_b": "Prasarana dan sarana pengelolaan air limbah tidak sesuai dengan persyaratan teknis ", "Air_Limbah": "Permasalahan Air Limbah ", "k6_a": "Prasarana dan sarana persampahan tidak sesuai dengan persyaratan teknis ", "k6_b": "Sistem pengelolaan persampahan yang tidak sesuai standar teknis 25-50%", "k6_c": "Sarana dan prasarana pengelolaan persampahan tidak terpelihara ", "Sampah": "Permasalahan Persampahan ", "k7_a": "Tidak tersedia prasarana proteksi kebakaran ", "k7_b": "50%", "Kebakaran": "50%", "Sumber": "Data SIM KOTAKU, download pada 281120", "city": "kebumen", "source_layer": "Profil Kumuh Basis", "role": "profil" }, "geometry": { "type": "Polygon", "coordinates": [ [ [ 109.509987093263021, -7.611794978915027 ], [ 109.5099709235879, -7.61194723721837 ], [ 109.5099709235879, -7.612157371396159 ], [ 109.510294317090171, -7.612157371396159 ], [ 109.510314080026433, -7.611966826002009 ], [ 109.510341029484962, -7.611786965318618 ], [ 109.509987093263021, -7.611794978915027 ] ] ] } },
{ "type": "Feature", "properties": { "FID": 119, "Id": 0, "Provinsi": "Jawa Tengah", "Kode_Prov": 33, "Kab_Kota": "Kebumen", "Kode_Kota": 3305, "Kecamatan": "Gombong", "Kode_Kec": 330501, "Kelurahan": "Wonokriyo", "Kode_Kel": 33050113, "basis": "RT005-RW004", "Kode_RTRW": "33050113-RT005-RW004", "k1_a_p": 100.0, "k1_b_p": 100, "k1_c_p": 0.0, "k1_p": 66.6667, "k2_a_p": 21.57, "k2_b_p": 29.41, "k2_p": 14.705, "k3_a_p": 0.0, "k3_b_p": 0.0, "k3_p": 0.0, "k4_a_p": 0.0, "k4_b_p": 56.52, "k4_c_p": 8.7, "k4_d_p": 34.78, "k4_e_p": 8.7, "k4_p": 18.26, "k5_a_p": 0.0, "k5_b_p": 0.0, "k5_p": 0.0, "k6_a_p": 0, "k6_b_p": 97.3, "k6_c_p": 0, "k6_p": 32.4333, "k7_a_p": 0, "k7_b_p": 100, "k7_p": 50, "k1_a": "50%", "k1_b": "50%", "k1_c": "Bangunan tidak sesuai persyaratan teknis ", "Bangunan": "50%", "k2_a": "Terjangkau pelayanan jalan lingkungan ", "k2_b": "Kondisi permukaan jalan lingkungan tidak rusak 25-50%", "Jalan": "Permasalahan Jalan ", "k3_a": "Tersedia akses aman air minum ", "k3_b": "Tidak terpenuhi kebutuhan air minum ", "Air_Minum": "Permasalahan Air Minum ", "k4_a": "Tidak mampu mengalirkan limpasan air ", "k4_b": "50%", "k4_c": "Tidak terhubung dengan drainase dalam kota ", "k4_d": "Drainase tidak terpelihara 25-50%", "k4_e": "Konstruksi drainase baik ", "Drainase": "Permasalahan Drainase ", "k5_a": "Sistem pengelolaan air limbah tidak sesuai standar teknis ", "k5_b": "Prasarana dan sarana pengelolaan air limbah tidak sesuai dengan persyaratan teknis ", "Air_Limbah": "Permasalahan Air Limbah ", "k6_a": "Prasarana dan sarana persampahan tidak sesuai dengan persyaratan teknis ", "k6_b": "50%", "k6_c": "Sarana dan prasarana pengelolaan persampahan tidak terpelihara ", "Sampah": "Permasalahan Persampahan 25-50%", "k7_a": "Tidak tersedia prasarana proteksi kebakaran ", "k7_b": "50%", "Kebakaran": "50%", "Sumber": "Data SIM KOTAKU, download pada 281120", "city": "kebumen", "source_layer": "Profil Kumuh Basis", "role": "profil" }, "geometry": { "type": "Polygon", "coordinates": [ [ [ 109.511455838752539, -7.609983011914954 ], [ 109.511439669077419, -7.609985683125013 ], [ 109.511501652832024, -7.610170886981808 ], [ 109.511598670882719, -7.610146846101068 ], [ 109.511632806863517, -7.610234995990522 ], [ 109.511790012038233, -7.6101824622202 ], [ 109.511719943446082, -7.609820068069946 ], [ 109.511900504818186, -7.609797807977023 ], [ 109.511889725034791, -7.609541371623231 ], [ 109.511428889294024, -7.609602809513627 ], [ 109.511381278583954, -7.609612603959109 ], [ 109.511455838752539, -7.609983011914954 ] ] ] } },
{ "type": "Feature", "properties": { "FID": 120, "Id": 0, "Provinsi": "Jawa Tengah", "Kode_Prov": 33, "Kab_Kota": "Kebumen", "Kode_Kota": 3305, "Kecamatan": "Gombong", "Kode_Kec": 330501, "Kelurahan": "Wonokriyo", "Kode_Kel": 33050113, "basis": "RT001-RW009", "Kode_RTRW": "33050113-RT001-RW009", "k1_a_p": 96.97, "k1_b_p": 0, "k1_c_p": 36.36, "k1_p": 44.4433, "k2_a_p": 0.0, "k2_b_p": 33.33, "k2_p": 16.665, "k3_a_p": 18.18, "k3_b_p": 48.48, "k3_p": 24.24, "k4_a_p": 0.0, "k4_b_p": 44.44, "k4_c_p": 22.22, "k4_d_p": 55.56, "k4_e_p": 22.22, "k4_p": 20.0, "k5_a_p": 0.0, "k5_b_p": 27.27, "k5_p": 13.635, "k6_a_p": 0, "k6_b_p": 87.88, "k6_c_p": 0, "k6_p": 29.2933, "k7_a_p": 0, "k7_b_p": 0, "k7_p": 0, "k1_a": "50%", "k1_b": "Bangunan padat ", "k1_c": "Bangunan tidak sesuai persyaratan teknis 25-50%", "Bangunan": "Permasalahan Bangunan 25-50%", "k2_a": "Terjangkau pelayanan jalan lingkungan ", "k2_b": "Kondisi permukaan jalan lingkungan tidak rusak 25-50%", "Jalan": "Permasalahan Jalan ", "k3_a": "Tersedia akses aman air minum ", "k3_b": "Tidak terpenuhi kebutuhan air minum 25-50%", "Air_Minum": "Permasalahan Air Minum ", "k4_a": "Tidak mampu mengalirkan limpasan air ", "k4_b": "Tidak tersedia drainase 25-50%", "k4_c": "Tidak terhubung dengan drainase dalam kota ", "k4_d": "50%", "k4_e": "Konstruksi drainase baik ", "Drainase": "Permasalahan Drainase ", "k5_a": "Sistem pengelolaan air limbah tidak sesuai standar teknis ", "k5_b": "Prasarana dan sarana pengelolaan air limbah tidak sesuai dengan persyaratan teknis 25-50%", "Air_Limbah": "Permasalahan Air Limbah ", "k6_a": "Prasarana dan sarana persampahan tidak sesuai dengan persyaratan teknis ", "k6_b": "50%", "k6_c": "Sarana dan prasarana pengelolaan persampahan tidak terpelihara ", "Sampah": "Permasalahan Persampahan 25-50%", "k7_a": "Tidak tersedia prasarana proteksi kebakaran ", "k7_b": "Tidak tersedia sarana proteksi kebakaran ", "Kebakaran": "Permasalahan Proteksi Kebakaran ", "Sumber": "Data SIM KOTAKU, download pada 281120", "city": "kebumen", "source_layer": "Profil Kumuh Basis", "role": "profil" }, "geometry": { "type": "Polygon", "coordinates": [ [ [ 109.511291447055541, -7.615634364765436 ], [ 109.511298633577823, -7.615483888555698 ], [ 109.510644660050986, -7.615475875028253 ], [ 109.510579083035239, -7.615476765420198 ], [ 109.510265571001085, -7.616100039328228 ], [ 109.511228564985657, -7.616242501808488 ], [ 109.511291447055541, -7.615634364765436 ] ] ] } },
{ "type": "Feature", "properties": { "FID": 121, "Id": 0, "Provinsi": "Jawa Tengah", "Kode_Prov": 33, "Kab_Kota": "Kebumen", "Kode_Kota": 3305, "Kecamatan": "Gombong", "Kode_Kec": 330501, "Kelurahan": "Wonokriyo", "Kode_Kel": 33050113, "basis": "RT003-RW002", "Kode_RTRW": "33050113-RT003-RW002", "k1_a_p": 100.0, "k1_b_p": 100, "k1_c_p": 54.69, "k1_p": 84.8967, "k2_a_p": 19.19, "k2_b_p": 50.51, "k2_p": 25.255, "k3_a_p": 4.41, "k3_b_p": 0.0, "k3_p": 0.0, "k4_a_p": 0.0, "k4_b_p": 50.0, "k4_c_p": 25.0, "k4_d_p": 37.5, "k4_e_p": 0.0, "k4_p": 22.5, "k5_a_p": 94.12, "k5_b_p": 97.06, "k5_p": 95.59, "k6_a_p": 0, "k6_b_p": 100.0, "k6_c_p": 0, "k6_p": 33.3333, "k7_a_p": 0, "k7_b_p": 0, "k7_p": 0, "k1_a": "50%", "k1_b": "50%", "k1_c": "50%", "Bangunan": "50%", "k2_a": "Terjangkau pelayanan jalan lingkungan ", "k2_b": "50%", "Jalan": "Permasalahan Jalan 25-50%", "k3_a": "Tersedia akses aman air minum ", "k3_b": "Tidak terpenuhi kebutuhan air minum ", "Air_Minum": "Permasalahan Air Minum ", "k4_a": "Tidak mampu mengalirkan limpasan air ", "k4_b": "50%", "k4_c": "Tidak terhubung dengan drainase dalam kota 25-50%", "k4_d": "Drainase tidak terpelihara 25-50%", "k4_e": "Konstruksi drainase baik ", "Drainase": "Permasalahan Drainase ", "k5_a": "50%", "k5_b": "50%", "Air_Limbah": "50%", "k6_a": "Prasarana dan sarana persampahan tidak sesuai dengan persyaratan teknis ", "k6_b": "50%", "k6_c": "Sarana dan prasarana pengelolaan persampahan tidak terpelihara ", "Sampah": "Permasalahan Persampahan 25-50%", "k7_a": "Tidak tersedia prasarana proteksi kebakaran ", "k7_b": "Tidak tersedia sarana proteksi kebakaran ", "Kebakaran": "Permasalahan Proteksi Kebakaran ", "Sumber": "Data SIM KOTAKU, download pada 281120", "city": "kebumen", "source_layer": "Profil Kumuh Basis", "role": "profil" }, "geometry": { "type": "Polygon", "coordinates": [ [ [ 109.51147380505823, -7.614015629748094 ], [ 109.511639993385785, -7.613218725499872 ], [ 109.511151309871224, -7.613110987493404 ], [ 109.511004884479931, -7.613813510039896 ], [ 109.51147380505823, -7.614015629748094 ] ] ] } },
{ "type": "Feature", "properties": { "FID": 122, "Id": 0, "Provinsi": "Jawa Tengah", "Kode_Prov": 33, "Kab_Kota": "Kebumen", "Kode_Kota": 3305, "Kecamatan": "Karanganyar", "Kode_Kec": 330502, "Kelurahan": "Wonorejo", "Kode_Kel": 33050211, "basis": "RT001-RW006", "Kode_RTRW": "33050211-RT001-RW006", "k1_a_p": 0.0, "k1_b_p": 0, "k1_c_p": 30.56, "k1_p": 10.1867, "k2_a_p": 0.0, "k2_b_p": 81.25, "k2_p": 40.625, "k3_a_p": 0.0, "k3_b_p": 27.5, "k3_p": 13.75, "k4_a_p": 20.63, "k4_b_p": 20.0, "k4_c_p": 6.67, "k4_d_p": 80.0, "k4_e_p": 80.0, "k4_p": 32.0, "k5_a_p": 17.5, "k5_b_p": 20.0, "k5_p": 0.0, "k6_a_p": 100, "k6_b_p": 100.0, "k6_c_p": 100, "k6_p": 100.0, "k7_a_p": 100, "k7_b_p": 100, "k7_p": 100, "k1_a": "Bangunan tidak teratur  ", "k1_b": "Bangunan padat ", "k1_c": "Bangunan tidak sesuai persyaratan teknis 25-50%", "Bangunan": "Permasalahan Bangunan ", "k2_a": "Terjangkau pelayanan jalan lingkungan ", "k2_b": "50%", "Jalan": "Permasalahan Jalan 25-50%", "k3_a": "Tersedia akses aman air minum ", "k3_b": "Tidak terpenuhi kebutuhan air minum 25-50%", "Air_Minum": "Permasalahan Air Minum ", "k4_a": "Tidak mampu mengalirkan limpasan air ", "k4_b": "Tidak tersedia drainase ", "k4_c": "Tidak terhubung dengan drainase dalam kota ", "k4_d": "50%", "k4_e": "50%", "Drainase": "Permasalahan Drainase 25-50%", "k5_a": "Sistem pengelolaan air limbah tidak sesuai standar teknis ", "k5_b": "Prasarana dan sarana pengelolaan air limbah tidak sesuai dengan persyaratan teknis ", "Air_Limbah": "Permasalahan Air Limbah ", "k6_a": "50%", "k6_b": "50%", "k6_c": "50%", "Sampah": "50%", "k7_a": "50%", "k7_b": "50%", "Kebakaran": "50%", "Sumber": "Data SIM KOTAKU, download pada 281120", "city": "kebumen", "source_layer": "Profil Kumuh Basis", "role": "profil" }, "geometry": { "type": "Polygon", "coordinates": [ [ [ 109.573232082526161, -7.607843367314532 ], [ 109.573082962189005, -7.608229804124536 ], [ 109.572933841851835, -7.608646514395891 ], [ 109.572874553043079, -7.609181648146308 ], [ 109.572815264234322, -7.609687397899049 ], [ 109.572933841851835, -7.610193147055363 ], [ 109.573736935715829, -7.610193147055363 ], [ 109.574064820794547, -7.610015066434554 ], [ 109.574064820794547, -7.609747054960838 ], [ 109.573915700457377, -7.609538700410407 ], [ 109.573291371334918, -7.609360619517838 ], [ 109.573321015739296, -7.609032950482316 ], [ 109.57349978048083, -7.608438159310818 ], [ 109.573559069289587, -7.608171037258824 ], [ 109.573232082526161, -7.607843367314532 ] ] ] } },
{ "type": "Feature", "properties": { "FID": 123, "Id": 0, "Provinsi": "Jawa Tengah", "Kode_Prov": 33, "Kab_Kota": "Kebumen", "Kode_Kota": 3305, "Kecamatan": "Karanganyar", "Kode_Kec": 330502, "Kelurahan": "Wonorejo", "Kode_Kel": 33050211, "basis": "RT001-RW006", "Kode_RTRW": "33050211-RT001-RW006", "k1_a_p": 0.0, "k1_b_p": 0, "k1_c_p": 30.56, "k1_p": 10.1867, "k2_a_p": 0.0, "k2_b_p": 81.25, "k2_p": 40.625, "k3_a_p": 0.0, "k3_b_p": 27.5, "k3_p": 13.75, "k4_a_p": 20.63, "k4_b_p": 20.0, "k4_c_p": 6.67, "k4_d_p": 80.0, "k4_e_p": 80.0, "k4_p": 32.0, "k5_a_p": 17.5, "k5_b_p": 20.0, "k5_p": 0.0, "k6_a_p": 100, "k6_b_p": 100.0, "k6_c_p": 100, "k6_p": 100.0, "k7_a_p": 100, "k7_b_p": 100, "k7_p": 100, "k1_a": "Bangunan tidak teratur  ", "k1_b": "Bangunan padat ", "k1_c": "Bangunan tidak sesuai persyaratan teknis 25-50%", "Bangunan": "Permasalahan Bangunan ", "k2_a": "Terjangkau pelayanan jalan lingkungan ", "k2_b": "50%", "Jalan": "Permasalahan Jalan 25-50%", "k3_a": "Tersedia akses aman air minum ", "k3_b": "Tidak terpenuhi kebutuhan air minum 25-50%", "Air_Minum": "Permasalahan Air Minum ", "k4_a": "Tidak mampu mengalirkan limpasan air ", "k4_b": "Tidak tersedia drainase ", "k4_c": "Tidak terhubung dengan drainase dalam kota ", "k4_d": "50%", "k4_e": "50%", "Drainase": "Permasalahan Drainase 25-50%", "k5_a": "Sistem pengelolaan air limbah tidak sesuai standar teknis ", "k5_b": "Prasarana dan sarana pengelolaan air limbah tidak sesuai dengan persyaratan teknis ", "Air_Limbah": "Permasalahan Air Limbah ", "k6_a": "50%", "k6_b": "50%", "k6_c": "50%", "Sampah": "50%", "k7_a": "50%", "k7_b": "50%", "Kebakaran": "50%", "Sumber": "Data SIM KOTAKU, download pada 281120", "city": "kebumen", "source_layer": "Profil Kumuh Basis", "role": "profil" }, "geometry": { "type": "Polygon", "coordinates": [ [ [ 109.57248827747091, -7.610461158250282 ], [ 109.572012170370328, -7.610787935792871 ], [ 109.572012170370328, -7.611144986719548 ], [ 109.572250223920605, -7.611382723705341 ], [ 109.572250223920605, -7.611621350959265 ], [ 109.572399344257775, -7.611799430912969 ], [ 109.572636499492788, -7.611799430912969 ], [ 109.572815264234322, -7.611531420554537 ], [ 109.572755975425579, -7.611382723705341 ], [ 109.572667042212444, -7.611234026804572 ], [ 109.572755975425579, -7.611025672976628 ], [ 109.572606855088424, -7.610787935792871 ], [ 109.57248827747091, -7.610461158250282 ] ] ] } },
{ "type": "Feature", "properties": { "FID": 124, "Id": 0, "Provinsi": "Jawa Tengah", "Kode_Prov": 33, "Kab_Kota": "Kebumen", "Kode_Kota": 3305, "Kecamatan": "Karanganyar", "Kode_Kec": 330502, "Kelurahan": "Wonorejo", "Kode_Kel": 33050211, "basis": "RT002-RW005", "Kode_RTRW": "33050211-RT002-RW005", "k1_a_p": 0.0, "k1_b_p": 0, "k1_c_p": 100.0, "k1_p": 33.3333, "k2_a_p": 0.0, "k2_b_p": 100.0, "k2_p": 50.0, "k3_a_p": 94.12, "k3_b_p": 70.59, "k3_p": 82.355, "k4_a_p": -17.65, "k4_b_p": 40.0, "k4_c_p": 20.0, "k4_d_p": 60.0, "k4_e_p": 50.0, "k4_p": 30.0, "k5_a_p": 0.0, "k5_b_p": 26.47, "k5_p": 13.235, "k6_a_p": 100, "k6_b_p": 100.0, "k6_c_p": 100, "k6_p": 100.0, "k7_a_p": 100, "k7_b_p": 100, "k7_p": 100, "k1_a": "Bangunan tidak teratur  ", "k1_b": "Bangunan padat ", "k1_c": "50%", "Bangunan": "Permasalahan Bangunan 25-50%", "k2_a": "Terjangkau pelayanan jalan lingkungan ", "k2_b": "50%", "Jalan": "75%", "k3_a": "50%", "k3_b": "50%", "Air_Minum": "50%", "k4_a": "Tidak mampu mengalirkan limpasan air ", "k4_b": "Tidak tersedia drainase 25-50%", "k4_c": "Tidak terhubung dengan drainase dalam kota ", "k4_d": "50%", "k4_e": "50%", "Drainase": "Permasalahan Drainase 25-50%", "k5_a": "Sistem pengelolaan air limbah tidak sesuai standar teknis ", "k5_b": "Prasarana dan sarana pengelolaan air limbah tidak sesuai dengan persyaratan teknis 25-50%", "Air_Limbah": "Permasalahan Air Limbah ", "k6_a": "50%", "k6_b": "50%", "k6_c": "50%", "Sampah": "50%", "k7_a": "50%", "k7_b": "50%", "Kebakaran": "50%", "Sumber": "Data SIM KOTAKU, download pada 281120", "city": "kebumen", "source_layer": "Profil Kumuh Basis", "role": "profil" }, "geometry": { "type": "Polygon", "coordinates": [ [ [ 109.572368801538133, -7.612067441103865 ], [ 109.572161290707484, -7.612274904026957 ], [ 109.572071459179071, -7.612721883889191 ], [ 109.572190935111863, -7.612929346495573 ], [ 109.572279868324998, -7.613048659708705 ], [ 109.572428988662168, -7.612899963385751 ], [ 109.572428988662168, -7.612691610367419 ], [ 109.57248827747091, -7.61245387410742 ], [ 109.572636499492788, -7.612602570585109 ], [ 109.572636499492788, -7.612780650131234 ], [ 109.572933841851835, -7.613316669118614 ], [ 109.572904197447457, -7.613703100996048 ], [ 109.57299402897587, -7.613911453522732 ], [ 109.573171895402112, -7.614119805948136 ], [ 109.57349978048083, -7.614149188974338 ], [ 109.573707291311479, -7.614119805948136 ], [ 109.573707291311479, -7.613970219601689 ], [ 109.573648002502708, -7.613672827543573 ], [ 109.573380304548039, -7.613435091827753 ], [ 109.573380304548039, -7.613078042808336 ], [ 109.573201539806504, -7.612929346495573 ], [ 109.573171895402112, -7.612691610367419 ], [ 109.573469237761174, -7.612751267011219 ], [ 109.573767478435499, -7.612602570585109 ], [ 109.573648002502708, -7.612364834275732 ], [ 109.573529424885209, -7.612334560728749 ], [ 109.573409948952417, -7.61245387410742 ], [ 109.573201539806504, -7.61245387410742 ], [ 109.573171895402112, -7.612245520872278 ], [ 109.572874553043079, -7.612216137715585 ], [ 109.572755975425579, -7.612334560728749 ], [ 109.572458633066532, -7.612364834275732 ], [ 109.572368801538133, -7.612067441103865 ] ] ] } },
{ "type": "Feature", "properties": { "FID": 125, "Id": 0, "Provinsi": "Jawa Tengah", "Kode_Prov": 33, "Kab_Kota": "Kebumen", "Kode_Kota": 3305, "Kecamatan": "Karanganyar", "Kode_Kec": 330502, "Kelurahan": "Wonorejo", "Kode_Kel": 33050211, "basis": "RT003-RW003", "Kode_RTRW": "33050211-RT003-RW003", "k1_a_p": 0.0, "k1_b_p": 0, "k1_c_p": 20.83, "k1_p": 0.0, "k2_a_p": 0.0, "k2_b_p": 78.57, "k2_p": 39.285, "k3_a_p": 22.22, "k3_b_p": 51.85, "k3_p": 25.925, "k4_a_p": 26.11, "k4_b_p": 42.86, "k4_c_p": 14.29, "k4_d_p": 57.14, "k4_e_p": 42.86, "k4_p": 33.794, "k5_a_p": 25.93, "k5_b_p": 18.52, "k5_p": 12.965, "k6_a_p": 100, "k6_b_p": 100.0, "k6_c_p": 100, "k6_p": 100.0, "k7_a_p": 100, "k7_b_p": 100, "k7_p": 100, "k1_a": "Bangunan tidak teratur  ", "k1_b": "Bangunan padat ", "k1_c": "Bangunan tidak sesuai persyaratan teknis ", "Bangunan": "Permasalahan Bangunan ", "k2_a": "Terjangkau pelayanan jalan lingkungan ", "k2_b": "50%", "Jalan": "Permasalahan Jalan 25-50%", "k3_a": "Tersedia akses aman air minum ", "k3_b": "50%", "Air_Minum": "Permasalahan Air Minum 25-50%", "k4_a": "Tidak mampu mengalirkan limpasan air 25-50%", "k4_b": "Tidak tersedia drainase 25-50%", "k4_c": "Tidak terhubung dengan drainase dalam kota ", "k4_d": "50%", "k4_e": "Konstruksi drainase baik 25-50%", "Drainase": "Permasalahan Drainase 25-50%", "k5_a": "Sistem pengelolaan air limbah tidak sesuai standar teknis 25-50%", "k5_b": "Prasarana dan sarana pengelolaan air limbah tidak sesuai dengan persyaratan teknis ", "Air_Limbah": "Permasalahan Air Limbah ", "k6_a": "50%", "k6_b": "50%", "k6_c": "50%", "Sampah": "50%", "k7_a": "50%", "k7_b": "50%", "Kebakaran": "50%", "Sumber": "Data SIM KOTAKU, download pada 281120", "city": "kebumen", "source_layer": "Profil Kumuh Basis", "role": "profil" }, "geometry": { "type": "Polygon", "coordinates": [ [ [ 109.565855117412966, -7.611382723705341 ], [ 109.565439197436433, -7.611561694158234 ], [ 109.565201143886142, -7.611680117352165 ], [ 109.564665747976804, -7.61185908768092 ], [ 109.564368405617756, -7.61185908768092 ], [ 109.563743178180005, -7.611828814098222 ], [ 109.563327258203458, -7.611828814098222 ], [ 109.563148493461924, -7.61212620743562 ], [ 109.563208680585944, -7.612185864158098 ], [ 109.563416191416579, -7.612185864158098 ], [ 109.56371353377564, -7.612096824270749 ], [ 109.564010876134688, -7.612185864158098 ], [ 109.564189640876222, -7.612185864158098 ], [ 109.56475468118991, -7.612185864158098 ], [ 109.564963090335837, -7.612216137715585 ], [ 109.564963090335837, -7.612483257247819 ], [ 109.565439197436433, -7.612959620000558 ], [ 109.56540955303204, -7.613019276607061 ], [ 109.565052023548972, -7.61319735598008 ], [ 109.564903801527095, -7.61319735598008 ], [ 109.564248929684965, -7.613108316302817 ], [ 109.563743178180005, -7.613108316302817 ], [ 109.563178137866302, -7.613167972888628 ], [ 109.562970627035668, -7.613226739069519 ], [ 109.562732573485377, -7.613465365297019 ], [ 109.56264274195695, -7.613762757499076 ], [ 109.562791862294119, -7.613940836563217 ], [ 109.563118849057531, -7.614060149494801 ], [ 109.563445835820971, -7.614089532525094 ], [ 109.563594956158127, -7.614089532525094 ], [ 109.563624600562505, -7.614268501847921 ], [ 109.563773720899661, -7.614417197696118 ], [ 109.564100707663087, -7.614475963705732 ], [ 109.564695392381168, -7.614624659481952 ], [ 109.565081667953351, -7.614654932867198 ], [ 109.56540955303204, -7.614654932867198 ], [ 109.565617063862675, -7.614595276488345 ], [ 109.565795828604223, -7.613821523598425 ], [ 109.565647606582345, -7.61361406142384 ], [ 109.56540955303204, -7.613672827543573 ], [ 109.565290077099277, -7.613554404900114 ], [ 109.565319721503627, -7.613405708752595 ], [ 109.565498486245176, -7.613346052199872 ], [ 109.565706895391088, -7.613316669118614 ], [ 109.565736539795466, -7.613108316302817 ], [ 109.565795828604223, -7.612870580273917 ], [ 109.565795828604223, -7.612662227241301 ], [ 109.565617063862675, -7.612631953715314 ], [ 109.56534936590802, -7.612513530784305 ], [ 109.565319721503627, -7.612334560728749 ], [ 109.565557775053932, -7.612185864158098 ], [ 109.565795828604223, -7.611948127617644 ], [ 109.565974593345757, -7.611680117352165 ], [ 109.565855117412966, -7.611382723705341 ] ] ] } },
{ "type": "Feature", "properties": { "FID": 126, "Id": 0, "Provinsi": "Jawa Tengah", "Kode_Prov": 33, "Kab_Kota": "Kebumen", "Kode_Kota": 3305, "Kecamatan": "Karanganyar", "Kode_Kec": 330502, "Kelurahan": "Wonorejo", "Kode_Kel": 33050211, "basis": "RT001-RW002", "Kode_RTRW": "33050211-RT001-RW002", "k1_a_p": 76.74, "k1_b_p": 0, "k1_c_p": 51.16, "k1_p": 42.6333, "k2_a_p": 0.0, "k2_b_p": 77.14, "k2_p": 38.57, "k3_a_p": 100.0, "k3_b_p": 100.0, "k3_p": 100.0, "k4_a_p": 13.04, "k4_b_p": 50.0, "k4_c_p": 50.0, "k4_d_p": 50.0, "k4_e_p": 10.0, "k4_p": 30.0, "k5_a_p": 31.75, "k5_b_p": 50.79, "k5_p": 41.27, "k6_a_p": 100, "k6_b_p": 100.0, "k6_c_p": 100, "k6_p": 100.0, "k7_a_p": 0, "k7_b_p": 100, "k7_p": 50, "k1_a": "50%", "k1_b": "Bangunan padat ", "k1_c": "50%", "Bangunan": "Permasalahan Bangunan 25-50%", "k2_a": "Terjangkau pelayanan jalan lingkungan ", "k2_b": "50%", "Jalan": "Permasalahan Jalan 25-50%", "k3_a": "50%", "k3_b": "50%", "Air_Minum": "50%", "k4_a": "Tidak mampu mengalirkan limpasan air ", "k4_b": "50%", "k4_c": "50%", "k4_d": "50%", "k4_e": "Konstruksi drainase baik ", "Drainase": "Permasalahan Drainase 25-50%", "k5_a": "Sistem pengelolaan air limbah tidak sesuai standar teknis 25-50%", "k5_b": "50%", "Air_Limbah": "Permasalahan Air Limbah 25-50%", "k6_a": "50%", "k6_b": "50%", "k6_c": "50%", "Sampah": "50%", "k7_a": "Tidak tersedia prasarana proteksi kebakaran ", "k7_b": "50%", "Kebakaran": "50%", "Sumber": "Data SIM KOTAKU, download pada 281120", "city": "kebumen", "source_layer": "Profil Kumuh Basis", "role": "profil" }, "geometry": { "type": "Polygon", "coordinates": [ [ [ 109.560977265420206, -7.609806712014332 ], [ 109.560650278656794, -7.609925135692943 ], [ 109.560531701039281, -7.610104106754203 ], [ 109.560114882747442, -7.610282187338038 ], [ 109.559758251579652, -7.610341844317085 ], [ 109.559579486838103, -7.610579581748164 ], [ 109.559520198029361, -7.610847592701558 ], [ 109.559341433287827, -7.611085329852238 ], [ 109.559133024141914, -7.611472654141258 ], [ 109.559520198029361, -7.611828814098222 ], [ 109.559698962770909, -7.611977510792705 ], [ 109.559996305129943, -7.611977510792705 ], [ 109.560114882747442, -7.611680117352165 ], [ 109.560203815960577, -7.611085329852238 ], [ 109.560739211869901, -7.610818209449062 ], [ 109.560829043398314, -7.610550198477303 ], [ 109.560977265420206, -7.610341844317085 ], [ 109.561096741352998, -7.61013349005563 ], [ 109.561126385757376, -7.610015066434554 ], [ 109.560977265420206, -7.609806712014332 ] ] ] } },
{ "type": "Feature", "properties": { "FID": 127, "Id": 0, "Provinsi": "Jawa Tengah", "Kode_Prov": 33, "Kab_Kota": "Kebumen", "Kode_Kota": 3305, "Kecamatan": "Karanganyar", "Kode_Kec": 330502, "Kelurahan": "Wonorejo", "Kode_Kel": 33050211, "basis": "RT003-RW003", "Kode_RTRW": "33050211-RT003-RW003", "k1_a_p": 0.0, "k1_b_p": 0, "k1_c_p": 20.83, "k1_p": 0.0, "k2_a_p": 0.0, "k2_b_p": 78.57, "k2_p": 39.285, "k3_a_p": 22.22, "k3_b_p": 51.85, "k3_p": 25.925, "k4_a_p": 26.11, "k4_b_p": 42.86, "k4_c_p": 14.29, "k4_d_p": 57.14, "k4_e_p": 42.86, "k4_p": 33.794, "k5_a_p": 25.93, "k5_b_p": 18.52, "k5_p": 12.965, "k6_a_p": 100, "k6_b_p": 100.0, "k6_c_p": 100, "k6_p": 100.0, "k7_a_p": 100, "k7_b_p": 100, "k7_p": 100, "k1_a": "Bangunan tidak teratur  ", "k1_b": "Bangunan padat ", "k1_c": "Bangunan tidak sesuai persyaratan teknis ", "Bangunan": "Permasalahan Bangunan ", "k2_a": "Terjangkau pelayanan jalan lingkungan ", "k2_b": "50%", "Jalan": "Permasalahan Jalan 25-50%", "k3_a": "Tersedia akses aman air minum ", "k3_b": "50%", "Air_Minum": "Permasalahan Air Minum 25-50%", "k4_a": "Tidak mampu mengalirkan limpasan air 25-50%", "k4_b": "Tidak tersedia drainase 25-50%", "k4_c": "Tidak terhubung dengan drainase dalam kota ", "k4_d": "50%", "k4_e": "Konstruksi drainase baik 25-50%", "Drainase": "Permasalahan Drainase 25-50%", "k5_a": "Sistem pengelolaan air limbah tidak sesuai standar teknis 25-50%", "k5_b": "Prasarana dan sarana pengelolaan air limbah tidak sesuai dengan persyaratan teknis ", "Air_Limbah": "Permasalahan Air Limbah ", "k6_a": "50%", "k6_b": "50%", "k6_c": "50%", "Sampah": "50%", "k7_a": "50%", "k7_b": "50%", "Kebakaran": "50%", "Sumber": "Data SIM KOTAKU, download pada 281120", "city": "kebumen", "source_layer": "Profil Kumuh Basis", "role": "profil" }, "geometry": { "type": "Polygon", "coordinates": [ [ [ 109.562375044002309, -7.614297884863929 ], [ 109.562345399597916, -7.614595276488345 ], [ 109.562702929080999, -7.614833011560643 ], [ 109.563208680585944, -7.615070746501066 ], [ 109.563743178180005, -7.615070746501066 ], [ 109.564130352067451, -7.615279098362883 ], [ 109.564427694426513, -7.615160676163248 ], [ 109.564576814763683, -7.615309371701898 ], [ 109.564963090335837, -7.615279098362883 ], [ 109.564992734740215, -7.615041363538043 ], [ 109.564992734740215, -7.615011980573007 ], [ 109.564606459168033, -7.61492205087962 ], [ 109.564309116809, -7.614833011560643 ], [ 109.563862654112796, -7.614714589237744 ], [ 109.563178137866302, -7.614506237101481 ], [ 109.562375044002309, -7.614297884863929 ] ] ] } },
{ "type": "Feature", "properties": { "FID": 128, "Id": 0, "Provinsi": "Jawa Tengah", "Kode_Prov": 33, "Kab_Kota": "Kebumen", "Kode_Kota": 3305, "Kecamatan": "Kebumen", "Kode_Kec": 330505, "Kelurahan": "Wonosari", "Kode_Kel": 33050507, "basis": "RT003-RW003", "Kode_RTRW": "33050507-RT003-RW003", "k1_a_p": 23.08, "k1_b_p": 0, "k1_c_p": 51.92, "k1_p": 17.3067, "k2_a_p": 17.51, "k2_b_p": 68.49, "k2_p": 34.245, "k3_a_p": 100.0, "k3_b_p": 35.71, "k3_p": 67.855, "k4_a_p": 51.94, "k4_b_p": 45.87, "k4_c_p": 20.39, "k4_d_p": 54.13, "k4_e_p": 27.12, "k4_p": 35.812, "k5_a_p": 7.14, "k5_b_p": 50.0, "k5_p": 25.0, "k6_a_p": 100, "k6_b_p": 87.5, "k6_c_p": 100, "k6_p": 95.8333, "k7_a_p": 0, "k7_b_p": 100, "k7_p": 50, "k1_a": "Bangunan tidak teratur  ", "k1_b": "Bangunan padat ", "k1_c": "50%", "Bangunan": "Permasalahan Bangunan ", "k2_a": "Terjangkau pelayanan jalan lingkungan ", "k2_b": "50%", "Jalan": "Permasalahan Jalan 25-50%", "k3_a": "50%", "k3_b": "Tidak terpenuhi kebutuhan air minum 25-50%", "Air_Minum": "50%", "k4_a": "50%", "k4_b": "Tidak tersedia drainase 25-50%", "k4_c": "Tidak terhubung dengan drainase dalam kota ", "k4_d": "50%", "k4_e": "Konstruksi drainase baik 25-50%", "Drainase": "Permasalahan Drainase 25-50%", "k5_a": "Sistem pengelolaan air limbah tidak sesuai standar teknis ", "k5_b": "50%", "Air_Limbah": "Permasalahan Air Limbah 25-50%", "k6_a": "50%", "k6_b": "50%", "k6_c": "50%", "Sampah": "50%", "k7_a": "Tidak tersedia prasarana proteksi kebakaran ", "k7_b": "50%", "Kebakaran": "50%", "Sumber": "Data SIM KOTAKU, download pada 281120", "city": "kebumen", "source_layer": "Profil Kumuh Basis", "role": "profil" }, "geometry": { "type": "Polygon", "coordinates": [ [ [ 109.695953628435575, -7.685760304415825 ], [ 109.695786541792728, -7.685665048164395 ], [ 109.695786541792728, -7.685426462319353 ], [ 109.695786541792728, -7.685277791221245 ], [ 109.695697608579607, -7.684920802323991 ], [ 109.695042736737491, -7.684980448868857 ], [ 109.695013092333113, -7.684802399456378 ], [ 109.693971944918815, -7.684385763539423 ], [ 109.694091420851606, -7.683791077377162 ], [ 109.693674602559767, -7.683642405706475 ], [ 109.69352638053789, -7.684088420562393 ], [ 109.693317971391977, -7.684534434949859 ], [ 109.693214665134306, -7.684557581392313 ], [ 109.693419481019077, -7.684583398576634 ], [ 109.693538956951869, -7.684601203530424 ], [ 109.693536262006006, -7.684734740660057 ], [ 109.69353446537545, -7.684819314153771 ], [ 109.69353446537545, -7.684830887367389 ], [ 109.69370424696416, -7.684862046017875 ], [ 109.69376443408818, -7.685219034964526 ], [ 109.694298931682226, -7.685277791221245 ], [ 109.694269287277862, -7.685932121712493 ], [ 109.694686105569687, -7.685932121712493 ], [ 109.694983447928735, -7.685754072699095 ], [ 109.695756897388378, -7.685783450791449 ], [ 109.695722761407566, -7.685856450890922 ], [ 109.695908712671368, -7.685876036281329 ], [ 109.695953628435575, -7.685760304415825 ] ] ] } },
{ "type": "Feature", "properties": { "FID": 129, "Id": 0, "Provinsi": "Jawa Tengah", "Kode_Prov": 33, "Kab_Kota": "Kebumen", "Kode_Kota": 3305, "Kecamatan": "Kebumen", "Kode_Kec": 330505, "Kelurahan": "Wonosari", "Kode_Kel": 33050507, "basis": "RT004-RW001", "Kode_RTRW": "33050507-RT004-RW001", "k1_a_p": 44.62, "k1_b_p": 0, "k1_c_p": 41.54, "k1_p": 28.72, "k2_a_p": 16.67, "k2_b_p": 58.33, "k2_p": 29.165, "k3_a_p": 85.71, "k3_b_p": 75.71, "k3_p": 80.71, "k4_a_p": 49.87, "k4_b_p": 42.86, "k4_c_p": 28.57, "k4_d_p": 57.14, "k4_e_p": 28.57, "k4_p": 41.402, "k5_a_p": 1.43, "k5_b_p": 100.0, "k5_p": 50.0, "k6_a_p": 100, "k6_b_p": 100.0, "k6_c_p": 100, "k6_p": 100.0, "k7_a_p": 0, "k7_b_p": 100, "k7_p": 50, "k1_a": "Bangunan tidak teratur 25-50%", "k1_b": "Bangunan padat ", "k1_c": "Bangunan tidak sesuai persyaratan teknis 25-50%", "Bangunan": "Permasalahan Bangunan 25-50%", "k2_a": "Terjangkau pelayanan jalan lingkungan ", "k2_b": "50%", "Jalan": "Permasalahan Jalan 25-50%", "k3_a": "50%", "k3_b": "50%", "Air_Minum": "50%", "k4_a": "Tidak mampu mengalirkan limpasan air 25-50%", "k4_b": "Tidak tersedia drainase 25-50%", "k4_c": "Tidak terhubung dengan drainase dalam kota 25-50%", "k4_d": "50%", "k4_e": "Konstruksi drainase baik 25-50%", "Drainase": "Permasalahan Drainase 25-50%", "k5_a": "Sistem pengelolaan air limbah tidak sesuai standar teknis ", "k5_b": "50%", "Air_Limbah": "50%", "k6_a": "50%", "k6_b": "50%", "k6_c": "50%", "Sampah": "50%", "k7_a": "Tidak tersedia prasarana proteksi kebakaran ", "k7_b": "50%", "Kebakaran": "50%", "Sumber": "Data SIM KOTAKU, download pada 281120", "city": "kebumen", "source_layer": "Profil Kumuh Basis", "role": "profil" }, "geometry": { "type": "Polygon", "coordinates": [ [ [ 109.697630783071034, -7.69102518211696 ], [ 109.697630783071034, -7.690364627828449 ], [ 109.697987414238824, -7.690423383372869 ], [ 109.698195823384751, -7.689709413933378 ], [ 109.69813653457598, -7.689501988671516 ], [ 109.698284756597872, -7.689501988671516 ], [ 109.69831440100225, -7.689234027131636 ], [ 109.698166178980372, -7.689263404983136 ], [ 109.698195823384751, -7.689055089264938 ], [ 109.698374588126285, -7.689145003326791 ], [ 109.698522810148162, -7.688996333531061 ], [ 109.698284756597872, -7.688877041561499 ], [ 109.698284756597872, -7.688609079627017 ], [ 109.698106890171616, -7.687746436901553 ], [ 109.697928125430082, -7.687657412784673 ], [ 109.696589635656736, -7.689263404983136 ], [ 109.696589635656736, -7.689382696844094 ], [ 109.696143172960532, -7.689412074685301 ], [ 109.696113528556168, -7.690096666833312 ], [ 109.696233004488946, -7.690542674907722 ], [ 109.696321937702066, -7.690661966409038 ], [ 109.696559991252357, -7.690720721912282 ], [ 109.696579754188619, -7.691058120780975 ], [ 109.69677019702884, -7.691064352419828 ], [ 109.69677019702884, -7.691062571951594 ], [ 109.697630783071034, -7.69102518211696 ] ] ] } },
{ "type": "Feature", "properties": { "FID": 130, "Id": 0, "Provinsi": "Jawa Tengah", "Kode_Prov": 33, "Kab_Kota": "Kebumen", "Kode_Kota": 3305, "Kecamatan": "Kebumen", "Kode_Kec": 330505, "Kelurahan": "Wonosari", "Kode_Kel": 33050507, "basis": "RT007-RW001", "Kode_RTRW": "33050507-RT007-RW001", "k1_a_p": 42.86, "k1_b_p": 0, "k1_c_p": 60.71, "k1_p": 34.5233, "k2_a_p": 19.5, "k2_b_p": 30.96, "k2_p": 15.48, "k3_a_p": 77.14, "k3_b_p": 100.0, "k3_p": 88.57, "k4_a_p": 2.3, "k4_b_p": 27.54, "k4_c_p": 18.84, "k4_d_p": 72.46, "k4_e_p": 65.22, "k4_p": 33.044, "k5_a_p": 17.14, "k5_b_p": 42.86, "k5_p": 21.43, "k6_a_p": 100, "k6_b_p": 100.0, "k6_c_p": 100, "k6_p": 100.0, "k7_a_p": 0, "k7_b_p": 100, "k7_p": 50, "k1_a": "Bangunan tidak teratur 25-50%", "k1_b": "Bangunan padat ", "k1_c": "50%", "Bangunan": "Permasalahan Bangunan 25-50%", "k2_a": "Terjangkau pelayanan jalan lingkungan ", "k2_b": "Kondisi permukaan jalan lingkungan tidak rusak 25-50%", "Jalan": "Permasalahan Jalan ", "k3_a": "50%", "k3_b": "50%", "Air_Minum": "50%", "k4_a": "Tidak mampu mengalirkan limpasan air ", "k4_b": "Tidak tersedia drainase 25-50%", "k4_c": "Tidak terhubung dengan drainase dalam kota ", "k4_d": "50%", "k4_e": "50%", "Drainase": "Permasalahan Drainase 25-50%", "k5_a": "Sistem pengelolaan air limbah tidak sesuai standar teknis ", "k5_b": "Prasarana dan sarana pengelolaan air limbah tidak sesuai dengan persyaratan teknis 25-50%", "Air_Limbah": "Permasalahan Air Limbah ", "k6_a": "50%", "k6_b": "50%", "k6_c": "50%", "Sampah": "50%", "k7_a": "Tidak tersedia prasarana proteksi kebakaran ", "k7_b": "50%", "Kebakaran": "50%", "Sumber": "Data SIM KOTAKU, download pada 281120", "city": "kebumen", "source_layer": "Profil Kumuh Basis", "role": "profil" }, "geometry": { "type": "Polygon", "coordinates": [ [ [ 109.698106890171616, -7.686705743808614 ], [ 109.698582098956933, -7.68691406067988 ], [ 109.698849796911574, -7.686289109759411 ], [ 109.698374588126285, -7.686200085336901 ], [ 109.698344045406628, -7.686527695119669 ], [ 109.698225467789115, -7.686468048792174 ], [ 109.698106890171616, -7.686705743808614 ] ] ] } },
{ "type": "Feature", "properties": { "FID": 131, "Id": 0, "Provinsi": "Jawa Tengah", "Kode_Prov": 33, "Kab_Kota": "Kebumen", "Kode_Kota": 3305, "Kecamatan": "Kebumen", "Kode_Kec": 330505, "Kelurahan": "Wonosari", "Kode_Kel": 33050507, "basis": "RT007-RW001", "Kode_RTRW": "33050507-RT007-RW001", "k1_a_p": 42.86, "k1_b_p": 0, "k1_c_p": 60.71, "k1_p": 34.5233, "k2_a_p": 19.5, "k2_b_p": 30.96, "k2_p": 15.48, "k3_a_p": 77.14, "k3_b_p": 100.0, "k3_p": 88.57, "k4_a_p": 2.3, "k4_b_p": 27.54, "k4_c_p": 18.84, "k4_d_p": 72.46, "k4_e_p": 65.22, "k4_p": 33.044, "k5_a_p": 17.14, "k5_b_p": 42.86, "k5_p": 21.43, "k6_a_p": 100, "k6_b_p": 100.0, "k6_c_p": 100, "k6_p": 100.0, "k7_a_p": 0, "k7_b_p": 100, "k7_p": 50, "k1_a": "Bangunan tidak teratur 25-50%", "k1_b": "Bangunan padat ", "k1_c": "50%", "Bangunan": "Permasalahan Bangunan 25-50%", "k2_a": "Terjangkau pelayanan jalan lingkungan ", "k2_b": "Kondisi permukaan jalan lingkungan tidak rusak 25-50%", "Jalan": "Permasalahan Jalan ", "k3_a": "50%", "k3_b": "50%", "Air_Minum": "50%", "k4_a": "Tidak mampu mengalirkan limpasan air ", "k4_b": "Tidak tersedia drainase 25-50%", "k4_c": "Tidak terhubung dengan drainase dalam kota ", "k4_d": "50%", "k4_e": "50%", "Drainase": "Permasalahan Drainase 25-50%", "k5_a": "Sistem pengelolaan air limbah tidak sesuai standar teknis ", "k5_b": "Prasarana dan sarana pengelolaan air limbah tidak sesuai dengan persyaratan teknis 25-50%", "Air_Limbah": "Permasalahan Air Limbah ", "k6_a": "50%", "k6_b": "50%", "k6_c": "50%", "Sampah": "50%", "k7_a": "Tidak tersedia prasarana proteksi kebakaran ", "k7_b": "50%", "Kebakaran": "50%", "Sumber": "Data SIM KOTAKU, download pada 281120", "city": "kebumen", "source_layer": "Profil Kumuh Basis", "role": "profil" }, "geometry": { "type": "Polygon", "coordinates": [ [ [ 109.698582098956933, -7.685724694604709 ], [ 109.69882015250721, -7.685813719126901 ], [ 109.698909984035623, -7.685634779818345 ], [ 109.699296259607806, -7.685843097215127 ], [ 109.699534313158082, -7.685516377149831 ], [ 109.699385192820912, -7.685426462319353 ], [ 109.699236970799035, -7.685545755258633 ], [ 109.698909984035623, -7.685426462319353 ], [ 109.699445379944962, -7.684474788342343 ], [ 109.698849796911574, -7.684296738717836 ], [ 109.698731219294089, -7.684594081548999 ], [ 109.698849796911574, -7.684683106308246 ], [ 109.698790508102832, -7.684891424171949 ], [ 109.698642286080954, -7.684862046017875 ], [ 109.698463521339406, -7.685188766586678 ], [ 109.698671930485332, -7.685337437715959 ], [ 109.698582098956933, -7.685724694604709 ] ] ] } },
{ "type": "Feature", "properties": { "FID": 132, "Id": 0, "Provinsi": "Jawa Tengah", "Kode_Prov": 33, "Kab_Kota": "Kebumen", "Kode_Kota": 3305, "Kecamatan": "Kebumen", "Kode_Kec": 330505, "Kelurahan": "Wonosari", "Kode_Kel": 33050507, "basis": "RT006-RW004", "Kode_RTRW": "33050507-RT006-RW004", "k1_a_p": 52.38, "k1_b_p": 0, "k1_c_p": 47.62, "k1_p": 33.3333, "k2_a_p": 11.76, "k2_b_p": 70.59, "k2_p": 35.295, "k3_a_p": 100.0, "k3_b_p": 100.0, "k3_p": 100.0, "k4_a_p": 50.73, "k4_b_p": 69.23, "k4_c_p": 38.46, "k4_d_p": 30.77, "k4_e_p": 19.23, "k4_p": 37.838, "k5_a_p": 14.0, "k5_b_p": 64.0, "k5_p": 32.0, "k6_a_p": 100, "k6_b_p": 100.0, "k6_c_p": 100, "k6_p": 100.0, "k7_a_p": 0, "k7_b_p": 100, "k7_p": 50, "k1_a": "50%", "k1_b": "Bangunan padat ", "k1_c": "Bangunan tidak sesuai persyaratan teknis 25-50%", "Bangunan": "Permasalahan Bangunan 25-50%", "k2_a": "Terjangkau pelayanan jalan lingkungan ", "k2_b": "50%", "Jalan": "Permasalahan Jalan 25-50%", "k3_a": "50%", "k3_b": "50%", "Air_Minum": "50%", "k4_a": "50%", "k4_b": "50%", "k4_c": "Tidak terhubung dengan drainase dalam kota 25-50%", "k4_d": "Drainase tidak terpelihara 25-50%", "k4_e": "Konstruksi drainase baik ", "Drainase": "Permasalahan Drainase 25-50%", "k5_a": "Sistem pengelolaan air limbah tidak sesuai standar teknis ", "k5_b": "50%", "Air_Limbah": "Permasalahan Air Limbah 25-50%", "k6_a": "50%", "k6_b": "50%", "k6_c": "50%", "Sampah": "50%", "k7_a": "Tidak tersedia prasarana proteksi kebakaran ", "k7_b": "50%", "Kebakaran": "50%", "Sumber": "Data SIM KOTAKU, download pada 281120", "city": "kebumen", "source_layer": "Profil Kumuh Basis", "role": "profil" }, "geometry": { "type": "Polygon", "coordinates": [ [ [ 109.702053189214737, -7.685783450791449 ], [ 109.702053189214737, -7.686022036435885 ], [ 109.702672128445499, -7.685997999828525 ], [ 109.702624517735458, -7.686283768294584 ], [ 109.702100799924807, -7.686259731702044 ], [ 109.702148410634877, -7.68668793894308 ], [ 109.702743095352957, -7.686807231527896 ], [ 109.703266813163609, -7.686783194964997 ], [ 109.703243456966206, -7.686069219401925 ], [ 109.703028759613304, -7.686045182797239 ], [ 109.703028759613304, -7.685783450791449 ], [ 109.702053189214737, -7.685783450791449 ] ] ] } },
{ "type": "Feature", "properties": { "FID": 133, "Id": 0, "Provinsi": "Jawa Tengah", "Kode_Prov": 33, "Kab_Kota": "Kebumen", "Kode_Kota": 3305, "Kecamatan": "Kebumen", "Kode_Kec": 330505, "Kelurahan": "Wonosari", "Kode_Kel": 33050507, "basis": "RT006-RW004", "Kode_RTRW": "33050507-RT006-RW004", "k1_a_p": 52.38, "k1_b_p": 0, "k1_c_p": 47.62, "k1_p": 33.3333, "k2_a_p": 11.76, "k2_b_p": 70.59, "k2_p": 35.295, "k3_a_p": 100.0, "k3_b_p": 100.0, "k3_p": 100.0, "k4_a_p": 50.73, "k4_b_p": 69.23, "k4_c_p": 38.46, "k4_d_p": 30.77, "k4_e_p": 19.23, "k4_p": 37.838, "k5_a_p": 14.0, "k5_b_p": 64.0, "k5_p": 32.0, "k6_a_p": 100, "k6_b_p": 100.0, "k6_c_p": 100, "k6_p": 100.0, "k7_a_p": 0, "k7_b_p": 100, "k7_p": 50, "k1_a": "50%", "k1_b": "Bangunan padat ", "k1_c": "Bangunan tidak sesuai persyaratan teknis 25-50%", "Bangunan": "Permasalahan Bangunan 25-50%", "k2_a": "Terjangkau pelayanan jalan lingkungan ", "k2_b": "50%", "Jalan": "Permasalahan Jalan 25-50%", "k3_a": "50%", "k3_b": "50%", "Air_Minum": "50%", "k4_a": "50%", "k4_b": "50%", "k4_c": "Tidak terhubung dengan drainase dalam kota 25-50%", "k4_d": "Drainase tidak terpelihara 25-50%", "k4_e": "Konstruksi drainase baik ", "Drainase": "Permasalahan Drainase 25-50%", "k5_a": "Sistem pengelolaan air limbah tidak sesuai standar teknis ", "k5_b": "50%", "Air_Limbah": "Permasalahan Air Limbah 25-50%", "k6_a": "50%", "k6_b": "50%", "k6_c": "50%", "Sampah": "50%", "k7_a": "Tidak tersedia prasarana proteksi kebakaran ", "k7_b": "50%", "Kebakaran": "50%", "Sumber": "Data SIM KOTAKU, download pada 281120", "city": "kebumen", "source_layer": "Profil Kumuh Basis", "role": "profil" }, "geometry": { "type": "Polygon", "coordinates": [ [ [ 109.703718665751509, -7.686022036435885 ], [ 109.703695309554121, -7.686235695108146 ], [ 109.704004330011855, -7.686235695108146 ], [ 109.703980973814481, -7.686640756045803 ], [ 109.704289994272202, -7.686640756045803 ], [ 109.704289994272202, -7.686330951231537 ], [ 109.704528047822507, -7.686306914641672 ], [ 109.704575658532562, -7.686783194964997 ], [ 109.704694236150061, -7.686783194964997 ], [ 109.704741846860131, -7.686568646324739 ], [ 109.705979725321654, -7.686592682899787 ], [ 109.706027336031696, -7.686354987820046 ], [ 109.705551228931114, -7.686379024407192 ], [ 109.705551228931114, -7.685997999828525 ], [ 109.705051765633144, -7.685997999828525 ], [ 109.705004154923074, -7.685760304415825 ], [ 109.704504691625104, -7.685783450791449 ], [ 109.704480437112451, -7.686022036435885 ], [ 109.704289994272202, -7.686022036435885 ], [ 109.704289994272202, -7.686164475562672 ], [ 109.70408338175686, -7.686207207291389 ], [ 109.704076195234592, -7.686045182797239 ], [ 109.703718665751509, -7.686022036435885 ] ] ] } },
{ "type": "Feature", "properties": { "FID": 134, "Id": 0, "Provinsi": "Jawa Tengah", "Kode_Prov": 33, "Kab_Kota": "Kebumen", "Kode_Kota": 3305, "Kecamatan": "Kebumen", "Kode_Kec": 330505, "Kelurahan": "Wonosari", "Kode_Kel": 33050507, "basis": "RT005-RW004", "Kode_RTRW": "33050507-RT005-RW004", "k1_a_p": 33.33, "k1_b_p": 0, "k1_c_p": 87.88, "k1_p": 40.4033, "k2_a_p": 20.35, "k2_b_p": 21.24, "k2_p": 0.0, "k3_a_p": 100.0, "k3_b_p": 100.0, "k3_p": 100.0, "k4_a_p": -167.86, "k4_b_p": 66.67, "k4_c_p": 33.33, "k4_d_p": 33.33, "k4_e_p": 6.67, "k4_p": 26.666, "k5_a_p": 5.71, "k5_b_p": 100.0, "k5_p": 50.0, "k6_a_p": 100, "k6_b_p": 100.0, "k6_c_p": 100, "k6_p": 100.0, "k7_a_p": 0, "k7_b_p": 100, "k7_p": 50, "k1_a": "Bangunan tidak teratur 25-50%", "k1_b": "Bangunan padat ", "k1_c": "50%", "Bangunan": "Permasalahan Bangunan 25-50%", "k2_a": "Terjangkau pelayanan jalan lingkungan ", "k2_b": "Kondisi permukaan jalan lingkungan tidak rusak ", "Jalan": "Permasalahan Jalan ", "k3_a": "50%", "k3_b": "50%", "Air_Minum": "50%", "k4_a": "Tidak mampu mengalirkan limpasan air ", "k4_b": "50%", "k4_c": "Tidak terhubung dengan drainase dalam kota 25-50%", "k4_d": "Drainase tidak terpelihara 25-50%", "k4_e": "Konstruksi drainase baik ", "Drainase": "Permasalahan Drainase 25-50%", "k5_a": "Sistem pengelolaan air limbah tidak sesuai standar teknis ", "k5_b": "50%", "Air_Limbah": "50%", "k6_a": "50%", "k6_b": "50%", "k6_c": "50%", "Sampah": "50%", "k7_a": "Tidak tersedia prasarana proteksi kebakaran ", "k7_b": "50%", "Kebakaran": "50%", "Sumber": "Data SIM KOTAKU, download pada 281120", "city": "kebumen", "source_layer": "Profil Kumuh Basis", "role": "profil" }, "geometry": { "type": "Polygon", "coordinates": [ [ [ 109.705777604382718, -7.687749107624771 ], [ 109.705606026163451, -7.68793961917096 ], [ 109.705491940122357, -7.68816752072136 ], [ 109.705473075501402, -7.688396312389099 ], [ 109.705263768040197, -7.688377617354726 ], [ 109.705148783683839, -7.688510263056981 ], [ 109.705148783683839, -7.688662493979618 ], [ 109.705301497282136, -7.688700774261511 ], [ 109.706138727126927, -7.688700774261511 ], [ 109.706348034588132, -7.6886251039335 ], [ 109.706481883565459, -7.688510263056981 ], [ 109.706424391387287, -7.688110545345232 ], [ 109.706119862505972, -7.687730412561891 ], [ 109.705777604382718, -7.687749107624771 ] ] ] } },
{ "type": "Feature", "properties": { "FID": 135, "Id": 0, "Provinsi": "Jawa Tengah", "Kode_Prov": 33, "Kab_Kota": "Kebumen", "Kode_Kota": 3305, "Kecamatan": "Kebumen", "Kode_Kec": 330505, "Kelurahan": "Wonosari", "Kode_Kel": 33050507, "basis": "RT004-RW002", "Kode_RTRW": "33050507-RT004-RW002", "k1_a_p": 53.7, "k1_b_p": 0, "k1_c_p": 40.74, "k1_p": 31.48, "k2_a_p": 0.0, "k2_b_p": 83.15, "k2_p": 41.575, "k3_a_p": 100.0, "k3_b_p": 61.02, "k3_p": 80.51, "k4_a_p": -52.84, "k4_b_p": 28.57, "k4_c_p": 14.29, "k4_d_p": 71.43, "k4_e_p": 57.14, "k4_p": 31.428, "k5_a_p": 3.39, "k5_b_p": 30.51, "k5_p": 15.255, "k6_a_p": 100, "k6_b_p": 100.0, "k6_c_p": 100, "k6_p": 100.0, "k7_a_p": 0, "k7_b_p": 100, "k7_p": 50, "k1_a": "50%", "k1_b": "Bangunan padat ", "k1_c": "Bangunan tidak sesuai persyaratan teknis 25-50%", "Bangunan": "Permasalahan Bangunan 25-50%", "k2_a": "Terjangkau pelayanan jalan lingkungan ", "k2_b": "50%", "Jalan": "Permasalahan Jalan 25-50%", "k3_a": "50%", "k3_b": "50%", "Air_Minum": "50%", "k4_a": "Tidak mampu mengalirkan limpasan air ", "k4_b": "Tidak tersedia drainase 25-50%", "k4_c": "Tidak terhubung dengan drainase dalam kota ", "k4_d": "50%", "k4_e": "50%", "Drainase": "Permasalahan Drainase 25-50%", "k5_a": "Sistem pengelolaan air limbah tidak sesuai standar teknis ", "k5_b": "Prasarana dan sarana pengelolaan air limbah tidak sesuai dengan persyaratan teknis 25-50%", "Air_Limbah": "Permasalahan Air Limbah ", "k6_a": "50%", "k6_b": "50%", "k6_c": "50%", "Sampah": "50%", "k7_a": "Tidak tersedia prasarana proteksi kebakaran ", "k7_b": "50%", "Kebakaran": "50%", "Sumber": "Data SIM KOTAKU, download pada 281120", "city": "kebumen", "source_layer": "Profil Kumuh Basis", "role": "profil" }, "geometry": { "type": "Polygon", "coordinates": [ [ [ 109.702389159131016, -7.693098532495624 ], [ 109.701627387770088, -7.69315550720195 ], [ 109.701627387770088, -7.693535635124849 ], [ 109.701341723509728, -7.693516940316934 ], [ 109.701341723509728, -7.693840983537475 ], [ 109.701436944929839, -7.693859678331106 ], [ 109.701436944929839, -7.694088466929269 ], [ 109.70210349487067, -7.694088466929269 ], [ 109.702141224112594, -7.693783118694823 ], [ 109.702408023751971, -7.693688754472945 ], [ 109.702389159131016, -7.693098532495624 ] ] ] } },
{ "type": "Feature", "properties": { "FID": 136, "Id": 0, "Provinsi": "Jawa Tengah", "Kode_Prov": 33, "Kab_Kota": "Kebumen", "Kode_Kota": 3305, "Kecamatan": "Kebumen", "Kode_Kec": 330505, "Kelurahan": "Wonosari", "Kode_Kel": 33050507, "basis": "RT004-RW003", "Kode_RTRW": "33050507-RT004-RW003", "k1_a_p": 58.33, "k1_b_p": 0, "k1_c_p": 45.0, "k1_p": 34.4433, "k2_a_p": 31.58, "k2_b_p": 47.37, "k2_p": 39.475, "k3_a_p": 79.73, "k3_b_p": 77.03, "k3_p": 78.38, "k4_a_p": -96.43, "k4_b_p": 23.53, "k4_c_p": 11.76, "k4_d_p": 76.47, "k4_e_p": 52.94, "k4_p": 25.882, "k5_a_p": 14.86, "k5_b_p": 62.16, "k5_p": 31.08, "k6_a_p": 100, "k6_b_p": 100.0, "k6_c_p": 100, "k6_p": 100.0, "k7_a_p": 0, "k7_b_p": 100, "k7_p": 50, "k1_a": "50%", "k1_b": "Bangunan padat ", "k1_c": "Bangunan tidak sesuai persyaratan teknis 25-50%", "Bangunan": "Permasalahan Bangunan 25-50%", "k2_a": "Terjangkau pelayanan jalan lingkungan 25-50%", "k2_b": "Kondisi permukaan jalan lingkungan tidak rusak 25-50%", "Jalan": "Permasalahan Jalan 25-50%", "k3_a": "50%", "k3_b": "50%", "Air_Minum": "50%", "k4_a": "Tidak mampu mengalirkan limpasan air ", "k4_b": "Tidak tersedia drainase ", "k4_c": "Tidak terhubung dengan drainase dalam kota ", "k4_d": "50%", "k4_e": "50%", "Drainase": "Permasalahan Drainase 25-50%", "k5_a": "Sistem pengelolaan air limbah tidak sesuai standar teknis ", "k5_b": "50%", "Air_Limbah": "Permasalahan Air Limbah 25-50%", "k6_a": "50%", "k6_b": "50%", "k6_c": "50%", "Sampah": "50%", "k7_a": "Tidak tersedia prasarana proteksi kebakaran ", "k7_b": "50%", "Kebakaran": "50%", "Sumber": "Data SIM KOTAKU, download pada 281120", "city": "kebumen", "source_layer": "Profil Kumuh Basis", "role": "profil" }, "geometry": { "type": "Polygon", "coordinates": [ [ [ 109.69353446537545, -7.684830887367389 ], [ 109.69353446537545, -7.684819314153771 ], [ 109.693536262006006, -7.684734740660057 ], [ 109.693538956951869, -7.684601203530424 ], [ 109.693419481019077, -7.684583398576634 ], [ 109.693214665134306, -7.684557581392313 ], [ 109.693050273437308, -7.684594081548999 ], [ 109.693050273437308, -7.684862046017875 ], [ 109.69275293107826, -7.684862046017875 ], [ 109.692723286673896, -7.684772131048829 ], [ 109.692514877527969, -7.6847427528865 ], [ 109.692514877527969, -7.685069473547098 ], [ 109.692663099549847, -7.685099741933447 ], [ 109.692514877527969, -7.685634779818345 ], [ 109.692514877527969, -7.685932121712493 ], [ 109.692276823977693, -7.685932121712493 ], [ 109.692306468382043, -7.686200085336901 ], [ 109.692544521932348, -7.686200085336901 ], [ 109.692603810741105, -7.686379024407192 ], [ 109.69287150869576, -7.686379024407192 ], [ 109.692930797504516, -7.686586451195276 ], [ 109.693347615796355, -7.686646097506136 ], [ 109.69325868258322, -7.685219034964526 ], [ 109.693436549009476, -7.685188766586678 ], [ 109.693377260200734, -7.684802399456378 ], [ 109.69353446537545, -7.684830887367389 ] ] ] } },
{ "type": "Feature", "properties": { "FID": 137, "Id": 0, "Provinsi": "Jawa Tengah", "Kode_Prov": 33, "Kab_Kota": "Kebumen", "Kode_Kota": 3305, "Kecamatan": "Kebumen", "Kode_Kec": 330505, "Kelurahan": "Wonosari", "Kode_Kel": 33050507, "basis": "RT006-RW001", "Kode_RTRW": "33050507-RT006-RW001", "k1_a_p": 28.57, "k1_b_p": 0, "k1_c_p": 30.36, "k1_p": 19.6433, "k2_a_p": 8.11, "k2_b_p": 40.54, "k2_p": 20.27, "k3_a_p": 96.97, "k3_b_p": 100.0, "k3_p": 98.485, "k4_a_p": 30.36, "k4_b_p": 33.33, "k4_c_p": 7.41, "k4_d_p": 59.26, "k4_e_p": 14.81, "k4_p": 24.59, "k5_a_p": 1.52, "k5_b_p": 53.03, "k5_p": 26.515, "k6_a_p": 100, "k6_b_p": 74.24, "k6_c_p": 100, "k6_p": 91.4133, "k7_a_p": 0, "k7_b_p": 100, "k7_p": 50, "k1_a": "Bangunan tidak teratur 25-50%", "k1_b": "Bangunan padat ", "k1_c": "Bangunan tidak sesuai persyaratan teknis 25-50%", "Bangunan": "Permasalahan Bangunan ", "k2_a": "Terjangkau pelayanan jalan lingkungan ", "k2_b": "Kondisi permukaan jalan lingkungan tidak rusak 25-50%", "Jalan": "Permasalahan Jalan ", "k3_a": "50%", "k3_b": "50%", "Air_Minum": "50%", "k4_a": "Tidak mampu mengalirkan limpasan air 25-50%", "k4_b": "Tidak tersedia drainase 25-50%", "k4_c": "Tidak terhubung dengan drainase dalam kota ", "k4_d": "50%", "k4_e": "Konstruksi drainase baik ", "Drainase": "Permasalahan Drainase ", "k5_a": "Sistem pengelolaan air limbah tidak sesuai standar teknis ", "k5_b": "50%", "Air_Limbah": "Permasalahan Air Limbah 25-50%", "k6_a": "50%", "k6_b": "50%", "k6_c": "50%", "Sampah": "50%", "k7_a": "Tidak tersedia prasarana proteksi kebakaran ", "k7_b": "50%", "Kebakaran": "50%", "Sumber": "Data SIM KOTAKU, download pada 281120", "city": "kebumen", "source_layer": "Profil Kumuh Basis", "role": "profil" }, "geometry": { "type": "Polygon", "coordinates": [ [ [ 109.695722761407566, -7.685856450890922 ], [ 109.695013092333113, -7.687360072098967 ], [ 109.694894514715614, -7.689085357367097 ], [ 109.694924159119978, -7.689263404983136 ], [ 109.695191857074661, -7.689293673070434 ], [ 109.695310434692146, -7.689085357367097 ], [ 109.695816186197121, -7.689263404983136 ], [ 109.695816186197121, -7.688788017681765 ], [ 109.695637421455572, -7.688728371671899 ], [ 109.695637421455572, -7.688252093531196 ], [ 109.695340079096525, -7.688252093531196 ], [ 109.695310434692146, -7.688014399380672 ], [ 109.695221501479011, -7.688014399380672 ], [ 109.695221501479011, -7.687836351240649 ], [ 109.695548488242451, -7.687717058945045 ], [ 109.695965306534276, -7.686289109759411 ], [ 109.695875475005863, -7.686259731702044 ], [ 109.695994950938655, -7.685783450791449 ], [ 109.695953628435575, -7.685760304415825 ], [ 109.695908712671368, -7.685876036281329 ], [ 109.695722761407566, -7.685856450890922 ] ] ] } },
{ "type": "Feature", "properties": { "FID": 138, "Id": 0, "Provinsi": "Jawa Tengah", "Kode_Prov": 33, "Kab_Kota": "Kebumen", "Kode_Kota": 3305, "Kecamatan": "Kebumen", "Kode_Kec": 330505, "Kelurahan": "Wonosari", "Kode_Kel": 33050507, "basis": "RT003-RW001", "Kode_RTRW": "33050507-RT003-RW001", "k1_a_p": 71.62, "k1_b_p": 0, "k1_c_p": 67.57, "k1_p": 46.3967, "k2_a_p": 25.58, "k2_b_p": 18.6, "k2_p": 12.79, "k3_a_p": 96.2, "k3_b_p": 96.2, "k3_p": 96.2, "k4_a_p": 15.25, "k4_b_p": 24.73, "k4_c_p": 8.6, "k4_d_p": 75.27, "k4_e_p": 10.75, "k4_p": 15.054, "k5_a_p": 13.92, "k5_b_p": 87.34, "k5_p": 43.67, "k6_a_p": 100, "k6_b_p": 20.25, "k6_c_p": 100, "k6_p": 66.6667, "k7_a_p": 0, "k7_b_p": 100, "k7_p": 50, "k1_a": "50%", "k1_b": "Bangunan padat ", "k1_c": "50%", "Bangunan": "Permasalahan Bangunan 25-50%", "k2_a": "Terjangkau pelayanan jalan lingkungan 25-50%", "k2_b": "Kondisi permukaan jalan lingkungan tidak rusak ", "Jalan": "Permasalahan Jalan ", "k3_a": "50%", "k3_b": "50%", "Air_Minum": "50%", "k4_a": "Tidak mampu mengalirkan limpasan air ", "k4_b": "Tidak tersedia drainase ", "k4_c": "Tidak terhubung dengan drainase dalam kota ", "k4_d": "50%", "k4_e": "Konstruksi drainase baik ", "Drainase": "Permasalahan Drainase ", "k5_a": "Sistem pengelolaan air limbah tidak sesuai standar teknis ", "k5_b": "50%", "Air_Limbah": "Permasalahan Air Limbah 25-50%", "k6_a": "50%", "k6_b": "Sistem pengelolaan persampahan yang tidak sesuai standar teknis ", "k6_c": "50%", "Sampah": "50%", "k7_a": "Tidak tersedia prasarana proteksi kebakaran ", "k7_b": "50%", "Kebakaran": "50%", "Sumber": "Data SIM KOTAKU, download pada 281120", "city": "kebumen", "source_layer": "Profil Kumuh Basis", "role": "profil" }, "geometry": { "type": "Polygon", "coordinates": [ [ [ 109.696579754188619, -7.691058120780975 ], [ 109.696589635656736, -7.691226374997819 ], [ 109.696172817364911, -7.691286020656551 ], [ 109.696233004488946, -7.691553980900536 ], [ 109.696381226510837, -7.691791673068332 ], [ 109.696500702443601, -7.691791673068332 ], [ 109.696708213274235, -7.692416615885338 ], [ 109.697392729520743, -7.692416615885338 ], [ 109.697511307138242, -7.691732027480688 ], [ 109.697630783071034, -7.691643004199953 ], [ 109.697630783071034, -7.69102518211696 ], [ 109.69677019702884, -7.691062571951594 ], [ 109.69677019702884, -7.691064352419828 ], [ 109.696579754188619, -7.691058120780975 ] ] ] } }
]
}
