{
"type": "FeatureCollection",
"name": "admin__batas_administrasi_ar",
"crs": { "type": "name", "properties": { "name": "urn:ogc:def:crs:OGC:1.3:CRS84" } },
"features": [
{ "type": "Feature", "properties": { "FID": 0, "Kode_Prov": 64, "Provinsi": "Kalimantan Timur", "Kode_kota": "6472", "Kota": "Kota Samarinda", "Kode_Kec": 647202, "Kecamatan": "Loa Janan Ilir", "Kode_Kel": 64720208, "Kelurahan": "Tani Aman", "Sumber": "Revisi RTRW Kota Samarinda Tahun 2019 (Data belum disahkan)", "city": "samarinda", "source_layer": "Batas Administrasi AR", "role": "admin" }, "geometry": { "type": "Polygon", "coordinates": [ [ [ 117.09653994202101, -0.572666458650895 ], [ 117.096203972104746, -0.57239518097933 ], [ 117.09606113997458, -0.572608969344085 ], [ 117.095947053933472, -0.572859586786736 ], [ 117.095752119516845, -0.573259317093727 ], [ 117.095668576195408, -0.57365186121074 ], [ 117.095418844546444, -0.574443237254918 ], [ 117.0952903854608, -0.574628280899842 ], [ 117.095247266327178, -0.574828595130067 ], [ 117.095326318072168, -0.574942675428445 ], [ 117.095682949239972, -0.57507112804515 ], [ 117.095911121322118, -0.575242697619597 ], [ 117.096278532273345, -0.575293899009925 ], [ 117.096497721202667, -0.575332524619868 ], [ 117.096592942622777, -0.575398996599159 ], [ 117.096735774752958, -0.575570566163747 ], [ 117.096839979325907, -0.575769982090971 ], [ 117.096935200746017, -0.575989159948884 ], [ 117.097049286787112, -0.576131984859955 ], [ 117.097249611095478, -0.576227201465346 ], [ 117.097334951047458, -0.576274809767445 ], [ 117.097411307846613, -0.576436498337642 ], [ 117.097392443225644, -0.576635914234561 ], [ 117.097306204958386, -0.576817364729292 ], [ 117.097106778965298, -0.577217094759152 ], [ 117.096892081612395, -0.577813545807643 ], [ 117.096827402911927, -0.57800577549969 ], [ 117.096534552129313, -0.577992301456067 ], [ 117.096385431792157, -0.578027333969421 ], [ 117.096275837327482, -0.578174650177055 ], [ 117.096192294006073, -0.578258189244319 ], [ 117.096037783777192, -0.578531263176049 ], [ 117.09588327354831, -0.578674088023265 ], [ 117.095609287386665, -0.578983990981273 ], [ 117.09447920675926, -0.58004305052725 ], [ 117.094504359587191, -0.580129284374691 ], [ 117.094587902908629, -0.580208332067023 ], [ 117.094647191717371, -0.580261329951037 ], [ 117.094718158624815, -0.58035115687196 ], [ 117.094722650201234, -0.580425713215243 ], [ 117.094719955255371, -0.580520929748608 ], [ 117.094640903510395, -0.580588299936342 ], [ 117.094546580405563, -0.580667347622259 ], [ 117.094539393883281, -0.580724836847687 ], [ 117.094563648395933, -0.580795800109517 ], [ 117.094614852367144, -0.58090269413515 ], [ 117.094657971500766, -0.580997910660481 ], [ 117.094683124328739, -0.581084144493359 ], [ 117.094792718793386, -0.581315897912695 ], [ 117.09488614358294, -0.581509025754877 ], [ 117.094954415544549, -0.581612326691006 ], [ 117.094958907120969, -0.581694967438548 ], [ 117.094917584617875, -0.581753354922495 ], [ 117.094853804232713, -0.581782997798729 ], [ 117.094744209768066, -0.581780302991805 ], [ 117.09464359845623, -0.581783896067703 ], [ 117.094536698937418, -0.581835097399005 ], [ 117.094491783173211, -0.581888993536716 ], [ 117.094480105074538, -0.581939296598115 ], [ 117.094480105074538, -0.581968041204427 ], [ 117.09450885116361, -0.581992294465889 ], [ 117.094596886061467, -0.582046190602098 ], [ 117.094658869816072, -0.582065952518579 ], [ 117.094709175471976, -0.582110865964869 ], [ 117.09474331145276, -0.582130627881123 ], [ 117.094767565965441, -0.582160270755375 ], [ 117.094767565965441, -0.582206082469821 ], [ 117.094722650201234, -0.582251894183894 ], [ 117.094714565363674, -0.582259978603986 ], [ 117.094702887264972, -0.582293214553132 ], [ 117.094691209166299, -0.58234261934204 ], [ 117.09468671758988, -0.582359686450834 ], [ 117.094694802427441, -0.582392922399392 ], [ 117.094703785580279, -0.582454902951584 ], [ 117.094729836723502, -0.582516883503094 ], [ 117.094744209768066, -0.582639048066393 ], [ 117.094839431188177, -0.582660606518465 ], [ 117.094947229022267, -0.582651623830112 ], [ 117.095032568974261, -0.582625574033806 ], [ 117.095158333114057, -0.582612998270029 ], [ 117.095195164040703, -0.582624675764966 ], [ 117.095258046110587, -0.582648929023603 ], [ 117.095295775352511, -0.582707316497671 ], [ 117.095349674269556, -0.582736061100067 ], [ 117.095428726014561, -0.582755823014129 ], [ 117.095490709769166, -0.582808820874226 ], [ 117.095512269335998, -0.582845649895356 ], [ 117.095522150804115, -0.582949849075785 ], [ 117.095493404715, -0.583024405384735 ], [ 117.095452082211949, -0.583048658641651 ], [ 117.095378420358657, -0.583112435724153 ], [ 117.095362250683536, -0.583153756087079 ], [ 117.095363148998814, -0.583231905468304 ], [ 117.095329911333309, -0.58333969771649 ], [ 117.095343386062567, -0.583381018077747 ], [ 117.095344284377859, -0.583485217248265 ], [ 117.095315538288773, -0.583559773550124 ], [ 117.095258046110587, -0.583635228119674 ], [ 117.095146655015355, -0.583698106926859 ], [ 117.09501460266857, -0.583740325554146 ], [ 117.094977771741924, -0.58377715456918 ], [ 117.094990348155918, -0.583856202210389 ], [ 117.094999331308756, -0.583884946806917 ], [ 117.095019992560296, -0.583909200060123 ], [ 117.095073891477341, -0.583946029074051 ], [ 117.095140366808366, -0.583982858087738 ], [ 117.095215825292243, -0.584008009609141 ], [ 117.095298470298374, -0.584032262861816 ], [ 117.095382013619798, -0.584035855936277 ], [ 117.095439505797955, -0.584034957667662 ], [ 117.095518557542974, -0.584026873250119 ], [ 117.095580541297579, -0.583997230385696 ], [ 117.09566767788013, -0.583951418685825 ], [ 117.095709000383195, -0.58394692734268 ], [ 117.095754814462694, -0.583950520417196 ], [ 117.095816798217285, -0.58393794465638 ], [ 117.095851832513375, -0.583965790983864 ], [ 117.095816798217285, -0.584012500952237 ], [ 117.095805120118612, -0.584045736891035 ], [ 117.095759306039128, -0.584078972829636 ], [ 117.095697322284508, -0.584107717425025 ], [ 117.095699118915064, -0.58414095336326 ], [ 117.095744932994549, -0.584165206615362 ], [ 117.095787153812921, -0.584260423085563 ], [ 117.095787153812921, -0.584297252097189 ], [ 117.09579164538934, -0.584368215314032 ], [ 117.095797035281038, -0.584492176374214 ], [ 117.095752119516845, -0.584541581143814 ], [ 117.095577846351716, -0.584550563829149 ], [ 117.095499692922004, -0.584589189375926 ], [ 117.09541255633944, -0.584655661246503 ], [ 117.095408963078327, -0.58466374566314 ], [ 117.095352369215419, -0.58475177597689 ], [ 117.095249062957748, -0.584852382048056 ], [ 117.09521313034638, -0.584946700238136 ], [ 117.095179892680875, -0.585010477299102 ], [ 117.095039755496543, -0.585073356090894 ], [ 117.094915787987318, -0.585147912371676 ], [ 117.094836736242314, -0.585164979471957 ], [ 117.094725345147083, -0.585154200250733 ], [ 117.094646293402093, -0.585096711070522 ], [ 117.094558258504236, -0.585071559553995 ], [ 117.09451693600117, -0.585113778170959 ], [ 117.094517834316449, -0.58516767427726 ], [ 117.094506156217776, -0.585251213241003 ], [ 117.094507054533054, -0.585329362593055 ], [ 117.094507952848332, -0.585420087701543 ], [ 117.094533105676305, -0.585491050904189 ], [ 117.094534003991583, -0.585535964323121 ], [ 117.094530410730442, -0.585615011939567 ], [ 117.094481003389816, -0.58565273921066 ], [ 117.094419019635211, -0.585689568213149 ], [ 117.094357035880591, -0.585739871240547 ], [ 117.094298645387127, -0.585740769508889 ], [ 117.094187254291924, -0.585741667777231 ], [ 117.094150423365249, -0.585741667777231 ], [ 117.09403813395474, -0.585780293315807 ], [ 117.093993218190533, -0.58582610500075 ], [ 117.093997709766953, -0.585905152613104 ], [ 117.094039930585325, -0.585966234858251 ], [ 117.094130660429016, -0.585998572517176 ], [ 117.094198034075319, -0.586014741346569 ], [ 117.094226780164405, -0.586059654761304 ], [ 117.094179169454364, -0.586152176394522 ], [ 117.09414593178883, -0.586276137415274 ], [ 117.09408125308839, -0.586372252117881 ], [ 117.093948302426327, -0.58638482787324 ], [ 117.093858470897928, -0.586444113576696 ], [ 117.093791995566889, -0.586523161180326 ], [ 117.093759656216676, -0.586605801855656 ], [ 117.093711147191328, -0.58670640789354 ], [ 117.093658146589561, -0.586805217393273 ], [ 117.093624908924028, -0.586888756332594 ], [ 117.093563823484729, -0.586983972756536 ], [ 117.093473093641038, -0.587029784431629 ], [ 117.093236836721303, -0.587081883983238 ], [ 117.093146106877626, -0.587124102585049 ], [ 117.093064360186773, -0.587177998672003 ], [ 117.092994291594607, -0.587269622018634 ], [ 117.09297452865836, -0.587349567878682 ], [ 117.093054478718628, -0.587356754023349 ], [ 117.093118259103818, -0.587344178270175 ], [ 117.09315329339988, -0.58733250078506 ], [ 117.093213480523929, -0.587347771342514 ], [ 117.093273667647949, -0.587382803797691 ], [ 117.09332487161916, -0.587449275635117 ], [ 117.093393143580741, -0.587523831884262 ], [ 117.093444347551937, -0.587527424956485 ], [ 117.093468602064618, -0.587543593781459 ], [ 117.093488365000852, -0.587586710647828 ], [ 117.093512619513518, -0.587610065616972 ], [ 117.093620417347609, -0.587617251761305 ], [ 117.093679706156379, -0.587620844833467 ], [ 117.09371923202886, -0.587648691142651 ], [ 117.09374797811796, -0.587715162976913 ], [ 117.093779419152909, -0.58773851794552 ], [ 117.093835114700539, -0.587778041738325 ], [ 117.09388272541058, -0.587804989778714 ], [ 117.093931234435928, -0.587844513571048 ], [ 117.093934827697069, -0.587927154226844 ], [ 117.093934827697069, -0.587963084946374 ], [ 117.093931234435928, -0.588006201809504 ], [ 117.093918658021948, -0.588021472365116 ], [ 117.093879132149468, -0.588034048116765 ], [ 117.093875538888327, -0.588034048116765 ], [ 117.093831521439398, -0.588061894423888 ], [ 117.09379558882803, -0.58808614765901 ], [ 117.093751571379102, -0.588105909554217 ], [ 117.093668028057678, -0.588145433344421 ], [ 117.093568315061148, -0.588158009095792 ], [ 117.09347668690215, -0.588147229880333 ], [ 117.09337697390562, -0.588148128148289 ], [ 117.093313193520459, -0.588156212559883 ], [ 117.093245819874156, -0.58821190517277 ], [ 117.093206294001646, -0.588279275268262 ], [ 117.093178446227839, -0.588358322845935 ], [ 117.093178446227839, -0.588429286011301 ], [ 117.093206294001646, -0.588500249175764 ], [ 117.093273667647949, -0.588519112801609 ], [ 117.093365295806947, -0.588519112801609 ], [ 117.0933895503196, -0.588518214533713 ], [ 117.093469500379896, -0.58854606083842 ], [ 117.093513517828825, -0.5885730088751 ], [ 117.093513517828825, -0.588640378966231 ], [ 117.093497348153704, -0.588703257717218 ], [ 117.093493754892563, -0.588762543396072 ], [ 117.093453330704776, -0.588793982770966 ], [ 117.093409313255847, -0.588802965449474 ], [ 117.093353617708246, -0.588818236002905 ], [ 117.093278159224369, -0.588850573645328 ], [ 117.093242226613015, -0.588874826877021 ], [ 117.093206294001646, -0.588922435072261 ], [ 117.093202700740505, -0.588965551927976 ], [ 117.093202700740505, -0.58902483760404 ], [ 117.093214378839207, -0.589129934937331 ], [ 117.093222463676767, -0.589212575574081 ], [ 117.093302413737064, -0.589271861247517 ], [ 117.093330261510857, -0.589334739991381 ], [ 117.093333854771998, -0.589405703144317 ], [ 117.093274565963227, -0.589488343776976 ], [ 117.093218870415626, -0.589500919525317 ], [ 117.093130835517769, -0.589497326454365 ], [ 117.093071546709027, -0.589486547241497 ], [ 117.093032020836517, -0.589514393541365 ], [ 117.093015851161425, -0.589557510392499 ], [ 117.093007766323865, -0.589608711652787 ], [ 117.093019444422566, -0.589667997322005 ], [ 117.09306975007847, -0.590124317300309 ], [ 117.092893680282771, -0.590388407979316 ], [ 117.092696050920267, -0.590674955334525 ], [ 117.092475963675668, -0.590851015771151 ], [ 117.092299893879954, -0.591027076202197 ], [ 117.092255876431054, -0.591224695046724 ], [ 117.092343911328882, -0.591488785673429 ], [ 117.092893680282771, -0.591576815879539 ], [ 117.092960155613795, -0.591664846084252 ], [ 117.092981715180613, -0.59181934807282 ], [ 117.092849662833871, -0.59203942357236 ], [ 117.092629575589243, -0.592193027283191 ], [ 117.09260801602241, -0.592259499063166 ], [ 117.092475963675668, -0.592501132959333 ], [ 117.092519981124568, -0.592743665112175 ], [ 117.092696050920267, -0.592875710390924 ], [ 117.092761627936014, -0.593029314078567 ], [ 117.093988726614114, -0.593266456605506 ], [ 117.094049812053441, -0.593275439276781 ], [ 117.09407316825083, -0.59329160808504 ], [ 117.097236136366206, -0.595165392988432 ], [ 117.097247814464893, -0.595169884322528 ], [ 117.097252306041312, -0.595171680856165 ], [ 117.098611457066212, -0.595666625850922 ], [ 117.099361550328439, -0.595805857193525 ], [ 117.09995623504652, -0.596244211333062 ], [ 117.102571230838578, -0.599075547064596 ], [ 117.105338940228961, -0.601012208607328 ], [ 117.105681198352229, -0.601075087217348 ], [ 117.106777142998851, -0.60103915658314 ], [ 117.111699910755817, -0.598972246452855 ], [ 117.114208007029063, -0.598521316803155 ], [ 117.113360895716156, -0.59528486247413 ], [ 117.115073982962969, -0.591716047325126 ], [ 117.117149091269283, -0.588096028606622 ], [ 117.11806267791323, -0.58726782548244 ], [ 117.118619633389372, -0.586539330008204 ], [ 117.118748092475016, -0.586153972931075 ], [ 117.118933145423554, -0.585712024921864 ], [ 117.119218809683915, -0.585397630991658 ], [ 117.120061429420403, -0.58432689496003 ], [ 117.120915727255579, -0.583328918491764 ], [ 117.112697040721201, -0.580785919149063 ], [ 117.110346149622643, -0.579719673587648 ], [ 117.10960324288267, -0.579681946276825 ], [ 117.109186424590845, -0.579575950497452 ], [ 117.108329431809793, -0.579088190232914 ], [ 117.107877579221906, -0.578778287280601 ], [ 117.107424828318685, -0.578385743516697 ], [ 117.106925365020729, -0.577624909187629 ], [ 117.106842720014583, -0.577219789568247 ], [ 117.106652277174362, -0.576482310098363 ], [ 117.106558852384808, -0.57592538278618 ], [ 117.106370206175143, -0.575775371710529 ], [ 117.106221984153251, -0.575716085895112 ], [ 117.10588870918285, -0.575566973083913 ], [ 117.105680300036923, -0.575425046428669 ], [ 117.105376669470914, -0.575252578589696 ], [ 117.105078428796574, -0.575052264374346 ], [ 117.104887985956339, -0.575033400703481 ], [ 117.104554710985937, -0.575137600027485 ], [ 117.104250182104622, -0.575128617327215 ], [ 117.104088485353458, -0.575185208338682 ], [ 117.103888161045091, -0.575261561289771 ], [ 117.103765091851187, -0.575261561289771 ], [ 117.103541411345432, -0.575121431166988 ], [ 117.103291679696468, -0.574776495465483 ], [ 117.103124593053607, -0.574466592278394 ], [ 117.102994337337421, -0.574026439896834 ], [ 117.103124593053607, -0.573270096337574 ], [ 117.103117406531354, -0.573076968215571 ], [ 117.102988947445709, -0.572977260205848 ], [ 117.102811081019453, -0.572848807542116 ], [ 117.102675435411541, -0.57279850440029 ], [ 117.102424805447285, -0.572891924520473 ], [ 117.101433065373612, -0.573307823690879 ], [ 117.100872516636329, -0.57337519396402 ], [ 117.100098168861422, -0.573461427912484 ], [ 117.100011930594135, -0.573443462506661 ], [ 117.099975997982767, -0.573396752451258 ], [ 117.099872691725096, -0.573357228557927 ], [ 117.099785555142546, -0.573384176667046 ], [ 117.099133378246265, -0.57353867915688 ], [ 117.098704881855738, -0.573545865319096 ], [ 117.098362623732498, -0.573617726940764 ], [ 117.097648463081612, -0.573596168454358 ], [ 117.097477783177638, -0.573588982292205 ], [ 117.097228051528646, -0.573545865319096 ], [ 117.097039405318995, -0.573394955910658 ], [ 117.096696248880448, -0.572923363983654 ], [ 117.09653994202101, -0.572666458650895 ] ] ] } },
{ "type": "Feature", "properties": { "FID": 1, "Kode_Prov": 64, "Provinsi": "Kalimantan Timur", "Kode_kota": "6472", "Kota": "Kota Samarinda", "Kode_Kec": 647202, "Kecamatan": "Loa Janan Ilir", "Kode_Kel": 64720205, "Kelurahan": "Simpang Tiga", "Sumber": "Revisi RTRW Kota Samarinda Tahun 2019 (Data belum disahkan)", "city": "samarinda", "source_layer": "Batas Administrasi AR", "role": "admin" }, "geometry": { "type": "Polygon", "coordinates": [ [ [ 117.10907233854978, -0.567691834943682 ], [ 117.105653350578407, -0.564809281975962 ], [ 117.089744186896638, -0.566982200659624 ], [ 117.087391499167552, -0.566788174055418 ], [ 117.083932087008392, -0.566703736549706 ], [ 117.083930290377836, -0.566703736549706 ], [ 117.083999460654695, -0.567643328299189 ], [ 117.08387279819965, -0.571467267522331 ], [ 117.083462268114801, -0.574621094738986 ], [ 117.083003229004632, -0.576100545414429 ], [ 117.085642479309357, -0.576866769565964 ], [ 117.085711649586244, -0.576878447072751 ], [ 117.086133857769795, -0.576930546718125 ], [ 117.087265735027785, -0.577037440816622 ], [ 117.088018523235846, -0.577143436643401 ], [ 117.088216152598378, -0.577258415165131 ], [ 117.088411087015032, -0.577492863549893 ], [ 117.088669801816835, -0.57727817709832 ], [ 117.088941991347937, -0.577221586107643 ], [ 117.089155790385533, -0.577244042850042 ], [ 117.089461217582155, -0.577233263613701 ], [ 117.08968669471848, -0.577120081630891 ], [ 117.089957985934277, -0.576972765395923 ], [ 117.090172683287179, -0.576792213175912 ], [ 117.090309227210341, -0.576781433938715 ], [ 117.090613756091685, -0.576916174402208 ], [ 117.090929963071687, -0.576916174402208 ], [ 117.091235390268281, -0.577051813132234 ], [ 117.0912686279338, -0.577164995116403 ], [ 117.091167118306686, -0.577267397862044 ], [ 117.090986556934595, -0.577267397862044 ], [ 117.090816775345886, -0.577267397862044 ], [ 117.090692807836703, -0.577312311346392 ], [ 117.090647892072496, -0.577458729302904 ], [ 117.090692807836703, -0.57759436801999 ], [ 117.090850911326697, -0.577673415747659 ], [ 117.0910656086796, -0.57780905445962 ], [ 117.091291984131189, -0.578035418395548 ], [ 117.091450087621183, -0.578181836333427 ], [ 117.09155069893302, -0.578192615567968 ], [ 117.091653106875413, -0.578080331873827 ], [ 117.091721378836993, -0.577944693168343 ], [ 117.091833668247531, -0.577922236428712 ], [ 117.091946855973319, -0.577967149907885 ], [ 117.091980991954102, -0.57812524535175 ], [ 117.091957635756728, -0.578260884052921 ], [ 117.092015127934914, -0.578442334495777 ], [ 117.092139095444125, -0.578532161445539 ], [ 117.092228926972538, -0.578542940679415 ], [ 117.092243300017074, -0.578484553162342 ], [ 117.092243300017074, -0.578430656992203 ], [ 117.092254978115747, -0.578364185048327 ], [ 117.092258571376888, -0.578294120025561 ], [ 117.092271147790882, -0.578251901357579 ], [ 117.092304385456373, -0.57822315673239 ], [ 117.092358284373418, -0.578175548446602 ], [ 117.092449014217138, -0.578151295168782 ], [ 117.092514591232856, -0.578166565751125 ], [ 117.092570286780486, -0.578215970576071 ], [ 117.092590948032012, -0.578303102720836 ], [ 117.092557710366506, -0.578377659091068 ], [ 117.092541540691386, -0.578427962183683 ], [ 117.092557710366506, -0.578510602977726 ], [ 117.092583761509758, -0.578586057614714 ], [ 117.092597236239016, -0.578690256873667 ], [ 117.092630473904521, -0.578780982088955 ], [ 117.092625982328101, -0.578839369602977 ], [ 117.09262238906696, -0.578880689997152 ], [ 117.09266371157004, -0.578947161934976 ], [ 117.092731085216357, -0.578963330784599 ], [ 117.09275533972901, -0.578921112121597 ], [ 117.092795763916797, -0.578812421519657 ], [ 117.092849662833871, -0.57871989976595 ], [ 117.092911646588476, -0.578677681101136 ], [ 117.092932307839988, -0.578648936478104 ], [ 117.092981715180613, -0.578560906069163 ], [ 117.092997884855748, -0.578552821643783 ], [ 117.093068851763192, -0.57853485625401 ], [ 117.093135327094203, -0.578568092225046 ], [ 117.093173056336141, -0.578618395315973 ], [ 117.093201802425227, -0.578674986292733 ], [ 117.093217972100348, -0.578710018801873 ], [ 117.093215277154485, -0.578791761322358 ], [ 117.093273667647949, -0.578883384805457 ], [ 117.093357210969387, -0.578931891354734 ], [ 117.093481178478569, -0.578939077510147 ], [ 117.093563823484729, -0.578933687893588 ], [ 117.093634790392173, -0.578929196546452 ], [ 117.093712943821885, -0.578920213852168 ], [ 117.093780317468187, -0.578914824235591 ], [ 117.093829724808813, -0.578939975779573 ], [ 117.093862962474347, -0.578998363291958 ], [ 117.093852182690924, -0.579081902347094 ], [ 117.093851284375631, -0.579185203327548 ], [ 117.093855775952065, -0.579247183914917 ], [ 117.093918658021948, -0.579358569316602 ], [ 117.093972556939022, -0.579444803174466 ], [ 117.09402555754076, -0.579515766452349 ], [ 117.094067778359133, -0.579566069534867 ], [ 117.094121677276178, -0.579614576078301 ], [ 117.09418096608492, -0.579660387813384 ], [ 117.094239356578385, -0.579705301278793 ], [ 117.094314815062248, -0.579790636862087 ], [ 117.094343561151334, -0.579828364172187 ], [ 117.094369612294585, -0.579907411868722 ], [ 117.094424409526908, -0.579947833985842 ], [ 117.09447920675926, -0.58004305052725 ], [ 117.095609287386665, -0.578983990981273 ], [ 117.09588327354831, -0.578674088023265 ], [ 117.096037783777192, -0.578531263176049 ], [ 117.096192294006073, -0.578258189244319 ], [ 117.096275837327482, -0.578174650177055 ], [ 117.096385431792157, -0.578027333969421 ], [ 117.096534552129313, -0.577992301456067 ], [ 117.096827402911927, -0.57800577549969 ], [ 117.096892081612395, -0.577813545807643 ], [ 117.097106778965298, -0.577217094759152 ], [ 117.097306204958386, -0.576817364729292 ], [ 117.097392443225644, -0.576635914234561 ], [ 117.097411307846613, -0.576436498337642 ], [ 117.097334951047458, -0.576274809767445 ], [ 117.097249611095478, -0.576227201465346 ], [ 117.097049286787112, -0.576131984859955 ], [ 117.096935200746017, -0.575989159948884 ], [ 117.096839979325907, -0.575769982090971 ], [ 117.096735774752958, -0.575570566163747 ], [ 117.096592942622777, -0.575398996599159 ], [ 117.096497721202667, -0.575332524619868 ], [ 117.096278532273345, -0.575293899009925 ], [ 117.095911121322118, -0.575242697619597 ], [ 117.095682949239972, -0.57507112804515 ], [ 117.095326318072168, -0.574942675428445 ], [ 117.095247266327178, -0.574828595130067 ], [ 117.0952903854608, -0.574628280899842 ], [ 117.095418844546444, -0.574443237254918 ], [ 117.095668576195408, -0.57365186121074 ], [ 117.095752119516845, -0.573259317093727 ], [ 117.095947053933472, -0.572859586786736 ], [ 117.09606113997458, -0.572608969344085 ], [ 117.096203972104746, -0.57239518097933 ], [ 117.09653994202101, -0.572666458650895 ], [ 117.096696248880448, -0.572923363983654 ], [ 117.097039405318995, -0.573394955910658 ], [ 117.097228051528646, -0.573545865319096 ], [ 117.097477783177638, -0.573588982292205 ], [ 117.097648463081612, -0.573596168454358 ], [ 117.098362623732498, -0.573617726940764 ], [ 117.098704881855738, -0.573545865319096 ], [ 117.099133378246265, -0.57353867915688 ], [ 117.099785555142546, -0.573384176667046 ], [ 117.099872691725096, -0.573357228557927 ], [ 117.099975997982767, -0.573396752451258 ], [ 117.100011930594135, -0.573443462506661 ], [ 117.100098168861422, -0.573461427912484 ], [ 117.100872516636329, -0.57337519396402 ], [ 117.101433065373612, -0.573307823690879 ], [ 117.102424805447285, -0.572891924520473 ], [ 117.102675435411541, -0.57279850440029 ], [ 117.102811081019453, -0.572848807542116 ], [ 117.102988947445709, -0.572977260205848 ], [ 117.103117406531354, -0.573076968215571 ], [ 117.103124593053607, -0.573270096337574 ], [ 117.102994337337421, -0.574026439896834 ], [ 117.103124593053607, -0.574466592278394 ], [ 117.103291679696468, -0.574776495465483 ], [ 117.103541411345432, -0.575121431166988 ], [ 117.103765091851187, -0.575261561289771 ], [ 117.103888161045091, -0.575261561289771 ], [ 117.104088485353458, -0.575185208338682 ], [ 117.104250182104622, -0.575128617327215 ], [ 117.104554710985937, -0.575137600027485 ], [ 117.104887985956339, -0.575033400703481 ], [ 117.105078428796574, -0.575052264374346 ], [ 117.105376669470914, -0.575252578589696 ], [ 117.105680300036923, -0.575425046428669 ], [ 117.10588870918285, -0.575566973083913 ], [ 117.106221984153251, -0.575716085895112 ], [ 117.106370206175143, -0.575775371710529 ], [ 117.106558852384808, -0.57592538278618 ], [ 117.106652277174362, -0.576482310098363 ], [ 117.106842720014583, -0.577219789568247 ], [ 117.106925365020729, -0.577624909187629 ], [ 117.107424828318685, -0.578385743516697 ], [ 117.107877579221906, -0.578778287280601 ], [ 117.108329431809793, -0.579088190232914 ], [ 117.109186424590845, -0.579575950497452 ], [ 117.10960324288267, -0.579681946276825 ], [ 117.110346149622643, -0.579719673587648 ], [ 117.112697040721201, -0.580785919149063 ], [ 117.120915727255579, -0.583328918491764 ], [ 117.121776313297786, -0.58119463158981 ], [ 117.122853393323453, -0.579274131996171 ], [ 117.123746318715874, -0.576168813924493 ], [ 117.124209849402462, -0.571529248193542 ], [ 117.12520967431368, -0.567317255845094 ], [ 117.125846579850133, -0.566461203281775 ], [ 117.123794827741193, -0.567578652772565 ], [ 117.120831285618891, -0.569144339276218 ], [ 117.118481292835625, -0.569884514503555 ], [ 117.118068067804927, -0.569777620271499 ], [ 117.111958625557648, -0.568288286983435 ], [ 117.10907233854978, -0.567691834943682 ] ] ] } },
{ "type": "Feature", "properties": { "FID": 2, "Kode_Prov": 64, "Provinsi": "Kalimantan Timur", "Kode_kota": "6472", "Kota": "Kota Samarinda", "Kode_Kec": 647205, "Kecamatan": "Palaran", "Kode_Kel": 64720505, "Kelurahan": "Rawa Makmur", "Sumber": "Revisi RTRW Kota Samarinda Tahun 2019 (Data belum disahkan)", "city": "samarinda", "source_layer": "Batas Administrasi AR", "role": "admin" }, "geometry": { "type": "Polygon", "coordinates": [ [ [ 117.179252321806317, -0.553738971845177 ], [ 117.179071760434212, -0.553575486096612 ], [ 117.173881294722577, -0.556716747189488 ], [ 117.173681868729489, -0.556760762560393 ], [ 117.172672162350139, -0.556443672227962 ], [ 117.171894221314091, -0.556383487941978 ], [ 117.171397452961997, -0.55635115011642 ], [ 117.171109992071052, -0.556387979306625 ], [ 117.170690478833365, -0.556510144423708 ], [ 117.170303304945932, -0.556553261523251 ], [ 117.169991589542335, -0.556472416961349 ], [ 117.16980294333267, -0.556416724040284 ], [ 117.169671789301162, -0.556438282590436 ], [ 117.169517279072309, -0.556408639583956 ], [ 117.169178614210225, -0.556356539754025 ], [ 117.169028595557762, -0.556452654957161 ], [ 117.168357554040526, -0.55660176825986 ], [ 117.167584104580897, -0.556619733717763 ], [ 117.167381085326667, -0.556670935272483 ], [ 117.16716189639736, -0.556690697275941 ], [ 117.166899588334388, -0.556703273096289 ], [ 117.166698365710744, -0.556698781731882 ], [ 117.166550143688866, -0.556736509192792 ], [ 117.166391141883565, -0.556729323009781 ], [ 117.166259089536823, -0.556823641661116 ], [ 117.166082121425831, -0.556842505391202 ], [ 117.165827898200448, -0.556951196406236 ], [ 117.165604217694707, -0.557102106241968 ], [ 117.165374248981948, -0.557181154249618 ], [ 117.165161348259602, -0.557296133167944 ], [ 117.164974498680536, -0.557485668723722 ], [ 117.164754411435922, -0.557673407727933 ], [ 117.164508273048085, -0.557710236909875 ], [ 117.164357356080345, -0.557834198544962 ], [ 117.164174099762377, -0.557923127542437 ], [ 117.163934249581501, -0.558112663078026 ], [ 117.163775247776229, -0.558307588243327 ], [ 117.163635110591898, -0.558500716856952 ], [ 117.163574025152585, -0.55863815256418 ], [ 117.163336869917586, -0.558852839708252 ], [ 117.163145528762058, -0.559043273486385 ], [ 117.162962272444091, -0.559142981735681 ], [ 117.162750270037023, -0.559381023945619 ], [ 117.162671218292047, -0.559533730263892 ], [ 117.162676608183745, -0.559655895315648 ], [ 117.162562522142679, -0.559850820429726 ], [ 117.162368486041288, -0.560194858748899 ], [ 117.162349621420333, -0.560364632220108 ], [ 117.16177110637733, -0.561118282649284 ], [ 117.161750445125818, -0.561270090650092 ], [ 117.161618392779033, -0.56152250512792 ], [ 117.161299490853182, -0.561920439674031 ], [ 117.161062335618197, -0.562442335730663 ], [ 117.160888062453054, -0.562682174350334 ], [ 117.160706602765671, -0.563050465844491 ], [ 117.160455074486109, -0.563441214111635 ], [ 117.160233190610938, -0.563875977670024 ], [ 117.159901712271107, -0.564254150077674 ], [ 117.15964569241514, -0.564664660240575 ], [ 117.159263908419362, -0.564994325930278 ], [ 117.158993515518858, -0.565368905178982 ], [ 117.158616223099543, -0.565776720448656 ], [ 117.158284744759669, -0.56596176437214 ], [ 117.157728687598805, -0.566462101553156 ], [ 117.1571402910877, -0.567012741883767 ], [ 117.156611183385394, -0.567379236560923 ], [ 117.156168313950289, -0.567736748503035 ], [ 117.15577395354056, -0.56819756160184 ], [ 117.155654477607797, -0.568768862000786 ], [ 117.155400254382386, -0.569363517387421 ], [ 117.15543798362431, -0.570000391441946 ], [ 117.155452356668874, -0.570657027382108 ], [ 117.155655375923075, -0.571558891123016 ], [ 117.155912294094321, -0.572380808652001 ], [ 117.15684923693567, -0.573998593520534 ], [ 117.157425057032782, -0.574710921749037 ], [ 117.158179641871442, -0.575544516334901 ], [ 117.158846191812259, -0.576086173096416 ], [ 117.159519029960052, -0.576631422885608 ], [ 117.160470345845951, -0.577190146668135 ], [ 117.161230320576323, -0.577580893975391 ], [ 117.162115161131183, -0.578072247447763 ], [ 117.162964069074661, -0.578484553162342 ], [ 117.163358429484404, -0.578593243770565 ], [ 117.163798603973618, -0.578418979488606 ], [ 117.16413367557459, -0.578528568367576 ], [ 117.164165116609539, -0.578992973675455 ], [ 117.164258541399093, -0.579542714532325 ], [ 117.164428322987789, -0.580217314759264 ], [ 117.164501984841081, -0.581124566602068 ], [ 117.164528934299597, -0.581490162105466 ], [ 117.164375322386022, -0.581973430818095 ], [ 117.164221710472418, -0.582249199377195 ], [ 117.164454374131026, -0.582291418015345 ], [ 117.164966413842976, -0.582322857426528 ], [ 117.165859339235396, -0.582477359673224 ], [ 117.166166563062546, -0.582597727699691 ], [ 117.166448634061751, -0.582630065378005 ], [ 117.166592364507238, -0.582550119450724 ], [ 117.167222083521395, -0.582648030754766 ], [ 117.167513137673438, -0.582737857637712 ], [ 117.168228196639603, -0.582838463744911 ], [ 117.169204665353433, -0.582936375043941 ], [ 117.169987097965901, -0.583444795156483 ], [ 117.1738633284169, -0.584276591919965 ], [ 117.174578387383065, -0.584437381992877 ], [ 117.17543088858767, -0.584605358209382 ], [ 117.176491798938216, -0.584829925335898 ], [ 117.177268841658986, -0.584979037902942 ], [ 117.177357774872121, -0.584973648292154 ], [ 117.177428741779551, -0.584992511929889 ], [ 117.177491623849434, -0.585066169943296 ], [ 117.177499708686994, -0.585161386398218 ], [ 117.177496115425853, -0.585402122333643 ], [ 117.177531149721943, -0.585673399382818 ], [ 117.177640744186618, -0.585849459977244 ], [ 117.177741355498426, -0.585870120148676 ], [ 117.178195004716912, -0.585906949149736 ], [ 117.178769926498745, -0.58589886473489 ], [ 117.179225372347787, -0.585866527075389 ], [ 117.179464324213384, -0.585881797636843 ], [ 117.179969177403038, -0.585879102831884 ], [ 117.180198247800504, -0.58589167858835 ], [ 117.180750711700227, -0.585878204563564 ], [ 117.182589563086822, -0.58548476302551 ], [ 117.184945844077077, -0.585526981639363 ], [ 117.184438295941533, -0.590487217413815 ], [ 117.184352057674261, -0.592051999314927 ], [ 117.18474192650757, -0.592427475044146 ], [ 117.186056161768249, -0.593694930009088 ], [ 117.187248226150288, -0.594844711724557 ], [ 117.190956471643105, -0.598421609246124 ], [ 117.191005878983731, -0.598416219648395 ], [ 117.191059777900776, -0.598432388441566 ], [ 117.191089422305168, -0.598479996554515 ], [ 117.191137931330516, -0.598476403489401 ], [ 117.19117386394187, -0.598452150299822 ], [ 117.191204406661512, -0.598424304044986 ], [ 117.191267288731396, -0.598429693642707 ], [ 117.191290644928813, -0.598448557234689 ], [ 117.191334662377727, -0.598448557234689 ], [ 117.19137328993493, -0.598420710979836 ], [ 117.191411917492161, -0.598365018469705 ], [ 117.191447850103529, -0.598296750230709 ], [ 117.191452341679948, -0.598242854251954 ], [ 117.191466714724484, -0.59817368774511 ], [ 117.191490969237165, -0.598129672694846 ], [ 117.191576309189159, -0.598043439125959 ], [ 117.191632004736761, -0.598041642593259 ], [ 117.191939228563939, -0.598024575532584 ], [ 117.192284181633042, -0.598012898069986 ], [ 117.192459353113435, -0.597978763948404 ], [ 117.192568049262817, -0.597947324625707 ], [ 117.192669558889932, -0.597881751180644 ], [ 117.192771068517033, -0.597863785853093 ], [ 117.192913002331935, -0.597891632110772 ], [ 117.193186090178301, -0.597816177734798 ], [ 117.193525653355678, -0.597335605196828 ], [ 117.193631654559212, -0.597161341499778 ], [ 117.193612789938257, -0.597007737927179 ], [ 117.193468161177492, -0.596824491554255 ], [ 117.192976782717096, -0.596303496931222 ], [ 117.192812391020098, -0.596120250534846 ], [ 117.192610270081175, -0.595743876789833 ], [ 117.192600388613059, -0.5954061284908 ], [ 117.19266866057464, -0.595078261106255 ], [ 117.193249870563477, -0.594317429045689 ], [ 117.193394499324214, -0.594047948951871 ], [ 117.193442110034283, -0.593807213390281 ], [ 117.193384617856083, -0.593585341426844 ], [ 117.193268735184432, -0.593373350392735 ], [ 117.193076495713626, -0.593199086570477 ], [ 117.192690220141472, -0.592978112849826 ], [ 117.192006602210256, -0.592621500769849 ], [ 117.191880838070475, -0.592514606968103 ], [ 117.191746090777855, -0.592389747818915 ], [ 117.191505342281715, -0.591840008222127 ], [ 117.191369696673789, -0.591377400512678 ], [ 117.191269983677259, -0.590489013948971 ], [ 117.191288848298228, -0.589370670701841 ], [ 117.19127986514539, -0.589071547530192 ], [ 117.191409222546298, -0.588510130122644 ], [ 117.191640987889627, -0.587662165163173 ], [ 117.191698480067799, -0.587353160951017 ], [ 117.191698480067799, -0.587045054989909 ], [ 117.191708361535945, -0.586804319125101 ], [ 117.19181436273945, -0.586302187194648 ], [ 117.191881736385753, -0.585800953487495 ], [ 117.192003008949115, -0.583356764822263 ], [ 117.192232977661831, -0.581438960771035 ], [ 117.19206948428014, -0.580870356446937 ], [ 117.191943720140358, -0.580127487836216 ], [ 117.191972466229444, -0.579780755899877 ], [ 117.192108111837356, -0.579452887598574 ], [ 117.192347962018204, -0.578948958473825 ], [ 117.192521336868055, -0.578611209160154 ], [ 117.192550082957126, -0.578418979488606 ], [ 117.192550082957126, -0.578235732505928 ], [ 117.192682135303912, -0.578007572038837 ], [ 117.192876171405288, -0.577682398443915 ], [ 117.192600388613059, -0.576998815218237 ], [ 117.193225616050782, -0.57614995025732 ], [ 117.193328922308453, -0.5758571142732 ], [ 117.193579552272723, -0.575432232588513 ], [ 117.193781673211674, -0.575009147412276 ], [ 117.193945166593394, -0.574515997135433 ], [ 117.194027811599526, -0.574361494672 ], [ 117.194043981274646, -0.574267176305641 ], [ 117.193798741202073, -0.57388181839264 ], [ 117.193761011960135, -0.573480291588538 ], [ 117.193859826641386, -0.572892822790852 ], [ 117.193700824836114, -0.572719456605099 ], [ 117.193495110636022, -0.572624239941263 ], [ 117.193177107025463, -0.572575733338323 ], [ 117.192993850707509, -0.572499380351383 ], [ 117.192839340478628, -0.57229637122822 ], [ 117.192877968035845, -0.572010721210895 ], [ 117.193002833860348, -0.571573263452402 ], [ 117.193283108228982, -0.571245394679324 ], [ 117.193497805581885, -0.570886086413372 ], [ 117.193603806785418, -0.57058696226484 ], [ 117.193671180431721, -0.570250110727606 ], [ 117.19371070630423, -0.569918648795726 ], [ 117.193719689457069, -0.569545866383426 ], [ 117.193575060696304, -0.569015886526846 ], [ 117.193440313403698, -0.568041262426246 ], [ 117.193449296556537, -0.567771781079088 ], [ 117.193662197278883, -0.567530146127123 ], [ 117.193662197278883, -0.567318154116343 ], [ 117.193708909673646, -0.567089094943422 ], [ 117.193748435546155, -0.566836680707079 ], [ 117.193825690660603, -0.566672297052584 ], [ 117.193805927724341, -0.566286938631142 ], [ 117.194018828446687, -0.565853073524595 ], [ 117.194114948182076, -0.565756958475897 ], [ 117.194074523994288, -0.565619522936207 ], [ 117.195150705704677, -0.562896861346097 ], [ 117.195548659375547, -0.561844086546517 ], [ 117.195419301974624, -0.561817138383627 ], [ 117.195244130494231, -0.561745276615312 ], [ 117.195144417497701, -0.561709345730823 ], [ 117.194930618460063, -0.561646466682436 ], [ 117.194770718339484, -0.561601553076031 ], [ 117.194633276101015, -0.561548555020029 ], [ 117.194549732779578, -0.561530589577208 ], [ 117.194450019783048, -0.561494658691399 ], [ 117.194267661780373, -0.561449745083828 ], [ 117.194061049265031, -0.561395848754287 ], [ 117.193962234583779, -0.56135991786765 ], [ 117.193847250227421, -0.561323986980792 ], [ 117.193756520383715, -0.561288056093714 ], [ 117.193603806785418, -0.561234159762683 ], [ 117.19350409378886, -0.561207211596981 ], [ 117.193336108830749, -0.561163196259401 ], [ 117.193237294149498, -0.561145230815396 ], [ 117.193145665990528, -0.561118282649284 ], [ 117.193001037229763, -0.561082351760943 ], [ 117.192779153354607, -0.561001507261367 ], [ 117.192603981874171, -0.560974559094593 ], [ 117.192306639515138, -0.560875749148696 ], [ 117.192108111837356, -0.560812870091347 ], [ 117.191924855519403, -0.560750889305584 ], [ 117.191810769478309, -0.560723941137657 ], [ 117.191719141319339, -0.560696992969606 ], [ 117.191490070921887, -0.560634113910337 ], [ 117.19136071352095, -0.560607165741872 ], [ 117.191253814002138, -0.560562252127488 ], [ 117.191017557082432, -0.56048140762073 ], [ 117.19090257272606, -0.560445476728479 ], [ 117.190795673207248, -0.560400563112855 ], [ 117.190627688249137, -0.56035654776921 ], [ 117.190521687045603, -0.560320616876193 ], [ 117.190360888609746, -0.560257737812883 ], [ 117.190124631690011, -0.56015892785489 ], [ 117.189888374770277, -0.560060117895232 ], [ 117.189773390413933, -0.559988256105343 ], [ 117.18949850593701, -0.559862497970917 ], [ 117.189399691255758, -0.559835549798903 ], [ 117.189316147934321, -0.559781653454505 ], [ 117.189117620256511, -0.559718774385414 ], [ 117.189010720737699, -0.559664878039942 ], [ 117.188895736381326, -0.559611879966412 ], [ 117.188591207500039, -0.559477139099348 ], [ 117.188453765261556, -0.559441208200942 ], [ 117.188377408462415, -0.55938731185292 ], [ 117.188255237583775, -0.559333415504404 ], [ 117.188163609424791, -0.559297484605117 ], [ 117.187988437944384, -0.559216640080919 ], [ 117.187752181024663, -0.559135795555608 ], [ 117.187637196668277, -0.559081899204782 ], [ 117.187232954790446, -0.55893817560016 ], [ 117.187141326631476, -0.558921108421878 ], [ 117.186950883791226, -0.558831281166942 ], [ 117.186859255632228, -0.558795350264583 ], [ 117.186702050457512, -0.558737860820352 ], [ 117.186660727954447, -0.558723488459206 ], [ 117.186439742394569, -0.558633661201249 ], [ 117.186317571515914, -0.558570782119862 ], [ 117.186210671997117, -0.558543833941919 ], [ 117.185874702080838, -0.558373162145409 ], [ 117.185730073320101, -0.558319265787587 ], [ 117.185607902441447, -0.558247403976389 ], [ 117.185356374161898, -0.558122544077344 ], [ 117.185226118445698, -0.558068647717225 ], [ 117.18512730376446, -0.558005768629796 ], [ 117.18501321772338, -0.557942889541694 ], [ 117.184821876567867, -0.557835096817671 ], [ 117.18467724780713, -0.557763235000558 ], [ 117.184502076326694, -0.557664425000596 ], [ 117.184387091970351, -0.557592563181399 ], [ 117.184196649130101, -0.557466804995695 ], [ 117.184074478251475, -0.557385960446324 ], [ 117.183914578130896, -0.557278167712104 ], [ 117.183761864532599, -0.55718834043208 ], [ 117.183639693653959, -0.557098513150686 ], [ 117.183532794135147, -0.557044616781192 ], [ 117.183410623256492, -0.556972754954434 ], [ 117.183242638298381, -0.556873944941211 ], [ 117.183159094976943, -0.556811065841025 ], [ 117.182914753219677, -0.556685307638641 ], [ 117.182770124458941, -0.556604463078549 ], [ 117.182670411462396, -0.556559549433575 ], [ 117.182578783303427, -0.556505653059154 ], [ 117.182464697262333, -0.5564697221426 ], [ 117.182364984265803, -0.556388877579554 ], [ 117.182258983062269, -0.556334981203574 ], [ 117.182090998104115, -0.556227188450138 ], [ 117.181960742387929, -0.556137361154103 ], [ 117.181869114228959, -0.556093345778547 ], [ 117.18184845297742, -0.556077176864995 ], [ 117.181785570907522, -0.556030466670041 ], [ 117.181702027586127, -0.555958604830928 ], [ 117.181602314589597, -0.555895725720987 ], [ 117.181480143710928, -0.55578793295953 ], [ 117.181396600389533, -0.555707088387146 ], [ 117.181281616033147, -0.555599295622247 ], [ 117.181190886189441, -0.555526535504828 ], [ 117.181045359113426, -0.555409760005864 ], [ 117.180961815791989, -0.555328915428306 ], [ 117.180885458992847, -0.555266036311663 ], [ 117.180785745996317, -0.555176209001013 ], [ 117.180618659353485, -0.555023502569777 ], [ 117.180503674997098, -0.554906727060877 ], [ 117.180412046838129, -0.554834865208101 ], [ 117.180343774876519, -0.554754020622684 ], [ 117.180198247800504, -0.554619279644535 ], [ 117.180107517956799, -0.554520469591943 ], [ 117.179946719520942, -0.554376745876137 ], [ 117.179863176199504, -0.554304884016926 ], [ 117.179741005320878, -0.554206073959087 ], [ 117.179603563082424, -0.554071332968469 ], [ 117.179252321806317, -0.553738971845177 ] ] ] } },
{ "type": "Feature", "properties": { "FID": 3, "Kode_Prov": 64, "Provinsi": "Kalimantan Timur", "Kode_kota": "6472", "Kota": "Kota Samarinda", "Kode_Kec": 647205, "Kecamatan": "Palaran", "Kode_Kel": 64720502, "Kelurahan": "Handil Bakti", "Sumber": "Revisi RTRW Kota Samarinda Tahun 2019 (Data belum disahkan)", "city": "samarinda", "source_layer": "Batas Administrasi AR", "role": "admin" }, "geometry": { "type": "Polygon", "coordinates": [ [ [ 117.16651960096921, -0.538523998812359 ], [ 117.166450430692336, -0.538451238487908 ], [ 117.161454899397341, -0.542266213832043 ], [ 117.160899740551756, -0.542185369076844 ], [ 117.160812603969191, -0.54222040180423 ], [ 117.160754213475727, -0.542294060358584 ], [ 117.160735348854757, -0.542377599937438 ], [ 117.160789247771802, -0.54253300151654 ], [ 117.160834163536009, -0.542629116942079 ], [ 117.160827875329034, -0.542730622015991 ], [ 117.160884469191942, -0.542854583962351 ], [ 117.160959029360498, -0.542974054531438 ], [ 117.160966215882794, -0.543033340677628 ], [ 117.160882672561357, -0.543089033723519 ], [ 117.160812603969191, -0.543190538789709 ], [ 117.16071738254908, -0.543239045634898 ], [ 117.160610483030268, -0.543265993882056 ], [ 117.160497295304467, -0.543326178300277 ], [ 117.160441599756837, -0.543355821371717 ], [ 117.160366141273002, -0.543388159267668 ], [ 117.160289784473846, -0.543332466224533 ], [ 117.160269123222307, -0.543218385311995 ], [ 117.160146054028388, -0.543296535228691 ], [ 117.160013103366339, -0.543357617921496 ], [ 117.159914288685087, -0.543421395438326 ], [ 117.159831643678928, -0.543429479912242 ], [ 117.159612454749606, -0.543570509066595 ], [ 117.159547776049138, -0.543584881464306 ], [ 117.159208212871761, -0.543758248508998 ], [ 117.159037532967787, -0.543831008769796 ], [ 117.158934226710116, -0.543889396632764 ], [ 117.158662935494306, -0.544013358555348 ], [ 117.158459916240076, -0.544128337727641 ], [ 117.158372779657526, -0.544176844565296 ], [ 117.158268575084577, -0.544237028974436 ], [ 117.158194014915992, -0.544259485843364 ], [ 117.158044894578836, -0.544343025395043 ], [ 117.157922723700196, -0.544392430505706 ], [ 117.157864333206732, -0.544370871912012 ], [ 117.157814925866106, -0.544405006351992 ], [ 117.157725992652971, -0.544494833824701 ], [ 117.157571482424089, -0.544577475098411 ], [ 117.157422362086933, -0.544638557778252 ], [ 117.156878881340035, -0.544938581520243 ], [ 117.156773778451807, -0.544977207330252 ], [ 117.15662555642993, -0.545061645146619 ], [ 117.15646206304821, -0.545140693314059 ], [ 117.156205144876935, -0.545257469014062 ], [ 117.156112618402688, -0.545311365490222 ], [ 117.156067702638481, -0.545322144785396 ], [ 117.155982362686487, -0.545374244711799 ], [ 117.155872768221812, -0.545439818756458 ], [ 117.15582156425063, -0.545445208403933 ], [ 117.155777546801701, -0.545480241112399 ], [ 117.155747902397323, -0.545482037661545 ], [ 117.155720952938793, -0.545519765193501 ], [ 117.155677833805171, -0.545625761591537 ], [ 117.155671545598167, -0.545710199398807 ], [ 117.155649087716071, -0.545809009597298 ], [ 117.155634714671535, -0.545917700813762 ], [ 117.155584409015631, -0.546017409283337 ], [ 117.155526916837445, -0.546034476498684 ], [ 117.155513442108173, -0.546082983320985 ], [ 117.155526916837445, -0.546152150455811 ], [ 117.155521526945734, -0.546203352100559 ], [ 117.155539493251425, -0.546262638214986 ], [ 117.155570035971081, -0.546303060565396 ], [ 117.155578120808642, -0.546344381189978 ], [ 117.155584409015631, -0.546397379381962 ], [ 117.155578120808642, -0.546429717261586 ], [ 117.15555835787238, -0.546460258592183 ], [ 117.15558081575449, -0.54648361372724 ], [ 117.155572730916916, -0.546507867136627 ], [ 117.155552069665404, -0.546594999754727 ], [ 117.155477509496819, -0.546719859895985 ], [ 117.155436186993754, -0.546798908041627 ], [ 117.155369711662715, -0.547032459374941 ], [ 117.155354440302901, -0.547107914419147 ], [ 117.155322100952674, -0.54714923503819 ], [ 117.15523855763125, -0.547222893532302 ], [ 117.155189150290624, -0.547295653751206 ], [ 117.155171183984947, -0.547348651934791 ], [ 117.155181065453064, -0.54745734312339 ], [ 117.155142437895833, -0.54753279816225 ], [ 117.155100217077489, -0.547608253200161 ], [ 117.154998707450375, -0.547862464808989 ], [ 117.154973554622416, -0.547891209583867 ], [ 117.154907079291391, -0.547928038826477 ], [ 117.154853180374346, -0.548000799036823 ], [ 117.154829824176957, -0.54807984716558 ], [ 117.154793891565589, -0.548138234987288 ], [ 117.154754365693094, -0.548160691841639 ], [ 117.154723822973423, -0.548218181388394 ], [ 117.154683398785636, -0.548404124137402 ], [ 117.154597160518364, -0.548593659977064 ], [ 117.154503735728824, -0.548670911549801 ], [ 117.154333055824836, -0.548749959669709 ], [ 117.154201003478093, -0.548829906062645 ], [ 117.154158782659721, -0.548862243929147 ], [ 117.154079730914731, -0.548987104023166 ], [ 117.153892881335636, -0.549076931427323 ], [ 117.153803049807195, -0.549147895075652 ], [ 117.153635963164362, -0.549372463577472 ], [ 117.15355780973465, -0.549441630674333 ], [ 117.153432045594883, -0.549551220098888 ], [ 117.153344010697026, -0.549612302728095 ], [ 117.153311671346799, -0.549694943931323 ], [ 117.153252382538057, -0.549822498829712 ], [ 117.153192195414007, -0.549976103668521 ], [ 117.153129313344124, -0.550195282496001 ], [ 117.153059244751972, -0.550429731970581 ], [ 117.152996362682089, -0.55062106429358 ], [ 117.152962226701291, -0.550679452090456 ], [ 117.152950548602576, -0.550753110541084 ], [ 117.152922700828782, -0.550816887979306 ], [ 117.152924497459338, -0.550878868869319 ], [ 117.152916412621806, -0.550922884283575 ], [ 117.152895751370252, -0.550946239401211 ], [ 117.152863412020039, -0.550974085887504 ], [ 117.152849038975461, -0.550982170351242 ], [ 117.152846344029626, -0.551005525468646 ], [ 117.152862513704733, -0.551027982312217 ], [ 117.152885869902136, -0.551072895999105 ], [ 117.1529442603956, -0.551151944087207 ], [ 117.152969413223545, -0.551205840510311 ], [ 117.15296671827771, -0.55125344901698 ], [ 117.152965819962432, -0.551319921270938 ], [ 117.152975701430549, -0.551369326324075 ], [ 117.15297120985413, -0.5514025624505 ], [ 117.152969413223545, -0.551461848513392 ], [ 117.152974803115271, -0.551525625944026 ], [ 117.152992769420948, -0.551574132721796 ], [ 117.153036786869876, -0.551636113603929 ], [ 117.153074516111801, -0.551708873769086 ], [ 117.153091584102199, -0.5517555839981 ], [ 117.153142788073382, -0.551811276962985 ], [ 117.153167940901355, -0.551877749210713 ], [ 117.153239806124077, -0.551985542043287 ], [ 117.153250585907472, -0.552025964354999 ], [ 117.153246094331053, -0.552088843506004 ], [ 117.153254179168613, -0.552131960637738 ], [ 117.153271247159026, -0.552161603665623 ], [ 117.153317959553789, -0.552213703532458 ], [ 117.153374553416697, -0.552317903264757 ], [ 117.153439232117137, -0.552437373645231 ], [ 117.153475164728505, -0.552486778689086 ], [ 117.153602725498857, -0.552610740433678 ], [ 117.153723099746927, -0.552699669509726 ], [ 117.153808439698921, -0.55277781930273 ], [ 117.153880304921643, -0.552861358735493 ], [ 117.153975526341753, -0.552986218745711 ], [ 117.154026730312964, -0.553040115152188 ], [ 117.154124646678937, -0.553150602783936 ], [ 117.154248614188148, -0.553293428256075 ], [ 117.154299818159345, -0.553373374588035 ], [ 117.156101838619264, -0.556927841312265 ], [ 117.155923073877716, -0.559876870329273 ], [ 117.154213579892073, -0.568204747770731 ], [ 117.154019543790682, -0.568295473152213 ], [ 117.153785083501518, -0.568442789610198 ], [ 117.153620691804534, -0.568592800877576 ], [ 117.153508402394024, -0.568702389944695 ], [ 117.15332155281493, -0.568881145877579 ], [ 117.153070024535381, -0.569084155121274 ], [ 117.152867005281152, -0.569242250810531 ], [ 117.152599307326483, -0.56945064966702 ], [ 117.152483424654847, -0.569465022001672 ], [ 117.152355863884495, -0.56949197012905 ], [ 117.152279507085339, -0.569554849092439 ], [ 117.152199557025057, -0.569607847075335 ], [ 117.152163624413689, -0.56961503324247 ], [ 117.152052233318486, -0.569662641599512 ], [ 117.151840230911418, -0.569726418831913 ], [ 117.151499769418734, -0.569835109606633 ], [ 117.151303038371509, -0.569915055712349 ], [ 117.151162002871899, -0.569920445337414 ], [ 117.151025458948723, -0.569896192024584 ], [ 117.150917661114633, -0.569892598941193 ], [ 117.150775727299731, -0.569924936691631 ], [ 117.150586182774788, -0.569977036400287 ], [ 117.150384960151115, -0.56994919000434 ], [ 117.150190025734489, -0.569906073003897 ], [ 117.149992396371985, -0.569876430065906 ], [ 117.149899869897709, -0.569892598941193 ], [ 117.14981183499988, -0.56993841075426 ], [ 117.149730986624306, -0.570024644754337 ], [ 117.149668104554422, -0.570105489128238 ], [ 117.149700443904649, -0.571252580844414 ], [ 117.14961330732207, -0.572089769015855 ], [ 117.14807988313207, -0.575269645719827 ], [ 117.147476215261179, -0.576325112878665 ], [ 117.146814156896752, -0.576481411828548 ], [ 117.14643327121631, -0.577195536286348 ], [ 117.145932011287755, -0.577447051797309 ], [ 117.145298699012457, -0.578220461923772 ], [ 117.143931463150025, -0.579337909121293 ], [ 117.145092984812393, -0.581420995390423 ], [ 117.145640957135697, -0.582232132268065 ], [ 117.146474593719375, -0.583107944380339 ], [ 117.146889615380616, -0.583440303812933 ], [ 117.146750376511591, -0.584823637456478 ], [ 117.147288467366792, -0.585097609338968 ], [ 117.147910999858681, -0.585841375562315 ], [ 117.147796015502308, -0.585979708882826 ], [ 117.149344711052123, -0.587393583014625 ], [ 117.149275540775236, -0.587532814564815 ], [ 117.149164149680018, -0.587686418400032 ], [ 117.149090487826712, -0.588199329421522 ], [ 117.14891890960746, -0.588555043517328 ], [ 117.148886570257233, -0.58863498935897 ], [ 117.148794043782956, -0.588785898360296 ], [ 117.148759907802187, -0.58889728357294 ], [ 117.14861168578031, -0.589918614007635 ], [ 117.148608092519169, -0.590043473212393 ], [ 117.148546108764549, -0.590210550992792 ], [ 117.148428429462314, -0.590386611444127 ], [ 117.148261342819481, -0.590520453314115 ], [ 117.148157138246503, -0.590634533294716 ], [ 117.148036763998462, -0.590799814522299 ], [ 117.147811286862122, -0.591001924712389 ], [ 117.147547182168623, -0.591169900731446 ], [ 117.147393570255019, -0.591245355198246 ], [ 117.147264212854111, -0.59127769282656 ], [ 117.147077363275002, -0.591356740361647 ], [ 117.146855479399832, -0.591444770569851 ], [ 117.146745884935157, -0.591482497801511 ], [ 117.146590476391026, -0.591596577762351 ], [ 117.146479983611073, -0.591692692373207 ], [ 117.146337151480893, -0.591824737676994 ], [ 117.146191624404878, -0.591970256987732 ], [ 117.146066758580361, -0.592150808719819 ], [ 117.145900570252806, -0.592461609200086 ], [ 117.145645448712116, -0.592838881435943 ], [ 117.145596939686769, -0.593355385050488 ], [ 117.145591549795071, -0.593959918785043 ], [ 117.145581668326955, -0.594061422956874 ], [ 117.145607719470192, -0.594142266986203 ], [ 117.145581668326955, -0.594228500616182 ], [ 117.145576278435257, -0.594283294901199 ], [ 117.145593346425656, -0.59522288206458 ], [ 117.145611312731333, -0.595554342507551 ], [ 117.145607719470192, -0.595872328930043 ], [ 117.145593346425656, -0.596095997334869 ], [ 117.145598736317353, -0.596227144266806 ], [ 117.145590651479793, -0.59641398372609 ], [ 117.145578075065814, -0.596520877452347 ], [ 117.145569990228253, -0.59664483824154 ], [ 117.145602329578495, -0.596742749297697 ], [ 117.145664313333072, -0.596881082346545 ], [ 117.145708330782, -0.597087683646786 ], [ 117.145746060023953, -0.597210746156719 ], [ 117.145892485415246, -0.597572747538576 ], [ 117.145997588303501, -0.597802703738979 ], [ 117.146040707437152, -0.597939240228412 ], [ 117.146055080481688, -0.598033558196104 ], [ 117.146070351841502, -0.598189856538996 ], [ 117.146062267003941, -0.598329087817708 ], [ 117.146047893959405, -0.598451252033539 ], [ 117.146045199013571, -0.598490775749843 ], [ 117.146099996245894, -0.598878826767517 ], [ 117.146134132226692, -0.599023447625874 ], [ 117.146142217064238, -0.599119562107268 ], [ 117.146151200217076, -0.599269572556167 ], [ 117.146151200217076, -0.5994249725977 ], [ 117.146167369892197, -0.599541747192482 ], [ 117.146194319350727, -0.599734874401464 ], [ 117.146233845223222, -0.599923510273426 ], [ 117.146250913213635, -0.599999862886419 ], [ 117.146293134031978, -0.600189397015243 ], [ 117.146318286859938, -0.60023520858094 ], [ 117.146349727894886, -0.600402286052583 ], [ 117.146336253165614, -0.60045887680795 ], [ 117.146349727894886, -0.600543313806932 ], [ 117.146355117786584, -0.600616971613489 ], [ 117.14637757566868, -0.600707696471421 ], [ 117.146430576270447, -0.600977176238575 ], [ 117.146505136439046, -0.601210725359354 ], [ 117.146545560626819, -0.601351753092833 ], [ 117.14666773150546, -0.602276966795327 ], [ 117.146670426451294, -0.602400927454221 ], [ 117.146693782648697, -0.602525786375909 ], [ 117.146718935476642, -0.602658729685064 ], [ 117.146718935476642, -0.602822214020252 ], [ 117.14672791862948, -0.602895871796041 ], [ 117.146713545584944, -0.60298659661607 ], [ 117.146772834393687, -0.603206671668273 ], [ 117.146780919231247, -0.603291108624715 ], [ 117.146766546186711, -0.603379138641739 ], [ 117.146786309122945, -0.603434831100753 ], [ 117.146805173743914, -0.60358843449282 ], [ 117.146796190591061, -0.603701615936831 ], [ 117.146804275428636, -0.603795035539636 ], [ 117.146825834995454, -0.603940554533116 ], [ 117.146837513094155, -0.604016907089865 ], [ 117.146879733912499, -0.604136376382391 ], [ 117.146903988425166, -0.604216321997727 ], [ 117.1469354294601, -0.60427920057076 ], [ 117.14700370142171, -0.604352858326816 ], [ 117.147081854851422, -0.60443010914307 ], [ 117.147118685778068, -0.604528918325049 ], [ 117.147119584093375, -0.60466455638102 ], [ 117.147128567246213, -0.604723841887863 ], [ 117.147142940290749, -0.604766958619706 ], [ 117.147214805513485, -0.604888224426178 ], [ 117.147274094322228, -0.604972661356492 ], [ 117.147355841013095, -0.605099316749499 ], [ 117.147446570856786, -0.605190041532743 ], [ 117.147520232710093, -0.605255614889985 ], [ 117.147568741735412, -0.60534005181458 ], [ 117.14766486147083, -0.605475689850274 ], [ 117.147804998655147, -0.605653546342266 ], [ 117.147858897572192, -0.60574696591148 ], [ 117.147884050400165, -0.605834995888689 ], [ 117.147893033553004, -0.605939194635373 ], [ 117.147895728498838, -0.606055969090482 ], [ 117.147882253769581, -0.606152083447799 ], [ 117.147849016104075, -0.606234723828427 ], [ 117.147803202024591, -0.606392818466114 ], [ 117.147797812132865, -0.606514982501164 ], [ 117.14777894751191, -0.606611096850332 ], [ 117.147764574467359, -0.606749429648941 ], [ 117.147753794683965, -0.60684015440455 ], [ 117.147719658703153, -0.606894050298251 ], [ 117.147694505875194, -0.607007231673275 ], [ 117.147682827776521, -0.607088973775985 ], [ 117.147682827776521, -0.607131192224154 ], [ 117.147667556416664, -0.607294676424591 ], [ 117.14763970864287, -0.607399773407976 ], [ 117.147622640652472, -0.607490498152672 ], [ 117.147601979400946, -0.607636915311693 ], [ 117.147601979400946, -0.607769858495587 ], [ 117.147638810327592, -0.607863278028258 ], [ 117.147663963155551, -0.607909089529266 ], [ 117.147655878317991, -0.607974662853561 ], [ 117.147655878317991, -0.608044727500558 ], [ 117.14765228505685, -0.608087844205951 ], [ 117.147629827174754, -0.608141740087207 ], [ 117.147599284455083, -0.608218092584733 ], [ 117.147592996248108, -0.60829713987515 ], [ 117.147610064238506, -0.608378881958342 ], [ 117.14758760635641, -0.608469606686588 ], [ 117.147582216464684, -0.608552247031781 ], [ 117.14758760635641, -0.60864566655091 ], [ 117.147539995646341, -0.608783101032841 ], [ 117.147370214057645, -0.60911456065132 ], [ 117.147248043179005, -0.609409191406188 ], [ 117.147218398774626, -0.609521474464015 ], [ 117.147192347631375, -0.609640045370541 ], [ 117.147206720675911, -0.60975143015914 ], [ 117.147201330784213, -0.609875390646969 ], [ 117.147156415020007, -0.610129599464528 ], [ 117.147127668930906, -0.610341589847371 ], [ 117.14710521104881, -0.610446686771361 ], [ 117.147107905994659, -0.610514056593351 ], [ 117.147071075068027, -0.61062095004251 ], [ 117.147040532348356, -0.610727843489543 ], [ 117.146983938485448, -0.610917377243342 ], [ 117.146939022721241, -0.611044032496894 ], [ 117.146916564839145, -0.611140146765327 ], [ 117.146899496848746, -0.61123895582454 ], [ 117.146857276030403, -0.611393457258938 ], [ 117.146823140049591, -0.6115003506906 ], [ 117.146787207438223, -0.61163329377911 ], [ 117.146772834393687, -0.611731204565163 ], [ 117.146729715260065, -0.611898281682192 ], [ 117.146690189387556, -0.612010564688025 ], [ 117.146638985416345, -0.612201894924549 ], [ 117.146630002263507, -0.612361785915093 ], [ 117.146607544381411, -0.612663602603347 ], [ 117.14656801850893, -0.612807324829874 ], [ 117.146542865680956, -0.612906133858374 ], [ 117.146531187582255, -0.612959131427455 ], [ 117.146565323563067, -0.612998655037954 ], [ 117.146641680362208, -0.613031890801102 ], [ 117.146703664116828, -0.613076803994217 ], [ 117.146720732107227, -0.613161240796255 ], [ 117.14676295292557, -0.613198069613748 ], [ 117.146788105753529, -0.613399280709723 ], [ 117.146762054610292, -0.613646303250239 ], [ 117.146693782648697, -0.613801702878974 ], [ 117.14667581634302, -0.613855598702915 ], [ 117.146630900578813, -0.613991236524094 ], [ 117.146595866282723, -0.614116993441318 ], [ 117.146539272419815, -0.614520313820167 ], [ 117.146448542576138, -0.615178741010173 ], [ 117.146387457136797, -0.61554972382497 ], [ 117.146349727894886, -0.615809321953635 ], [ 117.146311998652962, -0.615944061461799 ], [ 117.14625720142061, -0.616120121080666 ], [ 117.146249116583078, -0.616371634811813 ], [ 117.146244625006645, -0.616547694416549 ], [ 117.14618264125204, -0.616703093960789 ], [ 117.146082029940203, -0.616933947610621 ], [ 117.14599848661878, -0.617164801250437 ], [ 117.145957164115714, -0.61732379382923 ], [ 117.145966147268553, -0.617528597822027 ], [ 117.145932909603033, -0.617796280221767 ], [ 117.145943689386456, -0.617971441516312 ], [ 117.145964350637968, -0.618084622657408 ], [ 117.145959859061549, -0.61830110403961 ], [ 117.145967943899109, -0.618447520903067 ], [ 117.145938299494759, -0.618716101519398 ], [ 117.145924824765473, -0.618929888087228 ], [ 117.145953570854573, -0.619101456292993 ], [ 117.145972435475528, -0.619276617544461 ], [ 117.145959859061549, -0.619432017008867 ], [ 117.145939197810037, -0.619570349476239 ], [ 117.145888892154105, -0.619785034272345 ], [ 117.145755043176791, -0.620052716558229 ], [ 117.145584363272818, -0.620371599800593 ], [ 117.145338224884966, -0.620743480515301 ], [ 117.145278037760917, -0.620833306770972 ], [ 117.145042679156489, -0.621089311591261 ], [ 117.145024712850812, -0.621270760614272 ], [ 117.144983390347718, -0.621437837431931 ], [ 117.144851338000962, -0.621605812506724 ], [ 117.144780371093518, -0.621730670981316 ], [ 117.144725573861166, -0.62179714239824 ], [ 117.144635742332753, -0.621965117461602 ], [ 117.144545910804354, -0.622186089996706 ], [ 117.144504588301288, -0.622557072321413 ], [ 117.144504588301288, -0.622729538671712 ], [ 117.14446865568992, -0.623028659984631 ], [ 117.144456977591247, -0.623166992357837 ], [ 117.144474943896924, -0.623412217919591 ], [ 117.14446865568992, -0.623645766063025 ], [ 117.144439011285556, -0.623830808046235 ], [ 117.144367146062834, -0.624111964056812 ], [ 117.144306958938785, -0.624363477408171 ], [ 117.144235093716048, -0.624543129794633 ], [ 117.144151550394653, -0.624782067459112 ], [ 117.144085973378893, -0.625074900822564 ], [ 117.144038362668837, -0.625285094085651 ], [ 117.14390631032208, -0.625517743884127 ], [ 117.143775156290587, -0.625638110957283 ], [ 117.143673646663473, -0.625761172812803 ], [ 117.143589205026757, -0.625841118104259 ], [ 117.143428406590928, -0.62593094427298 ], [ 117.14312926760131, -0.626122274007228 ], [ 117.142930739923528, -0.626163594042815 ], [ 117.142680109959258, -0.626194134938475 ], [ 117.142566023918164, -0.626205812339709 ], [ 117.142338750151282, -0.626241742804884 ], [ 117.142273173135521, -0.626259708037378 ], [ 117.142057577467341, -0.626354923768572 ], [ 117.141753048586054, -0.626480680392026 ], [ 117.141471875902099, -0.626619012674339 ], [ 117.14111254978846, -0.626810342383467 ], [ 117.140981395756981, -0.626905558104653 ], [ 117.14084934341021, -0.627001672085604 ], [ 117.140754121990099, -0.627096887803312 ], [ 117.140543916213616, -0.627425651494532 ], [ 117.140322930653696, -0.627760702994657 ], [ 117.14016123390256, -0.628019402261568 ], [ 117.139969892747061, -0.628294270218633 ], [ 117.139850416814269, -0.628473024209094 ], [ 117.139737229088482, -0.628670641678867 ], [ 117.139574634022054, -0.628879936536426 ], [ 117.139449768197565, -0.629089231385593 ], [ 117.139271901771309, -0.629358709719797 ], [ 117.13922429106124, -0.629574292377136 ], [ 117.139112899966008, -0.629764723717038 ], [ 117.139032949905712, -0.629901259390422 ], [ 117.138817354237531, -0.630156365507421 ], [ 117.138634097919564, -0.630418657699197 ], [ 117.138482282636545, -0.630586632486305 ], [ 117.138378976378874, -0.630651307269201 ], [ 117.138266686968365, -0.630737540311813 ], [ 117.138107685163064, -0.630954021172906 ], [ 117.138004378905393, -0.631080675946382 ], [ 117.137908259170004, -0.631352848959799 ], [ 117.137851665307096, -0.631568431534572 ], [ 117.137820224272147, -0.631854976693033 ], [ 117.137804054597026, -0.632118167059764 ], [ 117.138012463742953, -0.63265263209791 ], [ 117.138107685163064, -0.632884383307426 ], [ 117.138123854838184, -0.633187097081003 ], [ 117.138155295873133, -0.633417950006243 ], [ 117.138163380710694, -0.633657785524688 ], [ 117.138178652070508, -0.633824861946706 ], [ 117.138171465548254, -0.634056613103807 ], [ 117.138132837991037, -0.634806660382202 ], [ 117.138032226679201, -0.635277348678604 ], [ 117.138066362659998, -0.635512692810729 ], [ 117.138334958929974, -0.63604985227823 ], [ 117.138772438473325, -0.636689413310434 ], [ 117.138972762781691, -0.63719333704538 ], [ 117.13914164605508, -0.637529286174629 ], [ 117.139174883720614, -0.637899369147253 ], [ 117.139108408389589, -0.638100579295958 ], [ 117.138838913804349, -0.638538031690315 ], [ 117.138705064827022, -0.6389413501893 ], [ 117.138570317534402, -0.639209929751241 ], [ 117.138570317534402, -0.639647382051152 ], [ 117.138873049785133, -0.64041988499482 ], [ 117.139108408389589, -0.640857337191532 ], [ 117.138804777823552, -0.641495999366456 ], [ 117.138468807907287, -0.64176368053562 ], [ 117.138032226679201, -0.642201132617489 ], [ 117.137663019097431, -0.642537979677605 ], [ 117.137460898158508, -0.642739189644253 ], [ 117.137292913200397, -0.643075138410186 ], [ 117.137192301888561, -0.64361319534485 ], [ 117.13749503413932, -0.64441983151117 ], [ 117.137562407785623, -0.645159098175036 ], [ 117.137696256762936, -0.6458651291778 ], [ 117.137696256762936, -0.646268447098475 ], [ 117.137742070842449, -0.64641935446368 ], [ 117.137696256762936, -0.646547805372197 ], [ 117.137637866269472, -0.646722965696755 ], [ 117.137554322948063, -0.646853213113663 ], [ 117.137585763983012, -0.64702657691167 ], [ 117.13755971283976, -0.647098437551595 ], [ 117.137509407183856, -0.647170298190502 ], [ 117.137457304897367, -0.647208923283493 ], [ 117.137424067231876, -0.647253836181951 ], [ 117.137417779024872, -0.647293359532265 ], [ 117.13737915146767, -0.647319409012985 ], [ 117.137391727881649, -0.647369711458135 ], [ 117.137436643645856, -0.647473909378644 ], [ 117.137462694789079, -0.647526008338095 ], [ 117.137483356040619, -0.647609546323684 ], [ 117.137457304897367, -0.647655357476487 ], [ 117.137391727881649, -0.647738895459945 ], [ 117.137346812117443, -0.647758657133249 ], [ 117.137327049181181, -0.647790994416672 ], [ 117.137327049181181, -0.647835907309973 ], [ 117.137327049181181, -0.647875430655749 ], [ 117.137237217652768, -0.647940105220898 ], [ 117.137133013079819, -0.648023643199661 ], [ 117.137029706822148, -0.648124248075482 ], [ 117.136920112357473, -0.648211379082391 ], [ 117.136832975774894, -0.648291324025556 ], [ 117.136774585281429, -0.648374861998526 ], [ 117.136712601526824, -0.648462891258873 ], [ 117.136657804294501, -0.648550022259955 ], [ 117.136614685160879, -0.648601222950612 ], [ 117.136544616568713, -0.648738656380868 ], [ 117.136502395750369, -0.648826685634888 ], [ 117.136435920419331, -0.648906630568334 ], [ 117.136373936664725, -0.648975796408611 ], [ 117.136322732693543, -0.64904136921735 ], [ 117.136242782633261, -0.649099755964143 ], [ 117.136167324149383, -0.649165328771275 ], [ 117.136137679745005, -0.649248866729815 ], [ 117.136118815124036, -0.649362945445161 ], [ 117.136182595509212, -0.649518344006019 ], [ 117.136288596712745, -0.649659370441505 ], [ 117.136356868674326, -0.649722248468797 ], [ 117.136406276014952, -0.64980488816062 ], [ 117.136425140635907, -0.649897408683556 ], [ 117.136406276014952, -0.649960286707886 ], [ 117.136338004053371, -0.650027656018798 ], [ 117.136275121983473, -0.650120176537654 ], [ 117.136124205015733, -0.650212697054814 ], [ 117.136008322344082, -0.650280964619787 ], [ 117.135857405376342, -0.650348333926421 ], [ 117.135580724268834, -0.650421092776576 ], [ 117.135269907180543, -0.650509122001287 ], [ 117.134910581066904, -0.650543255781884 ], [ 117.134609645446702, -0.650543255781884 ], [ 117.134391354832687, -0.650552238355687 ], [ 117.134157792858815, -0.65057738956225 ], [ 117.133993401161817, -0.650547747068787 ], [ 117.133809246528571, -0.650499241170018 ], [ 117.1336771941818, -0.650448040498589 ], [ 117.133572989608851, -0.650369892104354 ], [ 117.133509209223661, -0.650317793174192 ], [ 117.133418479379969, -0.650265694243492 ], [ 117.133275647249789, -0.650208205767612 ], [ 117.133152578055871, -0.650279168104931 ], [ 117.133035797068942, -0.650383365965515 ], [ 117.132822896346596, -0.650480377764815 ], [ 117.132641436659213, -0.650531578435916 ], [ 117.132467163494098, -0.650557627899961 ], [ 117.132350382507141, -0.65057738956225 ], [ 117.132227313313223, -0.650571101760621 ], [ 117.132130295262542, -0.650551340098307 ], [ 117.132033277211875, -0.65052529063423 ], [ 117.131941649052877, -0.650545052296646 ], [ 117.131839241110484, -0.650583677363872 ], [ 117.131865292253721, -0.650669011813671 ], [ 117.131804206814422, -0.65078129398226 ], [ 117.131813189967261, -0.650910643037377 ], [ 117.131839241110484, -0.650987893165934 ], [ 117.131813189967261, -0.651161256822224 ], [ 117.131778155671185, -0.651384922877749 ], [ 117.131761087680772, -0.651497205030395 ], [ 117.131700900556751, -0.651643620953687 ], [ 117.131614662289451, -0.651781952558286 ], [ 117.131494288041409, -0.651886150387812 ], [ 117.131337981181943, -0.651860100930633 ], [ 117.131260726067524, -0.651946333615953 ], [ 117.131199640628182, -0.652066700070077 ], [ 117.131097232685789, -0.652196049092196 ], [ 117.131054113552182, -0.652300246913152 ], [ 117.130949908979204, -0.652480796580563 ], [ 117.130854687559093, -0.652671227068523 ], [ 117.130854687559093, -0.652749375427061 ], [ 117.130854687559093, -0.652825727270438 ], [ 117.130734313311009, -0.652895791313928 ], [ 117.130648075043752, -0.652895791313928 ], [ 117.130543870470802, -0.652990108294007 ], [ 117.13045763220353, -0.653008073432869 ], [ 117.130320189965047, -0.652999090863446 ], [ 117.13025101968816, -0.653025140314728 ], [ 117.130190832564139, -0.653120355549302 ], [ 117.130146815115211, -0.653172454450475 ], [ 117.130027339182419, -0.653240721975333 ], [ 117.129932117762309, -0.653300905187267 ], [ 117.129793777208548, -0.65340510298533 ], [ 117.129699454103715, -0.653508402524379 ], [ 117.129699454103715, -0.65360271949296 ], [ 117.129775810902871, -0.653793149938411 ], [ 117.129758742912458, -0.653947650105829 ], [ 117.129621300674017, -0.654121013660118 ], [ 117.129509011263494, -0.654405761039399 ], [ 117.129370670709747, -0.654596191454379 ], [ 117.129318568423258, -0.654707575278657 ], [ 117.129250296461663, -0.654776741039261 ], [ 117.129172143031937, -0.654845906798912 ], [ 117.129076921611826, -0.654871956240611 ], [ 117.129025717640616, -0.65485488936503 ], [ 117.128990683344554, -0.654836924232777 ], [ 117.128905343392546, -0.654819857357077 ], [ 117.128688849409073, -0.654828839923242 ], [ 117.128567576845725, -0.654810874790896 ], [ 117.128421151454404, -0.654836924232777 ], [ 117.128282810900672, -0.654871956240611 ], [ 117.128222623776622, -0.654906089991597 ], [ 117.12816333496788, -0.655027354631381 ], [ 117.128050147242092, -0.655112689005766 ], [ 117.127972892127644, -0.655147721011672 ], [ 117.12775729645945, -0.655207904200733 ], [ 117.12760188791529, -0.655286052519778 ], [ 117.127488700189502, -0.655407317150366 ], [ 117.127462649046265, -0.655433366589146 ], [ 117.127420428227921, -0.655553732959681 ], [ 117.127377309094271, -0.655630983016859 ], [ 117.127360241103872, -0.655692064456574 ], [ 117.127327003438367, -0.655738773792324 ], [ 117.127337783221762, -0.6557908726663 ], [ 117.127371020887296, -0.655809736051572 ], [ 117.127431208011316, -0.655824108154588 ], [ 117.127454564208691, -0.655828599436772 ], [ 117.127498581657619, -0.655853750616928 ], [ 117.127526429431427, -0.655878003540531 ], [ 117.127522836170286, -0.65590315472044 ], [ 117.127493191765922, -0.655913933797505 ], [ 117.127482411982498, -0.655913933797505 ], [ 117.127460852415695, -0.65588878261765 ], [ 117.127454564208691, -0.65588429133552 ], [ 117.127420428227921, -0.655861834924809 ], [ 117.127372817517852, -0.655861834924809 ], [ 117.127309935447968, -0.655876207027676 ], [ 117.127256036530909, -0.655919323336028 ], [ 117.127229087072394, -0.655963337900421 ], [ 117.127193154461025, -0.656055858310026 ], [ 117.12717878141649, -0.656098974616831 ], [ 117.127155425219101, -0.656140294410503 ], [ 117.127135662282839, -0.656172631640096 ], [ 117.127103322932612, -0.656203172356741 ], [ 117.127070085267121, -0.656205867125848 ], [ 117.127036847601588, -0.656192393280299 ], [ 117.126999118359663, -0.656192393280299 ], [ 117.126968575640007, -0.656203172356741 ], [ 117.126947016073174, -0.656224730509555 ], [ 117.126972168901148, -0.656271439840333 ], [ 117.127047627385011, -0.656339707322993 ], [ 117.127067390321258, -0.656391806190712 ], [ 117.127114102716021, -0.656481631823436 ], [ 117.127099729671471, -0.656601998168756 ], [ 117.12711859429244, -0.656686434260012 ], [ 117.127130272391142, -0.65676817558104 ], [ 117.12715812016495, -0.656845425619463 ], [ 117.12716620500251, -0.656858899463252 ], [ 117.127226392126531, -0.656875068075751 ], [ 117.127293765772833, -0.656896626225668 ], [ 117.127335088275927, -0.656939742525222 ], [ 117.127368325941433, -0.657008908254981 ], [ 117.127448276001715, -0.65709514085178 ], [ 117.127549785628801, -0.657142748430625 ], [ 117.127555175520527, -0.657226286256559 ], [ 117.12750217491876, -0.657273893834155 ], [ 117.127482411982498, -0.657367312475664 ], [ 117.127515649648032, -0.657449053785552 ], [ 117.127580328348472, -0.65749755961716 ], [ 117.127666566615744, -0.657555946265693 ], [ 117.127734838577354, -0.657643077109157 ], [ 117.127734838577354, -0.657725716670625 ], [ 117.12774472004547, -0.657774222499545 ], [ 117.127749211621889, -0.657862251595269 ], [ 117.127740228469051, -0.657993396979897 ], [ 117.127666566615744, -0.658104780728517 ], [ 117.127638718841936, -0.65819370807442 ], [ 117.127620752536259, -0.65827814413876 ], [ 117.127614464329284, -0.658376054041363 ], [ 117.127617159275118, -0.658438033703485 ], [ 117.127645905364218, -0.65850360638866 ], [ 117.127643210418356, -0.658579958144283 ], [ 117.12767195650747, -0.658628463964895 ], [ 117.127733940262047, -0.658737152931589 ], [ 117.127785144233258, -0.658783862238862 ], [ 117.127828263366908, -0.658863807013755 ], [ 117.127854314510145, -0.658962615160726 ], [ 117.127878569022812, -0.659013815745204 ], [ 117.127918993210585, -0.659072202375984 ], [ 117.127963010659514, -0.659126097726866 ], [ 117.127984570226346, -0.659257243078241 ], [ 117.127973790442923, -0.659333594822314 ], [ 117.127916298264722, -0.659391981449345 ], [ 117.127890247121513, -0.659409946565217 ], [ 117.127821076844626, -0.659439589006263 ], [ 117.127762686351147, -0.659453961098828 ], [ 117.127707889118824, -0.659471926214476 ], [ 117.127645905364218, -0.65953839714181 ], [ 117.127588413186032, -0.65959588551068 ], [ 117.127547988998245, -0.659650679111641 ], [ 117.127530022692568, -0.65969110062016 ], [ 117.127519242909173, -0.659748588987266 ], [ 117.127532717638431, -0.659781824449196 ], [ 117.127592006447173, -0.659781824449196 ], [ 117.12767195650747, -0.659806975609428 ], [ 117.127705194172961, -0.659815059910904 ], [ 117.127725855424515, -0.659868955253743 ], [ 117.127697109335401, -0.659930934897285 ], [ 117.127656685147613, -0.660015370932173 ], [ 117.127602786230568, -0.660054894182053 ], [ 117.127558768781654, -0.660054894182053 ], [ 117.127514751332754, -0.660062080227452 ], [ 117.127468038937963, -0.660088129641937 ], [ 117.127533615953709, -0.66018154823069 ], [ 117.127559667096946, -0.660265984261323 ], [ 117.127573141826218, -0.660337844711795 ], [ 117.127559667096946, -0.66039623132704 ], [ 117.127521039539729, -0.660448330152371 ], [ 117.127468937253241, -0.660505818510723 ], [ 117.127482411982498, -0.660621693481006 ], [ 117.127482411982498, -0.660707027759719 ], [ 117.127468937253241, -0.660765414370625 ], [ 117.127482411982498, -0.660836376558342 ], [ 117.127494988396478, -0.660848952135806 ], [ 117.127573141826218, -0.661010638128939 ], [ 117.127592006447173, -0.661147172963486 ], [ 117.1276243457974, -0.661307960691459 ], [ 117.127618057590425, -0.66139329495838 ], [ 117.127604582861153, -0.661464257137124 ], [ 117.127539904160685, -0.661554082678381 ], [ 117.127476123775523, -0.66161875706708 ], [ 117.127488700189502, -0.661749004097318 ], [ 117.127553378889942, -0.661826254058464 ], [ 117.127611769383421, -0.661916977848506 ], [ 117.127611769383421, -0.662007701636888 ], [ 117.127611769383421, -0.662149625975781 ], [ 117.127592006447173, -0.662189149208673 ], [ 117.127611769383421, -0.662234061972941 ], [ 117.127682736290865, -0.662286160778982 ], [ 117.127715075641092, -0.662350835158134 ], [ 117.127741126784329, -0.662447846725278 ], [ 117.12770160091182, -0.662511622847088 ], [ 117.127618057590425, -0.662537672248718 ], [ 117.127599192969427, -0.662558332118879 ], [ 117.127533615953709, -0.662634683812205 ], [ 117.127456360839275, -0.662700256442004 ], [ 117.127397970345811, -0.662707442483573 ], [ 117.127319816916085, -0.662693968655622 ], [ 117.127293765772833, -0.662674207041229 ], [ 117.127217408973692, -0.662615820452787 ], [ 117.127203934244434, -0.662589771051568 ], [ 117.12713925554398, -0.662589771051568 ], [ 117.127073678528234, -0.662660733213188 ], [ 117.127047627385011, -0.662745169201639 ], [ 117.127016186350076, -0.662803555788556 ], [ 117.126957795856612, -0.66285475633344 ], [ 117.126893117156129, -0.662880805733266 ], [ 117.12684101486964, -0.662920328960326 ], [ 117.12684101486964, -0.662971529504003 ], [ 117.126900303678411, -0.663074828844897 ], [ 117.126905693570123, -0.663172738652972 ], [ 117.126911981777099, -0.663283224030401 ], [ 117.126925456506356, -0.66336676175316 ], [ 117.126900303678411, -0.66345119772957 ], [ 117.126905693570123, -0.663560784845741 ], [ 117.126900303678411, -0.663631746993443 ], [ 117.126828438455661, -0.663690133569901 ], [ 117.126796099105448, -0.663728758535488 ], [ 117.126737708611969, -0.663806906720752 ], [ 117.126679318118505, -0.663851819470345 ], [ 117.126640690561288, -0.663877868864921 ], [ 117.126556248924572, -0.663910206044205 ], [ 117.126485282017128, -0.66392278161387 ], [ 117.12642689152365, -0.663917392084017 ], [ 117.12636221282321, -0.663974880402138 ], [ 117.126369399345492, -0.664039554759226 ], [ 117.126388263966462, -0.664156327901823 ], [ 117.126440366252922, -0.66423357782541 ], [ 117.126440366252922, -0.664305438218361 ], [ 117.126408026902695, -0.664408737531396 ], [ 117.126343348202255, -0.664434786923038 ], [ 117.126310110536721, -0.664468022353554 ], [ 117.126277771186494, -0.664503054293585 ], [ 117.126252618358563, -0.664524612410404 ], [ 117.12622746553059, -0.664542577507682 ], [ 117.126207702594357, -0.664552458311156 ], [ 117.126190634603958, -0.664556051330597 ], [ 117.126213990801332, -0.664594676289416 ], [ 117.126230160476453, -0.664632402993088 ], [ 117.126234652052887, -0.664673722715827 ], [ 117.126230160476453, -0.664688993048055 ], [ 117.126221177323615, -0.664704263380237 ], [ 117.126237346998721, -0.664707856399567 ], [ 117.126298432438048, -0.664723126731691 ], [ 117.126462824135018, -0.664751870886148 ], [ 117.12662541920146, -0.664784208059712 ], [ 117.126731420404994, -0.664803969665674 ], [ 117.126922761560522, -0.664865949247499 ], [ 117.127395275399948, -0.665004280485287 ], [ 117.127894738697933, -0.665209082570478 ], [ 117.128334014871854, -0.665317771392939 ], [ 117.128938581058065, -0.665471372947871 ], [ 117.12931138190099, -0.665509099644842 ], [ 117.129555723658257, -0.665529759502585 ], [ 117.129938405969284, -0.665632160535336 ], [ 117.130183646041857, -0.665801032409265 ], [ 117.130360614152835, -0.666182790613582 ], [ 117.130445954104829, -0.6665888016596 ], [ 117.13052231090397, -0.666877141342309 ], [ 117.130589684550273, -0.667249916919531 ], [ 117.130555548569504, -0.667470887489322 ], [ 117.130445954104829, -0.667750244577571 ], [ 117.130353427630581, -0.668046668480219 ], [ 117.13030222365937, -0.668308958706439 ], [ 117.130277070831397, -0.668520946687258 ], [ 117.130285155668972, -0.668707783544122 ], [ 117.13029413882181, -0.668927855794288 ], [ 117.13056543003762, -0.669088643268782 ], [ 117.130835822938124, -0.669130861208139 ], [ 117.131250844599393, -0.669139843748381 ], [ 117.131487999834405, -0.669122776921907 ], [ 117.131700002241445, -0.669182061687297 ], [ 117.131852715839742, -0.66936889851899 ], [ 117.131894038342836, -0.66971382803572 ], [ 117.132211143638102, -0.670286914002031 ], [ 117.132737556394602, -0.670677654395161 ], [ 117.133098679138826, -0.671039650639582 ], [ 117.133671804290103, -0.671281280872191 ], [ 117.13404819839414, -0.671446559537435 ], [ 117.134410219453642, -0.671989104681886 ], [ 117.134740799478195, -0.672546021820471 ], [ 117.135028260369111, -0.67271219869629 ], [ 117.135569944485439, -0.673042755924337 ], [ 117.135855608745786, -0.673435292603543 ], [ 117.13594903353534, -0.673656262894181 ], [ 117.136189782031494, -0.673852082086453 ], [ 117.136611990215016, -0.674092813926716 ], [ 117.136701821743429, -0.674348816057223 ], [ 117.138058277822438, -0.674063171573893 ], [ 117.139006898762474, -0.673173900905344 ], [ 117.140047147861495, -0.672587341476608 ], [ 117.144610589504822, -0.672796634512106 ], [ 117.1451379005766, -0.672871189539749 ], [ 117.145269054608079, -0.677417247561724 ], [ 117.145451412610754, -0.677229512785925 ], [ 117.145571786858824, -0.677105553934761 ], [ 117.145732585294695, -0.676917819146891 ], [ 117.145895180361109, -0.676728287846502 ], [ 117.146023639446739, -0.676545942559991 ], [ 117.146115267605708, -0.676400425626922 ], [ 117.146196115981311, -0.676245926162346 ], [ 117.146270676149868, -0.676140830593515 ], [ 117.146361405993588, -0.676105798736733 ], [ 117.146421593117608, -0.67605280182471 ], [ 117.146442254369148, -0.67600160141763 ], [ 117.146492560025052, -0.675938723723986 ], [ 117.146574306715905, -0.675872253018392 ], [ 117.146642578677486, -0.675793206772717 ], [ 117.146694680963975, -0.6757105675145 ], [ 117.146745884935157, -0.675627030002048 ], [ 117.146789004068808, -0.675507562374216 ], [ 117.146814156896752, -0.675376417456073 ], [ 117.146842004670575, -0.675273118374222 ], [ 117.146847394562272, -0.675210240671151 ], [ 117.146846496246994, -0.675098857309429 ], [ 117.146809665320333, -0.674937171779808 ], [ 117.14676295292557, -0.674783570521691 ], [ 117.146711748954388, -0.674615597210478 ], [ 117.146683002865274, -0.674488045280443 ], [ 117.146702765801535, -0.674392830457252 ], [ 117.146720732107227, -0.674280548823737 ], [ 117.146768342817268, -0.674179046224811 ], [ 117.146819546788478, -0.674091017420489 ], [ 117.146890513695894, -0.674020953677137 ], [ 117.14700370142171, -0.673939212641952 ], [ 117.147163601542289, -0.673862861124331 ], [ 117.147354942697817, -0.673743393453182 ], [ 117.147480706837598, -0.673702972060025 ], [ 117.147578623203572, -0.673688600009044 ], [ 117.147681031145936, -0.67367332970483 ], [ 117.147937051001904, -0.673698480794098 ], [ 117.148213732109411, -0.673750579478597 ], [ 117.148439209245737, -0.673788306111852 ], [ 117.148499396369772, -0.67380716942837 ], [ 117.148597312735745, -0.673793695630865 ], [ 117.148678161111306, -0.673766748035742 ], [ 117.14880662019695, -0.673710158085499 ], [ 117.148969215263364, -0.673597876436247 ], [ 117.149130013699221, -0.673490984303754 ], [ 117.149296202026775, -0.673378702649452 ], [ 117.149379745348213, -0.673278098285 ], [ 117.149472271822475, -0.673160427106088 ], [ 117.14955312019805, -0.673016706578374 ], [ 117.149620493844353, -0.672871189539749 ], [ 117.150093007683793, -0.671780709865314 ], [ 117.150298721883857, -0.671521114585689 ], [ 117.150631996854273, -0.671102528396428 ], [ 117.150758659309332, -0.670923775914133 ], [ 117.150829626216776, -0.670816883723108 ], [ 117.150899694808942, -0.67070729676854 ], [ 117.150949102149568, -0.670588727273949 ], [ 117.150961678563547, -0.670415364295627 ], [ 117.150979644869238, -0.670049774989619 ], [ 117.150968865085815, -0.669668915339603 ], [ 117.15096257687884, -0.669524296455312 ], [ 117.150976051608097, -0.669328477089659 ], [ 117.151020967372304, -0.668907195950815 ], [ 117.1510434252544, -0.668628737182471 ], [ 117.151069476397652, -0.668435612543537 ], [ 117.15110810395484, -0.668310755214789 ], [ 117.151126968575838, -0.668205659475181 ], [ 117.151190748961, -0.668029601649946 ], [ 117.15122578325709, -0.667883186208849 ], [ 117.151268004075433, -0.667776293951551 ], [ 117.151284173750554, -0.667621794214206 ], [ 117.151300343425646, -0.667507715916656 ], [ 117.151335377721736, -0.667384655073024 ], [ 117.151383886747084, -0.667275966296161 ], [ 117.151464735122644, -0.667169074025664 ], [ 117.151552770020473, -0.667053199208805 ], [ 117.151638109972495, -0.666940019152495 ], [ 117.151672245953279, -0.666777435098797 ], [ 117.15166955100743, -0.666544787189415 ], [ 117.151662364485148, -0.666352560723178 ], [ 117.151607567252825, -0.666054340209313 ], [ 117.151561753173311, -0.66571839298232 ], [ 117.151578821163724, -0.665408495118945 ], [ 117.151540193606522, -0.664911760242261 ], [ 117.151546481813497, -0.664493173490012 ], [ 117.151541990237078, -0.664007217580788 ], [ 117.151583312740144, -0.663700912630095 ], [ 117.151587804316563, -0.66346467155546 ], [ 117.151665957746289, -0.663127825897214 ], [ 117.151703686988213, -0.662823317402434 ], [ 117.151805196615328, -0.662466710085336 ], [ 117.151953418637234, -0.66216759108168 ], [ 117.152215726700177, -0.661505576886304 ], [ 117.152385508288873, -0.661136393897737 ], [ 117.152449288674049, -0.660933388155099 ], [ 117.152444797097615, -0.660759126581792 ], [ 117.152324422849546, -0.66055881559049 ], [ 117.152206743547339, -0.660309998787361 ], [ 117.152061216471324, -0.660204004621956 ], [ 117.151898621404882, -0.660047708136644 ], [ 117.151758484220565, -0.659914766294696 ], [ 117.151678534160268, -0.659748588987266 ], [ 117.151699195411794, -0.659582411674286 ], [ 117.151659669539285, -0.659335391333925 ], [ 117.151567143065037, -0.659128792494394 ], [ 117.151453955339221, -0.658981478534016 ], [ 117.151346157505131, -0.658894347713937 ], [ 117.151239257986347, -0.658720984325124 ], [ 117.151192545591556, -0.658374257529406 ], [ 117.151038933677981, -0.658109272008651 ], [ 117.150873643665705, -0.657859556827056 ], [ 117.150739794688363, -0.657546963704425 ], [ 117.150669726096197, -0.657067294909227 ], [ 117.150749676156479, -0.656496003924522 ], [ 117.150843100946034, -0.656066637386763 ], [ 117.150958085302406, -0.655851954104064 ], [ 117.151239257986347, -0.655758535434241 ], [ 117.151561753173311, -0.655710927842218 ], [ 117.152013605761255, -0.655630084760387 ], [ 117.152306456543869, -0.655487261979296 ], [ 117.152466356664448, -0.655256410054077 ], [ 117.152577747759679, -0.65501028775633 ], [ 117.152814902994692, -0.654488400654335 ], [ 117.152990972790363, -0.654135385767977 ], [ 117.153282026942421, -0.653796742965614 ], [ 117.153688963766129, -0.653532655459326 ], [ 117.154105782057954, -0.653365579682871 ], [ 117.154415700830995, -0.653241620232233 ], [ 117.154859468581336, -0.653146404999956 ], [ 117.155420915633925, -0.653087120043099 ], [ 117.155946430075133, -0.653081730501532 ], [ 117.156406367500608, -0.653070951418381 ], [ 117.156850135250949, -0.653000887377332 ], [ 117.157230122616113, -0.652945195446571 ], [ 117.157487040787387, -0.652977532696765 ], [ 117.157796061245122, -0.653113169493926 ], [ 117.158187726709002, -0.653368274453503 ], [ 117.15847878086106, -0.653581161328869 ], [ 117.15868629169168, -0.653681766093835 ], [ 117.158983634050742, -0.653766202234305 ], [ 117.159261213473528, -0.653796742965614 ], [ 117.159474114195859, -0.653764405720693 ], [ 117.159741812150529, -0.653737458016432 ], [ 117.160093951741914, -0.653686257377939 ], [ 117.160588923463436, -0.653615295088637 ], [ 117.160866502886265, -0.653568585733107 ], [ 117.161029996267956, -0.653545231055179 ], [ 117.161151268831304, -0.653562297935214 ], [ 117.161299490853182, -0.653706019027945 ], [ 117.161546527556311, -0.653888365158428 ], [ 117.161808835619283, -0.654038374039131 ], [ 117.161989396991402, -0.654129097970794 ], [ 117.162239128640394, -0.654145266592106 ], [ 117.162621810951421, -0.654028493214792 ], [ 117.163011679784717, -0.653873993049862 ], [ 117.163282072685263, -0.653825487183148 ], [ 117.163562347053883, -0.653845248832607 ], [ 117.163809383757012, -0.653820995899169 ], [ 117.16398635186799, -0.653760812693466 ], [ 117.164099539593792, -0.653631463711604 ], [ 117.164183082915216, -0.653458998397273 ], [ 117.164193862698625, -0.653265873168468 ], [ 117.164202845851463, -0.653011666460634 ], [ 117.164229795309978, -0.652673023582526 ], [ 117.164266626236653, -0.652470017496124 ], [ 117.164298965586866, -0.652251741031251 ], [ 117.164386102169416, -0.651972383072687 ], [ 117.164505578102222, -0.651718176299494 ], [ 117.164612477621034, -0.651548405691171 ], [ 117.164811903614094, -0.651384024620518 ], [ 117.165074211677066, -0.651243896490482 ], [ 117.165404791701619, -0.651121733502143 ], [ 117.165650031774192, -0.651049872919385 ], [ 117.165894373531458, -0.650978012335603 ], [ 117.166041697238057, -0.650936692499464 ], [ 117.166244716492258, -0.650827105106326 ], [ 117.166392040198843, -0.650704942107891 ], [ 117.16649265151068, -0.65057738956225 ], [ 117.166650755000703, -0.650436363152401 ], [ 117.166931927684615, -0.650219883114328 ], [ 117.167111590741428, -0.650042028138343 ], [ 117.167355932498722, -0.649890222623583 ], [ 117.167669444532876, -0.649816565508268 ], [ 117.168068296519024, -0.64972135021127 ], [ 117.168456368721777, -0.649680030364845 ], [ 117.168878576905328, -0.649617152337027 ], [ 117.169267547423317, -0.649606373246466 ], [ 117.169621483645258, -0.649632422715283 ], [ 117.16993948725586, -0.649755483997193 ], [ 117.170377865114517, -0.649854292323564 ], [ 117.170702156932066, -0.649922559893382 ], [ 117.171013872335664, -0.649976455342587 ], [ 117.171505250796088, -0.649982743144956 ], [ 117.171849305549884, -0.649947711103082 ], [ 117.172352362108995, -0.649884833078596 ], [ 117.172744925888168, -0.649880341791103 ], [ 117.173169829017539, -0.649831835885922 ], [ 117.173784276671881, -0.649695300742911 ], [ 117.174430165361159, -0.649573137717089 ], [ 117.175248530584994, -0.649394384460749 ], [ 117.175867469815771, -0.64925784930592 ], [ 117.176339085339919, -0.649076401265507 ], [ 117.177300282693935, -0.648957831255383 ], [ 117.178738485463796, -0.648856328138448 ], [ 117.180094941542805, -0.649264137109184 ], [ 117.181344498103044, -0.649696199000443 ], [ 117.182720717118315, -0.65000430132445 ], [ 117.184742824822848, -0.650018673444062 ], [ 117.18529079714618, -0.650024961246379 ], [ 117.185522562489453, -0.650034842078576 ], [ 117.185712107014425, -0.650096821843734 ], [ 117.185948363934145, -0.650284557649497 ], [ 117.186136111828532, -0.650307912342548 ], [ 117.186249299554319, -0.65041660148956 ], [ 117.186437047448706, -0.650404924143299 ], [ 117.186621202081952, -0.650466903903913 ], [ 117.186755949374557, -0.650483970794383 ], [ 117.186932917485549, -0.650548645326168 ], [ 117.187046105211337, -0.650682485674033 ], [ 117.187234751421016, -0.650783090496937 ], [ 117.187375786920612, -0.650897169177624 ], [ 117.187503347690949, -0.651098378812859 ], [ 117.187613840470902, -0.651260963378323 ], [ 117.187755774285804, -0.651359771675214 ], [ 117.187785418690154, -0.651389414163903 ], [ 117.187895013154829, -0.651306774498031 ], [ 117.187993827836081, -0.651222338316284 ], [ 117.188073777896378, -0.65118371325395 ], [ 117.188149236380241, -0.651156765535867 ], [ 117.188209423504276, -0.651157663793139 ], [ 117.188306441554957, -0.651179221967613 ], [ 117.188460951783838, -0.65122952437436 ], [ 117.188646903047641, -0.651313062298743 ], [ 117.188811294744639, -0.65136246644692 ], [ 117.188935262253835, -0.651367855990328 ], [ 117.189070907861748, -0.65135348387456 ], [ 117.189206553469646, -0.651294198896584 ], [ 117.189339504131709, -0.65122952437436 ], [ 117.189553303169333, -0.65111814047303 ], [ 117.189707813398186, -0.651041788603761 ], [ 117.189863221942346, -0.650986994908632 ], [ 117.189991681027948, -0.650968131505252 ], [ 117.190121936744148, -0.650972622791778 ], [ 117.190234226154686, -0.651022925200587 ], [ 117.19038424480712, -0.651082210181753 ], [ 117.190521687045603, -0.651098378812859 ], [ 117.190671705698051, -0.651096582298295 ], [ 117.190800164783667, -0.651075024123467 ], [ 117.190914250824761, -0.651039093831883 ], [ 117.191183745410001, -0.650927709926346 ], [ 117.191345442161136, -0.650860340627448 ], [ 117.191470307985625, -0.650782192239599 ], [ 117.191577207504437, -0.650656436210633 ], [ 117.191842210513244, -0.650332165292911 ], [ 117.191875448178777, -0.650289048936631 ], [ 117.192206926518608, -0.649954897162974 ], [ 117.192342572126506, -0.6498668679286 ], [ 117.19247103121215, -0.649816565508268 ], [ 117.192692915087306, -0.6497905160404 ], [ 117.192814187650683, -0.649781533465242 ], [ 117.193042359732857, -0.649741111876832 ], [ 117.193204056483992, -0.649676437334705 ], [ 117.193337905461306, -0.649628829685109 ], [ 117.193530144932097, -0.649531817869452 ], [ 117.193677468638697, -0.649457262491338 ], [ 117.193755622068437, -0.649425823476142 ], [ 117.194031404860667, -0.649300965671001 ], [ 117.194251492105266, -0.649214732940471 ], [ 117.194453613044189, -0.64918149740852 ], [ 117.194706937954294, -0.649149160133979 ], [ 117.195027636510744, -0.649137482784788 ], [ 117.195286351312575, -0.649142872330572 ], [ 117.195539676222694, -0.649163532256023 ], [ 117.195780424718819, -0.649229105062328 ], [ 117.19603913952065, -0.649339590747741 ], [ 117.196286176223808, -0.649446483400436 ], [ 117.196485602216868, -0.649539003929935 ], [ 117.196654485490285, -0.649600983701176 ], [ 117.196860199690349, -0.649642303548248 ], [ 117.197136880797856, -0.649669251274417 ], [ 117.19735696804247, -0.649693504227847 ], [ 117.1976040047456, -0.64971146937846 ], [ 117.197817803783224, -0.649714164151046 ], [ 117.197942669607713, -0.64972943452901 ], [ 117.198144790546635, -0.649750094452062 ], [ 117.198364877791249, -0.649768059602475 ], [ 117.198629880800084, -0.649779736950208 ], [ 117.198834696684841, -0.649779736950208 ], [ 117.199025139525077, -0.649794109070459 ], [ 117.199260498129505, -0.649827344598382 ], [ 117.19951292472436, -0.649874952246106 ], [ 117.19978421594017, -0.649922559893382 ], [ 117.199947709321862, -0.64996118496537 ], [ 117.200081558299203, -0.649975557085105 ], [ 117.200263017986586, -0.649988132689838 ], [ 117.200444477673983, -0.649990827462277 ], [ 117.200587309804163, -0.649999810037063 ], [ 117.200950229178943, -0.650017775186587 ], [ 117.201143366965027, -0.650005199581927 ], [ 117.201479336881278, -0.649999810037063 ], [ 117.201851239408924, -0.649993522234715 ], [ 117.202068631707675, -0.649999810037063 ], [ 117.202198887423862, -0.650017775186587 ], [ 117.202401008362784, -0.650038435108461 ], [ 117.20271991028865, -0.650061789802651 ], [ 117.202895081769071, -0.650070772377311 ], [ 117.20301994759356, -0.650070772377311 ], [ 117.203124152166509, -0.650056400257847 ], [ 117.20324632304515, -0.650026757761325 ], [ 117.203487071541289, -0.649925254665856 ], [ 117.204627931952132, -0.649281204003718 ], [ 117.20481388321592, -0.649185090439011 ], [ 117.204917189473591, -0.649118619374501 ], [ 117.20496480018366, -0.649082689068996 ], [ 117.205008817632589, -0.649023404064355 ], [ 117.205243277921753, -0.648628170682329 ], [ 117.205503789354154, -0.648217666886956 ], [ 117.205643028223179, -0.647935613931678 ], [ 117.20584604747738, -0.64771823552868 ], [ 117.20603199874121, -0.647610444581587 ], [ 117.206227831473157, -0.647525110080178 ], [ 117.206395816431296, -0.647485586731671 ], [ 117.206652734602542, -0.647535889175172 ], [ 117.206949178646298, -0.647642781865955 ], [ 117.207234842906644, -0.647789197900932 ], [ 117.207441455421986, -0.6479320209003 ], [ 117.207609440380139, -0.648092809052003 ], [ 117.207781018599391, -0.648274257127683 ], [ 117.207891511379344, -0.648364082905317 ], [ 117.208002004159269, -0.648389234122768 ], [ 117.208184362161958, -0.648353303812085 ], [ 117.208380194893905, -0.648288629252211 ], [ 117.208683825459943, -0.648188922637455 ], [ 117.208904811019821, -0.64802454145749 ], [ 117.209383613066251, -0.647610444581587 ], [ 117.209424037254038, -0.647569124717926 ], [ 117.209740244234055, -0.647282580436755 ], [ 117.209812109456792, -0.647147841740953 ], [ 117.209839058915307, -0.647037356007724 ], [ 117.209844448807004, -0.64690800685357 ], [ 117.209827380816634, -0.646790335050746 ], [ 117.209705209937979, -0.646389711945869 ], [ 117.209669277326611, -0.646163350895058 ], [ 117.209684548686425, -0.645946870674332 ], [ 117.209704311622687, -0.645737576510256 ], [ 117.209772583584282, -0.645628887262852 ], [ 117.20986421174328, -0.645519299754852 ], [ 117.210010637134573, -0.645415101794235 ], [ 117.210178622092712, -0.645360308038227 ], [ 117.210324149168727, -0.645335156805764 ], [ 117.210931410300788, -0.645265990915847 ], [ 117.211142514392563, -0.645233653616343 ], [ 117.211231447605684, -0.645129455649876 ], [ 117.211270075162915, -0.644965972629222 ], [ 117.21130331282842, -0.644605771010241 ], [ 117.211419195500071, -0.64385303038759 ], [ 117.211464111264277, -0.643350903824522 ], [ 117.211490162407515, -0.642945789155332 ], [ 117.211419195500071, -0.642489473702317 ], [ 117.211314092611843, -0.642237062971626 ], [ 117.211172158796941, -0.642027768655229 ], [ 117.21093410524665, -0.641737631026484 ], [ 117.210752645559253, -0.641508574992166 ], [ 117.210448116677938, -0.64121394603883 ], [ 117.210253182261269, -0.641186998267862 ], [ 117.209887567940655, -0.641199573894331 ], [ 117.209478834486362, -0.641173524382324 ], [ 117.208866183462618, -0.640913927514046 ], [ 117.208611061921928, -0.640727987880582 ], [ 117.208392771307857, -0.640576182087872 ], [ 117.208287668419629, -0.640452222324808 ], [ 117.207974156385475, -0.640140526385599 ], [ 117.207339945794871, -0.639552166563996 ], [ 117.207277063724987, -0.639455154556398 ], [ 117.20709560403759, -0.639059920432423 ], [ 117.207009365770318, -0.638847032948498 ], [ 117.206990501149363, -0.638800323457174 ], [ 117.206890788152833, -0.638587435962493 ], [ 117.206755142544935, -0.638358379787485 ], [ 117.206642853134426, -0.638202980886473 ], [ 117.206642853134426, -0.638183219176182 ], [ 117.206561106443544, -0.637976619473132 ], [ 117.206535055300336, -0.637889488291533 ], [ 117.206491936166685, -0.637622705179938 ], [ 117.206463190077599, -0.637266994342973 ], [ 117.206433545673221, -0.636908588702098 ], [ 117.206393121485434, -0.636602282107061 ], [ 117.206323052893268, -0.636173812147408 ], [ 117.206199085384043, -0.635585451872307 ], [ 117.206146983097554, -0.635303398220474 ], [ 117.206102067333347, -0.635086019280847 ], [ 117.206060744830296, -0.63493421332172 ], [ 117.205999659390955, -0.634801270821308 ], [ 117.205896353133284, -0.634674616138682 ], [ 117.205828979486981, -0.634616229227208 ], [ 117.205718486707056, -0.634524606687873 ], [ 117.205525348920972, -0.63434585290548 ], [ 117.205325922927884, -0.634208419088688 ], [ 117.205173209329587, -0.634048528761292 ], [ 117.20497288502122, -0.633852708016518 ], [ 117.204849815827288, -0.633704495062569 ], [ 117.20472854326394, -0.633533825595193 ], [ 117.204646796573087, -0.633318243102051 ], [ 117.20459379597132, -0.633018224117507 ], [ 117.204611762276997, -0.63269215556073 ], [ 117.204648593203672, -0.632487352159218 ], [ 117.204786035442126, -0.632066067943859 ], [ 117.204895629906801, -0.631763354104899 ], [ 117.20497737659764, -0.631504655023799 ], [ 117.2050429536134, -0.631275598534996 ], [ 117.205064513180218, -0.631191162022853 ], [ 117.205063614864912, -0.631058219426487 ], [ 117.205050140135654, -0.630911802914396 ], [ 117.205031275514685, -0.630776165528353 ], [ 117.205001631110306, -0.630636935095294 ], [ 117.204954918715543, -0.630477942918795 ], [ 117.204892934960938, -0.63038542204549 ], [ 117.204810289954807, -0.630327933346686 ], [ 117.204666559509349, -0.630304578562616 ], [ 117.204496777920653, -0.630301883779832 ], [ 117.204339572745937, -0.630318052476516 ], [ 117.204224588389565, -0.630349491608812 ], [ 117.204045823648016, -0.630397099437357 ], [ 117.203692785741353, -0.630546210746587 ], [ 117.20337478213078, -0.630718676833864 ], [ 117.203222068532483, -0.630799520310308 ], [ 117.203044202106227, -0.630846229873902 ], [ 117.202896878399628, -0.630868686394712 ], [ 117.202699249037124, -0.630864195090558 ], [ 117.202327346509506, -0.63076179335479 ], [ 117.202009342898918, -0.630631545530068 ], [ 117.201710203909315, -0.630496806397616 ], [ 117.201456878999181, -0.630394404654621 ], [ 117.201274520996492, -0.630332424651303 ], [ 117.201093061309123, -0.630293799431471 ], [ 117.200961907277645, -0.630273139430048 ], [ 117.200810091994626, -0.63027673247378 ], [ 117.200683429539581, -0.630304578562616 ], [ 117.200506461428589, -0.630350389869732 ], [ 117.200291764075686, -0.630436622917328 ], [ 117.200076168407506, -0.630540821181267 ], [ 117.199925251439765, -0.63061358031261 ], [ 117.199683604628333, -0.630723168138144 ], [ 117.199467110644875, -0.630783351615119 ], [ 117.199251514976666, -0.630806706397042 ], [ 117.199107784531208, -0.630816587266285 ], [ 117.198970342292725, -0.630844433352234 ], [ 117.198809543856896, -0.630819282048803 ], [ 117.198688271293548, -0.630777063789199 ], [ 117.198563405469045, -0.630702508138424 ], [ 117.198451116058536, -0.630588429008063 ], [ 117.198349606431421, -0.630484230745076 ], [ 117.198186113049701, -0.63029559595333 ], [ 117.198031602820819, -0.630060251584525 ], [ 117.197910330257471, -0.629788976764545 ], [ 117.197795345901113, -0.629517701930447 ], [ 117.19759951316918, -0.62896167830255 ], [ 117.197468359137702, -0.628411044182944 ], [ 117.19736954445645, -0.628027486613453 ], [ 117.197268034829335, -0.627617879435566 ], [ 117.197235695479108, -0.627475954133989 ], [ 117.197254560100077, -0.627404991481757 ], [ 117.197314747224127, -0.627275641834706 ], [ 117.197384815816264, -0.627133716523847 ], [ 117.197457579354307, -0.627039399068299 ], [ 117.19761208958316, -0.626887592874373 ], [ 117.197798939162254, -0.626693568383422 ], [ 117.197918415095032, -0.626588471781156 ], [ 117.198004653362304, -0.626471697776165 ], [ 117.198084603422586, -0.626295638502183 ], [ 117.198130417502071, -0.626160899257895 ], [ 117.198160061906464, -0.626009991300182 ], [ 117.198165451798161, -0.625795306757619 ], [ 117.198161858537034, -0.62557972394453 ], [ 117.198116044457535, -0.625041665134896 ], [ 117.198118739403398, -0.624830573600198 ], [ 117.198152875384196, -0.624694936056406 ], [ 117.198223842291654, -0.624541333270798 ], [ 117.198349606431421, -0.624396713100129 ], [ 117.198490641931045, -0.624202688517082 ], [ 117.198616406070812, -0.623970038660379 ], [ 117.198691864554661, -0.62372481312461 ], [ 117.198792475866497, -0.623383473531991 ], [ 117.198888595601886, -0.622995424284034 ], [ 117.198976630499729, -0.622660372479822 ], [ 117.199042207515461, -0.622446586062788 ], [ 117.199165276709394, -0.622252561407894 ], [ 117.19932248188411, -0.621976794872226 ], [ 117.199423093195946, -0.621786363249607 ], [ 117.199616230982031, -0.621416279133176 ], [ 117.199779724363751, -0.621060567191004 ], [ 117.199856979478184, -0.620818036307615 ], [ 117.199908183449367, -0.620650061207785 ], [ 117.200051015579533, -0.620262910021551 ], [ 117.200184864556874, -0.619842523086561 ], [ 117.200262119671308, -0.619600890410107 ], [ 117.200330391632889, -0.619453575315708 ], [ 117.200422019791887, -0.619284701909774 ], [ 117.200707684052233, -0.618792453866041 ], [ 117.200816380201601, -0.618620885650281 ], [ 117.200985263475033, -0.618302002302588 ], [ 117.20109036636326, -0.618052285188769 ], [ 117.201255656375537, -0.617770230592854 ], [ 117.201382318830582, -0.617529496085135 ], [ 117.201534134113601, -0.617274389356103 ], [ 117.201619474065623, -0.617163902987266 ], [ 117.201674271297946, -0.617124379407613 ], [ 117.201770391033335, -0.617078567985374 ], [ 117.20200664795307, -0.617008503456481 ], [ 117.20236507575143, -0.616940235453083 ], [ 117.202540247231823, -0.616895322292475 ], [ 117.202674994524443, -0.616893525766043 ], [ 117.202829504753325, -0.616865679606266 ], [ 117.202971438568213, -0.616809987286275 ], [ 117.203091812816297, -0.616741719280331 ], [ 117.203186135921115, -0.616671654747003 ], [ 117.203296628701082, -0.616516255201844 ], [ 117.203378375391921, -0.616383312234756 ], [ 117.203659548075834, -0.615793153212426 ], [ 117.203900296571973, -0.615264974305986 ], [ 117.203999111253253, -0.615012562259101 ], [ 117.204099722565061, -0.614727812711455 ], [ 117.204183265886499, -0.614456537103044 ], [ 117.204218300182575, -0.61435772810318 ], [ 117.204247046271661, -0.614203226754276 ], [ 117.204254232793943, -0.614074775048008 ], [ 117.204254232793943, -0.613958000766904 ], [ 117.204234469857681, -0.61373163830704 ], [ 117.204213808606156, -0.613477429660138 ], [ 117.204225486704843, -0.613236694958651 ], [ 117.204323403070816, -0.612790257815676 ], [ 117.20433418285424, -0.612491135926426 ], [ 117.204339572745937, -0.612335736259656 ], [ 117.204318911494397, -0.611895586890023 ], [ 117.204256927739777, -0.611541670840084 ], [ 117.204190452408781, -0.611265005485302 ], [ 117.204001806199088, -0.610815873385504 ], [ 117.203799685260165, -0.610384706534385 ], [ 117.203661344706418, -0.610165530038479 ], [ 117.203372985500224, -0.609887966348473 ], [ 117.20321937358662, -0.609710109995896 ], [ 117.203125050481788, -0.609533151901895 ], [ 117.20305947346607, -0.609385836529865 ], [ 117.203034320638096, -0.609163066935241 ], [ 117.202981320036329, -0.6089160441885 ], [ 117.20286903062582, -0.608698664162004 ], [ 117.202716317027523, -0.608519909505552 ], [ 117.202604925932292, -0.608412117750055 ], [ 117.202445025811713, -0.608307919051027 ], [ 117.202202480685003, -0.608052811882846 ], [ 117.202036292357448, -0.60781477173265 ], [ 117.201907833271818, -0.607502175594949 ], [ 117.201741644944249, -0.607212036060153 ], [ 117.20134548790395, -0.606863509291887 ], [ 117.20078134590554, -0.60641168203053 ], [ 117.200423816422443, -0.606138609472577 ], [ 117.200172288142895, -0.605958058201369 ], [ 117.199867759261579, -0.605848469864666 ], [ 117.199662045061515, -0.605812539261986 ], [ 117.199370092594179, -0.605867333430978 ], [ 117.19906736034342, -0.605933805045076 ], [ 117.198873324242058, -0.605988599212842 ], [ 117.198690966239383, -0.605958058201369 ], [ 117.198521184650687, -0.605896976177906 ], [ 117.198411590186026, -0.60578199824952 ], [ 117.198301995721351, -0.605538568408716 ], [ 117.198236418705605, -0.605363406708385 ], [ 117.198126824240958, -0.605205312040665 ], [ 117.197999263470592, -0.605119976848787 ], [ 117.197591428331606, -0.605102011545063 ], [ 117.197087473457245, -0.605137942152452 ], [ 117.19656734890772, -0.605188245002397 ], [ 117.196178378389718, -0.605224175609214 ], [ 117.195890917498772, -0.60516399184266 ], [ 117.195559439158941, -0.605055301755101 ], [ 117.195215384405117, -0.604867564326008 ], [ 117.194973737593685, -0.604656471993673 ], [ 117.194388036028442, -0.603882167283114 ], [ 117.194212864548049, -0.603677362770455 ], [ 117.19407811725543, -0.603512980195504 ], [ 117.193584942164421, -0.603018934175318 ], [ 117.19316183566562, -0.602588664968481 ], [ 117.192861798360724, -0.602180852369462 ], [ 117.192754000526634, -0.601945506758786 ], [ 117.192751305580799, -0.601769446676983 ], [ 117.19280340786726, -0.601155032877613 ], [ 117.192913002331935, -0.60053612767941 ], [ 117.192953426519722, -0.600127416661042 ], [ 117.192837543848071, -0.599574983038234 ], [ 117.192761187048916, -0.599228252313167 ], [ 117.192770170201754, -0.598997397906328 ], [ 117.192828560695233, -0.598751272963812 ], [ 117.193091767073483, -0.598032659929753 ], [ 117.193186090178301, -0.597816177734798 ], [ 117.192913002331935, -0.597891632110772 ], [ 117.192771068517033, -0.597863785853093 ], [ 117.192669558889932, -0.597881751180644 ], [ 117.192568049262817, -0.597947324625707 ], [ 117.192459353113435, -0.597978763948404 ], [ 117.192284181633042, -0.598012898069986 ], [ 117.191939228563939, -0.598024575532584 ], [ 117.191632004736761, -0.598041642593259 ], [ 117.191576309189159, -0.598043439125959 ], [ 117.191490969237165, -0.598129672694846 ], [ 117.191466714724484, -0.59817368774511 ], [ 117.191452341679948, -0.598242854251954 ], [ 117.191447850103529, -0.598296750230709 ], [ 117.191411917492161, -0.598365018469705 ], [ 117.19137328993493, -0.598420710979836 ], [ 117.191334662377727, -0.598448557234689 ], [ 117.191290644928813, -0.598448557234689 ], [ 117.191267288731396, -0.598429693642707 ], [ 117.191204406661512, -0.598424304044986 ], [ 117.19117386394187, -0.598452150299822 ], [ 117.191137931330516, -0.598476403489401 ], [ 117.191089422305168, -0.598479996554515 ], [ 117.191059777900776, -0.598432388441566 ], [ 117.191005878983731, -0.598416219648395 ], [ 117.190956471643105, -0.598421609246124 ], [ 117.187248226150288, -0.594844711724557 ], [ 117.186056161768249, -0.593694930009088 ], [ 117.18474192650757, -0.592427475044146 ], [ 117.184352057674261, -0.592051999314927 ], [ 117.184438295941533, -0.590487217413815 ], [ 117.184945844077077, -0.585526981639363 ], [ 117.182589563086822, -0.58548476302551 ], [ 117.180750711700227, -0.585878204563564 ], [ 117.180198247800504, -0.58589167858835 ], [ 117.179969177403038, -0.585879102831884 ], [ 117.179464324213384, -0.585881797636843 ], [ 117.179225372347787, -0.585866527075389 ], [ 117.178769926498745, -0.58589886473489 ], [ 117.178195004716912, -0.585906949149736 ], [ 117.177741355498426, -0.585870120148676 ], [ 117.177640744186618, -0.585849459977244 ], [ 117.177531149721943, -0.585673399382818 ], [ 117.177496115425853, -0.585402122333643 ], [ 117.177499708686994, -0.585161386398218 ], [ 117.177491623849434, -0.585066169943296 ], [ 117.177428741779551, -0.584992511929889 ], [ 117.177357774872121, -0.584973648292154 ], [ 117.177268841658986, -0.584979037902942 ], [ 117.176491798938216, -0.584829925335898 ], [ 117.17543088858767, -0.584605358209382 ], [ 117.174578387383065, -0.584437381992877 ], [ 117.1738633284169, -0.584276591919965 ], [ 117.169987097965901, -0.583444795156483 ], [ 117.169204665353433, -0.582936375043941 ], [ 117.168228196639603, -0.582838463744911 ], [ 117.167513137673438, -0.582737857637712 ], [ 117.167222083521395, -0.582648030754766 ], [ 117.166592364507238, -0.582550119450724 ], [ 117.166448634061751, -0.582630065378005 ], [ 117.166166563062546, -0.582597727699691 ], [ 117.165859339235396, -0.582477359673224 ], [ 117.164966413842976, -0.582322857426528 ], [ 117.164454374131026, -0.582291418015345 ], [ 117.164221710472418, -0.582249199377195 ], [ 117.164375322386022, -0.581973430818095 ], [ 117.164528934299597, -0.581490162105466 ], [ 117.164501984841081, -0.581124566602068 ], [ 117.164428322987789, -0.580217314759264 ], [ 117.164258541399093, -0.579542714532325 ], [ 117.164165116609539, -0.578992973675455 ], [ 117.16413367557459, -0.578528568367576 ], [ 117.163798603973618, -0.578418979488606 ], [ 117.163358429484404, -0.578593243770565 ], [ 117.162964069074661, -0.578484553162342 ], [ 117.162115161131183, -0.578072247447763 ], [ 117.161230320576323, -0.577580893975391 ], [ 117.160470345845951, -0.577190146668135 ], [ 117.159519029960052, -0.576631422885608 ], [ 117.158846191812259, -0.576086173096416 ], [ 117.158179641871442, -0.575544516334901 ], [ 117.157425057032782, -0.574710921749037 ], [ 117.15684923693567, -0.573998593520534 ], [ 117.155912294094321, -0.572380808652001 ], [ 117.155655375923075, -0.571558891123016 ], [ 117.155452356668874, -0.570657027382108 ], [ 117.15543798362431, -0.570000391441946 ], [ 117.155400254382386, -0.569363517387421 ], [ 117.155654477607797, -0.568768862000786 ], [ 117.15577395354056, -0.56819756160184 ], [ 117.156168313950289, -0.567736748503035 ], [ 117.156611183385394, -0.567379236560923 ], [ 117.1571402910877, -0.567012741883767 ], [ 117.157728687598805, -0.566462101553156 ], [ 117.158284744759669, -0.56596176437214 ], [ 117.158616223099543, -0.565776720448656 ], [ 117.158993515518858, -0.565368905178982 ], [ 117.159263908419362, -0.564994325930278 ], [ 117.15964569241514, -0.564664660240575 ], [ 117.159901712271107, -0.564254150077674 ], [ 117.160233190610938, -0.563875977670024 ], [ 117.160455074486109, -0.563441214111635 ], [ 117.160706602765671, -0.563050465844491 ], [ 117.160888062453054, -0.562682174350334 ], [ 117.161062335618197, -0.562442335730663 ], [ 117.161299490853182, -0.561920439674031 ], [ 117.161618392779033, -0.56152250512792 ], [ 117.161750445125818, -0.561270090650092 ], [ 117.16177110637733, -0.561118282649284 ], [ 117.162349621420333, -0.560364632220108 ], [ 117.162368486041288, -0.560194858748899 ], [ 117.162562522142679, -0.559850820429726 ], [ 117.162676608183745, -0.559655895315648 ], [ 117.162671218292047, -0.559533730263892 ], [ 117.162750270037023, -0.559381023945619 ], [ 117.162962272444091, -0.559142981735681 ], [ 117.163145528762058, -0.559043273486385 ], [ 117.163336869917586, -0.558852839708252 ], [ 117.163574025152585, -0.55863815256418 ], [ 117.163635110591898, -0.558500716856952 ], [ 117.163775247776229, -0.558307588243327 ], [ 117.163934249581501, -0.558112663078026 ], [ 117.164174099762377, -0.557923127542437 ], [ 117.164357356080345, -0.557834198544962 ], [ 117.164508273048085, -0.557710236909875 ], [ 117.164754411435922, -0.557673407727933 ], [ 117.164974498680536, -0.557485668723722 ], [ 117.165161348259602, -0.557296133167944 ], [ 117.165374248981948, -0.557181154249618 ], [ 117.165604217694707, -0.557102106241968 ], [ 117.165827898200448, -0.556951196406236 ], [ 117.166082121425831, -0.556842505391202 ], [ 117.166259089536823, -0.556823641661116 ], [ 117.166391141883565, -0.556729323009781 ], [ 117.166550143688866, -0.556736509192792 ], [ 117.166698365710744, -0.556698781731882 ], [ 117.166899588334388, -0.556703273096289 ], [ 117.16716189639736, -0.556690697275941 ], [ 117.167381085326667, -0.556670935272483 ], [ 117.167584104580897, -0.556619733717763 ], [ 117.168357554040526, -0.55660176825986 ], [ 117.169028595557762, -0.556452654957161 ], [ 117.169178614210225, -0.556356539754025 ], [ 117.169517279072309, -0.556408639583956 ], [ 117.169671789301162, -0.556438282590436 ], [ 117.16980294333267, -0.556416724040284 ], [ 117.169991589542335, -0.556472416961349 ], [ 117.170303304945932, -0.556553261523251 ], [ 117.170690478833365, -0.556510144423708 ], [ 117.171109992071052, -0.556387979306625 ], [ 117.171397452961997, -0.55635115011642 ], [ 117.171894221314091, -0.556383487941978 ], [ 117.172672162350139, -0.556443672227962 ], [ 117.173681868729489, -0.556760762560393 ], [ 117.173881294722577, -0.556716747189488 ], [ 117.179071760434212, -0.553575486096612 ], [ 117.178954979447283, -0.553469489839639 ], [ 117.178886707485674, -0.553397627969428 ], [ 117.178619009531005, -0.553155094151037 ], [ 117.17855073756941, -0.553092215011318 ], [ 117.178474380770268, -0.553020353136537 ], [ 117.178321667171971, -0.552903577588163 ], [ 117.178214767653159, -0.552804767506975 ], [ 117.178016239975378, -0.552625112809695 ], [ 117.1779407814915, -0.552517319988719 ], [ 117.177795254415472, -0.552373596224375 ], [ 117.177681168374392, -0.552247837927723 ], [ 117.17759672673769, -0.552175976042727 ], [ 117.177489827218878, -0.552032252270129 ], [ 117.17740628389744, -0.551960390382528 ], [ 117.177307469216188, -0.551833733803517 ], [ 117.17714667078036, -0.551645096340416 ], [ 117.177070313981204, -0.551537303501673 ], [ 117.177009228541877, -0.551438493397778 ], [ 117.176902329023065, -0.551312735081357 ], [ 117.176834057061484, -0.551177994025101 ], [ 117.176742428902486, -0.551007322016135 ], [ 117.176643614221234, -0.55093546011616 ], [ 117.176567257422093, -0.550827667264572 ], [ 117.176460357903281, -0.550674960721486 ], [ 117.176384001104125, -0.550549202388948 ], [ 117.176307644304984, -0.55047734048345 ], [ 117.176154930706687, -0.550242891010741 ], [ 117.176063302547689, -0.55015306362412 ], [ 117.175941131669049, -0.549991374324795 ], [ 117.175872859707468, -0.549901546934388 ], [ 117.175811774268141, -0.549820702281866 ], [ 117.175720146109171, -0.549685961191897 ], [ 117.175606060068077, -0.549506306400543 ], [ 117.175491075711705, -0.549353599823644 ], [ 117.175422803750109, -0.549263772423645 ], [ 117.175368904833064, -0.549164962282086 ], [ 117.175300632871483, -0.549093100359927 ], [ 117.175201818190232, -0.548958359253551 ], [ 117.175094918671419, -0.548831702610789 ], [ 117.175018561872264, -0.548741875202949 ], [ 117.174888306156078, -0.548580185865438 ], [ 117.174820034194482, -0.548490358453822 ], [ 117.174697863315828, -0.548328669109515 ], [ 117.174614319994419, -0.548238841694125 ], [ 117.174522691835435, -0.548104100568512 ], [ 117.174453521558547, -0.54799630766584 ], [ 117.174369978237138, -0.547906480245464 ], [ 117.174285536600422, -0.547807670081496 ], [ 117.174156179199514, -0.547654963461249 ], [ 117.174103178597747, -0.547574118778367 ], [ 117.174026821798591, -0.547511239579816 ], [ 117.173919922279779, -0.547376498437843 ], [ 117.17382829412081, -0.547259722779018 ], [ 117.173667495684953, -0.547088152383851 ], [ 117.173561494481419, -0.546971376719414 ], [ 117.173454594962607, -0.546872566540038 ], [ 117.173149167766013, -0.546567153248049 ], [ 117.173035081724919, -0.546459360317756 ], [ 117.172958724925763, -0.546378515618767 ], [ 117.172851825406951, -0.54627072268509 ], [ 117.172782655130092, -0.546189877983563 ], [ 117.17265329772917, -0.546055136811934 ], [ 117.172470041411216, -0.545848533676239 ], [ 117.172371226729965, -0.545731757987707 ], [ 117.172256242373592, -0.545614982296907 ], [ 117.172142156332512, -0.545480241112399 ], [ 117.171996629256483, -0.545336517178932 ], [ 117.171860085333307, -0.545183810495863 ], [ 117.171585200856356, -0.544868516096804 ], [ 117.171470216499998, -0.544706826654988 ], [ 117.171425300735791, -0.544625981932453 ], [ 117.171303129857165, -0.544518188967386 ], [ 117.17124923094012, -0.544437344242322 ], [ 117.17117287414095, -0.544311585778955 ], [ 117.17105878809987, -0.54413193082674 ], [ 117.170951888581058, -0.543997189609068 ], [ 117.170890803141731, -0.543907362128949 ], [ 117.17082253118015, -0.543817534647492 ], [ 117.170746174380994, -0.543718724416346 ], [ 117.170692275463949, -0.543610931435069 ], [ 117.170639274862182, -0.543539069446483 ], [ 117.170570104585295, -0.543421395438326 ], [ 117.17052429050581, -0.54333156794964 ], [ 117.17043266234684, -0.543196826714108 ], [ 117.170333847665589, -0.543035137227503 ], [ 117.170265575704008, -0.542927344234031 ], [ 117.170211676786963, -0.542819551238637 ], [ 117.170158676185196, -0.542738706490831 ], [ 117.170104777268151, -0.542621930742092 ], [ 117.170036505306527, -0.542559051491837 ], [ 117.169975419867228, -0.54245125848988 ], [ 117.16988379170823, -0.542343465486003 ], [ 117.169792163549246, -0.542189860452161 ], [ 117.169693348867995, -0.542064101942021 ], [ 117.169624178591121, -0.541965291682222 ], [ 117.16955590662954, -0.541884446923006 ], [ 117.169486736352653, -0.541812584913907 ], [ 117.169403193031243, -0.541731740152653 ], [ 117.169334022754356, -0.541668860893154 ], [ 117.169228021550836, -0.541588016129982 ], [ 117.169113037194464, -0.541471240359053 ], [ 117.169021409035494, -0.541408361096851 ], [ 117.1689073229944, -0.541300568074418 ], [ 117.168830966195259, -0.541219723306335 ], [ 117.168724066676447, -0.541147861289357 ], [ 117.168640523355009, -0.541049051014622 ], [ 117.16850308111654, -0.540905326975772 ], [ 117.16837282540034, -0.540788551191699 ], [ 117.16828119724137, -0.540689740911114 ], [ 117.168204840442229, -0.540599913381914 ], [ 117.168164416254442, -0.540563982369862 ], [ 117.168114110598538, -0.540519068604498 ], [ 117.16802248243954, -0.540411275566269 ], [ 117.167892226723353, -0.540267551512322 ], [ 117.167785327204527, -0.540141792962329 ], [ 117.167701783883103, -0.540051965425026 ], [ 117.167594884364291, -0.539925308595175 ], [ 117.167503256205322, -0.539799550038101 ], [ 117.167442170765995, -0.539718705250038 ], [ 117.167358627444557, -0.5396378604609 ], [ 117.16720591384626, -0.539431257106 ], [ 117.167090929489916, -0.539296515783809 ], [ 117.167007386168478, -0.539206688234023 ], [ 117.16687802876757, -0.539018050375161 ], [ 117.166801671968415, -0.53891025731033 ], [ 117.166679501089789, -0.538748567709508 ], [ 117.16651960096921, -0.538523998812359 ] ] ] } },
{ "type": "Feature", "properties": { "FID": 4, "Kode_Prov": 64, "Provinsi": "Kalimantan Timur", "Kode_kota": "6472", "Kota": "Kota Samarinda", "Kode_Kec": 647208, "Kecamatan": "Sambutan", "Kode_Kel": 64720103, "Kelurahan": "Sindang Sari", "Sumber": "Revisi RTRW Kota Samarinda Tahun 2019 (Data belum disahkan)", "city": "samarinda", "source_layer": "Batas Administrasi AR", "role": "admin" }, "geometry": { "type": "Polygon", "coordinates": [ [ [ 117.255263269572097, -0.537225092149045 ], [ 117.25253867931535, -0.537047233538785 ], [ 117.252243133586887, -0.545630252964294 ], [ 117.25223774369519, -0.545726368340489 ], [ 117.24954549278867, -0.550797125956268 ], [ 117.247722811077196, -0.550797125956268 ], [ 117.246607103494313, -0.551012711658598 ], [ 117.244442163659585, -0.551849902728647 ], [ 117.24438197653555, -0.553431762357887 ], [ 117.242440717206577, -0.553393136602511 ], [ 117.242423649216164, -0.554515079952663 ], [ 117.234845461479352, -0.554479149024006 ], [ 117.228671340531577, -0.554233022156843 ], [ 117.228409032468633, -0.56198331871947 ], [ 117.229393586020024, -0.562030028867072 ], [ 117.230588345347911, -0.562082128646649 ], [ 117.231068944024898, -0.562129737065512 ], [ 117.231197403110528, -0.562172854123769 ], [ 117.232273584820902, -0.562781882537634 ], [ 117.233096441621157, -0.563200477251297 ], [ 117.233682143186428, -0.563424146946491 ], [ 117.234562492164841, -0.563771778142458 ], [ 117.235166160035774, -0.564009820163902 ], [ 117.235756353177436, -0.56424786217561 ], [ 117.236365410940067, -0.564442787136434 ], [ 117.236381580615188, -0.564447278494902 ], [ 117.236425598064088, -0.564458956026901 ], [ 117.236437276162803, -0.564416737257255 ], [ 117.236404038497298, -0.564142764382962 ], [ 117.236404936812576, -0.564085274991308 ], [ 117.236423801433531, -0.564005328805096 ], [ 117.236457937414343, -0.56388585865961 ], [ 117.236508243070247, -0.563646020089465 ], [ 117.236534294213484, -0.563470857082556 ], [ 117.236526209375924, -0.563251678748545 ], [ 117.236497463286824, -0.563127717228119 ], [ 117.236497463286824, -0.562942673214462 ], [ 117.236526209375924, -0.562639057295839 ], [ 117.23655495546501, -0.56237316878608 ], [ 117.23652800600648, -0.562128838793461 ], [ 117.236519022853642, -0.561912355225283 ], [ 117.236473208774157, -0.561730904261543 ], [ 117.236338461481552, -0.561450643355982 ], [ 117.236246833322582, -0.561341952424249 ], [ 117.236581904923526, -0.561405729748073 ], [ 117.236898111903557, -0.561459626077523 ], [ 117.237269116115897, -0.561532386121492 ], [ 117.237485610099355, -0.561578198000564 ], [ 117.237685036092444, -0.561550351564308 ], [ 117.23782966485318, -0.561225177040796 ], [ 117.237974293613931, -0.560908086949355 ], [ 117.238118922374667, -0.560663756895505 ], [ 117.238209652218387, -0.560483204165336 ], [ 117.238336314673433, -0.560411342380636 ], [ 117.238300382062079, -0.560076286797835 ], [ 117.238309365214917, -0.559867887605305 ], [ 117.238300382062079, -0.559551695712839 ], [ 117.238309365214917, -0.559244486528269 ], [ 117.238300382062079, -0.559099864655112 ], [ 117.23829139890924, -0.558973208229111 ], [ 117.23826444945071, -0.55874684354605 ], [ 117.23829139890924, -0.558606713023594 ], [ 117.238242889883892, -0.558462091134735 ], [ 117.238242889883892, -0.55826896251984 ], [ 117.238242889883892, -0.558161169801792 ], [ 117.238242889883892, -0.557907856906603 ], [ 117.238218635371226, -0.557703050728051 ], [ 117.238231211785191, -0.557534175452656 ], [ 117.238231211785191, -0.557256609165023 ], [ 117.238195279173823, -0.557040125417046 ], [ 117.238195279173823, -0.556846996755499 ], [ 117.238218635371226, -0.55662422508223 ], [ 117.239366682304322, -0.556732017828411 ], [ 117.239755652822339, -0.556776931472072 ], [ 117.240299133569223, -0.55679489692944 ], [ 117.240759969309977, -0.556858674302656 ], [ 117.24138429843245, -0.556903587945352 ], [ 117.246394202771995, -0.557700355909865 ], [ 117.249327202174626, -0.554091993253896 ], [ 117.249405355604353, -0.553914135142208 ], [ 117.249424220225322, -0.553741666665171 ], [ 117.249338880273328, -0.553588061923585 ], [ 117.249452966314422, -0.553310495450628 ], [ 117.249604781597441, -0.553090418464459 ], [ 117.249956921188797, -0.553100299472176 ], [ 117.250251568601996, -0.553119163214136 ], [ 117.250527351394226, -0.553004184214591 ], [ 117.250595623355807, -0.552809258874338 ], [ 117.250663895317402, -0.552716736705987 ], [ 117.250663895317402, -0.552617926621691 ], [ 117.250481537314712, -0.552403239251055 ], [ 117.250405180515571, -0.552227177635875 ], [ 117.250450994595056, -0.552043031553195 ], [ 117.250534537916479, -0.551989135137673 ], [ 117.25080133755587, -0.551767261555297 ], [ 117.250976509036278, -0.55152203284936 ], [ 117.251181324921063, -0.551161825098145 ], [ 117.251341225041614, -0.550618369472172 ], [ 117.251538854404117, -0.550396495838729 ], [ 117.251919740084602, -0.550303973632871 ], [ 117.252566527089158, -0.550564473043755 ], [ 117.252871055970502, -0.550947137674965 ], [ 117.252871055970502, -0.551238178363939 ], [ 117.252711155849923, -0.551567844806182 ], [ 117.252429983165982, -0.551997219600032 ], [ 117.252384169086483, -0.552310717076381 ], [ 117.252490170290017, -0.552571216399451 ], [ 117.252688697967784, -0.55295477917504 ], [ 117.252733613732019, -0.553191923361135 ], [ 117.252528797847233, -0.553383255595281 ], [ 117.252147912166777, -0.553376069408195 ], [ 117.251813738881069, -0.55349823458748 ], [ 117.251645753922958, -0.55369765127179 ], [ 117.251698754524696, -0.553880899029836 ], [ 117.251889197364946, -0.554164753388957 ], [ 117.252186539723979, -0.554241106616146 ], [ 117.25243716968825, -0.554249191075438 ], [ 117.252650070410596, -0.554188108493849 ], [ 117.253274399533069, -0.553880899029836 ], [ 117.253753201579471, -0.553743463211832 ], [ 117.253967000617095, -0.554019233117942 ], [ 117.2541035445403, -0.554631855469292 ], [ 117.254081086658189, -0.555359456713291 ], [ 117.254179901339441, -0.555734934851092 ], [ 117.2544538875011, -0.555865184438774 ], [ 117.25479614562434, -0.555780746775363 ], [ 117.255001859824418, -0.555183395185915 ], [ 117.255221947069032, -0.554708208690457 ], [ 117.255747461510225, -0.55460131418055 ], [ 117.256637691956783, -0.554968707908196 ], [ 117.257139850200602, -0.555083686869617 ], [ 117.257291665483621, -0.554831272115439 ], [ 117.257177579442555, -0.554486335209755 ], [ 117.256857779201397, -0.554056960595956 ], [ 117.256081634795919, -0.55361321357745 ], [ 117.255519289428065, -0.553207194009157 ], [ 117.25510067450567, -0.552555945749793 ], [ 117.254811416984182, -0.551414240008389 ], [ 117.254841959703839, -0.550725264053758 ], [ 117.255077318308295, -0.550441409530376 ], [ 117.255526475950347, -0.550441409530376 ], [ 117.257740823125701, -0.551307345439165 ], [ 117.258349880888332, -0.551690010022649 ], [ 117.258486424811522, -0.552011591977533 ], [ 117.25847115345168, -0.552823631249874 ], [ 117.258486424811522, -0.553843171550701 ], [ 117.258753224450899, -0.554256377261466 ], [ 117.259194297255405, -0.554486335209755 ], [ 117.259574284620584, -0.55438662688171 ], [ 117.260183342383215, -0.553896169676084 ], [ 117.260692687149316, -0.553168568252319 ], [ 117.26115711615121, -0.552892798306658 ], [ 117.261659274395001, -0.55295388090159 ], [ 117.261963803276345, -0.553359900487218 ], [ 117.26191798919686, -0.553911440322293 ], [ 117.261628731675373, -0.554861813402994 ], [ 117.261378101711102, -0.556002620207489 ], [ 117.261461645032497, -0.556332286384762 ], [ 117.261803903155766, -0.556745491921545 ], [ 117.262435418800493, -0.557235948890663 ], [ 117.262968119763983, -0.55766532327333 ], [ 117.263386734686392, -0.558101883806024 ], [ 117.263912249127586, -0.558439634319375 ], [ 117.26395806320707, -0.558469277315632 ], [ 117.264992024099087, -0.558890567155354 ], [ 117.266050239503798, -0.55921933489841 ], [ 117.266795841189619, -0.559426835841518 ], [ 117.267359084872737, -0.559640624684318 ], [ 117.267579172117379, -0.559821177440446 ], [ 117.268128941071254, -0.549752433463328 ], [ 117.264890514472, -0.549539542537351 ], [ 117.264916565615252, -0.546000342067942 ], [ 117.264583290644822, -0.539805837966017 ], [ 117.263721806287364, -0.539805837966017 ], [ 117.2629169157928, -0.539750144889968 ], [ 117.262809117958682, -0.537631112795489 ], [ 117.26213987307203, -0.537594283490177 ], [ 117.260212088472301, -0.53748738867594 ], [ 117.257250342980555, -0.537320309382713 ], [ 117.255263269572097, -0.537225092149045 ] ] ] } },
{ "type": "Feature", "properties": { "FID": 5, "Kode_Prov": 64, "Provinsi": "Kalimantan Timur", "Kode_kota": "6472", "Kota": "Kota Samarinda", "Kode_Kec": 647202, "Kecamatan": "Loa Janan Ilir", "Kode_Kel": 64720207, "Kelurahan": "Sengkotek", "Sumber": "Revisi RTRW Kota Samarinda Tahun 2019 (Data belum disahkan)", "city": "samarinda", "source_layer": "Batas Administrasi AR", "role": "admin" }, "geometry": { "type": "Polygon", "coordinates": [ [ [ 117.099899641183612, -0.536497488710725 ], [ 117.099902336129475, -0.536476828364916 ], [ 117.099555586429801, -0.536477726640822 ], [ 117.099349872229737, -0.536486709399877 ], [ 117.099136073192113, -0.536522640435963 ], [ 117.099006715791219, -0.536523538711863 ], [ 117.098923172469782, -0.536550486988785 ], [ 117.098770458871485, -0.536550486988785 ], [ 117.0985485749963, -0.536568452506667 ], [ 117.098091332516688, -0.53656935078256 ], [ 117.097969161638062, -0.536605281818161 ], [ 117.097709548520953, -0.53664121285355 ], [ 117.09754964840036, -0.536659178371166 ], [ 117.097327764525176, -0.536687024923366 ], [ 117.097206491961828, -0.536687024923366 ], [ 117.096938794007158, -0.53673193871697 ], [ 117.09668726572761, -0.536758886992974 ], [ 117.096588451046358, -0.536759785268839 ], [ 117.096328837929249, -0.536822664579045 ], [ 117.096153666448842, -0.536849612854649 ], [ 117.095894053331733, -0.536931355956589 ], [ 117.095763797615547, -0.536958304231714 ], [ 117.095474540094045, -0.537021183539878 ], [ 117.095374827097515, -0.537030166298134 ], [ 117.095031670658969, -0.537147840430073 ], [ 117.091576750076257, -0.538467407448972 ], [ 117.090124174261831, -0.539718705250038 ], [ 117.088388629132936, -0.541612269559047 ], [ 117.087361854763174, -0.54346990228166 ], [ 117.086123077986372, -0.54579194238131 ], [ 117.084991200728382, -0.549399411797123 ], [ 117.084323752472287, -0.55221999144739 ], [ 117.08387279819965, -0.555304662054823 ], [ 117.083649117693909, -0.558332739877089 ], [ 117.083653609270328, -0.562903149249619 ], [ 117.083930290377836, -0.566703736549706 ], [ 117.083932087008392, -0.566703736549706 ], [ 117.087391499167552, -0.566788174055418 ], [ 117.089744186896638, -0.566982200659624 ], [ 117.105653350578407, -0.564809281975962 ], [ 117.103041948047476, -0.562596838513004 ], [ 117.101897494375507, -0.556296355467152 ], [ 117.100291306647506, -0.550407275124755 ], [ 117.100183508813416, -0.544139117024932 ], [ 117.099897844553055, -0.538885105594929 ], [ 117.099871793409818, -0.537139755947798 ], [ 117.099871793409818, -0.536725650785886 ], [ 117.099899641183612, -0.536497488710725 ] ] ] } },
{ "type": "Feature", "properties": { "FID": 6, "Kode_Prov": 64, "Provinsi": "Kalimantan Timur", "Kode_kota": "6472", "Kota": "Kota Samarinda", "Kode_Kec": 647202, "Kecamatan": "Loa Janan Ilir", "Kode_Kel": 64720204, "Kelurahan": "Harapan Baru", "Sumber": "Revisi RTRW Kota Samarinda Tahun 2019 (Data belum disahkan)", "city": "samarinda", "source_layer": "Batas Administrasi AR", "role": "admin" }, "geometry": { "type": "Polygon", "coordinates": [ [ [ 117.113435455884741, -0.535855221406235 ], [ 117.113183029289885, -0.534798848742223 ], [ 117.113014146016468, -0.534880591871528 ], [ 117.112869517255731, -0.534952453962325 ], [ 117.112632362020733, -0.535097076417503 ], [ 117.112548818699324, -0.535150972983778 ], [ 117.112327833139418, -0.535258766114908 ], [ 117.112182306063403, -0.535313560955839 ], [ 117.11204486382492, -0.535367457520212 ], [ 117.111938862621386, -0.535385423041564 ], [ 117.111740334943605, -0.535448302365882 ], [ 117.111625350587232, -0.535467166163052 ], [ 117.111366635785402, -0.535539028246977 ], [ 117.111259736266618, -0.535548011007408 ], [ 117.111091751308464, -0.535592924809367 ], [ 117.110840223028916, -0.535647719647312 ], [ 117.110718052150261, -0.535674667928089 ], [ 117.110587796434075, -0.53571059896894 ], [ 117.110473710392995, -0.53573754724944 ], [ 117.110283267552759, -0.535774376565932 ], [ 117.110168283196401, -0.535774376565932 ], [ 117.10989339871945, -0.535819290366232 ], [ 117.109741583436431, -0.535846238646254 ], [ 117.109558327118478, -0.535865102442199 ], [ 117.109397528682607, -0.535865102442199 ], [ 117.109077728441477, -0.535901033481933 ], [ 117.108794759126994, -0.535901931757924 ], [ 117.108604316286744, -0.535919897277709 ], [ 117.10849023024565, -0.535919897277709 ], [ 117.108298889090122, -0.535955828317122 ], [ 117.108108446249901, -0.535982776596544 ], [ 117.107757204973822, -0.536010623151821 ], [ 117.107620661050632, -0.536037571431002 ], [ 117.10741404853529, -0.536037571431002 ], [ 117.107276606296807, -0.536055536950389 ], [ 117.106841821699305, -0.536056435226357 ], [ 117.106491478738505, -0.536092366264969 ], [ 117.106384579219693, -0.536093264540932 ], [ 117.106170780182069, -0.536129195579327 ], [ 117.10588870918285, -0.536165126617512 ], [ 117.105781809664037, -0.536183092136526 ], [ 117.105529383069211, -0.536219921450338 ], [ 117.105301210987037, -0.536264835247371 ], [ 117.105194311468225, -0.536264835247371 ], [ 117.104843070192132, -0.536310647320005 ], [ 117.104728984151052, -0.536328612838591 ], [ 117.104393014234802, -0.536355561116372 ], [ 117.104202571394552, -0.536373526634826 ], [ 117.104057044318509, -0.536374424910748 ], [ 117.103866601478302, -0.536401373188327 ], [ 117.103729159239819, -0.536401373188327 ], [ 117.103515360202195, -0.536437304224914 ], [ 117.10282096248757, -0.5364292197417 ], [ 117.10247061952677, -0.536457066294947 ], [ 117.102272091848988, -0.536457066294947 ], [ 117.10214273444808, -0.536492997331207 ], [ 117.102035834929268, -0.536492997331207 ], [ 117.101859765133568, -0.536510962849258 ], [ 117.101623508213834, -0.536511861125159 ], [ 117.101387251294128, -0.536538809402133 ], [ 117.100860838537628, -0.536538809402133 ], [ 117.100730582821427, -0.53651275940106 ], [ 117.100585954060676, -0.53651275940106 ], [ 117.100356883663224, -0.536476828364916 ], [ 117.099902336129475, -0.536476828364916 ], [ 117.099899641183612, -0.536497488710725 ], [ 117.099871793409818, -0.536725650785886 ], [ 117.099871793409818, -0.537139755947798 ], [ 117.099897844553055, -0.538885105594929 ], [ 117.100183508813416, -0.544139117024932 ], [ 117.100291306647506, -0.550407275124755 ], [ 117.101897494375507, -0.556296355467152 ], [ 117.103041948047476, -0.562596838513004 ], [ 117.105653350578407, -0.564809281975962 ], [ 117.10907233854978, -0.567691834943682 ], [ 117.111958625557648, -0.568288286983435 ], [ 117.118068067804927, -0.569777620271499 ], [ 117.118481292835625, -0.569884514503555 ], [ 117.120831285618891, -0.569144339276218 ], [ 117.123794827741193, -0.567578652772565 ], [ 117.125846579850133, -0.566461203281775 ], [ 117.127388088877666, -0.564966479510345 ], [ 117.129150583465133, -0.563336116304427 ], [ 117.131339777812528, -0.56020294320002 ], [ 117.1323755353351, -0.556098735416388 ], [ 117.129126328952452, -0.554280630639246 ], [ 117.127668363246329, -0.553016760042775 ], [ 117.124565582254988, -0.550901325713368 ], [ 117.123492993805741, -0.550412664767761 ], [ 117.122564135801952, -0.549955443368794 ], [ 117.12207365565682, -0.549727281793144 ], [ 117.121469987785915, -0.5494748668115 ], [ 117.121065745908041, -0.549281737903752 ], [ 117.120542926412682, -0.548961054075708 ], [ 117.11980810451027, -0.548511917032732 ], [ 117.119656289227251, -0.548419394797692 ], [ 117.118726532908184, -0.547808568355721 ], [ 117.118268392113293, -0.547603761828883 ], [ 117.117744674302656, -0.547385481180735 ], [ 117.117547044940125, -0.547255231407479 ], [ 117.117497637599499, -0.547223791806614 ], [ 117.117402416179402, -0.547118693711099 ], [ 117.117259584049222, -0.546871668265672 ], [ 117.117112260342651, -0.546418039693964 ], [ 117.116983801257007, -0.546024595479279 ], [ 117.116374743494362, -0.544186725587733 ], [ 117.116330726045462, -0.544085220538288 ], [ 117.116178910762443, -0.543734893363371 ], [ 117.116095367441005, -0.543532781522441 ], [ 117.115993857813919, -0.543449241959547 ], [ 117.115774668884598, -0.543460919532924 ], [ 117.115311138197981, -0.543568712516878 ], [ 117.115123390303594, -0.543577695265454 ], [ 117.115098237475635, -0.543578593540311 ], [ 117.115061406548989, -0.543580390090024 ], [ 117.1148350310974, -0.543580390090024 ], [ 117.114644588257164, -0.54341420923928 ], [ 117.114640994996023, -0.543403429940695 ], [ 117.114549366837053, -0.543163590542214 ], [ 117.11450265444229, -0.54294980110783 ], [ 117.114490078028311, -0.542890514960821 ], [ 117.114497264550565, -0.5427988909143 ], [ 117.114513434225685, -0.542604863517087 ], [ 117.114596977547123, -0.5421763863262 ], [ 117.114656266355865, -0.541807195263191 ], [ 117.114512535910407, -0.541239485360855 ], [ 117.114479298244873, -0.541107438904433 ], [ 117.11440383976101, -0.540700520214529 ], [ 117.11432478801602, -0.5402747377151 ], [ 117.114176565994129, -0.539621691502944 ], [ 117.114062479953049, -0.539120453784983 ], [ 117.113876528689232, -0.537973355841544 ], [ 117.113739984766056, -0.537131671465513 ], [ 117.113435455884741, -0.535855221406235 ] ] ] } },
{ "type": "Feature", "properties": { "FID": 7, "Kode_Prov": 64, "Provinsi": "Kalimantan Timur", "Kode_kota": "6472", "Kota": "Kota Samarinda", "Kode_Kec": 647203, "Kecamatan": "Sungai Kunjang", "Kode_Kel": 64720301, "Kelurahan": "Loa Buah", "Sumber": "Revisi RTRW Kota Samarinda Tahun 2019 (Data belum disahkan)", "city": "samarinda", "source_layer": "Batas Administrasi AR", "role": "admin" }, "geometry": { "type": "Polygon", "coordinates": [ [ [ 117.072866639338613, -0.537130773189703 ], [ 117.06673024763279, -0.532651070087092 ], [ 117.067115624889666, -0.534567093490585 ], [ 117.067015911893137, -0.535475250647536 ], [ 117.06670778975068, -0.537626621416804 ], [ 117.066271208522593, -0.538735093575912 ], [ 117.065571420916271, -0.539842667257962 ], [ 117.064700055090697, -0.539875005172657 ], [ 117.064011945583033, -0.539333345078837 ], [ 117.063289700094614, -0.53910608137669 ], [ 117.062713879997489, -0.539085421039711 ], [ 117.061988939563193, -0.539438443309767 ], [ 117.061502950994509, -0.539889377579133 ], [ 117.060503126083262, -0.541275416368908 ], [ 117.060415091185448, -0.542965970056913 ], [ 117.060149189861335, -0.545055357224164 ], [ 117.058931972651351, -0.545039188280679 ], [ 117.057342852913749, -0.545111948526019 ], [ 117.05530277890351, -0.545287112076009 ], [ 117.05476378973303, -0.545534137586564 ], [ 117.053888830646301, -0.546777349456555 ], [ 117.053888830646301, -0.546778247730935 ], [ 117.053888830646301, -0.546778247730935 ], [ 117.054166410069101, -0.550649809055191 ], [ 117.055636053873926, -0.55118697676228 ], [ 117.05568186795341, -0.551204043962881 ], [ 117.05725571633117, -0.552194839787622 ], [ 117.057791112240523, -0.555259748399962 ], [ 117.058407356525436, -0.557053599509475 ], [ 117.058569053276571, -0.557525192725106 ], [ 117.059899458212342, -0.559310060419892 ], [ 117.06281089804817, -0.562064163205468 ], [ 117.063854740408317, -0.565645572809993 ], [ 117.064912057497736, -0.567992755784685 ], [ 117.065308214538021, -0.569011395171921 ], [ 117.066080765682372, -0.570232145311733 ], [ 117.067421950401567, -0.572694305033673 ], [ 117.067554002748324, -0.573957273090936 ], [ 117.067817209126574, -0.574170163127192 ], [ 117.067988787345854, -0.57438125661523 ], [ 117.068216959428028, -0.57469744769762 ], [ 117.068302299380008, -0.575118736356901 ], [ 117.068349910090049, -0.57546277376775 ], [ 117.068559217551254, -0.57571249281537 ], [ 117.068816135722514, -0.575626258900881 ], [ 117.069215886023954, -0.575415165458869 ], [ 117.069548262679078, -0.575185208338682 ], [ 117.069919266891418, -0.574821408969463 ], [ 117.070052217553467, -0.574543843509213 ], [ 117.070232778925572, -0.574477371519967 ], [ 117.070385492523869, -0.574572588152971 ], [ 117.070366627902914, -0.574898660195483 ], [ 117.070366627902914, -0.575252578589696 ], [ 117.070566053895988, -0.575597514262428 ], [ 117.070690021405184, -0.575970296281116 ], [ 117.071061025617524, -0.576210134338082 ], [ 117.071374537651707, -0.576401465814489 ], [ 117.071564980491928, -0.577100319697153 ], [ 117.071793152574088, -0.577416510628714 ], [ 117.071983595414309, -0.578182734602973 ], [ 117.072249496738422, -0.578699239568314 ], [ 117.072230632117439, -0.579226523719203 ], [ 117.072116546076373, -0.579522952607022 ], [ 117.072297107448463, -0.580087963989623 ], [ 117.072145292165445, -0.580499371288364 ], [ 117.071944967857107, -0.580748191845349 ], [ 117.071552404077948, -0.580872152985176 ], [ 117.070425018396378, -0.584791299790777 ], [ 117.070898430551111, -0.585990488102462 ], [ 117.070236372186713, -0.588538874695283 ], [ 117.069868062920207, -0.591535495578886 ], [ 117.069948911295782, -0.591564240135894 ], [ 117.070029759671371, -0.591592984692754 ], [ 117.070110608046946, -0.59162083098207 ], [ 117.070191456422506, -0.591649575538636 ], [ 117.070272304798081, -0.591678320095054 ], [ 117.070356746434783, -0.591704369849179 ], [ 117.070441188071499, -0.591730419603181 ], [ 117.070525629708214, -0.591756469357061 ], [ 117.070610071344902, -0.591782519110819 ], [ 117.070694512981603, -0.591808568864454 ], [ 117.070778954618319, -0.591833720350607 ], [ 117.070863396255021, -0.591859770104002 ], [ 117.070947837891737, -0.591885819857275 ], [ 117.071032279528453, -0.591911869610425 ], [ 117.071115822849848, -0.591937919363453 ], [ 117.071200264486563, -0.591963969116359 ], [ 117.071282909492709, -0.591985527532464 ], [ 117.071364656183562, -0.592007085948486 ], [ 117.071447301189721, -0.592028644364423 ], [ 117.07152904788056, -0.592050202780277 ], [ 117.071611692886691, -0.592071761196047 ], [ 117.071693439577558, -0.592093319611733 ], [ 117.071776084583689, -0.592114878027335 ], [ 117.071857831274542, -0.592137334710165 ], [ 117.071940476280687, -0.592158893125596 ], [ 117.07202222297154, -0.592180451540943 ], [ 117.072104867977671, -0.592202009956207 ], [ 117.072192902875514, -0.592210992629209 ], [ 117.072280937773371, -0.592220873569493 ], [ 117.072368972671228, -0.592230754509761 ], [ 117.072457007569042, -0.592239737182716 ], [ 117.072545042466899, -0.59224961812295 ], [ 117.072633077364756, -0.592258600795874 ], [ 117.072721112262585, -0.592268481736074 ], [ 117.072809147160427, -0.592278362676257 ], [ 117.072897182058284, -0.592287345349135 ], [ 117.072985216956113, -0.592297226289284 ], [ 117.073074150169234, -0.592290938418282 ], [ 117.073163981697647, -0.592285548814561 ], [ 117.073252914910782, -0.592279260943546 ], [ 117.073341848123917, -0.592272973072523 ], [ 117.073431679652316, -0.592267583468784 ], [ 117.073520612865451, -0.592261295597749 ], [ 117.073609546078586, -0.592255007726706 ], [ 117.073699377606999, -0.59224961812295 ], [ 117.073778429352004, -0.592225364905981 ], [ 117.073857481096994, -0.592202009956207 ], [ 117.073936532841998, -0.59217775673903 ], [ 117.074016482902294, -0.592154401789055 ], [ 117.07409553464727, -0.592130148571669 ], [ 117.074174586392289, -0.592106793621494 ], [ 117.074254536452571, -0.5920825404039 ], [ 117.074333588197561, -0.592059185453524 ], [ 117.07441263994258, -0.592034932235722 ], [ 117.074492590002862, -0.592011577285146 ], [ 117.07457164174788, -0.591987324067136 ], [ 117.074650693492885, -0.591963969116359 ], [ 117.074722558715621, -0.591925343620627 ], [ 117.074793525623065, -0.591886718124627 ], [ 117.074864492530509, -0.591848092628357 ], [ 117.074936357753245, -0.591809467131819 ], [ 117.07500732466066, -0.591770841635012 ], [ 117.075079189883397, -0.591732216137935 ], [ 117.075150156790841, -0.59169359064059 ], [ 117.075222022013563, -0.591654965142976 ], [ 117.075299277127996, -0.591612746575509 ], [ 117.075376532242444, -0.591571426275123 ], [ 117.075453787356878, -0.59152920770702 ], [ 117.075531042471297, -0.591487887406013 ], [ 117.075608297585731, -0.591446567104698 ], [ 117.075685552700179, -0.591404348535645 ], [ 117.075762807814613, -0.591363028233708 ], [ 117.075840062929061, -0.591321707931463 ], [ 117.075900250053095, -0.591267811884595 ], [ 117.075959538861838, -0.591214814104665 ], [ 117.076018827670609, -0.591160918056759 ], [ 117.076078116479351, -0.59110702200833 ], [ 117.076138303603372, -0.591054024226865 ], [ 117.076197592412115, -0.591000128177399 ], [ 117.076256881220885, -0.590946232127409 ], [ 117.076316170029642, -0.59089323434441 ], [ 117.07638174704536, -0.590842931363469 ], [ 117.076447324061107, -0.590791730114543 ], [ 117.076512901076853, -0.590741427132682 ], [ 117.076578478092586, -0.590691124150366 ], [ 117.076643156793054, -0.590639922900041 ], [ 117.076708733808772, -0.590589619916806 ], [ 117.076774310824533, -0.590539316933116 ], [ 117.076839887840279, -0.590489013948971 ], [ 117.076902769910163, -0.590428830020914 ], [ 117.076965651980046, -0.590369544359803 ], [ 117.077028534049944, -0.590310258698059 ], [ 117.077091416119828, -0.590250973035684 ], [ 117.077154298189711, -0.59019078910505 ], [ 117.077217180259595, -0.590131503441401 ], [ 117.077280062329478, -0.59007221777712 ], [ 117.077342944399376, -0.590012932112207 ], [ 117.07740582646926, -0.589953646446663 ], [ 117.077468708539143, -0.589893462512813 ], [ 117.077531590609027, -0.589834176845995 ], [ 117.077594472678925, -0.589774891178547 ], [ 117.077657354748808, -0.589715605510466 ], [ 117.077720236818692, -0.589655421574042 ], [ 117.077757067745367, -0.589582661888839 ], [ 117.077793898671999, -0.58950900393495 ], [ 117.077830729598645, -0.589435345980086 ], [ 117.077867560525291, -0.589361688024248 ], [ 117.077904391451966, -0.589288030067435 ], [ 117.077941222378598, -0.589214372109649 ], [ 117.077978053305245, -0.589140714150889 ], [ 117.078014884231919, -0.589067056191156 ], [ 117.078050816843273, -0.588994296498268 ], [ 117.078087647769919, -0.588920638536599 ], [ 117.078124478696566, -0.588846980573957 ], [ 117.078156818046807, -0.588762543396072 ], [ 117.078190055712312, -0.588678106216909 ], [ 117.078222395062539, -0.588593669036466 ], [ 117.078254734412752, -0.588509231854746 ], [ 117.078287073763008, -0.588424794671748 ], [ 117.078319413113235, -0.588340357487471 ], [ 117.078351752463448, -0.588255920301917 ], [ 117.078384091813675, -0.588171483115085 ], [ 117.078416431163902, -0.588087944194941 ], [ 117.078449668829421, -0.588003507005568 ], [ 117.078482008179648, -0.587919069814918 ], [ 117.078508957638164, -0.587834632622991 ], [ 117.078535907096693, -0.587751093697807 ], [ 117.078563754870487, -0.587667554771373 ], [ 117.078590704329017, -0.58758401584369 ], [ 117.078617653787546, -0.587499578646698 ], [ 117.07864550156134, -0.587416039716503 ], [ 117.07867245101987, -0.58733250078506 ], [ 117.078699400478385, -0.587248063584267 ], [ 117.078727248252221, -0.587164524650313 ], [ 117.078754197710737, -0.587080985715111 ], [ 117.078781147169266, -0.58699654851052 ], [ 117.078791028637383, -0.586966905661798 ], [ 117.078812588204201, -0.586887858064436 ], [ 117.078833249455727, -0.586808810465957 ], [ 117.078854809022545, -0.586728864598178 ], [ 117.078875470274085, -0.586649816997453 ], [ 117.078897029840888, -0.586570769395611 ], [ 117.078917691092428, -0.586490823524431 ], [ 117.078939250659261, -0.586411775920343 ], [ 117.078959911910772, -0.586332728315139 ], [ 117.078981471477604, -0.586252782440559 ], [ 117.078998539468003, -0.586174633101384 ], [ 117.079015607458402, -0.586096483761117 ], [ 117.079032675448815, -0.586018334419761 ], [ 117.079049743439214, -0.585940185077314 ], [ 117.079066811429612, -0.585862035733777 ], [ 117.079082981104719, -0.58578388638915 ], [ 117.079100049095118, -0.585705737043433 ], [ 117.079116218770238, -0.585623994623184 ], [ 117.079132388445345, -0.585542252201743 ], [ 117.079148558120465, -0.585459611510723 ], [ 117.079164727795586, -0.585377869086885 ], [ 117.079180897470692, -0.585296126661856 ], [ 117.079197067145813, -0.585213485967208 ], [ 117.079212338505627, -0.585131743539783 ], [ 117.079228508180748, -0.585050001111168 ], [ 117.079244677855883, -0.584968258681361 ], [ 117.079260847530975, -0.584885617981884 ], [ 117.079277017206095, -0.584803875549683 ], [ 117.07929318688123, -0.584722133116292 ], [ 117.079303966664625, -0.584666440468684 ], [ 117.07931474644802, -0.584611646089047 ], [ 117.079336306014838, -0.584528107115784 ], [ 117.07935786558167, -0.584444568141279 ], [ 117.079380323463766, -0.584361927434095 ], [ 117.079401883030599, -0.584278388457118 ], [ 117.079423442597417, -0.584194849478899 ], [ 117.079445002164221, -0.584111310499438 ], [ 117.079467460046317, -0.584028669787352 ], [ 117.079489019613135, -0.583945130805421 ], [ 117.079510579179967, -0.583861591822249 ], [ 117.079533037062063, -0.583778951106492 ], [ 117.079554596628896, -0.583695412120851 ], [ 117.079576156195714, -0.583611873133969 ], [ 117.079593224186098, -0.583525639339757 ], [ 117.079611190491775, -0.583438507275513 ], [ 117.079611190491775, -0.583438507275513 ], [ 117.079628258482174, -0.583352273478644 ], [ 117.079645326472587, -0.583266039680453 ], [ 117.079662394462986, -0.583179805880941 ], [ 117.079662394462986, -0.583179805880941 ], [ 117.079680360768663, -0.583092673811342 ], [ 117.079697428759061, -0.583006440009175 ], [ 117.079714496749446, -0.582920206205687 ], [ 117.079731564739845, -0.582833074132071 ], [ 117.079749531045536, -0.582746840325928 ], [ 117.079766599035935, -0.582660606518465 ], [ 117.079803429962581, -0.582581558860465 ], [ 117.079839362573935, -0.582503409470215 ], [ 117.079876193500581, -0.582425260078881 ], [ 117.07991212611195, -0.582347110686464 ], [ 117.07994895703861, -0.582268063024067 ], [ 117.079984889649978, -0.58218991362947 ], [ 117.080021720576624, -0.582111764233791 ], [ 117.080057653187993, -0.582032716568094 ], [ 117.080094484114625, -0.581954567170237 ], [ 117.080130416725993, -0.581876417771296 ], [ 117.080167247652639, -0.581798268371273 ], [ 117.080203180264022, -0.581719220701184 ], [ 117.080240011190668, -0.581641071298984 ], [ 117.080275943802036, -0.581562921895702 ], [ 117.080312774728682, -0.581484772491337 ], [ 117.080348707340036, -0.581405724816857 ], [ 117.080385538266711, -0.581327575410317 ], [ 117.080429555715639, -0.581254815617049 ], [ 117.080474471479846, -0.581182055822844 ], [ 117.080518488928746, -0.581108397758619 ], [ 117.08056250637766, -0.581035637962528 ], [ 117.080607422141867, -0.580962878165499 ], [ 117.080651439590795, -0.580890118367533 ], [ 117.080696355355002, -0.580817358568631 ], [ 117.08074037280393, -0.580743700499653 ], [ 117.080785288568137, -0.580670940698865 ], [ 117.080829306017066, -0.580598180897142 ], [ 117.080874221781258, -0.580525421094482 ], [ 117.080918239230158, -0.5804517630217 ], [ 117.080962256679086, -0.580379003217156 ], [ 117.081007172443293, -0.580306243411677 ], [ 117.081051189892221, -0.580233483605261 ], [ 117.081091614080009, -0.580152639374813 ], [ 117.081131139952518, -0.58007179514321 ], [ 117.081170665825013, -0.579990052641193 ], [ 117.081210191697494, -0.579909208407267 ], [ 117.081249717570003, -0.579828364172187 ], [ 117.081289243442512, -0.579747519935952 ], [ 117.081328769315007, -0.579666675698563 ], [ 117.081369193502795, -0.57958583146002 ], [ 117.081408719375304, -0.579504987220323 ], [ 117.081448245247813, -0.579424142979472 ], [ 117.081487771120308, -0.579343298737468 ], [ 117.081527296992817, -0.57926245449431 ], [ 117.081566822865327, -0.579181610249999 ], [ 117.081606348737836, -0.579100766004535 ], [ 117.081646772925609, -0.579019921757917 ], [ 117.081680908906392, -0.578939077510147 ], [ 117.081715943202482, -0.578858233261224 ], [ 117.081750977498558, -0.578776490741697 ], [ 117.081786011794648, -0.578695646490457 ], [ 117.08182104609071, -0.578614802238064 ], [ 117.0818560803868, -0.57853395798452 ], [ 117.081891114682875, -0.578453113729824 ], [ 117.081925250663687, -0.578372269473975 ], [ 117.081960284959749, -0.578291425216976 ], [ 117.081995319255824, -0.578210580958825 ], [ 117.082030353551914, -0.578129736699523 ], [ 117.082065387848004, -0.578048892439069 ], [ 117.08210042214408, -0.577968048177465 ], [ 117.082134558124864, -0.57788720391471 ], [ 117.082169592420954, -0.577806359650805 ], [ 117.082202830086459, -0.577730006733838 ], [ 117.082236067751978, -0.577653653815845 ], [ 117.082268407102205, -0.577578199166467 ], [ 117.082301644767696, -0.577501846246435 ], [ 117.082333984117952, -0.577425493325377 ], [ 117.082367221783457, -0.577350038672971 ], [ 117.082397764503114, -0.577279075368008 ], [ 117.082428307222784, -0.57720811206216 ], [ 117.082458849942441, -0.577138047025138 ], [ 117.082489392662112, -0.577067083717531 ], [ 117.082519935381754, -0.576996120409038 ], [ 117.08255047810141, -0.576926055369405 ], [ 117.082593597235061, -0.576849702440617 ], [ 117.082635818053433, -0.576773349510805 ], [ 117.082678937187055, -0.576696996579968 ], [ 117.082722056320691, -0.5766215419179 ], [ 117.082765175454341, -0.576545188985027 ], [ 117.082807396272685, -0.57646883605113 ], [ 117.082850515406335, -0.57639248311621 ], [ 117.082893634539957, -0.576316130180266 ], [ 117.082935855358329, -0.576240675513151 ], [ 117.082978974491951, -0.576164322575172 ], [ 117.083003229004632, -0.576100545414429 ], [ 117.083462268114801, -0.574621094738986 ], [ 117.08387279819965, -0.571467267522331 ], [ 117.083999460654695, -0.567643328299189 ], [ 117.083930290377836, -0.566703736549706 ], [ 117.083653609270328, -0.562903149249619 ], [ 117.083649117693909, -0.558332739877089 ], [ 117.08387279819965, -0.555304662054823 ], [ 117.084323752472287, -0.55221999144739 ], [ 117.084991200728382, -0.549399411797123 ], [ 117.086123077986372, -0.54579194238131 ], [ 117.083255655599459, -0.544558611329512 ], [ 117.072866639338613, -0.537130773189703 ] ] ] } },
{ "type": "Feature", "properties": { "FID": 8, "Kode_Prov": 64, "Provinsi": "Kalimantan Timur", "Kode_kota": "6472", "Kota": "Kota Samarinda", "Kode_Kec": 647205, "Kecamatan": "Palaran", "Kode_Kel": 64720501, "Kelurahan": "Simpang Pasir", "Sumber": "Revisi RTRW Kota Samarinda Tahun 2019 (Data belum disahkan)", "city": "samarinda", "source_layer": "Batas Administrasi AR", "role": "admin" }, "geometry": { "type": "Polygon", "coordinates": [ [ [ 117.158886616000046, -0.529852938261828 ], [ 117.158880327793071, -0.529845752046842 ], [ 117.158101488441716, -0.530518561388677 ], [ 117.157426853663367, -0.531100644712178 ], [ 117.15860723994669, -0.532436382008011 ], [ 117.15734690360307, -0.533595158580362 ], [ 117.156038058234103, -0.534838372892792 ], [ 117.151320106361908, -0.53447367276652 ], [ 117.148823688187349, -0.535149176431577 ], [ 117.147964898775726, -0.536051943846516 ], [ 117.147814880123263, -0.536437304224914 ], [ 117.147601081085668, -0.536651093888246 ], [ 117.147208517306495, -0.537128976638082 ], [ 117.146751274826869, -0.537115502500911 ], [ 117.146755766403288, -0.538487169512437 ], [ 117.146276964356872, -0.541145166463704 ], [ 117.1323755353351, -0.556098735416388 ], [ 117.131339777812528, -0.56020294320002 ], [ 117.129150583465133, -0.563336116304427 ], [ 117.127388088877666, -0.564966479510345 ], [ 117.125846579850133, -0.566461203281775 ], [ 117.12520967431368, -0.567317255845094 ], [ 117.124209849402462, -0.571529248193542 ], [ 117.123746318715874, -0.576168813924493 ], [ 117.122853393323453, -0.579274131996171 ], [ 117.121776313297786, -0.58119463158981 ], [ 117.120915727255579, -0.583328918491764 ], [ 117.120061429420403, -0.58432689496003 ], [ 117.119218809683915, -0.585397630991658 ], [ 117.118933145423554, -0.585712024921864 ], [ 117.118748092475016, -0.586153972931075 ], [ 117.118619633389372, -0.586539330008204 ], [ 117.11806267791323, -0.58726782548244 ], [ 117.117149091269283, -0.588096028606622 ], [ 117.115073982962969, -0.591716047325126 ], [ 117.113360895716156, -0.59528486247413 ], [ 117.114208007029063, -0.598521316803155 ], [ 117.116417862627998, -0.599910036282787 ], [ 117.120975914379628, -0.603989959128782 ], [ 117.124884484180839, -0.609998452867569 ], [ 117.125010248320621, -0.610191579704443 ], [ 117.126700877685337, -0.611744678526406 ], [ 117.132487824745624, -0.614113400386581 ], [ 117.139290766392264, -0.616211743941245 ], [ 117.139614159894535, -0.616223421364539 ], [ 117.139861196597664, -0.616374329601725 ], [ 117.140330117175978, -0.616851307394711 ], [ 117.140721782639872, -0.61712168461808 ], [ 117.141143092508116, -0.617377689617573 ], [ 117.141700946299565, -0.617664235549755 ], [ 117.141927321751155, -0.617860056898911 ], [ 117.142077340403603, -0.618071148712166 ], [ 117.14233336025957, -0.618493332313503 ], [ 117.14243936146309, -0.618763709453316 ], [ 117.142590278430816, -0.618974801230635 ], [ 117.142965774219618, -0.619290989749453 ], [ 117.143252336795214, -0.619637719183067 ], [ 117.143538899370853, -0.619819168255861 ], [ 117.143944937879283, -0.620075173125221 ], [ 117.14427731453442, -0.620255723920378 ], [ 117.144533334390388, -0.620300637052546 ], [ 117.144940271214097, -0.620587182826797 ], [ 117.145104662911095, -0.620738090939912 ], [ 117.145269952923371, -0.620817138045064 ], [ 117.145278037760917, -0.620833306770972 ], [ 117.145338224884966, -0.620743480515301 ], [ 117.145584363272818, -0.620371599800593 ], [ 117.145755043176791, -0.620052716558229 ], [ 117.145888892154105, -0.619785034272345 ], [ 117.145939197810037, -0.619570349476239 ], [ 117.145959859061549, -0.619432017008867 ], [ 117.145972435475528, -0.619276617544461 ], [ 117.145953570854573, -0.619101456292993 ], [ 117.145924824765473, -0.618929888087228 ], [ 117.145938299494759, -0.618716101519398 ], [ 117.145967943899109, -0.618447520903067 ], [ 117.145959859061549, -0.61830110403961 ], [ 117.145964350637968, -0.618084622657408 ], [ 117.145943689386456, -0.617971441516312 ], [ 117.145932909603033, -0.617796280221767 ], [ 117.145966147268553, -0.617528597822027 ], [ 117.145957164115714, -0.61732379382923 ], [ 117.14599848661878, -0.617164801250437 ], [ 117.146082029940203, -0.616933947610621 ], [ 117.14618264125204, -0.616703093960789 ], [ 117.146244625006645, -0.616547694416549 ], [ 117.146249116583078, -0.616371634811813 ], [ 117.14625720142061, -0.616120121080666 ], [ 117.146311998652962, -0.615944061461799 ], [ 117.146349727894886, -0.615809321953635 ], [ 117.146387457136797, -0.61554972382497 ], [ 117.146448542576138, -0.615178741010173 ], [ 117.146539272419815, -0.614520313820167 ], [ 117.146595866282723, -0.614116993441318 ], [ 117.146630900578813, -0.613991236524094 ], [ 117.14667581634302, -0.613855598702915 ], [ 117.146693782648697, -0.613801702878974 ], [ 117.146762054610292, -0.613646303250239 ], [ 117.146788105753529, -0.613399280709723 ], [ 117.14676295292557, -0.613198069613748 ], [ 117.146720732107227, -0.613161240796255 ], [ 117.146703664116828, -0.613076803994217 ], [ 117.146641680362208, -0.613031890801102 ], [ 117.146565323563067, -0.612998655037954 ], [ 117.146531187582255, -0.612959131427455 ], [ 117.146542865680956, -0.612906133858374 ], [ 117.14656801850893, -0.612807324829874 ], [ 117.146607544381411, -0.612663602603347 ], [ 117.146630002263507, -0.612361785915093 ], [ 117.146638985416345, -0.612201894924549 ], [ 117.146690189387556, -0.612010564688025 ], [ 117.146729715260065, -0.611898281682192 ], [ 117.146772834393687, -0.611731204565163 ], [ 117.146787207438223, -0.61163329377911 ], [ 117.146823140049591, -0.6115003506906 ], [ 117.146857276030403, -0.611393457258938 ], [ 117.146899496848746, -0.61123895582454 ], [ 117.146916564839145, -0.611140146765327 ], [ 117.146939022721241, -0.611044032496894 ], [ 117.146983938485448, -0.610917377243342 ], [ 117.147040532348356, -0.610727843489543 ], [ 117.147071075068027, -0.61062095004251 ], [ 117.147107905994659, -0.610514056593351 ], [ 117.14710521104881, -0.610446686771361 ], [ 117.147127668930906, -0.610341589847371 ], [ 117.147156415020007, -0.610129599464528 ], [ 117.147201330784213, -0.609875390646969 ], [ 117.147206720675911, -0.60975143015914 ], [ 117.147192347631375, -0.609640045370541 ], [ 117.147218398774626, -0.609521474464015 ], [ 117.147248043179005, -0.609409191406188 ], [ 117.147370214057645, -0.60911456065132 ], [ 117.147539995646341, -0.608783101032841 ], [ 117.14758760635641, -0.60864566655091 ], [ 117.147582216464684, -0.608552247031781 ], [ 117.14758760635641, -0.608469606686588 ], [ 117.147610064238506, -0.608378881958342 ], [ 117.147592996248108, -0.60829713987515 ], [ 117.147599284455083, -0.608218092584733 ], [ 117.147629827174754, -0.608141740087207 ], [ 117.14765228505685, -0.608087844205951 ], [ 117.147655878317991, -0.608044727500558 ], [ 117.147655878317991, -0.607974662853561 ], [ 117.147663963155551, -0.607909089529266 ], [ 117.147638810327592, -0.607863278028258 ], [ 117.147601979400946, -0.607769858495587 ], [ 117.147601979400946, -0.607636915311693 ], [ 117.147622640652472, -0.607490498152672 ], [ 117.14763970864287, -0.607399773407976 ], [ 117.147667556416664, -0.607294676424591 ], [ 117.147682827776521, -0.607131192224154 ], [ 117.147682827776521, -0.607088973775985 ], [ 117.147694505875194, -0.607007231673275 ], [ 117.147719658703153, -0.606894050298251 ], [ 117.147753794683965, -0.60684015440455 ], [ 117.147764574467359, -0.606749429648941 ], [ 117.14777894751191, -0.606611096850332 ], [ 117.147797812132865, -0.606514982501164 ], [ 117.147803202024591, -0.606392818466114 ], [ 117.147849016104075, -0.606234723828427 ], [ 117.147882253769581, -0.606152083447799 ], [ 117.147895728498838, -0.606055969090482 ], [ 117.147893033553004, -0.605939194635373 ], [ 117.147884050400165, -0.605834995888689 ], [ 117.147858897572192, -0.60574696591148 ], [ 117.147804998655147, -0.605653546342266 ], [ 117.14766486147083, -0.605475689850274 ], [ 117.147568741735412, -0.60534005181458 ], [ 117.147520232710093, -0.605255614889985 ], [ 117.147446570856786, -0.605190041532743 ], [ 117.147355841013095, -0.605099316749499 ], [ 117.147274094322228, -0.604972661356492 ], [ 117.147214805513485, -0.604888224426178 ], [ 117.147142940290749, -0.604766958619706 ], [ 117.147128567246213, -0.604723841887863 ], [ 117.147119584093375, -0.60466455638102 ], [ 117.147118685778068, -0.604528918325049 ], [ 117.147081854851422, -0.60443010914307 ], [ 117.14700370142171, -0.604352858326816 ], [ 117.1469354294601, -0.60427920057076 ], [ 117.146903988425166, -0.604216321997727 ], [ 117.146879733912499, -0.604136376382391 ], [ 117.146837513094155, -0.604016907089865 ], [ 117.146825834995454, -0.603940554533116 ], [ 117.146804275428636, -0.603795035539636 ], [ 117.146796190591061, -0.603701615936831 ], [ 117.146805173743914, -0.60358843449282 ], [ 117.146786309122945, -0.603434831100753 ], [ 117.146766546186711, -0.603379138641739 ], [ 117.146780919231247, -0.603291108624715 ], [ 117.146772834393687, -0.603206671668273 ], [ 117.146713545584944, -0.60298659661607 ], [ 117.14672791862948, -0.602895871796041 ], [ 117.146718935476642, -0.602822214020252 ], [ 117.146718935476642, -0.602658729685064 ], [ 117.146693782648697, -0.602525786375909 ], [ 117.146670426451294, -0.602400927454221 ], [ 117.14666773150546, -0.602276966795327 ], [ 117.146545560626819, -0.601351753092833 ], [ 117.146505136439046, -0.601210725359354 ], [ 117.146430576270447, -0.600977176238575 ], [ 117.14637757566868, -0.600707696471421 ], [ 117.146355117786584, -0.600616971613489 ], [ 117.146349727894886, -0.600543313806932 ], [ 117.146336253165614, -0.60045887680795 ], [ 117.146349727894886, -0.600402286052583 ], [ 117.146318286859938, -0.60023520858094 ], [ 117.146293134031978, -0.600189397015243 ], [ 117.146250913213635, -0.599999862886419 ], [ 117.146233845223222, -0.599923510273426 ], [ 117.146194319350727, -0.599734874401464 ], [ 117.146167369892197, -0.599541747192482 ], [ 117.146151200217076, -0.5994249725977 ], [ 117.146151200217076, -0.599269572556167 ], [ 117.146142217064238, -0.599119562107268 ], [ 117.146134132226692, -0.599023447625874 ], [ 117.146099996245894, -0.598878826767517 ], [ 117.146045199013571, -0.598490775749843 ], [ 117.146047893959405, -0.598451252033539 ], [ 117.146062267003941, -0.598329087817708 ], [ 117.146070351841502, -0.598189856538996 ], [ 117.146055080481688, -0.598033558196104 ], [ 117.146040707437152, -0.597939240228412 ], [ 117.145997588303501, -0.597802703738979 ], [ 117.145892485415246, -0.597572747538576 ], [ 117.145746060023953, -0.597210746156719 ], [ 117.145708330782, -0.597087683646786 ], [ 117.145664313333072, -0.596881082346545 ], [ 117.145602329578495, -0.596742749297697 ], [ 117.145569990228253, -0.59664483824154 ], [ 117.145578075065814, -0.596520877452347 ], [ 117.145590651479793, -0.59641398372609 ], [ 117.145598736317353, -0.596227144266806 ], [ 117.145593346425656, -0.596095997334869 ], [ 117.145607719470192, -0.595872328930043 ], [ 117.145611312731333, -0.595554342507551 ], [ 117.145593346425656, -0.59522288206458 ], [ 117.145576278435257, -0.594283294901199 ], [ 117.145581668326955, -0.594228500616182 ], [ 117.145607719470192, -0.594142266986203 ], [ 117.145581668326955, -0.594061422956874 ], [ 117.145591549795071, -0.593959918785043 ], [ 117.145596939686769, -0.593355385050488 ], [ 117.145645448712116, -0.592838881435943 ], [ 117.145900570252806, -0.592461609200086 ], [ 117.146066758580361, -0.592150808719819 ], [ 117.146191624404878, -0.591970256987732 ], [ 117.146337151480893, -0.591824737676994 ], [ 117.146479983611073, -0.591692692373207 ], [ 117.146590476391026, -0.591596577762351 ], [ 117.146745884935157, -0.591482497801511 ], [ 117.146855479399832, -0.591444770569851 ], [ 117.147077363275002, -0.591356740361647 ], [ 117.147264212854111, -0.59127769282656 ], [ 117.147393570255019, -0.591245355198246 ], [ 117.147547182168623, -0.591169900731446 ], [ 117.147811286862122, -0.591001924712389 ], [ 117.148036763998462, -0.590799814522299 ], [ 117.148157138246503, -0.590634533294716 ], [ 117.148261342819481, -0.590520453314115 ], [ 117.148428429462314, -0.590386611444127 ], [ 117.148546108764549, -0.590210550992792 ], [ 117.148608092519169, -0.590043473212393 ], [ 117.14861168578031, -0.589918614007635 ], [ 117.148759907802187, -0.58889728357294 ], [ 117.148794043782956, -0.588785898360296 ], [ 117.148886570257233, -0.58863498935897 ], [ 117.14891890960746, -0.588555043517328 ], [ 117.149090487826712, -0.588199329421522 ], [ 117.149164149680018, -0.587686418400032 ], [ 117.149275540775236, -0.587532814564815 ], [ 117.149344711052123, -0.587393583014625 ], [ 117.147796015502308, -0.585979708882826 ], [ 117.147910999858681, -0.585841375562315 ], [ 117.147288467366792, -0.585097609338968 ], [ 117.146750376511591, -0.584823637456478 ], [ 117.146889615380616, -0.583440303812933 ], [ 117.146474593719375, -0.583107944380339 ], [ 117.145640957135697, -0.582232132268065 ], [ 117.145092984812393, -0.581420995390423 ], [ 117.143931463150025, -0.579337909121293 ], [ 117.145298699012457, -0.578220461923772 ], [ 117.145932011287755, -0.577447051797309 ], [ 117.14643327121631, -0.577195536286348 ], [ 117.146814156896752, -0.576481411828548 ], [ 117.147476215261179, -0.576325112878665 ], [ 117.14807988313207, -0.575269645719827 ], [ 117.14961330732207, -0.572089769015855 ], [ 117.149700443904649, -0.571252580844414 ], [ 117.149668104554422, -0.570105489128238 ], [ 117.149730986624306, -0.570024644754337 ], [ 117.14981183499988, -0.56993841075426 ], [ 117.149899869897709, -0.569892598941193 ], [ 117.149992396371985, -0.569876430065906 ], [ 117.150190025734489, -0.569906073003897 ], [ 117.150384960151115, -0.56994919000434 ], [ 117.150586182774788, -0.569977036400287 ], [ 117.150775727299731, -0.569924936691631 ], [ 117.150917661114633, -0.569892598941193 ], [ 117.151025458948723, -0.569896192024584 ], [ 117.151162002871899, -0.569920445337414 ], [ 117.151303038371509, -0.569915055712349 ], [ 117.151499769418734, -0.569835109606633 ], [ 117.151840230911418, -0.569726418831913 ], [ 117.152052233318486, -0.569662641599512 ], [ 117.152163624413689, -0.56961503324247 ], [ 117.152199557025057, -0.569607847075335 ], [ 117.152279507085339, -0.569554849092439 ], [ 117.152355863884495, -0.56949197012905 ], [ 117.152483424654847, -0.569465022001672 ], [ 117.152599307326483, -0.56945064966702 ], [ 117.152867005281152, -0.569242250810531 ], [ 117.153070024535381, -0.569084155121274 ], [ 117.15332155281493, -0.568881145877579 ], [ 117.153508402394024, -0.568702389944695 ], [ 117.153620691804534, -0.568592800877576 ], [ 117.153785083501518, -0.568442789610198 ], [ 117.154019543790682, -0.568295473152213 ], [ 117.154213579892073, -0.568204747770731 ], [ 117.155923073877716, -0.559876870329273 ], [ 117.156101838619264, -0.556927841312265 ], [ 117.154299818159345, -0.553373374588035 ], [ 117.154248614188148, -0.553293428256075 ], [ 117.154124646678937, -0.553150602783936 ], [ 117.154026730312964, -0.553040115152188 ], [ 117.153975526341753, -0.552986218745711 ], [ 117.153880304921643, -0.552861358735493 ], [ 117.153808439698921, -0.55277781930273 ], [ 117.153723099746927, -0.552699669509726 ], [ 117.153602725498857, -0.552610740433678 ], [ 117.153475164728505, -0.552486778689086 ], [ 117.153439232117137, -0.552437373645231 ], [ 117.153374553416697, -0.552317903264757 ], [ 117.153317959553789, -0.552213703532458 ], [ 117.153271247159026, -0.552161603665623 ], [ 117.153254179168613, -0.552131960637738 ], [ 117.153246094331053, -0.552088843506004 ], [ 117.153250585907472, -0.552025964354999 ], [ 117.153239806124077, -0.551985542043287 ], [ 117.153167940901355, -0.551877749210713 ], [ 117.153142788073382, -0.551811276962985 ], [ 117.153091584102199, -0.5517555839981 ], [ 117.153074516111801, -0.551708873769086 ], [ 117.153036786869876, -0.551636113603929 ], [ 117.152992769420948, -0.551574132721796 ], [ 117.152974803115271, -0.551525625944026 ], [ 117.152969413223545, -0.551461848513392 ], [ 117.15297120985413, -0.5514025624505 ], [ 117.152975701430549, -0.551369326324075 ], [ 117.152965819962432, -0.551319921270938 ], [ 117.15296671827771, -0.55125344901698 ], [ 117.152969413223545, -0.551205840510311 ], [ 117.1529442603956, -0.551151944087207 ], [ 117.152885869902136, -0.551072895999105 ], [ 117.152862513704733, -0.551027982312217 ], [ 117.152846344029626, -0.551005525468646 ], [ 117.152849038975461, -0.550982170351242 ], [ 117.152863412020039, -0.550974085887504 ], [ 117.152895751370252, -0.550946239401211 ], [ 117.152916412621806, -0.550922884283575 ], [ 117.152924497459338, -0.550878868869319 ], [ 117.152922700828782, -0.550816887979306 ], [ 117.152950548602576, -0.550753110541084 ], [ 117.152962226701291, -0.550679452090456 ], [ 117.152996362682089, -0.55062106429358 ], [ 117.153059244751972, -0.550429731970581 ], [ 117.153129313344124, -0.550195282496001 ], [ 117.153192195414007, -0.549976103668521 ], [ 117.153252382538057, -0.549822498829712 ], [ 117.153311671346799, -0.549694943931323 ], [ 117.153344010697026, -0.549612302728095 ], [ 117.153432045594883, -0.549551220098888 ], [ 117.15355780973465, -0.549441630674333 ], [ 117.153635963164362, -0.549372463577472 ], [ 117.153803049807195, -0.549147895075652 ], [ 117.153892881335636, -0.549076931427323 ], [ 117.154079730914731, -0.548987104023166 ], [ 117.154158782659721, -0.548862243929147 ], [ 117.154201003478093, -0.548829906062645 ], [ 117.154333055824836, -0.548749959669709 ], [ 117.154503735728824, -0.548670911549801 ], [ 117.154597160518364, -0.548593659977064 ], [ 117.154683398785636, -0.548404124137402 ], [ 117.154723822973423, -0.548218181388394 ], [ 117.154754365693094, -0.548160691841639 ], [ 117.154793891565589, -0.548138234987288 ], [ 117.154829824176957, -0.54807984716558 ], [ 117.154853180374346, -0.548000799036823 ], [ 117.154907079291391, -0.547928038826477 ], [ 117.154973554622416, -0.547891209583867 ], [ 117.154998707450375, -0.547862464808989 ], [ 117.155100217077489, -0.547608253200161 ], [ 117.155142437895833, -0.54753279816225 ], [ 117.155181065453064, -0.54745734312339 ], [ 117.155171183984947, -0.547348651934791 ], [ 117.155189150290624, -0.547295653751206 ], [ 117.15523855763125, -0.547222893532302 ], [ 117.155322100952674, -0.54714923503819 ], [ 117.155354440302901, -0.547107914419147 ], [ 117.155369711662715, -0.547032459374941 ], [ 117.155436186993754, -0.546798908041627 ], [ 117.155477509496819, -0.546719859895985 ], [ 117.155552069665404, -0.546594999754727 ], [ 117.155572730916916, -0.546507867136627 ], [ 117.15558081575449, -0.54648361372724 ], [ 117.15555835787238, -0.546460258592183 ], [ 117.155578120808642, -0.546429717261586 ], [ 117.155584409015631, -0.546397379381962 ], [ 117.155578120808642, -0.546344381189978 ], [ 117.155570035971081, -0.546303060565396 ], [ 117.155539493251425, -0.546262638214986 ], [ 117.155521526945734, -0.546203352100559 ], [ 117.155526916837445, -0.546152150455811 ], [ 117.155513442108173, -0.546082983320985 ], [ 117.155526916837445, -0.546034476498684 ], [ 117.155584409015631, -0.546017409283337 ], [ 117.155634714671535, -0.545917700813762 ], [ 117.155649087716071, -0.545809009597298 ], [ 117.155671545598167, -0.545710199398807 ], [ 117.155677833805171, -0.545625761591537 ], [ 117.155720952938793, -0.545519765193501 ], [ 117.155747902397323, -0.545482037661545 ], [ 117.155777546801701, -0.545480241112399 ], [ 117.15582156425063, -0.545445208403933 ], [ 117.155872768221812, -0.545439818756458 ], [ 117.155982362686487, -0.545374244711799 ], [ 117.156067702638481, -0.545322144785396 ], [ 117.156112618402688, -0.545311365490222 ], [ 117.156205144876935, -0.545257469014062 ], [ 117.15646206304821, -0.545140693314059 ], [ 117.15662555642993, -0.545061645146619 ], [ 117.156773778451807, -0.544977207330252 ], [ 117.156878881340035, -0.544938581520243 ], [ 117.157422362086933, -0.544638557778252 ], [ 117.157571482424089, -0.544577475098411 ], [ 117.157725992652971, -0.544494833824701 ], [ 117.157814925866106, -0.544405006351992 ], [ 117.157864333206732, -0.544370871912012 ], [ 117.157922723700196, -0.544392430505706 ], [ 117.158044894578836, -0.544343025395043 ], [ 117.158194014915992, -0.544259485843364 ], [ 117.158268575084577, -0.544237028974436 ], [ 117.158372779657526, -0.544176844565296 ], [ 117.158459916240076, -0.544128337727641 ], [ 117.158662935494306, -0.544013358555348 ], [ 117.158934226710116, -0.543889396632764 ], [ 117.159037532967787, -0.543831008769796 ], [ 117.159208212871761, -0.543758248508998 ], [ 117.159547776049138, -0.543584881464306 ], [ 117.159612454749606, -0.543570509066595 ], [ 117.159831643678928, -0.543429479912242 ], [ 117.159914288685087, -0.543421395438326 ], [ 117.160013103366339, -0.543357617921496 ], [ 117.160146054028388, -0.543296535228691 ], [ 117.160269123222307, -0.543218385311995 ], [ 117.160289784473846, -0.543332466224533 ], [ 117.160366141273002, -0.543388159267668 ], [ 117.160441599756837, -0.543355821371717 ], [ 117.160497295304467, -0.543326178300277 ], [ 117.160610483030268, -0.543265993882056 ], [ 117.16071738254908, -0.543239045634898 ], [ 117.160812603969191, -0.543190538789709 ], [ 117.160882672561357, -0.543089033723519 ], [ 117.160966215882794, -0.543033340677628 ], [ 117.160959029360498, -0.542974054531438 ], [ 117.160884469191942, -0.542854583962351 ], [ 117.160827875329034, -0.542730622015991 ], [ 117.160834163536009, -0.542629116942079 ], [ 117.160789247771802, -0.54253300151654 ], [ 117.160735348854757, -0.542377599937438 ], [ 117.160754213475727, -0.542294060358584 ], [ 117.160812603969191, -0.54222040180423 ], [ 117.160899740551756, -0.542185369076844 ], [ 117.161454899397341, -0.542266213832043 ], [ 117.166450430692336, -0.538451238487908 ], [ 117.166374073893166, -0.53831649714404 ], [ 117.166282445734197, -0.538190738553743 ], [ 117.166190817575213, -0.538047014447372 ], [ 117.166114460776058, -0.53795718687917 ], [ 117.166038103976916, -0.537840411038532 ], [ 117.165954560655507, -0.537741600710092 ], [ 117.165832389776867, -0.537597876593144 ], [ 117.165764117815257, -0.537499066260779 ], [ 117.16567967617857, -0.537400255926816 ], [ 117.165603319379429, -0.537292462833397 ], [ 117.165473961978506, -0.537166704222005 ], [ 117.165397605179336, -0.537076876640854 ], [ 117.1652529764186, -0.536914288715615 ], [ 117.165084991460461, -0.536734633544576 ], [ 117.165015821183587, -0.536653788715887 ], [ 117.16491700650235, -0.536545995609306 ], [ 117.164802920461241, -0.536447185259938 ], [ 117.164687936104897, -0.536312443871866 ], [ 117.16460439278346, -0.536231599037599 ], [ 117.164497493264648, -0.536123805923582 ], [ 117.164390593745836, -0.536007030047922 ], [ 117.164215422265443, -0.535818392090229 ], [ 117.164032165947475, -0.535593823085403 ], [ 117.163962995670587, -0.535521961002121 ], [ 117.163848909629522, -0.53539620235435 ], [ 117.163772552830366, -0.535288409225636 ], [ 117.163673738149114, -0.53515366781208 ], [ 117.163604567872255, -0.535072822962525 ], [ 117.163497668353443, -0.534928200506775 ], [ 117.163429396391848, -0.534838372892792 ], [ 117.163383582312349, -0.534757528039084 ], [ 117.163299140675662, -0.534631769375643 ], [ 117.163230868714052, -0.534541941757323 ], [ 117.16312396919524, -0.534380252041035 ], [ 117.162994611794318, -0.534164665746032 ], [ 117.162910170157616, -0.53404788983308 ], [ 117.162864356078131, -0.533958062206223 ], [ 117.162772727919133, -0.533832303526419 ], [ 117.162704455957552, -0.533741577620106 ], [ 117.162628099158397, -0.533615818935874 ], [ 117.16248347039766, -0.533445146431734 ], [ 117.162353214681474, -0.533265491159104 ], [ 117.162223857280551, -0.533157697993009 ], [ 117.162140313959142, -0.533067870353155 ], [ 117.162055872322441, -0.533004991004478 ], [ 117.16195705764116, -0.532924146126664 ], [ 117.161880700842005, -0.532816352954594 ], [ 117.161796259205303, -0.53275347360335 ], [ 117.161704631046334, -0.532681611486856 ], [ 117.161613901202614, -0.532600766604798 ], [ 117.161422560047114, -0.532466025132346 ], [ 117.161269846448818, -0.532304335361516 ], [ 117.161155760407723, -0.532205524943922 ], [ 117.161079403608582, -0.532133662821042 ], [ 117.160965317567502, -0.532007904103986 ], [ 117.16085841804869, -0.531918076447377 ], [ 117.160751518529878, -0.53182824878946 ], [ 117.16068234825299, -0.531756386662186 ], [ 117.160598804931567, -0.531684524534075 ], [ 117.16045417617083, -0.531558765807868 ], [ 117.160377819371675, -0.531477920911097 ], [ 117.160225105773378, -0.531334196647559 ], [ 117.160140664136676, -0.531262334514535 ], [ 117.160003221898222, -0.531144660269905 ], [ 117.159897220694688, -0.531027884299737 ], [ 117.159836135255361, -0.53094703939602 ], [ 117.159652878937393, -0.530767384050643 ], [ 117.159568437300678, -0.530668573608461 ], [ 117.159439079899769, -0.530533832093851 ], [ 117.159370807938188, -0.530426038880051 ], [ 117.159286366301473, -0.530363159504467 ], [ 117.159202822980063, -0.53026434905583 ], [ 117.158886616000046, -0.529852938261828 ] ] ] } },
{ "type": "Feature", "properties": { "FID": 9, "Kode_Prov": 64, "Provinsi": "Kalimantan Timur", "Kode_kota": "6472", "Kota": "Kota Samarinda", "Kode_Kec": 647208, "Kecamatan": "Sambutan", "Kode_Kel": 64720102, "Kelurahan": "Pulau Atas", "Sumber": "Revisi RTRW Kota Samarinda Tahun 2019 (Data belum disahkan)", "city": "samarinda", "source_layer": "Batas Administrasi AR", "role": "admin" }, "geometry": { "type": "Polygon", "coordinates": [ [ [ 117.218010134739643, -0.52511093284187 ], [ 117.217058818853786, -0.524948344601922 ], [ 117.216240453629922, -0.524968106708661 ], [ 117.215259493339673, -0.525119915617434 ], [ 117.214363873001432, -0.525366941940397 ], [ 117.197060523998687, -0.536338493873791 ], [ 117.196427211723403, -0.536256750763929 ], [ 117.195827137113611, -0.536256750763929 ], [ 117.19517046864091, -0.53633310421823 ], [ 117.194190406665939, -0.53656126629952 ], [ 117.193514873572283, -0.536799309406758 ], [ 117.190544144927699, -0.537985931701139 ], [ 117.19028453181059, -0.538040726517641 ], [ 117.189776085359767, -0.538678502214486 ], [ 117.188345967427466, -0.54047146001285 ], [ 117.185898058278241, -0.543540865996208 ], [ 117.185175812789794, -0.544197504884919 ], [ 117.185128202079753, -0.544518188967386 ], [ 117.185098557675374, -0.544976309055604 ], [ 117.185146168385444, -0.545333822355146 ], [ 117.185253067904227, -0.545934768029393 ], [ 117.185253067904227, -0.546136879789749 ], [ 117.185170422898096, -0.546237486530149 ], [ 117.183891221933507, -0.547772637386607 ], [ 117.183283960801447, -0.548534373885682 ], [ 117.182969550452, -0.548849668092195 ], [ 117.182838396420536, -0.54893859722436 ], [ 117.182641665373311, -0.548932309305968 ], [ 117.182508714711247, -0.549023933259033 ], [ 117.182410798345288, -0.549152386445771 ], [ 117.182285034205506, -0.549411987632919 ], [ 117.182201490884083, -0.549540440811316 ], [ 117.181801740582657, -0.550091082726563 ], [ 117.181637348885658, -0.550205163508525 ], [ 117.179071760434212, -0.553575486096612 ], [ 117.179252321806317, -0.553738971845177 ], [ 117.179603563082424, -0.554071332968469 ], [ 117.179741005320878, -0.554206073959087 ], [ 117.179863176199504, -0.554304884016926 ], [ 117.179946719520942, -0.554376745876137 ], [ 117.180107517956799, -0.554520469591943 ], [ 117.180198247800504, -0.554619279644535 ], [ 117.180343774876519, -0.554754020622684 ], [ 117.180412046838129, -0.554834865208101 ], [ 117.180503674997098, -0.554906727060877 ], [ 117.180618659353485, -0.555023502569777 ], [ 117.180785745996317, -0.555176209001013 ], [ 117.180885458992847, -0.555266036311663 ], [ 117.180961815791989, -0.555328915428306 ], [ 117.181045359113426, -0.555409760005864 ], [ 117.181190886189441, -0.555526535504828 ], [ 117.181281616033147, -0.555599295622247 ], [ 117.181396600389533, -0.555707088387146 ], [ 117.181480143710928, -0.55578793295953 ], [ 117.181602314589597, -0.555895725720987 ], [ 117.181702027586127, -0.555958604830928 ], [ 117.181785570907522, -0.556030466670041 ], [ 117.18184845297742, -0.556077176864995 ], [ 117.181869114228959, -0.556093345778547 ], [ 117.181960742387929, -0.556137361154103 ], [ 117.182090998104115, -0.556227188450138 ], [ 117.182258983062269, -0.556334981203574 ], [ 117.182364984265803, -0.556388877579554 ], [ 117.182464697262333, -0.5564697221426 ], [ 117.182578783303427, -0.556505653059154 ], [ 117.182670411462396, -0.556559549433575 ], [ 117.182770124458941, -0.556604463078549 ], [ 117.182914753219677, -0.556685307638641 ], [ 117.183159094976943, -0.556811065841025 ], [ 117.183242638298381, -0.556873944941211 ], [ 117.183410623256492, -0.556972754954434 ], [ 117.183532794135147, -0.557044616781192 ], [ 117.183639693653959, -0.557098513150686 ], [ 117.183761864532599, -0.55718834043208 ], [ 117.183914578130896, -0.557278167712104 ], [ 117.184074478251475, -0.557385960446324 ], [ 117.184196649130101, -0.557466804995695 ], [ 117.184387091970351, -0.557592563181399 ], [ 117.184502076326694, -0.557664425000596 ], [ 117.18467724780713, -0.557763235000558 ], [ 117.184821876567867, -0.557835096817671 ], [ 117.18501321772338, -0.557942889541694 ], [ 117.18512730376446, -0.558005768629796 ], [ 117.185226118445698, -0.558068647717225 ], [ 117.185356374161898, -0.558122544077344 ], [ 117.185607902441447, -0.558247403976389 ], [ 117.185730073320101, -0.558319265787587 ], [ 117.185874702080838, -0.558373162145409 ], [ 117.186210671997117, -0.558543833941919 ], [ 117.186317571515914, -0.558570782119862 ], [ 117.186439742394569, -0.558633661201249 ], [ 117.186660727954447, -0.558723488459206 ], [ 117.186702050457512, -0.558737860820352 ], [ 117.186859255632228, -0.558795350264583 ], [ 117.186950883791226, -0.558831281166942 ], [ 117.187141326631476, -0.558921108421878 ], [ 117.187232954790446, -0.55893817560016 ], [ 117.187637196668277, -0.559081899204782 ], [ 117.187752181024663, -0.559135795555608 ], [ 117.187988437944384, -0.559216640080919 ], [ 117.188163609424791, -0.559297484605117 ], [ 117.188255237583775, -0.559333415504404 ], [ 117.188377408462415, -0.55938731185292 ], [ 117.188453765261556, -0.559441208200942 ], [ 117.188591207500039, -0.559477139099348 ], [ 117.188895736381326, -0.559611879966412 ], [ 117.189010720737699, -0.559664878039942 ], [ 117.189117620256511, -0.559718774385414 ], [ 117.189316147934321, -0.559781653454505 ], [ 117.189399691255758, -0.559835549798903 ], [ 117.18949850593701, -0.559862497970917 ], [ 117.189773390413933, -0.559988256105343 ], [ 117.189888374770277, -0.560060117895232 ], [ 117.190124631690011, -0.56015892785489 ], [ 117.190360888609746, -0.560257737812883 ], [ 117.190521687045603, -0.560320616876193 ], [ 117.190627688249137, -0.56035654776921 ], [ 117.190795673207248, -0.560400563112855 ], [ 117.19090257272606, -0.560445476728479 ], [ 117.191017557082432, -0.56048140762073 ], [ 117.191253814002138, -0.560562252127488 ], [ 117.19136071352095, -0.560607165741872 ], [ 117.191490070921887, -0.560634113910337 ], [ 117.191719141319339, -0.560696992969606 ], [ 117.191810769478309, -0.560723941137657 ], [ 117.191924855519403, -0.560750889305584 ], [ 117.192108111837356, -0.560812870091347 ], [ 117.192306639515138, -0.560875749148696 ], [ 117.192603981874171, -0.560974559094593 ], [ 117.192779153354607, -0.561001507261367 ], [ 117.193001037229763, -0.561082351760943 ], [ 117.193145665990528, -0.561118282649284 ], [ 117.193237294149498, -0.561145230815396 ], [ 117.193336108830749, -0.561163196259401 ], [ 117.19350409378886, -0.561207211596981 ], [ 117.193603806785418, -0.561234159762683 ], [ 117.193756520383715, -0.561288056093714 ], [ 117.193847250227421, -0.561323986980792 ], [ 117.193962234583779, -0.56135991786765 ], [ 117.194061049265031, -0.561395848754287 ], [ 117.194267661780373, -0.561449745083828 ], [ 117.194450019783048, -0.561494658691399 ], [ 117.194549732779578, -0.561530589577208 ], [ 117.194633276101015, -0.561548555020029 ], [ 117.194770718339484, -0.561601553076031 ], [ 117.194930618460063, -0.561646466682436 ], [ 117.195144417497701, -0.561709345730823 ], [ 117.195244130494231, -0.561745276615312 ], [ 117.195419301974624, -0.561817138383627 ], [ 117.195548659375547, -0.561844086546517 ], [ 117.195701372973843, -0.561906965592778 ], [ 117.195808272492627, -0.561924931034442 ], [ 117.195907985489185, -0.561960861917605 ], [ 117.196052614249922, -0.562005775521249 ], [ 117.196205327848233, -0.562031825411203 ], [ 117.196312227367045, -0.562049790852484 ], [ 117.196419126885843, -0.562085721734879 ], [ 117.196555670809033, -0.562130635337562 ], [ 117.19680809740386, -0.562202497101136 ], [ 117.19692218344494, -0.562247410702921 ], [ 117.197158440364689, -0.562319272465058 ], [ 117.197265339883501, -0.562346220625631 ], [ 117.197410866959515, -0.562409099666485 ], [ 117.197502495118513, -0.562417184114546 ], [ 117.197639039041675, -0.562462097714679 ], [ 117.197761209920316, -0.562507011314466 ], [ 117.197891465636502, -0.562551924913908 ], [ 117.198135807393797, -0.562659717551158 ], [ 117.198265164794719, -0.562695648429799 ], [ 117.198440336275112, -0.562767510186416 ], [ 117.198570591991313, -0.562821406503298 ], [ 117.198722407274317, -0.562875302819682 ], [ 117.198844578152958, -0.562929199135569 ], [ 117.198944291149516, -0.56297411273176 ], [ 117.199035919308486, -0.563010043608464 ], [ 117.199173361546954, -0.563045076213037 ], [ 117.199264091390646, -0.563081007089303 ], [ 117.199370990909458, -0.563125920684325 ], [ 117.199447347708613, -0.563170834279001 ], [ 117.199516517985501, -0.563179816997894 ], [ 117.19960814614447, -0.563206765154492 ], [ 117.199730317023125, -0.563251678748545 ], [ 117.199897403665958, -0.563305575060951 ], [ 117.199989031824927, -0.563350488654243 ], [ 117.200073473461643, -0.563377436810051 ], [ 117.200272001139425, -0.563431333121294 ], [ 117.200469630501928, -0.563503194868843 ], [ 117.200591801380583, -0.563538227470452 ], [ 117.200729243619065, -0.563565175625392 ], [ 117.200897228577176, -0.563610089216682 ], [ 117.2011110276148, -0.563663985525773 ], [ 117.201233198493426, -0.563681950962026 ], [ 117.201324826652424, -0.563717881834365 ], [ 117.201446099215786, -0.563762795424477 ], [ 117.201583541454227, -0.563807709014243 ], [ 117.201690440973039, -0.563834657167936 ], [ 117.201835968049082, -0.563860707049721 ], [ 117.2019877833321, -0.563923586074239 ], [ 117.202109954210741, -0.563968499662764 ], [ 117.202186311009882, -0.564013413250943 ], [ 117.20227793916888, -0.564031378686118 ], [ 117.202400110047506, -0.5640673095563 ], [ 117.202491738206476, -0.564103240426261 ], [ 117.20261390908513, -0.564139171296 ], [ 117.202736079963771, -0.564193067600192 ], [ 117.202919336281724, -0.564237981186638 ], [ 117.20325440788271, -0.564353858238066 ], [ 117.20335412087924, -0.56438080638923 ], [ 117.203522105837379, -0.564443685408128 ], [ 117.203735006559697, -0.564524529859997 ], [ 117.203826634718695, -0.564560460727134 ], [ 117.203987433154552, -0.564605374310743 ], [ 117.204086247835804, -0.564659270610615 ], [ 117.204261419316197, -0.564722149626501 ], [ 117.204376403672583, -0.56476706320886 ], [ 117.204475218353835, -0.564802994074498 ], [ 117.204661169617623, -0.564864076545572 ], [ 117.204666559509349, -0.564864974817201 ], [ 117.204780645550429, -0.564909888398457 ], [ 117.204910002951337, -0.564972767411632 ], [ 117.205001631110306, -0.564990732843842 ], [ 117.20514715818635, -0.565026663708097 ], [ 117.205238786345333, -0.565071577288103 ], [ 117.205475043265068, -0.565116490867762 ], [ 117.205597214143694, -0.5651793698787 ], [ 117.205757114264259, -0.565224283457525 ], [ 117.205909827862556, -0.565287162467297 ], [ 117.206084999342977, -0.565359024191917 ], [ 117.206184712339507, -0.565376091351383 ], [ 117.206276340498505, -0.565438970359511 ], [ 117.20638234170201, -0.565474901220993 ], [ 117.206543140137867, -0.56553778022805 ], [ 117.206665311016522, -0.565582693804103 ], [ 117.206825211137073, -0.565672520955166 ], [ 117.207046196696965, -0.565771330819729 ], [ 117.207176452413151, -0.565825227108781 ], [ 117.207259995734589, -0.565879123397333 ], [ 117.207412709332914, -0.565950985114623 ], [ 117.207565422931211, -0.566013864116521 ], [ 117.207648966252634, -0.566049794974443 ], [ 117.207809764688477, -0.566130639403953 ], [ 117.207962478286774, -0.56619262013248 ], [ 117.208046021608197, -0.566237533703463 ], [ 117.208144836289449, -0.566255499131758 ], [ 117.208236464448419, -0.566318378130355 ], [ 117.208427805603947, -0.566372274414323 ], [ 117.208564349527137, -0.56642617069779 ], [ 117.208648791163853, -0.566471084266963 ], [ 117.208725147962994, -0.56653396326322 ], [ 117.208885048083573, -0.566560911404264 ], [ 117.208984761080103, -0.566623790399547 ], [ 117.20912938984084, -0.566659721253688 ], [ 117.209258747241762, -0.566722600247898 ], [ 117.209411460840059, -0.566785479241425 ], [ 117.209526445196431, -0.566830392807813 ], [ 117.20980851619565, -0.566919321668232 ], [ 117.209998959035886, -0.566964235233582 ], [ 117.210105858554698, -0.56700016608561 ], [ 117.210243300793152, -0.567063045076124 ], [ 117.210350200311964, -0.567089993214706 ], [ 117.210457099830776, -0.567143889491495 ], [ 117.210586457231699, -0.567179820342408 ], [ 117.210715814632607, -0.567224733905736 ], [ 117.210876613068464, -0.567296595606336 ], [ 117.211021241829201, -0.567349593609957 ], [ 117.211105683465917, -0.567385524459594 ], [ 117.211364398267747, -0.56746636887046 ], [ 117.211486569146373, -0.567520265143742 ], [ 117.21163928274467, -0.567574161416523 ], [ 117.211791996342967, -0.567637040400799 ], [ 117.211982439183217, -0.567717884808149 ], [ 117.2122654084977, -0.567825677349525 ], [ 117.212440579978107, -0.567906521754238 ], [ 117.212532208137105, -0.567969400734899 ], [ 117.212661565538014, -0.568022398732354 ], [ 117.212753193696983, -0.568058329577809 ], [ 117.212852906693513, -0.568103243134315 ], [ 117.213028078173934, -0.568184087535145 ], [ 117.213165520412417, -0.568264931934843 ], [ 117.213394590809855, -0.568345776333411 ], [ 117.213470049293733, -0.568399672598493 ], [ 117.213699119691171, -0.568480516995175 ], [ 117.213829375407371, -0.568543395969589 ], [ 117.213989275527922, -0.568615257653795 ], [ 117.214088090209174, -0.568660171205969 ], [ 117.214256075167313, -0.568732032888722 ], [ 117.214378246045982, -0.568776048168966 ], [ 117.214538146166532, -0.568856892560376 ], [ 117.214637859163091, -0.568883840690595 ], [ 117.21476721656397, -0.568946719660615 ], [ 117.214897472280171, -0.569000615920087 ], [ 117.215079830282846, -0.569108408437521 ], [ 117.215225357358889, -0.569162304695482 ], [ 117.215316985517859, -0.569198235533844 ], [ 117.215439156396513, -0.569252131790966 ], [ 117.215576598634996, -0.569332976175704 ], [ 117.215797584194874, -0.569422803268528 ], [ 117.216057197311983, -0.569557543905141 ], [ 117.216186554712877, -0.569619524596925 ], [ 117.216339268311202, -0.569709351685283 ], [ 117.21646862571211, -0.569781213354962 ], [ 117.21656025387108, -0.569808161480861 ], [ 117.216667153389892, -0.569844092315196 ], [ 117.216774052908704, -0.569897988566278 ], [ 117.216888138949798, -0.569969850233604 ], [ 117.217079480105298, -0.5700596773165 ], [ 117.21718637962411, -0.570122556273694 ], [ 117.217338194907128, -0.570212383354208 ], [ 117.217704707543049, -0.570392037511031 ], [ 117.217803522224301, -0.570472881879772 ], [ 117.217910421743113, -0.570535760832451 ], [ 117.218101762898641, -0.570643553321161 ], [ 117.218231120299563, -0.570724397686368 ], [ 117.218345206340629, -0.570787276636298 ], [ 117.218452105859441, -0.570831291900841 ], [ 117.218582361575642, -0.570903153556513 ], [ 117.218689261094454, -0.570975015211286 ], [ 117.218796160613266, -0.570992980624839 ], [ 117.2189021618168, -0.57106484227849 ], [ 117.21900187481333, -0.571109755811566 ], [ 117.219108774332142, -0.571181617463757 ], [ 117.219474388652756, -0.571361271590303 ], [ 117.219604644368957, -0.571442115945416 ], [ 117.219787900686939, -0.571549908417131 ], [ 117.219917258087847, -0.571648718181092 ], [ 117.220146328485299, -0.571756510648928 ], [ 117.220275685886207, -0.571828372293029 ], [ 117.220390670242566, -0.571909216641566 ], [ 117.220611655802472, -0.572052939925043 ], [ 117.220718555321255, -0.572115818860432 ], [ 117.220893726801691, -0.572223611319497 ], [ 117.221000626320503, -0.572304455662466 ], [ 117.2211533399188, -0.57240236714298 ], [ 117.22138959683852, -0.572519142301041 ], [ 117.221519852554721, -0.572599986639844 ], [ 117.22160339587613, -0.572653882865079 ], [ 117.221748024636881, -0.572734727201982 ], [ 117.221847737633411, -0.572797606129896 ], [ 117.222259166033538, -0.572995225613133 ], [ 117.22246577854888, -0.573094035352196 ], [ 117.222587949427549, -0.573156914276166 ], [ 117.222679577586504, -0.573201827792866 ], [ 117.222808934987427, -0.573264706715653 ], [ 117.222915834506239, -0.573282672122037 ], [ 117.223007462665208, -0.573317704664323 ], [ 117.223091005986632, -0.573362618179761 ], [ 117.223289533664413, -0.573407531694846 ], [ 117.223373076985851, -0.573434479803729 ], [ 117.223510519224334, -0.573479393318251 ], [ 117.223602147383289, -0.573497358723961 ], [ 117.223807861583353, -0.573578203048959 ], [ 117.22392284593974, -0.573623116562353 ], [ 117.22408274606029, -0.57369497818305 ], [ 117.224174374219288, -0.57373090899306 ], [ 117.224311816457757, -0.573775822505256 ], [ 117.224433987336397, -0.573828820449193 ], [ 117.224563344737305, -0.573864751258363 ], [ 117.224654972896303, -0.573900682067307 ], [ 117.224868771933899, -0.573981526386606 ], [ 117.225052028251866, -0.574071353406709 ], [ 117.225174199130493, -0.574107284214355 ], [ 117.225311641368975, -0.574170163127192 ], [ 117.225448185292166, -0.574251007442681 ], [ 117.225608983728023, -0.574331851757026 ], [ 117.225829969287915, -0.574421678771625 ], [ 117.225982682886212, -0.574502523083556 ], [ 117.226066226207635, -0.574528572917157 ], [ 117.226181210564022, -0.574573486423086 ], [ 117.226371653404229, -0.574672296134888 ], [ 117.226463281563198, -0.57469924423781 ], [ 117.226592638964149, -0.574780088545814 ], [ 117.226745352562446, -0.574825002049766 ], [ 117.226898066160743, -0.574887880954705 ], [ 117.227057966281322, -0.574950759858952 ], [ 117.227157679277852, -0.575013638762507 ], [ 117.227271765318918, -0.575058552264621 ], [ 117.227393936197572, -0.575121431166988 ], [ 117.227493649194102, -0.57515736196803 ], [ 117.227534073381889, -0.575174429098446 ], [ 117.227614921757464, -0.575211258169168 ], [ 117.227775720193321, -0.57525527339972 ], [ 117.228057791192526, -0.57537204849954 ], [ 117.228225776150666, -0.575416961998834 ], [ 117.228507847149885, -0.575497806296672 ], [ 117.228668645585714, -0.575524754395697 ], [ 117.228851003588403, -0.575560685194199 ], [ 117.228996530664446, -0.575586735022971 ], [ 117.229164515622585, -0.575640631220053 ], [ 117.229331602265418, -0.575721475514721 ], [ 117.229446586621791, -0.575748423612689 ], [ 117.229560672662871, -0.575766389011263 ], [ 117.229690928379057, -0.575811302507452 ], [ 117.229781658222748, -0.575856216003287 ], [ 117.229881371219278, -0.575856216003287 ], [ 117.230018813457761, -0.575883164100618 ], [ 117.230163442218512, -0.575882265830709 ], [ 117.230353885058761, -0.575927179325984 ], [ 117.230598226816028, -0.57596311012195 ], [ 117.230857839933137, -0.57596311012195 ], [ 117.231017740053687, -0.575980177249954 ], [ 117.231193809849387, -0.575998142647799 ], [ 117.231712137768326, -0.575998142647799 ], [ 117.23201756496492, -0.576033175173432 ], [ 117.232146922365843, -0.576033175173432 ], [ 117.232475705759839, -0.576060123269926 ], [ 117.232574520441091, -0.576060123269926 ], [ 117.232788319478715, -0.576086173096416 ], [ 117.233153933799343, -0.576086173096416 ], [ 117.233367732836967, -0.576095155795178 ], [ 117.234298387471313, -0.576103240224052 ], [ 117.234413371827657, -0.576075393857883 ], [ 117.234664900107234, -0.576075393857883 ], [ 117.234840071587627, -0.57606641115909 ], [ 117.23514549878422, -0.57606551288921 ], [ 117.23589738867706, -0.575575057513536 ], [ 117.235544350770368, -0.570268974414212 ], [ 117.235554232238499, -0.569975239858618 ], [ 117.235575791805317, -0.569782111625828 ], [ 117.235618910938967, -0.569545866383426 ], [ 117.235682691324129, -0.569375194909506 ], [ 117.235768929591416, -0.569245843894327 ], [ 117.23589738867706, -0.568838927140161 ], [ 117.236089628147866, -0.568281100814647 ], [ 117.236305223816046, -0.567787949960272 ], [ 117.236519022853642, -0.567337916083778 ], [ 117.236625922372454, -0.56703789348 ], [ 117.236690601072908, -0.566844765148983 ], [ 117.236798398907027, -0.566651636811525 ], [ 117.236798398907027, -0.566544742519653 ], [ 117.236582803238818, -0.566351614172194 ], [ 117.236519022853642, -0.566201602846704 ], [ 117.23647590372002, -0.565987814244389 ], [ 117.236519022853642, -0.565730010331116 ], [ 117.236432784586384, -0.565387768881516 ], [ 117.236432784586384, -0.565152421731238 ], [ 117.23647590372002, -0.564893719509245 ], [ 117.23645524246848, -0.564723047898152 ], [ 117.23641212333483, -0.564509259241397 ], [ 117.236425598064088, -0.564458956026901 ], [ 117.236381580615188, -0.564447278494902 ], [ 117.236365410940067, -0.564442787136434 ], [ 117.235756353177436, -0.56424786217561 ], [ 117.235166160035774, -0.564009820163902 ], [ 117.234562492164841, -0.563771778142458 ], [ 117.233682143186428, -0.563424146946491 ], [ 117.233096441621157, -0.563200477251297 ], [ 117.232273584820902, -0.562781882537634 ], [ 117.231197403110528, -0.562172854123769 ], [ 117.231068944024898, -0.562129737065512 ], [ 117.230588345347911, -0.562082128646649 ], [ 117.229393586020024, -0.562030028867072 ], [ 117.228409032468633, -0.56198331871947 ], [ 117.22737866483773, -0.561934812027334 ], [ 117.226604317062822, -0.561900677688182 ], [ 117.225702408517577, -0.561864746804649 ], [ 117.224675634147815, -0.56181534183943 ], [ 117.2241510180219, -0.561793783309022 ], [ 117.223596757491592, -0.561769529962217 ], [ 117.223120650390996, -0.5617542593364 ], [ 117.222256471087704, -0.561708447458708 ], [ 117.221547700328514, -0.561670720029751 ], [ 117.219924444610115, -0.561589875538309 ], [ 117.219943309231098, -0.560856885431562 ], [ 117.219996309832837, -0.559533730263892 ], [ 117.220048412119326, -0.558243810885806 ], [ 117.21910158780986, -0.558330045059191 ], [ 117.21908721476531, -0.558048885718391 ], [ 117.219096197918162, -0.55786384154427 ], [ 117.218597632935456, -0.557815334818052 ], [ 117.218617395871718, -0.557194628341726 ], [ 117.218807838711967, -0.55476749472033 ], [ 117.220173277943829, -0.554848339305563 ], [ 117.221082373011342, -0.55488337195882 ], [ 117.221257544491749, -0.540871192516044 ], [ 117.221139865189528, -0.540742739152719 ], [ 117.221060813444524, -0.540628658191403 ], [ 117.221000626320503, -0.540482239316652 ], [ 117.220979066753671, -0.540375344553101 ], [ 117.220979066753671, -0.540200180860863 ], [ 117.220979066753671, -0.54010765849831 ], [ 117.221004219581644, -0.539989984423514 ], [ 117.22105362692227, -0.539883089651304 ], [ 117.221168611278642, -0.539761822470472 ], [ 117.221155136549385, -0.539700739741434 ], [ 117.221140763504806, -0.539622589778387 ], [ 117.221233289979082, -0.539508508796045 ], [ 117.221326714768637, -0.539401614015374 ], [ 117.221447987331985, -0.539286634753397 ], [ 117.221533327283979, -0.539158181356588 ], [ 117.221633040280508, -0.539009067619831 ], [ 117.221683345936412, -0.538837496990491 ], [ 117.221712092025527, -0.538716229788828 ], [ 117.221640226802791, -0.538515914331907 ], [ 117.221426427765167, -0.538452136763524 ], [ 117.221219815249825, -0.538330869554194 ], [ 117.220976371807808, -0.53821589027201 ], [ 117.22085509924446, -0.538123367879303 ], [ 117.220237058328991, -0.52630025221424 ], [ 117.219790595632773, -0.525900518764663 ], [ 117.219028824271845, -0.52557713887661 ], [ 117.218010134739643, -0.52511093284187 ] ] ] } },
{ "type": "Feature", "properties": { "FID": 10, "Kode_Prov": 64, "Provinsi": "Kalimantan Timur", "Kode_kota": "6472", "Kota": "Kota Samarinda", "Kode_Kec": 647202, "Kecamatan": "Samarinda Seberang", "Kode_Kel": 0, "Kelurahan": "Gunung Panjang", "Sumber": "Revisi RTRW Kota Samarinda Tahun 2019 (Data belum disahkan)", "city": "samarinda", "source_layer": "Batas Administrasi AR", "role": "admin" }, "geometry": { "type": "Polygon", "coordinates": [ [ [ 117.124565582254988, -0.524954632544982 ], [ 117.12248149079582, -0.524769587360858 ], [ 117.117504824121795, -0.527582093912242 ], [ 117.113435455884741, -0.535855221406235 ], [ 117.113739984766056, -0.537131671465513 ], [ 117.113876528689232, -0.537973355841544 ], [ 117.114062479953049, -0.539120453784983 ], [ 117.114176565994129, -0.539621691502944 ], [ 117.11432478801602, -0.5402747377151 ], [ 117.11440383976101, -0.540700520214529 ], [ 117.114479298244873, -0.541107438904433 ], [ 117.114512535910407, -0.541239485360855 ], [ 117.114656266355865, -0.541807195263191 ], [ 117.114596977547123, -0.5421763863262 ], [ 117.114513434225685, -0.542604863517087 ], [ 117.114497264550565, -0.5427988909143 ], [ 117.114490078028311, -0.542890514960821 ], [ 117.11450265444229, -0.54294980110783 ], [ 117.114549366837053, -0.543163590542214 ], [ 117.114640994996023, -0.543403429940695 ], [ 117.114644588257164, -0.54341420923928 ], [ 117.1148350310974, -0.543580390090024 ], [ 117.115061406548989, -0.543580390090024 ], [ 117.115098237475635, -0.543578593540311 ], [ 117.115123390303594, -0.543577695265454 ], [ 117.115311138197981, -0.543568712516878 ], [ 117.115774668884598, -0.543460919532924 ], [ 117.115993857813919, -0.543449241959547 ], [ 117.116095367441005, -0.543532781522441 ], [ 117.116178910762443, -0.543734893363371 ], [ 117.116330726045462, -0.544085220538288 ], [ 117.116374743494362, -0.544186725587733 ], [ 117.116983801257007, -0.546024595479279 ], [ 117.117112260342651, -0.546418039693964 ], [ 117.117259584049222, -0.546871668265672 ], [ 117.117402416179402, -0.547118693711099 ], [ 117.117497637599499, -0.547223791806614 ], [ 117.117547044940125, -0.547255231407479 ], [ 117.117744674302656, -0.547385481180735 ], [ 117.118268392113293, -0.547603761828883 ], [ 117.118726532908184, -0.547808568355721 ], [ 117.119656289227251, -0.548419394797692 ], [ 117.11980810451027, -0.548511917032732 ], [ 117.120542926412682, -0.548961054075708 ], [ 117.121065745908041, -0.549281737903752 ], [ 117.123887354215469, -0.540657403000755 ], [ 117.132215635214521, -0.530120624764088 ], [ 117.131014587679672, -0.52765305781073 ], [ 117.13013873027765, -0.527044025845483 ], [ 117.127073678528234, -0.525331010839482 ], [ 117.124565582254988, -0.524954632544982 ] ] ] } },
{ "type": "Feature", "properties": { "FID": 11, "Kode_Prov": 64, "Provinsi": "Kalimantan Timur", "Kode_kota": "6472", "Kota": "Kota Samarinda", "Kode_Kec": 647202, "Kecamatan": "Samarinda Seberang", "Kode_Kel": 0, "Kelurahan": "Mangkupalas", "Sumber": "Revisi RTRW Kota Samarinda Tahun 2019 (Data belum disahkan)", "city": "samarinda", "source_layer": "Batas Administrasi AR", "role": "admin" }, "geometry": { "type": "Polygon", "coordinates": [ [ [ 117.147657674948547, -0.519255058714738 ], [ 117.147389976993907, -0.518520266945901 ], [ 117.146216777232823, -0.518941559547519 ], [ 117.147524724286512, -0.522003790001252 ], [ 117.144886372297051, -0.525534021556938 ], [ 117.1452106641146, -0.525861892834471 ], [ 117.145431649674521, -0.526839218622547 ], [ 117.145204375907625, -0.526922758411663 ], [ 117.145568193597683, -0.527993504856774 ], [ 117.145879010685988, -0.52951967753312 ], [ 117.146665934874875, -0.531302756964464 ], [ 117.146179047990898, -0.531885738490678 ], [ 117.146751274826869, -0.537115502500911 ], [ 117.147208517306495, -0.537128976638082 ], [ 117.147601081085668, -0.536651093888246 ], [ 117.147814880123263, -0.536437304224914 ], [ 117.147964898775726, -0.536051943846516 ], [ 117.148823688187349, -0.535149176431577 ], [ 117.151320106361908, -0.53447367276652 ], [ 117.156038058234103, -0.534838372892792 ], [ 117.15734690360307, -0.533595158580362 ], [ 117.15860723994669, -0.532436382008011 ], [ 117.157426853663367, -0.531100644712178 ], [ 117.157126816358442, -0.53076109611346 ], [ 117.155996735731037, -0.52853067456433 ], [ 117.155146031156974, -0.526541888826393 ], [ 117.154794789880867, -0.524865703063975 ], [ 117.154709449928887, -0.524549509343487 ], [ 117.152828377723949, -0.524987868815337 ], [ 117.149835191197269, -0.525322926341748 ], [ 117.148578448114776, -0.521881624191761 ], [ 117.148178697813321, -0.520875552729309 ], [ 117.147957712253444, -0.520233283809893 ], [ 117.147657674948547, -0.519255058714738 ] ] ] } },
{ "type": "Feature", "properties": { "FID": 12, "Kode_Prov": 64, "Provinsi": "Kalimantan Timur", "Kode_kota": "6472", "Kota": "Kota Samarinda", "Kode_Kec": 647208, "Kecamatan": "Sambutan", "Kode_Kel": 64720112, "Kelurahan": "Sungai Kapih", "Sumber": "Revisi RTRW Kota Samarinda Tahun 2019 (Data belum disahkan)", "city": "samarinda", "source_layer": "Batas Administrasi AR", "role": "admin" }, "geometry": { "type": "Polygon", "coordinates": [ [ [ 117.172096342253013, -0.516498241724047 ], [ 117.171958900014559, -0.516471293360455 ], [ 117.171425300735791, -0.516849468719082 ], [ 117.171242044417838, -0.517011158889296 ], [ 117.170959075103312, -0.517254592415574 ], [ 117.170692275463949, -0.517426163640663 ], [ 117.170356305547699, -0.517686664444753 ], [ 117.170150591347635, -0.517813321728393 ], [ 117.168693523956776, -0.518532842844863 ], [ 117.168572251393428, -0.51914636702815 ], [ 117.16850757269296, -0.519424833328893 ], [ 117.168179687614256, -0.520209928575227 ], [ 117.167879650309359, -0.520845011271685 ], [ 117.167458340441115, -0.521759458379898 ], [ 117.167194235747587, -0.521651665014519 ], [ 117.166135122027598, -0.521268100274408 ], [ 117.165519776057991, -0.521069580809577 ], [ 117.165483843446637, -0.521118986106839 ], [ 117.165338316370594, -0.521293252061361 ], [ 117.165196382555692, -0.521446857615213 ], [ 117.16508139819932, -0.521527702642051 ], [ 117.164974498680536, -0.52162112356066 ], [ 117.164845141279613, -0.521704663419395 ], [ 117.16466008833109, -0.521801677447501 ], [ 117.164517256200924, -0.521861862075297 ], [ 117.164394187006977, -0.52190228458618 ], [ 117.164307050424441, -0.521942707096803 ], [ 117.164304355478578, -0.521945401930836 ], [ 117.164214523950164, -0.522010976225266 ], [ 117.164050132253166, -0.522157395537759 ], [ 117.163869570881062, -0.522282256175779 ], [ 117.163752789894133, -0.522344237354883 ], [ 117.163685416247816, -0.522387354696507 ], [ 117.163672839833836, -0.52242687892607 ], [ 117.163688111193665, -0.522478080768542 ], [ 117.163748298317714, -0.522660431186591 ], [ 117.163826451747411, -0.522796071149292 ], [ 117.16394952094133, -0.522968540501607 ], [ 117.164144455357999, -0.52323173591033 ], [ 117.164298067271588, -0.523414984584286 ], [ 117.164378017331885, -0.523505710641469 ], [ 117.164380712277719, -0.523559607308481 ], [ 117.164369932494324, -0.523600928086209 ], [ 117.164338491459375, -0.523655723030169 ], [ 117.164272016128351, -0.52373117836205 ], [ 117.164143557042706, -0.523845259635908 ], [ 117.163894723709006, -0.524064439400326 ], [ 117.163852502890663, -0.524115641229434 ], [ 117.163803095550037, -0.524205468998787 ], [ 117.16372763706616, -0.524390514199592 ], [ 117.163667449942139, -0.524565678340945 ], [ 117.163568635260887, -0.52482528057219 ], [ 117.163406938509752, -0.525092967290702 ], [ 117.163282072685263, -0.525273521077588 ], [ 117.163213800723639, -0.525373229883036 ], [ 117.163162596752457, -0.525386704045813 ], [ 117.163148223707921, -0.525422635146407 ], [ 117.163126664141103, -0.525490005959466 ], [ 117.163094324790848, -0.525531326724449 ], [ 117.162945204453692, -0.525657983850194 ], [ 117.162887712275506, -0.525684932174489 ], [ 117.16276104982046, -0.525874468718746 ], [ 117.162543657521681, -0.526222102081168 ], [ 117.162171754994091, -0.526796101311598 ], [ 117.162088211672653, -0.52691826702518 ], [ 117.161994786883113, -0.52706288966831 ], [ 117.161899565462974, -0.527185953653918 ], [ 117.161783682791324, -0.527263205497656 ], [ 117.161676783272512, -0.527325186627404 ], [ 117.16128332117809, -0.527516519676211 ], [ 117.160996758602451, -0.527669226800146 ], [ 117.160726365701919, -0.527802171822637 ], [ 117.160420040190047, -0.52792793062508 ], [ 117.160393090731517, -0.527939608228035 ], [ 117.160253851862493, -0.527974641036769 ], [ 117.16023678387208, -0.528080637738914 ], [ 117.160207139467701, -0.528161482680013 ], [ 117.160156833811797, -0.52823783623453 ], [ 117.160093053426621, -0.528306105294245 ], [ 117.160040951140147, -0.528334850161269 ], [ 117.159974475809108, -0.528351019148911 ], [ 117.159908000478111, -0.528368086413599 ], [ 117.15986128808332, -0.528377967461555 ], [ 117.159801100959299, -0.52839772955742 ], [ 117.159766964978488, -0.528421084761543 ], [ 117.159744507096391, -0.528456117567562 ], [ 117.159756185195064, -0.5284965400358 ], [ 117.159775049816048, -0.528538759057902 ], [ 117.159813677373251, -0.528583672910886 ], [ 117.159895424064132, -0.52863667125699 ], [ 117.159963696025713, -0.528689669602642 ], [ 117.159991543799521, -0.52873188862343 ], [ 117.159998730321803, -0.528762430042545 ], [ 117.15998974716895, -0.528805547339863 ], [ 117.159951119611733, -0.528838783589675 ], [ 117.159897220694688, -0.528850461190918 ], [ 117.159842423462365, -0.528852257744953 ], [ 117.159793914437017, -0.528841478420733 ], [ 117.159731032367119, -0.528845969805827 ], [ 117.159677133450074, -0.528857647407056 ], [ 117.159627726109449, -0.528895375041647 ], [ 117.159591793498066, -0.528951966493104 ], [ 117.159554064256142, -0.529041794192769 ], [ 117.15954238615744, -0.529120842567398 ], [ 117.15953430131988, -0.529224144419089 ], [ 117.159497470393234, -0.52929061691405 ], [ 117.159466927673563, -0.529339123869383 ], [ 117.158880327793071, -0.529845752046842 ], [ 117.158886616000046, -0.529852938261828 ], [ 117.159202822980063, -0.53026434905583 ], [ 117.159286366301473, -0.530363159504467 ], [ 117.159370807938188, -0.530426038880051 ], [ 117.159439079899769, -0.530533832093851 ], [ 117.159568437300678, -0.530668573608461 ], [ 117.159652878937393, -0.530767384050643 ], [ 117.159836135255361, -0.53094703939602 ], [ 117.159897220694688, -0.531027884299737 ], [ 117.160003221898222, -0.531144660269905 ], [ 117.160140664136676, -0.531262334514535 ], [ 117.160225105773378, -0.531334196647559 ], [ 117.160377819371675, -0.531477920911097 ], [ 117.16045417617083, -0.531558765807868 ], [ 117.160598804931567, -0.531684524534075 ], [ 117.16068234825299, -0.531756386662186 ], [ 117.160751518529878, -0.53182824878946 ], [ 117.16085841804869, -0.531918076447377 ], [ 117.160965317567502, -0.532007904103986 ], [ 117.161079403608582, -0.532133662821042 ], [ 117.161155760407723, -0.532205524943922 ], [ 117.161269846448818, -0.532304335361516 ], [ 117.161422560047114, -0.532466025132346 ], [ 117.161613901202614, -0.532600766604798 ], [ 117.161704631046334, -0.532681611486856 ], [ 117.161796259205303, -0.53275347360335 ], [ 117.161880700842005, -0.532816352954594 ], [ 117.16195705764116, -0.532924146126664 ], [ 117.162055872322441, -0.533004991004478 ], [ 117.162140313959142, -0.533067870353155 ], [ 117.162223857280551, -0.533157697993009 ], [ 117.162353214681474, -0.533265491159104 ], [ 117.16248347039766, -0.533445146431734 ], [ 117.162628099158397, -0.533615818935874 ], [ 117.162704455957552, -0.533741577620106 ], [ 117.162772727919133, -0.533832303526419 ], [ 117.162864356078131, -0.533958062206223 ], [ 117.162910170157616, -0.53404788983308 ], [ 117.162994611794318, -0.534164665746032 ], [ 117.16312396919524, -0.534380252041035 ], [ 117.163230868714052, -0.534541941757323 ], [ 117.163299140675662, -0.534631769375643 ], [ 117.163383582312349, -0.534757528039084 ], [ 117.163429396391848, -0.534838372892792 ], [ 117.163497668353443, -0.534928200506775 ], [ 117.163604567872255, -0.535072822962525 ], [ 117.163673738149114, -0.53515366781208 ], [ 117.163772552830366, -0.535288409225636 ], [ 117.163848909629522, -0.53539620235435 ], [ 117.163962995670587, -0.535521961002121 ], [ 117.164032165947475, -0.535593823085403 ], [ 117.164215422265443, -0.535818392090229 ], [ 117.164390593745836, -0.536007030047922 ], [ 117.164497493264648, -0.536123805923582 ], [ 117.16460439278346, -0.536231599037599 ], [ 117.164687936104897, -0.536312443871866 ], [ 117.164802920461241, -0.536447185259938 ], [ 117.16491700650235, -0.536545995609306 ], [ 117.165015821183587, -0.536653788715887 ], [ 117.165084991460461, -0.536734633544576 ], [ 117.1652529764186, -0.536914288715615 ], [ 117.165397605179336, -0.537076876640854 ], [ 117.165473961978506, -0.537166704222005 ], [ 117.165603319379429, -0.537292462833397 ], [ 117.16567967617857, -0.537400255926816 ], [ 117.165764117815257, -0.537499066260779 ], [ 117.165832389776867, -0.537597876593144 ], [ 117.165954560655507, -0.537741600710092 ], [ 117.166038103976916, -0.537840411038532 ], [ 117.166114460776058, -0.53795718687917 ], [ 117.166190817575213, -0.538047014447372 ], [ 117.166282445734197, -0.538190738553743 ], [ 117.166374073893166, -0.53831649714404 ], [ 117.166450430692336, -0.538451238487908 ], [ 117.16651960096921, -0.538523998812359 ], [ 117.166679501089789, -0.538748567709508 ], [ 117.166801671968415, -0.53891025731033 ], [ 117.16687802876757, -0.539018050375161 ], [ 117.167007386168478, -0.539206688234023 ], [ 117.167090929489916, -0.539296515783809 ], [ 117.16720591384626, -0.539431257106 ], [ 117.167358627444557, -0.5396378604609 ], [ 117.167442170765995, -0.539718705250038 ], [ 117.167503256205322, -0.539799550038101 ], [ 117.167594884364291, -0.539925308595175 ], [ 117.167701783883103, -0.540051965425026 ], [ 117.167785327204527, -0.540141792962329 ], [ 117.167892226723353, -0.540267551512322 ], [ 117.16802248243954, -0.540411275566269 ], [ 117.168114110598538, -0.540519068604498 ], [ 117.168164416254442, -0.540563982369862 ], [ 117.168204840442229, -0.540599913381914 ], [ 117.16828119724137, -0.540689740911114 ], [ 117.16837282540034, -0.540788551191699 ], [ 117.16850308111654, -0.540905326975772 ], [ 117.168640523355009, -0.541049051014622 ], [ 117.168724066676447, -0.541147861289357 ], [ 117.168830966195259, -0.541219723306335 ], [ 117.1689073229944, -0.541300568074418 ], [ 117.169021409035494, -0.541408361096851 ], [ 117.169113037194464, -0.541471240359053 ], [ 117.169228021550836, -0.541588016129982 ], [ 117.169334022754356, -0.541668860893154 ], [ 117.169403193031243, -0.541731740152653 ], [ 117.169486736352653, -0.541812584913907 ], [ 117.16955590662954, -0.541884446923006 ], [ 117.169624178591121, -0.541965291682222 ], [ 117.169693348867995, -0.542064101942021 ], [ 117.169792163549246, -0.542189860452161 ], [ 117.16988379170823, -0.542343465486003 ], [ 117.169975419867228, -0.54245125848988 ], [ 117.170036505306527, -0.542559051491837 ], [ 117.170104777268151, -0.542621930742092 ], [ 117.170158676185196, -0.542738706490831 ], [ 117.170211676786963, -0.542819551238637 ], [ 117.170265575704008, -0.542927344234031 ], [ 117.170333847665589, -0.543035137227503 ], [ 117.17043266234684, -0.543196826714108 ], [ 117.17052429050581, -0.54333156794964 ], [ 117.170570104585295, -0.543421395438326 ], [ 117.170639274862182, -0.543539069446483 ], [ 117.170692275463949, -0.543610931435069 ], [ 117.170746174380994, -0.543718724416346 ], [ 117.17082253118015, -0.543817534647492 ], [ 117.170890803141731, -0.543907362128949 ], [ 117.170951888581058, -0.543997189609068 ], [ 117.17105878809987, -0.54413193082674 ], [ 117.17117287414095, -0.544311585778955 ], [ 117.17124923094012, -0.544437344242322 ], [ 117.171303129857165, -0.544518188967386 ], [ 117.171425300735791, -0.544625981932453 ], [ 117.171470216499998, -0.544706826654988 ], [ 117.171585200856356, -0.544868516096804 ], [ 117.171860085333307, -0.545183810495863 ], [ 117.171996629256483, -0.545336517178932 ], [ 117.172142156332512, -0.545480241112399 ], [ 117.172256242373592, -0.545614982296907 ], [ 117.172371226729965, -0.545731757987707 ], [ 117.172470041411216, -0.545848533676239 ], [ 117.17265329772917, -0.546055136811934 ], [ 117.172782655130092, -0.546189877983563 ], [ 117.172851825406951, -0.54627072268509 ], [ 117.172958724925763, -0.546378515618767 ], [ 117.173035081724919, -0.546459360317756 ], [ 117.173149167766013, -0.546567153248049 ], [ 117.173454594962607, -0.546872566540038 ], [ 117.173561494481419, -0.546971376719414 ], [ 117.173667495684953, -0.547088152383851 ], [ 117.17382829412081, -0.547259722779018 ], [ 117.173919922279779, -0.547376498437843 ], [ 117.174026821798591, -0.547511239579816 ], [ 117.174103178597747, -0.547574118778367 ], [ 117.174156179199514, -0.547654963461249 ], [ 117.174285536600422, -0.547807670081496 ], [ 117.174369978237138, -0.547906480245464 ], [ 117.174453521558547, -0.54799630766584 ], [ 117.174522691835435, -0.548104100568512 ], [ 117.174614319994419, -0.548238841694125 ], [ 117.174697863315828, -0.548328669109515 ], [ 117.174820034194482, -0.548490358453822 ], [ 117.174888306156078, -0.548580185865438 ], [ 117.175018561872264, -0.548741875202949 ], [ 117.175094918671419, -0.548831702610789 ], [ 117.175201818190232, -0.548958359253551 ], [ 117.175300632871483, -0.549093100359927 ], [ 117.175368904833064, -0.549164962282086 ], [ 117.175422803750109, -0.549263772423645 ], [ 117.175491075711705, -0.549353599823644 ], [ 117.175606060068077, -0.549506306400543 ], [ 117.175720146109171, -0.549685961191897 ], [ 117.175811774268141, -0.549820702281866 ], [ 117.175872859707468, -0.549901546934388 ], [ 117.175941131669049, -0.549991374324795 ], [ 117.176063302547689, -0.55015306362412 ], [ 117.176154930706687, -0.550242891010741 ], [ 117.176307644304984, -0.55047734048345 ], [ 117.176384001104125, -0.550549202388948 ], [ 117.176460357903281, -0.550674960721486 ], [ 117.176567257422093, -0.550827667264572 ], [ 117.176643614221234, -0.55093546011616 ], [ 117.176742428902486, -0.551007322016135 ], [ 117.176834057061484, -0.551177994025101 ], [ 117.176902329023065, -0.551312735081357 ], [ 117.177009228541877, -0.551438493397778 ], [ 117.177070313981204, -0.551537303501673 ], [ 117.17714667078036, -0.551645096340416 ], [ 117.177307469216188, -0.551833733803517 ], [ 117.17740628389744, -0.551960390382528 ], [ 117.177489827218878, -0.552032252270129 ], [ 117.17759672673769, -0.552175976042727 ], [ 117.177681168374392, -0.552247837927723 ], [ 117.177795254415472, -0.552373596224375 ], [ 117.1779407814915, -0.552517319988719 ], [ 117.178016239975378, -0.552625112809695 ], [ 117.178214767653159, -0.552804767506975 ], [ 117.178321667171971, -0.552903577588163 ], [ 117.178474380770268, -0.553020353136537 ], [ 117.17855073756941, -0.553092215011318 ], [ 117.178619009531005, -0.553155094151037 ], [ 117.178886707485674, -0.553397627969428 ], [ 117.178954979447283, -0.553469489839639 ], [ 117.179071760434212, -0.553575486096612 ], [ 117.181637348885658, -0.550205163508525 ], [ 117.181801740582657, -0.550091082726563 ], [ 117.182201490884083, -0.549540440811316 ], [ 117.182285034205506, -0.549411987632919 ], [ 117.182410798345288, -0.549152386445771 ], [ 117.182508714711247, -0.549023933259033 ], [ 117.182641665373311, -0.548932309305968 ], [ 117.182838396420536, -0.54893859722436 ], [ 117.182969550452, -0.548849668092195 ], [ 117.183283960801447, -0.548534373885682 ], [ 117.183891221933507, -0.547772637386607 ], [ 117.185170422898096, -0.546237486530149 ], [ 117.185253067904227, -0.546136879789749 ], [ 117.185253067904227, -0.545934768029393 ], [ 117.185146168385444, -0.545333822355146 ], [ 117.185098557675374, -0.544976309055604 ], [ 117.185128202079753, -0.544518188967386 ], [ 117.185175812789794, -0.544197504884919 ], [ 117.185898058278241, -0.543540865996208 ], [ 117.188345967427466, -0.54047146001285 ], [ 117.189776085359767, -0.538678502214486 ], [ 117.19028453181059, -0.538040726517641 ], [ 117.190544144927699, -0.537985931701139 ], [ 117.188187863937472, -0.536509166297455 ], [ 117.186351707496712, -0.535359373035586 ], [ 117.184246954786005, -0.534039805346717 ], [ 117.181114529390285, -0.532077071398684 ], [ 117.180869289317727, -0.531901009192474 ], [ 117.182946194254626, -0.529552015502189 ], [ 117.183445657552582, -0.529331039376854 ], [ 117.184791333848196, -0.528817224941169 ], [ 117.186531370553539, -0.527250629616183 ], [ 117.186462200276665, -0.526396367893801 ], [ 117.186020229156881, -0.52540736442868 ], [ 117.185995974644214, -0.52522681064566 ], [ 117.185933990889609, -0.524764197695219 ], [ 117.185958245402276, -0.524348295149404 ], [ 117.186066043236366, -0.523464389863113 ], [ 117.186256486076601, -0.522816731540704 ], [ 117.186217858519385, -0.52173700142893 ], [ 117.184012494496869, -0.518306476659729 ], [ 117.183631608816398, -0.517854642543785 ], [ 117.183036924098317, -0.517735171489851 ], [ 117.182191609415952, -0.51775942501226 ], [ 117.181778384385268, -0.517837575250504 ], [ 117.18175682481845, -0.51777379746994 ], [ 117.181592433121452, -0.516690473381024 ], [ 117.176231287505829, -0.518293002481787 ], [ 117.175827045627983, -0.518445709830115 ], [ 117.175414718912549, -0.518671177731794 ], [ 117.175094918671419, -0.518833766133997 ], [ 117.174583777274762, -0.519149061863378 ], [ 117.174392436119234, -0.519265838055455 ], [ 117.174072635878076, -0.519284701901665 ], [ 117.17359203720109, -0.519149960141786 ], [ 117.173324339246406, -0.518943356104396 ], [ 117.173065624444575, -0.518682855351981 ], [ 117.173033285094363, -0.51849960654041 ], [ 117.17301172552753, -0.518376542384564 ], [ 117.172828469209577, -0.517756730176441 ], [ 117.172795231544072, -0.517654326414482 ], [ 117.17265329772917, -0.517225847497828 ], [ 117.172454770051388, -0.516758742566214 ], [ 117.172096342253013, -0.516498241724047 ] ] ] } },
{ "type": "Feature", "properties": { "FID": 13, "Kode_Prov": 64, "Provinsi": "Kalimantan Timur", "Kode_kota": "6472", "Kota": "Kota Samarinda", "Kode_Kec": 647202, "Kecamatan": "Loa Janan Ilir", "Kode_Kel": 64720206, "Kelurahan": "Rapak Dalam", "Sumber": "Revisi RTRW Kota Samarinda Tahun 2019 (Data belum disahkan)", "city": "samarinda", "source_layer": "Batas Administrasi AR", "role": "admin" }, "geometry": { "type": "Polygon", "coordinates": [ [ [ 117.144458774221803, -0.514822053291371 ], [ 117.143653883727225, -0.512841347742778 ], [ 117.142373784447358, -0.514724140877328 ], [ 117.133142696587754, -0.524172232724276 ], [ 117.132404281424215, -0.524050965234702 ], [ 117.131980276610108, -0.524234213884707 ], [ 117.131822173120099, -0.524685149265313 ], [ 117.131886851820553, -0.524748926975883 ], [ 117.131907513072093, -0.524828873682581 ], [ 117.132043158679991, -0.524933972160618 ], [ 117.132661199595461, -0.525255555526888 ], [ 117.13325857925939, -0.525330112561957 ], [ 117.13294955880167, -0.526359538521434 ], [ 117.133820026311966, -0.527192241594723 ], [ 117.132215635214521, -0.530120624764088 ], [ 117.123887354215469, -0.540657403000755 ], [ 117.121065745908041, -0.549281737903752 ], [ 117.121469987785915, -0.5494748668115 ], [ 117.12207365565682, -0.549727281793144 ], [ 117.122564135801952, -0.549955443368794 ], [ 117.123492993805741, -0.550412664767761 ], [ 117.124565582254988, -0.550901325713368 ], [ 117.127668363246329, -0.553016760042775 ], [ 117.129126328952452, -0.554280630639246 ], [ 117.1323755353351, -0.556098735416388 ], [ 117.146276964356872, -0.541145166463704 ], [ 117.146755766403288, -0.538487169512437 ], [ 117.146751274826869, -0.537115502500911 ], [ 117.146179047990898, -0.531885738490678 ], [ 117.146665934874875, -0.531302756964464 ], [ 117.145879010685988, -0.52951967753312 ], [ 117.145568193597683, -0.527993504856774 ], [ 117.145204375907625, -0.526922758411663 ], [ 117.145431649674521, -0.526839218622547 ], [ 117.1452106641146, -0.525861892834471 ], [ 117.144886372297051, -0.525534021556938 ], [ 117.147524724286512, -0.522003790001252 ], [ 117.146216777232823, -0.518941559547519 ], [ 117.144475842212202, -0.514865170684234 ], [ 117.144458774221803, -0.514822053291371 ] ] ] } },
{ "type": "Feature", "properties": { "FID": 14, "Kode_Prov": 64, "Provinsi": "Kalimantan Timur", "Kode_kota": "6472", "Kota": "Kota Samarinda", "Kode_Kec": 647202, "Kecamatan": "Samarinda Seberang", "Kode_Kel": 64720202, "Kelurahan": "Mesjid", "Sumber": "Revisi RTRW Kota Samarinda Tahun 2019 (Data belum disahkan)", "city": "samarinda", "source_layer": "Batas Administrasi AR", "role": "admin" }, "geometry": { "type": "Polygon", "coordinates": [ [ [ 117.153725794692775, -0.511918814835733 ], [ 117.153244297700496, -0.511522673595372 ], [ 117.151276987228272, -0.513074002077124 ], [ 117.150284348839307, -0.514073786822976 ], [ 117.150384960151115, -0.514195054503883 ], [ 117.149735478200739, -0.514658566507449 ], [ 117.14840058168852, -0.515387070770552 ], [ 117.147115092516955, -0.515743687500295 ], [ 117.147008192998129, -0.515900886304291 ], [ 117.147221992035767, -0.516000595257955 ], [ 117.147291162312627, -0.516136235363585 ], [ 117.147399858462023, -0.516596154110804 ], [ 117.147048617185916, -0.516756047729971 ], [ 117.147564250158993, -0.518418761474795 ], [ 117.147389976993907, -0.518520266945901 ], [ 117.147657674948547, -0.519255058714738 ], [ 117.147957712253444, -0.520233283809893 ], [ 117.148178697813321, -0.520875552729309 ], [ 117.148578448114776, -0.521881624191761 ], [ 117.149835191197269, -0.525322926341748 ], [ 117.152828377723949, -0.524987868815337 ], [ 117.154709449928887, -0.524549509343487 ], [ 117.154259393971557, -0.522878712714534 ], [ 117.154187528748821, -0.521308522789104 ], [ 117.154783111782194, -0.518572367098581 ], [ 117.155520628630455, -0.51506279206446 ], [ 117.154928638858209, -0.513572547050803 ], [ 117.153725794692775, -0.511918814835733 ] ] ] } },
{ "type": "Feature", "properties": { "FID": 15, "Kode_Prov": 64, "Provinsi": "Kalimantan Timur", "Kode_kota": "6472", "Kota": "Kota Samarinda", "Kode_Kec": 647203, "Kecamatan": "Sungai Kunjang", "Kode_Kel": 64720304, "Kelurahan": "Loa Bakung", "Sumber": "Revisi RTRW Kota Samarinda Tahun 2019 (Data belum disahkan)", "city": "samarinda", "source_layer": "Batas Administrasi AR", "role": "admin" }, "geometry": { "type": "Polygon", "coordinates": [ [ [ 117.08762685777198, -0.508995812909292 ], [ 117.087266633343063, -0.508984135271399 ], [ 117.08706541071939, -0.509044320020316 ], [ 117.086918087012791, -0.509198824149293 ], [ 117.086610863185641, -0.509407225061582 ], [ 117.086326995555879, -0.509538373908102 ], [ 117.086114094833533, -0.509550949824751 ], [ 117.084973234422691, -0.509438664853799 ], [ 117.084600433579766, -0.509359616233075 ], [ 117.083977002772599, -0.509098216809914 ], [ 117.083955443205795, -0.509367700751148 ], [ 117.083926697116695, -0.509503340997307 ], [ 117.083835068957725, -0.509574305098464 ], [ 117.083579947417007, -0.50955364466403 ], [ 117.083239485924338, -0.509560830902101 ], [ 117.081550653190206, -0.509391056025525 ], [ 117.080821221179491, -0.50952939111048 ], [ 117.080389131527824, -0.509601253491103 ], [ 117.079856430564348, -0.50970096254289 ], [ 117.079594122501391, -0.509701860822628 ], [ 117.078991352945749, -0.509602151770856 ], [ 117.075559788560383, -0.510747458353593 ], [ 117.07421321394952, -0.511462488869639 ], [ 117.071718592405503, -0.514435793300635 ], [ 117.070677444991205, -0.515365512075922 ], [ 117.070145642343022, -0.516079643796687 ], [ 117.069975860754326, -0.516330263589126 ], [ 117.069975860754326, -0.516751556336229 ], [ 117.069856384821534, -0.517108172989448 ], [ 117.069684806602254, -0.517681274773053 ], [ 117.069649772306192, -0.518543622186811 ], [ 117.069567127300033, -0.518722379604762 ], [ 117.069183546673742, -0.519175111937182 ], [ 117.068202586383464, -0.520792911137751 ], [ 117.067723784337019, -0.521860065519252 ], [ 117.06657933066505, -0.524131810228012 ], [ 117.066213716344436, -0.525155846719563 ], [ 117.065430385416676, -0.531519241636246 ], [ 117.065391757859459, -0.531830045342632 ], [ 117.06673024763279, -0.532651070087092 ], [ 117.072866639338613, -0.537130773189703 ], [ 117.083255655599459, -0.544558611329512 ], [ 117.086123077986372, -0.54579194238131 ], [ 117.087361854763174, -0.54346990228166 ], [ 117.088388629132936, -0.541612269559047 ], [ 117.090124174261831, -0.539718705250038 ], [ 117.091576750076257, -0.538467407448972 ], [ 117.095031670658969, -0.537147840430073 ], [ 117.095374827097515, -0.537030166298134 ], [ 117.095474540094045, -0.537021183539878 ], [ 117.095763797615547, -0.536958304231714 ], [ 117.095894053331733, -0.536931355956589 ], [ 117.096153666448842, -0.536849612854649 ], [ 117.096328837929249, -0.536822664579045 ], [ 117.096588451046358, -0.536759785268839 ], [ 117.09668726572761, -0.536758886992974 ], [ 117.096938794007158, -0.53673193871697 ], [ 117.097206491961828, -0.536687024923366 ], [ 117.097327764525176, -0.536687024923366 ], [ 117.09754964840036, -0.536659178371166 ], [ 117.097709548520953, -0.53664121285355 ], [ 117.097969161638062, -0.536605281818161 ], [ 117.098091332516688, -0.53656935078256 ], [ 117.0985485749963, -0.536568452506667 ], [ 117.098770458871485, -0.536550486988785 ], [ 117.098923172469782, -0.536550486988785 ], [ 117.099006715791219, -0.536523538711863 ], [ 117.099136073192113, -0.536522640435963 ], [ 117.099349872229737, -0.536486709399877 ], [ 117.099555586429801, -0.536477726640822 ], [ 117.099902336129475, -0.536476828364916 ], [ 117.100356883663224, -0.536476828364916 ], [ 117.100585954060676, -0.53651275940106 ], [ 117.100730582821427, -0.53651275940106 ], [ 117.100860838537628, -0.536538809402133 ], [ 117.101387251294128, -0.536538809402133 ], [ 117.101623508213834, -0.536511861125159 ], [ 117.101859765133568, -0.536510962849258 ], [ 117.102035834929268, -0.536492997331207 ], [ 117.10214273444808, -0.536492997331207 ], [ 117.102272091848988, -0.536457066294947 ], [ 117.10247061952677, -0.536457066294947 ], [ 117.10282096248757, -0.5364292197417 ], [ 117.103515360202195, -0.536437304224914 ], [ 117.103729159239819, -0.536401373188327 ], [ 117.103866601478302, -0.536401373188327 ], [ 117.104057044318509, -0.536374424910748 ], [ 117.104202571394552, -0.536373526634826 ], [ 117.104393014234802, -0.536355561116372 ], [ 117.10459333854314, -0.532990618581833 ], [ 117.104575372237463, -0.532401349224523 ], [ 117.104491828916053, -0.532038445506935 ], [ 117.104024704968296, -0.531205743084192 ], [ 117.103646514233688, -0.530776366818036 ], [ 117.103016795219517, -0.530187097249433 ], [ 117.10108990893508, -0.527786002833567 ], [ 117.101089010619802, -0.527079058659258 ], [ 117.099915810858747, -0.520875552729309 ], [ 117.099872691725096, -0.520703981597798 ], [ 117.099808911339935, -0.520390482502508 ], [ 117.099780165250849, -0.520119202470513 ], [ 117.099808013024642, -0.519647606360653 ], [ 117.099821487753914, -0.519298176077495 ], [ 117.099810707970505, -0.518034298259749 ], [ 117.099860115311131, -0.517755831897835 ], [ 117.100008337333009, -0.517363284134624 ], [ 117.100044269944377, -0.517220457825736 ], [ 117.099993964288444, -0.517084817743251 ], [ 117.099852030473571, -0.516842282489199 ], [ 117.099631943228971, -0.51659256099572 ], [ 117.099490009414069, -0.516357211953316 ], [ 117.099361550328439, -0.516093117979328 ], [ 117.099233989558073, -0.515899988025422 ], [ 117.098978868017383, -0.515750873731419 ], [ 117.09691543780977, -0.514939727842039 ], [ 117.096684570781775, -0.514885831101545 ], [ 117.096400703151971, -0.51482115501235 ], [ 117.096394414944996, -0.514701683901418 ], [ 117.096433940817505, -0.514481605533317 ], [ 117.09640968630481, -0.514367524090538 ], [ 117.096329736244556, -0.514310034228838 ], [ 117.095505981128994, -0.513944434627471 ], [ 117.094910398095621, -0.513707288928907 ], [ 117.094760379443159, -0.513679442274332 ], [ 117.094504359587191, -0.513665069807407 ], [ 117.094230373425546, -0.513669561203324 ], [ 117.093875538888327, -0.513665968086591 ], [ 117.093578196529265, -0.513647104223705 ], [ 117.093326668249716, -0.513595004030684 ], [ 117.093105682689838, -0.513522243415582 ], [ 117.092481353567365, -0.513330011663057 ], [ 117.092317860185645, -0.513279708025928 ], [ 117.092375352363831, -0.510523786731104 ], [ 117.092426556335042, -0.509095521970445 ], [ 117.090689214575562, -0.509322786761725 ], [ 117.087916115293453, -0.508989524950429 ], [ 117.08762685777198, -0.508995812909292 ] ] ] } },
{ "type": "Feature", "properties": { "FID": 16, "Kode_Prov": 64, "Provinsi": "Kalimantan Timur", "Kode_kota": "6472", "Kota": "Kota Samarinda", "Kode_Kec": 647202, "Kecamatan": "Samarinda Seberang", "Kode_Kel": 0, "Kelurahan": "Tenun", "Sumber": "Revisi RTRW Kota Samarinda Tahun 2019 (Data belum disahkan)", "city": "samarinda", "source_layer": "Batas Administrasi AR", "role": "admin" }, "geometry": { "type": "Polygon", "coordinates": [ [ [ 117.152383711658288, -0.51081572760228 ], [ 117.149969040174597, -0.508830529417138 ], [ 117.149278235721098, -0.509334464399005 ], [ 117.148359259185455, -0.51007015550498 ], [ 117.147559758582574, -0.511155277275765 ], [ 117.14736662079649, -0.511412185217847 ], [ 117.146367694200563, -0.512654505645751 ], [ 117.145839484813479, -0.513260844161903 ], [ 117.145311275426437, -0.513846522199964 ], [ 117.144518961345824, -0.514752885806377 ], [ 117.144458774221803, -0.514822053291371 ], [ 117.144475842212202, -0.514865170684234 ], [ 117.146216777232823, -0.518941559547519 ], [ 117.147389976993907, -0.518520266945901 ], [ 117.147564250158993, -0.518418761474795 ], [ 117.147048617185916, -0.516756047729971 ], [ 117.147399858462023, -0.516596154110804 ], [ 117.147291162312627, -0.516136235363585 ], [ 117.147221992035767, -0.516000595257955 ], [ 117.147008192998129, -0.515900886304291 ], [ 117.147115092516955, -0.515743687500295 ], [ 117.14840058168852, -0.515387070770552 ], [ 117.149735478200739, -0.514658566507449 ], [ 117.150384960151115, -0.514195054503883 ], [ 117.150284348839307, -0.514073786822976 ], [ 117.151276987228272, -0.513074002077124 ], [ 117.153244297700496, -0.511522673595372 ], [ 117.152383711658288, -0.51081572760228 ] ] ] } },
{ "type": "Feature", "properties": { "FID": 17, "Kode_Prov": 64, "Provinsi": "Kalimantan Timur", "Kode_kota": "6472", "Kota": "Kota Samarinda", "Kode_Kec": 647201, "Kecamatan": "Samarinda Ilir", "Kode_Kel": 64720108, "Kelurahan": "Selili", "Sumber": "Revisi RTRW Kota Samarinda Tahun 2019 (Data belum disahkan)", "city": "samarinda", "source_layer": "Batas Administrasi AR", "role": "admin" }, "geometry": { "type": "Polygon", "coordinates": [ [ [ 117.159393265820285, -0.508405643029291 ], [ 117.158812954146754, -0.508016687812521 ], [ 117.158420390367596, -0.508385880871037 ], [ 117.158136522737792, -0.508592485249803 ], [ 117.157796959560429, -0.508651771722489 ], [ 117.157450209860741, -0.508697583996464 ], [ 117.157443921653766, -0.508697583996464 ], [ 117.157131307934861, -0.508640094083972 ], [ 117.156727964372323, -0.508349949674054 ], [ 117.156715387958343, -0.508340966874778 ], [ 117.156506978812416, -0.508711956474507 ], [ 117.156183585310131, -0.509229365662722 ], [ 117.155162200832081, -0.5102578959569 ], [ 117.1542459192423, -0.511180429102716 ], [ 117.153287416834146, -0.511158870393907 ], [ 117.152383711658288, -0.51081572760228 ], [ 117.153244297700496, -0.511522673595372 ], [ 117.153725794692775, -0.511918814835733 ], [ 117.154928638858209, -0.513572547050803 ], [ 117.155520628630455, -0.51506279206446 ], [ 117.154783111782194, -0.518572367098581 ], [ 117.154187528748821, -0.521308522789104 ], [ 117.154259393971557, -0.522878712714534 ], [ 117.154709449928887, -0.524549509343487 ], [ 117.154794789880867, -0.524865703063975 ], [ 117.155146031156974, -0.526541888826393 ], [ 117.155996735731037, -0.52853067456433 ], [ 117.157126816358442, -0.53076109611346 ], [ 117.157426853663367, -0.531100644712178 ], [ 117.158101488441716, -0.530518561388677 ], [ 117.158880327793071, -0.529845752046842 ], [ 117.159466927673563, -0.529339123869383 ], [ 117.159497470393234, -0.52929061691405 ], [ 117.15953430131988, -0.529224144419089 ], [ 117.15954238615744, -0.529120842567398 ], [ 117.159554064256142, -0.529041794192769 ], [ 117.159591793498066, -0.528951966493104 ], [ 117.159627726109449, -0.528895375041647 ], [ 117.159677133450074, -0.528857647407056 ], [ 117.159731032367119, -0.528845969805827 ], [ 117.159793914437017, -0.528841478420733 ], [ 117.159842423462365, -0.528852257744953 ], [ 117.159897220694688, -0.528850461190918 ], [ 117.159951119611733, -0.528838783589675 ], [ 117.15998974716895, -0.528805547339863 ], [ 117.159998730321803, -0.528762430042545 ], [ 117.159991543799521, -0.52873188862343 ], [ 117.159963696025713, -0.528689669602642 ], [ 117.159895424064132, -0.52863667125699 ], [ 117.159813677373251, -0.528583672910886 ], [ 117.159775049816048, -0.528538759057902 ], [ 117.159756185195064, -0.5284965400358 ], [ 117.159744507096391, -0.528456117567562 ], [ 117.159766964978488, -0.528421084761543 ], [ 117.159801100959299, -0.52839772955742 ], [ 117.15986128808332, -0.528377967461555 ], [ 117.159908000478111, -0.528368086413599 ], [ 117.159974475809108, -0.528351019148911 ], [ 117.160040951140147, -0.528334850161269 ], [ 117.160093053426621, -0.528306105294245 ], [ 117.160156833811797, -0.52823783623453 ], [ 117.160207139467701, -0.528161482680013 ], [ 117.16023678387208, -0.528080637738914 ], [ 117.160253851862493, -0.527974641036769 ], [ 117.160393090731517, -0.527939608228035 ], [ 117.160420040190047, -0.52792793062508 ], [ 117.160726365701919, -0.527802171822637 ], [ 117.160996758602451, -0.527669226800146 ], [ 117.16128332117809, -0.527516519676211 ], [ 117.161676783272512, -0.527325186627404 ], [ 117.161783682791324, -0.527263205497656 ], [ 117.161899565462974, -0.527185953653918 ], [ 117.161994786883113, -0.52706288966831 ], [ 117.162088211672653, -0.52691826702518 ], [ 117.162171754994091, -0.526796101311598 ], [ 117.162543657521681, -0.526222102081168 ], [ 117.16276104982046, -0.525874468718746 ], [ 117.162887712275506, -0.525684932174489 ], [ 117.162945204453692, -0.525657983850194 ], [ 117.163094324790848, -0.525531326724449 ], [ 117.163126664141103, -0.525490005959466 ], [ 117.163148223707921, -0.525422635146407 ], [ 117.163162596752457, -0.525386704045813 ], [ 117.163213800723639, -0.525373229883036 ], [ 117.163282072685263, -0.525273521077588 ], [ 117.163406938509752, -0.525092967290702 ], [ 117.163568635260887, -0.52482528057219 ], [ 117.163667449942139, -0.524565678340945 ], [ 117.16372763706616, -0.524390514199592 ], [ 117.163803095550037, -0.524205468998787 ], [ 117.163852502890663, -0.524115641229434 ], [ 117.163894723709006, -0.524064439400326 ], [ 117.164143557042706, -0.523845259635908 ], [ 117.164272016128351, -0.52373117836205 ], [ 117.164338491459375, -0.523655723030169 ], [ 117.164369932494324, -0.523600928086209 ], [ 117.164380712277719, -0.523559607308481 ], [ 117.164378017331885, -0.523505710641469 ], [ 117.164298067271588, -0.523414984584286 ], [ 117.164144455357999, -0.52323173591033 ], [ 117.16394952094133, -0.522968540501607 ], [ 117.163826451747411, -0.522796071149292 ], [ 117.163748298317714, -0.522660431186591 ], [ 117.163688111193665, -0.522478080768542 ], [ 117.163672839833836, -0.52242687892607 ], [ 117.163685416247816, -0.522387354696507 ], [ 117.163752789894133, -0.522344237354883 ], [ 117.163869570881062, -0.522282256175779 ], [ 117.164050132253166, -0.522157395537759 ], [ 117.164214523950164, -0.522010976225266 ], [ 117.164304355478578, -0.521945401930836 ], [ 117.164307050424441, -0.521942707096803 ], [ 117.164394187006977, -0.52190228458618 ], [ 117.164517256200924, -0.521861862075297 ], [ 117.16466008833109, -0.521801677447501 ], [ 117.164845141279613, -0.521704663419395 ], [ 117.164974498680536, -0.52162112356066 ], [ 117.16508139819932, -0.521527702642051 ], [ 117.165196382555692, -0.521446857615213 ], [ 117.165338316370594, -0.521293252061361 ], [ 117.165483843446637, -0.521118986106839 ], [ 117.165519776057991, -0.521069580809577 ], [ 117.165542233940101, -0.521039039352894 ], [ 117.165463182195083, -0.521012091008639 ], [ 117.165350892784573, -0.520952804650872 ], [ 117.165183806141712, -0.520873756172982 ], [ 117.164891853674376, -0.520693202259537 ], [ 117.164717580509262, -0.520573731259241 ], [ 117.164485815165975, -0.520442582639768 ], [ 117.164124692421751, -0.520261130435727 ], [ 117.164003419858375, -0.520194657844822 ], [ 117.163909096753542, -0.520115609357429 ], [ 117.163788722505501, -0.520044645373585 ], [ 117.163785129244346, -0.520041052260457 ], [ 117.163519227920261, -0.51986409143641 ], [ 117.163276682793551, -0.519697909947383 ], [ 117.163114087727109, -0.519609878670343 ], [ 117.162980238749782, -0.519572150979808 ], [ 117.163091629845013, -0.519192179226857 ], [ 117.16311768098825, -0.519011625265324 ], [ 117.163156308545453, -0.5188580196522 ], [ 117.163162596752457, -0.518655008719192 ], [ 117.163169783274725, -0.518321747394695 ], [ 117.163183258003983, -0.518168141764831 ], [ 117.163190444526265, -0.518029806866911 ], [ 117.163207512516664, -0.517921115159285 ], [ 117.163238055236334, -0.517824101071565 ], [ 117.163277581108829, -0.517754035340621 ], [ 117.163317106981339, -0.517677681658584 ], [ 117.163382683997071, -0.517586955517555 ], [ 117.163479702047752, -0.517461196508043 ], [ 117.163589296512413, -0.517324658152035 ], [ 117.163712365706346, -0.517104579874654 ], [ 117.163866875935199, -0.516813537569586 ], [ 117.164028572686334, -0.516439853602786 ], [ 117.164307948739719, -0.515687994208805 ], [ 117.164334898198234, -0.515544269583354 ], [ 117.164326813360674, -0.515327784360145 ], [ 117.164279202650604, -0.51507267313331 ], [ 117.164196557644473, -0.514834629197653 ], [ 117.164141760412136, -0.514663956181711 ], [ 117.164125590737029, -0.514519333254102 ], [ 117.164120200845332, -0.514386387951296 ], [ 117.164142658727428, -0.514238171900984 ], [ 117.164188472806913, -0.514125887012093 ], [ 117.160598804931567, -0.509484477122184 ], [ 117.16037512442584, -0.509558136062826 ], [ 117.160031967987294, -0.509661438234258 ], [ 117.16002478146504, -0.50966413307349 ], [ 117.159932254990764, -0.509624608764633 ], [ 117.159813677373251, -0.509426987216708 ], [ 117.159733727312968, -0.509313803963803 ], [ 117.159617844641303, -0.509269788253803 ], [ 117.159509148491935, -0.508490081341154 ], [ 117.159393265820285, -0.508405643029291 ] ] ] } },
{ "type": "Feature", "properties": { "FID": 18, "Kode_Prov": 64, "Provinsi": "Kalimantan Timur", "Kode_kota": "6472", "Kota": "Kota Samarinda", "Kode_Kec": 647203, "Kecamatan": "Sungai Kunjang", "Kode_Kel": 64720303, "Kelurahan": "Karang Asam Ulu", "Sumber": "Revisi RTRW Kota Samarinda Tahun 2019 (Data belum disahkan)", "city": "samarinda", "source_layer": "Batas Administrasi AR", "role": "admin" }, "geometry": { "type": "Polygon", "coordinates": [ [ [ 117.101385454663543, -0.503540557159338 ], [ 117.10108990893508, -0.503538760598153 ], [ 117.100912940824117, -0.503550438245853 ], [ 117.100702735047633, -0.503590860872347 ], [ 117.100544631557611, -0.503644757707281 ], [ 117.100041574998514, -0.503927716083377 ], [ 117.099621163445548, -0.504279842045352 ], [ 117.099261837331881, -0.504599629892275 ], [ 117.098912392686387, -0.504914028041061 ], [ 117.098652779569278, -0.505147580941746 ], [ 117.098449760315049, -0.505371252750303 ], [ 117.09829794503203, -0.50559043314961 ], [ 117.098165892685259, -0.505867103479155 ], [ 117.098059891481739, -0.506136587555033 ], [ 117.097805668256342, -0.506671962552553 ], [ 117.097564919760217, -0.507022291805511 ], [ 117.097323272948756, -0.507165118341663 ], [ 117.096990896293647, -0.507365434799006 ], [ 117.09657946789352, -0.50753700628893 ], [ 117.096139293404306, -0.507708577774303 ], [ 117.095938070780633, -0.507795710935288 ], [ 117.09564881325916, -0.508058008691165 ], [ 117.095117010610963, -0.508587993850335 ], [ 117.094756786182018, -0.508957186876179 ], [ 117.094648090032649, -0.509069471855518 ], [ 117.094379493762702, -0.509245534699185 ], [ 117.09412886379846, -0.509327278160681 ], [ 117.093859369213206, -0.509356023113928 ], [ 117.093594366204385, -0.509346142036264 ], [ 117.093159581606884, -0.509270686533602 ], [ 117.092705034073106, -0.509152113599062 ], [ 117.092426556335042, -0.509095521970445 ], [ 117.092375352363831, -0.510523786731104 ], [ 117.092317860185645, -0.513279708025928 ], [ 117.092481353567365, -0.513330011663057 ], [ 117.093105682689838, -0.513522243415582 ], [ 117.093326668249716, -0.513595004030684 ], [ 117.093578196529265, -0.513647104223705 ], [ 117.093875538888327, -0.513665968086591 ], [ 117.094230373425546, -0.513669561203324 ], [ 117.094504359587191, -0.513665069807407 ], [ 117.094760379443159, -0.513679442274332 ], [ 117.094910398095621, -0.513707288928907 ], [ 117.095505981128994, -0.513944434627471 ], [ 117.096329736244556, -0.514310034228838 ], [ 117.09640968630481, -0.514367524090538 ], [ 117.096433940817505, -0.514481605533317 ], [ 117.096394414944996, -0.514701683901418 ], [ 117.096400703151971, -0.51482115501235 ], [ 117.096684570781775, -0.514885831101545 ], [ 117.09691543780977, -0.514939727842039 ], [ 117.098978868017383, -0.515750873731419 ], [ 117.099233989558073, -0.515899988025422 ], [ 117.099361550328439, -0.516093117979328 ], [ 117.099490009414069, -0.516357211953316 ], [ 117.099631943228971, -0.51659256099572 ], [ 117.099852030473571, -0.516842282489199 ], [ 117.099993964288444, -0.517084817743251 ], [ 117.100044269944377, -0.517220457825736 ], [ 117.100008337333009, -0.517363284134624 ], [ 117.099860115311131, -0.517755831897835 ], [ 117.099810707970505, -0.518034298259749 ], [ 117.099821487753914, -0.519298176077495 ], [ 117.099808013024642, -0.519647606360653 ], [ 117.099780165250849, -0.520119202470513 ], [ 117.099808911339935, -0.520390482502508 ], [ 117.099872691725096, -0.520703981597798 ], [ 117.099915810858747, -0.520875552729309 ], [ 117.101089010619802, -0.527079058659258 ], [ 117.10108990893508, -0.527786002833567 ], [ 117.103016795219517, -0.530187097249433 ], [ 117.103646514233688, -0.530776366818036 ], [ 117.104024704968296, -0.531205743084192 ], [ 117.104491828916053, -0.532038445506935 ], [ 117.104575372237463, -0.532401349224523 ], [ 117.10459333854314, -0.532990618581833 ], [ 117.104393014234802, -0.536355561116372 ], [ 117.104728984151052, -0.536328612838591 ], [ 117.104843070192132, -0.536310647320005 ], [ 117.105194311468225, -0.536264835247371 ], [ 117.105301210987037, -0.536264835247371 ], [ 117.105529383069211, -0.536219921450338 ], [ 117.105781809664037, -0.536183092136526 ], [ 117.10588870918285, -0.536165126617512 ], [ 117.106170780182069, -0.536129195579327 ], [ 117.106384579219693, -0.536093264540932 ], [ 117.106491478738505, -0.536092366264969 ], [ 117.106841821699305, -0.536056435226357 ], [ 117.107276606296807, -0.536055536950389 ], [ 117.10741404853529, -0.536037571431002 ], [ 117.107620661050632, -0.536037571431002 ], [ 117.107757204973822, -0.536010623151821 ], [ 117.108108446249901, -0.535982776596544 ], [ 117.108298889090122, -0.535955828317122 ], [ 117.10849023024565, -0.535919897277709 ], [ 117.108604316286744, -0.535919897277709 ], [ 117.108794759126994, -0.535901931757924 ], [ 117.109077728441477, -0.535901033481933 ], [ 117.109397528682607, -0.535865102442199 ], [ 117.109558327118478, -0.535865102442199 ], [ 117.109741583436431, -0.535846238646254 ], [ 117.10989339871945, -0.535819290366232 ], [ 117.110168283196401, -0.535774376565932 ], [ 117.110283267552759, -0.535774376565932 ], [ 117.110473710392995, -0.53573754724944 ], [ 117.110587796434075, -0.53571059896894 ], [ 117.110718052150261, -0.535674667928089 ], [ 117.110840223028916, -0.535647719647312 ], [ 117.111091751308464, -0.535592924809367 ], [ 117.111259736266618, -0.535548011007408 ], [ 117.111366635785402, -0.535539028246977 ], [ 117.111625350587232, -0.535467166163052 ], [ 117.111740334943605, -0.535448302365882 ], [ 117.111938862621386, -0.535385423041564 ], [ 117.11204486382492, -0.535367457520212 ], [ 117.112182306063403, -0.535313560955839 ], [ 117.112327833139418, -0.535258766114908 ], [ 117.112548818699324, -0.535150972983778 ], [ 117.112632362020733, -0.535097076417503 ], [ 117.112869517255731, -0.534952453962325 ], [ 117.113014146016468, -0.534880591871528 ], [ 117.113183029289885, -0.534798848742223 ], [ 117.113435455884741, -0.535855221406235 ], [ 117.117504824121795, -0.527582093912242 ], [ 117.117968354808397, -0.525023799918224 ], [ 117.118381579839095, -0.524179418945807 ], [ 117.118559446265351, -0.522619110402669 ], [ 117.118691498612108, -0.521169289681835 ], [ 117.119077774184291, -0.518842748918528 ], [ 117.119570050959993, -0.51804597588111 ], [ 117.12018449861435, -0.51595837615164 ], [ 117.116891274782745, -0.515945800247576 ], [ 117.116645136394894, -0.515779618655836 ], [ 117.115391088258264, -0.515282870412499 ], [ 117.114979659858136, -0.515076266249252 ], [ 117.114498162865871, -0.514690904552953 ], [ 117.114356229050969, -0.514558857532781 ], [ 117.114125362022946, -0.514398963858437 ], [ 117.113884613526793, -0.514230985668154 ], [ 117.113628593670825, -0.514102531754955 ], [ 117.113316878267227, -0.513853708433227 ], [ 117.1130644516724, -0.513614766172914 ], [ 117.112471563584862, -0.51311891604031 ], [ 117.112229018458166, -0.512932972230673 ], [ 117.111955930611785, -0.512779366470811 ], [ 117.11114115864909, -0.514709768412755 ], [ 117.109468495590065, -0.514038753936952 ], [ 117.108992388489483, -0.514174394084336 ], [ 117.10834290653905, -0.51397048472261 ], [ 117.108141683915406, -0.513978569234873 ], [ 117.107582931808707, -0.514742106457999 ], [ 117.107164316886298, -0.514789715246532 ], [ 117.106486088846808, -0.514933439889005 ], [ 117.10637559606684, -0.514596585253109 ], [ 117.106372901120992, -0.513918384532226 ], [ 117.106536394502712, -0.513158440327652 ], [ 117.106711565983105, -0.512582643299289 ], [ 117.101848985350159, -0.50356660729648 ], [ 117.10164596609593, -0.503561217612942 ], [ 117.101385454663543, -0.503540557159338 ] ] ] } },
{ "type": "Feature", "properties": { "FID": 19, "Kode_Prov": 64, "Provinsi": "Kalimantan Timur", "Kode_kota": "6472", "Kota": "Kota Samarinda", "Kode_Kec": 647202, "Kecamatan": "Samarinda Seberang", "Kode_Kel": 64720203, "Kelurahan": "Sungai Keledang", "Sumber": "Revisi RTRW Kota Samarinda Tahun 2019 (Data belum disahkan)", "city": "samarinda", "source_layer": "Batas Administrasi AR", "role": "admin" }, "geometry": { "type": "Polygon", "coordinates": [ [ [ 117.132253364456474, -0.504119948115999 ], [ 117.132040463734128, -0.502798577347406 ], [ 117.129942897545703, -0.503492948287741 ], [ 117.127474327144967, -0.504057966760306 ], [ 117.125294115950382, -0.504794556746313 ], [ 117.123301652650213, -0.507251353229889 ], [ 117.122515626776632, -0.508220597363264 ], [ 117.120239295846673, -0.51573560299027 ], [ 117.120240194161951, -0.515769737588083 ], [ 117.120217736279841, -0.515846091293053 ], [ 117.12018449861435, -0.51595837615164 ], [ 117.119570050959993, -0.51804597588111 ], [ 117.119077774184291, -0.518842748918528 ], [ 117.118691498612108, -0.521169289681835 ], [ 117.118559446265351, -0.522619110402669 ], [ 117.118381579839095, -0.524179418945807 ], [ 117.117968354808397, -0.525023799918224 ], [ 117.117504824121795, -0.527582093912242 ], [ 117.12248149079582, -0.524769587360858 ], [ 117.124565582254988, -0.524954632544982 ], [ 117.127073678528234, -0.525331010839482 ], [ 117.13013873027765, -0.527044025845483 ], [ 117.131014587679672, -0.52765305781073 ], [ 117.132215635214521, -0.530120624764088 ], [ 117.133820026311966, -0.527192241594723 ], [ 117.13294955880167, -0.526359538521434 ], [ 117.13325857925939, -0.525330112561957 ], [ 117.132661199595461, -0.525255555526888 ], [ 117.132043158679991, -0.524933972160618 ], [ 117.131907513072093, -0.524828873682581 ], [ 117.131886851820553, -0.524748926975883 ], [ 117.131822173120099, -0.524685149265313 ], [ 117.131980276610108, -0.524234213884707 ], [ 117.132404281424215, -0.524050965234702 ], [ 117.133142696587754, -0.524172232724276 ], [ 117.142373784447358, -0.514724140877328 ], [ 117.137696256762936, -0.516127252575222 ], [ 117.135596893943955, -0.515284666970411 ], [ 117.134481186361086, -0.513613867893723 ], [ 117.134003282629934, -0.512143384689016 ], [ 117.134245827756644, -0.511955644292211 ], [ 117.133918840993218, -0.510801355128933 ], [ 117.133500226070808, -0.509059590777414 ], [ 117.13258663942689, -0.505376642432342 ], [ 117.132253364456474, -0.504119948115999 ] ] ] } },
{ "type": "Feature", "properties": { "FID": 20, "Kode_Prov": 64, "Provinsi": "Kalimantan Timur", "Kode_kota": "6472", "Kota": "Kota Samarinda", "Kode_Kec": 647202, "Kecamatan": "Samarinda Seberang", "Kode_Kel": 64720201, "Kelurahan": "Baqa", "Sumber": "Revisi RTRW Kota Samarinda Tahun 2019 (Data belum disahkan)", "city": "samarinda", "source_layer": "Batas Administrasi AR", "role": "admin" }, "geometry": { "type": "Polygon", "coordinates": [ [ [ 117.134534186962838, -0.502870439802614 ], [ 117.132040463734128, -0.502798577347406 ], [ 117.132253364456474, -0.504119948115999 ], [ 117.13258663942689, -0.505376642432342 ], [ 117.133500226070808, -0.509059590777414 ], [ 117.133918840993218, -0.510801355128933 ], [ 117.134245827756644, -0.511955644292211 ], [ 117.134003282629934, -0.512143384689016 ], [ 117.134481186361086, -0.513613867893723 ], [ 117.135596893943955, -0.515284666970411 ], [ 117.137696256762936, -0.516127252575222 ], [ 117.142373784447358, -0.514724140877328 ], [ 117.143653883727225, -0.512841347742778 ], [ 117.144458774221803, -0.514822053291371 ], [ 117.144518961345824, -0.514752885806377 ], [ 117.145311275426437, -0.513846522199964 ], [ 117.145839484813479, -0.513260844161903 ], [ 117.146367694200563, -0.512654505645751 ], [ 117.14736662079649, -0.511412185217847 ], [ 117.147559758582574, -0.511155277275765 ], [ 117.148359259185455, -0.51007015550498 ], [ 117.149278235721098, -0.509334464399005 ], [ 117.149969040174597, -0.508830529417138 ], [ 117.146478186980517, -0.507026783206067 ], [ 117.143732037156937, -0.505841951631502 ], [ 117.142068357250764, -0.505163749988406 ], [ 117.140901445696684, -0.50451878465156 ], [ 117.140264540160231, -0.504217860691181 ], [ 117.140263641844953, -0.504216962410682 ], [ 117.140260946899119, -0.504225046935173 ], [ 117.136963231491123, -0.503341138864666 ], [ 117.135372315122936, -0.503033028604605 ], [ 117.134536881908687, -0.502871338083299 ], [ 117.134534186962838, -0.502870439802614 ] ] ] } },
{ "type": "Feature", "properties": { "FID": 21, "Kode_Prov": 64, "Provinsi": "Kalimantan Timur", "Kode_kota": "6472", "Kota": "Kota Samarinda", "Kode_Kec": 647201, "Kecamatan": "Samarinda Ilir", "Kode_Kel": 64720111, "Kelurahan": "Sungai Dama", "Sumber": "Revisi RTRW Kota Samarinda Tahun 2019 (Data belum disahkan)", "city": "samarinda", "source_layer": "Batas Administrasi AR", "role": "admin" }, "geometry": { "type": "Polygon", "coordinates": [ [ [ 117.160060714076408, -0.501686505752288 ], [ 117.159658268829091, -0.501635303743758 ], [ 117.159213602763458, -0.501646083114008 ], [ 117.159097720091808, -0.501648777956568 ], [ 117.159040227913621, -0.502007192007125 ], [ 117.158977345843738, -0.502390757899117 ], [ 117.158637782666332, -0.50344444113519 ], [ 117.158555137660215, -0.503699552822342 ], [ 117.15846620444708, -0.503836091467701 ], [ 117.158219167743951, -0.504216064130182 ], [ 117.158173353664438, -0.504286130008786 ], [ 117.157574177369952, -0.506674657393033 ], [ 117.157307377730561, -0.507293572393498 ], [ 117.156715387958343, -0.508340966874778 ], [ 117.156727964372323, -0.508349949674054 ], [ 117.157131307934861, -0.508640094083972 ], [ 117.157443921653766, -0.508697583996464 ], [ 117.157450209860741, -0.508697583996464 ], [ 117.157796959560429, -0.508651771722489 ], [ 117.158136522737792, -0.508592485249803 ], [ 117.158420390367596, -0.508385880871037 ], [ 117.158812954146754, -0.508016687812521 ], [ 117.159393265820285, -0.508405643029291 ], [ 117.159509148491935, -0.508490081341154 ], [ 117.159617844641303, -0.509269788253803 ], [ 117.159733727312968, -0.509313803963803 ], [ 117.159813677373251, -0.509426987216708 ], [ 117.159932254990764, -0.509624608764633 ], [ 117.16002478146504, -0.50966413307349 ], [ 117.160031967987294, -0.509661438234258 ], [ 117.16037512442584, -0.509558136062826 ], [ 117.160598804931567, -0.509484477122184 ], [ 117.164188472806913, -0.514125887012093 ], [ 117.164362745972042, -0.513904910344988 ], [ 117.164753513120615, -0.513432415494561 ], [ 117.164996058247326, -0.511925102791732 ], [ 117.165142483638647, -0.511460692310653 ], [ 117.16551618279685, -0.510419586293875 ], [ 117.16563835367549, -0.509787197397243 ], [ 117.165660811557586, -0.50884220705531 ], [ 117.16585844092009, -0.508089448489956 ], [ 117.16586652575765, -0.507691510453972 ], [ 117.165809931894771, -0.507492990566818 ], [ 117.16561589579338, -0.507160626941203 ], [ 117.165425452953158, -0.506928870673242 ], [ 117.16514068700809, -0.506633336505555 ], [ 117.164921498078769, -0.506386309455351 ], [ 117.164683444528478, -0.505920102014962 ], [ 117.164645715286525, -0.505624567801296 ], [ 117.164530730930181, -0.505472758427951 ], [ 117.164454374131026, -0.505416166767157 ], [ 117.164273812758907, -0.505282322996016 ], [ 117.163826451747411, -0.505006550921952 ], [ 117.163446464382233, -0.504977805949389 ], [ 117.163122172564684, -0.504958942061075 ], [ 117.16281764368334, -0.504958942061075 ], [ 117.1625041316492, -0.504920316003882 ], [ 117.162199602767885, -0.504758625529418 ], [ 117.161913938507539, -0.504559207272043 ], [ 117.161160251984143, -0.503993290562432 ], [ 117.161480950540593, -0.503368087283222 ], [ 117.161839378338954, -0.502839898259247 ], [ 117.16204778748488, -0.502501246430573 ], [ 117.161874412635029, -0.502412316637109 ], [ 117.161854649698768, -0.50240423211037 ], [ 117.161799852466444, -0.502441061620987 ], [ 117.161700139469914, -0.502468908323999 ], [ 117.161589646689961, -0.502423096006078 ], [ 117.161441424668084, -0.502550651870864 ], [ 117.161413576894276, -0.502539872502105 ], [ 117.161152167146611, -0.502348538703677 ], [ 117.161056047411194, -0.502276676242726 ], [ 117.160960825991083, -0.502201220657878 ], [ 117.160807214077494, -0.502101511490849 ], [ 117.160710196026798, -0.502063783697522 ], [ 117.160588025148158, -0.502035936992785 ], [ 117.160404768830205, -0.501979345302146 ], [ 117.160469447530673, -0.501859873953634 ], [ 117.160406565460789, -0.501821247878084 ], [ 117.160373327795256, -0.501859873953634 ], [ 117.160300564257255, -0.501809570227291 ], [ 117.160060714076408, -0.501686505752288 ] ] ] } },
{ "type": "Feature", "properties": { "FID": 22, "Kode_Prov": 64, "Provinsi": "Kalimantan Timur", "Kode_kota": "6472", "Kota": "Kota Samarinda", "Kode_Kec": 647203, "Kecamatan": "Sungai Kunjang", "Kode_Kel": 64720306, "Kelurahan": "Karang Asam Ilir", "Sumber": "Revisi RTRW Kota Samarinda Tahun 2019 (Data belum disahkan)", "city": "samarinda", "source_layer": "Batas Administrasi AR", "role": "admin" }, "geometry": { "type": "Polygon", "coordinates": [ [ [ 117.104985902322298, -0.499145268740973 ], [ 117.104784679698668, -0.498667383127413 ], [ 117.104547524463655, -0.498746431877916 ], [ 117.104367861406828, -0.498829073752427 ], [ 117.104010331923746, -0.498928782969205 ], [ 117.103752515437193, -0.498988967811034 ], [ 117.103408460683411, -0.499029390465684 ], [ 117.102952116519049, -0.499040169840216 ], [ 117.102686215194964, -0.49903298359053 ], [ 117.102217294616651, -0.499251265921231 ], [ 117.101992715795618, -0.499337500914079 ], [ 117.101832815675039, -0.499378821847751 ], [ 117.101742984146625, -0.499386008097059 ], [ 117.101699865012989, -0.49939948231449 ], [ 117.101667525662762, -0.499417447937688 ], [ 117.101643271150095, -0.499444396372393 ], [ 117.101628898105531, -0.499468649963534 ], [ 117.101625304844418, -0.499495598398029 ], [ 117.101627999790253, -0.499524343394702 ], [ 117.101641474519511, -0.499552190110109 ], [ 117.10166033914048, -0.499576443700852 ], [ 117.10168908522958, -0.499590816199028 ], [ 117.10170794985055, -0.4996114766651 ], [ 117.101734899309065, -0.499666271813933 ], [ 117.101542659838259, -0.499814488197832 ], [ 117.101451929994582, -0.499868385063875 ], [ 117.101271368622477, -0.499886350685791 ], [ 117.100278730233526, -0.499942044113418 ], [ 117.100270645395966, -0.501215806571069 ], [ 117.100261662243113, -0.502469806604739 ], [ 117.100368561761925, -0.502954878186474 ], [ 117.100544631557611, -0.503644757707281 ], [ 117.100702735047633, -0.503590860872347 ], [ 117.100912940824117, -0.503550438245853 ], [ 117.10108990893508, -0.503538760598153 ], [ 117.101385454663543, -0.503540557159338 ], [ 117.10164596609593, -0.503561217612942 ], [ 117.101848985350159, -0.50356660729648 ], [ 117.106711565983105, -0.512582643299289 ], [ 117.106536394502712, -0.513158440327652 ], [ 117.106372901120992, -0.513918384532226 ], [ 117.10637559606684, -0.514596585253109 ], [ 117.106486088846808, -0.514933439889005 ], [ 117.107164316886298, -0.514789715246532 ], [ 117.107582931808707, -0.514742106457999 ], [ 117.108141683915406, -0.513978569234873 ], [ 117.10834290653905, -0.51397048472261 ], [ 117.108992388489483, -0.514174394084336 ], [ 117.109468495590065, -0.514038753936952 ], [ 117.11114115864909, -0.514709768412755 ], [ 117.111955930611785, -0.512779366470811 ], [ 117.112229018458166, -0.512932972230673 ], [ 117.112471563584862, -0.51311891604031 ], [ 117.1130644516724, -0.513614766172914 ], [ 117.113316878267227, -0.513853708433227 ], [ 117.113628593670825, -0.514102531754955 ], [ 117.113884613526793, -0.514230985668154 ], [ 117.114125362022946, -0.514398963858437 ], [ 117.114356229050969, -0.514558857532781 ], [ 117.114498162865871, -0.514690904552953 ], [ 117.114979659858136, -0.515076266249252 ], [ 117.115391088258264, -0.515282870412499 ], [ 117.116645136394894, -0.515779618655836 ], [ 117.116891274782745, -0.515945800247576 ], [ 117.12018449861435, -0.51595837615164 ], [ 117.120217736279841, -0.515846091293053 ], [ 117.120240194161951, -0.515769737588083 ], [ 117.120239295846673, -0.51573560299027 ], [ 117.122515626776632, -0.508220597363264 ], [ 117.123301652650213, -0.507251353229889 ], [ 117.119603288625484, -0.505647024808886 ], [ 117.119454168288328, -0.505535638050477 ], [ 117.119234081043729, -0.505466470465665 ], [ 117.118927755531857, -0.505450301419759 ], [ 117.11882714422002, -0.505455691101732 ], [ 117.118651972739599, -0.505474554988603 ], [ 117.118524411969261, -0.505494317155743 ], [ 117.118367206794545, -0.50558684002837 ], [ 117.118284561788428, -0.505686549142055 ], [ 117.118218984772668, -0.505820392904864 ], [ 117.118174967323753, -0.505974897110849 ], [ 117.118153407756921, -0.506300972835821 ], [ 117.118092322317622, -0.506437511426531 ], [ 117.117974643015401, -0.506586625936783 ], [ 117.117787793436307, -0.506765383688528 ], [ 117.117547044940125, -0.506943243155217 ], [ 117.117246109319964, -0.507157932100926 ], [ 117.116791561786215, -0.507405857401754 ], [ 117.116584949270859, -0.507554073609668 ], [ 117.116381031701366, -0.507745407254863 ], [ 117.116286708596533, -0.507724746814574 ], [ 117.11601451906543, -0.507397772881225 ], [ 117.115839347585037, -0.507278301632224 ], [ 117.11562644686272, -0.507254946350207 ], [ 117.115340782602331, -0.507209134066005 ], [ 117.115110813889615, -0.507292674113424 ], [ 117.114744301253694, -0.507452567964615 ], [ 117.114611350591659, -0.507592699651173 ], [ 117.114610452276381, -0.50773822101477 ], [ 117.114623927005638, -0.507831642135353 ], [ 117.114662554562841, -0.507890928615022 ], [ 117.114735318100855, -0.507956503054023 ], [ 117.114868268762905, -0.508126277968346 ], [ 117.115140458293993, -0.50849726758041 ], [ 117.115184475742893, -0.508648178602947 ], [ 117.115213221832008, -0.508864664051735 ], [ 117.115210526886145, -0.508971559353643 ], [ 117.115175492590055, -0.509121572085267 ], [ 117.115132373456433, -0.509193434470437 ], [ 117.1150380503516, -0.509330871279844 ], [ 117.1149652868136, -0.509392852585089 ], [ 117.114872760339324, -0.509447647651547 ], [ 117.114702978750628, -0.509476392604257 ], [ 117.114595180916538, -0.509509628955668 ], [ 117.11449456960473, -0.509539272187863 ], [ 117.114379585248344, -0.509515916914024 ], [ 117.114130751914644, -0.50945303733019 ], [ 117.114006784405419, -0.509384768067047 ], [ 117.113814544934627, -0.509304821165868 ], [ 117.113752561180036, -0.509304821165868 ], [ 117.113651949868199, -0.509334464399005 ], [ 117.113463303658548, -0.509376683548995 ], [ 117.113303403537969, -0.509373988709643 ], [ 117.113250402936217, -0.509353328274567 ], [ 117.113211775379, -0.509302126326485 ], [ 117.113010552755327, -0.509073963254651 ], [ 117.112847957688913, -0.508931136760693 ], [ 117.112676379469647, -0.508877239969698 ], [ 117.112543428807598, -0.508835919096297 ], [ 117.112383528687047, -0.508794598222632 ], [ 117.112229916773458, -0.508723634112893 ], [ 117.111959523872926, -0.508525114257453 ], [ 117.111604689335692, -0.508289764918662 ], [ 117.110953410754718, -0.50781637137535 ], [ 117.110232961896855, -0.507201947825317 ], [ 117.110224877059295, -0.507182185663382 ], [ 117.109715532293194, -0.506760892287791 ], [ 117.10946669895948, -0.506470747793571 ], [ 117.109176543122729, -0.506302769396243 ], [ 117.109591564783969, -0.505618279839157 ], [ 117.109983230247863, -0.505049668380558 ], [ 117.108569281990654, -0.504172048385545 ], [ 117.108505501605492, -0.504125337799075 ], [ 117.108546824108558, -0.503988799159778 ], [ 117.108585451665789, -0.503836989748253 ], [ 117.108594434818627, -0.503763330742569 ], [ 117.108601621340881, -0.50367529924688 ], [ 117.108599824710325, -0.503580081505306 ], [ 117.108572875251795, -0.503509117338511 ], [ 117.108522569595877, -0.503439051451551 ], [ 117.108364466105868, -0.503286343746594 ], [ 117.108304278981848, -0.503148906809076 ], [ 117.108327635179236, -0.502933319450273 ], [ 117.108301584035985, -0.502745578786182 ], [ 117.108278227838611, -0.502508432676457 ], [ 117.108226125552122, -0.502306319507964 ], [ 117.10813539570843, -0.502302726384912 ], [ 117.108034784396622, -0.502301828104149 ], [ 117.107950342759906, -0.50228925217345 ], [ 117.107909020256841, -0.502273981400425 ], [ 117.107841646610538, -0.502243439854269 ], [ 117.107641322302172, -0.502161696303562 ], [ 117.10749489691085, -0.502114087421909 ], [ 117.107302657440059, -0.502060190574337 ], [ 117.107161621940435, -0.502041326677582 ], [ 117.106947822902839, -0.502033242150384 ], [ 117.10686068632026, -0.502022462780772 ], [ 117.106831041915896, -0.501992819514247 ], [ 117.106796905935099, -0.501896703467318 ], [ 117.106729532288782, -0.501717945581888 ], [ 117.106643294021524, -0.501558051589779 ], [ 117.106564242276505, -0.501470918345243 ], [ 117.106642395706245, -0.501169994244372 ], [ 117.106327985356785, -0.500922068706103 ], [ 117.10634684997774, -0.500766666099434 ], [ 117.106328883672063, -0.500553773505128 ], [ 117.106293849375973, -0.500204342185569 ], [ 117.106276781385574, -0.500000432383811 ], [ 117.105714436017735, -0.499916892242935 ], [ 117.105758453466649, -0.499739032584629 ], [ 117.105810555753123, -0.499643814785778 ], [ 117.105824928797688, -0.499572850576303 ], [ 117.105819538905962, -0.49948931042999 ], [ 117.105742283791528, -0.4993725338796 ], [ 117.105664130361831, -0.499320433571834 ], [ 117.105396432407147, -0.499226114048104 ], [ 117.104985902322298, -0.499145268740973 ] ] ] } },
{ "type": "Feature", "properties": { "FID": 23, "Kode_Prov": 64, "Provinsi": "Kalimantan Timur", "Kode_kota": "6472", "Kota": "Kota Samarinda", "Kode_Kec": 647207, "Kecamatan": "Samarinda Kota", "Kode_Kel": 64720104, "Kelurahan": "Karang Mumus", "Sumber": "Revisi RTRW Kota Samarinda Tahun 2019 (Data belum disahkan)", "city": "samarinda", "source_layer": "Batas Administrasi AR", "role": "admin" }, "geometry": { "type": "Polygon", "coordinates": [ [ [ 117.157637957755128, -0.498785057971566 ], [ 117.157345106972485, -0.498783261409076 ], [ 117.157266055227481, -0.499128201398229 ], [ 117.157265156912203, -0.499130896241823 ], [ 117.157436735131483, -0.499157844677703 ], [ 117.157222936093859, -0.499942942394505 ], [ 117.157215749571577, -0.500013906599982 ], [ 117.15595181996683, -0.499735439460169 ], [ 117.155497272433081, -0.500992134620043 ], [ 117.15514782778753, -0.501976650459722 ], [ 117.155947328390411, -0.502255117504287 ], [ 117.155155014309813, -0.504054373638219 ], [ 117.154455226703504, -0.505217646810315 ], [ 117.153791371708522, -0.50625965194596 ], [ 117.153398807929349, -0.506724062801628 ], [ 117.149969040174597, -0.508830529417138 ], [ 117.152383711658288, -0.51081572760228 ], [ 117.153287416834146, -0.511158870393907 ], [ 117.1542459192423, -0.511180429102716 ], [ 117.155162200832081, -0.5102578959569 ], [ 117.156183585310131, -0.509229365662722 ], [ 117.156506978812416, -0.508711956474507 ], [ 117.156715387958343, -0.508340966874778 ], [ 117.157307377730561, -0.507293572393498 ], [ 117.157574177369952, -0.506674657393033 ], [ 117.158173353664438, -0.504286130008786 ], [ 117.158219167743951, -0.504216064130182 ], [ 117.15846620444708, -0.503836091467701 ], [ 117.158555137660215, -0.503699552822342 ], [ 117.158637782666332, -0.50344444113519 ], [ 117.158977345843738, -0.502390757899117 ], [ 117.159040227913621, -0.502007192007125 ], [ 117.159097720091808, -0.501648777956568 ], [ 117.159101313352949, -0.501622727811777 ], [ 117.159319603966992, -0.500505266330775 ], [ 117.159439079899769, -0.498989866092251 ], [ 117.159439079899769, -0.498987171248599 ], [ 117.159472317565289, -0.498584741250872 ], [ 117.159471419249996, -0.498578453281962 ], [ 117.159418418648244, -0.498106855596625 ], [ 117.159388774243865, -0.497817608999586 ], [ 117.159362723100614, -0.497564293646416 ], [ 117.158326965578041, -0.497959537455619 ], [ 117.158074538983186, -0.498026010275749 ], [ 117.157887689404106, -0.4980251119944 ], [ 117.157887689404106, -0.4980251119944 ], [ 117.157786179777005, -0.49881919265879 ], [ 117.157637957755128, -0.498785057971566 ] ] ] } },
{ "type": "Feature", "properties": { "FID": 24, "Kode_Prov": 64, "Provinsi": "Kalimantan Timur", "Kode_kota": "6472", "Kota": "Kota Samarinda", "Kode_Kec": 647208, "Kecamatan": "Sambutan", "Kode_Kel": 64720101, "Kelurahan": "Makroman", "Sumber": "Revisi RTRW Kota Samarinda Tahun 2019 (Data belum disahkan)", "city": "samarinda", "source_layer": "Batas Administrasi AR", "role": "admin" }, "geometry": { "type": "Polygon", "coordinates": [ [ [ 117.234033384462506, -0.496393832863532 ], [ 117.233700109492105, -0.496331851434868 ], [ 117.233295867614231, -0.49634173253223 ], [ 117.233109916350415, -0.496360596445335 ], [ 117.23274879360622, -0.496460305699426 ], [ 117.232296042702998, -0.496657927640027 ], [ 117.232286161234882, -0.496733383288516 ], [ 117.232234058948393, -0.496814228625226 ], [ 117.232143329104701, -0.496981308984627 ], [ 117.231229742460755, -0.498274834204606 ], [ 117.231015045107853, -0.49886949640806 ], [ 117.230587447032619, -0.499631238849978 ], [ 117.230115831508442, -0.500740615951135 ], [ 117.229984677476978, -0.501234670470204 ], [ 117.229884066165141, -0.501829332405543 ], [ 117.22982387904112, -0.502114985702698 ], [ 117.229805912735429, -0.502264100311979 ], [ 117.229794234636728, -0.502418604602343 ], [ 117.229836455455072, -0.502579396854134 ], [ 117.229866099859464, -0.502745578786182 ], [ 117.230133797814133, -0.503525286389242 ], [ 117.230264053530348, -0.503911547033645 ], [ 117.230335918753084, -0.504220555532679 ], [ 117.230395207561827, -0.504553817589327 ], [ 117.230395207561827, -0.504773896296623 ], [ 117.230341308644782, -0.505172732792089 ], [ 117.230097865202765, -0.506320735000444 ], [ 117.230061932591397, -0.506442901107684 ], [ 117.229618164841057, -0.506987258881068 ], [ 117.228983954250452, -0.507763372855059 ], [ 117.228476406114936, -0.508384982591114 ], [ 117.228382981325396, -0.508499962420129 ], [ 117.227162170854271, -0.5099947000108 ], [ 117.225273912127051, -0.512306871537258 ], [ 117.224868771933899, -0.512803620012087 ], [ 117.223693775542287, -0.513002139735372 ], [ 117.222915834506239, -0.513480024292859 ], [ 117.222152266514726, -0.513974976118313 ], [ 117.221893551712895, -0.51446992790541 ], [ 117.222114537272802, -0.515270294507102 ], [ 117.222442422351506, -0.516205402833554 ], [ 117.222763120907942, -0.517059665939558 ], [ 117.222818816455543, -0.517360589298637 ], [ 117.222968835107977, -0.518174429714664 ], [ 117.222415472892976, -0.519673656432402 ], [ 117.222298691906047, -0.52002308669479 ], [ 117.222144181677166, -0.520499174167683 ], [ 117.222048960257055, -0.520891721736226 ], [ 117.221965416935632, -0.521093834319191 ], [ 117.221787550509362, -0.521272591664942 ], [ 117.221704007187952, -0.521510635358694 ], [ 117.221679752675271, -0.521724425536353 ], [ 117.22163214196523, -0.521926538092585 ], [ 117.221549496959071, -0.522105295414686 ], [ 117.22150188624903, -0.522236443999527 ], [ 117.221454275538974, -0.522497842883069 ], [ 117.221334799606197, -0.524711199316188 ], [ 117.221311443408794, -0.524841449568935 ], [ 117.221216221988684, -0.525020206807945 ], [ 117.221061711759802, -0.525151355331808 ], [ 117.220894625116969, -0.525258250359496 ], [ 117.220716758690699, -0.525401076486075 ], [ 117.220549672047866, -0.525555580216811 ], [ 117.220466128726429, -0.525674152844785 ], [ 117.220395161818985, -0.525805301354921 ], [ 117.220353839315919, -0.525904111874436 ], [ 117.220306228605878, -0.526064903534668 ], [ 117.2202765842015, -0.526165510604884 ], [ 117.220237058328991, -0.52630025221424 ], [ 117.22085509924446, -0.538123367879303 ], [ 117.220976371807808, -0.53821589027201 ], [ 117.221219815249825, -0.538330869554194 ], [ 117.221426427765167, -0.538452136763524 ], [ 117.221640226802791, -0.538515914331907 ], [ 117.221712092025527, -0.538716229788828 ], [ 117.221683345936412, -0.538837496990491 ], [ 117.221633040280508, -0.539009067619831 ], [ 117.221533327283979, -0.539158181356588 ], [ 117.221447987331985, -0.539286634753397 ], [ 117.221326714768637, -0.539401614015374 ], [ 117.221233289979082, -0.539508508796045 ], [ 117.221140763504806, -0.539622589778387 ], [ 117.221155136549385, -0.539700739741434 ], [ 117.221168611278642, -0.539761822470472 ], [ 117.22105362692227, -0.539883089651304 ], [ 117.221004219581644, -0.539989984423514 ], [ 117.220979066753671, -0.54010765849831 ], [ 117.220979066753671, -0.540200180860863 ], [ 117.220979066753671, -0.540375344553101 ], [ 117.221000626320503, -0.540482239316652 ], [ 117.221060813444524, -0.540628658191403 ], [ 117.221139865189528, -0.540742739152719 ], [ 117.221257544491749, -0.540871192516044 ], [ 117.221082373011342, -0.55488337195882 ], [ 117.220173277943829, -0.554848339305563 ], [ 117.218807838711967, -0.55476749472033 ], [ 117.218617395871718, -0.557194628341726 ], [ 117.218597632935456, -0.557815334818052 ], [ 117.219096197918162, -0.55786384154427 ], [ 117.21908721476531, -0.558048885718391 ], [ 117.21910158780986, -0.558330045059191 ], [ 117.220048412119326, -0.558243810885806 ], [ 117.219996309832837, -0.559533730263892 ], [ 117.219943309231098, -0.560856885431562 ], [ 117.219924444610115, -0.561589875538309 ], [ 117.221547700328514, -0.561670720029751 ], [ 117.222256471087704, -0.561708447458708 ], [ 117.223120650390996, -0.5617542593364 ], [ 117.223596757491592, -0.561769529962217 ], [ 117.2241510180219, -0.561793783309022 ], [ 117.224675634147815, -0.56181534183943 ], [ 117.225702408517577, -0.561864746804649 ], [ 117.226604317062822, -0.561900677688182 ], [ 117.22737866483773, -0.561934812027334 ], [ 117.228409032468633, -0.56198331871947 ], [ 117.228671340531577, -0.554233022156843 ], [ 117.234845461479352, -0.554479149024006 ], [ 117.242423649216164, -0.554515079952663 ], [ 117.242440717206577, -0.553393136602511 ], [ 117.24438197653555, -0.553431762357887 ], [ 117.244442163659585, -0.551849902728647 ], [ 117.246607103494313, -0.551012711658598 ], [ 117.247722811077196, -0.550797125956268 ], [ 117.24954549278867, -0.550797125956268 ], [ 117.25223774369519, -0.545726368340489 ], [ 117.252243133586887, -0.545630252964294 ], [ 117.25253867931535, -0.537047233538785 ], [ 117.255263269572097, -0.537225092149045 ], [ 117.257250342980555, -0.537320309382713 ], [ 117.260212088472301, -0.53748738867594 ], [ 117.26213987307203, -0.537594283490177 ], [ 117.262809117958682, -0.537631112795489 ], [ 117.262805524697569, -0.537555657633147 ], [ 117.262777676923733, -0.530666777054952 ], [ 117.2629169157928, -0.530110743718908 ], [ 117.268083126991769, -0.531722252151438 ], [ 117.268250213634616, -0.529972409084736 ], [ 117.269138647450617, -0.530055948831716 ], [ 117.269499770194813, -0.525555580216811 ], [ 117.260305513261855, -0.524889058281331 ], [ 117.258499899540794, -0.524639337106614 ], [ 117.257194647432954, -0.523805735415279 ], [ 117.257975283414837, -0.521787304998988 ], [ 117.257953723848019, -0.521666935741394 ], [ 117.257950130586906, -0.521624716672886 ], [ 117.25810014923934, -0.520125490418407 ], [ 117.257971690153695, -0.518495115147903 ], [ 117.257736331549282, -0.517401910116979 ], [ 117.257606974148359, -0.515493965963679 ], [ 117.2581082340769, -0.514229189109945 ], [ 117.258935582453574, -0.51325186136949 ], [ 117.260648669700387, -0.511825393774451 ], [ 117.262290790039756, -0.510956757495298 ], [ 117.262942966936038, -0.510271370151803 ], [ 117.262651014468688, -0.509417106139153 ], [ 117.261581120965303, -0.507242370429086 ], [ 117.260700771986862, -0.505515875883463 ], [ 117.26139157644036, -0.50235752151124 ], [ 117.26163412156707, -0.501259822335632 ], [ 117.259181720841426, -0.50079990249539 ], [ 117.259067634800331, -0.500778343752087 ], [ 117.258903243103347, -0.500785529999862 ], [ 117.25868225754347, -0.500814274990886 ], [ 117.258189082452475, -0.500878951220229 ], [ 117.257832451284671, -0.500892425434595 ], [ 117.257461447072345, -0.500857392477186 ], [ 117.257161409767434, -0.50079271624763 ], [ 117.256832626373452, -0.500671448315493 ], [ 117.256376282209118, -0.500443284940801 ], [ 117.255430356214958, -0.499909705994208 ], [ 117.254969520474177, -0.499686033998646 ], [ 117.254364954287965, -0.499447989497012 ], [ 117.253988560183927, -0.499324026696521 ], [ 117.253584318306082, -0.499276417794262 ], [ 117.2531082112055, -0.499305162791894 ], [ 117.252617731060369, -0.499267434982476 ], [ 117.252217980758914, -0.499166827489638 ], [ 117.25195207943483, -0.499095863275014 ], [ 117.251666415174469, -0.499038373277795 ], [ 117.251219054162988, -0.499038373277795 ], [ 117.249810495797476, -0.499000645466848 ], [ 117.249183471729168, -0.498982679842511 ], [ 117.248943621548293, -0.498964714218124 ], [ 117.24793032190783, -0.498900936251158 ], [ 117.247482062581057, -0.498855123908308 ], [ 117.24715327918706, -0.498821887502511 ], [ 117.24652535680346, -0.498764397502898 ], [ 117.246132793024316, -0.498742838752914 ], [ 117.246042961495888, -0.498723076565366 ], [ 117.245662075815417, -0.498642231252054 ], [ 117.245433903733257, -0.498570368750498 ], [ 117.24521291817338, -0.498534437499426 ], [ 117.244891321301651, -0.498570368750498 ], [ 117.244371196752127, -0.498591927501047 ], [ 117.243971446450701, -0.498606300001374 ], [ 117.24393820878521, -0.498602706876295 ], [ 117.243766630565943, -0.498582944688327 ], [ 117.24347198315273, -0.498548809999878 ], [ 117.243115351984954, -0.498441016245722 ], [ 117.242833280985735, -0.498286511861686 ], [ 117.24278746690625, -0.498261359984873 ], [ 117.24255929482409, -0.498254173734337 ], [ 117.2421451714781, -0.498354781241126 ], [ 117.241724759925134, -0.498555996250093 ], [ 117.240487779778903, -0.499105744368236 ], [ 117.240383575205939, -0.499152454990536 ], [ 117.240269489164859, -0.499197369050127 ], [ 117.240223675085346, -0.499215334673877 ], [ 117.239891298430237, -0.499346483725769 ], [ 117.239679296023198, -0.499443498091238 ], [ 117.239498734651093, -0.499525241675846 ], [ 117.239106170871935, -0.499704897902181 ], [ 117.238863625745196, -0.499812691635623 ], [ 117.238792658837752, -0.499866588501681 ], [ 117.238687555949511, -0.499866588501681 ], [ 117.238506994577421, -0.49984323319311 ], [ 117.238388416959907, -0.499809996792308 ], [ 117.23824019493803, -0.499744422271315 ], [ 117.23767425630902, -0.499520750270125 ], [ 117.237022079412768, -0.499121015148639 ], [ 117.236617837534894, -0.498939562343902 ], [ 117.236450750892061, -0.498887462032706 ], [ 117.236236951854437, -0.498759007815408 ], [ 117.235808455463925, -0.498411372963019 ], [ 117.235451824296121, -0.497998163553884 ], [ 117.235365586028834, -0.497868811037874 ], [ 117.235332348363329, -0.49780233821616 ], [ 117.235332348363329, -0.497717001484598 ], [ 117.235346721407865, -0.497611902561052 ], [ 117.235398823694354, -0.497497820821633 ], [ 117.23547068891709, -0.497360383762863 ], [ 117.235503926582581, -0.497164558406207 ], [ 117.235518299627131, -0.497021731651589 ], [ 117.235494045114464, -0.496965139917773 ], [ 117.235379959073398, -0.496874413486358 ], [ 117.235275754500421, -0.496803449247055 ], [ 117.235141905523108, -0.496736976414613 ], [ 117.234866122730878, -0.496665113892301 ], [ 117.234285811057333, -0.496480067893752 ], [ 117.234033384462506, -0.496393832863532 ] ] ] } },
{ "type": "Feature", "properties": { "FID": 25, "Kode_Prov": 64, "Provinsi": "Kalimantan Timur", "Kode_kota": "6472", "Kota": "Kota Samarinda", "Kode_Kec": 647207, "Kecamatan": "Samarinda Kota", "Kode_Kel": 64720106, "Kelurahan": "Pelabuhan", "Sumber": "Revisi RTRW Kota Samarinda Tahun 2019 (Data belum disahkan)", "city": "samarinda", "source_layer": "Batas Administrasi AR", "role": "admin" }, "geometry": { "type": "Polygon", "coordinates": [ [ [ 117.155882649689943, -0.49788228525841 ], [ 117.155597883744889, -0.497880488695674 ], [ 117.155596985429611, -0.497805931341675 ], [ 117.15533018579022, -0.497815812436832 ], [ 117.155341863888921, -0.497734068830998 ], [ 117.155073267618945, -0.497726882579888 ], [ 117.155032843431158, -0.497567886772061 ], [ 117.154666330795266, -0.497612800842457 ], [ 117.154684297100943, -0.497690951324217 ], [ 117.154459718279924, -0.497708916952077 ], [ 117.154396836210026, -0.497479855193198 ], [ 117.154396836210026, -0.497479855193198 ], [ 117.154282750168932, -0.496917530998473 ], [ 117.154033018519939, -0.496843871915106 ], [ 117.154033018519939, -0.496843871915106 ], [ 117.154169562443144, -0.496464797107232 ], [ 117.154168664127866, -0.496464797107232 ], [ 117.154170460758422, -0.496462102262549 ], [ 117.154114765210821, -0.49645761085474 ], [ 117.153685370504988, -0.496422577873731 ], [ 117.153262264006173, -0.496350715348001 ], [ 117.152682850647906, -0.496251904373848 ], [ 117.152239981212844, -0.496176448719865 ], [ 117.150562826577385, -0.495946488626227 ], [ 117.150122652088172, -0.495880015785172 ], [ 117.150050786865449, -0.496119856978813 ], [ 117.149984311534425, -0.496354308474306 ], [ 117.149898971582431, -0.49652049056378 ], [ 117.149854954133502, -0.496604929029263 ], [ 117.149536950522929, -0.497363976888618 ], [ 117.149203675552499, -0.498082602000466 ], [ 117.149112945708822, -0.498273037641977 ], [ 117.149013232712292, -0.498639536408259 ], [ 117.148737449920077, -0.499386906378222 ], [ 117.148620668933148, -0.499327619821206 ], [ 117.148103239329458, -0.499115625461442 ], [ 117.147787930664748, -0.49971747383784 ], [ 117.147892135237697, -0.49975071023911 ], [ 117.149417474590138, -0.500227697492856 ], [ 117.149399508284446, -0.500341779184943 ], [ 117.149218048597078, -0.501101724894191 ], [ 117.149060843422347, -0.501608355318055 ], [ 117.14887129889739, -0.50198742982941 ], [ 117.148775179162001, -0.502286557331154 ], [ 117.148575753168942, -0.5029539799058 ], [ 117.148436514299874, -0.503207295050859 ], [ 117.148115815743438, -0.504211572727682 ], [ 117.147210313937052, -0.505675769778487 ], [ 117.147129465561491, -0.5058383585104 ], [ 117.147063888545745, -0.505971303989822 ], [ 117.146478186980517, -0.507026783206067 ], [ 117.149969040174597, -0.508830529417138 ], [ 117.153398807929349, -0.506724062801628 ], [ 117.153791371708522, -0.50625965194596 ], [ 117.154455226703504, -0.505217646810315 ], [ 117.155155014309813, -0.504054373638219 ], [ 117.155947328390411, -0.502255117504287 ], [ 117.15514782778753, -0.501976650459722 ], [ 117.155497272433081, -0.500992134620043 ], [ 117.15595181996683, -0.499735439460169 ], [ 117.157215749571577, -0.500013906599982 ], [ 117.157222936093859, -0.499942942394505 ], [ 117.157436735131483, -0.499157844677703 ], [ 117.157265156912203, -0.499130896241823 ], [ 117.156416248968725, -0.499000645466848 ], [ 117.156180890364269, -0.49895034171858 ], [ 117.156284196621939, -0.498644926095847 ], [ 117.156284196621939, -0.498644926095847 ], [ 117.155833242349317, -0.498487726872739 ], [ 117.155882649689943, -0.49788228525841 ], [ 117.155882649689943, -0.49788228525841 ] ] ] } },
{ "type": "Feature", "properties": { "FID": 26, "Kode_Prov": 64, "Provinsi": "Kalimantan Timur", "Kode_kota": "6472", "Kota": "Kota Samarinda", "Kode_Kec": 647207, "Kecamatan": "Samarinda Kota", "Kode_Kel": 64720105, "Kelurahan": "Pasar Pagi", "Sumber": "Revisi RTRW Kota Samarinda Tahun 2019 (Data belum disahkan)", "city": "samarinda", "source_layer": "Batas Administrasi AR", "role": "admin" }, "geometry": { "type": "Polygon", "coordinates": [ [ [ 117.14866378806677, -0.495351826159554 ], [ 117.148629652085987, -0.495347334750992 ], [ 117.148290088908567, -0.495376079765735 ], [ 117.148000831387094, -0.495429078386338 ], [ 117.148068205033397, -0.495846779364394 ], [ 117.148066408402812, -0.495847677646039 ], [ 117.14806730671809, -0.495850372490972 ], [ 117.147748404792239, -0.495885405475012 ], [ 117.147683726091799, -0.495893490009764 ], [ 117.147624437283042, -0.495910557360875 ], [ 117.147249839809561, -0.496022842564454 ], [ 117.147249839809561, -0.496024639127696 ], [ 117.147248941494283, -0.496024639127696 ], [ 117.147284874105651, -0.496150398553409 ], [ 117.147284874105651, -0.496152195116616 ], [ 117.146999209845291, -0.49638485004782 ], [ 117.14699561658415, -0.496386646610963 ], [ 117.146803377113358, -0.496899565368459 ], [ 117.146668629820738, -0.497135813399237 ], [ 117.146671324766601, -0.497242708893275 ], [ 117.146843801301131, -0.497787965714079 ], [ 117.146841106355268, -0.498633248439402 ], [ 117.146687494441693, -0.498664688283629 ], [ 117.146353321156028, -0.498675467658758 ], [ 117.146112572659874, -0.498712297190315 ], [ 117.145742466762812, -0.498934172656556 ], [ 117.145596041371491, -0.499262045295399 ], [ 117.145415479999386, -0.499432718717368 ], [ 117.145234918627295, -0.499994144416255 ], [ 117.145079510083136, -0.500611263489082 ], [ 117.144843253163401, -0.501551763623717 ], [ 117.144682454727544, -0.50152481519767 ], [ 117.144320433668042, -0.501428699143866 ], [ 117.143639510682689, -0.501248144683838 ], [ 117.143317015495697, -0.502735697698449 ], [ 117.142068357250764, -0.505163749988406 ], [ 117.143732037156937, -0.505841951631502 ], [ 117.146478186980517, -0.507026783206067 ], [ 117.147063888545745, -0.505971303989822 ], [ 117.147129465561491, -0.5058383585104 ], [ 117.147210313937052, -0.505675769778487 ], [ 117.148115815743438, -0.504211572727682 ], [ 117.148436514299874, -0.503207295050859 ], [ 117.148575753168942, -0.5029539799058 ], [ 117.148775179162001, -0.502286557331154 ], [ 117.14887129889739, -0.50198742982941 ], [ 117.149060843422347, -0.501608355318055 ], [ 117.149218048597078, -0.501101724894191 ], [ 117.149399508284446, -0.500341779184943 ], [ 117.149417474590138, -0.500227697492856 ], [ 117.147892135237697, -0.49975071023911 ], [ 117.147787930664748, -0.49971747383784 ], [ 117.148103239329458, -0.499115625461442 ], [ 117.148620668933148, -0.499327619821206 ], [ 117.148737449920077, -0.499386906378222 ], [ 117.149013232712292, -0.498639536408259 ], [ 117.149112945708822, -0.498273037641977 ], [ 117.149203675552499, -0.498082602000466 ], [ 117.149536950522929, -0.497363976888618 ], [ 117.149854954133502, -0.496604929029263 ], [ 117.149898971582431, -0.49652049056378 ], [ 117.149984311534425, -0.496354308474306 ], [ 117.150050786865449, -0.496119856978813 ], [ 117.150122652088172, -0.495880015785172 ], [ 117.150116363881196, -0.49587732094025 ], [ 117.150079532954521, -0.49586564327891 ], [ 117.149990599741429, -0.495836898266292 ], [ 117.149960057021758, -0.495827017168176 ], [ 117.149942989031359, -0.495821627478289 ], [ 117.149934005878521, -0.495818932633343 ], [ 117.149703138850512, -0.495758747762608 ], [ 117.149702240535206, -0.495758747762608 ], [ 117.149701342219927, -0.495758747762608 ], [ 117.14928182898224, -0.495528787654461 ], [ 117.149162353049448, -0.495464111372607 ], [ 117.148740144865911, -0.49536260554009 ], [ 117.148695229101705, -0.495356317568113 ], [ 117.14866378806677, -0.495351826159554 ] ] ] } },
{ "type": "Feature", "properties": { "FID": 27, "Kode_Prov": 64, "Provinsi": "Kalimantan Timur", "Kode_kota": "6472", "Kota": "Kota Samarinda", "Kode_Kec": 647206, "Kecamatan": "Samarinda Ulu", "Kode_Kel": 64720607, "Kelurahan": "Jawa", "Sumber": "Revisi RTRW Kota Samarinda Tahun 2019 (Data belum disahkan)", "city": "samarinda", "source_layer": "Batas Administrasi AR", "role": "admin" }, "geometry": { "type": "Polygon", "coordinates": [ [ [ 117.138085227280968, -0.491543110608872 ], [ 117.13784537710012, -0.491521551835406 ], [ 117.13756779767732, -0.491536822633285 ], [ 117.137242607544465, -0.491632040548684 ], [ 117.136760212236894, -0.491896135514478 ], [ 117.136343393945069, -0.492088367897974 ], [ 117.136103543764222, -0.492127892312586 ], [ 117.136078390936248, -0.492196161755454 ], [ 117.135950830165925, -0.492876161299551 ], [ 117.135829557602548, -0.493098036961405 ], [ 117.135643606338718, -0.493364826715058 ], [ 117.135392078059169, -0.493878643988243 ], [ 117.134968073245091, -0.494668233741458 ], [ 117.134658154472049, -0.4953069120738 ], [ 117.135190855435553, -0.495676105849661 ], [ 117.135779251946644, -0.496083027432789 ], [ 117.135910405978109, -0.496211481702179 ], [ 117.135875371682047, -0.496378562076814 ], [ 117.135797218252321, -0.496496236961793 ], [ 117.135710979985021, -0.496617504970839 ], [ 117.13560767372735, -0.496731586725466 ], [ 117.135472028119466, -0.496924717250465 ], [ 117.135401061212008, -0.496999274614419 ], [ 117.135322009467032, -0.49708191651083 ], [ 117.135236669515038, -0.497195998257438 ], [ 117.135179177336852, -0.497338825008286 ], [ 117.135057904773504, -0.497492431133107 ], [ 117.134951005254678, -0.497652325224152 ], [ 117.134749782631047, -0.497821202125093 ], [ 117.134615933653706, -0.49803768793327 ], [ 117.134571017889499, -0.498321544832803 ], [ 117.134530593701712, -0.498568572187949 ], [ 117.134406626192501, -0.498744635315415 ], [ 117.134304218250108, -0.49884793765842 ], [ 117.134265590692905, -0.499015017966282 ], [ 117.134341947492061, -0.499303366229545 ], [ 117.134379676733971, -0.499796522575719 ], [ 117.134499152666777, -0.500534011323027 ], [ 117.134594374086888, -0.501093640365832 ], [ 117.134595272402166, -0.501364921200843 ], [ 117.134587187564605, -0.501821247878084 ], [ 117.134554848214378, -0.502501246430573 ], [ 117.134534186962838, -0.502870439802614 ], [ 117.134536881908687, -0.502871338083299 ], [ 117.135372315122936, -0.503033028604605 ], [ 117.136963231491123, -0.503341138864666 ], [ 117.140260946899119, -0.504225046935173 ], [ 117.140263641844953, -0.504216962410682 ], [ 117.140260946899119, -0.504215165849682 ], [ 117.140475644252021, -0.503374375247535 ], [ 117.140483729089581, -0.503342037145287 ], [ 117.140571763987438, -0.502995300816658 ], [ 117.141090990221628, -0.501557153308913 ], [ 117.141262568440894, -0.500776547190142 ], [ 117.14143594329073, -0.500196257656105 ], [ 117.141572487213935, -0.499833352100997 ], [ 117.141726997442802, -0.499500089803768 ], [ 117.14173418396507, -0.499328518102377 ], [ 117.141729692388651, -0.499324924977693 ], [ 117.141729692388651, -0.499324026696521 ], [ 117.141523079873309, -0.499159641240091 ], [ 117.141515893351027, -0.49915335327173 ], [ 117.141542842809542, -0.499015916247495 ], [ 117.141609318140567, -0.497842760878093 ], [ 117.141488045577219, -0.497756525865669 ], [ 117.141073922231229, -0.497634359596138 ], [ 117.140923903578795, -0.497128627147475 ], [ 117.140760410197103, -0.497014545399703 ], [ 117.140413660497416, -0.497083713073784 ], [ 117.140447796478227, -0.496935496628438 ], [ 117.140529543169066, -0.496583370272221 ], [ 117.140702918018917, -0.495929421275209 ], [ 117.14072717253157, -0.494919752641986 ], [ 117.140878987814588, -0.494663742332433 ], [ 117.141107159896748, -0.494492170505416 ], [ 117.14122843246011, -0.493728630907343 ], [ 117.141877914410529, -0.492982158580225 ], [ 117.141948881317973, -0.492735131016716 ], [ 117.140406473975133, -0.492255448376326 ], [ 117.138997017294344, -0.491934761648055 ], [ 117.138523605139639, -0.49168503919912 ], [ 117.138085227280968, -0.491543110608872 ] ] ] } },
{ "type": "Feature", "properties": { "FID": 28, "Kode_Prov": 64, "Provinsi": "Kalimantan Timur", "Kode_kota": "6472", "Kota": "Kota Samarinda", "Kode_Kec": 647201, "Kecamatan": "Samarinda Ilir", "Kode_Kel": 64720109, "Kelurahan": "Sidodamai", "Sumber": "Revisi RTRW Kota Samarinda Tahun 2019 (Data belum disahkan)", "city": "samarinda", "source_layer": "Batas Administrasi AR", "role": "admin" }, "geometry": { "type": "Polygon", "coordinates": [ [ [ 117.175884537806169, -0.497667596007926 ], [ 117.171616641891291, -0.491474841159323 ], [ 117.171528606993462, -0.491513467295338 ], [ 117.17137409676458, -0.491539517479966 ], [ 117.171216891589864, -0.491499094779638 ], [ 117.170730903021152, -0.492665963297292 ], [ 117.170538663550346, -0.493329793717713 ], [ 117.170367085331094, -0.493593888616224 ], [ 117.17020269363411, -0.493729529189275 ], [ 117.16994577546285, -0.49387235601486 ], [ 117.169774197243555, -0.493929846056996 ], [ 117.169510092550027, -0.494114892126747 ], [ 117.169453498687147, -0.494286463963513 ], [ 117.169360972212871, -0.494971852984474 ], [ 117.169346599168335, -0.495314098327541 ], [ 117.169459786894123, -0.495578193147119 ], [ 117.169411277868775, -0.495694071482998 ], [ 117.16939241324782, -0.495738985566127 ], [ 117.16939241324782, -0.495739883847787 ], [ 117.169053748385721, -0.496299513297943 ], [ 117.168927984245954, -0.496686672649076 ], [ 117.168928882561232, -0.496691164056729 ], [ 117.168973798325439, -0.497076526821965 ], [ 117.168965713487864, -0.497093594170022 ], [ 117.168967510118449, -0.497102576984771 ], [ 117.168967510118449, -0.497105271829194 ], [ 117.169000747783954, -0.497353197511345 ], [ 117.168887560058167, -0.49772239117294 ], [ 117.168751016134962, -0.498008044648753 ], [ 117.168775270647629, -0.498323341395419 ], [ 117.168762694233649, -0.498525454686628 ], [ 117.168739338036261, -0.498658400314796 ], [ 117.168639625039731, -0.498806616721412 ], [ 117.168572251393428, -0.498926088125528 ], [ 117.168394384967158, -0.499336602632909 ], [ 117.168376418661481, -0.4996114766651 ], [ 117.168422232740966, -0.500004025508126 ], [ 117.168340486050113, -0.500346270590103 ], [ 117.168190467397679, -0.500671448315493 ], [ 117.168170704461417, -0.500707379554879 ], [ 117.168062906627327, -0.500666058629569 ], [ 117.167978464990611, -0.500644499885825 ], [ 117.167850904220288, -0.500631025670949 ], [ 117.167715258612361, -0.500612161770077 ], [ 117.167555358491782, -0.500609466927091 ], [ 117.167474510116222, -0.50052862163699 ], [ 117.167438577504853, -0.500494486958648 ], [ 117.167216693629683, -0.500308542786665 ], [ 117.16690677485667, -0.500105531269209 ], [ 117.166829519742251, -0.500069600026527 ], [ 117.166103680992663, -0.499772268985789 ], [ 117.165550318777662, -0.4996114766651 ], [ 117.164919701448184, -0.499498293241472 ], [ 117.164325016730118, -0.499468649963534 ], [ 117.163777942722064, -0.499492005273436 ], [ 117.162796084116536, -0.499571054014028 ], [ 117.162158280264833, -0.499371635598436 ], [ 117.16126445655712, -0.499069813120087 ], [ 117.160698517928111, -0.498926986406754 ], [ 117.160261936700024, -0.498925189844303 ], [ 117.160038256194298, -0.498924291563077 ], [ 117.159593590128651, -0.498972798749104 ], [ 117.159563945724258, -0.498976391873981 ], [ 117.159439079899769, -0.498989866092251 ], [ 117.159319603966992, -0.500505266330775 ], [ 117.159101313352949, -0.501622727811777 ], [ 117.159097720091808, -0.501648777956568 ], [ 117.159213602763458, -0.501646083114008 ], [ 117.159658268829091, -0.501635303743758 ], [ 117.160060714076408, -0.501686505752288 ], [ 117.160300564257255, -0.501809570227291 ], [ 117.160373327795256, -0.501859873953634 ], [ 117.160406565460789, -0.501821247878084 ], [ 117.160469447530673, -0.501859873953634 ], [ 117.160404768830205, -0.501979345302146 ], [ 117.160588025148158, -0.502035936992785 ], [ 117.160710196026798, -0.502063783697522 ], [ 117.160807214077494, -0.502101511490849 ], [ 117.160960825991083, -0.502201220657878 ], [ 117.161056047411194, -0.502276676242726 ], [ 117.161152167146611, -0.502348538703677 ], [ 117.161413576894276, -0.502539872502105 ], [ 117.161441424668084, -0.502550651870864 ], [ 117.161589646689961, -0.502423096006078 ], [ 117.161700139469914, -0.502468908323999 ], [ 117.161799852466444, -0.502441061620987 ], [ 117.161854649698768, -0.50240423211037 ], [ 117.161874412635029, -0.502412316637109 ], [ 117.16204778748488, -0.502501246430573 ], [ 117.161839378338954, -0.502839898259247 ], [ 117.161480950540593, -0.503368087283222 ], [ 117.161160251984143, -0.503993290562432 ], [ 117.161913938507539, -0.504559207272043 ], [ 117.162199602767885, -0.504758625529418 ], [ 117.1625041316492, -0.504920316003882 ], [ 117.16281764368334, -0.504958942061075 ], [ 117.163122172564684, -0.504958942061075 ], [ 117.163446464382233, -0.504977805949389 ], [ 117.163826451747411, -0.505006550921952 ], [ 117.164273812758907, -0.505282322996016 ], [ 117.164454374131026, -0.505416166767157 ], [ 117.164638528764272, -0.505351490582789 ], [ 117.164923294709325, -0.505158360306191 ], [ 117.16587910217163, -0.50534879574176 ], [ 117.167063980031386, -0.50529669548164 ], [ 117.168131178588908, -0.504785573942108 ], [ 117.168079076302448, -0.504065153004474 ], [ 117.167792513726823, -0.503278259220938 ], [ 117.16792276944301, -0.502963860993203 ], [ 117.168912712886097, -0.5025174154838 ], [ 117.172700908439239, -0.500116310641975 ], [ 117.173065624444575, -0.49969501680986 ], [ 117.173478849475288, -0.499416549656529 ], [ 117.174899984254751, -0.498103262471273 ], [ 117.175863876554629, -0.498202971699042 ], [ 117.175884537806169, -0.497667596007926 ] ] ] } },
{ "type": "Feature", "properties": { "FID": 29, "Kode_Prov": 64, "Provinsi": "Kalimantan Timur", "Kode_kota": "6472", "Kota": "Kota Samarinda", "Kode_Kec": 647203, "Kecamatan": "Sungai Kunjang", "Kode_Kel": 64720307, "Kelurahan": "Karang Anyar", "Sumber": "Revisi RTRW Kota Samarinda Tahun 2019 (Data belum disahkan)", "city": "samarinda", "source_layer": "Batas Administrasi AR", "role": "admin" }, "geometry": { "type": "Polygon", "coordinates": [ [ [ 117.120341703789066, -0.490952939160121 ], [ 117.120038971538307, -0.490553203522164 ], [ 117.119976987783701, -0.490616981569373 ], [ 117.119952733271006, -0.490821789942211 ], [ 117.119452371657772, -0.491597905824452 ], [ 117.119169402343289, -0.491907813182792 ], [ 117.11892685721655, -0.492119807773252 ], [ 117.118596277191998, -0.492352462845706 ], [ 117.118142627973526, -0.492652489066152 ], [ 117.117882116541139, -0.492829450632955 ], [ 117.117299109921731, -0.493354945613261 ], [ 117.117107768766232, -0.493563347029858 ], [ 117.116892173098037, -0.493819357381825 ], [ 117.116682865636832, -0.494082553979007 ], [ 117.116493321111875, -0.494172382166785 ], [ 117.116280420389529, -0.494211008287157 ], [ 117.116019010641864, -0.494167890757425 ], [ 117.115939060581567, -0.494132857764313 ], [ 117.115794431820831, -0.494070876314507 ], [ 117.115527632181468, -0.493942422003648 ], [ 117.115304849990977, -0.493799595179568 ], [ 117.115191662265175, -0.493747494827882 ], [ 117.115089254322783, -0.493707072140947 ], [ 117.114959896921874, -0.493698089321595 ], [ 117.114815268161138, -0.493698089321595 ], [ 117.114711063588189, -0.493771748439924 ], [ 117.114588892709563, -0.493902897599807 ], [ 117.114503552757569, -0.494035843320882 ], [ 117.114388568401196, -0.494337666029124 ], [ 117.114279872251799, -0.494723028931314 ], [ 117.114199922191503, -0.495080545076969 ], [ 117.114166684525998, -0.495252116888768 ], [ 117.114112785608953, -0.495491958105149 ], [ 117.114137938436897, -0.495706647426305 ], [ 117.114297838557476, -0.496180940127864 ], [ 117.114330177907732, -0.496370477542655 ], [ 117.114330177907732, -0.496552828699624 ], [ 117.114269990783669, -0.496727095317841 ], [ 117.114146023274458, -0.496884294582909 ], [ 117.114049903539069, -0.496992088362508 ], [ 117.113926834345136, -0.497146592776865 ], [ 117.113863053959975, -0.497307385157735 ], [ 117.113771425801005, -0.497547226299576 ], [ 117.113636678508385, -0.497875099007461 ], [ 117.113368082238438, -0.498461676715405 ], [ 117.113265674296045, -0.498683552190093 ], [ 117.113095892707335, -0.498951239999803 ], [ 117.112961145414701, -0.499129997960625 ], [ 117.112764414367504, -0.49949919152262 ], [ 117.112575768157839, -0.499841436630909 ], [ 117.112433834342951, -0.500174698910817 ], [ 117.112188594270378, -0.500551078662118 ], [ 117.111990066592597, -0.500904103087023 ], [ 117.111750216411721, -0.501311922627999 ], [ 117.11156606177849, -0.501773638993953 ], [ 117.11135855094787, -0.502230863923458 ], [ 117.111143853594953, -0.502748273628289 ], [ 117.110879748901397, -0.503348325109625 ], [ 117.110525812679469, -0.50413342232368 ], [ 117.109983230247863, -0.505049668380558 ], [ 117.109591564783969, -0.505618279839157 ], [ 117.109176543122729, -0.506302769396243 ], [ 117.10946669895948, -0.506470747793571 ], [ 117.109715532293194, -0.506760892287791 ], [ 117.110224877059295, -0.507182185663382 ], [ 117.110232961896855, -0.507201947825317 ], [ 117.110953410754718, -0.50781637137535 ], [ 117.111604689335692, -0.508289764918662 ], [ 117.111959523872926, -0.508525114257453 ], [ 117.112229916773458, -0.508723634112893 ], [ 117.112383528687047, -0.508794598222632 ], [ 117.112543428807598, -0.508835919096297 ], [ 117.112676379469647, -0.508877239969698 ], [ 117.112847957688913, -0.508931136760693 ], [ 117.113010552755327, -0.509073963254651 ], [ 117.113211775379, -0.509302126326485 ], [ 117.113250402936217, -0.509353328274567 ], [ 117.113303403537969, -0.509373988709643 ], [ 117.113463303658548, -0.509376683548995 ], [ 117.113651949868199, -0.509334464399005 ], [ 117.113752561180036, -0.509304821165868 ], [ 117.113814544934627, -0.509304821165868 ], [ 117.114006784405419, -0.509384768067047 ], [ 117.114130751914644, -0.50945303733019 ], [ 117.114379585248344, -0.509515916914024 ], [ 117.11449456960473, -0.509539272187863 ], [ 117.114595180916538, -0.509509628955668 ], [ 117.114702978750628, -0.509476392604257 ], [ 117.114872760339324, -0.509447647651547 ], [ 117.1149652868136, -0.509392852585089 ], [ 117.1150380503516, -0.509330871279844 ], [ 117.115132373456433, -0.509193434470437 ], [ 117.115175492590055, -0.509121572085267 ], [ 117.115210526886145, -0.508971559353643 ], [ 117.115213221832008, -0.508864664051735 ], [ 117.115184475742893, -0.508648178602947 ], [ 117.115140458293993, -0.50849726758041 ], [ 117.114868268762905, -0.508126277968346 ], [ 117.114735318100855, -0.507956503054023 ], [ 117.114662554562841, -0.507890928615022 ], [ 117.114623927005638, -0.507831642135353 ], [ 117.114610452276381, -0.50773822101477 ], [ 117.114611350591659, -0.507592699651173 ], [ 117.114744301253694, -0.507452567964615 ], [ 117.115110813889615, -0.507292674113424 ], [ 117.115340782602331, -0.507209134066005 ], [ 117.11562644686272, -0.507254946350207 ], [ 117.115839347585037, -0.507278301632224 ], [ 117.11601451906543, -0.507397772881225 ], [ 117.116286708596533, -0.507724746814574 ], [ 117.116381031701366, -0.507745407254863 ], [ 117.116584949270859, -0.507554073609668 ], [ 117.116791561786215, -0.507405857401754 ], [ 117.117246109319964, -0.507157932100926 ], [ 117.117547044940125, -0.506943243155217 ], [ 117.117787793436307, -0.506765383688528 ], [ 117.117974643015401, -0.506586625936783 ], [ 117.118092322317622, -0.506437511426531 ], [ 117.118153407756921, -0.506300972835821 ], [ 117.118174967323753, -0.505974897110849 ], [ 117.118218984772668, -0.505820392904864 ], [ 117.118284561788428, -0.505686549142055 ], [ 117.118367206794545, -0.50558684002837 ], [ 117.118524411969261, -0.505494317155743 ], [ 117.118651972739599, -0.505474554988603 ], [ 117.11882714422002, -0.505455691101732 ], [ 117.118927755531857, -0.505450301419759 ], [ 117.119234081043729, -0.505466470465665 ], [ 117.119454168288328, -0.505535638050477 ], [ 117.119603288625484, -0.505647024808886 ], [ 117.120126108120857, -0.504943671294305 ], [ 117.11933289572498, -0.504225046935173 ], [ 117.118989739286434, -0.503898072825505 ], [ 117.118317799453919, -0.503273767817791 ], [ 117.117778810283468, -0.502745578786182 ], [ 117.117355703784639, -0.50234764042292 ], [ 117.117622503424002, -0.502028750746382 ], [ 117.118158797648647, -0.501443969918863 ], [ 117.11882714422002, -0.500744209075045 ], [ 117.119216114738052, -0.500330101531513 ], [ 117.119677848794083, -0.499807301948993 ], [ 117.120051547952286, -0.499448887778167 ], [ 117.120445010046737, -0.499251265921231 ], [ 117.121201391515953, -0.498886563751475 ], [ 117.121988315704826, -0.498494014841736 ], [ 117.122996225453619, -0.497990079021708 ], [ 117.123862201387496, -0.497572378179114 ], [ 117.124384122567591, -0.497306486876289 ], [ 117.124039169498488, -0.496418984747463 ], [ 117.12374003050887, -0.495548549851569 ], [ 117.123528926417109, -0.494988022056198 ], [ 117.123373517872949, -0.494570321024031 ], [ 117.123183075032699, -0.493983742971048 ], [ 117.122657560591506, -0.492623744039628 ], [ 117.12221019958001, -0.491395792322133 ], [ 117.12131637587234, -0.491403876862343 ], [ 117.120663300660752, -0.491204458200969 ], [ 117.120341703789066, -0.490952939160121 ] ] ] } },
{ "type": "Feature", "properties": { "FID": 30, "Kode_Prov": 64, "Provinsi": "Kalimantan Timur", "Kode_kota": "6472", "Kota": "Kota Samarinda", "Kode_Kec": 647201, "Kecamatan": "Samarinda Ilir", "Kode_Kel": 64720110, "Kelurahan": "Sidomulyo", "Sumber": "Revisi RTRW Kota Samarinda Tahun 2019 (Data belum disahkan)", "city": "samarinda", "source_layer": "Batas Administrasi AR", "role": "admin" }, "geometry": { "type": "Polygon", "coordinates": [ [ [ 117.166897791703832, -0.490615185004671 ], [ 117.162478080505963, -0.489853441527683 ], [ 117.162309197232545, -0.491425435636189 ], [ 117.161085691815586, -0.491358064467689 ], [ 117.160275411429282, -0.491204458200969 ], [ 117.159653777252672, -0.491104748868051 ], [ 117.159647489045696, -0.491032886284845 ], [ 117.158275761606831, -0.49123140666907 ], [ 117.158084420451331, -0.491302370967883 ], [ 117.157884994458257, -0.491489213675076 ], [ 117.157774501678318, -0.491655395886216 ], [ 117.157655025745527, -0.491832357479478 ], [ 117.157667602159506, -0.491839543736973 ], [ 117.15800806365219, -0.492397376951423 ], [ 117.158126641269675, -0.492503374239714 ], [ 117.158529984832242, -0.492870771607268 ], [ 117.158567714074195, -0.492896821786594 ], [ 117.158582087118731, -0.492909397735198 ], [ 117.159160602161691, -0.493303743540081 ], [ 117.159260315158221, -0.493530110597476 ], [ 117.158866853063813, -0.494311615855441 ], [ 117.158877632847208, -0.49445354438668 ], [ 117.158921650296136, -0.49451822067839 ], [ 117.15921899265517, -0.494962870166833 ], [ 117.159521724905915, -0.49533026739843 ], [ 117.159564844039537, -0.495381469455985 ], [ 117.159481300718141, -0.495923133303771 ], [ 117.159448063052608, -0.495977928483251 ], [ 117.159445368106773, -0.495981521609758 ], [ 117.159342960164381, -0.496117162133989 ], [ 117.159242348852544, -0.496250107810668 ], [ 117.159163297107554, -0.496529473379308 ], [ 117.159362723100614, -0.497564293646416 ], [ 117.159388774243865, -0.497817608999586 ], [ 117.159418418648244, -0.498106855596625 ], [ 117.159471419249996, -0.498578453281962 ], [ 117.159472317565289, -0.498584741250872 ], [ 117.159439079899769, -0.498987171248599 ], [ 117.159439079899769, -0.498989866092251 ], [ 117.159563945724258, -0.498976391873981 ], [ 117.159593590128651, -0.498972798749104 ], [ 117.160038256194298, -0.498924291563077 ], [ 117.160261936700024, -0.498925189844303 ], [ 117.160698517928111, -0.498926986406754 ], [ 117.16126445655712, -0.499069813120087 ], [ 117.162158280264833, -0.499371635598436 ], [ 117.162796084116536, -0.499571054014028 ], [ 117.163777942722064, -0.499492005273436 ], [ 117.164325016730118, -0.499468649963534 ], [ 117.164919701448184, -0.499498293241472 ], [ 117.165550318777662, -0.4996114766651 ], [ 117.166103680992663, -0.499772268985789 ], [ 117.166829519742251, -0.500069600026527 ], [ 117.16690677485667, -0.500105531269209 ], [ 117.167216693629683, -0.500308542786665 ], [ 117.167438577504853, -0.500494486958648 ], [ 117.167474510116222, -0.50052862163699 ], [ 117.167555358491782, -0.500609466927091 ], [ 117.167715258612361, -0.500612161770077 ], [ 117.167850904220288, -0.500631025670949 ], [ 117.167978464990611, -0.500644499885825 ], [ 117.168062906627327, -0.500666058629569 ], [ 117.168170704461417, -0.500707379554879 ], [ 117.168190467397679, -0.500671448315493 ], [ 117.168340486050113, -0.500346270590103 ], [ 117.168422232740966, -0.500004025508126 ], [ 117.168376418661481, -0.4996114766651 ], [ 117.168394384967158, -0.499336602632909 ], [ 117.168572251393428, -0.498926088125528 ], [ 117.168639625039731, -0.498806616721412 ], [ 117.168739338036261, -0.498658400314796 ], [ 117.168762694233649, -0.498525454686628 ], [ 117.168775270647629, -0.498323341395419 ], [ 117.168751016134962, -0.498008044648753 ], [ 117.168887560058167, -0.49772239117294 ], [ 117.169000747783954, -0.497353197511345 ], [ 117.168967510118449, -0.497105271829194 ], [ 117.168967510118449, -0.497102576984771 ], [ 117.168965713487864, -0.497093594170022 ], [ 117.168973798325439, -0.497076526821965 ], [ 117.168928882561232, -0.496691164056729 ], [ 117.168927984245954, -0.496686672649076 ], [ 117.169053748385721, -0.496299513297943 ], [ 117.16939241324782, -0.495739883847787 ], [ 117.16939241324782, -0.495738985566127 ], [ 117.169411277868775, -0.495694071482998 ], [ 117.169459786894123, -0.495578193147119 ], [ 117.169346599168335, -0.495314098327541 ], [ 117.169360972212871, -0.494971852984474 ], [ 117.169453498687147, -0.494286463963513 ], [ 117.169510092550027, -0.494114892126747 ], [ 117.169774197243555, -0.493929846056996 ], [ 117.16994577546285, -0.49387235601486 ], [ 117.17020269363411, -0.493729529189275 ], [ 117.170367085331094, -0.493593888616224 ], [ 117.170538663550346, -0.493329793717713 ], [ 117.170730903021152, -0.492665963297292 ], [ 117.171216891589864, -0.491499094779638 ], [ 117.170964464995023, -0.491467654901436 ], [ 117.170697665355647, -0.491433520176363 ], [ 117.166897791703832, -0.490615185004671 ] ] ] } },
{ "type": "Feature", "properties": { "FID": 31, "Kode_Prov": 64, "Provinsi": "Kalimantan Timur", "Kode_kota": "6472", "Kota": "Kota Samarinda", "Kode_Kec": 647207, "Kecamatan": "Samarinda Kota", "Kode_Kel": 64720601, "Kelurahan": "Bugis", "Sumber": "Revisi RTRW Kota Samarinda Tahun 2019 (Data belum disahkan)", "city": "samarinda", "source_layer": "Batas Administrasi AR", "role": "admin" }, "geometry": { "type": "Polygon", "coordinates": [ [ [ 117.14709083800426, -0.490122027975803 ], [ 117.146291337401408, -0.489540839226684 ], [ 117.14614131874896, -0.48958395678631 ], [ 117.146016452924457, -0.489643243430341 ], [ 117.145760433068489, -0.489940574925076 ], [ 117.145332834993269, -0.490505594556951 ], [ 117.145082205028999, -0.491439808152047 ], [ 117.144880084090047, -0.492129688876881 ], [ 117.144761506472534, -0.492683030656697 ], [ 117.144582741731014, -0.493206729084554 ], [ 117.144267433066275, -0.4938490006851 ], [ 117.14400602331861, -0.494425697649777 ], [ 117.143838936675778, -0.494753570512349 ], [ 117.143761681561315, -0.49504461380692 ], [ 117.143743715255638, -0.49530062410177 ], [ 117.143761681561315, -0.495538668753022 ], [ 117.143809292271385, -0.495847677646039 ], [ 117.143785936074011, -0.496180940127864 ], [ 117.143231675543703, -0.496153991679823 ], [ 117.1425076334247, -0.496009368340125 ], [ 117.141470079271542, -0.495275472213592 ], [ 117.141308382520393, -0.49516049215213 ], [ 117.141304789259252, -0.495158695588653 ], [ 117.141283229692434, -0.495144323080827 ], [ 117.140914920425956, -0.494997004873805 ], [ 117.14072717253157, -0.494919752641986 ], [ 117.140702918018917, -0.495929421275209 ], [ 117.140529543169066, -0.496583370272221 ], [ 117.140447796478227, -0.496935496628438 ], [ 117.140413660497416, -0.497083713073784 ], [ 117.140760410197103, -0.497014545399703 ], [ 117.140923903578795, -0.497128627147475 ], [ 117.141073922231229, -0.497634359596138 ], [ 117.141488045577219, -0.497756525865669 ], [ 117.141609318140567, -0.497842760878093 ], [ 117.141542842809542, -0.499015916247495 ], [ 117.141515893351027, -0.49915335327173 ], [ 117.141523079873309, -0.499159641240091 ], [ 117.141729692388651, -0.499324026696521 ], [ 117.141729692388651, -0.499324924977693 ], [ 117.14173418396507, -0.499328518102377 ], [ 117.141726997442802, -0.499500089803768 ], [ 117.141572487213935, -0.499833352100997 ], [ 117.14143594329073, -0.500196257656105 ], [ 117.141262568440894, -0.500776547190142 ], [ 117.141090990221628, -0.501557153308913 ], [ 117.140571763987438, -0.502995300816658 ], [ 117.140483729089581, -0.503342037145287 ], [ 117.140475644252021, -0.503374375247535 ], [ 117.140260946899119, -0.504215165849682 ], [ 117.140263641844953, -0.504216962410682 ], [ 117.140264540160231, -0.504217860691181 ], [ 117.140901445696684, -0.50451878465156 ], [ 117.142068357250764, -0.505163749988406 ], [ 117.143317015495697, -0.502735697698449 ], [ 117.143639510682689, -0.501248144683838 ], [ 117.144320433668042, -0.501428699143866 ], [ 117.144682454727544, -0.50152481519767 ], [ 117.144843253163401, -0.501551763623717 ], [ 117.145079510083136, -0.500611263489082 ], [ 117.145234918627295, -0.499994144416255 ], [ 117.145415479999386, -0.499432718717368 ], [ 117.145596041371491, -0.499262045295399 ], [ 117.145742466762812, -0.498934172656556 ], [ 117.146112572659874, -0.498712297190315 ], [ 117.146353321156028, -0.498675467658758 ], [ 117.146687494441693, -0.498664688283629 ], [ 117.146841106355268, -0.498633248439402 ], [ 117.146843801301131, -0.497787965714079 ], [ 117.146671324766601, -0.497242708893275 ], [ 117.146668629820738, -0.497135813399237 ], [ 117.146803377113358, -0.496899565368459 ], [ 117.14699561658415, -0.496386646610963 ], [ 117.146999209845291, -0.49638485004782 ], [ 117.147284874105651, -0.496152195116616 ], [ 117.147284874105651, -0.496150398553409 ], [ 117.147248941494283, -0.496024639127696 ], [ 117.147249839809561, -0.496024639127696 ], [ 117.147249839809561, -0.496022842564454 ], [ 117.147624437283042, -0.495910557360875 ], [ 117.147683726091799, -0.495893490009764 ], [ 117.147748404792239, -0.495885405475012 ], [ 117.14806730671809, -0.495850372490972 ], [ 117.148066408402812, -0.495847677646039 ], [ 117.148068205033397, -0.495846779364394 ], [ 117.148000831387094, -0.495429078386338 ], [ 117.148290088908567, -0.495376079765735 ], [ 117.148629652085987, -0.495347334750992 ], [ 117.14866378806677, -0.495351826159554 ], [ 117.148695229101705, -0.495356317568113 ], [ 117.148740144865911, -0.49536260554009 ], [ 117.149162353049448, -0.495464111372607 ], [ 117.14928182898224, -0.495528787654461 ], [ 117.149701342219927, -0.495758747762608 ], [ 117.149702240535206, -0.495758747762608 ], [ 117.149703138850512, -0.495758747762608 ], [ 117.149713020318629, -0.495742578692764 ], [ 117.150487368093508, -0.49453169490575 ], [ 117.150519707443763, -0.494482289405295 ], [ 117.149799258585901, -0.494062791777533 ], [ 117.150067854855848, -0.493672039145405 ], [ 117.150088516107374, -0.493644192405228 ], [ 117.150074143062824, -0.492992039682575 ], [ 117.150057973387732, -0.492224906783822 ], [ 117.14961330732207, -0.491915897722383 ], [ 117.148326021519921, -0.490973599653118 ], [ 117.147381892156346, -0.490334022622901 ], [ 117.14709083800426, -0.490122027975803 ] ] ] } },
{ "type": "Feature", "properties": { "FID": 32, "Kode_Prov": 64, "Provinsi": "Kalimantan Timur", "Kode_kota": "6472", "Kota": "Kota Samarinda", "Kode_Kec": 647207, "Kecamatan": "Samarinda Kota", "Kode_Kel": 64720113, "Kelurahan": "Sungai Pinang Luar", "Sumber": "Revisi RTRW Kota Samarinda Tahun 2019 (Data belum disahkan)", "city": "samarinda", "source_layer": "Batas Administrasi AR", "role": "admin" }, "geometry": { "type": "Polygon", "coordinates": [ [ [ 117.157637957755128, -0.498785057971566 ], [ 117.157786179777005, -0.49881919265879 ], [ 117.157887689404106, -0.4980251119944 ], [ 117.157887689404106, -0.4980251119944 ], [ 117.158074538983186, -0.498026010275749 ], [ 117.158326965578041, -0.497959537455619 ], [ 117.159362723100614, -0.497564293646416 ], [ 117.159163297107554, -0.496529473379308 ], [ 117.159242348852544, -0.496250107810668 ], [ 117.159342960164381, -0.496117162133989 ], [ 117.159445368106773, -0.495981521609758 ], [ 117.159448063052608, -0.495977928483251 ], [ 117.159481300718141, -0.495923133303771 ], [ 117.159564844039537, -0.495381469455985 ], [ 117.159521724905915, -0.49533026739843 ], [ 117.15921899265517, -0.494962870166833 ], [ 117.158921650296136, -0.49451822067839 ], [ 117.158877632847208, -0.49445354438668 ], [ 117.158866853063813, -0.494311615855441 ], [ 117.159260315158221, -0.493530110597476 ], [ 117.159160602161691, -0.493303743540081 ], [ 117.158582087118731, -0.492909397735198 ], [ 117.158567714074195, -0.492896821786594 ], [ 117.158529984832242, -0.492870771607268 ], [ 117.158126641269675, -0.492503374239714 ], [ 117.15800806365219, -0.492397376951423 ], [ 117.157667602159506, -0.491839543736973 ], [ 117.157655025745527, -0.491832357479478 ], [ 117.157507702038927, -0.491759596621903 ], [ 117.157433141870342, -0.491764088032887 ], [ 117.157285818163743, -0.491771274290456 ], [ 117.157264258596911, -0.491772172572652 ], [ 117.157023510100771, -0.491959015266699 ], [ 117.156487215876169, -0.492182687523365 ], [ 117.155823360881186, -0.492238381015826 ], [ 117.15582156425063, -0.492238381015826 ], [ 117.155358033564042, -0.491874576742152 ], [ 117.15458188915855, -0.491474841159323 ], [ 117.154058171347913, -0.491446096127726 ], [ 117.153666505884019, -0.491439808152047 ], [ 117.152709800106436, -0.491299676121106 ], [ 117.15262535846972, -0.491245779185346 ], [ 117.152554391562276, -0.491199966789608 ], [ 117.152411559432124, -0.491042767390082 ], [ 117.152298371706308, -0.490840653870973 ], [ 117.152259744149106, -0.490176823203027 ], [ 117.152148353053875, -0.48962078636827 ], [ 117.15143329408771, -0.487838593682708 ], [ 117.151408141259736, -0.48783320398637 ], [ 117.151407242944458, -0.487832305703646 ], [ 117.151339869298155, -0.487817034897328 ], [ 117.150852982414179, -0.487706546121174 ], [ 117.150852084098872, -0.487708342686655 ], [ 117.150503537768643, -0.48880784067066 ], [ 117.148680856057169, -0.489035106162892 ], [ 117.148117612374023, -0.489088104833887 ], [ 117.148326919835227, -0.48951838216427 ], [ 117.148391598535667, -0.489645938277785 ], [ 117.148536227296432, -0.489900152215086 ], [ 117.14873655160477, -0.490204669957673 ], [ 117.148693432471148, -0.490414868037399 ], [ 117.148554193602124, -0.490650218016268 ], [ 117.148326021519921, -0.490973599653118 ], [ 117.14961330732207, -0.491915897722383 ], [ 117.150057973387732, -0.492224906783822 ], [ 117.150074143062824, -0.492992039682575 ], [ 117.150088516107374, -0.493644192405228 ], [ 117.150067854855848, -0.493672039145405 ], [ 117.149799258585901, -0.494062791777533 ], [ 117.150519707443763, -0.494482289405295 ], [ 117.150487368093508, -0.49453169490575 ], [ 117.149713020318629, -0.495742578692764 ], [ 117.149703138850512, -0.495758747762608 ], [ 117.149934005878521, -0.495818932633343 ], [ 117.149942989031359, -0.495821627478289 ], [ 117.149960057021758, -0.495827017168176 ], [ 117.149990599741429, -0.495836898266292 ], [ 117.150079532954521, -0.49586564327891 ], [ 117.150116363881196, -0.49587732094025 ], [ 117.150122652088172, -0.495880015785172 ], [ 117.150562826577385, -0.495946488626227 ], [ 117.152239981212844, -0.496176448719865 ], [ 117.152682850647906, -0.496251904373848 ], [ 117.153262264006173, -0.496350715348001 ], [ 117.153685370504988, -0.496422577873731 ], [ 117.154114765210821, -0.49645761085474 ], [ 117.154170460758422, -0.496462102262549 ], [ 117.154168664127866, -0.496464797107232 ], [ 117.154169562443144, -0.496464797107232 ], [ 117.154033018519939, -0.496843871915106 ], [ 117.154033018519939, -0.496843871915106 ], [ 117.154282750168932, -0.496917530998473 ], [ 117.154396836210026, -0.497479855193198 ], [ 117.154396836210026, -0.497479855193198 ], [ 117.154459718279924, -0.497708916952077 ], [ 117.154684297100943, -0.497690951324217 ], [ 117.154666330795266, -0.497612800842457 ], [ 117.155032843431158, -0.497567886772061 ], [ 117.155073267618945, -0.497726882579888 ], [ 117.155341863888921, -0.497734068830998 ], [ 117.15533018579022, -0.497815812436832 ], [ 117.155596985429611, -0.497805931341675 ], [ 117.155597883744889, -0.497880488695674 ], [ 117.155882649689943, -0.49788228525841 ], [ 117.155882649689943, -0.49788228525841 ], [ 117.155833242349317, -0.498487726872739 ], [ 117.156284196621939, -0.498644926095847 ], [ 117.156284196621939, -0.498644926095847 ], [ 117.156180890364269, -0.49895034171858 ], [ 117.156416248968725, -0.499000645466848 ], [ 117.157265156912203, -0.499130896241823 ], [ 117.157266055227481, -0.499128201398229 ], [ 117.157345106972485, -0.498783261409076 ], [ 117.157637957755128, -0.498785057971566 ] ] ] } },
{ "type": "Feature", "properties": { "FID": 33, "Kode_Prov": 64, "Provinsi": "Kalimantan Timur", "Kode_kota": "6472", "Kota": "Kota Samarinda", "Kode_Kec": 647208, "Kecamatan": "Sambutan", "Kode_Kel": 64720107, "Kelurahan": "Sambutan", "Sumber": "Revisi RTRW Kota Samarinda Tahun 2019 (Data belum disahkan)", "city": "samarinda", "source_layer": "Batas Administrasi AR", "role": "admin" }, "geometry": { "type": "Polygon", "coordinates": [ [ [ 117.224843619105968, -0.486334868237051 ], [ 117.224713363389768, -0.486316902578565 ], [ 117.22422557819047, -0.486423798245856 ], [ 117.223815048105649, -0.486543269872001 ], [ 117.223727013207792, -0.486619623917677 ], [ 117.222879003579564, -0.487227761403554 ], [ 117.222198080594211, -0.487656242287528 ], [ 117.221793838716366, -0.487737986017012 ], [ 117.22123867987078, -0.487816136614603 ], [ 117.220103209351649, -0.487988606895728 ], [ 117.219609135945376, -0.488042503857673 ], [ 117.219490558327877, -0.488065859207715 ], [ 117.219359404296412, -0.488136823540037 ], [ 117.219127638953097, -0.488356902793742 ], [ 117.218937196112876, -0.488637166975785 ], [ 117.218853652791452, -0.488987497186896 ], [ 117.218841974692751, -0.489463586931663 ], [ 117.218812330288387, -0.489993573588915 ], [ 117.218722498759973, -0.490141790188952 ], [ 117.218454800805276, -0.490248685795427 ], [ 117.218032592621753, -0.490361869376894 ], [ 117.217390297193589, -0.490427443990678 ], [ 117.217116311031944, -0.490421156014041 ], [ 117.21683154508689, -0.490552305239805 ], [ 117.215817347131122, -0.491192780531425 ], [ 117.214468077574381, -0.492027284711295 ], [ 117.214310872399665, -0.49207758851213 ], [ 117.21389046084667, -0.4920991472838 ], [ 117.21335506493736, -0.492041657225858 ], [ 117.212412732204299, -0.491777562265822 ], [ 117.212134254466235, -0.491735343002535 ], [ 117.211855776728157, -0.491742529260135 ], [ 117.210899070950575, -0.49129248986303 ], [ 117.209978297784346, -0.490849636694174 ], [ 117.20984983869873, -0.490706809803845 ], [ 117.209799533042798, -0.490521763639514 ], [ 117.209799533042798, -0.490264854878611 ], [ 117.209799533042798, -0.489972014810455 ], [ 117.20982109260963, -0.489757325304503 ], [ 117.20977797347598, -0.489543534074169 ], [ 117.209493207530912, -0.489122239570917 ], [ 117.209035965051299, -0.488794366431749 ], [ 117.208664960838973, -0.488515898821528 ], [ 117.208486196097411, -0.488472781255043 ], [ 117.207950800188087, -0.488501526299397 ], [ 117.207237537852492, -0.488794366431749 ], [ 117.20662309019815, -0.489071935747866 ], [ 117.20629520511946, -0.489194102174623 ], [ 117.206102067333347, -0.489221948933352 ], [ 117.205588230990855, -0.489165357133233 ], [ 117.204459946994007, -0.488908448320344 ], [ 117.203511326053956, -0.488408104904796 ], [ 117.202689367569008, -0.488230244938408 ], [ 117.201539524005312, -0.4882589899838 ], [ 117.201162231585982, -0.488415291165965 ], [ 117.200926872981555, -0.488530271343628 ], [ 117.200612462632122, -0.488550931844094 ], [ 117.199998014977766, -0.488465594993935 ], [ 117.199798588984706, -0.488429663688281 ], [ 117.199113174422905, -0.488579676888114 ], [ 117.198256181641867, -0.489058461509484 ], [ 117.196593400050958, -0.490171433508565 ], [ 117.196450567920778, -0.490281922244151 ], [ 117.196248446981855, -0.490371750483122 ], [ 117.196087648545998, -0.49045439246191 ], [ 117.195855883202697, -0.490377140177421 ], [ 117.195724729171218, -0.490312463845536 ], [ 117.19546870931525, -0.490276532549775 ], [ 117.195207299567585, -0.490252278925027 ], [ 117.195052789338703, -0.490246889230626 ], [ 117.194933313405912, -0.490329531210956 ], [ 117.19463597104685, -0.490555898369242 ], [ 117.19441588380225, -0.490716690909564 ], [ 117.193975709313037, -0.490835264177046 ], [ 117.192958816411419, -0.490984379040744 ], [ 117.192369521585036, -0.490996056710653 ], [ 117.191745192462577, -0.490954735724732 ], [ 117.191596072125407, -0.490954735724732 ], [ 117.191453239995226, -0.490989768734551 ], [ 117.191337357323576, -0.491078698681728 ], [ 117.191294238189926, -0.491185594273234 ], [ 117.191301424712208, -0.491321234895289 ], [ 117.191358018575116, -0.491556584842253 ], [ 117.191358018575116, -0.491748817235528 ], [ 117.19130861123449, -0.491884457846144 ], [ 117.191115473448406, -0.491977879192249 ], [ 117.190551331449981, -0.492084774769361 ], [ 117.189167027597136, -0.49224916040141 ], [ 117.18761114552504, -0.492377614744945 ], [ 117.187631806776579, -0.493669344299587 ], [ 117.187696485477034, -0.494262210353349 ], [ 117.18753209378005, -0.494540677723975 ], [ 117.186911357918717, -0.495032936144112 ], [ 117.186462200276665, -0.49522157531003 ], [ 117.186067839866951, -0.495347334750992 ], [ 117.185863922297443, -0.495414705879098 ], [ 117.185627665377709, -0.495482975288213 ], [ 117.185492019769825, -0.495545855006512 ], [ 117.185318644919974, -0.495656343652935 ], [ 117.185012319408102, -0.495568312048617 ], [ 117.184886555268335, -0.495510822020676 ], [ 117.184732943354732, -0.495437162921647 ], [ 117.184670959600126, -0.49537069007548 ], [ 117.184601789323253, -0.495249422043591 ], [ 117.184494889804441, -0.495094019303187 ], [ 117.184348464413119, -0.494954785630946 ], [ 117.184026867541405, -0.494819145082919 ], [ 117.183505844676631, -0.494669132023262 ], [ 117.182885108815299, -0.494611641987525 ], [ 117.182857261041491, -0.494616133396585 ], [ 117.18274586994626, -0.494652064668955 ], [ 117.182637173796891, -0.494679013123105 ], [ 117.182433256227384, -0.494672725150479 ], [ 117.182399120246572, -0.494674521714087 ], [ 117.182223948766179, -0.494644878414496 ], [ 117.182021827827256, -0.494597269478513 ], [ 117.18172179052236, -0.494511932705612 ], [ 117.181618484264689, -0.494426595931615 ], [ 117.181463974035836, -0.494268498326363 ], [ 117.181377735768535, -0.494196635777277 ], [ 117.18119537776586, -0.494071774596392 ], [ 117.180692321206763, -0.493819357381825 ], [ 117.180307842265165, -0.493683716810607 ], [ 117.180001516753265, -0.493541788262926 ], [ 117.179816463804741, -0.49344297724693 ], [ 117.179679919881565, -0.493389080328496 ], [ 117.179580206885007, -0.493334285127639 ], [ 117.179529002913824, -0.493288472746249 ], [ 117.17950564671645, -0.493225593006573 ], [ 117.179499358509446, -0.493218406750572 ], [ 117.179457137691102, -0.493052224578389 ], [ 117.17940593371992, -0.492710877400896 ], [ 117.179372696054386, -0.492562660857854 ], [ 117.179335865127754, -0.492480917187251 ], [ 117.179031336246439, -0.492172806419815 ], [ 117.17884448666733, -0.491920389133262 ], [ 117.178802265848958, -0.49180361244942 ], [ 117.178722315788676, -0.491473044594852 ], [ 117.178596551648894, -0.49123589808041 ], [ 117.178563313983403, -0.491175713168208 ], [ 117.178517499903919, -0.491011327509733 ], [ 117.178487855499526, -0.490881076575283 ], [ 117.178453719518743, -0.490650218016268 ], [ 117.178437549843622, -0.490572067451684 ], [ 117.178424075114364, -0.490461578720886 ], [ 117.17838634587244, -0.490283718808943 ], [ 117.178353108206906, -0.490103164045016 ], [ 117.178337836847092, -0.490064537900857 ], [ 117.178266869939648, -0.489950456031925 ], [ 117.178121342863633, -0.489759121869435 ], [ 117.177936289915081, -0.489582160221331 ], [ 117.17784556007139, -0.489536347814208 ], [ 117.17758864190013, -0.489422265936286 ], [ 117.177419758626698, -0.489238118019012 ], [ 117.177346995088698, -0.489119544723263 ], [ 117.177305672585632, -0.48897042981806 ], [ 117.17720685790438, -0.488583270018608 ], [ 117.177184400022284, -0.488505119429933 ], [ 117.176796327819531, -0.488537457604667 ], [ 117.171953510122833, -0.488943481340862 ], [ 117.172036155128978, -0.48910966361519 ], [ 117.172226597969228, -0.48941328311117 ], [ 117.172250852481895, -0.489567787701483 ], [ 117.172280496886273, -0.489680971294452 ], [ 117.172423329016453, -0.489758223586969 ], [ 117.172530228535265, -0.48978786690828 ], [ 117.172541906633938, -0.490281922244151 ], [ 117.172571551038331, -0.490608897028211 ], [ 117.17255987293963, -0.490799332884092 ], [ 117.172518550436564, -0.490947549466285 ], [ 117.172417040809478, -0.491173916603657 ], [ 117.172274208679298, -0.491346386798413 ], [ 117.17214934285478, -0.491411063120299 ], [ 117.171902306151651, -0.491426333918431 ], [ 117.171696591951587, -0.491437113305326 ], [ 117.171654371133243, -0.491455078950113 ], [ 117.171616641891291, -0.491474841159323 ], [ 117.175884537806169, -0.497667596007926 ], [ 117.175863876554629, -0.498202971699042 ], [ 117.174899984254751, -0.498103262471273 ], [ 117.173478849475288, -0.499416549656529 ], [ 117.173065624444575, -0.49969501680986 ], [ 117.172700908439239, -0.500116310641975 ], [ 117.168912712886097, -0.5025174154838 ], [ 117.16792276944301, -0.502963860993203 ], [ 117.167792513726823, -0.503278259220938 ], [ 117.168079076302448, -0.504065153004474 ], [ 117.168131178588908, -0.504785573942108 ], [ 117.167063980031386, -0.50529669548164 ], [ 117.16587910217163, -0.50534879574176 ], [ 117.164923294709325, -0.505158360306191 ], [ 117.164638528764272, -0.505351490582789 ], [ 117.164454374131026, -0.505416166767157 ], [ 117.164530730930181, -0.505472758427951 ], [ 117.164645715286525, -0.505624567801296 ], [ 117.164683444528478, -0.505920102014962 ], [ 117.164921498078769, -0.506386309455351 ], [ 117.16514068700809, -0.506633336505555 ], [ 117.165425452953158, -0.506928870673242 ], [ 117.16561589579338, -0.507160626941203 ], [ 117.165809931894771, -0.507492990566818 ], [ 117.16586652575765, -0.507691510453972 ], [ 117.16585844092009, -0.508089448489956 ], [ 117.165660811557586, -0.50884220705531 ], [ 117.16563835367549, -0.509787197397243 ], [ 117.16551618279685, -0.510419586293875 ], [ 117.165142483638647, -0.511460692310653 ], [ 117.164996058247326, -0.511925102791732 ], [ 117.164753513120615, -0.513432415494561 ], [ 117.164362745972042, -0.513904910344988 ], [ 117.164188472806913, -0.514125887012093 ], [ 117.164142658727428, -0.514238171900984 ], [ 117.164120200845332, -0.514386387951296 ], [ 117.164125590737029, -0.514519333254102 ], [ 117.164141760412136, -0.514663956181711 ], [ 117.164196557644473, -0.514834629197653 ], [ 117.164279202650604, -0.51507267313331 ], [ 117.164326813360674, -0.515327784360145 ], [ 117.164334898198234, -0.515544269583354 ], [ 117.164307948739719, -0.515687994208805 ], [ 117.164028572686334, -0.516439853602786 ], [ 117.163866875935199, -0.516813537569586 ], [ 117.163712365706346, -0.517104579874654 ], [ 117.163589296512413, -0.517324658152035 ], [ 117.163479702047752, -0.517461196508043 ], [ 117.163382683997071, -0.517586955517555 ], [ 117.163317106981339, -0.517677681658584 ], [ 117.163277581108829, -0.517754035340621 ], [ 117.163238055236334, -0.517824101071565 ], [ 117.163207512516664, -0.517921115159285 ], [ 117.163190444526265, -0.518029806866911 ], [ 117.163183258003983, -0.518168141764831 ], [ 117.163169783274725, -0.518321747394695 ], [ 117.163162596752457, -0.518655008719192 ], [ 117.163156308545453, -0.5188580196522 ], [ 117.16311768098825, -0.519011625265324 ], [ 117.163091629845013, -0.519192179226857 ], [ 117.162980238749782, -0.519572150979808 ], [ 117.163114087727109, -0.519609878670343 ], [ 117.163276682793551, -0.519697909947383 ], [ 117.163519227920261, -0.51986409143641 ], [ 117.163785129244346, -0.520041052260457 ], [ 117.163788722505501, -0.520044645373585 ], [ 117.163909096753542, -0.520115609357429 ], [ 117.164003419858375, -0.520194657844822 ], [ 117.164124692421751, -0.520261130435727 ], [ 117.164485815165975, -0.520442582639768 ], [ 117.164717580509262, -0.520573731259241 ], [ 117.164891853674376, -0.520693202259537 ], [ 117.165183806141712, -0.520873756172982 ], [ 117.165350892784573, -0.520952804650872 ], [ 117.165463182195083, -0.521012091008639 ], [ 117.165542233940101, -0.521039039352894 ], [ 117.165519776057991, -0.521069580809577 ], [ 117.166135122027598, -0.521268100274408 ], [ 117.167194235747587, -0.521651665014519 ], [ 117.167458340441115, -0.521759458379898 ], [ 117.167879650309359, -0.520845011271685 ], [ 117.168179687614256, -0.520209928575227 ], [ 117.16850757269296, -0.519424833328893 ], [ 117.168572251393428, -0.51914636702815 ], [ 117.168693523956776, -0.518532842844863 ], [ 117.170150591347635, -0.517813321728393 ], [ 117.170356305547699, -0.517686664444753 ], [ 117.170692275463949, -0.517426163640663 ], [ 117.170959075103312, -0.517254592415574 ], [ 117.171242044417838, -0.517011158889296 ], [ 117.171425300735791, -0.516849468719082 ], [ 117.171958900014559, -0.516471293360455 ], [ 117.172096342253013, -0.516498241724047 ], [ 117.172454770051388, -0.516758742566214 ], [ 117.17265329772917, -0.517225847497828 ], [ 117.172795231544072, -0.517654326414482 ], [ 117.172828469209577, -0.517756730176441 ], [ 117.17301172552753, -0.518376542384564 ], [ 117.173033285094363, -0.51849960654041 ], [ 117.173065624444575, -0.518682855351981 ], [ 117.173324339246406, -0.518943356104396 ], [ 117.17359203720109, -0.519149960141786 ], [ 117.174072635878076, -0.519284701901665 ], [ 117.174392436119234, -0.519265838055455 ], [ 117.174583777274762, -0.519149061863378 ], [ 117.175094918671419, -0.518833766133997 ], [ 117.175414718912549, -0.518671177731794 ], [ 117.175827045627983, -0.518445709830115 ], [ 117.176231287505829, -0.518293002481787 ], [ 117.181592433121452, -0.516690473381024 ], [ 117.18175682481845, -0.51777379746994 ], [ 117.181778384385268, -0.517837575250504 ], [ 117.182191609415952, -0.51775942501226 ], [ 117.183036924098317, -0.517735171489851 ], [ 117.183631608816398, -0.517854642543785 ], [ 117.184012494496869, -0.518306476659729 ], [ 117.186217858519385, -0.52173700142893 ], [ 117.186256486076601, -0.522816731540704 ], [ 117.186066043236366, -0.523464389863113 ], [ 117.185958245402276, -0.524348295149404 ], [ 117.185933990889609, -0.524764197695219 ], [ 117.185995974644214, -0.52522681064566 ], [ 117.186020229156881, -0.52540736442868 ], [ 117.186462200276665, -0.526396367893801 ], [ 117.186531370553539, -0.527250629616183 ], [ 117.184791333848196, -0.528817224941169 ], [ 117.183445657552582, -0.529331039376854 ], [ 117.182946194254626, -0.529552015502189 ], [ 117.180869289317727, -0.531901009192474 ], [ 117.181114529390285, -0.532077071398684 ], [ 117.184246954786005, -0.534039805346717 ], [ 117.186351707496712, -0.535359373035586 ], [ 117.188187863937472, -0.536509166297455 ], [ 117.190544144927699, -0.537985931701139 ], [ 117.193514873572283, -0.536799309406758 ], [ 117.194190406665939, -0.53656126629952 ], [ 117.19517046864091, -0.53633310421823 ], [ 117.195827137113611, -0.536256750763929 ], [ 117.196427211723403, -0.536256750763929 ], [ 117.197060523998687, -0.536338493873791 ], [ 117.214363873001432, -0.525366941940397 ], [ 117.215259493339673, -0.525119915617434 ], [ 117.216240453629922, -0.524968106708661 ], [ 117.217058818853786, -0.524948344601922 ], [ 117.218010134739643, -0.52511093284187 ], [ 117.219028824271845, -0.52557713887661 ], [ 117.219790595632773, -0.525900518764663 ], [ 117.220237058328991, -0.52630025221424 ], [ 117.2202765842015, -0.526165510604884 ], [ 117.220306228605878, -0.526064903534668 ], [ 117.220353839315919, -0.525904111874436 ], [ 117.220395161818985, -0.525805301354921 ], [ 117.220466128726429, -0.525674152844785 ], [ 117.220549672047866, -0.525555580216811 ], [ 117.220716758690699, -0.525401076486075 ], [ 117.220894625116969, -0.525258250359496 ], [ 117.221061711759802, -0.525151355331808 ], [ 117.221216221988684, -0.525020206807945 ], [ 117.221311443408794, -0.524841449568935 ], [ 117.221334799606197, -0.524711199316188 ], [ 117.221454275538974, -0.522497842883069 ], [ 117.22150188624903, -0.522236443999527 ], [ 117.221549496959071, -0.522105295414686 ], [ 117.22163214196523, -0.521926538092585 ], [ 117.221679752675271, -0.521724425536353 ], [ 117.221704007187952, -0.521510635358694 ], [ 117.221787550509362, -0.521272591664942 ], [ 117.221965416935632, -0.521093834319191 ], [ 117.222048960257055, -0.520891721736226 ], [ 117.222144181677166, -0.520499174167683 ], [ 117.222298691906047, -0.52002308669479 ], [ 117.222415472892976, -0.519673656432402 ], [ 117.222968835107977, -0.518174429714664 ], [ 117.222818816455543, -0.517360589298637 ], [ 117.222763120907942, -0.517059665939558 ], [ 117.222442422351506, -0.516205402833554 ], [ 117.222114537272802, -0.515270294507102 ], [ 117.221893551712895, -0.51446992790541 ], [ 117.222152266514726, -0.513974976118313 ], [ 117.222915834506239, -0.513480024292859 ], [ 117.223693775542287, -0.513002139735372 ], [ 117.224868771933899, -0.512803620012087 ], [ 117.225273912127051, -0.512306871537258 ], [ 117.227162170854271, -0.5099947000108 ], [ 117.228382981325396, -0.508499962420129 ], [ 117.228476406114936, -0.508384982591114 ], [ 117.228983954250452, -0.507763372855059 ], [ 117.229618164841057, -0.506987258881068 ], [ 117.230061932591397, -0.506442901107684 ], [ 117.230097865202765, -0.506320735000444 ], [ 117.230341308644782, -0.505172732792089 ], [ 117.230395207561827, -0.504773896296623 ], [ 117.230395207561827, -0.504553817589327 ], [ 117.230335918753084, -0.504220555532679 ], [ 117.230264053530348, -0.503911547033645 ], [ 117.230133797814133, -0.503525286389242 ], [ 117.229866099859464, -0.502745578786182 ], [ 117.229836455455072, -0.502579396854134 ], [ 117.229794234636728, -0.502418604602343 ], [ 117.229805912735429, -0.502264100311979 ], [ 117.22982387904112, -0.502114985702698 ], [ 117.229884066165141, -0.501829332405543 ], [ 117.229984677476978, -0.501234670470204 ], [ 117.230115831508442, -0.500740615951135 ], [ 117.230587447032619, -0.499631238849978 ], [ 117.231015045107853, -0.49886949640806 ], [ 117.231229742460755, -0.498274834204606 ], [ 117.232143329104701, -0.496981308984627 ], [ 117.232234058948393, -0.496814228625226 ], [ 117.232286161234882, -0.496733383288516 ], [ 117.232296042702998, -0.496657927640027 ], [ 117.232291551126579, -0.496590556524576 ], [ 117.232238550524812, -0.49650971118513 ], [ 117.232140634158839, -0.49636329129006 ], [ 117.232021158226075, -0.496220464518126 ], [ 117.231914258707249, -0.496161177932645 ], [ 117.231784002991063, -0.496042604760087 ], [ 117.231759748478396, -0.496042604760087 ], [ 117.231652848959584, -0.496006673495256 ], [ 117.231533373026792, -0.49597074223023 ], [ 117.231438151606682, -0.49597074223023 ], [ 117.231307895890495, -0.495994995834144 ], [ 117.231176741858988, -0.496006673495256 ], [ 117.231022231630106, -0.496042604760087 ], [ 117.230891077598642, -0.496077637743109 ], [ 117.230629667850963, -0.496006673495256 ], [ 117.230498513819498, -0.495923133303771 ], [ 117.230332325491929, -0.49579288246548 ], [ 117.230130204552992, -0.495673411004657 ], [ 117.229974796008833, -0.495507228893913 ], [ 117.22991550720009, -0.495387757427938 ], [ 117.22991550720009, -0.495269184241532 ], [ 117.229927185298791, -0.495090426176199 ], [ 117.230034983132882, -0.494899990443004 ], [ 117.23015176411981, -0.494679911404908 ], [ 117.230397004192383, -0.494197534059146 ], [ 117.230467971099827, -0.494018775964947 ], [ 117.230532649800281, -0.49385439037659 ], [ 117.230539836322563, -0.493690004784168 ], [ 117.230532649800281, -0.493554364210311 ], [ 117.230511090233477, -0.493469027424017 ], [ 117.230475157622109, -0.493362131869114 ], [ 117.230411377236919, -0.493219305032573 ], [ 117.230290104673571, -0.49308366444912 ], [ 117.230225425973117, -0.492933651350296 ], [ 117.230176018632491, -0.492798010761024 ], [ 117.230176018632491, -0.492727046478119 ], [ 117.230190391677041, -0.49249798454713 ], [ 117.230268545106767, -0.492320124689403 ], [ 117.230346698536479, -0.492048843483128 ], [ 117.230404190714665, -0.491784748523377 ], [ 117.23047066604569, -0.491650006192947 ], [ 117.230546124529539, -0.491516162142028 ], [ 117.23052725990857, -0.49134548851616 ], [ 117.230466174469271, -0.491112833408613 ], [ 117.230469767730384, -0.491013124074328 ], [ 117.230501208765332, -0.490887364551487 ], [ 117.230598226816028, -0.490713097780213 ], [ 117.230715906118235, -0.490484934062508 ], [ 117.230776991557562, -0.490257668619423 ], [ 117.230784178079816, -0.490055555076602 ], [ 117.230755431990744, -0.489822001641748 ], [ 117.23070512633484, -0.489559703159055 ], [ 117.230650329102517, -0.489416876241218 ], [ 117.230573972303361, -0.489305489208845 ], [ 117.230501208765332, -0.489220152368276 ], [ 117.230394309246549, -0.489156374307773 ], [ 117.229994558945094, -0.489022530207001 ], [ 117.229852625130192, -0.488999174860285 ], [ 117.229619063156335, -0.489006361120822 ], [ 117.229435806838367, -0.488999174860285 ], [ 117.2293100426986, -0.488953362449181 ], [ 117.229152837523884, -0.488872517017059 ], [ 117.228998327295002, -0.488761129975652 ], [ 117.228943530062679, -0.488744062606241 ], [ 117.228838427174423, -0.488746757454045 ], [ 117.228524016824977, -0.488768316236443 ], [ 117.228422507197891, -0.488758435127853 ], [ 117.228305726210962, -0.488732384932408 ], [ 117.228029943418733, -0.48861111677987 ], [ 117.227568209362673, -0.488297616138351 ], [ 117.227336444019386, -0.488109875059497 ], [ 117.227276256895337, -0.488041605574977 ], [ 117.226986999373864, -0.487632886936064 ], [ 117.226783980119663, -0.487580786536353 ], [ 117.226193786977973, -0.487599650474226 ], [ 117.22592069913162, -0.487435264728128 ], [ 117.225843444017173, -0.487167576455404 ], [ 117.225736544498389, -0.486893600192107 ], [ 117.225165215977654, -0.486513626536388 ], [ 117.224843619105968, -0.486334868237051 ] ] ] } },
{ "type": "Feature", "properties": { "FID": 34, "Kode_Prov": 64, "Provinsi": "Kalimantan Timur", "Kode_kota": "6472", "Kota": "Kota Samarinda", "Kode_Kec": 647206, "Kecamatan": "Samarinda Ulu", "Kode_Kel": 64720608, "Kelurahan": "Teluk Lerong Ilir", "Sumber": "Revisi RTRW Kota Samarinda Tahun 2019 (Data belum disahkan)", "city": "samarinda", "source_layer": "Batas Administrasi AR", "role": "admin" }, "geometry": { "type": "Polygon", "coordinates": [ [ [ 117.130106390927423, -0.492957006683269 ], [ 117.130137831962372, -0.493089952423249 ], [ 117.130136933647094, -0.493293862438194 ], [ 117.130109984188564, -0.493567838439626 ], [ 117.130189035933554, -0.493810374562624 ], [ 117.130250121372882, -0.493992725790014 ], [ 117.130304918605233, -0.494235261897508 ], [ 117.130258206210442, -0.494466120332339 ], [ 117.130207900554538, -0.494616133396585 ], [ 117.130122560602544, -0.49484609353639 ], [ 117.130101001035726, -0.495037427552887 ], [ 117.130080339784186, -0.495286251594251 ], [ 117.130040813911677, -0.495434468076546 ], [ 117.129976135211237, -0.495475789034655 ], [ 117.129897083466219, -0.495486568414989 ], [ 117.129792878893269, -0.495509923738985 ], [ 117.129601537737742, -0.495568312048617 ], [ 117.129472180336833, -0.495598853625758 ], [ 117.129370670709747, -0.495581786273844 ], [ 117.129226041949011, -0.495590769090646 ], [ 117.129085904764665, -0.495618615822656 ], [ 117.128966428831873, -0.495662631624627 ], [ 117.12891163159955, -0.495700359454655 ], [ 117.128886478771577, -0.495818932633343 ], [ 117.128882885510436, -0.495941997218069 ], [ 117.128898156870292, -0.496048892731412 ], [ 117.128949360841474, -0.496105484473072 ], [ 117.129055362045008, -0.496204295449411 ], [ 117.129113752538473, -0.496268971724035 ], [ 117.129199990805759, -0.496268073442447 ], [ 117.129342822935939, -0.496273463131971 ], [ 117.12949014664251, -0.496308496113771 ], [ 117.129622198989296, -0.496365087853209 ], [ 117.129668911384059, -0.496410001931784 ], [ 117.129842286233895, -0.496462102262549 ], [ 117.129977033526515, -0.496487254146219 ], [ 117.130073153261904, -0.496519592282226 ], [ 117.130189035933554, -0.49656809948594 ], [ 117.130209697185094, -0.496606725592347 ], [ 117.130233951697775, -0.496645351698528 ], [ 117.130232155067205, -0.496687570930607 ], [ 117.130183646041857, -0.496781890490661 ], [ 117.130098306089863, -0.496962445073294 ], [ 117.129944694176288, -0.497107966673615 ], [ 117.12988810031338, -0.497166354969139 ], [ 117.129794675523826, -0.497324452505196 ], [ 117.12976592943474, -0.49743134799618 ], [ 117.129833303081057, -0.497916419950312 ], [ 117.129842286233895, -0.498000858397941 ], [ 117.129722810301104, -0.498252377171702 ], [ 117.129605130998883, -0.49839520389967 ], [ 117.129408399951657, -0.498658400314796 ], [ 117.129251194776941, -0.498944952031243 ], [ 117.129090396341084, -0.499181199988709 ], [ 117.128950259156753, -0.499413854813052 ], [ 117.12885593605192, -0.499552190110109 ], [ 117.128793053982037, -0.49969591509098 ], [ 117.128672679733953, -0.49975071023911 ], [ 117.12854062738721, -0.499756998206899 ], [ 117.128455287435216, -0.499779455234667 ], [ 117.128353777808101, -0.499880062718126 ], [ 117.128286404161798, -0.500005822070282 ], [ 117.128212742308506, -0.500077684556148 ], [ 117.128036672512835, -0.500166614381316 ], [ 117.127833653258605, -0.500210630152924 ], [ 117.127692617758981, -0.500271713264053 ], [ 117.127474327144967, -0.504057966760306 ], [ 117.129942897545703, -0.503492948287741 ], [ 117.132040463734128, -0.502798577347406 ], [ 117.134534186962838, -0.502870439802614 ], [ 117.134554848214378, -0.502501246430573 ], [ 117.134587187564605, -0.501821247878084 ], [ 117.134595272402166, -0.501364921200843 ], [ 117.134594374086888, -0.501093640365832 ], [ 117.134499152666777, -0.500534011323027 ], [ 117.134379676733971, -0.499796522575719 ], [ 117.134341947492061, -0.499303366229545 ], [ 117.134265590692905, -0.499015017966282 ], [ 117.134304218250108, -0.49884793765842 ], [ 117.134406626192501, -0.498744635315415 ], [ 117.134530593701712, -0.498568572187949 ], [ 117.134571017889499, -0.498321544832803 ], [ 117.134615933653706, -0.49803768793327 ], [ 117.134749782631047, -0.497821202125093 ], [ 117.134951005254678, -0.497652325224152 ], [ 117.135057904773504, -0.497492431133107 ], [ 117.135179177336852, -0.497338825008286 ], [ 117.135236669515038, -0.497195998257438 ], [ 117.135322009467032, -0.49708191651083 ], [ 117.135401061212008, -0.496999274614419 ], [ 117.135472028119466, -0.496924717250465 ], [ 117.13560767372735, -0.496731586725466 ], [ 117.135710979985021, -0.496617504970839 ], [ 117.135797218252321, -0.496496236961793 ], [ 117.135875371682047, -0.496378562076814 ], [ 117.135910405978109, -0.496211481702179 ], [ 117.135779251946644, -0.496083027432789 ], [ 117.135190855435553, -0.495676105849661 ], [ 117.134658154472049, -0.4953069120738 ], [ 117.134968073245091, -0.494668233741458 ], [ 117.135392078059169, -0.493878643988243 ], [ 117.135643606338718, -0.493364826715058 ], [ 117.135829557602548, -0.493098036961405 ], [ 117.135950830165925, -0.492876161299551 ], [ 117.136078390936248, -0.492196161755454 ], [ 117.136103543764222, -0.492127892312586 ], [ 117.136188883716216, -0.49182786606854 ], [ 117.136331715846381, -0.491480230852734 ], [ 117.136551803090995, -0.491087681504609 ], [ 117.136820399360914, -0.490772384414249 ], [ 117.136510480587901, -0.490145383318609 ], [ 117.136232002849837, -0.489530958119231 ], [ 117.136232002849837, -0.489324353141877 ], [ 117.136310156279563, -0.489145594917206 ], [ 117.136588634017627, -0.489009954251087 ], [ 117.136731466147808, -0.48877460421463 ], [ 117.136532040154719, -0.488552728409349 ], [ 117.136060424630571, -0.488317378356873 ], [ 117.135718166507317, -0.488174551412613 ], [ 117.135325602728173, -0.488110773342183 ], [ 117.135197143642529, -0.487917642561842 ], [ 117.135096532330721, -0.487732596320594 ], [ 117.135032751945531, -0.487481975432345 ], [ 117.134996819334162, -0.487289742916758 ], [ 117.135004005856445, -0.486868448272295 ], [ 117.135089345808439, -0.48668250371935 ], [ 117.135125278419807, -0.486425594811678 ], [ 117.134976158082651, -0.485229980151236 ], [ 117.134786613557679, -0.485352146647653 ], [ 117.134584492618757, -0.48554887063357 ], [ 117.134525203809986, -0.485721340972679 ], [ 117.134477593099945, -0.485935132324423 ], [ 117.134394049778521, -0.48634564763212 ], [ 117.134329371078067, -0.48653698189173 ], [ 117.134287150259709, -0.486660944930271 ], [ 117.134049096709418, -0.487041816860519 ], [ 117.133899976372263, -0.48738136776132 ], [ 117.133751754350385, -0.487951777304817 ], [ 117.133566701401847, -0.48851679710416 ], [ 117.133364580462924, -0.489451010976575 ], [ 117.133031305492523, -0.490333124340512 ], [ 117.132583944481027, -0.490002556413253 ], [ 117.132409671315912, -0.489927998970883 ], [ 117.132325229679196, -0.49004836881719 ], [ 117.132273127392708, -0.490139095341707 ], [ 117.132044056995269, -0.490315158692711 ], [ 117.131701798872029, -0.490424749143549 ], [ 117.131611069028338, -0.490495713450921 ], [ 117.131459253745319, -0.490572067451684 ], [ 117.131169097908526, -0.490634048934015 ], [ 117.130825941470007, -0.490766994720268 ], [ 117.130649871674336, -0.490915211303177 ], [ 117.130570819929318, -0.491208051330055 ], [ 117.130546565416665, -0.491268236241966 ], [ 117.130444157474273, -0.4913230314598 ], [ 117.130360614152835, -0.491431723611881 ], [ 117.130334563009598, -0.491525144964321 ], [ 117.130348936054133, -0.491658090732849 ], [ 117.130401038340622, -0.491888949257044 ], [ 117.130401038340622, -0.492053334893918 ], [ 117.130360614152835, -0.492196161755454 ], [ 117.130272579254978, -0.492353361127824 ], [ 117.130217782022655, -0.49238390271974 ], [ 117.130217782022655, -0.49238390271974 ], [ 117.130187239302998, -0.492507865650198 ], [ 117.130153103322186, -0.492568948832474 ], [ 117.13010369598156, -0.492679437528405 ], [ 117.130064170109051, -0.492802502171309 ], [ 117.130079441468908, -0.492878856145691 ], [ 117.130106390927423, -0.492957006683269 ], [ 117.130106390927423, -0.492957006683269 ] ] ] } },
{ "type": "Feature", "properties": { "FID": 35, "Kode_Prov": 64, "Provinsi": "Kalimantan Timur", "Kode_kota": "6472", "Kota": "Kota Samarinda", "Kode_Kec": 647206, "Kecamatan": "Samarinda Ulu", "Kode_Kel": 64720606, "Kelurahan": "Dadimulya", "Sumber": "Revisi RTRW Kota Samarinda Tahun 2019 (Data belum disahkan)", "city": "samarinda", "source_layer": "Batas Administrasi AR", "role": "admin" }, "geometry": { "type": "Polygon", "coordinates": [ [ [ 117.148596414420453, -0.482296187009754 ], [ 117.148389801905111, -0.482212646647613 ], [ 117.148159833192366, -0.482352778867397 ], [ 117.147799608763449, -0.482589027410883 ], [ 117.14742411297469, -0.482748921857712 ], [ 117.146721630422505, -0.482960018453104 ], [ 117.146223065439827, -0.483028287988935 ], [ 117.146120657497434, -0.483053439923015 ], [ 117.146119759182127, -0.483053439923015 ], [ 117.146108081083455, -0.48305613477309 ], [ 117.146005673141062, -0.483119912891209 ], [ 117.145852061227458, -0.483213334358921 ], [ 117.145750551600372, -0.483328314625112 ], [ 117.145771212851884, -0.483437905189513 ], [ 117.145821518507802, -0.483551987168609 ], [ 117.145507108158355, -0.483777456271262 ], [ 117.145243003464856, -0.484152040381416 ], [ 117.14493937289879, -0.484608368238246 ], [ 117.144649217062025, -0.485092542840129 ], [ 117.144383315737926, -0.485536294671172 ], [ 117.143978175544802, -0.485732120368727 ], [ 117.143841631621612, -0.485689901067441 ], [ 117.143582018504503, -0.485556056897788 ], [ 117.14306458890087, -0.485256030360216 ], [ 117.142760958334833, -0.485030561306756 ], [ 117.142053085890922, -0.485087153141597 ], [ 117.141991102136345, -0.484992833416598 ], [ 117.141935406588715, -0.484908394804532 ], [ 117.14190216892321, -0.484655977245161 ], [ 117.141882405986948, -0.484508658807586 ], [ 117.141865337996563, -0.484356848950881 ], [ 117.141852761582584, -0.484247258401323 ], [ 117.141851863267306, -0.48424366526852 ], [ 117.141850066636721, -0.4842319875869 ], [ 117.14176742163059, -0.484028077296893 ], [ 117.141744065433215, -0.483966994037019 ], [ 117.141691963146727, -0.48416731119602 ], [ 117.141666810318753, -0.484940732996512 ], [ 117.141702742930121, -0.485298249664212 ], [ 117.141709031137125, -0.485509346180238 ], [ 117.141587758573749, -0.485755475726773 ], [ 117.14136317975273, -0.486186651553107 ], [ 117.140963429451304, -0.486827127260973 ], [ 117.140841258572664, -0.487157695344462 ], [ 117.140734359053852, -0.487464009776915 ], [ 117.140738850630271, -0.487871830143366 ], [ 117.140700223073054, -0.488049690119233 ], [ 117.140629256165596, -0.488196110196846 ], [ 117.140471152675602, -0.488454815602259 ], [ 117.1403004727716, -0.488786281888389 ], [ 117.140132487813489, -0.489325251424401 ], [ 117.139961807909501, -0.489914524734222 ], [ 117.139820772409877, -0.49075172392063 ], [ 117.139536006464837, -0.491142476723924 ], [ 117.139259325357315, -0.491561076253374 ], [ 117.138997017294344, -0.491934761648055 ], [ 117.140406473975133, -0.492255448376326 ], [ 117.141948881317973, -0.492735131016716 ], [ 117.141877914410529, -0.492982158580225 ], [ 117.14122843246011, -0.493728630907343 ], [ 117.141107159896748, -0.494492170505416 ], [ 117.140878987814588, -0.494663742332433 ], [ 117.14072717253157, -0.494919752641986 ], [ 117.140914920425956, -0.494997004873805 ], [ 117.141283229692434, -0.495144323080827 ], [ 117.141304789259252, -0.495158695588653 ], [ 117.141308382520393, -0.49516049215213 ], [ 117.141470079271542, -0.495275472213592 ], [ 117.1425076334247, -0.496009368340125 ], [ 117.143231675543703, -0.496153991679823 ], [ 117.143785936074011, -0.496180940127864 ], [ 117.143809292271385, -0.495847677646039 ], [ 117.143761681561315, -0.495538668753022 ], [ 117.143743715255638, -0.49530062410177 ], [ 117.143761681561315, -0.49504461380692 ], [ 117.143838936675778, -0.494753570512349 ], [ 117.14400602331861, -0.494425697649777 ], [ 117.144267433066275, -0.4938490006851 ], [ 117.144582741731014, -0.493206729084554 ], [ 117.144761506472534, -0.492683030656697 ], [ 117.144880084090047, -0.492129688876881 ], [ 117.145082205028999, -0.491439808152047 ], [ 117.145332834993269, -0.490505594556951 ], [ 117.145760433068489, -0.489940574925076 ], [ 117.146016452924457, -0.489643243430341 ], [ 117.14614131874896, -0.48958395678631 ], [ 117.146291337401408, -0.489540839226684 ], [ 117.14709083800426, -0.490122027975803 ], [ 117.147381892156346, -0.490334022622901 ], [ 117.148326021519921, -0.490973599653118 ], [ 117.148554193602124, -0.490650218016268 ], [ 117.148693432471148, -0.490414868037399 ], [ 117.14873655160477, -0.490204669957673 ], [ 117.148536227296432, -0.489900152215086 ], [ 117.148391598535667, -0.489645938277785 ], [ 117.148326919835227, -0.48951838216427 ], [ 117.148117612374023, -0.489088104833887 ], [ 117.148680856057169, -0.489035106162892 ], [ 117.150503537768643, -0.48880784067066 ], [ 117.150852084098872, -0.487708342686655 ], [ 117.150852982414179, -0.487706546121174 ], [ 117.151339869298155, -0.487817034897328 ], [ 117.151407242944458, -0.487832305703646 ], [ 117.151408141259736, -0.48783320398637 ], [ 117.15143329408771, -0.487838593682708 ], [ 117.151435090718266, -0.487835000551816 ], [ 117.151550075074638, -0.487623904108556 ], [ 117.151587804316563, -0.487295132613532 ], [ 117.151651584701753, -0.486416611982561 ], [ 117.151643499864193, -0.486104009521859 ], [ 117.151533905399518, -0.485588395086672 ], [ 117.151486294689477, -0.485273996021523 ], [ 117.151438683979407, -0.485128474163564 ], [ 117.151367717071963, -0.484976664320752 ], [ 117.151281478804691, -0.484842820136988 ], [ 117.151088341018607, -0.484652384112575 ], [ 117.15096257687884, -0.484529319320366 ], [ 117.150793693605408, -0.484286782862023 ], [ 117.150735303111944, -0.484012806481976 ], [ 117.150583487828925, -0.484039754978865 ], [ 117.150325671342372, -0.484080177723997 ], [ 117.150092109368515, -0.484031670429809 ], [ 117.148774280846723, -0.483738830090861 ], [ 117.148970113578642, -0.482447098629088 ], [ 117.148596414420453, -0.482296187009754 ] ] ] } },
{ "type": "Feature", "properties": { "FID": 36, "Kode_Prov": 64, "Provinsi": "Kalimantan Timur", "Kode_kota": "6472", "Kota": "Kota Samarinda", "Kode_Kec": 647201, "Kecamatan": "Samarinda Ilir", "Kode_Kel": 64720404, "Kelurahan": "Pelita", "Sumber": "Revisi RTRW Kota Samarinda Tahun 2019 (Data belum disahkan)", "city": "samarinda", "source_layer": "Batas Administrasi AR", "role": "admin" }, "geometry": { "type": "Polygon", "coordinates": [ [ [ 117.153046668337993, -0.490642133475147 ], [ 117.152638833198978, -0.491226016975458 ], [ 117.15262535846972, -0.491245779185346 ], [ 117.152709800106436, -0.491299676121106 ], [ 117.153666505884019, -0.491439808152047 ], [ 117.154058171347913, -0.491446096127726 ], [ 117.15458188915855, -0.491474841159323 ], [ 117.155358033564042, -0.491874576742152 ], [ 117.15582156425063, -0.492238381015826 ], [ 117.155823360881186, -0.492238381015826 ], [ 117.156487215876169, -0.492182687523365 ], [ 117.157023510100771, -0.491959015266699 ], [ 117.157264258596911, -0.491772172572652 ], [ 117.157285818163743, -0.491771274290456 ], [ 117.157433141870342, -0.491764088032887 ], [ 117.157507702038927, -0.491759596621903 ], [ 117.157655025745527, -0.491832357479478 ], [ 117.157774501678318, -0.491655395886216 ], [ 117.157884994458257, -0.491489213675076 ], [ 117.158084420451331, -0.491302370967883 ], [ 117.158275761606831, -0.49123140666907 ], [ 117.159647489045696, -0.491032886284845 ], [ 117.159653777252672, -0.491104748868051 ], [ 117.160275411429282, -0.491204458200969 ], [ 117.161085691815586, -0.491358064467689 ], [ 117.162309197232545, -0.491425435636189 ], [ 117.162478080505963, -0.489853441527683 ], [ 117.1624753855601, -0.489380046658138 ], [ 117.162167263417672, -0.488058672946172 ], [ 117.161931904813216, -0.486902583020588 ], [ 117.161839378338954, -0.486349240763806 ], [ 117.161645342237563, -0.48573571350074 ], [ 117.161468374126599, -0.485339570684889 ], [ 117.161157557038308, -0.48472873817961 ], [ 117.161056945726472, -0.484499675975923 ], [ 117.160851231526408, -0.484121498752106 ], [ 117.16044609133327, -0.483419041240029 ], [ 117.160196359684292, -0.483101048940841 ], [ 117.159899915640551, -0.482788446327135 ], [ 117.159576522138252, -0.482428234676854 ], [ 117.159172280260407, -0.48198897406006 ], [ 117.157782586515864, -0.484055025793721 ], [ 117.1564225371757, -0.486075264467274 ], [ 117.154683398785636, -0.488674894845552 ], [ 117.154683398785636, -0.488674894845552 ], [ 117.154501040782975, -0.488843771974292 ], [ 117.154234241143584, -0.489090799681554 ], [ 117.153762625619407, -0.489530059836735 ], [ 117.153662014307599, -0.489424960783818 ], [ 117.153582962562595, -0.489511195904281 ], [ 117.153464384945096, -0.489383639788204 ], [ 117.153449113585282, -0.489422265936286 ], [ 117.153419469180889, -0.489475264604223 ], [ 117.15334221406647, -0.490161552402042 ], [ 117.1532946033564, -0.490291803350497 ], [ 117.153046668337993, -0.490642133475147 ] ] ] } },
{ "type": "Feature", "properties": { "FID": 37, "Kode_Prov": 64, "Provinsi": "Kalimantan Timur", "Kode_kota": "6472", "Kota": "Kota Samarinda", "Kode_Kec": 647210, "Kecamatan": "Sungai Pinang", "Kode_Kel": 64720411, "Kelurahan": "Bandara", "Sumber": "Revisi RTRW Kota Samarinda Tahun 2019 (Data belum disahkan)", "city": "samarinda", "source_layer": "Batas Administrasi AR", "role": "admin" }, "geometry": { "type": "Polygon", "coordinates": [ [ [ 117.153046668337993, -0.490642133475147 ], [ 117.1532946033564, -0.490291803350497 ], [ 117.15334221406647, -0.490161552402042 ], [ 117.153419469180889, -0.489475264604223 ], [ 117.153449113585282, -0.489422265936286 ], [ 117.153464384945096, -0.489383639788204 ], [ 117.153582962562595, -0.489511195904281 ], [ 117.153662014307599, -0.489424960783818 ], [ 117.153762625619407, -0.489530059836735 ], [ 117.154234241143584, -0.489090799681554 ], [ 117.154501040782975, -0.488843771974292 ], [ 117.154683398785636, -0.488674894845552 ], [ 117.154683398785636, -0.488674894845552 ], [ 117.1564225371757, -0.486075264467274 ], [ 117.157782586515864, -0.484055025793721 ], [ 117.159172280260407, -0.48198897406006 ], [ 117.159278281463912, -0.481830876162418 ], [ 117.160536821176976, -0.479954361631569 ], [ 117.159920576892063, -0.479510609436436 ], [ 117.159139042594873, -0.48074035988223 ], [ 117.159059092534605, -0.480867017877591 ], [ 117.158567714074195, -0.481578458488693 ], [ 117.157472667742837, -0.480924508030738 ], [ 117.157229224300835, -0.48086971272853 ], [ 117.15663364126749, -0.480441231415777 ], [ 117.156040753179965, -0.480016343211189 ], [ 117.155640104563233, -0.479784585997559 ], [ 117.154906180976113, -0.479353409765268 ], [ 117.154801078087871, -0.479296817882764 ], [ 117.154786705043307, -0.479289631611936 ], [ 117.153476063043797, -0.480071138520241 ], [ 117.152427729107217, -0.480621786437636 ], [ 117.15229747339103, -0.480690055996896 ], [ 117.151360530549695, -0.481255974685531 ], [ 117.150879033557402, -0.481491324983493 ], [ 117.150738896373085, -0.482685143736113 ], [ 117.150667929465641, -0.482968103003436 ], [ 117.150663437889222, -0.483237588008983 ], [ 117.150667929465641, -0.483506174720541 ], [ 117.150677810933757, -0.483799015069529 ], [ 117.150735303111944, -0.484012806481976 ], [ 117.150793693605408, -0.484286782862023 ], [ 117.15096257687884, -0.484529319320366 ], [ 117.151088341018607, -0.484652384112575 ], [ 117.151281478804691, -0.484842820136988 ], [ 117.151367717071963, -0.484976664320752 ], [ 117.151438683979407, -0.485128474163564 ], [ 117.151486294689477, -0.485273996021523 ], [ 117.151533905399518, -0.485588395086672 ], [ 117.151643499864193, -0.486104009521859 ], [ 117.151651584701753, -0.486416611982561 ], [ 117.151587804316563, -0.487295132613532 ], [ 117.151550075074638, -0.487623904108556 ], [ 117.151435090718266, -0.487835000551816 ], [ 117.15143329408771, -0.487838593682708 ], [ 117.152148353053875, -0.48962078636827 ], [ 117.152259744149106, -0.490176823203027 ], [ 117.152298371706308, -0.490840653870973 ], [ 117.152411559432124, -0.491042767390082 ], [ 117.152554391562276, -0.491199966789608 ], [ 117.15262535846972, -0.491245779185346 ], [ 117.152638833198978, -0.491226016975458 ], [ 117.153046668337993, -0.490642133475147 ] ] ] } },
{ "type": "Feature", "properties": { "FID": 38, "Kode_Prov": 64, "Provinsi": "Kalimantan Timur", "Kode_kota": "6472", "Kota": "Kota Samarinda", "Kode_Kec": 647206, "Kecamatan": "Samarinda Ulu", "Kode_Kel": 64720609, "Kelurahan": "Sidodadi", "Sumber": "Revisi RTRW Kota Samarinda Tahun 2019 (Data belum disahkan)", "city": "samarinda", "source_layer": "Batas Administrasi AR", "role": "admin" }, "geometry": { "type": "Polygon", "coordinates": [ [ [ 117.139617753155676, -0.472405180712057 ], [ 117.139255732096174, -0.472342300779247 ], [ 117.138565825957983, -0.472430332685021 ], [ 117.138154397557855, -0.47336993846692 ], [ 117.138106786847786, -0.473684338078721 ], [ 117.1381355329369, -0.473951128595263 ], [ 117.138140024513319, -0.47440835541621 ], [ 117.137665714043294, -0.475279691317448 ], [ 117.13660570200804, -0.477921545165903 ], [ 117.135709183354464, -0.48018522055571 ], [ 117.135272602126406, -0.480606515615076 ], [ 117.134597967348029, -0.481120333861261 ], [ 117.134261099116486, -0.481408682895058 ], [ 117.13338703834502, -0.481821893327215 ], [ 117.133574786239407, -0.48217402045832 ], [ 117.133767924025506, -0.482672567768403 ], [ 117.134242234495503, -0.482624060464161 ], [ 117.134387761571546, -0.482609687929505 ], [ 117.134680612354146, -0.482616874196837 ], [ 117.134745291054614, -0.482685143736113 ], [ 117.134811766385653, -0.482986966954172 ], [ 117.134940225471283, -0.483432515489666 ], [ 117.134987836181324, -0.483843929232367 ], [ 117.134946513678258, -0.484339781570328 ], [ 117.134976158082651, -0.485229980151236 ], [ 117.135125278419807, -0.486425594811678 ], [ 117.135089345808439, -0.48668250371935 ], [ 117.135004005856445, -0.486868448272295 ], [ 117.134996819334162, -0.487289742916758 ], [ 117.135032751945531, -0.487481975432345 ], [ 117.135096532330721, -0.487732596320594 ], [ 117.135197143642529, -0.487917642561842 ], [ 117.135325602728173, -0.488110773342183 ], [ 117.135718166507317, -0.488174551412613 ], [ 117.136060424630571, -0.488317378356873 ], [ 117.136532040154719, -0.488552728409349 ], [ 117.136731466147808, -0.48877460421463 ], [ 117.136588634017627, -0.489009954251087 ], [ 117.136310156279563, -0.489145594917206 ], [ 117.136232002849837, -0.489324353141877 ], [ 117.136232002849837, -0.489530958119231 ], [ 117.136510480587901, -0.490145383318609 ], [ 117.136820399360914, -0.490772384414249 ], [ 117.136551803090995, -0.491087681504609 ], [ 117.136331715846381, -0.491480230852734 ], [ 117.136188883716216, -0.49182786606854 ], [ 117.136103543764222, -0.492127892312586 ], [ 117.136343393945069, -0.492088367897974 ], [ 117.136760212236894, -0.491896135514478 ], [ 117.137242607544465, -0.491632040548684 ], [ 117.13756779767732, -0.491536822633285 ], [ 117.13784537710012, -0.491521551835406 ], [ 117.138085227280968, -0.491543110608872 ], [ 117.138523605139639, -0.49168503919912 ], [ 117.138997017294344, -0.491934761648055 ], [ 117.139259325357315, -0.491561076253374 ], [ 117.139536006464837, -0.491142476723924 ], [ 117.139820772409877, -0.49075172392063 ], [ 117.139961807909501, -0.489914524734222 ], [ 117.140132487813489, -0.489325251424401 ], [ 117.1403004727716, -0.488786281888389 ], [ 117.140471152675602, -0.488454815602259 ], [ 117.140629256165596, -0.488196110196846 ], [ 117.140700223073054, -0.488049690119233 ], [ 117.140738850630271, -0.487871830143366 ], [ 117.140734359053852, -0.487464009776915 ], [ 117.140841258572664, -0.487157695344462 ], [ 117.140963429451304, -0.486827127260973 ], [ 117.14136317975273, -0.486186651553107 ], [ 117.141587758573749, -0.485755475726773 ], [ 117.141709031137125, -0.485509346180238 ], [ 117.141702742930121, -0.485298249664212 ], [ 117.141666810318753, -0.484940732996512 ], [ 117.141691963146727, -0.48416731119602 ], [ 117.141744065433215, -0.483966994037019 ], [ 117.14176742163059, -0.484028077296893 ], [ 117.141850066636721, -0.4842319875869 ], [ 117.141851863267306, -0.48424366526852 ], [ 117.141852761582584, -0.484247258401323 ], [ 117.141865337996563, -0.484356848950881 ], [ 117.141882405986948, -0.484508658807586 ], [ 117.14190216892321, -0.484655977245161 ], [ 117.141935406588715, -0.484908394804532 ], [ 117.141991102136345, -0.484992833416598 ], [ 117.142053085890922, -0.485087153141597 ], [ 117.142760958334833, -0.485030561306756 ], [ 117.14306458890087, -0.485256030360216 ], [ 117.143582018504503, -0.485556056897788 ], [ 117.143841631621612, -0.485689901067441 ], [ 117.143978175544802, -0.485732120368727 ], [ 117.144383315737926, -0.485536294671172 ], [ 117.144649217062025, -0.485092542840129 ], [ 117.14493937289879, -0.484608368238246 ], [ 117.145243003464856, -0.484152040381416 ], [ 117.145507108158355, -0.483777456271262 ], [ 117.145821518507802, -0.483551987168609 ], [ 117.145771212851884, -0.483437905189513 ], [ 117.145750551600372, -0.483328314625112 ], [ 117.145852061227458, -0.483213334358921 ], [ 117.146005673141062, -0.483119912891209 ], [ 117.146108081083455, -0.48305613477309 ], [ 117.146119759182127, -0.483053439923015 ], [ 117.146120657497434, -0.483053439923015 ], [ 117.146223065439827, -0.483028287988935 ], [ 117.146721630422505, -0.482960018453104 ], [ 117.14742411297469, -0.482748921857712 ], [ 117.147799608763449, -0.482589027410883 ], [ 117.148159833192366, -0.482352778867397 ], [ 117.148389801905111, -0.482212646647613 ], [ 117.148596414420453, -0.482296187009754 ], [ 117.148970113578642, -0.482447098629088 ], [ 117.148774280846723, -0.483738830090861 ], [ 117.150092109368515, -0.484031670429809 ], [ 117.150325671342372, -0.484080177723997 ], [ 117.150583487828925, -0.484039754978865 ], [ 117.150735303111944, -0.484012806481976 ], [ 117.150677810933757, -0.483799015069529 ], [ 117.150667929465641, -0.483506174720541 ], [ 117.150663437889222, -0.483237588008983 ], [ 117.150667929465641, -0.482968103003436 ], [ 117.150738896373085, -0.482685143736113 ], [ 117.150879033557402, -0.481491324983493 ], [ 117.150813456541684, -0.481266754088669 ], [ 117.150683200825455, -0.481076317964064 ], [ 117.150592470981763, -0.480975710197977 ], [ 117.150387655096978, -0.480848153920984 ], [ 117.150341841017493, -0.480830188247976 ], [ 117.150277162317025, -0.480804138022032 ], [ 117.149955565445339, -0.480736766747576 ], [ 117.149873818754486, -0.480742156449557 ], [ 117.149692359067089, -0.48079425690182 ], [ 117.14938962681633, -0.480981099899769 ], [ 117.149006944505302, -0.481290109462075 ], [ 117.14863683860824, -0.481438326252981 ], [ 117.148502989630913, -0.481421258865101 ], [ 117.148354767609035, -0.481299990581569 ], [ 117.148294580484986, -0.481168841176211 ], [ 117.148321529943502, -0.481008048408667 ], [ 117.148416751363641, -0.48077629122867 ], [ 117.148603600942735, -0.480319064831117 ], [ 117.148984486623206, -0.47961121722409 ], [ 117.149446220679238, -0.478732695599867 ], [ 117.149500119596283, -0.478649155194154 ], [ 117.149502814542146, -0.478643765490525 ], [ 117.14951808590196, -0.478620410108082 ], [ 117.150758659309332, -0.476688201077828 ], [ 117.150369688791301, -0.476478002573181 ], [ 117.150065159909985, -0.476411529540462 ], [ 117.149612409006792, -0.476383682729268 ], [ 117.149179421039847, -0.476392665571601 ], [ 117.148632347031821, -0.476402546698154 ], [ 117.147965797091004, -0.476363920476094 ], [ 117.147661268209689, -0.476221093281015 ], [ 117.146971362071469, -0.475841119030645 ], [ 117.146548255572668, -0.475612056529175 ], [ 117.14620509913415, -0.475412637404059 ], [ 117.145701144259746, -0.47513596581553 ], [ 117.144615979396519, -0.474493692442316 ], [ 117.14432582355974, -0.474327509811561 ], [ 117.144040159299422, -0.474160428892293 ], [ 117.143521831380454, -0.473841537879274 ], [ 117.143131064231866, -0.473613373596161 ], [ 117.142779822955788, -0.473458868644275 ], [ 117.142175256769576, -0.473210942086382 ], [ 117.141567995637502, -0.472977388074463 ], [ 117.141361383122145, -0.472927982417089 ], [ 117.141046972772699, -0.472849831649251 ], [ 117.140596018500091, -0.472718682082857 ], [ 117.140303167717462, -0.472642327882103 ], [ 117.139973486008174, -0.472517466304944 ], [ 117.139617753155676, -0.472405180712057 ] ] ] } },
{ "type": "Feature", "properties": { "FID": 39, "Kode_Prov": 64, "Provinsi": "Kalimantan Timur", "Kode_kota": "6472", "Kota": "Kota Samarinda", "Kode_Kec": 647210, "Kecamatan": "Sungai Pinang", "Kode_Kel": 64720405, "Kelurahan": "Sungai Pinang Dalam", "Sumber": "Revisi RTRW Kota Samarinda Tahun 2019 (Data belum disahkan)", "city": "samarinda", "source_layer": "Batas Administrasi AR", "role": "admin" }, "geometry": { "type": "Polygon", "coordinates": [ [ [ 117.179047505921531, -0.461604196543652 ], [ 117.178779807966862, -0.461600603399129 ], [ 117.178654942142359, -0.461625755410754 ], [ 117.177973120841727, -0.461815293781214 ], [ 117.177278723127117, -0.461962612700736 ], [ 117.176750513740046, -0.462139575057342 ], [ 117.176724462596809, -0.46214586305978 ], [ 117.176609478240437, -0.462187184218519 ], [ 117.176141455977415, -0.462300368260791 ], [ 117.176120794725875, -0.462288690542228 ], [ 117.175640196048889, -0.462009323577019 ], [ 117.175579110609547, -0.462004832146621 ], [ 117.175350040212109, -0.461986866424998 ], [ 117.175220682811187, -0.461976985278086 ], [ 117.174961968009356, -0.46189613953011 ], [ 117.174465199657249, -0.461676059433739 ], [ 117.174471487864253, -0.461689533725549 ], [ 117.173607308560932, -0.462045255020105 ], [ 117.173070116021009, -0.462730647262165 ], [ 117.172638026369356, -0.464313426996541 ], [ 117.17244129532213, -0.465618636125051 ], [ 117.172363141892433, -0.466277977740269 ], [ 117.172088257415467, -0.467372089439584 ], [ 117.170791090145201, -0.469877406965628 ], [ 117.16906273153856, -0.470919417576302 ], [ 117.164884667152123, -0.473359159051405 ], [ 117.162369384356595, -0.474835938820643 ], [ 117.159134551018454, -0.476721437592932 ], [ 117.156475537777467, -0.478303315869357 ], [ 117.155113691806747, -0.479094704012861 ], [ 117.154786705043307, -0.479289631611936 ], [ 117.154801078087871, -0.479296817882764 ], [ 117.154906180976113, -0.479353409765268 ], [ 117.155640104563233, -0.479784585997559 ], [ 117.156040753179965, -0.480016343211189 ], [ 117.15663364126749, -0.480441231415777 ], [ 117.157229224300835, -0.48086971272853 ], [ 117.157472667742837, -0.480924508030738 ], [ 117.158567714074195, -0.481578458488693 ], [ 117.159059092534605, -0.480867017877591 ], [ 117.159139042594873, -0.48074035988223 ], [ 117.159920576892063, -0.479510609436436 ], [ 117.160536821176976, -0.479954361631569 ], [ 117.159278281463912, -0.481830876162418 ], [ 117.159172280260407, -0.48198897406006 ], [ 117.159576522138252, -0.482428234676854 ], [ 117.159899915640551, -0.482788446327135 ], [ 117.160196359684292, -0.483101048940841 ], [ 117.16044609133327, -0.483419041240029 ], [ 117.160851231526408, -0.484121498752106 ], [ 117.161056945726472, -0.484499675975923 ], [ 117.161157557038308, -0.48472873817961 ], [ 117.161468374126599, -0.485339570684889 ], [ 117.161645342237563, -0.48573571350074 ], [ 117.161839378338954, -0.486349240763806 ], [ 117.161931904813216, -0.486902583020588 ], [ 117.162167263417672, -0.488058672946172 ], [ 117.1624753855601, -0.489380046658138 ], [ 117.162478080505963, -0.489853441527683 ], [ 117.166897791703832, -0.490615185004671 ], [ 117.170697665355647, -0.491433520176363 ], [ 117.170964464995023, -0.491467654901436 ], [ 117.171216891589864, -0.491499094779638 ], [ 117.17137409676458, -0.491539517479966 ], [ 117.171528606993462, -0.491513467295338 ], [ 117.171616641891291, -0.491474841159323 ], [ 117.171654371133243, -0.491455078950113 ], [ 117.171696591951587, -0.491437113305326 ], [ 117.171902306151651, -0.491426333918431 ], [ 117.17214934285478, -0.491411063120299 ], [ 117.172274208679298, -0.491346386798413 ], [ 117.172417040809478, -0.491173916603657 ], [ 117.172518550436564, -0.490947549466285 ], [ 117.17255987293963, -0.490799332884092 ], [ 117.172571551038331, -0.490608897028211 ], [ 117.172541906633938, -0.490281922244151 ], [ 117.172530228535265, -0.48978786690828 ], [ 117.172423329016453, -0.489758223586969 ], [ 117.172280496886273, -0.489680971294452 ], [ 117.172250852481895, -0.489567787701483 ], [ 117.172226597969228, -0.48941328311117 ], [ 117.172036155128978, -0.48910966361519 ], [ 117.171953510122833, -0.488943481340862 ], [ 117.176796327819531, -0.488537457604667 ], [ 117.177184400022284, -0.488505119429933 ], [ 117.177161043824896, -0.488369478750879 ], [ 117.177152958987335, -0.488112569907556 ], [ 117.177179010130587, -0.488030826182621 ], [ 117.177240095569886, -0.487897880342146 ], [ 117.17725446861445, -0.487742477430692 ], [ 117.177199671382098, -0.487453230383634 ], [ 117.177132297735795, -0.487244828776812 ], [ 117.177027194847568, -0.487078646456407 ], [ 117.176920295328742, -0.486872939686554 ], [ 117.176878074510412, -0.486704960791234 ], [ 117.176882566086832, -0.486537880174626 ], [ 117.176863701465834, -0.486442662186966 ], [ 117.176763988469304, -0.486262107319885 ], [ 117.176604088348725, -0.486012384659944 ], [ 117.176390289311101, -0.48574379804776 ], [ 117.176270813378338, -0.485634207520659 ], [ 117.176049827818431, -0.485469821726675 ], [ 117.175916877156396, -0.485410535045897 ], [ 117.175529703268921, -0.485299147947273 ], [ 117.175452448154502, -0.485286571984409 ], [ 117.17531859917716, -0.484884141160446 ], [ 117.175141631066182, -0.484422423623129 ], [ 117.175437176794659, -0.48431822277378 ], [ 117.176191761633319, -0.484214021922828 ], [ 117.176799022765394, -0.484258037799718 ], [ 117.177287706279955, -0.484273308614083 ], [ 117.17758864190013, -0.482951035619392 ], [ 117.177652422285291, -0.482054548755164 ], [ 117.177645235763038, -0.481099673338123 ], [ 117.178078223729983, -0.480321759682273 ], [ 117.178354904837491, -0.479757637483836 ], [ 117.17855073756941, -0.479110873122672 ], [ 117.178619907846311, -0.478578190762696 ], [ 117.178759146715336, -0.477938612562511 ], [ 117.178906470421936, -0.477443658043677 ], [ 117.179007081733744, -0.477080751259494 ], [ 117.179111286306721, -0.476819350568929 ], [ 117.179482290519061, -0.476313616558668 ], [ 117.179729327222191, -0.476040538143379 ], [ 117.180170400026682, -0.475624632509846 ], [ 117.180484810376143, -0.475229387392117 ], [ 117.180667168378804, -0.474956308933929 ], [ 117.18088815393871, -0.474517946123227 ], [ 117.180925883180635, -0.474318526966542 ], [ 117.180886357308125, -0.473381616167042 ], [ 117.180788440942152, -0.472503093749155 ], [ 117.180782152735176, -0.472415061844303 ], [ 117.180671659955223, -0.472069222207305 ], [ 117.180504573312376, -0.471612893517104 ], [ 117.180420131675675, -0.471402694858402 ], [ 117.180327605201427, -0.471060448310788 ], [ 117.180352758029358, -0.47051429105564 ], [ 117.180378809172609, -0.470214263861095 ], [ 117.18044708113419, -0.46968786881197 ], [ 117.180448877764775, -0.469612412863112 ], [ 117.18049469184426, -0.46941299356578 ], [ 117.180673456585808, -0.468990799539155 ], [ 117.181026494492443, -0.468088022864892 ], [ 117.181128902434835, -0.467752064152449 ], [ 117.181171123253193, -0.467651456192652 ], [ 117.181437922892599, -0.466090236060476 ], [ 117.181673281497012, -0.465163205300327 ], [ 117.181757723133728, -0.464922464734158 ], [ 117.181905046840328, -0.464365527572019 ], [ 117.18200745478272, -0.463898418950583 ], [ 117.182337136491995, -0.4630872667905 ], [ 117.182530274278079, -0.462623751228769 ], [ 117.182530274278079, -0.462423433447564 ], [ 117.182514104602959, -0.461919494968509 ], [ 117.181174716514334, -0.461804514347959 ], [ 117.180632134082742, -0.461871885805538 ], [ 117.180318622048588, -0.461886258383072 ], [ 117.180018584743664, -0.461832361217169 ], [ 117.179293644309411, -0.461632941699774 ], [ 117.179047505921531, -0.461604196543652 ] ] ] } },
{ "type": "Feature", "properties": { "FID": 40, "Kode_Prov": 64, "Provinsi": "Kalimantan Timur", "Kode_kota": "6472", "Kota": "Kota Samarinda", "Kode_Kec": 647210, "Kecamatan": "Sungai Pinang", "Kode_Kel": 64720406, "Kelurahan": "Temindung Permai", "Sumber": "Revisi RTRW Kota Samarinda Tahun 2019 (Data belum disahkan)", "city": "samarinda", "source_layer": "Batas Administrasi AR", "role": "admin" }, "geometry": { "type": "Polygon", "coordinates": [ [ [ 117.173665699054396, -0.460413069034782 ], [ 117.173424052242964, -0.46014627800437 ], [ 117.173414170774819, -0.460160650585387 ], [ 117.173370153325891, -0.460225327199607 ], [ 117.173200371737195, -0.46047684736044 ], [ 117.172755705671563, -0.461135291168014 ], [ 117.172573347668887, -0.461313151831376 ], [ 117.17235415873958, -0.461527842222139 ], [ 117.172310141290666, -0.461570959956741 ], [ 117.171666947547223, -0.46255278663428 ], [ 117.171498064273806, -0.462810594714661 ], [ 117.170600647304951, -0.463438496585505 ], [ 117.170555731540759, -0.463469936591882 ], [ 117.169782282081115, -0.464998819019093 ], [ 117.169516380757031, -0.465305134436235 ], [ 117.169140884968272, -0.465737209826071 ], [ 117.168289282078931, -0.467122366094638 ], [ 117.168019787493705, -0.467529289382389 ], [ 117.167687410838568, -0.468031430890394 ], [ 117.167196930693422, -0.468267679923766 ], [ 117.166233038393571, -0.468730296829171 ], [ 117.164740038391358, -0.469298013067437 ], [ 117.164272016128351, -0.469377960445391 ], [ 117.163665653311554, -0.469482161520904 ], [ 117.163176969797007, -0.469651937407853 ], [ 117.162739490253628, -0.469803747588987 ], [ 117.162487063658801, -0.469890881241758 ], [ 117.161727987243708, -0.470234026131791 ], [ 117.160548499275663, -0.470577171004957 ], [ 117.160167613595192, -0.470489139075754 ], [ 117.159828050417815, -0.470410988280531 ], [ 117.159801999274578, -0.470405598570483 ], [ 117.159608861488465, -0.470474766515779 ], [ 117.159023159923251, -0.470683168632524 ], [ 117.158728512510052, -0.47078826797352 ], [ 117.158585680379872, -0.47074245544046 ], [ 117.157575974000508, -0.470419072845595 ], [ 117.157575974000508, -0.470419072845595 ], [ 117.157572380739367, -0.470421767700614 ], [ 117.15749422730967, -0.470476563085778 ], [ 117.157484345841553, -0.470482851080769 ], [ 117.157020815154937, -0.470975111242491 ], [ 117.156628251375764, -0.471348797765405 ], [ 117.156579742350445, -0.471394610294479 ], [ 117.155781140062842, -0.471657807759593 ], [ 117.154815451132421, -0.472339605924971 ], [ 117.154628601553313, -0.472528245721765 ], [ 117.154039306726943, -0.473175010700444 ], [ 117.153227229710097, -0.474123599226751 ], [ 117.152610985425184, -0.474434405666396 ], [ 117.152520255581493, -0.474480218175106 ], [ 117.152313643066151, -0.474614062561559 ], [ 117.151972283258189, -0.474835040536208 ], [ 117.151930062439817, -0.474861989069219 ], [ 117.150758659309332, -0.476688201077828 ], [ 117.14951808590196, -0.478620410108082 ], [ 117.149502814542146, -0.478643765490525 ], [ 117.149500119596283, -0.478649155194154 ], [ 117.149446220679238, -0.478732695599867 ], [ 117.148984486623206, -0.47961121722409 ], [ 117.148603600942735, -0.480319064831117 ], [ 117.148416751363641, -0.48077629122867 ], [ 117.148321529943502, -0.481008048408667 ], [ 117.148294580484986, -0.481168841176211 ], [ 117.148354767609035, -0.481299990581569 ], [ 117.148502989630913, -0.481421258865101 ], [ 117.14863683860824, -0.481438326252981 ], [ 117.149006944505302, -0.481290109462075 ], [ 117.14938962681633, -0.480981099899769 ], [ 117.149692359067089, -0.48079425690182 ], [ 117.149873818754486, -0.480742156449557 ], [ 117.149955565445339, -0.480736766747576 ], [ 117.150277162317025, -0.480804138022032 ], [ 117.150341841017493, -0.480830188247976 ], [ 117.150387655096978, -0.480848153920984 ], [ 117.150592470981763, -0.480975710197977 ], [ 117.150683200825455, -0.481076317964064 ], [ 117.150813456541684, -0.481266754088669 ], [ 117.150879033557402, -0.481491324983493 ], [ 117.151360530549695, -0.481255974685531 ], [ 117.15229747339103, -0.480690055996896 ], [ 117.152427729107217, -0.480621786437636 ], [ 117.153476063043797, -0.480071138520241 ], [ 117.154786705043307, -0.479289631611936 ], [ 117.155113691806747, -0.479094704012861 ], [ 117.156475537777467, -0.478303315869357 ], [ 117.159134551018454, -0.476721437592932 ], [ 117.162369384356595, -0.474835938820643 ], [ 117.164884667152123, -0.473359159051405 ], [ 117.16906273153856, -0.470919417576302 ], [ 117.170791090145201, -0.469877406965628 ], [ 117.172088257415467, -0.467372089439584 ], [ 117.172363141892433, -0.466277977740269 ], [ 117.17244129532213, -0.465618636125051 ], [ 117.172638026369356, -0.464313426996541 ], [ 117.173070116021009, -0.462730647262165 ], [ 117.173607308560932, -0.462045255020105 ], [ 117.174471487864253, -0.461689533725549 ], [ 117.174465199657249, -0.461676059433739 ], [ 117.174462504711414, -0.461674262861495 ], [ 117.174455318189118, -0.46165270399454 ], [ 117.174314282689508, -0.461250271799382 ], [ 117.174192111810868, -0.461062529986267 ], [ 117.174131026371541, -0.460924193910277 ], [ 117.174034906636152, -0.460819094422177 ], [ 117.173665699054396, -0.460413069034782 ] ] ] } },
{ "type": "Feature", "properties": { "FID": 41, "Kode_Prov": 64, "Provinsi": "Kalimantan Timur", "Kode_kota": "6472", "Kota": "Kota Samarinda", "Kode_Kec": 647210, "Kecamatan": "Sungai Pinang", "Kode_Kel": 64720407, "Kelurahan": "Mugirejo", "Sumber": "Revisi RTRW Kota Samarinda Tahun 2019 (Data belum disahkan)", "city": "samarinda", "source_layer": "Batas Administrasi AR", "role": "admin" }, "geometry": { "type": "Polygon", "coordinates": [ [ [ 117.19046060160629, -0.456357305326462 ], [ 117.190196496912733, -0.456342932737814 ], [ 117.189983596190416, -0.456408507673287 ], [ 117.189764407261094, -0.45727984580019 ], [ 117.189646727958873, -0.457829597223794 ], [ 117.189443708704658, -0.458135912949709 ], [ 117.189040365142091, -0.458586852792182 ], [ 117.18843130737946, -0.459110553808643 ], [ 117.187650671397549, -0.459820200064762 ], [ 117.186949985475948, -0.460504694234844 ], [ 117.186367877171847, -0.461137087740393 ], [ 117.185978906653816, -0.461479334770399 ], [ 117.185532443957598, -0.46171468573686 ], [ 117.184640416880455, -0.462047051592255 ], [ 117.184376312186927, -0.462110829903269 ], [ 117.183880442150112, -0.462079389890869 ], [ 117.182514104602959, -0.461919494968509 ], [ 117.182530274278079, -0.462423433447564 ], [ 117.182530274278079, -0.462623751228769 ], [ 117.182337136491995, -0.4630872667905 ], [ 117.18200745478272, -0.463898418950583 ], [ 117.181905046840328, -0.464365527572019 ], [ 117.181757723133728, -0.464922464734158 ], [ 117.181673281497012, -0.465163205300327 ], [ 117.181437922892599, -0.466090236060476 ], [ 117.181171123253193, -0.467651456192652 ], [ 117.181128902434835, -0.467752064152449 ], [ 117.181026494492443, -0.468088022864892 ], [ 117.180673456585808, -0.468990799539155 ], [ 117.18049469184426, -0.46941299356578 ], [ 117.180448877764775, -0.469612412863112 ], [ 117.18044708113419, -0.46968786881197 ], [ 117.180378809172609, -0.470214263861095 ], [ 117.180352758029358, -0.47051429105564 ], [ 117.180327605201427, -0.471060448310788 ], [ 117.180420131675675, -0.471402694858402 ], [ 117.180504573312376, -0.471612893517104 ], [ 117.180671659955223, -0.472069222207305 ], [ 117.180782152735176, -0.472415061844303 ], [ 117.180788440942152, -0.472503093749155 ], [ 117.180886357308125, -0.473381616167042 ], [ 117.180925883180635, -0.474318526966542 ], [ 117.18088815393871, -0.474517946123227 ], [ 117.180667168378804, -0.474956308933929 ], [ 117.180484810376143, -0.475229387392117 ], [ 117.180170400026682, -0.475624632509846 ], [ 117.179729327222191, -0.476040538143379 ], [ 117.179482290519061, -0.476313616558668 ], [ 117.179111286306721, -0.476819350568929 ], [ 117.179007081733744, -0.477080751259494 ], [ 117.178906470421936, -0.477443658043677 ], [ 117.178759146715336, -0.477938612562511 ], [ 117.178619907846311, -0.478578190762696 ], [ 117.17855073756941, -0.479110873122672 ], [ 117.178354904837491, -0.479757637483836 ], [ 117.178078223729983, -0.480321759682273 ], [ 117.177645235763038, -0.481099673338123 ], [ 117.177652422285291, -0.482054548755164 ], [ 117.17758864190013, -0.482951035619392 ], [ 117.177287706279955, -0.484273308614083 ], [ 117.176799022765394, -0.484258037799718 ], [ 117.176191761633319, -0.484214021922828 ], [ 117.175437176794659, -0.48431822277378 ], [ 117.175141631066182, -0.484422423623129 ], [ 117.17531859917716, -0.484884141160446 ], [ 117.175452448154502, -0.485286571984409 ], [ 117.175529703268921, -0.485299147947273 ], [ 117.175916877156396, -0.485410535045897 ], [ 117.176049827818431, -0.485469821726675 ], [ 117.176270813378338, -0.485634207520659 ], [ 117.176390289311101, -0.48574379804776 ], [ 117.176604088348725, -0.486012384659944 ], [ 117.176763988469304, -0.486262107319885 ], [ 117.176863701465834, -0.486442662186966 ], [ 117.176882566086832, -0.486537880174626 ], [ 117.176878074510412, -0.486704960791234 ], [ 117.176920295328742, -0.486872939686554 ], [ 117.177027194847568, -0.487078646456407 ], [ 117.177132297735795, -0.487244828776812 ], [ 117.177199671382098, -0.487453230383634 ], [ 117.17725446861445, -0.487742477430692 ], [ 117.177240095569886, -0.487897880342146 ], [ 117.177179010130587, -0.488030826182621 ], [ 117.177152958987335, -0.488112569907556 ], [ 117.177161043824896, -0.488369478750879 ], [ 117.177184400022284, -0.488505119429933 ], [ 117.17720685790438, -0.488583270018608 ], [ 117.177305672585632, -0.48897042981806 ], [ 117.177346995088698, -0.489119544723263 ], [ 117.177419758626698, -0.489238118019012 ], [ 117.17758864190013, -0.489422265936286 ], [ 117.17784556007139, -0.489536347814208 ], [ 117.177936289915081, -0.489582160221331 ], [ 117.178121342863633, -0.489759121869435 ], [ 117.178266869939648, -0.489950456031925 ], [ 117.178337836847092, -0.490064537900857 ], [ 117.178353108206906, -0.490103164045016 ], [ 117.17838634587244, -0.490283718808943 ], [ 117.178424075114364, -0.490461578720886 ], [ 117.178437549843622, -0.490572067451684 ], [ 117.178453719518743, -0.490650218016268 ], [ 117.178487855499526, -0.490881076575283 ], [ 117.178517499903919, -0.491011327509733 ], [ 117.178563313983403, -0.491175713168208 ], [ 117.178596551648894, -0.49123589808041 ], [ 117.178722315788676, -0.491473044594852 ], [ 117.178802265848958, -0.49180361244942 ], [ 117.17884448666733, -0.491920389133262 ], [ 117.179031336246439, -0.492172806419815 ], [ 117.179335865127754, -0.492480917187251 ], [ 117.179372696054386, -0.492562660857854 ], [ 117.17940593371992, -0.492710877400896 ], [ 117.179457137691102, -0.493052224578389 ], [ 117.179499358509446, -0.493218406750572 ], [ 117.17950564671645, -0.493225593006573 ], [ 117.179529002913824, -0.493288472746249 ], [ 117.179580206885007, -0.493334285127639 ], [ 117.179679919881565, -0.493389080328496 ], [ 117.179816463804741, -0.49344297724693 ], [ 117.180001516753265, -0.493541788262926 ], [ 117.180307842265165, -0.493683716810607 ], [ 117.180692321206763, -0.493819357381825 ], [ 117.18119537776586, -0.494071774596392 ], [ 117.181377735768535, -0.494196635777277 ], [ 117.181463974035836, -0.494268498326363 ], [ 117.181618484264689, -0.494426595931615 ], [ 117.18172179052236, -0.494511932705612 ], [ 117.182021827827256, -0.494597269478513 ], [ 117.182223948766179, -0.494644878414496 ], [ 117.182399120246572, -0.494674521714087 ], [ 117.182433256227384, -0.494672725150479 ], [ 117.182637173796891, -0.494679013123105 ], [ 117.18274586994626, -0.494652064668955 ], [ 117.182857261041491, -0.494616133396585 ], [ 117.182885108815299, -0.494611641987525 ], [ 117.183505844676631, -0.494669132023262 ], [ 117.184026867541405, -0.494819145082919 ], [ 117.184348464413119, -0.494954785630946 ], [ 117.184494889804441, -0.495094019303187 ], [ 117.184601789323253, -0.495249422043591 ], [ 117.184670959600126, -0.49537069007548 ], [ 117.184732943354732, -0.495437162921647 ], [ 117.184886555268335, -0.495510822020676 ], [ 117.185012319408102, -0.495568312048617 ], [ 117.185318644919974, -0.495656343652935 ], [ 117.185492019769825, -0.495545855006512 ], [ 117.185627665377709, -0.495482975288213 ], [ 117.185863922297443, -0.495414705879098 ], [ 117.186067839866951, -0.495347334750992 ], [ 117.186462200276665, -0.49522157531003 ], [ 117.186911357918717, -0.495032936144112 ], [ 117.18753209378005, -0.494540677723975 ], [ 117.187696485477034, -0.494262210353349 ], [ 117.187631806776579, -0.493669344299587 ], [ 117.18761114552504, -0.492377614744945 ], [ 117.189167027597136, -0.49224916040141 ], [ 117.190551331449981, -0.492084774769361 ], [ 117.191115473448406, -0.491977879192249 ], [ 117.19130861123449, -0.491884457846144 ], [ 117.191358018575116, -0.491748817235528 ], [ 117.191358018575116, -0.491556584842253 ], [ 117.191301424712208, -0.491321234895289 ], [ 117.191294238189926, -0.491185594273234 ], [ 117.191337357323576, -0.491078698681728 ], [ 117.191453239995226, -0.490989768734551 ], [ 117.191596072125407, -0.490954735724732 ], [ 117.191745192462577, -0.490954735724732 ], [ 117.192369521585036, -0.490996056710653 ], [ 117.192958816411419, -0.490984379040744 ], [ 117.193975709313037, -0.490835264177046 ], [ 117.19441588380225, -0.490716690909564 ], [ 117.19463597104685, -0.490555898369242 ], [ 117.194933313405912, -0.490329531210956 ], [ 117.195052789338703, -0.490246889230626 ], [ 117.195207299567585, -0.490252278925027 ], [ 117.19546870931525, -0.490276532549775 ], [ 117.195724729171218, -0.490312463845536 ], [ 117.195855883202697, -0.490377140177421 ], [ 117.196087648545998, -0.49045439246191 ], [ 117.196248446981855, -0.490371750483122 ], [ 117.196450567920778, -0.490281922244151 ], [ 117.196593400050958, -0.490171433508565 ], [ 117.198256181641867, -0.489058461509484 ], [ 117.199113174422905, -0.488579676888114 ], [ 117.199798588984706, -0.488429663688281 ], [ 117.199998014977766, -0.488465594993935 ], [ 117.200612462632122, -0.488550931844094 ], [ 117.200926872981555, -0.488530271343628 ], [ 117.201162231585982, -0.488415291165965 ], [ 117.201539524005312, -0.4882589899838 ], [ 117.202689367569008, -0.488230244938408 ], [ 117.203511326053956, -0.488408104904796 ], [ 117.204459946994007, -0.488908448320344 ], [ 117.205588230990855, -0.489165357133233 ], [ 117.206102067333347, -0.489221948933352 ], [ 117.20629520511946, -0.489194102174623 ], [ 117.20662309019815, -0.489071935747866 ], [ 117.207237537852492, -0.488794366431749 ], [ 117.207950800188087, -0.488501526299397 ], [ 117.208486196097411, -0.488472781255043 ], [ 117.208664960838973, -0.488515898821528 ], [ 117.209035965051299, -0.488794366431749 ], [ 117.209493207530912, -0.489122239570917 ], [ 117.20977797347598, -0.489543534074169 ], [ 117.20982109260963, -0.489757325304503 ], [ 117.209799533042798, -0.489972014810455 ], [ 117.209799533042798, -0.490264854878611 ], [ 117.209799533042798, -0.490521763639514 ], [ 117.20984983869873, -0.490706809803845 ], [ 117.209978297784346, -0.490849636694174 ], [ 117.210899070950575, -0.49129248986303 ], [ 117.211855776728157, -0.491742529260135 ], [ 117.212134254466235, -0.491735343002535 ], [ 117.212412732204299, -0.491777562265822 ], [ 117.21335506493736, -0.492041657225858 ], [ 117.21389046084667, -0.4920991472838 ], [ 117.214310872399665, -0.49207758851213 ], [ 117.214468077574381, -0.492027284711295 ], [ 117.215817347131122, -0.491192780531425 ], [ 117.21683154508689, -0.490552305239805 ], [ 117.217116311031944, -0.490421156014041 ], [ 117.217390297193589, -0.490427443990678 ], [ 117.218032592621753, -0.490361869376894 ], [ 117.218454800805276, -0.490248685795427 ], [ 117.218722498759973, -0.490141790188952 ], [ 117.218812330288387, -0.489993573588915 ], [ 117.218841974692751, -0.489463586931663 ], [ 117.218853652791452, -0.488987497186896 ], [ 117.218937196112876, -0.488637166975785 ], [ 117.219127638953097, -0.488356902793742 ], [ 117.219359404296412, -0.488136823540037 ], [ 117.219490558327877, -0.488065859207715 ], [ 117.219609135945376, -0.488042503857673 ], [ 117.220103209351649, -0.487988606895728 ], [ 117.22123867987078, -0.487816136614603 ], [ 117.221793838716366, -0.487737986017012 ], [ 117.222198080594211, -0.487656242287528 ], [ 117.222879003579564, -0.487227761403554 ], [ 117.223727013207792, -0.486619623917677 ], [ 117.223815048105649, -0.486543269872001 ], [ 117.22422557819047, -0.486423798245856 ], [ 117.224713363389768, -0.486316902578565 ], [ 117.224843619105968, -0.486334868237051 ], [ 117.225165215977654, -0.486513626536388 ], [ 117.225736544498389, -0.486893600192107 ], [ 117.225843444017173, -0.487167576455404 ], [ 117.22592069913162, -0.487435264728128 ], [ 117.226193786977973, -0.487599650474226 ], [ 117.226783980119663, -0.487580786536353 ], [ 117.226858540288234, -0.487495449673886 ], [ 117.226991490950283, -0.487204406050604 ], [ 117.227262782166079, -0.485891116458441 ], [ 117.227334647388801, -0.48518416771451 ], [ 117.227234036076993, -0.484905699955193 ], [ 117.227057067966044, -0.484674841191204 ], [ 117.226592638964149, -0.484282291446046 ], [ 117.226257567363163, -0.483996637383791 ], [ 117.225885664835545, -0.483461260555468 ], [ 117.225671865797921, -0.48306871074009 ], [ 117.225671865797921, -0.482897138616864 ], [ 117.225807511405804, -0.482518961303784 ], [ 117.226078802621629, -0.482069819574481 ], [ 117.226578265919571, -0.481070029978727 ], [ 117.226706725005215, -0.48069903883359 ], [ 117.226985202743307, -0.480277743779929 ], [ 117.227244815860388, -0.479982208428279 ], [ 117.228029943418733, -0.479261784812408 ], [ 117.228700984935969, -0.478583580466377 ], [ 117.228930055333407, -0.478240435990249 ], [ 117.228986649196315, -0.477983526763907 ], [ 117.229087260508123, -0.477612535451568 ], [ 117.229293873023494, -0.477219985300244 ], [ 117.229679250280356, -0.476470816299405 ], [ 117.23007900058181, -0.475715359226858 ], [ 117.23029908782641, -0.475001223154767 ], [ 117.230352986743455, -0.474614960846023 ], [ 117.230317054132087, -0.474364339476018 ], [ 117.230257765323344, -0.4741568357542 ], [ 117.230162543903234, -0.473918790351381 ], [ 117.230126611291865, -0.473704100339558 ], [ 117.230126611291865, -0.473567561081717 ], [ 117.230167933794931, -0.473406768136468 ], [ 117.230233510810692, -0.47324058547964 ], [ 117.230364664842156, -0.473008828038064 ], [ 117.230591040293746, -0.472680954124942 ], [ 117.230923416948855, -0.472318047090726 ], [ 117.231174046913154, -0.471979393727348 ], [ 117.231348320078268, -0.471617384941366 ], [ 117.231420185301005, -0.471165547646096 ], [ 117.231424676877424, -0.470875401614 ], [ 117.231395930788338, -0.470684965202469 ], [ 117.231333947033733, -0.470461292240775 ], [ 117.231205487948102, -0.470204382725726 ], [ 117.230848856780298, -0.469852254983448 ], [ 117.230672786984613, -0.469447128400862 ], [ 117.230548819475402, -0.469252200524601 ], [ 117.230306274348692, -0.468928817860762 ], [ 117.230125712976573, -0.468566808916576 ], [ 117.230096966887487, -0.468315289043596 ], [ 117.230078102266532, -0.4677817075689 ], [ 117.23008708541937, -0.466791797048832 ], [ 117.230025999980043, -0.466530395971717 ], [ 117.230003542097933, -0.465935730942251 ], [ 117.230070017428957, -0.465659957263511 ], [ 117.23025057880109, -0.465355438433086 ], [ 117.230635956057952, -0.464849703591276 ], [ 117.230838076996875, -0.464599980156915 ], [ 117.230897365805646, -0.464278393850745 ], [ 117.230611701545286, -0.463565154896056 ], [ 117.230314359186252, -0.462803408426833 ], [ 117.230338613698919, -0.462577040356527 ], [ 117.230493123927801, -0.462172811641594 ], [ 117.230361969896293, -0.461816192067318 ], [ 117.229214821278489, -0.460373544438314 ], [ 117.229095345345684, -0.460105855120104 ], [ 117.229006412132563, -0.459678270819178 ], [ 117.228922868811125, -0.459440224926264 ], [ 117.228572525850325, -0.458886880480402 ], [ 117.228223979520095, -0.458079320895761 ], [ 117.228095520434479, -0.457703837097928 ], [ 117.228085638966363, -0.457688566225351 ], [ 117.228055096246692, -0.457654431333591 ], [ 117.228026350157592, -0.457627482734719 ], [ 117.228001197329647, -0.457608618715448 ], [ 117.227967061348835, -0.457600534135745 ], [ 117.227746075788929, -0.457596042702573 ], [ 117.227454123321607, -0.457548433510776 ], [ 117.22715049275557, -0.457357996740427 ], [ 117.22693669371796, -0.457316675553741 ], [ 117.226811827893471, -0.457316675553741 ], [ 117.226377941611219, -0.457464892852707 ], [ 117.226145277952654, -0.457590652982763 ], [ 117.225895546303661, -0.457870020120926 ], [ 117.225588322476483, -0.45844222866253 ], [ 117.225474236435417, -0.458656020853157 ], [ 117.225310743053697, -0.458820407281103 ], [ 117.225088859178499, -0.45894886224676 ], [ 117.224696295399369, -0.45914199383414 ], [ 117.224524717180103, -0.45929200766818 ], [ 117.224182459056848, -0.459655813659808 ], [ 117.22391835436332, -0.459820200064762 ], [ 117.223561723195516, -0.460041178504801 ], [ 117.223104480715904, -0.460355578712574 ], [ 117.22279096868175, -0.460440915909435 ], [ 117.222512490943672, -0.460397798167991 ], [ 117.222241199727861, -0.460283715809162 ], [ 117.221991468078869, -0.460263953510597 ], [ 117.221807313445623, -0.46034120613195 ], [ 117.221592616092721, -0.460489423368248 ], [ 117.221467750268232, -0.460679860055212 ], [ 117.221319528246354, -0.461060733413869 ], [ 117.221176696116174, -0.461197272914842 ], [ 117.221051830291685, -0.461203560918113 ], [ 117.220736521626947, -0.46112630830611 ], [ 117.220023259291381, -0.460824484139553 ], [ 117.219387252070206, -0.460502897662305 ], [ 117.219047688892815, -0.460282817522865 ], [ 117.218744956642084, -0.460003450478937 ], [ 117.218542835703133, -0.459723185137705 ], [ 117.218364070961584, -0.459586645608505 ], [ 117.218214950624429, -0.45949142725107 ], [ 117.217994863379829, -0.459461783799911 ], [ 117.217513366387536, -0.459378243164166 ], [ 117.217400178661748, -0.459378243164166 ], [ 117.217156735219731, -0.459479749527901 ], [ 117.217066903691318, -0.45950310497422 ], [ 117.217025581188253, -0.45947346152311 ], [ 117.216971682271208, -0.459354887717439 ], [ 117.216854002969001, -0.459118638386641 ], [ 117.216840528239743, -0.459104265803527 ], [ 117.21679381584498, -0.459086300074593 ], [ 117.216753391657193, -0.459072825777864 ], [ 117.216724645568078, -0.459067436059165 ], [ 117.216527914520867, -0.459091689793278 ], [ 117.216325793581944, -0.459168942427313 ], [ 117.216129960849997, -0.459168942427313 ], [ 117.215944907901473, -0.459234517336944 ], [ 117.215855974688338, -0.459341413421216 ], [ 117.21560624303936, -0.45965761023256 ], [ 117.214557010787516, -0.460169633448508 ], [ 117.214071920534082, -0.460455288489859 ], [ 117.212944534852511, -0.461040971117458 ], [ 117.212087542071473, -0.461526045649859 ], [ 117.211573705728924, -0.461640127988786 ], [ 117.211087717160225, -0.461611382832693 ], [ 117.210660119084977, -0.461597010254603 ], [ 117.209654904282061, -0.461547604517198 ], [ 117.209583937374617, -0.461605094829782 ], [ 117.209362951814711, -0.461823378356145 ], [ 117.209245272512504, -0.461937460690302 ], [ 117.209162627506373, -0.462062322455508 ], [ 117.209055727987561, -0.462129693910643 ], [ 117.208995540863512, -0.462122507622125 ], [ 117.208863488516755, -0.462062322455508 ], [ 117.208731436169998, -0.462022797868198 ], [ 117.208563451211859, -0.461979680136336 ], [ 117.20833527912967, -0.461901529246671 ], [ 117.208270600429231, -0.461881766952596 ], [ 117.208184362161958, -0.461879072094309 ], [ 117.208022665410823, -0.46200303557446 ], [ 117.207832222570573, -0.462421636875509 ], [ 117.205824487910562, -0.461314050117544 ], [ 117.204872273709384, -0.460781366400429 ], [ 117.204929765887584, -0.459649525655171 ], [ 117.204946833877983, -0.459518375842926 ], [ 117.204911799581893, -0.45941686947974 ], [ 117.204751001146036, -0.459262364216194 ], [ 117.204519235802749, -0.459155468130739 ], [ 117.204263215946781, -0.459066537772714 ], [ 117.203584987907263, -0.458965031403113 ], [ 117.203090914501018, -0.458869813037398 ], [ 117.20288340367037, -0.458786272394736 ], [ 117.202494433152339, -0.458499719000133 ], [ 117.202383042057107, -0.458389229757143 ], [ 117.202093784535634, -0.458139506095977 ], [ 117.201840459625501, -0.457940086475414 ], [ 117.201614982489176, -0.457895172145692 ], [ 117.201110129299522, -0.457885290993116 ], [ 117.20079571895009, -0.457880799560122 ], [ 117.200610666001538, -0.457828698937189 ], [ 117.20047681702421, -0.457752344575309 ], [ 117.200306137120222, -0.457657126193473 ], [ 117.200229780321081, -0.457618499868406 ], [ 117.200167796566475, -0.457623889588195 ], [ 117.200072575146365, -0.457733480556366 ], [ 117.199968370573416, -0.457866426974523 ], [ 117.199839911487771, -0.458094591767505 ], [ 117.199801283930555, -0.458256283348685 ], [ 117.199715943978561, -0.458536548747417 ], [ 117.199591976469364, -0.458742256356812 ], [ 117.199514721354916, -0.45913480754261 ], [ 117.199136530620294, -0.459035097746886 ], [ 117.198257978272423, -0.458798848405522 ], [ 117.197065913890413, -0.458577869927071 ], [ 117.195198316414746, -0.45818981014353 ], [ 117.195091416895934, -0.458171844412302 ], [ 117.194874024597155, -0.457991288810952 ], [ 117.194753650349085, -0.457849359529087 ], [ 117.194460799566457, -0.457609517002081 ], [ 117.194171542044984, -0.457459503132799 ], [ 117.193946963223951, -0.457274456080142 ], [ 117.193655909071879, -0.457107374756656 ], [ 117.19343312688143, -0.457028325526985 ], [ 117.193113326640272, -0.456609723909912 ], [ 117.192747712319658, -0.456857651050865 ], [ 117.191683208707971, -0.457619398155037 ], [ 117.191280763460668, -0.456871125351759 ], [ 117.19080285972953, -0.456471387747837 ], [ 117.19046060160629, -0.456357305326462 ] ] ] } },
{ "type": "Feature", "properties": { "FID": 42, "Kode_Prov": 64, "Provinsi": "Kalimantan Timur", "Kode_kota": "6472", "Kota": "Kota Samarinda", "Kode_Kec": 647206, "Kecamatan": "Samarinda Ulu", "Kode_Kel": 64720605, "Kelurahan": "Gunung Kelua", "Sumber": "Revisi RTRW Kota Samarinda Tahun 2019 (Data belum disahkan)", "city": "samarinda", "source_layer": "Batas Administrasi AR", "role": "admin" }, "geometry": { "type": "Polygon", "coordinates": [ [ [ 117.147708878919758, -0.461895241244016 ], [ 117.147592996248108, -0.462092864181915 ], [ 117.147382790471625, -0.462312944265377 ], [ 117.147195042577238, -0.46224557281198 ], [ 117.146851886138691, -0.46225455567247 ], [ 117.146356016101862, -0.462034475587199 ], [ 117.14614131874896, -0.461890749813546 ], [ 117.146104487822313, -0.461843140650382 ], [ 117.145753246546207, -0.461409268450636 ], [ 117.145569990228253, -0.461304168969697 ], [ 117.145514294680638, -0.461232306075854 ], [ 117.145489141852678, -0.461114630585618 ], [ 117.14553585424747, -0.460957430500208 ], [ 117.145605024524329, -0.460820890994636 ], [ 117.145627482406439, -0.460719384649982 ], [ 117.145547532346143, -0.460563981128373 ], [ 117.14538853054087, -0.460314257543201 ], [ 117.14538853054087, -0.460137295141219 ], [ 117.145835891552366, -0.460011535055925 ], [ 117.146017351239735, -0.459954044730481 ], [ 117.146210489025847, -0.459836369219143 ], [ 117.146448542576138, -0.459512087838168 ], [ 117.146665934874875, -0.459235415623373 ], [ 117.14727319600695, -0.458541938466516 ], [ 117.147243551602585, -0.458523074449652 ], [ 117.146981243539614, -0.458279638798998 ], [ 117.146723427053061, -0.45808381232863 ], [ 117.146451237522001, -0.457828698937189 ], [ 117.146495254970901, -0.457734378842984 ], [ 117.146459322359533, -0.457693057658465 ], [ 117.146263489627614, -0.457493638025486 ], [ 117.146050588905268, -0.457325658420432 ], [ 117.145612211046611, -0.456947479723012 ], [ 117.145647245342701, -0.456907955107406 ], [ 117.145826010084221, -0.456743568635619 ], [ 117.145358886136478, -0.456192918842086 ], [ 117.144917813332, -0.455626099842579 ], [ 117.144713895762493, -0.45534493604339 ], [ 117.14438960394493, -0.455584778645942 ], [ 117.144384214053204, -0.455586575219713 ], [ 117.144302467362365, -0.455652150162076 ], [ 117.144280907795533, -0.45566921761273 ], [ 117.143966497446101, -0.455266785081284 ], [ 117.143653883727225, -0.454946096641706 ], [ 117.143493085291368, -0.454862555953426 ], [ 117.143467034148131, -0.454862555953426 ], [ 117.143270303100905, -0.454921842893595 ], [ 117.143059199009144, -0.454915554884813 ], [ 117.142830128611692, -0.454754761515505 ], [ 117.142687296481512, -0.454638882492946 ], [ 117.142639685771442, -0.4544574285159 ], [ 117.142590278430816, -0.454355023794168 ], [ 117.142546260981902, -0.454333464905198 ], [ 117.141737777226211, -0.454333464905198 ], [ 117.140755020305377, -0.454082842816196 ], [ 117.140719087694009, -0.454090927399848 ], [ 117.140172912001262, -0.45406577536179 ], [ 117.139960011278916, -0.454044216471957 ], [ 117.139873773011644, -0.454285855691827 ], [ 117.140098351832677, -0.454974841824547 ], [ 117.140251065430974, -0.455455425333197 ], [ 117.140279811520074, -0.455731199406871 ], [ 117.140251065430974, -0.45611656446282 ], [ 117.139756093709437, -0.457454113412886 ], [ 117.139656380712907, -0.457763124014682 ], [ 117.139656380712907, -0.458116150645207 ], [ 117.139737229088482, -0.459331532270636 ], [ 117.139756992024715, -0.459451902649498 ], [ 117.139804602734785, -0.459733066287744 ], [ 117.139872874696366, -0.460256767220196 ], [ 117.139906112361871, -0.46080112869756 ], [ 117.139867484804668, -0.461368845573535 ], [ 117.139804602734785, -0.461932070973769 ], [ 117.139768670123416, -0.462580633500556 ], [ 117.139757890339993, -0.463170807382706 ], [ 117.139719262782791, -0.463492393739208 ], [ 117.139640211037786, -0.463895724093062 ], [ 117.139419225477909, -0.464602675014168 ], [ 117.139148832577362, -0.465580009843227 ], [ 117.139039238112687, -0.466003102360499 ], [ 117.138929643648041, -0.466388466860486 ], [ 117.138776930049744, -0.466917557013742 ], [ 117.138705064827022, -0.467227465489096 ], [ 117.138724827763255, -0.467689184177745 ], [ 117.138743692384239, -0.46834583074294 ], [ 117.13884250706549, -0.469119254320165 ], [ 117.138919762179924, -0.46978578188725 ], [ 117.138979050988667, -0.470130723352534 ], [ 117.1390563061031, -0.470439733400715 ], [ 117.1390563061031, -0.470580764144901 ], [ 117.138988932456783, -0.470949060979329 ], [ 117.138850591903037, -0.471312866369842 ], [ 117.138682606944911, -0.471705416856315 ], [ 117.13853618155359, -0.472155457546972 ], [ 117.138565825957983, -0.472430332685021 ], [ 117.139255732096174, -0.472342300779247 ], [ 117.139617753155676, -0.472405180712057 ], [ 117.139973486008174, -0.472517466304944 ], [ 117.140303167717462, -0.472642327882103 ], [ 117.140596018500091, -0.472718682082857 ], [ 117.141046972772699, -0.472849831649251 ], [ 117.141361383122145, -0.472927982417089 ], [ 117.141567995637502, -0.472977388074463 ], [ 117.142175256769576, -0.473210942086382 ], [ 117.142779822955788, -0.473458868644275 ], [ 117.143131064231866, -0.473613373596161 ], [ 117.143521831380454, -0.473841537879274 ], [ 117.144040159299422, -0.474160428892293 ], [ 117.14432582355974, -0.474327509811561 ], [ 117.144615979396519, -0.474493692442316 ], [ 117.145701144259746, -0.47513596581553 ], [ 117.14620509913415, -0.475412637404059 ], [ 117.146548255572668, -0.475612056529175 ], [ 117.146971362071469, -0.475841119030645 ], [ 117.147661268209689, -0.476221093281015 ], [ 117.147965797091004, -0.476363920476094 ], [ 117.148632347031821, -0.476402546698154 ], [ 117.149179421039847, -0.476392665571601 ], [ 117.149612409006792, -0.476383682729268 ], [ 117.150065159909985, -0.476411529540462 ], [ 117.150369688791301, -0.476478002573181 ], [ 117.150758659309332, -0.476688201077828 ], [ 117.151930062439817, -0.474861989069219 ], [ 117.151972283258189, -0.474835040536208 ], [ 117.152313643066151, -0.474614062561559 ], [ 117.152520255581493, -0.474480218175106 ], [ 117.152610985425184, -0.474434405666396 ], [ 117.153227229710097, -0.474123599226751 ], [ 117.154039306726943, -0.473175010700444 ], [ 117.154628601553313, -0.472528245721765 ], [ 117.154815451132421, -0.472339605924971 ], [ 117.155781140062842, -0.471657807759593 ], [ 117.156579742350445, -0.471394610294479 ], [ 117.156628251375764, -0.471348797765405 ], [ 117.157020815154937, -0.470975111242491 ], [ 117.157484345841553, -0.470482851080769 ], [ 117.157483447526246, -0.470481054510772 ], [ 117.157482549210968, -0.470481054510772 ], [ 117.157378344638019, -0.470382243160229 ], [ 117.15698847580471, -0.470013048010823 ], [ 117.156681251977531, -0.469713020794742 ], [ 117.156552792891915, -0.469493839227546 ], [ 117.156386604564332, -0.469096797190788 ], [ 117.156196161724097, -0.468418591849662 ], [ 117.155902412626205, -0.467179856361887 ], [ 117.155694901795584, -0.466223182322282 ], [ 117.155616748365844, -0.465624025838777 ], [ 117.155922175562438, -0.464789518447831 ], [ 117.155582612385075, -0.464748197304273 ], [ 117.155553866295961, -0.464741011018412 ], [ 117.155417322372784, -0.464705079588999 ], [ 117.155057996259117, -0.464588302442143 ], [ 117.154659144272983, -0.464479609865258 ], [ 117.154620516715752, -0.464471525293357 ], [ 117.154466904802177, -0.464410441860915 ], [ 117.154024035367101, -0.464175989269732 ], [ 117.153344010697026, -0.463860690945198 ], [ 117.153071821165966, -0.463751100071272 ], [ 117.15167583921442, -0.46318697652947 ], [ 117.151610262198659, -0.463160926237442 ], [ 117.151260817553137, -0.462982167334391 ], [ 117.151148528142627, -0.462924677032954 ], [ 117.150482876517088, -0.46258781978861 ], [ 117.150472096733694, -0.462635428946781 ], [ 117.150398434880387, -0.462875271304785 ], [ 117.150226856661121, -0.463345074851449 ], [ 117.149554916828606, -0.464736519589746 ], [ 117.148442802506878, -0.464064601829052 ], [ 117.148459870497291, -0.463957705815782 ], [ 117.148555091917402, -0.463557968608993 ], [ 117.148317038367082, -0.463367531999171 ], [ 117.148312546790663, -0.463267822262741 ], [ 117.148370038968849, -0.463050437066742 ], [ 117.148298173746127, -0.462951625611811 ], [ 117.148516464360171, -0.46264980152277 ], [ 117.148167918029927, -0.462270724821323 ], [ 117.147708878919758, -0.461895241244016 ] ] ] } },
{ "type": "Feature", "properties": { "FID": 43, "Kode_Prov": 64, "Provinsi": "Kalimantan Timur", "Kode_kota": "6472", "Kota": "Kota Samarinda", "Kode_Kec": 647204, "Kecamatan": "Samarinda Utara", "Kode_Kel": 64720401, "Kelurahan": "Sempaja Selatan", "Sumber": "Revisi RTRW Kota Samarinda Tahun 2019 (Data belum disahkan)", "city": "samarinda", "source_layer": "Batas Administrasi AR", "role": "admin" }, "geometry": { "type": "Polygon", "coordinates": [ [ [ 117.147708878919758, -0.461895241244016 ], [ 117.148167918029927, -0.462270724821323 ], [ 117.148516464360171, -0.46264980152277 ], [ 117.148298173746127, -0.462951625611811 ], [ 117.148370038968849, -0.463050437066742 ], [ 117.148312546790663, -0.463267822262741 ], [ 117.148317038367082, -0.463367531999171 ], [ 117.148555091917402, -0.463557968608993 ], [ 117.148459870497291, -0.463957705815782 ], [ 117.148442802506878, -0.464064601829052 ], [ 117.149554916828606, -0.464736519589746 ], [ 117.150226856661121, -0.463345074851449 ], [ 117.150398434880387, -0.462875271304785 ], [ 117.150472096733694, -0.462635428946781 ], [ 117.150482876517088, -0.46258781978861 ], [ 117.151148528142627, -0.462924677032954 ], [ 117.151260817553137, -0.462982167334391 ], [ 117.151610262198659, -0.463160926237442 ], [ 117.15167583921442, -0.46318697652947 ], [ 117.153071821165966, -0.463751100071272 ], [ 117.153344010697026, -0.463860690945198 ], [ 117.154024035367101, -0.464175989269732 ], [ 117.154466904802177, -0.464410441860915 ], [ 117.154620516715752, -0.464471525293357 ], [ 117.154659144272983, -0.464479609865258 ], [ 117.155057996259117, -0.464588302442143 ], [ 117.155417322372784, -0.464705079588999 ], [ 117.155553866295961, -0.464741011018412 ], [ 117.155582612385075, -0.464748197304273 ], [ 117.155922175562438, -0.464789518447831 ], [ 117.155616748365844, -0.465624025838777 ], [ 117.155694901795584, -0.466223182322282 ], [ 117.155902412626205, -0.467179856361887 ], [ 117.156196161724097, -0.468418591849662 ], [ 117.156386604564332, -0.469096797190788 ], [ 117.156552792891915, -0.469493839227546 ], [ 117.156681251977531, -0.469713020794742 ], [ 117.15698847580471, -0.470013048010823 ], [ 117.157378344638019, -0.470382243160229 ], [ 117.157482549210968, -0.470481054510772 ], [ 117.157483447526246, -0.470481054510772 ], [ 117.157484345841553, -0.470482851080769 ], [ 117.15749422730967, -0.470476563085778 ], [ 117.157572380739367, -0.470421767700614 ], [ 117.157575974000508, -0.470419072845595 ], [ 117.157575974000508, -0.470419072845595 ], [ 117.158585680379872, -0.47074245544046 ], [ 117.158728512510052, -0.47078826797352 ], [ 117.159023159923251, -0.470683168632524 ], [ 117.159608861488465, -0.470474766515779 ], [ 117.159801999274578, -0.470405598570483 ], [ 117.159828050417815, -0.470410988280531 ], [ 117.160167613595192, -0.470489139075754 ], [ 117.160548499275663, -0.470577171004957 ], [ 117.161727987243708, -0.470234026131791 ], [ 117.162487063658801, -0.469890881241758 ], [ 117.162739490253628, -0.469803747588987 ], [ 117.163176969797007, -0.469651937407853 ], [ 117.163665653311554, -0.469482161520904 ], [ 117.164272016128351, -0.469377960445391 ], [ 117.164740038391358, -0.469298013067437 ], [ 117.166233038393571, -0.468730296829171 ], [ 117.167196930693422, -0.468267679923766 ], [ 117.167687410838568, -0.468031430890394 ], [ 117.168019787493705, -0.467529289382389 ], [ 117.168289282078931, -0.467122366094638 ], [ 117.169140884968272, -0.465737209826071 ], [ 117.169516380757031, -0.465305134436235 ], [ 117.169782282081115, -0.464998819019093 ], [ 117.170555731540759, -0.463469936591882 ], [ 117.170600647304951, -0.463438496585505 ], [ 117.171498064273806, -0.462810594714661 ], [ 117.171666947547223, -0.46255278663428 ], [ 117.172310141290666, -0.461570959956741 ], [ 117.17235415873958, -0.461527842222139 ], [ 117.172573347668887, -0.461313151831376 ], [ 117.172755705671563, -0.461135291168014 ], [ 117.173200371737195, -0.46047684736044 ], [ 117.173370153325891, -0.460225327199607 ], [ 117.172894944540602, -0.459832776073728 ], [ 117.169721196641788, -0.457202593145786 ], [ 117.167776344051688, -0.455662929604599 ], [ 117.167222083521395, -0.455247022768893 ], [ 117.166353412641655, -0.454517613746415 ], [ 117.164192964383332, -0.452703972027889 ], [ 117.163578516729004, -0.452375198889134 ], [ 117.162022634656907, -0.452047324022809 ], [ 117.160296970996114, -0.451611654656982 ], [ 117.15741158230351, -0.450804992545773 ], [ 117.156197958354682, -0.450533709722139 ], [ 117.155289761602432, -0.450552573759871 ], [ 117.153851558832542, -0.450336984754312 ], [ 117.152940667134459, -0.450046837874266 ], [ 117.152518458950908, -0.449952517678576 ], [ 117.152203150286198, -0.449916586175135 ], [ 117.151757585905258, -0.449898620423348 ], [ 117.151311123209069, -0.44998755089426 ], [ 117.15090059312422, -0.450130378618001 ], [ 117.14938962681633, -0.450463643295851 ], [ 117.147991848234255, -0.450838229182411 ], [ 117.146623714056531, -0.451052021598237 ], [ 117.144198262789416, -0.451052021598237 ], [ 117.143415830176934, -0.45114993492944 ], [ 117.143041232703453, -0.451261322570673 ], [ 117.142197714651687, -0.451508351607645 ], [ 117.141158363867945, -0.451822752188016 ], [ 117.140992175540376, -0.451917970646816 ], [ 117.140858326563048, -0.452004206231067 ], [ 117.140795444493151, -0.452045527448158 ], [ 117.140685850028504, -0.452062594907323 ], [ 117.139527921627277, -0.452927645548194 ], [ 117.140226810918307, -0.453308519317888 ], [ 117.139960011278916, -0.454044216471957 ], [ 117.140172912001262, -0.45406577536179 ], [ 117.140719087694009, -0.454090927399848 ], [ 117.140755020305377, -0.454082842816196 ], [ 117.141737777226211, -0.454333464905198 ], [ 117.142546260981902, -0.454333464905198 ], [ 117.142590278430816, -0.454355023794168 ], [ 117.142639685771442, -0.4544574285159 ], [ 117.142687296481512, -0.454638882492946 ], [ 117.142830128611692, -0.454754761515505 ], [ 117.143059199009144, -0.454915554884813 ], [ 117.143270303100905, -0.454921842893595 ], [ 117.143467034148131, -0.454862555953426 ], [ 117.143493085291368, -0.454862555953426 ], [ 117.143653883727225, -0.454946096641706 ], [ 117.143966497446101, -0.455266785081284 ], [ 117.144280907795533, -0.45566921761273 ], [ 117.144302467362365, -0.455652150162076 ], [ 117.144384214053204, -0.455586575219713 ], [ 117.14438960394493, -0.455584778645942 ], [ 117.144713895762493, -0.45534493604339 ], [ 117.144917813332, -0.455626099842579 ], [ 117.145358886136478, -0.456192918842086 ], [ 117.145826010084221, -0.456743568635619 ], [ 117.145647245342701, -0.456907955107406 ], [ 117.145612211046611, -0.456947479723012 ], [ 117.146050588905268, -0.457325658420432 ], [ 117.146263489627614, -0.457493638025486 ], [ 117.146459322359533, -0.457693057658465 ], [ 117.146495254970901, -0.457734378842984 ], [ 117.146451237522001, -0.457828698937189 ], [ 117.146723427053061, -0.45808381232863 ], [ 117.146981243539614, -0.458279638798998 ], [ 117.147243551602585, -0.458523074449652 ], [ 117.14727319600695, -0.458541938466516 ], [ 117.146665934874875, -0.459235415623373 ], [ 117.146448542576138, -0.459512087838168 ], [ 117.146210489025847, -0.459836369219143 ], [ 117.146017351239735, -0.459954044730481 ], [ 117.145835891552366, -0.460011535055925 ], [ 117.14538853054087, -0.460137295141219 ], [ 117.14538853054087, -0.460314257543201 ], [ 117.145547532346143, -0.460563981128373 ], [ 117.145627482406439, -0.460719384649982 ], [ 117.145605024524329, -0.460820890994636 ], [ 117.14553585424747, -0.460957430500208 ], [ 117.145489141852678, -0.461114630585618 ], [ 117.145514294680638, -0.461232306075854 ], [ 117.145569990228253, -0.461304168969697 ], [ 117.145753246546207, -0.461409268450636 ], [ 117.146104487822313, -0.461843140650382 ], [ 117.14614131874896, -0.461890749813546 ], [ 117.146356016101862, -0.462034475587199 ], [ 117.146851886138691, -0.46225455567247 ], [ 117.147195042577238, -0.46224557281198 ], [ 117.147382790471625, -0.462312944265377 ], [ 117.147592996248108, -0.462092864181915 ], [ 117.147708878919758, -0.461895241244016 ] ] ] } },
{ "type": "Feature", "properties": { "FID": 44, "Kode_Prov": 64, "Provinsi": "Kalimantan Timur", "Kode_kota": "6472", "Kota": "Kota Samarinda", "Kode_Kec": 647204, "Kecamatan": "Samarinda Utara", "Kode_Kel": 0, "Kelurahan": "Sempaja Barat", "Sumber": "Revisi RTRW Kota Samarinda Tahun 2019 (Data belum disahkan)", "city": "samarinda", "source_layer": "Batas Administrasi AR", "role": "admin" }, "geometry": { "type": "Polygon", "coordinates": [ [ [ 117.151091934279748, -0.438145416206556 ], [ 117.150640081691833, -0.437819337285753 ], [ 117.150191822365045, -0.438105891489638 ], [ 117.14956928987317, -0.43850652838328 ], [ 117.148455378920872, -0.439062569238251 ], [ 117.147127668930906, -0.439519798278643 ], [ 117.146170963153338, -0.43969137144768 ], [ 117.146105386137592, -0.439700354336003 ], [ 117.14595087590871, -0.439763234553958 ], [ 117.145882603947129, -0.439801860973297 ], [ 117.14580804377853, -0.43985216514702 ], [ 117.145692161106908, -0.439977027291046 ], [ 117.145586159903374, -0.440133329540334 ], [ 117.145300495643014, -0.441161870122004 ], [ 117.145155866882277, -0.441612811013438 ], [ 117.144963627411485, -0.442169749925257 ], [ 117.144898948711003, -0.442377254573658 ], [ 117.144799235714473, -0.442666503467808 ], [ 117.144596216460272, -0.443222544012132 ], [ 117.144500995040147, -0.443412981151806 ], [ 117.144426434871576, -0.443513589450034 ], [ 117.144358162909995, -0.443594435402975 ], [ 117.144152448709931, -0.443706721447263 ], [ 117.143974582283661, -0.443801940011483 ], [ 117.143650290466084, -0.443875599654662 ], [ 117.143351151476466, -0.443921412359196 ], [ 117.142993621993412, -0.443997766866121 ], [ 117.142638787456164, -0.444119934075562 ], [ 117.142406123797585, -0.444242101282984 ], [ 117.142254308514566, -0.444370556506256 ], [ 117.141969542569512, -0.444648127575488 ], [ 117.141836591907463, -0.444830480084547 ], [ 117.141739573856796, -0.444974206196886 ], [ 117.141423366876751, -0.445538331160745 ], [ 117.14132814545664, -0.445710802478656 ], [ 117.141024514890603, -0.446401585997918 ], [ 117.140759511881797, -0.446906423847424 ], [ 117.140631951111459, -0.447098657467832 ], [ 117.140442406586502, -0.447322331160009 ], [ 117.140174708631818, -0.447633138769144 ], [ 117.139899824154895, -0.44786130388423 ], [ 117.139585413805463, -0.4480580289187 ], [ 117.139314122589653, -0.44816402688029 ], [ 117.138929643648041, -0.448285295732768 ], [ 117.139527921627277, -0.452927645548194 ], [ 117.140685850028504, -0.452062594907323 ], [ 117.140795444493151, -0.452045527448158 ], [ 117.140858326563048, -0.452004206231067 ], [ 117.140992175540376, -0.451917970646816 ], [ 117.141158363867945, -0.451822752188016 ], [ 117.142197714651687, -0.451508351607645 ], [ 117.143041232703453, -0.451261322570673 ], [ 117.143415830176934, -0.45114993492944 ], [ 117.144198262789416, -0.451052021598237 ], [ 117.146623714056531, -0.451052021598237 ], [ 117.147991848234255, -0.450838229182411 ], [ 117.14938962681633, -0.450463643295851 ], [ 117.15090059312422, -0.450130378618001 ], [ 117.151311123209069, -0.44998755089426 ], [ 117.151757585905258, -0.449898620423348 ], [ 117.152203150286198, -0.449916586175135 ], [ 117.152518458950908, -0.449952517678576 ], [ 117.152940667134459, -0.450046837874266 ], [ 117.15309517736334, -0.449826757415759 ], [ 117.154024035367101, -0.448548494050128 ], [ 117.154535176763758, -0.447715781252594 ], [ 117.154943011902745, -0.446904627271508 ], [ 117.155272693612034, -0.446007237546879 ], [ 117.155367915032159, -0.445587737007434 ], [ 117.155543984827844, -0.444978697637851 ], [ 117.155785631639276, -0.444195390292149 ], [ 117.155800004683812, -0.444063341912616 ], [ 117.155810784467207, -0.443909734611008 ], [ 117.155768563648863, -0.443720195772463 ], [ 117.155542188197288, -0.443275543027911 ], [ 117.155226879532549, -0.442680876083372 ], [ 117.155050809736835, -0.442298205184475 ], [ 117.154975351252972, -0.442195800292691 ], [ 117.154909774237254, -0.442075429628612 ], [ 117.154647466174268, -0.441611912724836 ], [ 117.154430073875531, -0.441240021234629 ], [ 117.154394141264163, -0.441154683812756 ], [ 117.154244122611729, -0.440979517522687 ], [ 117.154041103357514, -0.440769317969163 ], [ 117.153840779049148, -0.440590558515132 ], [ 117.153613505282252, -0.44042976483171 ], [ 117.153241602754633, -0.440037212640297 ], [ 117.152840055822622, -0.439598847697328 ], [ 117.152631646676724, -0.439372478905226 ], [ 117.152020792283537, -0.438827217540545 ], [ 117.151341665928712, -0.438314294540127 ], [ 117.151091934279748, -0.438145416206556 ] ] ] } },
{ "type": "Feature", "properties": { "FID": 45, "Kode_Prov": 64, "Provinsi": "Kalimantan Timur", "Kode_kota": "6472", "Kota": "Kota Samarinda", "Kode_Kec": 647203, "Kecamatan": "Sungai Kunjang", "Kode_Kel": 64720302, "Kelurahan": "Lok Bahu", "Sumber": "Revisi RTRW Kota Samarinda Tahun 2019 (Data belum disahkan)", "city": "samarinda", "source_layer": "Batas Administrasi AR", "role": "admin" }, "geometry": { "type": "Polygon", "coordinates": [ [ [ 117.071803034042219, -0.432650580273995 ], [ 117.071909933561031, -0.432487989841413 ], [ 117.069581500344569, -0.433294653942292 ], [ 117.069366802991695, -0.433578513449574 ], [ 117.069337158587317, -0.433599174109499 ], [ 117.069054189272819, -0.433797696099815 ], [ 117.06895896785268, -0.434025861638814 ], [ 117.068791881209847, -0.434527107168817 ], [ 117.068680490114616, -0.434868457152295 ], [ 117.068395724169534, -0.435245738695022 ], [ 117.067968126094314, -0.43577842426964 ], [ 117.067708512977205, -0.436069469997703 ], [ 117.067255762074012, -0.436571613681082 ], [ 117.066891046068648, -0.437029741162606 ], [ 117.066748213938467, -0.437258804892891 ], [ 117.066661077355917, -0.437456428497718 ], [ 117.066605381808287, -0.437840896223103 ], [ 117.066549686260686, -0.43824332970893 ], [ 117.06650027892006, -0.438472393402146 ], [ 117.066407752445798, -0.438806556894973 ], [ 117.066320615863219, -0.438992502703067 ], [ 117.066091545465767, -0.439327564461533 ], [ 117.065875051482308, -0.439574593898502 ], [ 117.065751083973126, -0.439798267818018 ], [ 117.065633404670876, -0.440021043442039 ], [ 117.065485182649013, -0.440231243016668 ], [ 117.065379181445479, -0.440392036704372 ], [ 117.065428588786091, -0.440516000550625 ], [ 117.065509437161666, -0.440646252415843 ], [ 117.065485182649013, -0.440751352195083 ], [ 117.065367503346764, -0.440992991852839 ], [ 117.065367503346764, -0.440999279873568 ], [ 117.065249824044557, -0.441166361565281 ], [ 117.065038719952796, -0.44150681295775 ], [ 117.065008177233125, -0.441724198799141 ], [ 117.06503243174582, -0.441891280474567 ], [ 117.065106991914377, -0.442132920095281 ], [ 117.065143822841023, -0.442454507385001 ], [ 117.065137534634047, -0.442677282929484 ], [ 117.06513214474235, -0.442888380717476 ], [ 117.065014465440129, -0.443179426168508 ], [ 117.064902176029619, -0.443408489709889 ], [ 117.064717123081081, -0.443662705318105 ], [ 117.064568002743925, -0.443848651004804 ], [ 117.064426068929023, -0.44400944461417 ], [ 117.064276948591868, -0.4441513741659 ], [ 117.064202388423283, -0.444275337949359 ], [ 117.064214964837262, -0.444437029837702 ], [ 117.064295813212823, -0.44471549919266 ], [ 117.064351508760438, -0.444968816467724 ], [ 117.064338932346473, -0.445210455987959 ], [ 117.064345220553449, -0.445501501347543 ], [ 117.064332644139469, -0.4457557168837 ], [ 117.064136811407522, -0.446032389612725 ], [ 117.064015538844174, -0.446177013989667 ], [ 117.063718196485141, -0.44635936646089 ], [ 117.063497210925263, -0.446389908253658 ], [ 117.063352582164498, -0.446557888111613 ], [ 117.063322039444856, -0.446839052250296 ], [ 117.063284310202917, -0.447136385560966 ], [ 117.063146867964434, -0.447379821585812 ], [ 117.062842339083119, -0.447646613087162 ], [ 117.062583624281288, -0.447905319988291 ], [ 117.062385994918785, -0.448111027899687 ], [ 117.062256637517891, -0.448316735805306 ], [ 117.062279095400001, -0.448568256380742 ], [ 117.062271908877719, -0.448788336877158 ], [ 117.062202738600831, -0.449039857436382 ], [ 117.062302451597375, -0.449238379014516 ], [ 117.062553081561646, -0.44950427216049 ], [ 117.062667167602726, -0.449747708106593 ], [ 117.062675252440286, -0.449968686855066 ], [ 117.062576437759034, -0.450197750184832 ], [ 117.062447080358112, -0.450388187143709 ], [ 117.0623401808393, -0.450532811434627 ], [ 117.06224855268033, -0.450677435722674 ], [ 117.0623401808393, -0.450897516155496 ], [ 117.062447080358112, -0.45114185034251 ], [ 117.062576437759034, -0.45147691154886 ], [ 117.062637523198333, -0.451727533727968 ], [ 117.062644709720615, -0.452002409656406 ], [ 117.062758795761681, -0.452230574634854 ], [ 117.063002239203698, -0.452557551205639 ], [ 117.063154952801995, -0.452846799698278 ], [ 117.063291496725199, -0.453151319061597 ], [ 117.063391209721729, -0.453456736699266 ], [ 117.063406481081572, -0.45368490163194 ], [ 117.063360667002058, -0.453844796737952 ], [ 117.063207953403762, -0.454035233601174 ], [ 117.062918695882274, -0.454285855691827 ], [ 117.062614167000959, -0.454461021664004 ], [ 117.062256637517891, -0.454583188698496 ], [ 117.062020380598142, -0.454705355730921 ], [ 117.061715851716826, -0.454849979935751 ], [ 117.061457136915024, -0.454887707988709 ], [ 117.061113980476478, -0.454902978867231 ], [ 117.060855265674647, -0.454925436041469 ], [ 117.060603737395098, -0.455100601998128 ], [ 117.060528278911235, -0.455291038828235 ], [ 117.060513007551393, -0.455481475653312 ], [ 117.060741179633553, -0.456129140478284 ], [ 117.060786095397759, -0.456400423092234 ], [ 117.06082472295499, -0.456631282792073 ], [ 117.060908266276414, -0.457126238777244 ], [ 117.060969351715741, -0.457750548002078 ], [ 117.061030437155054, -0.458214962167175 ], [ 117.060923537636242, -0.458672190010171 ], [ 117.060642364952301, -0.459098876084851 ], [ 117.060672907671972, -0.459638746218639 ], [ 117.060703450391628, -0.460050161368073 ], [ 117.060520194073675, -0.460332223269045 ], [ 117.060307293351357, -0.460545117116849 ], [ 117.060093494313719, -0.460659199471495 ], [ 117.059788965432404, -0.460910719617018 ], [ 117.059507792748477, -0.461085885427403 ], [ 117.059400893229665, -0.461329320982371 ], [ 117.059302078548413, -0.461588027393282 ], [ 117.059195179029601, -0.461877275522117 ], [ 117.059142178427834, -0.462205149939635 ], [ 117.059210450389415, -0.462761188985697 ], [ 117.059225721749257, -0.463057623354319 ], [ 117.059416164589479, -0.46327141540642 ], [ 117.059644336671653, -0.463385497717298 ], [ 117.059979408272625, -0.463248059972471 ], [ 117.060276750631687, -0.463118706798435 ], [ 117.060558821630892, -0.463103435937455 ], [ 117.06079418023532, -0.463210331963621 ], [ 117.060916351113974, -0.463313634844518 ], [ 117.061045708514897, -0.463423225725215 ], [ 117.061099607431942, -0.465061699017831 ], [ 117.061653867962221, -0.467568813938883 ], [ 117.062386893234091, -0.469365384453414 ], [ 117.06306781621943, -0.470265466107783 ], [ 117.063184597206387, -0.470993975226099 ], [ 117.063097460623808, -0.471576962122904 ], [ 117.061885633305522, -0.472899237307182 ], [ 117.063235801177569, -0.476044131280493 ], [ 117.063526855329613, -0.47734125365602 ], [ 117.063993979277356, -0.477646670246277 ], [ 117.064692868568414, -0.478041016941266 ], [ 117.065099805392123, -0.478913250666802 ], [ 117.065100703707401, -0.478915047234609 ], [ 117.065100703707401, -0.478915047234609 ], [ 117.063692145341903, -0.483324721491823 ], [ 117.061602663991039, -0.489214762673046 ], [ 117.0609370123655, -0.491768579443869 ], [ 117.060655839681559, -0.493564245311812 ], [ 117.059693744012279, -0.495094917584934 ], [ 117.058984973253118, -0.495883608911732 ], [ 117.05898407493784, -0.495885405475012 ], [ 117.05898407493784, -0.495885405475012 ], [ 117.05886998889676, -0.496207888575796 ], [ 117.058593307789224, -0.497535548641187 ], [ 117.058250151350705, -0.498591927501047 ], [ 117.05804713209649, -0.499977077075716 ], [ 117.057680619460584, -0.500780140314031 ], [ 117.057606957607277, -0.500940034325133 ], [ 117.057594381193297, -0.500975965563046 ], [ 117.05705629033811, -0.502177865357629 ], [ 117.056870339074294, -0.503960054182719 ], [ 117.055792360733349, -0.510566005873294 ], [ 117.054579635099785, -0.513878860249582 ], [ 117.054690127879738, -0.514557959253722 ], [ 117.054746721742646, -0.51483732403471 ], [ 117.054771874570591, -0.515034945415799 ], [ 117.055036877579397, -0.516687778544751 ], [ 117.056207382394618, -0.519033183947569 ], [ 117.056207382394618, -0.519033183947569 ], [ 117.056207382394618, -0.519033183947569 ], [ 117.059009227765799, -0.523417679417686 ], [ 117.059832084566025, -0.526005617224673 ], [ 117.059836576142459, -0.526025379328067 ], [ 117.05984196603417, -0.526036158657165 ], [ 117.061431984087065, -0.529322954884314 ], [ 117.06538277470662, -0.531824655683117 ], [ 117.06538277470662, -0.531824655683117 ], [ 117.065383673021898, -0.531825553959703 ], [ 117.065391757859459, -0.531830045342632 ], [ 117.065430385416676, -0.531519241636246 ], [ 117.066213716344436, -0.525155846719563 ], [ 117.06657933066505, -0.524131810228012 ], [ 117.067723784337019, -0.521860065519252 ], [ 117.068202586383464, -0.520792911137751 ], [ 117.069183546673742, -0.519175111937182 ], [ 117.069567127300033, -0.518722379604762 ], [ 117.069649772306192, -0.518543622186811 ], [ 117.069684806602254, -0.517681274773053 ], [ 117.069856384821534, -0.517108172989448 ], [ 117.069975860754326, -0.516751556336229 ], [ 117.069975860754326, -0.516330263589126 ], [ 117.070145642343022, -0.516079643796687 ], [ 117.070677444991205, -0.515365512075922 ], [ 117.071718592405503, -0.514435793300635 ], [ 117.07421321394952, -0.511462488869639 ], [ 117.075559788560383, -0.510747458353593 ], [ 117.078991352945749, -0.509602151770856 ], [ 117.079594122501391, -0.509701860822628 ], [ 117.079856430564348, -0.50970096254289 ], [ 117.080389131527824, -0.509601253491103 ], [ 117.080821221179491, -0.50952939111048 ], [ 117.081550653190206, -0.509391056025525 ], [ 117.083239485924338, -0.509560830902101 ], [ 117.083579947417007, -0.50955364466403 ], [ 117.083835068957725, -0.509574305098464 ], [ 117.083926697116695, -0.509503340997307 ], [ 117.083955443205795, -0.509367700751148 ], [ 117.083977002772599, -0.509098216809914 ], [ 117.084600433579766, -0.509359616233075 ], [ 117.084973234422691, -0.509438664853799 ], [ 117.086114094833533, -0.509550949824751 ], [ 117.086326995555879, -0.509538373908102 ], [ 117.086610863185641, -0.509407225061582 ], [ 117.086918087012791, -0.509198824149293 ], [ 117.08706541071939, -0.509044320020316 ], [ 117.087266633343063, -0.508984135271399 ], [ 117.08762685777198, -0.508995812909292 ], [ 117.087916115293453, -0.508989524950429 ], [ 117.090689214575562, -0.509322786761725 ], [ 117.092426556335042, -0.509095521970445 ], [ 117.092705034073106, -0.509152113599062 ], [ 117.093159581606884, -0.509270686533602 ], [ 117.093594366204385, -0.509346142036264 ], [ 117.093859369213206, -0.509356023113928 ], [ 117.09412886379846, -0.509327278160681 ], [ 117.094379493762702, -0.509245534699185 ], [ 117.094648090032649, -0.509069471855518 ], [ 117.094756786182018, -0.508957186876179 ], [ 117.095117010610963, -0.508587993850335 ], [ 117.09564881325916, -0.508058008691165 ], [ 117.095938070780633, -0.507795710935288 ], [ 117.096139293404306, -0.507708577774303 ], [ 117.09657946789352, -0.50753700628893 ], [ 117.096990896293647, -0.507365434799006 ], [ 117.097323272948756, -0.507165118341663 ], [ 117.097564919760217, -0.507022291805511 ], [ 117.097805668256342, -0.506671962552553 ], [ 117.098059891481739, -0.506136587555033 ], [ 117.098165892685259, -0.505867103479155 ], [ 117.09829794503203, -0.50559043314961 ], [ 117.098449760315049, -0.505371252750303 ], [ 117.098652779569278, -0.505147580941746 ], [ 117.098912392686387, -0.504914028041061 ], [ 117.099261837331881, -0.504599629892275 ], [ 117.099621163445548, -0.504279842045352 ], [ 117.100041574998514, -0.503927716083377 ], [ 117.100544631557611, -0.503644757707281 ], [ 117.100368561761925, -0.502954878186474 ], [ 117.100261662243113, -0.502469806604739 ], [ 117.100270645395966, -0.501215806571069 ], [ 117.100278730233526, -0.499942044113418 ], [ 117.101271368622477, -0.499886350685791 ], [ 117.101451929994582, -0.499868385063875 ], [ 117.101542659838259, -0.499814488197832 ], [ 117.101734899309065, -0.499666271813933 ], [ 117.10170794985055, -0.4996114766651 ], [ 117.10168908522958, -0.499590816199028 ], [ 117.10166033914048, -0.499576443700852 ], [ 117.101641474519511, -0.499552190110109 ], [ 117.101627999790253, -0.499524343394702 ], [ 117.101625304844418, -0.499495598398029 ], [ 117.101628898105531, -0.499468649963534 ], [ 117.101643271150095, -0.499444396372393 ], [ 117.101667525662762, -0.499417447937688 ], [ 117.101699865012989, -0.49939948231449 ], [ 117.101742984146625, -0.499386008097059 ], [ 117.101832815675039, -0.499378821847751 ], [ 117.101992715795618, -0.499337500914079 ], [ 117.102217294616651, -0.499251265921231 ], [ 117.102686215194964, -0.49903298359053 ], [ 117.102952116519049, -0.499040169840216 ], [ 117.103408460683411, -0.499029390465684 ], [ 117.103752515437193, -0.498988967811034 ], [ 117.104010331923746, -0.498928782969205 ], [ 117.104367861406828, -0.498829073752427 ], [ 117.104547524463655, -0.498746431877916 ], [ 117.104784679698668, -0.498667383127413 ], [ 117.104985902322298, -0.499145268740973 ], [ 117.105396432407147, -0.499226114048104 ], [ 117.105664130361831, -0.499320433571834 ], [ 117.105742283791528, -0.4993725338796 ], [ 117.105819538905962, -0.49948931042999 ], [ 117.105824928797688, -0.499572850576303 ], [ 117.105810555753123, -0.499643814785778 ], [ 117.105758453466649, -0.499739032584629 ], [ 117.105714436017735, -0.499916892242935 ], [ 117.106276781385574, -0.500000432383811 ], [ 117.106293849375973, -0.500204342185569 ], [ 117.106328883672063, -0.500553773505128 ], [ 117.10634684997774, -0.500766666099434 ], [ 117.106327985356785, -0.500922068706103 ], [ 117.106642395706245, -0.501169994244372 ], [ 117.106564242276505, -0.501470918345243 ], [ 117.106643294021524, -0.501558051589779 ], [ 117.106729532288782, -0.501717945581888 ], [ 117.106796905935099, -0.501896703467318 ], [ 117.106831041915896, -0.501992819514247 ], [ 117.10686068632026, -0.502022462780772 ], [ 117.106947822902839, -0.502033242150384 ], [ 117.107161621940435, -0.502041326677582 ], [ 117.107302657440059, -0.502060190574337 ], [ 117.10749489691085, -0.502114087421909 ], [ 117.107641322302172, -0.502161696303562 ], [ 117.107841646610538, -0.502243439854269 ], [ 117.107909020256841, -0.502273981400425 ], [ 117.107950342759906, -0.50228925217345 ], [ 117.108034784396622, -0.502301828104149 ], [ 117.10813539570843, -0.502302726384912 ], [ 117.108226125552122, -0.502306319507964 ], [ 117.108278227838611, -0.502508432676457 ], [ 117.108301584035985, -0.502745578786182 ], [ 117.108327635179236, -0.502933319450273 ], [ 117.108304278981848, -0.503148906809076 ], [ 117.108364466105868, -0.503286343746594 ], [ 117.108522569595877, -0.503439051451551 ], [ 117.108572875251795, -0.503509117338511 ], [ 117.108599824710325, -0.503580081505306 ], [ 117.108601621340881, -0.50367529924688 ], [ 117.108594434818627, -0.503763330742569 ], [ 117.108585451665789, -0.503836989748253 ], [ 117.108546824108558, -0.503988799159778 ], [ 117.108505501605492, -0.504125337799075 ], [ 117.108569281990654, -0.504172048385545 ], [ 117.109983230247863, -0.505049668380558 ], [ 117.110525812679469, -0.50413342232368 ], [ 117.110879748901397, -0.503348325109625 ], [ 117.111143853594953, -0.502748273628289 ], [ 117.11135855094787, -0.502230863923458 ], [ 117.11156606177849, -0.501773638993953 ], [ 117.111750216411721, -0.501311922627999 ], [ 117.111990066592597, -0.500904103087023 ], [ 117.112188594270378, -0.500551078662118 ], [ 117.112433834342951, -0.500174698910817 ], [ 117.112575768157839, -0.499841436630909 ], [ 117.112764414367504, -0.49949919152262 ], [ 117.112961145414701, -0.499129997960625 ], [ 117.113095892707335, -0.498951239999803 ], [ 117.113265674296045, -0.498683552190093 ], [ 117.113368082238438, -0.498461676715405 ], [ 117.113636678508385, -0.497875099007461 ], [ 117.113771425801005, -0.497547226299576 ], [ 117.113863053959975, -0.497307385157735 ], [ 117.113926834345136, -0.497146592776865 ], [ 117.114049903539069, -0.496992088362508 ], [ 117.114146023274458, -0.496884294582909 ], [ 117.114269990783669, -0.496727095317841 ], [ 117.114330177907732, -0.496552828699624 ], [ 117.114330177907732, -0.496370477542655 ], [ 117.114297838557476, -0.496180940127864 ], [ 117.114137938436897, -0.495706647426305 ], [ 117.114112785608953, -0.495491958105149 ], [ 117.114166684525998, -0.495252116888768 ], [ 117.114199922191503, -0.495080545076969 ], [ 117.114279872251799, -0.494723028931314 ], [ 117.114388568401196, -0.494337666029124 ], [ 117.114503552757569, -0.494035843320882 ], [ 117.114588892709563, -0.493902897599807 ], [ 117.114711063588189, -0.493771748439924 ], [ 117.114815268161138, -0.493698089321595 ], [ 117.114959896921874, -0.493698089321595 ], [ 117.115089254322783, -0.493707072140947 ], [ 117.115191662265175, -0.493747494827882 ], [ 117.115304849990977, -0.493799595179568 ], [ 117.115527632181468, -0.493942422003648 ], [ 117.115794431820831, -0.494070876314507 ], [ 117.115939060581567, -0.494132857764313 ], [ 117.116019010641864, -0.494167890757425 ], [ 117.116280420389529, -0.494211008287157 ], [ 117.116493321111875, -0.494172382166785 ], [ 117.116682865636832, -0.494082553979007 ], [ 117.116892173098037, -0.493819357381825 ], [ 117.117107768766232, -0.493563347029858 ], [ 117.117299109921731, -0.493354945613261 ], [ 117.117882116541139, -0.492829450632955 ], [ 117.118142627973526, -0.492652489066152 ], [ 117.118596277191998, -0.492352462845706 ], [ 117.11892685721655, -0.492119807773252 ], [ 117.118366308479267, -0.491684140916913 ], [ 117.109268171281698, -0.481698828483735 ], [ 117.102836233847398, -0.477890105224673 ], [ 117.102069970910065, -0.477018769653351 ], [ 117.101399827708093, -0.476257024651125 ], [ 117.099586129149458, -0.474196360273121 ], [ 117.068497233796649, -0.44110617622515 ], [ 117.068534963038573, -0.440890586943074 ], [ 117.0685960484779, -0.440458510071459 ], [ 117.068702947996712, -0.440026433174795 ], [ 117.068809847515524, -0.439603339141546 ], [ 117.068916747034336, -0.439171262195378 ], [ 117.06902274823787, -0.438749066402646 ], [ 117.069129647756682, -0.438316989407121 ], [ 117.06924463211304, -0.43789389527716 ], [ 117.069366802991695, -0.43747080112332 ], [ 117.069496160392589, -0.437056689837119 ], [ 117.069648873990886, -0.436642578528087 ], [ 117.069801587589183, -0.436228467196245 ], [ 117.069961487709762, -0.435824237023877 ], [ 117.070151930549997, -0.435428091433909 ], [ 117.070358543065353, -0.435040928717025 ], [ 117.070572342102977, -0.434653765980276 ], [ 117.070800514185137, -0.434284569013289 ], [ 117.07102958458259, -0.433906389133031 ], [ 117.07126584150231, -0.43352820923387 ], [ 117.071494911899762, -0.433159910501568 ], [ 117.071715897459669, -0.432781730565141 ], [ 117.071803034042219, -0.432650580273995 ] ] ] } },
{ "type": "Feature", "properties": { "FID": 46, "Kode_Prov": 64, "Provinsi": "Kalimantan Timur", "Kode_kota": "6472", "Kota": "Kota Samarinda", "Kode_Kec": 647210, "Kecamatan": "Sungai Pinang", "Kode_Kel": 64720410, "Kelurahan": "Gunung Lingai", "Sumber": "Revisi RTRW Kota Samarinda Tahun 2019 (Data belum disahkan)", "city": "samarinda", "source_layer": "Batas Administrasi AR", "role": "admin" }, "geometry": { "type": "Polygon", "coordinates": [ [ [ 117.175903402427139, -0.434423803881303 ], [ 117.1730593362376, -0.429192164246295 ], [ 117.170957278472756, -0.429538904209682 ], [ 117.170921345861402, -0.429599089642139 ], [ 117.170899786294569, -0.429613462282656 ], [ 117.170871040205469, -0.429634122953352 ], [ 117.170849480638665, -0.42964939388383 ], [ 117.170639274862182, -0.429732036565888 ], [ 117.170218863309216, -0.429924270627216 ], [ 117.170118251997408, -0.429970083416818 ], [ 117.169557703260097, -0.430298857545899 ], [ 117.16909776583465, -0.430588106904576 ], [ 117.168979188217136, -0.430698596563535 ], [ 117.168875881959465, -0.430801899901763 ], [ 117.168819288096557, -0.43089442376003 ], [ 117.168801321790866, -0.431002218544944 ], [ 117.168826474618839, -0.431462142943432 ], [ 117.168768982440653, -0.431876254536253 ], [ 117.168547996880733, -0.432426007852385 ], [ 117.16827311240381, -0.433275789860735 ], [ 117.168105127445699, -0.433699782539631 ], [ 117.168076381356585, -0.433918066896837 ], [ 117.168094347662276, -0.434035742823418 ], [ 117.168219213486765, -0.434253128881446 ], [ 117.168812101574289, -0.434735510318459 ], [ 117.169436430696749, -0.435213400277813 ], [ 117.169586449349183, -0.435370600915721 ], [ 117.169671789301162, -0.435545767336958 ], [ 117.169743654523899, -0.435859270306341 ], [ 117.16976790903658, -0.436148519452765 ], [ 117.169793061864553, -0.436426989117392 ], [ 117.169771502297721, -0.436555444475342 ], [ 117.169722094957095, -0.436637188792895 ], [ 117.169550516737814, -0.436866252535149 ], [ 117.169336717700219, -0.437172569136427 ], [ 117.169208258614574, -0.437347735515707 ], [ 117.169165139480953, -0.43745822507592 ], [ 117.16915795295867, -0.437590273572576 ], [ 117.169318751394528, -0.437836404777827 ], [ 117.170539561865652, -0.438668220397064 ], [ 117.170910566077978, -0.439012265059211 ], [ 117.171047110001169, -0.439611423741133 ], [ 117.171009380759244, -0.440858248550224 ], [ 117.170854870530363, -0.441479864299284 ], [ 117.170797378352177, -0.441725995376316 ], [ 117.170816242973146, -0.441964041848174 ], [ 117.170892599772287, -0.442653927429167 ], [ 117.170830616017682, -0.443538741524377 ], [ 117.170449730337239, -0.445885070368694 ], [ 117.17004548845938, -0.447657392541558 ], [ 117.169694247183273, -0.449156634835937 ], [ 117.169700535390277, -0.450001923495518 ], [ 117.169830791106463, -0.450769061046534 ], [ 117.170193710481271, -0.451352049599773 ], [ 117.170818039603731, -0.451619739243389 ], [ 117.171312113010003, -0.451917072359475 ], [ 117.171454945140155, -0.452071577780551 ], [ 117.1715088440572, -0.452220693474519 ], [ 117.171514233948926, -0.452386876623826 ], [ 117.171498064273806, -0.452654566229301 ], [ 117.171525912047599, -0.452882731187241 ], [ 117.171640896403986, -0.45303993144936 ], [ 117.171975968004929, -0.453289655287314 ], [ 117.173424950558243, -0.454817641604488 ], [ 117.173511188825515, -0.455038620198566 ], [ 117.173660309162671, -0.456809143567438 ], [ 117.173717801340857, -0.458129624943737 ], [ 117.173544426491048, -0.459319854547206 ], [ 117.173628868127722, -0.459819301778406 ], [ 117.173424052242964, -0.46014627800437 ], [ 117.173665699054396, -0.460413069034782 ], [ 117.174034906636152, -0.460819094422177 ], [ 117.174131026371541, -0.460924193910277 ], [ 117.174192111810868, -0.461062529986267 ], [ 117.174314282689508, -0.461250271799382 ], [ 117.174455318189118, -0.46165270399454 ], [ 117.174462504711414, -0.461674262861495 ], [ 117.174465199657249, -0.461676059433739 ], [ 117.174961968009356, -0.46189613953011 ], [ 117.175220682811187, -0.461976985278086 ], [ 117.175350040212109, -0.461986866424998 ], [ 117.175579110609547, -0.462004832146621 ], [ 117.175640196048889, -0.462009323577019 ], [ 117.176120794725875, -0.462288690542228 ], [ 117.176141455977415, -0.462300368260791 ], [ 117.176609478240437, -0.462187184218519 ], [ 117.176724462596809, -0.46214586305978 ], [ 117.176750513740046, -0.462139575057342 ], [ 117.177278723127117, -0.461962612700736 ], [ 117.177973120841727, -0.461815293781214 ], [ 117.178654942142359, -0.461625755410754 ], [ 117.178779807966862, -0.461600603399129 ], [ 117.179047505921531, -0.461604196543652 ], [ 117.179293644309411, -0.461632941699774 ], [ 117.180018584743664, -0.461832361217169 ], [ 117.180318622048588, -0.461886258383072 ], [ 117.180632134082742, -0.461871885805538 ], [ 117.181174716514334, -0.461804514347959 ], [ 117.182514104602959, -0.461919494968509 ], [ 117.183880442150112, -0.462079389890869 ], [ 117.184376312186927, -0.462110829903269 ], [ 117.184640416880455, -0.462047051592255 ], [ 117.185532443957598, -0.46171468573686 ], [ 117.185978906653816, -0.461479334770399 ], [ 117.186367877171847, -0.461137087740393 ], [ 117.186949985475948, -0.460504694234844 ], [ 117.187650671397549, -0.459820200064762 ], [ 117.18843130737946, -0.459110553808643 ], [ 117.189040365142091, -0.458586852792182 ], [ 117.189443708704658, -0.458135912949709 ], [ 117.189646727958873, -0.457829597223794 ], [ 117.189764407261094, -0.45727984580019 ], [ 117.189983596190416, -0.456408507673287 ], [ 117.189427539029552, -0.455923432794002 ], [ 117.188775362133285, -0.455459018480805 ], [ 117.188632530003105, -0.455073653389689 ], [ 117.188960415081795, -0.454102605131773 ], [ 117.189274825431227, -0.452532399162256 ], [ 117.189131993301061, -0.451490385859785 ], [ 117.187161987882988, -0.445764699764676 ], [ 117.184005307974616, -0.438716728000518 ], [ 117.183639693653959, -0.437979232736294 ], [ 117.182800667178583, -0.436918353306923 ], [ 117.181625670786971, -0.435516123789035 ], [ 117.178760943345893, -0.43422258703896 ], [ 117.177912035402429, -0.433072776408624 ], [ 117.175903402427139, -0.434423803881303 ] ] ] } },
{ "type": "Feature", "properties": { "FID": 47, "Kode_Prov": 64, "Provinsi": "Kalimantan Timur", "Kode_kota": "6472", "Kota": "Kota Samarinda", "Kode_Kec": 647204, "Kecamatan": "Samarinda Utara", "Kode_Kel": 0, "Kelurahan": "Sempaja Timur", "Sumber": "Revisi RTRW Kota Samarinda Tahun 2019 (Data belum disahkan)", "city": "samarinda", "source_layer": "Batas Administrasi AR", "role": "admin" }, "geometry": { "type": "Polygon", "coordinates": [ [ [ 117.162107974608901, -0.42051647375727 ], [ 117.16192651492149, -0.420503897682006 ], [ 117.161437831406943, -0.42054072761665 ], [ 117.161151268831304, -0.42054342248991 ], [ 117.160790146087081, -0.420553303691855 ], [ 117.160495498673896, -0.421157853568859 ], [ 117.16012449446157, -0.422043568459987 ], [ 117.159768761609044, -0.422675965237387 ], [ 117.159454351259612, -0.423117026027513 ], [ 117.15906538074158, -0.423682949204183 ], [ 117.159003396986975, -0.423780862892461 ], [ 117.158925243557277, -0.423928182567906 ], [ 117.158882124423627, -0.424080891984616 ], [ 117.158848886758122, -0.424449191153697 ], [ 117.158860564856809, -0.42476988090371 ], [ 117.159077058840296, -0.425299872338143 ], [ 117.159163297107554, -0.425485818476857 ], [ 117.159319603966992, -0.426084978226662 ], [ 117.159105804929368, -0.426656290928208 ], [ 117.158734800717028, -0.427356059100752 ], [ 117.157892180980539, -0.428940643019492 ], [ 117.157021713470215, -0.430411143788924 ], [ 117.156108126826268, -0.432381093367265 ], [ 117.155907802517902, -0.433052115747264 ], [ 117.155573629232222, -0.434158808485136 ], [ 117.15544606846187, -0.434581902825099 ], [ 117.15521789637971, -0.435529598129014 ], [ 117.155084047402369, -0.435833219916832 ], [ 117.154922350651233, -0.436192535626246 ], [ 117.154815451132421, -0.436381176366822 ], [ 117.154144409615185, -0.437592070150746 ], [ 117.15387311839936, -0.43807714624084 ], [ 117.153494029349488, -0.438725710890012 ], [ 117.15317872068475, -0.439210786906668 ], [ 117.152840055822622, -0.439598847697328 ], [ 117.153241602754633, -0.440037212640297 ], [ 117.153613505282252, -0.44042976483171 ], [ 117.153840779049148, -0.440590558515132 ], [ 117.154041103357514, -0.440769317969163 ], [ 117.154244122611729, -0.440979517522687 ], [ 117.154394141264163, -0.441154683812756 ], [ 117.154430073875531, -0.441240021234629 ], [ 117.154647466174268, -0.441611912724836 ], [ 117.154909774237254, -0.442075429628612 ], [ 117.154975351252972, -0.442195800292691 ], [ 117.155050809736835, -0.442298205184475 ], [ 117.155226879532549, -0.442680876083372 ], [ 117.155542188197288, -0.443275543027911 ], [ 117.155768563648863, -0.443720195772463 ], [ 117.155810784467207, -0.443909734611008 ], [ 117.155800004683812, -0.444063341912616 ], [ 117.155785631639276, -0.444195390292149 ], [ 117.155543984827844, -0.444978697637851 ], [ 117.155367915032159, -0.445587737007434 ], [ 117.155272693612034, -0.446007237546879 ], [ 117.154943011902745, -0.446904627271508 ], [ 117.154535176763758, -0.447715781252594 ], [ 117.154024035367101, -0.448548494050128 ], [ 117.15309517736334, -0.449826757415759 ], [ 117.152940667134459, -0.450046837874266 ], [ 117.153851558832542, -0.450336984754312 ], [ 117.155289761602432, -0.450552573759871 ], [ 117.156197958354682, -0.450533709722139 ], [ 117.15741158230351, -0.450804992545773 ], [ 117.160296970996114, -0.451611654656982 ], [ 117.162022634656907, -0.452047324022809 ], [ 117.163578516729004, -0.452375198889134 ], [ 117.164192964383332, -0.452703972027889 ], [ 117.166353412641655, -0.454517613746415 ], [ 117.167222083521395, -0.455247022768893 ], [ 117.167776344051688, -0.455662929604599 ], [ 117.169721196641788, -0.457202593145786 ], [ 117.172894944540602, -0.459832776073728 ], [ 117.173370153325891, -0.460225327199607 ], [ 117.173414170774819, -0.460160650585387 ], [ 117.173424052242964, -0.46014627800437 ], [ 117.173628868127722, -0.459819301778406 ], [ 117.173544426491048, -0.459319854547206 ], [ 117.173717801340857, -0.458129624943737 ], [ 117.173660309162671, -0.456809143567438 ], [ 117.173511188825515, -0.455038620198566 ], [ 117.173424950558243, -0.454817641604488 ], [ 117.171975968004929, -0.453289655287314 ], [ 117.171640896403986, -0.45303993144936 ], [ 117.171525912047599, -0.452882731187241 ], [ 117.171498064273806, -0.452654566229301 ], [ 117.171514233948926, -0.452386876623826 ], [ 117.1715088440572, -0.452220693474519 ], [ 117.171454945140155, -0.452071577780551 ], [ 117.171312113010003, -0.451917072359475 ], [ 117.170818039603731, -0.451619739243389 ], [ 117.170193710481271, -0.451352049599773 ], [ 117.169830791106463, -0.450769061046534 ], [ 117.169700535390277, -0.450001923495518 ], [ 117.169694247183273, -0.449156634835937 ], [ 117.17004548845938, -0.447657392541558 ], [ 117.170449730337239, -0.445885070368694 ], [ 117.170830616017682, -0.443538741524377 ], [ 117.170892599772287, -0.442653927429167 ], [ 117.170816242973146, -0.441964041848174 ], [ 117.170797378352177, -0.441725995376316 ], [ 117.170854870530363, -0.441479864299284 ], [ 117.171009380759244, -0.440858248550224 ], [ 117.171047110001169, -0.439611423741133 ], [ 117.170910566077978, -0.439012265059211 ], [ 117.170539561865652, -0.438668220397064 ], [ 117.169318751394528, -0.437836404777827 ], [ 117.16915795295867, -0.437590273572576 ], [ 117.169165139480953, -0.43745822507592 ], [ 117.169208258614574, -0.437347735515707 ], [ 117.169336717700219, -0.437172569136427 ], [ 117.169550516737814, -0.436866252535149 ], [ 117.169722094957095, -0.436637188792895 ], [ 117.169771502297721, -0.436555444475342 ], [ 117.169793061864553, -0.436426989117392 ], [ 117.16976790903658, -0.436148519452765 ], [ 117.169743654523899, -0.435859270306341 ], [ 117.169671789301162, -0.435545767336958 ], [ 117.169586449349183, -0.435370600915721 ], [ 117.169436430696749, -0.435213400277813 ], [ 117.168812101574289, -0.434735510318459 ], [ 117.168219213486765, -0.434253128881446 ], [ 117.168094347662276, -0.434035742823418 ], [ 117.168076381356585, -0.433918066896837 ], [ 117.168105127445699, -0.433699782539631 ], [ 117.16827311240381, -0.433275789860735 ], [ 117.168547996880733, -0.432426007852385 ], [ 117.168768982440653, -0.431876254536253 ], [ 117.168826474618839, -0.431462142943432 ], [ 117.168801321790866, -0.431002218544944 ], [ 117.168819288096557, -0.43089442376003 ], [ 117.168875881959465, -0.430801899901763 ], [ 117.168979188217136, -0.430698596563535 ], [ 117.16909776583465, -0.430588106904576 ], [ 117.169557703260097, -0.430298857545899 ], [ 117.170118251997408, -0.429970083416818 ], [ 117.170218863309216, -0.429924270627216 ], [ 117.170639274862182, -0.429732036565888 ], [ 117.170849480638665, -0.42964939388383 ], [ 117.170871040205469, -0.429634122953352 ], [ 117.170899786294569, -0.429613462282656 ], [ 117.170921345861402, -0.429599089642139 ], [ 117.170957278472756, -0.429538904209682 ], [ 117.171088432504234, -0.429158927513227 ], [ 117.171410029375949, -0.428018099020459 ], [ 117.171666947547223, -0.427147655749223 ], [ 117.171766660543753, -0.426869185744824 ], [ 117.171781033588289, -0.426540411468586 ], [ 117.171973273059095, -0.425995149181683 ], [ 117.172051426488807, -0.425590918466322 ], [ 117.172110715297578, -0.425203755250192 ], [ 117.172152037800643, -0.424989962097 ], [ 117.172247259220754, -0.42485342192884 ], [ 117.172569754407775, -0.424495902266571 ], [ 117.172673958980724, -0.424397090296696 ], [ 117.172721569690765, -0.424319837301187 ], [ 117.172745824203446, -0.424219228747741 ], [ 117.172742230942305, -0.424126704809042 ], [ 117.172727857897769, -0.423596713294215 ], [ 117.172739535996442, -0.423525748325918 ], [ 117.172265225526459, -0.42342154659914 ], [ 117.171716354887849, -0.423392801294955 ], [ 117.171094720711238, -0.423385614968892 ], [ 117.170602443935536, -0.423329022650913 ], [ 117.170188320589546, -0.423314649998662 ], [ 117.170152387978192, -0.423014620876846 ], [ 117.170152387978192, -0.422186396713926 ], [ 117.170138014933642, -0.421544118696039 ], [ 117.170132625041944, -0.421036584280795 ], [ 117.170055369927525, -0.420751826019188 ], [ 117.167932650911126, -0.420665590076713 ], [ 117.165857542604812, -0.420627861851581 ], [ 117.165562895191641, -0.420732063615788 ], [ 117.165410181593316, -0.420884773095301 ], [ 117.165277230931267, -0.421027601370493 ], [ 117.16521973875308, -0.421061736429586 ], [ 117.165167636466606, -0.421069821048822 ], [ 117.16511014428842, -0.421071617630874 ], [ 117.16501043129189, -0.421056346683423 ], [ 117.164353762819204, -0.420847044871229 ], [ 117.163904605177123, -0.420723080705136 ], [ 117.163691704454806, -0.420711402921272 ], [ 117.163460837426797, -0.420720385831938 ], [ 117.163033239351549, -0.420788655952662 ], [ 117.162949696030111, -0.420776978168897 ], [ 117.162789795909532, -0.420743741399621 ], [ 117.162422384958333, -0.420598218245992 ], [ 117.162107974608901, -0.42051647375727 ] ] ] } },
{ "type": "Feature", "properties": { "FID": 48, "Kode_Prov": 64, "Provinsi": "Kalimantan Timur", "Kode_kota": "6472", "Kota": "Kota Samarinda", "Kode_Kec": 647206, "Kecamatan": "Samarinda Ulu", "Kode_Kel": 64720602, "Kelurahan": "Bukit Pinang", "Sumber": "Revisi RTRW Kota Samarinda Tahun 2019 (Data belum disahkan)", "city": "samarinda", "source_layer": "Batas Administrasi AR", "role": "admin" }, "geometry": { "type": "Polygon", "coordinates": [ [ [ 117.123147142421345, -0.409273454456214 ], [ 117.123051921001235, -0.408824308260639 ], [ 117.120167430623937, -0.410323558163278 ], [ 117.117350313892928, -0.411788672685863 ], [ 117.113834307870889, -0.415550719040987 ], [ 117.110807883678675, -0.416449908939035 ], [ 117.104967936016621, -0.416879292290743 ], [ 117.104861934813087, -0.417239507176523 ], [ 117.104408285594616, -0.418020122421013 ], [ 117.103510868625776, -0.418675875098078 ], [ 117.102901810863145, -0.418963328309096 ], [ 117.102436483545972, -0.41928222170273 ], [ 117.10200798715546, -0.41957596292988 ], [ 117.100867126744632, -0.419863416107853 ], [ 117.100106253698954, -0.420054752123583 ], [ 117.098969884864545, -0.420244291552387 ], [ 117.098375200146464, -0.420476050658135 ], [ 117.097475088231803, -0.420824587594909 ], [ 117.096681875835912, -0.42132942715097 ], [ 117.096092581009515, -0.421778572635984 ], [ 117.094684920959295, -0.4223525805281 ], [ 117.094160304833395, -0.422463968596152 ], [ 117.093809063557302, -0.42248193441343 ], [ 117.093552145386028, -0.422631050695236 ], [ 117.093455127335361, -0.422787353300802 ], [ 117.09340392336415, -0.423072111487913 ], [ 117.09343266945325, -0.423263447424802 ], [ 117.093504534675986, -0.42352664661666 ], [ 117.093504534675986, -0.423808709904498 ], [ 117.093399431787731, -0.42438361593707 ], [ 117.093209887262788, -0.424283905675107 ], [ 117.093123648995515, -0.424255160374122 ], [ 117.093051783772793, -0.424241686014249 ], [ 117.092898171859218, -0.424234499688973 ], [ 117.092733780162192, -0.424201262934488 ], [ 117.092619694121112, -0.424173415923863 ], [ 117.092583761509758, -0.424287498837722 ], [ 117.092428352965598, -0.424160839854516 ], [ 117.09234480964416, -0.42405484155492 ], [ 117.092196587622283, -0.423986571462886 ], [ 117.091923499775945, -0.424072807368513 ], [ 117.091750124926094, -0.424110535576922 ], [ 117.09162346247102, -0.424132094553074 ], [ 117.091342289787093, -0.424247974048859 ], [ 117.091338696525952, -0.424248872339517 ], [ 117.091331510003684, -0.424251567211491 ], [ 117.091322526850846, -0.424253363792807 ], [ 117.091048540689201, -0.424299176616211 ], [ 117.091041354166919, -0.424300074906864 ], [ 117.091034167644651, -0.424300074906864 ], [ 117.09102608280709, -0.424300074906864 ], [ 117.09101799796953, -0.424299176616211 ], [ 117.091015303023667, -0.424298278325559 ], [ 117.090688316260284, -0.424230008235673 ], [ 117.09068202805328, -0.424228211654352 ], [ 117.09067573984629, -0.42422641507303 ], [ 117.090668553324008, -0.424223720201048 ], [ 117.090661366801754, -0.424220127038402 ], [ 117.090654180279472, -0.424214737294432 ], [ 117.090410736837455, -0.424039570613333 ], [ 117.090405346945758, -0.424035977450602 ], [ 117.090399957054061, -0.424030587706503 ], [ 117.090282277751825, -0.423912911626069 ], [ 117.090202327691529, -0.423828472300076 ], [ 117.090198734430416, -0.423822184265125 ], [ 117.090196039484553, -0.423814099648751 ], [ 117.09019334453869, -0.423806913323079 ], [ 117.09009363154216, -0.423430529506676 ], [ 117.08991307017007, -0.423275125204835 ], [ 117.089539371011881, -0.423214041432161 ], [ 117.089127044296447, -0.4233344123955 ], [ 117.088756040084107, -0.423541019268518 ], [ 117.08861141132337, -0.423732355193836 ], [ 117.088515291587981, -0.424115925320966 ], [ 117.088317662225478, -0.424724966373697 ], [ 117.088300594235079, -0.424755508254134 ], [ 117.087978997363336, -0.425115722776065 ], [ 117.087957437796547, -0.425133688587193 ], [ 117.087827182080346, -0.425171416790425 ], [ 117.087538822874123, -0.425246873196337 ], [ 117.087166920346505, -0.425414853525896 ], [ 117.086955816254743, -0.425583732142302 ], [ 117.086604574978637, -0.426039165413854 ], [ 117.08660277834808, -0.426041860285203 ], [ 117.086597388456383, -0.426048148318348 ], [ 117.086591998564685, -0.426053538061039 ], [ 117.08658660867296, -0.426057131222831 ], [ 117.086297351151487, -0.426270026056018 ], [ 117.086289266313926, -0.426275415798554 ], [ 117.086282079791673, -0.426279008960243 ], [ 117.08627489326939, -0.42628260212193 ], [ 117.086267706747108, -0.426284398702772 ], [ 117.08626052022484, -0.426286195283615 ], [ 117.086255130333143, -0.426287093574036 ], [ 117.085514020223741, -0.426377820906021 ], [ 117.084820520824394, -0.426538614887803 ], [ 117.084575280751835, -0.426791034483712 ], [ 117.084352498561358, -0.427235688200127 ], [ 117.084350701930802, -0.427240179651677 ], [ 117.084346210354383, -0.427246467683842 ], [ 117.084341718777964, -0.427252755716002 ], [ 117.084336328886238, -0.427259043748157 ], [ 117.084330040679262, -0.42726443349 ], [ 117.084321057526424, -0.427270721522145 ], [ 117.084134207947315, -0.427392889002805 ], [ 117.084129716370896, -0.42739558387368 ], [ 117.083994070762998, -0.427483616321744 ], [ 117.083989579186579, -0.427486311192587 ], [ 117.083983290979603, -0.42748990435371 ], [ 117.083976104457321, -0.427492599224551 ], [ 117.083968019619761, -0.427495294095391 ], [ 117.083960833097507, -0.42749709067595 ], [ 117.083952748259932, -0.42749798896623 ], [ 117.083944663422372, -0.42749798896623 ], [ 117.083495505780306, -0.42749798896623 ], [ 117.083483827681619, -0.42749798896623 ], [ 117.082805599642128, -0.427407261647461 ], [ 117.082022268714354, -0.42742163429209 ], [ 117.081351227197118, -0.427578835090962 ], [ 117.080640659807401, -0.427835746103905 ], [ 117.080636168230981, -0.427836644394145 ], [ 117.080253485919926, -0.427954320414669 ], [ 117.080244502767087, -0.427956116995121 ], [ 117.079984889649978, -0.428008217828047 ], [ 117.079760310828959, -0.428052234048692 ], [ 117.079296780142343, -0.428363042456663 ], [ 117.078803605051363, -0.428722358519532 ], [ 117.078790130322105, -0.428730443130752 ], [ 117.078257429358615, -0.428990947265514 ], [ 117.078249344521055, -0.428994540425932 ], [ 117.078241259683494, -0.428997235296244 ], [ 117.0782304799001, -0.428999031876451 ], [ 117.077895408299113, -0.429044844671599 ], [ 117.077881933569856, -0.429045742961698 ], [ 117.077554048491137, -0.429038556640909 ], [ 117.077547760284162, -0.42903765835081 ], [ 117.07754057376188, -0.429036760060711 ], [ 117.077539675446602, -0.429036760060711 ], [ 117.077029432365237, -0.428938846439271 ], [ 117.076687174241954, -0.428930761828271 ], [ 117.076262271112597, -0.428999031876451 ], [ 117.075935284349171, -0.429052030992382 ], [ 117.075928097826889, -0.429052929282479 ], [ 117.075920911304635, -0.429053827572577 ], [ 117.075912826467075, -0.429052929282479 ], [ 117.075904741629515, -0.429052030992382 ], [ 117.075899351737803, -0.429051132702285 ], [ 117.075526550894878, -0.428958608821681 ], [ 117.075516669426761, -0.428955913951355 ], [ 117.075509482904479, -0.428953219081029 ], [ 117.075503194697504, -0.428949625920592 ], [ 117.075036969065053, -0.42868103717316 ], [ 117.074860000954089, -0.428574140645641 ], [ 117.074578828270134, -0.428516650075602 ], [ 117.074349757872682, -0.428510362044478 ], [ 117.073946414310115, -0.428631631215248 ], [ 117.073611342709171, -0.42889483022372 ], [ 117.073131642347434, -0.429324212887055 ], [ 117.072685179651216, -0.429691613514993 ], [ 117.072456109253764, -0.430030268845878 ], [ 117.072356396257234, -0.43032400966448 ], [ 117.072319565330602, -0.430650987198489 ], [ 117.072318667015296, -0.430656376937943 ], [ 117.072316870384739, -0.430664461547117 ], [ 117.072314175438876, -0.430671647866375 ], [ 117.072311480493042, -0.430678834185627 ], [ 117.072307887231887, -0.430686020504872 ], [ 117.072305192286038, -0.430690511954397 ], [ 117.072145292165445, -0.430935745094428 ], [ 117.072139003958469, -0.430943829703305 ], [ 117.072133614066772, -0.430950117732426 ], [ 117.07212193596807, -0.430959998921035 ], [ 117.072109359554091, -0.430967185240014 ], [ 117.071888373994199, -0.431074081734039 ], [ 117.071862322850961, -0.431083064632629 ], [ 117.071420351731192, -0.431144148342754 ], [ 117.071410470263075, -0.431145046632605 ], [ 117.070998143547641, -0.431152232951411 ], [ 117.070640614064558, -0.431208825211765 ], [ 117.070450171224337, -0.431367822512413 ], [ 117.070238168817298, -0.431994828784274 ], [ 117.070017183257391, -0.432661359750065 ], [ 117.07000550515869, -0.432684715281497 ], [ 117.069694688070399, -0.433120385758501 ], [ 117.069581500344569, -0.433294653942292 ], [ 117.071909933561031, -0.432487989841413 ], [ 117.071803034042219, -0.432650580273995 ], [ 117.071715897459669, -0.432781730565141 ], [ 117.071494911899762, -0.433159910501568 ], [ 117.07126584150231, -0.43352820923387 ], [ 117.07102958458259, -0.433906389133031 ], [ 117.070800514185137, -0.434284569013289 ], [ 117.070572342102977, -0.434653765980276 ], [ 117.070358543065353, -0.435040928717025 ], [ 117.070151930549997, -0.435428091433909 ], [ 117.069961487709762, -0.435824237023877 ], [ 117.069801587589183, -0.436228467196245 ], [ 117.069648873990886, -0.436642578528087 ], [ 117.069496160392589, -0.437056689837119 ], [ 117.069366802991695, -0.43747080112332 ], [ 117.06924463211304, -0.43789389527716 ], [ 117.069129647756682, -0.438316989407121 ], [ 117.06902274823787, -0.438749066402646 ], [ 117.068916747034336, -0.439171262195378 ], [ 117.068809847515524, -0.439603339141546 ], [ 117.068702947996712, -0.440026433174795 ], [ 117.0685960484779, -0.440458510071459 ], [ 117.068534963038573, -0.440890586943074 ], [ 117.068497233796649, -0.44110617622515 ], [ 117.099586129149458, -0.474196360273121 ], [ 117.101399827708093, -0.476257024651125 ], [ 117.101401624338678, -0.476256126366875 ], [ 117.101727712786811, -0.475879745255634 ], [ 117.101954088238415, -0.475680326138252 ], [ 117.102197531680403, -0.475525821232535 ], [ 117.10254517969534, -0.47539197686374 ], [ 117.102905404124286, -0.475311131270594 ], [ 117.103764193535909, -0.475092848164372 ], [ 117.103823482344652, -0.475081170467137 ], [ 117.104442421575428, -0.474945529520884 ], [ 117.104944579819247, -0.474841328527253 ], [ 117.105480874043863, -0.47476138121211 ], [ 117.105974049134844, -0.474685925318317 ], [ 117.106327087041507, -0.474732636109809 ], [ 117.106751990170892, -0.474844023380557 ], [ 117.107433811471523, -0.475088356742361 ], [ 117.108036581027179, -0.475252742786066 ], [ 117.108454297634282, -0.475423416816374 ], [ 117.108803742279832, -0.475555464615876 ], [ 117.109018439632734, -0.475605768538832 ], [ 117.109161271762886, -0.475605768538832 ], [ 117.109300510631925, -0.47556983716533 ], [ 117.109521496191832, -0.475444975640955 ], [ 117.109735295229456, -0.47531292783934 ], [ 117.109985925193726, -0.475102729292786 ], [ 117.110196130970209, -0.474909598143948 ], [ 117.110389268756293, -0.474681433896042 ], [ 117.11054198235459, -0.474442490226779 ], [ 117.110683017854186, -0.474070600439407 ], [ 117.110827646614936, -0.47378225109777 ], [ 117.110970478745116, -0.473382514451666 ], [ 117.111131277180974, -0.472992658913944 ], [ 117.111234583438645, -0.472778867158153 ], [ 117.111352262740866, -0.472603701639049 ], [ 117.111527434221259, -0.472433027539262 ], [ 117.111909218217008, -0.472189592368628 ], [ 117.112209255521918, -0.472008138841061 ], [ 117.112527259132492, -0.471793448770152 ], [ 117.112912636389382, -0.471471862793803 ], [ 117.113055468519562, -0.471219444740511 ], [ 117.113252199566787, -0.47087091018926 ], [ 117.113940309074394, -0.470068741684247 ], [ 117.114757775982952, -0.469269267942555 ], [ 117.115090152638075, -0.468792278509321 ], [ 117.115939060581567, -0.467871536102835 ], [ 117.116273233867261, -0.467647863051204 ], [ 117.116393608115345, -0.467609236780522 ], [ 117.116602017261272, -0.467588576217047 ], [ 117.118588192354437, -0.46765055790729 ], [ 117.119685933631644, -0.46765055790729 ], [ 117.121000168892294, -0.467752962437798 ], [ 117.121242714019019, -0.467728708733339 ], [ 117.121346918591968, -0.467738589872203 ], [ 117.121475377677612, -0.46776194529128 ], [ 117.121661328941414, -0.467829316692029 ], [ 117.121860754934488, -0.467900281233452 ], [ 117.12199460391183, -0.467947890355776 ], [ 117.122098808484779, -0.467981126912678 ], [ 117.122247030506657, -0.467957771494331 ], [ 117.122351235079634, -0.46793351779058 ], [ 117.122974665886801, -0.46765055790729 ], [ 117.123416637006599, -0.467373886010379 ], [ 117.123673555177845, -0.467159195797148 ], [ 117.123723860833778, -0.467116976382059 ], [ 117.124080492001553, -0.466763051913679 ], [ 117.1243661562619, -0.466456736559916 ], [ 117.124597921605215, -0.466106405200559 ], [ 117.124826093687375, -0.465717447542706 ], [ 117.12518721643157, -0.465064393874908 ], [ 117.125411795252603, -0.464496677294797 ], [ 117.125708239296372, -0.463751100071272 ], [ 117.12592024170344, -0.463307346843115 ], [ 117.126059480572479, -0.463013607342792 ], [ 117.126364907769073, -0.462580633500556 ], [ 117.126593079851219, -0.46231653740954 ], [ 117.127063797060117, -0.461888953241357 ], [ 117.127618057590425, -0.461524249077577 ], [ 117.127906416796606, -0.46125925466113 ], [ 117.128338506448287, -0.46075621438582 ], [ 117.128502898145285, -0.460488525081977 ], [ 117.128906241707853, -0.459889368113802 ], [ 117.12920987227389, -0.459603713049798 ], [ 117.129729098508108, -0.459271347080445 ], [ 117.129980626787656, -0.459170739000188 ], [ 117.130269884309143, -0.459059351481109 ], [ 117.130922959520674, -0.458839271297183 ], [ 117.131496982987244, -0.458628173971546 ], [ 117.131822173120099, -0.458443126949058 ], [ 117.132403383108908, -0.458099981486936 ], [ 117.132824692977181, -0.457790072613045 ], [ 117.133303495023597, -0.457325658420432 ], [ 117.133721211630728, -0.456918734548047 ], [ 117.134023943881473, -0.456601639329084 ], [ 117.134266489008183, -0.456319577281199 ], [ 117.134598865663307, -0.45585875614096 ], [ 117.134702171920978, -0.455630591276982 ], [ 117.134823444484354, -0.455384460667581 ], [ 117.134902496229344, -0.455077246537486 ], [ 117.134977056397929, -0.454663136242008 ], [ 117.135012989009297, -0.454281364256587 ], [ 117.135023768792692, -0.45402445415622 ], [ 117.1350803626556, -0.453710053671322 ], [ 117.135177380706295, -0.453442364104841 ], [ 117.135309433053038, -0.453199826569617 ], [ 117.135483706218167, -0.452971661621658 ], [ 117.135676844004252, -0.452756970975091 ], [ 117.135991254353712, -0.452489281373395 ], [ 117.136187087085631, -0.452293454745765 ], [ 117.136351478782629, -0.452107509273353 ], [ 117.13651946374074, -0.451893716888561 ], [ 117.136718889733828, -0.451532605367187 ], [ 117.136919214042194, -0.451065495909949 ], [ 117.137218353031813, -0.450433999807603 ], [ 117.137536356642386, -0.449687522836541 ], [ 117.137778901769096, -0.44918807490473 ], [ 117.137979226077434, -0.44876318482076 ], [ 117.138107685163064, -0.448634729674235 ], [ 117.13826399202253, -0.448524240280664 ], [ 117.138449943286332, -0.448424530338694 ], [ 117.138929643648041, -0.448285295732768 ], [ 117.138926948702178, -0.448269126552554 ], [ 117.138710454718719, -0.44658753161556 ], [ 117.138253212239107, -0.443033005155991 ], [ 117.137270455318301, -0.441893077051701 ], [ 117.137088097315612, -0.441681080946809 ], [ 117.137053063019522, -0.441639759671422 ], [ 117.136971316328655, -0.441429560136551 ], [ 117.136955146653563, -0.441372967953071 ], [ 117.136947061815988, -0.441339731273683 ], [ 117.136924603933892, -0.441247207543795 ], [ 117.136902146051796, -0.441112464245783 ], [ 117.136891366268358, -0.441079227565232 ], [ 117.136856331972311, -0.440852858818069 ], [ 117.136856331972311, -0.440833994755495 ], [ 117.136844653873595, -0.440780995722293 ], [ 117.1368051280011, -0.440524085149222 ], [ 117.13679704316354, -0.440472882691292 ], [ 117.136776381912014, -0.440344427400552 ], [ 117.136779975173127, -0.440303106117746 ], [ 117.136749432453499, -0.440159379914897 ], [ 117.136756618975753, -0.439754251665711 ], [ 117.129805455307249, -0.424325227045085 ], [ 117.129774014272314, -0.423695525274306 ], [ 117.129782997425153, -0.423257159389393 ], [ 117.129774912587592, -0.422837657586982 ], [ 117.129778505848734, -0.422755014830943 ], [ 117.129714725463543, -0.422680456691588 ], [ 117.129539553983136, -0.422684049854947 ], [ 117.129342822935939, -0.422694829345014 ], [ 117.129203584066886, -0.422698422508366 ], [ 117.129143396942851, -0.42265530454803 ], [ 117.129065243513125, -0.422569966917493 ], [ 117.129036497424039, -0.422483730995155 ], [ 117.129025717640616, -0.422291496748168 ], [ 117.128982598506994, -0.422181006968542 ], [ 117.128879292249295, -0.422052551369117 ], [ 117.128624170708633, -0.421820792310243 ], [ 117.128467863849195, -0.42169682815964 ], [ 117.128387015473621, -0.42165371019375 ], [ 117.128296285629943, -0.42153064433146 ], [ 117.128148961923344, -0.421349189552856 ], [ 117.128058232079624, -0.421125515092226 ], [ 117.127963010659514, -0.420926094483362 ], [ 117.127901026904908, -0.420778774751016 ], [ 117.127753703198309, -0.420650319128468 ], [ 117.127477920406079, -0.42051647375727 ], [ 117.127316223654944, -0.420421254901195 ], [ 117.127282985989439, -0.420331425790626 ], [ 117.127442886110018, -0.419914618704071 ], [ 117.127494988396478, -0.419662198884381 ], [ 117.127547090682967, -0.419481642353557 ], [ 117.127524632800871, -0.419263357586848 ], [ 117.124229612338709, -0.41194946696718 ], [ 117.124122712819897, -0.411850654839381 ], [ 117.124068813902838, -0.411769808552089 ], [ 117.124022999823367, -0.411670996422063 ], [ 117.12394754133949, -0.411553320156525 ], [ 117.123871184540349, -0.411418576338892 ], [ 117.123764285021551, -0.411220952068915 ], [ 117.123710386104506, -0.411050276559088 ], [ 117.123664572025007, -0.410978413185438 ], [ 117.123603486585694, -0.410761924768411 ], [ 117.123557672506209, -0.410663112625909 ], [ 117.12351185842671, -0.410582266326591 ], [ 117.123489400544599, -0.410492437104167 ], [ 117.123443586465115, -0.410393624958335 ], [ 117.123390585863348, -0.410249898198582 ], [ 117.123351958306117, -0.410151086049755 ], [ 117.12332950042402, -0.410025325131301 ], [ 117.12329895770435, -0.409934597610333 ], [ 117.123253143624879, -0.409808836688479 ], [ 117.123192058185538, -0.409638161148519 ], [ 117.123168701988163, -0.40948545145179 ], [ 117.123168701988163, -0.409377656369994 ], [ 117.123147142421345, -0.409273454456214 ] ] ] } },
{ "type": "Feature", "properties": { "FID": 49, "Kode_Prov": 64, "Provinsi": "Kalimantan Timur", "Kode_kota": "6472", "Kota": "Kota Samarinda", "Kode_Kec": 647204, "Kecamatan": "Samarinda Utara", "Kode_Kel": 64720408, "Kelurahan": "Tanah Merah", "Sumber": "Revisi RTRW Kota Samarinda Tahun 2019 (Data belum disahkan)", "city": "samarinda", "source_layer": "Batas Administrasi AR", "role": "admin" }, "geometry": { "type": "Polygon", "coordinates": [ [ [ 117.235629690722362, -0.387563495693282 ], [ 117.235433857990444, -0.38752756390389 ], [ 117.235261381455885, -0.387568885461678 ], [ 117.234975717195553, -0.387664104702769 ], [ 117.234809528867999, -0.387735968280242 ], [ 117.2345588989037, -0.387897661327327 ], [ 117.234481643789266, -0.388088099801042 ], [ 117.2343388116591, -0.38827853827047 ], [ 117.233762093246682, -0.388516586351223 ], [ 117.23343510648327, -0.388689058918748 ], [ 117.2331557304299, -0.388907344506973 ], [ 117.232878151007128, -0.389259475978958 ], [ 117.232620334520576, -0.38981462199421 ], [ 117.232562842342389, -0.389985297946239 ], [ 117.23250624847951, -0.390185617611838 ], [ 117.232356229827047, -0.390485647954081 ], [ 117.232241245470675, -0.390670696602941 ], [ 117.231956479525593, -0.391113555731477 ], [ 117.231642069176161, -0.391498924000786 ], [ 117.23133125208787, -0.391858241718451 ], [ 117.231297116107058, -0.391863631484099 ], [ 117.230927908525274, -0.391935495025737 ], [ 117.230309867609833, -0.392030714217457 ], [ 117.229714284576445, -0.392078323812912 ], [ 117.229369331507343, -0.392096289697918 ], [ 117.229282194924792, -0.392107069228904 ], [ 117.228986649196315, -0.392160068589381 ], [ 117.228672238846855, -0.392259779249708 ], [ 117.228310217787381, -0.392330744493721 ], [ 117.227881721396855, -0.392388235323873 ], [ 117.227680498773211, -0.392363981379951 ], [ 117.227501734031662, -0.392316371786121 ], [ 117.227311291191427, -0.39223283042271 ], [ 117.226933100456819, -0.391933698437203 ], [ 117.226845963874268, -0.391997477329904 ], [ 117.226614198530939, -0.392136712939043 ], [ 117.226492925967591, -0.392189712299332 ], [ 117.226463281563198, -0.3922076781841 ], [ 117.226310567964902, -0.392286728076619 ], [ 117.226058141370075, -0.392343320612851 ], [ 117.225790443415434, -0.392363981379951 ], [ 117.225466151597857, -0.392369371145273 ], [ 117.225228098047538, -0.392405302913998 ], [ 117.225008010802938, -0.392468183508896 ], [ 117.224951416940058, -0.39252747092651 ], [ 117.224909196121686, -0.392613707169561 ], [ 117.22491548432869, -0.392708926353564 ], [ 117.225008010802938, -0.392826602890786 ], [ 117.225210131741861, -0.392969431662745 ], [ 117.225364641970742, -0.393088904784583 ], [ 117.225423930779485, -0.393243411375704 ], [ 117.225376320069444, -0.393350308376028 ], [ 117.225198453643188, -0.393409595787381 ], [ 117.225031367000341, -0.393409595787381 ], [ 117.224853500574085, -0.393409595787381 ], [ 117.224651379635162, -0.393445527551633 ], [ 117.224531903702371, -0.39350481496231 ], [ 117.224528310441215, -0.393508408138701 ], [ 117.224441173858679, -0.393525475726538 ], [ 117.224375596842918, -0.393573085313477 ], [ 117.224370206951221, -0.393632372723247 ], [ 117.224429495759978, -0.393786879304305 ], [ 117.22453639527879, -0.393918030237141 ], [ 117.224733126326001, -0.394077926577122 ], [ 117.224738516217712, -0.394143502041508 ], [ 117.224690905507671, -0.394179433802597 ], [ 117.224595684087561, -0.394185721860771 ], [ 117.224277680476959, -0.394181230390647 ], [ 117.22414652644548, -0.39426477173456 ], [ 117.224045915133644, -0.394383346543836 ], [ 117.223878828490811, -0.394633072272999 ], [ 117.223760250873312, -0.394787578835489 ], [ 117.223462908514264, -0.394960051273948 ], [ 117.223099989139484, -0.395091202188297 ], [ 117.222891579993558, -0.395181031580493 ], [ 117.222712815252009, -0.395311284197451 ], [ 117.2226005258415, -0.395501722502705 ], [ 117.222474761701719, -0.395909547915294 ], [ 117.222357082399512, -0.39624101833498 ], [ 117.222114537272802, -0.396658724942525 ], [ 117.222000451231708, -0.396776401423856 ], [ 117.221950145575804, -0.396833892223287 ], [ 117.221810906706764, -0.396865332504056 ], [ 117.221561175057786, -0.396823112698424 ], [ 117.221443495755565, -0.396815926348507 ], [ 117.221393190099661, -0.396861739329117 ], [ 117.221382410316238, -0.396958755051924 ], [ 117.221456970484837, -0.397037804899296 ], [ 117.22164471837921, -0.397180633598881 ], [ 117.221730956646482, -0.397346817931769 ], [ 117.221760601050846, -0.397433054124815 ], [ 117.221742634745155, -0.397555222063423 ], [ 117.22168873582811, -0.39765044119079 ], [ 117.221554886850797, -0.397742067142503 ], [ 117.221329409714471, -0.397837286267715 ], [ 117.221168611278642, -0.397947776383329 ], [ 117.221062610075109, -0.398074435782334 ], [ 117.220945829088151, -0.398228942280614 ], [ 117.220840726199924, -0.398336737510257 ], [ 117.220710470483723, -0.398419380518695 ], [ 117.220619740640004, -0.39845800714192 ], [ 117.220498468076656, -0.398452617380551 ], [ 117.220325093226833, -0.398388838537412 ], [ 117.22017687120497, -0.398298110886463 ], [ 117.22003403907479, -0.398234332042129 ], [ 117.21995139406863, -0.398221755931921 ], [ 117.219872342323654, -0.398253196207406 ], [ 117.21974388323801, -0.398337635803831 ], [ 117.219722323671192, -0.398441837857801 ], [ 117.21970076410436, -0.398614310220097 ], [ 117.219742086607425, -0.398749054250628 ], [ 117.219845392865096, -0.398881103398408 ], [ 117.219906478304424, -0.399013152544069 ], [ 117.219906478304424, -0.399092202371751 ], [ 117.219863359170802, -0.399166760731254 ], [ 117.21983101982056, -0.399209878818369 ], [ 117.219749273129707, -0.399199099296611 ], [ 117.219673814645844, -0.39915598120944 ], [ 117.219592067954991, -0.399020338892072 ], [ 117.219510321264124, -0.398877510224347 ], [ 117.21946001560822, -0.398721207151165 ], [ 117.219402523430034, -0.398542446736246 ], [ 117.219353116089408, -0.398502921819861 ], [ 117.219274064344418, -0.39851370134253 ], [ 117.219239030048328, -0.398564005781467 ], [ 117.219235436787187, -0.398642157319921 ], [ 117.2192525047776, -0.398774206469416 ], [ 117.219292030650095, -0.398985305445501 ], [ 117.219277657605559, -0.399088609197781 ], [ 117.219235436787187, -0.399163167557317 ], [ 117.219185131131283, -0.399209878818369 ], [ 117.219085418134753, -0.399224251514023 ], [ 117.21891024665436, -0.399191912948765 ], [ 117.218717108868248, -0.399135320459256 ], [ 117.218620989132859, -0.399145201687611 ], [ 117.218506004776486, -0.39918382830743 ], [ 117.218442224391325, -0.39922155663359 ], [ 117.218387427158973, -0.3992907252311 ], [ 117.21832813835023, -0.399395825566462 ], [ 117.218290409108306, -0.399472180510113 ], [ 117.21824908660524, -0.399540450812071 ], [ 117.218192492742332, -0.39959704329879 ], [ 117.21814128877115, -0.39966621189314 ], [ 117.218081999962379, -0.399701245336809 ], [ 117.218016422946647, -0.399716516325028 ], [ 117.217972405497733, -0.399707533390785 ], [ 117.217896947013855, -0.399650042611396 ], [ 117.217848437988508, -0.399620398928116 ], [ 117.217649011995448, -0.399470383923212 ], [ 117.217513366387536, -0.399406605087962 ], [ 117.212368714755385, -0.417956343733061 ], [ 117.211838708737758, -0.418614791289379 ], [ 117.210946681660644, -0.41920766353017 ], [ 117.210584660601114, -0.419630758692746 ], [ 117.206547631714287, -0.429794916866855 ], [ 117.206202678645184, -0.434470514933223 ], [ 117.206202678645184, -0.435434379459309 ], [ 117.205857725576095, -0.437349532093935 ], [ 117.205549603433639, -0.438099603466473 ], [ 117.205330414504303, -0.4389942992809 ], [ 117.205207345310399, -0.439384156660542 ], [ 117.205074394648335, -0.440046195528204 ], [ 117.204828256260484, -0.440595049958753 ], [ 117.204512947595745, -0.440963348326473 ], [ 117.204167994526671, -0.441278647646313 ], [ 117.203650564922995, -0.441618200745042 ], [ 117.203186135921115, -0.441933500037117 ], [ 117.203139423526352, -0.442004464833204 ], [ 117.203108880806695, -0.442236223276459 ], [ 117.203020845908839, -0.442298205184475 ], [ 117.203030727376955, -0.442355695649419 ], [ 117.203316391637316, -0.442803043314543 ], [ 117.20333974783469, -0.442917125947716 ], [ 117.203311900060896, -0.443383337635103 ], [ 117.203320883213735, -0.44406424020092 ], [ 117.203368493923804, -0.444492723709533 ], [ 117.203453833875798, -0.444730770092467 ], [ 117.203540072143056, -0.445064035015676 ], [ 117.203649666607717, -0.445470959551089 ], [ 117.203549953611187, -0.445575160973763 ], [ 117.203407121481007, -0.445832071371645 ], [ 117.203025337485258, -0.446689936446456 ], [ 117.202798962033654, -0.447230705792953 ], [ 117.202481856738359, -0.447820880931287 ], [ 117.202353397652743, -0.448044554601439 ], [ 117.202277040853602, -0.448216127572712 ], [ 117.202210565522563, -0.448454173835097 ], [ 117.202129717147002, -0.448934757775187 ], [ 117.201981495125125, -0.44976297899593 ], [ 117.201914121478822, -0.450316324140944 ], [ 117.201878188867454, -0.450454660420637 ], [ 117.201821595004546, -0.450580420672624 ], [ 117.201720983692709, -0.450722350097259 ], [ 117.201535032428879, -0.450908295605096 ], [ 117.201234995124011, -0.451179578414773 ], [ 117.201135282127467, -0.451264915720362 ], [ 117.201035569130937, -0.451407743419055 ], [ 117.200878363956207, -0.45167453477325 ], [ 117.200721158781491, -0.451902699761998 ], [ 117.200578326651325, -0.45213086474358 ], [ 117.200383392234656, -0.452368910878138 ], [ 117.200139050477389, -0.452602465568607 ], [ 117.200033947589134, -0.452719242911021 ], [ 117.199890217143675, -0.452865663730006 ], [ 117.199792300777702, -0.452994118801894 ], [ 117.196115496319834, -0.454936215485078 ], [ 117.195731017378193, -0.454911063449964 ], [ 117.19543367501916, -0.454840098778992 ], [ 117.195338453599049, -0.454840098778992 ], [ 117.195177655163192, -0.454911063449964 ], [ 117.194981822431259, -0.454887707988709 ], [ 117.194891990902846, -0.454876030258052 ], [ 117.194814735788412, -0.454935317198112 ], [ 117.194689869963895, -0.455191328979137 ], [ 117.194398815811866, -0.455529983145687 ], [ 117.194172440360262, -0.455743775423008 ], [ 117.194124829650221, -0.455899179049179 ], [ 117.194090693669409, -0.455954872833465 ], [ 117.193701723151392, -0.456211782865074 ], [ 117.193230107627215, -0.456530674674766 ], [ 117.193113326640272, -0.456609723909912 ], [ 117.19343312688143, -0.457028325526985 ], [ 117.193655909071879, -0.457107374756656 ], [ 117.193946963223951, -0.457274456080142 ], [ 117.194171542044984, -0.457459503132799 ], [ 117.194460799566457, -0.457609517002081 ], [ 117.194753650349085, -0.457849359529087 ], [ 117.194874024597155, -0.457991288810952 ], [ 117.195091416895934, -0.458171844412302 ], [ 117.195198316414746, -0.45818981014353 ], [ 117.197065913890413, -0.458577869927071 ], [ 117.198257978272423, -0.458798848405522 ], [ 117.199136530620294, -0.459035097746886 ], [ 117.199514721354916, -0.45913480754261 ], [ 117.199591976469364, -0.458742256356812 ], [ 117.199715943978561, -0.458536548747417 ], [ 117.199801283930555, -0.458256283348685 ], [ 117.199839911487771, -0.458094591767505 ], [ 117.199968370573416, -0.457866426974523 ], [ 117.200072575146365, -0.457733480556366 ], [ 117.200167796566475, -0.457623889588195 ], [ 117.200229780321081, -0.457618499868406 ], [ 117.200306137120222, -0.457657126193473 ], [ 117.20047681702421, -0.457752344575309 ], [ 117.200610666001538, -0.457828698937189 ], [ 117.20079571895009, -0.457880799560122 ], [ 117.201110129299522, -0.457885290993116 ], [ 117.201614982489176, -0.457895172145692 ], [ 117.201840459625501, -0.457940086475414 ], [ 117.202093784535634, -0.458139506095977 ], [ 117.202383042057107, -0.458389229757143 ], [ 117.202494433152339, -0.458499719000133 ], [ 117.20288340367037, -0.458786272394736 ], [ 117.203090914501018, -0.458869813037398 ], [ 117.203584987907263, -0.458965031403113 ], [ 117.204263215946781, -0.459066537772714 ], [ 117.204519235802749, -0.459155468130739 ], [ 117.204751001146036, -0.459262364216194 ], [ 117.204911799581893, -0.45941686947974 ], [ 117.204946833877983, -0.459518375842926 ], [ 117.204929765887584, -0.459649525655171 ], [ 117.204872273709384, -0.460781366400429 ], [ 117.205824487910562, -0.461314050117544 ], [ 117.207832222570573, -0.462421636875509 ], [ 117.208022665410823, -0.46200303557446 ], [ 117.208184362161958, -0.461879072094309 ], [ 117.208270600429231, -0.461881766952596 ], [ 117.20833527912967, -0.461901529246671 ], [ 117.208563451211859, -0.461979680136336 ], [ 117.208731436169998, -0.462022797868198 ], [ 117.208863488516755, -0.462062322455508 ], [ 117.208995540863512, -0.462122507622125 ], [ 117.209055727987561, -0.462129693910643 ], [ 117.209162627506373, -0.462062322455508 ], [ 117.209245272512504, -0.461937460690302 ], [ 117.209362951814711, -0.461823378356145 ], [ 117.209583937374617, -0.461605094829782 ], [ 117.209654904282061, -0.461547604517198 ], [ 117.210660119084977, -0.461597010254603 ], [ 117.211087717160225, -0.461611382832693 ], [ 117.211573705728924, -0.461640127988786 ], [ 117.212087542071473, -0.461526045649859 ], [ 117.212944534852511, -0.461040971117458 ], [ 117.214071920534082, -0.460455288489859 ], [ 117.214557010787516, -0.460169633448508 ], [ 117.21560624303936, -0.45965761023256 ], [ 117.215855974688338, -0.459341413421216 ], [ 117.215944907901473, -0.459234517336944 ], [ 117.216129960849997, -0.459168942427313 ], [ 117.216325793581944, -0.459168942427313 ], [ 117.216527914520867, -0.459091689793278 ], [ 117.216724645568078, -0.459067436059165 ], [ 117.216753391657193, -0.459072825777864 ], [ 117.21679381584498, -0.459086300074593 ], [ 117.216840528239743, -0.459104265803527 ], [ 117.216854002969001, -0.459118638386641 ], [ 117.216971682271208, -0.459354887717439 ], [ 117.217025581188253, -0.45947346152311 ], [ 117.217066903691318, -0.45950310497422 ], [ 117.217156735219731, -0.459479749527901 ], [ 117.217400178661748, -0.459378243164166 ], [ 117.217513366387536, -0.459378243164166 ], [ 117.217994863379829, -0.459461783799911 ], [ 117.218214950624429, -0.45949142725107 ], [ 117.218364070961584, -0.459586645608505 ], [ 117.218542835703133, -0.459723185137705 ], [ 117.218744956642084, -0.460003450478937 ], [ 117.219047688892815, -0.460282817522865 ], [ 117.219387252070206, -0.460502897662305 ], [ 117.220023259291381, -0.460824484139553 ], [ 117.220736521626947, -0.46112630830611 ], [ 117.221051830291685, -0.461203560918113 ], [ 117.221176696116174, -0.461197272914842 ], [ 117.221319528246354, -0.461060733413869 ], [ 117.221467750268232, -0.460679860055212 ], [ 117.221592616092721, -0.460489423368248 ], [ 117.221807313445623, -0.46034120613195 ], [ 117.221991468078869, -0.460263953510597 ], [ 117.222241199727861, -0.460283715809162 ], [ 117.222512490943672, -0.460397798167991 ], [ 117.22279096868175, -0.460440915909435 ], [ 117.223104480715904, -0.460355578712574 ], [ 117.223561723195516, -0.460041178504801 ], [ 117.22391835436332, -0.459820200064762 ], [ 117.224182459056848, -0.459655813659808 ], [ 117.224524717180103, -0.45929200766818 ], [ 117.224696295399369, -0.45914199383414 ], [ 117.225088859178499, -0.45894886224676 ], [ 117.225310743053697, -0.458820407281103 ], [ 117.225474236435417, -0.458656020853157 ], [ 117.225588322476483, -0.45844222866253 ], [ 117.225895546303661, -0.457870020120926 ], [ 117.226145277952654, -0.457590652982763 ], [ 117.226377941611219, -0.457464892852707 ], [ 117.226811827893471, -0.457316675553741 ], [ 117.22693669371796, -0.457316675553741 ], [ 117.22715049275557, -0.457357996740427 ], [ 117.227454123321607, -0.457548433510776 ], [ 117.227746075788929, -0.457596042702573 ], [ 117.227967061348835, -0.457600534135745 ], [ 117.228001197329647, -0.457608618715448 ], [ 117.228026350157592, -0.457627482734719 ], [ 117.228055096246692, -0.457654431333591 ], [ 117.228085638966363, -0.457688566225351 ], [ 117.228095520434479, -0.457703837097928 ], [ 117.228223979520095, -0.458079320895761 ], [ 117.228572525850325, -0.458886880480402 ], [ 117.228922868811125, -0.459440224926264 ], [ 117.229006412132563, -0.459678270819178 ], [ 117.229095345345684, -0.460105855120104 ], [ 117.229214821278489, -0.460373544438314 ], [ 117.230361969896293, -0.461816192067318 ], [ 117.230493123927801, -0.462172811641594 ], [ 117.230847060149713, -0.461684144008828 ], [ 117.231525288189232, -0.46097719279685 ], [ 117.232267296613912, -0.460306172966556 ], [ 117.232981457264799, -0.459749235442322 ], [ 117.233552785785506, -0.459363870581574 ], [ 117.233936366411811, -0.458941675955036 ], [ 117.234536441021604, -0.458103574633222 ], [ 117.234916428386782, -0.457171153111779 ], [ 117.235135617316104, -0.456771415524547 ], [ 117.235525486149413, -0.456457015159417 ], [ 117.235792285788804, -0.456191122268465 ], [ 117.236106696138236, -0.455572202629527 ], [ 117.236808280375143, -0.454092723973992 ], [ 117.237248454864371, -0.453057897193385 ], [ 117.237534119124703, -0.45232040336456 ], [ 117.237712883866237, -0.451083461658859 ], [ 117.237863800833978, -0.44989053583503 ], [ 117.2380659217729, -0.44879552317897 ], [ 117.23822133031706, -0.448605984466312 ], [ 117.238435129354684, -0.448562866654216 ], [ 117.238913033085822, -0.448677847485907 ], [ 117.239391835132281, -0.448848522154616 ], [ 117.239684685914895, -0.448862894758115 ], [ 117.240105995783139, -0.448477529317027 ], [ 117.240498559562312, -0.447899031973442 ], [ 117.241297161849872, -0.44647344903911 ], [ 117.241630436820301, -0.445629058260775 ], [ 117.241689725629044, -0.445200574818142 ], [ 117.241617860406322, -0.44503349321741 ], [ 117.241095040910949, -0.444534044969008 ], [ 117.240896513233167, -0.444281625967305 ], [ 117.240824648010445, -0.444046274434817 ], [ 117.240824648010445, -0.443889073979554 ], [ 117.241017785796529, -0.442975514696298 ], [ 117.241202838745053, -0.442211969486225 ], [ 117.241390586639426, -0.441686470678364 ], [ 117.241538808661332, -0.441323562078252 ], [ 117.241563063173984, -0.44098490725475 ], [ 117.241509164256939, -0.44071721722421 ], [ 117.24143190914252, -0.440556423543522 ], [ 117.241277398913638, -0.440454916916497 ], [ 117.240980056554577, -0.440413595634303 ], [ 117.240533593858387, -0.440354308576842 ], [ 117.240247929598041, -0.440247412214471 ], [ 117.239843687720168, -0.439973434135851 ], [ 117.239474480138412, -0.439562916143484 ], [ 117.239326258116535, -0.439313191839494 ], [ 117.239325359801256, -0.439004180458976 ], [ 117.239402614915676, -0.438652949484801 ], [ 117.239527480740179, -0.43837897134772 ], [ 117.239604735854599, -0.438135535027346 ], [ 117.239705347166435, -0.43774837244987 ], [ 117.239849077611893, -0.437430378113743 ], [ 117.239998197949049, -0.43722826306259 ], [ 117.240307218406784, -0.436960572897577 ], [ 117.24087854692749, -0.436514123171625 ], [ 117.241277398913638, -0.436205111675765 ], [ 117.241324111308401, -0.436127858799817 ], [ 117.241318721416704, -0.435991318831087 ], [ 117.241051023462035, -0.435598766407197 ], [ 117.240837224424425, -0.435188248175444 ], [ 117.24041232129504, -0.434443566249458 ], [ 117.240183250897573, -0.434148029011197 ], [ 117.240155403123765, -0.434052810324068 ], [ 117.240126657034665, -0.433876745578673 ], [ 117.240079046324624, -0.433557852789593 ], [ 117.239988316480932, -0.433381788032684 ], [ 117.239840992774333, -0.433182367741855 ], [ 117.239735889886077, -0.43305840377464 ], [ 117.239679296023198, -0.432987438893946 ], [ 117.239650549934083, -0.4329299483572 ], [ 117.239599345962901, -0.432633512770186 ], [ 117.239582277972502, -0.432246349910313 ], [ 117.239510412749766, -0.431830441758113 ], [ 117.239379258718301, -0.431443278857322 ], [ 117.239111560763632, -0.431092047531207 ], [ 117.238945372436049, -0.430955507471669 ], [ 117.238879795420317, -0.43085489900518 ], [ 117.238873507213313, -0.4307291384202 ], [ 117.239063950053563, -0.430539599248917 ], [ 117.239439445842322, -0.430319518214739 ], [ 117.240103300837276, -0.429851509137282 ], [ 117.240303625145643, -0.429694308385059 ], [ 117.240374592053087, -0.429493989707539 ], [ 117.240306320091506, -0.429239773620437 ], [ 117.240035028875695, -0.428753798674231 ], [ 117.239963163652959, -0.428625343184218 ], [ 117.239920942834615, -0.428118707524288 ], [ 117.240070063171771, -0.427733341015861 ], [ 117.240105995783139, -0.427483616321744 ], [ 117.240632408539639, -0.426508971304822 ], [ 117.241345670875219, -0.425438209079449 ], [ 117.241731048132138, -0.425024097138663 ], [ 117.241740929600255, -0.424731254407914 ], [ 117.241635826711999, -0.424502190300975 ], [ 117.241579232849119, -0.424122213355678 ], [ 117.241492994581819, -0.423884166323707 ], [ 117.241398671476986, -0.423674864587664 ], [ 117.241398671476986, -0.423350581629239 ], [ 117.241446282187056, -0.422865504602406 ], [ 117.241663674485821, -0.422360665145996 ], [ 117.241642114919003, -0.422174718932256 ], [ 117.241607080622913, -0.422039077005418 ], [ 117.241656487963539, -0.421981586386707 ], [ 117.242028390491171, -0.421889062421327 ], [ 117.242191883872863, -0.421803724782379 ], [ 117.242341902525325, -0.421668082849074 ], [ 117.242463175088673, -0.421561186224472 ], [ 117.242835077616292, -0.421089583451366 ], [ 117.242984197953476, -0.421032991116676 ], [ 117.243206081828646, -0.420997059475389 ], [ 117.243583374247962, -0.420930585938573 ], [ 117.244082837545946, -0.421097668070574 ], [ 117.244749387486763, -0.421252174124937 ], [ 117.245368326717511, -0.421216242484661 ], [ 117.245629736465204, -0.421002449221593 ], [ 117.245736635983988, -0.420490423315629 ], [ 117.24585611191678, -0.42019308895833 ], [ 117.245903722626849, -0.420002651237135 ], [ 117.24589114621287, -0.419836467372867 ], [ 117.245820179305426, -0.419586742424245 ], [ 117.24570070337262, -0.419324441390491 ], [ 117.24561536342064, -0.418934582988469 ], [ 117.245592007223252, -0.418744145236649 ], [ 117.24552014200053, -0.418660604145948 ], [ 117.244913779183761, -0.418256373049339 ], [ 117.244401739471797, -0.417994071971067 ], [ 117.242854840552567, -0.417494621948496 ], [ 117.24233202105718, -0.417197287477546 ], [ 117.242093967506889, -0.416888275205801 ], [ 117.241617860406322, -0.416399604611781 ], [ 117.24136812875733, -0.415936086152696 ], [ 117.241130075207039, -0.415519278832908 ], [ 117.241059108299595, -0.415150979243243 ], [ 117.241154329719706, -0.414829390807019 ], [ 117.241452570394031, -0.414017335032823 ], [ 117.241738234654392, -0.413577172023104 ], [ 117.241738234654392, -0.413291515199653 ], [ 117.241845134173204, -0.41301753616122 ], [ 117.242058933210828, -0.412863029945217 ], [ 117.242154154630938, -0.412529763620245 ], [ 117.242142476532237, -0.412363579598534 ], [ 117.241904422981946, -0.412148887803188 ], [ 117.241713980141725, -0.412173141688308 ], [ 117.24147592659142, -0.412280038440363 ], [ 117.241273805652497, -0.412196497281316 ], [ 117.240954005411368, -0.41199887303062 ], [ 117.240746494580719, -0.411784181225445 ], [ 117.240630611909083, -0.411471575574099 ], [ 117.240516525867989, -0.41127125642901 ], [ 117.240411422979761, -0.411128427977199 ], [ 117.240078148009346, -0.410881397629985 ], [ 117.239845484350752, -0.410624486060781 ], [ 117.239586769548922, -0.410346913761698 ], [ 117.239533768947155, -0.410250796490839 ], [ 117.239501429596928, -0.410140306542536 ], [ 117.239416089644948, -0.410001071239658 ], [ 117.239372970511326, -0.409912140303004 ], [ 117.239322664855393, -0.409736973303676 ], [ 117.239290325505166, -0.409551026792506 ], [ 117.239248104686823, -0.409337233213947 ], [ 117.239190612508636, -0.409151286693507 ], [ 117.239130425384587, -0.409044389899612 ], [ 117.238948067381912, -0.408905154577698 ], [ 117.23863186040191, -0.408675191718152 ], [ 117.238477350173028, -0.408612311247599 ], [ 117.23819168591271, -0.408591650521453 ], [ 117.238080294817451, -0.408562006870802 ], [ 117.237980581820921, -0.408504516154077 ], [ 117.237859309257558, -0.408426364710369 ], [ 117.237732646802485, -0.408361687652933 ], [ 117.237618560761419, -0.408306891812198 ], [ 117.23749998314392, -0.408263773773324 ], [ 117.237428117921198, -0.408240418168837 ], [ 117.237185572794488, -0.408190113789713 ], [ 117.237014892890485, -0.408145199165229 ], [ 117.236872060760305, -0.40806884430303 ], [ 117.236814568582119, -0.408012251875286 ], [ 117.236770551133191, -0.407916134576459 ], [ 117.236811873636285, -0.40788828750836 ], [ 117.236820856789123, -0.407880202875668 ], [ 117.236977163648561, -0.407737374363438 ], [ 117.237045435610142, -0.407616104869933 ], [ 117.237092148004933, -0.407476869523287 ], [ 117.237109215995346, -0.407322363200321 ], [ 117.237121792409297, -0.4071795346782 ], [ 117.23710382610362, -0.407042095909242 ], [ 117.23700231647652, -0.406774404705463 ], [ 117.236964587234581, -0.40652108617559 ], [ 117.236940332721915, -0.406152786171174 ], [ 117.236976265333283, -0.4056524371139 ], [ 117.237083164852095, -0.405307492682969 ], [ 117.237321218402386, -0.404855651387937 ], [ 117.237570950051349, -0.404439741783972 ], [ 117.237773969305579, -0.404093899008506 ], [ 117.238285110702236, -0.403380654380937 ], [ 117.238612097465648, -0.402997981544906 ], [ 117.238721691930323, -0.402745561190171 ], [ 117.238864524060475, -0.402526377672957 ], [ 117.238988491569685, -0.402393430290793 ], [ 117.239145696744401, -0.402283838528191 ], [ 117.239330749692954, -0.402188619454571 ], [ 117.239407106492095, -0.402097891845655 ], [ 117.239513107695629, -0.401929911022524 ], [ 117.23965144824939, -0.401825709012857 ], [ 117.239866145602278, -0.401761930195939 ], [ 117.240051198550816, -0.40171521894943 ], [ 117.240211996986673, -0.401683778687206 ], [ 117.240336862811176, -0.401683778687206 ], [ 117.240530000597246, -0.401683778687206 ], [ 117.240865072198233, -0.40171521894943 ], [ 117.241029463895202, -0.40171521894943 ], [ 117.241114803847196, -0.40170803260379 ], [ 117.241244161248105, -0.40169365991249 ], [ 117.241393281585289, -0.40165144013165 ], [ 117.241532520454328, -0.4015795766744 ], [ 117.241685234052625, -0.40144213781065 ], [ 117.242009525870202, -0.401219361085417 ], [ 117.242386818289532, -0.40097772019514 ], [ 117.242205358602121, -0.400868128413556 ], [ 117.241943948854455, -0.400692961218635 ], [ 117.241833456074502, -0.400612114819715 ], [ 117.241726556555719, -0.400453116899514 ], [ 117.24162684355916, -0.400196204999338 ], [ 117.241450773763475, -0.399721007792146 ], [ 117.24138429843245, -0.399487451498758 ], [ 117.2413411792988, -0.399340131371822 ], [ 117.241312433209728, -0.399211675405327 ], [ 117.24129806016515, -0.399044592816534 ], [ 117.241272009021941, -0.398841578483648 ], [ 117.241173194340661, -0.39851909110386 ], [ 117.241045633570323, -0.398301704060777 ], [ 117.240998022860268, -0.398233433748544 ], [ 117.240928852583394, -0.398151689031836 ], [ 117.240702477131819, -0.397979216659859 ], [ 117.240464423581528, -0.397842676029486 ], [ 117.240327879658324, -0.39776542277709 ], [ 117.240220980139512, -0.397610017976476 ], [ 117.240137436818088, -0.397455511466607 ], [ 117.240071859802342, -0.397217463640512 ], [ 117.239953282184842, -0.396759333842698 ], [ 117.239903874844217, -0.39649613377091 ], [ 117.239918247888752, -0.396243713216386 ], [ 117.239965858598822, -0.396001173886289 ], [ 117.240089826108019, -0.395553823547721 ], [ 117.240194030680996, -0.395054372137217 ], [ 117.240254217805017, -0.394710325554603 ], [ 117.240254217805017, -0.394615106393453 ], [ 117.240211098671395, -0.394448922005817 ], [ 117.240135640187532, -0.394315076199308 ], [ 117.239978435012787, -0.394139010571361 ], [ 117.239825721414491, -0.393948572234903 ], [ 117.239682889284339, -0.393658423251649 ], [ 117.239635278574269, -0.393444629257528 ], [ 117.23959575270176, -0.392948770897141 ], [ 117.239599345962901, -0.392720604177943 ], [ 117.239610125746296, -0.392588554932096 ], [ 117.239646058357664, -0.392513098219248 ], [ 117.23970355053585, -0.392402608031349 ], [ 117.239774517443308, -0.392277745134325 ], [ 117.23988141696212, -0.392120543642616 ], [ 117.239949688923701, -0.3920172398036 ], [ 117.239999096264327, -0.391816920181704 ], [ 117.239990113111489, -0.391459399050902 ], [ 117.239925434411049, -0.391195300517355 ], [ 117.239883213592677, -0.391002167230758 ], [ 117.239782602280869, -0.390873711135351 ], [ 117.239654143195224, -0.39070932326214 ], [ 117.239461903724433, -0.390560206390762 ], [ 117.239090899512078, -0.390309582245559 ], [ 117.23868396268837, -0.389824503233632 ], [ 117.23848453669531, -0.389493930853938 ], [ 117.2382132454795, -0.389218154429435 ], [ 117.238099159438434, -0.389013343267943 ], [ 117.23794195426369, -0.388766312255143 ], [ 117.237904225021765, -0.388665703258769 ], [ 117.237899733445346, -0.388542636895502 ], [ 117.237894343553648, -0.388433044950062 ], [ 117.237852122735276, -0.388332435949718 ], [ 117.237780257512554, -0.388284826333067 ], [ 117.237614069185, -0.388218352528237 ], [ 117.237480220207658, -0.388185115625626 ], [ 117.237105622734191, -0.388086303211688 ], [ 117.236813670266841, -0.387974016376265 ], [ 117.236266596258815, -0.387765612005773 ], [ 117.235927033081424, -0.387634460976884 ], [ 117.235629690722362, -0.387563495693282 ] ] ] } },
{ "type": "Feature", "properties": { "FID": 50, "Kode_Prov": 64, "Provinsi": "Kalimantan Timur", "Kode_kota": "6472", "Kota": "Kota Samarinda", "Kode_Kec": 647204, "Kecamatan": "Samarinda Utara", "Kode_Kel": 64720402, "Kelurahan": "Sungai Siring", "Sumber": "Revisi RTRW Kota Samarinda Tahun 2019 (Data belum disahkan)", "city": "samarinda", "source_layer": "Batas Administrasi AR", "role": "admin" }, "geometry": { "type": "Polygon", "coordinates": [ [ [ 117.274227603535138, -0.358206275937076 ], [ 117.274161128204113, -0.358152378073214 ], [ 117.274054228685301, -0.358161361050546 ], [ 117.273948227481768, -0.358206275937076 ], [ 117.273827853233712, -0.358251190823387 ], [ 117.273800903775197, -0.358323952938742 ], [ 117.273763174533244, -0.35844971461824 ], [ 117.273723648660734, -0.358523375029716 ], [ 117.273603274412693, -0.358505409075752 ], [ 117.273549375495648, -0.358485646526351 ], [ 117.273467628804767, -0.358404799732903 ], [ 117.273347254556697, -0.358323952938742 ], [ 117.273240355037885, -0.358323952938742 ], [ 117.273120879105107, -0.358377850801596 ], [ 117.273093929646564, -0.358485646526351 ], [ 117.273163099923451, -0.358676085636985 ], [ 117.273176574652723, -0.358739864772208 ], [ 117.273233168515631, -0.358912337924387 ], [ 117.273261914604703, -0.359065048525164 ], [ 117.273249338190723, -0.359265368897609 ], [ 117.27312986225796, -0.359319266754916 ], [ 117.27299601328059, -0.359310283778721 ], [ 117.272792994026389, -0.359119844681291 ], [ 117.272712145650829, -0.359011150666357 ], [ 117.272642975373955, -0.358921320900973 ], [ 117.27258907645691, -0.358856643469351 ], [ 117.272482176938098, -0.358784779655901 ], [ 117.272427379705775, -0.35877579667918 ], [ 117.272348327960771, -0.35877579667918 ], [ 117.272254004855938, -0.358793762632613 ], [ 117.272201004254171, -0.358856643469351 ], [ 117.272188427840177, -0.358939286854121 ], [ 117.272229750343271, -0.359029116619328 ], [ 117.272244123387807, -0.359101878728499 ], [ 117.272245920018378, -0.359236623373582 ], [ 117.272218970559848, -0.35924560634985 ], [ 117.272165071642803, -0.359274351873849 ], [ 117.2720976979965, -0.359292317826303 ], [ 117.271951272605179, -0.359274351873849 ], [ 117.271857847815625, -0.35925638592136 ], [ 117.2717913724846, -0.359227640397305 ], [ 117.271736575252277, -0.359265368897609 ], [ 117.271709625793747, -0.359292317826303 ], [ 117.271684472965788, -0.359364181635763 ], [ 117.271644048778001, -0.359445926718337 ], [ 117.271633268994606, -0.359553722430503 ], [ 117.271581166708117, -0.359636365808969 ], [ 117.27154074252033, -0.359699246639908 ], [ 117.271487741918591, -0.359735178543108 ], [ 117.271396113759593, -0.359798059373367 ], [ 117.271275739511523, -0.359798059373367 ], [ 117.271167941677433, -0.359771110446166 ], [ 117.271114042760374, -0.359753144494655 ], [ 117.271047567429349, -0.359852855525096 ], [ 117.271022414601418, -0.359969634208012 ], [ 117.271009838187425, -0.36007922650908 ], [ 117.270971210630208, -0.360133124361581 ], [ 117.270864311111396, -0.360160073287712 ], [ 117.270743936863312, -0.360214869437266 ], [ 117.270596613156712, -0.360250801338434 ], [ 117.270476238908643, -0.360313682165137 ], [ 117.270371136020415, -0.360349614065915 ], [ 117.270319033733927, -0.360540053137674 ], [ 117.270308253950532, -0.360711627958348 ], [ 117.270310050581088, -0.360920032971779 ], [ 117.270245371880648, -0.361055675887438 ], [ 117.270098048174049, -0.361192217098509 ], [ 117.269886944082273, -0.361408706777645 ], [ 117.269700992818457, -0.36151740076398 ], [ 117.269407243720536, -0.361688975566208 ], [ 117.269114392937936, -0.361815635496661 ], [ 117.268889814116903, -0.362033023458282 ], [ 117.268758660085425, -0.362332156471331 ], [ 117.268599658280124, -0.362439952149289 ], [ 117.268427181745565, -0.362530680177243 ], [ 117.268266383309708, -0.362539663150258 ], [ 117.268051685956834, -0.362521697204218 ], [ 117.267463289445715, -0.362557629096262 ], [ 117.267174031924228, -0.362639374150128 ], [ 117.266172410382424, -0.363172962725359 ], [ 117.26578613481027, -0.363445146784433 ], [ 117.265468131199682, -0.363670619381614 ], [ 117.265147432643246, -0.363825126496749 ], [ 117.264693783424775, -0.363968854043337 ], [ 117.2643200842666, -0.364078446296071 ], [ 117.263519685348442, -0.364250021049725 ], [ 117.263304987995539, -0.364196123221704 ], [ 117.263143291244404, -0.364214089164413 ], [ 117.262998662483639, -0.364385663915485 ], [ 117.262960933241715, -0.364548255692281 ], [ 117.262787558391878, -0.364701864495287 ], [ 117.262707608331596, -0.364737796378653 ], [ 117.262482131195284, -0.364792592500509 ], [ 117.26229528161619, -0.364874337534134 ], [ 117.262216229871171, -0.365000997419932 ], [ 117.262176703998691, -0.365154606215208 ], [ 117.262097652253686, -0.365318096275134 ], [ 117.261964701591623, -0.365345045185825 ], [ 117.261737427824741, -0.365245334215864 ], [ 117.261627833360066, -0.365072861184131 ], [ 117.261440085465708, -0.365054895243135 ], [ 117.260958588473414, -0.365182453423428 ], [ 117.26042409087934, -0.36510969136306 ], [ 117.259751252731576, -0.364829422680586 ], [ 117.259670404355973, -0.364747677646553 ], [ 117.259441333958534, -0.364567119931388 ], [ 117.259293111936657, -0.364485374894973 ], [ 117.259065838169775, -0.364530289750238 ], [ 117.258999362838736, -0.36455813696039 ], [ 117.258731664884095, -0.364585085873358 ], [ 117.258610392320747, -0.364521306779203 ], [ 117.25849810291021, -0.364496154460257 ], [ 117.258263642621031, -0.364472798735459 ], [ 117.25822860832497, -0.364476391923894 ], [ 117.2581809976149, -0.364463815764367 ], [ 117.25637538389384, -0.363798177581509 ], [ 117.254300275587525, -0.363031930057862 ], [ 117.250727675702592, -0.366802082836718 ], [ 117.250466265954898, -0.367078758270168 ], [ 117.250330620346972, -0.36724943466965 ], [ 117.25022372082816, -0.367385077490073 ], [ 117.250123109516352, -0.367507245856374 ], [ 117.250001836953004, -0.367578211303678 ], [ 117.249844631778288, -0.367649176750418 ], [ 117.249744918781758, -0.367713854119108 ], [ 117.249673951874314, -0.367771345113106 ], [ 117.249623646218396, -0.367856683306639 ], [ 117.249523933221866, -0.367949207873441 ], [ 117.249409847180772, -0.368048918813291 ], [ 117.249267015050606, -0.368156714422684 ], [ 117.249116996398143, -0.36823486623868 ], [ 117.248974164267963, -0.368334577175335 ], [ 117.248867264749151, -0.368420813660191 ], [ 117.248738805663535, -0.368484592726579 ], [ 117.248617533100187, -0.368570829209983 ], [ 117.248516921788351, -0.368663353769373 ], [ 117.248388462702735, -0.368770251074656 ], [ 117.248238444050287, -0.368820555688463 ], [ 117.248095611920107, -0.368834928435213 ], [ 117.247881812882483, -0.368855589258625 ], [ 117.247738980752302, -0.368920266618561 ], [ 117.247639267755773, -0.368998418427857 ], [ 117.247581775577586, -0.369113400398906 ], [ 117.247553927803779, -0.369220297698782 ], [ 117.247517995192425, -0.369348754116261 ], [ 117.247489249103339, -0.36944127866756 ], [ 117.247438943447406, -0.369555362336283 ], [ 117.247376061377523, -0.369662259630843 ], [ 117.247338332135598, -0.36969549660452 ], [ 117.247299704578367, -0.369719750612259 ], [ 117.247214364626387, -0.369757479068611 ], [ 117.247100278585307, -0.369777241593303 ], [ 117.246961938031532, -0.369800597304246 ], [ 117.246852343566886, -0.369867071250439 ], [ 117.246804732856816, -0.369914680968353 ], [ 117.246742749102211, -0.36994342645829 ], [ 117.2466762737712, -0.369957799203223 ], [ 117.246599916972059, -0.369938934975493 ], [ 117.246514577020065, -0.369919172451161 ], [ 117.246414864023507, -0.369919172451161 ], [ 117.246324134179815, -0.369919172451161 ], [ 117.246253167272371, -0.369938934975493 ], [ 117.246186691941361, -0.369972171948134 ], [ 117.246124708186755, -0.370028764630992 ], [ 117.246058232855731, -0.370086255610035 ], [ 117.246005232253964, -0.370148238071397 ], [ 117.245963011435592, -0.370224593276827 ], [ 117.245895637789289, -0.37031891441204 ], [ 117.245795924792759, -0.370433896365989 ], [ 117.24572316125473, -0.370512048161962 ], [ 117.245666567391837, -0.370530912388473 ], [ 117.245547091459045, -0.370592894846726 ], [ 117.24541414079701, -0.37065936878698 ], [ 117.245275800243263, -0.370725842726734 ], [ 117.245185070399572, -0.370787825183623 ], [ 117.245095238871158, -0.370883044609302 ], [ 117.244985644406484, -0.370978264033958 ], [ 117.24486706678897, -0.371059110714464 ], [ 117.244737709388048, -0.371102228943766 ], [ 117.244585894105043, -0.371168702880194 ], [ 117.244461926595847, -0.371245058076826 ], [ 117.244357722022869, -0.37136812468648 ], [ 117.244248127558222, -0.371510953815245 ], [ 117.244181652227198, -0.37159719026923 ], [ 117.244086430807087, -0.371672647165777 ], [ 117.243995700963396, -0.371725646652252 ], [ 117.243857360409635, -0.371792120583991 ], [ 117.243738782792121, -0.371858594515229 ], [ 117.243591459085522, -0.371949322447598 ], [ 117.2433722701562, -0.372092151566963 ], [ 117.24331208303218, -0.37212718512419 ], [ 117.243211471720343, -0.372234980684015 ], [ 117.243127928398934, -0.372312234167746 ], [ 117.242979706377056, -0.372401165502831 ], [ 117.242824297832897, -0.372460453059055 ], [ 117.242646431406641, -0.37253770654081 ], [ 117.242539531887829, -0.372639214021622 ], [ 117.242485632970769, -0.372757789130469 ], [ 117.242396699757649, -0.372859296608744 ], [ 117.242295190130534, -0.37292487223568 ], [ 117.242229613114802, -0.372966193863361 ], [ 117.242176612513035, -0.37304344734068 ], [ 117.242152358000354, -0.373126988890971 ], [ 117.242099357398615, -0.373204242366878 ], [ 117.242051746688546, -0.373251852066808 ], [ 117.241991559564525, -0.373299461766481 ], [ 117.241938558962758, -0.373311139617304 ], [ 117.241825371236956, -0.373293173692954 ], [ 117.241670861008089, -0.373299461766481 ], [ 117.241575639587978, -0.37338300331434 ], [ 117.241516350779222, -0.373471934638608 ], [ 117.241462451862162, -0.373549188111484 ], [ 117.241385196747729, -0.373603085882856 ], [ 117.241312433209728, -0.373611170548534 ], [ 117.241251347770387, -0.373618356918018 ], [ 117.241162414557266, -0.373636322841704 ], [ 117.241126481945898, -0.373654288765354 ], [ 117.24109054933453, -0.373714474609311 ], [ 117.241076176289994, -0.373764779194989 ], [ 117.241037548732763, -0.373815083780378 ], [ 117.240976463293464, -0.373857303700036 ], [ 117.240922564376419, -0.373868083253959 ], [ 117.240869563774652, -0.3738465241461 ], [ 117.240833631163284, -0.373839337776802 ], [ 117.240801291813071, -0.3738465241461 ], [ 117.240748291211304, -0.373871676438597 ], [ 117.240687205771962, -0.373936353761829 ], [ 117.240644984953633, -0.373992946419266 ], [ 117.24061983212566, -0.374032471449641 ], [ 117.240562339947473, -0.374038759522639 ], [ 117.240526407336105, -0.374002827676877 ], [ 117.240503051138731, -0.373949828204109 ], [ 117.24048508483304, -0.373889642361765 ], [ 117.240425796024297, -0.373854608811554 ], [ 117.240360219008551, -0.373818676965038 ], [ 117.240294641992804, -0.373776457045194 ], [ 117.240223675085346, -0.37373513542132 ], [ 117.240151809862624, -0.373711779720784 ], [ 117.24007455474819, -0.373705491647552 ], [ 117.239991011426767, -0.373711779720784 ], [ 117.239920044519323, -0.373741423494531 ], [ 117.239728703363824, -0.373931862281065 ], [ 117.239633481943713, -0.374007319157605 ], [ 117.239575989765527, -0.374150148243566 ], [ 117.239490649813533, -0.37435046827845 ], [ 117.239433157635347, -0.374464551883715 ], [ 117.239356800836191, -0.374512161576812 ], [ 117.239252596263242, -0.374645109397675 ], [ 117.239119645601193, -0.374769074255852 ], [ 117.239014542712937, -0.374921784585977 ], [ 117.238976813470984, -0.375035868183803 ], [ 117.239014542712937, -0.375112223346872 ], [ 117.239033407333892, -0.375216425685985 ], [ 117.239014542712937, -0.37533050927997 ], [ 117.238957050534751, -0.375406864440467 ], [ 117.23886182911464, -0.375492202560233 ], [ 117.238814218404571, -0.37558742193499 ], [ 117.238776489162646, -0.375682641308709 ], [ 117.238805235251732, -0.375740132250829 ], [ 117.238852845961802, -0.375873080053034 ], [ 117.238842964493671, -0.376034773323258 ], [ 117.238728878452577, -0.376187483631275 ], [ 117.238652521653435, -0.376216229100721 ], [ 117.238462078813214, -0.376177602376132 ], [ 117.23837673886122, -0.376139873947298 ], [ 117.238265347765989, -0.37613358587581 ], [ 117.238161143193039, -0.37617131430467 ], [ 117.238123413951087, -0.376314143355309 ], [ 117.238094667862015, -0.376475836617361 ], [ 117.238056040304784, -0.37659980144957 ], [ 117.237989564973759, -0.376704003770933 ], [ 117.237875478932665, -0.376780358919416 ], [ 117.237732646802485, -0.376856714067231 ], [ 117.237589814672333, -0.376914205001614 ], [ 117.237523339341308, -0.376970797639777 ], [ 117.237446982542153, -0.377075898252532 ], [ 117.237351761122042, -0.377227710246494 ], [ 117.237314031880103, -0.377361556321814 ], [ 117.237314031880103, -0.377428030210805 ], [ 117.237390388679245, -0.377532232522254 ], [ 117.237437999389314, -0.377656197339422 ], [ 117.237523339341308, -0.377799026365705 ], [ 117.237608679293288, -0.377919397996096 ], [ 117.237685036092444, -0.377958024712957 ], [ 117.237760494576307, -0.378062227018052 ], [ 117.237903326706487, -0.378195174784806 ], [ 117.238056040304784, -0.378347885054915 ], [ 117.238180007813995, -0.378499697026654 ], [ 117.238284212386958, -0.378652407291403 ], [ 117.238312958476058, -0.378757507883815 ], [ 117.238312958476058, -0.378823981762118 ], [ 117.238265347765989, -0.378890455639912 ], [ 117.238141380256778, -0.379023403393968 ], [ 117.2380659217729, -0.379157249441599 ], [ 117.237966208776371, -0.379269536392713 ], [ 117.237873682302109, -0.379341400040662 ], [ 117.23769491756056, -0.379469856309883 ], [ 117.23756645847493, -0.379647718833348 ], [ 117.237509864612036, -0.379848038741759 ], [ 117.23745237243385, -0.379976495003454 ], [ 117.237331099870502, -0.380090578534966 ], [ 117.23722420035169, -0.380247780249147 ], [ 117.237195454262604, -0.380369050140989 ], [ 117.237195454262604, -0.380554997305169 ], [ 117.237188267740322, -0.380704114351809 ], [ 117.237045435610142, -0.380819096169144 ], [ 117.236774144394332, -0.380996958664813 ], [ 117.236596277968076, -0.38111104218283 ], [ 117.236495666656268, -0.381261057515245 ], [ 117.236317800229997, -0.381454191023188 ], [ 117.236174968099846, -0.381568274535146 ], [ 117.236056390482332, -0.381629358619667 ], [ 117.23599710167359, -0.381676968273478 ], [ 117.235973745476201, -0.381801831326562 ], [ 117.235937812864847, -0.381903338699315 ], [ 117.235865947642111, -0.381938372217066 ], [ 117.235753658231573, -0.381985981869166 ], [ 117.235711437413229, -0.382045269360092 ], [ 117.235652148604458, -0.382158454568905 ], [ 117.23558657158874, -0.382277927843257 ], [ 117.235520994572994, -0.382408180659265 ], [ 117.235485960276904, -0.382527653930141 ], [ 117.235455417557247, -0.382700126618999 ], [ 117.235473383862924, -0.382860921466426 ], [ 117.235497638375605, -0.382943564627058 ], [ 117.235538960878671, -0.383015428244352 ], [ 117.235568605283063, -0.383110647536338 ], [ 117.235574893490039, -0.383194188989756 ], [ 117.235545249085646, -0.383271442376063 ], [ 117.235533570986973, -0.383301086117135 ], [ 117.235516502996575, -0.383314560544862 ], [ 117.235497638375605, -0.383325340087027 ], [ 117.235468892286505, -0.383342407695429 ], [ 117.235450925980814, -0.383378339502478 ], [ 117.235448231034979, -0.383404390062495 ], [ 117.235449129350258, -0.383431338917601 ], [ 117.235451824296121, -0.383468169019442 ], [ 117.235437451251556, -0.383495117874348 ], [ 117.235420383261186, -0.383508592301768 ], [ 117.23540062032491, -0.383508592301768 ], [ 117.235366484344141, -0.38347355879043 ], [ 117.235265873032304, -0.383407983243181 ], [ 117.235170651612194, -0.383419661080399 ], [ 117.235069141985079, -0.383514880367891 ], [ 117.235002666654069, -0.383566981487014 ], [ 117.23501614138334, -0.383640641689371 ], [ 117.235069141985079, -0.383676573495168 ], [ 117.235105074596447, -0.383712505300815 ], [ 117.235146397099527, -0.383789758682444 ], [ 117.235152685306517, -0.383842758095019 ], [ 117.235105074596447, -0.383908333638936 ], [ 117.235027819482013, -0.383962231345889 ], [ 117.234950564367594, -0.383973909182351 ], [ 117.234909241864528, -0.384015230757395 ], [ 117.234878699144858, -0.384092484136289 ], [ 117.234855342947483, -0.384200279547533 ], [ 117.234837376641792, -0.384282922695232 ], [ 117.234843664848768, -0.384360176071706 ], [ 117.234884987351833, -0.384450005578355 ], [ 117.234914631756226, -0.38452097088794 ], [ 117.234926309854927, -0.384580258361318 ], [ 117.234920919963201, -0.384658410030142 ], [ 117.234854444632205, -0.384692545241588 ], [ 117.234805037291579, -0.384708714552225 ], [ 117.23467927315177, -0.384763510549156 ], [ 117.234628967495865, -0.384776086679549 ], [ 117.234578661839961, -0.384796747465156 ], [ 117.234533746075755, -0.384847051986423 ], [ 117.234474457266984, -0.384903644572494 ], [ 117.234420558349939, -0.384935983192937 ], [ 117.234352286388358, -0.384957542273164 ], [ 117.234242691923683, -0.384983592828366 ], [ 117.234170826700961, -0.385025812693525 ], [ 117.234111537892204, -0.385064439378487 ], [ 117.234072910335001, -0.385144387632852 ], [ 117.234054944029324, -0.385236912016181 ], [ 117.234034282777785, -0.385302487549388 ], [ 117.233957027663351, -0.385370757966986 ], [ 117.233864501189075, -0.385414774420147 ], [ 117.233772873030119, -0.385436333499163 ], [ 117.233674058348868, -0.385414774420147 ], [ 117.23360309144141, -0.385400401700772 ], [ 117.233543802632639, -0.385421062484865 ], [ 117.233446784581972, -0.385504603915688 ], [ 117.233375817674528, -0.385602518064748 ], [ 117.233328206964458, -0.385657314055932 ], [ 117.233260833318155, -0.385704923687331 ], [ 117.233175493366161, -0.385728279355467 ], [ 117.233009305038607, -0.385730974240247 ], [ 117.232954507806284, -0.385726482765612 ], [ 117.232861083016729, -0.385704923687331 ], [ 117.232766759911897, -0.385640246452159 ], [ 117.232671538491786, -0.385579162396267 ], [ 117.232631114303999, -0.385518976634886 ], [ 117.2325853002245, -0.385466875527676 ], [ 117.232554757504857, -0.385436333499163 ], [ 117.232475705759839, -0.385440824973951 ], [ 117.232397552330113, -0.38548484142675 ], [ 117.232276279766751, -0.385629466912915 ], [ 117.232231364002558, -0.385703127097471 ], [ 117.232207109489863, -0.385767804332166 ], [ 117.232181956661933, -0.385828888386704 ], [ 117.2321603970951, -0.385877396312053 ], [ 117.232124464483746, -0.385913328108431 ], [ 117.23210470154747, -0.385922311057501 ], [ 117.23207505714312, -0.385911531518615 ], [ 117.23204451442345, -0.385883684376431 ], [ 117.231997802028687, -0.385818108847699 ], [ 117.231959174471456, -0.385770499216934 ], [ 117.23190168229327, -0.385740855484436 ], [ 117.231831613701132, -0.385727381060539 ], [ 117.231752561956114, -0.385744448664138 ], [ 117.231713934398897, -0.385757024793084 ], [ 117.231665425373563, -0.385749838433689 ], [ 117.231640272545604, -0.385734567419954 ], [ 117.231633984338629, -0.385683364608995 ], [ 117.231635780969185, -0.385624975438227 ], [ 117.231635780969185, -0.385560298202447 ], [ 117.231630391077488, -0.385528857879321 ], [ 117.231618712978786, -0.38548484142675 ], [ 117.231601644988373, -0.385434536909247 ], [ 117.23158188205214, -0.385403096585657 ], [ 117.231544152810216, -0.385376147736773 ], [ 117.231507321883555, -0.385368961377056 ], [ 117.231432761714984, -0.385353690362638 ], [ 117.231398625734172, -0.385340215938128 ], [ 117.231288132954219, -0.385262962570529 ], [ 117.231184826696548, -0.385134506387971 ], [ 117.231018638368994, -0.38506354108349 ], [ 117.230890179283364, -0.385144387632852 ], [ 117.230747347153184, -0.385211759756734 ], [ 117.230647634156654, -0.385439926678994 ], [ 117.230571277357498, -0.385734567419954 ], [ 117.23031525750153, -0.385920514467688 ], [ 117.229763691917071, -0.386320255691806 ], [ 117.229554384455881, -0.386605913453927 ], [ 117.229385501182463, -0.386985892160343 ], [ 117.229306449437459, -0.387114348314928 ], [ 117.229182481928262, -0.387242804467567 ], [ 117.229020785177127, -0.387424260008538 ], [ 117.228930055333407, -0.387571580345874 ], [ 117.228806986139475, -0.387757527353366 ], [ 117.228706374827667, -0.388033303825554 ], [ 117.228522220194421, -0.388461790378512 ], [ 117.228486287583067, -0.388541738600873 ], [ 117.228474609484351, -0.388613602170889 ], [ 117.228474609484351, -0.388681872561838 ], [ 117.228513237041582, -0.388756431014481 ], [ 117.228540186500112, -0.388869616134103 ], [ 117.228531203347259, -0.388934293344633 ], [ 117.228506948834578, -0.388994479081766 ], [ 117.228435981927163, -0.389065444353355 ], [ 117.228343455452887, -0.389128324973252 ], [ 117.228245539086913, -0.389196595360038 ], [ 117.228183555332308, -0.389316068535584 ], [ 117.228162894080782, -0.38940499969523 ], [ 117.228135944622267, -0.389470575196186 ], [ 117.227975146186409, -0.389547828525425 ], [ 117.227891602864972, -0.38961340402527 ], [ 117.227879924766299, -0.389666403401484 ], [ 117.227886212973274, -0.389749944790432 ], [ 117.227909569170649, -0.389883790669923 ], [ 117.227930230422203, -0.39001494166387 ], [ 117.227995807437949, -0.390124533588752 ], [ 117.228061384453667, -0.390210769856509 ], [ 117.228120673262424, -0.390258379462287 ], [ 117.228126961469428, -0.390317666895521 ], [ 117.228115283370713, -0.390404801455728 ], [ 117.228089232227475, -0.390516189964368 ], [ 117.228089232227475, -0.390580867162255 ], [ 117.228121571577717, -0.39074525503798 ], [ 117.228118876631854, -0.390834186182523 ], [ 117.228109893479015, -0.390932100269871 ], [ 117.228091927173338, -0.390973421810977 ], [ 117.228029045103455, -0.391030014356076 ], [ 117.227907772540092, -0.39103360753353 ], [ 117.227729007798558, -0.390968032044757 ], [ 117.227622108279718, -0.390941083213607 ], [ 117.227547548111147, -0.390941083213607 ], [ 117.227481971095401, -0.390977014988455 ], [ 117.227425377232521, -0.39107223419106 ], [ 117.227354410325077, -0.391235723762825 ], [ 117.227238527653412, -0.391347112260444 ], [ 117.227119051720621, -0.391447721224765 ], [ 117.227073237641136, -0.391493534234903 ], [ 117.227061559542463, -0.391561804602489 ], [ 117.227049881443762, -0.391714514633234 ], [ 117.22704449155205, -0.391821411653099 ], [ 117.227017542093535, -0.391878004192476 ], [ 117.226933100456819, -0.391933698437203 ], [ 117.227311291191427, -0.39223283042271 ], [ 117.227501734031662, -0.392316371786121 ], [ 117.227680498773211, -0.392363981379951 ], [ 117.227881721396855, -0.392388235323873 ], [ 117.228310217787381, -0.392330744493721 ], [ 117.228672238846855, -0.392259779249708 ], [ 117.228986649196315, -0.392160068589381 ], [ 117.229282194924792, -0.392107069228904 ], [ 117.229369331507343, -0.392096289697918 ], [ 117.229714284576445, -0.392078323812912 ], [ 117.230309867609833, -0.392030714217457 ], [ 117.230927908525274, -0.391935495025737 ], [ 117.231297116107058, -0.391863631484099 ], [ 117.23133125208787, -0.391858241718451 ], [ 117.231642069176161, -0.391498924000786 ], [ 117.231956479525593, -0.391113555731477 ], [ 117.232241245470675, -0.390670696602941 ], [ 117.232356229827047, -0.390485647954081 ], [ 117.23250624847951, -0.390185617611838 ], [ 117.232562842342389, -0.389985297946239 ], [ 117.232620334520576, -0.38981462199421 ], [ 117.232878151007128, -0.389259475978958 ], [ 117.2331557304299, -0.388907344506973 ], [ 117.23343510648327, -0.388689058918748 ], [ 117.233762093246682, -0.388516586351223 ], [ 117.2343388116591, -0.38827853827047 ], [ 117.234481643789266, -0.388088099801042 ], [ 117.2345588989037, -0.387897661327327 ], [ 117.234809528867999, -0.387735968280242 ], [ 117.234975717195553, -0.387664104702769 ], [ 117.235261381455885, -0.387568885461678 ], [ 117.235433857990444, -0.38752756390389 ], [ 117.235629690722362, -0.387563495693282 ], [ 117.235927033081424, -0.387634460976884 ], [ 117.236266596258815, -0.387765612005773 ], [ 117.236813670266841, -0.387974016376265 ], [ 117.237105622734191, -0.388086303211688 ], [ 117.237480220207658, -0.388185115625626 ], [ 117.237614069185, -0.388218352528237 ], [ 117.237780257512554, -0.388284826333067 ], [ 117.237852122735276, -0.388332435949718 ], [ 117.237894343553648, -0.388433044950062 ], [ 117.237899733445346, -0.388542636895502 ], [ 117.237904225021765, -0.388665703258769 ], [ 117.23794195426369, -0.388766312255143 ], [ 117.238099159438434, -0.389013343267943 ], [ 117.2382132454795, -0.389218154429435 ], [ 117.23848453669531, -0.389493930853938 ], [ 117.23868396268837, -0.389824503233632 ], [ 117.239090899512078, -0.390309582245559 ], [ 117.239461903724433, -0.390560206390762 ], [ 117.239654143195224, -0.39070932326214 ], [ 117.239782602280869, -0.390873711135351 ], [ 117.239883213592677, -0.391002167230758 ], [ 117.239925434411049, -0.391195300517355 ], [ 117.239990113111489, -0.391459399050902 ], [ 117.239999096264327, -0.391816920181704 ], [ 117.239949688923701, -0.3920172398036 ], [ 117.23988141696212, -0.392120543642616 ], [ 117.239774517443308, -0.392277745134325 ], [ 117.23970355053585, -0.392402608031349 ], [ 117.239646058357664, -0.392513098219248 ], [ 117.239610125746296, -0.392588554932096 ], [ 117.239599345962901, -0.392720604177943 ], [ 117.23959575270176, -0.392948770897141 ], [ 117.239635278574269, -0.393444629257528 ], [ 117.239682889284339, -0.393658423251649 ], [ 117.239825721414491, -0.393948572234903 ], [ 117.239978435012787, -0.394139010571361 ], [ 117.240135640187532, -0.394315076199308 ], [ 117.240211098671395, -0.394448922005817 ], [ 117.240254217805017, -0.394615106393453 ], [ 117.240254217805017, -0.394710325554603 ], [ 117.240194030680996, -0.395054372137217 ], [ 117.240089826108019, -0.395553823547721 ], [ 117.239965858598822, -0.396001173886289 ], [ 117.239918247888752, -0.396243713216386 ], [ 117.239903874844217, -0.39649613377091 ], [ 117.239953282184842, -0.396759333842698 ], [ 117.240071859802342, -0.397217463640512 ], [ 117.240137436818088, -0.397455511466607 ], [ 117.240220980139512, -0.397610017976476 ], [ 117.240327879658324, -0.39776542277709 ], [ 117.240464423581528, -0.397842676029486 ], [ 117.240702477131819, -0.397979216659859 ], [ 117.240928852583394, -0.398151689031836 ], [ 117.240998022860268, -0.398233433748544 ], [ 117.241045633570323, -0.398301704060777 ], [ 117.241173194340661, -0.39851909110386 ], [ 117.241272009021941, -0.398841578483648 ], [ 117.24129806016515, -0.399044592816534 ], [ 117.241312433209728, -0.399211675405327 ], [ 117.2413411792988, -0.399340131371822 ], [ 117.24138429843245, -0.399487451498758 ], [ 117.241450773763475, -0.399721007792146 ], [ 117.24162684355916, -0.400196204999338 ], [ 117.241726556555719, -0.400453116899514 ], [ 117.241833456074502, -0.400612114819715 ], [ 117.241943948854455, -0.400692961218635 ], [ 117.242205358602121, -0.400868128413556 ], [ 117.242386818289532, -0.40097772019514 ], [ 117.242009525870202, -0.401219361085417 ], [ 117.241685234052625, -0.40144213781065 ], [ 117.241532520454328, -0.4015795766744 ], [ 117.241393281585289, -0.40165144013165 ], [ 117.241244161248105, -0.40169365991249 ], [ 117.241114803847196, -0.40170803260379 ], [ 117.241029463895202, -0.40171521894943 ], [ 117.240865072198233, -0.40171521894943 ], [ 117.240530000597246, -0.401683778687206 ], [ 117.240336862811176, -0.401683778687206 ], [ 117.240211996986673, -0.401683778687206 ], [ 117.240051198550816, -0.40171521894943 ], [ 117.239866145602278, -0.401761930195939 ], [ 117.23965144824939, -0.401825709012857 ], [ 117.239513107695629, -0.401929911022524 ], [ 117.239407106492095, -0.402097891845655 ], [ 117.239330749692954, -0.402188619454571 ], [ 117.239145696744401, -0.402283838528191 ], [ 117.238988491569685, -0.402393430290793 ], [ 117.238864524060475, -0.402526377672957 ], [ 117.238721691930323, -0.402745561190171 ], [ 117.238612097465648, -0.402997981544906 ], [ 117.238285110702236, -0.403380654380937 ], [ 117.237773969305579, -0.404093899008506 ], [ 117.237570950051349, -0.404439741783972 ], [ 117.237321218402386, -0.404855651387937 ], [ 117.237083164852095, -0.405307492682969 ], [ 117.236976265333283, -0.4056524371139 ], [ 117.236940332721915, -0.406152786171174 ], [ 117.236964587234581, -0.40652108617559 ], [ 117.23700231647652, -0.406774404705463 ], [ 117.23710382610362, -0.407042095909242 ], [ 117.237121792409297, -0.4071795346782 ], [ 117.237109215995346, -0.407322363200321 ], [ 117.237092148004933, -0.407476869523287 ], [ 117.237045435610142, -0.407616104869933 ], [ 117.236977163648561, -0.407737374363438 ], [ 117.236820856789123, -0.407880202875668 ], [ 117.236811873636285, -0.40788828750836 ], [ 117.236770551133191, -0.407916134576459 ], [ 117.236814568582119, -0.408012251875286 ], [ 117.236872060760305, -0.40806884430303 ], [ 117.237014892890485, -0.408145199165229 ], [ 117.237185572794488, -0.408190113789713 ], [ 117.237428117921198, -0.408240418168837 ], [ 117.23749998314392, -0.408263773773324 ], [ 117.237618560761419, -0.408306891812198 ], [ 117.237732646802485, -0.408361687652933 ], [ 117.237859309257558, -0.408426364710369 ], [ 117.237980581820921, -0.408504516154077 ], [ 117.238080294817451, -0.408562006870802 ], [ 117.23819168591271, -0.408591650521453 ], [ 117.238477350173028, -0.408612311247599 ], [ 117.23863186040191, -0.408675191718152 ], [ 117.238948067381912, -0.408905154577698 ], [ 117.239130425384587, -0.409044389899612 ], [ 117.239190612508636, -0.409151286693507 ], [ 117.239248104686823, -0.409337233213947 ], [ 117.239290325505166, -0.409551026792506 ], [ 117.239322664855393, -0.409736973303676 ], [ 117.239372970511326, -0.409912140303004 ], [ 117.239416089644948, -0.410001071239658 ], [ 117.239501429596928, -0.410140306542536 ], [ 117.239533768947155, -0.410250796490839 ], [ 117.239586769548922, -0.410346913761698 ], [ 117.239845484350752, -0.410624486060781 ], [ 117.240078148009346, -0.410881397629985 ], [ 117.240411422979761, -0.411128427977199 ], [ 117.240516525867989, -0.41127125642901 ], [ 117.240630611909083, -0.411471575574099 ], [ 117.240746494580719, -0.411784181225445 ], [ 117.240954005411368, -0.41199887303062 ], [ 117.241273805652497, -0.412196497281316 ], [ 117.24147592659142, -0.412280038440363 ], [ 117.241713980141725, -0.412173141688308 ], [ 117.241904422981946, -0.412148887803188 ], [ 117.242142476532237, -0.412363579598534 ], [ 117.242154154630938, -0.412529763620245 ], [ 117.242058933210828, -0.412863029945217 ], [ 117.241845134173204, -0.41301753616122 ], [ 117.241738234654392, -0.413291515199653 ], [ 117.241738234654392, -0.413577172023104 ], [ 117.241452570394031, -0.414017335032823 ], [ 117.241154329719706, -0.414829390807019 ], [ 117.241059108299595, -0.415150979243243 ], [ 117.241130075207039, -0.415519278832908 ], [ 117.24136812875733, -0.415936086152696 ], [ 117.241617860406322, -0.416399604611781 ], [ 117.242093967506889, -0.416888275205801 ], [ 117.24233202105718, -0.417197287477546 ], [ 117.242854840552567, -0.417494621948496 ], [ 117.244401739471797, -0.417994071971067 ], [ 117.244913779183761, -0.418256373049339 ], [ 117.24552014200053, -0.418660604145948 ], [ 117.245592007223252, -0.418744145236649 ], [ 117.24561536342064, -0.418934582988469 ], [ 117.24570070337262, -0.419324441390491 ], [ 117.245820179305426, -0.419586742424245 ], [ 117.24589114621287, -0.419836467372867 ], [ 117.245903722626849, -0.420002651237135 ], [ 117.24585611191678, -0.42019308895833 ], [ 117.245736635983988, -0.420490423315629 ], [ 117.245629736465204, -0.421002449221593 ], [ 117.245368326717511, -0.421216242484661 ], [ 117.244749387486763, -0.421252174124937 ], [ 117.244082837545946, -0.421097668070574 ], [ 117.243583374247962, -0.420930585938573 ], [ 117.243206081828646, -0.420997059475389 ], [ 117.242984197953476, -0.421032991116676 ], [ 117.242835077616292, -0.421089583451366 ], [ 117.242463175088673, -0.421561186224472 ], [ 117.242341902525325, -0.421668082849074 ], [ 117.242191883872863, -0.421803724782379 ], [ 117.242028390491171, -0.421889062421327 ], [ 117.241656487963539, -0.421981586386707 ], [ 117.241607080622913, -0.422039077005418 ], [ 117.241642114919003, -0.422174718932256 ], [ 117.241663674485821, -0.422360665145996 ], [ 117.241446282187056, -0.422865504602406 ], [ 117.241398671476986, -0.423350581629239 ], [ 117.241398671476986, -0.423674864587664 ], [ 117.241492994581819, -0.423884166323707 ], [ 117.241579232849119, -0.424122213355678 ], [ 117.241635826711999, -0.424502190300975 ], [ 117.241740929600255, -0.424731254407914 ], [ 117.241731048132138, -0.425024097138663 ], [ 117.241345670875219, -0.425438209079449 ], [ 117.240632408539639, -0.426508971304822 ], [ 117.240105995783139, -0.427483616321744 ], [ 117.240070063171771, -0.427733341015861 ], [ 117.239920942834615, -0.428118707524288 ], [ 117.239963163652959, -0.428625343184218 ], [ 117.240035028875695, -0.428753798674231 ], [ 117.240306320091506, -0.429239773620437 ], [ 117.240374592053087, -0.429493989707539 ], [ 117.240303625145643, -0.429694308385059 ], [ 117.240103300837276, -0.429851509137282 ], [ 117.239439445842322, -0.430319518214739 ], [ 117.239063950053563, -0.430539599248917 ], [ 117.238873507213313, -0.4307291384202 ], [ 117.238879795420317, -0.43085489900518 ], [ 117.238945372436049, -0.430955507471669 ], [ 117.239111560763632, -0.431092047531207 ], [ 117.239379258718301, -0.431443278857322 ], [ 117.239510412749766, -0.431830441758113 ], [ 117.239582277972502, -0.432246349910313 ], [ 117.239599345962901, -0.432633512770186 ], [ 117.239650549934083, -0.4329299483572 ], [ 117.239679296023198, -0.432987438893946 ], [ 117.239735889886077, -0.43305840377464 ], [ 117.239840992774333, -0.433182367741855 ], [ 117.239988316480932, -0.433381788032684 ], [ 117.240079046324624, -0.433557852789593 ], [ 117.240126657034665, -0.433876745578673 ], [ 117.240155403123765, -0.434052810324068 ], [ 117.240183250897573, -0.434148029011197 ], [ 117.24041232129504, -0.434443566249458 ], [ 117.240837224424425, -0.435188248175444 ], [ 117.241051023462035, -0.435598766407197 ], [ 117.241318721416704, -0.435991318831087 ], [ 117.241324111308401, -0.436127858799817 ], [ 117.241277398913638, -0.436205111675765 ], [ 117.24087854692749, -0.436514123171625 ], [ 117.240307218406784, -0.436960572897577 ], [ 117.239998197949049, -0.43722826306259 ], [ 117.239849077611893, -0.437430378113743 ], [ 117.239705347166435, -0.43774837244987 ], [ 117.239604735854599, -0.438135535027346 ], [ 117.239527480740179, -0.43837897134772 ], [ 117.239402614915676, -0.438652949484801 ], [ 117.239325359801256, -0.439004180458976 ], [ 117.239326258116535, -0.439313191839494 ], [ 117.239474480138412, -0.439562916143484 ], [ 117.239843687720168, -0.439973434135851 ], [ 117.240247929598041, -0.440247412214471 ], [ 117.240533593858387, -0.440354308576842 ], [ 117.240980056554577, -0.440413595634303 ], [ 117.241277398913638, -0.440454916916497 ], [ 117.24143190914252, -0.440556423543522 ], [ 117.241509164256939, -0.44071721722421 ], [ 117.241563063173984, -0.44098490725475 ], [ 117.241538808661332, -0.441323562078252 ], [ 117.241390586639426, -0.441686470678364 ], [ 117.241202838745053, -0.442211969486225 ], [ 117.241017785796529, -0.442975514696298 ], [ 117.240824648010445, -0.443889073979554 ], [ 117.240824648010445, -0.444046274434817 ], [ 117.240896513233167, -0.444281625967305 ], [ 117.241095040910949, -0.444534044969008 ], [ 117.241617860406322, -0.44503349321741 ], [ 117.241689725629044, -0.445200574818142 ], [ 117.241630436820301, -0.445629058260775 ], [ 117.241297161849872, -0.44647344903911 ], [ 117.240498559562312, -0.447899031973442 ], [ 117.240105995783139, -0.448477529317027 ], [ 117.239684685914895, -0.448862894758115 ], [ 117.239391835132281, -0.448848522154616 ], [ 117.238913033085822, -0.448677847485907 ], [ 117.238435129354684, -0.448562866654216 ], [ 117.23822133031706, -0.448605984466312 ], [ 117.2380659217729, -0.44879552317897 ], [ 117.237863800833978, -0.44989053583503 ], [ 117.237712883866237, -0.451083461658859 ], [ 117.237534119124703, -0.45232040336456 ], [ 117.237248454864371, -0.453057897193385 ], [ 117.236808280375143, -0.454092723973992 ], [ 117.236106696138236, -0.455572202629527 ], [ 117.235792285788804, -0.456191122268465 ], [ 117.235525486149413, -0.456457015159417 ], [ 117.235135617316104, -0.456771415524547 ], [ 117.234916428386782, -0.457171153111779 ], [ 117.234536441021604, -0.458103574633222 ], [ 117.233936366411811, -0.458941675955036 ], [ 117.233552785785506, -0.459363870581574 ], [ 117.232981457264799, -0.459749235442322 ], [ 117.232267296613912, -0.460306172966556 ], [ 117.231525288189232, -0.46097719279685 ], [ 117.230847060149713, -0.461684144008828 ], [ 117.230493123927801, -0.462172811641594 ], [ 117.230338613698919, -0.462577040356527 ], [ 117.230314359186252, -0.462803408426833 ], [ 117.230611701545286, -0.463565154896056 ], [ 117.230897365805646, -0.464278393850745 ], [ 117.230838076996875, -0.464599980156915 ], [ 117.230635956057952, -0.464849703591276 ], [ 117.23025057880109, -0.465355438433086 ], [ 117.230070017428957, -0.465659957263511 ], [ 117.230003542097933, -0.465935730942251 ], [ 117.230025999980043, -0.466530395971717 ], [ 117.23008708541937, -0.466791797048832 ], [ 117.230078102266532, -0.4677817075689 ], [ 117.230096966887487, -0.468315289043596 ], [ 117.230125712976573, -0.468566808916576 ], [ 117.230306274348692, -0.468928817860762 ], [ 117.230548819475402, -0.469252200524601 ], [ 117.230672786984613, -0.469447128400862 ], [ 117.230848856780298, -0.469852254983448 ], [ 117.231205487948102, -0.470204382725726 ], [ 117.231333947033733, -0.470461292240775 ], [ 117.231395930788338, -0.470684965202469 ], [ 117.231424676877424, -0.470875401614 ], [ 117.231420185301005, -0.471165547646096 ], [ 117.231348320078268, -0.471617384941366 ], [ 117.231174046913154, -0.471979393727348 ], [ 117.230923416948855, -0.472318047090726 ], [ 117.230591040293746, -0.472680954124942 ], [ 117.230364664842156, -0.473008828038064 ], [ 117.230233510810692, -0.47324058547964 ], [ 117.230167933794931, -0.473406768136468 ], [ 117.230126611291865, -0.473567561081717 ], [ 117.230126611291865, -0.473704100339558 ], [ 117.230162543903234, -0.473918790351381 ], [ 117.230257765323344, -0.4741568357542 ], [ 117.230317054132087, -0.474364339476018 ], [ 117.230352986743455, -0.474614960846023 ], [ 117.23029908782641, -0.475001223154767 ], [ 117.23007900058181, -0.475715359226858 ], [ 117.229679250280356, -0.476470816299405 ], [ 117.229293873023494, -0.477219985300244 ], [ 117.229087260508123, -0.477612535451568 ], [ 117.228986649196315, -0.477983526763907 ], [ 117.228930055333407, -0.478240435990249 ], [ 117.228700984935969, -0.478583580466377 ], [ 117.228029943418733, -0.479261784812408 ], [ 117.227244815860388, -0.479982208428279 ], [ 117.226985202743307, -0.480277743779929 ], [ 117.226706725005215, -0.48069903883359 ], [ 117.226578265919571, -0.481070029978727 ], [ 117.226078802621629, -0.482069819574481 ], [ 117.225807511405804, -0.482518961303784 ], [ 117.225671865797921, -0.482897138616864 ], [ 117.225671865797921, -0.48306871074009 ], [ 117.225885664835545, -0.483461260555468 ], [ 117.226257567363163, -0.483996637383791 ], [ 117.226592638964149, -0.484282291446046 ], [ 117.227057067966044, -0.484674841191204 ], [ 117.227234036076993, -0.484905699955193 ], [ 117.227334647388801, -0.48518416771451 ], [ 117.227262782166079, -0.485891116458441 ], [ 117.226991490950283, -0.487204406050604 ], [ 117.226858540288234, -0.487495449673886 ], [ 117.226783980119663, -0.487580786536353 ], [ 117.226986999373864, -0.487632886936064 ], [ 117.227276256895337, -0.488041605574977 ], [ 117.227336444019386, -0.488109875059497 ], [ 117.227568209362673, -0.488297616138351 ], [ 117.228029943418733, -0.48861111677987 ], [ 117.228305726210962, -0.488732384932408 ], [ 117.228422507197891, -0.488758435127853 ], [ 117.228524016824977, -0.488768316236443 ], [ 117.228838427174423, -0.488746757454045 ], [ 117.228943530062679, -0.488744062606241 ], [ 117.228998327295002, -0.488761129975652 ], [ 117.229152837523884, -0.488872517017059 ], [ 117.2293100426986, -0.488953362449181 ], [ 117.229435806838367, -0.488999174860285 ], [ 117.229619063156335, -0.489006361120822 ], [ 117.229852625130192, -0.488999174860285 ], [ 117.229994558945094, -0.489022530207001 ], [ 117.230394309246549, -0.489156374307773 ], [ 117.230501208765332, -0.489220152368276 ], [ 117.230573972303361, -0.489305489208845 ], [ 117.230650329102517, -0.489416876241218 ], [ 117.23070512633484, -0.489559703159055 ], [ 117.230755431990744, -0.489822001641748 ], [ 117.230784178079816, -0.490055555076602 ], [ 117.230776991557562, -0.490257668619423 ], [ 117.230715906118235, -0.490484934062508 ], [ 117.230598226816028, -0.490713097780213 ], [ 117.230501208765332, -0.490887364551487 ], [ 117.230469767730384, -0.491013124074328 ], [ 117.230466174469271, -0.491112833408613 ], [ 117.23052725990857, -0.49134548851616 ], [ 117.230546124529539, -0.491516162142028 ], [ 117.23047066604569, -0.491650006192947 ], [ 117.230404190714665, -0.491784748523377 ], [ 117.230346698536479, -0.492048843483128 ], [ 117.230268545106767, -0.492320124689403 ], [ 117.230190391677041, -0.49249798454713 ], [ 117.230176018632491, -0.492727046478119 ], [ 117.230176018632491, -0.492798010761024 ], [ 117.230225425973117, -0.492933651350296 ], [ 117.230290104673571, -0.49308366444912 ], [ 117.230411377236919, -0.493219305032573 ], [ 117.230475157622109, -0.493362131869114 ], [ 117.230511090233477, -0.493469027424017 ], [ 117.230532649800281, -0.493554364210311 ], [ 117.230539836322563, -0.493690004784168 ], [ 117.230532649800281, -0.49385439037659 ], [ 117.230467971099827, -0.494018775964947 ], [ 117.230397004192383, -0.494197534059146 ], [ 117.23015176411981, -0.494679911404908 ], [ 117.230034983132882, -0.494899990443004 ], [ 117.229927185298791, -0.495090426176199 ], [ 117.22991550720009, -0.495269184241532 ], [ 117.22991550720009, -0.495387757427938 ], [ 117.229974796008833, -0.495507228893913 ], [ 117.230130204552992, -0.495673411004657 ], [ 117.230332325491929, -0.49579288246548 ], [ 117.230498513819498, -0.495923133303771 ], [ 117.230629667850963, -0.496006673495256 ], [ 117.230891077598642, -0.496077637743109 ], [ 117.231022231630106, -0.496042604760087 ], [ 117.231176741858988, -0.496006673495256 ], [ 117.231307895890495, -0.495994995834144 ], [ 117.231438151606682, -0.49597074223023 ], [ 117.231533373026792, -0.49597074223023 ], [ 117.231652848959584, -0.496006673495256 ], [ 117.231759748478396, -0.496042604760087 ], [ 117.231784002991063, -0.496042604760087 ], [ 117.231914258707249, -0.496161177932645 ], [ 117.232021158226075, -0.496220464518126 ], [ 117.232140634158839, -0.49636329129006 ], [ 117.232238550524812, -0.49650971118513 ], [ 117.232291551126579, -0.496590556524576 ], [ 117.232296042702998, -0.496657927640027 ], [ 117.23274879360622, -0.496460305699426 ], [ 117.233109916350415, -0.496360596445335 ], [ 117.233295867614231, -0.49634173253223 ], [ 117.233700109492105, -0.496331851434868 ], [ 117.234033384462506, -0.496393832863532 ], [ 117.234285811057333, -0.496480067893752 ], [ 117.234866122730878, -0.496665113892301 ], [ 117.235141905523108, -0.496736976414613 ], [ 117.235275754500421, -0.496803449247055 ], [ 117.235379959073398, -0.496874413486358 ], [ 117.235494045114464, -0.496965139917773 ], [ 117.235518299627131, -0.497021731651589 ], [ 117.235503926582581, -0.497164558406207 ], [ 117.23547068891709, -0.497360383762863 ], [ 117.235398823694354, -0.497497820821633 ], [ 117.235346721407865, -0.497611902561052 ], [ 117.235332348363329, -0.497717001484598 ], [ 117.235332348363329, -0.49780233821616 ], [ 117.235365586028834, -0.497868811037874 ], [ 117.235451824296121, -0.497998163553884 ], [ 117.235808455463925, -0.498411372963019 ], [ 117.236236951854437, -0.498759007815408 ], [ 117.236450750892061, -0.498887462032706 ], [ 117.236617837534894, -0.498939562343902 ], [ 117.237022079412768, -0.499121015148639 ], [ 117.23767425630902, -0.499520750270125 ], [ 117.23824019493803, -0.499744422271315 ], [ 117.238388416959907, -0.499809996792308 ], [ 117.238506994577421, -0.49984323319311 ], [ 117.238687555949511, -0.499866588501681 ], [ 117.238792658837752, -0.499866588501681 ], [ 117.238863625745196, -0.499812691635623 ], [ 117.239106170871935, -0.499704897902181 ], [ 117.239498734651093, -0.499525241675846 ], [ 117.239679296023198, -0.499443498091238 ], [ 117.239891298430237, -0.499346483725769 ], [ 117.240223675085346, -0.499215334673877 ], [ 117.240269489164859, -0.499197369050127 ], [ 117.240383575205939, -0.499152454990536 ], [ 117.240487779778903, -0.499105744368236 ], [ 117.241724759925134, -0.498555996250093 ], [ 117.2421451714781, -0.498354781241126 ], [ 117.24255929482409, -0.498254173734337 ], [ 117.24278746690625, -0.498261359984873 ], [ 117.242833280985735, -0.498286511861686 ], [ 117.243115351984954, -0.498441016245722 ], [ 117.24347198315273, -0.498548809999878 ], [ 117.243766630565943, -0.498582944688327 ], [ 117.24393820878521, -0.498602706876295 ], [ 117.243971446450701, -0.498606300001374 ], [ 117.244371196752127, -0.498591927501047 ], [ 117.244891321301651, -0.498570368750498 ], [ 117.24521291817338, -0.498534437499426 ], [ 117.245433903733257, -0.498570368750498 ], [ 117.245662075815417, -0.498642231252054 ], [ 117.246042961495888, -0.498723076565366 ], [ 117.246132793024316, -0.498742838752914 ], [ 117.24652535680346, -0.498764397502898 ], [ 117.24715327918706, -0.498821887502511 ], [ 117.247482062581057, -0.498855123908308 ], [ 117.24793032190783, -0.498900936251158 ], [ 117.248943621548293, -0.498964714218124 ], [ 117.249183471729168, -0.498982679842511 ], [ 117.249810495797476, -0.499000645466848 ], [ 117.251219054162988, -0.499038373277795 ], [ 117.251666415174469, -0.499038373277795 ], [ 117.25195207943483, -0.499095863275014 ], [ 117.252217980758914, -0.499166827489638 ], [ 117.252617731060369, -0.499267434982476 ], [ 117.2531082112055, -0.499305162791894 ], [ 117.253584318306082, -0.499276417794262 ], [ 117.253988560183927, -0.499324026696521 ], [ 117.254364954287965, -0.499447989497012 ], [ 117.254969520474177, -0.499686033998646 ], [ 117.255430356214958, -0.499909705994208 ], [ 117.256376282209118, -0.500443284940801 ], [ 117.256832626373452, -0.500671448315493 ], [ 117.257161409767434, -0.50079271624763 ], [ 117.257461447072345, -0.500857392477186 ], [ 117.257832451284671, -0.500892425434595 ], [ 117.258189082452475, -0.500878951220229 ], [ 117.25868225754347, -0.500814274990886 ], [ 117.258903243103347, -0.500785529999862 ], [ 117.259067634800331, -0.500778343752087 ], [ 117.259181720841426, -0.50079990249539 ], [ 117.26163412156707, -0.501259822335632 ], [ 117.263048069824265, -0.49486675401731 ], [ 117.263081307489799, -0.494727520340298 ], [ 117.263081307489799, -0.494727520340298 ], [ 117.263151376081964, -0.494434680468146 ], [ 117.263531363447129, -0.492553678036958 ], [ 117.2636346697048, -0.492053334893918 ], [ 117.264031725060377, -0.491173018321381 ], [ 117.265378299671283, -0.487737986017012 ], [ 117.266309852620907, -0.485477007990977 ], [ 117.266155342392025, -0.4849937316997 ], [ 117.265740320730785, -0.484562555797314 ], [ 117.265170788840635, -0.484027179013663 ], [ 117.264480882702458, -0.483578037384039 ], [ 117.264357813508525, -0.483198063542171 ], [ 117.264556341186307, -0.482215341498021 ], [ 117.264724326144446, -0.48145180050654 ], [ 117.264826734086839, -0.480578668820909 ], [ 117.264550052979317, -0.478737187019501 ], [ 117.264059572834185, -0.477785904275566 ], [ 117.264550052979317, -0.476681913088465 ], [ 117.26985909630848, -0.472416858413801 ], [ 117.2705642738065, -0.469900762377571 ], [ 117.270319033733927, -0.468089819435504 ], [ 117.268999408581578, -0.466463922844028 ], [ 117.268263688363874, -0.464346663570597 ], [ 117.267863938062447, -0.462413552301259 ], [ 117.268693083069678, -0.459989077897603 ], [ 117.268888915801625, -0.455925229367689 ], [ 117.268538572840797, -0.455635980998261 ], [ 117.268215179338526, -0.455354817199458 ], [ 117.267877412791705, -0.455046704781148 ], [ 117.267495628795942, -0.454630797909907 ], [ 117.267130912790606, -0.45417895953236 ], [ 117.266968317724164, -0.453934625447644 ], [ 117.26669612819309, -0.453636394127171 ], [ 117.266413158878578, -0.453338162794407 ], [ 117.26604934118852, -0.45312976016904 ], [ 117.265593895339464, -0.453156708784726 ], [ 117.265325299069517, -0.453065981778182 ], [ 117.264963278010015, -0.453012084546033 ], [ 117.264629104724335, -0.452967170185603 ], [ 117.264346135409838, -0.452949204441353 ], [ 117.264146709416764, -0.452958187313484 ], [ 117.263784688357262, -0.452876443176685 ], [ 117.263462193170255, -0.452712954900323 ], [ 117.263205274999009, -0.452533297449521 ], [ 117.263040883302011, -0.452288065021994 ], [ 117.262904339378807, -0.451944919267004 ], [ 117.262862118560449, -0.451699686819605 ], [ 117.262856728668751, -0.451310728378739 ], [ 117.262880084866126, -0.450966684290152 ], [ 117.2630642394994, -0.450596589847722 ], [ 117.263259173916055, -0.450063007050547 ], [ 117.263359785227863, -0.449619252977373 ], [ 117.26362209329082, -0.448967994420343 ], [ 117.263803552978217, -0.44857005295625 ], [ 117.263932910379125, -0.448118214202164 ], [ 117.264022741907539, -0.447719374404027 ], [ 117.264176353821114, -0.447130995833387 ], [ 117.264293134808071, -0.446715088509966 ], [ 117.264474594495454, -0.446254266761279 ], [ 117.26455274792518, -0.445919205315744 ], [ 117.264667732281538, -0.445530246567619 ], [ 117.264781818322632, -0.444977799349659 ], [ 117.264844700392516, -0.444481045962249 ], [ 117.264907582462399, -0.444128018670233 ], [ 117.264991125783808, -0.44329530537268 ], [ 117.264957888118303, -0.4426799777949 ], [ 117.265006397143651, -0.442109564593251 ], [ 117.264935430236207, -0.441775401248461 ], [ 117.264850090284213, -0.44137656110759 ], [ 117.264645274399427, -0.440996585007542 ], [ 117.264549154664039, -0.440789080320602 ], [ 117.264265287034249, -0.440382155528132 ], [ 117.264141319525052, -0.440137820984231 ], [ 117.264017352015841, -0.439748861932758 ], [ 117.263973334566913, -0.43945871463636 ], [ 117.263836790643722, -0.439206295462214 ], [ 117.263756840583426, -0.439161381017522 ], [ 117.26342087066719, -0.439069755549514 ], [ 117.263232224457539, -0.439096704216692 ], [ 117.263058849607688, -0.43914341523957 ], [ 117.262884576442545, -0.439097602505596 ], [ 117.262684252134207, -0.438997892436566 ], [ 117.2624803345647, -0.438817336362235 ], [ 117.262371638415331, -0.438617916215372 ], [ 117.262369841784775, -0.438446343021702 ], [ 117.262353672109654, -0.438184042634251 ], [ 117.262392299666871, -0.438020554031946 ], [ 117.262455181736769, -0.437777117699929 ], [ 117.262535131797023, -0.437631594870372 ], [ 117.262652811099272, -0.437397141416816 ], [ 117.262729167898414, -0.43711597692071 ], [ 117.262712998223293, -0.436789897955173 ], [ 117.262684252134207, -0.436646171684879 ], [ 117.262736354420667, -0.436518614617692 ], [ 117.262840558993645, -0.436382972945281 ], [ 117.263040883302011, -0.436174569841183 ], [ 117.263225936250535, -0.436002996591667 ], [ 117.263384938055836, -0.435812559263019 ], [ 117.263501719042765, -0.435506242606368 ], [ 117.263497227466345, -0.435144231996096 ], [ 117.263528668501294, -0.434348347566052 ], [ 117.263537651654133, -0.433930642950147 ], [ 117.263560109536229, -0.433505751994608 ], [ 117.263664314109178, -0.433134758392368 ], [ 117.263780196780829, -0.432772747668559 ], [ 117.263934707009696, -0.432275993471048 ], [ 117.264131438056907, -0.431787323849024 ], [ 117.264250015674435, -0.431596886414287 ], [ 117.26461922325619, -0.431127080835563 ], [ 117.264789004844886, -0.430827950308573 ], [ 117.265080957312222, -0.43046593947492 ], [ 117.265397164292239, -0.430067997025047 ], [ 117.265646895941231, -0.429705986155335 ], [ 117.265884051176243, -0.429334992367833 ], [ 117.266133782825221, -0.42891908405681 ], [ 117.266397887518764, -0.428548090231145 ], [ 117.266608991610525, -0.428123198975321 ], [ 117.266789552982644, -0.427662376085625 ], [ 117.266891960925008, -0.427254552296618 ], [ 117.266830875485709, -0.426639223411009 ], [ 117.267345610143479, -0.425169620209323 ], [ 117.26898234059118, -0.422605000260669 ], [ 117.270018996429059, -0.421896248748774 ], [ 117.271600929644379, -0.421896248748774 ], [ 117.274328214846946, -0.420314358259501 ], [ 117.277807389942353, -0.41792849670013 ], [ 117.278137071651628, -0.417649128073977 ], [ 117.281719553004706, -0.415330637581809 ], [ 117.284106376714604, -0.411186816967242 ], [ 117.2851529140206, -0.409368673446446 ], [ 117.289398352053354, -0.406388138858859 ], [ 117.295089179378252, -0.402414091032758 ], [ 117.295269740750342, -0.395910446209133 ], [ 117.296336939307892, -0.390105669405063 ], [ 117.296159072881636, -0.389743656728927 ], [ 117.296062953146247, -0.389463388839942 ], [ 117.296003664337491, -0.389092393190511 ], [ 117.295933595745325, -0.388721397524767 ], [ 117.295929104168906, -0.388359384789214 ], [ 117.295954256996851, -0.388070133907479 ], [ 117.295991087923511, -0.387717104091215 ], [ 117.296027020534879, -0.387364074260231 ], [ 117.296076427875505, -0.387011044414541 ], [ 117.296114157117429, -0.386766708227749 ], [ 117.296189615601293, -0.386386729511522 ], [ 117.296346820776009, -0.38611634275511 ], [ 117.29654534845379, -0.385772295806779 ], [ 117.296756452545551, -0.385473163592356 ], [ 117.297060083111617, -0.385165946712552 ], [ 117.297322391174561, -0.384686257176332 ], [ 117.297599970597361, -0.384324244268782 ], [ 117.297796701644586, -0.384026010298678 ], [ 117.298048229924134, -0.383753826877122 ], [ 117.298193757000163, -0.383555303649997 ], [ 117.298229689611532, -0.383310967364137 ], [ 117.298229689611532, -0.383157358886737 ], [ 117.298214418251717, -0.382939971446178 ], [ 117.298184773847325, -0.382731566952532 ], [ 117.298022178780883, -0.382497111891128 ], [ 117.297905397793954, -0.38250160336746 ], [ 117.297723938106571, -0.382243792622183 ], [ 117.297451748575483, -0.381872796658081 ], [ 117.297260407419984, -0.381465868863064 ], [ 117.297281966986787, -0.38092329843978 ], [ 117.297328679381565, -0.38038881264172 ], [ 117.297419409225256, -0.37998188477663 ], [ 117.297588292498673, -0.37951117790657 ], [ 117.297687107179925, -0.378814998805621 ], [ 117.297760769033218, -0.378207750924799 ], [ 117.297784125230592, -0.377773874084517 ], [ 117.297805684797424, -0.377322031306497 ], [ 117.297854193822772, -0.376969001048095 ], [ 117.297863176975611, -0.376526141187166 ], [ 117.29782005784196, -0.376137179059518 ], [ 117.297721243160709, -0.375683539604682 ], [ 117.297595479020941, -0.375240679678531 ], [ 117.297376290091606, -0.374860700454247 ], [ 117.297212796709914, -0.374581330375756 ], [ 117.296913657720296, -0.374219317045366 ], [ 117.296630688405784, -0.373938150354134 ], [ 117.296266870715726, -0.373675847873684 ], [ 117.296078224506061, -0.373558171073403 ], [ 117.29552576060631, -0.373295868581609 ], [ 117.295295791893594, -0.373196157700826 ], [ 117.294880770232353, -0.37295182112332 ], [ 117.294380408619062, -0.372499978096317 ], [ 117.293973471795383, -0.372029270822873 ], [ 117.293701282264294, -0.371522631668438 ], [ 117.293521619207439, -0.371197448366062 ], [ 117.293521619207439, -0.37119655006963 ], [ 117.293451550615302, -0.370835434896591 ], [ 117.293462330398697, -0.370528217498974 ], [ 117.293538687197852, -0.370247050690064 ], [ 117.29362851872628, -0.369894020147403 ], [ 117.293678824382184, -0.369523023658684 ], [ 117.293592586114897, -0.369089146389511 ], [ 117.293415618003934, -0.368754081734444 ], [ 117.29320990380387, -0.368210612226893 ], [ 117.29302934243178, -0.367596177239615 ], [ 117.292874832202898, -0.367071571895381 ], [ 117.292532574079658, -0.366375391810576 ], [ 117.292246011503991, -0.365867854037233 ], [ 117.292002568062017, -0.365642381495084 ], [ 117.291815718482908, -0.365606449615334 ], [ 117.291562393572804, -0.36567831337469 ], [ 117.291347696219901, -0.365715143551137 ], [ 117.290864402597037, -0.365387265145745 ], [ 117.290361346037926, -0.365000099122876 ], [ 117.290149343630873, -0.365001895716988 ], [ 117.28959867636172, -0.364727016813658 ], [ 117.289242045193916, -0.364589577358845 ], [ 117.288965364086394, -0.364411714531854 ], [ 117.288682394771911, -0.364195224924567 ], [ 117.288210779247763, -0.363959871071742 ], [ 117.287873911016192, -0.363797279284333 ], [ 117.287711315949778, -0.363633789196802 ], [ 117.287643043988169, -0.363444248487222 ], [ 117.287510093326134, -0.363373283007257 ], [ 117.287441821364553, -0.363346334090668 ], [ 117.287345701629135, -0.363331961335121 ], [ 117.287193886346117, -0.363305012418409 ], [ 117.2869064254552, -0.363444248487222 ], [ 117.286547997656839, -0.363084929595587 ], [ 117.286191366489035, -0.362892693982698 ], [ 117.285751191999836, -0.362672611149841 ], [ 117.285290356259083, -0.362529781879941 ], [ 117.284903182371607, -0.362502832960839 ], [ 117.284540262996828, -0.362439952149289 ], [ 117.283923120396636, -0.362268377361269 ], [ 117.283545827977321, -0.362131836166387 ], [ 117.2832520788794, -0.362024040484765 ], [ 117.283062534354457, -0.361969244346115 ], [ 117.282819989227761, -0.361824618470385 ], [ 117.282428323763867, -0.361489553544464 ], [ 117.282036658299972, -0.361119455006022 ], [ 117.281630619791571, -0.360747559857556 ], [ 117.28142760053737, -0.360575985037559 ], [ 117.281105105350349, -0.360395427239202 ], [ 117.280808661306594, -0.360231937090338 ], [ 117.280660439284731, -0.360151090312344 ], [ 117.280433165517834, -0.360169056263071 ], [ 117.280084619187591, -0.360160073287712 ], [ 117.27980524313422, -0.360187022213763 ], [ 117.27951059572105, -0.360222954115041 ], [ 117.279203371893871, -0.360231937090338 ], [ 117.278637433264862, -0.360575985037559 ], [ 117.278256547584434, -0.360723305825606 ], [ 117.278190072253395, -0.360480765502554 ], [ 117.278026578871675, -0.360096294162406 ], [ 117.277944832180836, -0.359904058486251 ], [ 117.277808288257631, -0.35982141511021 ], [ 117.27766994770387, -0.359710924508464 ], [ 117.277504657691594, -0.35957438327519 ], [ 117.277257620988465, -0.35957438327519 ], [ 117.276954888737734, -0.35957438327519 ], [ 117.276768937473918, -0.359690263664086 ], [ 117.276543460337606, -0.359545637752135 ], [ 117.27637008548777, -0.359436045444658 ], [ 117.276050285246612, -0.359535756478564 ], [ 117.275903859855319, -0.359580671358346 ], [ 117.275689162502417, -0.35956270540646 ], [ 117.275593941082306, -0.359499824574579 ], [ 117.275243598121477, -0.35924560634985 ], [ 117.275040578867277, -0.359137810634048 ], [ 117.274935475979021, -0.359101878728499 ], [ 117.274827678144931, -0.359146793610414 ], [ 117.274735151670683, -0.359227640397305 ], [ 117.274709100527431, -0.359337232707282 ], [ 117.274698320744008, -0.359436045444658 ], [ 117.274685744330057, -0.359672297712416 ], [ 117.274594116171059, -0.359753144494655 ], [ 117.274460267193732, -0.359780093421909 ], [ 117.274433317735202, -0.359762127470415 ], [ 117.274312943487132, -0.359744161518886 ], [ 117.274284197398046, -0.359616603262012 ], [ 117.274227603535138, -0.359472875646498 ], [ 117.274268926038204, -0.359418079492488 ], [ 117.274282400767461, -0.359310283778721 ], [ 117.274279705821627, -0.359254589326109 ], [ 117.274359655881923, -0.359173742539457 ], [ 117.274425232897642, -0.359092895752089 ], [ 117.274478233499408, -0.358948269830681 ], [ 117.274447690779738, -0.358784779655901 ], [ 117.274420741321222, -0.358649136706476 ], [ 117.274379418818157, -0.35844971461824 ], [ 117.274295875496733, -0.358278139755067 ], [ 117.274227603535138, -0.358206275937076 ] ] ] } },
{ "type": "Feature", "properties": { "FID": 51, "Kode_Prov": 64, "Provinsi": "Kalimantan Timur", "Kode_kota": "6472", "Kota": "Kota Samarinda", "Kode_Kec": 647204, "Kecamatan": "Samarinda Utara", "Kode_Kel": 64720403, "Kelurahan": "Lempake", "Sumber": "Revisi RTRW Kota Samarinda Tahun 2019 (Data belum disahkan)", "city": "samarinda", "source_layer": "Batas Administrasi AR", "role": "admin" }, "geometry": { "type": "Polygon", "coordinates": [ [ [ 117.194694361540314, -0.354750523926444 ], [ 117.194549732779578, -0.354687643061645 ], [ 117.188184270676331, -0.375688031084549 ], [ 117.18799023457494, -0.375785047049098 ], [ 117.187783622059598, -0.375856910725847 ], [ 117.187633603407136, -0.375828165255218 ], [ 117.187362312191354, -0.375828165255218 ], [ 117.186995799555433, -0.375923384626313 ], [ 117.186735288123018, -0.376169517712824 ], [ 117.186592455992866, -0.376388701915405 ], [ 117.186507116040872, -0.376569259389624 ], [ 117.186421776088892, -0.376950136835411 ], [ 117.186326554668753, -0.377368742688216 ], [ 117.186212468627687, -0.377930177545004 ], [ 117.186173841070456, -0.378377528812919 ], [ 117.186088501118462, -0.379243485820184 ], [ 117.185981601599678, -0.379699819975893 ], [ 117.185990584752517, -0.379880377381247 ], [ 117.186048076930675, -0.380004342164828 ], [ 117.186003161166482, -0.380191187632372 ], [ 117.185917821214488, -0.380420252983699 ], [ 117.185774989084308, -0.380895451281371 ], [ 117.185803735173394, -0.381181109224642 ], [ 117.186003161166482, -0.38150449556408 ], [ 117.186069636497507, -0.381800034735883 ], [ 117.186003161166482, -0.382142285253452 ], [ 117.185879193657257, -0.382285114205571 ], [ 117.185508189444917, -0.382175522179629 ], [ 117.18389391687937, -0.381526054652944 ], [ 117.182390137093734, -0.381050856390049 ], [ 117.181352582940605, -0.380745435942591 ], [ 117.180019483058942, -0.380527150145571 ], [ 117.179791310976782, -0.38054601435047 ], [ 117.179739208690307, -0.380762503556116 ], [ 117.180452471025916, -0.39057817227902 ], [ 117.181145072109956, -0.394911543400993 ], [ 117.18116842830733, -0.39511635441821 ], [ 117.181185496297743, -0.395192709401407 ], [ 117.181206157549283, -0.395225946276226 ], [ 117.181301378969394, -0.395208878691876 ], [ 117.181340006526625, -0.395208878691876 ], [ 117.181535839258558, -0.395101981715412 ], [ 117.181667891605315, -0.395091202188297 ], [ 117.182435052857969, -0.395130727120983 ], [ 117.182545545637893, -0.395172946935235 ], [ 117.182880617238879, -0.395295114907181 ], [ 117.183076449970812, -0.395402910175052 ], [ 117.183276774279165, -0.395542145727315 ], [ 117.183440267660885, -0.395609517767894 ], [ 117.18366574479721, -0.395638263171707 ], [ 117.184143648528334, -0.395652635873577 ], [ 117.184382600393931, -0.395680482983378 ], [ 117.184697010743363, -0.395837684407923 ], [ 117.185007827831683, -0.395955360900918 ], [ 117.185193779095485, -0.39606944421696 ], [ 117.185286305569761, -0.396205086582809 ], [ 117.185353679216064, -0.396426066856191 ], [ 117.185418357916504, -0.396744062849 ], [ 117.185436324222195, -0.397026127080982 ], [ 117.185397696664992, -0.397324360589682 ], [ 117.185306966821273, -0.397881302655413 ], [ 117.185145270070137, -0.398499328645635 ], [ 117.185050048650027, -0.398956560053331 ], [ 117.184967403643896, -0.399695855576254 ], [ 117.184972793535593, -0.400695656098585 ], [ 117.184994353102425, -0.401323563102813 ], [ 117.185043760443051, -0.401858047567724 ], [ 117.185118320611608, -0.402423073964031 ], [ 117.18516862626754, -0.402732086793791 ], [ 117.185177609420379, -0.402968337873759 ], [ 117.18516862626754, -0.403184826499957 ], [ 117.185079693054405, -0.403402213413417 ], [ 117.184921589564411, -0.403592651531181 ], [ 117.184760791128554, -0.403794767453176 ], [ 117.184643111826318, -0.404022933865746 ], [ 117.184568551657733, -0.404301404675553 ], [ 117.184168801356307, -0.40430499784723 ], [ 117.184004409659309, -0.404330150048925 ], [ 117.183901103401638, -0.404426267390398 ], [ 117.183797797143967, -0.404597841333564 ], [ 117.183718745398977, -0.404815228209221 ], [ 117.183679219526468, -0.404997581658275 ], [ 117.18371335550728, -0.405270662677756 ], [ 117.183609150934302, -0.40525628999275 ], [ 117.183513929514191, -0.405232036086744 ], [ 117.183265994495756, -0.405051479228638 ], [ 117.183137535410125, -0.405028123614858 ], [ 117.182928227948949, -0.405003869708169 ], [ 117.182795277286885, -0.405003869708169 ], [ 117.182718920487744, -0.404951768723184 ], [ 117.182557223736595, -0.404746957951378 ], [ 117.182476375361034, -0.404632874756067 ], [ 117.18236228931994, -0.404508910337297 ], [ 117.182186219524255, -0.40439482713864 ], [ 117.182071235167882, -0.404276252473769 ], [ 117.181833181617591, -0.404071441684915 ], [ 117.181671484866456, -0.404013950936238 ], [ 117.181528652736276, -0.404013950936238 ], [ 117.181472058873396, -0.404075933149638 ], [ 117.181376837453257, -0.404156779514232 ], [ 117.181304972230535, -0.404181033423453 ], [ 117.181243886791208, -0.404175643665855 ], [ 117.180976188836539, -0.404132525604938 ], [ 117.180768678005919, -0.40413971194844 ], [ 117.180597998101931, -0.404154084635425 ], [ 117.180368927704492, -0.40421157538311 ], [ 117.180140755622318, -0.404318472241005 ], [ 117.179819158750604, -0.404481961550357 ], [ 117.179732920483303, -0.404586163526029 ], [ 117.179676326620424, -0.404600536212223 ], [ 117.179380780891947, -0.404462199106545 ], [ 117.179305322408084, -0.404428962269115 ], [ 117.179228965608942, -0.404462199106545 ], [ 117.179019658147723, -0.404728992093955 ], [ 117.178953182816699, -0.404762228930156 ], [ 117.178705247798291, -0.404662518421145 ], [ 117.178619907846311, -0.404667009885541 ], [ 117.178514804958056, -0.404740669901284 ], [ 117.178407905439244, -0.40484756675221 ], [ 117.178186919879352, -0.404955361894573 ], [ 117.177833881972688, -0.405058665571326 ], [ 117.177801542622475, -0.405084716063517 ], [ 117.177733270660852, -0.405117952898259 ], [ 117.177642540817175, -0.405182629981692 ], [ 117.177581455377847, -0.405245510478978 ], [ 117.177522166569091, -0.405327255124721 ], [ 117.177408978843303, -0.405655131992209 ], [ 117.177365859709653, -0.405884196645175 ], [ 117.177302079324491, -0.406054872264736 ], [ 117.177230214101769, -0.406219259831749 ], [ 117.177237400624051, -0.406362088370865 ], [ 117.177273333235405, -0.406569593979798 ], [ 117.177251773668587, -0.406840878360922 ], [ 117.177173620238875, -0.407040299324011 ], [ 117.177116128060689, -0.407325956370656 ], [ 117.177116128060689, -0.407532563662234 ], [ 117.177108941538407, -0.407754441921637 ], [ 117.177002042019595, -0.407910744821351 ], [ 117.176794531188975, -0.407956557739657 ], [ 117.17665798726577, -0.40784966092987 ], [ 117.176443289912868, -0.407713120464883 ], [ 117.176288779684015, -0.407653833156997 ], [ 117.17619984647088, -0.407683476810995 ], [ 117.175848605194801, -0.407879304583146 ], [ 117.175253920476692, -0.408058064793014 ], [ 117.175057189429467, -0.408230536951534 ], [ 117.174973646108072, -0.408319467906826 ], [ 117.174861356697548, -0.408527871757796 ], [ 117.174807457780503, -0.408724597801813 ], [ 117.174652947551621, -0.408831494599966 ], [ 117.174557726131511, -0.408938391396697 ], [ 117.174319672581206, -0.409182726926734 ], [ 117.174212773062393, -0.409277945918043 ], [ 117.173974719512103, -0.409337233213947 ], [ 117.173849853687642, -0.409366876861735 ], [ 117.173528256815914, -0.409319267366749 ], [ 117.17329379652675, -0.409340826383382 ], [ 117.173121319992191, -0.409436045372813 ], [ 117.172996454167716, -0.409489044621158 ], [ 117.172799723120491, -0.409536654115135 ], [ 117.172526635274124, -0.409542942161488 ], [ 117.172359548631292, -0.409620195301996 ], [ 117.172151139485365, -0.409864530811258 ], [ 117.172017290508023, -0.410054070484265 ], [ 117.171993035995342, -0.410167255310555 ], [ 117.171975069689651, -0.410399913004015 ], [ 117.171963391590978, -0.410572385112173 ], [ 117.171892424683534, -0.410702637483056 ], [ 117.171749592553354, -0.410738569171202 ], [ 117.171636404827552, -0.410738569171202 ], [ 117.171439673780341, -0.410786178657747 ], [ 117.171332774261529, -0.410929007115679 ], [ 117.171327384369818, -0.411107767257543 ], [ 117.17120162023005, -0.411387136114451 ], [ 117.171076754405561, -0.411707826397943 ], [ 117.17092224417668, -0.411975517437032 ], [ 117.17088720988059, -0.41208331248379 ], [ 117.170916854284982, -0.412231530670701 ], [ 117.170988719507704, -0.412439934419751 ], [ 117.171045313370612, -0.412561203840178 ], [ 117.171102805548799, -0.412718404937982 ], [ 117.171074059459698, -0.412953757432885 ], [ 117.171016567281512, -0.413210668927 ], [ 117.170974346463169, -0.413425360693682 ], [ 117.170974346463169, -0.413639154162685 ], [ 117.171030940326048, -0.413881692965085 ], [ 117.171052499892866, -0.414038894036753 ], [ 117.171124365115602, -0.41418890877081 ], [ 117.171245637678979, -0.414402702219231 ], [ 117.171295045019605, -0.414523971609678 ], [ 117.171559149713133, -0.414712612880015 ], [ 117.171701981843285, -0.414890474645073 ], [ 117.172015493877439, -0.415190504078078 ], [ 117.172151139485365, -0.415425856499593 ], [ 117.172237377752623, -0.415604616540259 ], [ 117.172308344660081, -0.415919018612016 ], [ 117.172443990267993, -0.416346605409505 ], [ 117.172514957175423, -0.41663226212264 ], [ 117.172536516742241, -0.417003256517635 ], [ 117.172536516742241, -0.417225134513067 ], [ 117.172728756213047, -0.417711110181602 ], [ 117.172800621435769, -0.417877294090936 ], [ 117.172836554047137, -0.418080307942973 ], [ 117.172823977633158, -0.418198882402796 ], [ 117.17267575561128, -0.418532148488617 ], [ 117.172664077512593, -0.418698332380568 ], [ 117.172717078114346, -0.41885912652132 ], [ 117.17281858774146, -0.419090885668107 ], [ 117.172812299534471, -0.419293899488729 ], [ 117.172800621435769, -0.419656809137253 ], [ 117.173006335635833, -0.420001752945986 ], [ 117.173190490269079, -0.420364662561657 ], [ 117.173196778476054, -0.420512880592911 ], [ 117.173077302543291, -0.420887467968443 ], [ 117.173101557055944, -0.421220733939705 ], [ 117.173264152122385, -0.421792945291077 ], [ 117.173291999896193, -0.421989671004989 ], [ 117.173267745383498, -0.42210375395096 ], [ 117.173156354288267, -0.422403783107967 ], [ 117.173036878355504, -0.422717286615937 ], [ 117.172965013132767, -0.42293107983188 ], [ 117.172739535996442, -0.423525748325918 ], [ 117.172727857897769, -0.423596713294215 ], [ 117.172742230942305, -0.424126704809042 ], [ 117.172745824203446, -0.424219228747741 ], [ 117.172721569690765, -0.424319837301187 ], [ 117.172673958980724, -0.424397090296696 ], [ 117.172569754407775, -0.424495902266571 ], [ 117.172247259220754, -0.42485342192884 ], [ 117.172152037800643, -0.424989962097 ], [ 117.172110715297578, -0.425203755250192 ], [ 117.172051426488807, -0.425590918466322 ], [ 117.171973273059095, -0.425995149181683 ], [ 117.171781033588289, -0.426540411468586 ], [ 117.171766660543753, -0.426869185744824 ], [ 117.171666947547223, -0.427147655749223 ], [ 117.171410029375949, -0.428018099020459 ], [ 117.171088432504234, -0.429158927513227 ], [ 117.170957278472756, -0.429538904209682 ], [ 117.1730593362376, -0.429192164246295 ], [ 117.175903402427139, -0.434423803881303 ], [ 117.177912035402429, -0.433072776408624 ], [ 117.178760943345893, -0.43422258703896 ], [ 117.181625670786971, -0.435516123789035 ], [ 117.182800667178583, -0.436918353306923 ], [ 117.183639693653959, -0.437979232736294 ], [ 117.184005307974616, -0.438716728000518 ], [ 117.187161987882988, -0.445764699764676 ], [ 117.189131993301061, -0.451490385859785 ], [ 117.189274825431227, -0.452532399162256 ], [ 117.188960415081795, -0.454102605131773 ], [ 117.188632530003105, -0.455073653389689 ], [ 117.188775362133285, -0.455459018480805 ], [ 117.189427539029552, -0.455923432794002 ], [ 117.189983596190416, -0.456408507673287 ], [ 117.190196496912733, -0.456342932737814 ], [ 117.19046060160629, -0.456357305326462 ], [ 117.19080285972953, -0.456471387747837 ], [ 117.191280763460668, -0.456871125351759 ], [ 117.191683208707971, -0.457619398155037 ], [ 117.192747712319658, -0.456857651050865 ], [ 117.193113326640272, -0.456609723909912 ], [ 117.193230107627215, -0.456530674674766 ], [ 117.193701723151392, -0.456211782865074 ], [ 117.194090693669409, -0.455954872833465 ], [ 117.194124829650221, -0.455899179049179 ], [ 117.194172440360262, -0.455743775423008 ], [ 117.194398815811866, -0.455529983145687 ], [ 117.194689869963895, -0.455191328979137 ], [ 117.194814735788412, -0.454935317198112 ], [ 117.194891990902846, -0.454876030258052 ], [ 117.194981822431259, -0.454887707988709 ], [ 117.195177655163192, -0.454911063449964 ], [ 117.195338453599049, -0.454840098778992 ], [ 117.19543367501916, -0.454840098778992 ], [ 117.195731017378193, -0.454911063449964 ], [ 117.196115496319834, -0.454936215485078 ], [ 117.199792300777702, -0.452994118801894 ], [ 117.199890217143675, -0.452865663730006 ], [ 117.200033947589134, -0.452719242911021 ], [ 117.200139050477389, -0.452602465568607 ], [ 117.200383392234656, -0.452368910878138 ], [ 117.200578326651325, -0.45213086474358 ], [ 117.200721158781491, -0.451902699761998 ], [ 117.200878363956207, -0.45167453477325 ], [ 117.201035569130937, -0.451407743419055 ], [ 117.201135282127467, -0.451264915720362 ], [ 117.201234995124011, -0.451179578414773 ], [ 117.201535032428879, -0.450908295605096 ], [ 117.201720983692709, -0.450722350097259 ], [ 117.201821595004546, -0.450580420672624 ], [ 117.201878188867454, -0.450454660420637 ], [ 117.201914121478822, -0.450316324140944 ], [ 117.201981495125125, -0.44976297899593 ], [ 117.202129717147002, -0.448934757775187 ], [ 117.202210565522563, -0.448454173835097 ], [ 117.202277040853602, -0.448216127572712 ], [ 117.202353397652743, -0.448044554601439 ], [ 117.202481856738359, -0.447820880931287 ], [ 117.202798962033654, -0.447230705792953 ], [ 117.203025337485258, -0.446689936446456 ], [ 117.203407121481007, -0.445832071371645 ], [ 117.203549953611187, -0.445575160973763 ], [ 117.203649666607717, -0.445470959551089 ], [ 117.203540072143056, -0.445064035015676 ], [ 117.203453833875798, -0.444730770092467 ], [ 117.203368493923804, -0.444492723709533 ], [ 117.203320883213735, -0.44406424020092 ], [ 117.203311900060896, -0.443383337635103 ], [ 117.20333974783469, -0.442917125947716 ], [ 117.203316391637316, -0.442803043314543 ], [ 117.203030727376955, -0.442355695649419 ], [ 117.203020845908839, -0.442298205184475 ], [ 117.203108880806695, -0.442236223276459 ], [ 117.203139423526352, -0.442004464833204 ], [ 117.203186135921115, -0.441933500037117 ], [ 117.203650564922995, -0.441618200745042 ], [ 117.204167994526671, -0.441278647646313 ], [ 117.204512947595745, -0.440963348326473 ], [ 117.204828256260484, -0.440595049958753 ], [ 117.205074394648335, -0.440046195528204 ], [ 117.205207345310399, -0.439384156660542 ], [ 117.205330414504303, -0.4389942992809 ], [ 117.205549603433639, -0.438099603466473 ], [ 117.205857725576095, -0.437349532093935 ], [ 117.206202678645184, -0.435434379459309 ], [ 117.206202678645184, -0.434470514933223 ], [ 117.206547631714287, -0.429794916866855 ], [ 117.210584660601114, -0.419630758692746 ], [ 117.210946681660644, -0.41920766353017 ], [ 117.211838708737758, -0.418614791289379 ], [ 117.212368714755385, -0.417956343733061 ], [ 117.217513366387536, -0.399406605087962 ], [ 117.21766248672472, -0.399164065850801 ], [ 117.217766691297669, -0.398640360732838 ], [ 117.217975998758874, -0.397451019998253 ], [ 117.218062237026132, -0.396699148161491 ], [ 117.217985880226991, -0.396299407431925 ], [ 117.2177478266767, -0.395651737579711 ], [ 117.217690334498513, -0.395128930533138 ], [ 117.217719080587599, -0.394367177251762 ], [ 117.217854726195512, -0.392889483482515 ], [ 117.217812505377154, -0.392789772829696 ], [ 117.217755013198982, -0.392525674338104 ], [ 117.217755013198982, -0.392332541082169 ], [ 117.217926591418248, -0.391869021249743 ], [ 117.217119904293085, -0.389500218915629 ], [ 117.217107327879106, -0.389475066668836 ], [ 117.217040852548095, -0.389337627604675 ], [ 117.216954614280809, -0.389199290243716 ], [ 117.216883647373379, -0.389085206833945 ], [ 117.216883647373379, -0.389004360322149 ], [ 117.216915088408328, -0.388928903577108 ], [ 117.217016598035414, -0.388824701404276 ], [ 117.217118107662529, -0.388675584499537 ], [ 117.217144158805766, -0.388589348216077 ], [ 117.21716571837257, -0.388479756271243 ], [ 117.217162125111457, -0.38835489331597 ], [ 117.217153141958619, -0.388235420126824 ], [ 117.217099243041574, -0.388066540728761 ], [ 117.217027377818837, -0.387818611393583 ], [ 117.216898918733207, -0.387532953672308 ], [ 117.216794714160258, -0.387385633334301 ], [ 117.216718357361103, -0.387252685709998 ], [ 117.216585406699053, -0.387099975598428 ], [ 117.216537795988984, -0.387029010310351 ], [ 117.216551270718242, -0.386876300194754 ], [ 117.216571033654503, -0.386691251462759 ], [ 117.216627627517411, -0.386613099812598 ], [ 117.216853104653723, -0.386488236829814 ], [ 117.217168413318433, -0.386315764217482 ], [ 117.217465755677466, -0.386137003537465 ], [ 117.21761487601465, -0.38602381838134 ], [ 117.217716385641765, -0.385911531518615 ], [ 117.217781064342205, -0.385696839032961 ], [ 117.217930184679389, -0.385417469305027 ], [ 117.218142187086428, -0.385183014317276 ], [ 117.218237408506539, -0.385034795643532 ], [ 117.218247289974656, -0.384829984381026 ], [ 117.218179916328353, -0.384554207804885 ], [ 117.218003846532667, -0.384321549383556 ], [ 117.217799928963188, -0.384092484136289 ], [ 117.217728063740438, -0.383921808065706 ], [ 117.217732555316857, -0.383692742807728 ], [ 117.217780166026927, -0.383312763954499 ], [ 117.21786370934835, -0.38292110724653 ], [ 117.217866404294199, -0.382902243046841 ], [ 117.217866404294199, -0.382331825560465 ], [ 117.21784753967323, -0.382323740902906 ], [ 117.217695724390211, -0.38230577499719 ], [ 117.217542112476636, -0.382216843763345 ], [ 117.217406466868724, -0.382137793776931 ], [ 117.217191769515821, -0.381900643813328 ], [ 117.216780341115708, -0.381382327392832 ], [ 117.216666255074614, -0.381219735926936 ], [ 117.216402150381086, -0.380836163782524 ], [ 117.216335675050061, -0.380705910942717 ], [ 117.216321302005511, -0.380646623442567 ], [ 117.216315912113799, -0.380500201281359 ], [ 117.216339268311202, -0.380262152977158 ], [ 117.216320403690219, -0.380138188197277 ], [ 117.216263809827325, -0.380047460350005 ], [ 117.216144333894533, -0.379914512611686 ], [ 117.216111096229028, -0.379767192142511 ], [ 117.216032942799302, -0.379585736439223 ], [ 117.215964670837721, -0.379469856309883 ], [ 117.215866754471747, -0.379347688109829 ], [ 117.215783211150338, -0.379177910240713 ], [ 117.215685294784365, -0.379005437481377 ], [ 117.215652057118831, -0.378893150526839 ], [ 117.215617022822784, -0.378761999362095 ], [ 117.215565818851573, -0.378630848195367 ], [ 117.215515513195669, -0.378437714624313 ], [ 117.2154966485747, -0.37821134410765 ], [ 117.215442749657655, -0.378015515640061 ], [ 117.21536818948907, -0.377887059349289 ], [ 117.215250510186834, -0.377701112127814 ], [ 117.215018744843519, -0.377444199535077 ], [ 117.214928913315106, -0.377212439217635 ], [ 117.214890285757917, -0.376941153876975 ], [ 117.214832793579717, -0.376695020812244 ], [ 117.214680978296713, -0.376544107104883 ], [ 117.214581265300183, -0.376457870699503 ], [ 117.21432344881363, -0.376315041651218 ], [ 117.214152768909642, -0.37625126264148 ], [ 117.214116836298288, -0.37620455125377 ], [ 117.214149175648501, -0.375790436824875 ], [ 117.214174328476474, -0.375626946958169 ], [ 117.214227329078241, -0.375379915560367 ], [ 117.214309974084358, -0.375294577439505 ], [ 117.214476162411941, -0.375227205238236 ], [ 117.214562400679213, -0.375201154653606 ], [ 117.214688164818995, -0.375175104068899 ], [ 117.21476721656397, -0.375144562003971 ], [ 117.21484986157013, -0.375072698321366 ], [ 117.214937896467958, -0.375013410782774 ], [ 117.215051982509053, -0.374963106204259 ], [ 117.215121152785912, -0.37489214081622 ], [ 117.215149898875026, -0.374749311742347 ], [ 117.215176848333542, -0.374649600878075 ], [ 117.215272069753652, -0.374542703643945 ], [ 117.215471495746741, -0.374354959759 ], [ 117.215324172040141, -0.374182486904216 ], [ 117.215179543279376, -0.374029776561212 ], [ 117.215042101040936, -0.373930963984911 ], [ 117.214943286359684, -0.373895032138708 ], [ 117.214851658200686, -0.373841134369127 ], [ 117.214736673844342, -0.373805202522557 ], [ 117.214462687682683, -0.373832151407498 ], [ 117.214325245444215, -0.373859998588518 ], [ 117.214240803807499, -0.373895930434865 ], [ 117.214111446406577, -0.373931862281065 ], [ 117.213928190088623, -0.37402169189592 ], [ 117.21379074785014, -0.374093555587143 ], [ 117.213676661809075, -0.37422021534149 ], [ 117.213585033650077, -0.374336993836785 ], [ 117.213500592013375, -0.374435806408512 ], [ 117.213394590809855, -0.374525636018207 ], [ 117.213264335093669, -0.374625346883891 ], [ 117.213111621495344, -0.374751108334486 ], [ 117.213019993336374, -0.37482297201973 ], [ 117.212913093817562, -0.374876869783276 ], [ 117.212722650977312, -0.374975682348915 ], [ 117.212623836296061, -0.375039461367963 ], [ 117.21247830922006, -0.375093359130176 ], [ 117.212348951819138, -0.375138273931766 ], [ 117.212211509580655, -0.375174205772873 ], [ 117.212028253262702, -0.375273018335155 ], [ 117.21192943858145, -0.375273916631171 ], [ 117.211647367582231, -0.375277509815232 ], [ 117.211447941589157, -0.375271221743124 ], [ 117.211279956631031, -0.375231696718337 ], [ 117.210889189482458, -0.374701702050539 ], [ 117.21078498490948, -0.374690024201565 ], [ 117.210525371792372, -0.374734939005225 ], [ 117.21032684411459, -0.37476188788731 ], [ 117.210166943994011, -0.374806802690601 ], [ 117.209961229793947, -0.374842734533068 ], [ 117.209754617278591, -0.374897530592547 ], [ 117.209518360358871, -0.374951428355634 ], [ 117.209258747241762, -0.374951428355634 ], [ 117.209090762283637, -0.374915496513613 ], [ 117.208610163606622, -0.374916394809665 ], [ 117.208504162403088, -0.374898428888601 ], [ 117.208404449406558, -0.374817582243357 ], [ 117.208297549887746, -0.374700803754465 ], [ 117.208205921728776, -0.374557076381383 ], [ 117.208144836289449, -0.374466348475912 ], [ 117.208091835687682, -0.374349569982339 ], [ 117.208068479490308, -0.374232791487211 ], [ 117.208015478888541, -0.374133978913197 ], [ 117.207969664809056, -0.373954319684865 ], [ 117.207901392847461, -0.373783643414543 ], [ 117.207878036650087, -0.373675847873684 ], [ 117.207801679850931, -0.373522239225674 ], [ 117.207755865771432, -0.37336952887119 ], [ 117.207672322450023, -0.373082074079085 ], [ 117.207648966252634, -0.37298326149213 ], [ 117.207603152173135, -0.37281168690669 ], [ 117.20755733809365, -0.372479317281407 ], [ 117.207519608851726, -0.372299658019278 ], [ 117.207519608851726, -0.37218287949693 ], [ 117.207489066132055, -0.371930458224113 ], [ 117.207427980692728, -0.37178673080576 ], [ 117.207382166613243, -0.3715621567099 ], [ 117.207321081173916, -0.37131063371576 ], [ 117.207275267094431, -0.371094144275788 ], [ 117.207252809212335, -0.370878553126982 ], [ 117.207229453014918, -0.370752791621087 ], [ 117.207229453014918, -0.370627030113405 ], [ 117.207206995132822, -0.370501268603938 ], [ 117.207206995132822, -0.370228186462949 ], [ 117.20733635253373, -0.369328991590616 ], [ 117.20752230379756, -0.368786420414839 ], [ 117.207650762883191, -0.368015681833465 ], [ 117.207593270705004, -0.367673430763732 ], [ 117.207707356746099, -0.36744436507981 ], [ 117.207937325458829, -0.367208113015338 ], [ 117.208185260477237, -0.366903590383101 ], [ 117.208346957228372, -0.366617931975298 ], [ 117.208452060116628, -0.366237054084053 ], [ 117.208365821849341, -0.365847193206913 ], [ 117.208365821849341, -0.365647771277034 ], [ 117.208423314027527, -0.365418705541302 ], [ 117.208423314027527, -0.365085437342806 ], [ 117.208442178648511, -0.364657847937969 ], [ 117.208501467457253, -0.364092819050429 ], [ 117.208596688877364, -0.363581687959494 ], [ 117.208870675039037, -0.363236741829046 ], [ 117.20907279597796, -0.363034624949618 ], [ 117.209144661200696, -0.362879219523697 ], [ 117.209192271910737, -0.362594459285458 ], [ 117.209168017398071, -0.362225259089424 ], [ 117.209013507169189, -0.361832703146729 ], [ 117.208906607650405, -0.361547044578209 ], [ 117.208906607650405, -0.361238030267553 ], [ 117.20902518526789, -0.360857152149264 ], [ 117.209215628108112, -0.360476274015029 ], [ 117.209274916916883, -0.3600837179968 ], [ 117.209215628108112, -0.359702839830235 ], [ 117.209114118481025, -0.359175539134724 ], [ 117.209114118481025, -0.358974320462656 ], [ 117.209327019203343, -0.357846956838672 ], [ 117.209283900069721, -0.357318757738472 ], [ 117.209136576363122, -0.356859727543395 ], [ 117.208700893450342, -0.35644561222055 ], [ 117.208187057107793, -0.35609527603267 ], [ 117.207530388635121, -0.3557745836644 ], [ 117.207009365770318, -0.355674872589641 ], [ 117.20638234170201, -0.355560788746028 ], [ 117.205819098018864, -0.355432332133028 ], [ 117.205315143144489, -0.355408078087016 ], [ 117.204515642541608, -0.355464670860944 ], [ 117.204280283937194, -0.355497009588748 ], [ 117.204189554093475, -0.355626364498828 ], [ 117.204028755657617, -0.355935378998904 ], [ 117.203838312817368, -0.356245291786547 ], [ 117.203629903671469, -0.356447408816351 ], [ 117.203463715343915, -0.35653634030806 ], [ 117.203213983694923, -0.356548018180645 ], [ 117.202767520998705, -0.356530052222816 ], [ 117.202107259264892, -0.356512984562846 ], [ 117.201851239408924, -0.356548018180645 ], [ 117.201691339288345, -0.356601916053921 ], [ 117.201512574546783, -0.356590238181405 ], [ 117.20135806431793, -0.3565426283933 ], [ 117.201024789347528, -0.356500408392321 ], [ 117.200643903667071, -0.356565984138439 ], [ 117.200325001741191, -0.356569577329993 ], [ 117.200129169009244, -0.356557899457436 ], [ 117.20000430318477, -0.356516577754421 ], [ 117.1998551828476, -0.356451002007952 ], [ 117.1997366052301, -0.356424053070911 ], [ 117.199446449393335, -0.35641507009188 ], [ 117.199333261667519, -0.356349494344689 ], [ 117.199273972858762, -0.356266850936604 ], [ 117.199191327852645, -0.356111445395481 ], [ 117.199060173821138, -0.355992870067544 ], [ 117.198887697286608, -0.355956938149686 ], [ 117.19862538922365, -0.356081801563639 ], [ 117.198465489103071, -0.356201275188357 ], [ 117.198357691268981, -0.356230919019814 ], [ 117.19826875805586, -0.356219241146827 ], [ 117.198137604024353, -0.356016225814076 ], [ 117.197930093193733, -0.355754821109128 ], [ 117.197680361544741, -0.355611991731131 ], [ 117.197287797765597, -0.355552704064143 ], [ 117.19671646924489, -0.35557605981179 ], [ 117.19612178452681, -0.355505094270681 ], [ 117.195487573936205, -0.355218537206731 ], [ 117.195327673815626, -0.35509277548307 ], [ 117.195198316414746, -0.355002047381366 ], [ 117.195030331456593, -0.354894251615808 ], [ 117.194877617858296, -0.354831370751986 ], [ 117.194694361540314, -0.354750523926444 ] ] ] } },
{ "type": "Feature", "properties": { "FID": 52, "Kode_Prov": 64, "Provinsi": "Kalimantan Timur", "Kode_kota": "6472", "Kota": "Kota Samarinda", "Kode_Kec": 647204, "Kecamatan": "Samarinda Utara", "Kode_Kel": 64720409, "Kelurahan": "Sempaja Utara", "Sumber": "Revisi RTRW Kota Samarinda Tahun 2019 (Data belum disahkan)", "city": "samarinda", "source_layer": "Batas Administrasi AR", "role": "admin" }, "geometry": { "type": "Polygon", "coordinates": [ [ [ 117.164968210473532, -0.317438742892982 ], [ 117.164908023349497, -0.317409098943537 ], [ 117.164653800124086, -0.317460302128889 ], [ 117.164488510111809, -0.317515996821439 ], [ 117.164416644889087, -0.317626487904159 ], [ 117.164390593745836, -0.317742368794523 ], [ 117.164412153312668, -0.318032520165469 ], [ 117.16426393129079, -0.318105282582291 ], [ 117.164106726116074, -0.318271468347182 ], [ 117.163885740556168, -0.318314586815473 ], [ 117.163656670158716, -0.318416993176942 ], [ 117.163245241758588, -0.318531975757029 ], [ 117.163033239351549, -0.318596653457764 ], [ 117.160890757398917, -0.318295722485618 ], [ 117.160875486039103, -0.318323569829678 ], [ 117.160711992657383, -0.318826618612643 ], [ 117.160650008902763, -0.318992804365902 ], [ 117.16058712683288, -0.319148210500306 ], [ 117.160506278457319, -0.319419497503868 ], [ 117.160340988445029, -0.319795885751916 ], [ 117.160340988445029, -0.320006088251981 ], [ 117.160347276652018, -0.320376188369831 ], [ 117.160347276652018, -0.320377984972312 ], [ 117.16034637833674, -0.320387866285954 ], [ 117.160345480021448, -0.320396849298346 ], [ 117.160343683390892, -0.320404035708255 ], [ 117.160263733330609, -0.320730119052552 ], [ 117.160260140069468, -0.320740898667063 ], [ 117.160257445123605, -0.32074808507673 ], [ 117.160131680983824, -0.321028355049811 ], [ 117.160127189407405, -0.321038236362825 ], [ 117.160121799515707, -0.321045422772283 ], [ 117.16011640962401, -0.321053507482917 ], [ 117.160110121417034, -0.321060693892365 ], [ 117.160102934894752, -0.321066982000628 ], [ 117.160097545003055, -0.321070575205347 ], [ 117.15983433862479, -0.321265506559496 ], [ 117.159824457156674, -0.321271794667633 ], [ 117.159813677373251, -0.321277184474604 ], [ 117.159376197829886, -0.321467624319088 ], [ 117.159155212269994, -0.321611352501253 ], [ 117.159150720693574, -0.321614047404649 ], [ 117.159142635856014, -0.321618538910308 ], [ 117.159133652703176, -0.321622132114834 ], [ 117.159125567865615, -0.321624827018227 ], [ 117.158960277853353, -0.321670640375807 ], [ 117.158950396385208, -0.321673335279187 ], [ 117.158940514917091, -0.321674233580314 ], [ 117.158931531764253, -0.321674233580314 ], [ 117.158600053424408, -0.321674233580314 ], [ 117.158591070271569, -0.321674233580314 ], [ 117.158248812148315, -0.32164548794422 ], [ 117.158232642473209, -0.321642793040832 ], [ 117.157834688802339, -0.321546674819529 ], [ 117.157549024541993, -0.321490081847685 ], [ 117.157237309138395, -0.321447861693882 ], [ 117.156999255588104, -0.321490980148828 ], [ 117.156822287477155, -0.321624827018227 ], [ 117.15661298001595, -0.321849402298511 ], [ 117.156363248366958, -0.322249146285181 ], [ 117.155987752578199, -0.322942634692248 ], [ 117.155716461362374, -0.323451073053905 ], [ 117.155537696620868, -0.323886749014921 ], [ 117.155420017318619, -0.324275713310686 ], [ 117.1554155257422, -0.324287391222337 ], [ 117.155278083503759, -0.32460718633616 ], [ 117.155272693612034, -0.324617965946562 ], [ 117.155268202035614, -0.324626050654356 ], [ 117.155261913828625, -0.324634135362144 ], [ 117.155253828991064, -0.324643118370789 ], [ 117.155007690603213, -0.324876676592767 ], [ 117.155003199026794, -0.324881168096983 ], [ 117.15499691081979, -0.324886557902039 ], [ 117.154989724297536, -0.324891049406251 ], [ 117.154658245957705, -0.325091370492053 ], [ 117.154656449327121, -0.325092268792878 ], [ 117.154647466174268, -0.325096760296998 ], [ 117.15441390420041, -0.325205454696093 ], [ 117.154405819362879, -0.325209047899349 ], [ 117.154404022732294, -0.325209047899349 ], [ 117.154130036570635, -0.325306064386775 ], [ 117.154121951733075, -0.32530875928919 ], [ 117.154112968580236, -0.3253105558908 ], [ 117.154103985427398, -0.325311454191605 ], [ 117.154094103959281, -0.32531235249241 ], [ 117.154091409013418, -0.32531235249241 ], [ 117.153880304921643, -0.32530696268758 ], [ 117.153872220084082, -0.325306064386775 ], [ 117.153864135246522, -0.32530516608597 ], [ 117.153863236931244, -0.325304267785165 ], [ 117.15356589457221, -0.325247674834269 ], [ 117.153556013104065, -0.325244979931838 ], [ 117.153361977002703, -0.32518838698061 ], [ 117.153354790480449, -0.325185692078163 ], [ 117.153346705642889, -0.325182098874899 ], [ 117.153337722490051, -0.325177607370817 ], [ 117.153330535967768, -0.325173115866732 ], [ 117.153322451130208, -0.325166827761011 ], [ 117.153316162923218, -0.325160539655286 ], [ 117.153309874716243, -0.325153353248739 ], [ 117.153302688193961, -0.325145268541367 ], [ 117.153062838013113, -0.324791338012285 ], [ 117.153061939697821, -0.324788643109732 ], [ 117.152755614185921, -0.324312543647386 ], [ 117.15240976280154, -0.323858901686014 ], [ 117.152229201429435, -0.323524733733164 ], [ 117.152225608168294, -0.323517547325455 ], [ 117.15222291322246, -0.323510360917741 ], [ 117.152220218276597, -0.323502276209057 ], [ 117.152078284461695, -0.322989346344911 ], [ 117.151909401188306, -0.32242700989668 ], [ 117.151672245953279, -0.321920368086053 ], [ 117.151663262800426, -0.32188892754733 ], [ 117.151612058829244, -0.321506251268244 ], [ 117.151567143065037, -0.321155913817068 ], [ 117.151439582294685, -0.320571119737209 ], [ 117.151303936686787, -0.320328578403964 ], [ 117.150972458346956, -0.320157901166016 ], [ 117.150819744748659, -0.320173172287422 ], [ 117.150507131029784, -0.320552255411496 ], [ 117.150227754976399, -0.321111897059533 ], [ 117.150224161715286, -0.321118185167764 ], [ 117.150219670138867, -0.321125371577166 ], [ 117.150213381931863, -0.321133456287737 ], [ 117.150207093724887, -0.321140642697128 ], [ 117.150200805517883, -0.321146930805342 ], [ 117.150194517310908, -0.321151422311206 ], [ 117.149869327178067, -0.32139126872149 ], [ 117.149859445709922, -0.321397556829549 ], [ 117.149688765805948, -0.32142720076749 ], [ 117.149130013699221, -0.321496369955683 ], [ 117.148750026334042, -0.321558352734315 ], [ 117.148452683975009, -0.321641894739702 ], [ 117.148442802506878, -0.321644589643091 ], [ 117.148432921038761, -0.32164548794422 ], [ 117.148423937885894, -0.321646386245349 ], [ 117.148414056417778, -0.32164548794422 ], [ 117.148405073264939, -0.321644589643091 ], [ 117.148393395166252, -0.321641894739702 ], [ 117.148010712855211, -0.321526912194476 ], [ 117.148004424648207, -0.321525115592197 ], [ 117.147995441495368, -0.321521522387637 ], [ 117.147987356657836, -0.321517030881936 ], [ 117.14798196676611, -0.321513437677373 ], [ 117.147640606958149, -0.321286167486216 ], [ 117.147327094923995, -0.321231371115259 ], [ 117.146956090711654, -0.321333777447628 ], [ 117.146946209243524, -0.321335574049941 ], [ 117.146624612371809, -0.321387675516883 ], [ 117.146616527534249, -0.321388573818035 ], [ 117.146607544381411, -0.321388573818035 ], [ 117.146598561228572, -0.321388573818035 ], [ 117.146588679760441, -0.321387675516883 ], [ 117.146585984814607, -0.321386777215731 ], [ 117.146151200217076, -0.32129515049782 ], [ 117.146144013694823, -0.3212933538955 ], [ 117.146136827172541, -0.321290658992019 ], [ 117.146125149073853, -0.321286167486216 ], [ 117.145879010685988, -0.321160405322928 ], [ 117.145874519109569, -0.321157710419413 ], [ 117.145866434271994, -0.321152320612378 ], [ 117.14585924774974, -0.321146930805342 ], [ 117.145852061227458, -0.321140642697128 ], [ 117.145845773020483, -0.321133456287737 ], [ 117.145840383128785, -0.321126269878341 ], [ 117.14583499323706, -0.321118185167764 ], [ 117.145637363874556, -0.320779525618964 ], [ 117.145373259181056, -0.320404934009493 ], [ 117.14509028986653, -0.320143528345849 ], [ 117.144692336195661, -0.319955783380563 ], [ 117.144337501658441, -0.319862360047274 ], [ 117.143901818745661, -0.319934224149879 ], [ 117.143047520910457, -0.320096816680166 ], [ 117.14292175677069, -0.320182155300003 ], [ 117.142911875302573, -0.320473204903368 ], [ 117.142991825362827, -0.32092145720842 ], [ 117.143151725483406, -0.321484692040826 ], [ 117.143251438479936, -0.321792809328346 ], [ 117.14339247397956, -0.323011803870153 ], [ 117.143329591909676, -0.323359446354568 ], [ 117.143163403582108, -0.323680139798628 ], [ 117.142971164111316, -0.323797817222337 ], [ 117.142765449911252, -0.323871477899078 ], [ 117.142582193593256, -0.323942443672505 ], [ 117.142495955325998, -0.323860698287881 ], [ 117.142442954724231, -0.323818478143916 ], [ 117.142363004663935, -0.323780749504479 ], [ 117.142308207431611, -0.323785241009181 ], [ 117.142212986011501, -0.323844528871064 ], [ 117.142175256769576, -0.323911901440965 ], [ 117.14210967975383, -0.323931664061384 ], [ 117.141921033544165, -0.324087968421523 ], [ 117.140675070245109, -0.327695544244971 ], [ 117.140378626201326, -0.328555217874306 ], [ 117.139832450508592, -0.333103312339348 ], [ 117.138971864466384, -0.335720060190423 ], [ 117.138624216451447, -0.337868793226895 ], [ 117.138608046776326, -0.338602704025701 ], [ 117.138558639435701, -0.339032989523286 ], [ 117.138558639435701, -0.339032989523286 ], [ 117.138558639435701, -0.339035684421958 ], [ 117.13849216410469, -0.340768504112519 ], [ 117.139351851831591, -0.34201085209705 ], [ 117.139849518498991, -0.342730389793335 ], [ 117.143166098527956, -0.347185952846939 ], [ 117.143277489623188, -0.347238952475518 ], [ 117.14335743968347, -0.347261409945166 ], [ 117.143405050393511, -0.347292850402582 ], [ 117.143503865074763, -0.347372798993828 ], [ 117.143545187577857, -0.347391663268068 ], [ 117.143603578071321, -0.347367409201181 ], [ 117.143688019708037, -0.347298240195272 ], [ 117.14374730851678, -0.347224579694916 ], [ 117.143809292271385, -0.347065580808045 ], [ 117.143880259178829, -0.346914666607864 ], [ 117.144004226688054, -0.346740396635614 ], [ 117.143977277229524, -0.34662990587835 ], [ 117.143934158095888, -0.346489771257527 ], [ 117.143940446302864, -0.346299331897702 ], [ 117.143947632825146, -0.346271484632501 ], [ 117.143946734509868, -0.346197824124156 ], [ 117.143964700815545, -0.345998401769425 ], [ 117.144021294678453, -0.345864555231691 ], [ 117.144020396363146, -0.345748674670653 ], [ 117.144042854245257, -0.345640878798649 ], [ 117.144005125003332, -0.345409117669699 ], [ 117.143935056411166, -0.345247423855456 ], [ 117.143970090707242, -0.345205203803507 ], [ 117.144024887939565, -0.345304914989724 ], [ 117.144129990827821, -0.345377677206034 ], [ 117.144217127410371, -0.34528155921647 ], [ 117.144313247145789, -0.345074052151575 ], [ 117.144353671333576, -0.345010272922927 ], [ 117.144343789865431, -0.344921341321704 ], [ 117.144359959540552, -0.344848579101904 ], [ 117.144388705629638, -0.344758749200149 ], [ 117.14440397698948, -0.344669817596577 ], [ 117.144422841610435, -0.344558428516184 ], [ 117.144375230900366, -0.344418293864807 ], [ 117.144442604546683, -0.344296125192695 ], [ 117.144488418626182, -0.34420360038851 ], [ 117.144516266399989, -0.344119160275169 ], [ 117.144574656893454, -0.344072448722787 ], [ 117.144694132826231, -0.34403202526381 ], [ 117.144881880720632, -0.343858653537812 ], [ 117.144927694800117, -0.343797569198368 ], [ 117.144883677351189, -0.343611621280304 ], [ 117.144959135835066, -0.343446334238986 ], [ 117.1450651370386, -0.343446334238986 ], [ 117.145217850636897, -0.343323267255279 ], [ 117.145183714656085, -0.34322804754417 ], [ 117.145223240528594, -0.343107675455186 ], [ 117.145359784451784, -0.343009760844372 ], [ 117.145520582887627, -0.342691762927116 ], [ 117.145458599133036, -0.342694457824765 ], [ 117.145479260384562, -0.34264594966698 ], [ 117.145552922237869, -0.342612712595764 ], [ 117.145679584692928, -0.342606424501197 ], [ 117.145739771816949, -0.342615407493435 ], [ 117.145775704428317, -0.342619000690328 ], [ 117.145823315138372, -0.342607322800421 ], [ 117.145908655090366, -0.342619000690328 ], [ 117.145924824765473, -0.342618102391104 ], [ 117.145928418026614, -0.342697152722412 ], [ 117.145940994440593, -0.342734881289397 ], [ 117.14593380791834, -0.342796863934835 ], [ 117.145964350637968, -0.342883998957455 ], [ 117.145982316943659, -0.342982811868743 ], [ 117.14611436929043, -0.342954964593847 ], [ 117.146213183971682, -0.343022337032973 ], [ 117.14642069480233, -0.343123844840361 ], [ 117.146529390951699, -0.343051980906039 ], [ 117.146568916824208, -0.343017845537046 ], [ 117.146665934874875, -0.343060963897858 ], [ 117.146752173142161, -0.343058269000313 ], [ 117.146939022721241, -0.34306994688967 ], [ 117.147029752564933, -0.343066353692946 ], [ 117.147134855453189, -0.343068150291308 ], [ 117.147239958341444, -0.343101387360943 ], [ 117.147345959544978, -0.343193013876637 ], [ 117.147321705032297, -0.343230742441667 ], [ 117.147292958943211, -0.343353809426566 ], [ 117.147446570856786, -0.343421181862883 ], [ 117.147546283853316, -0.343455317230435 ], [ 117.147593894563386, -0.343494842392713 ], [ 117.147661268209689, -0.34352987605914 ], [ 117.147706183973895, -0.343546943742737 ], [ 117.147787930664748, -0.343664620928817 ], [ 117.147843626212378, -0.343746366148828 ], [ 117.14777265930492, -0.343795772600144 ], [ 117.147752896368658, -0.343916144680461 ], [ 117.147758286260384, -0.344105685788928 ], [ 117.147746608161683, -0.344353616332707 ], [ 117.147741218269985, -0.344547648927689 ], [ 117.147702590712754, -0.344687783577163 ], [ 117.147741218269985, -0.344861155288082 ], [ 117.147919983011519, -0.344986018849949 ], [ 117.148038560629018, -0.345059679367691 ], [ 117.148049340412413, -0.345066865759636 ], [ 117.148096052807205, -0.345115373905118 ], [ 117.148155341615947, -0.345209695298404 ], [ 117.148217325370553, -0.345212390195341 ], [ 117.148256851243062, -0.345196220813706 ], [ 117.148334106357481, -0.345169271844253 ], [ 117.148431124408177, -0.345184542926953 ], [ 117.148442802506878, -0.345186339524916 ], [ 117.148475141857105, -0.345190831019822 ], [ 117.14850837952261, -0.345198017411667 ], [ 117.148526345828316, -0.345187237823897 ], [ 117.148598211051038, -0.345271677927768 ], [ 117.14864941502222, -0.345330965659825 ], [ 117.148723975190819, -0.345365999319503 ], [ 117.148770687585582, -0.345434270040556 ], [ 117.148769789270304, -0.345461219009258 ], [ 117.148757212856324, -0.345540269317008 ], [ 117.14874104318119, -0.345579794470637 ], [ 117.148733856658936, -0.345592370655848 ], [ 117.148665584697355, -0.345613031531516 ], [ 117.148564973385518, -0.345853775644678 ], [ 117.148481430064081, -0.345967859606619 ], [ 117.148455378920872, -0.3460783503716 ], [ 117.148431124408177, -0.34616009557088 ], [ 117.148425734516479, -0.346178959847537 ], [ 117.148385310328692, -0.346344246841402 ], [ 117.148431124408177, -0.346705362981011 ], [ 117.148884773626648, -0.350273405289474 ], [ 117.149205472183084, -0.352794030533328 ], [ 117.149206370498362, -0.352795827129838 ], [ 117.148484125009944, -0.353105740022558 ], [ 117.142188731498834, -0.355807820689081 ], [ 117.142180646661274, -0.355838362819762 ], [ 117.142127646059507, -0.355854532183024 ], [ 117.142069255566042, -0.355894057293098 ], [ 117.14198930550576, -0.355949751766098 ], [ 117.141930915012296, -0.355984785386038 ], [ 117.141879711041099, -0.356006344536704 ], [ 117.141859049789559, -0.35602790368732 ], [ 117.141815930655937, -0.356070123690464 ], [ 117.141774608152858, -0.356094377734735 ], [ 117.141733285649792, -0.356086293053319 ], [ 117.141701844614843, -0.356077310073958 ], [ 117.141676691786884, -0.356099767522343 ], [ 117.141612911401708, -0.356152767100313 ], [ 117.141553622592966, -0.356197681996659 ], [ 117.141508706828759, -0.356221936040595 ], [ 117.141447621389432, -0.35628391859703 ], [ 117.141385637634826, -0.356320748811526 ], [ 117.141364078068008, -0.356351290940508 ], [ 117.141338925240035, -0.356401595623317 ], [ 117.14131197578152, -0.356437527539442 ], [ 117.141248195396344, -0.356525560733353 ], [ 117.141209567839141, -0.356607305841232 ], [ 117.141129617778859, -0.356590238181405 ], [ 117.14096971765828, -0.356617187117959 ], [ 117.140920310317654, -0.35666300030992 ], [ 117.140867309715887, -0.356664796905678 ], [ 117.140808020907144, -0.356680966267489 ], [ 117.140781969763893, -0.35668725435263 ], [ 117.140760410197103, -0.35673216924637 ], [ 117.14074963041368, -0.356741152225092 ], [ 117.140736155684408, -0.35677169435268 ], [ 117.140717291063453, -0.356775287544154 ], [ 117.140695731496621, -0.356768999459073 ], [ 117.140695731496621, -0.356742948820835 ], [ 117.140708307910614, -0.356707915203778 ], [ 117.140685850028504, -0.356693542437767 ], [ 117.140656205624126, -0.356686356054753 ], [ 117.140634646057322, -0.35669533903352 ], [ 117.140605001652943, -0.356710610097402 ], [ 117.140595120184813, -0.356724982863386 ], [ 117.140563679149878, -0.356742948820835 ], [ 117.140559187573459, -0.35673216924637 ], [ 117.140555594312318, -0.356709711799528 ], [ 117.140549306105314, -0.356707016905903 ], [ 117.140530441484344, -0.356706118608028 ], [ 117.140479237513162, -0.356704322012277 ], [ 117.140422643650254, -0.356705220310153 ], [ 117.140385812723608, -0.356710610097402 ], [ 117.140178301892959, -0.35677708413989 ], [ 117.140068707428313, -0.356809422863089 ], [ 117.13998875736803, -0.356839066692589 ], [ 117.139922282036991, -0.356857032649814 ], [ 117.139853111760132, -0.356873202011287 ], [ 117.139762381916412, -0.356894761159874 ], [ 117.139710279629952, -0.356892066266303 ], [ 117.139652787451766, -0.356875896904863 ], [ 117.13962404136268, -0.356871405415569 ], [ 117.139594396958302, -0.356859727543395 ], [ 117.139561159292796, -0.356839964990451 ], [ 117.139528819942555, -0.356830982011825 ], [ 117.139474022710232, -0.35685164286265 ], [ 117.139437191783585, -0.356857032649814 ], [ 117.139380597920677, -0.356900150947013 ], [ 117.139303342806244, -0.356982794349412 ], [ 117.139258427042037, -0.357044776900724 ], [ 117.139204528124992, -0.357076217325142 ], [ 117.139150629207919, -0.357095081579742 ], [ 117.139095831975595, -0.357148081151981 ], [ 117.138995220663787, -0.357215453489133 ], [ 117.138933236909182, -0.3572441990195 ], [ 117.138926948702178, -0.35725857178465 ], [ 117.138850591903037, -0.357271147954138 ], [ 117.1387787266803, -0.357268453060678 ], [ 117.138735607546678, -0.357287317314883 ], [ 117.138687996836609, -0.357295401995245 ], [ 117.13861882655975, -0.357295401995245 ], [ 117.138546961337028, -0.357306181569049 ], [ 117.138530791661893, -0.357318757738472 ], [ 117.138454434862751, -0.357317859440657 ], [ 117.138360111757919, -0.357348401566329 ], [ 117.138319687570132, -0.357397807945877 ], [ 117.138335857245252, -0.357420265391039 ], [ 117.138378976378874, -0.35749033261959 ], [ 117.1383843662706, -0.357555908358648 ], [ 117.138368196595479, -0.357646636435201 ], [ 117.138362806703782, -0.357719398555353 ], [ 117.138343942082813, -0.357784974292774 ], [ 117.138300822949176, -0.357882888749146 ], [ 117.13825590718497, -0.357958345760684 ], [ 117.138194821745643, -0.358043684046793 ], [ 117.138128346414604, -0.358105666590943 ], [ 117.137972937870444, -0.358198191257517 ], [ 117.137945988411929, -0.358212564021173 ], [ 117.137883106342045, -0.358309580175261 ], [ 117.13784537710012, -0.358358088251919 ], [ 117.137799563020607, -0.35841737590082 ], [ 117.137776206823233, -0.358448816320536 ], [ 117.137739375896587, -0.358444324832011 ], [ 117.137661222466875, -0.358429952068719 ], [ 117.137624391540214, -0.358411986114572 ], [ 117.137581272406592, -0.35839581675581 ], [ 117.137532763381245, -0.358379647397019 ], [ 117.137485152671175, -0.358366172931337 ], [ 117.137422270601292, -0.358355393358778 ], [ 117.137372863260666, -0.358397613351229 ], [ 117.137321659289483, -0.358427257175599 ], [ 117.137276743525277, -0.358493731205657 ], [ 117.137271353633579, -0.358553018853679 ], [ 117.137293811515676, -0.358636560538877 ], [ 117.137394422827484, -0.358719203925635 ], [ 117.137481559410062, -0.358745254558263 ], [ 117.137554322948063, -0.358761423916408 ], [ 117.137616306702668, -0.35877579667918 ], [ 117.137663917412709, -0.358832389432375 ], [ 117.137684578664263, -0.358879100910938 ], [ 117.137679188772566, -0.358968930676737 ], [ 117.137675595511425, -0.358991388118048 ], [ 117.137642357845891, -0.359085709370955 ], [ 117.137575882514895, -0.359144098717505 ], [ 117.137565102731458, -0.359197098277897 ], [ 117.137549831371643, -0.359303995695378 ], [ 117.137522881913128, -0.359391130564165 ], [ 117.137462694789079, -0.359418079492488 ], [ 117.137353100324418, -0.359438740337481 ], [ 117.137254285643166, -0.35944233352791 ], [ 117.137172538952328, -0.359437842039874 ], [ 117.137112351828279, -0.359384842480878 ], [ 117.137074622586354, -0.359327351433485 ], [ 117.137111453513, -0.359259080814236 ], [ 117.137130318133956, -0.359214165932873 ], [ 117.137143792863213, -0.359156674884405 ], [ 117.137151877700774, -0.35912074297893 ], [ 117.137151877700774, -0.359072234906314 ], [ 117.137149182754911, -0.359024625131088 ], [ 117.13708899563089, -0.358991388118048 ], [ 117.137039588290264, -0.35896982897439 ], [ 117.136993774210751, -0.358897965161829 ], [ 117.136938976978428, -0.358819813265028 ], [ 117.136885976376661, -0.358694051590614 ], [ 117.136871603332125, -0.358631170752759 ], [ 117.136836569036035, -0.358569188212164 ], [ 117.13686082354873, -0.358476663549337 ], [ 117.136836569036035, -0.358406596328321 ], [ 117.136791653271828, -0.358365274633625 ], [ 117.136745839192344, -0.358334732511338 ], [ 117.136680262176597, -0.358297902304916 ], [ 117.13662726157483, -0.358273648266459 ], [ 117.136585040756486, -0.358280834648231 ], [ 117.136564379504946, -0.358333834213622 ], [ 117.136515870479627, -0.358406596328321 ], [ 117.136487124390513, -0.358442528236601 ], [ 117.136505090696204, -0.358488341419454 ], [ 117.136532938469998, -0.358544035876731 ], [ 117.136518565425462, -0.358599730333669 ], [ 117.13649790417395, -0.358696746483655 ], [ 117.136500599119785, -0.358727288604734 ], [ 117.136535633415861, -0.358801847311646 ], [ 117.136567972766088, -0.358862033255337 ], [ 117.136617380106713, -0.358921320900973 ], [ 117.13663983798881, -0.358961744295505 ], [ 117.136665889132061, -0.358977015355615 ], [ 117.136760212236894, -0.358974320462656 ], [ 117.136802433055237, -0.35896982897439 ], [ 117.136865315125149, -0.358984201736835 ], [ 117.13690484099763, -0.358977015355615 ], [ 117.136914722465775, -0.358968930676737 ], [ 117.136953350022978, -0.358959947700197 ], [ 117.136970418013377, -0.35896264259316 ], [ 117.1369811977968, -0.358980608546226 ], [ 117.136984791057913, -0.359029116619328 ], [ 117.136988384319054, -0.359065048525164 ], [ 117.136970418013377, -0.35910726851434 ], [ 117.136948858446559, -0.359141403824596 ], [ 117.136921010672751, -0.359173742539457 ], [ 117.136921010672751, -0.359204284658943 ], [ 117.136923705618614, -0.359258182516611 ], [ 117.136931790456174, -0.359287826338193 ], [ 117.13694616350071, -0.359337232707282 ], [ 117.136923705618614, -0.359456706289611 ], [ 117.13691741741161, -0.359481858622534 ], [ 117.136894959529499, -0.359540247966552 ], [ 117.136866213440427, -0.359644450487257 ], [ 117.13682578925264, -0.359728890460058 ], [ 117.136786263380131, -0.35978278831463 ], [ 117.136690143644728, -0.359841177656723 ], [ 117.136641634619394, -0.359896872105756 ], [ 117.136567972766088, -0.359960651232456 ], [ 117.13649790417395, -0.360071141831177 ], [ 117.136408970960815, -0.360184327321162 ], [ 117.136337105738079, -0.360246309850796 ], [ 117.136282308505756, -0.360281343454315 ], [ 117.136243680948539, -0.360298411107263 ], [ 117.136196968553776, -0.360345122578326 ], [ 117.136161035942408, -0.360416088081982 ], [ 117.13612510333104, -0.360407105106866 ], [ 117.136092763980798, -0.360433155734677 ], [ 117.136084679143252, -0.360464596147454 ], [ 117.136076594305692, -0.360521188890178 ], [ 117.136065814522269, -0.360584968012509 ], [ 117.13603976337906, -0.360611916937303 ], [ 117.136023593703925, -0.360611916937303 ], [ 117.13597777962444, -0.360607425449843 ], [ 117.135935558806082, -0.360599340772409 ], [ 117.135858303691649, -0.36057957822754 ], [ 117.135813387927442, -0.36057957822754 ], [ 117.135770268793792, -0.360603832259873 ], [ 117.135729844606018, -0.36062539139967 ], [ 117.135713674930884, -0.360673001166541 ], [ 117.135721759768458, -0.360713424553312 ], [ 117.135719963137888, -0.360761034319722 ], [ 117.135736132812994, -0.360812237275773 ], [ 117.135704691778045, -0.360858948744199 ], [ 117.135684928841812, -0.360878711288461 ], [ 117.135629233294182, -0.360888592560576 ], [ 117.135576232692415, -0.360873321503667 ], [ 117.135549283233885, -0.36084367768724 ], [ 117.135516943883673, -0.360824813440373 ], [ 117.135472028119466, -0.360808644085884 ], [ 117.135428908985844, -0.36079337302884 ], [ 117.135382196591053, -0.36078888154147 ], [ 117.135354348817245, -0.360785288351572 ], [ 117.13530853473776, -0.360806847490939 ], [ 117.135277093702825, -0.360820321953018 ], [ 117.135244754352598, -0.360840982794833 ], [ 117.135205228480089, -0.360863440231535 ], [ 117.13517199081457, -0.360897575535216 ], [ 117.135172889129876, -0.36093530402861 ], [ 117.135203431849504, -0.360985608686225 ], [ 117.13525283919013, -0.361019743989447 ], [ 117.135310331368331, -0.361075438431273 ], [ 117.135330094304592, -0.361142810739477 ], [ 117.135330094304592, -0.36118862390877 ], [ 117.135344467349128, -0.361249708134135 ], [ 117.135350755556104, -0.361365588501714 ], [ 117.135365128600654, -0.361409605075058 ], [ 117.135412739310723, -0.361482367165221 ], [ 117.135447773606799, -0.36153806160421 ], [ 117.135489994425143, -0.361558722444394 ], [ 117.13556545290902, -0.361585671366302 ], [ 117.135596893943955, -0.361642264102048 ], [ 117.135649894545722, -0.361724907461551 ], [ 117.13569840357107, -0.361791381467562 ], [ 117.13577296373964, -0.361912651612409 ], [ 117.135871778420906, -0.362068057054916 ], [ 117.135916694185113, -0.3621453106265 ], [ 117.135967898156295, -0.362225259089424 ], [ 117.135988559407849, -0.362277360334545 ], [ 117.136037068433197, -0.362386054310471 ], [ 117.136084679143252, -0.362484867014726 ], [ 117.136129594907459, -0.362554035907064 ], [ 117.136158340996545, -0.362592662690866 ], [ 117.136172714041081, -0.362624103096165 ], [ 117.13616462920352, -0.362649255420326 ], [ 117.136160137627101, -0.362669017960689 ], [ 117.136108933655919, -0.362701356663008 ], [ 117.136049644847176, -0.362716627716841 ], [ 117.136009220659389, -0.362720220905974 ], [ 117.135959813318763, -0.362689678798295 ], [ 117.135897829564158, -0.362652848609486 ], [ 117.135844828962391, -0.36260164566382 ], [ 117.13579362499118, -0.36256661206925 ], [ 117.135775658685503, -0.362554035907064 ], [ 117.135754099118671, -0.362529781879941 ], [ 117.13572894629074, -0.362501934663534 ], [ 117.135701098516904, -0.362476782338964 ], [ 117.135666064220828, -0.362463307879344 ], [ 117.135648097915137, -0.362453426608944 ], [ 117.135594198998092, -0.362439053851978 ], [ 117.13556545290902, -0.362468697663195 ], [ 117.135551978179748, -0.362498341474314 ], [ 117.135557368071446, -0.362533375069148 ], [ 117.135579825953556, -0.36259176439357 ], [ 117.135568147854869, -0.362631289474504 ], [ 117.135533113558793, -0.362685187311863 ], [ 117.135489994425143, -0.362730102176083 ], [ 117.13546573991249, -0.362765135770021 ], [ 117.135431603931679, -0.362775017040081 ], [ 117.135377705014633, -0.362785796607407 ], [ 117.135336382511568, -0.362793881282894 ], [ 117.135289670116805, -0.362793881282894 ], [ 117.13522319478578, -0.362810948931119 ], [ 117.135183668913271, -0.362818135309309 ], [ 117.135141448094927, -0.362818135309309 ], [ 117.135089345808439, -0.362846880822014 ], [ 117.135083955916741, -0.362915151414321 ], [ 117.135064192980479, -0.362953778196582 ], [ 117.135048023305373, -0.362996896464958 ], [ 117.135023768792692, -0.363063370461635 ], [ 117.134994124388328, -0.363101098946017 ], [ 117.134960886722808, -0.363128047863337 ], [ 117.134943818732424, -0.363199911642465 ], [ 117.134879140031956, -0.363297826040606 ], [ 117.134845004051144, -0.363341842604562 ], [ 117.134811766385653, -0.363366994926726 ], [ 117.134711155073816, -0.363407418301487 ], [ 117.134606950500867, -0.36343706210953 ], [ 117.13451891560301, -0.363484671861637 ], [ 117.134473101523525, -0.363500841211352 ], [ 117.134417405975896, -0.363517010561039 ], [ 117.134393151463243, -0.363517010561039 ], [ 117.134359015482431, -0.363476587186769 ], [ 117.134360812113016, -0.363441553595588 ], [ 117.134352727275456, -0.363396638734902 ], [ 117.134349134014315, -0.363332859632343 ], [ 117.134342845807339, -0.363303215823959 ], [ 117.134305116565386, -0.363231352045653 ], [ 117.134254810909482, -0.363185538886685 ], [ 117.134200911992437, -0.363135234241276 ], [ 117.134143419814251, -0.363085827892834 ], [ 117.134086825951371, -0.36300228624849 ], [ 117.134012265782772, -0.362930422467792 ], [ 117.133967350018565, -0.362879219523697 ], [ 117.133924230884944, -0.362826219984766 ], [ 117.133890094904146, -0.362791186391066 ], [ 117.133876620174888, -0.362775915337359 ], [ 117.133810144843849, -0.362742678338025 ], [ 117.133746364458688, -0.362731898770648 ], [ 117.133627786841174, -0.362731898770648 ], [ 117.133566701401847, -0.362740881743463 ], [ 117.133527175529366, -0.362758847689068 ], [ 117.133449022099626, -0.362783101715577 ], [ 117.133383445083879, -0.362798372769272 ], [ 117.133340325950257, -0.362807355742021 ], [ 117.133302596708305, -0.362804660850197 ], [ 117.13323612137728, -0.362811847228393 ], [ 117.133166951100421, -0.362815440417488 ], [ 117.133134611750194, -0.362822626795675 ], [ 117.133095085877684, -0.362811847228393 ], [ 117.133068136419169, -0.362803762552923 ], [ 117.133013339186846, -0.362794779580169 ], [ 117.132990881304735, -0.362819931903856 ], [ 117.132974711629615, -0.362932219062317 ], [ 117.132961236900357, -0.363001387951235 ], [ 117.132969321737917, -0.363057980678138 ], [ 117.132989084674151, -0.363146013808173 ], [ 117.133014237502124, -0.363186437183922 ], [ 117.133093289247128, -0.363267283934877 ], [ 117.133122035336214, -0.363333757929566 ], [ 117.133145391533589, -0.363373283007257 ], [ 117.133169646046284, -0.36340113022098 ], [ 117.133152578055871, -0.363461316134219 ], [ 117.133139103326613, -0.363501739508558 ], [ 117.133127425227912, -0.363543061179917 ], [ 117.133095085877684, -0.363588874337072 ], [ 117.133070831365032, -0.363623907927681 ], [ 117.133016932447987, -0.363637382385571 ], [ 117.132988186358872, -0.363634687493994 ], [ 117.132937880702968, -0.36368229724506 ], [ 117.132866015480246, -0.363754161019777 ], [ 117.132820201400762, -0.36381794011936 ], [ 117.13278606541995, -0.363876329435484 ], [ 117.132732166502905, -0.363946396614333 ], [ 117.132722285034788, -0.363946396614333 ], [ 117.132671979378884, -0.36402903995279 ], [ 117.132626165299399, -0.364087429267547 ], [ 117.132587537742168, -0.364175462387543 ], [ 117.132550706815536, -0.364231156809954 ], [ 117.132554300076649, -0.364292241014783 ], [ 117.132577656274051, -0.364336257573888 ], [ 117.132572266382326, -0.364392850292422 ], [ 117.132566876490628, -0.364393748589539 ], [ 117.132563283229487, -0.364430578771247 ], [ 117.13263874171335, -0.364462917467257 ], [ 117.132740251340465, -0.364469205547023 ], [ 117.132783370474115, -0.36448268000365 ], [ 117.132859727273271, -0.36449795105447 ], [ 117.132892066623484, -0.364516815293682 ], [ 117.132927100919574, -0.364536577829957 ], [ 117.132935185757106, -0.364565323337189 ], [ 117.132931592495993, -0.364602153518196 ], [ 117.132910032929175, -0.364635390510682 ], [ 117.132779777212974, -0.364702762792373 ], [ 117.132737556394602, -0.364741389566981 ], [ 117.132646826550925, -0.364794389094663 ], [ 117.132572266382326, -0.364836609057169 ], [ 117.132457282025953, -0.364913862605071 ], [ 117.132424942675726, -0.364932726843411 ], [ 117.132404281424215, -0.364965963834677 ], [ 117.132392603325513, -0.365038725896208 ], [ 117.132398891532489, -0.365133047086205 ], [ 117.132411467946469, -0.365191436393803 ], [ 117.132478841592771, -0.365237249542575 ], [ 117.132562384914209, -0.365266893344598 ], [ 117.132666589487187, -0.365276774611917 ], [ 117.132740251340465, -0.365292943958416 ], [ 117.132855235696852, -0.365298333740575 ], [ 117.13291632113615, -0.365303723522732 ], [ 117.13295135543224, -0.365307316710835 ], [ 117.132958541954523, -0.365344146888803 ], [ 117.132958541954523, -0.365405231086077 ], [ 117.132947762171085, -0.36543667148157 ], [ 117.132937880702968, -0.365474399956017 ], [ 117.132931592495993, -0.365530094370388 ], [ 117.132922609343154, -0.365568721141442 ], [ 117.132849845805126, -0.365618127476268 ], [ 117.132777980582389, -0.365661245731895 ], [ 117.132698030522121, -0.36571963503606 ], [ 117.132642334974491, -0.365745685648564 ], [ 117.132559689968375, -0.365794193685441 ], [ 117.1325228590417, -0.365843600019026 ], [ 117.132482434853912, -0.365884921679635 ], [ 117.132433027513287, -0.36596846329724 ], [ 117.132449197188421, -0.366024157708545 ], [ 117.132459976971816, -0.366074462337813 ], [ 117.132451892134256, -0.366097818058448 ], [ 117.132454587080119, -0.36614093631177 ], [ 117.132443807296696, -0.366170580110808 ], [ 117.13243123088273, -0.366193935831194 ], [ 117.132372840389237, -0.36621010517604 ], [ 117.132356670714145, -0.366204715394428 ], [ 117.132320738102777, -0.366143631202596 ], [ 117.132300076851237, -0.366112190809579 ], [ 117.132257856032894, -0.366111292512634 ], [ 117.132202160485264, -0.366103207840125 ], [ 117.132111430641572, -0.366122072075967 ], [ 117.132079091291359, -0.366105902730962 ], [ 117.132048548571689, -0.366092428276769 ], [ 117.132035972157709, -0.366070869150017 ], [ 117.132028785635441, -0.366045716835408 ], [ 117.131992853024087, -0.36605469980492 ], [ 117.131955123782134, -0.366069970853068 ], [ 117.131950632205715, -0.366097818058448 ], [ 117.131943445683461, -0.366119377185135 ], [ 117.131950632205715, -0.366161597141413 ], [ 117.131954225466856, -0.36621190176991 ], [ 117.13193985242232, -0.366273884258206 ], [ 117.131919191170766, -0.366332273558382 ], [ 117.13188415687469, -0.366429289625526 ], [ 117.131859902362024, -0.366481390846336 ], [ 117.131843732686903, -0.366513729534963 ], [ 117.131839241110484, -0.366546068223472 ], [ 117.131806901760257, -0.366550559707978 ], [ 117.131778155671185, -0.366558644380084 ], [ 117.131775460725322, -0.366582898396355 ], [ 117.131763782626635, -0.366623321756662 ], [ 117.131753002843212, -0.366646677475867 ], [ 117.131735036537535, -0.366700575289184 ], [ 117.131718866862428, -0.366757167992819 ], [ 117.131702697187308, -0.366804777727345 ], [ 117.131700002241445, -0.366818252180467 ], [ 117.131692815719191, -0.366847895977264 ], [ 117.131759291050216, -0.366882929555169 ], [ 117.131770969148903, -0.36691616653921 ], [ 117.131762884311328, -0.366942217148236 ], [ 117.131761087680772, -0.366974555835198 ], [ 117.131768274203054, -0.367000606444054 ], [ 117.131836546164649, -0.367035640021362 ], [ 117.131855410785604, -0.36704462298988 ], [ 117.131850020893907, -0.36711199525348 ], [ 117.131841936056347, -0.367141639049304 ], [ 117.131859902362024, -0.367146130533511 ], [ 117.131910208017928, -0.367161401579798 ], [ 117.131970395141977, -0.367150622017715 ], [ 117.131992853024087, -0.367120079925078 ], [ 117.132046751941132, -0.367097622503955 ], [ 117.132097057597036, -0.36711199525348 ], [ 117.132103345804012, -0.367117385034546 ], [ 117.132124007055552, -0.367203621531162 ], [ 117.132125803686122, -0.36723685851401 ], [ 117.132143769991799, -0.367323095009473 ], [ 117.13214736325294, -0.367366213256893 ], [ 117.132157244721057, -0.367413822988176 ], [ 117.13213927841538, -0.367509042449983 ], [ 117.132080887921916, -0.367568330038897 ], [ 117.132032378896568, -0.367644685266464 ], [ 117.132096159281758, -0.367744396209716 ], [ 117.13215185482936, -0.367756972364641 ], [ 117.132213838583965, -0.367762362145318 ], [ 117.132300975166515, -0.367764158738877 ], [ 117.132387213433802, -0.367765057035656 ], [ 117.132395298271376, -0.367793802532536 ], [ 117.132419552784029, -0.367810870171265 ], [ 117.132424942675726, -0.367833327590595 ], [ 117.132418654468751, -0.367874649242015 ], [ 117.132383620172661, -0.367962682324838 ], [ 117.132387213433802, -0.368049817110041 ], [ 117.132348585876585, -0.368138748487876 ], [ 117.132353077453004, -0.368144138268322 ], [ 117.132406078054771, -0.368254628766754 ], [ 117.132498604529047, -0.368320204427778 ], [ 117.13254531692381, -0.368427101737179 ], [ 117.132569571436491, -0.36859867640757 ], [ 117.132516570834724, -0.368663353769373 ], [ 117.132477044962215, -0.3687181498672 ], [ 117.132495011267906, -0.368770251074656 ], [ 117.132553401761371, -0.368873555191987 ], [ 117.132565079860072, -0.36892385980521 ], [ 117.132579452904608, -0.369005604801091 ], [ 117.132587537742168, -0.369083756609637 ], [ 117.132587537742168, -0.369176281163694 ], [ 117.132582147850471, -0.36922389088531 ], [ 117.132590232688017, -0.369282280166189 ], [ 117.132580351219886, -0.369352347302737 ], [ 117.132583046165749, -0.369394567243724 ], [ 117.132573164697632, -0.369472719048851 ], [ 117.132661199595461, -0.369499667947011 ], [ 117.132664792856602, -0.369524820251887 ], [ 117.132696233891551, -0.369579616344405 ], [ 117.132698030522121, -0.369587701013765 ], [ 117.132707013674974, -0.369628124360451 ], [ 117.132671081063606, -0.369724242095167 ], [ 117.132640538343935, -0.369772750110423 ], [ 117.132633351821653, -0.369814071752839 ], [ 117.132632453506375, -0.369820359828842 ], [ 117.132636945082794, -0.36982574960827 ], [ 117.132731268187626, -0.370009002106861 ], [ 117.13270072546797, -0.370097933465107 ], [ 117.132698928837399, -0.370148238071397 ], [ 117.132662996226045, -0.3701931528982 ], [ 117.132624368668814, -0.37025333876576 ], [ 117.132640538343935, -0.370329693970286 ], [ 117.132633351821653, -0.370345863307631 ], [ 117.132670182748299, -0.370403354284617 ], [ 117.132727674926485, -0.370456353778696 ], [ 117.132751031123874, -0.370503963493445 ], [ 117.132733963133489, -0.370533607277971 ], [ 117.132710606936087, -0.370628826706385 ], [ 117.132662097910767, -0.370671944937782 ], [ 117.132583944481027, -0.37066835175184 ], [ 117.132572266382326, -0.370749198435178 ], [ 117.132575859643467, -0.370811180891903 ], [ 117.132628860245234, -0.370856095715346 ], [ 117.132715098512506, -0.371014195892052 ], [ 117.132759115961434, -0.371112110204618 ], [ 117.132847150859277, -0.371177685844538 ], [ 117.132859727273271, -0.371211821108961 ], [ 117.132866015480246, -0.371297159269444 ], [ 117.132846252543999, -0.371415734396325 ], [ 117.132886676731786, -0.371462445809508 ], [ 117.13291632113615, -0.371519038482842 ], [ 117.133039390330083, -0.371515445297244 ], [ 117.13307981451787, -0.371636715310359 ], [ 117.133068136419169, -0.371702290946387 ], [ 117.133014237502124, -0.371734629616029 ], [ 117.132963033530942, -0.371775052952916 ], [ 117.132899253145752, -0.371798408658589 ], [ 117.132891168308205, -0.371811883104141 ], [ 117.132883981785923, -0.37183973029155 ], [ 117.132831879499435, -0.371916983778742 ], [ 117.132799540149222, -0.372305946093514 ], [ 117.132901049776322, -0.372566452022221 ], [ 117.132931592495993, -0.372678739058082 ], [ 117.132919914397291, -0.372732636834786 ], [ 117.132758217646156, -0.373002125713361 ], [ 117.13266569117188, -0.373149446296828 ], [ 117.132684555792864, -0.373321020875682 ], [ 117.132684555792864, -0.373498883524572 ], [ 117.132633351821653, -0.37356445914674 ], [ 117.132441112350861, -0.37364800069208 ], [ 117.132424942675726, -0.373700101870493 ], [ 117.132438417404998, -0.37375489793711 ], [ 117.13245818034126, -0.373871676438597 ], [ 117.132441112350861, -0.374073793072115 ], [ 117.132441112350861, -0.374074691368254 ], [ 117.132496807898463, -0.374137572097726 ], [ 117.13253902871682, -0.374186978384852 ], [ 117.132547113554395, -0.374240876152309 ], [ 117.132415959522888, -0.374340587021231 ], [ 117.132442010666139, -0.374540907051764 ], [ 117.132413264577053, -0.374575042303147 ], [ 117.132356670714145, -0.374663075319259 ], [ 117.132343195984888, -0.374697210570166 ], [ 117.132574961328189, -0.374876869783276 ], [ 117.132529147248704, -0.375061918768925 ], [ 117.132519265780559, -0.375210137613832 ], [ 117.132533638825123, -0.375269425151092 ], [ 117.132531842194538, -0.375270323447108 ], [ 117.132556995022512, -0.37531523824779 ], [ 117.132577656274051, -0.375352966680185 ], [ 117.132594724264436, -0.375322424615878 ], [ 117.132660301280183, -0.375367339416293 ], [ 117.132627961929956, -0.375461660496413 ], [ 117.132618978777117, -0.375495795744205 ], [ 117.132591131003309, -0.375481423008309 ], [ 117.132515672519446, -0.37553442247181 ], [ 117.132459976971816, -0.375635031621979 ], [ 117.132329721255616, -0.375776962385427 ], [ 117.132284805491423, -0.375805707856224 ], [ 117.132291992013677, -0.3761686194169 ], [ 117.132283907176117, -0.376225212059903 ], [ 117.132263245924591, -0.376296177437118 ], [ 117.132221923421525, -0.376389600211306 ], [ 117.13212490537083, -0.37688186635107 ], [ 117.132118617163854, -0.376934865806065 ], [ 117.132115023902713, -0.377009424360851 ], [ 117.132077294660775, -0.377184592047295 ], [ 117.132009921014458, -0.37721782899253 ], [ 117.132009022699179, -0.377222320471606 ], [ 117.13200453112276, -0.37722501535905 ], [ 117.131922784431907, -0.377301370502965 ], [ 117.131868885514862, -0.377259150599942 ], [ 117.131816783228373, -0.377392098378981 ], [ 117.13186169899258, -0.377686739395554 ], [ 117.131812291651954, -0.378082887819776 ], [ 117.131856309100883, -0.378216733881925 ], [ 117.131847325948044, -0.378305665156977 ], [ 117.131864393938443, -0.378454782242393 ], [ 117.131831156272952, -0.37846196860789 ], [ 117.131867088884306, -0.378597611255538 ], [ 117.131849122578629, -0.378665881726399 ], [ 117.13197937829483, -0.378848235744616 ], [ 117.131942547368155, -0.378929082352449 ], [ 117.131986564817083, -0.379236299455335 ], [ 117.131984768186527, -0.379237197750942 ], [ 117.131988361447668, -0.379336908562683 ], [ 117.13193176758476, -0.379445602329127 ], [ 117.132073701399648, -0.380304372865552 ], [ 117.132722285034788, -0.381277226832355 ], [ 117.132728573241764, -0.381287108081685 ], [ 117.13272947155707, -0.381287108081685 ], [ 117.133132815119609, -0.382595924369896 ], [ 117.132848049174555, -0.383830181963251 ], [ 117.13215185482936, -0.386847554760922 ], [ 117.132070108138507, -0.389300797528278 ], [ 117.131251742914671, -0.394780392483809 ], [ 117.128961937255454, -0.405002073122485 ], [ 117.127828263366908, -0.408375162039942 ], [ 117.127807602115354, -0.408436245927432 ], [ 117.127081763365794, -0.408682378057613 ], [ 117.123483112337624, -0.408599735153429 ], [ 117.123051921001235, -0.408824308260639 ], [ 117.123147142421345, -0.409273454456214 ], [ 117.123168701988163, -0.409377656369994 ], [ 117.123168701988163, -0.40948545145179 ], [ 117.123192058185538, -0.409638161148519 ], [ 117.123253143624879, -0.409808836688479 ], [ 117.12329895770435, -0.409934597610333 ], [ 117.12332950042402, -0.410025325131301 ], [ 117.123351958306117, -0.410151086049755 ], [ 117.123390585863348, -0.410249898198582 ], [ 117.123443586465115, -0.410393624958335 ], [ 117.123489400544599, -0.410492437104167 ], [ 117.12351185842671, -0.410582266326591 ], [ 117.123557672506209, -0.410663112625909 ], [ 117.123603486585694, -0.410761924768411 ], [ 117.123664572025007, -0.410978413185438 ], [ 117.123710386104506, -0.411050276559088 ], [ 117.123764285021551, -0.411220952068915 ], [ 117.123871184540349, -0.411418576338892 ], [ 117.12394754133949, -0.411553320156525 ], [ 117.124022999823367, -0.411670996422063 ], [ 117.124068813902838, -0.411769808552089 ], [ 117.124122712819897, -0.411850654839381 ], [ 117.124229612338709, -0.41194946696718 ], [ 117.127524632800871, -0.419263357586848 ], [ 117.127547090682967, -0.419481642353557 ], [ 117.127494988396478, -0.419662198884381 ], [ 117.127442886110018, -0.419914618704071 ], [ 117.127282985989439, -0.420331425790626 ], [ 117.127316223654944, -0.420421254901195 ], [ 117.127477920406079, -0.42051647375727 ], [ 117.127753703198309, -0.420650319128468 ], [ 117.127901026904908, -0.420778774751016 ], [ 117.127963010659514, -0.420926094483362 ], [ 117.128058232079624, -0.421125515092226 ], [ 117.128148961923344, -0.421349189552856 ], [ 117.128296285629943, -0.42153064433146 ], [ 117.128387015473621, -0.42165371019375 ], [ 117.128467863849195, -0.42169682815964 ], [ 117.128624170708633, -0.421820792310243 ], [ 117.128879292249295, -0.422052551369117 ], [ 117.128982598506994, -0.422181006968542 ], [ 117.129025717640616, -0.422291496748168 ], [ 117.129036497424039, -0.422483730995155 ], [ 117.129065243513125, -0.422569966917493 ], [ 117.129143396942851, -0.42265530454803 ], [ 117.129203584066886, -0.422698422508366 ], [ 117.129342822935939, -0.422694829345014 ], [ 117.129539553983136, -0.422684049854947 ], [ 117.129714725463543, -0.422680456691588 ], [ 117.129778505848734, -0.422755014830943 ], [ 117.129774912587592, -0.422837657586982 ], [ 117.129782997425153, -0.423257159389393 ], [ 117.129774014272314, -0.423695525274306 ], [ 117.129805455307249, -0.424325227045085 ], [ 117.136756618975753, -0.439754251665711 ], [ 117.136749432453499, -0.440159379914897 ], [ 117.136779975173127, -0.440303106117746 ], [ 117.136776381912014, -0.440344427400552 ], [ 117.13679704316354, -0.440472882691292 ], [ 117.1368051280011, -0.440524085149222 ], [ 117.136844653873595, -0.440780995722293 ], [ 117.136856331972311, -0.440833994755495 ], [ 117.136856331972311, -0.440852858818069 ], [ 117.136891366268358, -0.441079227565232 ], [ 117.136902146051796, -0.441112464245783 ], [ 117.136924603933892, -0.441247207543795 ], [ 117.136947061815988, -0.441339731273683 ], [ 117.136955146653563, -0.441372967953071 ], [ 117.136971316328655, -0.441429560136551 ], [ 117.137053063019522, -0.441639759671422 ], [ 117.137088097315612, -0.441681080946809 ], [ 117.137270455318301, -0.441893077051701 ], [ 117.138253212239107, -0.443033005155991 ], [ 117.138710454718719, -0.44658753161556 ], [ 117.138926948702178, -0.448269126552554 ], [ 117.138929643648041, -0.448285295732768 ], [ 117.139314122589653, -0.44816402688029 ], [ 117.139585413805463, -0.4480580289187 ], [ 117.139899824154895, -0.44786130388423 ], [ 117.140174708631818, -0.447633138769144 ], [ 117.140442406586502, -0.447322331160009 ], [ 117.140631951111459, -0.447098657467832 ], [ 117.140759511881797, -0.446906423847424 ], [ 117.141024514890603, -0.446401585997918 ], [ 117.14132814545664, -0.445710802478656 ], [ 117.141423366876751, -0.445538331160745 ], [ 117.141739573856796, -0.444974206196886 ], [ 117.141836591907463, -0.444830480084547 ], [ 117.141969542569512, -0.444648127575488 ], [ 117.142254308514566, -0.444370556506256 ], [ 117.142406123797585, -0.444242101282984 ], [ 117.142638787456164, -0.444119934075562 ], [ 117.142993621993412, -0.443997766866121 ], [ 117.143351151476466, -0.443921412359196 ], [ 117.143650290466084, -0.443875599654662 ], [ 117.143974582283661, -0.443801940011483 ], [ 117.144152448709931, -0.443706721447263 ], [ 117.144358162909995, -0.443594435402975 ], [ 117.144426434871576, -0.443513589450034 ], [ 117.144500995040147, -0.443412981151806 ], [ 117.144596216460272, -0.443222544012132 ], [ 117.144799235714473, -0.442666503467808 ], [ 117.144898948711003, -0.442377254573658 ], [ 117.144963627411485, -0.442169749925257 ], [ 117.145155866882277, -0.441612811013438 ], [ 117.145300495643014, -0.441161870122004 ], [ 117.145586159903374, -0.440133329540334 ], [ 117.145692161106908, -0.439977027291046 ], [ 117.14580804377853, -0.43985216514702 ], [ 117.145882603947129, -0.439801860973297 ], [ 117.14595087590871, -0.439763234553958 ], [ 117.146105386137592, -0.439700354336003 ], [ 117.146170963153338, -0.43969137144768 ], [ 117.147127668930906, -0.439519798278643 ], [ 117.148455378920872, -0.439062569238251 ], [ 117.14956928987317, -0.43850652838328 ], [ 117.150191822365045, -0.438105891489638 ], [ 117.150640081691833, -0.437819337285753 ], [ 117.151091934279748, -0.438145416206556 ], [ 117.151341665928712, -0.438314294540127 ], [ 117.152020792283537, -0.438827217540545 ], [ 117.152631646676724, -0.439372478905226 ], [ 117.152840055822622, -0.439598847697328 ], [ 117.15317872068475, -0.439210786906668 ], [ 117.153494029349488, -0.438725710890012 ], [ 117.15387311839936, -0.43807714624084 ], [ 117.154144409615185, -0.437592070150746 ], [ 117.154815451132421, -0.436381176366822 ], [ 117.154922350651233, -0.436192535626246 ], [ 117.155084047402369, -0.435833219916832 ], [ 117.15521789637971, -0.435529598129014 ], [ 117.15544606846187, -0.434581902825099 ], [ 117.155573629232222, -0.434158808485136 ], [ 117.155907802517902, -0.433052115747264 ], [ 117.156108126826268, -0.432381093367265 ], [ 117.157021713470215, -0.430411143788924 ], [ 117.157892180980539, -0.428940643019492 ], [ 117.158734800717028, -0.427356059100752 ], [ 117.159105804929368, -0.426656290928208 ], [ 117.159319603966992, -0.426084978226662 ], [ 117.159163297107554, -0.425485818476857 ], [ 117.159077058840296, -0.425299872338143 ], [ 117.158860564856809, -0.42476988090371 ], [ 117.158848886758122, -0.424449191153697 ], [ 117.158882124423627, -0.424080891984616 ], [ 117.158925243557277, -0.423928182567906 ], [ 117.159003396986975, -0.423780862892461 ], [ 117.15906538074158, -0.423682949204183 ], [ 117.159454351259612, -0.423117026027513 ], [ 117.159768761609044, -0.422675965237387 ], [ 117.16012449446157, -0.422043568459987 ], [ 117.160495498673896, -0.421157853568859 ], [ 117.160790146087081, -0.420553303691855 ], [ 117.161151268831304, -0.42054342248991 ], [ 117.161437831406943, -0.42054072761665 ], [ 117.16192651492149, -0.420503897682006 ], [ 117.162107974608901, -0.42051647375727 ], [ 117.162422384958333, -0.420598218245992 ], [ 117.162789795909532, -0.420743741399621 ], [ 117.162949696030111, -0.420776978168897 ], [ 117.163033239351549, -0.420788655952662 ], [ 117.163460837426797, -0.420720385831938 ], [ 117.163691704454806, -0.420711402921272 ], [ 117.163904605177123, -0.420723080705136 ], [ 117.164353762819204, -0.420847044871229 ], [ 117.16501043129189, -0.421056346683423 ], [ 117.16511014428842, -0.421071617630874 ], [ 117.165167636466606, -0.421069821048822 ], [ 117.16521973875308, -0.421061736429586 ], [ 117.165277230931267, -0.421027601370493 ], [ 117.165410181593316, -0.420884773095301 ], [ 117.165562895191641, -0.420732063615788 ], [ 117.165857542604812, -0.420627861851581 ], [ 117.167932650911126, -0.420665590076713 ], [ 117.170055369927525, -0.420751826019188 ], [ 117.170132625041944, -0.421036584280795 ], [ 117.170138014933642, -0.421544118696039 ], [ 117.170152387978192, -0.422186396713926 ], [ 117.170152387978192, -0.423014620876846 ], [ 117.170188320589546, -0.423314649998662 ], [ 117.170602443935536, -0.423329022650913 ], [ 117.171094720711238, -0.423385614968892 ], [ 117.171716354887849, -0.423392801294955 ], [ 117.172265225526459, -0.42342154659914 ], [ 117.172739535996442, -0.423525748325918 ], [ 117.172965013132767, -0.42293107983188 ], [ 117.173036878355504, -0.422717286615937 ], [ 117.173156354288267, -0.422403783107967 ], [ 117.173267745383498, -0.42210375395096 ], [ 117.173291999896193, -0.421989671004989 ], [ 117.173264152122385, -0.421792945291077 ], [ 117.173101557055944, -0.421220733939705 ], [ 117.173077302543291, -0.420887467968443 ], [ 117.173196778476054, -0.420512880592911 ], [ 117.173190490269079, -0.420364662561657 ], [ 117.173006335635833, -0.420001752945986 ], [ 117.172800621435769, -0.419656809137253 ], [ 117.172812299534471, -0.419293899488729 ], [ 117.17281858774146, -0.419090885668107 ], [ 117.172717078114346, -0.41885912652132 ], [ 117.172664077512593, -0.418698332380568 ], [ 117.17267575561128, -0.418532148488617 ], [ 117.172823977633158, -0.418198882402796 ], [ 117.172836554047137, -0.418080307942973 ], [ 117.172800621435769, -0.417877294090936 ], [ 117.172728756213047, -0.417711110181602 ], [ 117.172536516742241, -0.417225134513067 ], [ 117.172536516742241, -0.417003256517635 ], [ 117.172514957175423, -0.41663226212264 ], [ 117.172443990267993, -0.416346605409505 ], [ 117.172308344660081, -0.415919018612016 ], [ 117.172237377752623, -0.415604616540259 ], [ 117.172151139485365, -0.415425856499593 ], [ 117.172015493877439, -0.415190504078078 ], [ 117.171701981843285, -0.414890474645073 ], [ 117.171559149713133, -0.414712612880015 ], [ 117.171295045019605, -0.414523971609678 ], [ 117.171245637678979, -0.414402702219231 ], [ 117.171124365115602, -0.41418890877081 ], [ 117.171052499892866, -0.414038894036753 ], [ 117.171030940326048, -0.413881692965085 ], [ 117.170974346463169, -0.413639154162685 ], [ 117.170974346463169, -0.413425360693682 ], [ 117.171016567281512, -0.413210668927 ], [ 117.171074059459698, -0.412953757432885 ], [ 117.171102805548799, -0.412718404937982 ], [ 117.171045313370612, -0.412561203840178 ], [ 117.170988719507704, -0.412439934419751 ], [ 117.170916854284982, -0.412231530670701 ], [ 117.17088720988059, -0.41208331248379 ], [ 117.17092224417668, -0.411975517437032 ], [ 117.171076754405561, -0.411707826397943 ], [ 117.17120162023005, -0.411387136114451 ], [ 117.171327384369818, -0.411107767257543 ], [ 117.171332774261529, -0.410929007115679 ], [ 117.171439673780341, -0.410786178657747 ], [ 117.171636404827552, -0.410738569171202 ], [ 117.171749592553354, -0.410738569171202 ], [ 117.171892424683534, -0.410702637483056 ], [ 117.171963391590978, -0.410572385112173 ], [ 117.171975069689651, -0.410399913004015 ], [ 117.171993035995342, -0.410167255310555 ], [ 117.172017290508023, -0.410054070484265 ], [ 117.172151139485365, -0.409864530811258 ], [ 117.172359548631292, -0.409620195301996 ], [ 117.172526635274124, -0.409542942161488 ], [ 117.172799723120491, -0.409536654115135 ], [ 117.172996454167716, -0.409489044621158 ], [ 117.173121319992191, -0.409436045372813 ], [ 117.17329379652675, -0.409340826383382 ], [ 117.173528256815914, -0.409319267366749 ], [ 117.173849853687642, -0.409366876861735 ], [ 117.173974719512103, -0.409337233213947 ], [ 117.174212773062393, -0.409277945918043 ], [ 117.174319672581206, -0.409182726926734 ], [ 117.174557726131511, -0.408938391396697 ], [ 117.174652947551621, -0.408831494599966 ], [ 117.174807457780503, -0.408724597801813 ], [ 117.174861356697548, -0.408527871757796 ], [ 117.174973646108072, -0.408319467906826 ], [ 117.175057189429467, -0.408230536951534 ], [ 117.175253920476692, -0.408058064793014 ], [ 117.175848605194801, -0.407879304583146 ], [ 117.17619984647088, -0.407683476810995 ], [ 117.176288779684015, -0.407653833156997 ], [ 117.176443289912868, -0.407713120464883 ], [ 117.17665798726577, -0.40784966092987 ], [ 117.176794531188975, -0.407956557739657 ], [ 117.177002042019595, -0.407910744821351 ], [ 117.177108941538407, -0.407754441921637 ], [ 117.177116128060689, -0.407532563662234 ], [ 117.177116128060689, -0.407325956370656 ], [ 117.177173620238875, -0.407040299324011 ], [ 117.177251773668587, -0.406840878360922 ], [ 117.177273333235405, -0.406569593979798 ], [ 117.177237400624051, -0.406362088370865 ], [ 117.177230214101769, -0.406219259831749 ], [ 117.177302079324491, -0.406054872264736 ], [ 117.177365859709653, -0.405884196645175 ], [ 117.177408978843303, -0.405655131992209 ], [ 117.177522166569091, -0.405327255124721 ], [ 117.177581455377847, -0.405245510478978 ], [ 117.177642540817175, -0.405182629981692 ], [ 117.177733270660852, -0.405117952898259 ], [ 117.177801542622475, -0.405084716063517 ], [ 117.177833881972688, -0.405058665571326 ], [ 117.178186919879352, -0.404955361894573 ], [ 117.178407905439244, -0.40484756675221 ], [ 117.178514804958056, -0.404740669901284 ], [ 117.178619907846311, -0.404667009885541 ], [ 117.178705247798291, -0.404662518421145 ], [ 117.178953182816699, -0.404762228930156 ], [ 117.179019658147723, -0.404728992093955 ], [ 117.179228965608942, -0.404462199106545 ], [ 117.179305322408084, -0.404428962269115 ], [ 117.179380780891947, -0.404462199106545 ], [ 117.179676326620424, -0.404600536212223 ], [ 117.179732920483303, -0.404586163526029 ], [ 117.179819158750604, -0.404481961550357 ], [ 117.180140755622318, -0.404318472241005 ], [ 117.180368927704492, -0.40421157538311 ], [ 117.180597998101931, -0.404154084635425 ], [ 117.180768678005919, -0.40413971194844 ], [ 117.180976188836539, -0.404132525604938 ], [ 117.181243886791208, -0.404175643665855 ], [ 117.181304972230535, -0.404181033423453 ], [ 117.181376837453257, -0.404156779514232 ], [ 117.181472058873396, -0.404075933149638 ], [ 117.181528652736276, -0.404013950936238 ], [ 117.181671484866456, -0.404013950936238 ], [ 117.181833181617591, -0.404071441684915 ], [ 117.182071235167882, -0.404276252473769 ], [ 117.182186219524255, -0.40439482713864 ], [ 117.18236228931994, -0.404508910337297 ], [ 117.182476375361034, -0.404632874756067 ], [ 117.182557223736595, -0.404746957951378 ], [ 117.182718920487744, -0.404951768723184 ], [ 117.182795277286885, -0.405003869708169 ], [ 117.182928227948949, -0.405003869708169 ], [ 117.183137535410125, -0.405028123614858 ], [ 117.183265994495756, -0.405051479228638 ], [ 117.183513929514191, -0.405232036086744 ], [ 117.183609150934302, -0.40525628999275 ], [ 117.18371335550728, -0.405270662677756 ], [ 117.183679219526468, -0.404997581658275 ], [ 117.183718745398977, -0.404815228209221 ], [ 117.183797797143967, -0.404597841333564 ], [ 117.183901103401638, -0.404426267390398 ], [ 117.184004409659309, -0.404330150048925 ], [ 117.184168801356307, -0.40430499784723 ], [ 117.184568551657733, -0.404301404675553 ], [ 117.184643111826318, -0.404022933865746 ], [ 117.184760791128554, -0.403794767453176 ], [ 117.184921589564411, -0.403592651531181 ], [ 117.185079693054405, -0.403402213413417 ], [ 117.18516862626754, -0.403184826499957 ], [ 117.185177609420379, -0.402968337873759 ], [ 117.18516862626754, -0.402732086793791 ], [ 117.185118320611608, -0.402423073964031 ], [ 117.185043760443051, -0.401858047567724 ], [ 117.184994353102425, -0.401323563102813 ], [ 117.184972793535593, -0.400695656098585 ], [ 117.184967403643896, -0.399695855576254 ], [ 117.185050048650027, -0.398956560053331 ], [ 117.185145270070137, -0.398499328645635 ], [ 117.185306966821273, -0.397881302655413 ], [ 117.185397696664992, -0.397324360589682 ], [ 117.185436324222195, -0.397026127080982 ], [ 117.185418357916504, -0.396744062849 ], [ 117.185353679216064, -0.396426066856191 ], [ 117.185286305569761, -0.396205086582809 ], [ 117.185193779095485, -0.39606944421696 ], [ 117.185007827831683, -0.395955360900918 ], [ 117.184697010743363, -0.395837684407923 ], [ 117.184382600393931, -0.395680482983378 ], [ 117.184143648528334, -0.395652635873577 ], [ 117.18366574479721, -0.395638263171707 ], [ 117.183440267660885, -0.395609517767894 ], [ 117.183276774279165, -0.395542145727315 ], [ 117.183076449970812, -0.395402910175052 ], [ 117.182880617238879, -0.395295114907181 ], [ 117.182545545637893, -0.395172946935235 ], [ 117.182435052857969, -0.395130727120983 ], [ 117.181667891605315, -0.395091202188297 ], [ 117.181535839258558, -0.395101981715412 ], [ 117.181340006526625, -0.395208878691876 ], [ 117.181301378969394, -0.395208878691876 ], [ 117.181206157549283, -0.395225946276226 ], [ 117.181185496297743, -0.395192709401407 ], [ 117.18116842830733, -0.39511635441821 ], [ 117.181145072109956, -0.394911543400993 ], [ 117.180452471025916, -0.39057817227902 ], [ 117.179739208690307, -0.380762503556116 ], [ 117.179791310976782, -0.38054601435047 ], [ 117.180019483058942, -0.380527150145571 ], [ 117.181352582940605, -0.380745435942591 ], [ 117.182390137093734, -0.381050856390049 ], [ 117.18389391687937, -0.381526054652944 ], [ 117.185508189444917, -0.382175522179629 ], [ 117.185879193657257, -0.382285114205571 ], [ 117.186003161166482, -0.382142285253452 ], [ 117.186069636497507, -0.381800034735883 ], [ 117.186003161166482, -0.38150449556408 ], [ 117.185803735173394, -0.381181109224642 ], [ 117.185774989084308, -0.380895451281371 ], [ 117.185917821214488, -0.380420252983699 ], [ 117.186003161166482, -0.380191187632372 ], [ 117.186048076930675, -0.380004342164828 ], [ 117.185990584752517, -0.379880377381247 ], [ 117.185981601599678, -0.379699819975893 ], [ 117.186088501118462, -0.379243485820184 ], [ 117.186173841070456, -0.378377528812919 ], [ 117.186212468627687, -0.377930177545004 ], [ 117.186326554668753, -0.377368742688216 ], [ 117.186421776088892, -0.376950136835411 ], [ 117.186507116040872, -0.376569259389624 ], [ 117.186592455992866, -0.376388701915405 ], [ 117.186735288123018, -0.376169517712824 ], [ 117.186995799555433, -0.375923384626313 ], [ 117.187362312191354, -0.375828165255218 ], [ 117.187633603407136, -0.375828165255218 ], [ 117.187783622059598, -0.375856910725847 ], [ 117.18799023457494, -0.375785047049098 ], [ 117.188184270676331, -0.375688031084549 ], [ 117.194549732779578, -0.354687643061645 ], [ 117.194663818820672, -0.354301374882796 ], [ 117.196589806789817, -0.347856083722008 ], [ 117.196071478870905, -0.340832283369428 ], [ 117.195643880795643, -0.339907034953222 ], [ 117.195453437955408, -0.339297987889112 ], [ 117.195606151553704, -0.33876529625146 ], [ 117.196420025201135, -0.337204051451855 ], [ 117.196573637114724, -0.336634529408484 ], [ 117.197087473457245, -0.335929364056336 ], [ 117.197487223758657, -0.335644603001613 ], [ 117.197658801977923, -0.335187368356971 ], [ 117.197715395840831, -0.334940335877997 ], [ 117.198096281521288, -0.334749896289955 ], [ 117.198858052882215, -0.334350152803029 ], [ 117.200057303786522, -0.333607258684114 ], [ 117.200304340489637, -0.333265006356521 ], [ 117.200409443377893, -0.332812263101752 ], [ 117.200742718348323, -0.332503247852436 ], [ 117.201265537843653, -0.332360418126373 ], [ 117.201861120877055, -0.332099012773324 ], [ 117.202884301985648, -0.331527693833324 ], [ 117.20371704025402, -0.330647359553091 ], [ 117.204454557102281, -0.330052684719605 ], [ 117.204786035442126, -0.329378061111684 ], [ 117.20482196805348, -0.329039401839888 ], [ 117.204913596212478, -0.328736674576588 ], [ 117.204997139533887, -0.328540845066063 ], [ 117.205032173829977, -0.328350405354899 ], [ 117.205097750845724, -0.328159965640108 ], [ 117.205115717151401, -0.328035101862875 ], [ 117.205086072747022, -0.327850950246129 ], [ 117.205092360954026, -0.327599426081198 ], [ 117.205144463240515, -0.327321851191858 ], [ 117.205440008968978, -0.326988581654378 ], [ 117.205724774914032, -0.326579854848026 ], [ 117.206020320642509, -0.326151365409018 ], [ 117.206410189475832, -0.325418351986798 ], [ 117.206596140739634, -0.325095861996174 ], [ 117.20675334591435, -0.324900930715509 ], [ 117.206924025818324, -0.324777863499512 ], [ 117.207342640740734, -0.324511068142899 ], [ 117.207524100428145, -0.324378119612398 ], [ 117.207628305001094, -0.324006223038073 ], [ 117.207866358551385, -0.323463649267475 ], [ 117.208037936770637, -0.323007312365108 ], [ 117.208294854941883, -0.322483602863324 ], [ 117.208362228588214, -0.322346162800929 ], [ 117.2062871202819, -0.323476225481029 ], [ 117.201382318830582, -0.320618729701949 ], [ 117.198122332664539, -0.318416993176942 ], [ 117.195327673815626, -0.318607433074513 ], [ 117.194057456003904, -0.319390751861446 ], [ 117.192914798962491, -0.321592488177459 ], [ 117.192067687649583, -0.322842024978092 ], [ 117.174477776071228, -0.319063770173233 ], [ 117.174334943941048, -0.319016160201281 ], [ 117.174231637683377, -0.318979329845468 ], [ 117.174151687623095, -0.318925431763553 ], [ 117.174095093760187, -0.318915550448505 ], [ 117.173864226732178, -0.318770923927167 ], [ 117.173760920474507, -0.3187080428303 ], [ 117.173635156334726, -0.318627195705192 ], [ 117.173381831424607, -0.318436755807986 ], [ 117.173312661147705, -0.318399925450102 ], [ 117.173272236959932, -0.318364891694919 ], [ 117.173223727934584, -0.318255298921526 ], [ 117.173253372338962, -0.318110672390924 ], [ 117.173026996887359, -0.318042401481363 ], [ 117.172839248993, -0.318171756888568 ], [ 117.172702705069796, -0.318429569396702 ], [ 117.172484414455781, -0.318437654109396 ], [ 117.172326310965758, -0.318224756672997 ], [ 117.172250852481895, -0.317951673035065 ], [ 117.172137664756093, -0.317784588963557 ], [ 117.172009205670463, -0.317723504463622 ], [ 117.171782830218859, -0.317791775375291 ], [ 117.171300434911302, -0.317807046500208 ], [ 117.171194433707768, -0.317868130999649 ], [ 117.170855768845641, -0.317784588963557 ], [ 117.170621308556505, -0.317852859874823 ], [ 117.170493747786139, -0.317974130571351 ], [ 117.170418289302305, -0.318187028012923 ], [ 117.170327559458585, -0.318429569396702 ], [ 117.169987996281179, -0.318414298272706 ], [ 117.169581059457485, -0.318361298489252 ], [ 117.169377141887992, -0.318444840520675 ], [ 117.16901512082849, -0.318422382985413 ], [ 117.168683642488659, -0.318513111427571 ], [ 117.168366537193364, -0.318574195922832 ], [ 117.167989244774034, -0.318475382768553 ], [ 117.167861684003682, -0.3185211961402 ], [ 117.167906599767889, -0.318763737516116 ], [ 117.167687410838568, -0.318930821571757 ], [ 117.167710767035942, -0.319272176085603 ], [ 117.167642495074361, -0.31942398901049 ], [ 117.1674313909826, -0.31942398901049 ], [ 117.16734874597644, -0.319325175864369 ], [ 117.167378390380833, -0.319128447870628 ], [ 117.167318203256769, -0.318953279105911 ], [ 117.167220286890824, -0.318809550886481 ], [ 117.167084641282912, -0.318748466392615 ], [ 117.167009182799063, -0.318923635160818 ], [ 117.167001996276781, -0.31915090540435 ], [ 117.166964267034857, -0.319401531477364 ], [ 117.166873537191151, -0.319546157989835 ], [ 117.166714535385879, -0.319507531033287 ], [ 117.166752264627789, -0.319348531698992 ], [ 117.166681297720373, -0.319168871431293 ], [ 117.16664356847842, -0.3190664650773 ], [ 117.166469295313306, -0.319006278886319 ], [ 117.166146800126299, -0.318916448749873 ], [ 117.16592222130528, -0.318835601626402 ], [ 117.165672489656288, -0.318754754502295 ], [ 117.165502708067592, -0.318737686776013 ], [ 117.16538772371122, -0.318651449842791 ], [ 117.165353587730408, -0.318587670443797 ], [ 117.165273637670126, -0.318472687864332 ], [ 117.165226925275363, -0.318314586815473 ], [ 117.165252078103322, -0.31818163820433 ], [ 117.165281722507686, -0.318015452437992 ], [ 117.165485640077193, -0.317998384710486 ], [ 117.165761422869423, -0.317934605307454 ], [ 117.166020137671225, -0.317827707433883 ], [ 117.166057866913178, -0.317652538647067 ], [ 117.16591413646772, -0.317558216991398 ], [ 117.165735371726171, -0.317498929093109 ], [ 117.165616794108686, -0.317494437585649 ], [ 117.165409283278038, -0.317613911683421 ], [ 117.165214348861369, -0.317657030154459 ], [ 117.165086788091045, -0.317596843955253 ], [ 117.164968210473532, -0.317438742892982 ] ] ] } },
{ "type": "Feature", "properties": { "FID": 53, "Kode_Prov": 64, "Provinsi": "Kalimantan Timur", "Kode_kota": "6472", "Kota": "Kota Samarinda", "Kode_Kec": 647204, "Kecamatan": "Samarinda Utara", "Kode_Kel": 0, "Kelurahan": "Pampang", "Sumber": "Revisi RTRW Kota Samarinda Tahun 2019 (Data belum disahkan)", "city": "samarinda", "source_layer": "Batas Administrasi AR", "role": "admin" }, "geometry": { "type": "Polygon", "coordinates": [ [ [ 117.225387998168117, -0.314363856412952 ], [ 117.22524965761437, -0.314361161507663 ], [ 117.225245166037951, -0.314458178097625 ], [ 117.225220013210006, -0.314816600491607 ], [ 117.225071791188128, -0.315296293601114 ], [ 117.224922670850944, -0.315475055634399 ], [ 117.224477106470033, -0.315653817664614 ], [ 117.224178865795707, -0.315832579691756 ], [ 117.223851879032281, -0.316579966626187 ], [ 117.223851879032281, -0.316878202743647 ], [ 117.223376670246992, -0.317475573254295 ], [ 117.223138616696673, -0.31801275753365 ], [ 117.222721798404848, -0.318729602063554 ], [ 117.222603220787363, -0.319117668254424 ], [ 117.222365167237072, -0.319447344844888 ], [ 117.222038180473632, -0.31977522482219 ], [ 117.221264731014031, -0.32013274873071 ], [ 117.2206996907003, -0.320462425288576 ], [ 117.220402348341267, -0.320790305233422 ], [ 117.219896596836307, -0.32055135711027 ], [ 117.219421388051018, -0.320371696863627 ], [ 117.218780889253438, -0.319920749630679 ], [ 117.218558107062947, -0.319892902290943 ], [ 117.218111644366758, -0.319773428219604 ], [ 117.217605892861812, -0.318787093352014 ], [ 117.217367839311493, -0.318698161515043 ], [ 117.216891732210925, -0.318160078969929 ], [ 117.216386879021243, -0.318010062629309 ], [ 117.216030247853467, -0.318039706577029 ], [ 117.21537627432663, -0.31842777279388 ], [ 117.215180441594683, -0.318844584640152 ], [ 117.212727142553746, -0.319994410335424 ], [ 117.212445071554527, -0.320125562320612 ], [ 117.212417223780719, -0.320139036839543 ], [ 117.208362228588214, -0.322346162800929 ], [ 117.208294854941883, -0.322483602863324 ], [ 117.208037936770637, -0.323007312365108 ], [ 117.207866358551385, -0.323463649267475 ], [ 117.207628305001094, -0.324006223038073 ], [ 117.207524100428145, -0.324378119612398 ], [ 117.207342640740734, -0.324511068142899 ], [ 117.206924025818324, -0.324777863499512 ], [ 117.20675334591435, -0.324900930715509 ], [ 117.206596140739634, -0.325095861996174 ], [ 117.206410189475832, -0.325418351986798 ], [ 117.206020320642509, -0.326151365409018 ], [ 117.205724774914032, -0.326579854848026 ], [ 117.205440008968978, -0.326988581654378 ], [ 117.205144463240515, -0.327321851191858 ], [ 117.205092360954026, -0.327599426081198 ], [ 117.205086072747022, -0.327850950246129 ], [ 117.205115717151401, -0.328035101862875 ], [ 117.205097750845724, -0.328159965640108 ], [ 117.205032173829977, -0.328350405354899 ], [ 117.204997139533887, -0.328540845066063 ], [ 117.204913596212478, -0.328736674576588 ], [ 117.20482196805348, -0.329039401839888 ], [ 117.204786035442126, -0.329378061111684 ], [ 117.204454557102281, -0.330052684719605 ], [ 117.20371704025402, -0.330647359553091 ], [ 117.202884301985648, -0.331527693833324 ], [ 117.201861120877055, -0.332099012773324 ], [ 117.201265537843653, -0.332360418126373 ], [ 117.200742718348323, -0.332503247852436 ], [ 117.200409443377893, -0.332812263101752 ], [ 117.200304340489637, -0.333265006356521 ], [ 117.200057303786522, -0.333607258684114 ], [ 117.198858052882215, -0.334350152803029 ], [ 117.198096281521288, -0.334749896289955 ], [ 117.197715395840831, -0.334940335877997 ], [ 117.197658801977923, -0.335187368356971 ], [ 117.197487223758657, -0.335644603001613 ], [ 117.197087473457245, -0.335929364056336 ], [ 117.196573637114724, -0.336634529408484 ], [ 117.196420025201135, -0.337204051451855 ], [ 117.195606151553704, -0.33876529625146 ], [ 117.195453437955408, -0.339297987889112 ], [ 117.195643880795643, -0.339907034953222 ], [ 117.196071478870905, -0.340832283369428 ], [ 117.196589806789817, -0.347856083722008 ], [ 117.194663818820672, -0.354301374882796 ], [ 117.194549732779578, -0.354687643061645 ], [ 117.194694361540314, -0.354750523926444 ], [ 117.194877617858296, -0.354831370751986 ], [ 117.195030331456593, -0.354894251615808 ], [ 117.195198316414746, -0.355002047381366 ], [ 117.195327673815626, -0.35509277548307 ], [ 117.195487573936205, -0.355218537206731 ], [ 117.19612178452681, -0.355505094270681 ], [ 117.19671646924489, -0.35557605981179 ], [ 117.197287797765597, -0.355552704064143 ], [ 117.197680361544741, -0.355611991731131 ], [ 117.197930093193733, -0.355754821109128 ], [ 117.198137604024353, -0.356016225814076 ], [ 117.19826875805586, -0.356219241146827 ], [ 117.198357691268981, -0.356230919019814 ], [ 117.198465489103071, -0.356201275188357 ], [ 117.19862538922365, -0.356081801563639 ], [ 117.198887697286608, -0.355956938149686 ], [ 117.199060173821138, -0.355992870067544 ], [ 117.199191327852645, -0.356111445395481 ], [ 117.199273972858762, -0.356266850936604 ], [ 117.199333261667519, -0.356349494344689 ], [ 117.199446449393335, -0.35641507009188 ], [ 117.1997366052301, -0.356424053070911 ], [ 117.1998551828476, -0.356451002007952 ], [ 117.20000430318477, -0.356516577754421 ], [ 117.200129169009244, -0.356557899457436 ], [ 117.200325001741191, -0.356569577329993 ], [ 117.200643903667071, -0.356565984138439 ], [ 117.201024789347528, -0.356500408392321 ], [ 117.20135806431793, -0.3565426283933 ], [ 117.201512574546783, -0.356590238181405 ], [ 117.201691339288345, -0.356601916053921 ], [ 117.201851239408924, -0.356548018180645 ], [ 117.202107259264892, -0.356512984562846 ], [ 117.202767520998705, -0.356530052222816 ], [ 117.203213983694923, -0.356548018180645 ], [ 117.203463715343915, -0.35653634030806 ], [ 117.203629903671469, -0.356447408816351 ], [ 117.203838312817368, -0.356245291786547 ], [ 117.204028755657617, -0.355935378998904 ], [ 117.204189554093475, -0.355626364498828 ], [ 117.204280283937194, -0.355497009588748 ], [ 117.204515642541608, -0.355464670860944 ], [ 117.205315143144489, -0.355408078087016 ], [ 117.205819098018864, -0.355432332133028 ], [ 117.20638234170201, -0.355560788746028 ], [ 117.207009365770318, -0.355674872589641 ], [ 117.207530388635121, -0.3557745836644 ], [ 117.208187057107793, -0.35609527603267 ], [ 117.208700893450342, -0.35644561222055 ], [ 117.209136576363122, -0.356859727543395 ], [ 117.209283900069721, -0.357318757738472 ], [ 117.209327019203343, -0.357846956838672 ], [ 117.209114118481025, -0.358974320462656 ], [ 117.209114118481025, -0.359175539134724 ], [ 117.209215628108112, -0.359702839830235 ], [ 117.209274916916883, -0.3600837179968 ], [ 117.209215628108112, -0.360476274015029 ], [ 117.20902518526789, -0.360857152149264 ], [ 117.208906607650405, -0.361238030267553 ], [ 117.208906607650405, -0.361547044578209 ], [ 117.209013507169189, -0.361832703146729 ], [ 117.209168017398071, -0.362225259089424 ], [ 117.209192271910737, -0.362594459285458 ], [ 117.209144661200696, -0.362879219523697 ], [ 117.20907279597796, -0.363034624949618 ], [ 117.208870675039037, -0.363236741829046 ], [ 117.208596688877364, -0.363581687959494 ], [ 117.208501467457253, -0.364092819050429 ], [ 117.208442178648511, -0.364657847937969 ], [ 117.208423314027527, -0.365085437342806 ], [ 117.208423314027527, -0.365418705541302 ], [ 117.208365821849341, -0.365647771277034 ], [ 117.208365821849341, -0.365847193206913 ], [ 117.208452060116628, -0.366237054084053 ], [ 117.208346957228372, -0.366617931975298 ], [ 117.208185260477237, -0.366903590383101 ], [ 117.207937325458829, -0.367208113015338 ], [ 117.207707356746099, -0.36744436507981 ], [ 117.207593270705004, -0.367673430763732 ], [ 117.207650762883191, -0.368015681833465 ], [ 117.20752230379756, -0.368786420414839 ], [ 117.20733635253373, -0.369328991590616 ], [ 117.207206995132822, -0.370228186462949 ], [ 117.207206995132822, -0.370501268603938 ], [ 117.207229453014918, -0.370627030113405 ], [ 117.207229453014918, -0.370752791621087 ], [ 117.207252809212335, -0.370878553126982 ], [ 117.207275267094431, -0.371094144275788 ], [ 117.207321081173916, -0.37131063371576 ], [ 117.207382166613243, -0.3715621567099 ], [ 117.207427980692728, -0.37178673080576 ], [ 117.207489066132055, -0.371930458224113 ], [ 117.207519608851726, -0.37218287949693 ], [ 117.207519608851726, -0.372299658019278 ], [ 117.20755733809365, -0.372479317281407 ], [ 117.207603152173135, -0.37281168690669 ], [ 117.207648966252634, -0.37298326149213 ], [ 117.207672322450023, -0.373082074079085 ], [ 117.207755865771432, -0.37336952887119 ], [ 117.207801679850931, -0.373522239225674 ], [ 117.207878036650087, -0.373675847873684 ], [ 117.207901392847461, -0.373783643414543 ], [ 117.207969664809056, -0.373954319684865 ], [ 117.208015478888541, -0.374133978913197 ], [ 117.208068479490308, -0.374232791487211 ], [ 117.208091835687682, -0.374349569982339 ], [ 117.208144836289449, -0.374466348475912 ], [ 117.208205921728776, -0.374557076381383 ], [ 117.208297549887746, -0.374700803754465 ], [ 117.208404449406558, -0.374817582243357 ], [ 117.208504162403088, -0.374898428888601 ], [ 117.208610163606622, -0.374916394809665 ], [ 117.209090762283637, -0.374915496513613 ], [ 117.209258747241762, -0.374951428355634 ], [ 117.209518360358871, -0.374951428355634 ], [ 117.209754617278591, -0.374897530592547 ], [ 117.209961229793947, -0.374842734533068 ], [ 117.210166943994011, -0.374806802690601 ], [ 117.21032684411459, -0.37476188788731 ], [ 117.210525371792372, -0.374734939005225 ], [ 117.21078498490948, -0.374690024201565 ], [ 117.210889189482458, -0.374701702050539 ], [ 117.211279956631031, -0.375231696718337 ], [ 117.211447941589157, -0.375271221743124 ], [ 117.211647367582231, -0.375277509815232 ], [ 117.21192943858145, -0.375273916631171 ], [ 117.212028253262702, -0.375273018335155 ], [ 117.212211509580655, -0.375174205772873 ], [ 117.212348951819138, -0.375138273931766 ], [ 117.21247830922006, -0.375093359130176 ], [ 117.212623836296061, -0.375039461367963 ], [ 117.212722650977312, -0.374975682348915 ], [ 117.212913093817562, -0.374876869783276 ], [ 117.213019993336374, -0.37482297201973 ], [ 117.213111621495344, -0.374751108334486 ], [ 117.213264335093669, -0.374625346883891 ], [ 117.213394590809855, -0.374525636018207 ], [ 117.213500592013375, -0.374435806408512 ], [ 117.213585033650077, -0.374336993836785 ], [ 117.213676661809075, -0.37422021534149 ], [ 117.21379074785014, -0.374093555587143 ], [ 117.213928190088623, -0.37402169189592 ], [ 117.214111446406577, -0.373931862281065 ], [ 117.214240803807499, -0.373895930434865 ], [ 117.214325245444215, -0.373859998588518 ], [ 117.214462687682683, -0.373832151407498 ], [ 117.214736673844342, -0.373805202522557 ], [ 117.214851658200686, -0.373841134369127 ], [ 117.214943286359684, -0.373895032138708 ], [ 117.215042101040936, -0.373930963984911 ], [ 117.215179543279376, -0.374029776561212 ], [ 117.215324172040141, -0.374182486904216 ], [ 117.215471495746741, -0.374354959759 ], [ 117.215272069753652, -0.374542703643945 ], [ 117.215176848333542, -0.374649600878075 ], [ 117.215149898875026, -0.374749311742347 ], [ 117.215121152785912, -0.37489214081622 ], [ 117.215051982509053, -0.374963106204259 ], [ 117.214937896467958, -0.375013410782774 ], [ 117.21484986157013, -0.375072698321366 ], [ 117.21476721656397, -0.375144562003971 ], [ 117.214688164818995, -0.375175104068899 ], [ 117.214562400679213, -0.375201154653606 ], [ 117.214476162411941, -0.375227205238236 ], [ 117.214309974084358, -0.375294577439505 ], [ 117.214227329078241, -0.375379915560367 ], [ 117.214174328476474, -0.375626946958169 ], [ 117.214149175648501, -0.375790436824875 ], [ 117.214116836298288, -0.37620455125377 ], [ 117.214152768909642, -0.37625126264148 ], [ 117.21432344881363, -0.376315041651218 ], [ 117.214581265300183, -0.376457870699503 ], [ 117.214680978296713, -0.376544107104883 ], [ 117.214832793579717, -0.376695020812244 ], [ 117.214890285757917, -0.376941153876975 ], [ 117.214928913315106, -0.377212439217635 ], [ 117.215018744843519, -0.377444199535077 ], [ 117.215250510186834, -0.377701112127814 ], [ 117.21536818948907, -0.377887059349289 ], [ 117.215442749657655, -0.378015515640061 ], [ 117.2154966485747, -0.37821134410765 ], [ 117.215515513195669, -0.378437714624313 ], [ 117.215565818851573, -0.378630848195367 ], [ 117.215617022822784, -0.378761999362095 ], [ 117.215652057118831, -0.378893150526839 ], [ 117.215685294784365, -0.379005437481377 ], [ 117.215783211150338, -0.379177910240713 ], [ 117.215866754471747, -0.379347688109829 ], [ 117.215964670837721, -0.379469856309883 ], [ 117.216032942799302, -0.379585736439223 ], [ 117.216111096229028, -0.379767192142511 ], [ 117.216144333894533, -0.379914512611686 ], [ 117.216263809827325, -0.380047460350005 ], [ 117.216320403690219, -0.380138188197277 ], [ 117.216339268311202, -0.380262152977158 ], [ 117.216315912113799, -0.380500201281359 ], [ 117.216321302005511, -0.380646623442567 ], [ 117.216335675050061, -0.380705910942717 ], [ 117.216402150381086, -0.380836163782524 ], [ 117.216666255074614, -0.381219735926936 ], [ 117.216780341115708, -0.381382327392832 ], [ 117.217191769515821, -0.381900643813328 ], [ 117.217406466868724, -0.382137793776931 ], [ 117.217542112476636, -0.382216843763345 ], [ 117.217695724390211, -0.38230577499719 ], [ 117.21784753967323, -0.382323740902906 ], [ 117.217866404294199, -0.382331825560465 ], [ 117.217866404294199, -0.382902243046841 ], [ 117.21786370934835, -0.38292110724653 ], [ 117.217780166026927, -0.383312763954499 ], [ 117.217732555316857, -0.383692742807728 ], [ 117.217728063740438, -0.383921808065706 ], [ 117.217799928963188, -0.384092484136289 ], [ 117.218003846532667, -0.384321549383556 ], [ 117.218179916328353, -0.384554207804885 ], [ 117.218247289974656, -0.384829984381026 ], [ 117.218237408506539, -0.385034795643532 ], [ 117.218142187086428, -0.385183014317276 ], [ 117.217930184679389, -0.385417469305027 ], [ 117.217781064342205, -0.385696839032961 ], [ 117.217716385641765, -0.385911531518615 ], [ 117.21761487601465, -0.38602381838134 ], [ 117.217465755677466, -0.386137003537465 ], [ 117.217168413318433, -0.386315764217482 ], [ 117.216853104653723, -0.386488236829814 ], [ 117.216627627517411, -0.386613099812598 ], [ 117.216571033654503, -0.386691251462759 ], [ 117.216551270718242, -0.386876300194754 ], [ 117.216537795988984, -0.387029010310351 ], [ 117.216585406699053, -0.387099975598428 ], [ 117.216718357361103, -0.387252685709998 ], [ 117.216794714160258, -0.387385633334301 ], [ 117.216898918733207, -0.387532953672308 ], [ 117.217027377818837, -0.387818611393583 ], [ 117.217099243041574, -0.388066540728761 ], [ 117.217153141958619, -0.388235420126824 ], [ 117.217162125111457, -0.38835489331597 ], [ 117.21716571837257, -0.388479756271243 ], [ 117.217144158805766, -0.388589348216077 ], [ 117.217118107662529, -0.388675584499537 ], [ 117.217016598035414, -0.388824701404276 ], [ 117.216915088408328, -0.388928903577108 ], [ 117.216883647373379, -0.389004360322149 ], [ 117.216883647373379, -0.389085206833945 ], [ 117.216954614280809, -0.389199290243716 ], [ 117.217040852548095, -0.389337627604675 ], [ 117.217107327879106, -0.389475066668836 ], [ 117.217119904293085, -0.389500218915629 ], [ 117.217926591418248, -0.391869021249743 ], [ 117.217755013198982, -0.392332541082169 ], [ 117.217755013198982, -0.392525674338104 ], [ 117.217812505377154, -0.392789772829696 ], [ 117.217854726195512, -0.392889483482515 ], [ 117.217719080587599, -0.394367177251762 ], [ 117.217690334498513, -0.395128930533138 ], [ 117.2177478266767, -0.395651737579711 ], [ 117.217985880226991, -0.396299407431925 ], [ 117.218062237026132, -0.396699148161491 ], [ 117.217975998758874, -0.397451019998253 ], [ 117.217766691297669, -0.398640360732838 ], [ 117.21766248672472, -0.399164065850801 ], [ 117.217513366387536, -0.399406605087962 ], [ 117.217649011995448, -0.399470383923212 ], [ 117.217848437988508, -0.399620398928116 ], [ 117.217896947013855, -0.399650042611396 ], [ 117.217972405497733, -0.399707533390785 ], [ 117.218016422946647, -0.399716516325028 ], [ 117.218081999962379, -0.399701245336809 ], [ 117.21814128877115, -0.39966621189314 ], [ 117.218192492742332, -0.39959704329879 ], [ 117.21824908660524, -0.399540450812071 ], [ 117.218290409108306, -0.399472180510113 ], [ 117.21832813835023, -0.399395825566462 ], [ 117.218387427158973, -0.3992907252311 ], [ 117.218442224391325, -0.39922155663359 ], [ 117.218506004776486, -0.39918382830743 ], [ 117.218620989132859, -0.399145201687611 ], [ 117.218717108868248, -0.399135320459256 ], [ 117.21891024665436, -0.399191912948765 ], [ 117.219085418134753, -0.399224251514023 ], [ 117.219185131131283, -0.399209878818369 ], [ 117.219235436787187, -0.399163167557317 ], [ 117.219277657605559, -0.399088609197781 ], [ 117.219292030650095, -0.398985305445501 ], [ 117.2192525047776, -0.398774206469416 ], [ 117.219235436787187, -0.398642157319921 ], [ 117.219239030048328, -0.398564005781467 ], [ 117.219274064344418, -0.39851370134253 ], [ 117.219353116089408, -0.398502921819861 ], [ 117.219402523430034, -0.398542446736246 ], [ 117.21946001560822, -0.398721207151165 ], [ 117.219510321264124, -0.398877510224347 ], [ 117.219592067954991, -0.399020338892072 ], [ 117.219673814645844, -0.39915598120944 ], [ 117.219749273129707, -0.399199099296611 ], [ 117.21983101982056, -0.399209878818369 ], [ 117.219863359170802, -0.399166760731254 ], [ 117.219906478304424, -0.399092202371751 ], [ 117.219906478304424, -0.399013152544069 ], [ 117.219845392865096, -0.398881103398408 ], [ 117.219742086607425, -0.398749054250628 ], [ 117.21970076410436, -0.398614310220097 ], [ 117.219722323671192, -0.398441837857801 ], [ 117.21974388323801, -0.398337635803831 ], [ 117.219872342323654, -0.398253196207406 ], [ 117.21995139406863, -0.398221755931921 ], [ 117.22003403907479, -0.398234332042129 ], [ 117.22017687120497, -0.398298110886463 ], [ 117.220325093226833, -0.398388838537412 ], [ 117.220498468076656, -0.398452617380551 ], [ 117.220619740640004, -0.39845800714192 ], [ 117.220710470483723, -0.398419380518695 ], [ 117.220840726199924, -0.398336737510257 ], [ 117.220945829088151, -0.398228942280614 ], [ 117.221062610075109, -0.398074435782334 ], [ 117.221168611278642, -0.397947776383329 ], [ 117.221329409714471, -0.397837286267715 ], [ 117.221554886850797, -0.397742067142503 ], [ 117.22168873582811, -0.39765044119079 ], [ 117.221742634745155, -0.397555222063423 ], [ 117.221760601050846, -0.397433054124815 ], [ 117.221730956646482, -0.397346817931769 ], [ 117.22164471837921, -0.397180633598881 ], [ 117.221456970484837, -0.397037804899296 ], [ 117.221382410316238, -0.396958755051924 ], [ 117.221393190099661, -0.396861739329117 ], [ 117.221443495755565, -0.396815926348507 ], [ 117.221561175057786, -0.396823112698424 ], [ 117.221810906706764, -0.396865332504056 ], [ 117.221950145575804, -0.396833892223287 ], [ 117.222000451231708, -0.396776401423856 ], [ 117.222114537272802, -0.396658724942525 ], [ 117.222357082399512, -0.39624101833498 ], [ 117.222474761701719, -0.395909547915294 ], [ 117.2226005258415, -0.395501722502705 ], [ 117.222712815252009, -0.395311284197451 ], [ 117.222891579993558, -0.395181031580493 ], [ 117.223099989139484, -0.395091202188297 ], [ 117.223462908514264, -0.394960051273948 ], [ 117.223760250873312, -0.394787578835489 ], [ 117.223878828490811, -0.394633072272999 ], [ 117.224045915133644, -0.394383346543836 ], [ 117.22414652644548, -0.39426477173456 ], [ 117.224277680476959, -0.394181230390647 ], [ 117.224595684087561, -0.394185721860771 ], [ 117.224690905507671, -0.394179433802597 ], [ 117.224738516217712, -0.394143502041508 ], [ 117.224733126326001, -0.394077926577122 ], [ 117.22453639527879, -0.393918030237141 ], [ 117.224429495759978, -0.393786879304305 ], [ 117.224370206951221, -0.393632372723247 ], [ 117.224375596842918, -0.393573085313477 ], [ 117.224441173858679, -0.393525475726538 ], [ 117.224528310441215, -0.393508408138701 ], [ 117.224531903702371, -0.39350481496231 ], [ 117.224651379635162, -0.393445527551633 ], [ 117.224853500574085, -0.393409595787381 ], [ 117.225031367000341, -0.393409595787381 ], [ 117.225198453643188, -0.393409595787381 ], [ 117.225376320069444, -0.393350308376028 ], [ 117.225423930779485, -0.393243411375704 ], [ 117.225364641970742, -0.393088904784583 ], [ 117.225210131741861, -0.392969431662745 ], [ 117.225008010802938, -0.392826602890786 ], [ 117.22491548432869, -0.392708926353564 ], [ 117.224909196121686, -0.392613707169561 ], [ 117.224951416940058, -0.39252747092651 ], [ 117.225008010802938, -0.392468183508896 ], [ 117.225228098047538, -0.392405302913998 ], [ 117.225466151597857, -0.392369371145273 ], [ 117.225790443415434, -0.392363981379951 ], [ 117.226058141370075, -0.392343320612851 ], [ 117.226310567964902, -0.392286728076619 ], [ 117.226463281563198, -0.3922076781841 ], [ 117.226492925967591, -0.392189712299332 ], [ 117.226614198530939, -0.392136712939043 ], [ 117.226845963874268, -0.391997477329904 ], [ 117.226933100456819, -0.391933698437203 ], [ 117.227017542093535, -0.391878004192476 ], [ 117.22704449155205, -0.391821411653099 ], [ 117.227049881443762, -0.391714514633234 ], [ 117.227061559542463, -0.391561804602489 ], [ 117.227073237641136, -0.391493534234903 ], [ 117.227119051720621, -0.391447721224765 ], [ 117.227238527653412, -0.391347112260444 ], [ 117.227354410325077, -0.391235723762825 ], [ 117.227425377232521, -0.39107223419106 ], [ 117.227481971095401, -0.390977014988455 ], [ 117.227547548111147, -0.390941083213607 ], [ 117.227622108279718, -0.390941083213607 ], [ 117.227729007798558, -0.390968032044757 ], [ 117.227907772540092, -0.39103360753353 ], [ 117.228029045103455, -0.391030014356076 ], [ 117.228091927173338, -0.390973421810977 ], [ 117.228109893479015, -0.390932100269871 ], [ 117.228118876631854, -0.390834186182523 ], [ 117.228121571577717, -0.39074525503798 ], [ 117.228089232227475, -0.390580867162255 ], [ 117.228089232227475, -0.390516189964368 ], [ 117.228115283370713, -0.390404801455728 ], [ 117.228126961469428, -0.390317666895521 ], [ 117.228120673262424, -0.390258379462287 ], [ 117.228061384453667, -0.390210769856509 ], [ 117.227995807437949, -0.390124533588752 ], [ 117.227930230422203, -0.39001494166387 ], [ 117.227909569170649, -0.389883790669923 ], [ 117.227886212973274, -0.389749944790432 ], [ 117.227879924766299, -0.389666403401484 ], [ 117.227891602864972, -0.38961340402527 ], [ 117.227975146186409, -0.389547828525425 ], [ 117.228135944622267, -0.389470575196186 ], [ 117.228162894080782, -0.38940499969523 ], [ 117.228183555332308, -0.389316068535584 ], [ 117.228245539086913, -0.389196595360038 ], [ 117.228343455452887, -0.389128324973252 ], [ 117.228435981927163, -0.389065444353355 ], [ 117.228506948834578, -0.388994479081766 ], [ 117.228531203347259, -0.388934293344633 ], [ 117.228540186500112, -0.388869616134103 ], [ 117.228513237041582, -0.388756431014481 ], [ 117.228474609484351, -0.388681872561838 ], [ 117.228474609484351, -0.388613602170889 ], [ 117.228486287583067, -0.388541738600873 ], [ 117.228522220194421, -0.388461790378512 ], [ 117.228706374827667, -0.388033303825554 ], [ 117.228806986139475, -0.387757527353366 ], [ 117.228930055333407, -0.387571580345874 ], [ 117.229020785177127, -0.387424260008538 ], [ 117.229182481928262, -0.387242804467567 ], [ 117.229306449437459, -0.387114348314928 ], [ 117.229385501182463, -0.386985892160343 ], [ 117.229554384455881, -0.386605913453927 ], [ 117.229763691917071, -0.386320255691806 ], [ 117.23031525750153, -0.385920514467688 ], [ 117.230571277357498, -0.385734567419954 ], [ 117.230647634156654, -0.385439926678994 ], [ 117.230747347153184, -0.385211759756734 ], [ 117.230890179283364, -0.385144387632852 ], [ 117.231018638368994, -0.38506354108349 ], [ 117.231184826696548, -0.385134506387971 ], [ 117.231288132954219, -0.385262962570529 ], [ 117.231398625734172, -0.385340215938128 ], [ 117.231432761714984, -0.385353690362638 ], [ 117.231507321883555, -0.385368961377056 ], [ 117.231544152810216, -0.385376147736773 ], [ 117.23158188205214, -0.385403096585657 ], [ 117.231601644988373, -0.385434536909247 ], [ 117.231618712978786, -0.38548484142675 ], [ 117.231630391077488, -0.385528857879321 ], [ 117.231635780969185, -0.385560298202447 ], [ 117.231635780969185, -0.385624975438227 ], [ 117.231633984338629, -0.385683364608995 ], [ 117.231640272545604, -0.385734567419954 ], [ 117.231665425373563, -0.385749838433689 ], [ 117.231713934398897, -0.385757024793084 ], [ 117.231752561956114, -0.385744448664138 ], [ 117.231831613701132, -0.385727381060539 ], [ 117.23190168229327, -0.385740855484436 ], [ 117.231959174471456, -0.385770499216934 ], [ 117.231997802028687, -0.385818108847699 ], [ 117.23204451442345, -0.385883684376431 ], [ 117.23207505714312, -0.385911531518615 ], [ 117.23210470154747, -0.385922311057501 ], [ 117.232124464483746, -0.385913328108431 ], [ 117.2321603970951, -0.385877396312053 ], [ 117.232181956661933, -0.385828888386704 ], [ 117.232207109489863, -0.385767804332166 ], [ 117.232231364002558, -0.385703127097471 ], [ 117.232276279766751, -0.385629466912915 ], [ 117.232397552330113, -0.38548484142675 ], [ 117.232475705759839, -0.385440824973951 ], [ 117.232554757504857, -0.385436333499163 ], [ 117.2325853002245, -0.385466875527676 ], [ 117.232631114303999, -0.385518976634886 ], [ 117.232671538491786, -0.385579162396267 ], [ 117.232766759911897, -0.385640246452159 ], [ 117.232861083016729, -0.385704923687331 ], [ 117.232954507806284, -0.385726482765612 ], [ 117.233009305038607, -0.385730974240247 ], [ 117.233175493366161, -0.385728279355467 ], [ 117.233260833318155, -0.385704923687331 ], [ 117.233328206964458, -0.385657314055932 ], [ 117.233375817674528, -0.385602518064748 ], [ 117.233446784581972, -0.385504603915688 ], [ 117.233543802632639, -0.385421062484865 ], [ 117.23360309144141, -0.385400401700772 ], [ 117.233674058348868, -0.385414774420147 ], [ 117.233772873030119, -0.385436333499163 ], [ 117.233864501189075, -0.385414774420147 ], [ 117.233957027663351, -0.385370757966986 ], [ 117.234034282777785, -0.385302487549388 ], [ 117.234054944029324, -0.385236912016181 ], [ 117.234072910335001, -0.385144387632852 ], [ 117.234111537892204, -0.385064439378487 ], [ 117.234170826700961, -0.385025812693525 ], [ 117.234242691923683, -0.384983592828366 ], [ 117.234352286388358, -0.384957542273164 ], [ 117.234420558349939, -0.384935983192937 ], [ 117.234474457266984, -0.384903644572494 ], [ 117.234533746075755, -0.384847051986423 ], [ 117.234578661839961, -0.384796747465156 ], [ 117.234628967495865, -0.384776086679549 ], [ 117.23467927315177, -0.384763510549156 ], [ 117.234805037291579, -0.384708714552225 ], [ 117.234854444632205, -0.384692545241588 ], [ 117.234920919963201, -0.384658410030142 ], [ 117.234926309854927, -0.384580258361318 ], [ 117.234914631756226, -0.38452097088794 ], [ 117.234884987351833, -0.384450005578355 ], [ 117.234843664848768, -0.384360176071706 ], [ 117.234837376641792, -0.384282922695232 ], [ 117.234855342947483, -0.384200279547533 ], [ 117.234878699144858, -0.384092484136289 ], [ 117.234909241864528, -0.384015230757395 ], [ 117.234950564367594, -0.383973909182351 ], [ 117.235027819482013, -0.383962231345889 ], [ 117.235105074596447, -0.383908333638936 ], [ 117.235152685306517, -0.383842758095019 ], [ 117.235146397099527, -0.383789758682444 ], [ 117.235105074596447, -0.383712505300815 ], [ 117.235069141985079, -0.383676573495168 ], [ 117.23501614138334, -0.383640641689371 ], [ 117.235002666654069, -0.383566981487014 ], [ 117.235069141985079, -0.383514880367891 ], [ 117.235170651612194, -0.383419661080399 ], [ 117.235265873032304, -0.383407983243181 ], [ 117.235366484344141, -0.38347355879043 ], [ 117.23540062032491, -0.383508592301768 ], [ 117.235420383261186, -0.383508592301768 ], [ 117.235437451251556, -0.383495117874348 ], [ 117.235451824296121, -0.383468169019442 ], [ 117.235449129350258, -0.383431338917601 ], [ 117.235448231034979, -0.383404390062495 ], [ 117.235450925980814, -0.383378339502478 ], [ 117.235468892286505, -0.383342407695429 ], [ 117.235497638375605, -0.383325340087027 ], [ 117.235516502996575, -0.383314560544862 ], [ 117.235533570986973, -0.383301086117135 ], [ 117.235545249085646, -0.383271442376063 ], [ 117.235574893490039, -0.383194188989756 ], [ 117.235568605283063, -0.383110647536338 ], [ 117.235538960878671, -0.383015428244352 ], [ 117.235497638375605, -0.382943564627058 ], [ 117.235473383862924, -0.382860921466426 ], [ 117.235455417557247, -0.382700126618999 ], [ 117.235485960276904, -0.382527653930141 ], [ 117.235520994572994, -0.382408180659265 ], [ 117.23558657158874, -0.382277927843257 ], [ 117.235652148604458, -0.382158454568905 ], [ 117.235711437413229, -0.382045269360092 ], [ 117.235753658231573, -0.381985981869166 ], [ 117.235865947642111, -0.381938372217066 ], [ 117.235937812864847, -0.381903338699315 ], [ 117.235973745476201, -0.381801831326562 ], [ 117.23599710167359, -0.381676968273478 ], [ 117.236056390482332, -0.381629358619667 ], [ 117.236174968099846, -0.381568274535146 ], [ 117.236317800229997, -0.381454191023188 ], [ 117.236495666656268, -0.381261057515245 ], [ 117.236596277968076, -0.38111104218283 ], [ 117.236774144394332, -0.380996958664813 ], [ 117.237045435610142, -0.380819096169144 ], [ 117.237188267740322, -0.380704114351809 ], [ 117.237195454262604, -0.380554997305169 ], [ 117.237195454262604, -0.380369050140989 ], [ 117.23722420035169, -0.380247780249147 ], [ 117.237331099870502, -0.380090578534966 ], [ 117.23745237243385, -0.379976495003454 ], [ 117.237509864612036, -0.379848038741759 ], [ 117.23756645847493, -0.379647718833348 ], [ 117.23769491756056, -0.379469856309883 ], [ 117.237873682302109, -0.379341400040662 ], [ 117.237966208776371, -0.379269536392713 ], [ 117.2380659217729, -0.379157249441599 ], [ 117.238141380256778, -0.379023403393968 ], [ 117.238265347765989, -0.378890455639912 ], [ 117.238312958476058, -0.378823981762118 ], [ 117.238312958476058, -0.378757507883815 ], [ 117.238284212386958, -0.378652407291403 ], [ 117.238180007813995, -0.378499697026654 ], [ 117.238056040304784, -0.378347885054915 ], [ 117.237903326706487, -0.378195174784806 ], [ 117.237760494576307, -0.378062227018052 ], [ 117.237685036092444, -0.377958024712957 ], [ 117.237608679293288, -0.377919397996096 ], [ 117.237523339341308, -0.377799026365705 ], [ 117.237437999389314, -0.377656197339422 ], [ 117.237390388679245, -0.377532232522254 ], [ 117.237314031880103, -0.377428030210805 ], [ 117.237314031880103, -0.377361556321814 ], [ 117.237351761122042, -0.377227710246494 ], [ 117.237446982542153, -0.377075898252532 ], [ 117.237523339341308, -0.376970797639777 ], [ 117.237589814672333, -0.376914205001614 ], [ 117.237732646802485, -0.376856714067231 ], [ 117.237875478932665, -0.376780358919416 ], [ 117.237989564973759, -0.376704003770933 ], [ 117.238056040304784, -0.37659980144957 ], [ 117.238094667862015, -0.376475836617361 ], [ 117.238123413951087, -0.376314143355309 ], [ 117.238161143193039, -0.37617131430467 ], [ 117.238265347765989, -0.37613358587581 ], [ 117.23837673886122, -0.376139873947298 ], [ 117.238462078813214, -0.376177602376132 ], [ 117.238652521653435, -0.376216229100721 ], [ 117.238728878452577, -0.376187483631275 ], [ 117.238842964493671, -0.376034773323258 ], [ 117.238852845961802, -0.375873080053034 ], [ 117.238805235251732, -0.375740132250829 ], [ 117.238776489162646, -0.375682641308709 ], [ 117.238814218404571, -0.37558742193499 ], [ 117.23886182911464, -0.375492202560233 ], [ 117.238957050534751, -0.375406864440467 ], [ 117.239014542712937, -0.37533050927997 ], [ 117.239033407333892, -0.375216425685985 ], [ 117.239014542712937, -0.375112223346872 ], [ 117.238976813470984, -0.375035868183803 ], [ 117.239014542712937, -0.374921784585977 ], [ 117.239119645601193, -0.374769074255852 ], [ 117.239252596263242, -0.374645109397675 ], [ 117.239356800836191, -0.374512161576812 ], [ 117.239433157635347, -0.374464551883715 ], [ 117.239490649813533, -0.37435046827845 ], [ 117.239575989765527, -0.374150148243566 ], [ 117.239633481943713, -0.374007319157605 ], [ 117.239728703363824, -0.373931862281065 ], [ 117.239920044519323, -0.373741423494531 ], [ 117.239991011426767, -0.373711779720784 ], [ 117.24007455474819, -0.373705491647552 ], [ 117.240151809862624, -0.373711779720784 ], [ 117.240223675085346, -0.37373513542132 ], [ 117.240294641992804, -0.373776457045194 ], [ 117.240360219008551, -0.373818676965038 ], [ 117.240425796024297, -0.373854608811554 ], [ 117.24048508483304, -0.373889642361765 ], [ 117.240503051138731, -0.373949828204109 ], [ 117.240526407336105, -0.374002827676877 ], [ 117.240562339947473, -0.374038759522639 ], [ 117.24061983212566, -0.374032471449641 ], [ 117.240644984953633, -0.373992946419266 ], [ 117.240687205771962, -0.373936353761829 ], [ 117.240748291211304, -0.373871676438597 ], [ 117.240801291813071, -0.3738465241461 ], [ 117.240833631163284, -0.373839337776802 ], [ 117.240869563774652, -0.3738465241461 ], [ 117.240922564376419, -0.373868083253959 ], [ 117.240976463293464, -0.373857303700036 ], [ 117.241037548732763, -0.373815083780378 ], [ 117.241076176289994, -0.373764779194989 ], [ 117.24109054933453, -0.373714474609311 ], [ 117.241126481945898, -0.373654288765354 ], [ 117.241162414557266, -0.373636322841704 ], [ 117.241251347770387, -0.373618356918018 ], [ 117.241312433209728, -0.373611170548534 ], [ 117.241385196747729, -0.373603085882856 ], [ 117.241462451862162, -0.373549188111484 ], [ 117.241516350779222, -0.373471934638608 ], [ 117.241575639587978, -0.37338300331434 ], [ 117.241670861008089, -0.373299461766481 ], [ 117.241825371236956, -0.373293173692954 ], [ 117.241938558962758, -0.373311139617304 ], [ 117.241991559564525, -0.373299461766481 ], [ 117.242051746688546, -0.373251852066808 ], [ 117.242099357398615, -0.373204242366878 ], [ 117.242152358000354, -0.373126988890971 ], [ 117.242176612513035, -0.37304344734068 ], [ 117.242229613114802, -0.372966193863361 ], [ 117.242295190130534, -0.37292487223568 ], [ 117.242396699757649, -0.372859296608744 ], [ 117.242485632970769, -0.372757789130469 ], [ 117.242539531887829, -0.372639214021622 ], [ 117.242646431406641, -0.37253770654081 ], [ 117.242824297832897, -0.372460453059055 ], [ 117.242979706377056, -0.372401165502831 ], [ 117.243127928398934, -0.372312234167746 ], [ 117.243211471720343, -0.372234980684015 ], [ 117.24331208303218, -0.37212718512419 ], [ 117.2433722701562, -0.372092151566963 ], [ 117.243591459085522, -0.371949322447598 ], [ 117.243738782792121, -0.371858594515229 ], [ 117.243857360409635, -0.371792120583991 ], [ 117.243995700963396, -0.371725646652252 ], [ 117.244086430807087, -0.371672647165777 ], [ 117.244181652227198, -0.37159719026923 ], [ 117.244248127558222, -0.371510953815245 ], [ 117.244357722022869, -0.37136812468648 ], [ 117.244461926595847, -0.371245058076826 ], [ 117.244585894105043, -0.371168702880194 ], [ 117.244737709388048, -0.371102228943766 ], [ 117.24486706678897, -0.371059110714464 ], [ 117.244985644406484, -0.370978264033958 ], [ 117.245095238871158, -0.370883044609302 ], [ 117.245185070399572, -0.370787825183623 ], [ 117.245275800243263, -0.370725842726734 ], [ 117.24541414079701, -0.37065936878698 ], [ 117.245547091459045, -0.370592894846726 ], [ 117.245666567391837, -0.370530912388473 ], [ 117.24572316125473, -0.370512048161962 ], [ 117.245795924792759, -0.370433896365989 ], [ 117.245895637789289, -0.37031891441204 ], [ 117.245963011435592, -0.370224593276827 ], [ 117.246005232253964, -0.370148238071397 ], [ 117.246058232855731, -0.370086255610035 ], [ 117.246124708186755, -0.370028764630992 ], [ 117.246186691941361, -0.369972171948134 ], [ 117.246253167272371, -0.369938934975493 ], [ 117.246324134179815, -0.369919172451161 ], [ 117.246414864023507, -0.369919172451161 ], [ 117.246514577020065, -0.369919172451161 ], [ 117.246599916972059, -0.369938934975493 ], [ 117.2466762737712, -0.369957799203223 ], [ 117.246742749102211, -0.36994342645829 ], [ 117.246804732856816, -0.369914680968353 ], [ 117.246852343566886, -0.369867071250439 ], [ 117.246961938031532, -0.369800597304246 ], [ 117.247100278585307, -0.369777241593303 ], [ 117.247214364626387, -0.369757479068611 ], [ 117.247299704578367, -0.369719750612259 ], [ 117.247338332135598, -0.36969549660452 ], [ 117.247376061377523, -0.369662259630843 ], [ 117.247438943447406, -0.369555362336283 ], [ 117.247489249103339, -0.36944127866756 ], [ 117.247517995192425, -0.369348754116261 ], [ 117.247553927803779, -0.369220297698782 ], [ 117.247581775577586, -0.369113400398906 ], [ 117.247639267755773, -0.368998418427857 ], [ 117.247738980752302, -0.368920266618561 ], [ 117.247881812882483, -0.368855589258625 ], [ 117.248095611920107, -0.368834928435213 ], [ 117.248238444050287, -0.368820555688463 ], [ 117.248388462702735, -0.368770251074656 ], [ 117.248516921788351, -0.368663353769373 ], [ 117.248617533100187, -0.368570829209983 ], [ 117.248738805663535, -0.368484592726579 ], [ 117.248867264749151, -0.368420813660191 ], [ 117.248974164267963, -0.368334577175335 ], [ 117.249116996398143, -0.36823486623868 ], [ 117.249267015050606, -0.368156714422684 ], [ 117.249409847180772, -0.368048918813291 ], [ 117.249523933221866, -0.367949207873441 ], [ 117.249623646218396, -0.367856683306639 ], [ 117.249673951874314, -0.367771345113106 ], [ 117.249744918781758, -0.367713854119108 ], [ 117.249844631778288, -0.367649176750418 ], [ 117.250001836953004, -0.367578211303678 ], [ 117.250123109516352, -0.367507245856374 ], [ 117.25022372082816, -0.367385077490073 ], [ 117.250330620346972, -0.36724943466965 ], [ 117.250466265954898, -0.367078758270168 ], [ 117.250727675702592, -0.366802082836718 ], [ 117.254300275587525, -0.363031930057862 ], [ 117.245087154033598, -0.359632772618616 ], [ 117.238994779776689, -0.357385231776563 ], [ 117.233595904919127, -0.357372655607231 ], [ 117.233636329106915, -0.357292707101792 ], [ 117.233669566772448, -0.357238809232563 ], [ 117.233727058950635, -0.35717592838473 ], [ 117.233782754498236, -0.357094183281905 ], [ 117.233862704558518, -0.357031302433083 ], [ 117.233919298421412, -0.356940574350453 ], [ 117.233999248481695, -0.356858829245535 ], [ 117.234033384462506, -0.356804931373763 ], [ 117.234055842344603, -0.356751033501675 ], [ 117.234100758108809, -0.356669288395073 ], [ 117.234123215990905, -0.356606407543347 ], [ 117.234134894089593, -0.356550713074316 ], [ 117.234157351971689, -0.356505798179691 ], [ 117.234156453656411, -0.356433934347836 ], [ 117.234144775557738, -0.356380036473576 ], [ 117.234121419360335, -0.356343206259317 ], [ 117.234109741261648, -0.356271342426193 ], [ 117.234098063162946, -0.356244393488627 ], [ 117.23407380865028, -0.356198580294583 ], [ 117.234063028866856, -0.356161750079599 ], [ 117.234051350768183, -0.3561258181624 ], [ 117.234027096255502, -0.355972209214793 ], [ 117.233911213583866, -0.355700923230898 ], [ 117.233898637169887, -0.355629059392769 ], [ 117.233886959071185, -0.355520365336535 ], [ 117.233852823090402, -0.355502399376704 ], [ 117.233851026459817, -0.355365858080844 ], [ 117.233874382657206, -0.355258062319529 ], [ 117.233885162440629, -0.355222130398811 ], [ 117.233930976520114, -0.355176317199693 ], [ 117.233986672067715, -0.355104453357482 ], [ 117.234078300226713, -0.355040674197052 ], [ 117.234169928385668, -0.355040674197052 ], [ 117.234284014426777, -0.355031691216674 ], [ 117.234318150407546, -0.355012826957853 ], [ 117.234352286388358, -0.355003843977448 ], [ 117.234398100467843, -0.354949946094837 ], [ 117.234453796015472, -0.354851133309233 ], [ 117.234487931996256, -0.354742439243851 ], [ 117.234487033680978, -0.354678660080925 ], [ 117.234417863404076, -0.354569966013516 ], [ 117.234372049324591, -0.354534034090126 ], [ 117.234337913343822, -0.354507085147491 ], [ 117.234292099264309, -0.354471153223856 ], [ 117.234257064968247, -0.354434323001986 ], [ 117.234246285184824, -0.354398391078069 ], [ 117.234222030672157, -0.354352577874872 ], [ 117.234199572790061, -0.354307662969558 ], [ 117.234198674474783, -0.354262748064026 ], [ 117.234198674474783, -0.354189985916601 ], [ 117.234210352573456, -0.354163036972966 ], [ 117.234266048121086, -0.354054342899508 ], [ 117.234300184101869, -0.353982479048588 ], [ 117.234334320082681, -0.353963614787629 ], [ 117.234367557748172, -0.353927682861887 ], [ 117.234425049926358, -0.353882767954514 ], [ 117.234470864005843, -0.353810005804108 ], [ 117.234479847158696, -0.353756107914551 ], [ 117.234492423572675, -0.35370221002468 ], [ 117.234492423572675, -0.353665379799755 ], [ 117.234492423572675, -0.353620464891112 ], [ 117.234503203356098, -0.353556685720466 ], [ 117.234502305040792, -0.353502787829438 ], [ 117.234524762922888, -0.353456974621818 ], [ 117.234547220805027, -0.35337612778429 ], [ 117.234582255101088, -0.353285399665782 ], [ 117.234603814667906, -0.353248569439204 ], [ 117.234637950648704, -0.353240484755301 ], [ 117.234660408530814, -0.353212637510695 ], [ 117.234696341142183, -0.353212637510695 ], [ 117.234729578807702, -0.353203654528545 ], [ 117.234752036689812, -0.353176705582046 ], [ 117.234786172670582, -0.353167722599863 ], [ 117.234831088434788, -0.353167722599863 ], [ 117.23487780082958, -0.35315873961767 ], [ 117.234922716593786, -0.353140773653259 ], [ 117.234980208771972, -0.353131790671041 ], [ 117.235036802634852, -0.353122807688814 ], [ 117.235105074596447, -0.35307699447932 ], [ 117.235126634163265, -0.353023096585509 ], [ 117.23518502465673, -0.352960215709002 ], [ 117.235195804440153, -0.352896436533824 ], [ 117.235194906124846, -0.352841640340717 ], [ 117.235171549927472, -0.352796725428093 ], [ 117.235138312261967, -0.352760793497838 ], [ 117.235091599867175, -0.352742827532658 ], [ 117.235058362201684, -0.352705997303931 ], [ 117.235024226220872, -0.35267904835599 ], [ 117.234988293609504, -0.352670065373326 ], [ 117.234930801431346, -0.352652099407971 ], [ 117.234884089036555, -0.352625150459874 ], [ 117.234828393488954, -0.352616167477158 ], [ 117.234780782778884, -0.352607184494433 ], [ 117.234725087231283, -0.352580235546205 ], [ 117.234655018639117, -0.35253532063232 ], [ 117.23461010287491, -0.352497592104489 ], [ 117.234564288795397, -0.352497592104489 ], [ 117.234505898301933, -0.352515558070142 ], [ 117.234471762321149, -0.352515558070142 ], [ 117.234402592044262, -0.352515558070142 ], [ 117.234289404318474, -0.35250657508732 ], [ 117.234255268337662, -0.35248860912165 ], [ 117.234174419962102, -0.352443694207323 ], [ 117.234105249685229, -0.352398779292779 ], [ 117.234071113704431, -0.352335898412054 ], [ 117.234047757507042, -0.352299068181718 ], [ 117.234047757507042, -0.352254153266477 ], [ 117.234070215389139, -0.352182289401641 ], [ 117.234080995172548, -0.3521355778892 ], [ 117.234125910936754, -0.352063714023451 ], [ 117.234160046917552, -0.352045748056927 ], [ 117.23421664078046, -0.352009816123775 ], [ 117.234274132958632, -0.351973884190484 ], [ 117.234319947038131, -0.35196490120714 ], [ 117.234412473512378, -0.351937053958718 ], [ 117.234502305040792, -0.351928070975338 ], [ 117.234583153416381, -0.351892139041733 ], [ 117.234628069180587, -0.351892139041733 ], [ 117.234684663043467, -0.351820275174107 ], [ 117.234742155221667, -0.351764580676317 ], [ 117.234763714788485, -0.351719665758502 ], [ 117.234776291202465, -0.351683733824094 ], [ 117.234797850769297, -0.351638818905889 ], [ 117.234808630552692, -0.351584921003759 ], [ 117.234807732237414, -0.351530124802941 ], [ 117.234796952454005, -0.351431311980981 ], [ 117.234785274355303, -0.351386397061563 ], [ 117.234749341743949, -0.351348668529085 ], [ 117.234692747881041, -0.351312736593249 ], [ 117.234646933801557, -0.351303753609269 ], [ 117.23456698374126, -0.351312736593249 ], [ 117.234521169661775, -0.351312736593249 ], [ 117.23451128819363, -0.351339685545139 ], [ 117.234475355582262, -0.351339685545139 ], [ 117.234452897700166, -0.35136663449695 ], [ 117.234397202152564, -0.351386397061563 ], [ 117.234292997579615, -0.351458260932528 ], [ 117.234237302031985, -0.35146724391636 ], [ 117.234168131755112, -0.35146724391636 ], [ 117.234110639576926, -0.35146724391636 ], [ 117.234064825497441, -0.351485209883998 ], [ 117.234007333319255, -0.35146724391636 ], [ 117.233973197338457, -0.35146724391636 ], [ 117.233893247278189, -0.351440294964839 ], [ 117.23384563656812, -0.35137561748087 ], [ 117.23384563656812, -0.351312736593249 ], [ 117.233868992765508, -0.351231889737115 ], [ 117.233937264727089, -0.351168110550115 ], [ 117.233983078806602, -0.351141161597732 ], [ 117.234051350768183, -0.35108726369273 ], [ 117.234117826099208, -0.350996535551943 ], [ 117.234174419962102, -0.350860892488333 ], [ 117.234151063764713, -0.350779147329844 ], [ 117.234106148000507, -0.350734232407293 ], [ 117.234036977723648, -0.350689317484526 ], [ 117.233978587230183, -0.350689317484526 ], [ 117.233921993367275, -0.350716266438212 ], [ 117.233865399504353, -0.350725249422756 ], [ 117.233831263523584, -0.350734232407293 ], [ 117.233785449444099, -0.350734232407293 ], [ 117.233727957265913, -0.35074321539182 ], [ 117.233682143186428, -0.350734232407293 ], [ 117.233647108890338, -0.350734232407293 ], [ 117.233589616712152, -0.350716266438212 ], [ 117.233509666651855, -0.350680334499947 ], [ 117.233463852572356, -0.350579725072071 ], [ 117.233462954257078, -0.350453963285707 ], [ 117.233519548119986, -0.350372218123664 ], [ 117.233576141982894, -0.350336286184079 ], [ 117.233645312259753, -0.350300354244357 ], [ 117.233746821886868, -0.350273405289474 ], [ 117.233805212380332, -0.350264422304496 ], [ 117.233930078204835, -0.35025454102101 ], [ 117.234020808048513, -0.350226693767494 ], [ 117.234068418758582, -0.350226693767494 ], [ 117.234113334522789, -0.3501997448124 ], [ 117.234181606484384, -0.350181778842294 ], [ 117.234248980130687, -0.350136863916879 ], [ 117.234294794210172, -0.350100931976392 ], [ 117.234305573993566, -0.350056017050589 ], [ 117.234317252092268, -0.34999223785558 ], [ 117.234317252092268, -0.349947322929256 ], [ 117.234304675678288, -0.349893425017385 ], [ 117.234269641382198, -0.349846713493512 ], [ 117.234248081815409, -0.349819764537326 ], [ 117.234236403716707, -0.349792815581062 ], [ 117.234201369420617, -0.349774849610177 ], [ 117.234156453656411, -0.349765866624722 ], [ 117.234109741261648, -0.349765866624722 ], [ 117.23404057098476, -0.349765866624722 ], [ 117.233983977121881, -0.349756883639257 ], [ 117.233938163042396, -0.349738917668303 ], [ 117.233893247278189, -0.349685019755235 ], [ 117.233857314666821, -0.349658070798584 ], [ 117.233742330310449, -0.349585308615242 ], [ 117.233684838132262, -0.349549376672643 ], [ 117.233628244269354, -0.349521529417034 ], [ 117.233559073992481, -0.349503563445629 ], [ 117.233524938011684, -0.349485597474191 ], [ 117.233479123932199, -0.349485597474191 ], [ 117.233444987951387, -0.349476614488458 ], [ 117.233409055340033, -0.349457750218392 ], [ 117.233329105279736, -0.349448767232633 ], [ 117.233305749082362, -0.34943080126109 ], [ 117.233283291200252, -0.3493948693179 ], [ 117.233250053534732, -0.349385886332081 ], [ 117.233214120923364, -0.349358937374572 ], [ 117.233190764725975, -0.349340971402856 ], [ 117.233088356783583, -0.349278090501582 ], [ 117.233030864605425, -0.349241260259212 ], [ 117.232995830309335, -0.349214311301288 ], [ 117.232915880249053, -0.349169396371244 ], [ 117.232859286386145, -0.349151430399167 ], [ 117.232766759911897, -0.349123583142378 ], [ 117.232732623931085, -0.349123583142378 ], [ 117.232630215988692, -0.349087651198014 ], [ 117.232515231632348, -0.349068786927167 ], [ 117.232400247275976, -0.349023871996428 ], [ 117.232354433196491, -0.348987940051682 ], [ 117.232251126938792, -0.348925059148047 ], [ 117.232171176878509, -0.348870262931679 ], [ 117.232123566168454, -0.34881636501363 ], [ 117.232066972305546, -0.348734619837331 ], [ 117.232039124531752, -0.348688806606348 ], [ 117.232020259910783, -0.348661857646842 ], [ 117.23203193800947, -0.348581010767861 ], [ 117.23206517567499, -0.348518129861508 ], [ 117.232110989754474, -0.348472316629472 ], [ 117.232201719598166, -0.348427401695886 ], [ 117.232280771343184, -0.348427401695886 ], [ 117.232339161836649, -0.348418418709144 ], [ 117.232395755699557, -0.348418418709144 ], [ 117.232510740055929, -0.348418418709144 ], [ 117.232568232234115, -0.348445367669346 ], [ 117.23267064017648, -0.348454350656063 ], [ 117.232739810453367, -0.348490282602846 ], [ 117.232819760513664, -0.34849926558952 ], [ 117.232912286987911, -0.348509146874852 ], [ 117.233061407325067, -0.348545078821425 ], [ 117.233174595050883, -0.348545078821425 ], [ 117.233288681091949, -0.348545078821425 ], [ 117.233357851368851, -0.348527112848155 ], [ 117.233391089034342, -0.348472316629472 ], [ 117.233413546916452, -0.348399554436956 ], [ 117.233380309250947, -0.348345656516212 ], [ 117.233367732836967, -0.348299843283337 ], [ 117.233321918757483, -0.348263911335828 ], [ 117.233229392283206, -0.348245945362022 ], [ 117.23317190010502, -0.34821899640125 ], [ 117.233126086025536, -0.34821899640125 ], [ 117.233070390477906, -0.348236962375107 ], [ 117.233046135965253, -0.348210013414308 ], [ 117.232977864003658, -0.348236962375107 ], [ 117.23294372802286, -0.348236962375107 ], [ 117.232806285784406, -0.348236962375107 ], [ 117.232702979526735, -0.348201030427358 ], [ 117.232658063762528, -0.348165098479473 ], [ 117.232599673269064, -0.348101319271639 ], [ 117.232576317071647, -0.347974659153395 ], [ 117.232576317071647, -0.347929744217439 ], [ 117.232576317071647, -0.347883930982543 ], [ 117.232576317071647, -0.347830033058852 ], [ 117.232575418756369, -0.347776135134853 ], [ 117.232596978323201, -0.34771235592439 ], [ 117.232631114303999, -0.347612644763507 ], [ 117.232653572186109, -0.347521916589176 ], [ 117.232699386265594, -0.347423103725052 ], [ 117.232744302029801, -0.347341358536677 ], [ 117.232845811656887, -0.347187749444523 ], [ 117.232923965086613, -0.347061089314027 ], [ 117.232968880850819, -0.346971259433214 ], [ 117.232968880850819, -0.346915564906682 ], [ 117.232968880850819, -0.346861666977468 ], [ 117.232946422968709, -0.346770938795931 ], [ 117.232877252691821, -0.346672125923961 ], [ 117.232876354376543, -0.346618227993361 ], [ 117.232874557745987, -0.346544567487711 ], [ 117.232873659430709, -0.346372992405258 ], [ 117.232953609490977, -0.346220281596273 ], [ 117.233031762920703, -0.346128655109702 ], [ 117.233179984942581, -0.346083740164981 ], [ 117.233238375436045, -0.346092723153942 ], [ 117.233260833318155, -0.346128655109702 ], [ 117.233274308047413, -0.346211298607433 ], [ 117.233309342343503, -0.346310111484209 ], [ 117.233377614305084, -0.346418805647474 ], [ 117.233459360995937, -0.346436771624753 ], [ 117.233492598661456, -0.346436771624753 ], [ 117.233573447037031, -0.346427788636117 ], [ 117.233664176880737, -0.346364009416562 ], [ 117.23373334715761, -0.346319094472956 ], [ 117.23375400840915, -0.34625621355155 ], [ 117.233764788192545, -0.346146621087531 ], [ 117.233764788192545, -0.346065774187033 ], [ 117.23371717748249, -0.345894199095916 ], [ 117.23371717748249, -0.34579358961696 ], [ 117.233716279167211, -0.345676810756119 ], [ 117.233738737049308, -0.34563189580926 ], [ 117.233748618517424, -0.345586082563245 ], [ 117.233760296616126, -0.345541167615956 ], [ 117.233817788794312, -0.345478286689396 ], [ 117.233875280972512, -0.345431575143682 ], [ 117.233920196736705, -0.345395643185284 ], [ 117.234001045112279, -0.345377677206034 ], [ 117.234045062561179, -0.345350728237095 ], [ 117.234068418758582, -0.345314796278392 ], [ 117.234101656424087, -0.345287847309275 ], [ 117.234124114306198, -0.345251915350334 ], [ 117.234146572188294, -0.345206102102486 ], [ 117.23418340311494, -0.345125255193983 ], [ 117.234180708169106, -0.345051594676748 ], [ 117.234179809853799, -0.344970747766931 ], [ 117.234168131755112, -0.344880917866328 ], [ 117.234109741261648, -0.344754257705039 ], [ 117.234086385064273, -0.344691376773277 ], [ 117.234041469300067, -0.344617716252684 ], [ 117.234028892886087, -0.344590767281593 ], [ 117.233971400707887, -0.344446141135437 ], [ 117.233992960274719, -0.344293430295499 ], [ 117.234015418156815, -0.344192820799614 ], [ 117.234140283981318, -0.344057177638305 ], [ 117.234266048121086, -0.343985313711001 ], [ 117.234380134162166, -0.34397633072005 ], [ 117.23445918590717, -0.34397633072005 ], [ 117.234516678085356, -0.343985313711001 ], [ 117.234630764126422, -0.344012262683803 ], [ 117.234745748482808, -0.344039211656529 ], [ 117.234814020444418, -0.344048194647421 ], [ 117.234894868819978, -0.344048194647421 ], [ 117.234997276762357, -0.344030228665629 ], [ 117.235122142586846, -0.343949381747147 ], [ 117.235167058351053, -0.343821823274371 ], [ 117.235155380252365, -0.343704146090228 ], [ 117.235121244271568, -0.343623299168985 ], [ 117.235040395895993, -0.34355053693928 ], [ 117.234902953657524, -0.343542452247057 ], [ 117.234752935005091, -0.343569401221109 ], [ 117.234628069180587, -0.343614316177693 ], [ 117.234559797218978, -0.343623299168985 ], [ 117.234434033079211, -0.343650248142808 ], [ 117.234296590840728, -0.343650248142808 ], [ 117.234181606484384, -0.343614316177693 ], [ 117.234149267134157, -0.343605333186393 ], [ 117.234101656424087, -0.343522689666037 ], [ 117.234089978325386, -0.343486757700442 ], [ 117.234089080010108, -0.343396927785863 ], [ 117.234112436207482, -0.343333148546 ], [ 117.234179809853799, -0.343252301621618 ], [ 117.234272336328061, -0.343216369655007 ], [ 117.234328930190969, -0.343216369655007 ], [ 117.234407981935959, -0.343216369655007 ], [ 117.234487931996256, -0.343216369655007 ], [ 117.23454632248972, -0.343216369655007 ], [ 117.234626272550003, -0.343216369655007 ], [ 117.234660408530814, -0.343162471704837 ], [ 117.234761918157929, -0.34306186219704 ], [ 117.234785274355303, -0.343007964245999 ], [ 117.234805935606857, -0.342926219019675 ], [ 117.234795155823434, -0.342808541824511 ], [ 117.234793359192864, -0.342762728564934 ], [ 117.234746646798087, -0.3426908646279 ], [ 117.23466669673779, -0.342627983682554 ], [ 117.234609204559632, -0.342610017698093 ], [ 117.234564288795397, -0.342619000690328 ], [ 117.234460084222448, -0.342592051713599 ], [ 117.234402592044262, -0.342546238452986 ], [ 117.234380134162166, -0.342501323491389 ], [ 117.234380134162166, -0.342420476559983 ], [ 117.234400795413706, -0.342319867044392 ], [ 117.23444660949319, -0.342265969089177 ], [ 117.234469067375286, -0.342239020111456 ], [ 117.234491525257397, -0.342221054126266 ], [ 117.234527457868751, -0.342212071133659 ], [ 117.234584051731659, -0.342203088141043 ], [ 117.234640645594567, -0.342212071133659 ], [ 117.234699036088045, -0.342248003104038 ], [ 117.23474485016753, -0.342301901059354 ], [ 117.234814020444418, -0.342346816021886 ], [ 117.234917326702089, -0.342428561253154 ], [ 117.235019734644453, -0.342447425537194 ], [ 117.23510148133532, -0.342438442544798 ], [ 117.235191312863734, -0.34238274799176 ], [ 117.235225448844517, -0.342346816021886 ], [ 117.235247906726613, -0.342310884051877 ], [ 117.235247008411335, -0.342256986096612 ], [ 117.235247008411335, -0.342221054126266 ], [ 117.235247008411335, -0.34213930889323 ], [ 117.23523622862794, -0.342103376922444 ], [ 117.23520119433185, -0.342085410937 ], [ 117.235166160035774, -0.342058461958772 ], [ 117.23512034595629, -0.342048580666736 ], [ 117.235073633561498, -0.342039597673967 ], [ 117.234982903717807, -0.342021631688404 ], [ 117.234937089638322, -0.342002767403527 ], [ 117.234891275558837, -0.341975818425067 ], [ 117.234832885065373, -0.341912937475032 ], [ 117.234810427183277, -0.341832090538668 ], [ 117.234810427183277, -0.341750345302319 ], [ 117.234843664848768, -0.341678481357701 ], [ 117.23487780082958, -0.341623685099568 ], [ 117.234887682297696, -0.341577871834333 ], [ 117.234922716593786, -0.34155092285468 ], [ 117.235014344752756, -0.341568888841124 ], [ 117.235105972911754, -0.341595837820726 ], [ 117.235175143188613, -0.341668600065274 ], [ 117.235289229229679, -0.341668600065274 ], [ 117.235404213586051, -0.341641651085876 ], [ 117.235459909133667, -0.341595837820726 ], [ 117.235515604681297, -0.341506007888425 ], [ 117.235538960878671, -0.341452109928642 ], [ 117.235573096859483, -0.341352398702246 ], [ 117.235653046919765, -0.341270653461817 ], [ 117.235753658231573, -0.34121585720136 ], [ 117.235846184705849, -0.341179925227121 ], [ 117.235891998785334, -0.341179925227121 ], [ 117.235971948845631, -0.341206874207813 ], [ 117.236018661240408, -0.341234721487782 ], [ 117.236052797221191, -0.341279636455305 ], [ 117.236111187714656, -0.341379347682455 ], [ 117.236146222010746, -0.34147007591527 ], [ 117.236203714188932, -0.341577871834333 ], [ 117.236283664249228, -0.341641651085876 ], [ 117.236387868822177, -0.34165961707215 ], [ 117.236477700350576, -0.341632668092726 ], [ 117.236570226824853, -0.341577871834333 ], [ 117.236625922372454, -0.341443126935315 ], [ 117.236636702155863, -0.34137036468906 ], [ 117.236625922372454, -0.341325449721962 ], [ 117.236613345958474, -0.341270653461817 ], [ 117.236579209977691, -0.341206874207813 ], [ 117.236509141385525, -0.341143993252747 ], [ 117.23647590372002, -0.341099078284592 ], [ 117.236463327306041, -0.341008350048278 ], [ 117.236473208774157, -0.340962536780112 ], [ 117.236473208774157, -0.340908638817284 ], [ 117.236484886872859, -0.340881689835757 ], [ 117.236495666656268, -0.340835876566987 ], [ 117.236540582420474, -0.340764012615538 ], [ 117.236574718401272, -0.340737063633606 ], [ 117.236621430796035, -0.34070113165758 ], [ 117.236678024658943, -0.340674182675472 ], [ 117.236779534286029, -0.340610403417517 ], [ 117.23682624668082, -0.340573573141605 ], [ 117.236906196741117, -0.340537641164969 ], [ 117.236962790604025, -0.340510692182404 ], [ 117.237019384466905, -0.340437929929103 ], [ 117.237052622132424, -0.340393014957655 ], [ 117.23706430023114, -0.340303185014133 ], [ 117.23706430023114, -0.340266354737047 ], [ 117.23706430023114, -0.340230422759266 ], [ 117.237063401915833, -0.340184609487402 ], [ 117.237063401915833, -0.340130711520224 ], [ 117.237061605285277, -0.340013034290841 ], [ 117.237061605285277, -0.33994117033326 ], [ 117.237084063167373, -0.339859425080862 ], [ 117.237094842950768, -0.339732764853252 ], [ 117.23712897893158, -0.339668985589075 ], [ 117.237173894695786, -0.339561189648664 ], [ 117.237264624539478, -0.33946956309837 ], [ 117.237323015032942, -0.339433631117626 ], [ 117.237378710580572, -0.339415665127204 ], [ 117.23743620275873, -0.339379733146259 ], [ 117.237550288799824, -0.339343801165181 ], [ 117.237596102879309, -0.33933481816989 ], [ 117.237676052939605, -0.339315953879753 ], [ 117.237691324299419, -0.339306072584905 ], [ 117.237691324299419, -0.339306072584905 ], [ 117.237755104684581, -0.339262055907731 ], [ 117.237835054744878, -0.339181208949134 ], [ 117.237903326706487, -0.339089582395241 ], [ 117.23790242839118, -0.338972803452748 ], [ 117.237867394095119, -0.338882075196455 ], [ 117.237820681700342, -0.338810211230471 ], [ 117.237774867620857, -0.338801228234685 ], [ 117.237729053541372, -0.33875541495605 ], [ 117.23765988326447, -0.33872756766893 ], [ 117.237590712987611, -0.338709601677198 ], [ 117.237555678691521, -0.338709601677198 ], [ 117.237488305045218, -0.338682652689536 ], [ 117.237453270749128, -0.3386557037018 ], [ 117.237419134768359, -0.338628754713989 ], [ 117.237349964491457, -0.338547009450504 ], [ 117.237314930195382, -0.338493111474203 ], [ 117.237303252096694, -0.338439213497602 ], [ 117.237290675682715, -0.338329620944257 ], [ 117.237302353781416, -0.338239790981575 ], [ 117.237313133564825, -0.338158045714812 ], [ 117.23732391334822, -0.338113130732782 ], [ 117.237346371230316, -0.338077198747007 ], [ 117.237368829112427, -0.337996351778529 ], [ 117.237425422975335, -0.337931674203262 ], [ 117.237482016838243, -0.337850827233573 ], [ 117.237505373035617, -0.337832861240217 ], [ 117.237561966898511, -0.337814895246828 ], [ 117.23760778097801, -0.337805912250121 ], [ 117.23772186701909, -0.337796030953734 ], [ 117.237825173276761, -0.337778064960277 ], [ 117.237905123337043, -0.33778704795701 ], [ 117.238076701556324, -0.337796030953734 ], [ 117.238317450052477, -0.337868793226895 ], [ 117.238522265937235, -0.337895742216817 ], [ 117.238625572194906, -0.337877776223544 ], [ 117.238718098669182, -0.337841844236899 ], [ 117.238751336334687, -0.337724166979707 ], [ 117.238751336334687, -0.337688234992494 ], [ 117.238737861605415, -0.337661286001997 ], [ 117.23872708182202, -0.337634337011426 ], [ 117.238669589643834, -0.3375966084245 ], [ 117.238612097465648, -0.337560676436816 ], [ 117.238543825504067, -0.337533727445966 ], [ 117.238441417561674, -0.337488812461049 ], [ 117.238338111304003, -0.337443897475926 ], [ 117.238257262928428, -0.337407067187969 ], [ 117.238119820689946, -0.337380118196693 ], [ 117.238004836333573, -0.337335203211068 ], [ 117.237878173878528, -0.337245373239194 ], [ 117.237832359799043, -0.337180695658933 ], [ 117.237818885069771, -0.337063916693482 ], [ 117.237818885069771, -0.337027086404088 ], [ 117.237818885069771, -0.336928273431856 ], [ 117.237828766537902, -0.336773765873265 ], [ 117.237862004203393, -0.336648003905162 ], [ 117.237884462085503, -0.336557275627167 ], [ 117.237895241868927, -0.336429717056676 ], [ 117.237895241868927, -0.336339887076457 ], [ 117.237773969305579, -0.336171006711407 ], [ 117.23772186701909, -0.336204243804759 ], [ 117.237653595057495, -0.336204243804759 ], [ 117.237585323095914, -0.336213226802943 ], [ 117.237551187115102, -0.336249158795596 ], [ 117.237527830917728, -0.336285989087929 ], [ 117.237482915153521, -0.336375819068644 ], [ 117.237437999389314, -0.336457564350376 ], [ 117.237358049329032, -0.336593207618553 ], [ 117.237324811663527, -0.336701901891691 ], [ 117.237325709978805, -0.336782748870925 ], [ 117.237349964491457, -0.337018103406654 ], [ 117.237329303239946, -0.337263339233635 ], [ 117.237237675080948, -0.337371135199585 ], [ 117.23710202947305, -0.337452880472967 ], [ 117.236964587234581, -0.33746186347 ], [ 117.236907993371673, -0.337452880472967 ], [ 117.236862179292189, -0.337389101193794 ], [ 117.236837026464215, -0.337281305228043 ], [ 117.23682624668082, -0.337236390241962 ], [ 117.236767856187356, -0.337189678656217 ], [ 117.236699584225747, -0.337162729664339 ], [ 117.236631312264151, -0.33715374666703 ], [ 117.236597176283382, -0.337162729664339 ], [ 117.23656304030257, -0.33717171266164 ], [ 117.23652800600648, -0.337218424247471 ], [ 117.236505548124384, -0.337272322230844 ], [ 117.236494768340989, -0.337317237216759 ], [ 117.236494768340989, -0.337344186208209 ], [ 117.236473208774157, -0.337407067187969 ], [ 117.236449852576783, -0.337443897475926 ], [ 117.236428293009951, -0.337479829464041 ], [ 117.236404936812576, -0.337497795458049 ], [ 117.236348342949668, -0.337506778455041 ], [ 117.236318698545304, -0.337506778455041 ], [ 117.236318698545304, -0.337506778455041 ], [ 117.236301630554905, -0.337506778455041 ], [ 117.236244138376719, -0.337506778455041 ], [ 117.236175866415124, -0.337488812461049 ], [ 117.236095018039563, -0.337452880472967 ], [ 117.236060882058752, -0.337407067187969 ], [ 117.236059983743473, -0.337362152202468 ], [ 117.236070763526868, -0.337272322230844 ], [ 117.236070763526868, -0.337236390241962 ], [ 117.236079746679721, -0.337193271855128 ], [ 117.236079746679721, -0.337193271855128 ], [ 117.236081543310306, -0.337180695658933 ], [ 117.23610489950768, -0.337135780672387 ], [ 117.236115679291075, -0.337090865685634 ], [ 117.236160595055281, -0.336910307436797 ], [ 117.236171374838705, -0.336719867887134 ], [ 117.23614801864133, -0.336611173614197 ], [ 117.236112086029962, -0.336521343635648 ], [ 117.236054593851776, -0.336466547348327 ], [ 117.236007881456985, -0.336429717056676 ], [ 117.235973745476201, -0.336411751060699 ], [ 117.235928829712009, -0.336393785064688 ], [ 117.235893795415919, -0.336393785064688 ], [ 117.235859659435107, -0.336393785064688 ], [ 117.235803065572199, -0.336457564350376 ], [ 117.235768929591416, -0.336503377639839 ], [ 117.235735691925896, -0.336584224620719 ], [ 117.235675504801875, -0.336664173301152 ], [ 117.235675504801875, -0.336664173301152 ], [ 117.235667419964315, -0.336674952898464 ], [ 117.235633283983503, -0.336683935896214 ], [ 117.235575791805317, -0.336710884889416 ], [ 117.235484163646348, -0.336719867887134 ], [ 117.235439247882141, -0.336719867887134 ], [ 117.23535839950658, -0.336674952898464 ], [ 117.235311687111789, -0.336620156612006 ], [ 117.235278449446284, -0.336584224620719 ], [ 117.235255093248909, -0.336548292629299 ], [ 117.235241618519638, -0.336503377639839 ], [ 117.235241618519638, -0.336458462650172 ], [ 117.235208380854118, -0.336402768062697 ], [ 117.235160770144077, -0.33631293808223 ], [ 117.235070040300386, -0.336250057095411 ], [ 117.235000870023498, -0.336231192799286 ], [ 117.234943377845298, -0.336231192799286 ], [ 117.234899360396398, -0.336231192799286 ], [ 117.234840969902933, -0.336231192799286 ], [ 117.234750240059228, -0.336231192799286 ], [ 117.234681069782354, -0.336186277808367 ], [ 117.234576865209377, -0.336086566527786 ], [ 117.234531051129892, -0.336013804241315 ], [ 117.234496016833816, -0.335959906250987 ], [ 117.234474457266984, -0.335897025261895 ], [ 117.234437626340352, -0.335797313978363 ], [ 117.234380134162166, -0.335669755397947 ], [ 117.234356777964777, -0.335624840404447 ], [ 117.234310065569986, -0.335552976414418 ], [ 117.234275929589202, -0.335417333131799 ], [ 117.234263353175223, -0.335363435138183 ], [ 117.234263353175223, -0.335326604842375 ], [ 117.234274132958632, -0.335199944555734 ], [ 117.234284912742055, -0.335146046560922 ], [ 117.234284912742055, -0.335082267266678 ], [ 117.23429569252545, -0.335037352270482 ], [ 117.234305573993566, -0.334983454274775 ], [ 117.234317252092268, -0.334909793680163 ], [ 117.234323540299258, -0.334891827681394 ], [ 117.234323540299258, -0.334891827681394 ], [ 117.234373845955176, -0.33474809969005 ], [ 117.234428643187499, -0.33456664309797 ], [ 117.234451999384888, -0.334521728099412 ], [ 117.234473558951706, -0.334475914800672 ], [ 117.234496915149094, -0.334422016801879 ], [ 117.234531051129892, -0.334368118802791 ], [ 117.234586746677508, -0.334231577203777 ], [ 117.234586746677508, -0.334177679203643 ], [ 117.234586746677508, -0.33414174720339 ], [ 117.234586746677508, -0.334086950902751 ], [ 117.234540034282745, -0.333979154900601 ], [ 117.234504999986655, -0.333915375598773 ], [ 117.23445918590717, -0.333887528297845 ], [ 117.234414270142963, -0.333869562297205 ], [ 117.23436845606345, -0.333851596296531 ], [ 117.234332523452096, -0.333842613296182 ], [ 117.234230115509732, -0.333806681294704 ], [ 117.234161843548108, -0.333797698294314 ], [ 117.23410435136995, -0.333788715293916 ], [ 117.234024401309654, -0.333788715293916 ], [ 117.233977688914877, -0.333788715293916 ], [ 117.233886959071185, -0.333815664295086 ], [ 117.233863602873797, -0.333833630295825 ], [ 117.233807009010889, -0.333842613296182 ], [ 117.233715380851919, -0.333851596296531 ], [ 117.233634532476358, -0.333815664295086 ], [ 117.233543802632639, -0.333788715293916 ], [ 117.233458462680659, -0.333757274792457 ], [ 117.233458462680659, -0.333757274792457 ], [ 117.233394682295483, -0.333733918991308 ], [ 117.233278799623832, -0.333662054987427 ], [ 117.233233883859626, -0.333617139984734 ], [ 117.233164713582738, -0.333562343681171 ], [ 117.233129679286677, -0.333508445677369 ], [ 117.233083865207163, -0.333462632373906 ], [ 117.233027271344284, -0.333381785367273 ], [ 117.232979660634214, -0.3333269890624 ], [ 117.232807184099684, -0.333201227050064 ], [ 117.232773946434151, -0.333128464742194 ], [ 117.232726335724109, -0.333037736431627 ], [ 117.23269309805859, -0.332982940124841 ], [ 117.232657165447222, -0.332938025119051 ], [ 117.232623029466438, -0.332902093114272 ], [ 117.23253140130744, -0.332830229104322 ], [ 117.23245055293188, -0.33279429709915 ], [ 117.232393060753694, -0.332766449795052 ], [ 117.232358026457604, -0.332729619489511 ], [ 117.232267296613912, -0.332675721481154 ], [ 117.232151413942262, -0.332584993166423 ], [ 117.23197983572301, -0.332468214146234 ], [ 117.231772324892361, -0.332286757512124 ], [ 117.23166901863469, -0.332178063190095 ], [ 117.231495643784868, -0.3319427085383 ], [ 117.231462406119348, -0.3319067765299 ], [ 117.231357303231107, -0.331762150194768 ], [ 117.231277353170825, -0.331634591562027 ], [ 117.231161470499174, -0.331346237181958 ], [ 117.231091401906994, -0.33116478052727 ], [ 117.231043791196939, -0.331020154181302 ], [ 117.230986299018738, -0.330885409136577 ], [ 117.230962044506086, -0.330793782505119 ], [ 117.230868619716531, -0.330649156153743 ], [ 117.230776991557562, -0.330532377110722 ], [ 117.23069704149728, -0.330458716482879 ], [ 117.23057037904222, -0.330350920441149 ], [ 117.230477852567944, -0.330197311079664 ], [ 117.23044191995659, -0.330042803415424 ], [ 117.230416767128645, -0.329790381005312 ], [ 117.230399699138246, -0.32974816088627 ], [ 117.230399699138246, -0.32974816088627 ], [ 117.230371851364438, -0.329680788355513 ], [ 117.230313460870974, -0.329555026296879 ], [ 117.230266748476183, -0.329491246966537 ], [ 117.230163442218512, -0.329327756286893 ], [ 117.229990067368675, -0.329210977228363 ], [ 117.229990067368675, -0.329210977228363 ], [ 117.229990067368675, -0.329210977228363 ], [ 117.229921795407094, -0.329184028214662 ], [ 117.229852625130192, -0.329147197895819 ], [ 117.229749318872521, -0.329120248881946 ], [ 117.229656792398259, -0.329102282872656 ], [ 117.229589418751942, -0.329102282872656 ], [ 117.229508570376382, -0.329075333858661 ], [ 117.229416942217412, -0.329057367849291 ], [ 117.229372026453206, -0.329057367849291 ], [ 117.22930195786104, -0.329048384844593 ], [ 117.229176193721258, -0.329021435830453 ], [ 117.229085463877567, -0.328975622506247 ], [ 117.228957903107215, -0.328848962138231 ], [ 117.228820460868732, -0.328695352753586 ], [ 117.228601271939411, -0.328477964029759 ], [ 117.228541983130668, -0.328406099987785 ], [ 117.22837130322668, -0.328242609290368 ], [ 117.228266200338453, -0.328133914924123 ], [ 117.228187148593449, -0.328044084868484 ], [ 117.228082045705222, -0.32790844148294 ], [ 117.228011977113042, -0.327789865806655 ], [ 117.227908670855371, -0.327628171700367 ], [ 117.227896094441391, -0.327491630008581 ], [ 117.227917654008209, -0.327382935634184 ], [ 117.227976044501688, -0.327293105571811 ], [ 117.227974247871131, -0.327211360214351 ], [ 117.227996705753228, -0.327166445182496 ], [ 117.2280083838519, -0.327084699824005 ], [ 117.22806407939953, -0.326877192372537 ], [ 117.228085638966363, -0.326767599690811 ], [ 117.228118876631854, -0.32665082060241 ], [ 117.228220386258968, -0.326297788426916 ], [ 117.228230267727099, -0.326198077046861 ], [ 117.228230267727099, -0.326052552328251 ], [ 117.228195233431009, -0.325971705261447 ], [ 117.228149419351524, -0.325890858193994 ], [ 117.228067672660671, -0.325809112825132 ], [ 117.227986824285111, -0.325681554116353 ], [ 117.227917654008209, -0.325555792007525 ], [ 117.227893399495557, -0.325420148588388 ], [ 117.227881721396855, -0.325330318508486 ], [ 117.227881721396855, -0.325292589874688 ], [ 117.227880823081577, -0.32521174280179 ], [ 117.227890704549694, -0.325076099378029 ], [ 117.227890704549694, -0.32495932027002 ], [ 117.227923942215199, -0.324813795533534 ], [ 117.227957179880718, -0.324696118121634 ], [ 117.22799131586153, -0.324570356000532 ], [ 117.228001197329647, -0.324451780284919 ], [ 117.228036231625737, -0.324388899223044 ], [ 117.228046113093853, -0.324316136850959 ], [ 117.228149419351524, -0.324226306761243 ], [ 117.228226674465958, -0.324190374725134 ], [ 117.228320099255498, -0.324217323752228 ], [ 117.228479999376063, -0.324253255788242 ], [ 117.228548271337672, -0.324226306761243 ], [ 117.228582407318456, -0.324181391716087 ], [ 117.228593187101879, -0.324125697059816 ], [ 117.228604865200552, -0.324080782014213 ], [ 117.22864888264948, -0.324044849977588 ], [ 117.228707273142945, -0.324017900950035 ], [ 117.228753087222429, -0.324017900950035 ], [ 117.228811477715894, -0.324017900950035 ], [ 117.228833037282712, -0.324035866968411 ], [ 117.2288563934801, -0.324071799005069 ], [ 117.228878851362225, -0.324107731041599 ], [ 117.228902207559614, -0.324134680068913 ], [ 117.228948021639098, -0.324161629096155 ], [ 117.229027971699381, -0.324161629096155 ], [ 117.229084565562289, -0.324134680068913 ], [ 117.229107921759677, -0.324107731041599 ], [ 117.229142057740475, -0.324044849977588 ], [ 117.229186973504682, -0.323999934931626 ], [ 117.229211228017348, -0.323963104593789 ], [ 117.229266923564978, -0.323945138575284 ], [ 117.229312737644463, -0.323954121584541 ], [ 117.229371128137927, -0.324017900950035 ], [ 117.229405264118711, -0.324053832986756 ], [ 117.229462756296897, -0.324116714050711 ], [ 117.229555282771159, -0.324134680068913 ], [ 117.229634334516149, -0.324107731041599 ], [ 117.229749318872521, -0.324053832986756 ], [ 117.229794234636728, -0.323999934931626 ], [ 117.229794234636728, -0.323918189547466 ], [ 117.229781658222748, -0.323846325472934 ], [ 117.229724166044562, -0.32378164780542 ], [ 117.229654995767689, -0.323718766739385 ], [ 117.22955079119474, -0.323664868682474 ], [ 117.229505875430533, -0.323610970625276 ], [ 117.229459163035756, -0.323538208247605 ], [ 117.229448383252347, -0.323448378150995 ], [ 117.229434908523089, -0.323320819412443 ], [ 117.229444789991206, -0.323230989313909 ], [ 117.229478925972018, -0.323022583482251 ], [ 117.229501383854114, -0.322949821100364 ], [ 117.22954629961832, -0.322868974008767 ], [ 117.229601995165922, -0.322688415501881 ], [ 117.229636131146734, -0.322642602148877 ], [ 117.22965858902883, -0.322569839764271 ], [ 117.229736742458542, -0.322453060627397 ], [ 117.229771776754632, -0.322425213294559 ], [ 117.229863404913601, -0.322407247273334 ], [ 117.229920897091787, -0.322398264262709 ], [ 117.229955033072585, -0.322398264262709 ], [ 117.230010728620215, -0.322453060627397 ], [ 117.230034983132882, -0.322488992669655 ], [ 117.23003588144816, -0.322533907722299 ], [ 117.230014321881328, -0.32258780578521 ], [ 117.230001745467376, -0.322651585159286 ], [ 117.230001745467376, -0.322715364532963 ], [ 117.230037678078745, -0.322796211625781 ], [ 117.230105950040326, -0.322842024978092 ], [ 117.230197578199324, -0.322833041967851 ], [ 117.230254172062203, -0.322833041967851 ], [ 117.2303341221225, -0.322796211625781 ], [ 117.23041497049806, -0.32277824560521 ], [ 117.230459886262267, -0.322724347543308 ], [ 117.230494022243079, -0.322697398512249 ], [ 117.230517378440453, -0.322642602148877 ], [ 117.230517378440453, -0.322614754816559 ], [ 117.230504802026473, -0.322569839764271 ], [ 117.230492225612494, -0.322488992669655 ], [ 117.230492225612494, -0.322425213294559 ], [ 117.230492225612494, -0.322371315230787 ], [ 117.230492225612494, -0.322326400177426 ], [ 117.230502107080639, -0.322216807446393 ], [ 117.230523666647429, -0.322082062283671 ], [ 117.23055780262824, -0.32198235086211 ], [ 117.230580260510337, -0.321946418818065 ], [ 117.230602718392447, -0.321900605461724 ], [ 117.230636854373245, -0.321827843071819 ], [ 117.23070512633484, -0.321702080915203 ], [ 117.230750940414325, -0.321611352501253 ], [ 117.230795856178531, -0.321557454433178 ], [ 117.230908145589041, -0.321402946636454 ], [ 117.2309773158659, -0.321331082544158 ], [ 117.231067147394342, -0.321222388103599 ], [ 117.231112063158548, -0.321076863313604 ], [ 117.231156978922755, -0.320951101147741 ], [ 117.231201894686961, -0.320896304774989 ], [ 117.231271064963821, -0.320887321763034 ], [ 117.231327658826729, -0.320915169100068 ], [ 117.23135191333941, -0.320978050183414 ], [ 117.231341133555986, -0.321076863313604 ], [ 117.231341133555986, -0.321131659685388 ], [ 117.231341133555986, -0.321158608720585 ], [ 117.231341133555986, -0.321285269185055 ], [ 117.231388744266056, -0.321384980613427 ], [ 117.231481270740332, -0.321429895670935 ], [ 117.231607034880099, -0.321447861693882 ], [ 117.231686984940367, -0.321447861693882 ], [ 117.231776816468781, -0.321456844705344 ], [ 117.231950191318617, -0.321456844705344 ], [ 117.23210919312389, -0.321429895670935 ], [ 117.232189143184186, -0.321340065555722 ], [ 117.232188244868908, -0.321304133509416 ], [ 117.232188244868908, -0.321258320150193 ], [ 117.232154108888096, -0.321204422080255 ], [ 117.232084938611237, -0.321186456056879 ], [ 117.232016666649642, -0.321204422080255 ], [ 117.231970852570157, -0.321204422080255 ], [ 117.231890902509875, -0.321176574744009 ], [ 117.231855868213785, -0.321176574744009 ], [ 117.231821732232987, -0.321158608720585 ], [ 117.231764240054815, -0.321067880301808 ], [ 117.231753460271392, -0.321031948254545 ], [ 117.231740883857412, -0.320951101147741 ], [ 117.231749867010251, -0.320824440679131 ], [ 117.231795681089764, -0.320751678281561 ], [ 117.231819037287153, -0.320705864919863 ], [ 117.231875631150032, -0.320696881907741 ], [ 117.231966360993738, -0.32061603479829 ], [ 117.232022954856632, -0.320544170700465 ], [ 117.232022954856632, -0.320507340350134 ], [ 117.231987920560542, -0.320425594937951 ], [ 117.231930428382384, -0.320307917475311 ], [ 117.231929530067077, -0.32027198542538 ], [ 117.231906173869689, -0.320209104337699 ], [ 117.231906173869689, -0.320164189274833 ], [ 117.231905275554411, -0.320109392897871 ], [ 117.231905275554411, -0.320072562545977 ], [ 117.231905275554411, -0.319991715431601 ], [ 117.23191605533782, -0.319955783380563 ], [ 117.231937614904638, -0.319883020976825 ], [ 117.23197175088545, -0.319729411456128 ], [ 117.231983428984122, -0.319692581102871 ], [ 117.232040022847031, -0.319602750972421 ], [ 117.232073260512536, -0.319529988566181 ], [ 117.232073260512536, -0.319503039526702 ], [ 117.232094820079354, -0.319404226381341 ], [ 117.232128956060166, -0.319312599645703 ], [ 117.232163092040935, -0.319258701565535 ], [ 117.232218787588565, -0.319167973129946 ], [ 117.232086735241793, -0.318977533242742 ], [ 117.232016666649642, -0.318689178501164 ], [ 117.231983428984122, -0.318644263431656 ], [ 117.231935818274081, -0.318561619703249 ], [ 117.231798376035599, -0.318390044134549 ], [ 117.231624102870484, -0.31818163820433 ], [ 117.231486660632029, -0.318001079614831 ], [ 117.231381557743774, -0.317837588749973 ], [ 117.231313285782193, -0.317756741618044 ], [ 117.231254895288728, -0.317702843529739 ], [ 117.231174945228432, -0.317639064124882 ], [ 117.231094096852857, -0.317576183021116 ], [ 117.231031214782945, -0.317523183233359 ], [ 117.230935095047556, -0.31744233609897 ], [ 117.230921620318298, -0.317430658179506 ], [ 117.230759923567163, -0.317295014652457 ], [ 117.230722194325239, -0.317259980893526 ], [ 117.230603616707725, -0.317150388108413 ], [ 117.230455394685848, -0.316702135639196 ], [ 117.230158052326814, -0.316634763021906 ], [ 117.229816692518838, -0.316562898896313 ], [ 117.229504078799962, -0.316492831373382 ], [ 117.229437603468952, -0.316119137909754 ], [ 117.229036954852219, -0.316038290764411 ], [ 117.228715357980505, -0.31584785081956 ], [ 117.228344353768165, -0.315953850411936 ], [ 117.228164690711338, -0.315924206458245 ], [ 117.227856568568882, -0.315767003672106 ], [ 117.227055271335459, -0.31546786922106 ], [ 117.226606113693407, -0.315169633063109 ], [ 117.226290805028668, -0.314787854836403 ], [ 117.225725764714966, -0.314399788483404 ], [ 117.225387998168117, -0.314363856412952 ] ] ] } },
{ "type": "Feature", "properties": { "FID": 54, "Kode_Prov": 64, "Provinsi": "Kalimantan Timur", "Kode_kota": "6472", "Kota": "Kota Samarinda", "Kode_Kec": 647206, "Kecamatan": "Samarinda Ulu", "Kode_Kel": 64720604, "Kelurahan": "Air Hitam", "Sumber": "Revisi RTRW Kota Samarinda Tahun 2019 (Data belum disahkan)", "city": "samarinda", "source_layer": "Batas Administrasi AR", "role": "admin" }, "geometry": { "type": "Polygon", "coordinates": [ [ [ 117.134329371078067, -0.48653698189173 ], [ 117.134394049778521, -0.48634564763212 ], [ 117.134477593099945, -0.485935132324423 ], [ 117.134525203809986, -0.485721340972679 ], [ 117.134584492618757, -0.48554887063357 ], [ 117.134786613557679, -0.485352146647653 ], [ 117.134976158082651, -0.485229980151236 ], [ 117.134946513678258, -0.484339781570328 ], [ 117.134987836181324, -0.483843929232367 ], [ 117.134940225471283, -0.483432515489666 ], [ 117.134811766385653, -0.482986966954172 ], [ 117.134745291054614, -0.482685143736113 ], [ 117.134680612354146, -0.482616874196837 ], [ 117.134387761571546, -0.482609687929505 ], [ 117.134242234495503, -0.482624060464161 ], [ 117.133767924025506, -0.482672567768403 ], [ 117.133574786239407, -0.48217402045832 ], [ 117.13338703834502, -0.481821893327215 ], [ 117.134261099116486, -0.481408682895058 ], [ 117.134597967348029, -0.481120333861261 ], [ 117.135272602126406, -0.480606515615076 ], [ 117.135709183354464, -0.48018522055571 ], [ 117.13660570200804, -0.477921545165903 ], [ 117.137665714043294, -0.475279691317448 ], [ 117.138140024513319, -0.47440835541621 ], [ 117.1381355329369, -0.473951128595263 ], [ 117.138106786847786, -0.473684338078721 ], [ 117.138154397557855, -0.47336993846692 ], [ 117.138565825957983, -0.472430332685021 ], [ 117.13853618155359, -0.472155457546972 ], [ 117.138682606944911, -0.471705416856315 ], [ 117.138850591903037, -0.471312866369842 ], [ 117.138988932456783, -0.470949060979329 ], [ 117.1390563061031, -0.470580764144901 ], [ 117.1390563061031, -0.470439733400715 ], [ 117.138979050988667, -0.470130723352534 ], [ 117.138919762179924, -0.46978578188725 ], [ 117.13884250706549, -0.469119254320165 ], [ 117.138743692384239, -0.46834583074294 ], [ 117.138724827763255, -0.467689184177745 ], [ 117.138705064827022, -0.467227465489096 ], [ 117.138776930049744, -0.466917557013742 ], [ 117.138929643648041, -0.466388466860486 ], [ 117.139039238112687, -0.466003102360499 ], [ 117.139148832577362, -0.465580009843227 ], [ 117.139419225477909, -0.464602675014168 ], [ 117.139640211037786, -0.463895724093062 ], [ 117.139719262782791, -0.463492393739208 ], [ 117.139757890339993, -0.463170807382706 ], [ 117.139768670123416, -0.462580633500556 ], [ 117.139804602734785, -0.461932070973769 ], [ 117.139867484804668, -0.461368845573535 ], [ 117.139906112361871, -0.46080112869756 ], [ 117.139872874696366, -0.460256767220196 ], [ 117.139804602734785, -0.459733066287744 ], [ 117.139756992024715, -0.459451902649498 ], [ 117.139737229088482, -0.459331532270636 ], [ 117.139656380712907, -0.458116150645207 ], [ 117.139656380712907, -0.457763124014682 ], [ 117.139756093709437, -0.457454113412886 ], [ 117.140251065430974, -0.45611656446282 ], [ 117.140279811520074, -0.455731199406871 ], [ 117.140251065430974, -0.455455425333197 ], [ 117.140098351832677, -0.454974841824547 ], [ 117.139873773011644, -0.454285855691827 ], [ 117.139960011278916, -0.454044216471957 ], [ 117.140226810918307, -0.453308519317888 ], [ 117.139527921627277, -0.452927645548194 ], [ 117.138929643648041, -0.448285295732768 ], [ 117.138449943286332, -0.448424530338694 ], [ 117.13826399202253, -0.448524240280664 ], [ 117.138107685163064, -0.448634729674235 ], [ 117.137979226077434, -0.44876318482076 ], [ 117.137778901769096, -0.44918807490473 ], [ 117.137536356642386, -0.449687522836541 ], [ 117.137218353031813, -0.450433999807603 ], [ 117.136919214042194, -0.451065495909949 ], [ 117.136718889733828, -0.451532605367187 ], [ 117.13651946374074, -0.451893716888561 ], [ 117.136351478782629, -0.452107509273353 ], [ 117.136187087085631, -0.452293454745765 ], [ 117.135991254353712, -0.452489281373395 ], [ 117.135676844004252, -0.452756970975091 ], [ 117.135483706218167, -0.452971661621658 ], [ 117.135309433053038, -0.453199826569617 ], [ 117.135177380706295, -0.453442364104841 ], [ 117.1350803626556, -0.453710053671322 ], [ 117.135023768792692, -0.45402445415622 ], [ 117.135012989009297, -0.454281364256587 ], [ 117.134977056397929, -0.454663136242008 ], [ 117.134902496229344, -0.455077246537486 ], [ 117.134823444484354, -0.455384460667581 ], [ 117.134702171920978, -0.455630591276982 ], [ 117.134598865663307, -0.45585875614096 ], [ 117.134266489008183, -0.456319577281199 ], [ 117.134023943881473, -0.456601639329084 ], [ 117.133721211630728, -0.456918734548047 ], [ 117.133303495023597, -0.457325658420432 ], [ 117.132824692977181, -0.457790072613045 ], [ 117.132403383108908, -0.458099981486936 ], [ 117.131822173120099, -0.458443126949058 ], [ 117.131496982987244, -0.458628173971546 ], [ 117.130922959520674, -0.458839271297183 ], [ 117.130269884309143, -0.459059351481109 ], [ 117.129980626787656, -0.459170739000188 ], [ 117.129729098508108, -0.459271347080445 ], [ 117.12920987227389, -0.459603713049798 ], [ 117.128906241707853, -0.459889368113802 ], [ 117.128502898145285, -0.460488525081977 ], [ 117.128338506448287, -0.46075621438582 ], [ 117.127906416796606, -0.46125925466113 ], [ 117.127618057590425, -0.461524249077577 ], [ 117.127063797060117, -0.461888953241357 ], [ 117.126593079851219, -0.46231653740954 ], [ 117.126364907769073, -0.462580633500556 ], [ 117.126059480572479, -0.463013607342792 ], [ 117.12592024170344, -0.463307346843115 ], [ 117.125938208009131, -0.463392684004535 ], [ 117.127720465532789, -0.471535641019344 ], [ 117.126535587673047, -0.471533844449619 ], [ 117.126724233882712, -0.472450094949429 ], [ 117.126403535326276, -0.472629751896016 ], [ 117.126533791042476, -0.472941456687317 ], [ 117.126236448683443, -0.473042962855527 ], [ 117.127456360839275, -0.475462043043701 ], [ 117.128244183343455, -0.47517189719129 ], [ 117.128057333764346, -0.474720958411966 ], [ 117.12986564243127, -0.474066109016732 ], [ 117.129936609338728, -0.474257443620101 ], [ 117.130532192372087, -0.474293375000426 ], [ 117.13121042041162, -0.476539984184192 ], [ 117.131371218847477, -0.476468121446736 ], [ 117.131746714636236, -0.47769427930177 ], [ 117.13223899141191, -0.477609840599348 ], [ 117.132603707417275, -0.478990503082048 ], [ 117.131973090087826, -0.478954571726228 ], [ 117.13146913521345, -0.47910817827104 ], [ 117.132069209823229, -0.48005856254771 ], [ 117.1317323415917, -0.481298194014389 ], [ 117.132725878295929, -0.482465962581269 ], [ 117.133384343399158, -0.483518750686708 ], [ 117.133376258561626, -0.485367417459551 ], [ 117.133215460125768, -0.48665465695011 ], [ 117.133454411991323, -0.486704960791234 ], [ 117.134063469753983, -0.486545964720686 ], [ 117.134329371078067, -0.48653698189173 ] ] ] } },
{ "type": "Feature", "properties": { "FID": 55, "Kode_Prov": 64, "Provinsi": "Kalimantan Timur", "Kode_kota": "6472", "Kota": "Kota Samarinda", "Kode_Kec": 647206, "Kecamatan": "Samarinda Ulu", "Kode_Kel": 64720603, "Kelurahan": "Air Putih", "Sumber": "Revisi RTRW Kota Samarinda Tahun 2019 (Data belum disahkan)", "city": "samarinda", "source_layer": "Batas Administrasi AR", "role": "admin" }, "geometry": { "type": "Polygon", "coordinates": [ [ [ 117.122635102709395, -0.490990667016851 ], [ 117.122677323527768, -0.490537932722038 ], [ 117.122891122565363, -0.490549610392726 ], [ 117.123391484178626, -0.490391512695533 ], [ 117.123435501627554, -0.490624167828175 ], [ 117.123439094888695, -0.490735554838622 ], [ 117.123485807283458, -0.490849636694174 ], [ 117.123581028703597, -0.490917007867798 ], [ 117.123556774190902, -0.49124218605628 ], [ 117.12359270680227, -0.491452384103398 ], [ 117.124124509450468, -0.491355369620935 ], [ 117.124188289835644, -0.491588024720036 ], [ 117.124231408969294, -0.491816188400086 ], [ 117.124323935443527, -0.492069503972736 ], [ 117.124543124372892, -0.492034470968581 ], [ 117.124564683939681, -0.492277905429549 ], [ 117.124763211617491, -0.492184484087645 ], [ 117.124841365047189, -0.49240546149042 ], [ 117.124766804878632, -0.492470137802042 ], [ 117.124895263964248, -0.492869873325221 ], [ 117.124880890919698, -0.493030665809802 ], [ 117.125058757345968, -0.493081867885083 ], [ 117.125213267574821, -0.493159120138269 ], [ 117.125460304277951, -0.493186068598473 ], [ 117.125562712220344, -0.493227389570572 ], [ 117.125591458309444, -0.49319594970052 ], [ 117.125955275999502, -0.493252541466507 ], [ 117.126226567215312, -0.493300150412124 ], [ 117.126445756144648, -0.493330691999699 ], [ 117.126406230272138, -0.493046834886249 ], [ 117.126403535326276, -0.493029767527776 ], [ 117.126665843389247, -0.493037852066005 ], [ 117.126862574436473, -0.493018089861427 ], [ 117.127137458913424, -0.492979463734128 ], [ 117.127369224256711, -0.492950718709015 ], [ 117.127362936049735, -0.492709979118827 ], [ 117.127692617758981, -0.492776451991614 ], [ 117.127938756146861, -0.492742317273238 ], [ 117.128224420407207, -0.492643506245377 ], [ 117.12839779525703, -0.492598592141318 ], [ 117.128672679733953, -0.492525831292102 ], [ 117.128972717038849, -0.4924234271326 ], [ 117.129244906569966, -0.492378513027059 ], [ 117.129609622575302, -0.492339886896052 ], [ 117.129849472756149, -0.49240456320831 ], [ 117.130060576847939, -0.492470137802042 ], [ 117.130187239302998, -0.492507865650198 ], [ 117.130217782022655, -0.49238390271974 ], [ 117.130272579254978, -0.492353361127824 ], [ 117.130360614152835, -0.492196161755454 ], [ 117.130401038340622, -0.492053334893918 ], [ 117.130401038340622, -0.491888949257044 ], [ 117.130348936054133, -0.491658090732849 ], [ 117.130334563009598, -0.491525144964321 ], [ 117.130360614152835, -0.491431723611881 ], [ 117.130444157474273, -0.4913230314598 ], [ 117.130546565416665, -0.491268236241966 ], [ 117.130570819929318, -0.491208051330055 ], [ 117.130649871674336, -0.490915211303177 ], [ 117.130825941470007, -0.490766994720268 ], [ 117.131169097908526, -0.490634048934015 ], [ 117.131459253745319, -0.490572067451684 ], [ 117.131611069028338, -0.490495713450921 ], [ 117.131701798872029, -0.490424749143549 ], [ 117.132044056995269, -0.490315158692711 ], [ 117.132273127392708, -0.490139095341707 ], [ 117.132325229679196, -0.49004836881719 ], [ 117.132409671315912, -0.489927998970883 ], [ 117.132583944481027, -0.490002556413253 ], [ 117.133031305492523, -0.490333124340512 ], [ 117.133364580462924, -0.489451010976575 ], [ 117.133566701401847, -0.48851679710416 ], [ 117.133751754350385, -0.487951777304817 ], [ 117.133899976372263, -0.48738136776132 ], [ 117.134049096709418, -0.487041816860519 ], [ 117.134287150259709, -0.486660944930271 ], [ 117.134329371078067, -0.48653698189173 ], [ 117.134063469753983, -0.486545964720686 ], [ 117.133454411991323, -0.486704960791234 ], [ 117.133215460125768, -0.48665465695011 ], [ 117.133376258561626, -0.485367417459551 ], [ 117.133384343399158, -0.483518750686708 ], [ 117.132725878295929, -0.482465962581269 ], [ 117.1317323415917, -0.481298194014389 ], [ 117.132069209823229, -0.48005856254771 ], [ 117.13146913521345, -0.47910817827104 ], [ 117.131973090087826, -0.478954571726228 ], [ 117.132603707417275, -0.478990503082048 ], [ 117.13223899141191, -0.477609840599348 ], [ 117.131746714636236, -0.47769427930177 ], [ 117.131371218847477, -0.476468121446736 ], [ 117.13121042041162, -0.476539984184192 ], [ 117.130532192372087, -0.474293375000426 ], [ 117.129936609338728, -0.474257443620101 ], [ 117.12986564243127, -0.474066109016732 ], [ 117.128057333764346, -0.474720958411966 ], [ 117.128244183343455, -0.47517189719129 ], [ 117.127456360839275, -0.475462043043701 ], [ 117.126236448683443, -0.473042962855527 ], [ 117.126533791042476, -0.472941456687317 ], [ 117.126403535326276, -0.472629751896016 ], [ 117.126724233882712, -0.472450094949429 ], [ 117.126535587673047, -0.471533844449619 ], [ 117.127720465532789, -0.471535641019344 ], [ 117.125938208009131, -0.463392684004535 ], [ 117.12592024170344, -0.463307346843115 ], [ 117.125708239296372, -0.463751100071272 ], [ 117.125411795252603, -0.464496677294797 ], [ 117.12518721643157, -0.465064393874908 ], [ 117.124826093687375, -0.465717447542706 ], [ 117.124597921605215, -0.466106405200559 ], [ 117.1243661562619, -0.466456736559916 ], [ 117.124080492001553, -0.466763051913679 ], [ 117.123723860833778, -0.467116976382059 ], [ 117.123673555177845, -0.467159195797148 ], [ 117.123416637006599, -0.467373886010379 ], [ 117.122974665886801, -0.46765055790729 ], [ 117.122351235079634, -0.46793351779058 ], [ 117.122247030506657, -0.467957771494331 ], [ 117.122098808484779, -0.467981126912678 ], [ 117.12199460391183, -0.467947890355776 ], [ 117.121860754934488, -0.467900281233452 ], [ 117.121661328941414, -0.467829316692029 ], [ 117.121475377677612, -0.46776194529128 ], [ 117.121346918591968, -0.467738589872203 ], [ 117.121242714019019, -0.467728708733339 ], [ 117.121000168892294, -0.467752962437798 ], [ 117.119685933631644, -0.46765055790729 ], [ 117.118588192354437, -0.46765055790729 ], [ 117.116602017261272, -0.467588576217047 ], [ 117.116393608115345, -0.467609236780522 ], [ 117.116273233867261, -0.467647863051204 ], [ 117.115939060581567, -0.467871536102835 ], [ 117.115090152638075, -0.468792278509321 ], [ 117.114757775982952, -0.469269267942555 ], [ 117.113940309074394, -0.470068741684247 ], [ 117.113252199566787, -0.47087091018926 ], [ 117.113055468519562, -0.471219444740511 ], [ 117.112912636389382, -0.471471862793803 ], [ 117.112527259132492, -0.471793448770152 ], [ 117.112209255521918, -0.472008138841061 ], [ 117.111909218217008, -0.472189592368628 ], [ 117.111527434221259, -0.472433027539262 ], [ 117.111352262740866, -0.472603701639049 ], [ 117.111234583438645, -0.472778867158153 ], [ 117.111131277180974, -0.472992658913944 ], [ 117.110970478745116, -0.473382514451666 ], [ 117.110827646614936, -0.47378225109777 ], [ 117.110683017854186, -0.474070600439407 ], [ 117.11054198235459, -0.474442490226779 ], [ 117.110389268756293, -0.474681433896042 ], [ 117.110196130970209, -0.474909598143948 ], [ 117.109985925193726, -0.475102729292786 ], [ 117.109735295229456, -0.47531292783934 ], [ 117.109521496191832, -0.475444975640955 ], [ 117.109300510631925, -0.47556983716533 ], [ 117.109161271762886, -0.475605768538832 ], [ 117.109018439632734, -0.475605768538832 ], [ 117.108803742279832, -0.475555464615876 ], [ 117.108454297634282, -0.475423416816374 ], [ 117.108036581027179, -0.475252742786066 ], [ 117.107433811471523, -0.475088356742361 ], [ 117.106751990170892, -0.474844023380557 ], [ 117.106327087041507, -0.474732636109809 ], [ 117.105974049134844, -0.474685925318317 ], [ 117.105480874043863, -0.47476138121211 ], [ 117.104944579819247, -0.474841328527253 ], [ 117.104442421575428, -0.474945529520884 ], [ 117.103823482344652, -0.475081170467137 ], [ 117.103764193535909, -0.475092848164372 ], [ 117.102905404124286, -0.475311131270594 ], [ 117.10254517969534, -0.47539197686374 ], [ 117.102197531680403, -0.475525821232535 ], [ 117.101954088238415, -0.475680326138252 ], [ 117.101727712786811, -0.475879745255634 ], [ 117.101401624338678, -0.476256126366875 ], [ 117.101399827708093, -0.476257024651125 ], [ 117.102069970910065, -0.477018769653351 ], [ 117.102836233847398, -0.477890105224673 ], [ 117.109268171281698, -0.481698828483735 ], [ 117.118366308479267, -0.491684140916913 ], [ 117.11892685721655, -0.492119807773252 ], [ 117.119169402343289, -0.491907813182792 ], [ 117.119452371657772, -0.491597905824452 ], [ 117.119952733271006, -0.490821789942211 ], [ 117.119976987783701, -0.490616981569373 ], [ 117.120038971538307, -0.490553203522164 ], [ 117.120137786219559, -0.490348395141105 ], [ 117.120412670696481, -0.490410376625508 ], [ 117.120922913777861, -0.490657404275035 ], [ 117.121001067207601, -0.490814603683621 ], [ 117.121537361432217, -0.491070614141124 ], [ 117.122297336162589, -0.491107443714906 ], [ 117.122635102709395, -0.490990667016851 ] ] ] } },
{ "type": "Feature", "properties": { "FID": 56, "Kode_Prov": 64, "Provinsi": "Kalimantan Timur", "Kode_kota": "6472", "Kota": "Kota Samarinda", "Kode_Kec": 647203, "Kecamatan": "Sungai Kunjang", "Kode_Kel": 64720305, "Kelurahan": "Teluk Lerong Ulu", "Sumber": "Revisi RTRW Kota Samarinda Tahun 2019 (Data belum disahkan)", "city": "samarinda", "source_layer": "Batas Administrasi AR", "role": "admin" }, "geometry": { "type": "Polygon", "coordinates": [ [ [ 117.122635102709395, -0.490990667016851 ], [ 117.122297336162589, -0.491107443714906 ], [ 117.121537361432217, -0.491070614141124 ], [ 117.121001067207601, -0.490814603683621 ], [ 117.120922913777861, -0.490657404275035 ], [ 117.120412670696481, -0.490410376625508 ], [ 117.120137786219559, -0.490348395141105 ], [ 117.120038971538307, -0.490553203522164 ], [ 117.120341703789066, -0.490952939160121 ], [ 117.120663300660752, -0.491204458200969 ], [ 117.12131637587234, -0.491403876862343 ], [ 117.12221019958001, -0.491395792322133 ], [ 117.122657560591506, -0.492623744039628 ], [ 117.123183075032699, -0.493983742971048 ], [ 117.123373517872949, -0.494570321024031 ], [ 117.123528926417109, -0.494988022056198 ], [ 117.12374003050887, -0.495548549851569 ], [ 117.124039169498488, -0.496418984747463 ], [ 117.124384122567591, -0.497306486876289 ], [ 117.123862201387496, -0.497572378179114 ], [ 117.122996225453619, -0.497990079021708 ], [ 117.121988315704826, -0.498494014841736 ], [ 117.121201391515953, -0.498886563751475 ], [ 117.120445010046737, -0.499251265921231 ], [ 117.120051547952286, -0.499448887778167 ], [ 117.119677848794083, -0.499807301948993 ], [ 117.119216114738052, -0.500330101531513 ], [ 117.11882714422002, -0.500744209075045 ], [ 117.118158797648647, -0.501443969918863 ], [ 117.117622503424002, -0.502028750746382 ], [ 117.117355703784639, -0.50234764042292 ], [ 117.117778810283468, -0.502745578786182 ], [ 117.118317799453919, -0.503273767817791 ], [ 117.118989739286434, -0.503898072825505 ], [ 117.11933289572498, -0.504225046935173 ], [ 117.120126108120857, -0.504943671294305 ], [ 117.119603288625484, -0.505647024808886 ], [ 117.123301652650213, -0.507251353229889 ], [ 117.125294115950382, -0.504794556746313 ], [ 117.127474327144967, -0.504057966760306 ], [ 117.127692617758981, -0.500271713264053 ], [ 117.127833653258605, -0.500210630152924 ], [ 117.128036672512835, -0.500166614381316 ], [ 117.128212742308506, -0.500077684556148 ], [ 117.128286404161798, -0.500005822070282 ], [ 117.128353777808101, -0.499880062718126 ], [ 117.128455287435216, -0.499779455234667 ], [ 117.12854062738721, -0.499756998206899 ], [ 117.128672679733953, -0.49975071023911 ], [ 117.128793053982037, -0.49969591509098 ], [ 117.12885593605192, -0.499552190110109 ], [ 117.128950259156753, -0.499413854813052 ], [ 117.129090396341084, -0.499181199988709 ], [ 117.129251194776941, -0.498944952031243 ], [ 117.129408399951657, -0.498658400314796 ], [ 117.129605130998883, -0.49839520389967 ], [ 117.129722810301104, -0.498252377171702 ], [ 117.129842286233895, -0.498000858397941 ], [ 117.129833303081057, -0.497916419950312 ], [ 117.12976592943474, -0.49743134799618 ], [ 117.129794675523826, -0.497324452505196 ], [ 117.12988810031338, -0.497166354969139 ], [ 117.129944694176288, -0.497107966673615 ], [ 117.130098306089863, -0.496962445073294 ], [ 117.130183646041857, -0.496781890490661 ], [ 117.130232155067205, -0.496687570930607 ], [ 117.130233951697775, -0.496645351698528 ], [ 117.130209697185094, -0.496606725592347 ], [ 117.130189035933554, -0.49656809948594 ], [ 117.130073153261904, -0.496519592282226 ], [ 117.129977033526515, -0.496487254146219 ], [ 117.129842286233895, -0.496462102262549 ], [ 117.129668911384059, -0.496410001931784 ], [ 117.129622198989296, -0.496365087853209 ], [ 117.12949014664251, -0.496308496113771 ], [ 117.129342822935939, -0.496273463131971 ], [ 117.129199990805759, -0.496268073442447 ], [ 117.129113752538473, -0.496268971724035 ], [ 117.129055362045008, -0.496204295449411 ], [ 117.128949360841474, -0.496105484473072 ], [ 117.128898156870292, -0.496048892731412 ], [ 117.128882885510436, -0.495941997218069 ], [ 117.128886478771577, -0.495818932633343 ], [ 117.12891163159955, -0.495700359454655 ], [ 117.128966428831873, -0.495662631624627 ], [ 117.129085904764665, -0.495618615822656 ], [ 117.129226041949011, -0.495590769090646 ], [ 117.129370670709747, -0.495581786273844 ], [ 117.129472180336833, -0.495598853625758 ], [ 117.129601537737742, -0.495568312048617 ], [ 117.129792878893269, -0.495509923738985 ], [ 117.129897083466219, -0.495486568414989 ], [ 117.129976135211237, -0.495475789034655 ], [ 117.130040813911677, -0.495434468076546 ], [ 117.130080339784186, -0.495286251594251 ], [ 117.130101001035726, -0.495037427552887 ], [ 117.130122560602544, -0.49484609353639 ], [ 117.130207900554538, -0.494616133396585 ], [ 117.130258206210442, -0.494466120332339 ], [ 117.130304918605233, -0.494235261897508 ], [ 117.130250121372882, -0.493992725790014 ], [ 117.130189035933554, -0.493810374562624 ], [ 117.130109984188564, -0.493567838439626 ], [ 117.130136933647094, -0.493293862438194 ], [ 117.130137831962372, -0.493089952423249 ], [ 117.130106390927423, -0.492957006683269 ], [ 117.130079441468908, -0.492878856145691 ], [ 117.130064170109051, -0.492802502171309 ], [ 117.13010369598156, -0.492679437528405 ], [ 117.130153103322186, -0.492568948832474 ], [ 117.130187239302998, -0.492507865650198 ], [ 117.130060576847939, -0.492470137802042 ], [ 117.129849472756149, -0.49240456320831 ], [ 117.129609622575302, -0.492339886896052 ], [ 117.129244906569966, -0.492378513027059 ], [ 117.128972717038849, -0.4924234271326 ], [ 117.128672679733953, -0.492525831292102 ], [ 117.12839779525703, -0.492598592141318 ], [ 117.128224420407207, -0.492643506245377 ], [ 117.127938756146861, -0.492742317273238 ], [ 117.127692617758981, -0.492776451991614 ], [ 117.127362936049735, -0.492709979118827 ], [ 117.127369224256711, -0.492950718709015 ], [ 117.127137458913424, -0.492979463734128 ], [ 117.126862574436473, -0.493018089861427 ], [ 117.126665843389247, -0.493037852066005 ], [ 117.126403535326276, -0.493029767527776 ], [ 117.126406230272138, -0.493046834886249 ], [ 117.126445756144648, -0.493330691999699 ], [ 117.126226567215312, -0.493300150412124 ], [ 117.125955275999502, -0.493252541466507 ], [ 117.125591458309444, -0.49319594970052 ], [ 117.125562712220344, -0.493227389570572 ], [ 117.125460304277951, -0.493186068598473 ], [ 117.125213267574821, -0.493159120138269 ], [ 117.125058757345968, -0.493081867885083 ], [ 117.124880890919698, -0.493030665809802 ], [ 117.124895263964248, -0.492869873325221 ], [ 117.124766804878632, -0.492470137802042 ], [ 117.124841365047189, -0.49240546149042 ], [ 117.124763211617491, -0.492184484087645 ], [ 117.124564683939681, -0.492277905429549 ], [ 117.124543124372892, -0.492034470968581 ], [ 117.124323935443527, -0.492069503972736 ], [ 117.124231408969294, -0.491816188400086 ], [ 117.124188289835644, -0.491588024720036 ], [ 117.124124509450468, -0.491355369620935 ], [ 117.12359270680227, -0.491452384103398 ], [ 117.123556774190902, -0.49124218605628 ], [ 117.123581028703597, -0.490917007867798 ], [ 117.123485807283458, -0.490849636694174 ], [ 117.123439094888695, -0.490735554838622 ], [ 117.123435501627554, -0.490624167828175 ], [ 117.123391484178626, -0.490391512695533 ], [ 117.122891122565363, -0.490549610392726 ], [ 117.122677323527768, -0.490537932722038 ], [ 117.122635102709395, -0.490990667016851 ] ] ] } },
{ "type": "Feature", "properties": { "FID": 57, "Kode_Prov": 64, "Provinsi": "Kalimantan Timur", "Kode_kota": "6472", "Kota": "Kota Samarinda", "Kode_Kec": 647205, "Kecamatan": "Palaran", "Kode_Kel": 64720504, "Kelurahan": "Bukuan", "Sumber": "Revisi RTRW Kota Samarinda Tahun 2019 (Data belum disahkan)", "city": "samarinda", "source_layer": "Batas Administrasi AR", "role": "admin" }, "geometry": { "type": "Polygon", "coordinates": [ [ [ 117.224868771933899, -0.618922701984248 ], [ 117.22564940791581, -0.615516488077481 ], [ 117.227340935595805, -0.614088249003356 ], [ 117.229216617909046, -0.611981820238756 ], [ 117.230258663638622, -0.609230436773297 ], [ 117.230827297213466, -0.60804203270646 ], [ 117.231077028862458, -0.607862379763528 ], [ 117.231886410933456, -0.607824652644753 ], [ 117.24035213417099, -0.607521039155495 ], [ 117.240394354989363, -0.607519242625922 ], [ 117.242100255713893, -0.608036643118259 ], [ 117.243480067990291, -0.609249300327801 ], [ 117.243605832130058, -0.609251096856798 ], [ 117.24432628098792, -0.608669021430439 ], [ 117.244623623346982, -0.607471634592019 ], [ 117.244742200964481, -0.607049450122082 ], [ 117.245150036103482, -0.60631826247278 ], [ 117.245473429605767, -0.605880807406874 ], [ 117.245561464503595, -0.605146924804262 ], [ 117.245028763540134, -0.604659166789456 ], [ 117.244990135982903, -0.604486699856605 ], [ 117.243741477737984, -0.60347884610828 ], [ 117.243480067990291, -0.60323990749171 ], [ 117.243440542117781, -0.603069237044879 ], [ 117.243465694945755, -0.602866229032733 ], [ 117.243612120337062, -0.602616511202102 ], [ 117.243808851384287, -0.60241260490745 ], [ 117.24406217629442, -0.602180852369462 ], [ 117.24425351744992, -0.602037129860333 ], [ 117.244397247895378, -0.601767650145506 ], [ 117.244451146812423, -0.601596081386798 ], [ 117.244487079423791, -0.601454155393841 ], [ 117.244604758725998, -0.601375108003759 ], [ 117.244725132974068, -0.601392175053987 ], [ 117.24795996631218, -0.60207306048797 ], [ 117.248936435026039, -0.599879495237216 ], [ 117.248616634784909, -0.598697376989523 ], [ 117.25157029543908, -0.590785442241835 ], [ 117.252702172697084, -0.589614101259105 ], [ 117.252756969929408, -0.589290724870751 ], [ 117.252972565597588, -0.588122976645476 ], [ 117.25312707582647, -0.587213929396351 ], [ 117.253186364635212, -0.586433334357932 ], [ 117.25326990795665, -0.585897966466573 ], [ 117.253274399533069, -0.585877306295243 ], [ 117.253867287620565, -0.585935693735761 ], [ 117.254566176911609, -0.585916830101199 ], [ 117.255065640209594, -0.585623994623184 ], [ 117.255517492797495, -0.585136234881981 ], [ 117.255871429019436, -0.584808366892143 ], [ 117.256306213616952, -0.584626018385397 ], [ 117.256695184134969, -0.584630509727999 ], [ 117.25722339352204, -0.584453550826769 ], [ 117.257871078841887, -0.584090650321531 ], [ 117.258958938650963, -0.583516656652784 ], [ 117.259898576438147, -0.583027100191065 ], [ 117.262798338175273, -0.577917745080775 ], [ 117.261126573431554, -0.577224280916735 ], [ 117.259607522286089, -0.576781433938715 ], [ 117.258096555978199, -0.576341281735748 ], [ 117.248161188935853, -0.574170163127192 ], [ 117.244652369436068, -0.574004881411968 ], [ 117.239372970511326, -0.574360596401851 ], [ 117.23589738867706, -0.575575057513536 ], [ 117.23514549878422, -0.57606551288921 ], [ 117.234840071587627, -0.57606641115909 ], [ 117.234664900107234, -0.576075393857883 ], [ 117.234413371827657, -0.576075393857883 ], [ 117.234298387471313, -0.576103240224052 ], [ 117.233367732836967, -0.576095155795178 ], [ 117.233153933799343, -0.576086173096416 ], [ 117.232788319478715, -0.576086173096416 ], [ 117.232574520441091, -0.576060123269926 ], [ 117.232475705759839, -0.576060123269926 ], [ 117.232146922365843, -0.576033175173432 ], [ 117.23201756496492, -0.576033175173432 ], [ 117.231712137768326, -0.575998142647799 ], [ 117.231193809849387, -0.575998142647799 ], [ 117.231017740053687, -0.575980177249954 ], [ 117.230857839933137, -0.57596311012195 ], [ 117.230598226816028, -0.57596311012195 ], [ 117.230353885058761, -0.575927179325984 ], [ 117.230163442218512, -0.575882265830709 ], [ 117.230018813457761, -0.575883164100618 ], [ 117.229881371219278, -0.575856216003287 ], [ 117.229781658222748, -0.575856216003287 ], [ 117.229690928379057, -0.575811302507452 ], [ 117.229560672662871, -0.575766389011263 ], [ 117.229446586621791, -0.575748423612689 ], [ 117.229331602265418, -0.575721475514721 ], [ 117.229164515622585, -0.575640631220053 ], [ 117.228996530664446, -0.575586735022971 ], [ 117.228851003588403, -0.575560685194199 ], [ 117.228668645585714, -0.575524754395697 ], [ 117.228507847149885, -0.575497806296672 ], [ 117.228225776150666, -0.575416961998834 ], [ 117.228057791192526, -0.57537204849954 ], [ 117.227775720193321, -0.57525527339972 ], [ 117.227614921757464, -0.575211258169168 ], [ 117.227534073381889, -0.575174429098446 ], [ 117.227493649194102, -0.57515736196803 ], [ 117.227393936197572, -0.575121431166988 ], [ 117.227271765318918, -0.575058552264621 ], [ 117.227157679277852, -0.575013638762507 ], [ 117.227057966281322, -0.574950759858952 ], [ 117.226898066160743, -0.574887880954705 ], [ 117.226745352562446, -0.574825002049766 ], [ 117.226592638964149, -0.574780088545814 ], [ 117.226463281563198, -0.57469924423781 ], [ 117.226371653404229, -0.574672296134888 ], [ 117.226181210564022, -0.574573486423086 ], [ 117.226066226207635, -0.574528572917157 ], [ 117.225982682886212, -0.574502523083556 ], [ 117.225829969287915, -0.574421678771625 ], [ 117.225608983728023, -0.574331851757026 ], [ 117.225448185292166, -0.574251007442681 ], [ 117.225311641368975, -0.574170163127192 ], [ 117.225174199130493, -0.574107284214355 ], [ 117.225052028251866, -0.574071353406709 ], [ 117.224868771933899, -0.573981526386606 ], [ 117.224654972896303, -0.573900682067307 ], [ 117.224563344737305, -0.573864751258363 ], [ 117.224433987336397, -0.573828820449193 ], [ 117.224311816457757, -0.573775822505256 ], [ 117.224174374219288, -0.57373090899306 ], [ 117.22408274606029, -0.57369497818305 ], [ 117.22392284593974, -0.573623116562353 ], [ 117.223807861583353, -0.573578203048959 ], [ 117.223602147383289, -0.573497358723961 ], [ 117.223510519224334, -0.573479393318251 ], [ 117.223373076985851, -0.573434479803729 ], [ 117.223289533664413, -0.573407531694846 ], [ 117.223091005986632, -0.573362618179761 ], [ 117.223007462665208, -0.573317704664323 ], [ 117.222915834506239, -0.573282672122037 ], [ 117.222808934987427, -0.573264706715653 ], [ 117.222679577586504, -0.573201827792866 ], [ 117.222587949427549, -0.573156914276166 ], [ 117.22246577854888, -0.573094035352196 ], [ 117.222259166033538, -0.572995225613133 ], [ 117.221847737633411, -0.572797606129896 ], [ 117.221748024636881, -0.572734727201982 ], [ 117.22160339587613, -0.572653882865079 ], [ 117.221519852554721, -0.572599986639844 ], [ 117.22138959683852, -0.572519142301041 ], [ 117.2211533399188, -0.57240236714298 ], [ 117.221000626320503, -0.572304455662466 ], [ 117.220893726801691, -0.572223611319497 ], [ 117.220718555321255, -0.572115818860432 ], [ 117.220611655802472, -0.572052939925043 ], [ 117.220390670242566, -0.571909216641566 ], [ 117.220275685886207, -0.571828372293029 ], [ 117.220146328485299, -0.571756510648928 ], [ 117.219917258087847, -0.571648718181092 ], [ 117.219787900686939, -0.571549908417131 ], [ 117.219604644368957, -0.571442115945416 ], [ 117.219474388652756, -0.571361271590303 ], [ 117.219108774332142, -0.571181617463757 ], [ 117.21900187481333, -0.571109755811566 ], [ 117.2189021618168, -0.57106484227849 ], [ 117.218796160613266, -0.570992980624839 ], [ 117.218689261094454, -0.570975015211286 ], [ 117.218582361575642, -0.570903153556513 ], [ 117.218452105859441, -0.570831291900841 ], [ 117.218345206340629, -0.570787276636298 ], [ 117.218231120299563, -0.570724397686368 ], [ 117.218101762898641, -0.570643553321161 ], [ 117.217910421743113, -0.570535760832451 ], [ 117.217803522224301, -0.570472881879772 ], [ 117.217704707543049, -0.570392037511031 ], [ 117.217338194907128, -0.570212383354208 ], [ 117.21718637962411, -0.570122556273694 ], [ 117.217079480105298, -0.5700596773165 ], [ 117.216888138949798, -0.569969850233604 ], [ 117.216774052908704, -0.569897988566278 ], [ 117.216667153389892, -0.569844092315196 ], [ 117.21656025387108, -0.569808161480861 ], [ 117.21646862571211, -0.569781213354962 ], [ 117.216339268311202, -0.569709351685283 ], [ 117.216186554712877, -0.569619524596925 ], [ 117.216057197311983, -0.569557543905141 ], [ 117.215797584194874, -0.569422803268528 ], [ 117.215576598634996, -0.569332976175704 ], [ 117.215439156396513, -0.569252131790966 ], [ 117.215316985517859, -0.569198235533844 ], [ 117.215225357358889, -0.569162304695482 ], [ 117.215079830282846, -0.569108408437521 ], [ 117.214897472280171, -0.569000615920087 ], [ 117.21476721656397, -0.568946719660615 ], [ 117.214637859163091, -0.568883840690595 ], [ 117.214538146166532, -0.568856892560376 ], [ 117.214378246045982, -0.568776048168966 ], [ 117.214256075167313, -0.568732032888722 ], [ 117.214088090209174, -0.568660171205969 ], [ 117.213989275527922, -0.568615257653795 ], [ 117.213829375407371, -0.568543395969589 ], [ 117.213699119691171, -0.568480516995175 ], [ 117.213470049293733, -0.568399672598493 ], [ 117.213394590809855, -0.568345776333411 ], [ 117.213165520412417, -0.568264931934843 ], [ 117.213028078173934, -0.568184087535145 ], [ 117.212852906693513, -0.568103243134315 ], [ 117.212753193696983, -0.568058329577809 ], [ 117.212661565538014, -0.568022398732354 ], [ 117.212532208137105, -0.567969400734899 ], [ 117.212440579978107, -0.567906521754238 ], [ 117.2122654084977, -0.567825677349525 ], [ 117.211982439183217, -0.567717884808149 ], [ 117.211791996342967, -0.567637040400799 ], [ 117.21163928274467, -0.567574161416523 ], [ 117.211486569146373, -0.567520265143742 ], [ 117.211364398267747, -0.56746636887046 ], [ 117.211105683465917, -0.567385524459594 ], [ 117.211021241829201, -0.567349593609957 ], [ 117.210876613068464, -0.567296595606336 ], [ 117.210715814632607, -0.567224733905736 ], [ 117.210586457231699, -0.567179820342408 ], [ 117.210457099830776, -0.567143889491495 ], [ 117.210350200311964, -0.567089993214706 ], [ 117.210243300793152, -0.567063045076124 ], [ 117.210105858554698, -0.56700016608561 ], [ 117.209998959035886, -0.566964235233582 ], [ 117.20980851619565, -0.566919321668232 ], [ 117.209526445196431, -0.566830392807813 ], [ 117.209411460840059, -0.566785479241425 ], [ 117.209258747241762, -0.566722600247898 ], [ 117.20912938984084, -0.566659721253688 ], [ 117.208984761080103, -0.566623790399547 ], [ 117.208885048083573, -0.566560911404264 ], [ 117.208725147962994, -0.56653396326322 ], [ 117.208648791163853, -0.566471084266963 ], [ 117.208564349527137, -0.56642617069779 ], [ 117.208427805603947, -0.566372274414323 ], [ 117.208236464448419, -0.566318378130355 ], [ 117.208144836289449, -0.566255499131758 ], [ 117.208046021608197, -0.566237533703463 ], [ 117.207962478286774, -0.56619262013248 ], [ 117.207809764688477, -0.566130639403953 ], [ 117.207648966252634, -0.566049794974443 ], [ 117.207565422931211, -0.566013864116521 ], [ 117.207412709332914, -0.565950985114623 ], [ 117.207259995734589, -0.565879123397333 ], [ 117.207176452413151, -0.565825227108781 ], [ 117.207046196696965, -0.565771330819729 ], [ 117.206825211137073, -0.565672520955166 ], [ 117.206665311016522, -0.565582693804103 ], [ 117.206543140137867, -0.56553778022805 ], [ 117.20638234170201, -0.565474901220993 ], [ 117.206276340498505, -0.565438970359511 ], [ 117.206184712339507, -0.565376091351383 ], [ 117.206084999342977, -0.565359024191917 ], [ 117.205909827862556, -0.565287162467297 ], [ 117.205757114264259, -0.565224283457525 ], [ 117.205597214143694, -0.5651793698787 ], [ 117.205475043265068, -0.565116490867762 ], [ 117.205238786345333, -0.565071577288103 ], [ 117.20514715818635, -0.565026663708097 ], [ 117.205001631110306, -0.564990732843842 ], [ 117.204910002951337, -0.564972767411632 ], [ 117.204780645550429, -0.564909888398457 ], [ 117.204666559509349, -0.564864974817201 ], [ 117.204661169617623, -0.564864076545572 ], [ 117.204475218353835, -0.564802994074498 ], [ 117.204376403672583, -0.56476706320886 ], [ 117.204261419316197, -0.564722149626501 ], [ 117.204086247835804, -0.564659270610615 ], [ 117.203987433154552, -0.564605374310743 ], [ 117.203826634718695, -0.564560460727134 ], [ 117.203735006559697, -0.564524529859997 ], [ 117.203522105837379, -0.564443685408128 ], [ 117.20335412087924, -0.56438080638923 ], [ 117.20325440788271, -0.564353858238066 ], [ 117.202919336281724, -0.564237981186638 ], [ 117.202736079963771, -0.564193067600192 ], [ 117.20261390908513, -0.564139171296 ], [ 117.202491738206476, -0.564103240426261 ], [ 117.202400110047506, -0.5640673095563 ], [ 117.20227793916888, -0.564031378686118 ], [ 117.202186311009882, -0.564013413250943 ], [ 117.202109954210741, -0.563968499662764 ], [ 117.2019877833321, -0.563923586074239 ], [ 117.201835968049082, -0.563860707049721 ], [ 117.201690440973039, -0.563834657167936 ], [ 117.201583541454227, -0.563807709014243 ], [ 117.201446099215786, -0.563762795424477 ], [ 117.201324826652424, -0.563717881834365 ], [ 117.201233198493426, -0.563681950962026 ], [ 117.2011110276148, -0.563663985525773 ], [ 117.200897228577176, -0.563610089216682 ], [ 117.200729243619065, -0.563565175625392 ], [ 117.200591801380583, -0.563538227470452 ], [ 117.200469630501928, -0.563503194868843 ], [ 117.200272001139425, -0.563431333121294 ], [ 117.200073473461643, -0.563377436810051 ], [ 117.199989031824927, -0.563350488654243 ], [ 117.199897403665958, -0.563305575060951 ], [ 117.199730317023125, -0.563251678748545 ], [ 117.19960814614447, -0.563206765154492 ], [ 117.199516517985501, -0.563179816997894 ], [ 117.199447347708613, -0.563170834279001 ], [ 117.199370990909458, -0.563125920684325 ], [ 117.199264091390646, -0.563081007089303 ], [ 117.199173361546954, -0.563045076213037 ], [ 117.199035919308486, -0.563010043608464 ], [ 117.198944291149516, -0.56297411273176 ], [ 117.198844578152958, -0.562929199135569 ], [ 117.198722407274317, -0.562875302819682 ], [ 117.198570591991313, -0.562821406503298 ], [ 117.198440336275112, -0.562767510186416 ], [ 117.198265164794719, -0.562695648429799 ], [ 117.198135807393797, -0.562659717551158 ], [ 117.197891465636502, -0.562551924913908 ], [ 117.197761209920316, -0.562507011314466 ], [ 117.197639039041675, -0.562462097714679 ], [ 117.197502495118513, -0.562417184114546 ], [ 117.197410866959515, -0.562409099666485 ], [ 117.197265339883501, -0.562346220625631 ], [ 117.197158440364689, -0.562319272465058 ], [ 117.19692218344494, -0.562247410702921 ], [ 117.19680809740386, -0.562202497101136 ], [ 117.196555670809033, -0.562130635337562 ], [ 117.196419126885843, -0.562085721734879 ], [ 117.196312227367045, -0.562049790852484 ], [ 117.196205327848233, -0.562031825411203 ], [ 117.196052614249922, -0.562005775521249 ], [ 117.195907985489185, -0.561960861917605 ], [ 117.195808272492627, -0.561924931034442 ], [ 117.195701372973843, -0.561906965592778 ], [ 117.195548659375547, -0.561844086546517 ], [ 117.195150705704677, -0.562896861346097 ], [ 117.194074523994288, -0.565619522936207 ], [ 117.194114948182076, -0.565756958475897 ], [ 117.194018828446687, -0.565853073524595 ], [ 117.193805927724341, -0.566286938631142 ], [ 117.193825690660603, -0.566672297052584 ], [ 117.193748435546155, -0.566836680707079 ], [ 117.193708909673646, -0.567089094943422 ], [ 117.193662197278883, -0.567318154116343 ], [ 117.193662197278883, -0.567530146127123 ], [ 117.193449296556537, -0.567771781079088 ], [ 117.193440313403698, -0.568041262426246 ], [ 117.193575060696304, -0.569015886526846 ], [ 117.193719689457069, -0.569545866383426 ], [ 117.19371070630423, -0.569918648795726 ], [ 117.193671180431721, -0.570250110727606 ], [ 117.193603806785418, -0.57058696226484 ], [ 117.193497805581885, -0.570886086413372 ], [ 117.193283108228982, -0.571245394679324 ], [ 117.193002833860348, -0.571573263452402 ], [ 117.192877968035845, -0.572010721210895 ], [ 117.192839340478628, -0.57229637122822 ], [ 117.192993850707509, -0.572499380351383 ], [ 117.193177107025463, -0.572575733338323 ], [ 117.193495110636022, -0.572624239941263 ], [ 117.193700824836114, -0.572719456605099 ], [ 117.193859826641386, -0.572892822790852 ], [ 117.193761011960135, -0.573480291588538 ], [ 117.193798741202073, -0.57388181839264 ], [ 117.194043981274646, -0.574267176305641 ], [ 117.194027811599526, -0.574361494672 ], [ 117.193945166593394, -0.574515997135433 ], [ 117.193781673211674, -0.575009147412276 ], [ 117.193579552272723, -0.575432232588513 ], [ 117.193328922308453, -0.5758571142732 ], [ 117.193225616050782, -0.57614995025732 ], [ 117.192600388613059, -0.576998815218237 ], [ 117.192876171405288, -0.577682398443915 ], [ 117.192682135303912, -0.578007572038837 ], [ 117.192550082957126, -0.578235732505928 ], [ 117.192550082957126, -0.578418979488606 ], [ 117.192521336868055, -0.578611209160154 ], [ 117.192347962018204, -0.578948958473825 ], [ 117.192108111837356, -0.579452887598574 ], [ 117.191972466229444, -0.579780755899877 ], [ 117.191943720140358, -0.580127487836216 ], [ 117.19206948428014, -0.580870356446937 ], [ 117.192232977661831, -0.581438960771035 ], [ 117.192003008949115, -0.583356764822263 ], [ 117.191881736385753, -0.585800953487495 ], [ 117.19181436273945, -0.586302187194648 ], [ 117.191708361535945, -0.586804319125101 ], [ 117.191698480067799, -0.587045054989909 ], [ 117.191698480067799, -0.587353160951017 ], [ 117.191640987889627, -0.587662165163173 ], [ 117.191409222546298, -0.588510130122644 ], [ 117.19127986514539, -0.589071547530192 ], [ 117.191288848298228, -0.589370670701841 ], [ 117.191269983677259, -0.590489013948971 ], [ 117.191369696673789, -0.591377400512678 ], [ 117.191505342281715, -0.591840008222127 ], [ 117.191746090777855, -0.592389747818915 ], [ 117.191880838070475, -0.592514606968103 ], [ 117.192006602210256, -0.592621500769849 ], [ 117.192690220141472, -0.592978112849826 ], [ 117.193076495713626, -0.593199086570477 ], [ 117.193268735184432, -0.593373350392735 ], [ 117.193384617856083, -0.593585341426844 ], [ 117.193442110034283, -0.593807213390281 ], [ 117.193394499324214, -0.594047948951871 ], [ 117.193249870563477, -0.594317429045689 ], [ 117.19266866057464, -0.595078261106255 ], [ 117.192600388613059, -0.5954061284908 ], [ 117.192610270081175, -0.595743876789833 ], [ 117.192812391020098, -0.596120250534846 ], [ 117.192976782717096, -0.596303496931222 ], [ 117.193468161177492, -0.596824491554255 ], [ 117.193612789938257, -0.597007737927179 ], [ 117.193631654559212, -0.597161341499778 ], [ 117.193525653355678, -0.597335605196828 ], [ 117.193186090178301, -0.597816177734798 ], [ 117.193091767073483, -0.598032659929753 ], [ 117.192828560695233, -0.598751272963812 ], [ 117.192770170201754, -0.598997397906328 ], [ 117.192761187048916, -0.599228252313167 ], [ 117.192837543848071, -0.599574983038234 ], [ 117.192953426519722, -0.600127416661042 ], [ 117.192913002331935, -0.60053612767941 ], [ 117.19280340786726, -0.601155032877613 ], [ 117.192751305580799, -0.601769446676983 ], [ 117.192754000526634, -0.601945506758786 ], [ 117.192861798360724, -0.602180852369462 ], [ 117.19316183566562, -0.602588664968481 ], [ 117.193584942164421, -0.603018934175318 ], [ 117.19407811725543, -0.603512980195504 ], [ 117.194212864548049, -0.603677362770455 ], [ 117.194388036028442, -0.603882167283114 ], [ 117.194973737593685, -0.604656471993673 ], [ 117.195215384405117, -0.604867564326008 ], [ 117.195559439158941, -0.605055301755101 ], [ 117.195890917498772, -0.60516399184266 ], [ 117.196178378389718, -0.605224175609214 ], [ 117.19656734890772, -0.605188245002397 ], [ 117.197087473457245, -0.605137942152452 ], [ 117.197591428331606, -0.605102011545063 ], [ 117.197999263470592, -0.605119976848787 ], [ 117.198126824240958, -0.605205312040665 ], [ 117.198236418705605, -0.605363406708385 ], [ 117.198301995721351, -0.605538568408716 ], [ 117.198411590186026, -0.60578199824952 ], [ 117.198521184650687, -0.605896976177906 ], [ 117.198690966239383, -0.605958058201369 ], [ 117.198873324242058, -0.605988599212842 ], [ 117.19906736034342, -0.605933805045076 ], [ 117.199370092594179, -0.605867333430978 ], [ 117.199662045061515, -0.605812539261986 ], [ 117.199867759261579, -0.605848469864666 ], [ 117.200172288142895, -0.605958058201369 ], [ 117.200423816422443, -0.606138609472577 ], [ 117.20078134590554, -0.60641168203053 ], [ 117.20134548790395, -0.606863509291887 ], [ 117.201741644944249, -0.607212036060153 ], [ 117.201907833271818, -0.607502175594949 ], [ 117.202036292357448, -0.60781477173265 ], [ 117.202202480685003, -0.608052811882846 ], [ 117.202445025811713, -0.608307919051027 ], [ 117.202604925932292, -0.608412117750055 ], [ 117.202716317027523, -0.608519909505552 ], [ 117.20286903062582, -0.608698664162004 ], [ 117.202981320036329, -0.6089160441885 ], [ 117.203034320638096, -0.609163066935241 ], [ 117.20305947346607, -0.609385836529865 ], [ 117.203125050481788, -0.609533151901895 ], [ 117.20321937358662, -0.609710109995896 ], [ 117.203372985500224, -0.609887966348473 ], [ 117.203661344706418, -0.610165530038479 ], [ 117.203799685260165, -0.610384706534385 ], [ 117.204001806199088, -0.610815873385504 ], [ 117.204190452408781, -0.611265005485302 ], [ 117.204256927739777, -0.611541670840084 ], [ 117.204318911494397, -0.611895586890023 ], [ 117.204339572745937, -0.612335736259656 ], [ 117.20433418285424, -0.612491135926426 ], [ 117.217682249660953, -0.618455605269643 ], [ 117.224868771933899, -0.618922701984248 ] ] ] } },
{ "type": "Feature", "properties": { "FID": 58, "Kode_Prov": 64, "Provinsi": "Kalimantan Timur", "Kode_kota": "6472", "Kota": "Kota Samarinda", "Kode_Kec": 647205, "Kecamatan": "Palaran", "Kode_Kel": 64720503, "Kelurahan": "Bantuas", "Sumber": "Revisi RTRW Kota Samarinda Tahun 2019 (Data belum disahkan)", "city": "samarinda", "source_layer": "Batas Administrasi AR", "role": "admin" }, "geometry": { "type": "Polygon", "coordinates": [ [ [ 117.20433418285424, -0.612491135926426 ], [ 117.204323403070816, -0.612790257815676 ], [ 117.204225486704843, -0.613236694958651 ], [ 117.204213808606156, -0.613477429660138 ], [ 117.204234469857681, -0.61373163830704 ], [ 117.204254232793943, -0.613958000766904 ], [ 117.204254232793943, -0.614074775048008 ], [ 117.204247046271661, -0.614203226754276 ], [ 117.204218300182575, -0.61435772810318 ], [ 117.204183265886499, -0.614456537103044 ], [ 117.204099722565061, -0.614727812711455 ], [ 117.203999111253253, -0.615012562259101 ], [ 117.203900296571973, -0.615264974305986 ], [ 117.203659548075834, -0.615793153212426 ], [ 117.203378375391921, -0.616383312234756 ], [ 117.203296628701082, -0.616516255201844 ], [ 117.203186135921115, -0.616671654747003 ], [ 117.203091812816297, -0.616741719280331 ], [ 117.202971438568213, -0.616809987286275 ], [ 117.202829504753325, -0.616865679606266 ], [ 117.202674994524443, -0.616893525766043 ], [ 117.202540247231823, -0.616895322292475 ], [ 117.20236507575143, -0.616940235453083 ], [ 117.20200664795307, -0.617008503456481 ], [ 117.201770391033335, -0.617078567985374 ], [ 117.201674271297946, -0.617124379407613 ], [ 117.201619474065623, -0.617163902987266 ], [ 117.201534134113601, -0.617274389356103 ], [ 117.201382318830582, -0.617529496085135 ], [ 117.201255656375537, -0.617770230592854 ], [ 117.20109036636326, -0.618052285188769 ], [ 117.200985263475033, -0.618302002302588 ], [ 117.200816380201601, -0.618620885650281 ], [ 117.200707684052233, -0.618792453866041 ], [ 117.200422019791887, -0.619284701909774 ], [ 117.200330391632889, -0.619453575315708 ], [ 117.200262119671308, -0.619600890410107 ], [ 117.200184864556874, -0.619842523086561 ], [ 117.200051015579533, -0.620262910021551 ], [ 117.199908183449367, -0.620650061207785 ], [ 117.199856979478184, -0.620818036307615 ], [ 117.199779724363751, -0.621060567191004 ], [ 117.199616230982031, -0.621416279133176 ], [ 117.199423093195946, -0.621786363249607 ], [ 117.19932248188411, -0.621976794872226 ], [ 117.199165276709394, -0.622252561407894 ], [ 117.199042207515461, -0.622446586062788 ], [ 117.198976630499729, -0.622660372479822 ], [ 117.198888595601886, -0.622995424284034 ], [ 117.198792475866497, -0.623383473531991 ], [ 117.198691864554661, -0.62372481312461 ], [ 117.198616406070812, -0.623970038660379 ], [ 117.198490641931045, -0.624202688517082 ], [ 117.198349606431421, -0.624396713100129 ], [ 117.198223842291654, -0.624541333270798 ], [ 117.198152875384196, -0.624694936056406 ], [ 117.198118739403398, -0.624830573600198 ], [ 117.198116044457535, -0.625041665134896 ], [ 117.198161858537034, -0.62557972394453 ], [ 117.198165451798161, -0.625795306757619 ], [ 117.198160061906464, -0.626009991300182 ], [ 117.198130417502071, -0.626160899257895 ], [ 117.198084603422586, -0.626295638502183 ], [ 117.198004653362304, -0.626471697776165 ], [ 117.197918415095032, -0.626588471781156 ], [ 117.197798939162254, -0.626693568383422 ], [ 117.19761208958316, -0.626887592874373 ], [ 117.197457579354307, -0.627039399068299 ], [ 117.197384815816264, -0.627133716523847 ], [ 117.197314747224127, -0.627275641834706 ], [ 117.197254560100077, -0.627404991481757 ], [ 117.197235695479108, -0.627475954133989 ], [ 117.197268034829335, -0.627617879435566 ], [ 117.19736954445645, -0.628027486613453 ], [ 117.197468359137702, -0.628411044182944 ], [ 117.19759951316918, -0.62896167830255 ], [ 117.197795345901113, -0.629517701930447 ], [ 117.197910330257471, -0.629788976764545 ], [ 117.198031602820819, -0.630060251584525 ], [ 117.198186113049701, -0.63029559595333 ], [ 117.198349606431421, -0.630484230745076 ], [ 117.198451116058536, -0.630588429008063 ], [ 117.198563405469045, -0.630702508138424 ], [ 117.198688271293548, -0.630777063789199 ], [ 117.198809543856896, -0.630819282048803 ], [ 117.198970342292725, -0.630844433352234 ], [ 117.199107784531208, -0.630816587266285 ], [ 117.199251514976666, -0.630806706397042 ], [ 117.199467110644875, -0.630783351615119 ], [ 117.199683604628333, -0.630723168138144 ], [ 117.199925251439765, -0.63061358031261 ], [ 117.200076168407506, -0.630540821181267 ], [ 117.200291764075686, -0.630436622917328 ], [ 117.200506461428589, -0.630350389869732 ], [ 117.200683429539581, -0.630304578562616 ], [ 117.200810091994626, -0.63027673247378 ], [ 117.200961907277645, -0.630273139430048 ], [ 117.201093061309123, -0.630293799431471 ], [ 117.201274520996492, -0.630332424651303 ], [ 117.201456878999181, -0.630394404654621 ], [ 117.201710203909315, -0.630496806397616 ], [ 117.202009342898918, -0.630631545530068 ], [ 117.202327346509506, -0.63076179335479 ], [ 117.202699249037124, -0.630864195090558 ], [ 117.202896878399628, -0.630868686394712 ], [ 117.203044202106227, -0.630846229873902 ], [ 117.203222068532483, -0.630799520310308 ], [ 117.20337478213078, -0.630718676833864 ], [ 117.203692785741353, -0.630546210746587 ], [ 117.204045823648016, -0.630397099437357 ], [ 117.204224588389565, -0.630349491608812 ], [ 117.204339572745937, -0.630318052476516 ], [ 117.204496777920653, -0.630301883779832 ], [ 117.204666559509349, -0.630304578562616 ], [ 117.204810289954807, -0.630327933346686 ], [ 117.204892934960938, -0.63038542204549 ], [ 117.204954918715543, -0.630477942918795 ], [ 117.205001631110306, -0.630636935095294 ], [ 117.205031275514685, -0.630776165528353 ], [ 117.205050140135654, -0.630911802914396 ], [ 117.205063614864912, -0.631058219426487 ], [ 117.205064513180218, -0.631191162022853 ], [ 117.2050429536134, -0.631275598534996 ], [ 117.20497737659764, -0.631504655023799 ], [ 117.204895629906801, -0.631763354104899 ], [ 117.204786035442126, -0.632066067943859 ], [ 117.204648593203672, -0.632487352159218 ], [ 117.204611762276997, -0.63269215556073 ], [ 117.20459379597132, -0.633018224117507 ], [ 117.204646796573087, -0.633318243102051 ], [ 117.20472854326394, -0.633533825595193 ], [ 117.204849815827288, -0.633704495062569 ], [ 117.20497288502122, -0.633852708016518 ], [ 117.205173209329587, -0.634048528761292 ], [ 117.205325922927884, -0.634208419088688 ], [ 117.205525348920972, -0.63434585290548 ], [ 117.205718486707056, -0.634524606687873 ], [ 117.205828979486981, -0.634616229227208 ], [ 117.205896353133284, -0.634674616138682 ], [ 117.205999659390955, -0.634801270821308 ], [ 117.206060744830296, -0.63493421332172 ], [ 117.206102067333347, -0.635086019280847 ], [ 117.206146983097554, -0.635303398220474 ], [ 117.206199085384043, -0.635585451872307 ], [ 117.206323052893268, -0.636173812147408 ], [ 117.206393121485434, -0.636602282107061 ], [ 117.206433545673221, -0.636908588702098 ], [ 117.206463190077599, -0.637266994342973 ], [ 117.206491936166685, -0.637622705179938 ], [ 117.206535055300336, -0.637889488291533 ], [ 117.206561106443544, -0.637976619473132 ], [ 117.206642853134426, -0.638183219176182 ], [ 117.206642853134426, -0.638202980886473 ], [ 117.206755142544935, -0.638358379787485 ], [ 117.206890788152833, -0.638587435962493 ], [ 117.206990501149363, -0.638800323457174 ], [ 117.207009365770318, -0.638847032948498 ], [ 117.20709560403759, -0.639059920432423 ], [ 117.207277063724987, -0.639455154556398 ], [ 117.207339945794871, -0.639552166563996 ], [ 117.207974156385475, -0.640140526385599 ], [ 117.208287668419629, -0.640452222324808 ], [ 117.208392771307857, -0.640576182087872 ], [ 117.208611061921928, -0.640727987880582 ], [ 117.208866183462618, -0.640913927514046 ], [ 117.209478834486362, -0.641173524382324 ], [ 117.209887567940655, -0.641199573894331 ], [ 117.210253182261269, -0.641186998267862 ], [ 117.210448116677938, -0.64121394603883 ], [ 117.210752645559253, -0.641508574992166 ], [ 117.21093410524665, -0.641737631026484 ], [ 117.211172158796941, -0.642027768655229 ], [ 117.211314092611843, -0.642237062971626 ], [ 117.211419195500071, -0.642489473702317 ], [ 117.211490162407515, -0.642945789155332 ], [ 117.211464111264277, -0.643350903824522 ], [ 117.211419195500071, -0.64385303038759 ], [ 117.21130331282842, -0.644605771010241 ], [ 117.211270075162915, -0.644965972629222 ], [ 117.211231447605684, -0.645129455649876 ], [ 117.211142514392563, -0.645233653616343 ], [ 117.210931410300788, -0.645265990915847 ], [ 117.210324149168727, -0.645335156805764 ], [ 117.210178622092712, -0.645360308038227 ], [ 117.210010637134573, -0.645415101794235 ], [ 117.20986421174328, -0.645519299754852 ], [ 117.209772583584282, -0.645628887262852 ], [ 117.209704311622687, -0.645737576510256 ], [ 117.209684548686425, -0.645946870674332 ], [ 117.209669277326611, -0.646163350895058 ], [ 117.209705209937979, -0.646389711945869 ], [ 117.209827380816634, -0.646790335050746 ], [ 117.209844448807004, -0.64690800685357 ], [ 117.209839058915307, -0.647037356007724 ], [ 117.209812109456792, -0.647147841740953 ], [ 117.209740244234055, -0.647282580436755 ], [ 117.209424037254038, -0.647569124717926 ], [ 117.209383613066251, -0.647610444581587 ], [ 117.208904811019821, -0.64802454145749 ], [ 117.208683825459943, -0.648188922637455 ], [ 117.208380194893905, -0.648288629252211 ], [ 117.208184362161958, -0.648353303812085 ], [ 117.208002004159269, -0.648389234122768 ], [ 117.207891511379344, -0.648364082905317 ], [ 117.207781018599391, -0.648274257127683 ], [ 117.207609440380139, -0.648092809052003 ], [ 117.207441455421986, -0.6479320209003 ], [ 117.207234842906644, -0.647789197900932 ], [ 117.206949178646298, -0.647642781865955 ], [ 117.206652734602542, -0.647535889175172 ], [ 117.206395816431296, -0.647485586731671 ], [ 117.206227831473157, -0.647525110080178 ], [ 117.20603199874121, -0.647610444581587 ], [ 117.20584604747738, -0.64771823552868 ], [ 117.205643028223179, -0.647935613931678 ], [ 117.205503789354154, -0.648217666886956 ], [ 117.205243277921753, -0.648628170682329 ], [ 117.205008817632589, -0.649023404064355 ], [ 117.20496480018366, -0.649082689068996 ], [ 117.204917189473591, -0.649118619374501 ], [ 117.20481388321592, -0.649185090439011 ], [ 117.204627931952132, -0.649281204003718 ], [ 117.203487071541289, -0.649925254665856 ], [ 117.20324632304515, -0.650026757761325 ], [ 117.203124152166509, -0.650056400257847 ], [ 117.20301994759356, -0.650070772377311 ], [ 117.202895081769071, -0.650070772377311 ], [ 117.20271991028865, -0.650061789802651 ], [ 117.202401008362784, -0.650038435108461 ], [ 117.202198887423862, -0.650017775186587 ], [ 117.202068631707675, -0.649999810037063 ], [ 117.201851239408924, -0.649993522234715 ], [ 117.201479336881278, -0.649999810037063 ], [ 117.201143366965027, -0.650005199581927 ], [ 117.200950229178943, -0.650017775186587 ], [ 117.200587309804163, -0.649999810037063 ], [ 117.200444477673983, -0.649990827462277 ], [ 117.200263017986586, -0.649988132689838 ], [ 117.200081558299203, -0.649975557085105 ], [ 117.199947709321862, -0.64996118496537 ], [ 117.19978421594017, -0.649922559893382 ], [ 117.19951292472436, -0.649874952246106 ], [ 117.199260498129505, -0.649827344598382 ], [ 117.199025139525077, -0.649794109070459 ], [ 117.198834696684841, -0.649779736950208 ], [ 117.198629880800084, -0.649779736950208 ], [ 117.198364877791249, -0.649768059602475 ], [ 117.198144790546635, -0.649750094452062 ], [ 117.197942669607713, -0.64972943452901 ], [ 117.197817803783224, -0.649714164151046 ], [ 117.1976040047456, -0.64971146937846 ], [ 117.19735696804247, -0.649693504227847 ], [ 117.197136880797856, -0.649669251274417 ], [ 117.196860199690349, -0.649642303548248 ], [ 117.196654485490285, -0.649600983701176 ], [ 117.196485602216868, -0.649539003929935 ], [ 117.196286176223808, -0.649446483400436 ], [ 117.19603913952065, -0.649339590747741 ], [ 117.195780424718819, -0.649229105062328 ], [ 117.195539676222694, -0.649163532256023 ], [ 117.195286351312575, -0.649142872330572 ], [ 117.195027636510744, -0.649137482784788 ], [ 117.194706937954294, -0.649149160133979 ], [ 117.194453613044189, -0.64918149740852 ], [ 117.194251492105266, -0.649214732940471 ], [ 117.194031404860667, -0.649300965671001 ], [ 117.193755622068437, -0.649425823476142 ], [ 117.193677468638697, -0.649457262491338 ], [ 117.193530144932097, -0.649531817869452 ], [ 117.193337905461306, -0.649628829685109 ], [ 117.193204056483992, -0.649676437334705 ], [ 117.193042359732857, -0.649741111876832 ], [ 117.192814187650683, -0.649781533465242 ], [ 117.192692915087306, -0.6497905160404 ], [ 117.19247103121215, -0.649816565508268 ], [ 117.192342572126506, -0.6498668679286 ], [ 117.192206926518608, -0.649954897162974 ], [ 117.191875448178777, -0.650289048936631 ], [ 117.191842210513244, -0.650332165292911 ], [ 117.191577207504437, -0.650656436210633 ], [ 117.191470307985625, -0.650782192239599 ], [ 117.191345442161136, -0.650860340627448 ], [ 117.191183745410001, -0.650927709926346 ], [ 117.190914250824761, -0.651039093831883 ], [ 117.190800164783667, -0.651075024123467 ], [ 117.190671705698051, -0.651096582298295 ], [ 117.190521687045603, -0.651098378812859 ], [ 117.19038424480712, -0.651082210181753 ], [ 117.190234226154686, -0.651022925200587 ], [ 117.190121936744148, -0.650972622791778 ], [ 117.189991681027948, -0.650968131505252 ], [ 117.189863221942346, -0.650986994908632 ], [ 117.189707813398186, -0.651041788603761 ], [ 117.189553303169333, -0.65111814047303 ], [ 117.189339504131709, -0.65122952437436 ], [ 117.189206553469646, -0.651294198896584 ], [ 117.189070907861748, -0.65135348387456 ], [ 117.188935262253835, -0.651367855990328 ], [ 117.188811294744639, -0.65136246644692 ], [ 117.188646903047641, -0.651313062298743 ], [ 117.188460951783838, -0.65122952437436 ], [ 117.188306441554957, -0.651179221967613 ], [ 117.188209423504276, -0.651157663793139 ], [ 117.188149236380241, -0.651156765535867 ], [ 117.188073777896378, -0.65118371325395 ], [ 117.187993827836081, -0.651222338316284 ], [ 117.187895013154829, -0.651306774498031 ], [ 117.187785418690154, -0.651389414163903 ], [ 117.187755774285804, -0.651359771675214 ], [ 117.187613840470902, -0.651260963378323 ], [ 117.187503347690949, -0.651098378812859 ], [ 117.187375786920612, -0.650897169177624 ], [ 117.187234751421016, -0.650783090496937 ], [ 117.187046105211337, -0.650682485674033 ], [ 117.186932917485549, -0.650548645326168 ], [ 117.186755949374557, -0.650483970794383 ], [ 117.186621202081952, -0.650466903903913 ], [ 117.186437047448706, -0.650404924143299 ], [ 117.186249299554319, -0.65041660148956 ], [ 117.186136111828532, -0.650307912342548 ], [ 117.185948363934145, -0.650284557649497 ], [ 117.185712107014425, -0.650096821843734 ], [ 117.185522562489453, -0.650034842078576 ], [ 117.18529079714618, -0.650024961246379 ], [ 117.184742824822848, -0.650018673444062 ], [ 117.182720717118315, -0.65000430132445 ], [ 117.181344498103044, -0.649696199000443 ], [ 117.180094941542805, -0.649264137109184 ], [ 117.178738485463796, -0.648856328138448 ], [ 117.177300282693935, -0.648957831255383 ], [ 117.176339085339919, -0.649076401265507 ], [ 117.175867469815771, -0.64925784930592 ], [ 117.175248530584994, -0.649394384460749 ], [ 117.174430165361159, -0.649573137717089 ], [ 117.173784276671881, -0.649695300742911 ], [ 117.173169829017539, -0.649831835885922 ], [ 117.172744925888168, -0.649880341791103 ], [ 117.172352362108995, -0.649884833078596 ], [ 117.171849305549884, -0.649947711103082 ], [ 117.171505250796088, -0.649982743144956 ], [ 117.171013872335664, -0.649976455342587 ], [ 117.170702156932066, -0.649922559893382 ], [ 117.170377865114517, -0.649854292323564 ], [ 117.16993948725586, -0.649755483997193 ], [ 117.169621483645258, -0.649632422715283 ], [ 117.169267547423317, -0.649606373246466 ], [ 117.168878576905328, -0.649617152337027 ], [ 117.168456368721777, -0.649680030364845 ], [ 117.168068296519024, -0.64972135021127 ], [ 117.167669444532876, -0.649816565508268 ], [ 117.167355932498722, -0.649890222623583 ], [ 117.167111590741428, -0.650042028138343 ], [ 117.166931927684615, -0.650219883114328 ], [ 117.166650755000703, -0.650436363152401 ], [ 117.16649265151068, -0.65057738956225 ], [ 117.166392040198843, -0.650704942107891 ], [ 117.166244716492258, -0.650827105106326 ], [ 117.166041697238057, -0.650936692499464 ], [ 117.165894373531458, -0.650978012335603 ], [ 117.165650031774192, -0.651049872919385 ], [ 117.165404791701619, -0.651121733502143 ], [ 117.165074211677066, -0.651243896490482 ], [ 117.164811903614094, -0.651384024620518 ], [ 117.164612477621034, -0.651548405691171 ], [ 117.164505578102222, -0.651718176299494 ], [ 117.164386102169416, -0.651972383072687 ], [ 117.164298965586866, -0.652251741031251 ], [ 117.164266626236653, -0.652470017496124 ], [ 117.164229795309978, -0.652673023582526 ], [ 117.164202845851463, -0.653011666460634 ], [ 117.164193862698625, -0.653265873168468 ], [ 117.164183082915216, -0.653458998397273 ], [ 117.164099539593792, -0.653631463711604 ], [ 117.16398635186799, -0.653760812693466 ], [ 117.163809383757012, -0.653820995899169 ], [ 117.163562347053883, -0.653845248832607 ], [ 117.163282072685263, -0.653825487183148 ], [ 117.163011679784717, -0.653873993049862 ], [ 117.162621810951421, -0.654028493214792 ], [ 117.162239128640394, -0.654145266592106 ], [ 117.161989396991402, -0.654129097970794 ], [ 117.161808835619283, -0.654038374039131 ], [ 117.161546527556311, -0.653888365158428 ], [ 117.161299490853182, -0.653706019027945 ], [ 117.161151268831304, -0.653562297935214 ], [ 117.161029996267956, -0.653545231055179 ], [ 117.160866502886265, -0.653568585733107 ], [ 117.160588923463436, -0.653615295088637 ], [ 117.160093951741914, -0.653686257377939 ], [ 117.159741812150529, -0.653737458016432 ], [ 117.159474114195859, -0.653764405720693 ], [ 117.159261213473528, -0.653796742965614 ], [ 117.158983634050742, -0.653766202234305 ], [ 117.15868629169168, -0.653681766093835 ], [ 117.15847878086106, -0.653581161328869 ], [ 117.158187726709002, -0.653368274453503 ], [ 117.157796061245122, -0.653113169493926 ], [ 117.157487040787387, -0.652977532696765 ], [ 117.157230122616113, -0.652945195446571 ], [ 117.156850135250949, -0.653000887377332 ], [ 117.156406367500608, -0.653070951418381 ], [ 117.155946430075133, -0.653081730501532 ], [ 117.155420915633925, -0.653087120043099 ], [ 117.154859468581336, -0.653146404999956 ], [ 117.154415700830995, -0.653241620232233 ], [ 117.154105782057954, -0.653365579682871 ], [ 117.153688963766129, -0.653532655459326 ], [ 117.153282026942421, -0.653796742965614 ], [ 117.152990972790363, -0.654135385767977 ], [ 117.152814902994692, -0.654488400654335 ], [ 117.152577747759679, -0.65501028775633 ], [ 117.152466356664448, -0.655256410054077 ], [ 117.152306456543869, -0.655487261979296 ], [ 117.152013605761255, -0.655630084760387 ], [ 117.151561753173311, -0.655710927842218 ], [ 117.151239257986347, -0.655758535434241 ], [ 117.150958085302406, -0.655851954104064 ], [ 117.150843100946034, -0.656066637386763 ], [ 117.150749676156479, -0.656496003924522 ], [ 117.150669726096197, -0.657067294909227 ], [ 117.150739794688363, -0.657546963704425 ], [ 117.150873643665705, -0.657859556827056 ], [ 117.151038933677981, -0.658109272008651 ], [ 117.151192545591556, -0.658374257529406 ], [ 117.151239257986347, -0.658720984325124 ], [ 117.151346157505131, -0.658894347713937 ], [ 117.151453955339221, -0.658981478534016 ], [ 117.151567143065037, -0.659128792494394 ], [ 117.151659669539285, -0.659335391333925 ], [ 117.151699195411794, -0.659582411674286 ], [ 117.151678534160268, -0.659748588987266 ], [ 117.151758484220565, -0.659914766294696 ], [ 117.151898621404882, -0.660047708136644 ], [ 117.152061216471324, -0.660204004621956 ], [ 117.152206743547339, -0.660309998787361 ], [ 117.152324422849546, -0.66055881559049 ], [ 117.152444797097615, -0.660759126581792 ], [ 117.152449288674049, -0.660933388155099 ], [ 117.152385508288873, -0.661136393897737 ], [ 117.152215726700177, -0.661505576886304 ], [ 117.151953418637234, -0.66216759108168 ], [ 117.151805196615328, -0.662466710085336 ], [ 117.151703686988213, -0.662823317402434 ], [ 117.151665957746289, -0.663127825897214 ], [ 117.151587804316563, -0.66346467155546 ], [ 117.151583312740144, -0.663700912630095 ], [ 117.151541990237078, -0.664007217580788 ], [ 117.151546481813497, -0.664493173490012 ], [ 117.151540193606522, -0.664911760242261 ], [ 117.151578821163724, -0.665408495118945 ], [ 117.151561753173311, -0.66571839298232 ], [ 117.151607567252825, -0.666054340209313 ], [ 117.151662364485148, -0.666352560723178 ], [ 117.15166955100743, -0.666544787189415 ], [ 117.151672245953279, -0.666777435098797 ], [ 117.151638109972495, -0.666940019152495 ], [ 117.151552770020473, -0.667053199208805 ], [ 117.151464735122644, -0.667169074025664 ], [ 117.151383886747084, -0.667275966296161 ], [ 117.151335377721736, -0.667384655073024 ], [ 117.151300343425646, -0.667507715916656 ], [ 117.151284173750554, -0.667621794214206 ], [ 117.151268004075433, -0.667776293951551 ], [ 117.15122578325709, -0.667883186208849 ], [ 117.151190748961, -0.668029601649946 ], [ 117.151126968575838, -0.668205659475181 ], [ 117.15110810395484, -0.668310755214789 ], [ 117.151069476397652, -0.668435612543537 ], [ 117.1510434252544, -0.668628737182471 ], [ 117.151020967372304, -0.668907195950815 ], [ 117.150976051608097, -0.669328477089659 ], [ 117.15096257687884, -0.669524296455312 ], [ 117.150968865085815, -0.669668915339603 ], [ 117.150979644869238, -0.670049774989619 ], [ 117.150961678563547, -0.670415364295627 ], [ 117.150949102149568, -0.670588727273949 ], [ 117.150899694808942, -0.67070729676854 ], [ 117.150829626216776, -0.670816883723108 ], [ 117.150758659309332, -0.670923775914133 ], [ 117.150631996854273, -0.671102528396428 ], [ 117.150298721883857, -0.671521114585689 ], [ 117.150093007683793, -0.671780709865314 ], [ 117.149620493844353, -0.672871189539749 ], [ 117.14955312019805, -0.673016706578374 ], [ 117.149472271822475, -0.673160427106088 ], [ 117.149379745348213, -0.673278098285 ], [ 117.149296202026775, -0.673378702649452 ], [ 117.149130013699221, -0.673490984303754 ], [ 117.148969215263364, -0.673597876436247 ], [ 117.14880662019695, -0.673710158085499 ], [ 117.148678161111306, -0.673766748035742 ], [ 117.148597312735745, -0.673793695630865 ], [ 117.148499396369772, -0.67380716942837 ], [ 117.148439209245737, -0.673788306111852 ], [ 117.148213732109411, -0.673750579478597 ], [ 117.147937051001904, -0.673698480794098 ], [ 117.147681031145936, -0.67367332970483 ], [ 117.147578623203572, -0.673688600009044 ], [ 117.147480706837598, -0.673702972060025 ], [ 117.147354942697817, -0.673743393453182 ], [ 117.147163601542289, -0.673862861124331 ], [ 117.14700370142171, -0.673939212641952 ], [ 117.146890513695894, -0.674020953677137 ], [ 117.146819546788478, -0.674091017420489 ], [ 117.146768342817268, -0.674179046224811 ], [ 117.146720732107227, -0.674280548823737 ], [ 117.146702765801535, -0.674392830457252 ], [ 117.146683002865274, -0.674488045280443 ], [ 117.146711748954388, -0.674615597210478 ], [ 117.14676295292557, -0.674783570521691 ], [ 117.146809665320333, -0.674937171779808 ], [ 117.146846496246994, -0.675098857309429 ], [ 117.146847394562272, -0.675210240671151 ], [ 117.146842004670575, -0.675273118374222 ], [ 117.146814156896752, -0.675376417456073 ], [ 117.146789004068808, -0.675507562374216 ], [ 117.146745884935157, -0.675627030002048 ], [ 117.146694680963975, -0.6757105675145 ], [ 117.146642578677486, -0.675793206772717 ], [ 117.146574306715905, -0.675872253018392 ], [ 117.146492560025052, -0.675938723723986 ], [ 117.146442254369148, -0.67600160141763 ], [ 117.146421593117608, -0.67605280182471 ], [ 117.146361405993588, -0.676105798736733 ], [ 117.146270676149868, -0.676140830593515 ], [ 117.146196115981311, -0.676245926162346 ], [ 117.146115267605708, -0.676400425626922 ], [ 117.146023639446739, -0.676545942559991 ], [ 117.145895180361109, -0.676728287846502 ], [ 117.145732585294695, -0.676917819146891 ], [ 117.145571786858824, -0.677105553934761 ], [ 117.145451412610754, -0.677229512785925 ], [ 117.145269054608079, -0.677417247561724 ], [ 117.145278037760917, -0.677739720197914 ], [ 117.145940096125315, -0.680782998502375 ], [ 117.147610962553784, -0.688466638878555 ], [ 117.150333756179933, -0.695412804404189 ], [ 117.152536425256585, -0.700037886843564 ], [ 117.154333055824836, -0.70160622799991 ], [ 117.154329462563723, -0.701583771801493 ], [ 117.15929984103073, -0.710798888291689 ], [ 117.1593187056517, -0.710840207614778 ], [ 117.159357333208916, -0.710909372567816 ], [ 117.162221162334717, -0.716541372400712 ], [ 117.162500538388059, -0.716694074054405 ], [ 117.1641561334567, -0.716764137164396 ], [ 117.165041872326839, -0.716607842532945 ], [ 117.165563793506919, -0.716138958606602 ], [ 117.16624202154641, -0.715355688798925 ], [ 117.166658839838249, -0.71499100120523 ], [ 117.167805988456081, -0.71478260828154 ], [ 117.169006137675652, -0.714312825923195 ], [ 117.170934820590659, -0.714365822405794 ], [ 117.172187072096719, -0.714574215348394 ], [ 117.173253372338962, -0.714967646826321 ], [ 117.173325237561698, -0.71499459418659 ], [ 117.173513883771378, -0.715047590661323 ], [ 117.174012448754056, -0.71520029236476 ], [ 117.175732722523151, -0.71520029236476 ], [ 117.177387419276485, -0.715017948565361 ], [ 117.178246208688094, -0.715141008174617 ], [ 117.179299034201108, -0.715155380099571 ], [ 117.179894617234453, -0.715381737911651 ], [ 117.180290774274781, -0.715529050132563 ], [ 117.180553980653002, -0.715505695756392 ], [ 117.18277641266593, -0.713842145271261 ], [ 117.183637897023402, -0.713127141746003 ], [ 117.184184072716121, -0.712601667978866 ], [ 117.184687129275247, -0.712273808247634 ], [ 117.184732045039453, -0.712164222250076 ], [ 117.184705095580924, -0.712110327496222 ], [ 117.184598196062112, -0.711898341458286 ], [ 117.184588314593995, -0.71105309194744 ], [ 117.18471497704904, -0.710429709105949 ], [ 117.184794028794059, -0.709944656116347 ], [ 117.184950335653497, -0.709497329425279 ], [ 117.184953928914638, -0.708976346477552 ], [ 117.18499704804826, -0.708633216297199 ], [ 117.184988064895421, -0.708322422970545 ], [ 117.185076099793264, -0.707820303072177 ], [ 117.185193779095485, -0.707468190338206 ], [ 117.185068014955704, -0.707090926665016 ], [ 117.184804808577454, -0.706805284149205 ], [ 117.184570348288318, -0.706382209824642 ], [ 117.184361939142391, -0.706050756664475 ], [ 117.184324209900467, -0.705535162812809 ], [ 117.184202937337105, -0.705252214943099 ], [ 117.184331396422721, -0.704945912626659 ], [ 117.184429312788694, -0.704597392664387 ], [ 117.184367329034089, -0.704177012881392 ], [ 117.184272107613978, -0.703739566357556 ], [ 117.184142750213056, -0.703172772135274 ], [ 117.184270310983422, -0.702889824122167 ], [ 117.184531720731087, -0.702499984609363 ], [ 117.184703298950367, -0.702337401761463 ], [ 117.184995251417703, -0.701958341176992 ], [ 117.18538242530515, -0.70186671989367 ], [ 117.185397696664992, -0.701579280561796 ], [ 117.18540308655669, -0.701183153203623 ], [ 117.185526155750594, -0.700913678791151 ], [ 117.185643835052815, -0.700600190205131 ], [ 117.1856456316834, -0.700311852547322 ], [ 117.18563125863885, -0.700002855162257 ], [ 117.185741751418803, -0.699704636736432 ], [ 117.185746242995222, -0.699406418291652 ], [ 117.185812718326261, -0.699011188998288 ], [ 117.185877397026701, -0.698774051406303 ], [ 117.186039093777836, -0.698419243244427 ], [ 117.185679767664197, -0.698167733645101 ], [ 117.185705818807421, -0.697936883751022 ], [ 117.185831582947216, -0.697771605998884 ], [ 117.185956448771719, -0.697436559233529 ], [ 117.186364283910706, -0.696812276322941 ], [ 117.186563709903766, -0.696577833366802 ], [ 117.187039817004361, -0.696059543725061 ], [ 117.187666841072669, -0.695510713557071 ], [ 117.18819684709031, -0.694945714839558 ], [ 117.188531918691268, -0.694372631810627 ], [ 117.188971194865204, -0.693840868185593 ], [ 117.189080789329878, -0.693449231423528 ], [ 117.189433827236527, -0.692478223623739 ], [ 117.189592829041828, -0.69182429781484 ], [ 117.189936883795625, -0.690596390180253 ], [ 117.189989884397392, -0.690011629373683 ], [ 117.190191107021036, -0.688948999336942 ], [ 117.190350108826337, -0.687724683962774 ], [ 117.190273752027196, -0.686641393648626 ], [ 117.190443533615891, -0.68531377881614 ], [ 117.190518093784476, -0.684446966497548 ], [ 117.190510907262194, -0.68372387423627 ], [ 117.190714824831673, -0.682840893103704 ], [ 117.190871131691111, -0.682290264909419 ], [ 117.19173531099446, -0.681466568129214 ], [ 117.192432403654919, -0.68065814149042 ], [ 117.193000138914485, -0.680137155362492 ], [ 117.19356787417405, -0.679568561817315 ], [ 117.194335933741982, -0.678812233490791 ], [ 117.194916245415499, -0.678172677853963 ], [ 117.195709457811375, -0.677333710078654 ], [ 117.196773063107784, -0.676553128581264 ], [ 117.197379425924566, -0.676164185164563 ], [ 117.198973935553866, -0.675159040255192 ], [ 117.200649293558769, -0.674059578561417 ], [ 117.2022653627549, -0.672669082534459 ], [ 117.203091812816297, -0.671917244401314 ], [ 117.203834719556255, -0.671266010560447 ], [ 117.204709678642971, -0.670969586852429 ], [ 117.205870301990075, -0.671177083449928 ], [ 117.206933907286455, -0.671360327191048 ], [ 117.207963376602081, -0.671431289226206 ], [ 117.210033993331976, -0.671095342367116 ], [ 117.212112694899403, -0.670413567788048 ], [ 117.213534727994173, -0.669757842477515 ], [ 117.215935026433328, -0.668632330198937 ], [ 117.218539242441992, -0.667483463049906 ], [ 117.219403421745341, -0.666948103442318 ], [ 117.220377195513308, -0.665743544112407 ], [ 117.221019490941458, -0.665174050635456 ], [ 117.221681549305856, -0.664585693740881 ], [ 117.223523993953592, -0.663195195030698 ], [ 117.225596407314043, -0.661494797821334 ], [ 117.226862133549375, -0.660132144169549 ], [ 117.227975146186409, -0.658559298257583 ], [ 117.230200273145158, -0.65585464887336 ], [ 117.231888207564012, -0.653073646189171 ], [ 117.232656267131944, -0.651528644032688 ], [ 117.232962592643815, -0.649364741960343 ], [ 117.232962592643815, -0.648284137963301 ], [ 117.232731725615807, -0.647201737219703 ], [ 117.232041819477587, -0.645812131943082 ], [ 117.230890179283364, -0.643648227430448 ], [ 117.228895021037332, -0.640094715165271 ], [ 117.227896992756669, -0.638626959379894 ], [ 117.227744279158372, -0.637004702497962 ], [ 117.228132351361126, -0.636417240577489 ], [ 117.228356930182144, -0.63607680007613 ], [ 117.230045762916276, -0.63507254537933 ], [ 117.231810952449578, -0.634531792769448 ], [ 117.234189691321944, -0.634377292013384 ], [ 117.237412846561355, -0.633759288943008 ], [ 117.239255291209076, -0.632986785001355 ], [ 117.241404061368684, -0.632058881858866 ], [ 117.242554803247671, -0.630978274214875 ], [ 117.244857185320853, -0.627887357845682 ], [ 117.246852343566886, -0.625182692240583 ], [ 117.248692991584051, -0.623482282363709 ], [ 117.252241336956331, -0.621725281406934 ], [ 117.256675421198736, -0.620161406341587 ], [ 117.260361208809456, -0.618755625087209 ], [ 117.262466859835442, -0.616528830887748 ], [ 117.263263665492474, -0.615685361603116 ], [ 117.265156415796085, -0.613935544174092 ], [ 117.266344886916997, -0.612589046696817 ], [ 117.267649240709545, -0.6111985339369 ], [ 117.268877237702924, -0.609499017852637 ], [ 117.269557262372999, -0.607709674757338 ], [ 117.269788129401036, -0.604698690460796 ], [ 117.269964199196707, -0.60241260490745 ], [ 117.27020135443172, -0.598792593210407 ], [ 117.270872395948956, -0.596288226398424 ], [ 117.27286665587971, -0.595670218917872 ], [ 117.276091607749692, -0.596482251988476 ], [ 117.278987776225691, -0.597825160398659 ], [ 117.281768960345332, -0.598117995232472 ], [ 117.283347300299511, -0.59729697973868 ], [ 117.284040799698857, -0.596602619712201 ], [ 117.284213276233416, -0.596236126933263 ], [ 117.284259090312901, -0.596139114134755 ], [ 117.284545652888525, -0.595530089305083 ], [ 117.284545652888525, -0.592751749517087 ], [ 117.283103856857522, -0.590588721649244 ], [ 117.282273813534985, -0.589343722669018 ], [ 117.277287265392857, -0.58467272834828 ], [ 117.273075963340887, -0.582471071791174 ], [ 117.270407068631783, -0.581075161802496 ], [ 117.262798338175273, -0.577917745080775 ], [ 117.259898576438147, -0.583027100191065 ], [ 117.258958938650963, -0.583516656652784 ], [ 117.257871078841887, -0.584090650321531 ], [ 117.25722339352204, -0.584453550826769 ], [ 117.256695184134969, -0.584630509727999 ], [ 117.256306213616952, -0.584626018385397 ], [ 117.255871429019436, -0.584808366892143 ], [ 117.255517492797495, -0.585136234881981 ], [ 117.255065640209594, -0.585623994623184 ], [ 117.254566176911609, -0.585916830101199 ], [ 117.253867287620565, -0.585935693735761 ], [ 117.253274399533069, -0.585877306295243 ], [ 117.25326990795665, -0.585897966466573 ], [ 117.253186364635212, -0.586433334357932 ], [ 117.25312707582647, -0.587213929396351 ], [ 117.252972565597588, -0.588122976645476 ], [ 117.252756969929408, -0.589290724870751 ], [ 117.252702172697084, -0.589614101259105 ], [ 117.25157029543908, -0.590785442241835 ], [ 117.248616634784909, -0.598697376989523 ], [ 117.248936435026039, -0.599879495237216 ], [ 117.24795996631218, -0.60207306048797 ], [ 117.244725132974068, -0.601392175053987 ], [ 117.244604758725998, -0.601375108003759 ], [ 117.244487079423791, -0.601454155393841 ], [ 117.244451146812423, -0.601596081386798 ], [ 117.244397247895378, -0.601767650145506 ], [ 117.24425351744992, -0.602037129860333 ], [ 117.24406217629442, -0.602180852369462 ], [ 117.243808851384287, -0.60241260490745 ], [ 117.243612120337062, -0.602616511202102 ], [ 117.243465694945755, -0.602866229032733 ], [ 117.243440542117781, -0.603069237044879 ], [ 117.243480067990291, -0.60323990749171 ], [ 117.243741477737984, -0.60347884610828 ], [ 117.244990135982903, -0.604486699856605 ], [ 117.245028763540134, -0.604659166789456 ], [ 117.245561464503595, -0.605146924804262 ], [ 117.245473429605767, -0.605880807406874 ], [ 117.245150036103482, -0.60631826247278 ], [ 117.244742200964481, -0.607049450122082 ], [ 117.244623623346982, -0.607471634592019 ], [ 117.24432628098792, -0.608669021430439 ], [ 117.243605832130058, -0.609251096856798 ], [ 117.243480067990291, -0.609249300327801 ], [ 117.242100255713893, -0.608036643118259 ], [ 117.240394354989363, -0.607519242625922 ], [ 117.24035213417099, -0.607521039155495 ], [ 117.231886410933456, -0.607824652644753 ], [ 117.231077028862458, -0.607862379763528 ], [ 117.230827297213466, -0.60804203270646 ], [ 117.230258663638622, -0.609230436773297 ], [ 117.229216617909046, -0.611981820238756 ], [ 117.227340935595805, -0.614088249003356 ], [ 117.22564940791581, -0.615516488077481 ], [ 117.224868771933899, -0.618922701984248 ], [ 117.217682249660953, -0.618455605269643 ], [ 117.20433418285424, -0.612491135926426 ] ] ] } }
]
}
