{
"type": "FeatureCollection",
"name": "positif__delineasi_kumuh_2020",
"crs": { "type": "name", "properties": { "name": "urn:ogc:def:crs:OGC:1.3:CRS84" } },
"features": [
{ "type": "Feature", "properties": { "FID": 0, "Kode_Prov": 64, "Provinsi": "Kalimantan Timur", "Kode_Kota": 6472, "Kota": "Kota Samarinda", "Kode_Kec": 647206, "Kecamatan": "Samarinda Ulu", "Kode_Kel": 64720603, "Kelurahan": "Air Putih", "Basis": "64720603-RT039-00000", "skor_awal": 26, "luas_awal": 0.38, "kum_awal": "Kumuh Ringan", "skor_akhir": 20, "luas_akhir": 0.38, "kum_akhir": "Kumuh Ringan", "p_kumuh": 0.0, "Sumber": "DATA SIM KOTAKU, download pada tanggal 16 Desember 2021", "RT": "RT039", "city": "samarinda", "source_layer": "Delineasi Kumuh 2020", "role": "positif" }, "geometry": { "type": "Polygon", "coordinates": [ [ [ 117.122336862035098, -0.469969032042803 ], [ 117.122710561193273, -0.469549532905108 ], [ 117.122869562998545, -0.469344723895117 ], [ 117.12295041137412, -0.469178541141374 ], [ 117.122345845187937, -0.468815633924888 ], [ 117.122242538930237, -0.468988104683584 ], [ 117.122367404754726, -0.469076136631697 ], [ 117.122348540133771, -0.46911566117947 ], [ 117.122419507041215, -0.469149796016002 ], [ 117.122450948076164, -0.469097695475964 ], [ 117.122634204394117, -0.469251302239445 ], [ 117.122553356018557, -0.469311487344684 ], [ 117.122489575633395, -0.469328554762493 ], [ 117.122461727859587, -0.46928723364562 ], [ 117.122426693563497, -0.469321368481316 ], [ 117.122445558184467, -0.46935999474256 ], [ 117.12254347455044, -0.469442636975203 ], [ 117.122448253130329, -0.469574684888377 ], [ 117.122457236283168, -0.469598938586444 ], [ 117.122416812095381, -0.469636666561048 ], [ 117.12238626937571, -0.46961959914399 ], [ 117.122306319315427, -0.469721105360613 ], [ 117.12234494687263, -0.469782188746897 ], [ 117.122275776595757, -0.469810035584585 ], [ 117.122336862035098, -0.469969032042803 ] ] ] } },
{ "type": "Feature", "properties": { "FID": 1, "Kode_Prov": 64, "Provinsi": "Kalimantan Timur", "Kode_Kota": 6472, "Kota": "Kota Samarinda", "Kode_Kec": 647206, "Kecamatan": "Samarinda Ulu", "Kode_Kel": 64720603, "Kelurahan": "Air Putih", "Basis": "64720603-RT037-00000", "skor_awal": 20, "luas_awal": 0.81, "kum_awal": "Kumuh Ringan", "skor_akhir": 20, "luas_akhir": 0.81, "kum_akhir": "Kumuh Ringan", "p_kumuh": 0.0, "Sumber": "DATA SIM KOTAKU, download pada tanggal 16 Desember 2021", "RT": "RT037", "city": "samarinda", "source_layer": "Delineasi Kumuh 2020", "role": "positif" }, "geometry": { "type": "Polygon", "coordinates": [ [ [ 117.121212171299362, -0.46849853923766 ], [ 117.121363986582381, -0.46867729800078 ], [ 117.121458309687213, -0.468759940241485 ], [ 117.121691871661071, -0.46901415495406 ], [ 117.121775414982508, -0.469060865783635 ], [ 117.121920043743245, -0.469187523993029 ], [ 117.122000892118805, -0.469262081661317 ], [ 117.122090723647219, -0.469402214144141 ], [ 117.122132944465591, -0.469507313504416 ], [ 117.122240742299681, -0.469704936228861 ], [ 117.122275776595757, -0.469810035584585 ], [ 117.12234494687263, -0.469782188746897 ], [ 117.122306319315427, -0.469721105360613 ], [ 117.12238626937571, -0.46961959914399 ], [ 117.122416812095381, -0.469636666561048 ], [ 117.122457236283168, -0.469598938586444 ], [ 117.122448253130329, -0.469574684888377 ], [ 117.12254347455044, -0.469442636975203 ], [ 117.122445558184467, -0.46935999474256 ], [ 117.122426693563497, -0.469321368481316 ], [ 117.122300929423702, -0.469368977593981 ], [ 117.122264996812333, -0.469323165051611 ], [ 117.122284759748609, -0.469297114782286 ], [ 117.122213792841151, -0.469204591411141 ], [ 117.122139232672566, -0.469124644031205 ], [ 117.12210240174592, -0.469131830312585 ], [ 117.122056587666407, -0.469096797190788 ], [ 117.122021553370345, -0.469121949175685 ], [ 117.1219676544533, -0.469080628057592 ], [ 117.121893094284715, -0.469119254320165 ], [ 117.121825720638412, -0.46907074692062 ], [ 117.121758346992095, -0.469006070387371 ], [ 117.121829313899553, -0.468938698997934 ], [ 117.12180416107158, -0.468865039611407 ], [ 117.121791584657601, -0.468741974537067 ], [ 117.121927230265527, -0.468798566505828 ], [ 117.121944298255897, -0.468785092227593 ], [ 117.1219676544533, -0.468588367762411 ], [ 117.122050299459431, -0.468602740326264 ], [ 117.122070062395679, -0.468555131208387 ], [ 117.12209431690836, -0.468503030663925 ], [ 117.122156300662965, -0.468441048981214 ], [ 117.122103300061198, -0.46837637244215 ], [ 117.121985620758991, -0.468305407905545 ], [ 117.121910162275114, -0.468275764491307 ], [ 117.121871534717897, -0.468227257085921 ], [ 117.121843686944089, -0.468176054824316 ], [ 117.121827517268969, -0.468114971424017 ], [ 117.121808652647999, -0.468055684593806 ], [ 117.121794279603463, -0.467991008051187 ], [ 117.121733194164136, -0.467975737200759 ], [ 117.121709837966748, -0.468111378282806 ], [ 117.121668515463696, -0.468166173686068 ], [ 117.121603836763242, -0.468114971424017 ], [ 117.121501428820849, -0.468201206812519 ], [ 117.121436750120381, -0.468301814764432 ], [ 117.121365783212966, -0.468275764491307 ], [ 117.121299307881927, -0.468397931288571 ], [ 117.121212171299362, -0.46849853923766 ] ] ] } },
{ "type": "Feature", "properties": { "FID": 2, "Kode_Prov": 64, "Provinsi": "Kalimantan Timur", "Kode_Kota": 6472, "Kota": "Kota Samarinda", "Kode_Kec": 647201, "Kecamatan": "Samarinda Ilir", "Kode_Kel": 64720110, "Kelurahan": "Sidomulyo", "Basis": "64720110-RT018-00000", "skor_awal": 24, "luas_awal": 0.18, "kum_awal": "Kumuh Ringan", "skor_akhir": 15, "luas_akhir": 0.0, "kum_akhir": "Tidak Kumuh", "p_kumuh": 0.18, "Sumber": "DATA SIM KOTAKU, download pada tanggal 16 Desember 2021", "RT": "RT018", "city": "samarinda", "source_layer": "Delineasi Kumuh 2020", "role": "positif" }, "geometry": { "type": "Polygon", "coordinates": [ [ [ 117.164130980628727, -0.495864744997268 ], [ 117.164122895791166, -0.495819830914992 ], [ 117.163939639473213, -0.495783899648952 ], [ 117.163910893384127, -0.495686885229669 ], [ 117.163778841037342, -0.495652750526251 ], [ 117.163725840435603, -0.495657241934605 ], [ 117.163715958967458, -0.495725511341221 ], [ 117.163711467391039, -0.495778509959029 ], [ 117.163701585922922, -0.495829712013118 ], [ 117.163715958967458, -0.495949183471121 ], [ 117.163675534779671, -0.495974335356742 ], [ 117.163666551626832, -0.496032723662278 ], [ 117.163670144887973, -0.496055180702732 ], [ 117.163668348257417, -0.496070451490197 ], [ 117.163663856680998, -0.496103687909852 ], [ 117.163856096151804, -0.496140517455761 ], [ 117.163968385562313, -0.496162076214247 ], [ 117.164019589533495, -0.496098298220189 ], [ 117.163987250183268, -0.496034520225517 ], [ 117.163993538390258, -0.495966250822088 ], [ 117.164067200243565, -0.495957268005795 ], [ 117.164130980628727, -0.495864744997268 ] ] ] } },
{ "type": "Feature", "properties": { "FID": 3, "Kode_Prov": 64, "Provinsi": "Kalimantan Timur", "Kode_Kota": 6472, "Kota": "Kota Samarinda", "Kode_Kec": 647201, "Kecamatan": "Samarinda Ilir", "Kode_Kel": 64720110, "Kelurahan": "Sidomulyo", "Basis": "64720110-RT017-00000", "skor_awal": 31, "luas_awal": 1.43, "kum_awal": "Kumuh Ringan", "skor_akhir": 16, "luas_akhir": 1.43, "kum_akhir": "Kumuh Ringan", "p_kumuh": 0.0, "Sumber": "DATA SIM KOTAKU, download pada tanggal 16 Desember 2021", "RT": "RT017", "city": "samarinda", "source_layer": "Delineasi Kumuh 2020", "role": "positif" }, "geometry": { "type": "Polygon", "coordinates": [ [ [ 117.163989945129117, -0.496445034912861 ], [ 117.16400072491254, -0.496268073442447 ], [ 117.164003419858375, -0.496242023276352 ], [ 117.163969283877591, -0.49623214217884 ], [ 117.163968385562313, -0.496162076214247 ], [ 117.163856096151804, -0.496140517455761 ], [ 117.163663856680998, -0.496103687909852 ], [ 117.163635110591898, -0.496155788243029 ], [ 117.163627025754352, -0.496231243897248 ], [ 117.163628822384908, -0.496296818453192 ], [ 117.163635110591898, -0.496334546279604 ], [ 117.163644992060043, -0.496373172387375 ], [ 117.163845316368381, -0.496376765513668 ], [ 117.163904605177123, -0.496437848660347 ], [ 117.16386597761992, -0.496522287126886 ], [ 117.163587499881857, -0.497132220273357 ], [ 117.163645890375321, -0.49717354122086 ], [ 117.163718653913321, -0.497224743264146 ], [ 117.163724942120297, -0.497316367972194 ], [ 117.163772552830366, -0.497385535643113 ], [ 117.163831841639109, -0.49747266894181 ], [ 117.163812977018154, -0.49752566754561 ], [ 117.163806688811178, -0.497568785053472 ], [ 117.163799502288896, -0.497646935535753 ], [ 117.163783332613775, -0.497693646168399 ], [ 117.163812078702875, -0.497737661956551 ], [ 117.163859689412917, -0.497792457120983 ], [ 117.163888435502031, -0.497818507280963 ], [ 117.163924368113385, -0.497859828224168 ], [ 117.163936046212072, -0.497904742292576 ], [ 117.164033962578031, -0.498101465908597 ], [ 117.1641561334567, -0.498348493271996 ], [ 117.164612477621034, -0.498750025002916 ], [ 117.16477417437217, -0.498614384532794 ], [ 117.16489814188138, -0.498415864369498 ], [ 117.164815496875235, -0.498235309826643 ], [ 117.164764292904053, -0.498195785448443 ], [ 117.164703207464711, -0.498166142164637 ], [ 117.164716682193983, -0.497920911357128 ], [ 117.164585528162505, -0.497846354003586 ], [ 117.164579239955529, -0.497750237895969 ], [ 117.164541510713576, -0.49772239117294 ], [ 117.164485815165975, -0.497772694930584 ], [ 117.164374424070743, -0.497960435736977 ], [ 117.164305253793856, -0.498122126379345 ], [ 117.164151641880281, -0.497915521668948 ], [ 117.164188472806913, -0.497898454323017 ], [ 117.164209134058467, -0.497822998687845 ], [ 117.16418577786105, -0.497796050246503 ], [ 117.164095048017373, -0.497737661956551 ], [ 117.164029471001612, -0.497716103203207 ], [ 117.164078878342238, -0.497558005676533 ], [ 117.164101336224348, -0.497499617384473 ], [ 117.164089658125661, -0.49746638097184 ], [ 117.16409235307151, -0.49742506002617 ], [ 117.164113912638328, -0.49731097828352 ], [ 117.164158828402535, -0.49723013295289 ], [ 117.164238778462817, -0.497112458080981 ], [ 117.164280100965911, -0.496833990818494 ], [ 117.164277406020048, -0.496711824531892 ], [ 117.164243270039236, -0.496607623873889 ], [ 117.16420823574316, -0.496602234184637 ], [ 117.16418577786105, -0.49650791462202 ], [ 117.164141760412136, -0.496511507748239 ], [ 117.163989945129117, -0.496445034912861 ] ] ] } },
{ "type": "Feature", "properties": { "FID": 4, "Kode_Prov": 64, "Provinsi": "Kalimantan Timur", "Kode_Kota": 6472, "Kota": "Kota Samarinda", "Kode_Kec": 647201, "Kecamatan": "Samarinda Ilir", "Kode_Kel": 64720110, "Kelurahan": "Sidomulyo", "Basis": "64720110-RT030-00000", "skor_awal": 31, "luas_awal": 0.64, "kum_awal": "Kumuh Ringan", "skor_akhir": 13, "luas_akhir": 0.0, "kum_akhir": "Tidak Kumuh", "p_kumuh": 0.64, "Sumber": "DATA SIM KOTAKU, download pada tanggal 16 Desember 2021", "RT": "RT030", "city": "samarinda", "source_layer": "Delineasi Kumuh 2020", "role": "positif" }, "geometry": { "type": "Polygon", "coordinates": [ [ [ 117.164238778462817, -0.497112458080981 ], [ 117.164158828402535, -0.49723013295289 ], [ 117.164113912638328, -0.49731097828352 ], [ 117.16409235307151, -0.49742506002617 ], [ 117.164089658125661, -0.49746638097184 ], [ 117.164101336224348, -0.497499617384473 ], [ 117.164078878342238, -0.497558005676533 ], [ 117.164029471001612, -0.497716103203207 ], [ 117.164095048017373, -0.497737661956551 ], [ 117.164159726717813, -0.497642444128751 ], [ 117.164383407223582, -0.497727780861277 ], [ 117.164413051627974, -0.497669392570721 ], [ 117.164352864503925, -0.49754363317392 ], [ 117.164491205057672, -0.497343316415495 ], [ 117.164691529366038, -0.497017240244161 ], [ 117.16466008833109, -0.49695076741387 ], [ 117.164656495069949, -0.496871718641841 ], [ 117.164651105178251, -0.496797161276448 ], [ 117.164656495069949, -0.496641758572381 ], [ 117.164671766429777, -0.496411798494921 ], [ 117.164536120821879, -0.496421679592164 ], [ 117.164518154516202, -0.496354308474306 ], [ 117.164464255599157, -0.496362393008485 ], [ 117.164464255599157, -0.49632825830855 ], [ 117.164375322386022, -0.49632915659013 ], [ 117.164306152109134, -0.496339935969074 ], [ 117.164240575093402, -0.496383951766248 ], [ 117.164179489654074, -0.496420781310597 ], [ 117.16418577786105, -0.49650791462202 ], [ 117.16420823574316, -0.496602234184637 ], [ 117.164243270039236, -0.496607623873889 ], [ 117.164277406020048, -0.496711824531892 ], [ 117.164280100965911, -0.496833990818494 ], [ 117.164238778462817, -0.497112458080981 ] ] ] } },
{ "type": "Feature", "properties": { "FID": 5, "Kode_Prov": 64, "Provinsi": "Kalimantan Timur", "Kode_Kota": 6472, "Kota": "Kota Samarinda", "Kode_Kec": 647201, "Kecamatan": "Samarinda Ilir", "Kode_Kel": 64720110, "Kelurahan": "Sidomulyo", "Basis": "64720110-RT016-00000", "skor_awal": 25, "luas_awal": 1.4, "kum_awal": "Kumuh Ringan", "skor_akhir": 11, "luas_akhir": 0.0, "kum_akhir": "Tidak Kumuh", "p_kumuh": 1.4, "Sumber": "DATA SIM KOTAKU, download pada tanggal 16 Desember 2021", "RT": "RT016", "city": "samarinda", "source_layer": "Delineasi Kumuh 2020", "role": "positif" }, "geometry": { "type": "Polygon", "coordinates": [ [ [ 117.16386597761992, -0.496522287126886 ], [ 117.163824655116855, -0.496504321495798 ], [ 117.163768061253947, -0.496506118058909 ], [ 117.163698890977088, -0.496518694000673 ], [ 117.163627025754352, -0.496528575097756 ], [ 117.163552465585767, -0.496542947602577 ], [ 117.163505753191004, -0.496575285738312 ], [ 117.163471617210192, -0.496602234184637 ], [ 117.163197631048547, -0.496583370272221 ], [ 117.163156308545453, -0.496671401863034 ], [ 117.163147325392615, -0.496753145482025 ], [ 117.163211105777805, -0.49681512690674 ], [ 117.163198529363825, -0.496860939263764 ], [ 117.163167986644154, -0.496926513813461 ], [ 117.163125765825825, -0.497010952273757 ], [ 117.163076358485171, -0.497055866347942 ], [ 117.163025154513988, -0.497101678703297 ], [ 117.162991018533177, -0.497178032628181 ], [ 117.16302874777513, -0.497214862168104 ], [ 117.163063782071205, -0.497251691707822 ], [ 117.163081748376896, -0.497284029840087 ], [ 117.163102409628408, -0.497301995469055 ], [ 117.163113189411831, -0.497370264858686 ], [ 117.163116782672972, -0.497455601594733 ], [ 117.163100612997852, -0.497537345204017 ], [ 117.163111392781246, -0.497584954118848 ], [ 117.163173376535866, -0.497602919746996 ], [ 117.163238953551613, -0.497623580219306 ], [ 117.16323176702933, -0.497680171947477 ], [ 117.16323176702933, -0.497763712116747 ], [ 117.163242546812754, -0.497851743691822 ], [ 117.16323176702933, -0.497905640573941 ], [ 117.163242546812754, -0.497970316831902 ], [ 117.163212004093083, -0.498070924343024 ], [ 117.16315720686076, -0.498149973100686 ], [ 117.163353937907985, -0.498275732485921 ], [ 117.163424904815429, -0.498310765457095 ], [ 117.163481498678323, -0.498261359984873 ], [ 117.16362343249321, -0.498297291237434 ], [ 117.163660263419857, -0.498373645148477 ], [ 117.163760874731665, -0.498421254057268 ], [ 117.163813875333432, -0.49830088436268 ], [ 117.163900113600704, -0.49831705342626 ], [ 117.163961199040031, -0.49832693452065 ], [ 117.163969283877591, -0.498212852793604 ], [ 117.164033962578031, -0.498101465908597 ], [ 117.163936046212072, -0.497904742292576 ], [ 117.163924368113385, -0.497859828224168 ], [ 117.163888435502031, -0.497818507280963 ], [ 117.163859689412917, -0.497792457120983 ], [ 117.163812078702875, -0.497737661956551 ], [ 117.163783332613775, -0.497693646168399 ], [ 117.163799502288896, -0.497646935535753 ], [ 117.163806688811178, -0.497568785053472 ], [ 117.163812977018154, -0.49752566754561 ], [ 117.163831841639109, -0.49747266894181 ], [ 117.163772552830366, -0.497385535643113 ], [ 117.163724942120297, -0.497316367972194 ], [ 117.163718653913321, -0.497224743264146 ], [ 117.163645890375321, -0.49717354122086 ], [ 117.163587499881857, -0.497132220273357 ], [ 117.16386597761992, -0.496522287126886 ] ] ] } },
{ "type": "Feature", "properties": { "FID": 6, "Kode_Prov": 64, "Provinsi": "Kalimantan Timur", "Kode_Kota": 6472, "Kota": "Kota Samarinda", "Kode_Kec": 647201, "Kecamatan": "Samarinda Ilir", "Kode_Kel": 64720109, "Kelurahan": "Sidodamai", "Basis": "64720109-RT024-00000", "skor_awal": 20, "luas_awal": 1.37, "kum_awal": "Kumuh Ringan", "skor_akhir": 15, "luas_akhir": 0.0, "kum_akhir": "Tidak Kumuh", "p_kumuh": 1.37, "Sumber": "DATA SIM KOTAKU, download pada tanggal 16 Desember 2021", "RT": "RT024", "city": "samarinda", "source_layer": "Delineasi Kumuh 2020", "role": "positif" }, "geometry": { "type": "Polygon", "coordinates": [ [ [ 117.163128460771659, -0.504149591372861 ], [ 117.163092528160291, -0.504139710287255 ], [ 117.162885017329643, -0.50407772893175 ], [ 117.162777219495553, -0.503998680245613 ], [ 117.162708947533972, -0.503953766218971 ], [ 117.162664031769765, -0.503941190291456 ], [ 117.162637082311235, -0.503932207486073 ], [ 117.162609234537442, -0.50393400404715 ], [ 117.16255803056626, -0.503918733277975 ], [ 117.162514911432609, -0.503906157350392 ], [ 117.162480775451797, -0.503960054182719 ], [ 117.162442147894595, -0.504034611466703 ], [ 117.162366689410732, -0.504169353544027 ], [ 117.162293925872717, -0.504273554081913 ], [ 117.162118754392324, -0.504607714416292 ], [ 117.162346926474484, -0.504744253042605 ], [ 117.162677506499023, -0.504855639814579 ], [ 117.163191342841543, -0.504898757274186 ], [ 117.163672839833836, -0.504913129760658 ], [ 117.163685416247816, -0.504867317459917 ], [ 117.163706077499342, -0.504773896296623 ], [ 117.163736620219012, -0.504683169973293 ], [ 117.163771654515088, -0.504639154231815 ], [ 117.163802197234759, -0.504596036770487 ], [ 117.163839028161405, -0.504575376320166 ], [ 117.163895622024285, -0.504500819042376 ], [ 117.163812977018154, -0.504446023934057 ], [ 117.163784230929068, -0.504400211630027 ], [ 117.163693501085362, -0.504362483849995 ], [ 117.163583008305437, -0.504309485301486 ], [ 117.163558753792742, -0.504287028289276 ], [ 117.163508448136838, -0.504266367837974 ], [ 117.163503956560419, -0.504281638606334 ], [ 117.163435684598838, -0.504259181594027 ], [ 117.163389870519353, -0.504217860691181 ], [ 117.163202122624966, -0.504168455263521 ], [ 117.163128460771659, -0.504149591372861 ] ] ] } },
{ "type": "Feature", "properties": { "FID": 7, "Kode_Prov": 64, "Provinsi": "Kalimantan Timur", "Kode_Kota": 6472, "Kota": "Kota Samarinda", "Kode_Kec": 647201, "Kecamatan": "Samarinda Ilir", "Kode_Kel": 64720109, "Kelurahan": "Sidodamai", "Basis": "64720109-RT023-00000", "skor_awal": 18, "luas_awal": 0.27, "kum_awal": "Kumuh Ringan", "skor_akhir": 6, "luas_akhir": 0.0, "kum_akhir": "Tidak Kumuh", "p_kumuh": 0.27, "Sumber": "DATA SIM KOTAKU, download pada tanggal 16 Desember 2021", "RT": "RT023", "city": "samarinda", "source_layer": "Delineasi Kumuh 2020", "role": "positif" }, "geometry": { "type": "Polygon", "coordinates": [ [ [ 117.163128460771659, -0.504149591372861 ], [ 117.163202122624966, -0.504168455263521 ], [ 117.163389870519353, -0.504217860691181 ], [ 117.163435684598838, -0.504259181594027 ], [ 117.163503956560419, -0.504281638606334 ], [ 117.163508448136838, -0.504266367837974 ], [ 117.163558753792742, -0.504287028289276 ], [ 117.163583008305437, -0.504309485301486 ], [ 117.163693501085362, -0.504362483849995 ], [ 117.163784230929068, -0.504400211630027 ], [ 117.163812977018154, -0.504446023934057 ], [ 117.163895622024285, -0.504500819042376 ], [ 117.163934249581501, -0.504456803299665 ], [ 117.163980063660986, -0.504530462297503 ], [ 117.164081573288101, -0.50441099099571 ], [ 117.164040250785035, -0.504275350642896 ], [ 117.164079776657516, -0.504270859240437 ], [ 117.164084268233935, -0.50420887788618 ], [ 117.164031267632197, -0.504160370738959 ], [ 117.163991741759702, -0.504203488203173 ], [ 117.163946825995495, -0.504159472458451 ], [ 117.163906401807708, -0.504199895081166 ], [ 117.163855197836497, -0.504154082775404 ], [ 117.16379321408192, -0.504221453813178 ], [ 117.163668348257417, -0.504115456713432 ], [ 117.163215597354224, -0.503941190291456 ], [ 117.163128460771659, -0.504149591372861 ] ] ] } },
{ "type": "Feature", "properties": { "FID": 8, "Kode_Prov": 64, "Provinsi": "Kalimantan Timur", "Kode_Kota": 6472, "Kota": "Kota Samarinda", "Kode_Kec": 647201, "Kecamatan": "Samarinda Ilir", "Kode_Kel": 64720109, "Kelurahan": "Sidodamai", "Basis": "64720109-RT025-00000", "skor_awal": 30, "luas_awal": 0.61, "kum_awal": "Kumuh Ringan", "skor_akhir": 14, "luas_akhir": 0.0, "kum_akhir": "Tidak Kumuh", "p_kumuh": 0.61, "Sumber": "DATA SIM KOTAKU, download pada tanggal 16 Desember 2021", "RT": "RT025", "city": "samarinda", "source_layer": "Delineasi Kumuh 2020", "role": "positif" }, "geometry": { "type": "Polygon", "coordinates": [ [ [ 117.164068996874121, -0.504667899205875 ], [ 117.164055522144864, -0.504702932142839 ], [ 117.164037555839172, -0.50477659113789 ], [ 117.163941436103798, -0.504744253042605 ], [ 117.163858791097638, -0.504957145500281 ], [ 117.164070793504678, -0.505100870362281 ], [ 117.164278304335326, -0.505208664006695 ], [ 117.164646613601832, -0.5046059178554 ], [ 117.16444000108649, -0.504446023934057 ], [ 117.164474137067273, -0.504372364935263 ], [ 117.164498391579954, -0.504307688740512 ], [ 117.164606189414044, -0.50408761001745 ], [ 117.164466052229713, -0.50401754413671 ], [ 117.164283694227024, -0.503973528390732 ], [ 117.164202845851463, -0.503980714634993 ], [ 117.164196557644473, -0.504076830651231 ], [ 117.164167811555373, -0.504079525492788 ], [ 117.164158828402535, -0.504151387933878 ], [ 117.164087861495091, -0.504145998250824 ], [ 117.164084268233935, -0.50420887788618 ], [ 117.164079776657516, -0.504270859240437 ], [ 117.164139065466287, -0.504287028289276 ], [ 117.164207337427882, -0.504326552630714 ], [ 117.164194761013903, -0.504440634251247 ], [ 117.164162421663676, -0.504538546821605 ], [ 117.164189371122191, -0.504625680025181 ], [ 117.164145353673277, -0.504693949338507 ], [ 117.164068996874121, -0.504667899205875 ] ] ] } },
{ "type": "Feature", "properties": { "FID": 9, "Kode_Prov": 64, "Provinsi": "Kalimantan Timur", "Kode_Kota": 6472, "Kota": "Kota Samarinda", "Kode_Kec": 647201, "Kecamatan": "Samarinda Ilir", "Kode_Kel": 64720111, "Kelurahan": "Sungai Dama", "Basis": "64720111-RT028-00000", "skor_awal": 20, "luas_awal": 0.69, "kum_awal": "Kumuh Ringan", "skor_akhir": 11, "luas_akhir": 0.0, "kum_akhir": "Tidak Kumuh", "p_kumuh": 0.69, "Sumber": "DATA SIM KOTAKU, download pada tanggal 16 Desember 2021", "RT": "RT028", "city": "samarinda", "source_layer": "Delineasi Kumuh 2020", "role": "positif" }, "geometry": { "type": "Polygon", "coordinates": [ [ [ 117.162209484236016, -0.504777489418313 ], [ 117.162013651504068, -0.504682271692857 ], [ 117.161738767027117, -0.504496327640072 ], [ 117.161552815763315, -0.50489785899378 ], [ 117.161465679180736, -0.504857436375401 ], [ 117.161418966785973, -0.505026313090515 ], [ 117.161572578699548, -0.505084701315464 ], [ 117.161708224307446, -0.505126022212804 ], [ 117.16161929109434, -0.505551807096171 ], [ 117.161876209265586, -0.5056569058922 ], [ 117.161897768832418, -0.505638042005859 ], [ 117.16210438134776, -0.505735954558178 ], [ 117.162196009506744, -0.505576060664637 ], [ 117.162113364500598, -0.505523062126021 ], [ 117.162223857280551, -0.505249984903246 ], [ 117.162151992057829, -0.505220341651399 ], [ 117.16214121227442, -0.505274238472839 ], [ 117.16206036389886, -0.505236510697878 ], [ 117.162134025752138, -0.505089192717362 ], [ 117.162211280866572, -0.504935586770707 ], [ 117.16214570385084, -0.504901452115402 ], [ 117.162209484236016, -0.504777489418313 ] ] ] } },
{ "type": "Feature", "properties": { "FID": 10, "Kode_Prov": 64, "Provinsi": "Kalimantan Timur", "Kode_Kota": 6472, "Kota": "Kota Samarinda", "Kode_Kec": 647201, "Kecamatan": "Samarinda Ilir", "Kode_Kel": 64720111, "Kelurahan": "Sungai Dama", "Basis": "64720111-RT008-00000", "skor_awal": 19, "luas_awal": 0.69, "kum_awal": "Kumuh Ringan", "skor_akhir": 14, "luas_akhir": 0.0, "kum_akhir": "Tidak Kumuh", "p_kumuh": 0.69, "Sumber": "DATA SIM KOTAKU, download pada tanggal 16 Desember 2021", "RT": "RT008", "city": "samarinda", "source_layer": "Delineasi Kumuh 2020", "role": "positif" }, "geometry": { "type": "Polygon", "coordinates": [ [ [ 117.16161929109434, -0.505551807096171 ], [ 117.161708224307446, -0.505126022212804 ], [ 117.161572578699548, -0.505084701315464 ], [ 117.161418966785973, -0.505026313090515 ], [ 117.161382135859341, -0.505331728415215 ], [ 117.161365966184206, -0.505470063586972 ], [ 117.161384830805176, -0.505506893080255 ], [ 117.161358779661953, -0.505654211051298 ], [ 117.161319253789443, -0.505762004686529 ], [ 117.161314762213024, -0.505791647935903 ], [ 117.161310270636605, -0.505821291185142 ], [ 117.161249185197278, -0.505946152142572 ], [ 117.161230320576323, -0.50598747303443 ], [ 117.161302185799045, -0.506062928575405 ], [ 117.161281524547505, -0.506112333988662 ], [ 117.161552815763315, -0.506291091753487 ], [ 117.161637257400031, -0.506346785126445 ], [ 117.161675884957219, -0.506307260797298 ], [ 117.161726190613138, -0.506308159077509 ], [ 117.16210438134776, -0.505735954558178 ], [ 117.161897768832418, -0.505638042005859 ], [ 117.161876209265586, -0.5056569058922 ], [ 117.16161929109434, -0.505551807096171 ] ] ] } },
{ "type": "Feature", "properties": { "FID": 11, "Kode_Prov": 64, "Provinsi": "Kalimantan Timur", "Kode_Kota": 6472, "Kota": "Kota Samarinda", "Kode_Kec": 647201, "Kecamatan": "Samarinda Ilir", "Kode_Kel": 64720111, "Kelurahan": "Sungai Dama", "Basis": "64720111-RT029-00000", "skor_awal": 18, "luas_awal": 1.68, "kum_awal": "Kumuh Ringan", "skor_akhir": 10, "luas_akhir": 0.0, "kum_akhir": "Tidak Kumuh", "p_kumuh": 1.68, "Sumber": "DATA SIM KOTAKU, download pada tanggal 16 Desember 2021", "RT": "RT029", "city": "samarinda", "source_layer": "Delineasi Kumuh 2020", "role": "positif" }, "geometry": { "type": "Polygon", "coordinates": [ [ [ 117.164454374131026, -0.505411675365486 ], [ 117.164390593745836, -0.505373049310983 ], [ 117.164342983035795, -0.505430539252485 ], [ 117.16428459254233, -0.505395506319443 ], [ 117.164312440316138, -0.505328135293831 ], [ 117.164217218895999, -0.505274238472839 ], [ 117.164110319377187, -0.505213155408507 ], [ 117.164009708065379, -0.505138598138029 ], [ 117.163920774852244, -0.505098175521147 ], [ 117.163834536584972, -0.505070328829372 ], [ 117.16375817978583, -0.505029906212065 ], [ 117.163368310952521, -0.504979602510178 ], [ 117.163035035982105, -0.50496073862187 ], [ 117.16283830493488, -0.504949959257097 ], [ 117.162672116607325, -0.504936485051107 ], [ 117.162442147894595, -0.504873605422783 ], [ 117.162209484236016, -0.504777489418313 ], [ 117.16214570385084, -0.504901452115402 ], [ 117.162211280866572, -0.504935586770707 ], [ 117.162134025752138, -0.505089192717362 ], [ 117.16206036389886, -0.505236510697878 ], [ 117.16214121227442, -0.505274238472839 ], [ 117.162151992057829, -0.505220341651399 ], [ 117.162223857280551, -0.505249984903246 ], [ 117.162113364500598, -0.505523062126021 ], [ 117.162196009506744, -0.505576060664637 ], [ 117.16210438134776, -0.505735954558178 ], [ 117.161726190613138, -0.506308159077509 ], [ 117.161880700842005, -0.506406071619714 ], [ 117.161941786281346, -0.506324328121278 ], [ 117.162019939711044, -0.506337802324387 ], [ 117.162065753790557, -0.50623629666027 ], [ 117.161953464380019, -0.506174315324762 ], [ 117.161979515523257, -0.506136587555033 ], [ 117.162110669554764, -0.506191382649092 ], [ 117.162221162334717, -0.506100656345563 ], [ 117.162280451143459, -0.506167129082926 ], [ 117.162183433092764, -0.506295583154549 ], [ 117.162245416847369, -0.506344090285829 ], [ 117.16241070685966, -0.506150061758533 ], [ 117.162353214681474, -0.506083589020994 ], [ 117.162419690012499, -0.505994659276466 ], [ 117.162537369314705, -0.506065623416137 ], [ 117.162579590133049, -0.506065623416137 ], [ 117.162696371119978, -0.50596860914905 ], [ 117.162797880747092, -0.506008133480261 ], [ 117.162835609989017, -0.50592189857549 ], [ 117.162858067871127, -0.505850934434246 ], [ 117.162782609387278, -0.505829375707639 ], [ 117.162769134658021, -0.505894950167514 ], [ 117.162488860289358, -0.505563484740258 ], [ 117.162558928881538, -0.505446708298441 ], [ 117.162628099158397, -0.505426047850823 ], [ 117.16266582840035, -0.505362269946895 ], [ 117.162619116005558, -0.505329033574177 ], [ 117.162669421661462, -0.505094582399635 ], [ 117.162714337425669, -0.505103565203413 ], [ 117.162718829002088, -0.505154767184711 ], [ 117.162840101565436, -0.505165546549144 ], [ 117.162974848858084, -0.505191596679782 ], [ 117.162982035380338, -0.505304780004789 ], [ 117.163346751385703, -0.505380235553699 ], [ 117.163523719496681, -0.505525756966978 ], [ 117.163581211674853, -0.505406285683476 ], [ 117.163660263419857, -0.505401794281798 ], [ 117.163784230929068, -0.50547724982958 ], [ 117.163811180387597, -0.505496113716389 ], [ 117.163875859088037, -0.505469165306646 ], [ 117.163898316970148, -0.505497910277035 ], [ 117.163939639473213, -0.505473656708277 ], [ 117.164021386164052, -0.50551048620154 ], [ 117.164078878342238, -0.505561688179631 ], [ 117.164169608185958, -0.50570002334649 ], [ 117.164262134660234, -0.505617381558851 ], [ 117.16428459254233, -0.505635347164949 ], [ 117.164454374131026, -0.505411675365486 ] ] ] } },
{ "type": "Feature", "properties": { "FID": 12, "Kode_Prov": 64, "Provinsi": "Kalimantan Timur", "Kode_Kota": 6472, "Kota": "Kota Samarinda", "Kode_Kec": 647201, "Kecamatan": "Samarinda Ilir", "Kode_Kel": 64720111, "Kelurahan": "Sungai Dama", "Basis": "64720111-RT030-00000", "skor_awal": 18, "luas_awal": 0.66, "kum_awal": "Kumuh Ringan", "skor_akhir": 10, "luas_akhir": 0.0, "kum_akhir": "Tidak Kumuh", "p_kumuh": 0.66, "Sumber": "DATA SIM KOTAKU, download pada tanggal 16 Desember 2021", "RT": "RT030", "city": "samarinda", "source_layer": "Delineasi Kumuh 2020", "role": "positif" }, "geometry": { "type": "Polygon", "coordinates": [ [ [ 117.164529832614903, -0.505482639511531 ], [ 117.164454374131026, -0.505411675365486 ], [ 117.16428459254233, -0.505635347164949 ], [ 117.164262134660234, -0.505617381558851 ], [ 117.164169608185958, -0.50570002334649 ], [ 117.164078878342238, -0.505561688179631 ], [ 117.164021386164052, -0.50551048620154 ], [ 117.163939639473213, -0.505473656708277 ], [ 117.163898316970148, -0.505497910277035 ], [ 117.163875859088037, -0.505469165306646 ], [ 117.163811180387597, -0.505496113716389 ], [ 117.163795909027755, -0.505541926012696 ], [ 117.163867774250477, -0.505682057740571 ], [ 117.163839028161405, -0.505742242520204 ], [ 117.163848011314244, -0.505832968828745 ], [ 117.16372763706616, -0.50614287551667 ], [ 117.163830045008552, -0.506170722203845 ], [ 117.163826451747411, -0.506215636215167 ], [ 117.163785129244346, -0.506229110418502 ], [ 117.163771654515088, -0.506300074555609 ], [ 117.16397826703043, -0.506328819522317 ], [ 117.163987250183268, -0.50626773646791 ], [ 117.163927063059219, -0.506238093220711 ], [ 117.163943232734354, -0.506180603286363 ], [ 117.163996233336121, -0.506182399846819 ], [ 117.16400521648896, -0.50613389271433 ], [ 117.164051030568444, -0.50613389271433 ], [ 117.164070793504678, -0.506273126149204 ], [ 117.164015996272354, -0.506442002827492 ], [ 117.164105827800768, -0.506488713397306 ], [ 117.164227100364144, -0.506308159077509 ], [ 117.164351966188633, -0.506333310923354 ], [ 117.164350169558062, -0.506221025896504 ], [ 117.164312440316138, -0.506129401313155 ], [ 117.164321423468976, -0.506079995900027 ], [ 117.164404068475122, -0.5060710130976 ], [ 117.164409458366833, -0.506124909911977 ], [ 117.1645064764175, -0.506118621950323 ], [ 117.164528035984318, -0.506060233734671 ], [ 117.164709495671715, -0.506002743798746 ], [ 117.164620562458595, -0.505683854301165 ], [ 117.164528934299597, -0.505721582073527 ], [ 117.164518154516202, -0.505803325579559 ], [ 117.164410356682112, -0.50580691870068 ], [ 117.164386102169416, -0.505790749655621 ], [ 117.164426526357232, -0.50574493736107 ], [ 117.1643762207013, -0.50570002334649 ], [ 117.164529832614903, -0.505482639511531 ] ] ] } },
{ "type": "Feature", "properties": { "FID": 13, "Kode_Prov": 64, "Provinsi": "Kalimantan Timur", "Kode_Kota": 6472, "Kota": "Kota Samarinda", "Kode_Kec": 647201, "Kecamatan": "Samarinda Ilir", "Kode_Kel": 64720109, "Kelurahan": "Sidodamai", "Basis": "64720109-RT030-00000", "skor_awal": 29, "luas_awal": 0.88, "kum_awal": "Kumuh Ringan", "skor_akhir": 24, "luas_akhir": 0.88, "kum_akhir": "Kumuh Ringan", "p_kumuh": 0.0, "Sumber": "DATA SIM KOTAKU, download pada tanggal 16 Desember 2021", "RT": "RT030", "city": "samarinda", "source_layer": "Delineasi Kumuh 2020", "role": "positif" }, "geometry": { "type": "Polygon", "coordinates": [ [ [ 117.163264106379572, -0.502117680545065 ], [ 117.163680026356104, -0.502219186273397 ], [ 117.16394952094133, -0.50230811606949 ], [ 117.16397018219287, -0.502184153323089 ], [ 117.164038454154465, -0.501884127535839 ], [ 117.164038454154465, -0.501666743573604 ], [ 117.164046538992025, -0.50132988824596 ], [ 117.164151641880281, -0.501291262167282 ], [ 117.164127387367586, -0.501153825187815 ], [ 117.164099539593792, -0.501023574452978 ], [ 117.164066301928258, -0.500927458391817 ], [ 117.163940537788491, -0.500948118853681 ], [ 117.163852502890663, -0.50097327072021 ], [ 117.163624330808489, -0.501003812272294 ], [ 117.163501261614584, -0.501064895376034 ], [ 117.16353000770367, -0.501204128919196 ], [ 117.163625229123767, -0.501195146110049 ], [ 117.163641398798902, -0.501237365312933 ], [ 117.163671941518558, -0.501356836672809 ], [ 117.163605466187533, -0.501417021492373 ], [ 117.163538990856509, -0.501381090256879 ], [ 117.163479702047752, -0.501458342412946 ], [ 117.163579415044282, -0.501520323793318 ], [ 117.163468922264329, -0.501719742143575 ], [ 117.163371904213662, -0.501944312350553 ], [ 117.163303632252081, -0.501916465645306 ], [ 117.163264106379572, -0.502117680545065 ] ] ] } },
{ "type": "Feature", "properties": { "FID": 14, "Kode_Prov": 64, "Provinsi": "Kalimantan Timur", "Kode_Kota": 6472, "Kota": "Kota Samarinda", "Kode_Kec": 647201, "Kecamatan": "Samarinda Ilir", "Kode_Kel": 64720109, "Kelurahan": "Sidodamai", "Basis": "64720109-RT029-00000", "skor_awal": 24, "luas_awal": 1.04, "kum_awal": "Kumuh Ringan", "skor_akhir": 11, "luas_akhir": 0.0, "kum_akhir": "Tidak Kumuh", "p_kumuh": 1.04, "Sumber": "DATA SIM KOTAKU, download pada tanggal 16 Desember 2021", "RT": "RT029", "city": "samarinda", "source_layer": "Delineasi Kumuh 2020", "role": "positif" }, "geometry": { "type": "Polygon", "coordinates": [ [ [ 117.163788722505501, -0.503152499931662 ], [ 117.16366295836572, -0.503130042915465 ], [ 117.163571330206722, -0.503100399653966 ], [ 117.163548872324625, -0.503233345189332 ], [ 117.163521024550818, -0.50322975206679 ], [ 117.163500363299278, -0.50336269759952 ], [ 117.163431193022419, -0.503430966926084 ], [ 117.163349446331566, -0.503616911009287 ], [ 117.163514736343842, -0.503687875174908 ], [ 117.163751891578826, -0.503760635900882 ], [ 117.163839926476683, -0.503822617259404 ], [ 117.163875859088037, -0.503909750472561 ], [ 117.163945029364911, -0.503883700336791 ], [ 117.163953114202471, -0.503928614363916 ], [ 117.164020487848774, -0.504019340697764 ], [ 117.164061810351839, -0.503961850743789 ], [ 117.164187574491635, -0.50399059572084 ], [ 117.164202845851463, -0.503980714634993 ], [ 117.164283694227024, -0.503973528390732 ], [ 117.164466052229713, -0.50401754413671 ], [ 117.164606189414044, -0.50408761001745 ], [ 117.164738241760801, -0.503802855087186 ], [ 117.164806513722382, -0.503774110109307 ], [ 117.164924193024603, -0.503468694711511 ], [ 117.164764292904053, -0.503400425385341 ], [ 117.164705004095296, -0.503528879511621 ], [ 117.16451905283148, -0.503402221946565 ], [ 117.16439239037642, -0.503331257777835 ], [ 117.164294474010447, -0.503344731987147 ], [ 117.164245066669821, -0.503386951176144 ], [ 117.164049233937888, -0.503227057224882 ], [ 117.164003419858375, -0.503262090169595 ], [ 117.163788722505501, -0.503152499931662 ] ] ] } },
{ "type": "Feature", "properties": { "FID": 15, "Kode_Prov": 64, "Provinsi": "Kalimantan Timur", "Kode_Kota": 6472, "Kota": "Kota Samarinda", "Kode_Kec": 647201, "Kecamatan": "Samarinda Ilir", "Kode_Kel": 64720109, "Kelurahan": "Sidodamai", "Basis": "64720109-RT018-00000", "skor_awal": 28, "luas_awal": 1.65, "kum_awal": "Kumuh Ringan", "skor_akhir": 28, "luas_akhir": 1.65, "kum_akhir": "Kumuh Ringan", "p_kumuh": 0.0, "Sumber": "DATA SIM KOTAKU, download pada tanggal 16 Desember 2021", "RT": "RT018", "city": "samarinda", "source_layer": "Delineasi Kumuh 2020", "role": "positif" }, "geometry": { "type": "Polygon", "coordinates": [ [ [ 117.16299371347904, -0.50102806585767 ], [ 117.163211105777805, -0.501054116004827 ], [ 117.163175173166451, -0.501187959862723 ], [ 117.163222783876492, -0.50119694267188 ], [ 117.163289259207517, -0.501219399694718 ], [ 117.163373700844218, -0.501221196256542 ], [ 117.163421311554288, -0.501059505690433 ], [ 117.163501261614584, -0.501064895376034 ], [ 117.163624330808489, -0.501003812272294 ], [ 117.163852502890663, -0.50097327072021 ], [ 117.163940537788491, -0.500948118853681 ], [ 117.164066301928258, -0.500927458391817 ], [ 117.164355559449774, -0.500840325138893 ], [ 117.16431154200086, -0.500758581570663 ], [ 117.164355559449774, -0.500736124546245 ], [ 117.164338491459375, -0.500605873803108 ], [ 117.163874062457481, -0.500685820811271 ], [ 117.163886638871446, -0.500581620216168 ], [ 117.164039352469743, -0.500568146001164 ], [ 117.164063606982424, -0.500427115882451 ], [ 117.164117505899469, -0.500400167451779 ], [ 117.164130082313449, -0.500263628734672 ], [ 117.164015097957076, -0.500254645924236 ], [ 117.16401330132652, -0.500174698910817 ], [ 117.163865079304642, -0.500172902348707 ], [ 117.163880350664456, -0.500088463928959 ], [ 117.163980063660986, -0.500073193150804 ], [ 117.163981860291571, -0.500037261907945 ], [ 117.164149845249696, -0.499988754729774 ], [ 117.164254049822674, -0.500008516913517 ], [ 117.164395983637561, -0.500017499724289 ], [ 117.164415746573809, -0.499889943810168 ], [ 117.164546002289995, -0.499922281929476 ], [ 117.164526239353762, -0.500041753313313 ], [ 117.164607986044615, -0.500046244718678 ], [ 117.164630443926711, -0.499933959583631 ], [ 117.164588223108368, -0.499900723183288 ], [ 117.164612477621034, -0.499799217419039 ], [ 117.164333999882956, -0.499754303363561 ], [ 117.164318728523114, -0.499871978188262 ], [ 117.164264829606068, -0.499864791939486 ], [ 117.164174998077655, -0.499829758976589 ], [ 117.163998029966677, -0.499801013981252 ], [ 117.163672839833836, -0.499783048359102 ], [ 117.163511143082701, -0.499811793354518 ], [ 117.163329683395304, -0.499832453819895 ], [ 117.163170681590017, -0.499807301948993 ], [ 117.16315271528434, -0.499902519745473 ], [ 117.163167986644154, -0.499958213172964 ], [ 117.163150918653756, -0.500110920955594 ], [ 117.163122172564684, -0.500198952499261 ], [ 117.16299371347904, -0.50102806585767 ] ] ] } },
{ "type": "Feature", "properties": { "FID": 16, "Kode_Prov": 64, "Provinsi": "Kalimantan Timur", "Kode_Kota": 6472, "Kota": "Kota Samarinda", "Kode_Kec": 647201, "Kecamatan": "Samarinda Ilir", "Kode_Kel": 64720111, "Kelurahan": "Sungai Dama", "Basis": "64720111-RT007-00000", "skor_awal": 22, "luas_awal": 1.38, "kum_awal": "Kumuh Ringan", "skor_akhir": 22, "luas_akhir": 1.38, "kum_akhir": "Kumuh Ringan", "p_kumuh": 0.0, "Sumber": "DATA SIM KOTAKU, download pada tanggal 16 Desember 2021", "RT": "RT007", "city": "samarinda", "source_layer": "Delineasi Kumuh 2020", "role": "positif" }, "geometry": { "type": "Polygon", "coordinates": [ [ [ 117.160144257397818, -0.506407868180108 ], [ 117.16008137532792, -0.506534525686603 ], [ 117.16012449446157, -0.506548898169453 ], [ 117.16010383321003, -0.506599201859178 ], [ 117.160143359082525, -0.506635133065885 ], [ 117.160183783270313, -0.506616269182389 ], [ 117.160231393980382, -0.506615370902221 ], [ 117.160248461970767, -0.506661183190623 ], [ 117.160349971597881, -0.506678250513671 ], [ 117.16036703958828, -0.506734842163454 ], [ 117.160425430081744, -0.506823771897828 ], [ 117.160415548613628, -0.506883956666863 ], [ 117.160445193017978, -0.506907311950219 ], [ 117.160414650298321, -0.507020495245288 ], [ 117.160426328397023, -0.507172304582392 ], [ 117.160699416243389, -0.507439093763824 ], [ 117.160665280262592, -0.50753700628893 ], [ 117.160795535978806, -0.507629529132393 ], [ 117.160917706857447, -0.50768073109374 ], [ 117.160927588325563, -0.507659172373222 ], [ 117.161237507098605, -0.507769660815117 ], [ 117.161382135859341, -0.507834336975349 ], [ 117.161433339830523, -0.507797507495296 ], [ 117.161497120215685, -0.507807388575331 ], [ 117.161515984836669, -0.50766995173349 ], [ 117.161568985438407, -0.50753520972885 ], [ 117.161484543801734, -0.507492092286772 ], [ 117.161538442718779, -0.507332198436558 ], [ 117.161382135859341, -0.507276505072072 ], [ 117.161420763416544, -0.507164220061571 ], [ 117.161484543801734, -0.507187575343916 ], [ 117.161497120215685, -0.507073493771664 ], [ 117.16134350830211, -0.507008817603825 ], [ 117.161375847652337, -0.506927972393117 ], [ 117.161271643079388, -0.506872279025154 ], [ 117.16127882960167, -0.506841737500584 ], [ 117.161381237544063, -0.506855211702618 ], [ 117.161384830805176, -0.506771671649555 ], [ 117.161392017327458, -0.50662794682456 ], [ 117.16118360818156, -0.506585727656611 ], [ 117.161145878939607, -0.506645014147695 ], [ 117.161056945726472, -0.50662525198406 ], [ 117.161014724908128, -0.506664776311268 ], [ 117.16089345234478, -0.50663603134605 ], [ 117.160800925870504, -0.506547101609099 ], [ 117.160525143078274, -0.506470747793571 ], [ 117.160412853667765, -0.506508475561356 ], [ 117.160144257397818, -0.506407868180108 ] ] ] } },
{ "type": "Feature", "properties": { "FID": 17, "Kode_Prov": 64, "Provinsi": "Kalimantan Timur", "Kode_Kota": 6472, "Kota": "Kota Samarinda", "Kode_Kec": 647201, "Kecamatan": "Samarinda Ilir", "Kode_Kel": 64720111, "Kelurahan": "Sungai Dama", "Basis": "64720111-RT024-00000", "skor_awal": 16, "luas_awal": 0.49, "kum_awal": "Kumuh Ringan", "skor_akhir": 16, "luas_akhir": 0.49, "kum_akhir": "Kumuh Ringan", "p_kumuh": 0.0, "Sumber": "DATA SIM KOTAKU, download pada tanggal 16 Desember 2021", "RT": "RT024", "city": "samarinda", "source_layer": "Delineasi Kumuh 2020", "role": "positif" }, "geometry": { "type": "Polygon", "coordinates": [ [ [ 117.161237507098605, -0.507769660815117 ], [ 117.160927588325563, -0.507659172373222 ], [ 117.160917706857447, -0.50768073109374 ], [ 117.160915011911584, -0.50772384853456 ], [ 117.160860214679261, -0.507886437215066 ], [ 117.16070121287396, -0.508084058810174 ], [ 117.160759603367424, -0.508109210649118 ], [ 117.160842248373569, -0.508133464208007 ], [ 117.160915011911584, -0.508171191966097 ], [ 117.160971605774492, -0.508224190483043 ], [ 117.160931181586704, -0.508269104480114 ], [ 117.160968012513351, -0.508349051394127 ], [ 117.161023708060981, -0.508437082826391 ], [ 117.161155760407723, -0.508341865154706 ], [ 117.16127882960167, -0.508419117228067 ], [ 117.161383034174619, -0.508318509876531 ], [ 117.161434238145802, -0.508338272034992 ], [ 117.161488137062847, -0.508217902523428 ], [ 117.161584256798264, -0.508259223400785 ], [ 117.16165881696682, -0.508137955607791 ], [ 117.161564493861988, -0.508106515809236 ], [ 117.161540239349335, -0.508071482890666 ], [ 117.16147645896416, -0.508042737931697 ], [ 117.161493526954573, -0.508001417052955 ], [ 117.161400102165018, -0.507965485853835 ], [ 117.161497120215685, -0.507807388575331 ], [ 117.161433339830523, -0.507797507495296 ], [ 117.161382135859341, -0.507834336975349 ], [ 117.161237507098605, -0.507769660815117 ] ] ] } },
{ "type": "Feature", "properties": { "FID": 18, "Kode_Prov": 64, "Provinsi": "Kalimantan Timur", "Kode_Kota": 6472, "Kota": "Kota Samarinda", "Kode_Kec": 647201, "Kecamatan": "Samarinda Ilir", "Kode_Kel": 64720111, "Kelurahan": "Sungai Dama", "Basis": "64720111-RT017-00000", "skor_awal": 21, "luas_awal": 0.62, "kum_awal": "Kumuh Ringan", "skor_akhir": 21, "luas_akhir": 0.62, "kum_akhir": "Kumuh Ringan", "p_kumuh": 0.0, "Sumber": "DATA SIM KOTAKU, download pada tanggal 16 Desember 2021", "RT": "RT017", "city": "samarinda", "source_layer": "Delineasi Kumuh 2020", "role": "positif" }, "geometry": { "type": "Polygon", "coordinates": [ [ [ 117.160243970394347, -0.507573835770467 ], [ 117.160138867506106, -0.507611563531824 ], [ 117.160138867506106, -0.507611563531824 ], [ 117.16005173092357, -0.507642105052761 ], [ 117.160054425869404, -0.507669053453468 ], [ 117.159992442114799, -0.507693307014009 ], [ 117.159954712872874, -0.507784033295224 ], [ 117.159894525748854, -0.507923266694613 ], [ 117.160002323582944, -0.508041839651727 ], [ 117.160061612391686, -0.508069686330734 ], [ 117.160233190610938, -0.50844516734562 ], [ 117.16028888615854, -0.508505352099564 ], [ 117.160356259804857, -0.508465827783604 ], [ 117.160472142476507, -0.508420913787902 ], [ 117.160457769431972, -0.508384084311192 ], [ 117.160491007097463, -0.508378694631656 ], [ 117.160544007699229, -0.508414625828478 ], [ 117.160560177374364, -0.508552960934377 ], [ 117.160649110587485, -0.508541283295681 ], [ 117.160667975208455, -0.508591586969909 ], [ 117.160713789287939, -0.508616738806877 ], [ 117.160764094943872, -0.508618535366656 ], [ 117.160780264618964, -0.50867602527934 ], [ 117.160990470395447, -0.508630213005211 ], [ 117.160967114198073, -0.508573621372016 ], [ 117.160932079901983, -0.508502657259847 ], [ 117.160814400599776, -0.508525114257453 ], [ 117.16081709554561, -0.508488284781338 ], [ 117.160899740551756, -0.508459539824225 ], [ 117.160948249577103, -0.508448760465274 ], [ 117.161023708060981, -0.508437082826391 ], [ 117.160968012513351, -0.508349051394127 ], [ 117.160931181586704, -0.508269104480114 ], [ 117.160971605774492, -0.508224190483043 ], [ 117.160915011911584, -0.508171191966097 ], [ 117.160842248373569, -0.508133464208007 ], [ 117.160759603367424, -0.508109210649118 ], [ 117.16070121287396, -0.508084058810174 ], [ 117.160605093138571, -0.508219699083319 ], [ 117.160548499275663, -0.508235868122311 ], [ 117.160492803728047, -0.508119990008636 ], [ 117.160482922259931, -0.508048127611513 ], [ 117.160434413234583, -0.508044534491636 ], [ 117.16035895475072, -0.507923266694613 ], [ 117.160304157518397, -0.507770559095124 ], [ 117.160243970394347, -0.507573835770467 ] ] ] } },
{ "type": "Feature", "properties": { "FID": 19, "Kode_Prov": 64, "Provinsi": "Kalimantan Timur", "Kode_Kota": 6472, "Kota": "Kota Samarinda", "Kode_Kec": 647201, "Kecamatan": "Samarinda Ilir", "Kode_Kel": 64720111, "Kelurahan": "Sungai Dama", "Basis": "64720111-RT006-00000", "skor_awal": 20, "luas_awal": 0.53, "kum_awal": "Kumuh Ringan", "skor_akhir": 20, "luas_akhir": 0.53, "kum_akhir": "Kumuh Ringan", "p_kumuh": 0.0, "Sumber": "DATA SIM KOTAKU, download pada tanggal 16 Desember 2021", "RT": "RT006", "city": "samarinda", "source_layer": "Delineasi Kumuh 2020", "role": "positif" }, "geometry": { "type": "Polygon", "coordinates": [ [ [ 117.160665280262592, -0.50753700628893 ], [ 117.160699416243389, -0.507439093763824 ], [ 117.160426328397023, -0.507172304582392 ], [ 117.160343683390892, -0.507167813181937 ], [ 117.160243072079069, -0.507300758634084 ], [ 117.160128986037989, -0.507563056410039 ], [ 117.160138867506106, -0.507611563531824 ], [ 117.160138867506106, -0.507611563531824 ], [ 117.160243970394347, -0.507573835770467 ], [ 117.160304157518397, -0.507770559095124 ], [ 117.16035895475072, -0.507923266694613 ], [ 117.160434413234583, -0.508044534491636 ], [ 117.160482922259931, -0.508048127611513 ], [ 117.160492803728047, -0.508119990008636 ], [ 117.160548499275663, -0.508235868122311 ], [ 117.160605093138571, -0.508219699083319 ], [ 117.16070121287396, -0.508084058810174 ], [ 117.160860214679261, -0.507886437215066 ], [ 117.160915011911584, -0.50772384853456 ], [ 117.160917706857447, -0.50768073109374 ], [ 117.160795535978806, -0.507629529132393 ], [ 117.160665280262592, -0.50753700628893 ] ] ] } },
{ "type": "Feature", "properties": { "FID": 20, "Kode_Prov": 64, "Provinsi": "Kalimantan Timur", "Kode_Kota": 6472, "Kota": "Kota Samarinda", "Kode_Kec": 647201, "Kecamatan": "Samarinda Ilir", "Kode_Kel": 64720111, "Kelurahan": "Sungai Dama", "Basis": "64720111-RT019-00000", "skor_awal": 20, "luas_awal": 0.95, "kum_awal": "Kumuh Ringan", "skor_akhir": 20, "luas_akhir": 0.95, "kum_akhir": "Kumuh Ringan", "p_kumuh": 0.0, "Sumber": "DATA SIM KOTAKU, download pada tanggal 16 Desember 2021", "RT": "RT019", "city": "samarinda", "source_layer": "Delineasi Kumuh 2020", "role": "positif" }, "geometry": { "type": "Polygon", "coordinates": [ [ [ 117.161454899397341, -0.506442901107684 ], [ 117.161552815763315, -0.506291091753487 ], [ 117.161281524547505, -0.506112333988662 ], [ 117.161302185799045, -0.506062928575405 ], [ 117.161230320576323, -0.50598747303443 ], [ 117.161249185197278, -0.505946152142572 ], [ 117.161310270636605, -0.505821291185142 ], [ 117.161314762213024, -0.505791647935903 ], [ 117.161153963777167, -0.505682057740571 ], [ 117.161161150299449, -0.505620974680074 ], [ 117.161077606978026, -0.505594026270849 ], [ 117.160918605172725, -0.505509587921219 ], [ 117.160305954148953, -0.506468052953006 ], [ 117.160412853667765, -0.506508475561356 ], [ 117.160525143078274, -0.506470747793571 ], [ 117.160800925870504, -0.506547101609099 ], [ 117.16089345234478, -0.50663603134605 ], [ 117.161014724908128, -0.506664776311268 ], [ 117.161056945726472, -0.50662525198406 ], [ 117.161145878939607, -0.506645014147695 ], [ 117.16118360818156, -0.506585727656611 ], [ 117.161392017327458, -0.50662794682456 ], [ 117.161454899397341, -0.506442901107684 ] ] ] } },
{ "type": "Feature", "properties": { "FID": 21, "Kode_Prov": 64, "Provinsi": "Kalimantan Timur", "Kode_Kota": 6472, "Kota": "Kota Samarinda", "Kode_Kec": 647201, "Kecamatan": "Samarinda Ilir", "Kode_Kel": 64720109, "Kelurahan": "Sidodamai", "Basis": "64720109-RT017-00000", "skor_awal": 25, "luas_awal": 1.11, "kum_awal": "Kumuh Ringan", "skor_akhir": 25, "luas_akhir": 1.11, "kum_akhir": "Kumuh Ringan", "p_kumuh": 0.0, "Sumber": "DATA SIM KOTAKU, download pada tanggal 16 Desember 2021", "RT": "RT017", "city": "samarinda", "source_layer": "Delineasi Kumuh 2020", "role": "positif" }, "geometry": { "type": "Polygon", "coordinates": [ [ [ 117.164487611796531, -0.503181244912282 ], [ 117.164532527560738, -0.503058180463114 ], [ 117.164587324793061, -0.502883914012878 ], [ 117.164656495069949, -0.502852474188886 ], [ 117.164701410834155, -0.502648564469608 ], [ 117.16441933983495, -0.502627005732396 ], [ 117.164434611194764, -0.502474298008439 ], [ 117.164253151507396, -0.502396147583622 ], [ 117.164231591940563, -0.502362911195772 ], [ 117.164076183396404, -0.50234045417686 ], [ 117.16394952094133, -0.50230811606949 ], [ 117.163680026356104, -0.502219186273397 ], [ 117.163656670158716, -0.502406028671869 ], [ 117.163591991458276, -0.502556939835965 ], [ 117.163474312156055, -0.502804865312268 ], [ 117.163366514321964, -0.503033028604605 ], [ 117.163571330206722, -0.503100399653966 ], [ 117.16366295836572, -0.503130042915465 ], [ 117.163788722505501, -0.503152499931662 ], [ 117.164003419858375, -0.503262090169595 ], [ 117.164049233937888, -0.503227057224882 ], [ 117.164245066669821, -0.503386951176144 ], [ 117.164294474010447, -0.503344731987147 ], [ 117.164487611796531, -0.503181244912282 ] ] ] } },
{ "type": "Feature", "properties": { "FID": 22, "Kode_Prov": 64, "Provinsi": "Kalimantan Timur", "Kode_Kota": 6472, "Kota": "Kota Samarinda", "Kode_Kec": 647201, "Kecamatan": "Samarinda Ilir", "Kode_Kel": 64720111, "Kelurahan": "Sungai Dama", "Basis": "64720111-RT032-00000", "skor_awal": 20, "luas_awal": 1.2, "kum_awal": "Kumuh Ringan", "skor_akhir": 20, "luas_akhir": 1.2, "kum_akhir": "Kumuh Ringan", "p_kumuh": 0.0, "Sumber": "DATA SIM KOTAKU, download pada tanggal 16 Desember 2021", "RT": "RT032", "city": "samarinda", "source_layer": "Delineasi Kumuh 2020", "role": "positif" }, "geometry": { "type": "Polygon", "coordinates": [ [ [ 117.163795909027755, -0.505541926012696 ], [ 117.163735721903734, -0.505563484740258 ], [ 117.163742908425988, -0.505634448884645 ], [ 117.163634212276619, -0.505630855763429 ], [ 117.163468922264329, -0.505548213974909 ], [ 117.16317966474287, -0.506071911377843 ], [ 117.163052103972504, -0.506258753665743 ], [ 117.162686489651861, -0.506601896699688 ], [ 117.162511318171468, -0.506786942412023 ], [ 117.162578691817771, -0.50684263578072 ], [ 117.162757456559319, -0.506705198918391 ], [ 117.162837406619602, -0.506769875089262 ], [ 117.162930831409156, -0.506678250513671 ], [ 117.16315271528434, -0.506653996949327 ], [ 117.163259614803152, -0.50663603134605 ], [ 117.163283869315819, -0.506589320777299 ], [ 117.163311717089613, -0.506618964022892 ], [ 117.163266801325406, -0.506705198918391 ], [ 117.163406938509752, -0.506811195975869 ], [ 117.163476108786611, -0.506736638723756 ], [ 117.163578516729004, -0.506800416614171 ], [ 117.16372943369673, -0.506629743384892 ], [ 117.163789620820779, -0.506672860832713 ], [ 117.163735721903734, -0.506797721773744 ], [ 117.163803993865315, -0.50683365297935 ], [ 117.163716857282765, -0.506991750281648 ], [ 117.163779739352648, -0.507018698685064 ], [ 117.163935147896794, -0.506781552731156 ], [ 117.164024979425193, -0.506614472622053 ], [ 117.164043844046162, -0.506579439695404 ], [ 117.164105827800768, -0.506488713397306 ], [ 117.164015996272354, -0.506442002827492 ], [ 117.164070793504678, -0.506273126149204 ], [ 117.164051030568444, -0.50613389271433 ], [ 117.16400521648896, -0.50613389271433 ], [ 117.163996233336121, -0.506182399846819 ], [ 117.163943232734354, -0.506180603286363 ], [ 117.163927063059219, -0.506238093220711 ], [ 117.163987250183268, -0.50626773646791 ], [ 117.16397826703043, -0.506328819522317 ], [ 117.163771654515088, -0.506300074555609 ], [ 117.163785129244346, -0.506229110418502 ], [ 117.163826451747411, -0.506215636215167 ], [ 117.163830045008552, -0.506170722203845 ], [ 117.16372763706616, -0.50614287551667 ], [ 117.163848011314244, -0.505832968828745 ], [ 117.163839028161405, -0.505742242520204 ], [ 117.163867774250477, -0.505682057740571 ], [ 117.163795909027755, -0.505541926012696 ] ] ] } },
{ "type": "Feature", "properties": { "FID": 23, "Kode_Prov": 64, "Provinsi": "Kalimantan Timur", "Kode_Kota": 6472, "Kota": "Kota Samarinda", "Kode_Kec": 647201, "Kecamatan": "Samarinda Ilir", "Kode_Kel": 64720111, "Kelurahan": "Sungai Dama", "Basis": "64720111-RT031-00000", "skor_awal": 23, "luas_awal": 0.94, "kum_awal": "Kumuh Ringan", "skor_akhir": 23, "luas_akhir": 0.94, "kum_akhir": "Kumuh Ringan", "p_kumuh": 0.0, "Sumber": "DATA SIM KOTAKU, download pada tanggal 16 Desember 2021", "RT": "RT031", "city": "samarinda", "source_layer": "Delineasi Kumuh 2020", "role": "positif" }, "geometry": { "type": "Polygon", "coordinates": [ [ [ 117.164522646092621, -0.50631085391814 ], [ 117.164450780869885, -0.506284803791994 ], [ 117.164413949943253, -0.506462663271874 ], [ 117.164354661134482, -0.506453680469977 ], [ 117.164285490857608, -0.506352174807674 ], [ 117.164227100364144, -0.506308159077509 ], [ 117.164105827800768, -0.506488713397306 ], [ 117.164043844046162, -0.506579439695404 ], [ 117.164024979425193, -0.506614472622053 ], [ 117.164290880749306, -0.507227099667692 ], [ 117.164533425876016, -0.507479516366112 ], [ 117.164589121423646, -0.507600784171459 ], [ 117.16477417437217, -0.507699594974134 ], [ 117.164880175575703, -0.507533413168769 ], [ 117.164968210473532, -0.507408552241928 ], [ 117.16501043129189, -0.507277403352148 ], [ 117.16512451733297, -0.507301656914157 ], [ 117.165148771845622, -0.507164220061571 ], [ 117.164999651508467, -0.507148949299993 ], [ 117.164966413842976, -0.50707079893135 ], [ 117.164883768836816, -0.507027681486178 ], [ 117.164949345852563, -0.506927074112993 ], [ 117.164798428884822, -0.50683365297935 ], [ 117.164679851267337, -0.506751909486307 ], [ 117.164631342241989, -0.506811195975869 ], [ 117.164581036586085, -0.506786942412023 ], [ 117.164649308547666, -0.506706995478701 ], [ 117.164728360292685, -0.506609981221211 ], [ 117.164780462579145, -0.506646810708022 ], [ 117.16483436149619, -0.506546203328921 ], [ 117.164740936706664, -0.506458171870927 ], [ 117.164652003493529, -0.50656866033332 ], [ 117.164499289895232, -0.506502187600074 ], [ 117.164522646092621, -0.50631085391814 ] ] ] } },
{ "type": "Feature", "properties": { "FID": 24, "Kode_Prov": 64, "Provinsi": "Kalimantan Timur", "Kode_Kota": 6472, "Kota": "Kota Samarinda", "Kode_Kec": 647201, "Kecamatan": "Samarinda Ilir", "Kode_Kel": 64720111, "Kelurahan": "Sungai Dama", "Basis": "64720111-RT033-00000", "skor_awal": 25, "luas_awal": 1.02, "kum_awal": "Kumuh Ringan", "skor_akhir": 20, "luas_akhir": 1.02, "kum_akhir": "Kumuh Ringan", "p_kumuh": 0.0, "Sumber": "DATA SIM KOTAKU, download pada tanggal 16 Desember 2021", "RT": "RT033", "city": "samarinda", "source_layer": "Delineasi Kumuh 2020", "role": "positif" }, "geometry": { "type": "Polygon", "coordinates": [ [ [ 117.16477417437217, -0.507699594974134 ], [ 117.164589121423646, -0.507600784171459 ], [ 117.164533425876016, -0.507479516366112 ], [ 117.164290880749306, -0.507227099667692 ], [ 117.164024979425193, -0.506614472622053 ], [ 117.163935147896794, -0.506781552731156 ], [ 117.164033962578031, -0.506994445121995 ], [ 117.163981860291571, -0.507077985172184 ], [ 117.163812977018154, -0.507148051019899 ], [ 117.16373751853429, -0.507293572393498 ], [ 117.163821960170992, -0.507353757158165 ], [ 117.163756383155246, -0.507432805803446 ], [ 117.163803095550037, -0.507458855924974 ], [ 117.163740213480153, -0.50753970112905 ], [ 117.16396569061645, -0.50768432421382 ], [ 117.164047437307303, -0.507718458854473 ], [ 117.164002521543097, -0.507791219535266 ], [ 117.164165116609539, -0.507870268175199 ], [ 117.164267524551931, -0.507747203814884 ], [ 117.164398678583396, -0.507752593494947 ], [ 117.164217218895999, -0.507985248013376 ], [ 117.164304355478578, -0.508030162012108 ], [ 117.164367237548461, -0.507919673574666 ], [ 117.16444000108649, -0.508004111892881 ], [ 117.163934249581501, -0.508399355069853 ], [ 117.164039352469743, -0.508575417931808 ], [ 117.164149845249696, -0.508449658745187 ], [ 117.164204642482048, -0.50854936781478 ], [ 117.164280100965911, -0.50850984349909 ], [ 117.164262134660234, -0.508420913787902 ], [ 117.164652901808807, -0.508075076010528 ], [ 117.164878378945119, -0.508195445524754 ], [ 117.164941261015002, -0.507964587573854 ], [ 117.164731055238519, -0.507904402814871 ], [ 117.164749919859503, -0.507867573335217 ], [ 117.164684342843756, -0.507838828375342 ], [ 117.16477417437217, -0.507699594974134 ] ] ] } },
{ "type": "Feature", "properties": { "FID": 25, "Kode_Prov": 64, "Provinsi": "Kalimantan Timur", "Kode_Kota": 6472, "Kota": "Kota Samarinda", "Kode_Kec": 647209, "Kecamatan": "Loa Janan Ilir", "Kode_Kel": 64720205, "Kelurahan": "Simpang Tiga", "Basis": "64720205-RT011-00000", "skor_awal": 20, "luas_awal": 0.88, "kum_awal": "Kumuh Ringan", "skor_akhir": 20, "luas_akhir": 0.88, "kum_akhir": "Kumuh Ringan", "p_kumuh": 0.0, "Sumber": "DATA SIM KOTAKU, download pada tanggal 16 Desember 2021", "RT": "RT011", "city": "samarinda", "source_layer": "Delineasi Kumuh 2020", "role": "positif" }, "geometry": { "type": "Polygon", "coordinates": [ [ [ 117.085579597239459, -0.576717656784884 ], [ 117.085845498563572, -0.57682904223618 ], [ 117.085905685687607, -0.576851498980129 ], [ 117.08591646547103, -0.576836228394254 ], [ 117.085944313244823, -0.576839821473287 ], [ 117.085982042486748, -0.576855092059153 ], [ 117.085992822270171, -0.57689820900726 ], [ 117.086068280754048, -0.576926953639149 ], [ 117.086211112884214, -0.576942224224781 ], [ 117.08623177413574, -0.576924258829916 ], [ 117.086409640561996, -0.576957494810372 ], [ 117.086405148985577, -0.576977256744606 ], [ 117.086485997361152, -0.576972765395923 ], [ 117.086527319864217, -0.57696647750776 ], [ 117.086662965472101, -0.57697635847487 ], [ 117.086730339118418, -0.576987137711697 ], [ 117.086847120105347, -0.577005103106365 ], [ 117.086953121308881, -0.577008696185291 ], [ 117.087054630935995, -0.57699971348797 ], [ 117.087181293391069, -0.577006001376096 ], [ 117.08722890410111, -0.576808382031669 ], [ 117.087003426964813, -0.576732927371077 ], [ 117.086980969082688, -0.576705081007987 ], [ 117.086769864990913, -0.57666376059799 ], [ 117.086789627927189, -0.576620643648107 ], [ 117.086556065953317, -0.576555069952868 ], [ 117.086384487734037, -0.576428413909241 ], [ 117.08636023322137, -0.576382602148086 ], [ 117.086282978106951, -0.576402364084316 ], [ 117.086030551512096, -0.576319723259627 ], [ 117.085932635146122, -0.576242472052856 ], [ 117.085724226000195, -0.576199355099783 ], [ 117.085579597239459, -0.576717656784884 ] ] ] } },
{ "type": "Feature", "properties": { "FID": 26, "Kode_Prov": 64, "Provinsi": "Kalimantan Timur", "Kode_Kota": 6472, "Kota": "Kota Samarinda", "Kode_Kec": 647209, "Kecamatan": "Loa Janan Ilir", "Kode_Kel": 64720205, "Kelurahan": "Simpang Tiga", "Basis": "64720205-RT012-00000", "skor_awal": 21, "luas_awal": 0.58, "kum_awal": "Kumuh Ringan", "skor_akhir": 21, "luas_akhir": 0.58, "kum_akhir": "Kumuh Ringan", "p_kumuh": 0.0, "Sumber": "DATA SIM KOTAKU, download pada tanggal 16 Desember 2021", "RT": "RT012", "city": "samarinda", "source_layer": "Delineasi Kumuh 2020", "role": "positif" }, "geometry": { "type": "Polygon", "coordinates": [ [ [ 117.087181293391069, -0.577006001376096 ], [ 117.087253158613805, -0.577020373691787 ], [ 117.087265735027785, -0.576989832520901 ], [ 117.08731963394483, -0.577005103106365 ], [ 117.087322328890664, -0.577024865040433 ], [ 117.087762503379878, -0.577076066414745 ], [ 117.087762503379878, -0.577126369518884 ], [ 117.087872097844553, -0.577137148755427 ], [ 117.087888267519645, -0.577031152928531 ], [ 117.087941268121412, -0.577039237356076 ], [ 117.087934979914436, -0.577153317610204 ], [ 117.087992472092594, -0.577156012419329 ], [ 117.08800415019131, -0.577200027634856 ], [ 117.08809757498085, -0.577203620713659 ], [ 117.088079608675173, -0.577294345952695 ], [ 117.088234118904055, -0.577337462897472 ], [ 117.088274543091842, -0.577148826261659 ], [ 117.088309577387918, -0.577154215879912 ], [ 117.088279034668261, -0.577281770177074 ], [ 117.088341916738145, -0.577289854604262 ], [ 117.088385035871795, -0.577188350128729 ], [ 117.088529664632532, -0.57720631552276 ], [ 117.088537749470092, -0.577014085803677 ], [ 117.088426358374861, -0.577002408297168 ], [ 117.088429951636002, -0.576802992413088 ], [ 117.088233220588776, -0.576796704524738 ], [ 117.08823232227347, -0.576847905901103 ], [ 117.088199982923243, -0.576855092059153 ], [ 117.088198186292686, -0.576802094143325 ], [ 117.088121829493517, -0.576790416636381 ], [ 117.088117337917097, -0.576831737045459 ], [ 117.08795653948124, -0.576838923203529 ], [ 117.087964624318801, -0.576729334291977 ], [ 117.087695129733561, -0.576695200040406 ], [ 117.087705011201692, -0.576628728076235 ], [ 117.087639434185959, -0.576617948838729 ], [ 117.087625061141424, -0.576696098310187 ], [ 117.087590925160612, -0.576687115612373 ], [ 117.087572958854935, -0.576718555054661 ], [ 117.087423838517779, -0.576682624263461 ], [ 117.087386109275826, -0.576820059538576 ], [ 117.087262141766644, -0.576812873380482 ], [ 117.08722890410111, -0.576808382031669 ], [ 117.087181293391069, -0.577006001376096 ] ] ] } },
{ "type": "Feature", "properties": { "FID": 27, "Kode_Prov": 64, "Provinsi": "Kalimantan Timur", "Kode_Kota": 6472, "Kota": "Kota Samarinda", "Kode_Kec": 647209, "Kecamatan": "Loa Janan Ilir", "Kode_Kel": 64720205, "Kelurahan": "Simpang Tiga", "Basis": "64720205-RT013-00000", "skor_awal": 16, "luas_awal": 1.91, "kum_awal": "Kumuh Ringan", "skor_akhir": 16, "luas_akhir": 1.91, "kum_akhir": "Kumuh Ringan", "p_kumuh": 0.0, "Sumber": "DATA SIM KOTAKU, download pada tanggal 16 Desember 2021", "RT": "RT013", "city": "samarinda", "source_layer": "Delineasi Kumuh 2020", "role": "positif" }, "geometry": { "type": "Polygon", "coordinates": [ [ [ 117.088682378230828, -0.576441887956569 ], [ 117.088553020829906, -0.576688013882155 ], [ 117.088535054524229, -0.576790416636381 ], [ 117.088537749470092, -0.577014085803677 ], [ 117.088529664632532, -0.57720631552276 ], [ 117.08865902203344, -0.577151521070786 ], [ 117.088727293995035, -0.57717038473464 ], [ 117.088748853561853, -0.577111098933746 ], [ 117.08885395645008, -0.57713984356456 ], [ 117.088871024440479, -0.577099421427436 ], [ 117.088911448628266, -0.577110200664031 ], [ 117.088915940204686, -0.577184757049915 ], [ 117.089286944417026, -0.577238653231874 ], [ 117.089521404706204, -0.577201824174258 ], [ 117.089524099652039, -0.577164096846696 ], [ 117.08968669471848, -0.577117386821749 ], [ 117.089820543695794, -0.577037440816622 ], [ 117.089810662227677, -0.576996120409038 ], [ 117.089905883647788, -0.576954800001154 ], [ 117.089975053924675, -0.576886531500513 ], [ 117.090037935994559, -0.576845211091833 ], [ 117.090034342733418, -0.576803890682852 ], [ 117.090138547306367, -0.576728436022201 ], [ 117.090334380038314, -0.576688912151937 ], [ 117.090333481723036, -0.576647591741822 ], [ 117.090390075585915, -0.576646693472033 ], [ 117.090390973901222, -0.576675438105193 ], [ 117.090398160423476, -0.576718555054661 ], [ 117.090443076187682, -0.576719453324438 ], [ 117.090446669448824, -0.5766413038533 ], [ 117.090578721795609, -0.576615254029349 ], [ 117.090556263913498, -0.576876650533247 ], [ 117.090532907716124, -0.576882938421509 ], [ 117.090535602661959, -0.576912581323222 ], [ 117.0905679420122, -0.576931444987869 ], [ 117.090585010002584, -0.576929648448381 ], [ 117.090586806633169, -0.57691976748119 ], [ 117.090746706753748, -0.576897310737511 ], [ 117.090748503384305, -0.576794009715443 ], [ 117.090843724804415, -0.576817364729292 ], [ 117.090921878234141, -0.576836228394254 ], [ 117.090927268125839, -0.576863176486948 ], [ 117.091011709762554, -0.576888328040014 ], [ 117.091215627332033, -0.577037440816622 ], [ 117.091353967885794, -0.57696018961959 ], [ 117.091421341532097, -0.576989832520901 ], [ 117.09146805392686, -0.576931444987869 ], [ 117.091498596646531, -0.576930546718125 ], [ 117.091521054528627, -0.576908988244235 ], [ 117.091568665238697, -0.576953901731414 ], [ 117.091595614697212, -0.576934139797099 ], [ 117.091619869209907, -0.576941325955039 ], [ 117.091617174264044, -0.576959291349851 ], [ 117.09167915801865, -0.577006001376096 ], [ 117.091671073181089, -0.577031152928531 ], [ 117.091731260305139, -0.577059897559749 ], [ 117.091709700738321, -0.577120081630891 ], [ 117.091806718789002, -0.577154215879912 ], [ 117.091859719390754, -0.577032949467986 ], [ 117.091914516623106, -0.577057202750578 ], [ 117.091978297008268, -0.576866769565964 ], [ 117.091930686298198, -0.576871260914731 ], [ 117.091855227814335, -0.576856888598664 ], [ 117.091768989547063, -0.576821856078098 ], [ 117.091698022639605, -0.576782332208483 ], [ 117.091624360786327, -0.57673741871995 ], [ 117.091543512410738, -0.576691606961282 ], [ 117.091404273541698, -0.57654788379444 ], [ 117.091156338523291, -0.576370924640282 ], [ 117.091010811447248, -0.576314333640584 ], [ 117.090803300616628, -0.576311638831061 ], [ 117.090576026849746, -0.576338586926238 ], [ 117.09025712492388, -0.576408651973102 ], [ 117.089964274141252, -0.57648859798706 ], [ 117.089828628533354, -0.576548782064244 ], [ 117.089728017221546, -0.576586509395885 ], [ 117.089557337317572, -0.576664658867775 ], [ 117.089351623117508, -0.576728436022201 ], [ 117.089269876426627, -0.576751791036319 ], [ 117.089164773538371, -0.576726639482649 ], [ 117.089005771733099, -0.576636812504351 ], [ 117.088849464873661, -0.576540697636002 ], [ 117.088682378230828, -0.576441887956569 ] ] ] } },
{ "type": "Feature", "properties": { "FID": 28, "Kode_Prov": 64, "Provinsi": "Kalimantan Timur", "Kode_Kota": 6472, "Kota": "Kota Samarinda", "Kode_Kec": 647209, "Kecamatan": "Loa Janan Ilir", "Kode_Kel": 64720205, "Kelurahan": "Simpang Tiga", "Basis": "64720205-RT014-00000", "skor_awal": 21, "luas_awal": 1.33, "kum_awal": "Kumuh Ringan", "skor_akhir": 21, "luas_akhir": 1.33, "kum_akhir": "Kumuh Ringan", "p_kumuh": 0.0, "Sumber": "DATA SIM KOTAKU, download pada tanggal 16 Desember 2021", "RT": "RT014", "city": "samarinda", "source_layer": "Delineasi Kumuh 2020", "role": "positif" }, "geometry": { "type": "Polygon", "coordinates": [ [ [ 117.092247791593493, -0.57682455088738 ], [ 117.091978297008268, -0.576866769565964 ], [ 117.091914516623106, -0.577057202750578 ], [ 117.091910923361965, -0.577088642190821 ], [ 117.09197739869299, -0.577109302394315 ], [ 117.091995364998667, -0.577258415165131 ], [ 117.092044772339293, -0.57737429195421 ], [ 117.092209164036262, -0.577373393684537 ], [ 117.092192096045864, -0.577468610269159 ], [ 117.092099569571616, -0.577451543145618 ], [ 117.092030399294728, -0.5774677119995 ], [ 117.091965720594288, -0.577520709909126 ], [ 117.091777972699902, -0.577421900246713 ], [ 117.091745633349674, -0.577468610269159 ], [ 117.091664784974114, -0.577426391595042 ], [ 117.091637835515584, -0.577451543145618 ], [ 117.091548003987157, -0.577427289864707 ], [ 117.091577648391535, -0.577358123100062 ], [ 117.091607292795928, -0.577272787480184 ], [ 117.091510274745232, -0.577237754962179 ], [ 117.091540817464889, -0.577047321783609 ], [ 117.091344086417678, -0.577006001376096 ], [ 117.091305458860447, -0.577072473335861 ], [ 117.091284797608907, -0.577199129365155 ], [ 117.091373730822028, -0.57722607745613 ], [ 117.091367442615052, -0.577261109974206 ], [ 117.091383612290144, -0.57732758193099 ], [ 117.091367442615052, -0.577389562538641 ], [ 117.091176999774802, -0.577404833123032 ], [ 117.091157236838569, -0.577496456628511 ], [ 117.091103337921524, -0.57750993067331 ], [ 117.091094354768686, -0.577308718267657 ], [ 117.090905708559021, -0.57729973557081 ], [ 117.090713469088215, -0.577312311346392 ], [ 117.090660468486448, -0.577397646965677 ], [ 117.090669451639286, -0.577526099527027 ], [ 117.090704485935376, -0.577611435143102 ], [ 117.090778147788683, -0.577629400535797 ], [ 117.090899420352045, -0.577682398443915 ], [ 117.091035065959929, -0.577714736150321 ], [ 117.091135677271751, -0.577838697356505 ], [ 117.091176999774802, -0.577935710472501 ], [ 117.091291984131189, -0.578023740891138 ], [ 117.091409663433396, -0.578112669577967 ], [ 117.091568665238697, -0.578206987880658 ], [ 117.091768989547063, -0.577894390071446 ], [ 117.092087891472914, -0.578076738795577 ], [ 117.092352894481721, -0.577459627572565 ], [ 117.092351097851164, -0.57736980060584 ], [ 117.09230079219526, -0.577123674709745 ], [ 117.092247791593493, -0.57682455088738 ] ] ] } },
{ "type": "Feature", "properties": { "FID": 29, "Kode_Prov": 64, "Provinsi": "Kalimantan Timur", "Kode_Kota": 6472, "Kota": "Kota Samarinda", "Kode_Kec": 647209, "Kecamatan": "Loa Janan Ilir", "Kode_Kel": 64720205, "Kelurahan": "Simpang Tiga", "Basis": "64720205-RT015-00000", "skor_awal": 16, "luas_awal": 1.15, "kum_awal": "Kumuh Ringan", "skor_akhir": 16, "luas_akhir": 1.15, "kum_akhir": "Kumuh Ringan", "p_kumuh": 0.0, "Sumber": "DATA SIM KOTAKU, download pada tanggal 16 Desember 2021", "RT": "RT015", "city": "samarinda", "source_layer": "Delineasi Kumuh 2020", "role": "positif" }, "geometry": { "type": "Polygon", "coordinates": [ [ [ 117.092247791593493, -0.57682455088738 ], [ 117.09230079219526, -0.577123674709745 ], [ 117.092351097851164, -0.57736980060584 ], [ 117.092352894481721, -0.577459627572565 ], [ 117.092087891472914, -0.578076738795577 ], [ 117.092092383049334, -0.57812524535175 ], [ 117.092023212772474, -0.578192615567968 ], [ 117.091984585215243, -0.578254596166183 ], [ 117.092039382447567, -0.578303102720836 ], [ 117.092007941412632, -0.578401014098409 ], [ 117.092146281966379, -0.578467486041854 ], [ 117.092210062351555, -0.578309390607519 ], [ 117.092301690510538, -0.578332745615142 ], [ 117.092434641172574, -0.578070450908636 ], [ 117.092517286178719, -0.578144109012371 ], [ 117.092788577394543, -0.577840493895705 ], [ 117.092692457659126, -0.577553047616452 ], [ 117.092916138164895, -0.577588080132514 ], [ 117.092913443219032, -0.577488372201617 ], [ 117.092952070776263, -0.577408426201706 ], [ 117.092908951642613, -0.577243144580348 ], [ 117.092961053929102, -0.577215298219755 ], [ 117.092932307839988, -0.577107505854884 ], [ 117.093094902906415, -0.577014984073407 ], [ 117.093118259103818, -0.576969172316974 ], [ 117.093158683291605, -0.57678592528755 ], [ 117.092908053327335, -0.576716758515106 ], [ 117.092764322881848, -0.576725741212874 ], [ 117.092525371016293, -0.576767061622421 ], [ 117.092247791593493, -0.57682455088738 ] ] ] } },
{ "type": "Feature", "properties": { "FID": 30, "Kode_Prov": 64, "Provinsi": "Kalimantan Timur", "Kode_Kota": 6472, "Kota": "Kota Samarinda", "Kode_Kec": 647208, "Kecamatan": "Sambutan", "Kode_Kel": 64720112, "Kelurahan": "Sungai Kapih", "Basis": "64720112-RT024-00000", "skor_awal": 18, "luas_awal": 1.68, "kum_awal": "Kumuh Ringan", "skor_akhir": 18, "luas_akhir": 1.68, "kum_akhir": "Kumuh Ringan", "p_kumuh": 0.0, "Sumber": "DATA SIM KOTAKU, download pada tanggal 16 Desember 2021", "RT": "RT024", "city": "samarinda", "source_layer": "Delineasi Kumuh 2020", "role": "positif" }, "geometry": { "type": "Polygon", "coordinates": [ [ [ 117.172443091952687, -0.537087655950662 ], [ 117.172264327211153, -0.537222397321655 ], [ 117.172301158137813, -0.53729425938497 ], [ 117.17219066535786, -0.537414628339129 ], [ 117.172118800135138, -0.53749098177897 ], [ 117.172118800135138, -0.53749098177897 ], [ 117.171965188221535, -0.537655366240329 ], [ 117.171740609400516, -0.537871850688154 ], [ 117.171845712288743, -0.537970661014485 ], [ 117.171695693636309, -0.538162892008398 ], [ 117.172256242373592, -0.538559031560859 ], [ 117.172302954768369, -0.538473695378263 ], [ 117.172262530580596, -0.538442255731743 ], [ 117.172421532385897, -0.538280566118505 ], [ 117.17244578689855, -0.53813684201425 ], [ 117.172530228535265, -0.538214991996359 ], [ 117.172495194239175, -0.538247329919697 ], [ 117.172620060063679, -0.538392850572597 ], [ 117.172601195442709, -0.538426086770612 ], [ 117.172713484853219, -0.538568912592451 ], [ 117.172759298932704, -0.538648859120195 ], [ 117.172745824203446, -0.538728805646891 ], [ 117.17262365332482, -0.538830310786015 ], [ 117.172600297127403, -0.538945290056609 ], [ 117.172585025767589, -0.539162672734145 ], [ 117.172597602181568, -0.539178841693321 ], [ 117.172698213493376, -0.539103386550132 ], [ 117.172827570894299, -0.539242619254097 ], [ 117.17332883082284, -0.53879797286577 ], [ 117.172637128054077, -0.538031743760871 ], [ 117.172920995683853, -0.537798192080212 ], [ 117.172791638282931, -0.537507150742578 ], [ 117.172726959582491, -0.537327495588967 ], [ 117.172701806754517, -0.537283480075527 ], [ 117.172617365117816, -0.537323004210059 ], [ 117.172443091952687, -0.537087655950662 ] ] ] } },
{ "type": "Feature", "properties": { "FID": 31, "Kode_Prov": 64, "Provinsi": "Kalimantan Timur", "Kode_Kota": 6472, "Kota": "Kota Samarinda", "Kode_Kec": 647208, "Kecamatan": "Sambutan", "Kode_Kel": 64720112, "Kelurahan": "Sungai Kapih", "Basis": "64720112-RT007-00000", "skor_awal": 18, "luas_awal": 2.15, "kum_awal": "Kumuh Ringan", "skor_akhir": 18, "luas_akhir": 2.15, "kum_akhir": "Kumuh Ringan", "p_kumuh": 0.0, "Sumber": "DATA SIM KOTAKU, download pada tanggal 16 Desember 2021", "RT": "RT007", "city": "samarinda", "source_layer": "Delineasi Kumuh 2020", "role": "positif" }, "geometry": { "type": "Polygon", "coordinates": [ [ [ 117.170603342250814, -0.534906641879539 ], [ 117.170468594958209, -0.53480962805604 ], [ 117.170379661745073, -0.534941674648759 ], [ 117.17064017317746, -0.53511863504407 ], [ 117.170956380157477, -0.535511181689556 ], [ 117.17105878809987, -0.535717785177085 ], [ 117.171180060663232, -0.536027690395316 ], [ 117.171012075705079, -0.536134585235069 ], [ 117.171168382564517, -0.536392390429147 ], [ 117.171005787498103, -0.536537012850339 ], [ 117.170824327810706, -0.536769666303343 ], [ 117.171212400013445, -0.537064300779388 ], [ 117.171605862107896, -0.537397561099504 ], [ 117.171965188221535, -0.537655366240329 ], [ 117.172118800135138, -0.53749098177897 ], [ 117.172118800135138, -0.53749098177897 ], [ 117.171966984852091, -0.537367019723215 ], [ 117.172180783889715, -0.537120892155783 ], [ 117.172057714695811, -0.536989743885877 ], [ 117.171985849473074, -0.537040047332201 ], [ 117.171950815176999, -0.53699872664418 ], [ 117.17191937414205, -0.537005014574983 ], [ 117.171864576909726, -0.536871171475047 ], [ 117.171824152721939, -0.536741819751519 ], [ 117.171945425285301, -0.536710380096082 ], [ 117.171925662349025, -0.536632230094723 ], [ 117.172012798931604, -0.536594502507503 ], [ 117.172042443335968, -0.536663669750562 ], [ 117.172159224322925, -0.536612468025255 ], [ 117.172117901819831, -0.536454371467219 ], [ 117.171988544418923, -0.536496590434822 ], [ 117.171959798329837, -0.536440897328561 ], [ 117.171924764033747, -0.536434609397177 ], [ 117.171912187619768, -0.536368136979296 ], [ 117.171853797126303, -0.536382509394034 ], [ 117.171849305549884, -0.5363492731849 ], [ 117.171831339244193, -0.536290885249499 ], [ 117.171875356693121, -0.536267530075182 ], [ 117.171850203865162, -0.536215430070617 ], [ 117.171936442132449, -0.536167821445368 ], [ 117.171850203865162, -0.535921693829685 ], [ 117.17166425260136, -0.53596301452498 ], [ 117.171632811566411, -0.535844442094256 ], [ 117.171872661747258, -0.53578246105001 ], [ 117.171860983648585, -0.53572766621327 ], [ 117.171922967403191, -0.535698023104666 ], [ 117.171923865718469, -0.535632448954819 ], [ 117.171873560062565, -0.535634245506879 ], [ 117.171860085333307, -0.535564179976151 ], [ 117.171169280879823, -0.535691735172519 ], [ 117.171101008918214, -0.535473454095429 ], [ 117.171056991469285, -0.535357576483445 ], [ 117.171107297125218, -0.535283019569151 ], [ 117.171005787498103, -0.535138397118356 ], [ 117.171030940326048, -0.535100669521936 ], [ 117.170981532985422, -0.535026112604519 ], [ 117.170939312167079, -0.535053959164142 ], [ 117.170897091348706, -0.535003655701504 ], [ 117.170981532985422, -0.534909336707948 ], [ 117.17088720988059, -0.534837474616646 ], [ 117.170722818183592, -0.534993774664152 ], [ 117.170603342250814, -0.534906641879539 ] ] ] } },
{ "type": "Feature", "properties": { "FID": 32, "Kode_Prov": 64, "Provinsi": "Kalimantan Timur", "Kode_Kota": 6472, "Kota": "Kota Samarinda", "Kode_Kec": 647208, "Kecamatan": "Sambutan", "Kode_Kel": 64720112, "Kelurahan": "Sungai Kapih", "Basis": "64720112-RT005-00000", "skor_awal": 21, "luas_awal": 0.76, "kum_awal": "Kumuh Ringan", "skor_akhir": 21, "luas_akhir": 0.76, "kum_akhir": "Kumuh Ringan", "p_kumuh": 0.0, "Sumber": "DATA SIM KOTAKU, download pada tanggal 16 Desember 2021", "RT": "RT005", "city": "samarinda", "source_layer": "Delineasi Kumuh 2020", "role": "positif" }, "geometry": { "type": "Polygon", "coordinates": [ [ [ 117.162972153912222, -0.532075274845585 ], [ 117.162888610590784, -0.532010598933664 ], [ 117.162823931890344, -0.531962091999279 ], [ 117.162792490855395, -0.531945024744497 ], [ 117.162552640674534, -0.532186661136747 ], [ 117.162593963177613, -0.532210016326575 ], [ 117.162499640072781, -0.532315114679704 ], [ 117.162572403610795, -0.532386078523966 ], [ 117.162599353069311, -0.532354638846229 ], [ 117.162734100361931, -0.532490278597605 ], [ 117.162772727919133, -0.532469618238316 ], [ 117.162779914441415, -0.532482194109196 ], [ 117.162739490253628, -0.532530701039491 ], [ 117.162616421059724, -0.532687899422082 ], [ 117.162680201444886, -0.532743592562381 ], [ 117.162705354272831, -0.532715745992295 ], [ 117.162792490855395, -0.532802878807953 ], [ 117.163017069676428, -0.53252171827465 ], [ 117.163072765224058, -0.532561242439851 ], [ 117.162973950542778, -0.532662747681137 ], [ 117.163041324189109, -0.532723830480397 ], [ 117.163078155115755, -0.532703170121892 ], [ 117.163164393383013, -0.532764252920751 ], [ 117.163304530567359, -0.532575614863497 ], [ 117.163342259809284, -0.532607054540107 ], [ 117.163331480025889, -0.532641189045959 ], [ 117.163378192420652, -0.532677120104547 ], [ 117.163336869917586, -0.532724728756853 ], [ 117.163400650302748, -0.532769642579445 ], [ 117.163378192420652, -0.532811861572384 ], [ 117.163332378341167, -0.532858571947213 ], [ 117.16325242828087, -0.532825335719005 ], [ 117.163227275452911, -0.532866656435128 ], [ 117.163370107583077, -0.532970856500641 ], [ 117.163425803130707, -0.533006787557306 ], [ 117.163350344646844, -0.533141529017932 ], [ 117.163415023347284, -0.533204408365215 ], [ 117.163634212276619, -0.532913366809542 ], [ 117.163703382553507, -0.532748083944642 ], [ 117.163669246572695, -0.532709458057096 ], [ 117.163753688209411, -0.53258639418121 ], [ 117.163388073888768, -0.532371706099877 ], [ 117.162972153912222, -0.532075274845585 ] ] ] } },
{ "type": "Feature", "properties": { "FID": 33, "Kode_Prov": 64, "Provinsi": "Kalimantan Timur", "Kode_Kota": 6472, "Kota": "Kota Samarinda", "Kode_Kec": 647208, "Kecamatan": "Sambutan", "Kode_Kel": 64720112, "Kelurahan": "Sungai Kapih", "Basis": "64720112-RT004-00000", "skor_awal": 20, "luas_awal": 0.33, "kum_awal": "Kumuh Ringan", "skor_akhir": 20, "luas_akhir": 0.33, "kum_akhir": "Kumuh Ringan", "p_kumuh": 0.0, "Sumber": "DATA SIM KOTAKU, download pada tanggal 16 Desember 2021", "RT": "RT004", "city": "samarinda", "source_layer": "Delineasi Kumuh 2020", "role": "positif" }, "geometry": { "type": "Polygon", "coordinates": [ [ [ 117.162427774850059, -0.531615357234979 ], [ 117.162427774850059, -0.531615357234979 ], [ 117.16207743188923, -0.531876755724898 ], [ 117.161952566064741, -0.531971074764934 ], [ 117.161952566064741, -0.53197017648837 ], [ 117.161952566064741, -0.531971074764934 ], [ 117.162163670156531, -0.532163305946831 ], [ 117.162257094946085, -0.532074376569035 ], [ 117.162319078700662, -0.532138154203746 ], [ 117.162368486041288, -0.53210940935438 ], [ 117.162422384958333, -0.53217857664794 ], [ 117.162452029362726, -0.532146238692606 ], [ 117.162525691216004, -0.532213609432694 ], [ 117.162552640674534, -0.532186661136747 ], [ 117.162792490855395, -0.531945024744497 ], [ 117.162767338027436, -0.53191897472395 ], [ 117.162611929483305, -0.531769860811114 ], [ 117.162461012515564, -0.531643203810033 ], [ 117.162427774850059, -0.531615357234979 ] ] ] } },
{ "type": "Feature", "properties": { "FID": 34, "Kode_Prov": 64, "Provinsi": "Kalimantan Timur", "Kode_Kota": 6472, "Kota": "Kota Samarinda", "Kode_Kec": 647208, "Kecamatan": "Sambutan", "Kode_Kel": 64720112, "Kelurahan": "Sungai Kapih", "Basis": "64720112-RT003-00000", "skor_awal": 17, "luas_awal": 0.49, "kum_awal": "Kumuh Ringan", "skor_akhir": 17, "luas_akhir": 0.49, "kum_akhir": "Kumuh Ringan", "p_kumuh": 0.0, "Sumber": "DATA SIM KOTAKU, download pada tanggal 16 Desember 2021", "RT": "RT003", "city": "samarinda", "source_layer": "Delineasi Kumuh 2020", "role": "positif" }, "geometry": { "type": "Polygon", "coordinates": [ [ [ 117.161699241154608, -0.531002732552027 ], [ 117.161446814559781, -0.531330603540928 ], [ 117.161552815763315, -0.53140785533304 ], [ 117.161616596148477, -0.531326112157635 ], [ 117.161692054632354, -0.531386296693478 ], [ 117.161630969193027, -0.531468938144724 ], [ 117.161768411431495, -0.531568646850735 ], [ 117.161811530565117, -0.531526427849287 ], [ 117.161872616004445, -0.531570443403981 ], [ 117.161713614199172, -0.53177345391749 ], [ 117.161843869915373, -0.531891128150139 ], [ 117.161952566064741, -0.53197017648837 ], [ 117.161952566064741, -0.531971074764934 ], [ 117.16207743188923, -0.531876755724898 ], [ 117.162427774850059, -0.531615357234979 ], [ 117.162427774850059, -0.531615357234979 ], [ 117.162427774850059, -0.531615357234979 ], [ 117.162364892780175, -0.531571341680604 ], [ 117.161699241154608, -0.531002732552027 ] ] ] } },
{ "type": "Feature", "properties": { "FID": 35, "Kode_Prov": 64, "Provinsi": "Kalimantan Timur", "Kode_Kota": 6472, "Kota": "Kota Samarinda", "Kode_Kec": 647201, "Kecamatan": "Samarinda Ilir", "Kode_Kel": 64720108, "Kelurahan": "Selili", "Basis": "64720108-RT032-00000", "skor_awal": 17, "luas_awal": 2.68, "kum_awal": "Kumuh Ringan", "skor_akhir": 14, "luas_akhir": 0.0, "kum_akhir": "Tidak Kumuh", "p_kumuh": 2.68, "Sumber": "DATA SIM KOTAKU, download pada tanggal 16 Desember 2021", "RT": "RT032", "city": "samarinda", "source_layer": "Delineasi Kumuh 2020", "role": "positif" }, "geometry": { "type": "Polygon", "coordinates": [ [ [ 117.160476634052927, -0.528099501558598 ], [ 117.160491905412769, -0.527940506505185 ], [ 117.160258343438912, -0.527995301411057 ], [ 117.160206241152423, -0.528228853463459 ], [ 117.159786727914735, -0.52839503472617 ], [ 117.159536097950465, -0.528360001919806 ], [ 117.159271993256937, -0.528536064226713 ], [ 117.159202822980063, -0.528574690140316 ], [ 117.159152517324131, -0.528612417776626 ], [ 117.158879429477793, -0.528813631833077 ], [ 117.158879429477793, -0.528813631833077 ], [ 117.158926141872556, -0.528847766359864 ], [ 117.159102211668227, -0.528704940312322 ], [ 117.159155212269994, -0.528762430042545 ], [ 117.158990820572996, -0.528958254432123 ], [ 117.159398655711982, -0.529269058267114 ], [ 117.15944716473733, -0.529298701406632 ], [ 117.159498368708512, -0.529218754757304 ], [ 117.159509148491935, -0.529135214999041 ], [ 117.15946333441245, -0.529096589088926 ], [ 117.159492080501536, -0.529066945948442 ], [ 117.159642997469277, -0.529159468477362 ], [ 117.15951184343777, -0.529313972114813 ], [ 117.15960616654263, -0.529421765347965 ], [ 117.159671743558349, -0.529472068856127 ], [ 117.159734625628261, -0.529437934332776 ], [ 117.159810084112138, -0.529562794825175 ], [ 117.159742710465807, -0.529653520792894 ], [ 117.159830745363649, -0.529730772605945 ], [ 117.15991698363095, -0.529645436300775 ], [ 117.160000526952359, -0.529771195065879 ], [ 117.160005916844057, -0.529819702017451 ], [ 117.160079578697363, -0.529881683121685 ], [ 117.160052629238848, -0.529963426316176 ], [ 117.160106528155893, -0.530028102249514 ], [ 117.160138867506106, -0.530046067786433 ], [ 117.160168511910499, -0.530071219538031 ], [ 117.160191868107873, -0.530111641995743 ], [ 117.160278106375145, -0.530019119481036 ], [ 117.16034637833674, -0.530073016091713 ], [ 117.160498193619745, -0.52990144521276 ], [ 117.160931181586704, -0.529482848179252 ], [ 117.160999453548314, -0.529305887622251 ], [ 117.160925791695007, -0.529130723614156 ], [ 117.160727264017197, -0.528915137135865 ], [ 117.160626652705389, -0.528797462846639 ], [ 117.160530532969972, -0.528432762363571 ], [ 117.160476634052927, -0.528099501558598 ] ] ] } },
{ "type": "Feature", "properties": { "FID": 36, "Kode_Prov": 64, "Provinsi": "Kalimantan Timur", "Kode_Kota": 6472, "Kota": "Kota Samarinda", "Kode_Kec": 647201, "Kecamatan": "Samarinda Ilir", "Kode_Kel": 64720108, "Kelurahan": "Selili", "Basis": "64720108-RT031-00000", "skor_awal": 16, "luas_awal": 3.32, "kum_awal": "Kumuh Ringan", "skor_akhir": 16, "luas_akhir": 3.32, "kum_akhir": "Kumuh Ringan", "p_kumuh": 0.0, "Sumber": "DATA SIM KOTAKU, download pada tanggal 16 Desember 2021", "RT": "RT031", "city": "samarinda", "source_layer": "Delineasi Kumuh 2020", "role": "positif" }, "geometry": { "type": "Polygon", "coordinates": [ [ [ 117.159470520934718, -0.526492483571882 ], [ 117.159351943317219, -0.526608361350027 ], [ 117.158979142474323, -0.526865268664435 ], [ 117.159038431283065, -0.527000908535951 ], [ 117.158663833809584, -0.52729913658744 ], [ 117.15869437652924, -0.527353931498962 ], [ 117.158575798911755, -0.527455436825588 ], [ 117.158583883749287, -0.527466216152212 ], [ 117.158467102762359, -0.527559636982172 ], [ 117.158393440909052, -0.5276144318914 ], [ 117.158344931883718, -0.527652159533539 ], [ 117.158163472196321, -0.527749173469417 ], [ 117.158111369909861, -0.527777918339016 ], [ 117.158141912629503, -0.527840797740801 ], [ 117.158001775445186, -0.527929727179383 ], [ 117.158033216480121, -0.527982725531064 ], [ 117.158144607575366, -0.527936913396586 ], [ 117.158168862088019, -0.527967454819609 ], [ 117.158140115998947, -0.527983623808207 ], [ 117.158176946925579, -0.528025842833793 ], [ 117.158254202040013, -0.527983623808207 ], [ 117.158275761606831, -0.528022249725244 ], [ 117.158185031763139, -0.528079739461785 ], [ 117.158232642473209, -0.52816238095713 ], [ 117.158286541390254, -0.528148008523236 ], [ 117.158326965578041, -0.528242327620061 ], [ 117.158399729116056, -0.528220768969484 ], [ 117.158625206252381, -0.528501031421144 ], [ 117.158716834411351, -0.528431864086493 ], [ 117.158734800717028, -0.528468693446598 ], [ 117.158663833809584, -0.528536064226713 ], [ 117.158742885554588, -0.528598943620827 ], [ 117.158726715879496, -0.528663619568395 ], [ 117.158879429477793, -0.528813631833077 ], [ 117.159152517324131, -0.528612417776626 ], [ 117.159202822980063, -0.528574690140316 ], [ 117.159271993256937, -0.528536064226713 ], [ 117.159536097950465, -0.528360001919806 ], [ 117.159786727914735, -0.52839503472617 ], [ 117.160206241152423, -0.528228853463459 ], [ 117.160258343438912, -0.527995301411057 ], [ 117.160491905412769, -0.527940506505185 ], [ 117.160226902403963, -0.527863254669856 ], [ 117.160097545003055, -0.527538078329229 ], [ 117.159945729720036, -0.527381778093157 ], [ 117.159778643077161, -0.526856285891383 ], [ 117.159734625628261, -0.526754780554991 ], [ 117.159677133450074, -0.526774542656011 ], [ 117.159632217685868, -0.526697290806213 ], [ 117.159590895182788, -0.526701782192855 ], [ 117.159470520934718, -0.526492483571882 ] ] ] } },
{ "type": "Feature", "properties": { "FID": 37, "Kode_Prov": 64, "Provinsi": "Kalimantan Timur", "Kode_Kota": 6472, "Kota": "Kota Samarinda", "Kode_Kec": 647201, "Kecamatan": "Samarinda Ilir", "Kode_Kel": 64720108, "Kelurahan": "Selili", "Basis": "64720108-RT030-00000", "skor_awal": 17, "luas_awal": 2.61, "kum_awal": "Kumuh Ringan", "skor_akhir": 17, "luas_akhir": 2.61, "kum_akhir": "Kumuh Ringan", "p_kumuh": 0.0, "Sumber": "DATA SIM KOTAKU, download pada tanggal 16 Desember 2021", "RT": "RT030", "city": "samarinda", "source_layer": "Delineasi Kumuh 2020", "role": "positif" }, "geometry": { "type": "Polygon", "coordinates": [ [ [ 117.159038431283065, -0.527000908535951 ], [ 117.158979142474323, -0.526865268664435 ], [ 117.159351943317219, -0.526608361350027 ], [ 117.159337570272683, -0.526553566431948 ], [ 117.159316909021129, -0.526521228447281 ], [ 117.159250433690104, -0.526359538521434 ], [ 117.159124669550337, -0.526125986398921 ], [ 117.159161500476969, -0.526080174250787 ], [ 117.159124669550337, -0.525934653307424 ], [ 117.158952193015793, -0.525915789481185 ], [ 117.158625206252381, -0.526052327650776 ], [ 117.158040403002403, -0.526338878141718 ], [ 117.157686466780476, -0.526525719834051 ], [ 117.15741158230351, -0.52665058038494 ], [ 117.157176223699068, -0.526823947908287 ], [ 117.157336123819647, -0.527010789586079 ], [ 117.157328038982087, -0.527064686222862 ], [ 117.157392717682555, -0.527146429454426 ], [ 117.157452904806604, -0.527116786304642 ], [ 117.157501413831923, -0.527165293276942 ], [ 117.157598431882619, -0.527103312145603 ], [ 117.157647839223245, -0.527178767435847 ], [ 117.157747552219803, -0.527127565631852 ], [ 117.157823909018944, -0.527197631258266 ], [ 117.157568787478255, -0.527397947083277 ], [ 117.15763705943985, -0.52747879203325 ], [ 117.157779891570016, -0.527438369558395 ], [ 117.157845468585748, -0.52751472312179 ], [ 117.157782586515864, -0.527587483575447 ], [ 117.157880502881824, -0.527654854365112 ], [ 117.157848163531611, -0.527712344105049 ], [ 117.157910147286216, -0.527790494219424 ], [ 117.158004470391049, -0.52773120792585 ], [ 117.158078132244327, -0.527795883882448 ], [ 117.158111369909861, -0.527777918339016 ], [ 117.158163472196321, -0.527749173469417 ], [ 117.158344931883718, -0.527652159533539 ], [ 117.158393440909052, -0.5276144318914 ], [ 117.158467102762359, -0.527559636982172 ], [ 117.158583883749287, -0.527466216152212 ], [ 117.158575798911755, -0.527455436825588 ], [ 117.15869437652924, -0.527353931498962 ], [ 117.158663833809584, -0.52729913658744 ], [ 117.159038431283065, -0.527000908535951 ] ] ] } },
{ "type": "Feature", "properties": { "FID": 38, "Kode_Prov": 64, "Provinsi": "Kalimantan Timur", "Kode_Kota": 6472, "Kota": "Kota Samarinda", "Kode_Kec": 647203, "Kecamatan": "Sungai Kunjang", "Kode_Kel": 64720306, "Kelurahan": "Karang Asam Ilir", "Basis": "64720306-RT032-00000", "skor_awal": 21, "luas_awal": 0.28, "kum_awal": "Kumuh Ringan", "skor_akhir": 11, "luas_akhir": 0.0, "kum_akhir": "Tidak Kumuh", "p_kumuh": 0.28, "Sumber": "DATA SIM KOTAKU, download pada tanggal 16 Desember 2021", "RT": "RT032", "city": "samarinda", "source_layer": "Delineasi Kumuh 2020", "role": "positif" }, "geometry": { "type": "Polygon", "coordinates": [ [ [ 117.114768555766375, -0.509612032848127 ], [ 117.114762267559371, -0.5094925616401 ], [ 117.114665249508704, -0.50949974787824 ], [ 117.114665249508704, -0.509603050050608 ], [ 117.11433916106057, -0.509514120354495 ], [ 117.114327482961869, -0.509558136062826 ], [ 117.114358923996804, -0.509568017140165 ], [ 117.11435173747455, -0.509610236288625 ], [ 117.114281668882384, -0.509594965532831 ], [ 117.114265499207249, -0.509654251996299 ], [ 117.11428795708936, -0.509661438234258 ], [ 117.114264600891971, -0.509747673089141 ], [ 117.114279872251799, -0.509762045564843 ], [ 117.114185549146967, -0.509961463661892 ], [ 117.114398449869313, -0.510052189911208 ], [ 117.114535892107796, -0.510123154006316 ], [ 117.114596079231816, -0.510041410554921 ], [ 117.114690402336649, -0.509911159998354 ], [ 117.114699385489487, -0.509870737411298 ], [ 117.114744301253694, -0.509767435243223 ], [ 117.114723640002168, -0.509729707494469 ], [ 117.114768555766375, -0.509612032848127 ] ] ] } },
{ "type": "Feature", "properties": { "FID": 39, "Kode_Prov": 64, "Provinsi": "Kalimantan Timur", "Kode_Kota": 6472, "Kota": "Kota Samarinda", "Kode_Kec": 647203, "Kecamatan": "Sungai Kunjang", "Kode_Kel": 64720306, "Kelurahan": "Karang Asam Ilir", "Basis": "64720306-RT003-00000", "skor_awal": 17, "luas_awal": 1.11, "kum_awal": "Kumuh Ringan", "skor_akhir": 7, "luas_akhir": 0.0, "kum_akhir": "Tidak Kumuh", "p_kumuh": 1.11, "Sumber": "DATA SIM KOTAKU, download pada tanggal 16 Desember 2021", "RT": "RT003", "city": "samarinda", "source_layer": "Delineasi Kumuh 2020", "role": "positif" }, "geometry": { "type": "Polygon", "coordinates": [ [ [ 117.11779497995856, -0.507072595491559 ], [ 117.117663825927096, -0.506939650034726 ], [ 117.117570401137542, -0.506970191558835 ], [ 117.117346720631787, -0.507111221535938 ], [ 117.117389839765409, -0.507148949299993 ], [ 117.117341330740089, -0.507175897702754 ], [ 117.117310788020433, -0.507154338980554 ], [ 117.117043090065749, -0.507304351754375 ], [ 117.116824799451734, -0.507406755681812 ], [ 117.116889478152174, -0.507524430368357 ], [ 117.117052073218602, -0.507810083415338 ], [ 117.11732875432611, -0.508251138881323 ], [ 117.117545248309568, -0.508112803768959 ], [ 117.117702453484284, -0.507977163493571 ], [ 117.117715029898278, -0.507912487334767 ], [ 117.117819234471241, -0.507805592015326 ], [ 117.117792285012726, -0.507773253935146 ], [ 117.117740182726237, -0.507722950254546 ], [ 117.117679995602188, -0.507666358613403 ], [ 117.117806658057262, -0.50751185444776 ], [ 117.117874930018857, -0.507547785649402 ], [ 117.117949490187442, -0.50747502496587 ], [ 117.11821359488097, -0.507686120773858 ], [ 117.118322291030339, -0.507541497689129 ], [ 117.118269290428572, -0.507492990566818 ], [ 117.118016863833745, -0.507268420551381 ], [ 117.117829115939372, -0.507105831855341 ], [ 117.11779497995856, -0.507072595491559 ] ] ] } },
{ "type": "Feature", "properties": { "FID": 40, "Kode_Prov": 64, "Provinsi": "Kalimantan Timur", "Kode_Kota": 6472, "Kota": "Kota Samarinda", "Kode_Kec": 647203, "Kecamatan": "Sungai Kunjang", "Kode_Kel": 64720306, "Kelurahan": "Karang Asam Ilir", "Basis": "64720306-RT002-00000", "skor_awal": 16, "luas_awal": 0.19, "kum_awal": "Kumuh Ringan", "skor_akhir": 11, "luas_akhir": 0.0, "kum_akhir": "Tidak Kumuh", "p_kumuh": 0.19, "Sumber": "DATA SIM KOTAKU, download pada tanggal 16 Desember 2021", "RT": "RT002", "city": "samarinda", "source_layer": "Delineasi Kumuh 2020", "role": "positif" }, "geometry": { "type": "Polygon", "coordinates": [ [ [ 117.118342952281893, -0.506484221996376 ], [ 117.118204611728132, -0.506415054421677 ], [ 117.118190238683596, -0.506463561552063 ], [ 117.117965659862563, -0.506629743384892 ], [ 117.117794081643282, -0.506770773369408 ], [ 117.117696165277309, -0.506875872145682 ], [ 117.117723114735838, -0.506896532588681 ], [ 117.117663825927096, -0.506939650034726 ], [ 117.11779497995856, -0.507072595491559 ], [ 117.118073457696653, -0.506809399415588 ], [ 117.118258510645177, -0.506640522746874 ], [ 117.118342952281893, -0.506484221996376 ] ] ] } },
{ "type": "Feature", "properties": { "FID": 41, "Kode_Prov": 64, "Provinsi": "Kalimantan Timur", "Kode_Kota": 6472, "Kota": "Kota Samarinda", "Kode_Kec": 647203, "Kecamatan": "Sungai Kunjang", "Kode_Kel": 64720307, "Kelurahan": "Karang Anyar", "Basis": "64720307-RT024-00000", "skor_awal": 16, "luas_awal": 0.62, "kum_awal": "Kumuh Ringan", "skor_akhir": 16, "luas_akhir": 0.62, "kum_akhir": "Kumuh Ringan", "p_kumuh": 0.0, "Sumber": "DATA SIM KOTAKU, download pada tanggal 16 Desember 2021", "RT": "RT024", "city": "samarinda", "source_layer": "Delineasi Kumuh 2020", "role": "positif" }, "geometry": { "type": "MultiPolygon", "coordinates": [ [ [ [ 117.11794230366516, -0.506511170401904 ], [ 117.117790488382141, -0.506368343851333 ], [ 117.117729402942842, -0.506440206267108 ], [ 117.117756352401358, -0.506464459832252 ], [ 117.117719521474697, -0.506517458363177 ], [ 117.117703351799591, -0.506511170401904 ], [ 117.117653046143658, -0.506557880971219 ], [ 117.117668317503515, -0.506580337975577 ], [ 117.117636876468566, -0.506605489820366 ], [ 117.117635978153288, -0.506618964022892 ], [ 117.117606333748896, -0.506641421027038 ], [ 117.11759196070436, -0.50663603134605 ], [ 117.117517400535775, -0.506671064272393 ], [ 117.117414992593382, -0.506765383688528 ], [ 117.117397924602969, -0.506743824964961 ], [ 117.117238024482418, -0.506845330621129 ], [ 117.117249702581105, -0.506862397943691 ], [ 117.117119446864905, -0.506957615637161 ], [ 117.117089802460541, -0.506933362073863 ], [ 117.116996377670986, -0.50701330900439 ], [ 117.117020632183653, -0.507042952248042 ], [ 117.116971224843027, -0.50706900237114 ], [ 117.116931698970518, -0.507090561093625 ], [ 117.116926309078821, -0.507096849054336 ], [ 117.116720594878757, -0.507207337505834 ], [ 117.116735866238599, -0.507240573868924 ], [ 117.116740357815019, -0.507251353229889 ], [ 117.116774493795802, -0.507295368953645 ], [ 117.116876003422917, -0.507266623991226 ], [ 117.116978411365309, -0.50719476158462 ], [ 117.117004462508561, -0.507237879028679 ], [ 117.11710058224395, -0.507187575343916 ], [ 117.117105073820369, -0.507171406302302 ], [ 117.11745901004231, -0.506927972393117 ], [ 117.117619808478167, -0.506786942412023 ], [ 117.117724911366423, -0.50674023184436 ], [ 117.117743775987378, -0.506727655922239 ], [ 117.117738386095681, -0.506715978280248 ], [ 117.117777911968162, -0.506683640194624 ], [ 117.11794230366516, -0.506511170401904 ] ] ], [ [ [ 117.118795703185086, -0.505164648268775 ], [ 117.118687905350967, -0.505253578024673 ], [ 117.118634904749214, -0.505176325913558 ], [ 117.118553158058347, -0.505239205538954 ], [ 117.118522615338705, -0.505261662547876 ], [ 117.11843547875614, -0.505333524975906 ], [ 117.118378884893247, -0.505294898920939 ], [ 117.118333969129054, -0.505363168227236 ], [ 117.118236052763081, -0.505455691101732 ], [ 117.118180357215451, -0.505469165306646 ], [ 117.118007880680906, -0.505615584998238 ], [ 117.117891099693978, -0.505539231171746 ], [ 117.117800369850286, -0.505631754043733 ], [ 117.117906371053792, -0.505735954558178 ], [ 117.117831810885235, -0.505862612077795 ], [ 117.117908167684377, -0.505894051887246 ], [ 117.117955778394418, -0.505912017492578 ], [ 117.11798542279881, -0.505928186537335 ], [ 117.117919845783064, -0.506054844053199 ], [ 117.117947693556886, -0.506083589020994 ], [ 117.117891099693978, -0.506224619017394 ], [ 117.11807076275079, -0.506299176275397 ], [ 117.118139933027663, -0.506157248000388 ], [ 117.118073457696653, -0.5061132322689 ], [ 117.118168679116764, -0.505918305454433 ], [ 117.117955778394418, -0.505771885769668 ], [ 117.118042016661718, -0.505647024808886 ], [ 117.118152509441643, -0.505751225323086 ], [ 117.118214493196248, -0.505706311308549 ], [ 117.118191136998874, -0.505652414490696 ], [ 117.1183133078775, -0.505550908815856 ], [ 117.118342952281893, -0.50557785722526 ], [ 117.118411224243474, -0.505490724034449 ], [ 117.118505547348306, -0.505415268486823 ], [ 117.118549564797235, -0.505375744152003 ], [ 117.118570226048746, -0.505407183963811 ], [ 117.118640294640926, -0.505369456189623 ], [ 117.118672633991139, -0.505413471926155 ], [ 117.118712159863648, -0.505409878804816 ], [ 117.118779533509951, -0.505361371666554 ], [ 117.118810076229622, -0.505372151030643 ], [ 117.118887331344041, -0.505330830134869 ], [ 117.118952908359802, -0.505368557909282 ], [ 117.118952908359802, -0.505368557909282 ], [ 117.118981654448902, -0.505329931854523 ], [ 117.119002315700428, -0.505301186883391 ], [ 117.119005010646291, -0.50529669548164 ], [ 117.118910687541458, -0.50524100209967 ], [ 117.118891822920475, -0.505260764267521 ], [ 117.118795703185086, -0.505164648268775 ] ] ] ] } },
{ "type": "Feature", "properties": { "FID": 42, "Kode_Prov": 64, "Provinsi": "Kalimantan Timur", "Kode_Kota": 6472, "Kota": "Kota Samarinda", "Kode_Kec": 647203, "Kecamatan": "Sungai Kunjang", "Kode_Kel": 64720307, "Kelurahan": "Karang Anyar", "Basis": "64720307-RT017-00000", "skor_awal": 18, "luas_awal": 0.13, "kum_awal": "Kumuh Ringan", "skor_akhir": 18, "luas_akhir": 0.13, "kum_akhir": "Kumuh Ringan", "p_kumuh": 0.0, "Sumber": "DATA SIM KOTAKU, download pada tanggal 16 Desember 2021", "RT": "RT017", "city": "samarinda", "source_layer": "Delineasi Kumuh 2020", "role": "positif" }, "geometry": { "type": "Polygon", "coordinates": [ [ [ 117.119270013655097, -0.505202376044153 ], [ 117.119165809082148, -0.505144886100632 ], [ 117.119133469731921, -0.505214053688869 ], [ 117.11909484217469, -0.505202376044153 ], [ 117.119022078636689, -0.505316457649321 ], [ 117.119002315700428, -0.505301186883391 ], [ 117.118981654448902, -0.505329931854523 ], [ 117.118952908359802, -0.505368557909282 ], [ 117.118952908359802, -0.505368557909282 ], [ 117.118952908359802, -0.505368557909282 ], [ 117.119029265158943, -0.505394608039106 ], [ 117.119072384292593, -0.505353287143475 ], [ 117.11910921521924, -0.505378438993021 ], [ 117.11909663880526, -0.505397302880117 ], [ 117.119189165279522, -0.505428742691821 ], [ 117.119287979960774, -0.505444013457451 ], [ 117.119312234473441, -0.505386523516068 ], [ 117.119386794642026, -0.505422454729492 ], [ 117.119456863234191, -0.50545658938206 ], [ 117.119470337963463, -0.505427844411488 ], [ 117.119570050959993, -0.505475453268929 ], [ 117.119666170695382, -0.505353287143475 ], [ 117.119513457097085, -0.505291305799535 ], [ 117.119405659262995, -0.505276035033546 ], [ 117.119317624365166, -0.505262560828231 ], [ 117.11926013218698, -0.505232917576442 ], [ 117.119270013655097, -0.505202376044153 ] ] ] } },
{ "type": "Feature", "properties": { "FID": 43, "Kode_Prov": 64, "Provinsi": "Kalimantan Timur", "Kode_Kota": 6472, "Kota": "Kota Samarinda", "Kode_Kec": 647203, "Kecamatan": "Sungai Kunjang", "Kode_Kel": 64720305, "Kelurahan": "Teluk Lerong Ulu", "Basis": "64720305-RT007-00000", "skor_awal": 15, "luas_awal": 0.27, "kum_awal": "Tidak Kumuh", "skor_akhir": 15, "luas_akhir": 0.0, "kum_akhir": "Tidak Kumuh", "p_kumuh": 0.0, "Sumber": "DATA SIM KOTAKU, download pada tanggal 16 Desember 2021", "RT": "RT007", "city": "samarinda", "source_layer": "Delineasi Kumuh 2020", "role": "positif" }, "geometry": { "type": "Polygon", "coordinates": [ [ [ 117.128041164089254, -0.499635730255623 ], [ 117.128039367458669, -0.499633035412236 ], [ 117.127631532319683, -0.499998635821653 ], [ 117.127479717036664, -0.50015673328969 ], [ 117.127575836772053, -0.500237578584374 ], [ 117.127618955905703, -0.500207037028722 ], [ 117.127654888517057, -0.500173800629762 ], [ 117.127715075641092, -0.500207935309773 ], [ 117.127784245917979, -0.500162122976034 ], [ 117.127823771790489, -0.500191766250843 ], [ 117.127918094895307, -0.500136971106394 ], [ 117.127955824137231, -0.500136971106394 ], [ 117.128016909576559, -0.500104632988144 ], [ 117.128035774197528, -0.500120802047289 ], [ 117.128202860840389, -0.500004923789204 ], [ 117.128262149649132, -0.499887248966886 ], [ 117.128243285028177, -0.499865690220583 ], [ 117.128242386712898, -0.499865690220583 ], [ 117.128236996821173, -0.499870181626069 ], [ 117.128236098505894, -0.499870181626069 ], [ 117.128140877085784, -0.499765981018015 ], [ 117.128140877085784, -0.499765981018015 ], [ 117.12814267371634, -0.499760591331347 ], [ 117.12814267371634, -0.499757896488011 ], [ 117.128141775401062, -0.499756998206899 ], [ 117.128041164089254, -0.499635730255623 ] ] ] } },
{ "type": "Feature", "properties": { "FID": 44, "Kode_Prov": 64, "Provinsi": "Kalimantan Timur", "Kode_Kota": 6472, "Kota": "Kota Samarinda", "Kode_Kec": 647203, "Kecamatan": "Sungai Kunjang", "Kode_Kel": 64720305, "Kelurahan": "Teluk Lerong Ulu", "Basis": "64720305-RT006-00000", "skor_awal": 19, "luas_awal": 0.26, "kum_awal": "Kumuh Ringan", "skor_akhir": 19, "luas_akhir": 0.26, "kum_akhir": "Kumuh Ringan", "p_kumuh": 0.0, "Sumber": "DATA SIM KOTAKU, download pada tanggal 16 Desember 2021", "RT": "RT006", "city": "samarinda", "source_layer": "Delineasi Kumuh 2020", "role": "positif" }, "geometry": { "type": "Polygon", "coordinates": [ [ [ 117.128437321129539, -0.499292586855445 ], [ 117.128041164089254, -0.499635730255623 ], [ 117.128141775401062, -0.499756998206899 ], [ 117.12814267371634, -0.499757896488011 ], [ 117.12814267371634, -0.499760591331347 ], [ 117.128140877085784, -0.499765981018015 ], [ 117.128140877085784, -0.499765981018015 ], [ 117.128236098505894, -0.499870181626069 ], [ 117.128236996821173, -0.499870181626069 ], [ 117.128242386712898, -0.499865690220583 ], [ 117.128243285028177, -0.499865690220583 ], [ 117.128262149649132, -0.499887248966886 ], [ 117.128287302477091, -0.499915095680754 ], [ 117.128469660479752, -0.499730049773475 ], [ 117.12852625434266, -0.499679746030789 ], [ 117.128550508855326, -0.499700406496582 ], [ 117.128622374078049, -0.499639323380138 ], [ 117.128679866256235, -0.499689627123133 ], [ 117.128793053982037, -0.499585426512215 ], [ 117.128793053982037, -0.499585426512215 ], [ 117.128709510660627, -0.499515360583255 ], [ 117.128671781418674, -0.499533326206137 ], [ 117.128666391526977, -0.499536021049565 ], [ 117.128614289240488, -0.499485717305394 ], [ 117.128623272393327, -0.499470446525837 ], [ 117.12862596733919, -0.499465955120078 ], [ 117.12862596733919, -0.499465955120078 ], [ 117.128517271189821, -0.499357263099781 ], [ 117.128502898145285, -0.499368042473775 ], [ 117.128437321129539, -0.499292586855445 ] ] ] } },
{ "type": "Feature", "properties": { "FID": 45, "Kode_Prov": 64, "Provinsi": "Kalimantan Timur", "Kode_Kota": 6472, "Kota": "Kota Samarinda", "Kode_Kec": 647203, "Kecamatan": "Sungai Kunjang", "Kode_Kel": 64720305, "Kelurahan": "Teluk Lerong Ulu", "Basis": "64720305-RT005-00000", "skor_awal": 15, "luas_awal": 0.49, "kum_awal": "Tidak Kumuh", "skor_akhir": 15, "luas_akhir": 0.0, "kum_akhir": "Tidak Kumuh", "p_kumuh": 0.0, "Sumber": "DATA SIM KOTAKU, download pada tanggal 16 Desember 2021", "RT": "RT005", "city": "samarinda", "source_layer": "Delineasi Kumuh 2020", "role": "positif" }, "geometry": { "type": "Polygon", "coordinates": [ [ [ 117.129789285632128, -0.498107753877962 ], [ 117.129789285632128, -0.498107753877962 ], [ 117.129789285632128, -0.498107753877962 ], [ 117.129837794657476, -0.497924504482579 ], [ 117.129749759759619, -0.497877793851568 ], [ 117.129699454103715, -0.497950554642037 ], [ 117.129731793453942, -0.497967621987833 ], [ 117.129647351817226, -0.498115838409994 ], [ 117.129579978170923, -0.498075415749735 ], [ 117.129538655667858, -0.498128414348691 ], [ 117.129630283826856, -0.498193988885791 ], [ 117.129606927629439, -0.498235309826643 ], [ 117.129577283225089, -0.498273935923292 ], [ 117.129596147846044, -0.498287410143 ], [ 117.129551232081837, -0.498346696709387 ], [ 117.129526977569185, -0.498335019052413 ], [ 117.129500028110655, -0.498380831398883 ], [ 117.129504519687075, -0.498394305618372 ], [ 117.129413789843369, -0.498527251249188 ], [ 117.129371569025025, -0.498500302810726 ], [ 117.129270957713217, -0.498604503438835 ], [ 117.129265567821491, -0.498626062189272 ], [ 117.129234126786542, -0.498644027814583 ], [ 117.12912722726773, -0.498756312971662 ], [ 117.129170346401381, -0.498798532190229 ], [ 117.129144295258129, -0.498831768596144 ], [ 117.129099379493923, -0.498806616721412 ], [ 117.129084108134109, -0.498837158283573 ], [ 117.129101176124493, -0.498865903283125 ], [ 117.129044582261599, -0.498934172656556 ], [ 117.128987090083413, -0.498881174064085 ], [ 117.128667289842255, -0.4991820982699 ], [ 117.128602611141815, -0.499239588265863 ], [ 117.128543322333073, -0.499182996551091 ], [ 117.128435524498968, -0.499291688574269 ], [ 117.128437321129539, -0.499292586855445 ], [ 117.128502898145285, -0.499368042473775 ], [ 117.128517271189821, -0.499357263099781 ], [ 117.12862596733919, -0.499465955120078 ], [ 117.12862596733919, -0.499465955120078 ], [ 117.128623272393327, -0.499470446525837 ], [ 117.128614289240488, -0.499485717305394 ], [ 117.128666391526977, -0.499536021049565 ], [ 117.128671781418674, -0.499533326206137 ], [ 117.128709510660627, -0.499515360583255 ], [ 117.128793053982037, -0.499585426512215 ], [ 117.128979903561131, -0.499363551067946 ], [ 117.129496434849514, -0.498519166717661 ], [ 117.12966801306878, -0.498315256863642 ], [ 117.129789285632128, -0.498107753877962 ] ] ] } },
{ "type": "Feature", "properties": { "FID": 46, "Kode_Prov": 64, "Provinsi": "Kalimantan Timur", "Kode_Kota": 6472, "Kota": "Kota Samarinda", "Kode_Kec": 647210, "Kecamatan": "Sungai Pinang", "Kode_Kel": 64720406, "Kelurahan": "Temindung Permai", "Basis": "64720406-RT016-00000", "skor_awal": 13, "luas_awal": 0.76, "kum_awal": "Tidak Kumuh", "skor_akhir": 12, "luas_akhir": 0.0, "kum_akhir": "Tidak Kumuh", "p_kumuh": 0.0, "Sumber": "DATA SIM KOTAKU, download pada tanggal 16 Desember 2021", "RT": "RT016", "city": "samarinda", "source_layer": "Delineasi Kumuh 2020", "role": "positif" }, "geometry": { "type": "Polygon", "coordinates": [ [ [ 117.157678381942901, -0.470633762958859 ], [ 117.157677483627623, -0.47063286467388 ], [ 117.157637957755128, -0.470587052139799 ], [ 117.157582262207512, -0.470541239605417 ], [ 117.157358581701743, -0.470743353725425 ], [ 117.157334327189091, -0.470715506891461 ], [ 117.157142087718285, -0.470897858737658 ], [ 117.157213952941007, -0.470993975226099 ], [ 117.156391096140752, -0.471648824911118 ], [ 117.156356061844676, -0.471544623867965 ], [ 117.156228501074338, -0.471576962122904 ], [ 117.156068600953759, -0.47166589232321 ], [ 117.155877259798231, -0.471827583593584 ], [ 117.155953616597387, -0.471950648613517 ], [ 117.156096448727567, -0.471872497834688 ], [ 117.156179093733712, -0.47192280178438 ], [ 117.156430622013261, -0.471732365401485 ], [ 117.156563572675324, -0.47186980298023 ], [ 117.156846541989808, -0.471670383747438 ], [ 117.157354090125324, -0.471179021919739 ], [ 117.15738193789916, -0.471212258461279 ], [ 117.157453803121882, -0.471161056221542 ], [ 117.157447514914878, -0.471132311104332 ], [ 117.157542736335017, -0.471062244880635 ], [ 117.157511295300068, -0.471015534064446 ], [ 117.157527464975175, -0.470987687231569 ], [ 117.157593041990921, -0.470944569554636 ], [ 117.15763256786343, -0.470935586705242 ], [ 117.157815824181384, -0.470759522854773 ], [ 117.157815824181384, -0.470759522854773 ], [ 117.157678381942901, -0.470633762958859 ] ] ] } },
{ "type": "Feature", "properties": { "FID": 47, "Kode_Prov": 64, "Provinsi": "Kalimantan Timur", "Kode_Kota": 6472, "Kota": "Kota Samarinda", "Kode_Kec": 647210, "Kecamatan": "Sungai Pinang", "Kode_Kel": 64720406, "Kelurahan": "Temindung Permai", "Basis": "64720406-RT015-00000", "skor_awal": 17, "luas_awal": 1.09, "kum_awal": "Kumuh Ringan", "skor_akhir": 17, "luas_akhir": 1.09, "kum_akhir": "Kumuh Ringan", "p_kumuh": 0.0, "Sumber": "DATA SIM KOTAKU, download pada tanggal 16 Desember 2021", "RT": "RT015", "city": "samarinda", "source_layer": "Delineasi Kumuh 2020", "role": "positif" }, "geometry": { "type": "Polygon", "coordinates": [ [ [ 117.161014724908128, -0.470577171004957 ], [ 117.160986877134334, -0.470580764144901 ], [ 117.160984182188471, -0.470571781295038 ], [ 117.160775773042545, -0.470605017839474 ], [ 117.160770383150847, -0.470635559528816 ], [ 117.160515261610158, -0.470669694357922 ], [ 117.16043980312628, -0.470647237233529 ], [ 117.160313140671235, -0.470661609793149 ], [ 117.160254750177771, -0.470587950424783 ], [ 117.160199952945447, -0.470605916124457 ], [ 117.160185579900869, -0.470582560714873 ], [ 117.160119104569873, -0.470601424699543 ], [ 117.160086765219617, -0.470564595015139 ], [ 117.160020289888621, -0.470586153854814 ], [ 117.159979865700834, -0.470513392770646 ], [ 117.159928661729623, -0.470539443035435 ], [ 117.159863983029183, -0.470484647650765 ], [ 117.15976157508679, -0.470543036175398 ], [ 117.159701387962741, -0.47052417219057 ], [ 117.159365418046477, -0.470666999502999 ], [ 117.159296247769589, -0.470659813223198 ], [ 117.159164195422832, -0.470743353725425 ], [ 117.158809360885613, -0.470842165070853 ], [ 117.158840801920562, -0.470957145543769 ], [ 117.158731207455915, -0.471056855171091 ], [ 117.158776123220122, -0.47112332825518 ], [ 117.158716834411351, -0.47117812363483 ], [ 117.15863418940522, -0.471088295143374 ], [ 117.158553341029631, -0.471155666512075 ], [ 117.158532679778105, -0.471136802528904 ], [ 117.158569510704751, -0.47108290543385 ], [ 117.158600951739686, -0.4709301969956 ], [ 117.1585434595615, -0.470914926151591 ], [ 117.158356609982405, -0.470878096468843 ], [ 117.158371881342248, -0.47080803024259 ], [ 117.158266778453992, -0.470745150295354 ], [ 117.158227252581483, -0.470775691984083 ], [ 117.158035911425983, -0.47064364409362 ], [ 117.158011656913303, -0.470667897787974 ], [ 117.157866129837288, -0.470561900160175 ], [ 117.15783199385649, -0.470602322984526 ], [ 117.157747552219803, -0.470550222455319 ], [ 117.157677483627623, -0.47063286467388 ], [ 117.157678381942901, -0.470633762958859 ], [ 117.157815824181384, -0.470759522854773 ], [ 117.157815824181384, -0.470759522854773 ], [ 117.158218269428644, -0.471126921394842 ], [ 117.158218269428644, -0.471126921394842 ], [ 117.158602748370271, -0.471433236544248 ], [ 117.158968362690899, -0.471110752266347 ], [ 117.159404943918986, -0.470952654119082 ], [ 117.159638505892858, -0.470830487366466 ], [ 117.159729235736549, -0.47097151810275 ], [ 117.159922373522647, -0.470885282748419 ], [ 117.159880152704275, -0.47079455596823 ], [ 117.159991543799521, -0.470747845150248 ], [ 117.16006879891394, -0.47070742232674 ], [ 117.16009574837247, -0.470761319424698 ], [ 117.16023229229566, -0.470720896601269 ], [ 117.160325717085215, -0.470719100031333 ], [ 117.160409260406624, -0.470896960452714 ], [ 117.161047962573633, -0.470685863487441 ], [ 117.161041674366658, -0.470664304648075 ], [ 117.161014724908128, -0.470577171004957 ] ] ] } },
{ "type": "Feature", "properties": { "FID": 48, "Kode_Prov": 64, "Provinsi": "Kalimantan Timur", "Kode_Kota": 6472, "Kota": "Kota Samarinda", "Kode_Kec": 647210, "Kecamatan": "Sungai Pinang", "Kode_Kel": 64720406, "Kelurahan": "Temindung Permai", "Basis": "64720406-RT013-00000", "skor_awal": 18, "luas_awal": 0.71, "kum_awal": "Kumuh Ringan", "skor_akhir": 18, "luas_akhir": 0.71, "kum_akhir": "Kumuh Ringan", "p_kumuh": 0.0, "Sumber": "DATA SIM KOTAKU, download pada tanggal 16 Desember 2021", "RT": "RT013", "city": "samarinda", "source_layer": "Delineasi Kumuh 2020", "role": "positif" }, "geometry": { "type": "Polygon", "coordinates": [ [ [ 117.161047962573633, -0.470685863487441 ], [ 117.161212354270631, -0.470655321798319 ], [ 117.161403695426159, -0.470985890661702 ], [ 117.161520476413088, -0.471194292763169 ], [ 117.161612104572058, -0.471329933782758 ], [ 117.161753140071653, -0.471581453547189 ], [ 117.161931904813216, -0.471468269654319 ], [ 117.161697444524052, -0.471081108864008 ], [ 117.161925616606212, -0.470947264409452 ], [ 117.161917531768651, -0.470905943302158 ], [ 117.161980413838563, -0.47087899475379 ], [ 117.161963345848164, -0.470850249635417 ], [ 117.162011854873512, -0.470817013092149 ], [ 117.162010058242927, -0.470800843962935 ], [ 117.162056770637719, -0.470778386838964 ], [ 117.161924718290933, -0.470561900160175 ], [ 117.161836683393091, -0.470313075214016 ], [ 117.161680376533653, -0.470348108329716 ], [ 117.161424356677685, -0.470421767700614 ], [ 117.161262659926535, -0.470464885380779 ], [ 117.161224930684625, -0.470459495670773 ], [ 117.161143183993772, -0.470487342505759 ], [ 117.161153065461889, -0.470517884195616 ], [ 117.161006640070568, -0.470550222455319 ], [ 117.161014724908128, -0.470577171004957 ], [ 117.161041674366658, -0.470664304648075 ], [ 117.161047962573633, -0.470685863487441 ] ] ] } },
{ "type": "Feature", "properties": { "FID": 49, "Kode_Prov": 64, "Provinsi": "Kalimantan Timur", "Kode_Kota": 6472, "Kota": "Kota Samarinda", "Kode_Kec": 647210, "Kecamatan": "Sungai Pinang", "Kode_Kel": 64720406, "Kelurahan": "Temindung Permai", "Basis": "64720406-RT011-00000", "skor_awal": 21, "luas_awal": 1.18, "kum_awal": "Kumuh Ringan", "skor_akhir": 21, "luas_akhir": 1.18, "kum_akhir": "Kumuh Ringan", "p_kumuh": 0.0, "Sumber": "DATA SIM KOTAKU, download pada tanggal 16 Desember 2021", "RT": "RT011", "city": "samarinda", "source_layer": "Delineasi Kumuh 2020", "role": "positif" }, "geometry": { "type": "Polygon", "coordinates": [ [ [ 117.166178241161248, -0.468927021290365 ], [ 117.166136020342876, -0.468855158474131 ], [ 117.166120748983062, -0.468829108203064 ], [ 117.165919526359417, -0.468927919575563 ], [ 117.1659096448913, -0.468910852156777 ], [ 117.16586652575765, -0.468932411001553 ], [ 117.165878203856352, -0.468953969846263 ], [ 117.165841372929705, -0.468965647553786 ], [ 117.16583149146156, -0.468944088709112 ], [ 117.165604217694707, -0.4690671537799 ], [ 117.165605116009985, -0.469102186901845 ], [ 117.165488335023056, -0.469148897730832 ], [ 117.165305977020367, -0.469218065688568 ], [ 117.165319451749625, -0.469283640505011 ], [ 117.165315858488484, -0.469310589059535 ], [ 117.165271841039569, -0.469315978770427 ], [ 117.165242196635177, -0.469327656477347 ], [ 117.165235010112923, -0.469315080485279 ], [ 117.16520985728495, -0.469320470196168 ], [ 117.165182009511156, -0.469263878231627 ], [ 117.165039177380976, -0.469301606208038 ], [ 117.165040075696254, -0.469357299887131 ], [ 117.164961922266542, -0.469385146726511 ], [ 117.164958329005401, -0.469457009537302 ], [ 117.164889158728542, -0.469487551231664 ], [ 117.164721173770403, -0.469550431190226 ], [ 117.164636732133687, -0.469368977593981 ], [ 117.16454779892058, -0.469406705569826 ], [ 117.16439239037642, -0.469455212967041 ], [ 117.16443191624893, -0.469535160343199 ], [ 117.164470543806132, -0.469624090569536 ], [ 117.164414848258531, -0.469649242552537 ], [ 117.164320525153698, -0.469488449516791 ], [ 117.164242371723958, -0.469535160343199 ], [ 117.164204642482048, -0.46945341639678 ], [ 117.16397018219287, -0.469497432368047 ], [ 117.163950419256636, -0.46952078778126 ], [ 117.163881248979735, -0.469558515756286 ], [ 117.163776146091507, -0.469592650590657 ], [ 117.163792315766614, -0.469630378565295 ], [ 117.16371506065218, -0.469672597965243 ], [ 117.163749196632992, -0.469752545338914 ], [ 117.163795010712477, -0.46973547792214 ], [ 117.163800400604174, -0.469766019615286 ], [ 117.163773451145644, -0.469781290461809 ], [ 117.163789620820779, -0.469810035584585 ], [ 117.163725840435603, -0.469846865272969 ], [ 117.163755484839967, -0.469955557766823 ], [ 117.163806688811178, -0.470056165693512 ], [ 117.16383723153082, -0.470108266226407 ], [ 117.16381477364871, -0.470128028497403 ], [ 117.163785129244346, -0.47015318047859 ], [ 117.163682721301967, -0.470219653571291 ], [ 117.163549770639904, -0.470035505137257 ], [ 117.163416819977868, -0.470096588520792 ], [ 117.163317106981339, -0.469936693780408 ], [ 117.163458142480934, -0.469841475562486 ], [ 117.163406040194445, -0.46969774994807 ], [ 117.163325191818885, -0.469738172777423 ], [ 117.163314412035476, -0.469713919079839 ], [ 117.163229072083496, -0.469730088211571 ], [ 117.16323625860575, -0.46975074876873 ], [ 117.163170681590017, -0.469767816185467 ], [ 117.163063782071205, -0.469814527010008 ], [ 117.163033239351549, -0.469771409325827 ], [ 117.162965865705232, -0.469813628724923 ], [ 117.163159003491316, -0.470093893665647 ], [ 117.163411430086171, -0.470451411105756 ], [ 117.163456345850378, -0.470431648835675 ], [ 117.163779739352648, -0.470221450141355 ], [ 117.163927063059219, -0.470148689053384 ], [ 117.164066301928258, -0.47006155540383 ], [ 117.164292677379862, -0.469938490350545 ], [ 117.164325915045396, -0.46997262518306 ], [ 117.164390593745836, -0.469986997744069 ], [ 117.164438204455905, -0.469978913178505 ], [ 117.164965515527683, -0.469653733978063 ], [ 117.164953837428982, -0.469507313504416 ], [ 117.165427249583715, -0.469316877055576 ], [ 117.165469470402087, -0.469286335360468 ], [ 117.165484741761915, -0.469316877055576 ], [ 117.165651828404748, -0.469252200524601 ], [ 117.165769507706983, -0.469165965149039 ], [ 117.165757829608282, -0.469140813164299 ], [ 117.166178241161248, -0.468927021290365 ] ] ] } },
{ "type": "Feature", "properties": { "FID": 50, "Kode_Prov": 64, "Provinsi": "Kalimantan Timur", "Kode_Kota": 6472, "Kota": "Kota Samarinda", "Kode_Kec": 647210, "Kecamatan": "Sungai Pinang", "Kode_Kel": 64720406, "Kelurahan": "Temindung Permai", "Basis": "64720406-RT004-00000", "skor_awal": 17, "luas_awal": 0.49, "kum_awal": "Kumuh Ringan", "skor_akhir": 17, "luas_akhir": 0.49, "kum_akhir": "Kumuh Ringan", "p_kumuh": 0.0, "Sumber": "DATA SIM KOTAKU, download pada tanggal 16 Desember 2021", "RT": "RT004", "city": "samarinda", "source_layer": "Delineasi Kumuh 2020", "role": "positif" }, "geometry": { "type": "Polygon", "coordinates": [ [ [ 117.166178241161248, -0.468927021290365 ], [ 117.166190817575213, -0.468948580135091 ], [ 117.166297717094025, -0.469109373183248 ], [ 117.166363294109772, -0.469167761719374 ], [ 117.166524092545629, -0.469059967498453 ], [ 117.166586974615512, -0.469053679502182 ], [ 117.166765739357061, -0.46895935955743 ], [ 117.166971453557125, -0.468833599629117 ], [ 117.167105302534452, -0.468754550530164 ], [ 117.167272389177299, -0.468665620292776 ], [ 117.167159201451497, -0.468411405567551 ], [ 117.166978640079407, -0.468441947266475 ], [ 117.166847486047928, -0.468521894654206 ], [ 117.166826824796388, -0.468497640952406 ], [ 117.166525889176214, -0.468653044299519 ], [ 117.166119850667783, -0.468829108203064 ], [ 117.166120748983062, -0.468829108203064 ], [ 117.166136020342876, -0.468855158474131 ], [ 117.166178241161248, -0.468927021290365 ] ] ] } },
{ "type": "Feature", "properties": { "FID": 51, "Kode_Prov": 64, "Provinsi": "Kalimantan Timur", "Kode_Kota": 6472, "Kota": "Kota Samarinda", "Kode_Kec": 647204, "Kecamatan": "Samarinda Utara", "Kode_Kel": 64720401, "Kelurahan": "Sempaja Selatan", "Basis": "64720401-RT032-00000", "skor_awal": 20, "luas_awal": 2.39, "kum_awal": "Kumuh Ringan", "skor_akhir": 20, "luas_akhir": 2.39, "kum_akhir": "Kumuh Ringan", "p_kumuh": 0.0, "Sumber": "DATA SIM KOTAKU, download pada tanggal 16 Desember 2021", "RT": "RT033", "city": "samarinda", "source_layer": "Delineasi Kumuh 2020", "role": "positif" }, "geometry": { "type": "Polygon", "coordinates": [ [ [ 117.165569183398617, -0.468342237601847 ], [ 117.165276332615989, -0.467523001384744 ], [ 117.16491700650235, -0.467653252763376 ], [ 117.164961023951264, -0.467755657293844 ], [ 117.164810106983523, -0.467806859558518 ], [ 117.16496282058182, -0.468389846721171 ], [ 117.163678229725534, -0.468855158474131 ], [ 117.163827350062689, -0.469248607383974 ], [ 117.164026776055778, -0.469198303414999 ], [ 117.164086963179798, -0.469306995918938 ], [ 117.164131878944005, -0.469301606208038 ], [ 117.164149845249696, -0.469341130754537 ], [ 117.164340288089932, -0.469297114782286 ], [ 117.16441933983495, -0.469275555938633 ], [ 117.164849632856033, -0.469144406304982 ], [ 117.164909819980053, -0.469164168578703 ], [ 117.165092177982743, -0.46911566117947 ], [ 117.165361672567968, -0.469024934376297 ], [ 117.165539538994238, -0.468954868131458 ], [ 117.166224953556011, -0.468687179138307 ], [ 117.166212377142031, -0.468655739155219 ], [ 117.166130630451178, -0.468452726689593 ], [ 117.166065951750738, -0.468291933626362 ], [ 117.166012951148971, -0.468160783974291 ], [ 117.165569183398617, -0.468342237601847 ] ] ] } },
{ "type": "Feature", "properties": { "FID": 52, "Kode_Prov": 64, "Provinsi": "Kalimantan Timur", "Kode_Kota": 6472, "Kota": "Kota Samarinda", "Kode_Kec": 647204, "Kecamatan": "Samarinda Utara", "Kode_Kel": 64720401, "Kelurahan": "Sempaja Selatan", "Basis": "64720401-RT031-00000", "skor_awal": 17, "luas_awal": 2.93, "kum_awal": "Kumuh Ringan", "skor_akhir": 17, "luas_akhir": 2.93, "kum_akhir": "Kumuh Ringan", "p_kumuh": 0.0, "Sumber": "DATA SIM KOTAKU, download pada tanggal 16 Desember 2021", "RT": "RT031", "city": "samarinda", "source_layer": "Delineasi Kumuh 2020", "role": "positif" }, "geometry": { "type": "Polygon", "coordinates": [ [ [ 117.167737716494486, -0.46620342004028 ], [ 117.167257117817471, -0.465720142399532 ], [ 117.166827723111666, -0.466064185779152 ], [ 117.167069369923098, -0.466307621162936 ], [ 117.16689869001911, -0.466479193697742 ], [ 117.167056793509104, -0.466638190231498 ], [ 117.166882520343989, -0.466753170773444 ], [ 117.167319101572076, -0.467351428875411 ], [ 117.167564341644621, -0.467598457356108 ], [ 117.167088234544053, -0.467921840081336 ], [ 117.166957080512574, -0.467981126912678 ], [ 117.166065951750738, -0.468291933626362 ], [ 117.166130630451178, -0.468452726689593 ], [ 117.166212377142031, -0.468655739155219 ], [ 117.167128658731841, -0.468226358800633 ], [ 117.167137641884679, -0.468246121076944 ], [ 117.167210405422679, -0.468216477662456 ], [ 117.167202320585147, -0.468191325674307 ], [ 117.167371203858536, -0.468108683426897 ], [ 117.167295745374673, -0.467946093785128 ], [ 117.167357729129279, -0.467902976089441 ], [ 117.167407136469905, -0.467988313195231 ], [ 117.167426899406166, -0.467982025197998 ], [ 117.167454747179974, -0.467985618339275 ], [ 117.167490679791342, -0.468020651466628 ], [ 117.167520324195721, -0.468001787474998 ], [ 117.167544578708387, -0.468028736034454 ], [ 117.167633511921522, -0.467990109765868 ], [ 117.167601172571295, -0.46793351779058 ], [ 117.167637105182664, -0.467897586377461 ], [ 117.167698190621991, -0.46795417835304 ], [ 117.167756581115455, -0.467908365801416 ], [ 117.167699987252547, -0.467832909833384 ], [ 117.167720648504087, -0.467811350985226 ], [ 117.167761072691874, -0.467840096116089 ], [ 117.167796106987964, -0.467889501809484 ], [ 117.167847310959147, -0.467827520121351 ], [ 117.167848209274425, -0.467812249270567 ], [ 117.167862582318989, -0.467800571561122 ], [ 117.167851802535566, -0.467770029859404 ], [ 117.167899413245635, -0.467725115591931 ], [ 117.167925464388873, -0.467732301874746 ], [ 117.16796588857666, -0.467682896180244 ], [ 117.168012600971423, -0.467601152212213 ], [ 117.168055720105073, -0.467534679094651 ], [ 117.168123992066654, -0.467396343145275 ], [ 117.168170704461417, -0.467256210622349 ], [ 117.168286587133068, -0.467001097560618 ], [ 117.1683081466999, -0.466945403862811 ], [ 117.168327909636133, -0.466887015308185 ], [ 117.168449182199481, -0.466769339912004 ], [ 117.167911091344308, -0.466138743480615 ], [ 117.167791615411531, -0.466259113743961 ], [ 117.167737716494486, -0.46620342004028 ] ] ] } },
{ "type": "Feature", "properties": { "FID": 53, "Kode_Prov": 64, "Provinsi": "Kalimantan Timur", "Kode_Kota": 6472, "Kota": "Kota Samarinda", "Kode_Kec": 647210, "Kecamatan": "Sungai Pinang", "Kode_Kel": 64720406, "Kelurahan": "Temindung Permai", "Basis": "64720406-RT034-00000", "skor_awal": 23, "luas_awal": 0.68, "kum_awal": "Kumuh Ringan", "skor_akhir": 23, "luas_akhir": 0.68, "kum_akhir": "Kumuh Ringan", "p_kumuh": 0.0, "Sumber": "DATA SIM KOTAKU, download pada tanggal 16 Desember 2021", "RT": "RT034", "city": "samarinda", "source_layer": "Delineasi Kumuh 2020", "role": "positif" }, "geometry": { "type": "Polygon", "coordinates": [ [ [ 117.169476854884522, -0.465616839553808 ], [ 117.169370853680988, -0.465541383561192 ], [ 117.169325039601517, -0.465679719547037 ], [ 117.169424752598047, -0.465727328684395 ], [ 117.169351090744755, -0.465874647522484 ], [ 117.169286412044315, -0.46585219038273 ], [ 117.169248682802362, -0.465908782374772 ], [ 117.169306174980548, -0.465941120655735 ], [ 117.169252276063503, -0.465998610932635 ], [ 117.169135495076574, -0.465931239514345 ], [ 117.169036680395322, -0.466075863491482 ], [ 117.168967510118449, -0.46608215149042 ], [ 117.168837254402234, -0.46636151829474 ], [ 117.16881389820486, -0.466352535439468 ], [ 117.168798626845032, -0.4663776874342 ], [ 117.168822881357698, -0.466387568574963 ], [ 117.168808508313148, -0.466420805139246 ], [ 117.168779762224048, -0.46641182228405 ], [ 117.16877077907121, -0.466454939988887 ], [ 117.16874382961268, -0.466498955978969 ], [ 117.168802220106144, -0.466541175397769 ], [ 117.168802220106144, -0.46658608967281 ], [ 117.168726761622281, -0.466694782217222 ], [ 117.168853424077355, -0.46682683018214 ], [ 117.168821084727142, -0.466862761600736 ], [ 117.168610878950631, -0.466703765072057 ], [ 117.168526437313915, -0.466800779903543 ], [ 117.168525538998637, -0.466800779903543 ], [ 117.168433012524389, -0.466958878144579 ], [ 117.168390791706017, -0.467033435836561 ], [ 117.16850128448597, -0.467085536391935 ], [ 117.168564166555868, -0.467031639265679 ], [ 117.16871418520833, -0.467080146679328 ], [ 117.168660286291257, -0.467190635786944 ], [ 117.168747422873821, -0.467262498620233 ], [ 117.168993561261672, -0.466870846169895 ], [ 117.169036680395322, -0.466855575317032 ], [ 117.169095969204065, -0.466796288476189 ], [ 117.1691849024172, -0.466640885087971 ], [ 117.169298988458266, -0.46637050115 ], [ 117.169132800130711, -0.466292350308851 ], [ 117.169215445136857, -0.466106405200559 ], [ 117.169281022152589, -0.466120777769491 ], [ 117.169399599770102, -0.466129760625059 ], [ 117.169430142489759, -0.46609382920272 ], [ 117.169453498687147, -0.46597076407982 ], [ 117.169493024559657, -0.465977052078853 ], [ 117.169530753801581, -0.465849495525955 ], [ 117.169514584126446, -0.465773141250228 ], [ 117.169554109998955, -0.465653669264196 ], [ 117.169476854884522, -0.465616839553808 ] ] ] } },
{ "type": "Feature", "properties": { "FID": 54, "Kode_Prov": 64, "Provinsi": "Kalimantan Timur", "Kode_Kota": 6472, "Kota": "Kota Samarinda", "Kode_Kec": 647201, "Kecamatan": "Samarinda Ilir", "Kode_Kel": 64720404, "Kelurahan": "Pelita", "Basis": "64720404-RT041-00000", "skor_awal": 20, "luas_awal": 0.12, "kum_awal": "Kumuh Ringan", "skor_akhir": 20, "luas_akhir": 0.12, "kum_akhir": "Kumuh Ringan", "p_kumuh": 0.0, "Sumber": "DATA SIM KOTAKU, download pada tanggal 16 Desember 2021", "RT": "RT041", "city": "samarinda", "source_layer": "Delineasi Kumuh 2020", "role": "positif" }, "geometry": { "type": "Polygon", "coordinates": [ [ [ 117.155486492649658, -0.491717377358502 ], [ 117.155353541987623, -0.49162395600875 ], [ 117.155311321169251, -0.49168503919912 ], [ 117.155263710459181, -0.491754206928718 ], [ 117.15529515149413, -0.491757800057508 ], [ 117.155284371710735, -0.491773969137042 ], [ 117.155322100952674, -0.491802714167228 ], [ 117.155392169544825, -0.491836848890414 ], [ 117.155405644274083, -0.491826069504164 ], [ 117.155420017318619, -0.491839543736973 ], [ 117.155408339219946, -0.49185571281631 ], [ 117.155632019725687, -0.492028182993456 ], [ 117.155686816958024, -0.491982370603087 ], [ 117.155765868703, -0.492020098454002 ], [ 117.155753292289049, -0.492065910844113 ], [ 117.155828750772898, -0.492105435258858 ], [ 117.155855700231413, -0.492058724586862 ], [ 117.155864683384252, -0.492007522503721 ], [ 117.1558521069703, -0.491973387781409 ], [ 117.155696698426141, -0.491863797355963 ], [ 117.155486492649658, -0.491717377358502 ] ] ] } },
{ "type": "Feature", "properties": { "FID": 55, "Kode_Prov": 64, "Provinsi": "Kalimantan Timur", "Kode_Kota": 6472, "Kota": "Kota Samarinda", "Kode_Kec": 647201, "Kecamatan": "Samarinda Ilir", "Kode_Kel": 64720404, "Kelurahan": "Pelita", "Basis": "64720404-RT042-00000", "skor_awal": 18, "luas_awal": 0.11, "kum_awal": "Kumuh Ringan", "skor_akhir": 18, "luas_akhir": 0.11, "kum_akhir": "Kumuh Ringan", "p_kumuh": 0.0, "Sumber": "DATA SIM KOTAKU, download pada tanggal 16 Desember 2021", "RT": "RT042", "city": "samarinda", "source_layer": "Delineasi Kumuh 2020", "role": "positif" }, "geometry": { "type": "Polygon", "coordinates": [ [ [ 117.154978046198835, -0.491382318088427 ], [ 117.154858570266043, -0.491310455508206 ], [ 117.15482443428526, -0.491367945572445 ], [ 117.154821739339397, -0.491373335265942 ], [ 117.154815451132421, -0.491385911217418 ], [ 117.154809162925417, -0.49139848716887 ], [ 117.154793891565589, -0.491419147660491 ], [ 117.154808264610139, -0.491431723611881 ], [ 117.15480377303372, -0.491450587538921 ], [ 117.154822637654675, -0.491468553183672 ], [ 117.154857671950765, -0.491431723611881 ], [ 117.154885519724559, -0.491459570361303 ], [ 117.154875638256442, -0.491491010239543 ], [ 117.154927740542931, -0.491558381406701 ], [ 117.154962774839021, -0.491548500302227 ], [ 117.154986131036395, -0.491564669382268 ], [ 117.155002300711487, -0.491586228155595 ], [ 117.155025656908904, -0.491576347051163 ], [ 117.155064284466107, -0.491606888646635 ], [ 117.155082250771784, -0.491582635026712 ], [ 117.155115488437318, -0.491622159444319 ], [ 117.155109200230328, -0.491648209628523 ], [ 117.155172980615504, -0.491700309996625 ], [ 117.155186455344761, -0.491685937481327 ], [ 117.15521609974914, -0.491711987665282 ], [ 117.155263710459181, -0.491754206928718 ], [ 117.155311321169251, -0.49168503919912 ], [ 117.155353541987623, -0.49162395600875 ], [ 117.155213404803277, -0.491523348399864 ], [ 117.154978046198835, -0.491382318088427 ] ] ] } },
{ "type": "Feature", "properties": { "FID": 56, "Kode_Prov": 64, "Provinsi": "Kalimantan Timur", "Kode_Kota": 6472, "Kota": "Kota Samarinda", "Kode_Kec": 647201, "Kecamatan": "Samarinda Ilir", "Kode_Kel": 64720404, "Kelurahan": "Pelita", "Basis": "64720404-RT031-00000", "skor_awal": 20, "luas_awal": 0.6, "kum_awal": "Kumuh Ringan", "skor_akhir": 18, "luas_akhir": 0.6, "kum_akhir": "Kumuh Ringan", "p_kumuh": 0.0, "Sumber": "DATA SIM KOTAKU, download pada tanggal 16 Desember 2021", "RT": "RT031", "city": "samarinda", "source_layer": "Delineasi Kumuh 2020", "role": "positif" }, "geometry": { "type": "Polygon", "coordinates": [ [ [ 117.156134177969491, -0.491867390484695 ], [ 117.156073990845456, -0.49191410115803 ], [ 117.155970684587786, -0.492066809126269 ], [ 117.155975176164205, -0.492082079922901 ], [ 117.156023685189552, -0.492118011208955 ], [ 117.156004820568597, -0.492149451084094 ], [ 117.156038956549381, -0.492183585805505 ], [ 117.156065007692618, -0.492153942494816 ], [ 117.156088363890007, -0.492182687523365 ], [ 117.156141364491774, -0.492141366544786 ], [ 117.156131483023643, -0.49209375759089 ], [ 117.156173703841986, -0.49203986066154 ], [ 117.156213229714496, -0.492109028387459 ], [ 117.156270721892682, -0.492063215997645 ], [ 117.156238382542455, -0.491998539682077 ], [ 117.156297671351211, -0.491967099806227 ], [ 117.156334502277872, -0.491950930727161 ], [ 117.156388401194917, -0.492055131458233 ], [ 117.156454876525956, -0.492034470968581 ], [ 117.156462961363516, -0.492053334893918 ], [ 117.156523148487537, -0.492027284711295 ], [ 117.156515961965255, -0.491990455142587 ], [ 117.156544708054355, -0.491969794652734 ], [ 117.156577047404582, -0.492029081275617 ], [ 117.156628251375764, -0.491986862013921 ], [ 117.15660669180896, -0.491950930727161 ], [ 117.156667777248273, -0.491941049623268 ], [ 117.156778270028227, -0.491882661281782 ], [ 117.156895949330433, -0.491853916251941 ], [ 117.156962424661458, -0.491825171221975 ], [ 117.157004645479802, -0.491794629627501 ], [ 117.157072917441397, -0.491749715517726 ], [ 117.157052256189871, -0.491686835763534 ], [ 117.157120528151466, -0.491675158094834 ], [ 117.157127714673749, -0.491653599321794 ], [ 117.157127714673749, -0.491564669382268 ], [ 117.157182511906072, -0.491558381406701 ], [ 117.157272343434485, -0.491642819935248 ], [ 117.157322649090389, -0.491612278339939 ], [ 117.157370259800445, -0.491623057726535 ], [ 117.157380141268575, -0.491534127786603 ], [ 117.157434938500927, -0.491554788277804 ], [ 117.157471769427559, -0.491587126437816 ], [ 117.157506803723649, -0.491615871468806 ], [ 117.157637957755128, -0.491695818585598 ], [ 117.157704433086153, -0.491740732695735 ], [ 117.157743060643384, -0.491696716867804 ], [ 117.157781688200572, -0.491748817235528 ], [ 117.157863434891425, -0.491689530610155 ], [ 117.157893977611096, -0.491655395886216 ], [ 117.157864333206732, -0.491615871468806 ], [ 117.157916435493192, -0.491575448768941 ], [ 117.15787331635957, -0.491523348399864 ], [ 117.157855350053893, -0.491501789626334 ], [ 117.157740365697521, -0.491305065814658 ], [ 117.15765322911497, -0.491364352443444 ], [ 117.157605618404901, -0.491320336613032 ], [ 117.157513091930625, -0.491360759314442 ], [ 117.157389124421414, -0.491423639071704 ], [ 117.157362174962884, -0.491369742136944 ], [ 117.157310970991702, -0.491374233548191 ], [ 117.15723102093142, -0.491393097475394 ], [ 117.157215749571577, -0.491362555878943 ], [ 117.157152867501679, -0.49138501293517 ], [ 117.157166342230951, -0.491420944224977 ], [ 117.156968712868448, -0.491506281037492 ], [ 117.156982187597706, -0.491530534657692 ], [ 117.156872593133059, -0.491581736744491 ], [ 117.156656099149586, -0.49167695465925 ], [ 117.156596810340815, -0.491622159444319 ], [ 117.156540216477936, -0.491650904475159 ], [ 117.156523148487537, -0.491642819935248 ], [ 117.156463859678794, -0.49167695465925 ], [ 117.156499792290148, -0.491762291468494 ], [ 117.1563497736377, -0.491850323123202 ], [ 117.156322824179171, -0.491882661281782 ], [ 117.15625455221759, -0.491838645454787 ], [ 117.156220416236778, -0.491884457846144 ], [ 117.156195263408819, -0.491844035147904 ], [ 117.156134177969491, -0.491867390484695 ] ] ] } },
{ "type": "Feature", "properties": { "FID": 57, "Kode_Prov": 64, "Provinsi": "Kalimantan Timur", "Kode_Kota": 6472, "Kota": "Kota Samarinda", "Kode_Kec": 647201, "Kecamatan": "Samarinda Ilir", "Kode_Kel": 64720404, "Kelurahan": "Pelita", "Basis": "64720404-RT043-00000", "skor_awal": 18, "luas_awal": 0.2, "kum_awal": "Kumuh Ringan", "skor_akhir": 18, "luas_akhir": 0.2, "kum_akhir": "Kumuh Ringan", "p_kumuh": 0.0, "Sumber": "DATA SIM KOTAKU, download pada tanggal 16 Desember 2021", "RT": "RT043", "city": "samarinda", "source_layer": "Delineasi Kumuh 2020", "role": "positif" }, "geometry": { "type": "Polygon", "coordinates": [ [ [ 117.154858570266043, -0.491310455508206 ], [ 117.154792993250311, -0.491272727653281 ], [ 117.154713043190029, -0.49124218605628 ], [ 117.154554041384742, -0.491171221756828 ], [ 117.154103985427398, -0.491049953648426 ], [ 117.15407164607717, -0.491146069853044 ], [ 117.15405547640205, -0.491178408015035 ], [ 117.154019543790682, -0.491250270596676 ], [ 117.153953068459657, -0.491384114652923 ], [ 117.154051883140909, -0.49137513183044 ], [ 117.154086019121706, -0.491252965443473 ], [ 117.15419830853223, -0.491252965443473 ], [ 117.154169562443144, -0.491368843854695 ], [ 117.154256699025694, -0.491356267903186 ], [ 117.154264783863255, -0.491308658943691 ], [ 117.154387853057187, -0.491332912564608 ], [ 117.154555838015312, -0.491397588886624 ], [ 117.154631296499176, -0.491409266555811 ], [ 117.154654652696564, -0.491385911217418 ], [ 117.154686992046777, -0.491397588886624 ], [ 117.154747179170826, -0.491356267903186 ], [ 117.154774128629356, -0.491364352443444 ], [ 117.154762450530654, -0.491399385451116 ], [ 117.154786705043307, -0.491414656249274 ], [ 117.154810959556002, -0.491383216370675 ], [ 117.154815451132421, -0.491385911217418 ], [ 117.154821739339397, -0.491373335265942 ], [ 117.15482443428526, -0.491367945572445 ], [ 117.154858570266043, -0.491310455508206 ] ] ] } },
{ "type": "Feature", "properties": { "FID": 58, "Kode_Prov": 64, "Provinsi": "Kalimantan Timur", "Kode_Kota": 6472, "Kota": "Kota Samarinda", "Kode_Kec": 647201, "Kecamatan": "Samarinda Ilir", "Kode_Kel": 64720404, "Kelurahan": "Pelita", "Basis": "64720404-RT044-00000", "skor_awal": 19, "luas_awal": 0.57, "kum_awal": "Kumuh Ringan", "skor_akhir": 19, "luas_akhir": 0.57, "kum_akhir": "Kumuh Ringan", "p_kumuh": 0.0, "Sumber": "DATA SIM KOTAKU, download pada tanggal 16 Desember 2021", "RT": "RT044", "city": "samarinda", "source_layer": "Delineasi Kumuh 2020", "role": "positif" }, "geometry": { "type": "Polygon", "coordinates": [ [ [ 117.153081702634083, -0.490608897028211 ], [ 117.153009837411346, -0.49072836857994 ], [ 117.152940667134459, -0.490828077918471 ], [ 117.152884073271551, -0.490907126762376 ], [ 117.152811309733551, -0.491008632662839 ], [ 117.152734952934395, -0.491115528255465 ], [ 117.152821191201667, -0.491160442369504 ], [ 117.153138296496962, -0.491212542741411 ], [ 117.15341497760447, -0.491247575749878 ], [ 117.153832694211587, -0.491257456854798 ], [ 117.153917135848289, -0.49118289942641 ], [ 117.153960254981939, -0.491164035498614 ], [ 117.153999780854448, -0.491147866417603 ], [ 117.154026730312964, -0.491158645804948 ], [ 117.15405547640205, -0.491178408015035 ], [ 117.15407164607717, -0.491146069853044 ], [ 117.154103985427398, -0.491049953648426 ], [ 117.15405547640205, -0.491042767390082 ], [ 117.154031221889383, -0.491038275978612 ], [ 117.153817422851759, -0.490986175605347 ], [ 117.15361440359753, -0.490908923326999 ], [ 117.153354790480449, -0.490784960366856 ], [ 117.153081702634083, -0.490608897028211 ] ] ] } },
{ "type": "Feature", "properties": { "FID": 59, "Kode_Prov": 64, "Provinsi": "Kalimantan Timur", "Kode_Kota": 6472, "Kota": "Kota Samarinda", "Kode_Kec": 647210, "Kecamatan": "Sungai Pinang", "Kode_Kel": 64720411, "Kelurahan": "Bandara", "Basis": "64720411-RT002-00000", "skor_awal": 17, "luas_awal": 0.28, "kum_awal": "Kumuh Ringan", "skor_akhir": 14, "luas_akhir": 0.0, "kum_akhir": "Tidak Kumuh", "p_kumuh": 0.28, "Sumber": "DATA SIM KOTAKU, download pada tanggal 16 Desember 2021", "RT": "RT002", "city": "samarinda", "source_layer": "Delineasi Kumuh 2020", "role": "positif" }, "geometry": { "type": "Polygon", "coordinates": [ [ [ 117.152774478806904, -0.48990194877998 ], [ 117.152716088313412, -0.489779782366117 ], [ 117.152707105160573, -0.489783375495968 ], [ 117.152689138854882, -0.489791460038127 ], [ 117.152485221285403, -0.489883983131022 ], [ 117.152461865088029, -0.489894762520402 ], [ 117.152400779648701, -0.489924405841109 ], [ 117.15239718638756, -0.489926202405996 ], [ 117.152408864486262, -0.489944168054841 ], [ 117.152384609973595, -0.489974709657766 ], [ 117.152343287470515, -0.48997650622264 ], [ 117.152346880731656, -0.490009742672715 ], [ 117.152320829588405, -0.4900178272146 ], [ 117.152329812741243, -0.4900735207251 ], [ 117.152316338011985, -0.490079808702063 ], [ 117.152325321164824, -0.490114841716462 ], [ 117.152339694209388, -0.49011035030437 ], [ 117.152345982416378, -0.490162450684454 ], [ 117.152365745352611, -0.490155264425156 ], [ 117.152364847037333, -0.490191195721568 ], [ 117.152425034161382, -0.490200178545641 ], [ 117.152435813944777, -0.490236109841813 ], [ 117.152568764606841, -0.490172331790976 ], [ 117.152756512501213, -0.490127417670304 ], [ 117.152653206243528, -0.489989082176742 ], [ 117.152702613584154, -0.489936981795309 ], [ 117.15280771647241, -0.489995370153784 ], [ 117.15282388614753, -0.490047470534762 ], [ 117.152872395172878, -0.490202873392861 ], [ 117.152472644871423, -0.490577457145822 ], [ 117.152479831393705, -0.490628659239922 ], [ 117.152528340419053, -0.490597219357627 ], [ 117.152598409011205, -0.490659200839725 ], [ 117.152636138253143, -0.49065201458096 ], [ 117.152669375918649, -0.490610693592914 ], [ 117.152747529348375, -0.490527153333694 ], [ 117.152774478806904, -0.490484934062508 ], [ 117.152806818157131, -0.490470561544597 ], [ 117.152824784462808, -0.490452595897164 ], [ 117.152844547399042, -0.490434630249684 ], [ 117.152937073873318, -0.490329531210956 ], [ 117.152916412621806, -0.490292701632892 ], [ 117.1529442603956, -0.490272041137791 ], [ 117.152922700828782, -0.490218144193751 ], [ 117.152965819962432, -0.490187602591936 ], [ 117.152947853656741, -0.49015346786033 ], [ 117.152974803115271, -0.49012831595272 ], [ 117.152926294089923, -0.49004477568748 ], [ 117.152912819360665, -0.490032199733483 ], [ 117.152910124414802, -0.490016030649737 ], [ 117.152905632838369, -0.490004352978119 ], [ 117.152860717074176, -0.489953150879245 ], [ 117.152774478806904, -0.48990194877998 ] ] ] } },
{ "type": "Feature", "properties": { "FID": 60, "Kode_Prov": 64, "Provinsi": "Kalimantan Timur", "Kode_Kota": 6472, "Kota": "Kota Samarinda", "Kode_Kec": 647207, "Kecamatan": "Samarinda Kota", "Kode_Kel": 64720113, "Kelurahan": "Sungai Pinang Luar", "Basis": "64720113-RT030-00000", "skor_awal": 16, "luas_awal": 0.35, "kum_awal": "Kumuh Ringan", "skor_akhir": 16, "luas_akhir": 0.35, "kum_akhir": "Kumuh Ringan", "p_kumuh": 0.0, "Sumber": "DATA SIM KOTAKU, download pada tanggal 16 Desember 2021", "RT": "RT030", "city": "samarinda", "source_layer": "Delineasi Kumuh 2020", "role": "positif" }, "geometry": { "type": "Polygon", "coordinates": [ [ [ 117.152009114184835, -0.489522873576759 ], [ 117.152026182175234, -0.489502213079285 ], [ 117.152023487229371, -0.489503111361785 ], [ 117.15195521526779, -0.489511195904281 ], [ 117.15193904559267, -0.489521975294261 ], [ 117.15170458530352, -0.489568685983974 ], [ 117.151767467373404, -0.489818408511917 ], [ 117.151793518516655, -0.490057351641454 ], [ 117.151818671344586, -0.49005375851175 ], [ 117.151829451128009, -0.490181314615074 ], [ 117.151832146073858, -0.490230720147399 ], [ 117.151747704437142, -0.490235211559411 ], [ 117.151789925255514, -0.490590033098795 ], [ 117.151928265809261, -0.490545118980926 ], [ 117.151964198420629, -0.490525356768968 ], [ 117.151977673149887, -0.490510984251143 ], [ 117.151965096735907, -0.490488527191981 ], [ 117.151965096735907, -0.490452595897164 ], [ 117.152025283859956, -0.490448104485299 ], [ 117.152016300707118, -0.490395105825056 ], [ 117.152179794088809, -0.490360971094509 ], [ 117.15217530251239, -0.490321446669447 ], [ 117.152182489034672, -0.490253177207426 ], [ 117.152161827783132, -0.490187602591936 ], [ 117.152169014305414, -0.490124722823054 ], [ 117.152129488432905, -0.4900735207251 ], [ 117.152118708649482, -0.490042979122625 ], [ 117.152074691200582, -0.490050165382043 ], [ 117.152066606363022, -0.490033996298341 ], [ 117.152013605761255, -0.490040284275341 ], [ 117.152012707445977, -0.490075317289947 ], [ 117.151965096735907, -0.490077113854794 ], [ 117.151933655700958, -0.490037589428056 ], [ 117.151933655700958, -0.489972014810455 ], [ 117.15196779168177, -0.489967523398267 ], [ 117.151980368095749, -0.489937880077751 ], [ 117.151982164726306, -0.489807629122414 ], [ 117.151946232114952, -0.48978068064858 ], [ 117.151949825376093, -0.489754630457104 ], [ 117.151986656302725, -0.489736664807751 ], [ 117.151987554618017, -0.489721394005764 ], [ 117.152029775436375, -0.489705224921268 ], [ 117.152020792283537, -0.489658514232507 ], [ 117.152036063643351, -0.489647734842746 ], [ 117.152027978805791, -0.489632464040556 ], [ 117.152052233318486, -0.489623481215722 ], [ 117.152048640057345, -0.489602820718558 ], [ 117.152033368697488, -0.489601024153585 ], [ 117.152026182175234, -0.489543534074169 ], [ 117.152010012500114, -0.489544432356664 ], [ 117.152009114184835, -0.489522873576759 ] ] ] } },
{ "type": "Feature", "properties": { "FID": 61, "Kode_Prov": 64, "Provinsi": "Kalimantan Timur", "Kode_Kota": 6472, "Kota": "Kota Samarinda", "Kode_Kec": 647210, "Kecamatan": "Sungai Pinang", "Kode_Kel": 64720411, "Kelurahan": "Bandara", "Basis": "64720411-RT003-00000", "skor_awal": 17, "luas_awal": 0.14, "kum_awal": "Kumuh Ringan", "skor_akhir": 14, "luas_akhir": 0.0, "kum_akhir": "Tidak Kumuh", "p_kumuh": 0.14, "Sumber": "DATA SIM KOTAKU, download pada tanggal 16 Desember 2021", "RT": "RT003", "city": "samarinda", "source_layer": "Delineasi Kumuh 2020", "role": "positif" }, "geometry": { "type": "Polygon", "coordinates": [ [ [ 117.152345982416378, -0.489459095519134 ], [ 117.152313643066151, -0.489386334635752 ], [ 117.152317236327292, -0.489283032145643 ], [ 117.152294778445182, -0.489260575082365 ], [ 117.152219319961318, -0.489291116688404 ], [ 117.15222291322246, -0.489314472034105 ], [ 117.152227404798879, -0.489349505052504 ], [ 117.152244472789263, -0.489395317460903 ], [ 117.152259744149106, -0.489433943608918 ], [ 117.15228310034648, -0.489481552581747 ], [ 117.152292981814611, -0.48951209418678 ], [ 117.152304659913312, -0.489539042661694 ], [ 117.152301066652171, -0.4895659911365 ], [ 117.152304659913312, -0.489632464040556 ], [ 117.152314541381429, -0.489661209079944 ], [ 117.152321727903711, -0.489685462706832 ], [ 117.152329812741243, -0.489707021486214 ], [ 117.152336999263525, -0.489739359655157 ], [ 117.152345084101086, -0.489763613281762 ], [ 117.152358558830358, -0.489810323969791 ], [ 117.152369338613752, -0.489865119199564 ], [ 117.152381016712454, -0.489909135039549 ], [ 117.152400779648701, -0.489924405841109 ], [ 117.152461865088029, -0.489894762520402 ], [ 117.152485221285403, -0.489883983131022 ], [ 117.152689138854882, -0.489791460038127 ], [ 117.152707105160573, -0.489783375495968 ], [ 117.1526379348837, -0.489633362323039 ], [ 117.152575951129094, -0.489654921102589 ], [ 117.152540018517726, -0.489593837893684 ], [ 117.152427729107217, -0.489638752017933 ], [ 117.152345982416378, -0.489459095519134 ] ] ] } },
{ "type": "Feature", "properties": { "FID": 62, "Kode_Prov": 64, "Provinsi": "Kalimantan Timur", "Kode_Kota": 6472, "Kota": "Kota Samarinda", "Kode_Kec": 647207, "Kecamatan": "Samarinda Kota", "Kode_Kel": 64720113, "Kelurahan": "Sungai Pinang Luar", "Basis": "64720113-RT031-00000", "skor_awal": 23, "luas_awal": 0.14, "kum_awal": "Kumuh Ringan", "skor_akhir": 23, "luas_akhir": 0.14, "kum_akhir": "Kumuh Ringan", "p_kumuh": 0.0, "Sumber": "DATA SIM KOTAKU, download pada tanggal 16 Desember 2021", "RT": "RT031", "city": "samarinda", "source_layer": "Delineasi Kumuh 2020", "role": "positif" }, "geometry": { "type": "Polygon", "coordinates": [ [ [ 117.151883350045054, -0.489245304279293 ], [ 117.151908502872999, -0.489222847215889 ], [ 117.151891434882629, -0.48918152621903 ], [ 117.151915689395281, -0.489167153698323 ], [ 117.151900418035467, -0.489126730983671 ], [ 117.151863587108792, -0.489145594917206 ], [ 117.151741416230166, -0.489206678130192 ], [ 117.15159319420826, -0.489259676799832 ], [ 117.15159319420826, -0.489259676799832 ], [ 117.151621041982082, -0.489357589595185 ], [ 117.151636313341911, -0.489353996465106 ], [ 117.151683025736702, -0.489528263271741 ], [ 117.151695602150681, -0.489525568424251 ], [ 117.15170458530352, -0.489568685983974 ], [ 117.15193904559267, -0.489521975294261 ], [ 117.15195521526779, -0.489511195904281 ], [ 117.152023487229371, -0.489503111361785 ], [ 117.152026182175234, -0.489502213079285 ], [ 117.152017199022396, -0.489464485214168 ], [ 117.151940842223254, -0.489468976626693 ], [ 117.151919282656422, -0.489460892084146 ], [ 117.151917486025866, -0.489437536738955 ], [ 117.151935452331543, -0.489421367653775 ], [ 117.151921977602285, -0.489388131200783 ], [ 117.15193455401625, -0.489380046658138 ], [ 117.151930062439817, -0.489357589595185 ], [ 117.151983063041584, -0.489347708487462 ], [ 117.1519947411403, -0.489329742837019 ], [ 117.151970486627604, -0.489259676799832 ], [ 117.151948927060815, -0.48926686306009 ], [ 117.151948927060815, -0.489249795691965 ], [ 117.151979469780443, -0.489230033476187 ], [ 117.151973181573467, -0.489196797022246 ], [ 117.151942638853811, -0.489208474695271 ], [ 117.151939943907962, -0.489230931758723 ], [ 117.151886044990903, -0.489254287104634 ], [ 117.151883350045054, -0.489245304279293 ] ] ] } },
{ "type": "Feature", "properties": { "FID": 63, "Kode_Prov": 64, "Provinsi": "Kalimantan Timur", "Kode_Kota": 6472, "Kota": "Kota Samarinda", "Kode_Kec": 647207, "Kecamatan": "Samarinda Kota", "Kode_Kel": 64720113, "Kelurahan": "Sungai Pinang Luar", "Basis": "64720113-RT037-00000", "skor_awal": 17, "luas_awal": 0.21, "kum_awal": "Kumuh Ringan", "skor_akhir": 17, "luas_akhir": 0.21, "kum_akhir": "Kumuh Ringan", "p_kumuh": 0.0, "Sumber": "DATA SIM KOTAKU, download pada tanggal 16 Desember 2021", "RT": "RT037", "city": "samarinda", "source_layer": "Delineasi Kumuh 2020", "role": "positif" }, "geometry": { "type": "Polygon", "coordinates": [ [ [ 117.151712670141052, -0.488843771974292 ], [ 117.151729738131465, -0.488824908039909 ], [ 117.151701890357657, -0.488769214519042 ], [ 117.151725246555046, -0.488751248867051 ], [ 117.151698297096516, -0.488711724432501 ], [ 117.151718060032778, -0.488691962215139 ], [ 117.151700992042379, -0.488616506475585 ], [ 117.151599482415264, -0.488649742932397 ], [ 117.151596787469401, -0.488660522323761 ], [ 117.151435090718266, -0.488699148476004 ], [ 117.151432395772432, -0.48871980897595 ], [ 117.151439582294685, -0.488752147149651 ], [ 117.151449463762802, -0.488799756127317 ], [ 117.151474616590775, -0.488887787820979 ], [ 117.151450362078108, -0.48889856721196 ], [ 117.151468328383785, -0.488964141840057 ], [ 117.151483599743614, -0.489033309597766 ], [ 117.151527617192542, -0.489020733641872 ], [ 117.151548278444054, -0.489076427160653 ], [ 117.151524023931401, -0.489089901398999 ], [ 117.15153300708424, -0.489134815526621 ], [ 117.151582414424865, -0.489123137853468 ], [ 117.151592295892982, -0.489162662285596 ], [ 117.1515410919218, -0.489183322784116 ], [ 117.151565346434452, -0.489264168212494 ], [ 117.15159319420826, -0.489259676799832 ], [ 117.15159319420826, -0.489259676799832 ], [ 117.151741416230166, -0.489206678130192 ], [ 117.151863587108792, -0.489145594917206 ], [ 117.151900418035467, -0.489126730983671 ], [ 117.151900418035467, -0.489126730983671 ], [ 117.15187706183805, -0.48906385120484 ], [ 117.151881553414484, -0.489053071814124 ], [ 117.151842925857281, -0.488958752144621 ], [ 117.151767467373404, -0.488977616078628 ], [ 117.15175668758998, -0.488897668929379 ], [ 117.151734229707884, -0.488903956907444 ], [ 117.151712670141052, -0.488843771974292 ] ] ] } },
{ "type": "Feature", "properties": { "FID": 64, "Kode_Prov": 64, "Provinsi": "Kalimantan Timur", "Kode_Kota": 6472, "Kota": "Kota Samarinda", "Kode_Kec": 647210, "Kecamatan": "Sungai Pinang", "Kode_Kel": 64720411, "Kelurahan": "Bandara", "Basis": "64720411-RT004-00000", "skor_awal": 16, "luas_awal": 0.29, "kum_awal": "Kumuh Ringan", "skor_akhir": 16, "luas_akhir": 0.29, "kum_akhir": "Kumuh Ringan", "p_kumuh": 0.0, "Sumber": "DATA SIM KOTAKU, download pada tanggal 16 Desember 2021", "RT": "RT004", "city": "samarinda", "source_layer": "Delineasi Kumuh 2020", "role": "positif" }, "geometry": { "type": "Polygon", "coordinates": [ [ [ 117.152229201429435, -0.488637166975785 ], [ 117.152270523932501, -0.488608421932011 ], [ 117.152248964365683, -0.488546440430955 ], [ 117.152198658709779, -0.48856710093137 ], [ 117.152142963162177, -0.488589557996967 ], [ 117.152142963162177, -0.488589557996967 ], [ 117.152123200225901, -0.48860303223629 ], [ 117.152123200225901, -0.48860303223629 ], [ 117.152109725496643, -0.488618303040822 ], [ 117.152050436687901, -0.488642556671479 ], [ 117.152015402391811, -0.488656030910695 ], [ 117.15201989396823, -0.488664115454211 ], [ 117.152021690598815, -0.488704538171649 ], [ 117.151933655700958, -0.488745859171444 ], [ 117.151950723691371, -0.488779993910213 ], [ 117.151983063041584, -0.488767417953845 ], [ 117.151996537770856, -0.488811433801032 ], [ 117.151930062439817, -0.488841975409115 ], [ 117.151950723691371, -0.488894974081635 ], [ 117.1519947411403, -0.488862635908622 ], [ 117.152001927662553, -0.488897668929379 ], [ 117.151984859672169, -0.488907550037764 ], [ 117.1519947411403, -0.488946176188587 ], [ 117.15205492826432, -0.488941684775712 ], [ 117.152065708047743, -0.488997378295149 ], [ 117.15208816592984, -0.489000073142852 ], [ 117.152079182777001, -0.489071037465308 ], [ 117.152045945111482, -0.489083613421108 ], [ 117.152056724894905, -0.489140205221916 ], [ 117.15210253897439, -0.489147391482302 ], [ 117.152118708649482, -0.489201288434951 ], [ 117.152097149082692, -0.48921027126035 ], [ 117.152121403595345, -0.489256981952234 ], [ 117.152136674955173, -0.489252490539567 ], [ 117.152144759792733, -0.489285726993231 ], [ 117.152219319961318, -0.489291116688404 ], [ 117.152294778445182, -0.489260575082365 ], [ 117.15228938855347, -0.489242609431689 ], [ 117.152320829588405, -0.489226440346039 ], [ 117.152319931273126, -0.489194102174623 ], [ 117.152354067253938, -0.489172543393592 ], [ 117.152373830190172, -0.489189610761914 ], [ 117.152424135846076, -0.489168051980868 ], [ 117.152440305521196, -0.48915727259032 ], [ 117.152479831393705, -0.489150984612492 ], [ 117.152514865689795, -0.489115951593056 ], [ 117.152539120202448, -0.489144696634658 ], [ 117.152567866291534, -0.489129425831322 ], [ 117.15252564547319, -0.489077325443211 ], [ 117.152500492645231, -0.489032411315203 ], [ 117.152471746556145, -0.488993785164877 ], [ 117.152421440900241, -0.488915634580978 ], [ 117.152346880731656, -0.488756638562653 ], [ 117.152281303715924, -0.488788976736177 ], [ 117.152229201429435, -0.488637166975785 ] ] ] } },
{ "type": "Feature", "properties": { "FID": 65, "Kode_Prov": 64, "Provinsi": "Kalimantan Timur", "Kode_Kota": 6472, "Kota": "Kota Samarinda", "Kode_Kec": 647210, "Kecamatan": "Sungai Pinang", "Kode_Kel": 64720411, "Kelurahan": "Bandara", "Basis": "64720411-RT005-00000", "skor_awal": 18, "luas_awal": 0.19, "kum_awal": "Kumuh Ringan", "skor_akhir": 15, "luas_akhir": 0.0, "kum_akhir": "Tidak Kumuh", "p_kumuh": 0.19, "Sumber": "DATA SIM KOTAKU, download pada tanggal 16 Desember 2021", "RT": "RT005", "city": "samarinda", "source_layer": "Delineasi Kumuh 2020", "role": "positif" }, "geometry": { "type": "Polygon", "coordinates": [ [ [ 117.151942638853811, -0.487967048110829 ], [ 117.15193275738568, -0.48797243780706 ], [ 117.151923774232841, -0.487976929220583 ], [ 117.151896824774326, -0.487986810330322 ], [ 117.151801603354187, -0.488032622748015 ], [ 117.151800705038909, -0.488033521030712 ], [ 117.151719856663334, -0.488055978098092 ], [ 117.151703686988213, -0.488061367794251 ], [ 117.151655177962866, -0.488071248903867 ], [ 117.151665957746289, -0.488096400819186 ], [ 117.151708178564633, -0.488087417992297 ], [ 117.151759382535843, -0.48820060161022 ], [ 117.151746806121864, -0.488213177567649 ], [ 117.151766569058125, -0.488286836746406 ], [ 117.151758484220565, -0.488298514421013 ], [ 117.151775552210964, -0.488367682185576 ], [ 117.15179621346249, -0.488387444403891 ], [ 117.151813281452888, -0.488444934493207 ], [ 117.151825857866868, -0.488501526299397 ], [ 117.15187706183805, -0.48849434003832 ], [ 117.151896824774326, -0.488560812952989 ], [ 117.151996537770856, -0.488548236996211 ], [ 117.15200282597786, -0.488588659714345 ], [ 117.152008215869557, -0.488612015062489 ], [ 117.152015402391811, -0.488656030910695 ], [ 117.152050436687901, -0.488642556671479 ], [ 117.152109725496643, -0.488618303040822 ], [ 117.152123200225901, -0.48860303223629 ], [ 117.152123200225901, -0.48860303223629 ], [ 117.152142963162177, -0.488589557996967 ], [ 117.152142963162177, -0.488589557996967 ], [ 117.152142064846885, -0.488559914670363 ], [ 117.152120505280067, -0.488540152452555 ], [ 117.152048640057345, -0.488380258142692 ], [ 117.152018995652952, -0.488388342686541 ], [ 117.151989351248588, -0.488303005834317 ], [ 117.152085470983977, -0.488275159071779 ], [ 117.151942638853811, -0.487967048110829 ] ] ] } },
{ "type": "Feature", "properties": { "FID": 66, "Kode_Prov": 64, "Provinsi": "Kalimantan Timur", "Kode_Kota": 6472, "Kota": "Kota Samarinda", "Kode_Kec": 647210, "Kecamatan": "Sungai Pinang", "Kode_Kel": 64720411, "Kelurahan": "Bandara", "Basis": "64720411-RT007-00000", "skor_awal": 24, "luas_awal": 0.25, "kum_awal": "Kumuh Ringan", "skor_akhir": 19, "luas_akhir": 0.25, "kum_akhir": "Kumuh Ringan", "p_kumuh": 0.0, "Sumber": "DATA SIM KOTAKU, download pada tanggal 16 Desember 2021", "RT": "RT007", "city": "samarinda", "source_layer": "Delineasi Kumuh 2020", "role": "positif" }, "geometry": { "type": "Polygon", "coordinates": [ [ [ 117.151849214064256, -0.487453230383634 ], [ 117.152006419238973, -0.487401129982533 ], [ 117.151963300105351, -0.487223269989531 ], [ 117.151963300105351, -0.487222371706726 ], [ 117.151926469178704, -0.487233151100377 ], [ 117.151926469178704, -0.487233151100377 ], [ 117.15169650046596, -0.487253811604825 ], [ 117.151680330790839, -0.487255608170426 ], [ 117.151674940899127, -0.487328369076873 ], [ 117.151689313943677, -0.487404723113657 ], [ 117.15169200888954, -0.487435264728128 ], [ 117.151674042583849, -0.487451433818086 ], [ 117.151622838612653, -0.487458620080277 ], [ 117.151635415026632, -0.487587972798406 ], [ 117.151644398179471, -0.487619412694798 ], [ 117.151645296494749, -0.487661631984008 ], [ 117.151665059431011, -0.487661631984008 ], [ 117.151677635844976, -0.487723613493219 ], [ 117.151674940899127, -0.48774068086522 ], [ 117.151657872908729, -0.487755951671711 ], [ 117.151665059431011, -0.487774815609093 ], [ 117.15169650046596, -0.48776762934724 ], [ 117.15170458530352, -0.487796374394608 ], [ 117.15169650046596, -0.487804458939158 ], [ 117.151709076879939, -0.487834102269093 ], [ 117.151724348239753, -0.487835000551816 ], [ 117.151734229707884, -0.487845779944486 ], [ 117.151701890357657, -0.487870931860648 ], [ 117.151699195411794, -0.487887999232275 ], [ 117.151651584701753, -0.487904168321146 ], [ 117.15167583921442, -0.487984115482213 ], [ 117.151629126819657, -0.48798321719951 ], [ 117.151630923450213, -0.488048791836538 ], [ 117.151697398781238, -0.488039809009586 ], [ 117.151702788672935, -0.488061367794251 ], [ 117.151719856663334, -0.488055978098092 ], [ 117.151800705038909, -0.488033521030712 ], [ 117.151801603354187, -0.488032622748015 ], [ 117.151896824774326, -0.487986810330322 ], [ 117.151923774232841, -0.487976929220583 ], [ 117.15193275738568, -0.48797243780706 ], [ 117.151942638853811, -0.487967048110829 ], [ 117.151942638853811, -0.487967048110829 ], [ 117.151879756783913, -0.487830509138199 ], [ 117.15195970684421, -0.487798170960065 ], [ 117.151849214064256, -0.487453230383634 ] ] ] } },
{ "type": "Feature", "properties": { "FID": 67, "Kode_Prov": 64, "Provinsi": "Kalimantan Timur", "Kode_Kota": 6472, "Kota": "Kota Samarinda", "Kode_Kec": 647210, "Kecamatan": "Sungai Pinang", "Kode_Kel": 64720411, "Kelurahan": "Bandara", "Basis": "64720411-RT008-00000", "skor_awal": 16, "luas_awal": 0.16, "kum_awal": "Kumuh Ringan", "skor_akhir": 13, "luas_akhir": 0.0, "kum_akhir": "Tidak Kumuh", "p_kumuh": 0.16, "Sumber": "DATA SIM KOTAKU, download pada tanggal 16 Desember 2021", "RT": "RT008", "city": "samarinda", "source_layer": "Delineasi Kumuh 2020", "role": "positif" }, "geometry": { "type": "Polygon", "coordinates": [ [ [ 117.151884248360346, -0.48655045613516 ], [ 117.151868977000518, -0.486491169463867 ], [ 117.151780043787383, -0.486506440273189 ], [ 117.151715365086915, -0.486510931687689 ], [ 117.151717161717471, -0.486545964720686 ], [ 117.151774653895657, -0.486556744115418 ], [ 117.151781840417954, -0.486577404621939 ], [ 117.151776450526242, -0.48657830290483 ], [ 117.15179621346249, -0.486689689982361 ], [ 117.151803399984772, -0.486755264631983 ], [ 117.151871671946353, -0.486819940998108 ], [ 117.151753992644146, -0.486829822109545 ], [ 117.151763874112262, -0.48691336241475 ], [ 117.151882451729776, -0.486908871000518 ], [ 117.151898621404882, -0.486987919890564 ], [ 117.151762975796984, -0.487044511709005 ], [ 117.151700992042379, -0.487034630597883 ], [ 117.151699195411794, -0.487094815547221 ], [ 117.151718060032778, -0.487103798375434 ], [ 117.151725246555046, -0.48714871251632 ], [ 117.151690212258956, -0.487154102213207 ], [ 117.15169650046596, -0.487253811604825 ], [ 117.151926469178704, -0.487233151100377 ], [ 117.151926469178704, -0.487233151100377 ], [ 117.151963300105351, -0.487222371706726 ], [ 117.152044148480925, -0.48719811807095 ], [ 117.152011809130698, -0.48704091857769 ], [ 117.151993842825021, -0.486991513021908 ], [ 117.151973181573467, -0.486951090294181 ], [ 117.151912994449418, -0.486753468066248 ], [ 117.151913892764725, -0.486700469376863 ], [ 117.151884248360346, -0.48655045613516 ] ] ] } },
{ "type": "Feature", "properties": { "FID": 68, "Kode_Prov": 64, "Provinsi": "Kalimantan Timur", "Kode_Kota": 6472, "Kota": "Kota Samarinda", "Kode_Kec": 647206, "Kecamatan": "Samarinda Ulu", "Kode_Kel": 64720606, "Kelurahan": "Dadi Mulya", "Basis": "64720606-RT039-00000", "skor_awal": 32, "luas_awal": 0.14, "kum_awal": "Kumuh Ringan", "skor_akhir": 32, "luas_akhir": 0.14, "kum_akhir": "Kumuh Ringan", "p_kumuh": 0.0, "Sumber": "DATA SIM KOTAKU, download pada tanggal 16 Desember 2021", "RT": "RT039", "city": "samarinda", "source_layer": "Delineasi Kumuh 2020", "role": "positif" }, "geometry": { "type": "Polygon", "coordinates": [ [ [ 117.151554566651058, -0.486859465443769 ], [ 117.151407242944458, -0.486831618675259 ], [ 117.151401853052761, -0.486883719080764 ], [ 117.151382988431806, -0.486977140496522 ], [ 117.151371310333104, -0.487017563224093 ], [ 117.151359632234389, -0.487088527567464 ], [ 117.15135064908155, -0.487121764031825 ], [ 117.151347055820438, -0.48715050908195 ], [ 117.151326394568898, -0.487193626656908 ], [ 117.151367717071963, -0.487224168272336 ], [ 117.151411734520877, -0.48724393049401 ], [ 117.151387480008225, -0.487297827461917 ], [ 117.151365022126114, -0.487383164326888 ], [ 117.151342564244018, -0.48738136776132 ], [ 117.151284173750554, -0.487590667646674 ], [ 117.151270699021296, -0.487633785218814 ], [ 117.151294953533949, -0.487634683501564 ], [ 117.151312919839626, -0.487593362494941 ], [ 117.1513210046772, -0.487575396839808 ], [ 117.151356038973276, -0.487580786536353 ], [ 117.151353344027413, -0.487554736336346 ], [ 117.151367717071963, -0.487506229067099 ], [ 117.15148539637417, -0.487525093005181 ], [ 117.151495277842315, -0.487482873715115 ], [ 117.151481803113057, -0.487472992604636 ], [ 117.151490786265896, -0.487432569879798 ], [ 117.151522227300831, -0.487433468162575 ], [ 117.151529413823098, -0.487386757458021 ], [ 117.151550075074638, -0.487295132613532 ], [ 117.15152043067026, -0.48728704806837 ], [ 117.151526718877264, -0.487266387564024 ], [ 117.151558159912199, -0.487221473423921 ], [ 117.151545583498219, -0.487209795747446 ], [ 117.151531210453683, -0.487200812919374 ], [ 117.151533905399518, -0.487182847263194 ], [ 117.151557261596892, -0.487183745546004 ], [ 117.151566244749731, -0.487153203930393 ], [ 117.151552770020473, -0.487146017667876 ], [ 117.151555464966336, -0.487126255445915 ], [ 117.151536600345381, -0.487124458880279 ], [ 117.1515410919218, -0.487079544739231 ], [ 117.151482701428336, -0.487066070496858 ], [ 117.151488091320033, -0.487041816860519 ], [ 117.151536600345381, -0.487046308274662 ], [ 117.1515410919218, -0.48699869928459 ], [ 117.151550973389917, -0.486949293728499 ], [ 117.151500667734012, -0.486933124637336 ], [ 117.151500667734012, -0.486910667566211 ], [ 117.151523125616123, -0.486907972717672 ], [ 117.15154917675936, -0.486907972717672 ], [ 117.151554566651058, -0.486859465443769 ] ] ] } },
{ "type": "Feature", "properties": { "FID": 69, "Kode_Prov": 64, "Provinsi": "Kalimantan Timur", "Kode_Kota": 6472, "Kota": "Kota Samarinda", "Kode_Kec": 647206, "Kecamatan": "Samarinda Ulu", "Kode_Kel": 64720609, "Kelurahan": "Sidodadi", "Basis": "64720609-RT026-00000", "skor_awal": 26, "luas_awal": 0.4, "kum_awal": "Kumuh Ringan", "skor_akhir": 26, "luas_akhir": 0.4, "kum_akhir": "Kumuh Ringan", "p_kumuh": 0.0, "Sumber": "DATA SIM KOTAKU, download pada tanggal 16 Desember 2021", "RT": "RT026", "city": "samarinda", "source_layer": "Delineasi Kumuh 2020", "role": "positif" }, "geometry": { "type": "Polygon", "coordinates": [ [ [ 117.150171161113519, -0.483285197025518 ], [ 117.150089414422666, -0.483649900046777 ], [ 117.150219670138867, -0.483676848545107 ], [ 117.150153194807842, -0.484007416782585 ], [ 117.150219670138867, -0.484019992747823 ], [ 117.150363400584325, -0.484024484163974 ], [ 117.150578996252506, -0.48400202708319 ], [ 117.150580792883062, -0.483999332233491 ], [ 117.150579894567784, -0.483987654551449 ], [ 117.150578996252506, -0.483980468285568 ], [ 117.150582589513647, -0.483972383736442 ], [ 117.150638285061248, -0.483965197470544 ], [ 117.150636488430692, -0.483821472150985 ], [ 117.150618522125015, -0.483766676872102 ], [ 117.15063738674597, -0.48376398202231 ], [ 117.150639183376555, -0.483708288459691 ], [ 117.150614928863874, -0.483687627944409 ], [ 117.150596962558183, -0.48368403481131 ], [ 117.150605047395757, -0.483662476012677 ], [ 117.150621217070849, -0.48365618802973 ], [ 117.150628403593132, -0.483632832664445 ], [ 117.150607742341592, -0.483623849831622 ], [ 117.150609538972176, -0.48361127386565 ], [ 117.15062930190841, -0.483606782449225 ], [ 117.150635590115414, -0.483576240817461 ], [ 117.150615827179152, -0.483575342534171 ], [ 117.150621217070849, -0.483534919786031 ], [ 117.150626606962575, -0.483448684589194 ], [ 117.150581691198369, -0.483452277722418 ], [ 117.150585284459481, -0.483430718923049 ], [ 117.150617623809737, -0.483421736089958 ], [ 117.150606844026314, -0.483390296174048 ], [ 117.150584386144203, -0.483392991023988 ], [ 117.150596962558183, -0.483355263124719 ], [ 117.150576301306643, -0.483357957974673 ], [ 117.150576301306643, -0.483357957974673 ], [ 117.150571809730224, -0.483336399175005 ], [ 117.150542165325859, -0.483335500891684 ], [ 117.150361603953741, -0.4833238232085 ], [ 117.150326569657651, -0.483319331791886 ], [ 117.150321179765953, -0.4833238232085 ], [ 117.150171161113519, -0.483285197025518 ] ] ] } },
{ "type": "Feature", "properties": { "FID": 70, "Kode_Prov": 64, "Provinsi": "Kalimantan Timur", "Kode_Kota": 6472, "Kota": "Kota Samarinda", "Kode_Kec": 647210, "Kecamatan": "Sungai Pinang", "Kode_Kel": 64720411, "Kelurahan": "Bandara", "Basis": "64720411-RT016-00000", "skor_awal": 16, "luas_awal": 0.2, "kum_awal": "Kumuh Ringan", "skor_akhir": 16, "luas_akhir": 0.2, "kum_akhir": "Kumuh Ringan", "p_kumuh": 0.0, "Sumber": "DATA SIM KOTAKU, download pada tanggal 16 Desember 2021", "RT": "RT016", "city": "samarinda", "source_layer": "Delineasi Kumuh 2020", "role": "positif" }, "geometry": { "type": "Polygon", "coordinates": [ [ [ 117.150890711656103, -0.482556689207696 ], [ 117.150887118394962, -0.4825459098066 ], [ 117.150850287468316, -0.482548604656875 ], [ 117.150850287468316, -0.482548604656875 ], [ 117.150850287468316, -0.482562078908238 ], [ 117.150850287468316, -0.482562078908238 ], [ 117.150841304315477, -0.482562078908238 ], [ 117.150810761595821, -0.482562078908238 ], [ 117.150810761595821, -0.482562078908238 ], [ 117.150812558226406, -0.482579146293259 ], [ 117.150799981812412, -0.482591722261141 ], [ 117.150799981812412, -0.482624958747576 ], [ 117.150788303713711, -0.482731854473117 ], [ 117.150767642462171, -0.482847733030839 ], [ 117.150761354255195, -0.482870190115441 ], [ 117.150773930669175, -0.48287378324897 ], [ 117.150773930669175, -0.48292229055143 ], [ 117.150753269417635, -0.482923188834806 ], [ 117.150749676156479, -0.482986966954172 ], [ 117.150711946914569, -0.482982475537335 ], [ 117.150698472185297, -0.483014813738496 ], [ 117.150717336806267, -0.483030084555658 ], [ 117.150711048599291, -0.483112726624408 ], [ 117.15067242104206, -0.483117218041159 ], [ 117.150673319357338, -0.483152251091716 ], [ 117.150692183978293, -0.483152251091716 ], [ 117.150696675554713, -0.483205249808882 ], [ 117.150761354255195, -0.483210639508909 ], [ 117.150763150885751, -0.483232198308977 ], [ 117.150698472185297, -0.483228605175637 ], [ 117.150688590717181, -0.483339992308288 ], [ 117.150787405398432, -0.483319331791886 ], [ 117.150857473990598, -0.483306755825349 ], [ 117.150910474592351, -0.483305857542024 ], [ 117.150913169538214, -0.483260943375627 ], [ 117.150915864484077, -0.483207944658896 ], [ 117.15094371225787, -0.483202554958866 ], [ 117.150940118996729, -0.483176504741996 ], [ 117.150932034159169, -0.483122607741257 ], [ 117.150974254977541, -0.483119912891209 ], [ 117.150974254977541, -0.483079490140358 ], [ 117.150965271824703, -0.483072303873515 ], [ 117.150964373509396, -0.483004034338126 ], [ 117.150976051608097, -0.483001339488031 ], [ 117.150977848238654, -0.48291240943429 ], [ 117.150963475194118, -0.482806411994979 ], [ 117.150950000464846, -0.48280731027837 ], [ 117.150945508888427, -0.48274982014111 ], [ 117.150959881932977, -0.48274173559052 ], [ 117.150954492041265, -0.482700414554015 ], [ 117.150967068455259, -0.482695024853583 ], [ 117.150963475194118, -0.482641127849027 ], [ 117.150959881932977, -0.482627653597821 ], [ 117.150952695410709, -0.482578248009838 ], [ 117.150950898780124, -0.482546808090025 ], [ 117.150914067853492, -0.482553096073999 ], [ 117.150890711656103, -0.482556689207696 ], [ 117.150890711656103, -0.482556689207696 ] ] ] } },
{ "type": "Feature", "properties": { "FID": 71, "Kode_Prov": 64, "Provinsi": "Kalimantan Timur", "Kode_Kota": 6472, "Kota": "Kota Samarinda", "Kode_Kec": 647206, "Kecamatan": "Samarinda Ulu", "Kode_Kel": 64720609, "Kelurahan": "Sidodadi", "Basis": "64720609-RT027-00000", "skor_awal": 16, "luas_awal": 0.46, "kum_awal": "Kumuh Ringan", "skor_akhir": 16, "luas_akhir": 0.46, "kum_akhir": "Kumuh Ringan", "p_kumuh": 0.0, "Sumber": "DATA SIM KOTAKU, download pada tanggal 16 Desember 2021", "RT": "RT027", "city": "samarinda", "source_layer": "Delineasi Kumuh 2020", "role": "positif" }, "geometry": { "type": "Polygon", "coordinates": [ [ [ 117.150687692401874, -0.482411167291455 ], [ 117.150571809730224, -0.482386015354999 ], [ 117.150585284459481, -0.482318644096177 ], [ 117.150591572666485, -0.482288102458624 ], [ 117.150530487227158, -0.482270136789412 ], [ 117.150527792281295, -0.482270136789412 ], [ 117.150455927058573, -0.4822458831359 ], [ 117.150403824772113, -0.482232408883911 ], [ 117.150296925253301, -0.482647415832913 ], [ 117.150337349441074, -0.4826626866509 ], [ 117.150330162918792, -0.482696821420394 ], [ 117.150272670740605, -0.482914206001044 ], [ 117.15025829769607, -0.482911511150914 ], [ 117.150171161113519, -0.483285197025518 ], [ 117.150321179765953, -0.4833238232085 ], [ 117.150326569657651, -0.483319331791886 ], [ 117.150361603953741, -0.4833238232085 ], [ 117.150542165325859, -0.483335500891684 ], [ 117.150571809730224, -0.483336399175005 ], [ 117.150576301306643, -0.483357957974673 ], [ 117.150576301306643, -0.483357957974673 ], [ 117.150596962558183, -0.483355263124719 ], [ 117.150589776035901, -0.48326723135894 ], [ 117.150567318153804, -0.483259146808965 ], [ 117.150568216469111, -0.483248367408982 ], [ 117.150591572666485, -0.483246570842317 ], [ 117.150588877720622, -0.483153149375061 ], [ 117.150575402991365, -0.483101048940841 ], [ 117.150547555217557, -0.483089371257255 ], [ 117.150563724892692, -0.483044457089426 ], [ 117.150592470981763, -0.483037270822546 ], [ 117.150600555819324, -0.482949239052647 ], [ 117.150631996854273, -0.482851326164381 ], [ 117.150663437889222, -0.482839648480365 ], [ 117.150677810933757, -0.482796530877671 ], [ 117.15067242104206, -0.482757006408295 ], [ 117.150688590717181, -0.482748921857712 ], [ 117.150693980608878, -0.482717481938689 ], [ 117.150684099140761, -0.482709397388059 ], [ 117.150708353653428, -0.482618670763669 ], [ 117.150720930067408, -0.482609687929505 ], [ 117.150724523328549, -0.482548604656875 ], [ 117.150704760392287, -0.4825459098066 ], [ 117.150708353653428, -0.482525249287784 ], [ 117.150720930067408, -0.482521656154071 ], [ 117.150718235121545, -0.482508181902628 ], [ 117.150695777239434, -0.482504588768906 ], [ 117.150696675554713, -0.482492012800862 ], [ 117.150690387347737, -0.482490216233997 ], [ 117.150690387347737, -0.482477640265927 ], [ 117.150737099742528, -0.482483928249964 ], [ 117.150742489634226, -0.482462369447524 ], [ 117.150717336806267, -0.48245787803034 ], [ 117.150721828382686, -0.482442607211894 ], [ 117.150704760392287, -0.482439014078137 ], [ 117.15070745533815, -0.482432726094057 ], [ 117.150738896373085, -0.482432726094057 ], [ 117.150687692401874, -0.482411167291455 ] ] ] } },
{ "type": "Feature", "properties": { "FID": 72, "Kode_Prov": 64, "Provinsi": "Kalimantan Timur", "Kode_Kota": 6472, "Kota": "Kota Samarinda", "Kode_Kec": 647210, "Kecamatan": "Sungai Pinang", "Kode_Kel": 64720411, "Kelurahan": "Bandara", "Basis": "64720411-RT017-00000", "skor_awal": 18, "luas_awal": 0.25, "kum_awal": "Kumuh Ringan", "skor_akhir": 18, "luas_akhir": 0.25, "kum_akhir": "Kumuh Ringan", "p_kumuh": 0.0, "Sumber": "DATA SIM KOTAKU, download pada tanggal 16 Desember 2021", "RT": "RT017", "city": "samarinda", "source_layer": "Delineasi Kumuh 2020", "role": "positif" }, "geometry": { "type": "Polygon", "coordinates": [ [ [ 117.151049713461376, -0.481384429238479 ], [ 117.150966170139981, -0.48143293655155 ], [ 117.150955390356543, -0.481439224536552 ], [ 117.150907779646502, -0.481472461028612 ], [ 117.150939220681451, -0.481557797966942 ], [ 117.150971560031678, -0.481555103116274 ], [ 117.150988628022077, -0.48159642415973 ], [ 117.151011984219465, -0.48163864348648 ], [ 117.151011984219465, -0.481662897142154 ], [ 117.15100030612075, -0.481672778261108 ], [ 117.150952695410709, -0.481701523334346 ], [ 117.150958983617699, -0.481730268407463 ], [ 117.150925745952193, -0.481738352959256 ], [ 117.150928440898028, -0.481759013480459 ], [ 117.150907779646502, -0.481764403181632 ], [ 117.150903288070083, -0.481847045265754 ], [ 117.150914067853492, -0.481921602797309 ], [ 117.150902389754805, -0.481922501080817 ], [ 117.150905983015932, -0.481954839287016 ], [ 117.150874541980983, -0.481953941003513 ], [ 117.150879033557402, -0.481975499807563 ], [ 117.150870050404563, -0.481971906673559 ], [ 117.150880830187987, -0.482062633306571 ], [ 117.150866457143451, -0.482066226440527 ], [ 117.150863762197588, -0.48214258053664 ], [ 117.150853880729457, -0.482145275387075 ], [ 117.150849389153038, -0.482176715308743 ], [ 117.150834117793195, -0.482179410159165 ], [ 117.15082782958622, -0.482266543655564 ], [ 117.150833219477917, -0.482304271560875 ], [ 117.150851185783594, -0.48231145782853 ], [ 117.150856575675306, -0.482336609765261 ], [ 117.150858372305876, -0.482355473717749 ], [ 117.150851185783594, -0.482355473717749 ], [ 117.150849389153038, -0.482378829087423 ], [ 117.150822439694522, -0.482378829087423 ], [ 117.150823338009801, -0.482406675874237 ], [ 117.150805371704109, -0.482407574157681 ], [ 117.15081525317224, -0.482452488329716 ], [ 117.15080088012769, -0.482455183180029 ], [ 117.150810761595821, -0.482562078908238 ], [ 117.150841304315477, -0.482562078908238 ], [ 117.150850287468316, -0.482562078908238 ], [ 117.150850287468316, -0.482562078908238 ], [ 117.150850287468316, -0.482548604656875 ], [ 117.150850287468316, -0.482548604656875 ], [ 117.150887118394962, -0.4825459098066 ], [ 117.150890711656103, -0.482556689207696 ], [ 117.150890711656103, -0.482556689207696 ], [ 117.150914067853492, -0.482553096073999 ], [ 117.150950898780124, -0.482546808090025 ], [ 117.150950898780124, -0.482546808090025 ], [ 117.150993119598496, -0.482544113239749 ], [ 117.150969763401122, -0.482421048409323 ], [ 117.151025458948723, -0.482415658708669 ], [ 117.151003899381891, -0.482283611041326 ], [ 117.15098323813038, -0.48224767970283 ], [ 117.150987729706799, -0.482190189560841 ], [ 117.151073967974071, -0.482183901576532 ], [ 117.151069476397652, -0.482105750913916 ], [ 117.151122476999419, -0.48209586979559 ], [ 117.151109900585425, -0.481953941003513 ], [ 117.151075764604627, -0.481949449585993 ], [ 117.151060493244799, -0.481761708331046 ], [ 117.151152121403769, -0.4817482340781 ], [ 117.151147629827349, -0.481719489005059 ], [ 117.151106307324284, -0.481612593263622 ], [ 117.151149426457934, -0.481593729309077 ], [ 117.151049713461376, -0.481384429238479 ] ] ] } },
{ "type": "Feature", "properties": { "FID": 73, "Kode_Prov": 64, "Provinsi": "Kalimantan Timur", "Kode_Kota": 6472, "Kota": "Kota Samarinda", "Kode_Kec": 647206, "Kecamatan": "Samarinda Ulu", "Kode_Kel": 64720609, "Kelurahan": "Sidodadi", "Basis": "64720609-RT028-00000", "skor_awal": 16, "luas_awal": 0.85, "kum_awal": "Kumuh Ringan", "skor_akhir": 16, "luas_akhir": 0.85, "kum_akhir": "Kumuh Ringan", "p_kumuh": 0.0, "Sumber": "DATA SIM KOTAKU, download pada tanggal 16 Desember 2021", "RT": "RT028", "city": "samarinda", "source_layer": "Delineasi Kumuh 2020", "role": "positif" }, "geometry": { "type": "Polygon", "coordinates": [ [ [ 117.149833394566699, -0.480752037569844 ], [ 117.149752546191138, -0.480780782646962 ], [ 117.149763325974533, -0.480810426007614 ], [ 117.14966091803214, -0.480863424743003 ], [ 117.149477661714187, -0.481008946692295 ], [ 117.149429152688839, -0.48115716348931 ], [ 117.149358185781381, -0.481195789684367 ], [ 117.149311473386604, -0.481255076401935 ], [ 117.1492899138198, -0.481245195282376 ], [ 117.149237811533311, -0.481299092297979 ], [ 117.14924679468615, -0.481316159686164 ], [ 117.149259371100129, -0.481336820208647 ], [ 117.149243201425008, -0.481347599611657 ], [ 117.149303388549058, -0.481404191477179 ], [ 117.149309676756033, -0.481388022372792 ], [ 117.149364473988371, -0.481312566551813 ], [ 117.149452508886213, -0.481213755356412 ], [ 117.149560306720304, -0.481091588785573 ], [ 117.149647443302882, -0.481026014081206 ], [ 117.149719308525604, -0.481010743259551 ], [ 117.150118160511752, -0.481113147592351 ], [ 117.150146906600838, -0.480996370721491 ], [ 117.150303213460276, -0.481031403782958 ], [ 117.150291535361589, -0.481084402516632 ], [ 117.150337349441074, -0.481094283636424 ], [ 117.150350824170346, -0.481120333861261 ], [ 117.15030950166728, -0.481312566551813 ], [ 117.150241229705671, -0.481576661921587 ], [ 117.150389451727548, -0.481602712144581 ], [ 117.150439757383467, -0.481616186397815 ], [ 117.150439757383467, -0.481632355501661 ], [ 117.150498147876945, -0.481643134904204 ], [ 117.150456825373851, -0.481918009663277 ], [ 117.150472096733694, -0.481928789065367 ], [ 117.150445147275178, -0.482071616141457 ], [ 117.150397536565109, -0.482067124724016 ], [ 117.150390350042841, -0.482085090393764 ], [ 117.150358010692599, -0.482221629482301 ], [ 117.150403824772113, -0.482232408883911 ], [ 117.150455927058573, -0.4822458831359 ], [ 117.150527792281295, -0.482270136789412 ], [ 117.150530487227158, -0.482270136789412 ], [ 117.150591572666485, -0.482288102458624 ], [ 117.150585284459481, -0.482318644096177 ], [ 117.150571809730224, -0.482386015354999 ], [ 117.150687692401874, -0.482411167291455 ], [ 117.150738896373085, -0.482432726094057 ], [ 117.150739794688363, -0.482432726094057 ], [ 117.150739794688363, -0.482432726094057 ], [ 117.150739794688363, -0.482382422221212 ], [ 117.150741591318948, -0.482366253119147 ], [ 117.150749676156479, -0.482366253119147 ], [ 117.150755066048205, -0.482337508048714 ], [ 117.150748777841201, -0.482330321781087 ], [ 117.150744286264782, -0.482289000742084 ], [ 117.150752371102342, -0.482261153954788 ], [ 117.150757760994054, -0.482183003293059 ], [ 117.150744286264782, -0.482183901576532 ], [ 117.150744286264782, -0.482179410159165 ], [ 117.150758659309332, -0.482175817025268 ], [ 117.150763150885751, -0.482139885686203 ], [ 117.150732608166109, -0.482139885686203 ], [ 117.150735303111944, -0.4821219200166 ], [ 117.150766744146893, -0.482120123449637 ], [ 117.150765845831614, -0.482074310991921 ], [ 117.150755964363483, -0.482074310991921 ], [ 117.150757760994054, -0.482068921290993 ], [ 117.150766744146893, -0.482068023007505 ], [ 117.150764049201058, -0.482018617415459 ], [ 117.150746981210645, -0.482013227714487 ], [ 117.150750574471786, -0.481989872343559 ], [ 117.150762252570473, -0.481978194658064 ], [ 117.150761354255195, -0.481953042720009 ], [ 117.150752371102342, -0.481944958168471 ], [ 117.150752371102342, -0.481912619962225 ], [ 117.150776625615009, -0.48190543369415 ], [ 117.150775727299731, -0.481891061157976 ], [ 117.150747879525923, -0.48188836630744 ], [ 117.150749676156479, -0.481879383472312 ], [ 117.150761354255195, -0.481877586905285 ], [ 117.150759557624639, -0.481863214369052 ], [ 117.150749676156479, -0.481861417802021 ], [ 117.150749676156479, -0.481854231533892 ], [ 117.150763150885751, -0.481849740116307 ], [ 117.150764049201058, -0.481831774445938 ], [ 117.150782015506735, -0.481827283028338 ], [ 117.150786507083154, -0.481814707059043 ], [ 117.15077213403859, -0.481810215641433 ], [ 117.150777523930316, -0.481802131089725 ], [ 117.150812558226406, -0.481802131089725 ], [ 117.150813456541684, -0.48174913236163 ], [ 117.150797286866549, -0.481746437511038 ], [ 117.150793693605408, -0.481716794154455 ], [ 117.150741591318948, -0.481711404453244 ], [ 117.150743387949504, -0.481695235349586 ], [ 117.150766744146893, -0.481688947364819 ], [ 117.150776625615009, -0.481628762367477 ], [ 117.150755066048205, -0.481628762367477 ], [ 117.150757760994054, -0.481609898412976 ], [ 117.150782015506735, -0.481609898412976 ], [ 117.150787405398432, -0.481564085951829 ], [ 117.150790998659573, -0.48149491811775 ], [ 117.150789202028989, -0.481434733118694 ], [ 117.15074518458006, -0.481438326252981 ], [ 117.150746981210645, -0.481412276029358 ], [ 117.150753269417635, -0.481369158417626 ], [ 117.150725421643827, -0.481359277298232 ], [ 117.150741591318948, -0.481272143790231 ], [ 117.15072811658969, -0.481264059237886 ], [ 117.150739794688363, -0.481213755356412 ], [ 117.150709251968706, -0.481207467371201 ], [ 117.150696675554713, -0.481190399982744 ], [ 117.150649064844671, -0.481176027445063 ], [ 117.150619420440293, -0.481144587518779 ], [ 117.150603250765172, -0.481125723562939 ], [ 117.150589776035901, -0.481112249308736 ], [ 117.150577199621949, -0.48110236818897 ], [ 117.150561928262107, -0.48109248706919 ], [ 117.150549351848127, -0.48108530080025 ], [ 117.150540368695275, -0.481070928262347 ], [ 117.150533182173021, -0.481059250575279 ], [ 117.150530487227158, -0.481047572888191 ], [ 117.150519707443763, -0.481032302066584 ], [ 117.150515215867344, -0.48102511579758 ], [ 117.15048197820181, -0.481000862139638 ], [ 117.150482876517088, -0.480981099899769 ], [ 117.150489164724092, -0.480934389150761 ], [ 117.150435265807047, -0.48092989773257 ], [ 117.150434367491741, -0.48091552519434 ], [ 117.15038226520528, -0.48089755952151 ], [ 117.150375976998276, -0.480908338925214 ], [ 117.150317586504812, -0.480895762954225 ], [ 117.15025829769607, -0.480880492132278 ], [ 117.150256501065513, -0.480887678401434 ], [ 117.150216975193004, -0.480878695564988 ], [ 117.150214280247141, -0.48086971272853 ], [ 117.150178347635773, -0.480865221310297 ], [ 117.150175652689938, -0.480856238473822 ], [ 117.150143313339726, -0.480843662502736 ], [ 117.150026532352783, -0.480796951752788 ], [ 117.149930412617366, -0.480773596377694 ], [ 117.149841479404245, -0.480783477497936 ], [ 117.149833394566699, -0.480752037569844 ] ] ] } },
{ "type": "Feature", "properties": { "FID": 74, "Kode_Prov": 64, "Provinsi": "Kalimantan Timur", "Kode_Kota": 6472, "Kota": "Kota Samarinda", "Kode_Kec": 647210, "Kecamatan": "Sungai Pinang", "Kode_Kel": 64720406, "Kelurahan": "Temindung Permai", "Basis": "64720406-RT027-00000", "skor_awal": 17, "luas_awal": 0.57, "kum_awal": "Kumuh Ringan", "skor_akhir": 17, "luas_akhir": 0.57, "kum_akhir": "Kumuh Ringan", "p_kumuh": 0.0, "Sumber": "DATA SIM KOTAKU, download pada tanggal 16 Desember 2021", "RT": "RT027", "city": "samarinda", "source_layer": "Delineasi Kumuh 2020", "role": "positif" }, "geometry": { "type": "Polygon", "coordinates": [ [ [ 117.149898971582431, -0.478319484981035 ], [ 117.149892683375455, -0.47831589184511 ], [ 117.149809140054018, -0.478281757053728 ], [ 117.14976063102867, -0.478345535216435 ], [ 117.149730088309028, -0.478331162672778 ], [ 117.149647443302882, -0.478426380773945 ], [ 117.149547730306352, -0.478592563305835 ], [ 117.149511797694984, -0.478645562058402 ], [ 117.149556713459191, -0.478666222588953 ], [ 117.149544137045211, -0.478685984835508 ], [ 117.149525272424242, -0.478687781403374 ], [ 117.149496526335142, -0.478752457846231 ], [ 117.149474068453046, -0.478743475006982 ], [ 117.149392321762193, -0.478894386704808 ], [ 117.149412084698426, -0.478915945518512 ], [ 117.14939771165389, -0.478944690603345 ], [ 117.149366270618941, -0.478931216344844 ], [ 117.149313270017174, -0.478998587637082 ], [ 117.149451610570935, -0.47909560229674 ], [ 117.149464186984915, -0.479104585135528 ], [ 117.149461492039052, -0.479109076554917 ], [ 117.149507306118565, -0.479143211342181 ], [ 117.149711223688044, -0.479289631611936 ], [ 117.149812733315159, -0.479144109626054 ], [ 117.149891785060177, -0.479027332721568 ], [ 117.150047193604308, -0.478808151449314 ], [ 117.150250212858509, -0.478503633194676 ], [ 117.150072346432268, -0.478410211662519 ], [ 117.149933107563228, -0.478337450660632 ], [ 117.149898971582431, -0.478319484981035 ] ] ] } },
{ "type": "Feature", "properties": { "FID": 75, "Kode_Prov": 64, "Provinsi": "Kalimantan Timur", "Kode_Kota": 6472, "Kota": "Kota Samarinda", "Kode_Kec": 647210, "Kecamatan": "Sungai Pinang", "Kode_Kel": 64720406, "Kelurahan": "Temindung Permai", "Basis": "64720406-RT028-00000", "skor_awal": 22, "luas_awal": 0.44, "kum_awal": "Kumuh Ringan", "skor_akhir": 17, "luas_akhir": 0.44, "kum_akhir": "Kumuh Ringan", "p_kumuh": 0.0, "Sumber": "DATA SIM KOTAKU, download pada tanggal 16 Desember 2021", "RT": "RT028", "city": "samarinda", "source_layer": "Delineasi Kumuh 2020", "role": "positif" }, "geometry": { "type": "Polygon", "coordinates": [ [ [ 117.150216076877726, -0.477621518292298 ], [ 117.150215178562448, -0.477621518292298 ], [ 117.150206195409609, -0.477632297701157 ], [ 117.150185534158055, -0.477624213144514 ], [ 117.150148703231423, -0.477688889597392 ], [ 117.150120855457615, -0.477714939835184 ], [ 117.15012355040345, -0.477726617527956 ], [ 117.150087617792096, -0.477779616287208 ], [ 117.150117262196474, -0.477811954512991 ], [ 117.150092109368515, -0.477838903034361 ], [ 117.150106482413051, -0.477854173863091 ], [ 117.150093007683793, -0.47787752924814 ], [ 117.150091211053237, -0.477880224100257 ], [ 117.150081329585106, -0.477894596644857 ], [ 117.150057075072425, -0.477944900550724 ], [ 117.150027430668061, -0.477924240018002 ], [ 117.149995091317848, -0.477946697118784 ], [ 117.149942090716081, -0.478029339249029 ], [ 117.149931310932658, -0.478024847828933 ], [ 117.149877412015599, -0.478107489958237 ], [ 117.149904361474128, -0.478120964218356 ], [ 117.14991603957283, -0.478106591674228 ], [ 117.150001379524824, -0.47816677670256 ], [ 117.149960057021758, -0.478218877174422 ], [ 117.149935802509077, -0.478251215398137 ], [ 117.149873818754486, -0.47822067374241 ], [ 117.149865733916926, -0.478235046286298 ], [ 117.14991154799641, -0.478273672497849 ], [ 117.149898971582431, -0.478319484981035 ], [ 117.149933107563228, -0.478337450660632 ], [ 117.150072346432268, -0.478410211662519 ], [ 117.150250212858509, -0.478503633194676 ], [ 117.150446943905735, -0.478195521790533 ], [ 117.150539470379996, -0.478050898065451 ], [ 117.150562826577385, -0.478015864988731 ], [ 117.150590674351207, -0.477973645639625 ], [ 117.150625708647297, -0.47792064688187 ], [ 117.150523300704876, -0.477837106466273 ], [ 117.150476588310113, -0.477798480252267 ], [ 117.150476588310113, -0.477798480252267 ], [ 117.150428079284765, -0.477785005991516 ], [ 117.150427180969487, -0.477784107707465 ], [ 117.150359807323184, -0.477728414096073 ], [ 117.150312196613115, -0.477687991313328 ], [ 117.150254704434928, -0.47764307711 ], [ 117.150250212858509, -0.477647568530346 ], [ 117.150234941498681, -0.47763589083744 ], [ 117.150216076877726, -0.477621518292298 ] ] ] } },
{ "type": "Feature", "properties": { "FID": 76, "Kode_Prov": 64, "Provinsi": "Kalimantan Timur", "Kode_Kota": 6472, "Kota": "Kota Samarinda", "Kode_Kec": 647210, "Kecamatan": "Sungai Pinang", "Kode_Kel": 64720406, "Kelurahan": "Temindung Permai", "Basis": "64720406-RT029-00000", "skor_awal": 19, "luas_awal": 0.54, "kum_awal": "Kumuh Ringan", "skor_akhir": 19, "luas_akhir": 0.54, "kum_akhir": "Kumuh Ringan", "p_kumuh": 0.0, "Sumber": "DATA SIM KOTAKU, download pada tanggal 16 Desember 2021", "RT": "RT029", "city": "samarinda", "source_layer": "Delineasi Kumuh 2020", "role": "positif" }, "geometry": { "type": "Polygon", "coordinates": [ [ [ 117.150764049201058, -0.47712746203477 ], [ 117.150820643063938, -0.477010685095987 ], [ 117.150700268815868, -0.476942415500088 ], [ 117.150641878322389, -0.477039430188794 ], [ 117.150604149080479, -0.477092428953343 ], [ 117.150613132233318, -0.477103208363032 ], [ 117.150585284459481, -0.477149919138155 ], [ 117.150541267010553, -0.477121174045809 ], [ 117.150456825373851, -0.477216392163744 ], [ 117.150468503472553, -0.477236154414471 ], [ 117.150441554014023, -0.477263102938098 ], [ 117.150426282654209, -0.47726040808574 ], [ 117.150389451727548, -0.477307118859796 ], [ 117.150407418033225, -0.477324186257929 ], [ 117.150369688791301, -0.47737628673618 ], [ 117.150324773027094, -0.477443658043677 ], [ 117.150329264603513, -0.477460725441471 ], [ 117.150297823568579, -0.477493063668755 ], [ 117.150273569055912, -0.477478691123315 ], [ 117.150230449922262, -0.477546062429808 ], [ 117.150254704434928, -0.477583790361157 ], [ 117.150216076877726, -0.477621518292298 ], [ 117.150234941498681, -0.47763589083744 ], [ 117.150250212858509, -0.477647568530346 ], [ 117.150254704434928, -0.47764307711 ], [ 117.150312196613115, -0.477687991313328 ], [ 117.150359807323184, -0.477728414096073 ], [ 117.150427180969487, -0.477784107707465 ], [ 117.150428079284765, -0.477785005991516 ], [ 117.150476588310113, -0.477798480252267 ], [ 117.150476588310113, -0.477798480252267 ], [ 117.150523300704876, -0.477837106466273 ], [ 117.150625708647297, -0.47792064688187 ], [ 117.150703862077009, -0.477802971672511 ], [ 117.150798185181827, -0.477663737643567 ], [ 117.151180867492883, -0.477099615226471 ], [ 117.151126070260531, -0.477070870133915 ], [ 117.151082951126909, -0.477093327237484 ], [ 117.150955390356543, -0.477022362789954 ], [ 117.150910474592351, -0.47705919244003 ], [ 117.150934729105032, -0.47708614096435 ], [ 117.150867355458729, -0.47718135908277 ], [ 117.150764049201058, -0.47712746203477 ] ] ] } },
{ "type": "Feature", "properties": { "FID": 77, "Kode_Prov": 64, "Provinsi": "Kalimantan Timur", "Kode_Kota": 6472, "Kota": "Kota Samarinda", "Kode_Kec": 647210, "Kecamatan": "Sungai Pinang", "Kode_Kel": 64720406, "Kelurahan": "Temindung Permai", "Basis": "64720406-RT030-00000", "skor_awal": 30, "luas_awal": 0.37, "kum_awal": "Kumuh Ringan", "skor_akhir": 30, "luas_akhir": 0.37, "kum_akhir": "Kumuh Ringan", "p_kumuh": 0.0, "Sumber": "DATA SIM KOTAKU, download pada tanggal 16 Desember 2021", "RT": "RT030", "city": "samarinda", "source_layer": "Delineasi Kumuh 2020", "role": "positif" }, "geometry": { "type": "Polygon", "coordinates": [ [ [ 117.151638109972495, -0.47582854305037 ], [ 117.151436887348851, -0.475647089618128 ], [ 117.15139825979162, -0.475698291824739 ], [ 117.15142071767373, -0.475727036923021 ], [ 117.15137759854008, -0.475789916825094 ], [ 117.151388378323503, -0.47582315334453 ], [ 117.151328191199454, -0.475932744029104 ], [ 117.151336276037014, -0.47594621829348 ], [ 117.151302140056231, -0.476009996477839 ], [ 117.151249139454464, -0.476094435199885 ], [ 117.151244647878045, -0.476153721961555 ], [ 117.151204223690257, -0.476198636174602 ], [ 117.15118625738458, -0.476189653332016 ], [ 117.151100019117308, -0.476302837147743 ], [ 117.151065883136511, -0.476289362884064 ], [ 117.15102276400286, -0.476356734202198 ], [ 117.151084747757466, -0.476389970718902 ], [ 117.15103534041684, -0.476470816299405 ], [ 117.151055103353102, -0.476488781983832 ], [ 117.151026357264001, -0.476554356731594 ], [ 117.150987729706799, -0.476611846920899 ], [ 117.150930237528613, -0.47661005035249 ], [ 117.150877236926846, -0.476686404509439 ], [ 117.150890711656103, -0.4767151496036 ], [ 117.150879931872709, -0.476738504992518 ], [ 117.151049713461376, -0.476840909389145 ], [ 117.151118883738278, -0.47674119984508 ], [ 117.151190748961, -0.476642388583772 ], [ 117.151343462559296, -0.476415122677382 ], [ 117.151697398781238, -0.475882440108532 ], [ 117.151638109972495, -0.47582854305037 ] ] ] } },
{ "type": "Feature", "properties": { "FID": 78, "Kode_Prov": 64, "Provinsi": "Kalimantan Timur", "Kode_Kota": 6472, "Kota": "Kota Samarinda", "Kode_Kec": 647210, "Kecamatan": "Sungai Pinang", "Kode_Kel": 64720406, "Kelurahan": "Temindung Permai", "Basis": "64720406-RT032-00000", "skor_awal": 20, "luas_awal": 0.55, "kum_awal": "Kumuh Ringan", "skor_akhir": 20, "luas_akhir": 0.55, "kum_akhir": "Kumuh Ringan", "p_kumuh": 0.0, "Sumber": "DATA SIM KOTAKU, download pada tanggal 16 Desember 2021", "RT": "RT032", "city": "samarinda", "source_layer": "Delineasi Kumuh 2020", "role": "positif" }, "geometry": { "type": "Polygon", "coordinates": [ [ [ 117.152115115388369, -0.474906005006244 ], [ 117.152045945111482, -0.474828752545157 ], [ 117.152027978805791, -0.474843125096122 ], [ 117.151989351248588, -0.474879954757834 ], [ 117.15197587651933, -0.474873666766824 ], [ 117.151953418637234, -0.474897022161976 ], [ 117.151963300105351, -0.47491319128165 ], [ 117.151916587710559, -0.474957207218349 ], [ 117.151851010694841, -0.475009307714487 ], [ 117.151900418035467, -0.47506410306345 ], [ 117.151883350045054, -0.475073984191906 ], [ 117.151845620803115, -0.475041645953272 ], [ 117.151794416831933, -0.475088356742361 ], [ 117.151750399383005, -0.475152134934645 ], [ 117.151708178564633, -0.475190761163489 ], [ 117.151695602150681, -0.475178185182029 ], [ 117.151664161115704, -0.475216811410727 ], [ 117.151679432475561, -0.475238370235953 ], [ 117.151663262800426, -0.475258132492351 ], [ 117.151639906603052, -0.475231183960885 ], [ 117.151594092523567, -0.475301250142477 ], [ 117.151583312740144, -0.475294962151851 ], [ 117.151542888552356, -0.475350655782917 ], [ 117.151560854858033, -0.475370418038993 ], [ 117.151501566049291, -0.475432399659958 ], [ 117.151542888552356, -0.475466534465469 ], [ 117.151504260995154, -0.475520431526459 ], [ 117.151435090718266, -0.475616547950846 ], [ 117.151426107565428, -0.475626429078511 ], [ 117.151436887348851, -0.475647089618128 ], [ 117.151638109972495, -0.47582854305037 ], [ 117.151697398781238, -0.475882440108532 ], [ 117.151697398781238, -0.475882440108532 ], [ 117.151753094328839, -0.475830339618982 ], [ 117.151742314545444, -0.475812373932839 ], [ 117.15177734884152, -0.475764764864334 ], [ 117.15179172188607, -0.475773747707473 ], [ 117.151880655099191, -0.475680326138252 ], [ 117.15193275738568, -0.475616547950846 ], [ 117.152034267012795, -0.475523126379497 ], [ 117.152112420442506, -0.475437789366102 ], [ 117.152161827783132, -0.475405451129172 ], [ 117.152296575075752, -0.475317419261205 ], [ 117.152278608770061, -0.47526621705177 ], [ 117.152339694209388, -0.475231183960885 ], [ 117.15226693067136, -0.475117101843182 ], [ 117.152241777843415, -0.475072187623096 ], [ 117.152233693005854, -0.475058713357014 ], [ 117.152213930069621, -0.47502817168713 ], [ 117.152192370502789, -0.475003019723595 ], [ 117.152170810935971, -0.474974274622299 ], [ 117.152115115388369, -0.474906005006244 ] ] ] } },
{ "type": "Feature", "properties": { "FID": 79, "Kode_Prov": 64, "Provinsi": "Kalimantan Timur", "Kode_Kota": 6472, "Kota": "Kota Samarinda", "Kode_Kec": 647210, "Kecamatan": "Sungai Pinang", "Kode_Kel": 64720411, "Kelurahan": "Bandara", "Basis": "64720411-RT015-00000", "skor_awal": 17, "luas_awal": 0.34, "kum_awal": "Kumuh Ringan", "skor_akhir": 17, "luas_akhir": 0.34, "kum_akhir": "Kumuh Ringan", "p_kumuh": 0.0, "Sumber": "DATA SIM KOTAKU, download pada tanggal 16 Desember 2021", "RT": "RT015", "city": "samarinda", "source_layer": "Delineasi Kumuh 2020", "role": "positif" }, "geometry": { "type": "Polygon", "coordinates": [ [ [ 117.150688590717181, -0.483339992308288 ], [ 117.150683200825455, -0.483381313340904 ], [ 117.150700268815868, -0.483382211624219 ], [ 117.150699370500575, -0.483406465273677 ], [ 117.150684099140761, -0.4834082618403 ], [ 117.150681404194899, -0.483473836521718 ], [ 117.150699370500575, -0.483478327938231 ], [ 117.15070745533815, -0.483525038669783 ], [ 117.150692183978293, -0.483520547253301 ], [ 117.150689489032459, -0.483578037384039 ], [ 117.150727218274383, -0.483578935667328 ], [ 117.150757760994054, -0.483581630517194 ], [ 117.150760455939917, -0.483622951548339 ], [ 117.150741591318948, -0.48362654468147 ], [ 117.150744286264782, -0.483653493179893 ], [ 117.150783812137291, -0.483649001763497 ], [ 117.150799981812412, -0.483719067858943 ], [ 117.150730811535524, -0.483737033524325 ], [ 117.150735303111944, -0.48377386313821 ], [ 117.150743387949504, -0.483789133953665 ], [ 117.150746082895367, -0.483815184168185 ], [ 117.150755964363483, -0.483823268717499 ], [ 117.150759557624639, -0.483840336099351 ], [ 117.150750574471786, -0.483849318931888 ], [ 117.150750574471786, -0.483881657128921 ], [ 117.150764947516336, -0.48388794511166 ], [ 117.150768540777477, -0.483917588458777 ], [ 117.150771235723312, -0.48395621463816 ], [ 117.150826032955663, -0.48395621463816 ], [ 117.150887118394962, -0.483951723221964 ], [ 117.150957186987128, -0.483935554123634 ], [ 117.151009289273603, -0.483910402192821 ], [ 117.151103612378421, -0.483847522365381 ], [ 117.15117817254702, -0.483806201335603 ], [ 117.151262614183722, -0.483732542107984 ], [ 117.151236563040484, -0.483671458845449 ], [ 117.151209613581955, -0.483613968715503 ], [ 117.151191647276278, -0.483551088885316 ], [ 117.15117817254702, -0.483490005621149 ], [ 117.15115571466491, -0.483428922356432 ], [ 117.151098222486723, -0.483275315908906 ], [ 117.150994017913774, -0.483297772992095 ], [ 117.150910474592351, -0.483305857542024 ], [ 117.150857473990598, -0.483306755825349 ], [ 117.150787405398432, -0.483319331791886 ], [ 117.150688590717181, -0.483339992308288 ] ] ] } },
{ "type": "Feature", "properties": { "FID": 80, "Kode_Prov": 64, "Provinsi": "Kalimantan Timur", "Kode_Kota": 6472, "Kota": "Kota Samarinda", "Kode_Kec": 647202, "Kecamatan": "Samarinda Seberang", "Kode_Kel": 64720203, "Kelurahan": "Sungai Keledang", "Basis": "64720203-RT024-00000", "skor_awal": 5, "luas_awal": 1.08, "kum_awal": "Tidak Kumuh", "skor_akhir": 5, "luas_akhir": 0.0, "kum_akhir": "Tidak Kumuh", "p_kumuh": 0.0, "Sumber": "DATA SIM KOTAKU, download pada tanggal 16 Desember 2021", "RT": "RT024", "city": "samarinda", "source_layer": "Delineasi Kumuh 2020", "role": "positif" }, "geometry": { "type": "Polygon", "coordinates": [ [ [ 117.122937834960155, -0.517105478153353 ], [ 117.122625221241279, -0.516869230851218 ], [ 117.122364709808892, -0.517388435937114 ], [ 117.12223714903854, -0.517632767727544 ], [ 117.122342251926796, -0.517711816245961 ], [ 117.122410523888377, -0.517607615926022 ], [ 117.122474304273538, -0.517650733299998 ], [ 117.122557847594976, -0.517523177734471 ], [ 117.122653069015087, -0.517618395269544 ], [ 117.123030361434402, -0.51717554389146 ], [ 117.122937834960155, -0.517105478153353 ] ] ] } },
{ "type": "Feature", "properties": { "FID": 81, "Kode_Prov": 64, "Provinsi": "Kalimantan Timur", "Kode_Kota": 6472, "Kota": "Kota Samarinda", "Kode_Kec": 647202, "Kecamatan": "Samarinda Seberang", "Kode_Kel": 64720203, "Kelurahan": "Sungai Keledang", "Basis": "64720203-RT023-00000", "skor_awal": 5, "luas_awal": 1.86, "kum_awal": "Tidak Kumuh", "skor_akhir": 4, "luas_akhir": 0.0, "kum_akhir": "Tidak Kumuh", "p_kumuh": 0.0, "Sumber": "DATA SIM KOTAKU, download pada tanggal 16 Desember 2021", "RT": "RT023", "city": "samarinda", "source_layer": "Delineasi Kumuh 2020", "role": "positif" }, "geometry": { "type": "Polygon", "coordinates": [ [ [ 117.123428315105272, -0.516123659459873 ], [ 117.123152532313043, -0.515858667197313 ], [ 117.122949513058842, -0.516223368410046 ], [ 117.122625221241279, -0.516869230851218 ], [ 117.122937834960155, -0.517105478153353 ], [ 117.123077073829194, -0.516911449951484 ], [ 117.123017785020423, -0.516852163555286 ], [ 117.123089650243145, -0.516754251172474 ], [ 117.123054615947098, -0.516732692482478 ], [ 117.123185769978562, -0.516549443614558 ], [ 117.123145345790775, -0.516509021069452 ], [ 117.123275601506975, -0.516376974086982 ], [ 117.123296262758515, -0.516397634499387 ], [ 117.123396874070323, -0.516278163418034 ], [ 117.123413942060736, -0.516294332436694 ], [ 117.123507366850276, -0.516200013160596 ], [ 117.123428315105272, -0.516123659459873 ] ] ] } },
{ "type": "Feature", "properties": { "FID": 82, "Kode_Prov": 64, "Provinsi": "Kalimantan Timur", "Kode_Kota": 6472, "Kota": "Kota Samarinda", "Kode_Kec": 647202, "Kecamatan": "Samarinda Seberang", "Kode_Kel": 64720203, "Kelurahan": "Sungai Keledang", "Basis": "64720203-RT022-00000", "skor_awal": 6, "luas_awal": 0.66, "kum_awal": "Tidak Kumuh", "skor_akhir": 6, "luas_akhir": 0.0, "kum_akhir": "Tidak Kumuh", "p_kumuh": 0.0, "Sumber": "DATA SIM KOTAKU, download pada tanggal 16 Desember 2021", "RT": "RT022", "city": "samarinda", "source_layer": "Delineasi Kumuh 2020", "role": "positif" }, "geometry": { "type": "Polygon", "coordinates": [ [ [ 117.123670860232011, -0.515857768918438 ], [ 117.123331297054605, -0.515538879909836 ], [ 117.123152532313043, -0.515858667197313 ], [ 117.123428315105272, -0.516123659459873 ], [ 117.12354060451581, -0.516009578046497 ], [ 117.123518146633714, -0.515987121075119 ], [ 117.123670860232011, -0.515857768918438 ] ] ] } },
{ "type": "Feature", "properties": { "FID": 83, "Kode_Prov": 64, "Provinsi": "Kalimantan Timur", "Kode_Kota": 6472, "Kota": "Kota Samarinda", "Kode_Kec": 647202, "Kecamatan": "Samarinda Seberang", "Kode_Kel": 64720203, "Kelurahan": "Sungai Keledang", "Basis": "64720203-RT021-00000", "skor_awal": 14, "luas_awal": 0.33, "kum_awal": "Tidak Kumuh", "skor_akhir": 14, "luas_akhir": 0.0, "kum_akhir": "Tidak Kumuh", "p_kumuh": 0.0, "Sumber": "DATA SIM KOTAKU, download pada tanggal 16 Desember 2021", "RT": "RT021", "city": "samarinda", "source_layer": "Delineasi Kumuh 2020", "role": "positif" }, "geometry": { "type": "Polygon", "coordinates": [ [ [ 117.123588215225851, -0.515356529286472 ], [ 117.123486705598765, -0.515258616880639 ], [ 117.123331297054605, -0.515538879909836 ], [ 117.123670860232011, -0.515857768918438 ], [ 117.123793929425915, -0.515973646892254 ], [ 117.12395562617705, -0.515811058416769 ], [ 117.123859506441661, -0.51571404429682 ], [ 117.123961914384054, -0.515639487148078 ], [ 117.123940354817236, -0.515608945665208 ], [ 117.124020304877519, -0.515550557535785 ], [ 117.123943049763071, -0.515478695221914 ], [ 117.123849624973545, -0.515484084895482 ], [ 117.123840641820706, -0.51548498317441 ], [ 117.123588215225851, -0.515356529286472 ] ] ] } },
{ "type": "Feature", "properties": { "FID": 84, "Kode_Prov": 64, "Provinsi": "Kalimantan Timur", "Kode_Kota": 6472, "Kota": "Kota Samarinda", "Kode_Kec": 647202, "Kecamatan": "Samarinda Seberang", "Kode_Kel": 64720203, "Kelurahan": "Sungai Keledang", "Basis": "64720203-RT016-00000", "skor_awal": 9, "luas_awal": 1.61, "kum_awal": "Tidak Kumuh", "skor_akhir": 9, "luas_akhir": 0.0, "kum_akhir": "Tidak Kumuh", "p_kumuh": 0.0, "Sumber": "DATA SIM KOTAKU, download pada tanggal 16 Desember 2021", "RT": "RT016", "city": "samarinda", "source_layer": "Delineasi Kumuh 2020", "role": "positif" }, "geometry": { "type": "Polygon", "coordinates": [ [ [ 117.124384122567591, -0.514696294227188 ], [ 117.124093068415533, -0.514395370742113 ], [ 117.123600791639831, -0.515054707553571 ], [ 117.123486705598765, -0.515258616880639 ], [ 117.123588215225851, -0.515356529286472 ], [ 117.123840641820706, -0.51548498317441 ], [ 117.123849624973545, -0.515484084895482 ], [ 117.123966405960473, -0.515382579375843 ], [ 117.123945744708934, -0.515361918960143 ], [ 117.124005033517676, -0.515284666970411 ], [ 117.123928676718535, -0.515208313258709 ], [ 117.123977185743883, -0.515128366430181 ], [ 117.123966405960473, -0.515117587082437 ], [ 117.124226917392861, -0.514855289615062 ], [ 117.124384122567591, -0.514696294227188 ] ] ] } },
{ "type": "Feature", "properties": { "FID": 85, "Kode_Prov": 64, "Provinsi": "Kalimantan Timur", "Kode_Kota": 6472, "Kota": "Kota Samarinda", "Kode_Kec": 647202, "Kecamatan": "Samarinda Seberang", "Kode_Kel": 64720203, "Kelurahan": "Sungai Keledang", "Basis": "64720203-RT015-00000", "skor_awal": 2, "luas_awal": 1.71, "kum_awal": "Tidak Kumuh", "skor_akhir": 2, "luas_akhir": 0.0, "kum_akhir": "Tidak Kumuh", "p_kumuh": 0.0, "Sumber": "DATA SIM KOTAKU, download pada tanggal 16 Desember 2021", "RT": "RT015", "city": "samarinda", "source_layer": "Delineasi Kumuh 2020", "role": "positif" }, "geometry": { "type": "Polygon", "coordinates": [ [ [ 117.126095413183847, -0.512016727292732 ], [ 117.12585646131825, -0.511855036995967 ], [ 117.125016536527596, -0.513181795588239 ], [ 117.124570972146685, -0.513763880516864 ], [ 117.125063248922388, -0.514198647620319 ], [ 117.125245606925034, -0.513904012065838 ], [ 117.125304895733805, -0.513939044952601 ], [ 117.125495338574027, -0.513682137111877 ], [ 117.125599543147004, -0.513740525258403 ], [ 117.126095413183847, -0.512016727292732 ] ] ] } },
{ "type": "Feature", "properties": { "FID": 86, "Kode_Prov": 64, "Provinsi": "Kalimantan Timur", "Kode_Kota": 6472, "Kota": "Kota Samarinda", "Kode_Kec": 647205, "Kecamatan": "Palaran", "Kode_Kel": 64720503, "Kelurahan": "Bantuas", "Basis": "64720503-RT001-00000", "skor_awal": 28, "luas_awal": 1.8, "kum_awal": "Kumuh Ringan", "skor_akhir": 28, "luas_akhir": 1.8, "kum_akhir": "Kumuh Ringan", "p_kumuh": 0.0, "Sumber": "DATA SIM KOTAKU, download pada tanggal 16 Desember 2021", "RT": "RT001", "city": "samarinda", "source_layer": "Delineasi Kumuh 2020", "role": "positif" }, "geometry": { "type": "Polygon", "coordinates": [ [ [ 117.22920224486451, -0.653053884536677 ], [ 117.228565339328043, -0.652589485680706 ], [ 117.228432388666022, -0.652768238823768 ], [ 117.230932400101693, -0.654633019977196 ], [ 117.231713036083619, -0.653149099770706 ], [ 117.231623204555206, -0.653099695640067 ], [ 117.231558525854751, -0.653060172335206 ], [ 117.231462406119348, -0.652999989120389 ], [ 117.231395930788338, -0.653114067750848 ], [ 117.23129621779178, -0.653051189765876 ], [ 117.231114758104383, -0.653342225003999 ], [ 117.231048282773358, -0.653298210416599 ], [ 117.230898264120924, -0.653525469404539 ], [ 117.231108469897407, -0.653673681782439 ], [ 117.230960247875529, -0.653864112225199 ], [ 117.230794059547975, -0.653733864989186 ], [ 117.230572175672776, -0.654038374039131 ], [ 117.230033186502325, -0.653617989859135 ], [ 117.230061034276119, -0.653573077017311 ], [ 117.229648707560713, -0.653261381883989 ], [ 117.229252550520414, -0.652977532696765 ], [ 117.22920224486451, -0.653053884536677 ] ] ] } },
{ "type": "Feature", "properties": { "FID": 87, "Kode_Prov": 64, "Provinsi": "Kalimantan Timur", "Kode_Kota": 6472, "Kota": "Kota Samarinda", "Kode_Kec": 647205, "Kecamatan": "Palaran", "Kode_Kel": 64720504, "Kelurahan": "Bukuan", "Basis": "64720504-RT006-00000", "skor_awal": 35, "luas_awal": 1.3, "kum_awal": "Kumuh Ringan", "skor_akhir": 35, "luas_akhir": 1.3, "kum_akhir": "Kumuh Ringan", "p_kumuh": 0.0, "Sumber": "DATA SIM KOTAKU, download pada tanggal 16 Desember 2021", "RT": "RT006", "city": "samarinda", "source_layer": "Delineasi Kumuh 2020", "role": "positif" }, "geometry": { "type": "Polygon", "coordinates": [ [ [ 117.201014009564105, -0.567745731214864 ], [ 117.200361832667838, -0.567360372864872 ], [ 117.199909081764645, -0.568230797632886 ], [ 117.200038439165553, -0.568329607453788 ], [ 117.200979873583321, -0.568938635221651 ], [ 117.201295182248046, -0.568384401990104 ], [ 117.200759786338722, -0.56815713940166 ], [ 117.201014009564105, -0.567745731214864 ] ] ] } },
{ "type": "Feature", "properties": { "FID": 88, "Kode_Prov": 64, "Provinsi": "Kalimantan Timur", "Kode_Kota": 6472, "Kota": "Kota Samarinda", "Kode_Kec": 647205, "Kecamatan": "Palaran", "Kode_Kel": 64720502, "Kelurahan": "Handil Bakti", "Basis": "64720502-RT016-00000", "skor_awal": 29, "luas_awal": 3.5, "kum_awal": "Kumuh Ringan", "skor_akhir": 23, "luas_akhir": 3.5, "kum_akhir": "Kumuh Ringan", "p_kumuh": 0.0, "Sumber": "DATA SIM KOTAKU, download pada tanggal 16 Desember 2021", "RT": "RT016", "city": "samarinda", "source_layer": "Delineasi Kumuh 2020", "role": "positif" }, "geometry": { "type": "Polygon", "coordinates": [ [ [ 117.157845468585748, -0.549897055564832 ], [ 117.15773677243638, -0.549719197327705 ], [ 117.157409785672954, -0.55014138606376 ], [ 117.157099866899912, -0.550578845424714 ], [ 117.156719879534762, -0.550926477378602 ], [ 117.156799829595045, -0.551028880585958 ], [ 117.156499792290148, -0.551266024848867 ], [ 117.156466554624629, -0.551292074786262 ], [ 117.156684845238672, -0.551566946532522 ], [ 117.156122499870804, -0.551952305920118 ], [ 117.156229399389616, -0.55207447112869 ], [ 117.15580898783665, -0.552373596224375 ], [ 117.156256348848146, -0.553018556589656 ], [ 117.15696152634618, -0.553863831836924 ], [ 117.157135799511281, -0.553688668538407 ], [ 117.156582437296279, -0.553011370402128 ], [ 117.156283298306661, -0.552618824895192 ], [ 117.156507877127723, -0.552456237389297 ], [ 117.156851931881505, -0.552206517343956 ], [ 117.156762998668384, -0.552073572855107 ], [ 117.156922898788963, -0.551975661033716 ], [ 117.15682049084657, -0.551817564878342 ], [ 117.157012730317376, -0.551652282529596 ], [ 117.157130409619583, -0.551847207907795 ], [ 117.157769111786592, -0.551455560597659 ], [ 117.158210184591113, -0.551229195626837 ], [ 117.158098793495881, -0.550611183281745 ], [ 117.158020640066141, -0.550243789284601 ], [ 117.157845468585748, -0.549897055564832 ] ] ] } },
{ "type": "Feature", "properties": { "FID": 89, "Kode_Prov": 64, "Provinsi": "Kalimantan Timur", "Kode_Kota": 6472, "Kota": "Kota Samarinda", "Kode_Kec": 647202, "Kecamatan": "Samarinda Seberang", "Kode_Kel": 64720201, "Kelurahan": "Baqa", "Basis": "64720201-RT005-00000", "skor_awal": 27, "luas_awal": 1.5, "kum_awal": "Kumuh Ringan", "skor_akhir": 27, "luas_akhir": 1.5, "kum_akhir": "Kumuh Ringan", "p_kumuh": 0.0, "Sumber": "DATA SIM KOTAKU, download pada tanggal 16 Desember 2021", "RT": "RT005", "city": "samarinda", "source_layer": "Delineasi Kumuh 2020", "role": "positif" }, "geometry": { "type": "Polygon", "coordinates": [ [ [ 117.139943841603824, -0.506340497165006 ], [ 117.13962583799325, -0.506194975769998 ], [ 117.139600685165277, -0.506238093220711 ], [ 117.139580023913766, -0.506288396912848 ], [ 117.139444378305868, -0.50623539838005 ], [ 117.139359936669152, -0.506439307986916 ], [ 117.139179375297033, -0.50637912321375 ], [ 117.139173087090029, -0.506392597416746 ], [ 117.139156917414923, -0.506386309455351 ], [ 117.139117391542428, -0.50648781511712 ], [ 117.139335682156471, -0.506571355173843 ], [ 117.140040859654491, -0.506889346347645 ], [ 117.140791851232038, -0.507262132590837 ], [ 117.141605724879426, -0.507719357134488 ], [ 117.141731489019236, -0.507482211206255 ], [ 117.141700047984287, -0.507468737005526 ], [ 117.141684776624444, -0.507456161084821 ], [ 117.141650640643661, -0.507441788603985 ], [ 117.141597640041894, -0.507397772881225 ], [ 117.141565300691639, -0.507379807280012 ], [ 117.141524876503865, -0.507359146838556 ], [ 117.14146109611869, -0.507331300156489 ], [ 117.141488045577219, -0.507281894752527 ], [ 117.14160392824887, -0.507053731609337 ], [ 117.141639860860238, -0.507001631362914 ], [ 117.140863716454774, -0.506595608738496 ], [ 117.140684053397948, -0.506952225956436 ], [ 117.140392100930598, -0.506794128653172 ], [ 117.140507983602248, -0.506550694729807 ], [ 117.13996629948592, -0.506299176275397 ], [ 117.139943841603824, -0.506340497165006 ] ] ] } }
]
}
