{
"type": "FeatureCollection",
"name": "admin__kelurahan",
"crs": { "type": "name", "properties": { "name": "urn:ogc:def:crs:OGC:1.3:CRS84" } },
"features": [
{ "type": "Feature", "properties": { "FID": 0, "Kode_BPS_K": 3174070005, "Longitude": "106° 44' 7.350\" E", "Latitude": "6° 8' 29.084\" S", "Kecamatan": "CENGKARENG", "ID": "3174070005", "KELURAHAN": "CENGKARENG TIMUR", "is_in_haml": "CENGKARENG TIMUR", "HAMLET": "Cengkareng Timur", "LUAS": 448.497, "city": "dki", "source_layer": "Kelurahan", "role": "admin" }, "geometry": { "type": "Polygon", "coordinates": [ [ [ 106.731012829227907, -6.122532508746785 ], [ 106.730590621044371, -6.123336380368591 ], [ 106.730114513943789, -6.125024506835755 ], [ 106.729880951969918, -6.127596879760023 ], [ 106.730231294930718, -6.134974519425223 ], [ 106.730078581332421, -6.139458216656558 ], [ 106.727401601785743, -6.150560117240206 ], [ 106.727428551244273, -6.154266653530065 ], [ 106.731399104800076, -6.155356280968309 ], [ 106.734336595779141, -6.155007957685965 ], [ 106.739519874968508, -6.154981163577864 ], [ 106.748008954403446, -6.155293761421628 ], [ 106.748179634307434, -6.154159476940024 ], [ 106.748610825643809, -6.15277511070923 ], [ 106.745502654760756, -6.152087391950735 ], [ 106.744694171005037, -6.151685477978631 ], [ 106.743364664384544, -6.151488986592783 ], [ 106.742457365947601, -6.151497918020988 ], [ 106.74246634910044, -6.151649752277515 ], [ 106.742160921903832, -6.151533643732309 ], [ 106.742151938750993, -6.151855175026141 ], [ 106.739897167387852, -6.151622958000102 ], [ 106.739816319012277, -6.15218563754214 ], [ 106.737786126470169, -6.152087391950735 ], [ 106.738432913474725, -6.15110493503802 ], [ 106.738289183029266, -6.151033483555361 ], [ 106.738217317806544, -6.150238585163142 ], [ 106.741352438148127, -6.147818156898474 ], [ 106.741199724549816, -6.147550212132956 ], [ 106.741361421300965, -6.146916075650227 ], [ 106.741163791938448, -6.146567746838078 ], [ 106.739933099999206, -6.146648130430354 ], [ 106.739897167387852, -6.145933609184311 ], [ 106.740319375571389, -6.145942540705808 ], [ 106.740256493501505, -6.145397717620102 ], [ 106.740445139711156, -6.144951140904345 ], [ 106.740454122864008, -6.14215556214915 ], [ 106.741343454995288, -6.141664324749176 ], [ 106.742403467030542, -6.13994945609154 ], [ 106.741828545248694, -6.13971723386965 ], [ 106.741514134899262, -6.139377831978609 ], [ 106.741433286523701, -6.138886592016453 ], [ 106.743238900244776, -6.136832310903357 ], [ 106.741702781108927, -6.134251050799747 ], [ 106.740615819615144, -6.132929154973019 ], [ 106.740876331047545, -6.13272372492194 ], [ 106.739052751020779, -6.130446125575228 ], [ 106.739169532007722, -6.13021389921312 ], [ 106.737283069911058, -6.128731220825927 ], [ 106.737040524784348, -6.128347152861005 ], [ 106.738630542837242, -6.126882332968967 ], [ 106.731551818398373, -6.121541065413731 ], [ 106.731012829227907, -6.122532508746785 ] ] ] } },
{ "type": "Feature", "properties": { "FID": 1, "Kode_BPS_K": 3175020003, "Longitude": "106° 51' 17.678\" E", "Latitude": "6° 7' 0.692\" S", "Kecamatan": "PADEMANGAN", "ID": "3175020003", "KELURAHAN": "ANCOL", "is_in_haml": "ANCOL", "HAMLET": "Ancol", "LUAS": 1334.65, "city": "dki", "source_layer": "Kelurahan", "role": "admin" }, "geometry": { "type": "MultiPolygon", "coordinates": [ [ [ [ 106.882783196479906, -6.094726738990895 ], [ 106.882208274698073, -6.094726738990895 ], [ 106.882037594794085, -6.096012999815811 ], [ 106.881112330051437, -6.096066593949929 ], [ 106.881031481675876, -6.096772249549788 ], [ 106.880761987090622, -6.096852640635175 ], [ 106.880761987090622, -6.098371136651447 ], [ 106.88044757674119, -6.098371136651447 ], [ 106.880483509352558, -6.096736520174637 ], [ 106.880097233780376, -6.096691858452352 ], [ 106.879980452793447, -6.098531918330865 ], [ 106.879468413081497, -6.098487256758084 ], [ 106.879701975055369, -6.095057236858323 ], [ 106.879118070120683, -6.094976845503902 ], [ 106.878498232574643, -6.106803177448278 ], [ 106.876881265063233, -6.106847838328013 ], [ 106.877501102609287, -6.105088196849171 ], [ 106.8775909341377, -6.102185222385515 ], [ 106.876782450381981, -6.101899390203242 ], [ 106.875929050862069, -6.102328138419487 ], [ 106.875452943761488, -6.102989124580839 ], [ 106.874545645324517, -6.103614381010095 ], [ 106.873925807778477, -6.107035413982227 ], [ 106.87237172233695, -6.107249786078019 ], [ 106.872955627271637, -6.104364687762076 ], [ 106.871392558677272, -6.105347230729219 ], [ 106.871015266257928, -6.106186856927597 ], [ 106.867772348082255, -6.108768252632825 ], [ 106.867655567095326, -6.109134470392636 ], [ 106.866047582736755, -6.110009819144867 ], [ 106.864035356500324, -6.111528277870415 ], [ 106.863433485259975, -6.112216048934232 ], [ 106.863406535801445, -6.114002463151174 ], [ 106.86308314229916, -6.113948870811467 ], [ 106.863020260229277, -6.113439743316432 ], [ 106.86286754663098, -6.113457607447268 ], [ 106.862795681408244, -6.113136053000952 ], [ 106.862256692237779, -6.113207509561282 ], [ 106.862193810167881, -6.113546928092499 ], [ 106.861870416665596, -6.113600520472477 ], [ 106.861960248194009, -6.114493726014962 ], [ 106.861466174787736, -6.114609842625928 ], [ 106.860954135075787, -6.111045944389216 ], [ 106.859409032787113, -6.11061720315208 ], [ 106.858681397406968, -6.110081276122667 ], [ 106.857091379354088, -6.109759719647441 ], [ 106.855384580314265, -6.109920497909202 ], [ 106.85299506165849, -6.110456425099604 ], [ 106.85135114468855, -6.111135265437051 ], [ 106.851494875134023, -6.111885561650267 ], [ 106.851629622426643, -6.111358567991417 ], [ 106.851800302330616, -6.111179925955379 ], [ 106.85224047681983, -6.111224586469979 ], [ 106.852393190418127, -6.110911962789507 ], [ 106.853605916051691, -6.110661863713641 ], [ 106.854629995475591, -6.11105487649467 ], [ 106.854890506907992, -6.111019148071956 ], [ 106.854863557449477, -6.110536814131879 ], [ 106.85640865973815, -6.110224190049649 ], [ 106.8569206994501, -6.110492153559884 ], [ 106.857953762026838, -6.111885561650267 ], [ 106.857854947345587, -6.11251080769095 ], [ 106.858402919668904, -6.113234305768944 ], [ 106.85856461642004, -6.113600520472477 ], [ 106.858465801738788, -6.113689841093845 ], [ 106.858923942533693, -6.114404405527835 ], [ 106.858609532184246, -6.115261881588476 ], [ 106.857360873939314, -6.116467704972546 ], [ 106.855375597161427, -6.117048285632059 ], [ 106.853857444331254, -6.118423812678061 ], [ 106.849320952146456, -6.119790404224801 ], [ 106.849132305936791, -6.119656424815902 ], [ 106.849078407019732, -6.11918303063544 ], [ 106.848602299919165, -6.119281282292284 ], [ 106.848746030364609, -6.12003156707617 ], [ 106.848036361290156, -6.120174478344141 ], [ 106.84701228186627, -6.120174478344141 ], [ 106.846715837822501, -6.119165166695892 ], [ 106.846248713874758, -6.119361669998085 ], [ 106.846473292695791, -6.120156614437736 ], [ 106.843787329996275, -6.121094468716668 ], [ 106.843068677768983, -6.123014831865057 ], [ 106.84332918920137, -6.123113082817231 ], [ 106.843365121812738, -6.123550745930062 ], [ 106.842520705445665, -6.123693656256574 ], [ 106.841900867899625, -6.123452495058402 ], [ 106.840436613986498, -6.123827634652947 ], [ 106.839798810134781, -6.123523950239584 ], [ 106.839331686187037, -6.122684351256921 ], [ 106.839340669339876, -6.122487849176766 ], [ 106.839798810134781, -6.122184164001613 ], [ 106.840149153095595, -6.122344938527613 ], [ 106.840337799305246, -6.122202027840226 ], [ 106.841415777646191, -6.122720078900091 ], [ 106.842529688598503, -6.122648623611361 ], [ 106.843077660921821, -6.121951934045297 ], [ 106.843077660921821, -6.121496405760825 ], [ 106.842538671751342, -6.120960489634751 ], [ 106.838711848640997, -6.12086223828666 ], [ 106.838657949723952, -6.121407086443811 ], [ 106.834202305914715, -6.121433882240482 ], [ 106.83412145753914, -6.120826510519238 ], [ 106.832962630822635, -6.120665735536273 ], [ 106.830653960542449, -6.121014081271548 ], [ 106.830447348027107, -6.12086223828666 ], [ 106.830186836594706, -6.120915829933313 ], [ 106.829944291467996, -6.120210206155162 ], [ 106.829351403380471, -6.120174478344141 ], [ 106.829234622393528, -6.120335253474923 ], [ 106.829342420227633, -6.120656803591357 ], [ 106.828848346821374, -6.120549620240713 ], [ 106.828551902777605, -6.120174478344141 ], [ 106.828156644052598, -6.117101877661151 ], [ 106.827599688576441, -6.116342656747981 ], [ 106.817224147044854, -6.11488673598111 ], [ 106.816595326345976, -6.119897587727735 ], [ 106.814610049568074, -6.119459921622087 ], [ 106.813828515270885, -6.12073719109023 ], [ 106.813172745113476, -6.120665735536273 ], [ 106.81302003151518, -6.119835064020303 ], [ 106.812499008650391, -6.119960111427851 ], [ 106.812355278204933, -6.119227690481699 ], [ 106.811951036327073, -6.119308078195561 ], [ 106.812525958108907, -6.122541440660341 ], [ 106.811852221645822, -6.122684351256921 ], [ 106.811555777602067, -6.120513892452387 ], [ 106.809678298658255, -6.120237002011859 ], [ 106.809076427417892, -6.116860713487926 ], [ 106.808025398535477, -6.11603003605862 ], [ 106.809893894326436, -6.12727533382243 ], [ 106.809678298658255, -6.127462902309568 ], [ 106.809696264963932, -6.127659402558725 ], [ 106.809390837767324, -6.127668334386513 ], [ 106.81037898457987, -6.130294285272982 ], [ 106.812966132598135, -6.129677991837826 ], [ 106.814924459917506, -6.129669060043677 ], [ 106.816604309498814, -6.135572943348741 ], [ 106.816828888319847, -6.137207441089026 ], [ 106.819838244521648, -6.136358931958853 ], [ 106.820341301080759, -6.136358931958853 ], [ 106.821257582670555, -6.136832310903357 ], [ 106.830698876306656, -6.135331787520083 ], [ 106.830582095319713, -6.139243857488403 ], [ 106.831040236114617, -6.140467489913974 ], [ 106.832118214455562, -6.141449966468977 ], [ 106.833366872700495, -6.141682187935298 ], [ 106.830716842612333, -6.130240694567753 ], [ 106.841855952135418, -6.128365016493411 ], [ 106.85140504360561, -6.126391081495226 ], [ 106.851710470802203, -6.126310694847387 ], [ 106.851602672968113, -6.125926625140639 ], [ 106.859876156734842, -6.122273483188699 ], [ 106.862139911250821, -6.122103776720468 ], [ 106.865598425094703, -6.120504960504933 ], [ 106.86669436974131, -6.119745744425567 ], [ 106.875470910067165, -6.112385758541266 ], [ 106.8793156994832, -6.110518949903529 ], [ 106.880249947378672, -6.109866905160646 ], [ 106.880735037632107, -6.109893701535595 ], [ 106.881013515370185, -6.110206325810863 ], [ 106.881732167597477, -6.110027683390212 ], [ 106.882343021990678, -6.110367103938469 ], [ 106.882998792148086, -6.10983117665863 ], [ 106.884220500934489, -6.109813312406728 ], [ 106.89313178855295, -6.110233122168818 ], [ 106.893257552692731, -6.109759719647441 ], [ 106.893194670622847, -6.107714258657822 ], [ 106.893302468456938, -6.107544547569605 ], [ 106.896796914912173, -6.107669597850348 ], [ 106.899473894458836, -6.108053680672885 ], [ 106.899348130319069, -6.111948086287214 ], [ 106.90672329880168, -6.112001678827354 ], [ 106.906840079788623, -6.111671191410982 ], [ 106.906759231413048, -6.108759320489212 ], [ 106.907163473290908, -6.108777184776289 ], [ 106.907217372207953, -6.108053680672885 ], [ 106.905959730810181, -6.108366306022711 ], [ 106.905294977499935, -6.107651733526316 ], [ 106.905672269919265, -6.097611889180708 ], [ 106.892682630910898, -6.09723673121018 ], [ 106.892395170019981, -6.105418688329257 ], [ 106.891631602028468, -6.105909959071461 ], [ 106.891631602028468, -6.10670492349975 ], [ 106.890823118272763, -6.106660262608097 ], [ 106.891155494927901, -6.09723673121018 ], [ 106.888253936560176, -6.097281392887098 ], [ 106.887921559905067, -6.106517347729778 ], [ 106.886780699494238, -6.106374432813322 ], [ 106.886924429939697, -6.097183137192969 ], [ 106.88625967662945, -6.096182714555483 ], [ 106.885729670611809, -6.095896879173522 ], [ 106.883879141126528, -6.095995135103249 ], [ 106.883735410681055, -6.106320839709819 ], [ 106.882450819824768, -6.106320839709819 ], [ 106.882783196479906, -6.094726738990895 ] ] ], [ [ [ 106.878049074932591, -6.098728429206912 ], [ 106.878327552670669, -6.095057236858323 ], [ 106.877016012355853, -6.094637415207998 ], [ 106.87603684869616, -6.100345175044374 ], [ 106.876432107421181, -6.100264784482555 ], [ 106.876512955796755, -6.099335826004851 ], [ 106.877159742801311, -6.099478742798492 ], [ 106.876989062897337, -6.100318378191774 ], [ 106.877716698277467, -6.099898560659499 ], [ 106.878049074932591, -6.098728429206912 ] ] ] ] } },
{ "type": "Feature", "properties": { "FID": 2, "Kode_BPS_K": 3174050007, "Longitude": "106° 47' 44.557\" E", "Latitude": "6° 8' 44.501\" S", "Kecamatan": "TAMBORA", "ID": "3174050007", "KELURAHAN": "ANGKE", "is_in_haml": "ANGKE", "HAMLET": "Angke", "LUAS": 81.3501, "city": "dki", "source_layer": "Kelurahan", "role": "admin" }, "geometry": { "type": "Polygon", "coordinates": [ [ [ 106.792071319089516, -6.143012993615838 ], [ 106.791963521255425, -6.142798635878631 ], [ 106.790580115717873, -6.142387783307733 ], [ 106.788693653621223, -6.142673593825399 ], [ 106.792089285395193, -6.148371908986165 ], [ 106.792736072399762, -6.149729492310156 ], [ 106.79355353930832, -6.149399028267517 ], [ 106.800991589860828, -6.148398703427398 ], [ 106.80057836483013, -6.142066246291957 ], [ 106.792071319089516, -6.143012993615838 ] ] ] } },
{ "type": "Feature", "properties": { "FID": 3, "Kode_BPS_K": 3172050001, "Longitude": "106° 51' 10.067\" E", "Latitude": "6° 16' 53.853\" S", "Kecamatan": "KRAMAT JATI", "ID": "3172050001", "KELURAHAN": "BALE KAMBANG", "is_in_haml": "BALE KAMBANG", "HAMLET": "Bale Kambang", "LUAS": 169.073, "city": "dki", "source_layer": "Kelurahan", "role": "admin" }, "geometry": { "type": "Polygon", "coordinates": [ [ [ 106.857558503301817, -6.267665161203576 ], [ 106.855582209676768, -6.267575866615211 ], [ 106.855716956969374, -6.268325940682421 ], [ 106.856633238559183, -6.27037077998225 ], [ 106.856444592349504, -6.270540438777914 ], [ 106.855833737956317, -6.270460074092112 ], [ 106.855375597161427, -6.269638567704631 ], [ 106.854953388977876, -6.269638567704631 ], [ 106.854872540602315, -6.269879662104692 ], [ 106.855016271047774, -6.270674379893392 ], [ 106.856579339642138, -6.271736978190262 ], [ 106.856875783685894, -6.272094153602033 ], [ 106.856947648908616, -6.272442399392891 ], [ 106.856723070087597, -6.272737068726517 ], [ 106.856381710279621, -6.272826362431093 ], [ 106.855456445536987, -6.272647775006646 ], [ 106.854576096558546, -6.272031647922638 ], [ 106.853578966593176, -6.27193342469702 ], [ 106.853569983440323, -6.272960302959275 ], [ 106.853354387772143, -6.273335336255075 ], [ 106.853066926881226, -6.273406771137966 ], [ 106.851988948540296, -6.273219254549496 ], [ 106.851521824592538, -6.273424629857158 ], [ 106.851315212077182, -6.273808592171791 ], [ 106.851953015928913, -6.275130134720129 ], [ 106.85175538656641, -6.276040925606498 ], [ 106.851342161535712, -6.276549896290667 ], [ 106.850560627238536, -6.276764199587864 ], [ 106.849446716286224, -6.276505249759321 ], [ 106.848135175971407, -6.277933936864354 ], [ 106.846769736739546, -6.278853652114744 ], [ 106.846787703045223, -6.279407266336678 ], [ 106.848099243360053, -6.280041243190424 ], [ 106.849159255395307, -6.279666214722311 ], [ 106.84997672230385, -6.279532275918235 ], [ 106.850434863098755, -6.279639426964252 ], [ 106.850389947334548, -6.279916233731067 ], [ 106.849329935299295, -6.280675219272186 ], [ 106.847614153106619, -6.282871806484695 ], [ 106.847569237342412, -6.283166469917732 ], [ 106.847874664539006, -6.28343434562116 ], [ 106.848216024346982, -6.283478991558323 ], [ 106.848575350460635, -6.283318266166604 ], [ 106.848880777657229, -6.283648646084614 ], [ 106.847695001482194, -6.284845155383415 ], [ 106.847398557438424, -6.285363046614671 ], [ 106.847416523744101, -6.286372040118865 ], [ 106.847712967787871, -6.287104228869802 ], [ 106.848557384154958, -6.288095360780695 ], [ 106.849437733133385, -6.288568603278984 ], [ 106.849770109788508, -6.288515028678158 ], [ 106.850354014723194, -6.287907849482986 ], [ 106.851072666950486, -6.288166793638227 ], [ 106.851261313160137, -6.288434666766567 ], [ 106.851153515326047, -6.289148994434086 ], [ 106.85075825660104, -6.289827604809116 ], [ 106.84949163205043, -6.290175838736576 ], [ 106.849329935299295, -6.290443710829715 ], [ 106.850201301124883, -6.292595611635071 ], [ 106.85073130714251, -6.292908127608487 ], [ 106.851279279465828, -6.292890269557928 ], [ 106.851575723509583, -6.292515250354382 ], [ 106.851719453955042, -6.291158035736487 ], [ 106.851872167553338, -6.291024099891249 ], [ 106.852554887169291, -6.29094373836754 ], [ 106.853695747580119, -6.2903097748004 ], [ 106.854153888375009, -6.290256200379011 ], [ 106.854567113405707, -6.29053300149675 ], [ 106.854216770444893, -6.29173842400031 ], [ 106.852366240959611, -6.293979609518781 ], [ 106.85226742627836, -6.294711787553088 ], [ 106.852411156723818, -6.294845722447702 ], [ 106.853219640479537, -6.293943893490709 ], [ 106.853812528567047, -6.293684952213749 ], [ 106.855869670567671, -6.294443917660255 ], [ 106.854980338436405, -6.278023229678301 ], [ 106.855698990663697, -6.276192723932761 ], [ 106.859876156734842, -6.267736596863262 ], [ 106.857558503301817, -6.267665161203576 ] ] ] } },
{ "type": "Feature", "properties": { "FID": 4, "Kode_BPS_K": 3172060007, "Longitude": "106° 51' 58.763\" E", "Latitude": "6° 13' 10.226\" S", "Kecamatan": "JATINEGARA", "ID": "3172060007", "KELURAHAN": "BALI MESTER", "is_in_haml": "BALI MESTER", "HAMLET": "Bali Mester", "LUAS": 66.8944, "city": "dki", "source_layer": "Kelurahan", "role": "admin" }, "geometry": { "type": "Polygon", "coordinates": [ [ [ 106.866083515348109, -6.215023357444605 ], [ 106.865823003915722, -6.214576839486988 ], [ 106.864385699461124, -6.21316584025045 ], [ 106.862409405836075, -6.211549437741879 ], [ 106.860882269853064, -6.212147775160703 ], [ 106.861268545425233, -6.213255144111742 ], [ 106.861798551442874, -6.214210694478986 ], [ 106.863936541819072, -6.216505794346214 ], [ 106.864259935321357, -6.218586557166271 ], [ 106.865445711496392, -6.221399592523196 ], [ 106.866263178404949, -6.224382286583161 ], [ 106.866900982256666, -6.225614652239256 ], [ 106.867152510536215, -6.226668411883787 ], [ 106.868068792126024, -6.226954176846669 ], [ 106.870368479253372, -6.226793434074183 ], [ 106.870125934126662, -6.224284054413697 ], [ 106.868841343270361, -6.21965819145805 ], [ 106.866784201269738, -6.215300198388021 ], [ 106.866685386588472, -6.215148382404831 ], [ 106.866083515348109, -6.215023357444605 ] ] ] } },
{ "type": "Feature", "properties": { "FID": 5, "Kode_BPS_K": 3172030006, "Longitude": "106° 54' 9.908\" E", "Latitude": "6° 18' 41.159\" S", "Kecamatan": "CIPAYUNG", "ID": "3172030006", "KELURAHAN": "BAMBU APUS", "is_in_haml": "BAMBU APUS", "HAMLET": "Bambu Apus", "LUAS": 394.978, "city": "dki", "source_layer": "Kelurahan", "role": "admin" }, "geometry": { "type": "Polygon", "coordinates": [ [ [ 106.909777570767687, -6.299667355646791 ], [ 106.909238581597208, -6.299381630483217 ], [ 106.908969087011982, -6.299649497828677 ], [ 106.906049562338595, -6.29965842673781 ], [ 106.90586091612893, -6.303185333829735 ], [ 106.892646698299529, -6.30333712422972 ], [ 106.894434345714927, -6.305328253010236 ], [ 106.8949284191212, -6.306301492547205 ], [ 106.895152997942233, -6.307497949657888 ], [ 106.894533160396193, -6.308640831483221 ], [ 106.894380446797882, -6.309283701402445 ], [ 106.894335531033676, -6.311096233130317 ], [ 106.894084002754127, -6.311605169470341 ], [ 106.89395823861436, -6.314417703384085 ], [ 106.896159111060442, -6.314908779167695 ], [ 106.895979448003615, -6.315631999019073 ], [ 106.896311824658738, -6.316623076433679 ], [ 106.895027233802438, -6.319301654544654 ], [ 106.893643828264899, -6.320962366009598 ], [ 106.894398413103559, -6.321248079272479 ], [ 106.894254682658101, -6.322337359639257 ], [ 106.894883503356994, -6.323283781701691 ], [ 106.894640958230283, -6.323783777563641 ], [ 106.895575206125756, -6.325158763690633 ], [ 106.895736902876905, -6.326283749619532 ], [ 106.896284875200223, -6.326569459941705 ], [ 106.896482504562726, -6.326899812304809 ], [ 106.897829977488897, -6.327453375250619 ], [ 106.898000657392885, -6.32784622601368 ], [ 106.898467781340628, -6.327131951676863 ], [ 106.898620494938925, -6.326346248766004 ], [ 106.899096602039521, -6.325337333049184 ], [ 106.898997787358255, -6.324792696312751 ], [ 106.899213383026449, -6.324256987487607 ], [ 106.899599658598618, -6.323971275887211 ], [ 106.899797287961121, -6.323239139190505 ], [ 106.900201529838981, -6.322569501060186 ], [ 106.900578822258311, -6.322373073710799 ], [ 106.901117811428776, -6.321328436099228 ], [ 106.902357486520856, -6.321739148574296 ], [ 106.902249688686766, -6.322283788527321 ], [ 106.903642077377157, -6.322408787779874 ], [ 106.90383970673966, -6.322069504024081 ], [ 106.904414628521494, -6.322542715516936 ], [ 106.905429724792555, -6.322462358878861 ], [ 106.905816000364723, -6.322739142801884 ], [ 106.907046692303979, -6.322881998962252 ], [ 106.907280254277836, -6.32121236512325 ], [ 106.906849062941461, -6.320926651840642 ], [ 106.905824983517562, -6.319765940007221 ], [ 106.906256174853937, -6.317855224086694 ], [ 106.906193292784053, -6.316551647494276 ], [ 106.905986680268711, -6.316114145025358 ], [ 106.906130410714169, -6.315721285350413 ], [ 106.906283124312466, -6.313908769807796 ], [ 106.906507703133499, -6.314140915009904 ], [ 106.907217372207953, -6.314203415623458 ], [ 106.908007889657966, -6.314096271709889 ], [ 106.908214502173323, -6.313837340493903 ], [ 106.908088738033541, -6.313096260780877 ], [ 106.907415001570456, -6.311569454655775 ], [ 106.90765754669718, -6.31047122290592 ], [ 106.908124670644909, -6.309846211927555 ], [ 106.908313316854574, -6.30906048277087 ], [ 106.910478256689316, -6.307069368323715 ], [ 106.911044195318311, -6.30769438265096 ], [ 106.910684869204658, -6.308015818297232 ], [ 106.911089111082504, -6.308622973974081 ], [ 106.911825729615487, -6.30897119529132 ], [ 106.912203022034817, -6.307712240192093 ], [ 106.912706078593928, -6.307730097732612 ], [ 106.912858792192225, -6.307551522299745 ], [ 106.913694225406445, -6.307605094936064 ], [ 106.913819989546241, -6.307372946805358 ], [ 106.914233214576925, -6.307685453880162 ], [ 106.914754237441713, -6.307828314194465 ], [ 106.915203395083779, -6.306935436584119 ], [ 106.915041698332629, -6.3068729350938 ], [ 106.915185428778088, -6.306488997202236 ], [ 106.915580687503109, -6.305810408605507 ], [ 106.915742384254244, -6.305676476540683 ], [ 106.915966963075277, -6.305774693391602 ], [ 106.916209508201987, -6.305390754686766 ], [ 106.916865278359396, -6.30352462995661 ], [ 106.917098840333267, -6.303569274167307 ], [ 106.917143756097474, -6.303256764611731 ], [ 106.917754610490661, -6.303301408845484 ], [ 106.917817492560573, -6.302551385208489 ], [ 106.915679502184361, -6.302738891219402 ], [ 106.913855922157595, -6.301837075974633 ], [ 106.912652179676869, -6.301542423129153 ], [ 106.912526415537101, -6.301685285135737 ], [ 106.911852679074002, -6.301354916685815 ], [ 106.909777570767687, -6.299667355646791 ] ] ] } },
{ "type": "Feature", "properties": { "FID": 6, "Kode_BPS_K": 3171070001, "Longitude": "106° 49' 5.541\" E", "Latitude": "6° 15' 47.635\" S", "Kecamatan": "MAMPANG PRAPATAN", "ID": "3171070001", "KELURAHAN": "BANGKA", "is_in_haml": "BANGKA", "HAMLET": "Bangka", "LUAS": 310.931, "city": "dki", "source_layer": "Kelurahan", "role": "admin" }, "geometry": { "type": "Polygon", "coordinates": [ [ [ 106.811717474353216, -6.254851231605533 ], [ 106.811205434641266, -6.254779794183192 ], [ 106.811151535724221, -6.253761809854157 ], [ 106.810792209610568, -6.253770739549871 ], [ 106.810810175916245, -6.254681567711533 ], [ 106.808627269775826, -6.254753005147297 ], [ 106.808393707801969, -6.255538816296375 ], [ 106.808654219234356, -6.256092455260228 ], [ 106.809175242099144, -6.256315696611998 ], [ 106.809220157863351, -6.256547867516684 ], [ 106.809013545348009, -6.256913982964506 ], [ 106.809256090474719, -6.25710150541162 ], [ 106.809139309487776, -6.257485479736218 ], [ 106.809363888308809, -6.257673001978245 ], [ 106.809588467129842, -6.258771345187154 ], [ 106.810019658466217, -6.258842782063857 ], [ 106.81048678241396, -6.25931605112528 ], [ 106.810603563400903, -6.259566079890294 ], [ 106.810450849802592, -6.259833967720004 ], [ 106.810558647636697, -6.260146503347686 ], [ 106.810828142221922, -6.260235799206962 ], [ 106.811034754737264, -6.260548334594197 ], [ 106.811456962920815, -6.260548334594197 ], [ 106.811717474353216, -6.261369855291562 ], [ 106.811430013462285, -6.261637742196066 ], [ 106.811933070021396, -6.261816333389387 ], [ 106.812067817314002, -6.26240568389396 ], [ 106.811654592283304, -6.262655711179776 ], [ 106.811897137410028, -6.263084329105462 ], [ 106.811798322728777, -6.263387933256579 ], [ 106.812310362440726, -6.263736184859552 ], [ 106.812570873873113, -6.265039893925642 ], [ 106.812930199986766, -6.265504227875028 ], [ 106.81334342501745, -6.265718535712323 ], [ 106.813029014668018, -6.266754355685152 ], [ 106.812921216833928, -6.266950804068714 ], [ 106.812759520082778, -6.26692401565713 ], [ 106.812148665689577, -6.268361658468242 ], [ 106.812094766772532, -6.268692047871149 ], [ 106.812274429829358, -6.268995648759578 ], [ 106.812157648842415, -6.269334967190453 ], [ 106.811726457506055, -6.269602850006255 ], [ 106.811537811296375, -6.270415427039092 ], [ 106.812220530912299, -6.271263720392743 ], [ 106.813037997820857, -6.271969142235751 ], [ 106.813909363646445, -6.272174518035956 ], [ 106.813963262563504, -6.273076384722525 ], [ 106.818203310704547, -6.273612146371737 ], [ 106.82104198700236, -6.27441578781288 ], [ 106.821598942478516, -6.272013789155721 ], [ 106.821823521299549, -6.271656613688889 ], [ 106.823054213238805, -6.271397661322419 ], [ 106.823692017090522, -6.270844038590273 ], [ 106.823889646453026, -6.270540438777914 ], [ 106.823952528522909, -6.268834918899483 ], [ 106.82483287750135, -6.268772412829402 ], [ 106.8253449172133, -6.268933142708759 ], [ 106.825641361257055, -6.268692047871149 ], [ 106.825425765588875, -6.267566937155535 ], [ 106.826153400969005, -6.266950804068714 ], [ 106.826566625999703, -6.266102503700705 ], [ 106.826494760776981, -6.26559352281793 ], [ 106.826638491222425, -6.265584593324327 ], [ 106.826297131414464, -6.264879162846909 ], [ 106.825821024313882, -6.261128756960011 ], [ 106.824877793265557, -6.260521545854048 ], [ 106.824707113361569, -6.260200080865085 ], [ 106.824823894348512, -6.259869686086918 ], [ 106.824617281833156, -6.258583823339333 ], [ 106.824680163903039, -6.255824565512238 ], [ 106.825326950907623, -6.254824442573299 ], [ 106.824356770400769, -6.254467255345668 ], [ 106.823808798077451, -6.253824317720954 ], [ 106.823808798077451, -6.254083278803781 ], [ 106.823377606741076, -6.253877895886544 ], [ 106.823449471963798, -6.254145786632144 ], [ 106.823296758365501, -6.254288661640336 ], [ 106.822164881107511, -6.254413677240476 ], [ 106.811717474353216, -6.254851231605533 ] ] ] } },
{ "type": "Feature", "properties": { "FID": 7, "Kode_BPS_K": 3172010003, "Longitude": "106° 50' 49.477\" E", "Latitude": "6° 19' 27.508\" S", "Kecamatan": "PASAR REBO", "ID": "3172010003", "KELURAHAN": "BARU", "is_in_haml": "BARU", "HAMLET": "Baru", "LUAS": 191.877, "city": "dki", "source_layer": "Kelurahan", "role": "admin" }, "geometry": { "type": "Polygon", "coordinates": [ [ [ 106.848620266224842, -6.317051649863088 ], [ 106.84897959233848, -6.316060573269056 ], [ 106.848970609185642, -6.315614141750959 ], [ 106.848350771639602, -6.315069494777532 ], [ 106.847703984635032, -6.315274853539723 ], [ 106.847039231324786, -6.315837357558133 ], [ 106.846670922058294, -6.316578433347707 ], [ 106.846167865499183, -6.317033792643948 ], [ 106.845754640468499, -6.317007006814082 ], [ 106.844955139865618, -6.316587361965209 ], [ 106.844074790887191, -6.316765934282912 ], [ 106.844173605568443, -6.317346293889949 ], [ 106.844092757192882, -6.318221296374873 ], [ 106.843553768022403, -6.318507011151564 ], [ 106.84270935165533, -6.318024867374389 ], [ 106.840104237331389, -6.318560582654629 ], [ 106.839466433479657, -6.319105225954297 ], [ 106.838478286667126, -6.320587367112565 ], [ 106.838370488833036, -6.321051651421203 ], [ 106.838559135042701, -6.321390935844733 ], [ 106.839232871505786, -6.321783791214977 ], [ 106.840670175960383, -6.321337364634762 ], [ 106.840921704239932, -6.321507006780638 ], [ 106.840742041183105, -6.321935576164466 ], [ 106.840230001471156, -6.322185574807691 ], [ 106.840176102554111, -6.32284628492586 ], [ 106.841631373314385, -6.323649850148031 ], [ 106.841748154301328, -6.324042703802113 ], [ 106.842942913629201, -6.325498045419135 ], [ 106.843248340825795, -6.326373034112179 ], [ 106.843248340825795, -6.326739100370759 ], [ 106.842996812546247, -6.327114094805793 ], [ 106.842215278249057, -6.327712299650739 ], [ 106.842017648886554, -6.327623015389492 ], [ 106.841640356467224, -6.326792671020995 ], [ 106.841263064047894, -6.326792671020995 ], [ 106.840975603156977, -6.327319448785853 ], [ 106.840589327584794, -6.32881942320833 ], [ 106.840238984624008, -6.3290515617179 ], [ 106.840517462362072, -6.329774761790505 ], [ 106.84144272710472, -6.330462247340467 ], [ 106.841918834205302, -6.331015806468852 ], [ 106.843077660921821, -6.331230087262476 ], [ 106.84308664407466, -6.33016761078825 ], [ 106.844577847446288, -6.330185467553776 ], [ 106.844586830599141, -6.330649743240726 ], [ 106.846670922058294, -6.330774740469749 ], [ 106.847254826992966, -6.330364035175072 ], [ 106.847227877534451, -6.330221181082974 ], [ 106.847991445525963, -6.330337250035813 ], [ 106.848189074888452, -6.329819403737116 ], [ 106.849204171159514, -6.32989975923129 ], [ 106.84989587392829, -6.329747976620689 ], [ 106.852357257806773, -6.329872974067954 ], [ 106.854899490060831, -6.330203324318683 ], [ 106.85640865973815, -6.324551627410136 ], [ 106.855321698244367, -6.324587341328728 ], [ 106.854198804139216, -6.323899847962441 ], [ 106.852986078505651, -6.323524851195494 ], [ 106.852465055640863, -6.323515922697728 ], [ 106.852456072488025, -6.323185568171992 ], [ 106.851710470802203, -6.323078426118316 ], [ 106.851485891981184, -6.322257002969272 ], [ 106.851081650103325, -6.321640934751234 ], [ 106.850614526155582, -6.32137307877536 ], [ 106.849159255395307, -6.319569511593137 ], [ 106.849132305936791, -6.318828440086765 ], [ 106.84814415912426, -6.318355225196089 ], [ 106.847191944923082, -6.318301653671762 ], [ 106.846886517726489, -6.318132010474805 ], [ 106.846868551420812, -6.317828438299343 ], [ 106.847991445525963, -6.317640937749066 ], [ 106.848620266224842, -6.317051649863088 ] ] ] } },
{ "type": "Feature", "properties": { "FID": 8, "Kode_BPS_K": 3172050002, "Longitude": "106° 51' 39.825\" E", "Latitude": "6° 16' 44.706\" S", "Kecamatan": "KRAMAT JATI", "ID": "3172050002", "KELURAHAN": "BATU AMPAR", "is_in_haml": "BATU AMPAR", "HAMLET": "Batu Ampar", "LUAS": 253.116, "city": "dki", "source_layer": "Kelurahan", "role": "admin" }, "geometry": { "type": "Polygon", "coordinates": [ [ [ 106.866424875156085, -6.268906354398974 ], [ 106.866317077321995, -6.268674188989856 ], [ 106.864762991880468, -6.268933142708759 ], [ 106.861331427495131, -6.269138519704748 ], [ 106.859319201258685, -6.268843848337453 ], [ 106.855312715091515, -6.277041007882922 ], [ 106.854980338436405, -6.278023229678301 ], [ 106.855779839039258, -6.29276526318682 ], [ 106.856956632061454, -6.292542037449325 ], [ 106.857872913651264, -6.292595611635071 ], [ 106.85783698103991, -6.292211663181837 ], [ 106.859498864315526, -6.292238450292432 ], [ 106.860271415459863, -6.290961596484994 ], [ 106.860082769250198, -6.28996154096267 ], [ 106.858923942533693, -6.288827547105156 ], [ 106.859193437118918, -6.287256023969649 ], [ 106.859579712691101, -6.286791709407079 ], [ 106.859750392595075, -6.286291677876109 ], [ 106.860612775267839, -6.286282748737259 ], [ 106.860873286700226, -6.28643454407687 ], [ 106.860828370936019, -6.28680956766715 ], [ 106.862912462395172, -6.286238103040707 ], [ 106.86284059717245, -6.285747000125714 ], [ 106.863020260229277, -6.284639784579984 ], [ 106.863541283094065, -6.28476479290477 ], [ 106.864017390194647, -6.284684430413713 ], [ 106.864403665766815, -6.283773654647535 ], [ 106.86389162605488, -6.28252356766691 ], [ 106.863747895609407, -6.281568142021507 ], [ 106.864771975033307, -6.281568142021507 ], [ 106.866712336047001, -6.281916381478567 ], [ 106.867350139898733, -6.282077107303241 ], [ 106.867880145916359, -6.282443204829715 ], [ 106.868086758431701, -6.28203246124581 ], [ 106.868203539418644, -6.28169315108418 ], [ 106.868113707890231, -6.280603785386075 ], [ 106.868464050851045, -6.279559063681805 ], [ 106.86823048887716, -6.279005449621261 ], [ 106.869335416676634, -6.278666137486777 ], [ 106.868796427506155, -6.277255310978073 ], [ 106.867835230152139, -6.276121289431794 ], [ 106.867026746396448, -6.274433646497497 ], [ 106.866918948562358, -6.271585178566158 ], [ 106.867269291523144, -6.270317203508994 ], [ 106.866424875156085, -6.268906354398974 ] ] ] } },
{ "type": "Feature", "properties": { "FID": 9, "Kode_BPS_K": 3173010002, "Longitude": "106° 48' 32.890\" E", "Latitude": "6° 12' 31.042\" S", "Kecamatan": "TANAH ABANG", "ID": "3173010002", "KELURAHAN": "BENDUNGAN HILIR", "is_in_haml": "BENDUNGAN HILIR", "HAMLET": "Bendungan Hilir", "LUAS": 157.353, "city": "dki", "source_layer": "Kelurahan", "role": "admin" }, "geometry": { "type": "Polygon", "coordinates": [ [ [ 106.814241740301583, -6.217907854318514 ], [ 106.816774989402802, -6.215871740520046 ], [ 106.814798695777739, -6.213469473317019 ], [ 106.812867317916883, -6.211969167047187 ], [ 106.812651722248688, -6.21125473398711 ], [ 106.812795452694147, -6.209843725845253 ], [ 106.812552907567436, -6.208950680763659 ], [ 106.809938810090642, -6.205065917040198 ], [ 106.810208304675882, -6.204681904357888 ], [ 106.810944923208865, -6.204306821932946 ], [ 106.811465946073653, -6.203172642500333 ], [ 106.811456962920815, -6.202761836749484 ], [ 106.811178485182737, -6.202172419243463 ], [ 106.811421030309447, -6.20058277480602 ], [ 106.811331198781033, -6.199305697432931 ], [ 106.810127456300322, -6.197921449235818 ], [ 106.807917600701387, -6.200466676990795 ], [ 106.807109116945668, -6.201136471727005 ], [ 106.801027522472182, -6.203994253041586 ], [ 106.801557528489823, -6.205101639135955 ], [ 106.802662456289283, -6.206092926327206 ], [ 106.803704502018846, -6.20776292845877 ], [ 106.804998076027999, -6.209290038073067 ], [ 106.806624026692248, -6.211772698052322 ], [ 106.808851848596873, -6.21438930183179 ], [ 106.812391210816301, -6.219408143652 ], [ 106.814241740301583, -6.217907854318514 ] ] ] } },
{ "type": "Feature", "properties": { "FID": 10, "Kode_BPS_K": 3172060001, "Longitude": "106° 52' 1.029\" E", "Latitude": "6° 14' 7.360\" S", "Kecamatan": "JATINEGARA", "ID": "3172060001", "KELURAHAN": "BIDARA CINA", "is_in_haml": "BIDARA CINA", "HAMLET": "Bidara Cina", "LUAS": 124.507, "city": "dki", "source_layer": "Kelurahan", "role": "admin" }, "geometry": { "type": "Polygon", "coordinates": [ [ [ 106.8671255610777, -6.226534459503905 ], [ 106.866900982256666, -6.225614652239256 ], [ 106.866361993086201, -6.224632332022543 ], [ 106.863720946150877, -6.225060981070293 ], [ 106.86483485710319, -6.22682022453968 ], [ 106.864888756020235, -6.228534811488412 ], [ 106.864762991880468, -6.228874156158239 ], [ 106.863505350482697, -6.230347623890809 ], [ 106.863361620037239, -6.231017380583593 ], [ 106.865266048439565, -6.232446192004486 ], [ 106.866388942544717, -6.234133970482358 ], [ 106.866424875156085, -6.234678702059373 ], [ 106.866272161557788, -6.234812652360497 ], [ 106.865337913662302, -6.234848372435018 ], [ 106.865248082133888, -6.235026972771131 ], [ 106.865490627260598, -6.235607423443422 ], [ 106.866415892003246, -6.23683083275608 ], [ 106.866972847479403, -6.238679336301857 ], [ 106.866847083339621, -6.239179413435447 ], [ 106.866658437129956, -6.239241923043594 ], [ 106.866353009933363, -6.239054394196783 ], [ 106.86534689681514, -6.236866552693121 ], [ 106.865140284299798, -6.236759392874696 ], [ 106.864286884779872, -6.236937992559902 ], [ 106.863810777679291, -6.237277331794169 ], [ 106.863550266246904, -6.237572020950988 ], [ 106.862768731949728, -6.240045617341289 ], [ 106.862517203670166, -6.242054847692266 ], [ 106.86255313628152, -6.243081784673505 ], [ 106.865221132675359, -6.243385400438836 ], [ 106.869263551453898, -6.244805248299172 ], [ 106.870054068903926, -6.242947836485788 ], [ 106.870350512947681, -6.24173337135393 ], [ 106.870323563489166, -6.240885030069483 ], [ 106.869928304764144, -6.238920444979406 ], [ 106.86998220368119, -6.236768322860402 ], [ 106.869712709095964, -6.231633555985995 ], [ 106.869784574318686, -6.230026140374675 ], [ 106.870503226545978, -6.22682022453968 ], [ 106.868068792126024, -6.226954176846669 ], [ 106.867152510536215, -6.226668411883787 ], [ 106.8671255610777, -6.226534459503905 ] ] ] } },
{ "type": "Feature", "properties": { "FID": 11, "Kode_BPS_K": 3171040001, "Longitude": "106° 45' 49.149\" E", "Latitude": "6° 16' 13.095\" S", "Kecamatan": "PESANGGRAHAN", "ID": "3171040001", "KELURAHAN": "BINTARO", "is_in_haml": "BINTARO", "HAMLET": "Bintaro", "LUAS": 458.957, "city": "dki", "source_layer": "Kelurahan", "role": "admin" }, "geometry": { "type": "Polygon", "coordinates": [ [ [ 106.76707120473246, -6.252850980090222 ], [ 106.766945440592693, -6.252833120667227 ], [ 106.766738828077337, -6.253520708012228 ], [ 106.766505266103465, -6.253779669245433 ], [ 106.766388485116536, -6.253806458331202 ], [ 106.766271704129608, -6.253592145606613 ], [ 106.76634356935233, -6.254797653539693 ], [ 106.763028785953935, -6.256583586108249 ], [ 106.762408948407895, -6.257164012879037 ], [ 106.761923858154461, -6.25808376474942 ], [ 106.761115374398742, -6.261343066593554 ], [ 106.760199092808946, -6.262834302024909 ], [ 106.756884309410552, -6.265245272454209 ], [ 106.750299658377955, -6.271906636541366 ], [ 106.751575266081403, -6.272862079908641 ], [ 106.751656114456978, -6.274531869251946 ], [ 106.756821427340668, -6.274380070441812 ], [ 106.756947191480435, -6.274237200933059 ], [ 106.757234652371366, -6.2753801559063 ], [ 106.757037023008849, -6.276255229113072 ], [ 106.757108888231571, -6.277121371553937 ], [ 106.75700109039748, -6.277532119012146 ], [ 106.757899405681613, -6.277925007582117 ], [ 106.759893665612353, -6.278201815260267 ], [ 106.760495536852702, -6.277942866146438 ], [ 106.762265217962423, -6.277862502602175 ], [ 106.76152859942944, -6.281818160116831 ], [ 106.760145193891901, -6.28643454407687 ], [ 106.761834026626047, -6.286916717214704 ], [ 106.763019802801082, -6.286889929829885 ], [ 106.763118617482334, -6.288729327048341 ], [ 106.766226788365387, -6.288881121673779 ], [ 106.766756794383014, -6.288809688914387 ], [ 106.767331716164861, -6.288523957778678 ], [ 106.766756794383014, -6.287264953091789 ], [ 106.766190855754019, -6.286711347229167 ], [ 106.766702895465968, -6.286282748737259 ], [ 106.767044255273944, -6.286202386480706 ], [ 106.767691042278514, -6.286514906297551 ], [ 106.767924604252372, -6.286488118892036 ], [ 106.768068334697844, -6.286273819598255 ], [ 106.768014435780799, -6.285961299636551 ], [ 106.767161036260873, -6.28499695114254 ], [ 106.766190855754019, -6.284684430413713 ], [ 106.765705765500613, -6.283996884149484 ], [ 106.766118990531297, -6.283639716900399 ], [ 106.766738828077337, -6.283389699680164 ], [ 106.767637143361455, -6.28218425782545 ], [ 106.769002582593316, -6.281862806192645 ], [ 106.769532588610943, -6.281478849815501 ], [ 106.769514622305266, -6.281184185427006 ], [ 106.767987486322269, -6.280353766707494 ], [ 106.767969520016578, -6.279835870491346 ], [ 106.767592227597262, -6.279389407822577 ], [ 106.767565278138733, -6.279175105605591 ], [ 106.767897654793856, -6.278934015506059 ], [ 106.768652239632516, -6.278853652114744 ], [ 106.768975633134801, -6.278666137486777 ], [ 106.769056481510361, -6.278353612956789 ], [ 106.769370891859808, -6.278050017519499 ], [ 106.769784116890506, -6.278237532369311 ], [ 106.770107510392791, -6.27822860309228 ], [ 106.770278190296779, -6.278067876079533 ], [ 106.770278190296779, -6.27732674532353 ], [ 106.769433773929691, -6.276174865308437 ], [ 106.769334959248454, -6.275344438601336 ], [ 106.768481559728528, -6.27479974939725 ], [ 106.768346812435908, -6.274540798592341 ], [ 106.768652239632516, -6.273781804112506 ], [ 106.769487672846751, -6.273808592171791 ], [ 106.770080560934261, -6.274397929127652 ], [ 106.770430903895075, -6.274433646497497 ], [ 106.770682432174624, -6.274263988968934 ], [ 106.770978876218393, -6.273853238934202 ], [ 106.771607696917272, -6.272165588655021 ], [ 106.770924977301348, -6.271629825519012 ], [ 106.770826162620097, -6.271174426420509 ], [ 106.771104640358161, -6.27064759167305 ], [ 106.771023791982586, -6.270093968144506 ], [ 106.769864965266081, -6.269683214824163 ], [ 106.769649369597886, -6.26945104976086 ], [ 106.769622420139356, -6.268834918899483 ], [ 106.769200211955834, -6.268102704465623 ], [ 106.769712251667784, -6.267049028232759 ], [ 106.769218178261511, -6.266111433185445 ], [ 106.769209195108672, -6.265834619087444 ], [ 106.769811066349035, -6.264718431718675 ], [ 106.770134459851306, -6.264495193958459 ], [ 106.770556668034843, -6.264718431718675 ], [ 106.770907010995657, -6.265298849448369 ], [ 106.77148193277749, -6.265370285432026 ], [ 106.771580747458742, -6.265013105415957 ], [ 106.77123938765078, -6.264227308520165 ], [ 106.77061955010474, -6.263512946679248 ], [ 106.770727347938831, -6.263075399568932 ], [ 106.771365151790548, -6.262753936152159 ], [ 106.771904140961027, -6.262780724777784 ], [ 106.772146686087737, -6.263012892808951 ], [ 106.772497029048537, -6.263039681421288 ], [ 106.773107883441753, -6.262548556643372 ], [ 106.772586860576965, -6.260780503617932 ], [ 106.772703641563893, -6.259030303818727 ], [ 106.772461096437183, -6.25846773835219 ], [ 106.772146686087737, -6.25815520172014 ], [ 106.771688545292832, -6.258048046260399 ], [ 106.77113158981669, -6.258315934868544 ], [ 106.770969893065541, -6.258753485966452 ], [ 106.770709381633139, -6.258967796574582 ], [ 106.770323106060985, -6.258860641281507 ], [ 106.770161409309836, -6.258226638681091 ], [ 106.769200211955834, -6.258217709061506 ], [ 106.769038515204684, -6.257887313029582 ], [ 106.769685302209254, -6.257262238884157 ], [ 106.769990729405848, -6.256172822157851 ], [ 106.770152426156997, -6.256012088350249 ], [ 106.771248370803619, -6.256190681466755 ], [ 106.771589730611581, -6.256065666291608 ], [ 106.772047871406485, -6.255556675626944 ], [ 106.771949056725234, -6.255119121852366 ], [ 106.771517865388859, -6.254815512895583 ], [ 106.77037700497803, -6.254690497391537 ], [ 106.770053611475745, -6.254279731953468 ], [ 106.769766150584829, -6.254556552175456 ], [ 106.768804953230813, -6.254458325661851 ], [ 106.76844562711716, -6.255360222957134 ], [ 106.768149183073405, -6.255297715273984 ], [ 106.767682059125661, -6.25460120058463 ], [ 106.767619177055778, -6.25421722414112 ], [ 106.768041385239314, -6.253181379305617 ], [ 106.767996469475108, -6.253011714869734 ], [ 106.76707120473246, -6.252850980090222 ] ] ] } },
{ "type": "Feature", "properties": { "FID": 12, "Kode_BPS_K": 3171090005, "Longitude": "106° 51' 29.760\" E", "Latitude": "6° 13' 16.626\" S", "Kecamatan": "TEBET", "ID": "3171090005", "KELURAHAN": "BUKIT DURI", "is_in_haml": "BUKIT DURI", "HAMLET": "Bukit Duri", "LUAS": 108.898, "city": "dki", "source_layer": "Kelurahan", "role": "admin" }, "geometry": { "type": "Polygon", "coordinates": [ [ [ 106.857414772856359, -6.217497060064072 ], [ 106.856291878751207, -6.216291466377806 ], [ 106.856776969004642, -6.214764377075341 ], [ 106.8565703564893, -6.21471079491406 ], [ 106.854028124235228, -6.217898924012045 ], [ 106.852725567073264, -6.219068792867861 ], [ 106.852545904016438, -6.21993502996174 ], [ 106.852590819780644, -6.221149545545479 ], [ 106.851970982234604, -6.224194752425519 ], [ 106.857280025563753, -6.22540032798502 ], [ 106.859229369730286, -6.225471769412816 ], [ 106.863720946150877, -6.225060981070293 ], [ 106.863819760832129, -6.224605541445444 ], [ 106.865284014745257, -6.224543030093568 ], [ 106.865544526177644, -6.224257263818838 ], [ 106.865553509330482, -6.223364243208442 ], [ 106.863505350482697, -6.22096201023413 ], [ 106.86297534446507, -6.219613540072834 ], [ 106.862499237364474, -6.219551028127162 ], [ 106.861672787303092, -6.219792145590943 ], [ 106.861295494883763, -6.220381543370177 ], [ 106.86173566937299, -6.221122754790812 ], [ 106.861708719914461, -6.221506755477229 ], [ 106.861493124246266, -6.221694290594212 ], [ 106.861008033992832, -6.221801453488157 ], [ 106.860522943739426, -6.221694290594212 ], [ 106.860109718708728, -6.221372801781273 ], [ 106.860172600778611, -6.220926289214858 ], [ 106.860999050839993, -6.219515307012012 ], [ 106.86255313628152, -6.217434547866789 ], [ 106.86359518201111, -6.216496864015941 ], [ 106.86348738417702, -6.216220023702263 ], [ 106.863128058063367, -6.216103929333812 ], [ 106.862454321600282, -6.216264675375615 ], [ 106.860487011128058, -6.217273802182512 ], [ 106.859867173582003, -6.217113056449106 ], [ 106.858735296324014, -6.216264675375615 ], [ 106.858546650114349, -6.216327187711938 ], [ 106.857666301135922, -6.217577432878234 ], [ 106.857414772856359, -6.217497060064072 ] ] ] } },
{ "type": "Feature", "properties": { "FID": 13, "Kode_BPS_K": 3173030006, "Longitude": "106° 50' 52.959\" E", "Latitude": "6° 10' 17.616\" S", "Kecamatan": "SENEN", "ID": "3173030006", "KELURAHAN": "BUNGUR", "is_in_haml": "BUNGUR", "HAMLET": "Bungur", "LUAS": 63.4331, "city": "dki", "source_layer": "Kelurahan", "role": "admin" }, "geometry": { "type": "Polygon", "coordinates": [ [ [ 106.848898743962906, -6.168163701436653 ], [ 106.845530061647466, -6.168288737490462 ], [ 106.845107853463915, -6.168556671792174 ], [ 106.843544784869565, -6.168601327495963 ], [ 106.84381427945479, -6.171539664536825 ], [ 106.845089887158238, -6.175192468107784 ], [ 106.845485145883259, -6.174942399228926 ], [ 106.852159628444269, -6.174513709447588 ], [ 106.852456072488025, -6.16903002206092 ], [ 106.849311968993604, -6.168735294584753 ], [ 106.848898743962906, -6.168163701436653 ] ] ] } },
{ "type": "Feature", "properties": { "FID": 14, "Kode_BPS_K": 3172080006, "Longitude": "106° 56' 7.592\" E", "Latitude": "6° 10' 25.094\" S", "Kecamatan": "CAKUNG", "ID": "3172080006", "KELURAHAN": "CAKUNG BARAT", "is_in_haml": "CAKUNG BARAT", "HAMLET": "Cakung Barat", "LUAS": 572.212, "city": "dki", "source_layer": "Kelurahan", "role": "admin" }, "geometry": { "type": "Polygon", "coordinates": [ [ [ 106.934633954679271, -6.158321485303063 ], [ 106.932882239875241, -6.158339347929614 ], [ 106.932927155639447, -6.159071715100795 ], [ 106.931193407141095, -6.159232478490966 ], [ 106.931714430005897, -6.160518583859829 ], [ 106.928992534694999, -6.160929422418224 ], [ 106.9292530461274, -6.16150102336178 ], [ 106.93218155395364, -6.164135738501596 ], [ 106.930079496188796, -6.168136907992714 ], [ 106.925138762126124, -6.165457556761675 ], [ 106.924204514230652, -6.165814804374636 ], [ 106.924087733243724, -6.166734715870366 ], [ 106.923602642990289, -6.168369117795194 ], [ 106.924249429994859, -6.168708501169703 ], [ 106.924366210981788, -6.168610258636269 ], [ 106.925174694737507, -6.168637052056283 ], [ 106.925408256711378, -6.168449498087739 ], [ 106.925713683907972, -6.168556671792174 ], [ 106.925659784990927, -6.169378336139666 ], [ 106.925938262729005, -6.169753443353112 ], [ 106.925408256711378, -6.170226792553113 ], [ 106.925498088239777, -6.170351828120264 ], [ 106.92588436381196, -6.17032503478693 ], [ 106.926028094257418, -6.170494725875171 ], [ 106.925902330117637, -6.171030592112904 ], [ 106.925498088239777, -6.171584319989275 ], [ 106.925534020851146, -6.171825459367472 ], [ 106.925309442030127, -6.171905839135817 ], [ 106.925983178493212, -6.172004081058345 ], [ 106.926558100275045, -6.172932912880115 ], [ 106.926225723619922, -6.173567018284577 ], [ 106.926486235052323, -6.174308295471059 ], [ 106.926387420371071, -6.174567295689234 ], [ 106.9268545443188, -6.175531847111634 ], [ 106.926926409541537, -6.17668394789684 ], [ 106.92723183673813, -6.177326979803087 ], [ 106.927618112310313, -6.177675288426173 ], [ 106.927734893297242, -6.178193285441759 ], [ 106.927869640589861, -6.179631171052329 ], [ 106.927645061768828, -6.180283130321338 ], [ 106.927375567183589, -6.180542127616214 ], [ 106.927492348170531, -6.181113707404536 ], [ 106.926585049733575, -6.182158625108631 ], [ 106.926189791008554, -6.183694739694992 ], [ 106.928794905332509, -6.183435743943725 ], [ 106.929064399917735, -6.185945318123832 ], [ 106.929486608101271, -6.187043811258398 ], [ 106.931956975132593, -6.188052993995835 ], [ 106.932774442041151, -6.188079786431629 ], [ 106.933708689936637, -6.188499534415065 ], [ 106.934130898120173, -6.188044063183601 ], [ 106.934050049744599, -6.186865194643976 ], [ 106.934112931814482, -6.186481168718569 ], [ 106.934310561177, -6.186275759388123 ], [ 106.936206006426488, -6.186400791163988 ], [ 106.937212119544711, -6.18691877963464 ], [ 106.937490597282775, -6.187124188715195 ], [ 106.937876872854957, -6.188044063183601 ], [ 106.937876872854957, -6.188526326828219 ], [ 106.938308064191332, -6.188963936050762 ], [ 106.938568575623719, -6.189633745383318 ], [ 106.939170446864082, -6.191786060289479 ], [ 106.939107564794199, -6.192848818356976 ], [ 106.940535886095944, -6.193500761323054 ], [ 106.941182673100514, -6.193134601674076 ], [ 106.942116920995986, -6.193036363676269 ], [ 106.942934387904543, -6.192598757827634 ], [ 106.943473377075023, -6.192589827092253 ], [ 106.943374562393771, -6.191419899451525 ], [ 106.943904568411398, -6.190812607745998 ], [ 106.944317793442082, -6.190642923174062 ], [ 106.944677119555735, -6.189999907459447 ], [ 106.944183046149476, -6.189026451624396 ], [ 106.943123034114208, -6.188553119240015 ], [ 106.942970320515911, -6.184409210075342 ], [ 106.943212865642622, -6.181854974022757 ], [ 106.943051168891472, -6.17888990131859 ], [ 106.943158966725576, -6.175067433683116 ], [ 106.942745741694878, -6.171093109805342 ], [ 106.942700825930672, -6.169208644693997 ], [ 106.941290470934604, -6.161626060986124 ], [ 106.9410928415721, -6.157901713406162 ], [ 106.940634700777196, -6.157044305947438 ], [ 106.940212492593659, -6.151337152290341 ], [ 106.938972817501579, -6.152373197257127 ], [ 106.937481614129936, -6.155436663231804 ], [ 106.935729899325906, -6.158500111541525 ], [ 106.934633954679271, -6.158321485303063 ] ] ] } },
{ "type": "Feature", "properties": { "FID": 15, "Kode_BPS_K": 3172080005, "Longitude": "106° 57' 18.778\" E", "Latitude": "6° 10' 17.932\" S", "Kecamatan": "CAKUNG", "ID": "3172080005", "KELURAHAN": "CAKUNG TIMUR", "is_in_haml": "CAKUNG TIMUR", "HAMLET": "Cakung Timur", "LUAS": 840.629, "city": "dki", "source_layer": "Kelurahan", "role": "admin" }, "geometry": { "type": "Polygon", "coordinates": [ [ [ 106.968159081082618, -6.15508834000216 ], [ 106.964341241125112, -6.156151171706092 ], [ 106.962769189377909, -6.156285141938031 ], [ 106.960810862058523, -6.15561529044047 ], [ 106.960703064224433, -6.155990407383167 ], [ 106.960972558809672, -6.156106514954604 ], [ 106.960855777822729, -6.156597739014487 ], [ 106.960945609351143, -6.157580185771356 ], [ 106.960765946294316, -6.157732018289829 ], [ 106.960658148460226, -6.158410798429806 ], [ 106.960164075053953, -6.158339347929614 ], [ 106.959894580468728, -6.160464996198334 ], [ 106.957828455315237, -6.158830569924269 ], [ 106.956067757358369, -6.158053545832707 ], [ 106.954307059401501, -6.15775881225917 ], [ 106.953597390327047, -6.158160721637073 ], [ 106.953148232684981, -6.158687669027239 ], [ 106.952582294055986, -6.160098813700005 ], [ 106.95213313641392, -6.159991638286857 ], [ 106.951612113549132, -6.161509954621639 ], [ 106.950866511863325, -6.162224454923352 ], [ 106.95089346132184, -6.16280498571015 ], [ 106.949024965530882, -6.162894298082517 ], [ 106.948917167696777, -6.163733833647933 ], [ 106.94876445409848, -6.163751696092339 ], [ 106.944524405957438, -6.163519484268155 ], [ 106.944829833154031, -6.160590034066739 ], [ 106.944784917389825, -6.158196446900388 ], [ 106.943859652647177, -6.157937438686901 ], [ 106.9410928415721, -6.157901713406162 ], [ 106.941290470934604, -6.161626060986124 ], [ 106.942628960707935, -6.168440566944724 ], [ 106.943158966725576, -6.175067433683116 ], [ 106.943051168891472, -6.17888990131859 ], [ 106.943212865642622, -6.181854974022757 ], [ 106.942970320515911, -6.184409210075342 ], [ 106.943123034114208, -6.188553119240015 ], [ 106.944183046149476, -6.189026451624396 ], [ 106.944677119555735, -6.189999907459447 ], [ 106.944317793442082, -6.190642923174062 ], [ 106.943904568411398, -6.190812607745998 ], [ 106.943374562393771, -6.191419899451525 ], [ 106.94362609067332, -6.193206047479181 ], [ 106.94421897876083, -6.193384661949652 ], [ 106.948674622570067, -6.193724029277073 ], [ 106.948881235085409, -6.191714614292252 ], [ 106.948099700788234, -6.191661029787989 ], [ 106.948476993207564, -6.185275504116574 ], [ 106.955070627392999, -6.186472237879775 ], [ 106.959131012477215, -6.187409975129253 ], [ 106.959328641839733, -6.186659785462767 ], [ 106.958789652669253, -6.185552360675803 ], [ 106.95969695110621, -6.182212210576279 ], [ 106.961242053394898, -6.180006271003862 ], [ 106.96276020622507, -6.175603295295255 ], [ 106.963335128006904, -6.174826295780745 ], [ 106.963811235107485, -6.173674190954004 ], [ 106.967934502261585, -6.173718846226531 ], [ 106.969165194200826, -6.173906398330036 ], [ 106.971878106358872, -6.175040640588274 ], [ 106.97115945413158, -6.169833823435741 ], [ 106.970144357860534, -6.168217288320467 ], [ 106.969039430061059, -6.166815096410688 ], [ 106.969174177353679, -6.165055652909474 ], [ 106.970368936681552, -6.164100013638044 ], [ 106.970871993240664, -6.16318009757307 ], [ 106.970863010087825, -6.161036597642031 ], [ 106.970467751362804, -6.156195828453826 ], [ 106.969183160506518, -6.156008270088117 ], [ 106.969183160506518, -6.155552770924269 ], [ 106.96825789576387, -6.155677809949314 ], [ 106.968159081082618, -6.15508834000216 ] ] ] } },
{ "type": "Feature", "properties": { "FID": 16, "Kode_BPS_K": 3172050007, "Longitude": "106° 52' 0.074\" E", "Latitude": "6° 15' 3.026\" S", "Kecamatan": "KRAMAT JATI", "ID": "3172050007", "KELURAHAN": "CAWANG", "is_in_haml": "CAWANG", "HAMLET": "Cawang", "LUAS": 181.723, "city": "dki", "source_layer": "Kelurahan", "role": "admin" }, "geometry": { "type": "Polygon", "coordinates": [ [ [ 106.872138160363079, -6.253431411005524 ], [ 106.872614267463675, -6.252145532418124 ], [ 106.873701228957458, -6.250198849096192 ], [ 106.874779207298403, -6.247359178783742 ], [ 106.875156499717718, -6.246841249832552 ], [ 106.873934790931315, -6.246439408051844 ], [ 106.872623250616513, -6.24623402213369 ], [ 106.869443214510724, -6.244840967692555 ], [ 106.865652324011748, -6.243510418643988 ], [ 106.864331800544079, -6.243215732826966 ], [ 106.86255313628152, -6.243081784673505 ], [ 106.862669917268462, -6.243608647212816 ], [ 106.862032113416731, -6.245555355048475 ], [ 106.862059062875261, -6.246546565890196 ], [ 106.862930428700864, -6.247993194560754 ], [ 106.864017390194647, -6.249270153582935 ], [ 106.864017390194647, -6.249484468078464 ], [ 106.862229742779249, -6.250439952469504 ], [ 106.862202793320733, -6.251154332182453 ], [ 106.862903479242334, -6.253163519893906 ], [ 106.862373473224707, -6.253779669245433 ], [ 106.86131346118944, -6.254056489732196 ], [ 106.861017017145684, -6.253868966192661 ], [ 106.860846337241696, -6.252315197135036 ], [ 106.860558876350794, -6.251323997220904 ], [ 106.859957005110431, -6.250868580414346 ], [ 106.858905976228002, -6.251529381141187 ], [ 106.857998677791045, -6.252511650949008 ], [ 106.857594435913185, -6.253565356509863 ], [ 106.857549520148979, -6.254806583217714 ], [ 106.857639351677406, -6.255119121852366 ], [ 106.857944778874, -6.255333433950985 ], [ 106.859615645302455, -6.254351169444142 ], [ 106.860549893197941, -6.254797653539693 ], [ 106.860675657337723, -6.255628112943113 ], [ 106.859337167564391, -6.256744319740088 ], [ 106.85956174638541, -6.257074716494723 ], [ 106.86042412905816, -6.257047927576453 ], [ 106.860567859503632, -6.257547987157704 ], [ 106.860451078516689, -6.25815520172014 ], [ 106.863756878762246, -6.257985538898734 ], [ 106.863514333635536, -6.256833616180859 ], [ 106.863541283094065, -6.255869213813105 ], [ 106.864394682613963, -6.255869213813105 ], [ 106.865517576719114, -6.256092455260228 ], [ 106.868077775278863, -6.256262118696269 ], [ 106.86798794375045, -6.257994468522287 ], [ 106.869667793331757, -6.258164131340792 ], [ 106.870691872755657, -6.256637163991022 ], [ 106.872003413070473, -6.254092208494004 ], [ 106.872138160363079, -6.253431411005524 ] ] ] } },
{ "type": "Feature", "properties": { "FID": 17, "Kode_BPS_K": 3172030007, "Longitude": "106° 53' 23.815\" E", "Latitude": "6° 18' 38.787\" S", "Kecamatan": "CIPAYUNG", "ID": "3172030007", "KELURAHAN": "CEGER", "is_in_haml": "CEGER", "HAMLET": "Ceger", "LUAS": 216.757, "city": "dki", "source_layer": "Kelurahan", "role": "admin" }, "geometry": { "type": "Polygon", "coordinates": [ [ [ 106.892826361356356, -6.299863791605504 ], [ 106.892305338491568, -6.299917365035886 ], [ 106.892170591198948, -6.300435241244452 ], [ 106.88938581381818, -6.300488814615843 ], [ 106.88938581381818, -6.301944222422408 ], [ 106.884337281921432, -6.301926364682648 ], [ 106.883178455204913, -6.302042439980098 ], [ 106.883699478069701, -6.302854966335052 ], [ 106.886466289144792, -6.316042716015725 ], [ 106.886933413092535, -6.319346297395698 ], [ 106.886996295162419, -6.321774862687149 ], [ 106.888667161590874, -6.32221236036944 ], [ 106.88962835894489, -6.320783795140155 ], [ 106.890167348115369, -6.319283797403158 ], [ 106.893643828264899, -6.320962366009598 ], [ 106.895027233802438, -6.319301654544654 ], [ 106.896311824658738, -6.316623076433679 ], [ 106.895979448003615, -6.315631999019073 ], [ 106.896159111060442, -6.314908779167695 ], [ 106.89395823861436, -6.314417703384085 ], [ 106.894084002754127, -6.311605169470341 ], [ 106.894335531033676, -6.311096233130317 ], [ 106.894380446797882, -6.309283701402445 ], [ 106.894533160396193, -6.308640831483221 ], [ 106.895152997942233, -6.307497949657888 ], [ 106.8949284191212, -6.306301492547205 ], [ 106.894434345714927, -6.305328253010236 ], [ 106.892646698299529, -6.303354981920916 ], [ 106.892655681452368, -6.301158481291547 ], [ 106.892826361356356, -6.299863791605504 ] ] ] } },
{ "type": "Feature", "properties": { "FID": 18, "Kode_BPS_K": 3173060002, "Longitude": "106° 51' 45.734\" E", "Latitude": "6° 10' 4.932\" S", "Kecamatan": "KEMAYORAN", "ID": "3173060002", "KELURAHAN": "CEMPAKA BARU", "is_in_haml": "CEMPAKA BARU", "HAMLET": "Cempaka Baru", "LUAS": 94.5843, "city": "dki", "source_layer": "Kelurahan", "role": "admin" }, "geometry": { "type": "Polygon", "coordinates": [ [ [ 106.866595555060059, -6.165975565721961 ], [ 106.865364863120817, -6.165010996907098 ], [ 106.863909592360557, -6.164626955131475 ], [ 106.862849580325289, -6.163778489757819 ], [ 106.858636481642762, -6.161858273638892 ], [ 106.858384953363213, -6.162278042407201 ], [ 106.859040723520621, -6.16271567332275 ], [ 106.857271042410915, -6.165466487954932 ], [ 106.859085639284828, -6.166493574176293 ], [ 106.859247336035963, -6.166189914109258 ], [ 106.859795308359281, -6.166573954753168 ], [ 106.859022757214944, -6.171593251079314 ], [ 106.856866800533055, -6.171503940172155 ], [ 106.857585452760347, -6.173906398330036 ], [ 106.858950891992208, -6.173647397788679 ], [ 106.860729556254768, -6.173066878873876 ], [ 106.871069165174973, -6.168092252249808 ], [ 106.870871535812483, -6.167699281550045 ], [ 106.870476277087462, -6.167511727249752 ], [ 106.867601668178281, -6.166565023578561 ], [ 106.866595555060059, -6.165975565721961 ] ] ] } },
{ "type": "Feature", "properties": { "FID": 19, "Kode_BPS_K": 3173050003, "Longitude": "106° 51' 49.697\" E", "Latitude": "6° 10' 47.559\" S", "Kecamatan": "CEMPAKA PUTIH", "ID": "3173050003", "KELURAHAN": "CEMPAKA PUTIH BARAT", "is_in_haml": "CEMPAKA PUTIH BARAT", "HAMLET": "Cempaka Putih Barat", "LUAS": 125.776, "city": "dki", "source_layer": "Kelurahan", "role": "admin" }, "geometry": { "type": "Polygon", "coordinates": [ [ [ 106.867430988274307, -6.180551058555156 ], [ 106.864331800544079, -6.176889360951792 ], [ 106.864295867932711, -6.174629812964299 ], [ 106.864628244587848, -6.174165398744746 ], [ 106.86583198706856, -6.173567018284577 ], [ 106.866173346876536, -6.173156189517564 ], [ 106.866200296335066, -6.172950775014574 ], [ 106.865257065286727, -6.170932350009883 ], [ 106.860343280682585, -6.173218706959184 ], [ 106.857585452760347, -6.173906398330036 ], [ 106.859903106193386, -6.181256602255128 ], [ 106.861034983451361, -6.181158362049492 ], [ 106.861520073704781, -6.181274464108736 ], [ 106.862256692237779, -6.183909080910459 ], [ 106.862490254211636, -6.185641669212368 ], [ 106.863469417871329, -6.187124188715195 ], [ 106.863756878762246, -6.188052993995835 ], [ 106.866146397418007, -6.186945572127936 ], [ 106.866909965409505, -6.186784817147791 ], [ 106.868931174798774, -6.18731173606685 ], [ 106.869604911261874, -6.187329597715919 ], [ 106.86998220368119, -6.18600783405454 ], [ 106.86964982702608, -6.184257385200292 ], [ 106.869021006327188, -6.182587308697812 ], [ 106.867430988274307, -6.180551058555156 ] ] ] } },
{ "type": "Feature", "properties": { "FID": 20, "Kode_BPS_K": 3173050002, "Longitude": "106° 52' 18.201\" E", "Latitude": "6° 10' 33.189\" S", "Kecamatan": "CEMPAKA PUTIH", "ID": "3173050002", "KELURAHAN": "CEMPAKA PUTIH TIMUR", "is_in_haml": "CEMPAKA PUTIH TIMUR", "HAMLET": "Cempaka Putih Timur", "LUAS": 220.233, "city": "dki", "source_layer": "Kelurahan", "role": "admin" }, "geometry": { "type": "Polygon", "coordinates": [ [ [ 106.875479893220003, -6.185552360675803 ], [ 106.875695488888198, -6.180756470109198 ], [ 106.876126680224573, -6.175656881426645 ], [ 106.878031108626899, -6.168351255506307 ], [ 106.878893491299664, -6.16628815709115 ], [ 106.877887378181441, -6.166136327020556 ], [ 106.876423124268342, -6.166163120565584 ], [ 106.87328800392676, -6.167243792419962 ], [ 106.871069165174973, -6.168092252249808 ], [ 106.865257065286727, -6.170932350009883 ], [ 106.866200296335066, -6.172950775014574 ], [ 106.866173346876536, -6.173156189517564 ], [ 106.86583198706856, -6.173567018284577 ], [ 106.864628244587848, -6.174165398744746 ], [ 106.864232985862827, -6.174772709565307 ], [ 106.864331800544079, -6.176889360951792 ], [ 106.868724562283433, -6.182105039635555 ], [ 106.86964982702608, -6.184257385200292 ], [ 106.86998220368119, -6.18600783405454 ], [ 106.870251698266429, -6.185659530917871 ], [ 106.871877648930692, -6.185668461770395 ], [ 106.873638346887574, -6.186641923791064 ], [ 106.875399044844443, -6.188258402635547 ], [ 106.875479893220003, -6.185552360675803 ] ] ] } },
{ "type": "Feature", "properties": { "FID": 21, "Kode_BPS_K": 3174070006, "Longitude": "106° 43' 25.660\" E", "Latitude": "6° 8' 19.584\" S", "Kecamatan": "CENGKARENG", "ID": "3174070006", "KELURAHAN": "CENGKARENG BARAT", "is_in_haml": "CENGKARENG BARAT", "HAMLET": "Cengkareng Barat", "LUAS": 392.961, "city": "dki", "source_layer": "Kelurahan", "role": "admin" }, "geometry": { "type": "Polygon", "coordinates": [ [ [ 106.73033010961197, -6.123229197555589 ], [ 106.729836036205711, -6.122711146989522 ], [ 106.729045518755683, -6.123264925162315 ], [ 106.72860534426647, -6.123255993260857 ], [ 106.72860534426647, -6.123720451938538 ], [ 106.727437534397112, -6.123872294110934 ], [ 106.725281577715222, -6.125390713460148 ], [ 106.724419195042472, -6.12635535409768 ], [ 106.723422065077102, -6.125971284423062 ], [ 106.722496800334454, -6.126069534831244 ], [ 106.721607468203175, -6.126891264809759 ], [ 106.72114932740827, -6.127007378726456 ], [ 106.720673220307688, -6.126712627965516 ], [ 106.720304911041197, -6.126909128490895 ], [ 106.719011337032072, -6.128579380035627 ], [ 106.71942456206277, -6.12912422031783 ], [ 106.718544213084328, -6.130044195269189 ], [ 106.718481331014431, -6.130356807755611 ], [ 106.71864302776558, -6.130856987352837 ], [ 106.718283701651941, -6.13093737331579 ], [ 106.717331487450764, -6.131803754592012 ], [ 106.717852510315552, -6.132420045571031 ], [ 106.716657750987679, -6.133518649462795 ], [ 106.716639784681988, -6.138609711110888 ], [ 106.71691826242008, -6.139386763610092 ], [ 106.717484201049075, -6.143236282833645 ], [ 106.718454381555915, -6.143486366646397 ], [ 106.718418448944547, -6.143906149925092 ], [ 106.717816577704184, -6.145317333838924 ], [ 106.717996240761011, -6.145799636343856 ], [ 106.718687943529787, -6.152292814530236 ], [ 106.71891252235082, -6.153337789031578 ], [ 106.720924748587251, -6.153078778449255 ], [ 106.722128491067963, -6.15310557265328 ], [ 106.725092931505557, -6.153998712014434 ], [ 106.727428551244273, -6.154266653530065 ], [ 106.727401601785743, -6.150560117240206 ], [ 106.730078581332421, -6.139458216656558 ], [ 106.730231294930718, -6.134974519425223 ], [ 106.729880951969918, -6.127596879760023 ], [ 106.730114513943789, -6.125024506835755 ], [ 106.730590621044371, -6.123336380368591 ], [ 106.73033010961197, -6.123229197555589 ] ] ] } },
{ "type": "Feature", "properties": { "FID": 22, "Kode_BPS_K": 3172020001, "Longitude": "106° 52' 55.986\" E", "Latitude": "6° 21' 25.431\" S", "Kecamatan": "CIRACAS", "ID": "3172020001", "KELURAHAN": "CIBUBUR", "is_in_haml": "CIBUBUR", "HAMLET": "Cibubur", "LUAS": 484.867, "city": "dki", "source_layer": "Kelurahan", "role": "admin" }, "geometry": { "type": "Polygon", "coordinates": [ [ [ 106.8728837620489, -6.339613753488933 ], [ 106.872012396223312, -6.339667322803162 ], [ 106.872003413070473, -6.339881600004434 ], [ 106.87237172233695, -6.340247656683962 ], [ 106.872066295140357, -6.340453005439192 ], [ 106.871482390205685, -6.340381579794474 ], [ 106.871257811384652, -6.340827989911642 ], [ 106.871904598389222, -6.340944056478796 ], [ 106.872012396223312, -6.341685096253146 ], [ 106.872434604406848, -6.341988654407397 ], [ 106.87202137937615, -6.343068962859218 ], [ 106.872120194057402, -6.343381448352848 ], [ 106.872515452782423, -6.343568939558088 ], [ 106.872838846284694, -6.343345735734593 ], [ 106.873198172398347, -6.343604652160876 ], [ 106.872587318005145, -6.344720669750958 ], [ 106.871724935332381, -6.345658122658735 ], [ 106.870431361323256, -6.346220593584667 ], [ 106.870422378170417, -6.347068762867278 ], [ 106.869676776484596, -6.347149115674265 ], [ 106.869856439541422, -6.34761337609141 ], [ 106.869766608013009, -6.348077636090081 ], [ 106.868841343270361, -6.348693672749905 ], [ 106.869047955785717, -6.349006154831875 ], [ 106.869021006327188, -6.34928292451755 ], [ 106.869389315593679, -6.349568622101561 ], [ 106.869389315593679, -6.34978289518554 ], [ 106.869308467218104, -6.350032880337475 ], [ 106.868778461200478, -6.350104304644307 ], [ 106.868643713907858, -6.350452497998211 ], [ 106.868526932920929, -6.351247092205961 ], [ 106.868374219322618, -6.351416724518408 ], [ 106.868544899226606, -6.352764853013888 ], [ 106.868329303558411, -6.352943412814676 ], [ 106.868158623654438, -6.353470163866026 ], [ 106.868661680213549, -6.3534790918453 ], [ 106.868985073715834, -6.354005842348296 ], [ 106.869263551453898, -6.353559443651798 ], [ 106.870134917279501, -6.353336244158324 ], [ 106.870278647724959, -6.352657717103675 ], [ 106.870808653742586, -6.352657717103675 ], [ 106.871527305969877, -6.353220180383458 ], [ 106.870844586353954, -6.353389812045587 ], [ 106.870916451576676, -6.353586227584509 ], [ 106.871185946161916, -6.35373800317687 ], [ 106.871940531000575, -6.35380942696955 ], [ 106.872272907655699, -6.35447009658182 ], [ 106.873027492494373, -6.354818286982049 ], [ 106.87318020609267, -6.355568234735978 ], [ 106.874294117044968, -6.355961064075507 ], [ 106.873737161568812, -6.356594947149838 ], [ 106.872811896826164, -6.357121694462341 ], [ 106.872605284310822, -6.357443099337144 ], [ 106.871976463611944, -6.357844855148165 ], [ 106.872120194057402, -6.358666221607153 ], [ 106.871176963009077, -6.359826845888214 ], [ 106.872578334852307, -6.360996395397624 ], [ 106.873359869149482, -6.361094601723867 ], [ 106.873701228957458, -6.360951756152219 ], [ 106.873782077333018, -6.361219591566489 ], [ 106.874069538223935, -6.361380292748054 ], [ 106.875156499717718, -6.361657055776287 ], [ 106.875165482870557, -6.362112375272618 ], [ 106.876171595988779, -6.362183797902103 ], [ 106.876243461211502, -6.361942746487803 ], [ 106.876638719936523, -6.36199631347853 ], [ 106.876890248216071, -6.361862395991242 ], [ 106.877411271080859, -6.361317797850083 ], [ 106.878408401046244, -6.361299942163552 ], [ 106.879118070120683, -6.361469571160542 ], [ 106.878929423911032, -6.363308703006987 ], [ 106.87923485110764, -6.363808660040822 ], [ 106.880276896837202, -6.364076493965949 ], [ 106.880528425116765, -6.363246208343549 ], [ 106.881813015973052, -6.363799732240913 ], [ 106.882684381798654, -6.363683670827975 ], [ 106.88357371392992, -6.364246122046305 ], [ 106.883726427528217, -6.3644336056489 ], [ 106.883537781318566, -6.364621089183066 ], [ 106.883798292750967, -6.364987128266836 ], [ 106.88370846122254, -6.365469228125473 ], [ 106.884022871571986, -6.365781700014366 ], [ 106.884427113449846, -6.365897760953247 ], [ 106.885046950995886, -6.365710277885094 ], [ 106.885109833065769, -6.366013821865899 ], [ 106.885100849912931, -6.366638764790848 ], [ 106.884418130297007, -6.367085152128733 ], [ 106.884166602017444, -6.367870792900845 ], [ 106.883376084567416, -6.369067107221909 ], [ 106.883421000331623, -6.369933094207253 ], [ 106.883645579152656, -6.370397334051397 ], [ 106.883492865554359, -6.3706830199006 ], [ 106.883672528611172, -6.370781224374531 ], [ 106.883582697082758, -6.370924067212156 ], [ 106.884058804183354, -6.371182969754004 ], [ 106.884058804183354, -6.371450799832244 ], [ 106.88357371392992, -6.371861472347355 ], [ 106.883870157973689, -6.372102519105309 ], [ 106.883915073737896, -6.372486408152692 ], [ 106.887373587581749, -6.372575684634171 ], [ 106.888137155573247, -6.369959877286599 ], [ 106.888891740411921, -6.367977925640261 ], [ 106.88914326869147, -6.367701166017716 ], [ 106.889718190473303, -6.368638577039305 ], [ 106.893266535845569, -6.369959877286599 ], [ 106.895889616475202, -6.371557931824396 ], [ 106.895566222972917, -6.369549203249709 ], [ 106.894614008771754, -6.365674566816733 ], [ 106.894515194090502, -6.364478244591813 ], [ 106.893652811417752, -6.361728478469056 ], [ 106.893527047277971, -6.359639360604874 ], [ 106.892844327662047, -6.356103911033683 ], [ 106.891532787347217, -6.351318516344331 ], [ 106.888999538246011, -6.352255957241749 ], [ 106.883888124279366, -6.351711348928216 ], [ 106.880169099003112, -6.351630996833175 ], [ 106.878498232574643, -6.35122923616982 ], [ 106.876539905255271, -6.349684686699786 ], [ 106.879216884801949, -6.339863743574394 ], [ 106.873898858319961, -6.340578000293643 ], [ 106.8728837620489, -6.339613753488933 ] ] ] } },
{ "type": "Feature", "properties": { "FID": 23, "Kode_BPS_K": 3173080001, "Longitude": "106° 48' 30.293\" E", "Latitude": "6° 10' 22.990\" S", "Kecamatan": "GAMBIR", "ID": "3173080001", "KELURAHAN": "CIDENG", "is_in_haml": "CIDENG", "HAMLET": "Cideng", "LUAS": 128.157, "city": "dki", "source_layer": "Kelurahan", "role": "admin" }, "geometry": { "type": "Polygon", "coordinates": [ [ [ 106.810720344387832, -6.165573662262282 ], [ 106.80559096411551, -6.166038084010538 ], [ 106.800497516454556, -6.166198845290183 ], [ 106.80986694486792, -6.179693687729383 ], [ 106.810361018274179, -6.185025440002978 ], [ 106.81447530227544, -6.181721010252986 ], [ 106.813612919602704, -6.181328049665949 ], [ 106.811699508047525, -6.173933191482259 ], [ 106.810702378082155, -6.168154770288824 ], [ 106.810801192763407, -6.167342035206606 ], [ 106.810720344387832, -6.165573662262282 ] ] ] } },
{ "type": "Feature", "properties": { "FID": 24, "Kode_BPS_K": 3171010003, "Longitude": "106° 48' 30.453\" E", "Latitude": "6° 20' 10.611\" S", "Kecamatan": "JAGAKARSA", "ID": "3171010003", "KELURAHAN": "CIGANJUR", "is_in_haml": "CIGANJUR", "HAMLET": "Ciganjur", "LUAS": 355.023, "city": "dki", "source_layer": "Kelurahan", "role": "admin" }, "geometry": { "type": "Polygon", "coordinates": [ [ [ 106.807387594683746, -6.320882009125978 ], [ 106.806641992997939, -6.321194508047711 ], [ 106.806228767967241, -6.322042718454933 ], [ 106.806201818508711, -6.322587358088248 ], [ 106.805959273381987, -6.322935570012216 ], [ 106.806363515259847, -6.323685564128919 ], [ 106.806022155451899, -6.323792706056781 ], [ 106.805492149434258, -6.323551636687867 ], [ 106.804998076027999, -6.323703421118437 ], [ 106.805034008639353, -6.324185559602311 ], [ 106.804530952080256, -6.324506985008425 ], [ 106.804584850997301, -6.325042693574495 ], [ 106.804090777591028, -6.325256976845471 ], [ 106.804216541730796, -6.326783742579675 ], [ 106.804099760743867, -6.327060524188877 ], [ 106.803560771573402, -6.327301591921262 ], [ 106.803372125363737, -6.327685514373984 ], [ 106.803452973739311, -6.32990868761876 ], [ 106.803102630778497, -6.330480104095805 ], [ 106.802626523677915, -6.330676528363778 ], [ 106.802123467118818, -6.331301514173924 ], [ 106.801629393712545, -6.331319370900243 ], [ 106.801306000210261, -6.331569365003864 ], [ 106.801413798044351, -6.332033639446625 ], [ 106.801853972533564, -6.332381845004736 ], [ 106.801800073616519, -6.333363961980242 ], [ 106.80119820237617, -6.333685381675515 ], [ 106.799958527284076, -6.333346105324638 ], [ 106.799706999004528, -6.33350681520285 ], [ 106.799401571807934, -6.3333996752896 ], [ 106.799563268559069, -6.333926446315631 ], [ 106.799275807668153, -6.334212152409981 ], [ 106.798880548943131, -6.336319229971337 ], [ 106.798629020663583, -6.336712073988823 ], [ 106.798961397318706, -6.337194200328749 ], [ 106.798871565790293, -6.337917388993832 ], [ 106.798709869039158, -6.338158451656897 ], [ 106.798961397318706, -6.338658433117439 ], [ 106.799832763144309, -6.339613753488933 ], [ 106.800066325118181, -6.340461933644087 ], [ 106.799931577825561, -6.3408726309021 ], [ 106.800165139799418, -6.340944056478796 ], [ 106.80015615664658, -6.341113692183795 ], [ 106.799760897921587, -6.341238686878079 ], [ 106.799482420183494, -6.341783306263787 ], [ 106.799698015851675, -6.342497560323788 ], [ 106.799500386489186, -6.34272076451458 ], [ 106.799527335947701, -6.34304217837952 ], [ 106.798961397318706, -6.343310023113865 ], [ 106.798979363624383, -6.343809999578886 ], [ 106.799419538113611, -6.343738574399293 ], [ 106.800946674096622, -6.34405105948693 ], [ 106.803749417783067, -6.344363544385089 ], [ 106.804009929215454, -6.344417113205747 ], [ 106.8039739966041, -6.344658172829798 ], [ 106.806058088063253, -6.345104579243219 ], [ 106.806228767967241, -6.34490816046896 ], [ 106.808088280605361, -6.345140291739585 ], [ 106.80882489913833, -6.344979585486445 ], [ 106.811528828143537, -6.345988462800766 ], [ 106.811951036327073, -6.344577819634311 ], [ 106.812220530912299, -6.34445282574976 ], [ 106.812382227663463, -6.344059987629508 ], [ 106.81288528422256, -6.344042131344199 ], [ 106.81388241418793, -6.344309975558862 ], [ 106.815661078450489, -6.34515814798684 ], [ 106.817475675324417, -6.343051106539574 ], [ 106.818868064014794, -6.342131505241665 ], [ 106.821221650059186, -6.33948875840076 ], [ 106.822712853430829, -6.338417370688037 ], [ 106.822299628400131, -6.337997743227372 ], [ 106.818661451499452, -6.336533508563408 ], [ 106.817754153062481, -6.338587007224176 ], [ 106.815041240904435, -6.337435263329755 ], [ 106.814870561000461, -6.337712039229035 ], [ 106.814151908773169, -6.337524545894134 ], [ 106.813460206004407, -6.337595971934513 ], [ 106.813011048362341, -6.336765643604397 ], [ 106.813487155462923, -6.332721121989322 ], [ 106.813990212022034, -6.331265800719436 ], [ 106.814035127786241, -6.330739026978829 ], [ 106.813936313104975, -6.330256894609703 ], [ 106.813289526100405, -6.329096203727012 ], [ 106.81339732393451, -6.328560499363054 ], [ 106.813783599506678, -6.32812300705375 ], [ 106.813756650048148, -6.327149808547318 ], [ 106.810873057986129, -6.32699802512879 ], [ 106.810513731872476, -6.327337305649827 ], [ 106.809786096492346, -6.327640872242976 ], [ 106.809705248116771, -6.32756051639744 ], [ 106.80986694486792, -6.327283735056053 ], [ 106.809714231269623, -6.32708730949803 ], [ 106.809327955697441, -6.326712315043557 ], [ 106.808905747513919, -6.326614102165276 ], [ 106.80827692681504, -6.325748042339732 ], [ 106.808196078439451, -6.324739125455219 ], [ 106.808420657260484, -6.323640921652423 ], [ 106.808321842579232, -6.323542708190563 ], [ 106.807989465924109, -6.323685564128919 ], [ 106.808223027897981, -6.322712357267421 ], [ 106.807935567007064, -6.321596292098222 ], [ 106.808070314299684, -6.321364150240442 ], [ 106.807746920797399, -6.320944508925429 ], [ 106.807387594683746, -6.320882009125978 ] ] ] } },
{ "type": "Feature", "properties": { "FID": 25, "Kode_BPS_K": 3172010004, "Longitude": "106° 51' 30.978\" E", "Latitude": "6° 19' 17.039\" S", "Kecamatan": "PASAR REBO", "ID": "3172010004", "KELURAHAN": "CIJANTUNG", "is_in_haml": "CIJANTUNG", "HAMLET": "Cijantung", "LUAS": 252.743, "city": "dki", "source_layer": "Kelurahan", "role": "admin" }, "geometry": { "type": "Polygon", "coordinates": [ [ [ 106.854998304742082, -6.313846269158678 ], [ 106.85474677646252, -6.313417693075798 ], [ 106.854827624838109, -6.312596254592248 ], [ 106.853569983440323, -6.311524811134105 ], [ 106.852536920863599, -6.310908730142169 ], [ 106.852294375736889, -6.31139980925296 ], [ 106.852213527361315, -6.312658755392224 ], [ 106.851503858286861, -6.31371233917088 ], [ 106.851207414243092, -6.314533775884063 ], [ 106.851333178382873, -6.315069494777532 ], [ 106.851737420260733, -6.315703428085377 ], [ 106.851764369719248, -6.316140930901428 ], [ 106.851584706662436, -6.316373075102646 ], [ 106.85011146959647, -6.317078435690643 ], [ 106.849473665744753, -6.317587366150795 ], [ 106.849401800522017, -6.318614154152149 ], [ 106.849132305936791, -6.318828440086765 ], [ 106.849159255395307, -6.319569511593137 ], [ 106.850614526155582, -6.32137307877536 ], [ 106.851081650103325, -6.321640934751234 ], [ 106.851485891981184, -6.322257002969272 ], [ 106.851710470802203, -6.323078426118316 ], [ 106.852456072488025, -6.323185568171992 ], [ 106.852465055640863, -6.323515922697728 ], [ 106.852986078505651, -6.323524851195494 ], [ 106.854198804139216, -6.323899847962441 ], [ 106.855321698244367, -6.324587341328728 ], [ 106.85640865973815, -6.324551627410136 ], [ 106.855375597161427, -6.328239076478039 ], [ 106.856642221712022, -6.328444430010978 ], [ 106.85743273916205, -6.329140845732266 ], [ 106.859795308359281, -6.329881902455887 ], [ 106.85993903880474, -6.329569408786405 ], [ 106.860495994280896, -6.329926544393237 ], [ 106.861151764438304, -6.329140845732266 ], [ 106.861834484054228, -6.329774761790505 ], [ 106.862211776473572, -6.330864024186241 ], [ 106.862166860709351, -6.331185445437803 ], [ 106.862849580325289, -6.331605078437359 ], [ 106.863092125451999, -6.332203278081193 ], [ 106.863667047233832, -6.332846118716914 ], [ 106.863783828220761, -6.333185395396393 ], [ 106.864286884779872, -6.332810405369262 ], [ 106.864655194046364, -6.333078255416434 ], [ 106.865697239775955, -6.332792548694509 ], [ 106.866865049645298, -6.332837190380232 ], [ 106.867628617636797, -6.332667551953946 ], [ 106.867260308370305, -6.331301514173924 ], [ 106.866766234964061, -6.330390820312942 ], [ 106.864439598378169, -6.327971223921105 ], [ 106.86389162605488, -6.326899812304809 ], [ 106.86383772713782, -6.325917683038412 ], [ 106.86496960439581, -6.3221766462868 ], [ 106.865203166369682, -6.321167722433247 ], [ 106.865176216911166, -6.320462367419807 ], [ 106.864673160352055, -6.318498082567179 ], [ 106.863020260229277, -6.314337345484242 ], [ 106.862571102587211, -6.312792685652493 ], [ 106.862544153128681, -6.311444452785402 ], [ 106.862023130263893, -6.311471238903022 ], [ 106.8596695442195, -6.314560561841901 ], [ 106.858438852280258, -6.315533784036813 ], [ 106.85821427345924, -6.315248067618839 ], [ 106.858124441930812, -6.314712348910142 ], [ 106.856875783685894, -6.314355202796397 ], [ 106.856534423877932, -6.314024842421859 ], [ 106.85595051894326, -6.313953413123976 ], [ 106.855806788497787, -6.313676624501618 ], [ 106.854998304742082, -6.313846269158678 ] ] ] } },
{ "type": "Feature", "properties": { "FID": 26, "Kode_BPS_K": 3173020003, "Longitude": "106° 50' 21.615\" E", "Latitude": "6° 11' 28.537\" S", "Kecamatan": "MENTENG", "ID": "3173020003", "KELURAHAN": "CIKINI", "is_in_haml": "CIKINI", "HAMLET": "Cikini", "LUAS": 75.1232, "city": "dki", "source_layer": "Kelurahan", "role": "admin" }, "geometry": { "type": "Polygon", "coordinates": [ [ [ 106.839735928064897, -6.187820792828711 ], [ 106.839107107366004, -6.187240289464543 ], [ 106.836421144666488, -6.187142050370601 ], [ 106.836214532151146, -6.186606200445845 ], [ 106.834130440691979, -6.186775886314129 ], [ 106.832926698211267, -6.18730280524209 ], [ 106.833959760788005, -6.188812112483999 ], [ 106.840238984624008, -6.196742602746401 ], [ 106.84322139136728, -6.195608407047343 ], [ 106.843832245760481, -6.195501238823757 ], [ 106.84359868378661, -6.194554585237079 ], [ 106.843616650092287, -6.19389371285898 ], [ 106.844119706651398, -6.193304285445416 ], [ 106.845278533367917, -6.192384420136805 ], [ 106.844973106171309, -6.191821783284468 ], [ 106.843131559838866, -6.190991223025988 ], [ 106.841882901593948, -6.190098146022057 ], [ 106.840939670545609, -6.189124690368019 ], [ 106.841047468379699, -6.188740666084546 ], [ 106.841694255384269, -6.188160163730863 ], [ 106.841586457550179, -6.1877672079295 ], [ 106.841218148283701, -6.187499283351952 ], [ 106.840041355261505, -6.188079786431629 ], [ 106.839735928064897, -6.187820792828711 ] ] ] } },
{ "type": "Feature", "properties": { "FID": 27, "Kode_BPS_K": 3171080006, "Longitude": "106° 51' 15.415\" E", "Latitude": "6° 14' 41.671\" S", "Kecamatan": "PANCORAN", "ID": "3171080006", "KELURAHAN": "CIKOKO", "is_in_haml": "CIKOKO", "HAMLET": "Cikoko", "LUAS": 69.6874, "city": "dki", "source_layer": "Kelurahan", "role": "admin" }, "geometry": { "type": "Polygon", "coordinates": [ [ [ 106.854549147100016, -6.243010345644319 ], [ 106.847003298713418, -6.243287171828136 ], [ 106.846760753586707, -6.244894546778061 ], [ 106.846715837822501, -6.247118073990912 ], [ 106.84683261880943, -6.247314529756412 ], [ 106.848180091735614, -6.247252021111752 ], [ 106.848826878740184, -6.247091284562631 ], [ 106.85867241425413, -6.246367969480756 ], [ 106.859004790909253, -6.246519776432665 ], [ 106.862032113416731, -6.246394758946057 ], [ 106.862032113416731, -6.245555355048475 ], [ 106.862607035198579, -6.244010491166158 ], [ 106.862687883574139, -6.243447909545143 ], [ 106.86255313628152, -6.243081784673505 ], [ 106.854549147100016, -6.243010345644319 ] ] ] } },
{ "type": "Feature", "properties": { "FID": 28, "Kode_BPS_K": 3171030003, "Longitude": "106° 47' 50.309\" E", "Latitude": "6° 17' 26.593\" S", "Kecamatan": "CILANDAK", "ID": "3171030003", "KELURAHAN": "CILANDAK BARAT", "is_in_haml": "CILANDAK BARAT", "HAMLET": "Cilandak Barat", "LUAS": 576.803, "city": "dki", "source_layer": "Kelurahan", "role": "admin" }, "geometry": { "type": "Polygon", "coordinates": [ [ [ 106.812013918396957, -6.279166176344637 ], [ 106.812193581453784, -6.278603632595784 ], [ 106.808258960509335, -6.278175027426876 ], [ 106.807827769172974, -6.278567915511848 ], [ 106.807324712613863, -6.279371549307863 ], [ 106.797092901527748, -6.279317973760048 ], [ 106.796904255318069, -6.279782294991308 ], [ 106.795071692138464, -6.279934092227099 ], [ 106.794712366024825, -6.281023459326613 ], [ 106.792241998993489, -6.280969883948787 ], [ 106.790858593455951, -6.280728794680338 ], [ 106.791199953263913, -6.282166399406614 ], [ 106.791074189124132, -6.282434275624816 ], [ 106.79121791956959, -6.283005744429487 ], [ 106.788352293813247, -6.284755863739711 ], [ 106.787894153018357, -6.284621926245419 ], [ 106.786537696939334, -6.285961299636551 ], [ 106.785082426179059, -6.288014998804242 ], [ 106.785235139777356, -6.288506099577483 ], [ 106.785504634362596, -6.288541815979261 ], [ 106.785549550126802, -6.289684739540621 ], [ 106.784336824493238, -6.291524126870687 ], [ 106.783716986947198, -6.294131402610692 ], [ 106.784759032676774, -6.294890367404898 ], [ 106.784938695733601, -6.295899342414119 ], [ 106.785504634362596, -6.296685091506052 ], [ 106.785450735445551, -6.296970818153784 ], [ 106.784992594650646, -6.297336905191406 ], [ 106.784857847358026, -6.297685134085206 ], [ 106.785199207166002, -6.298149438913607 ], [ 106.785235139777356, -6.298765535064033 ], [ 106.785702263725113, -6.299515564173228 ], [ 106.786151421367165, -6.299926293940412 ], [ 106.785980741463177, -6.3003102366897 ], [ 106.786097522450106, -6.300613819127578 ], [ 106.786519730633657, -6.301060263566526 ], [ 106.787283298625155, -6.301140623524744 ], [ 106.787615675280279, -6.300729894718654 ], [ 106.787975001393932, -6.300890614724972 ], [ 106.788289411743364, -6.300729894718654 ], [ 106.788675687315546, -6.300783468059624 ], [ 106.788783485149636, -6.300462027930839 ], [ 106.789097895499083, -6.300640605804746 ], [ 106.789421289001353, -6.300569174662559 ], [ 106.789403322695676, -6.301104907989295 ], [ 106.789717733045123, -6.301988866769118 ], [ 106.792044369630986, -6.302104942052582 ], [ 106.792152167465076, -6.301854933717465 ], [ 106.793077432207724, -6.301872791459682 ], [ 106.793346926792964, -6.302265661632966 ], [ 106.793598455072512, -6.302292448224858 ], [ 106.794622534496398, -6.302203159579844 ], [ 106.79468541656631, -6.301712071757593 ], [ 106.797003069999334, -6.301863862588651 ], [ 106.799904628367031, -6.301774573869878 ], [ 106.800003443048283, -6.301988866769118 ], [ 106.800380735467627, -6.302051368848057 ], [ 106.800488533301717, -6.302453167747154 ], [ 106.806947420194533, -6.302069226583513 ], [ 106.806812672901913, -6.301729929504728 ], [ 106.806650976150777, -6.301729929504728 ], [ 106.806633009845086, -6.301337058925775 ], [ 106.806264700578595, -6.300488814615843 ], [ 106.806174869050196, -6.299185194342019 ], [ 106.806031138604737, -6.298890539990828 ], [ 106.805051974945044, -6.298319088651169 ], [ 106.80497112656947, -6.298095865300755 ], [ 106.805285536918902, -6.29772084985598 ], [ 106.805581980962671, -6.296756523182725 ], [ 106.806866571818958, -6.295890413440334 ], [ 106.806893521277487, -6.295631473133766 ], [ 106.806480296246789, -6.295265384893843 ], [ 106.806246734272918, -6.294524278642609 ], [ 106.805393334752992, -6.294274266656679 ], [ 106.80507892440356, -6.293765313313514 ], [ 106.805051974945044, -6.293184927313678 ], [ 106.805617913574039, -6.292622398725872 ], [ 106.805842492395058, -6.291408049221911 ], [ 106.806282666884286, -6.290684795595506 ], [ 106.807136066404198, -6.290425852694467 ], [ 106.807306746308186, -6.290077618934502 ], [ 106.808025398535477, -6.29018476780857 ], [ 106.808762017068446, -6.289041845346526 ], [ 106.808438623566175, -6.287747125459702 ], [ 106.808537438247427, -6.287452464621325 ], [ 106.809031511653686, -6.286970291980202 ], [ 106.809166258946306, -6.285988087069197 ], [ 106.809660332352578, -6.285961299636551 ], [ 106.809759147033816, -6.28579164586442 ], [ 106.809606433435519, -6.284755863739711 ], [ 106.809714231269623, -6.284470130376872 ], [ 106.809381854614486, -6.283818300555588 ], [ 106.809597450282681, -6.283318266166604 ], [ 106.809354905155971, -6.282871806484695 ], [ 106.809336938850279, -6.282398558803688 ], [ 106.8097321975753, -6.281702080301796 ], [ 106.810495765566799, -6.280907379334355 ], [ 106.81062152970658, -6.279916233731067 ], [ 106.810819159069084, -6.27963049771126 ], [ 106.811762390117408, -6.279407266336678 ], [ 106.812013918396957, -6.279166176344637 ] ] ] } },
{ "type": "Feature", "properties": { "FID": 29, "Kode_BPS_K": 3171020001, "Longitude": "106° 48' 46.511\" E", "Latitude": "6° 17' 25.952\" S", "Kecamatan": "PASAR MINGGU", "ID": "3171020001", "KELURAHAN": "CILANDAK TIMUR", "is_in_haml": "CILANDAK TIMUR", "HAMLET": "Cilandak Timur", "LUAS": 366.644, "city": "dki", "source_layer": "Kelurahan", "role": "admin" }, "geometry": { "type": "Polygon", "coordinates": [ [ [ 106.820646728277353, -6.275987349716081 ], [ 106.82104198700236, -6.27441578781288 ], [ 106.818203310704547, -6.273612146371737 ], [ 106.813963262563504, -6.273076384722525 ], [ 106.813828515270885, -6.273853238934202 ], [ 106.813981228869196, -6.27408540203709 ], [ 106.813918346799298, -6.274549727932584 ], [ 106.814196824537376, -6.275147993380264 ], [ 106.814080043550447, -6.275906985870123 ], [ 106.813936313104975, -6.276031996291812 ], [ 106.813424273393039, -6.275951632452741 ], [ 106.812867317916883, -6.276424885993255 ], [ 106.813073930432225, -6.277335674616023 ], [ 106.812633755943011, -6.277755351190534 ], [ 106.812840368458353, -6.277978583273241 ], [ 106.812759520082778, -6.278317895855706 ], [ 106.81226544667652, -6.27847862279129 ], [ 106.812013918396957, -6.279166176344637 ], [ 106.811762390117408, -6.279407266336678 ], [ 106.810819159069084, -6.27963049771126 ], [ 106.81062152970658, -6.279916233731067 ], [ 106.810495765566799, -6.280907379334355 ], [ 106.8097321975753, -6.281702080301796 ], [ 106.809336938850279, -6.282398558803688 ], [ 106.809354905155971, -6.282871806484695 ], [ 106.809597450282681, -6.283318266166604 ], [ 106.809381854614486, -6.283818300555588 ], [ 106.809714231269623, -6.284470130376872 ], [ 106.809606433435519, -6.284755863739711 ], [ 106.809759147033816, -6.28579164586442 ], [ 106.809660332352578, -6.285961299636551 ], [ 106.809166258946306, -6.285988087069197 ], [ 106.809031511653686, -6.286970291980202 ], [ 106.808537438247427, -6.287452464621325 ], [ 106.808438623566175, -6.287747125459702 ], [ 106.808762017068446, -6.289041845346526 ], [ 106.808025398535477, -6.29018476780857 ], [ 106.807306746308186, -6.290077618934502 ], [ 106.807136066404198, -6.290425852694467 ], [ 106.806282666884286, -6.290684795595506 ], [ 106.805842492395058, -6.291408049221911 ], [ 106.805617913574039, -6.292622398725872 ], [ 106.805051974945044, -6.293184927313678 ], [ 106.80507892440356, -6.293765313313514 ], [ 106.805393334752992, -6.294274266656679 ], [ 106.806246734272918, -6.294524278642609 ], [ 106.806480296246789, -6.295265384893843 ], [ 106.806857588666119, -6.295515396402704 ], [ 106.806893521277487, -6.295783265742929 ], [ 106.805581980962671, -6.296756523182725 ], [ 106.805285536918902, -6.29772084985598 ], [ 106.80497112656947, -6.298095865300755 ], [ 106.805051974945044, -6.298319088651169 ], [ 106.805914357617795, -6.298765535064033 ], [ 106.806174869050196, -6.299185194342019 ], [ 106.806264700578595, -6.300488814615843 ], [ 106.806633009845086, -6.301337058925775 ], [ 106.806650976150777, -6.301729929504728 ], [ 106.806812672901913, -6.301729929504728 ], [ 106.806947420194533, -6.302069226583513 ], [ 106.807037251722932, -6.302765677786858 ], [ 106.807576240893411, -6.303203191526157 ], [ 106.808079297452522, -6.303131760736782 ], [ 106.808375741496278, -6.303488914585285 ], [ 106.808465573024691, -6.303908570043028 ], [ 106.808878798055389, -6.304042502564448 ], [ 106.808995579042332, -6.304765737582453 ], [ 106.809220157863351, -6.305024673331354 ], [ 106.80924710732188, -6.305533615633405 ], [ 106.808681168692871, -6.305810408605507 ], [ 106.80882489913833, -6.306355065312705 ], [ 106.80849252248322, -6.306899721447716 ], [ 106.808699134998562, -6.307087225886381 ], [ 106.810253220440089, -6.306962222934807 ], [ 106.810594580248065, -6.307989032000989 ], [ 106.811322215628195, -6.309140841489313 ], [ 106.811582727060582, -6.309899784326669 ], [ 106.811636625977627, -6.31073015580465 ], [ 106.81374766689531, -6.31073015580465 ], [ 106.814340554982834, -6.302033511111985 ], [ 106.814951409376036, -6.298444093685474 ], [ 106.816514477970401, -6.29268490193237 ], [ 106.818311108538637, -6.288622177874291 ], [ 106.820646728277353, -6.275987349716081 ] ] ] } },
{ "type": "Feature", "properties": { "FID": 30, "Kode_BPS_K": 3172030002, "Longitude": "106° 54' 30.767\" E", "Latitude": "6° 20' 3.308\" S", "Kecamatan": "CIPAYUNG", "ID": "3172030002", "KELURAHAN": "CILANGKAP", "is_in_haml": "CILANGKAP", "HAMLET": "Cilangkap", "LUAS": 588.108, "city": "dki", "source_layer": "Kelurahan", "role": "admin" }, "geometry": { "type": "Polygon", "coordinates": [ [ [ 106.913658292795091, -6.319533797328019 ], [ 106.913694225406445, -6.315265924899583 ], [ 106.912113190506403, -6.315194495772915 ], [ 106.91188861168537, -6.320453438869168 ], [ 106.909606890863714, -6.320408796113663 ], [ 106.909283497361429, -6.320587367112565 ], [ 106.909031969081866, -6.324390914745939 ], [ 106.907316186889204, -6.324364129297048 ], [ 106.906480753674984, -6.324149845655963 ], [ 106.902034093018585, -6.327524802684302 ], [ 106.900740519009446, -6.329364055700665 ], [ 106.899941018406579, -6.33108723340994 ], [ 106.898575579174732, -6.331069376675594 ], [ 106.897335904082624, -6.332381845004736 ], [ 106.896725049689437, -6.332569340207989 ], [ 106.896213009977487, -6.332524698499104 ], [ 106.894856553898464, -6.333542528502324 ], [ 106.896266908894546, -6.333694309997528 ], [ 106.897308954624108, -6.334292507220522 ], [ 106.897560482903671, -6.334578213112247 ], [ 106.897533533445142, -6.334979986754898 ], [ 106.897012510580353, -6.335238907381096 ], [ 106.896347757270107, -6.335926385654755 ], [ 106.895808768099641, -6.336006740198387 ], [ 106.89570995341839, -6.336328158247783 ], [ 106.894964351732554, -6.337104917707198 ], [ 106.89479367182858, -6.336944208949473 ], [ 106.894596042466077, -6.337033491598834 ], [ 106.894425362562089, -6.337676326218117 ], [ 106.893607895653545, -6.338765571938787 ], [ 106.893994171225714, -6.339256624585204 ], [ 106.894703840300167, -6.339649466365704 ], [ 106.895377576763252, -6.339908384648331 ], [ 106.895665037654183, -6.339711963894103 ], [ 106.896743015995114, -6.340024451422483 ], [ 106.899384062930423, -6.341533317108992 ], [ 106.899123551498036, -6.341881516255719 ], [ 106.89770421334913, -6.342568985675356 ], [ 106.897201156790018, -6.343711789954394 ], [ 106.898135404685505, -6.34414034090574 ], [ 106.898548629716203, -6.344542107098961 ], [ 106.898872023218473, -6.343685005508102 ], [ 106.89918643356792, -6.34347965804029 ], [ 106.89956372598725, -6.343577867709017 ], [ 106.899851186878166, -6.343792143284916 ], [ 106.900210512991819, -6.344568891500705 ], [ 106.901018996747524, -6.345309926063522 ], [ 106.901001030441847, -6.345970606582289 ], [ 106.901387306014016, -6.346417011858576 ], [ 106.901728665821977, -6.347399102104725 ], [ 106.901171710345821, -6.348649032437002 ], [ 106.900650687481033, -6.348890090080707 ], [ 106.900345260284439, -6.349354348928414 ], [ 106.900291361367394, -6.349765039098614 ], [ 106.900866283149227, -6.34990788777668 ], [ 106.900974080983318, -6.350657842686275 ], [ 106.900093732004876, -6.351604212798708 ], [ 106.900587805411149, -6.352130965220743 ], [ 106.901135777734467, -6.352059541195109 ], [ 106.903525296390214, -6.352738069038425 ], [ 106.903956487726589, -6.353023764704818 ], [ 106.905025482914695, -6.351675636887524 ], [ 106.905627354155058, -6.350273937333319 ], [ 106.906777197718725, -6.349354348928414 ], [ 106.907540765710223, -6.345881325480613 ], [ 106.907971957046612, -6.345292069821527 ], [ 106.907900091823876, -6.344104628340071 ], [ 106.908825356566524, -6.34375643069512 ], [ 106.909031969081866, -6.343461801734875 ], [ 106.909526042488139, -6.343408232814915 ], [ 106.909427227806887, -6.343113603655621 ], [ 106.909975200130205, -6.342961824932074 ], [ 106.909804520226203, -6.342640411017029 ], [ 106.909831469684732, -6.341952941692645 ], [ 106.909454177265417, -6.341372609731184 ], [ 106.909813503379056, -6.339470901957118 ], [ 106.911107077388195, -6.33956018416914 ], [ 106.91140352143195, -6.340247656683962 ], [ 106.915329159223546, -6.341176189534725 ], [ 106.915589670655947, -6.341211902303283 ], [ 106.916029845145161, -6.340952984675188 ], [ 106.917916307241825, -6.34128332783298 ], [ 106.918131902910005, -6.341595814409056 ], [ 106.918679875233309, -6.341845803533545 ], [ 106.918832588831606, -6.34161367077911 ], [ 106.919632089434486, -6.341524388922652 ], [ 106.919200898098111, -6.340292297724665 ], [ 106.918949369818563, -6.339953025718405 ], [ 106.918383431189568, -6.339917312862656 ], [ 106.918140886062844, -6.339345906834321 ], [ 106.918221734438418, -6.339185198774782 ], [ 106.919560224211764, -6.338649504881323 ], [ 106.919120049722537, -6.337908460744888 ], [ 106.919066150805492, -6.337194200328749 ], [ 106.919641072587325, -6.336649576096958 ], [ 106.919703954657209, -6.33601566848024 ], [ 106.919443443224807, -6.335024628251441 ], [ 106.919730904115738, -6.333712166641089 ], [ 106.920521421565752, -6.333176467065579 ], [ 106.920754983539638, -6.332738978666544 ], [ 106.920970579207818, -6.33070331348544 ], [ 106.920566337329959, -6.330355106795473 ], [ 106.920350741661778, -6.329596193965482 ], [ 106.920323792203249, -6.329176559333691 ], [ 106.920467522648707, -6.328935492476155 ], [ 106.920278876439056, -6.328578356184137 ], [ 106.919838701949828, -6.328364074290419 ], [ 106.918823605678767, -6.328730139138412 ], [ 106.918491229023658, -6.328631926643679 ], [ 106.918248683896934, -6.32834621746193 ], [ 106.918239700744095, -6.327819440743869 ], [ 106.918374448036715, -6.327506945826807 ], [ 106.918320549119656, -6.327176593851843 ], [ 106.919138016028214, -6.326506960822227 ], [ 106.919236830709465, -6.325971253773796 ], [ 106.919012251888446, -6.325721256961165 ], [ 106.91907513395833, -6.325256976845471 ], [ 106.919353611696408, -6.325105192871039 ], [ 106.92058430363565, -6.325051622045892 ], [ 106.92133888847431, -6.324373057780165 ], [ 106.920871764526566, -6.324498056527621 ], [ 106.919470392683337, -6.324462342602862 ], [ 106.919632089434486, -6.323649850148031 ], [ 106.920198028063481, -6.3230337835894 ], [ 106.92020701121632, -6.321408792913491 ], [ 106.92009921338223, -6.321239150735404 ], [ 106.917871391477618, -6.320783795140155 ], [ 106.91743121698839, -6.320462367419807 ], [ 106.915966963075277, -6.320194510833613 ], [ 106.915517805433225, -6.320596295660892 ], [ 106.913658292795091, -6.320542724368618 ], [ 106.913658292795091, -6.319533797328019 ] ] ] } },
{ "type": "Feature", "properties": { "FID": 31, "Kode_BPS_K": 3172050006, "Longitude": "106° 51' 51.909\" E", "Latitude": "6° 15' 44.926\" S", "Kecamatan": "KRAMAT JATI", "ID": "3172050006", "KELURAHAN": "CILILITAN", "is_in_haml": "CILILITAN", "HAMLET": "Cililitan", "LUAS": 177.94, "city": "dki", "source_layer": "Kelurahan", "role": "admin" }, "geometry": { "type": "Polygon", "coordinates": [ [ [ 106.854297618820482, -6.264682713683457 ], [ 106.853947275859667, -6.265120259446446 ], [ 106.854064056846596, -6.265397073923377 ], [ 106.854270669361952, -6.265700676729244 ], [ 106.855240849868792, -6.266120362670033 ], [ 106.855510344454032, -6.266665060940899 ], [ 106.855582209676768, -6.267575866615211 ], [ 106.859876156734842, -6.267736596863262 ], [ 106.859319201258685, -6.268843848337453 ], [ 106.861331427495131, -6.269138519704748 ], [ 106.864762991880468, -6.268933142708759 ], [ 106.866317077321995, -6.268674188989856 ], [ 106.866011650125387, -6.267995551047625 ], [ 106.865805037610045, -6.266548977750524 ], [ 106.865607408247541, -6.264280885618822 ], [ 106.865742155540161, -6.263379003725244 ], [ 106.869218635689691, -6.263950493422826 ], [ 106.872964610424475, -6.264789867781779 ], [ 106.873243088162553, -6.25992326363271 ], [ 106.872219008738654, -6.255770987546163 ], [ 106.871329676607374, -6.255395941629864 ], [ 106.870018136292558, -6.257789087141963 ], [ 106.869667793331757, -6.258164131340792 ], [ 106.869506096580608, -6.258164131340792 ], [ 106.86798794375045, -6.257994468522287 ], [ 106.868077775278863, -6.256262118696269 ], [ 106.863541283094065, -6.255869213813105 ], [ 106.863514333635536, -6.256833616180859 ], [ 106.863756878762246, -6.257985538898734 ], [ 106.860451078516689, -6.25815520172014 ], [ 106.860010904027476, -6.259619657467227 ], [ 106.859471914856996, -6.262512838459685 ], [ 106.859166487660389, -6.262843231565563 ], [ 106.858896993075163, -6.263012892808951 ], [ 106.858223256612078, -6.262870020186605 ], [ 106.856965615214307, -6.262878949726647 ], [ 106.856273912445531, -6.262566415734302 ], [ 106.855276782480161, -6.261700249120675 ], [ 106.854369484043204, -6.262119938277847 ], [ 106.854261686209114, -6.262289599756274 ], [ 106.854342534584674, -6.262530697551834 ], [ 106.854953388977876, -6.263030751883996 ], [ 106.856947648908616, -6.263664748652243 ], [ 106.857181210882501, -6.26381655058109 ], [ 106.857199177188178, -6.264004070549897 ], [ 106.856947648908616, -6.264334462711981 ], [ 106.854297618820482, -6.264682713683457 ] ] ] } },
{ "type": "Feature", "properties": { "FID": 32, "Kode_BPS_K": 3175060004, "Longitude": "106° 56' 40.227\" E", "Latitude": "6° 6' 38.072\" S", "Kecamatan": "CILINCING", "ID": "3175060004", "KELURAHAN": "CILINCING", "is_in_haml": "CILINCING", "HAMLET": "Cilincing", "LUAS": 633.763, "city": "dki", "source_layer": "Kelurahan", "role": "admin" }, "geometry": { "type": "Polygon", "coordinates": [ [ [ 106.954702318126522, -6.091332424789789 ], [ 106.954423840388429, -6.091278830182913 ], [ 106.954828082266289, -6.09558424655013 ], [ 106.954423840388429, -6.095887946815383 ], [ 106.952079237496875, -6.096495346830121 ], [ 106.947345115949574, -6.096754384862509 ], [ 106.946150356621686, -6.097531498209115 ], [ 106.943832703188662, -6.098112099399879 ], [ 106.940239442052189, -6.098451527497182 ], [ 106.939610621353296, -6.098263948838387 ], [ 106.9393680762266, -6.096754384862509 ], [ 106.938658407152133, -6.096897302344074 ], [ 106.938685356610648, -6.097111678495025 ], [ 106.938155350593021, -6.097218866538372 ], [ 106.937283984767433, -6.096450685087755 ], [ 106.936906692348103, -6.096504279178147 ], [ 106.937625344575395, -6.099112518438528 ], [ 106.936583298845818, -6.099728847095697 ], [ 106.935011247098615, -6.100184393908681 ], [ 106.930322041315506, -6.102229883650226 ], [ 106.92663894865062, -6.103614381010095 ], [ 106.926656914956297, -6.105704518634082 ], [ 106.926890476930168, -6.106946092250319 ], [ 106.930447805455287, -6.10582956934448 ], [ 106.932540880067293, -6.104945281551388 ], [ 106.932963088250816, -6.106008213165831 ], [ 106.933187667071849, -6.10590102688017 ], [ 106.935433455282151, -6.110938759112132 ], [ 106.936268888496372, -6.111394296391468 ], [ 106.936421602094669, -6.11181410491338 ], [ 106.936286854802063, -6.112546536014063 ], [ 106.936834827125367, -6.113287898180243 ], [ 106.937805007632221, -6.116530229073863 ], [ 106.940751481764138, -6.118557792395965 ], [ 106.940796397528345, -6.122898717080094 ], [ 106.940140627370937, -6.123113082817231 ], [ 106.939889099091374, -6.122237755515657 ], [ 106.938865019667489, -6.122353870444305 ], [ 106.939493840366367, -6.124238501525557 ], [ 106.940014863231156, -6.124042000017227 ], [ 106.940832330139699, -6.124015204351397 ], [ 106.940877245903906, -6.126900196650402 ], [ 106.948018852412659, -6.126935924011478 ], [ 106.94803681871835, -6.130964168634081 ], [ 106.944641186944366, -6.13090164622264 ], [ 106.944569321721644, -6.132652270972578 ], [ 106.942637943860774, -6.132616543994308 ], [ 106.94276370800057, -6.135385377713659 ], [ 106.948351229067782, -6.133491854272853 ], [ 106.952043304885521, -6.131321439416015 ], [ 106.951953473357108, -6.125274599191805 ], [ 106.950201758553078, -6.123095219009088 ], [ 106.949752600911012, -6.11980826814345 ], [ 106.948899201391086, -6.118986527267563 ], [ 106.948225464928001, -6.118807887779526 ], [ 106.948117667093911, -6.118093329230313 ], [ 106.947830206202994, -6.117593137677503 ], [ 106.945728148438164, -6.117325177724548 ], [ 106.944991529905167, -6.116905373528211 ], [ 106.94473101847278, -6.116324792713512 ], [ 106.944964580446651, -6.11477061943026 ], [ 106.94535085601882, -6.114324017076668 ], [ 106.945907811494976, -6.114190036297872 ], [ 106.946527649041016, -6.114547318300079 ], [ 106.948459026901887, -6.114368677328808 ], [ 106.948746487792789, -6.113814889938702 ], [ 106.949294460116107, -6.113439743316432 ], [ 106.949950230273515, -6.113225373699872 ], [ 106.949815482980895, -6.111403228491109 ], [ 106.954163328956042, -6.111037012283611 ], [ 106.954055531121938, -6.109991954898927 ], [ 106.957801505856722, -6.10888437048623 ], [ 106.957253533533404, -6.106204721300497 ], [ 106.956696578057247, -6.105865298113517 ], [ 106.955223340991296, -6.106204721300497 ], [ 106.953435693575898, -6.102873005449364 ], [ 106.953669255549769, -6.101908322461244 ], [ 106.95581622907882, -6.099434081304572 ], [ 106.95791828684365, -6.095459193449766 ], [ 106.956966072642501, -6.095852217381334 ], [ 106.956534881306112, -6.095700367260085 ], [ 106.956382167707815, -6.094905386512081 ], [ 106.955178425227089, -6.094905386512081 ], [ 106.954702318126522, -6.091332424789789 ] ] ] } },
{ "type": "Feature", "properties": { "FID": 33, "Kode_BPS_K": 3172030004, "Longitude": "106° 53' 38.022\" E", "Latitude": "6° 19' 44.723\" S", "Kecamatan": "CIPAYUNG", "ID": "3172030004", "KELURAHAN": "CIPAYUNG", "is_in_haml": "CIPAYUNG", "HAMLET": "Cipayung", "LUAS": 249.023, "city": "dki", "source_layer": "Kelurahan", "role": "admin" }, "geometry": { "type": "Polygon", "coordinates": [ [ [ 106.89428163211663, -6.322132003680031 ], [ 106.894398413103559, -6.321248079272479 ], [ 106.890167348115369, -6.319283797403158 ], [ 106.88962835894489, -6.320783795140155 ], [ 106.888667161590874, -6.32221236036944 ], [ 106.886996295162419, -6.321774862687149 ], [ 106.887220873983452, -6.330506889227656 ], [ 106.889062420315895, -6.340586928496372 ], [ 106.891559736805746, -6.340203015639396 ], [ 106.893679760876267, -6.33872093076593 ], [ 106.894425362562089, -6.337676326218117 ], [ 106.894596042466077, -6.337033491598834 ], [ 106.89479367182858, -6.336944208949473 ], [ 106.894964351732554, -6.337104917707198 ], [ 106.89570995341839, -6.336328158247783 ], [ 106.895808768099641, -6.336006740198387 ], [ 106.896347757270107, -6.335926385654755 ], [ 106.897012510580353, -6.335238907381096 ], [ 106.897533533445142, -6.334979986754898 ], [ 106.897560482903671, -6.334578213112247 ], [ 106.897308954624108, -6.334292507220522 ], [ 106.896266908894546, -6.333694309997528 ], [ 106.894856553898464, -6.333542528502324 ], [ 106.896213009977487, -6.332524698499104 ], [ 106.896725049689437, -6.332569340207989 ], [ 106.897335904082624, -6.332381845004736 ], [ 106.898575579174732, -6.331069376675594 ], [ 106.899941018406579, -6.33108723340994 ], [ 106.900740519009446, -6.329364055700665 ], [ 106.902034093018585, -6.327524802684302 ], [ 106.906354989535188, -6.324301629910907 ], [ 106.90672329880168, -6.323926633435386 ], [ 106.907046692303979, -6.322881998962252 ], [ 106.905816000364723, -6.322739142801884 ], [ 106.905429724792555, -6.322462358878861 ], [ 106.904414628521494, -6.322542715516936 ], [ 106.90383970673966, -6.322069504024081 ], [ 106.903642077377157, -6.322408787779874 ], [ 106.902249688686766, -6.322283788527321 ], [ 106.902357486520856, -6.321739148574296 ], [ 106.901117811428776, -6.321328436099228 ], [ 106.900578822258311, -6.322373073710799 ], [ 106.900201529838981, -6.322569501060186 ], [ 106.899797287961121, -6.323239139190505 ], [ 106.899599658598618, -6.323971275887211 ], [ 106.899213383026449, -6.324256987487607 ], [ 106.898997787358255, -6.324792696312751 ], [ 106.899096602039521, -6.325337333049184 ], [ 106.898620494938925, -6.326346248766004 ], [ 106.898467781340628, -6.327131951676863 ], [ 106.898000657392885, -6.32784622601368 ], [ 106.897829977488897, -6.327453375250619 ], [ 106.896482504562726, -6.326899812304809 ], [ 106.896284875200223, -6.326569459941705 ], [ 106.895736902876905, -6.326283749619532 ], [ 106.895656054501345, -6.325328404582722 ], [ 106.894640958230283, -6.323783777563641 ], [ 106.894883503356994, -6.323283781701691 ], [ 106.894254682658101, -6.322337359639257 ], [ 106.89428163211663, -6.322132003680031 ] ] ] } },
{ "type": "Feature", "properties": { "FID": 34, "Kode_BPS_K": 3171010001, "Longitude": "106° 48' 7.751\" E", "Latitude": "6° 21' 13.427\" S", "Kecamatan": "JAGAKARSA", "ID": "3171010001", "KELURAHAN": "CIPEDAK", "is_in_haml": "CIPEDAK", "HAMLET": "Cipedak", "LUAS": 408.101, "city": "dki", "source_layer": "Kelurahan", "role": "admin" }, "geometry": { "type": "Polygon", "coordinates": [ [ [ 106.8039739966041, -6.344658172829798 ], [ 106.804027895521145, -6.344426041341983 ], [ 106.803749417783067, -6.344363544385089 ], [ 106.800946674096622, -6.34405105948693 ], [ 106.799419538113611, -6.343738574399293 ], [ 106.798979363624383, -6.343809999578886 ], [ 106.79878173426188, -6.344122484623214 ], [ 106.798269694549944, -6.344301047420615 ], [ 106.798215795632885, -6.344649244697584 ], [ 106.797533076016961, -6.344756382273932 ], [ 106.797326463501605, -6.345167076110235 ], [ 106.79729951404309, -6.34584561303561 ], [ 106.796500013440223, -6.346604501959266 ], [ 106.79592509165839, -6.346425939960157 ], [ 106.795808310671447, -6.34609560009864 ], [ 106.795475934016324, -6.345970606582289 ], [ 106.794514736662308, -6.346595573860781 ], [ 106.794218292618567, -6.346622358155773 ], [ 106.794191343160037, -6.346800920086798 ], [ 106.793346926792964, -6.347568735684868 ], [ 106.792619291412819, -6.347979427279109 ], [ 106.792439628356007, -6.348327622069867 ], [ 106.7923947125918, -6.348550823734993 ], [ 106.792745055552601, -6.348809737545342 ], [ 106.793077432207724, -6.349586478195299 ], [ 106.792888785998059, -6.349711470834122 ], [ 106.793050482749209, -6.350095376606495 ], [ 106.793562522461158, -6.349809679314767 ], [ 106.793724219212294, -6.350452497998211 ], [ 106.794029646408887, -6.350675698742236 ], [ 106.793939814880474, -6.35136315642578 ], [ 106.793194213194667, -6.351702420918275 ], [ 106.792493527273052, -6.352416661224156 ], [ 106.792718106094071, -6.352818420960629 ], [ 106.793319977334434, -6.353184468447462 ], [ 106.793248112111712, -6.353925490611507 ], [ 106.793733202365132, -6.354050482196646 ], [ 106.794002696950358, -6.354300465275831 ], [ 106.794029646408887, -6.354523664351039 ], [ 106.793355909945802, -6.354836142893657 ], [ 106.793005566985002, -6.355300396377936 ], [ 106.793221162653182, -6.356978847786841 ], [ 106.792978617526472, -6.357157406125017 ], [ 106.792906752303736, -6.357826999341007 ], [ 106.792646240871349, -6.35788056676062 ], [ 106.792493527273052, -6.358121620079825 ], [ 106.792673190329864, -6.35890727455803 ], [ 106.793706252906617, -6.360148249071994 ], [ 106.793679303448087, -6.3605678584817 ], [ 106.79352658984979, -6.360674992744178 ], [ 106.793634387683881, -6.36138922059 ], [ 106.793463707779893, -6.361871323824814 ], [ 106.793535573002629, -6.362273076175001 ], [ 106.793050482749209, -6.363246208343549 ], [ 106.793095398513415, -6.363460475729402 ], [ 106.793625404531042, -6.363781876640629 ], [ 106.793805067587869, -6.364388966702108 ], [ 106.794550669273676, -6.364299688796886 ], [ 106.794757281789032, -6.364924633807584 ], [ 106.798179863021531, -6.365013911604186 ], [ 106.798314610314137, -6.364460389015113 ], [ 106.800326836550582, -6.364460389015113 ], [ 106.801243118140363, -6.364308616588105 ], [ 106.803300260141015, -6.363576537192762 ], [ 106.805483166281419, -6.363451547923442 ], [ 106.807145049557036, -6.363522970366777 ], [ 106.807118100098506, -6.362380210082001 ], [ 106.807782853408767, -6.359041192815239 ], [ 106.810226270981573, -6.355496811187469 ], [ 106.814044110939079, -6.347033050504594 ], [ 106.815661078450489, -6.34515814798684 ], [ 106.81388241418793, -6.344309975558862 ], [ 106.81288528422256, -6.344042131344199 ], [ 106.812382227663463, -6.344059987629508 ], [ 106.812220530912299, -6.34445282574976 ], [ 106.811951036327073, -6.344577819634311 ], [ 106.811528828143537, -6.345988462800766 ], [ 106.80882489913833, -6.344979585486445 ], [ 106.808088280605361, -6.345140291739585 ], [ 106.806228767967241, -6.34490816046896 ], [ 106.806058088063253, -6.345104579243219 ], [ 106.8039739966041, -6.344658172829798 ] ] ] } },
{ "type": "Feature", "properties": { "FID": 35, "Kode_BPS_K": 3171030005, "Longitude": "106° 48' 18.303\" E", "Latitude": "6° 16' 21.933\" S", "Kecamatan": "CILANDAK", "ID": "3171030005", "KELURAHAN": "CIPETE SELATAN", "is_in_haml": "CIPETE SELATAN", "HAMLET": "Cipete Selatan", "LUAS": 239.32, "city": "dki", "source_layer": "Kelurahan", "role": "admin" }, "geometry": { "type": "Polygon", "coordinates": [ [ [ 106.79738036241865, -6.265611381804677 ], [ 106.797200699361838, -6.267272264900448 ], [ 106.797371379265812, -6.267808032513167 ], [ 106.797739688532303, -6.275505166454398 ], [ 106.797631890698213, -6.277041007882922 ], [ 106.797092901527748, -6.279317973760048 ], [ 106.807324712613863, -6.279371549307863 ], [ 106.807827769172974, -6.278567915511848 ], [ 106.808258960509335, -6.278175027426876 ], [ 106.812193581453784, -6.278603632595784 ], [ 106.812759520082778, -6.278317895855706 ], [ 106.812840368458353, -6.277978583273241 ], [ 106.812633755943011, -6.277755351190534 ], [ 106.813073930432225, -6.277335674616023 ], [ 106.812867317916883, -6.276424885993255 ], [ 106.813424273393039, -6.275951632452741 ], [ 106.81401716148055, -6.275978420400475 ], [ 106.814214790843053, -6.275335509274712 ], [ 106.813828515270885, -6.273853238934202 ], [ 106.814008178327711, -6.273263901362395 ], [ 106.813945296257828, -6.272254882457491 ], [ 106.813037997820857, -6.271969142235751 ], [ 106.812220530912299, -6.271263720392743 ], [ 106.811537811296375, -6.270415427039092 ], [ 106.811726457506055, -6.269602850006255 ], [ 106.812157648842415, -6.269334967190453 ], [ 106.812274429829358, -6.268995648759578 ], [ 106.812094766772532, -6.268692047871149 ], [ 106.812148665689577, -6.268361658468242 ], [ 106.812759520082778, -6.26692401565713 ], [ 106.811025771584426, -6.266781144105448 ], [ 106.810010675313379, -6.266513259840597 ], [ 106.810010675313379, -6.265968561411264 ], [ 106.808465573024691, -6.265968561411264 ], [ 106.804432137399004, -6.266325740773368 ], [ 106.80448603631605, -6.266656131465634 ], [ 106.801862955686417, -6.266968663009007 ], [ 106.800228021869316, -6.266745426211414 ], [ 106.800057341965328, -6.265727465203634 ], [ 106.798521222829478, -6.265816760108337 ], [ 106.79738036241865, -6.265611381804677 ] ] ] } },
{ "type": "Feature", "properties": { "FID": 36, "Kode_BPS_K": 3171060002, "Longitude": "106° 48' 15.829\" E", "Latitude": "6° 15' 42.015\" S", "Kecamatan": "KEBAYORAN BARU", "ID": "3171060002", "KELURAHAN": "CIPETE UTARA", "is_in_haml": "CIPETE UTARA", "HAMLET": "Cipete Utara", "LUAS": 172.241, "city": "dki", "source_layer": "Kelurahan", "role": "admin" }, "geometry": { "type": "Polygon", "coordinates": [ [ [ 106.810828142221922, -6.260235799206962 ], [ 106.810558647636697, -6.260146503347686 ], [ 106.810450849802592, -6.259833967720004 ], [ 106.810603563400903, -6.259566079890294 ], [ 106.81048678241396, -6.25931605112528 ], [ 106.810019658466217, -6.258842782063857 ], [ 106.809588467129842, -6.258771345187154 ], [ 106.809363888308809, -6.257673001978245 ], [ 106.809139309487776, -6.257485479736218 ], [ 106.809256090474719, -6.25710150541162 ], [ 106.809013545348009, -6.256913982964506 ], [ 106.809220157863351, -6.256547867516684 ], [ 106.809175242099144, -6.256315696611998 ], [ 106.808788966526976, -6.256199611120977 ], [ 106.808456589871852, -6.255842424833042 ], [ 106.80849252248322, -6.255163770213492 ], [ 106.808079297452522, -6.255119121852366 ], [ 106.807890651242857, -6.255726339236905 ], [ 106.807549291434881, -6.255913862110158 ], [ 106.805150789626296, -6.256154962848336 ], [ 106.80057836483013, -6.256306766959757 ], [ 106.800650230052852, -6.257601564941598 ], [ 106.796814423789655, -6.257789087141963 ], [ 106.796473063981693, -6.261941347188366 ], [ 106.796967137387966, -6.263825480104942 ], [ 106.797326463501605, -6.264084436230193 ], [ 106.79738036241865, -6.265611381804677 ], [ 106.798521222829478, -6.265816760108337 ], [ 106.800057341965328, -6.265727465203634 ], [ 106.800228021869316, -6.266745426211414 ], [ 106.801862955686417, -6.266968663009007 ], [ 106.80448603631605, -6.266656131465634 ], [ 106.804432137399004, -6.266325740773368 ], [ 106.808465573024691, -6.265968561411264 ], [ 106.810010675313379, -6.265968561411264 ], [ 106.810010675313379, -6.266513259840597 ], [ 106.811025771584426, -6.266781144105448 ], [ 106.812921216833928, -6.266950804068714 ], [ 106.81334342501745, -6.265718535712323 ], [ 106.812930199986766, -6.265504227875028 ], [ 106.812570873873113, -6.265039893925642 ], [ 106.812310362440726, -6.263736184859552 ], [ 106.811798322728777, -6.263387933256579 ], [ 106.811897137410028, -6.263084329105462 ], [ 106.811654592283304, -6.262655711179776 ], [ 106.812067817314002, -6.26240568389396 ], [ 106.811933070021396, -6.261816333389387 ], [ 106.811430013462285, -6.261637742196066 ], [ 106.811717474353216, -6.261369855291562 ], [ 106.811456962920815, -6.260548334594197 ], [ 106.811034754737264, -6.260548334594197 ], [ 106.810828142221922, -6.260235799206962 ] ] ] } },
{ "type": "Feature", "properties": { "FID": 37, "Kode_BPS_K": 3172090002, "Longitude": "106° 53' 28.377\" E", "Latitude": "6° 12' 27.282\" S", "Kecamatan": "PULO GADUNG", "ID": "3172090002", "KELURAHAN": "CIPINANG", "is_in_haml": "CIPINANG", "HAMLET": "Cipinang", "LUAS": 149.585, "city": "dki", "source_layer": "Kelurahan", "role": "admin" }, "geometry": { "type": "Polygon", "coordinates": [ [ [ 106.896841830676379, -6.210200943453827 ], [ 106.896931662204793, -6.208709558331984 ], [ 106.896716066536584, -6.208030842746445 ], [ 106.897129291567282, -6.207298543370674 ], [ 106.896671150772391, -6.205369554776944 ], [ 106.897102342108766, -6.203788850526335 ], [ 106.897749129113336, -6.202663600544242 ], [ 106.88841563331134, -6.201877710243347 ], [ 106.886008148349902, -6.201886640821529 ], [ 106.885765603223177, -6.207182447034683 ], [ 106.884930170008957, -6.208048703694113 ], [ 106.884921186856104, -6.20942399484553 ], [ 106.884732540646439, -6.20944185574595 ], [ 106.884723557493601, -6.211763767641723 ], [ 106.888370717547133, -6.211763767641723 ], [ 106.889376830665327, -6.212076331922569 ], [ 106.88790359359939, -6.214201764109755 ], [ 106.889852937765923, -6.213442682171133 ], [ 106.891200410692107, -6.21321049218299 ], [ 106.895763852335435, -6.213228352954946 ], [ 106.89581775125248, -6.212487130409416 ], [ 106.896886746440586, -6.211531576912953 ], [ 106.897686247043438, -6.210531369525995 ], [ 106.897596415515025, -6.210209873890935 ], [ 106.896841830676379, -6.210200943453827 ] ] ] } },
{ "type": "Feature", "properties": { "FID": 38, "Kode_BPS_K": 3172060003, "Longitude": "106° 52' 50.559\" E", "Latitude": "6° 13' 46.452\" S", "Kecamatan": "JATINEGARA", "ID": "3172060003", "KELURAHAN": "CIPINANG BESAR SELATAN", "is_in_haml": "CIPINANG BESAR SELATAN", "HAMLET": "Cipinang Besar Selatan", "LUAS": 164.992, "city": "dki", "source_layer": "Kelurahan", "role": "admin" }, "geometry": { "type": "Polygon", "coordinates": [ [ [ 106.879648076138324, -6.239849158849011 ], [ 106.883546764471404, -6.239634840409798 ], [ 106.883250320427649, -6.237893499842219 ], [ 106.884229484087328, -6.237804200169986 ], [ 106.884409147144154, -6.236607583094437 ], [ 106.884148635711753, -6.236134293497368 ], [ 106.883942023196411, -6.236178943477608 ], [ 106.883816259056644, -6.23566100347309 ], [ 106.88357371392992, -6.23563421345894 ], [ 106.883483882401507, -6.234955532643985 ], [ 106.883942023196411, -6.234625121929344 ], [ 106.883924056890734, -6.234196480692063 ], [ 106.883600663388449, -6.234187550662561 ], [ 106.88370846122254, -6.233616028458212 ], [ 106.883196421510604, -6.233374917341485 ], [ 106.883007775300925, -6.230553016034133 ], [ 106.882513701894666, -6.230115441371131 ], [ 106.883187438357766, -6.228749134463297 ], [ 106.883852191668012, -6.227061338667657 ], [ 106.883726427528217, -6.226980967303965 ], [ 106.883942023196411, -6.226418367413704 ], [ 106.887238840289143, -6.218640138932733 ], [ 106.887166975066407, -6.217720317850858 ], [ 106.886412390227747, -6.217800690630899 ], [ 106.885585940166351, -6.218131111930904 ], [ 106.885594923319204, -6.218791953908057 ], [ 106.885765603223177, -6.219193816866449 ], [ 106.885388310803847, -6.219693912563492 ], [ 106.885262546664066, -6.220301170984648 ], [ 106.884777456410646, -6.220211868319648 ], [ 106.884229484087328, -6.219890378600037 ], [ 106.884175585170283, -6.219720703390981 ], [ 106.883942023196411, -6.219720703390981 ], [ 106.883807275903806, -6.220113635370626 ], [ 106.883385067720255, -6.219881448327242 ], [ 106.882244207309427, -6.21997968131965 ], [ 106.882046577946923, -6.220086844563162 ], [ 106.882019628488393, -6.220506567056576 ], [ 106.88184894858442, -6.220694102530417 ], [ 106.881166228968482, -6.220515497318751 ], [ 106.880941650147463, -6.22096201023413 ], [ 106.881022498523024, -6.221265638799927 ], [ 106.880878768077565, -6.222194383912341 ], [ 106.880465543046881, -6.22232833739889 ], [ 106.879845705500827, -6.222837360336368 ], [ 106.879899604417886, -6.223337452566678 ], [ 106.879118070120683, -6.223337452566678 ], [ 106.878794676618412, -6.22281056966774 ], [ 106.878408401046244, -6.222765918550327 ], [ 106.877851445570087, -6.223408894275011 ], [ 106.877456186845066, -6.223533917241219 ], [ 106.877420254233698, -6.224435867758761 ], [ 106.877186692259841, -6.224935958467497 ], [ 106.876530922102432, -6.225355677087713 ], [ 106.876378208504136, -6.226195113321952 ], [ 106.875246331246146, -6.226052230653426 ], [ 106.875165482870557, -6.226525529344032 ], [ 106.875479893220003, -6.228034724206752 ], [ 106.876629736783684, -6.233089155874448 ], [ 106.877653816207584, -6.236634373058852 ], [ 106.878031108626899, -6.238634686534583 ], [ 106.877977209709854, -6.239867018714989 ], [ 106.879648076138324, -6.239849158849011 ] ] ] } },
{ "type": "Feature", "properties": { "FID": 39, "Kode_BPS_K": 3172060005, "Longitude": "106° 52' 46.660\" E", "Latitude": "6° 13' 7.217\" S", "Kecamatan": "JATINEGARA", "ID": "3172060005", "KELURAHAN": "CIPINANG BESAR UTARA", "is_in_haml": "CIPINANG BESAR UTARA", "HAMLET": "Cipinang Besar Utara", "LUAS": 110.929, "city": "dki", "source_layer": "Kelurahan", "role": "admin" }, "geometry": { "type": "Polygon", "coordinates": [ [ [ 106.886672901660148, -6.217756039087948 ], [ 106.887166975066407, -6.217720317850858 ], [ 106.886735783730032, -6.214299998162967 ], [ 106.874330049656336, -6.214916193169335 ], [ 106.874105470835318, -6.21519303416914 ], [ 106.874491746407472, -6.218470463320207 ], [ 106.874374965420543, -6.218988420281645 ], [ 106.874599544241562, -6.219756424492175 ], [ 106.874698358922828, -6.223203499337373 ], [ 106.874976836660906, -6.224176892026062 ], [ 106.875084634494996, -6.22602544014875 ], [ 106.876378208504136, -6.226195113321952 ], [ 106.876530922102432, -6.225355677087713 ], [ 106.877186692259841, -6.224935958467497 ], [ 106.877420254233698, -6.224435867758761 ], [ 106.877456186845066, -6.223533917241219 ], [ 106.877851445570087, -6.223408894275011 ], [ 106.878408401046244, -6.222765918550327 ], [ 106.878794676618412, -6.22281056966774 ], [ 106.879118070120683, -6.223337452566678 ], [ 106.879899604417886, -6.223337452566678 ], [ 106.879845705500827, -6.222837360336368 ], [ 106.880465543046881, -6.22232833739889 ], [ 106.880878768077565, -6.222194383912341 ], [ 106.881022498523024, -6.221265638799927 ], [ 106.880941650147463, -6.22096201023413 ], [ 106.881166228968482, -6.220515497318751 ], [ 106.88184894858442, -6.220694102530417 ], [ 106.882019628488393, -6.220506567056576 ], [ 106.882046577946923, -6.220086844563162 ], [ 106.882244207309427, -6.21997968131965 ], [ 106.883385067720255, -6.219881448327242 ], [ 106.883807275903806, -6.220113635370626 ], [ 106.883942023196411, -6.219720703390981 ], [ 106.884175585170283, -6.219720703390981 ], [ 106.884229484087328, -6.219890378600037 ], [ 106.884777456410646, -6.220211868319648 ], [ 106.885262546664066, -6.220301170984648 ], [ 106.885388310803847, -6.219693912563492 ], [ 106.885765603223177, -6.219193816866449 ], [ 106.885594923319204, -6.218791953908057 ], [ 106.885585940166351, -6.218131111930904 ], [ 106.886672901660148, -6.217756039087948 ] ] ] } },
{ "type": "Feature", "properties": { "FID": 40, "Kode_BPS_K": 3172060002, "Longitude": "106° 52' 24.594\" E", "Latitude": "6° 14' 12.714\" S", "Kecamatan": "JATINEGARA", "ID": "3172060002", "KELURAHAN": "CIPINANG CEMPEDAK", "is_in_haml": "CIPINANG CEMPEDAK", "HAMLET": "Cipinang Cempedak", "LUAS": 164.233, "city": "dki", "source_layer": "Kelurahan", "role": "admin" }, "geometry": { "type": "Polygon", "coordinates": [ [ [ 106.875219381787602, -6.226864875312473 ], [ 106.875165482870557, -6.226525529344032 ], [ 106.870503226545978, -6.22682022453968 ], [ 106.869784574318686, -6.230026140374675 ], [ 106.869712709095964, -6.231633555985995 ], [ 106.86998220368119, -6.236768322860402 ], [ 106.869928304764144, -6.238920444979406 ], [ 106.870323563489166, -6.240885030069483 ], [ 106.870350512947681, -6.24173337135393 ], [ 106.870054068903926, -6.242947836485788 ], [ 106.869263551453898, -6.244805248299172 ], [ 106.872623250616513, -6.24623402213369 ], [ 106.873934790931315, -6.246439408051844 ], [ 106.875156499717718, -6.246841249832552 ], [ 106.876405157962651, -6.245930408020115 ], [ 106.877114827037104, -6.243510418643988 ], [ 106.877366355316653, -6.241786950757352 ], [ 106.877977209709854, -6.239867018714989 ], [ 106.878040091779738, -6.239036534303111 ], [ 106.877653816207584, -6.236634373058852 ], [ 106.876629736783684, -6.233089155874448 ], [ 106.875219381787602, -6.226864875312473 ] ] ] } },
{ "type": "Feature", "properties": { "FID": 41, "Kode_BPS_K": 3172040005, "Longitude": "106° 54' 19.843\" E", "Latitude": "6° 14' 57.590\" S", "Kecamatan": "MAKASAR", "ID": "3172040005", "KELURAHAN": "CIPINANG MELAYU", "is_in_haml": "CIPINANG MELAYU", "HAMLET": "Cipinang Melayu", "LUAS": 262.327, "city": "dki", "source_layer": "Kelurahan", "role": "admin" }, "geometry": { "type": "Polygon", "coordinates": [ [ [ 106.909876385448953, -6.256297837307366 ], [ 106.909723671850642, -6.255369152625546 ], [ 106.910487239842155, -6.255270926264631 ], [ 106.911466403501834, -6.255431660300153 ], [ 106.911735898087073, -6.255163770213492 ], [ 106.91315523623598, -6.255869213813105 ], [ 106.913119303624612, -6.256065666291608 ], [ 106.914817119511596, -6.256181751812379 ], [ 106.914844068970126, -6.256913982964506 ], [ 106.915499839127534, -6.256922912606371 ], [ 106.915454923363328, -6.256681812222469 ], [ 106.915706451642876, -6.256467500676734 ], [ 106.917440200141229, -6.256208540775049 ], [ 106.91745816644692, -6.255735268899062 ], [ 106.917880374630457, -6.255672761260762 ], [ 106.917925290394663, -6.253672512888629 ], [ 106.919129032875375, -6.253824317720954 ], [ 106.91931767908504, -6.253690372282954 ], [ 106.919362594849247, -6.252261618809325 ], [ 106.919919550325403, -6.251779413630937 ], [ 106.920108196535068, -6.251395435115367 ], [ 106.920665152011225, -6.251368645906087 ], [ 106.920620236247004, -6.250573898739995 ], [ 106.921087360194747, -6.250538179737884 ], [ 106.921222107487381, -6.250252427633198 ], [ 106.92085379822089, -6.249261223810382 ], [ 106.921114309653277, -6.248573630866228 ], [ 106.92106939388907, -6.247778879454458 ], [ 106.914062534672937, -6.248243228740505 ], [ 106.91229285356323, -6.24801998394287 ], [ 106.905914815045989, -6.246332250191556 ], [ 106.89918643356792, -6.243930122400158 ], [ 106.897776078571852, -6.242947836485788 ], [ 106.894290615269469, -6.240063477200571 ], [ 106.893383316832512, -6.239625910472928 ], [ 106.892682630910898, -6.239474101522868 ], [ 106.889942769294322, -6.23935801229609 ], [ 106.878947390216709, -6.239875948647749 ], [ 106.878911457605341, -6.241063628348786 ], [ 106.879324682636039, -6.241581563014473 ], [ 106.879684008749678, -6.241661932140842 ], [ 106.884400163991316, -6.241510123780683 ], [ 106.886475272297631, -6.241143997554611 ], [ 106.887975458822112, -6.241063628348786 ], [ 106.890697354132996, -6.24126901629472 ], [ 106.892161608046109, -6.241778020857163 ], [ 106.89304195702455, -6.241965548729185 ], [ 106.893670777723429, -6.241920899241935 ], [ 106.893643828264899, -6.242153076534074 ], [ 106.893266535845569, -6.242233445572761 ], [ 106.893383316832512, -6.242867467556714 ], [ 106.893293485304099, -6.243153223692947 ], [ 106.893473148360926, -6.243385400438836 ], [ 106.894973334885393, -6.243849753621824 ], [ 106.896078262684867, -6.244323036250017 ], [ 106.896239959436016, -6.244519493064391 ], [ 106.896832847523541, -6.244403404955715 ], [ 106.89692267905194, -6.244510563210791 ], [ 106.896796914912173, -6.244885616930857 ], [ 106.89708437580309, -6.245108863065254 ], [ 106.897380819846845, -6.244974915396038 ], [ 106.898009640545737, -6.245501776030594 ], [ 106.898503713951996, -6.245644653399427 ], [ 106.89867439385597, -6.245894688701059 ], [ 106.899132534650875, -6.245867899210167 ], [ 106.899384062930423, -6.246171513359996 ], [ 106.899635591209986, -6.246189373010384 ], [ 106.899761355349767, -6.246385829124443 ], [ 106.899671523821354, -6.246492986973762 ], [ 106.900021866782154, -6.246957337400656 ], [ 106.900327293978762, -6.248216439369818 ], [ 106.900695603245239, -6.248457543656637 ], [ 106.901108828275937, -6.248448613870217 ], [ 106.901216626110028, -6.248823664768643 ], [ 106.90109086197026, -6.249234434491814 ], [ 106.901665783752094, -6.249555906224132 ], [ 106.9017106995163, -6.250377444198205 ], [ 106.902240705533927, -6.252065164901428 ], [ 106.902429351743592, -6.252297337693741 ], [ 106.903076138748162, -6.252431283488574 ], [ 106.903579195307259, -6.252949206905795 ], [ 106.903210886040782, -6.254011841276502 ], [ 106.904558358966952, -6.25486016128264 ], [ 106.904297847534565, -6.25535129328857 ], [ 106.904145133936254, -6.256137103538211 ], [ 106.903992420337957, -6.256163892503169 ], [ 106.90424394861752, -6.25694970153105 ], [ 106.904666156801042, -6.256913982964506 ], [ 106.904657173648204, -6.256601445403118 ], [ 106.904917685080605, -6.256378204173406 ], [ 106.904872769316398, -6.256708601159508 ], [ 106.905052432373225, -6.256869334752894 ], [ 106.905465657403923, -6.256601445403118 ], [ 106.905600404696543, -6.256306766959757 ], [ 106.905807017211885, -6.256297837307366 ], [ 106.906462787369293, -6.257003279376286 ], [ 106.906076511797124, -6.257717650121188 ], [ 106.905816000364723, -6.257556916788735 ], [ 106.905654303613588, -6.257914101904818 ], [ 106.905330910111303, -6.257646213090647 ], [ 106.905250061735728, -6.25786945377866 ], [ 106.905411758486878, -6.258610612178857 ], [ 106.905636337307897, -6.258789204407246 ], [ 106.905771084600516, -6.258628471404442 ], [ 106.90610346125564, -6.258690978689187 ], [ 106.906399905299395, -6.258967796574582 ], [ 106.906328040076673, -6.259476783916528 ], [ 106.910118930575663, -6.257967679651171 ], [ 106.909876385448953, -6.256297837307366 ] ] ] } },
{ "type": "Feature", "properties": { "FID": 42, "Kode_BPS_K": 3172060004, "Longitude": "106° 53' 20.982\" E", "Latitude": "6° 13' 34.669\" S", "Kecamatan": "JATINEGARA", "ID": "3172060004", "KELURAHAN": "CIPINANG MUARA", "is_in_haml": "CIPINANG MUARA", "HAMLET": "Cipinang Muara", "LUAS": 269.915, "city": "dki", "source_layer": "Kelurahan", "role": "admin" }, "geometry": { "type": "Polygon", "coordinates": [ [ [ 106.890427859547756, -6.239375872178806 ], [ 106.892035843906328, -6.239429451823304 ], [ 106.892071776517696, -6.239072254089846 ], [ 106.892862293967724, -6.237911359774839 ], [ 106.892215506963154, -6.237554161006805 ], [ 106.892224490115993, -6.237170172059708 ], [ 106.892970091801814, -6.236455773270219 ], [ 106.893059923330227, -6.236152153489921 ], [ 106.892862293967724, -6.23588425353777 ], [ 106.892898226579092, -6.234982322692805 ], [ 106.892565849923955, -6.23503590278634 ], [ 106.892296355338729, -6.234848372435018 ], [ 106.891658551486998, -6.232562282761523 ], [ 106.890023617669911, -6.231070961082088 ], [ 106.890194297573885, -6.229392102862942 ], [ 106.890508707923317, -6.228838435677009 ], [ 106.890347011172182, -6.228659833234395 ], [ 106.890499724770478, -6.228365139071242 ], [ 106.890221247032414, -6.228016863937881 ], [ 106.890293112255137, -6.22784719135332 ], [ 106.890841084578454, -6.227775750248681 ], [ 106.89097583187106, -6.227293522538107 ], [ 106.891649568334159, -6.227239941654038 ], [ 106.894245699505262, -6.223248150417604 ], [ 106.893580946195016, -6.22306061585514 ], [ 106.893670777723429, -6.22284629055894 ], [ 106.894254682658101, -6.222301546704312 ], [ 106.894883503356994, -6.222051500155721 ], [ 106.895206896859278, -6.221676430109764 ], [ 106.895988431156454, -6.221453174002944 ], [ 106.896239959436016, -6.219470655614662 ], [ 106.895979448003615, -6.219184886581821 ], [ 106.895916565933732, -6.218747302449277 ], [ 106.895161981095072, -6.218399020940658 ], [ 106.89503621695529, -6.21797929676479 ], [ 106.895287745234839, -6.216979101633739 ], [ 106.895835717558157, -6.21703268356398 ], [ 106.896150127907589, -6.216246814706729 ], [ 106.896159111060442, -6.215871740520046 ], [ 106.89581775125248, -6.21532698943933 ], [ 106.895763852335435, -6.213228352954946 ], [ 106.891200410692107, -6.21321049218299 ], [ 106.889852937765923, -6.213442682171133 ], [ 106.88790359359939, -6.214201764109755 ], [ 106.886735783730032, -6.214299998162967 ], [ 106.887238840289143, -6.218640138932733 ], [ 106.883942023196411, -6.226418367413704 ], [ 106.883726427528217, -6.226980967303965 ], [ 106.883852191668012, -6.227061338667657 ], [ 106.883187438357766, -6.228749134463297 ], [ 106.882513701894666, -6.230115441371131 ], [ 106.883007775300925, -6.230553016034133 ], [ 106.883196421510604, -6.233374917341485 ], [ 106.88370846122254, -6.233616028458212 ], [ 106.883600663388449, -6.234187550662561 ], [ 106.883924056890734, -6.234196480692063 ], [ 106.883942023196411, -6.234625121929344 ], [ 106.883483882401507, -6.234955532643985 ], [ 106.88357371392992, -6.23563421345894 ], [ 106.883816259056644, -6.23566100347309 ], [ 106.883942023196411, -6.236178943477608 ], [ 106.884148635711753, -6.236134293497368 ], [ 106.884409147144154, -6.236607583094437 ], [ 106.884229484087328, -6.237804200169986 ], [ 106.883250320427649, -6.237893499842219 ], [ 106.883546764471404, -6.239634840409798 ], [ 106.890427859547756, -6.239375872178806 ] ] ] } },
{ "type": "Feature", "properties": { "FID": 43, "Kode_BPS_K": 3171050004, "Longitude": "106° 46' 23.737\" E", "Latitude": "6° 14' 17.944\" S", "Kecamatan": "KEBAYORAN LAMA", "ID": "3171050004", "KELURAHAN": "CIPULIR", "is_in_haml": "CIPULIR", "HAMLET": "Cipulir", "LUAS": 172.633, "city": "dki", "source_layer": "Kelurahan", "role": "admin" }, "geometry": { "type": "Polygon", "coordinates": [ [ [ 106.76895766682911, -6.23321417653543 ], [ 106.767628160208616, -6.233133806113933 ], [ 106.766900524828486, -6.232678373492871 ], [ 106.766379501963698, -6.233491007893003 ], [ 106.76604712530856, -6.233633888536525 ], [ 106.766927474287016, -6.234339361143414 ], [ 106.767250867789286, -6.235464543337546 ], [ 106.767008322662576, -6.23665223303437 ], [ 106.765085927954559, -6.236723672930355 ], [ 106.764502023019872, -6.237563090978973 ], [ 106.76461880400683, -6.238697196207702 ], [ 106.765041012190352, -6.238974024670465 ], [ 106.76556203505514, -6.238813285580855 ], [ 106.765777630723335, -6.238197118614014 ], [ 106.766056108461413, -6.238232838457957 ], [ 106.766110007378458, -6.238429297556133 ], [ 106.765903394863116, -6.238857935332915 ], [ 106.766110007378458, -6.239304432644287 ], [ 106.766648996548923, -6.239563400910582 ], [ 106.766370518810859, -6.240081337059244 ], [ 106.765894411710264, -6.240259935612496 ], [ 106.765633900277862, -6.241501193875774 ], [ 106.765714748653451, -6.241778020857163 ], [ 106.76747544661032, -6.242519202054893 ], [ 106.768104267309212, -6.243224662702644 ], [ 106.768274947213186, -6.243608647212816 ], [ 106.768310879824554, -6.244367685532484 ], [ 106.769990729405848, -6.244421264666417 ], [ 106.769954796794494, -6.243653296556191 ], [ 106.771984989336602, -6.24343897967327 ], [ 106.771976006183763, -6.243305031576906 ], [ 106.778192347949869, -6.242894257201109 ], [ 106.778380994159534, -6.243162153569692 ], [ 106.778605572980553, -6.243108574306937 ], [ 106.7788301518016, -6.243322891325068 ], [ 106.780447119312996, -6.241242226567208 ], [ 106.780842378038017, -6.241090418085432 ], [ 106.780240506797654, -6.232848044515556 ], [ 106.771984989336602, -6.233240966673193 ], [ 106.772002955642293, -6.235116272916379 ], [ 106.771356168637709, -6.235160922983299 ], [ 106.770484802812121, -6.23515199297022 ], [ 106.770170392462674, -6.234151830543034 ], [ 106.769631403292195, -6.233633888536525 ], [ 106.769514622305266, -6.23321417653543 ], [ 106.76895766682911, -6.23321417653543 ] ] ] } },
{ "type": "Feature", "properties": { "FID": 44, "Kode_BPS_K": 3172020003, "Longitude": "106° 52' 31.813\" E", "Latitude": "6° 19' 33.648\" S", "Kecamatan": "CIRACAS", "ID": "3172020003", "KELURAHAN": "CIRACAS", "is_in_haml": "CIRACAS", "HAMLET": "Ciracas", "LUAS": 391.133, "city": "dki", "source_layer": "Kelurahan", "role": "admin" }, "geometry": { "type": "Polygon", "coordinates": [ [ [ 106.874707342075666, -6.314167700988065 ], [ 106.873323936538114, -6.316033787388828 ], [ 106.872973593577328, -6.317239150626863 ], [ 106.872964610424475, -6.31840879671487 ], [ 106.872479520171055, -6.320042725373203 ], [ 106.870916451576676, -6.319578440159032 ], [ 106.870197799349384, -6.320926651840642 ], [ 106.870233731960752, -6.32153379237753 ], [ 106.869775591165848, -6.323498065701733 ], [ 106.86771844916521, -6.322944498520004 ], [ 106.867799297540785, -6.322712357267421 ], [ 106.867673533401003, -6.322524858487332 ], [ 106.867215392606099, -6.322283788527321 ], [ 106.866397925697555, -6.322069504024081 ], [ 106.866335043627672, -6.322230217409835 ], [ 106.866155380570859, -6.322167717765755 ], [ 106.866029616431064, -6.322444501846481 ], [ 106.86496960439581, -6.3221766462868 ], [ 106.86383772713782, -6.325917683038412 ], [ 106.86389162605488, -6.326899812304809 ], [ 106.864439598378169, -6.327971223921105 ], [ 106.866766234964061, -6.330390820312942 ], [ 106.867260308370305, -6.331301514173924 ], [ 106.867628617636797, -6.332667551953946 ], [ 106.867978960597611, -6.335917457371356 ], [ 106.868410151933986, -6.337640613204726 ], [ 106.871123064092032, -6.338354873002764 ], [ 106.8728837620489, -6.339613753488933 ], [ 106.87315325663414, -6.338792356640647 ], [ 106.873458683830734, -6.338658433117439 ], [ 106.873575464817677, -6.338417370688037 ], [ 106.873440717525057, -6.338131666922118 ], [ 106.873539532206323, -6.337935245491257 ], [ 106.8746085273944, -6.337167415543906 ], [ 106.874455813796104, -6.337006706805647 ], [ 106.874132420293833, -6.337024563334593 ], [ 106.874114453988156, -6.336703145719021 ], [ 106.874401914879058, -6.33630137341798 ], [ 106.87441988118475, -6.335801389673122 ], [ 106.874940904049538, -6.33588174423622 ], [ 106.874869038826816, -6.335042484848977 ], [ 106.875408027997281, -6.335060341445895 ], [ 106.875982949779115, -6.334149654215355 ], [ 106.876611770477993, -6.334221080722881 ], [ 106.876800416687658, -6.333703238319385 ], [ 106.877294490093931, -6.333337176996602 ], [ 106.877689748818938, -6.332721121989322 ], [ 106.877528052067802, -6.332462200100183 ], [ 106.877653816207584, -6.332149707992087 ], [ 106.878237721142256, -6.331819358986453 ], [ 106.878372468434875, -6.331158660341148 ], [ 106.87923485110764, -6.330846167444177 ], [ 106.879423497317291, -6.331230087262476 ], [ 106.879684008749678, -6.331292585810534 ], [ 106.880851818619035, -6.330908666038698 ], [ 106.880519441963926, -6.330221181082974 ], [ 106.880851818619035, -6.32973904823044 ], [ 106.880941650147463, -6.329292628521272 ], [ 106.8806901218679, -6.329131917331523 ], [ 106.880663172409371, -6.32874799595363 ], [ 106.880222997920157, -6.327917653393054 ], [ 106.881480639317928, -6.328024794443601 ], [ 106.883959989502102, -6.32881942320833 ], [ 106.885487125485099, -6.328917635667418 ], [ 106.886520188061837, -6.32940869768277 ], [ 106.887140025607877, -6.32933727050955 ], [ 106.886915446786844, -6.319185583113911 ], [ 106.886484255450469, -6.319194511686431 ], [ 106.885765603223177, -6.318917725866663 ], [ 106.885873401057268, -6.318640939898828 ], [ 106.885172715135653, -6.318382010956173 ], [ 106.88470559118791, -6.318417725300793 ], [ 106.883672528611172, -6.318873082978639 ], [ 106.881408774095192, -6.318176653426764 ], [ 106.880654189256532, -6.31698022098283 ], [ 106.879603160374117, -6.316426646826604 ], [ 106.879351632094568, -6.316649862283413 ], [ 106.878516198880334, -6.316132002276224 ], [ 106.878040091779738, -6.315399854485522 ], [ 106.877123810189943, -6.315123066636391 ], [ 106.876791433534819, -6.314837349991752 ], [ 106.876665669395052, -6.31492663646014 ], [ 106.876432107421181, -6.314748063507968 ], [ 106.876512955796755, -6.314623062404801 ], [ 106.8756326068183, -6.314292702201164 ], [ 106.875246331246146, -6.314408774729163 ], [ 106.874707342075666, -6.314167700988065 ] ] ] } },
{ "type": "Feature", "properties": { "FID": 45, "Kode_BPS_K": 3172050004, "Longitude": "106° 52' 40.002\" E", "Latitude": "6° 17' 46.027\" S", "Kecamatan": "KRAMAT JATI", "ID": "3172050004", "KELURAHAN": "DUKUH", "is_in_haml": "DUKUH", "HAMLET": "Dukuh", "LUAS": 171.267, "city": "dki", "source_layer": "Kelurahan", "role": "admin" }, "geometry": { "type": "Polygon", "coordinates": [ [ [ 106.876872281910394, -6.284773722069678 ], [ 106.875991932931953, -6.283175399110068 ], [ 106.874788190451241, -6.280103747908846 ], [ 106.874590561088723, -6.280425200627912 ], [ 106.875812269875141, -6.283389699680164 ], [ 106.876198545447295, -6.283987954971245 ], [ 106.876189562294456, -6.284845155383415 ], [ 106.875156499717718, -6.285014809464231 ], [ 106.874716325228519, -6.285300542527912 ], [ 106.874725308381358, -6.285863079038377 ], [ 106.874321066503498, -6.285943441347353 ], [ 106.87415038659951, -6.286363110981395 ], [ 106.873359869149482, -6.286497048027362 ], [ 106.873000543035843, -6.28676492201582 ], [ 106.873054441952888, -6.286988150234143 ], [ 106.87264121692219, -6.287264953091789 ], [ 106.872192059280124, -6.287184590987005 ], [ 106.87191358154206, -6.288247155591218 ], [ 106.87215612666877, -6.288988270794464 ], [ 106.872695115839235, -6.289372221628907 ], [ 106.87328800392676, -6.290559788693869 ], [ 106.873323936538114, -6.2916223463994 ], [ 106.873108340869933, -6.291934862958169 ], [ 106.87326105446823, -6.292372385824691 ], [ 106.873090374564256, -6.292649185815292 ], [ 106.873746144721665, -6.292836695402564 ], [ 106.873602414276206, -6.293863532418568 ], [ 106.873853942555755, -6.294702858558886 ], [ 106.87466242631146, -6.294631426599743 ], [ 106.875246331246146, -6.295060018207248 ], [ 106.875192432329087, -6.295827910619535 ], [ 106.874752257839873, -6.295943987280746 ], [ 106.874096487682465, -6.296506512271378 ], [ 106.874401914879058, -6.297185113036399 ], [ 106.873782077333018, -6.297310118343747 ], [ 106.87415038659951, -6.297997646996164 ], [ 106.874078521376774, -6.298176225717961 ], [ 106.873647330040413, -6.298256586122728 ], [ 106.87318020609267, -6.29808693636474 ], [ 106.872677149533558, -6.298658387959964 ], [ 106.872578334852307, -6.298961971364052 ], [ 106.872937660965945, -6.299229838926091 ], [ 106.873108340869933, -6.299613782190604 ], [ 106.873036475647211, -6.300256663299876 ], [ 106.873557498512, -6.300765610279916 ], [ 106.873961740389845, -6.300203089904519 ], [ 106.874581577935885, -6.299881649416245 ], [ 106.874554628477355, -6.300542387981702 ], [ 106.874770224145564, -6.300756681389831 ], [ 106.874572594783046, -6.301122765757327 ], [ 106.874590561088723, -6.301542423129153 ], [ 106.874958870355215, -6.301703142883795 ], [ 106.874860055673963, -6.302203159579844 ], [ 106.87517446602341, -6.302283519361048 ], [ 106.875354129080236, -6.302078155451012 ], [ 106.875731421499552, -6.302069226583513 ], [ 106.875758370958081, -6.301765644997155 ], [ 106.875938034014908, -6.301667427387065 ], [ 106.877249574329724, -6.30232816367856 ], [ 106.877375338469491, -6.303729993294001 ], [ 106.87807602439112, -6.304024644896923 ], [ 106.878174839072372, -6.30492645633837 ], [ 106.87923485110764, -6.305444327546368 ], [ 106.879225867954787, -6.306069343832736 ], [ 106.879405531011614, -6.30659614268895 ], [ 106.882378954602046, -6.305953269436522 ], [ 106.884265416698696, -6.305792550998862 ], [ 106.883699478069701, -6.302854966335052 ], [ 106.883178455204913, -6.302042439980098 ], [ 106.882477769283298, -6.299006615967325 ], [ 106.881893864348612, -6.297711920913518 ], [ 106.88133690887247, -6.295649331090087 ], [ 106.87945044677582, -6.290916951190209 ], [ 106.877644833054745, -6.286997079360882 ], [ 106.876872281910394, -6.284773722069678 ] ] ] } },
{ "type": "Feature", "properties": { "FID": 46, "Kode_BPS_K": 3172070002, "Longitude": "106° 54' 56.462\" E", "Latitude": "6° 14' 0.801\" S", "Kecamatan": "DUREN SAWIT", "ID": "3172070002", "KELURAHAN": "DUREN SAWIT", "is_in_haml": "DUREN SAWIT", "HAMLET": "Duren Sawit", "LUAS": 470.719, "city": "dki", "source_layer": "Kelurahan", "role": "admin" }, "geometry": { "type": "Polygon", "coordinates": [ [ [ 106.924267396300536, -6.220372613105726 ], [ 106.918769706761722, -6.22064945123319 ], [ 106.916685615302583, -6.220953079979539 ], [ 106.916461036481536, -6.221354941285901 ], [ 106.915688485337199, -6.220953079979539 ], [ 106.912553364995617, -6.225069911255067 ], [ 106.910711818663174, -6.224328705402093 ], [ 106.909256547902899, -6.222971313659014 ], [ 106.905789050906193, -6.222962383438567 ], [ 106.903282751263504, -6.2271238497198 ], [ 106.903426481708962, -6.227168500466776 ], [ 106.903318683874872, -6.227409614434833 ], [ 106.905259044888567, -6.227963283127628 ], [ 106.904845819857883, -6.229606425487809 ], [ 106.908654676662536, -6.229758237294142 ], [ 106.908834339719377, -6.231722856708923 ], [ 106.90876247449664, -6.233240966673193 ], [ 106.909984183283044, -6.233437427641649 ], [ 106.909831469684732, -6.242465622726368 ], [ 106.909463160418255, -6.244349825819953 ], [ 106.908780440802317, -6.244242667531985 ], [ 106.908645693509698, -6.245269600223079 ], [ 106.908250434784691, -6.245510705867289 ], [ 106.907945007588083, -6.246894828713338 ], [ 106.91229285356323, -6.24801998394287 ], [ 106.914062534672937, -6.248243228740505 ], [ 106.92106939388907, -6.247778879454458 ], [ 106.920144129146436, -6.244894546778061 ], [ 106.92055735417712, -6.243635436819299 ], [ 106.921267023251588, -6.243054995038703 ], [ 106.921653298823742, -6.241635142433422 ], [ 106.922371951051048, -6.240974329216745 ], [ 106.922147372230015, -6.240108126846112 ], [ 106.922767209776055, -6.238134608881257 ], [ 106.923027721208456, -6.236607583094437 ], [ 106.923656541907334, -6.23515199297022 ], [ 106.923791289199954, -6.234419731380194 ], [ 106.923890103881206, -6.23376783910448 ], [ 106.923297215793681, -6.230115441371131 ], [ 106.923297215793681, -6.229142059689995 ], [ 106.924779436012486, -6.226061160821349 ], [ 106.924267396300536, -6.220372613105726 ] ] ] } },
{ "type": "Feature", "properties": { "FID": 47, "Kode_BPS_K": 3171080003, "Longitude": "106° 50' 6.775\" E", "Latitude": "6° 15' 21.189\" S", "Kecamatan": "PANCORAN", "ID": "3171080003", "KELURAHAN": "DUREN TIGA", "is_in_haml": "DUREN TIGA", "HAMLET": "Duren Tiga", "LUAS": 202.028, "city": "dki", "source_layer": "Kelurahan", "role": "admin" }, "geometry": { "type": "Polygon", "coordinates": [ [ [ 106.847928563456051, -6.250600687989976 ], [ 106.846634989446926, -6.250645336736899 ], [ 106.846634989446926, -6.250797142447929 ], [ 106.845952269831002, -6.250752493713964 ], [ 106.845898370913957, -6.251931219012825 ], [ 106.842583587515549, -6.251913359558419 ], [ 106.84260155382124, -6.253583215907849 ], [ 106.841864935288257, -6.253681442585869 ], [ 106.837642853452891, -6.253413551602351 ], [ 106.837633870300053, -6.252529510382981 ], [ 106.836088768011379, -6.251761554171346 ], [ 106.826952901571872, -6.252395564613307 ], [ 106.82701578364177, -6.252886698934383 ], [ 106.823674050784845, -6.253190309011243 ], [ 106.823296758365501, -6.253583215907849 ], [ 106.823377606741076, -6.253877895886544 ], [ 106.823808798077451, -6.254083278803781 ], [ 106.823808798077451, -6.253824317720954 ], [ 106.824356770400769, -6.254467255345668 ], [ 106.825326950907623, -6.254824442573299 ], [ 106.824680163903039, -6.255824565512238 ], [ 106.824617281833156, -6.258583823339333 ], [ 106.824823894348512, -6.259869686086918 ], [ 106.824707113361569, -6.260200080865085 ], [ 106.824877793265557, -6.260521545854048 ], [ 106.825821024313882, -6.261128756960011 ], [ 106.826027636829238, -6.26102160211026 ], [ 106.82785121685599, -6.261128756960011 ], [ 106.835019772823273, -6.260941235958518 ], [ 106.835019772823273, -6.258842782063857 ], [ 106.843454953341151, -6.258628471404442 ], [ 106.842996812546247, -6.255690620586754 ], [ 106.84959942988452, -6.255637042606948 ], [ 106.849644345648727, -6.252395564613307 ], [ 106.850201301124883, -6.251743694711147 ], [ 106.847946529761742, -6.251841921734697 ], [ 106.847928563456051, -6.250600687989976 ] ] ] } },
{ "type": "Feature", "properties": { "FID": 48, "Kode_BPS_K": 3174020005, "Longitude": "106° 46' 25.526\" E", "Latitude": "6° 10' 34.256\" S", "Kecamatan": "KEBON JERUK", "ID": "3174020005", "KELURAHAN": "DURI KEPA", "is_in_haml": "DURI KEPA", "HAMLET": "Duri Kepa", "LUAS": 372.263, "city": "dki", "source_layer": "Kelurahan", "role": "admin" }, "geometry": { "type": "Polygon", "coordinates": [ [ [ 106.777743190307802, -6.164376881267647 ], [ 106.773242630734373, -6.162617429679248 ], [ 106.77261381003548, -6.16460909271654 ], [ 106.770287173449617, -6.163635590192951 ], [ 106.767610193902939, -6.162983610439851 ], [ 106.767493412916011, -6.164885960080444 ], [ 106.767556294985894, -6.175263916337196 ], [ 106.767700025431353, -6.177541323598263 ], [ 106.76844562711716, -6.177353772782231 ], [ 106.768535458645573, -6.178532662521929 ], [ 106.767870705335326, -6.178595179328751 ], [ 106.768041385239314, -6.179515068632491 ], [ 106.76731374985917, -6.179720480588716 ], [ 106.7673406993177, -6.180533196677121 ], [ 106.766792726994382, -6.180479611039403 ], [ 106.768481559728528, -6.185266573257411 ], [ 106.768840885842181, -6.189999907459447 ], [ 106.770448870200752, -6.189776637931027 ], [ 106.782728840134681, -6.185418397842668 ], [ 106.781120855776095, -6.182685548638065 ], [ 106.779827281766956, -6.180104511423418 ], [ 106.779584736640246, -6.167181274273529 ], [ 106.779432023041949, -6.166573954753168 ], [ 106.779476938806155, -6.166395331232456 ], [ 106.779872197531162, -6.166154189384059 ], [ 106.780330338326067, -6.166047015194019 ], [ 106.780222540491977, -6.164957409699283 ], [ 106.779279309443638, -6.164966340900962 ], [ 106.777743190307802, -6.164376881267647 ] ] ] } },
{ "type": "Feature", "properties": { "FID": 49, "Kode_BPS_K": 3174070001, "Longitude": "106° 43' 10.379\" E", "Latitude": "6° 10' 11.893\" S", "Kecamatan": "CENGKARENG", "ID": "3174070001", "KELURAHAN": "DURI KOSAMBI", "is_in_haml": "DURI KOSAMBI", "HAMLET": "Duri Kosambi", "LUAS": 526.761, "city": "dki", "source_layer": "Kelurahan", "role": "admin" }, "geometry": { "type": "Polygon", "coordinates": [ [ [ 106.722640530779913, -6.153203818056481 ], [ 106.720924748587251, -6.153078778449255 ], [ 106.71891252235082, -6.153337789031578 ], [ 106.717484201049075, -6.153962986468808 ], [ 106.715642654716618, -6.155079408634293 ], [ 106.715903166149019, -6.155579565003541 ], [ 106.715992997677432, -6.156329798674502 ], [ 106.715984014524594, -6.156544150957303 ], [ 106.715543840035366, -6.156615601699014 ], [ 106.715876216690503, -6.157696292995269 ], [ 106.715310278061509, -6.157571254445388 ], [ 106.715139598157506, -6.15778560622716 ], [ 106.71527434545014, -6.158759119480561 ], [ 106.715166547616036, -6.159768356106635 ], [ 106.715427059048437, -6.159839806414523 ], [ 106.715355193825701, -6.162420942337676 ], [ 106.716747582516092, -6.162429873582053 ], [ 106.716505037389382, -6.16384993952582 ], [ 106.716711649904724, -6.165645111788484 ], [ 106.716496054236544, -6.16606487756053 ], [ 106.713756192619968, -6.167868973478857 ], [ 106.712489568069373, -6.171646837616382 ], [ 106.711806848453435, -6.171816528281347 ], [ 106.711204977213072, -6.172593532210962 ], [ 106.710818701640903, -6.173245500146192 ], [ 106.710657004889754, -6.17433508860295 ], [ 106.706866114390778, -6.17421898502163 ], [ 106.706902047002146, -6.176800050937693 ], [ 106.703704044590665, -6.178595179328751 ], [ 106.709866487439726, -6.18089936505628 ], [ 106.710710903806813, -6.18099760531001 ], [ 106.71560672210525, -6.182355105130134 ], [ 106.71866997722411, -6.183659016150634 ], [ 106.723125621033333, -6.184686067088204 ], [ 106.722945957976506, -6.18445386444206 ], [ 106.722990873740713, -6.184159145552029 ], [ 106.723368166160057, -6.183694739694992 ], [ 106.723619694439606, -6.183730463236937 ], [ 106.723898172177684, -6.184007320605179 ], [ 106.724338346666897, -6.183873357380581 ], [ 106.724410211889634, -6.183230333430115 ], [ 106.724095801540187, -6.18269447954082 ], [ 106.724176649915748, -6.182524792362696 ], [ 106.725003099977144, -6.182167556020282 ], [ 106.724500043418047, -6.181408427991591 ], [ 106.724571908640769, -6.180988674378606 ], [ 106.724724622239066, -6.180827917587564 ], [ 106.725299544020899, -6.180988674378606 ], [ 106.725874465802733, -6.180309923150825 ], [ 106.725856499497056, -6.17995268531278 ], [ 106.725398358702151, -6.179925892465203 ], [ 106.725245645103854, -6.179720480588716 ], [ 106.725856499497056, -6.178595179328751 ], [ 106.726090061470941, -6.178541593494786 ], [ 106.726593118030038, -6.178943487117291 ], [ 106.726889562073794, -6.178979210980076 ], [ 106.727105157741974, -6.178523731548924 ], [ 106.726997359907884, -6.178264733266194 ], [ 106.726638033794245, -6.17802359682007 ], [ 106.726647016947084, -6.177550254587846 ], [ 106.72682668000391, -6.177326979803087 ], [ 106.727293803951653, -6.177452013694155 ], [ 106.727356686021537, -6.177684219413496 ], [ 106.727545332231202, -6.17774673632053 ], [ 106.727787877357926, -6.177335910796287 ], [ 106.727680079523822, -6.176710740908527 ], [ 106.728407714903966, -6.176174880417155 ], [ 106.728111270860197, -6.170950212211787 ], [ 106.727257871340285, -6.165395038404667 ], [ 106.727168039811886, -6.161965448675131 ], [ 106.727428551244273, -6.154266653530065 ], [ 106.725092931505557, -6.153998712014434 ], [ 106.722640530779913, -6.153203818056481 ] ] ] } },
{ "type": "Feature", "properties": { "FID": 50, "Kode_BPS_K": 3173080006, "Longitude": "106° 48' 16.811\" E", "Latitude": "6° 9' 48.160\" S", "Kecamatan": "GAMBIR", "ID": "3173080006", "KELURAHAN": "DURI PULO", "is_in_haml": "DURI PULO", "HAMLET": "Duri Pulo", "LUAS": 70.3859, "city": "dki", "source_layer": "Kelurahan", "role": "admin" }, "geometry": { "type": "Polygon", "coordinates": [ [ [ 106.804495019468888, -6.161822548622002 ], [ 106.803902131381363, -6.161804686112656 ], [ 106.803381108516575, -6.161509954621639 ], [ 106.801629393712545, -6.160179195245666 ], [ 106.80139583173866, -6.157231863947313 ], [ 106.801279050751731, -6.158830569924269 ], [ 106.80077599419262, -6.159911256712795 ], [ 106.800174122952271, -6.160482858752767 ], [ 106.798224778785737, -6.161340260658625 ], [ 106.79953631910054, -6.164662679959541 ], [ 106.800497516454556, -6.166198845290183 ], [ 106.80559096411551, -6.166038084010538 ], [ 106.810720344387832, -6.165573662262282 ], [ 106.811016788431587, -6.160786522086153 ], [ 106.805950290229148, -6.161751098581008 ], [ 106.804495019468888, -6.161822548622002 ] ] ] } },
{ "type": "Feature", "properties": { "FID": 51, "Kode_BPS_K": 3174050002, "Longitude": "106° 48' 17.987\" E", "Latitude": "6° 9' 32.611\" S", "Kecamatan": "TAMBORA", "ID": "3174050002", "KELURAHAN": "DURI SELATAN", "is_in_haml": "DURI SELATAN", "HAMLET": "Duri Selatan", "LUAS": 38.6276, "city": "dki", "source_layer": "Kelurahan", "role": "admin" }, "geometry": { "type": "Polygon", "coordinates": [ [ [ 106.805770627172336, -6.161760029836659 ], [ 106.808079297452522, -6.161375985707979 ], [ 106.808097263758199, -6.156392318099255 ], [ 106.801377865432983, -6.156946061254403 ], [ 106.801629393712545, -6.160179195245666 ], [ 106.802455843773927, -6.160920491148597 ], [ 106.803902131381363, -6.161804686112656 ], [ 106.805770627172336, -6.161760029836659 ] ] ] } },
{ "type": "Feature", "properties": { "FID": 52, "Kode_BPS_K": 3174050004, "Longitude": "106° 48' 17.715\" E", "Latitude": "6° 9' 15.589\" S", "Kecamatan": "TAMBORA", "ID": "3174050004", "KELURAHAN": "DURI UTARA", "is_in_haml": "DURI UTARA", "HAMLET": "Duri Utara", "LUAS": 36.9501, "city": "dki", "source_layer": "Kelurahan", "role": "admin" }, "geometry": { "type": "Polygon", "coordinates": [ [ [ 106.807675055574663, -6.151363946582158 ], [ 106.804108743896705, -6.151488986592783 ], [ 106.803524838962034, -6.151792655067571 ], [ 106.802958900333039, -6.152605413955412 ], [ 106.802725338359167, -6.153936192308012 ], [ 106.801279050751731, -6.153989780628252 ], [ 106.801377865432983, -6.156946061254403 ], [ 106.808142179522406, -6.156383386753311 ], [ 106.807675055574663, -6.151363946582158 ] ] ] } },
{ "type": "Feature", "properties": { "FID": 53, "Kode_BPS_K": 3173040004, "Longitude": "106° 51' 19.215\" E", "Latitude": "6° 10' 34.071\" S", "Kecamatan": "JOHAR BARU", "ID": "3173040004", "KELURAHAN": "GALUR", "is_in_haml": "GALUR", "HAMLET": "Galur", "LUAS": 28.3615, "city": "dki", "source_layer": "Kelurahan", "role": "admin" }, "geometry": { "type": "Polygon", "coordinates": [ [ [ 106.858384953363213, -6.176532120804999 ], [ 106.857585452760347, -6.173906398330036 ], [ 106.851800302330616, -6.174558364649336 ], [ 106.851917083317545, -6.177460944685243 ], [ 106.854674911239798, -6.177371634767574 ], [ 106.854558130252869, -6.17780032223497 ], [ 106.855528310759723, -6.178398697911016 ], [ 106.856022384165982, -6.178211147398772 ], [ 106.857756132664335, -6.178166492505108 ], [ 106.858870043616648, -6.177943217980284 ], [ 106.858384953363213, -6.176532120804999 ] ] ] } },
{ "type": "Feature", "properties": { "FID": 54, "Kode_BPS_K": 3173080003, "Longitude": "106° 49' 35.968\" E", "Latitude": "6° 10' 35.850\" S", "Kecamatan": "GAMBIR", "ID": "3173080003", "KELURAHAN": "GAMBIR", "is_in_haml": "GAMBIR", "HAMLET": "Gambir", "LUAS": 246.145, "city": "dki", "source_layer": "Kelurahan", "role": "admin" }, "geometry": { "type": "Polygon", "coordinates": [ [ [ 106.829944291467996, -6.172870395404765 ], [ 106.829764628411155, -6.172620325429589 ], [ 106.829728695799801, -6.172164840528644 ], [ 106.830061072454924, -6.171441422528187 ], [ 106.829647847424226, -6.171289593933557 ], [ 106.829486150673091, -6.170878763400561 ], [ 106.829809544175362, -6.169744512232067 ], [ 106.830797690987907, -6.168083321100775 ], [ 106.825084405780899, -6.167529589566924 ], [ 106.820763509264296, -6.168110114547423 ], [ 106.82179657184102, -6.172414910718819 ], [ 106.821742672923975, -6.173066878873876 ], [ 106.82042214945632, -6.175844432843801 ], [ 106.816792955708493, -6.181980006843932 ], [ 106.821670807701253, -6.183373227708898 ], [ 106.823251842601294, -6.183498260171161 ], [ 106.833232125407875, -6.18264982502554 ], [ 106.836358262596605, -6.181944283183755 ], [ 106.836609790876153, -6.181595977370592 ], [ 106.835370115784073, -6.181024398103315 ], [ 106.83517248642157, -6.180827917587564 ], [ 106.835118587504525, -6.180461749158958 ], [ 106.836043852247158, -6.17943469001922 ], [ 106.836528942500578, -6.179247139874109 ], [ 106.836744538168773, -6.178961349048985 ], [ 106.836969116989806, -6.177987872892784 ], [ 106.836843352850025, -6.177737805334263 ], [ 106.836555891959108, -6.177711012374557 ], [ 106.836268431068191, -6.177978941910585 ], [ 106.835091638045995, -6.178470145707722 ], [ 106.834723328779504, -6.17824687131099 ], [ 106.834534682569839, -6.177728874347846 ], [ 106.834929941294845, -6.176541051811606 ], [ 106.834471800499955, -6.174915606127758 ], [ 106.834238238526083, -6.174790571637722 ], [ 106.833402805311849, -6.175639019383451 ], [ 106.832917715058429, -6.1759426740358 ], [ 106.832441607957847, -6.175889087933332 ], [ 106.832091264997032, -6.175639019383451 ], [ 106.832046349232826, -6.175237123252296 ], [ 106.832360759582272, -6.174004639881558 ], [ 106.833007546586842, -6.172575670064457 ], [ 106.832944664516944, -6.172432772870743 ], [ 106.831417528533947, -6.17228094456019 ], [ 106.829998190385041, -6.173013292480437 ], [ 106.829944291467996, -6.172870395404765 ] ] ] } },
{ "type": "Feature", "properties": { "FID": 55, "Kode_BPS_K": 3171030004, "Longitude": "106° 47' 35.931\" E", "Latitude": "6° 16' 17.073\" S", "Kecamatan": "CILANDAK", "ID": "3171030004", "KELURAHAN": "GANDARIA SELATAN", "is_in_haml": "GANDARIA SELATAN", "HAMLET": "Gandaria Selatan", "LUAS": 146.678, "city": "dki", "source_layer": "Kelurahan", "role": "admin" }, "geometry": { "type": "MultiPolygon", "coordinates": [ [ [ [ 106.790858593455951, -6.280728794680338 ], [ 106.790095025464439, -6.281514566699742 ], [ 106.789834514032052, -6.282246762286551 ], [ 106.789106878651921, -6.283130753146856 ], [ 106.788756535691107, -6.283943309077751 ], [ 106.788370260118938, -6.284336192809021 ], [ 106.78809178238086, -6.284389767840299 ], [ 106.787948051935402, -6.284729076243611 ], [ 106.788352293813247, -6.284755863739711 ], [ 106.79121791956959, -6.283005744429487 ], [ 106.791074189124132, -6.282434275624816 ], [ 106.791199953263913, -6.282166399406614 ], [ 106.790858593455951, -6.280728794680338 ] ] ], [ [ [ 106.790858593455951, -6.280728794680338 ], [ 106.792241998993489, -6.280969883948787 ], [ 106.794712366024825, -6.281023459326613 ], [ 106.795071692138464, -6.279934092227099 ], [ 106.796904255318069, -6.279782294991308 ], [ 106.797092901527748, -6.279317973760048 ], [ 106.797631890698213, -6.277041007882922 ], [ 106.797739688532303, -6.275505166454398 ], [ 106.797371379265812, -6.267808032513167 ], [ 106.797200699361838, -6.267272264900448 ], [ 106.79738036241865, -6.265611381804677 ], [ 106.797326463501605, -6.264084436230193 ], [ 106.796967137387966, -6.263825480104942 ], [ 106.794317107299804, -6.263441510441391 ], [ 106.794236258924244, -6.264263026586549 ], [ 106.792161150617915, -6.264048718151589 ], [ 106.788271445437687, -6.263477228561542 ], [ 106.785432769139859, -6.26286109064641 ], [ 106.785172257707472, -6.264084436230193 ], [ 106.785387853375653, -6.265414932916848 ], [ 106.786402949646714, -6.26595963192408 ], [ 106.786699393690483, -6.266611484087012 ], [ 106.787211433402419, -6.266870438829835 ], [ 106.791442498390623, -6.267959833236735 ], [ 106.792233015840651, -6.269227814025604 ], [ 106.792763021858278, -6.271236932202679 ], [ 106.792879802845221, -6.27289779738374 ], [ 106.792520476731568, -6.274397929127652 ], [ 106.791747925587217, -6.274549727932584 ], [ 106.791155037499706, -6.276014137661978 ], [ 106.791208936416751, -6.276755270285573 ], [ 106.791532329919036, -6.277237452390178 ], [ 106.791478431001991, -6.278728642370268 ], [ 106.790858593455951, -6.280728794680338 ] ] ] ] } },
{ "type": "Feature", "properties": { "FID": 56, "Kode_BPS_K": 3171060001, "Longitude": "106° 47' 27.664\" E", "Latitude": "6° 15' 27.877\" S", "Kecamatan": "KEBAYORAN BARU", "ID": "3171060001", "KELURAHAN": "GANDARIA UTARA", "is_in_haml": "GANDARIA UTARA", "HAMLET": "Gandaria Utara", "LUAS": 153.763, "city": "dki", "source_layer": "Kelurahan", "role": "admin" }, "geometry": { "type": "Polygon", "coordinates": [ [ [ 106.794353039911172, -6.251216840360917 ], [ 106.793957781186165, -6.250591758240136 ], [ 106.794101511631624, -6.250011324173461 ], [ 106.790831643997436, -6.249046909223413 ], [ 106.790166890687189, -6.251279348531911 ], [ 106.788909249289404, -6.250984667088966 ], [ 106.788531956870088, -6.251672256864252 ], [ 106.788684670468385, -6.251913359558419 ], [ 106.788307378049041, -6.252717034402888 ], [ 106.78782228779562, -6.253083152533658 ], [ 106.787813304642782, -6.253431411005524 ], [ 106.787409062764937, -6.253431411005524 ], [ 106.786205320284211, -6.254065419422878 ], [ 106.785837011017719, -6.25531557461279 ], [ 106.785980741463177, -6.256396063475292 ], [ 106.786322101271153, -6.256547867516684 ], [ 106.786384983341037, -6.256851475467181 ], [ 106.786259219201256, -6.25702113865681 ], [ 106.785576499585332, -6.256976490454354 ], [ 106.785190224013164, -6.257190801791355 ], [ 106.784866830510865, -6.258369512573691 ], [ 106.784965645192116, -6.25856596411222 ], [ 106.785298021847254, -6.258664189853784 ], [ 106.785181240860311, -6.259074951845678 ], [ 106.785513617515434, -6.259119599868814 ], [ 106.785414802834183, -6.260110784999703 ], [ 106.784983611497807, -6.260476897950745 ], [ 106.785567516432494, -6.26083408107029 ], [ 106.785522600668273, -6.261057320395953 ], [ 106.785181240860311, -6.261351996159709 ], [ 106.785486668056905, -6.261682390000122 ], [ 106.785432769139859, -6.26286109064641 ], [ 106.788271445437687, -6.263477228561542 ], [ 106.794236258924244, -6.264263026586549 ], [ 106.794317107299804, -6.263441510441391 ], [ 106.796967137387966, -6.263825480104942 ], [ 106.796473063981693, -6.261941347188366 ], [ 106.796940187929451, -6.256860405110115 ], [ 106.794272191535612, -6.256905053322489 ], [ 106.794379989369702, -6.256342485567803 ], [ 106.793993713797519, -6.256271048349273 ], [ 106.793984730644681, -6.255824565512238 ], [ 106.794451854592424, -6.255565605291999 ], [ 106.794469820898101, -6.255056614140385 ], [ 106.794999826915742, -6.254431536609483 ], [ 106.794191343160037, -6.253985052201256 ], [ 106.794335073605495, -6.253306395170514 ], [ 106.794865079623122, -6.252199110755726 ], [ 106.7947932144004, -6.251841921734697 ], [ 106.794353039911172, -6.251216840360917 ] ] ] } },
{ "type": "Feature", "properties": { "FID": 57, "Kode_BPS_K": 3172010005, "Longitude": "106° 51' 36.826\" E", "Latitude": "6° 18' 6.928\" S", "Kecamatan": "PASAR REBO", "ID": "3172010005", "KELURAHAN": "GEDONG", "is_in_haml": "GEDONG", "HAMLET": "Gedong", "LUAS": 245.914, "city": "dki", "source_layer": "Kelurahan", "role": "admin" }, "geometry": { "type": "Polygon", "coordinates": [ [ [ 106.857953762026838, -6.292211663181837 ], [ 106.85783698103991, -6.292211663181837 ], [ 106.857872913651264, -6.292595611635071 ], [ 106.856956632061454, -6.292542037449325 ], [ 106.855779839039258, -6.29276526318682 ], [ 106.855869670567671, -6.294443917660255 ], [ 106.854153888375009, -6.293827816382516 ], [ 106.854387450348881, -6.294792148494001 ], [ 106.854360500890365, -6.296042205973812 ], [ 106.854207787292054, -6.29617614052533 ], [ 106.853066926881226, -6.295818981644521 ], [ 106.851737420260733, -6.295631473133766 ], [ 106.850812155518085, -6.295810052669354 ], [ 106.850362997876033, -6.296345790907663 ], [ 106.850578593544213, -6.296783310058943 ], [ 106.852105729527224, -6.297729778798289 ], [ 106.852285392584037, -6.298345875446769 ], [ 106.852968112199974, -6.298551240833777 ], [ 106.853102859492594, -6.299810218169592 ], [ 106.854288635667629, -6.299479848525937 ], [ 106.85481864168527, -6.299524493084666 ], [ 106.855061186811966, -6.301256698997977 ], [ 106.854450332418779, -6.302390665716621 ], [ 106.854459315571617, -6.302828179772207 ], [ 106.85474677646252, -6.303301408845484 ], [ 106.855465428689826, -6.303846068187862 ], [ 106.858106475625135, -6.304935385156683 ], [ 106.858492751197304, -6.305292537763121 ], [ 106.858573599572878, -6.305730049370763 ], [ 106.857729183205805, -6.306069343832736 ], [ 106.857477654926257, -6.306533641157725 ], [ 106.857774098970012, -6.307721168962429 ], [ 106.857019514131352, -6.308980124039966 ], [ 106.856821884768848, -6.310096216409373 ], [ 106.85702849728419, -6.310578367569365 ], [ 106.857271042410915, -6.310712298367513 ], [ 106.857998677791045, -6.310587296290319 ], [ 106.858375970210375, -6.310917658857429 ], [ 106.858402919668904, -6.311158734111286 ], [ 106.857935795721147, -6.311792672206414 ], [ 106.855806788497787, -6.313676624501618 ], [ 106.85595051894326, -6.313953413123976 ], [ 106.856534423877932, -6.314024842421859 ], [ 106.856875783685894, -6.314355202796397 ], [ 106.858124441930812, -6.314712348910142 ], [ 106.85821427345924, -6.315248067618839 ], [ 106.858438852280258, -6.315533784036813 ], [ 106.8596695442195, -6.314560561841901 ], [ 106.862023130263893, -6.311471238903022 ], [ 106.862544153128681, -6.311444452785402 ], [ 106.862777715102567, -6.310337292045453 ], [ 106.86434976684977, -6.307801527888532 ], [ 106.866281144710626, -6.304131790892848 ], [ 106.869461180816401, -6.300301307791781 ], [ 106.868931174798774, -6.299890578321386 ], [ 106.866721319199854, -6.299176265424743 ], [ 106.866945898020873, -6.298319088651169 ], [ 106.865553509330482, -6.297988718058462 ], [ 106.86572418923447, -6.297354763089078 ], [ 106.865688256623116, -6.29599756111563 ], [ 106.865364863120817, -6.29599756111563 ], [ 106.865266048439565, -6.29458678162029 ], [ 106.862732799338346, -6.294854651439448 ], [ 106.862301608001985, -6.293747455292417 ], [ 106.861538040010473, -6.293684952213749 ], [ 106.860379213293953, -6.293979609518781 ], [ 106.8596695442195, -6.293077779058194 ], [ 106.859444965398481, -6.292524179386183 ], [ 106.859498864315526, -6.292238450292432 ], [ 106.857953762026838, -6.292211663181837 ] ] ] } },
{ "type": "Feature", "properties": { "FID": 58, "Kode_BPS_K": 3173010001, "Longitude": "106° 48' 4.965\" E", "Latitude": "6° 12' 58.851\" S", "Kecamatan": "TANAH ABANG", "ID": "3173010001", "KELURAHAN": "GELORA", "is_in_haml": "GELORA", "HAMLET": "Gelora", "LUAS": 346.645, "city": "dki", "source_layer": "Kelurahan", "role": "admin" }, "geometry": { "type": "Polygon", "coordinates": [ [ [ 106.803704502018846, -6.20776292845877 ], [ 106.802662456289283, -6.206092926327206 ], [ 106.801557528489823, -6.205101639135955 ], [ 106.800254971327831, -6.202476058647042 ], [ 106.799554285406231, -6.201413319969478 ], [ 106.79816189671584, -6.202815420126444 ], [ 106.797245615126045, -6.203994253041586 ], [ 106.796302384077705, -6.206539451479801 ], [ 106.796158653632247, -6.207575388376321 ], [ 106.7923947125918, -6.207780789415522 ], [ 106.791837757115644, -6.208754210642475 ], [ 106.792017420172471, -6.209138220356415 ], [ 106.792484544120214, -6.209245385808005 ], [ 106.792592341954304, -6.209397203493762 ], [ 106.792745055552601, -6.209986612917763 ], [ 106.792673190329864, -6.2103438304294 ], [ 106.7937691349765, -6.211013612610503 ], [ 106.793760151823662, -6.211460133591189 ], [ 106.793463707779893, -6.211674463527392 ], [ 106.793975747491842, -6.211719115586452 ], [ 106.794119477937315, -6.211969167047187 ], [ 106.79465846710778, -6.211853071740902 ], [ 106.795844243282815, -6.212406756817651 ], [ 106.795718479143034, -6.212701459927453 ], [ 106.795089658444155, -6.212871137400668 ], [ 106.795134574208348, -6.213255144111742 ], [ 106.796230518854983, -6.2156752729822 ], [ 106.796131704173732, -6.216416491036656 ], [ 106.796535946051591, -6.217470269123289 ], [ 106.797173749903308, -6.218443672429014 ], [ 106.797021036305011, -6.218622278344519 ], [ 106.795350169876556, -6.218783023616604 ], [ 106.794981860610051, -6.221024522012015 ], [ 106.794730332330502, -6.22314991803609 ], [ 106.79527830465382, -6.223096336729341 ], [ 106.796077805256687, -6.223605358922837 ], [ 106.796392215606133, -6.225748604853742 ], [ 106.796293400924867, -6.226847015003812 ], [ 106.795619664461782, -6.228570531990303 ], [ 106.795871192741345, -6.228713413973559 ], [ 106.795745428601549, -6.229061688644824 ], [ 106.795835260129977, -6.229293871630631 ], [ 106.797595958086845, -6.229258151177961 ], [ 106.798287660855621, -6.228883086278167 ], [ 106.799428521266449, -6.229008107941207 ], [ 106.803066698167129, -6.226337995951606 ], [ 106.809193208404821, -6.222212244379186 ], [ 106.812391210816301, -6.219408143652 ], [ 106.808851848596873, -6.21438930183179 ], [ 106.806624026692248, -6.211772698052322 ], [ 106.804998076027999, -6.209290038073067 ], [ 106.803704502018846, -6.20776292845877 ] ] ] } },
{ "type": "Feature", "properties": { "FID": 59, "Kode_BPS_K": 3174060007, "Longitude": "106° 48' 47.452\" E", "Latitude": "6° 8' 42.094\" S", "Kecamatan": "TAMAN SARI", "ID": "3174060007", "KELURAHAN": "GLODOK", "is_in_haml": "GLODOK", "HAMLET": "Glodok", "LUAS": 36.4465, "city": "dki", "source_layer": "Kelurahan", "role": "admin" }, "geometry": { "type": "Polygon", "coordinates": [ [ [ 106.814133942467492, -6.142262741158005 ], [ 106.813253593489051, -6.14152141923863 ], [ 106.812337311899256, -6.141065907667812 ], [ 106.811097636807162, -6.141744709082004 ], [ 106.810693394929316, -6.142146630564105 ], [ 106.810558647636697, -6.14269145697766 ], [ 106.810711361234993, -6.145433443741172 ], [ 106.811798322728777, -6.148246868242562 ], [ 106.812597823331643, -6.148121827469563 ], [ 106.816406680136311, -6.148255799725222 ], [ 106.814978358834551, -6.143182693429914 ], [ 106.814798695777739, -6.142727183280381 ], [ 106.814681914790796, -6.142816499026694 ], [ 106.814133942467492, -6.142262741158005 ] ] ] } },
{ "type": "Feature", "properties": { "FID": 60, "Kode_BPS_K": 3173020004, "Longitude": "106° 49' 45.949\" E", "Latitude": "6° 11' 30.369\" S", "Kecamatan": "MENTENG", "ID": "3173020004", "KELURAHAN": "GONDANGDIA", "is_in_haml": "GONDANGDIA", "HAMLET": "Gondangdia", "LUAS": 148.265, "city": "dki", "source_layer": "Kelurahan", "role": "admin" }, "geometry": { "type": "Polygon", "coordinates": [ [ [ 106.830177853441853, -6.187240289464543 ], [ 106.822524207221164, -6.186972364619874 ], [ 106.822461325151281, -6.188606704059531 ], [ 106.821131818530773, -6.191607445278288 ], [ 106.820700627194398, -6.194331317634313 ], [ 106.823736932854729, -6.194527793129733 ], [ 106.833807047189708, -6.19602814904686 ], [ 106.840238984624008, -6.196742602746401 ], [ 106.833959760788005, -6.188812112483999 ], [ 106.832926698211267, -6.18730280524209 ], [ 106.830177853441853, -6.187240289464543 ] ] ] } },
{ "type": "Feature", "properties": { "FID": 61, "Kode_BPS_K": 3174040004, "Longitude": "106° 47' 39.524\" E", "Latitude": "6° 9' 42.557\" S", "Kecamatan": "GROGOL PETAMBURAN", "ID": "3174040004", "KELURAHAN": "GROGOL", "is_in_haml": "GROGOL", "HAMLET": "Grogol", "LUAS": 101.41, "city": "dki", "source_layer": "Kelurahan", "role": "admin" }, "geometry": { "type": "Polygon", "coordinates": [ [ [ 106.798350542925505, -6.166109533474174 ], [ 106.800389718620465, -6.166002359275112 ], [ 106.79953631910054, -6.164662679959541 ], [ 106.794811180706077, -6.153221680855113 ], [ 106.794577618732205, -6.15310557265328 ], [ 106.793984730644681, -6.153596799487668 ], [ 106.792062335936677, -6.158169652953127 ], [ 106.790696896704816, -6.161009803838107 ], [ 106.788487041105881, -6.166877614600295 ], [ 106.798350542925505, -6.166109533474174 ] ] ] } },
{ "type": "Feature", "properties": { "FID": 62, "Kode_BPS_K": 3171050006, "Longitude": "106° 47' 12.879\" E", "Latitude": "6° 13' 1.761\" S", "Kecamatan": "KEBAYORAN LAMA", "ID": "3171050006", "KELURAHAN": "GROGOL UTARA", "is_in_haml": "GROGOL UTARA", "HAMLET": "Grogol Utara", "LUAS": 320.365, "city": "dki", "source_layer": "Kelurahan", "role": "admin" }, "geometry": { "type": "Polygon", "coordinates": [ [ [ 106.78884636721952, -6.208495227188933 ], [ 106.787436012223452, -6.207066350673109 ], [ 106.783213930388087, -6.206744852922916 ], [ 106.783618172265946, -6.21206740151712 ], [ 106.783474441820488, -6.212585364782684 ], [ 106.783133082012526, -6.213031884430097 ], [ 106.782405446632382, -6.213362308725292 ], [ 106.777752173460655, -6.213567707506932 ], [ 106.777644375626551, -6.213817758089421 ], [ 106.777680308237919, -6.215059078864844 ], [ 106.777105386456086, -6.216193232696433 ], [ 106.777159285373131, -6.216684400919843 ], [ 106.777554544098138, -6.217068404847774 ], [ 106.778506758299301, -6.217532781316327 ], [ 106.778443876229417, -6.224971679214189 ], [ 106.781129838928933, -6.225998649642708 ], [ 106.781884423767593, -6.226132602159256 ], [ 106.783842751086965, -6.226346926114669 ], [ 106.784489538091549, -6.226275484805916 ], [ 106.787525843751865, -6.22540032798502 ], [ 106.788576872634295, -6.226159392658465 ], [ 106.790220789604234, -6.223096336729341 ], [ 106.790651980940595, -6.22348033597363 ], [ 106.794730332330502, -6.22314991803609 ], [ 106.795350169876556, -6.218783023616604 ], [ 106.797021036305011, -6.218622278344519 ], [ 106.797173749903308, -6.218443672429014 ], [ 106.796535946051591, -6.217470269123289 ], [ 106.796131704173732, -6.216416491036656 ], [ 106.796230518854983, -6.2156752729822 ], [ 106.795134574208348, -6.213255144111742 ], [ 106.795089658444155, -6.212871137400668 ], [ 106.795718479143034, -6.212701459927453 ], [ 106.795844243282815, -6.212406756817651 ], [ 106.79465846710778, -6.211853071740902 ], [ 106.794119477937315, -6.211969167047187 ], [ 106.793975747491842, -6.211719115586452 ], [ 106.793463707779893, -6.211674463527392 ], [ 106.793760151823662, -6.211460133591189 ], [ 106.7937691349765, -6.211013612610503 ], [ 106.792673190329864, -6.2103438304294 ], [ 106.792745055552601, -6.209986612917763 ], [ 106.792592341954304, -6.209397203493762 ], [ 106.792484544120214, -6.209245385808005 ], [ 106.792017420172471, -6.209138220356415 ], [ 106.791837757115644, -6.208754210642475 ], [ 106.7923947125918, -6.207780789415522 ], [ 106.790759778774699, -6.207450361617593 ], [ 106.789196710180335, -6.208530949052165 ], [ 106.78884636721952, -6.208495227188933 ] ] ] } },
{ "type": "Feature", "properties": { "FID": 63, "Kode_BPS_K": 3171100007, "Longitude": "106° 49' 59.321\" E", "Latitude": "6° 12' 28.881\" S", "Kecamatan": "SETIA BUDI", "ID": "3171100007", "KELURAHAN": "GUNTUR", "is_in_haml": "GUNTUR", "HAMLET": "Guntur", "LUAS": 65.222, "city": "dki", "source_layer": "Kelurahan", "role": "admin" }, "geometry": { "type": "Polygon", "coordinates": [ [ [ 106.834965873906228, -6.211227942728497 ], [ 106.834750278238033, -6.211040403880024 ], [ 106.838361505680197, -6.207012767728368 ], [ 106.838738798099513, -6.205958968707636 ], [ 106.837049965365367, -6.205521373579706 ], [ 106.833968743940844, -6.205092708612242 ], [ 106.827967997842919, -6.20393173924107 ], [ 106.828129694594068, -6.20475334859904 ], [ 106.828551902777605, -6.205387415814832 ], [ 106.828390206026469, -6.205440998924868 ], [ 106.829162757170806, -6.206682339448706 ], [ 106.829899375703789, -6.208263035018869 ], [ 106.830231752358912, -6.209522229790345 ], [ 106.830348533345841, -6.211290455663142 ], [ 106.830680910000964, -6.211290455663142 ], [ 106.831004303503263, -6.211701254763282 ], [ 106.831740922036232, -6.212192427179613 ], [ 106.833654333591397, -6.212772903080737 ], [ 106.834346036360174, -6.212835415831905 ], [ 106.834426884735748, -6.212683599137616 ], [ 106.835298250561337, -6.212424617616882 ], [ 106.835424014701118, -6.212219218389141 ], [ 106.835531812535223, -6.211728045997809 ], [ 106.834965873906228, -6.211227942728497 ] ] ] } },
{ "type": "Feature", "properties": { "FID": 64, "Kode_BPS_K": 3171060007, "Longitude": "106° 47' 34.033\" E", "Latitude": "6° 14' 9.304\" S", "Kecamatan": "KEBAYORAN BARU", "ID": "3171060007", "KELURAHAN": "GUNUNG", "is_in_haml": "GUNUNG", "HAMLET": "Gunung", "LUAS": 142.928, "city": "dki", "source_layer": "Kelurahan", "role": "admin" }, "geometry": { "type": "Polygon", "coordinates": [ [ [ 106.799221908751107, -6.22922243072286 ], [ 106.799141060375533, -6.229008107941207 ], [ 106.798287660855621, -6.228883086278167 ], [ 106.797595958086845, -6.229258151177961 ], [ 106.795835260129977, -6.229293871630631 ], [ 106.793679303448087, -6.230829848795774 ], [ 106.792098268548031, -6.230624456760794 ], [ 106.79172995928154, -6.230892359399158 ], [ 106.790211806451381, -6.233044505631161 ], [ 106.789699766739432, -6.233401707471039 ], [ 106.78922365963885, -6.233312407033872 ], [ 106.788972131359301, -6.233410637513919 ], [ 106.788936198747933, -6.233812489286197 ], [ 106.788666704162694, -6.233749979030728 ], [ 106.788064832922345, -6.234142900512771 ], [ 106.78784923725415, -6.234035740137769 ], [ 106.787453978529143, -6.234133970482358 ], [ 106.786977871428547, -6.234714422143019 ], [ 106.786735326301852, -6.234732282183928 ], [ 106.786762275760367, -6.235277013139504 ], [ 106.786223286589902, -6.235384173260883 ], [ 106.786088539297268, -6.235794953523303 ], [ 106.785675314266584, -6.23593783353915 ], [ 106.785441752292712, -6.236366473353089 ], [ 106.785369887069976, -6.236946922542565 ], [ 106.785037510414867, -6.237259471839947 ], [ 106.78492072942791, -6.237750620359345 ], [ 106.785423785987021, -6.238706126160395 ], [ 106.78492072942791, -6.239125833765385 ], [ 106.784965645192116, -6.239518751218627 ], [ 106.786349050729669, -6.23950982127978 ], [ 106.787462961681982, -6.240697501810692 ], [ 106.789169760721805, -6.241001118957955 ], [ 106.790059092853085, -6.241786950757352 ], [ 106.791640127753126, -6.24202805800494 ], [ 106.792772005011116, -6.241626212530645 ], [ 106.793733202365132, -6.239992037759791 ], [ 106.795134574208348, -6.239804509181403 ], [ 106.798521222829478, -6.239831298982424 ], [ 106.798467323912433, -6.231972898652264 ], [ 106.79851223967664, -6.231392443958181 ], [ 106.799257841362476, -6.229499264186314 ], [ 106.799221908751107, -6.22922243072286 ] ] ] } },
{ "type": "Feature", "properties": { "FID": 65, "Kode_BPS_K": 3173060008, "Longitude": "106° 50' 39.946\" E", "Latitude": "6° 9' 24.386\" S", "Kecamatan": "KEMAYORAN", "ID": "3173060008", "KELURAHAN": "GUNUNG SAHARI SELATAN", "is_in_haml": "GUNUNG SAHARI SELATAN", "HAMLET": "Gunung Sahari Selatan", "LUAS": 220.759, "city": "dki", "source_layer": "Kelurahan", "role": "admin" }, "geometry": { "type": "Polygon", "coordinates": [ [ [ 106.840553394973441, -6.163099716481912 ], [ 106.845413280660523, -6.161634992243878 ], [ 106.851764369719248, -6.160000569572111 ], [ 106.84962637934305, -6.149032838142575 ], [ 106.847182961770244, -6.146925007155233 ], [ 106.843931060441733, -6.144951140904345 ], [ 106.843104610380337, -6.14654095230462 ], [ 106.843374104965577, -6.1471125687257 ], [ 106.841909851052463, -6.147782430937537 ], [ 106.842026632039392, -6.148264731207734 ], [ 106.841451710257559, -6.148925660497332 ], [ 106.840921704239932, -6.152560756905928 ], [ 106.840661192807545, -6.153069847047613 ], [ 106.839816776440458, -6.153936192308012 ], [ 106.840786956947312, -6.158151790320868 ], [ 106.837355392561975, -6.159134234202756 ], [ 106.838415404597242, -6.163644521416883 ], [ 106.840436613986498, -6.171057385410565 ], [ 106.840786956947312, -6.171825459367472 ], [ 106.842960879934893, -6.171584319989275 ], [ 106.842987829393408, -6.170226792553113 ], [ 106.843643599550816, -6.170182136986268 ], [ 106.843544784869565, -6.168601327495963 ], [ 106.842718334808168, -6.168654914335541 ], [ 106.840553394973441, -6.163099716481912 ] ] ] } },
{ "type": "Feature", "properties": { "FID": 66, "Kode_BPS_K": 3173070002, "Longitude": "106° 50' 17.942\" E", "Latitude": "6° 8' 57.767\" S", "Kecamatan": "SAWAH BESAR", "ID": "3173070002", "KELURAHAN": "GUNUNG SAHARI UTARA", "is_in_haml": "GUNUNG SAHARI UTARA", "HAMLET": "Gunung Sahari Utara", "LUAS": 119.19, "city": "dki", "source_layer": "Kelurahan", "role": "admin" }, "geometry": { "type": "Polygon", "coordinates": [ [ [ 106.8369242012256, -6.145129771635618 ], [ 106.836591824570476, -6.144272343578692 ], [ 106.83600791963579, -6.143334530059809 ], [ 106.835118587504525, -6.142620004365025 ], [ 106.833366872700495, -6.141682187935298 ], [ 106.834238238526083, -6.145370923027725 ], [ 106.834328070054482, -6.147317993227004 ], [ 106.834956890753389, -6.150408282672489 ], [ 106.836223515303985, -6.155383075057492 ], [ 106.837355392561975, -6.159134234202756 ], [ 106.840786956947312, -6.158151790320868 ], [ 106.839816776440458, -6.153936192308012 ], [ 106.840661192807545, -6.153069847047613 ], [ 106.840921704239932, -6.152560756905928 ], [ 106.841451710257559, -6.148925660497332 ], [ 106.842026632039392, -6.148264731207734 ], [ 106.841909851052463, -6.147782430937537 ], [ 106.843374104965577, -6.1471125687257 ], [ 106.843104610380337, -6.14654095230462 ], [ 106.843931060441733, -6.144951140904345 ], [ 106.838307606763138, -6.141762572265429 ], [ 106.837247594727884, -6.144808236276155 ], [ 106.837094881129573, -6.146147965658876 ], [ 106.8369242012256, -6.145129771635618 ] ] ] } },
{ "type": "Feature", "properties": { "FID": 67, "Kode_BPS_K": 3172040004, "Longitude": "106° 53' 35.894\" E", "Latitude": "6° 15' 56.948\" S", "Kecamatan": "MAKASAR", "ID": "3172040004", "KELURAHAN": "HALIM PERDANA KUSUMAH", "is_in_haml": "HALIM PERDANA KUSUMAH", "HAMLET": "Halim Perdana Kusumah", "LUAS": 1284.62, "city": "dki", "source_layer": "Kelurahan", "role": "admin" }, "geometry": { "type": "Polygon", "coordinates": [ [ [ 106.888271902865867, -6.241108277909099 ], [ 106.886475272297631, -6.241143997554611 ], [ 106.884400163991316, -6.241510123780683 ], [ 106.879324682636039, -6.241581563014473 ], [ 106.879477396234336, -6.241965548729185 ], [ 106.879333665788891, -6.242554921604198 ], [ 106.879405531011614, -6.242974626126072 ], [ 106.8793156994832, -6.243635436819299 ], [ 106.879082137509329, -6.244046210613756 ], [ 106.879495362540027, -6.244858827388333 ], [ 106.879459429928659, -6.245341038944049 ], [ 106.879809772889473, -6.245671442901743 ], [ 106.879728924513884, -6.246546565890196 ], [ 106.881534538234973, -6.247832458239261 ], [ 106.881974712724187, -6.248555771297197 ], [ 106.881893864348612, -6.249082628327337 ], [ 106.881462673012237, -6.249895237282846 ], [ 106.881696234986123, -6.252904558355549 ], [ 106.881130296357128, -6.253556426810641 ], [ 106.882163358933866, -6.255583464621652 ], [ 106.882127426322498, -6.255815635851607 ], [ 106.882369971449208, -6.256235329736345 ], [ 106.882190308392381, -6.256771108673921 ], [ 106.88257658396455, -6.257056857216029 ], [ 106.882136409475336, -6.257824805648688 ], [ 106.882325055685001, -6.258253427538929 ], [ 106.881893864348612, -6.258628471404442 ], [ 106.882666415492963, -6.258744556355872 ], [ 106.882127426322498, -6.262575345279536 ], [ 106.884220500934489, -6.264173731416008 ], [ 106.883313202497533, -6.265539945854022 ], [ 106.883304219344694, -6.26579890112862 ], [ 106.883780326445276, -6.266879368301432 ], [ 106.883501848707198, -6.266959733538938 ], [ 106.882396920907723, -6.267031169295217 ], [ 106.880510458811074, -6.265638170283651 ], [ 106.879540278304233, -6.265584593324327 ], [ 106.878740777701367, -6.265879266532537 ], [ 106.877132793342795, -6.265566734336664 ], [ 106.877743647735997, -6.270263627030233 ], [ 106.877644833054745, -6.271147638225857 ], [ 106.877007029203014, -6.272612057514414 ], [ 106.877438220539389, -6.273853238934202 ], [ 106.87831856951783, -6.274353282411904 ], [ 106.87945044677582, -6.27357642894559 ], [ 106.88147165616509, -6.272772786210183 ], [ 106.883438966637314, -6.271603037347758 ], [ 106.883277269886165, -6.272879938646496 ], [ 106.883699478069701, -6.275183710698695 ], [ 106.883268286733326, -6.275201569356993 ], [ 106.883421000331623, -6.276264158423933 ], [ 106.884040837877663, -6.27759462403174 ], [ 106.884355248227109, -6.277960724710145 ], [ 106.884481012366891, -6.278817935047956 ], [ 106.884400163991316, -6.280568068439344 ], [ 106.884615759659511, -6.28135384070136 ], [ 106.885217630899859, -6.282148540987165 ], [ 106.885523058096467, -6.283032532014308 ], [ 106.886071030419785, -6.283729008735654 ], [ 106.885999165197049, -6.284648713747036 ], [ 106.886699851118664, -6.287648905198795 ], [ 106.88722985713629, -6.288702539756899 ], [ 106.888101222961879, -6.289211498058298 ], [ 106.889906836682968, -6.289720455861427 ], [ 106.889951752447175, -6.290282987590397 ], [ 106.890167348115369, -6.290291916660552 ], [ 106.895135031636542, -6.289702597701331 ], [ 106.896626235008185, -6.289274001674993 ], [ 106.897578449209348, -6.288407879459943 ], [ 106.899527793375881, -6.285773787569397 ], [ 106.900560855952619, -6.285291613372047 ], [ 106.908735525038125, -6.284345121981285 ], [ 106.908483996758562, -6.282773585303273 ], [ 106.907989923352289, -6.282550355276552 ], [ 106.908061788575026, -6.282139611777211 ], [ 106.90876247449664, -6.281577071241266 ], [ 106.908969087011982, -6.281023459326613 ], [ 106.909022985929028, -6.280478776061794 ], [ 106.908600777745491, -6.27992516297916 ], [ 106.908744508190964, -6.279469771131208 ], [ 106.908591794592652, -6.278951874035779 ], [ 106.908951120706305, -6.278273249475906 ], [ 106.908969087011982, -6.277978583273241 ], [ 106.90876247449664, -6.277683916903859 ], [ 106.909157733221647, -6.277041007882922 ], [ 106.90940926150121, -6.275764116780036 ], [ 106.909229598444369, -6.275415873208818 ], [ 106.909472143571094, -6.2751569227101 ], [ 106.909094851151764, -6.274460434523273 ], [ 106.909346379431312, -6.273540711516995 ], [ 106.909732655003481, -6.273299618809959 ], [ 106.909696722392113, -6.272915656120372 ], [ 106.91002909904725, -6.272772786210183 ], [ 106.909651806627906, -6.272228094318358 ], [ 106.909508076182462, -6.272576340019735 ], [ 106.909256547902899, -6.272754927468657 ], [ 106.908618744051168, -6.272879938646496 ], [ 106.908430097841517, -6.272745998097665 ], [ 106.908501963064239, -6.272040577305869 ], [ 106.908331283160265, -6.271960212851297 ], [ 106.907459917334663, -6.272049506688945 ], [ 106.907253304819321, -6.272219164938339 ], [ 106.906624484120428, -6.271915565926736 ], [ 106.906498719980661, -6.271540531609481 ], [ 106.906049562338595, -6.271710190024513 ], [ 106.905735151989148, -6.271361943744536 ], [ 106.905429724792555, -6.270183262301769 ], [ 106.905259044888567, -6.270308274096248 ], [ 106.904782937787999, -6.270147544640699 ], [ 106.904208016006152, -6.27034399174631 ], [ 106.904252931770358, -6.269995744553857 ], [ 106.904917685080605, -6.269459979188283 ], [ 106.904953617691973, -6.269218884594207 ], [ 106.90537582587551, -6.269129590271821 ], [ 106.905609387849381, -6.268879566087811 ], [ 106.905411758486878, -6.268308081788592 ], [ 106.905609387849381, -6.267602654993326 ], [ 106.905366842722671, -6.267620513911304 ], [ 106.90521412912436, -6.267906256515814 ], [ 106.904881752469237, -6.267718737949258 ], [ 106.905061415526063, -6.266468612449751 ], [ 106.904675139953895, -6.266388247136599 ], [ 106.904558358966952, -6.266084644730767 ], [ 106.904603274731159, -6.265843548576769 ], [ 106.905124297595947, -6.265539945854022 ], [ 106.904720055718087, -6.265084541438728 ], [ 106.904693106259572, -6.264772008766919 ], [ 106.904818870399353, -6.26453091200651 ], [ 106.905250061735728, -6.264495193958459 ], [ 106.905277011194244, -6.264307674166089 ], [ 106.90499853345618, -6.264111224787541 ], [ 106.905034466067534, -6.263432580910969 ], [ 106.905124297595947, -6.263253990270498 ], [ 106.905438707945393, -6.263387933256579 ], [ 106.905519556320968, -6.263280778870465 ], [ 106.905357859569833, -6.26286109064641 ], [ 106.904342763298772, -6.262012783631489 ], [ 106.905133280748785, -6.260950165531544 ], [ 106.9054836237096, -6.260735855736766 ], [ 106.905429724792555, -6.260110784999703 ], [ 106.905537522626645, -6.25992326363271 ], [ 106.906328040076673, -6.259476783916528 ], [ 106.906399905299395, -6.258967796574582 ], [ 106.90610346125564, -6.258690978689187 ], [ 106.905771084600516, -6.258628471404442 ], [ 106.905636337307897, -6.258789204407246 ], [ 106.905411758486878, -6.258610612178857 ], [ 106.905250061735728, -6.25786945377866 ], [ 106.905330910111303, -6.257646213090647 ], [ 106.905654303613588, -6.257914101904818 ], [ 106.905816000364723, -6.257556916788735 ], [ 106.906076511797124, -6.257717650121188 ], [ 106.906462787369293, -6.257003279376286 ], [ 106.905807017211885, -6.256297837307366 ], [ 106.905600404696543, -6.256306766959757 ], [ 106.905465657403923, -6.256601445403118 ], [ 106.905052432373225, -6.256869334752894 ], [ 106.904872769316398, -6.256708601159508 ], [ 106.904917685080605, -6.256378204173406 ], [ 106.904657173648204, -6.256601445403118 ], [ 106.904666156801042, -6.256913982964506 ], [ 106.90424394861752, -6.25694970153105 ], [ 106.903992420337957, -6.256163892503169 ], [ 106.904145133936254, -6.256137103538211 ], [ 106.904297847534565, -6.25535129328857 ], [ 106.904558358966952, -6.25486016128264 ], [ 106.903210886040782, -6.254011841276502 ], [ 106.903579195307259, -6.252949206905795 ], [ 106.903076138748162, -6.252431283488574 ], [ 106.902429351743592, -6.252297337693741 ], [ 106.902240705533927, -6.252065164901428 ], [ 106.9017106995163, -6.250377444198205 ], [ 106.901665783752094, -6.249555906224132 ], [ 106.90109086197026, -6.249234434491814 ], [ 106.901216626110028, -6.248823664768643 ], [ 106.901108828275937, -6.248448613870217 ], [ 106.900695603245239, -6.248457543656637 ], [ 106.900327293978762, -6.248216439369818 ], [ 106.900021866782154, -6.246957337400656 ], [ 106.899671523821354, -6.246492986973762 ], [ 106.899761355349767, -6.246385829124443 ], [ 106.899635591209986, -6.246189373010384 ], [ 106.899384062930423, -6.246171513359996 ], [ 106.899132534650875, -6.245867899210167 ], [ 106.89867439385597, -6.245894688701059 ], [ 106.898503713951996, -6.245644653399427 ], [ 106.898009640545737, -6.245501776030594 ], [ 106.897380819846845, -6.244974915396038 ], [ 106.89708437580309, -6.245108863065254 ], [ 106.896796914912173, -6.244885616930857 ], [ 106.89692267905194, -6.244510563210791 ], [ 106.896832847523541, -6.244403404955715 ], [ 106.896239959436016, -6.244519493064391 ], [ 106.896078262684867, -6.244323036250017 ], [ 106.894973334885393, -6.243849753621824 ], [ 106.893473148360926, -6.243385400438836 ], [ 106.893293485304099, -6.243153223692947 ], [ 106.893383316832512, -6.242867467556714 ], [ 106.893266535845569, -6.242233445572761 ], [ 106.893643828264899, -6.242153076534074 ], [ 106.893670777723429, -6.241920899241935 ], [ 106.89304195702455, -6.241965548729185 ], [ 106.892161608046109, -6.241778020857163 ], [ 106.890697354132996, -6.24126901629472 ], [ 106.888271902865867, -6.241108277909099 ] ] ] } },
{ "type": "Feature", "properties": { "FID": 68, "Kode_BPS_K": 3173060001, "Longitude": "106° 51' 21.391\" E", "Latitude": "6° 10' 13.434\" S", "Kecamatan": "KEMAYORAN", "ID": "3173060001", "KELURAHAN": "HARAPAN MULIA", "is_in_haml": "HARAPAN MULIA", "HAMLET": "Harapan Mulia", "LUAS": 51.2654, "city": "dki", "source_layer": "Kelurahan", "role": "admin" }, "geometry": { "type": "Polygon", "coordinates": [ [ [ 106.857271042410915, -6.165466487954932 ], [ 106.85667815432339, -6.166386400054842 ], [ 106.855483394995517, -6.166493574176293 ], [ 106.856112215694395, -6.169021090927687 ], [ 106.855142035187541, -6.169181851302872 ], [ 106.855106102576173, -6.168967504125123 ], [ 106.852456072488025, -6.16903002206092 ], [ 106.852159628444269, -6.174513709447588 ], [ 106.857585452760347, -6.173906398330036 ], [ 106.856866800533055, -6.171503940172155 ], [ 106.859022757214944, -6.171593251079314 ], [ 106.859795308359281, -6.166573954753168 ], [ 106.859247336035963, -6.166189914109258 ], [ 106.859085639284828, -6.166493574176293 ], [ 106.857271042410915, -6.165466487954932 ] ] ] } },
{ "type": "Feature", "properties": { "FID": 69, "Kode_BPS_K": 3171010004, "Longitude": "106° 49' 8.298\" E", "Latitude": "6° 19' 30.578\" S", "Kecamatan": "JAGAKARSA", "ID": "3171010004", "KELURAHAN": "JAGAKARSA", "is_in_haml": "JAGAKARSA", "HAMLET": "Jagakarsa", "LUAS": 534.318, "city": "dki", "source_layer": "Kelurahan", "role": "admin" }, "geometry": { "type": "Polygon", "coordinates": [ [ [ 106.808699134998562, -6.307087225886381 ], [ 106.80849252248322, -6.306899721447716 ], [ 106.808339808884924, -6.307230086365554 ], [ 106.808618286622988, -6.30823903737875 ], [ 106.808402690954807, -6.308587258953955 ], [ 106.807728954491722, -6.309006910284985 ], [ 106.807926583854226, -6.309703352169501 ], [ 106.808258960509335, -6.309980142914958 ], [ 106.808375741496278, -6.310337292045453 ], [ 106.808321842579232, -6.310748013241172 ], [ 106.807971499618432, -6.310998017287846 ], [ 106.807863701784328, -6.311337308301076 ], [ 106.808366758343439, -6.312756970919807 ], [ 106.808079297452522, -6.312890901154677 ], [ 106.807917600701387, -6.313364121040499 ], [ 106.808258960509335, -6.313390907058841 ], [ 106.808977612736641, -6.314024842421859 ], [ 106.809175242099144, -6.315051637490013 ], [ 106.809058461112215, -6.315890929337532 ], [ 106.808474556177529, -6.316149859526477 ], [ 106.808447606719014, -6.316685576747569 ], [ 106.807719971338884, -6.317480222937616 ], [ 106.807702005033192, -6.318230224964033 ], [ 106.808025398535477, -6.318810582928936 ], [ 106.80758522404625, -6.319060583082452 ], [ 106.807333695766701, -6.319524868761355 ], [ 106.807477426212159, -6.320069511045923 ], [ 106.807288780002494, -6.320899866212307 ], [ 106.807064201181461, -6.321060579961515 ], [ 106.807387594683746, -6.320882009125978 ], [ 106.807746920797399, -6.320944508925429 ], [ 106.808070314299684, -6.321364150240442 ], [ 106.807935567007064, -6.321596292098222 ], [ 106.808223027897981, -6.322712357267421 ], [ 106.807989465924109, -6.323685564128919 ], [ 106.808321842579232, -6.323542708190563 ], [ 106.808420657260484, -6.323640921652423 ], [ 106.808196078439451, -6.324739125455219 ], [ 106.80827692681504, -6.325748042339732 ], [ 106.808905747513919, -6.326614102165276 ], [ 106.809327955697441, -6.326712315043557 ], [ 106.809714231269623, -6.32708730949803 ], [ 106.80986694486792, -6.327283735056053 ], [ 106.809696264963932, -6.327498017397828 ], [ 106.809786096492346, -6.327640872242976 ], [ 106.810513731872476, -6.327337305649827 ], [ 106.810873057986129, -6.32699802512879 ], [ 106.813756650048148, -6.327149808547318 ], [ 106.813783599506678, -6.32812300705375 ], [ 106.813415290240201, -6.32851585730765 ], [ 106.813280542947567, -6.329131917331523 ], [ 106.813936313104975, -6.330256894609703 ], [ 106.813990212022034, -6.331265800719436 ], [ 106.81334342501745, -6.333167538734612 ], [ 106.813011048362341, -6.336765643604397 ], [ 106.813460206004407, -6.337595971934513 ], [ 106.814151908773169, -6.337524545894134 ], [ 106.814897510458991, -6.337712039229035 ], [ 106.815041240904435, -6.337435263329755 ], [ 106.817754153062481, -6.338587007224176 ], [ 106.81867043465229, -6.336533508563408 ], [ 106.822299628400131, -6.337997743227372 ], [ 106.822712853430829, -6.338417370688037 ], [ 106.824617281833156, -6.337095989444194 ], [ 106.825533563422965, -6.336149592689502 ], [ 106.826386962942877, -6.335863887667723 ], [ 106.828506987013398, -6.335551397619024 ], [ 106.829692763188433, -6.336238875476368 ], [ 106.830860573057791, -6.336149592689502 ], [ 106.83226194490102, -6.334801420730111 ], [ 106.833735181966972, -6.332926473740099 ], [ 106.834858076072123, -6.33188185746319 ], [ 106.835262317949983, -6.331846144048839 ], [ 106.835001806517582, -6.331006878100522 ], [ 106.83463349725109, -6.331167588706854 ], [ 106.832854832988545, -6.331051519940632 ], [ 106.830591078472551, -6.331239015626947 ], [ 106.829549032742975, -6.331096161776881 ], [ 106.828659700611695, -6.330783668842092 ], [ 106.828884279432728, -6.330239037846646 ], [ 106.829144790865115, -6.32999797148497 ], [ 106.829459201214561, -6.327015882003872 ], [ 106.829881409398112, -6.3262212504655 ], [ 106.829980224079364, -6.324801624788467 ], [ 106.830528196402668, -6.323194496675463 ], [ 106.830698876306656, -6.322810570887001 ], [ 106.831174983407237, -6.322837356416377 ], [ 106.831399562228256, -6.3226677147069 ], [ 106.83197448401009, -6.321319507563539 ], [ 106.8298185273282, -6.32102486579934 ], [ 106.82960293166002, -6.321087365581529 ], [ 106.82909089194807, -6.321908790588382 ], [ 106.825362883518991, -6.321524863845386 ], [ 106.825461698200243, -6.320301653484734 ], [ 106.825138304697944, -6.319846297064213 ], [ 106.825021523711015, -6.318515939735792 ], [ 106.824796944889997, -6.317837366895281 ], [ 106.823665067631993, -6.317730223733862 ], [ 106.823692017090522, -6.317462365733263 ], [ 106.823521337186534, -6.317390936909689 ], [ 106.822048100120583, -6.317551651748866 ], [ 106.820583846207455, -6.317507008742989 ], [ 106.818176361246032, -6.317132007341595 ], [ 106.81767330468692, -6.317239150626863 ], [ 106.816406680136311, -6.316846291805778 ], [ 106.81654142742893, -6.316069501895492 ], [ 106.816289899149382, -6.315980215624212 ], [ 106.816424646441988, -6.315355211294058 ], [ 106.816244983385175, -6.310873015279589 ], [ 106.81611921924538, -6.310658726052409 ], [ 106.814897510458991, -6.310792656829784 ], [ 106.811636625977627, -6.31073015580465 ], [ 106.811582727060582, -6.309899784326669 ], [ 106.811322215628195, -6.309140841489313 ], [ 106.810594580248065, -6.307989032000989 ], [ 106.810253220440089, -6.306962222934807 ], [ 106.808699134998562, -6.307087225886381 ] ] ] } },
{ "type": "Feature", "properties": { "FID": 70, "Kode_BPS_K": 3172090004, "Longitude": "106° 53' 49.296\" E", "Latitude": "6° 11' 40.408\" S", "Kecamatan": "PULO GADUNG", "ID": "3172090004", "KELURAHAN": "JATI", "is_in_haml": "JATI", "HAMLET": "Jati", "LUAS": 211.502, "city": "dki", "source_layer": "Kelurahan", "role": "admin" }, "geometry": { "type": "Polygon", "coordinates": [ [ [ 106.905070398678902, -6.187499283351952 ], [ 106.904944634539135, -6.187043811258398 ], [ 106.905178196512992, -6.186373998643078 ], [ 106.904279881228888, -6.186373998643078 ], [ 106.903408515403285, -6.186766955480314 ], [ 106.901369339708339, -6.187008087940343 ], [ 106.898764225384383, -6.187552868278329 ], [ 106.898153370991182, -6.187445698420143 ], [ 106.891056680246635, -6.188722804483172 ], [ 106.891173461233578, -6.196867632044372 ], [ 106.891020747635267, -6.197376679594552 ], [ 106.89038294378355, -6.198242952366724 ], [ 106.890149381809678, -6.199100293091253 ], [ 106.89051769107617, -6.200511329999675 ], [ 106.89051769107617, -6.201207916448655 ], [ 106.890293112255137, -6.202100974652502 ], [ 106.897749129113336, -6.202663600544242 ], [ 106.898386932965053, -6.20215455809663 ], [ 106.899869153183857, -6.202109905226902 ], [ 106.900767468467976, -6.201725890391121 ], [ 106.900974080983318, -6.20110074936255 ], [ 106.900785434773667, -6.200386301565282 ], [ 106.901180693498659, -6.200002285474319 ], [ 106.901315440791279, -6.199448587362574 ], [ 106.901575952223681, -6.199144946215812 ], [ 106.902312570756649, -6.198778790482839 ], [ 106.902366469673709, -6.19862696973853 ], [ 106.901989177254379, -6.198180437884393 ], [ 106.901728665821977, -6.197073037255299 ], [ 106.901809514197552, -6.196599712083874 ], [ 106.902474267507813, -6.195831674109921 ], [ 106.90260003164758, -6.195465516077727 ], [ 106.902357486520856, -6.194626030850022 ], [ 106.901656800599255, -6.193741890709315 ], [ 106.901872396267436, -6.192464796781062 ], [ 106.902034093018585, -6.192241528294586 ], [ 106.903228852346459, -6.192071844181733 ], [ 106.904342763298772, -6.191518137750041 ], [ 106.9044595442857, -6.18996418434124 ], [ 106.905124297595947, -6.187883308537589 ], [ 106.905070398678902, -6.187499283351952 ] ] ] } },
{ "type": "Feature", "properties": { "FID": 71, "Kode_BPS_K": 3171020005, "Longitude": "106° 49' 51.490\" E", "Latitude": "6° 17' 17.201\" S", "Kecamatan": "PASAR MINGGU", "ID": "3171020005", "KELURAHAN": "JATI PADANG", "is_in_haml": "JATI PADANG", "HAMLET": "Jati Padang", "LUAS": 233.019, "city": "dki", "source_layer": "Kelurahan", "role": "admin" }, "geometry": { "type": "Polygon", "coordinates": [ [ [ 106.834283154290276, -6.279719790234294 ], [ 106.832010416621458, -6.278630420407127 ], [ 106.831498376909508, -6.278701854563977 ], [ 106.829279538157749, -6.279773365740765 ], [ 106.828938178349773, -6.279576922190087 ], [ 106.8280937619827, -6.280844874712417 ], [ 106.825874923230941, -6.286595268505817 ], [ 106.823494387728005, -6.291390191119797 ], [ 106.822434375692751, -6.29390817746018 ], [ 106.826063569440592, -6.295479680480236 ], [ 106.83301652973968, -6.299381630483217 ], [ 106.833303990630597, -6.298444093685474 ], [ 106.833869929259592, -6.29843516475545 ], [ 106.83390586187096, -6.297658347255515 ], [ 106.833330940089127, -6.294676071575359 ], [ 106.83352856945163, -6.291729494955008 ], [ 106.833807047189708, -6.291702707818176 ], [ 106.833896878718122, -6.29143483637393 ], [ 106.835091638045995, -6.291399120170931 ], [ 106.835118587504525, -6.29014012244706 ], [ 106.835406048395427, -6.289140065344299 ], [ 106.835630627216474, -6.288854334390157 ], [ 106.836430127819327, -6.288863263484853 ], [ 106.836582841417624, -6.288729327048341 ], [ 106.837822516509718, -6.285327329994586 ], [ 106.837678786064259, -6.285148746857373 ], [ 106.838666932876791, -6.280335908225859 ], [ 106.838909478003515, -6.280353766707494 ], [ 106.839367618798406, -6.279228681168106 ], [ 106.834651463556781, -6.279853728990134 ], [ 106.834283154290276, -6.279719790234294 ] ] ] } },
{ "type": "Feature", "properties": { "FID": 72, "Kode_BPS_K": 3174030006, "Longitude": "106° 48' 13.668\" E", "Latitude": "6° 10' 43.648\" S", "Kecamatan": "PALMERAH", "ID": "3174030006", "KELURAHAN": "JATI PULO", "is_in_haml": "JATI PULO", "HAMLET": "Jati Pulo", "LUAS": 83.1856, "city": "dki", "source_layer": "Kelurahan", "role": "admin" }, "geometry": { "type": "Polygon", "coordinates": [ [ [ 106.80986694486792, -6.179693687729383 ], [ 106.805474183128581, -6.173441983476171 ], [ 106.804387221634798, -6.174290433382378 ], [ 106.802698388900652, -6.175201399136987 ], [ 106.7978924021306, -6.178523731548924 ], [ 106.795502883474853, -6.179720480588716 ], [ 106.796338316689074, -6.180309923150825 ], [ 106.796706625955565, -6.181453082611669 ], [ 106.797946301047645, -6.181194085762742 ], [ 106.798081048340279, -6.182042523243438 ], [ 106.800407684926142, -6.181470944458646 ], [ 106.801413798044351, -6.181149431120802 ], [ 106.801368882280144, -6.181033329034116 ], [ 106.805087907556398, -6.17995268531278 ], [ 106.80532146953027, -6.180354577863621 ], [ 106.805510115739949, -6.18206038507051 ], [ 106.8070731843343, -6.181971075929114 ], [ 106.807082167487138, -6.182346174221649 ], [ 106.808187095286613, -6.182185417843134 ], [ 106.808294893120717, -6.182917752060672 ], [ 106.810127456300322, -6.182730203150331 ], [ 106.80986694486792, -6.179693687729383 ] ] ] } },
{ "type": "Feature", "properties": { "FID": 73, "Kode_BPS_K": 3172080001, "Longitude": "106° 54' 57.626\" E", "Latitude": "6° 12' 13.794\" S", "Kecamatan": "CAKUNG", "ID": "3172080001", "KELURAHAN": "JATINEGARA", "is_in_haml": "JATINEGARA", "HAMLET": "Jatinegara", "LUAS": 638.796, "city": "dki", "source_layer": "Kelurahan", "role": "admin" }, "geometry": { "type": "Polygon", "coordinates": [ [ [ 106.906687366190326, -6.190633992405608 ], [ 106.906157360172685, -6.19043751546142 ], [ 106.90586091612893, -6.191723545042434 ], [ 106.904639207342527, -6.201975946595023 ], [ 106.902878509385644, -6.205825011054008 ], [ 106.902249688686766, -6.206468007480817 ], [ 106.902420368590754, -6.206664478454711 ], [ 106.900713569550916, -6.213639150542624 ], [ 106.904190049700475, -6.21360342902599 ], [ 106.914754237441713, -6.214585769849853 ], [ 106.924626722414189, -6.216041416970957 ], [ 106.924788419165324, -6.215594899877386 ], [ 106.924959099069312, -6.21220135758294 ], [ 106.924734520248279, -6.211397620676692 ], [ 106.924815368623854, -6.211085055992863 ], [ 106.925318425182965, -6.210263456510411 ], [ 106.925516054545469, -6.209450786195932 ], [ 106.92588436381196, -6.208709558331984 ], [ 106.927815741672816, -6.206682339448706 ], [ 106.927824724825655, -6.202359961248676 ], [ 106.928453545524533, -6.201270430572158 ], [ 106.930950862014399, -6.199689714031073 ], [ 106.932280368634892, -6.199653991568621 ], [ 106.932621728442854, -6.199448587362574 ], [ 106.932855290416725, -6.198939541811539 ], [ 106.933034953473538, -6.197894657299399 ], [ 106.933034953473538, -6.196572920080342 ], [ 106.932379183316129, -6.195849535470847 ], [ 106.932217486564994, -6.19530476369067 ], [ 106.932361217010452, -6.193965158561362 ], [ 106.927950488965422, -6.193991950697262 ], [ 106.927402516642118, -6.194197357027328 ], [ 106.927267769349498, -6.195063635018286 ], [ 106.926926409541537, -6.195653060467414 ], [ 106.92609995948014, -6.195358347825129 ], [ 106.925929279576167, -6.195045773630765 ], [ 106.923710440824379, -6.194402763277472 ], [ 106.923431963086301, -6.194474208910962 ], [ 106.922677378247641, -6.194295594809107 ], [ 106.922632462483435, -6.194626030850022 ], [ 106.922183304841383, -6.194501001021028 ], [ 106.922210254299898, -6.193706167844225 ], [ 106.921455669461253, -6.193572207078612 ], [ 106.921078377041908, -6.193063155859302 ], [ 106.921042444430554, -6.192732718840222 ], [ 106.917233587625887, -6.192902402740714 ], [ 106.917404267529875, -6.196483613392082 ], [ 106.915383058140591, -6.196465752052615 ], [ 106.914125416742834, -6.195715575249167 ], [ 106.912652179676869, -6.194429555391164 ], [ 106.911960476908106, -6.195072565711819 ], [ 106.910819616497264, -6.195099357791515 ], [ 106.910819616497264, -6.191116253686042 ], [ 106.908492979911401, -6.191071599882278 ], [ 106.90765754669718, -6.190964430737841 ], [ 106.906687366190326, -6.190633992405608 ] ] ] } },
{ "type": "Feature", "properties": { "FID": 74, "Kode_BPS_K": 3172090003, "Longitude": "106° 54' 5.095\" E", "Latitude": "6° 12' 8.880\" S", "Kecamatan": "PULO GADUNG", "ID": "3172090003", "KELURAHAN": "JATINEGARA KAUM", "is_in_haml": "JATINEGARA KAUM", "HAMLET": "Jatinegara Kaum", "LUAS": 126.952, "city": "dki", "source_layer": "Kelurahan", "role": "admin" }, "geometry": { "type": "Polygon", "coordinates": [ [ [ 106.904621241036835, -6.202038460627469 ], [ 106.90586091612893, -6.191723545042434 ], [ 106.906435837910777, -6.18941940648929 ], [ 106.906390922146556, -6.188883558873792 ], [ 106.905762101447678, -6.186900917971689 ], [ 106.905824983517562, -6.186481168718569 ], [ 106.906004646574388, -6.186302551914012 ], [ 106.905196162818683, -6.186320413597183 ], [ 106.904980567150488, -6.186936641296988 ], [ 106.905142263901638, -6.1877672079295 ], [ 106.9044595442857, -6.18996418434124 ], [ 106.904342763298772, -6.191518137750041 ], [ 106.903228852346459, -6.192071844181733 ], [ 106.902034093018585, -6.192241528294586 ], [ 106.901872396267436, -6.192464796781062 ], [ 106.901656800599255, -6.193741890709315 ], [ 106.902357486520856, -6.194626030850022 ], [ 106.90260003164758, -6.195465516077727 ], [ 106.902474267507813, -6.195831674109921 ], [ 106.901809514197552, -6.196599712083874 ], [ 106.901728665821977, -6.197073037255299 ], [ 106.901989177254379, -6.198180437884393 ], [ 106.902348503368017, -6.19853766339794 ], [ 106.902312570756649, -6.198778790482839 ], [ 106.90160290168221, -6.199109223716468 ], [ 106.901315440791279, -6.199448587362574 ], [ 106.901180693498659, -6.200002285474319 ], [ 106.900785434773667, -6.200386301565282 ], [ 106.900965097830479, -6.201350805862916 ], [ 106.900659670633871, -6.201833057350171 ], [ 106.899869153183857, -6.202109905226902 ], [ 106.898198286755388, -6.202217072107898 ], [ 106.897614381820716, -6.202833281250888 ], [ 106.897102342108766, -6.203788850526335 ], [ 106.896671150772391, -6.205369554776944 ], [ 106.897129291567282, -6.207298543370674 ], [ 106.896716066536584, -6.208030842746445 ], [ 106.896940645357631, -6.208968541680132 ], [ 106.896769965453629, -6.210102708635627 ], [ 106.896877763287733, -6.210218804327893 ], [ 106.897596415515025, -6.210209873890935 ], [ 106.897695230196277, -6.210486717366198 ], [ 106.896886746440586, -6.211531576912953 ], [ 106.89581775125248, -6.212487130409416 ], [ 106.895763852335435, -6.213228352954946 ], [ 106.900812384232182, -6.213317656805632 ], [ 106.902420368590754, -6.206664478454711 ], [ 106.902249688686766, -6.206468007480817 ], [ 106.902878509385644, -6.205825011054008 ], [ 106.904621241036835, -6.202038460627469 ] ] ] } },
{ "type": "Feature", "properties": { "FID": 75, "Kode_BPS_K": 3174040005, "Longitude": "106° 47' 8.685\" E", "Latitude": "6° 9' 33.833\" S", "Kecamatan": "GROGOL PETAMBURAN", "ID": "3174040005", "KELURAHAN": "JELAMBAR", "is_in_haml": "JELAMBAR", "HAMLET": "Jelambar", "LUAS": 153.809, "city": "dki", "source_layer": "Kelurahan", "role": "admin" }, "geometry": { "type": "Polygon", "coordinates": [ [ [ 106.787283298625155, -6.152989464426082 ], [ 106.787292281778008, -6.152730453674004 ], [ 106.78195628899033, -6.152873356173519 ], [ 106.781713743863619, -6.154043368943087 ], [ 106.781902390073284, -6.154096957252518 ], [ 106.781848491156225, -6.154668565550179 ], [ 106.780986108483475, -6.155159790939679 ], [ 106.78042016985448, -6.155677809949314 ], [ 106.779890163836853, -6.156803159850277 ], [ 106.779755416544234, -6.15979514997322 ], [ 106.77942303988911, -6.161268810552704 ], [ 106.779512871417523, -6.161509954621639 ], [ 106.780060843740841, -6.161590335953603 ], [ 106.780015927976635, -6.161751098581008 ], [ 106.78155204711247, -6.161831479876451 ], [ 106.781327468291437, -6.163314066031274 ], [ 106.78152509765394, -6.163439103228412 ], [ 106.78141729981985, -6.163903526845506 ], [ 106.781731710169296, -6.163983907814885 ], [ 106.781561030265308, -6.164689473579012 ], [ 106.781677811252251, -6.164725198402867 ], [ 106.781641878640883, -6.165019928107873 ], [ 106.785001577803499, -6.16575228605974 ], [ 106.786501764327966, -6.166547161228898 ], [ 106.788487041105881, -6.166877614600295 ], [ 106.790696896704816, -6.161009803838107 ], [ 106.793266078417389, -6.155427731869794 ], [ 106.792412678897477, -6.155186585038771 ], [ 106.78747194483482, -6.154963300838379 ], [ 106.787462961681982, -6.154561389041207 ], [ 106.787184483943889, -6.154445281132091 ], [ 106.786726343148999, -6.153382446015772 ], [ 106.787283298625155, -6.152989464426082 ] ] ] } },
{ "type": "Feature", "properties": { "FID": 76, "Kode_BPS_K": 3174040007, "Longitude": "106° 47' 13.526\" E", "Latitude": "6° 8' 57.373\" S", "Kecamatan": "GROGOL PETAMBURAN", "ID": "3174040007", "KELURAHAN": "JELAMBAR BARU", "is_in_haml": "JELAMBAR BARU", "HAMLET": "Jelambar Baru", "LUAS": 142.037, "city": "dki", "source_layer": "Kelurahan", "role": "admin" }, "geometry": { "type": "Polygon", "coordinates": [ [ [ 106.794227275771405, -6.152462511383858 ], [ 106.792089285395193, -6.148371908986165 ], [ 106.78898111451214, -6.143289872231983 ], [ 106.780698647592558, -6.144013328581493 ], [ 106.78093220956643, -6.150685157439887 ], [ 106.78130950198576, -6.151131729341541 ], [ 106.781543063959631, -6.151828380759082 ], [ 106.781453232431218, -6.152560756905928 ], [ 106.781731710169296, -6.15277511070923 ], [ 106.783339694527868, -6.152873356173519 ], [ 106.787292281778008, -6.152730453674004 ], [ 106.787283298625155, -6.152989464426082 ], [ 106.786726343148999, -6.153382446015772 ], [ 106.787184483943889, -6.154445281132091 ], [ 106.787462961681982, -6.154561389041207 ], [ 106.78747194483482, -6.154963300838379 ], [ 106.792412678897477, -6.155186585038771 ], [ 106.793266078417389, -6.155427731869794 ], [ 106.793984730644681, -6.153596799487668 ], [ 106.794577618732205, -6.15310557265328 ], [ 106.794227275771405, -6.152462511383858 ] ] ] } },
{ "type": "Feature", "properties": { "FID": 77, "Kode_BPS_K": 3174050006, "Longitude": "106° 47' 51.516\" E", "Latitude": "6° 9' 6.712\" S", "Kecamatan": "TAMBORA", "ID": "3174050006", "KELURAHAN": "JEMBATAN BESI", "is_in_haml": "JEMBATAN BESI", "HAMLET": "Jembatan Besi", "LUAS": 53.6932, "city": "dki", "source_layer": "Kelurahan", "role": "admin" }, "geometry": { "type": "Polygon", "coordinates": [ [ [ 106.798269694549944, -6.155097271369875 ], [ 106.801297017057422, -6.154793604783323 ], [ 106.800991589860828, -6.148398703427398 ], [ 106.79355353930832, -6.149399028267517 ], [ 106.792736072399762, -6.149729492310156 ], [ 106.794577618732205, -6.15310557265328 ], [ 106.794811180706077, -6.153221680855113 ], [ 106.795682546531665, -6.155409869145324 ], [ 106.798045115728897, -6.15549025140071 ], [ 106.798287660855621, -6.155454525955373 ], [ 106.798269694549944, -6.155097271369875 ] ] ] } },
{ "type": "Feature", "properties": { "FID": 78, "Kode_BPS_K": 3174050008, "Longitude": "106° 48' 13.721\" E", "Latitude": "6° 8' 42.151\" S", "Kecamatan": "TAMBORA", "ID": "3174050008", "KELURAHAN": "JEMBATAN LIMA", "is_in_haml": "JEMBATAN LIMA", "HAMLET": "Jembatan Lima", "LUAS": 46.7284, "city": "dki", "source_layer": "Kelurahan", "role": "admin" }, "geometry": { "type": "Polygon", "coordinates": [ [ [ 106.806668942456454, -6.141869751353393 ], [ 106.80057836483013, -6.142066246291957 ], [ 106.801000573013667, -6.148479086742999 ], [ 106.807279796849656, -6.14765739005536 ], [ 106.806668942456454, -6.141869751353393 ] ] ] } },
{ "type": "Feature", "properties": { "FID": 79, "Kode_BPS_K": 3174010001, "Longitude": "106° 44' 20.110\" E", "Latitude": "6° 13' 9.603\" S", "Kecamatan": "KEMBANGAN", "ID": "3174010001", "KELURAHAN": "JOGLO", "is_in_haml": "JOGLO", "HAMLET": "Joglo", "LUAS": 445.588, "city": "dki", "source_layer": "Kelurahan", "role": "admin" }, "geometry": { "type": "Polygon", "coordinates": [ [ [ 106.758007203515703, -6.213496264461541 ], [ 106.753533593400789, -6.213773106208405 ], [ 106.745349941162459, -6.213549846746494 ], [ 106.744298912280044, -6.213996365575596 ], [ 106.740382257641272, -6.216246814706729 ], [ 106.738387997710518, -6.216487933685516 ], [ 106.73751663188493, -6.216362909043644 ], [ 106.737705278094595, -6.214844750307031 ], [ 106.732602847280802, -6.215041218155028 ], [ 106.727608214301085, -6.215505596413193 ], [ 106.719146084324677, -6.215612760568406 ], [ 106.718723876141155, -6.216068207984518 ], [ 106.718660994071271, -6.216737982880105 ], [ 106.718247769040573, -6.217800690630899 ], [ 106.718589128848535, -6.217898924012045 ], [ 106.718086072289438, -6.219524237291028 ], [ 106.717924375538288, -6.22096201023413 ], [ 106.718077089136585, -6.221738941802679 ], [ 106.718283701651941, -6.221810383728334 ], [ 106.718238785887735, -6.224132241024763 ], [ 106.727078208283459, -6.224409077171645 ], [ 106.732414201071137, -6.223917916165699 ], [ 106.736133226347377, -6.223917916165699 ], [ 106.737453749815046, -6.223775032877749 ], [ 106.744604339476638, -6.223828614115284 ], [ 106.747029790743767, -6.223533917241219 ], [ 106.749634905067708, -6.223453545337787 ], [ 106.754279195086596, -6.223426754700577 ], [ 106.754297161392273, -6.2236946610112 ], [ 106.755177510370729, -6.2236946610112 ], [ 106.755195476676406, -6.22341782448787 ], [ 106.756821427340668, -6.223462475549887 ], [ 106.757863473070245, -6.222658755853055 ], [ 106.760190109656108, -6.222614104722741 ], [ 106.760432654782818, -6.22214080250816 ], [ 106.760163160197592, -6.221372801781273 ], [ 106.76001942975212, -6.221238848051177 ], [ 106.759336710136196, -6.221256708550496 ], [ 106.75926484491346, -6.22064945123319 ], [ 106.75864500736742, -6.219363492245548 ], [ 106.758195849725354, -6.218809814490508 ], [ 106.75791737198729, -6.217925714930993 ], [ 106.757827540458877, -6.21705054420618 ], [ 106.758007203515703, -6.213496264461541 ] ] ] } },
{ "type": "Feature", "properties": { "FID": 80, "Kode_BPS_K": 3173040001, "Longitude": "106° 51' 25.063\" E", "Latitude": "6° 11' 8.621\" S", "Kecamatan": "JOHAR BARU", "ID": "3173040001", "KELURAHAN": "JOHAR BARU", "is_in_haml": "JOHAR BARU", "HAMLET": "Johar Baru", "LUAS": 119.004, "city": "dki", "source_layer": "Kelurahan", "role": "admin" }, "geometry": { "type": "Polygon", "coordinates": [ [ [ 106.854414399807411, -6.180961881583491 ], [ 106.853821511719886, -6.18026526843426 ], [ 106.852096746374386, -6.181247671328095 ], [ 106.851692504496526, -6.181220878546098 ], [ 106.851333178382873, -6.185498775546622 ], [ 106.851548774051068, -6.187356390188388 ], [ 106.855366614008574, -6.192187943843786 ], [ 106.859795308359281, -6.189365821752197 ], [ 106.862930428700864, -6.188499534415065 ], [ 106.863756878762246, -6.188052993995835 ], [ 106.863469417871329, -6.187124188715195 ], [ 106.862490254211636, -6.185641669212368 ], [ 106.862256692237779, -6.183909080910459 ], [ 106.861520073704781, -6.181274464108736 ], [ 106.861034983451361, -6.181158362049492 ], [ 106.859903106193386, -6.181256602255128 ], [ 106.857369857092152, -6.18116729297803 ], [ 106.854387450348881, -6.181462013535232 ], [ 106.854414399807411, -6.180961881583491 ] ] ] } },
{ "type": "Feature", "properties": { "FID": 81, "Kode_BPS_K": 3175060007, "Longitude": "106° 55' 12.698\" E", "Latitude": "6° 6' 10.644\" S", "Kecamatan": "CILINCING", "ID": "3175060007", "KELURAHAN": "KALI BARU", "is_in_haml": "KALI BARU", "HAMLET": "Kali Baru", "LUAS": 247.545, "city": "dki", "source_layer": "Kelurahan", "role": "admin" }, "geometry": { "type": "Polygon", "coordinates": [ [ [ 106.935702949867377, -6.096388158642199 ], [ 106.934741752513375, -6.096379226292237 ], [ 106.926378437218219, -6.098165693324261 ], [ 106.926315555148335, -6.099630591849994 ], [ 106.925785549130708, -6.099978951276236 ], [ 106.924635705567027, -6.100032545014027 ], [ 106.922605513024919, -6.100666737171104 ], [ 106.921823978727744, -6.100747127672648 ], [ 106.920952612902141, -6.100666737171104 ], [ 106.920611253094165, -6.100246919911624 ], [ 106.919991415548125, -6.101613557868531 ], [ 106.91980276933846, -6.103015921299915 ], [ 106.920000398700964, -6.103364278525945 ], [ 106.92133888847431, -6.103721567753278 ], [ 106.921302955862956, -6.103953805623284 ], [ 106.920332775356101, -6.104141382290956 ], [ 106.920431590037353, -6.104543332071961 ], [ 106.918895470901504, -6.104650518629295 ], [ 106.918850555137297, -6.099121450742966 ], [ 106.915050681485482, -6.098889210779206 ], [ 106.914493726009326, -6.099576998072021 ], [ 106.91390982107464, -6.099532336586286 ], [ 106.913379815057013, -6.098728429206912 ], [ 106.911664032864351, -6.098639106090364 ], [ 106.91116097630524, -6.098871346162443 ], [ 106.909472143571094, -6.09886241385384 ], [ 106.907971957046612, -6.09996108669578 ], [ 106.908025855963658, -6.100863247264704 ], [ 106.908412131535826, -6.100898976364893 ], [ 106.908501963064239, -6.101631422393917 ], [ 106.908987053317674, -6.101640354656386 ], [ 106.909014002776189, -6.101417048049997 ], [ 106.910451307230787, -6.101649286918706 ], [ 106.910424357772257, -6.103837686700864 ], [ 106.907549748863076, -6.103819822249028 ], [ 106.907163473290908, -6.108777184776289 ], [ 106.91078368388591, -6.108937963333155 ], [ 106.918248683896934, -6.108169798681272 ], [ 106.922461782579461, -6.108035816361666 ], [ 106.926890476930168, -6.106946092250319 ], [ 106.926656914956297, -6.105704518634082 ], [ 106.92663894865062, -6.103614381010095 ], [ 106.930322041315506, -6.102229883650226 ], [ 106.935011247098615, -6.100184393908681 ], [ 106.936583298845818, -6.099728847095697 ], [ 106.937625344575395, -6.099112518438528 ], [ 106.936906692348103, -6.096504279178147 ], [ 106.935702949867377, -6.096388158642199 ] ] ] } },
{ "type": "Feature", "properties": { "FID": 82, "Kode_BPS_K": 3174050001, "Longitude": "106° 47' 56.387\" E", "Latitude": "6° 9' 27.568\" S", "Kecamatan": "TAMBORA", "ID": "3174050001", "KELURAHAN": "KALIANYAR", "is_in_haml": "KALIANYAR", "HAMLET": "Kalianyar", "LUAS": 30.1724, "city": "dki", "source_layer": "Kelurahan", "role": "admin" }, "geometry": { "type": "Polygon", "coordinates": [ [ [ 106.801297017057422, -6.154793604783323 ], [ 106.798242745091414, -6.155052614529796 ], [ 106.798287660855621, -6.155454525955373 ], [ 106.798045115728897, -6.15549025140071 ], [ 106.795682546531665, -6.155409869145324 ], [ 106.798224778785737, -6.161340260658625 ], [ 106.800174122952271, -6.160482858752767 ], [ 106.801018539319344, -6.159482554778922 ], [ 106.801279050751731, -6.158830569924269 ], [ 106.80139583173866, -6.157231863947313 ], [ 106.801297017057422, -6.154793604783323 ] ] ] } },
{ "type": "Feature", "properties": { "FID": 83, "Kode_BPS_K": 3171080001, "Longitude": "106° 50' 15.598\" E", "Latitude": "6° 15' 47.841\" S", "Kecamatan": "PANCORAN", "ID": "3171080001", "KELURAHAN": "KALIBATA", "is_in_haml": "KALIBATA", "HAMLET": "Kalibata", "LUAS": 231.435, "city": "dki", "source_layer": "Kelurahan", "role": "admin" }, "geometry": { "type": "Polygon", "coordinates": [ [ [ 106.842745284266684, -6.266138221638749 ], [ 106.844290386555386, -6.266129292154467 ], [ 106.843481902799681, -6.264468405420816 ], [ 106.843320206048531, -6.262468190726639 ], [ 106.852060813763018, -6.262066360957417 ], [ 106.852438106182333, -6.261485939633719 ], [ 106.851602672968113, -6.261387714422805 ], [ 106.851360127841389, -6.259985770762522 ], [ 106.851396060452771, -6.258842782063857 ], [ 106.84927603638225, -6.258842782063857 ], [ 106.84927603638225, -6.256717530804881 ], [ 106.84959942988452, -6.255637042606948 ], [ 106.842996812546247, -6.255690620586754 ], [ 106.843454953341151, -6.258628471404442 ], [ 106.835019772823273, -6.258842782063857 ], [ 106.835019772823273, -6.260941235958518 ], [ 106.82785121685599, -6.261128756960011 ], [ 106.826027636829238, -6.26102160211026 ], [ 106.825821024313882, -6.261128756960011 ], [ 106.826297131414464, -6.264879162846909 ], [ 106.826638491222425, -6.265584593324327 ], [ 106.827321210838363, -6.265477439389178 ], [ 106.827770368480429, -6.265629240790813 ], [ 106.827770368480429, -6.266138221638749 ], [ 106.828318340803733, -6.266825791469552 ], [ 106.828515970166237, -6.267531219315297 ], [ 106.828408172332146, -6.267799103057464 ], [ 106.828506987013398, -6.26824557565538 ], [ 106.8291178414066, -6.26947783804267 ], [ 106.828776481598638, -6.270290415270301 ], [ 106.828902245738419, -6.270620803451329 ], [ 106.828677666917372, -6.270727956329949 ], [ 106.828668683764533, -6.270888685606592 ], [ 106.828821397362844, -6.271504814041386 ], [ 106.828614784847488, -6.271969142235751 ], [ 106.828893262585567, -6.27227274121615 ], [ 106.82874054898727, -6.272629916260835 ], [ 106.828920212044096, -6.272871009277645 ], [ 106.828641734306018, -6.273183537096426 ], [ 106.828884279432728, -6.273406771137966 ], [ 106.828965127808303, -6.273746086697987 ], [ 106.828767498445799, -6.274781890725181 ], [ 106.828641734306018, -6.274880113413987 ], [ 106.828758515292961, -6.275014053414341 ], [ 106.832612287861821, -6.274746173379206 ], [ 106.832567372097614, -6.273790733465754 ], [ 106.832226012289652, -6.273272830724515 ], [ 106.831983467162942, -6.272192376797369 ], [ 106.832432624804994, -6.271603037347758 ], [ 106.832028382927149, -6.271156567624226 ], [ 106.832351776429434, -6.270772603356209 ], [ 106.832387709040802, -6.270192191716654 ], [ 106.832657203626027, -6.269763579629688 ], [ 106.832504490027731, -6.2692724611803 ], [ 106.83288178244706, -6.269102801972124 ], [ 106.832890765599899, -6.268888495525018 ], [ 106.832145163914092, -6.2685134590307 ], [ 106.831803804106116, -6.267691949577104 ], [ 106.831902618787367, -6.267218688108914 ], [ 106.833169243337977, -6.267147252378311 ], [ 106.833321956936288, -6.266977592478924 ], [ 106.834319086901644, -6.267665161203576 ], [ 106.834894008683477, -6.267531219315297 ], [ 106.834831126613594, -6.265995349871903 ], [ 106.842745284266684, -6.266138221638749 ] ] ] } },
{ "type": "Feature", "properties": { "FID": 84, "Kode_BPS_K": 3174080002, "Longitude": "106° 41' 55.513\" E", "Latitude": "6° 8' 57.438\" S", "Kecamatan": "KALIDERES", "ID": "3174080002", "KELURAHAN": "KALIDERES", "is_in_haml": "KALIDERES", "HAMLET": "Kalideres", "LUAS": 561.258, "city": "dki", "source_layer": "Kelurahan", "role": "admin" }, "geometry": { "type": "Polygon", "coordinates": [ [ [ 106.700649772624672, -6.144049054795496 ], [ 106.695619207033602, -6.142521757006993 ], [ 106.692591884526124, -6.140771164679062 ], [ 106.691864249145979, -6.140047703924171 ], [ 106.691639670324946, -6.139011634958892 ], [ 106.691792383923243, -6.138368556656533 ], [ 106.691298310516984, -6.137555776024962 ], [ 106.691675602936314, -6.136912695965375 ], [ 106.691792383923243, -6.136341068594223 ], [ 106.691262377905616, -6.13503704135911 ], [ 106.691522889338017, -6.133491854272853 ], [ 106.690840169722094, -6.133286424438563 ], [ 106.689420831573173, -6.132536158284445 ], [ 106.688315903773699, -6.130472920918196 ], [ 106.687435554795272, -6.129695855425675 ], [ 106.687022329764574, -6.128356084677281 ], [ 106.686366559607166, -6.131732300519386 ], [ 106.686546222663992, -6.134849475535452 ], [ 106.686330626995812, -6.144022260135218 ], [ 106.686968430847529, -6.147416239699586 ], [ 106.68744453794811, -6.147585938109491 ], [ 106.687875729284485, -6.153168092457419 ], [ 106.6875523357822, -6.154159476940024 ], [ 106.687911661895853, -6.154347035958408 ], [ 106.688100308105518, -6.15988446285207 ], [ 106.694837672736412, -6.15989339413913 ], [ 106.6981075403706, -6.15944682960214 ], [ 106.701233677559344, -6.158285760048161 ], [ 106.702913527140652, -6.157964232645879 ], [ 106.70332675217135, -6.157803468871736 ], [ 106.70394658971739, -6.157276520604188 ], [ 106.706542720888493, -6.156222622500665 ], [ 106.708923256391401, -6.156133309005948 ], [ 106.710953448933523, -6.155874299786351 ], [ 106.713630428480201, -6.155936819264713 ], [ 106.714735356279661, -6.155677809949314 ], [ 106.717484201049075, -6.153962986468808 ], [ 106.71891252235082, -6.153337789031578 ], [ 106.718193870123528, -6.147943197742859 ], [ 106.713863990454058, -6.14792533476689 ], [ 106.711070229920452, -6.147398376705921 ], [ 106.708087823177181, -6.145451306800809 ], [ 106.706524754582802, -6.145361991496634 ], [ 106.704036421245803, -6.144701057779831 ], [ 106.702374537970172, -6.144656400066658 ], [ 106.700649772624672, -6.144049054795496 ] ] ] } },
{ "type": "Feature", "properties": { "FID": 85, "Kode_BPS_K": 3172010002, "Longitude": "106° 51' 11.469\" E", "Latitude": "6° 20' 6.850\" S", "Kecamatan": "PASAR REBO", "ID": "3172010002", "KELURAHAN": "KALISARI", "is_in_haml": "KALISARI", "HAMLET": "Kalisari", "LUAS": 257.554, "city": "dki", "source_layer": "Kelurahan", "role": "admin" }, "geometry": { "type": "Polygon", "coordinates": [ [ [ 106.858573599572878, -6.329596193965482 ], [ 106.858142408236503, -6.329292628521272 ], [ 106.85743273916205, -6.329140845732266 ], [ 106.856642221712022, -6.328444430010978 ], [ 106.855483394995517, -6.328230148061711 ], [ 106.855375597161427, -6.328239076478039 ], [ 106.854899490060831, -6.330203324318683 ], [ 106.852357257806773, -6.329872974067954 ], [ 106.84989587392829, -6.329747976620689 ], [ 106.849204171159514, -6.32989975923129 ], [ 106.848189074888452, -6.329819403737116 ], [ 106.847991445525963, -6.330337250035813 ], [ 106.847227877534451, -6.330221181082974 ], [ 106.847254826992966, -6.330364035175072 ], [ 106.846670922058294, -6.330774740469749 ], [ 106.845691758398601, -6.330792597214281 ], [ 106.845628876328718, -6.330658671615231 ], [ 106.844586830599141, -6.330649743240726 ], [ 106.844577847446288, -6.330185467553776 ], [ 106.84308664407466, -6.33016761078825 ], [ 106.843077660921821, -6.331230087262476 ], [ 106.843419020729783, -6.331426511245185 ], [ 106.843526818563888, -6.331676505296937 ], [ 106.84332918920137, -6.331855072402658 ], [ 106.842134429873497, -6.33225684816474 ], [ 106.840176102554111, -6.332221134776328 ], [ 106.839780843829104, -6.333926446315631 ], [ 106.839726944912059, -6.335140696124382 ], [ 106.840795940100151, -6.335310333737876 ], [ 106.841775103759844, -6.335801389673122 ], [ 106.842915964170686, -6.335774604815975 ], [ 106.843517835411035, -6.335971027069428 ], [ 106.843787329996275, -6.33629244514107 ], [ 106.844038858275837, -6.33739062204177 ], [ 106.844667678974716, -6.337444191586888 ], [ 106.844712594738922, -6.337095989444194 ], [ 106.845646842634395, -6.337015635070198 ], [ 106.84873704721177, -6.337015635070198 ], [ 106.849078407019732, -6.337274554674933 ], [ 106.849033491255526, -6.337658469711732 ], [ 106.848539417849253, -6.337881675997131 ], [ 106.847766866704916, -6.337774536992192 ], [ 106.847703984635032, -6.337881675997131 ], [ 106.848728064058932, -6.338301303552218 ], [ 106.849446716286224, -6.338899495434177 ], [ 106.850425879945917, -6.339256624585204 ], [ 106.850012654915218, -6.340122661749437 ], [ 106.850713340836833, -6.340988697459207 ], [ 106.851458942522655, -6.341229758686635 ], [ 106.85172843710788, -6.341479747988623 ], [ 106.851710470802203, -6.342042223474886 ], [ 106.852150645291431, -6.34197079805033 ], [ 106.852231493666991, -6.34226542786284 ], [ 106.85264471869769, -6.342426134962321 ], [ 106.85275251653178, -6.341827947171529 ], [ 106.854252703056275, -6.342033295297358 ], [ 106.855061186811966, -6.342327925074146 ], [ 106.854890506907992, -6.343006465737758 ], [ 106.855061186811966, -6.343399304661049 ], [ 106.855600175982445, -6.343997490628221 ], [ 106.858097492472297, -6.343827855872238 ], [ 106.858070543013767, -6.342961824932074 ], [ 106.86039717959963, -6.340845846308288 ], [ 106.860720573101929, -6.340095877116668 ], [ 106.860648707879193, -6.33861379193531 ], [ 106.861762618831506, -6.339113772954468 ], [ 106.862023130263893, -6.338185236390284 ], [ 106.862292624849132, -6.334890703750228 ], [ 106.862723816185508, -6.334801420730111 ], [ 106.862678900421301, -6.333471101900903 ], [ 106.862400422683223, -6.333372890307813 ], [ 106.862445338447429, -6.332569340207989 ], [ 106.861978214499686, -6.332480056786361 ], [ 106.861915332429803, -6.332051496147626 ], [ 106.862400422683223, -6.331988997691423 ], [ 106.862660934115624, -6.331801502277426 ], [ 106.862687883574139, -6.331533651567899 ], [ 106.862166860709351, -6.331185445437803 ], [ 106.862211776473572, -6.330864024186241 ], [ 106.861834484054228, -6.329774761790505 ], [ 106.861151764438304, -6.329140845732266 ], [ 106.860495994280896, -6.329926544393237 ], [ 106.85993903880474, -6.329569408786405 ], [ 106.859795308359281, -6.329881902455887 ], [ 106.859094622437667, -6.329605122358201 ], [ 106.858573599572878, -6.329596193965482 ] ] ] } },
{ "type": "Feature", "properties": { "FID": 86, "Kode_BPS_K": 3174080005, "Longitude": "106° 41' 55.306\" E", "Latitude": "6° 6' 28.576\" S", "Kecamatan": "KALIDERES", "ID": "3174080005", "KELURAHAN": "KAMAL", "is_in_haml": "KAMAL", "HAMLET": "Kamal", "LUAS": 554.893, "city": "dki", "source_layer": "Kelurahan", "role": "admin" }, "geometry": { "type": "Polygon", "coordinates": [ [ [ 106.694568178151172, -6.095637840727078 ], [ 106.69183729968745, -6.095771826146026 ], [ 106.690606607748208, -6.096397090992009 ], [ 106.687651150463452, -6.096897302344074 ], [ 106.687516403170847, -6.097290325222035 ], [ 106.688145223869725, -6.09994322211473 ], [ 106.68884590979134, -6.100005748145802 ], [ 106.688612347817468, -6.104043127854175 ], [ 106.688944724472591, -6.104766637375542 ], [ 106.688513533136202, -6.105427620528592 ], [ 106.688477600524848, -6.107053278326821 ], [ 106.689214219057831, -6.108598541878697 ], [ 106.691208478988571, -6.108964759754604 ], [ 106.691442040962443, -6.107214057401347 ], [ 106.692969176945439, -6.10645482245852 ], [ 106.694029188980707, -6.106615601712719 ], [ 106.694235801496063, -6.10698182094487 ], [ 106.693580031338641, -6.108232323752281 ], [ 106.693606980797171, -6.10869679547975 ], [ 106.693885458535249, -6.109330977379984 ], [ 106.69473885805516, -6.109768651774361 ], [ 106.695700055409162, -6.109634669854906 ], [ 106.696265994038157, -6.10970612688279 ], [ 106.696840915820005, -6.1108226417044 ], [ 106.695780903784737, -6.112153524328597 ], [ 106.695861752160312, -6.112930615336841 ], [ 106.69449631292845, -6.112787702132669 ], [ 106.687184026515709, -6.114663434899408 ], [ 106.686249778620223, -6.114984988427522 ], [ 106.685629941074183, -6.115824599506092 ], [ 106.685585025309976, -6.120388845174434 ], [ 106.686366559607166, -6.131732300519386 ], [ 106.687749965144704, -6.1246940274713 ], [ 106.689016589695314, -6.122121640561768 ], [ 106.69511615047449, -6.116673141277985 ], [ 106.698368051803001, -6.115002852506748 ], [ 106.701512155297422, -6.118075465254344 ], [ 106.703111156503155, -6.119969043384414 ], [ 106.704422696817971, -6.12115699227673 ], [ 106.705904917036762, -6.123157742334972 ], [ 106.707414086714095, -6.12192513827461 ], [ 106.711061246767613, -6.11837915276463 ], [ 106.706776282862364, -6.113395082986734 ], [ 106.701709784659926, -6.106722787855369 ], [ 106.703641162520782, -6.105811704959067 ], [ 106.705500675158902, -6.105293637522935 ], [ 106.706174411622001, -6.104757705165185 ], [ 106.708159688399903, -6.104257501147554 ], [ 106.710028184190875, -6.104123517849243 ], [ 106.710504291291457, -6.103846618926559 ], [ 106.712282955554016, -6.101667151442901 ], [ 106.712552450139256, -6.100890044090069 ], [ 106.714286198637609, -6.098844549236183 ], [ 106.712534483833565, -6.096852640635175 ], [ 106.713001607781322, -6.09647748213362 ], [ 106.714088569275106, -6.096209511614735 ], [ 106.712085326191513, -6.096352429241464 ], [ 106.711025314156245, -6.096781181893204 ], [ 106.710827684793742, -6.096432820389769 ], [ 106.707899176967516, -6.096039796883539 ], [ 106.706039664329381, -6.096039796883539 ], [ 106.704440663123663, -6.096370293942128 ], [ 106.704207101149777, -6.095905811531513 ], [ 106.703344718477027, -6.096272038081114 ], [ 106.703209971184407, -6.095870082098656 ], [ 106.702581150485514, -6.096200579261799 ], [ 106.701979279245165, -6.096272038081114 ], [ 106.700047901384309, -6.095941540961991 ], [ 106.697388888143308, -6.096629332034905 ], [ 106.696257010885319, -6.095870082098656 ], [ 106.69576293747906, -6.096200579261799 ], [ 106.694568178151172, -6.095637840727078 ] ] ] } },
{ "type": "Feature", "properties": { "FID": 87, "Kode_BPS_K": 3175010001, "Longitude": "106° 44' 7.883\" E", "Latitude": "6° 6' 38.983\" S", "Kecamatan": "PENJARINGAN", "ID": "3175010001", "KELURAHAN": "KAMAL MUARA", "is_in_haml": "KAMAL MUARA", "HAMLET": "Kamal Muara", "LUAS": 1086.7, "city": "dki", "source_layer": "Kelurahan", "role": "admin" }, "geometry": { "type": "Polygon", "coordinates": [ [ [ 106.731057744992114, -6.121058740964775 ], [ 106.735118130076344, -6.124327820369075 ], [ 106.738630542837242, -6.126882332968967 ], [ 106.74017564512593, -6.127739789003436 ], [ 106.743957552472068, -6.129454696939241 ], [ 106.747083689660812, -6.131553665295939 ], [ 106.749877450194418, -6.133813396463277 ], [ 106.750973394841054, -6.134438616833964 ], [ 106.752734092797922, -6.135054904767444 ], [ 106.753335964038286, -6.132795178861726 ], [ 106.753192233592813, -6.128088130123933 ], [ 106.751871710125158, -6.114449065773264 ], [ 106.750919495923995, -6.107214057401347 ], [ 106.75086559700695, -6.104141382290956 ], [ 106.749554056692133, -6.104364687762076 ], [ 106.745844014568732, -6.103766228889944 ], [ 106.742529231170323, -6.10260503812685 ], [ 106.74093022996459, -6.102310273917325 ], [ 106.732710645114892, -6.097844129697628 ], [ 106.730581637891532, -6.095762893785804 ], [ 106.729063485061374, -6.093887094844663 ], [ 106.728551445349424, -6.092627626162263 ], [ 106.726781764239703, -6.089733516717213 ], [ 106.726557185418685, -6.089956828186562 ], [ 106.725721752204436, -6.08917970387254 ], [ 106.724131734151555, -6.090153342202774 ], [ 106.723466980841309, -6.090671424264438 ], [ 106.722658497085604, -6.091618262602768 ], [ 106.722236288902067, -6.091770113879015 ], [ 106.721122377949754, -6.091386019391313 ], [ 106.719307781075827, -6.092618693749706 ], [ 106.718723876141155, -6.09165399231869 ], [ 106.717430302132016, -6.091939829960463 ], [ 106.714205350262034, -6.094306917081997 ], [ 106.7150946823933, -6.095485990545153 ], [ 106.714088569275106, -6.096209511614735 ], [ 106.713001607781322, -6.09647748213362 ], [ 106.712534483833565, -6.096852640635175 ], [ 106.714286198637609, -6.098844549236183 ], [ 106.716567919459266, -6.103274956181885 ], [ 106.722469850875925, -6.111430024789135 ], [ 106.727572281689731, -6.117682457631975 ], [ 106.731057744992114, -6.121058740964775 ] ] ] } },
{ "type": "Feature", "properties": { "FID": 88, "Kode_BPS_K": 3173010007, "Longitude": "106° 48' 59.137\" E", "Latitude": "6° 11' 6.814\" S", "Kecamatan": "TANAH ABANG", "ID": "3173010007", "KELURAHAN": "KAMPUNG BALI", "is_in_haml": "KAMPUNG BALI", "HAMLET": "Kampung Bali", "LUAS": 76.5755, "city": "dki", "source_layer": "Kelurahan", "role": "admin" }, "geometry": { "type": "Polygon", "coordinates": [ [ [ 106.820817408181341, -6.187025949599673 ], [ 106.823287775212663, -6.186972364619874 ], [ 106.823251842601294, -6.183498260171161 ], [ 106.821670807701253, -6.183373227708898 ], [ 106.819981974967106, -6.182953475655102 ], [ 106.8175385573943, -6.182256865128505 ], [ 106.816047354022658, -6.181604908291744 ], [ 106.815059207210126, -6.181560253684481 ], [ 106.81447530227544, -6.181721010252986 ], [ 106.810361018274179, -6.185025440002978 ], [ 106.810693394929316, -6.188579911650452 ], [ 106.812669688554365, -6.188722804483172 ], [ 106.815158021891392, -6.188311987484949 ], [ 106.815697011061857, -6.188061924807918 ], [ 106.815741926826064, -6.187249220290361 ], [ 106.820817408181341, -6.187025949599673 ] ] ] } },
{ "type": "Feature", "properties": { "FID": 89, "Kode_BPS_K": 3172060008, "Longitude": "106° 51' 40.337\" E", "Latitude": "6° 13' 2.105\" S", "Kecamatan": "JATINEGARA", "ID": "3172060008", "KELURAHAN": "KAMPUNG MELAYU", "is_in_haml": "KAMPUNG MELAYU", "HAMLET": "Kampung Melayu", "LUAS": 45.1522, "city": "dki", "source_layer": "Kelurahan", "role": "admin" }, "geometry": { "type": "Polygon", "coordinates": [ [ [ 106.861457191634898, -6.213594498646454 ], [ 106.860882269853064, -6.212147775160703 ], [ 106.858178340847857, -6.213228352954946 ], [ 106.85832207129333, -6.213505194842745 ], [ 106.85821427345924, -6.213657011300032 ], [ 106.857513587537611, -6.21378203658491 ], [ 106.856776969004642, -6.214764377075341 ], [ 106.856291878751207, -6.216291466377806 ], [ 106.857333924480798, -6.217461338809391 ], [ 106.857666301135922, -6.217577432878234 ], [ 106.858546650114349, -6.216327187711938 ], [ 106.858735296324014, -6.216264675375615 ], [ 106.859867173582003, -6.217113056449106 ], [ 106.860487011128058, -6.217273802182512 ], [ 106.862454321600282, -6.216264675375615 ], [ 106.863128058063367, -6.216103929333812 ], [ 106.86348738417702, -6.216220023702263 ], [ 106.86359518201111, -6.216496864015941 ], [ 106.86255313628152, -6.217434547866789 ], [ 106.860999050839993, -6.219515307012012 ], [ 106.860172600778611, -6.220926289214858 ], [ 106.860109718708728, -6.221372801781273 ], [ 106.860522943739426, -6.221694290594212 ], [ 106.861008033992832, -6.221801453488157 ], [ 106.861493124246266, -6.221694290594212 ], [ 106.861708719914461, -6.221506755477229 ], [ 106.86173566937299, -6.221122754790812 ], [ 106.861295494883763, -6.220381543370177 ], [ 106.861672787303092, -6.219792145590943 ], [ 106.862499237364474, -6.219551028127162 ], [ 106.86297534446507, -6.219613540072834 ], [ 106.863505350482697, -6.22096201023413 ], [ 106.865553509330482, -6.223364243208442 ], [ 106.865544526177644, -6.224257263818838 ], [ 106.865284014745257, -6.224543030093568 ], [ 106.863819760832129, -6.224605541445444 ], [ 106.863720946150877, -6.225060981070293 ], [ 106.866361993086201, -6.224632332022543 ], [ 106.865445711496392, -6.221399592523196 ], [ 106.864259935321357, -6.218586557166271 ], [ 106.863936541819072, -6.216505794346214 ], [ 106.862050079722422, -6.214550048397481 ], [ 106.861457191634898, -6.213594498646454 ] ] ] } },
{ "type": "Feature", "properties": { "FID": 90, "Kode_BPS_K": 3173040002, "Longitude": "106° 51' 19.856\" E", "Latitude": "6° 10' 46.321\" S", "Kecamatan": "JOHAR BARU", "ID": "3173040002", "KELURAHAN": "KAMPUNG RAWA", "is_in_haml": "KAMPUNG RAWA", "HAMLET": "Kampung Rawa", "LUAS": 29.9604, "city": "dki", "source_layer": "Kelurahan", "role": "admin" }, "geometry": { "type": "Polygon", "coordinates": [ [ [ 106.855267799327322, -6.178336181080986 ], [ 106.854558130252869, -6.17780032223497 ], [ 106.854674911239798, -6.177371634767574 ], [ 106.851917083317545, -6.177460944685243 ], [ 106.851692504496526, -6.181220878546098 ], [ 106.852096746374386, -6.181247671328095 ], [ 106.853821511719886, -6.18026526843426 ], [ 106.854414399807411, -6.180961881583491 ], [ 106.854387450348881, -6.181462013535232 ], [ 106.857369857092152, -6.18116729297803 ], [ 106.859903106193386, -6.181256602255128 ], [ 106.858870043616648, -6.177943217980284 ], [ 106.857756132664335, -6.178166492505108 ], [ 106.855267799327322, -6.178336181080986 ] ] ] } },
{ "type": "Feature", "properties": { "FID": 91, "Kode_BPS_K": 3172050003, "Longitude": "106° 52' 0.016\" E", "Latitude": "6° 17' 23.033\" S", "Kecamatan": "KRAMAT JATI", "ID": "3172050003", "KELURAHAN": "KAMPUNG TENGAH", "is_in_haml": "KAMPUNG TENGAH", "HAMLET": "Kampung Tengah", "LUAS": 200.66, "city": "dki", "source_layer": "Kelurahan", "role": "admin" }, "geometry": { "type": "Polygon", "coordinates": [ [ [ 106.871724935332381, -6.282219974661285 ], [ 106.871787817402279, -6.281711009519255 ], [ 106.871060182022134, -6.280880591640158 ], [ 106.870152883585192, -6.279300115242885 ], [ 106.869335416676634, -6.278666137486777 ], [ 106.86823048887716, -6.279005449621261 ], [ 106.868464050851045, -6.279559063681805 ], [ 106.868113707890231, -6.280603785386075 ], [ 106.868203539418644, -6.28169315108418 ], [ 106.867880145916359, -6.282443204829715 ], [ 106.867350139898733, -6.282077107303241 ], [ 106.866712336047001, -6.281916381478567 ], [ 106.864771975033307, -6.281568142021507 ], [ 106.863747895609407, -6.281568142021507 ], [ 106.86389162605488, -6.28252356766691 ], [ 106.864403665766815, -6.283773654647535 ], [ 106.864179086945782, -6.284505847055808 ], [ 106.864017390194647, -6.284684430413713 ], [ 106.863541283094065, -6.28476479290477 ], [ 106.863020260229277, -6.284639784579984 ], [ 106.86284059717245, -6.285747000125714 ], [ 106.862912462395172, -6.286238103040707 ], [ 106.862741782491199, -6.286380969256182 ], [ 106.860828370936019, -6.28680956766715 ], [ 106.860873286700226, -6.28643454407687 ], [ 106.860612775267839, -6.286282748737259 ], [ 106.859750392595075, -6.286291677876109 ], [ 106.859579712691101, -6.286791709407079 ], [ 106.859193437118918, -6.287256023969649 ], [ 106.858914959380854, -6.288586461478033 ], [ 106.858986824603576, -6.288988270794464 ], [ 106.860118701861566, -6.290024044489186 ], [ 106.860271415459863, -6.291015170833673 ], [ 106.85956174638541, -6.292006295288069 ], [ 106.859444965398481, -6.292524179386183 ], [ 106.8596695442195, -6.293077779058194 ], [ 106.860298364918393, -6.293899248452164 ], [ 106.860379213293953, -6.293979609518781 ], [ 106.861538040010473, -6.293684952213749 ], [ 106.862301608001985, -6.293747455292417 ], [ 106.862732799338346, -6.294854651439448 ], [ 106.865266048439565, -6.29458678162029 ], [ 106.865364863120817, -6.29599756111563 ], [ 106.865688256623116, -6.29599756111563 ], [ 106.86572418923447, -6.297354763089078 ], [ 106.865553509330482, -6.297988718058462 ], [ 106.866945898020873, -6.298319088651169 ], [ 106.866721319199854, -6.299176265424743 ], [ 106.868931174798774, -6.299890578321386 ], [ 106.869461180816401, -6.300301307791781 ], [ 106.870557125463037, -6.298810179684201 ], [ 106.871392558677272, -6.296988676064046 ], [ 106.871778834249426, -6.29570290495537 ], [ 106.872165109821609, -6.29351530096231 ], [ 106.871895615236383, -6.291961650083033 ], [ 106.870871535812483, -6.288327517531791 ], [ 106.870637973838598, -6.286130953353347 ], [ 106.870718822214187, -6.285738070977514 ], [ 106.871194929314754, -6.285014809464231 ], [ 106.87113204724487, -6.284425484524753 ], [ 106.871724935332381, -6.282219974661285 ] ] ] } },
{ "type": "Feature", "properties": { "FID": 92, "Kode_BPS_K": 3174070004, "Longitude": "106° 45' 13.716\" E", "Latitude": "6° 8' 31.237\" S", "Kecamatan": "CENGKARENG", "ID": "3174070004", "KELURAHAN": "KAPUK", "is_in_haml": "KAPUK", "HAMLET": "Kapuk", "LUAS": 518.865, "city": "dki", "source_layer": "Kelurahan", "role": "admin" }, "geometry": { "type": "Polygon", "coordinates": [ [ [ 106.768849868995019, -6.140771164679062 ], [ 106.767080187885313, -6.140297789234534 ], [ 106.756641764283842, -6.136698335773048 ], [ 106.750973394841054, -6.134438616833964 ], [ 106.749877450194418, -6.133813396463277 ], [ 106.747083689660812, -6.131553665295939 ], [ 106.743957552472068, -6.129454696939241 ], [ 106.74017564512593, -6.127739789003436 ], [ 106.738630542837242, -6.126882332968967 ], [ 106.737040524784348, -6.128347152861005 ], [ 106.737283069911058, -6.128731220825927 ], [ 106.739169532007722, -6.13021389921312 ], [ 106.739052751020779, -6.130446125575228 ], [ 106.740876331047545, -6.13272372492194 ], [ 106.740615819615144, -6.132929154973019 ], [ 106.741702781108927, -6.134251050799747 ], [ 106.743238900244776, -6.136832310903357 ], [ 106.741433286523701, -6.138886592016453 ], [ 106.741514134899262, -6.139377831978609 ], [ 106.741828545248694, -6.13971723386965 ], [ 106.742403467030542, -6.13994945609154 ], [ 106.741343454995288, -6.141664324749176 ], [ 106.740454122864008, -6.14215556214915 ], [ 106.740445139711156, -6.144951140904345 ], [ 106.740256493501505, -6.145397717620102 ], [ 106.740319375571389, -6.145942540705808 ], [ 106.739897167387852, -6.145933609184311 ], [ 106.739933099999206, -6.146648130430354 ], [ 106.741163791938448, -6.146567746838078 ], [ 106.741361421300965, -6.146916075650227 ], [ 106.741199724549816, -6.147550212132956 ], [ 106.741352438148127, -6.147818156898474 ], [ 106.738217317806544, -6.150238585163142 ], [ 106.738289183029266, -6.151033483555361 ], [ 106.738432913474725, -6.15110493503802 ], [ 106.737786126470169, -6.152087391950735 ], [ 106.739816319012277, -6.15218563754214 ], [ 106.739897167387852, -6.151622958000102 ], [ 106.742151938750993, -6.151855175026141 ], [ 106.742160921903832, -6.151533643732309 ], [ 106.74246634910044, -6.151649752277515 ], [ 106.742457365947601, -6.151497918020988 ], [ 106.743364664384544, -6.151488986592783 ], [ 106.744694171005037, -6.151685477978631 ], [ 106.745502654760756, -6.152087391950735 ], [ 106.748610825643809, -6.15277511070923 ], [ 106.750335590989309, -6.15009568195537 ], [ 106.750353557295, -6.147041116706652 ], [ 106.750712883408653, -6.142530688585746 ], [ 106.751224923120603, -6.141771503856917 ], [ 106.75321019989849, -6.14397760236509 ], [ 106.75379410483319, -6.144379522161351 ], [ 106.753973767890002, -6.144156233423121 ], [ 106.754422925532069, -6.144370590613621 ], [ 106.754476824449114, -6.1442902066773 ], [ 106.754665470658779, -6.144379522161351 ], [ 106.754602588588881, -6.14449563226821 ], [ 106.756345320240072, -6.145379854558668 ], [ 106.75675854527077, -6.144638536980339 ], [ 106.761034526023181, -6.147443034188959 ], [ 106.760226042267476, -6.148496949700372 ], [ 106.760648250451013, -6.148845277249224 ], [ 106.764555921936918, -6.149282919230811 ], [ 106.768616307021162, -6.148800619883915 ], [ 106.772038888253647, -6.150310036752627 ], [ 106.773143816053121, -6.148666647765489 ], [ 106.774599086813382, -6.145996129831646 ], [ 106.775209941206583, -6.145308402306931 ], [ 106.775452486333307, -6.14387935525762 ], [ 106.775407570569101, -6.142369920145283 ], [ 106.775578250473075, -6.141771503856917 ], [ 106.774509255284968, -6.141333855697837 ], [ 106.773242630734373, -6.141485692855003 ], [ 106.772119736629222, -6.141378513689734 ], [ 106.768849868995019, -6.140771164679062 ] ] ] } },
{ "type": "Feature", "properties": { "FID": 93, "Kode_BPS_K": 3175010002, "Longitude": "106° 45' 47.379\" E", "Latitude": "6° 7' 25.866\" S", "Kecamatan": "PENJARINGAN", "ID": "3175010002", "KELURAHAN": "KAPUK MUARA", "is_in_haml": "KAPUK MUARA", "HAMLET": "Kapuk Muara", "LUAS": 824.598, "city": "dki", "source_layer": "Kelurahan", "role": "admin" }, "geometry": { "type": "Polygon", "coordinates": [ [ [ 106.751260855731957, -6.104221772271281 ], [ 106.75086559700695, -6.104141382290956 ], [ 106.750919495923995, -6.107214057401347 ], [ 106.751871710125158, -6.114449065773264 ], [ 106.753192233592813, -6.128088130123933 ], [ 106.753335964038286, -6.132795178861726 ], [ 106.752734092797922, -6.135054904767444 ], [ 106.756641764283842, -6.136698335773048 ], [ 106.768167149379096, -6.140628258928825 ], [ 106.769290043484247, -6.140940865207659 ], [ 106.772119736629222, -6.141378513689734 ], [ 106.773242630734373, -6.141485692855003 ], [ 106.774509255284968, -6.141333855697837 ], [ 106.775578250473075, -6.141771503856917 ], [ 106.775883677669668, -6.140869412360104 ], [ 106.775973509198096, -6.138761549044665 ], [ 106.776476565757193, -6.137886247420346 ], [ 106.776521481521414, -6.137520049375348 ], [ 106.776126222796393, -6.135930211042486 ], [ 106.776171138560599, -6.134876270657157 ], [ 106.777311998971427, -6.134456480262351 ], [ 106.777240133748705, -6.133724079207611 ], [ 106.776773009800962, -6.13291129149346 ], [ 106.774617053119073, -6.124533253652469 ], [ 106.773682805223586, -6.121737567842167 ], [ 106.773431276944024, -6.121433882240482 ], [ 106.773350428568463, -6.120951557694761 ], [ 106.77350314216676, -6.120219138107545 ], [ 106.774473322673614, -6.1190669150177 ], [ 106.77452722159066, -6.118218377045383 ], [ 106.773970266114503, -6.117155469684873 ], [ 106.773341445415625, -6.116476636987469 ], [ 106.772461096437183, -6.116065764146655 ], [ 106.770233274532558, -6.115610230845393 ], [ 106.765373388845475, -6.115860327607853 ], [ 106.765445254068212, -6.112716245516268 ], [ 106.764798467063642, -6.110974487540212 ], [ 106.766163906295503, -6.110527882017778 ], [ 106.76418761267044, -6.106588805173705 ], [ 106.762597594617546, -6.104775569585749 ], [ 106.756264471864512, -6.104918484928808 ], [ 106.755348190274702, -6.104498671000074 ], [ 106.754243262475228, -6.104587993140123 ], [ 106.751260855731957, -6.104221772271281 ] ] ] } },
{ "type": "Feature", "properties": { "FID": 94, "Kode_BPS_K": 3173070004, "Longitude": "106° 49' 44.571\" E", "Latitude": "6° 9' 14.254\" S", "Kecamatan": "SAWAH BESAR", "ID": "3173070004", "KELURAHAN": "KARANG ANYAR", "is_in_haml": "KARANG ANYAR", "HAMLET": "Karang Anyar", "LUAS": 50.7825, "city": "dki", "source_layer": "Kelurahan", "role": "admin" }, "geometry": { "type": "Polygon", "coordinates": [ [ [ 106.828372239720778, -6.159580799002678 ], [ 106.831669056813496, -6.158491180231029 ], [ 106.83135464646405, -6.157812400193798 ], [ 106.831201932865753, -6.152935876004974 ], [ 106.830959387739043, -6.15220350037499 ], [ 106.830716842612333, -6.15215884329174 ], [ 106.829926325162319, -6.147978923692999 ], [ 106.826647474375278, -6.148479086742999 ], [ 106.827150530934375, -6.151221043676859 ], [ 106.827482907589498, -6.159786218684509 ], [ 106.828372239720778, -6.159580799002678 ] ] ] } },
{ "type": "Feature", "properties": { "FID": 95, "Kode_BPS_K": 3171100004, "Longitude": "106° 49' 36.812\" E", "Latitude": "6° 12' 49.873\" S", "Kecamatan": "SETIA BUDI", "ID": "3171100004", "KELURAHAN": "KARET", "is_in_haml": "KARET", "HAMLET": "Karet", "LUAS": 98.0988, "city": "dki", "source_layer": "Kelurahan", "role": "admin" }, "geometry": { "type": "Polygon", "coordinates": [ [ [ 106.819595699394924, -6.21321049218299 ], [ 106.81840094006705, -6.214630421661909 ], [ 106.818832131403425, -6.216291466377806 ], [ 106.821257582670555, -6.216202163031862 ], [ 106.821994201203538, -6.215844949496479 ], [ 106.822155897954673, -6.216175372025122 ], [ 106.825821024313882, -6.216202163031862 ], [ 106.825713226479778, -6.215719924701789 ], [ 106.827141547781537, -6.21554131780069 ], [ 106.827797317938945, -6.215005496733576 ], [ 106.828219526122481, -6.215452014327401 ], [ 106.827698503257693, -6.21589853154225 ], [ 106.827707486410532, -6.216103929333812 ], [ 106.828695633223077, -6.21613965068068 ], [ 106.828722582681593, -6.217345244714923 ], [ 106.829566999048666, -6.217300593133303 ], [ 106.829549032742975, -6.21703268356398 ], [ 106.830582095319713, -6.216943380343879 ], [ 106.831049219267456, -6.217157708046646 ], [ 106.832208045983975, -6.217023753242652 ], [ 106.832109231302724, -6.216389700040834 ], [ 106.834732311932342, -6.21594318324289 ], [ 106.835109604351686, -6.215487735718537 ], [ 106.836178599539778, -6.2158002977875 ], [ 106.836232498456823, -6.215469875023271 ], [ 106.83603486909432, -6.213871340341639 ], [ 106.834346036360174, -6.212835415831905 ], [ 106.833654333591397, -6.212772903080737 ], [ 106.831740922036232, -6.212192427179613 ], [ 106.831004303503263, -6.211701254763282 ], [ 106.830680910000964, -6.211290455663142 ], [ 106.830348533345841, -6.211290455663142 ], [ 106.830348533345841, -6.211728045997809 ], [ 106.829549032742975, -6.211701254763282 ], [ 106.82919868978216, -6.211638741877419 ], [ 106.829180723476483, -6.211299386081772 ], [ 106.827779351633268, -6.211192221048225 ], [ 106.827806301091783, -6.21093323879376 ], [ 106.825812041161029, -6.210709978127316 ], [ 106.825560512881481, -6.211004682187026 ], [ 106.824545416610434, -6.210504578230571 ], [ 106.824078292662691, -6.211344038172644 ], [ 106.822766752347874, -6.210433134769442 ], [ 106.821589959325678, -6.209325759882389 ], [ 106.819595699394924, -6.21321049218299 ] ] ] } },
{ "type": "Feature", "properties": { "FID": 96, "Kode_BPS_K": 3171100003, "Longitude": "106° 49' 40.698\" E", "Latitude": "6° 13' 14.069\" S", "Kecamatan": "SETIA BUDI", "ID": "3171100003", "KELURAHAN": "KARET KUNINGAN", "is_in_haml": "KARET KUNINGAN", "HAMLET": "Karet Kuningan", "LUAS": 168.412, "city": "dki", "source_layer": "Kelurahan", "role": "admin" }, "geometry": { "type": "Polygon", "coordinates": [ [ [ 106.828695633223077, -6.21613965068068 ], [ 106.827707486410532, -6.216103929333812 ], [ 106.827698503257693, -6.21589853154225 ], [ 106.828219526122481, -6.215452014327401 ], [ 106.827797317938945, -6.215005496733576 ], [ 106.827141547781537, -6.21554131780069 ], [ 106.825713226479778, -6.215719924701789 ], [ 106.825821024313882, -6.216202163031862 ], [ 106.822155897954673, -6.216175372025122 ], [ 106.821994201203538, -6.215844949496479 ], [ 106.821257582670555, -6.216202163031862 ], [ 106.818832131403425, -6.216291466377806 ], [ 106.819865193980164, -6.219336701399858 ], [ 106.820071806495505, -6.219845727234542 ], [ 106.820485031526218, -6.2203368920464 ], [ 106.820817408181341, -6.221462104249038 ], [ 106.820790458722811, -6.221908616360253 ], [ 106.821527077255794, -6.225525350477286 ], [ 106.825794074855352, -6.225212794190823 ], [ 106.826863070043458, -6.224382286583161 ], [ 106.831758888341909, -6.22566823328915 ], [ 106.835127570657363, -6.225409258164026 ], [ 106.835244351644292, -6.22420368262502 ], [ 106.835648593522151, -6.22341782448787 ], [ 106.835963003871584, -6.222087221098517 ], [ 106.835639610369313, -6.220211868319648 ], [ 106.835289267408498, -6.219863587781195 ], [ 106.83514553696304, -6.219443864774432 ], [ 106.836016902788629, -6.218148972535801 ], [ 106.835594694605106, -6.217470269123289 ], [ 106.836178599539778, -6.2158002977875 ], [ 106.835109604351686, -6.215487735718537 ], [ 106.834732311932342, -6.21594318324289 ], [ 106.832109231302724, -6.216389700040834 ], [ 106.832208045983975, -6.217023753242652 ], [ 106.831049219267456, -6.217157708046646 ], [ 106.830582095319713, -6.216943380343879 ], [ 106.829549032742975, -6.21703268356398 ], [ 106.829566999048666, -6.217300593133303 ], [ 106.828722582681593, -6.217345244714923 ], [ 106.828695633223077, -6.21613965068068 ] ] ] } },
{ "type": "Feature", "properties": { "FID": 97, "Kode_BPS_K": 3171100001, "Longitude": "106° 49' 4.614\" E", "Latitude": "6° 13' 21.097\" S", "Kecamatan": "SETIA BUDI", "ID": "3171100001", "KELURAHAN": "KARET SEMANGGI", "is_in_haml": "KARET SEMANGGI", "HAMLET": "Karet Semanggi", "LUAS": 91.6735, "city": "dki", "source_layer": "Kelurahan", "role": "admin" }, "geometry": { "type": "Polygon", "coordinates": [ [ [ 106.822021150662053, -6.231195982223972 ], [ 106.82155402671431, -6.230615526670493 ], [ 106.821527077255794, -6.225525350477286 ], [ 106.820790458722811, -6.221908616360253 ], [ 106.820817408181341, -6.221462104249038 ], [ 106.820485031526218, -6.2203368920464 ], [ 106.820071806495505, -6.219845727234542 ], [ 106.819865193980164, -6.219336701399858 ], [ 106.81840094006705, -6.214630421661909 ], [ 106.812391210816301, -6.219408143652 ], [ 106.82082639133418, -6.231758576993838 ], [ 106.822021150662053, -6.231195982223972 ] ] ] } },
{ "type": "Feature", "properties": { "FID": 98, "Kode_BPS_K": 3173010003, "Longitude": "106° 48' 59.743\" E", "Latitude": "6° 12' 25.690\" S", "Kecamatan": "TANAH ABANG", "ID": "3173010003", "KELURAHAN": "KARET TENGSIN", "is_in_haml": "KARET TENGSIN", "HAMLET": "Karet Tengsin", "LUAS": 151.843, "city": "dki", "source_layer": "Kelurahan", "role": "admin" }, "geometry": { "type": "Polygon", "coordinates": [ [ [ 106.820134688565403, -6.202118835801151 ], [ 106.813433256545878, -6.200439885183651 ], [ 106.811421030309447, -6.20058277480602 ], [ 106.811178485182737, -6.202172419243463 ], [ 106.811456962920815, -6.202761836749484 ], [ 106.81137611454524, -6.20350307298066 ], [ 106.810944923208865, -6.204306821932946 ], [ 106.810208304675882, -6.204681904357888 ], [ 106.809938810090642, -6.205065917040198 ], [ 106.812552907567436, -6.208950680763659 ], [ 106.812795452694147, -6.209843725845253 ], [ 106.812651722248688, -6.21125473398711 ], [ 106.812867317916883, -6.211969167047187 ], [ 106.814798695777739, -6.213469473317019 ], [ 106.816774989402802, -6.215871740520046 ], [ 106.81840094006705, -6.214630421661909 ], [ 106.819595699394924, -6.21321049218299 ], [ 106.821733689771136, -6.208977472138141 ], [ 106.822739802889345, -6.202636808848727 ], [ 106.820134688565403, -6.202118835801151 ] ] ] } },
{ "type": "Feature", "properties": { "FID": 99, "Kode_BPS_K": 3173070003, "Longitude": "106° 49' 59.281\" E", "Latitude": "6° 9' 11.376\" S", "Kecamatan": "SAWAH BESAR", "ID": "3173070003", "KELURAHAN": "KARTINI", "is_in_haml": "KARTINI", "HAMLET": "Kartini", "LUAS": 54.759, "city": "dki", "source_layer": "Kelurahan", "role": "admin" }, "geometry": { "type": "Polygon", "coordinates": [ [ [ 106.832899748752737, -6.14855053856889 ], [ 106.831713972577703, -6.148220073793679 ], [ 106.830860573057791, -6.147719910500123 ], [ 106.829926325162319, -6.147978923692999 ], [ 106.830716842612333, -6.15215884329174 ], [ 106.830959387739043, -6.15220350037499 ], [ 106.831201932865753, -6.152935876004974 ], [ 106.83135464646405, -6.157812400193798 ], [ 106.831669056813496, -6.158491180231029 ], [ 106.833780097731179, -6.157848125480546 ], [ 106.834049592316418, -6.157919576046832 ], [ 106.83466044670962, -6.157446215866067 ], [ 106.836672672946051, -6.156937129917772 ], [ 106.835450964159634, -6.152507168441595 ], [ 106.834615530945413, -6.148800619883915 ], [ 106.834157390150509, -6.148836345776463 ], [ 106.832899748752737, -6.14855053856889 ] ] ] } },
{ "type": "Feature", "properties": { "FID": 100, "Kode_BPS_K": 3172100004, "Longitude": "106° 51' 44.022\" E", "Latitude": "6° 12' 9.982\" S", "Kecamatan": "MATRAMAN", "ID": "3172100004", "KELURAHAN": "KAYU MANIS", "is_in_haml": "KAYU MANIS", "HAMLET": "Kayu Manis", "LUAS": 53.4457, "city": "dki", "source_layer": "Kelurahan", "role": "admin" }, "geometry": { "type": "Polygon", "coordinates": [ [ [ 106.862499237364474, -6.20923645535454 ], [ 106.866218262640743, -6.208789932488142 ], [ 106.863622131469626, -6.201975946595023 ], [ 106.860630741573516, -6.194849298328139 ], [ 106.858492751197304, -6.196322861315124 ], [ 106.859022757214944, -6.197483847437275 ], [ 106.860379213293953, -6.201788404453215 ], [ 106.862400422683223, -6.209263246714484 ], [ 106.862499237364474, -6.20923645535454 ] ] ] } },
{ "type": "Feature", "properties": { "FID": 101, "Kode_BPS_K": 3172090006, "Longitude": "106° 53' 1.133\" E", "Latitude": "6° 10' 45.633\" S", "Kecamatan": "PULO GADUNG", "ID": "3172090006", "KELURAHAN": "KAYU PUTIH", "is_in_haml": "KAYU PUTIH", "HAMLET": "Kayu Putih", "LUAS": 386.827, "city": "dki", "source_layer": "Kelurahan", "role": "admin" }, "geometry": { "type": "Polygon", "coordinates": [ [ [ 106.891146511775062, -6.188472742000552 ], [ 106.891245326456314, -6.184427071822482 ], [ 106.891739399862573, -6.181328049665949 ], [ 106.892700597216574, -6.178532662521929 ], [ 106.894236716352424, -6.17616594940437 ], [ 106.890877017189823, -6.17305794780868 ], [ 106.887643082166989, -6.171119903099842 ], [ 106.882181325239543, -6.16741348449455 ], [ 106.880627239798017, -6.166582885927625 ], [ 106.87883060922978, -6.166431055941412 ], [ 106.877959243404177, -6.168601327495963 ], [ 106.876126680224573, -6.175656881426645 ], [ 106.875695488888198, -6.180756470109198 ], [ 106.875372095385913, -6.188758527685314 ], [ 106.876009899237644, -6.188722804483172 ], [ 106.878300603212139, -6.189330098591115 ], [ 106.879441463622982, -6.189187205922632 ], [ 106.879980452793447, -6.188821043283252 ], [ 106.88117521212132, -6.188740666084546 ], [ 106.88141775724803, -6.189687330093238 ], [ 106.881705218138961, -6.189955253561311 ], [ 106.882154375781013, -6.190053492132226 ], [ 106.889421746429548, -6.189097897985206 ], [ 106.891056680246635, -6.188722804483172 ], [ 106.891146511775062, -6.188472742000552 ] ] ] } },
{ "type": "Feature", "properties": { "FID": 102, "Kode_BPS_K": 3174060006, "Longitude": "106° 48' 51.324\" E", "Latitude": "6° 9' 4.274\" S", "Kecamatan": "TAMAN SARI", "ID": "3174060006", "KELURAHAN": "KEAGUNGAN", "is_in_haml": "KEAGUNGAN", "HAMLET": "Keagungan", "LUAS": 35.8137, "city": "dki", "source_layer": "Kelurahan", "role": "admin" }, "geometry": { "type": "Polygon", "coordinates": [ [ [ 106.81436750444135, -6.148184347859736 ], [ 106.812597823331643, -6.148121827469563 ], [ 106.811798322728777, -6.148246868242562 ], [ 106.812031884702648, -6.149917052891647 ], [ 106.811977985785603, -6.151810517913628 ], [ 106.81097187266738, -6.154382761478213 ], [ 106.813055964126548, -6.154052300328368 ], [ 106.813451222851555, -6.154016574786345 ], [ 106.813451222851555, -6.154266653530065 ], [ 106.815238870266953, -6.154007643400464 ], [ 106.815256836572644, -6.153185955257251 ], [ 106.817610422617022, -6.153034121439545 ], [ 106.816406680136311, -6.148255799725222 ], [ 106.81436750444135, -6.148184347859736 ] ] ] } },
{ "type": "Feature", "properties": { "FID": 103, "Kode_BPS_K": 3171020003, "Longitude": "106° 49' 51.479\" E", "Latitude": "6° 18' 34.956\" S", "Kecamatan": "PASAR MINGGU", "ID": "3171020003", "KELURAHAN": "KEBAGUSAN", "is_in_haml": "KEBAGUSAN", "HAMLET": "Kebagusan", "LUAS": 277.743, "city": "dki", "source_layer": "Kelurahan", "role": "admin" }, "geometry": { "type": "Polygon", "coordinates": [ [ [ 106.836645723487521, -6.311087304418135 ], [ 106.836717588710258, -6.309962285451971 ], [ 106.837184712657987, -6.307774741581215 ], [ 106.837355392561975, -6.305471113974094 ], [ 106.837148780046618, -6.302104942052582 ], [ 106.83301652973968, -6.299381630483217 ], [ 106.827545789659382, -6.29632793297529 ], [ 106.826934935266181, -6.296694020466174 ], [ 106.826225266191727, -6.297247615693836 ], [ 106.826351030331509, -6.298238728256076 ], [ 106.826270181955934, -6.301747787251249 ], [ 106.826665440680955, -6.303435341523687 ], [ 106.827590705423603, -6.305881839025933 ], [ 106.82771646956337, -6.306578285109369 ], [ 106.827671553799178, -6.307158656130889 ], [ 106.827132564628698, -6.308605116464326 ], [ 106.826701373292323, -6.311149805400181 ], [ 106.826566625999703, -6.311444452785402 ], [ 106.825928822147986, -6.311301593468042 ], [ 106.825767125396837, -6.311560525951749 ], [ 106.824796944889997, -6.317837366895281 ], [ 106.825021523711015, -6.318515939735792 ], [ 106.825138304697944, -6.319846297064213 ], [ 106.825461698200243, -6.320301653484734 ], [ 106.825362883518991, -6.321524863845386 ], [ 106.82909089194807, -6.321908790588382 ], [ 106.82960293166002, -6.321087365581529 ], [ 106.8298185273282, -6.32102486579934 ], [ 106.83197448401009, -6.321319507563539 ], [ 106.833807047189708, -6.318355225196089 ], [ 106.834328070054482, -6.318069510335592 ], [ 106.834750278238033, -6.318319510847154 ], [ 106.835235368491453, -6.318355225196089 ], [ 106.835424014701118, -6.317283793655845 ], [ 106.83592707126023, -6.316212359897507 ], [ 106.836645723487521, -6.311087304418135 ] ] ] } },
{ "type": "Feature", "properties": { "FID": 104, "Kode_BPS_K": 3171050002, "Longitude": "106° 46' 43.923\" E", "Latitude": "6° 15' 15.917\" S", "Kecamatan": "KEBAYORAN LAMA", "ID": "3171050002", "KELURAHAN": "KEBAYORAN LAMA SELATAN", "is_in_haml": "KEBAYORAN LAMA SELATAN", "HAMLET": "Kebayoran Lama Selatan", "LUAS": 230.211, "city": "dki", "source_layer": "Kelurahan", "role": "admin" }, "geometry": { "type": "Polygon", "coordinates": [ [ [ 106.780114742657886, -6.247439547023337 ], [ 106.779162528456709, -6.247046635512449 ], [ 106.778497775146462, -6.247796739050002 ], [ 106.778093533268603, -6.248716507396524 ], [ 106.778183364797016, -6.250627477238587 ], [ 106.777644375626551, -6.253422481304013 ], [ 106.776647245661181, -6.253395692198572 ], [ 106.776719110883903, -6.252592018397089 ], [ 106.776413683687309, -6.251779413630937 ], [ 106.776503515215722, -6.25337783279418 ], [ 106.772955169843442, -6.253109941655113 ], [ 106.772838388856513, -6.251413294587458 ], [ 106.773009068760487, -6.250940018371008 ], [ 106.774293659616788, -6.249395170382662 ], [ 106.773790603057677, -6.248636139353033 ], [ 106.771715494751362, -6.25068998548001 ], [ 106.769811066349035, -6.250752493713964 ], [ 106.769766150584829, -6.251422224323276 ], [ 106.769191228802995, -6.251386505379093 ], [ 106.769209195108672, -6.250752493713964 ], [ 106.767592227597262, -6.250457811974218 ], [ 106.767187985719403, -6.251127542960823 ], [ 106.766190855754019, -6.251422224323276 ], [ 106.765912378015955, -6.252413424051246 ], [ 106.765984243238677, -6.253181379305617 ], [ 106.766388485116536, -6.253806458331202 ], [ 106.766738828077337, -6.253520708012228 ], [ 106.766945440592693, -6.252833120667227 ], [ 106.767996469475108, -6.253011714869734 ], [ 106.768041385239314, -6.253181379305617 ], [ 106.767619177055778, -6.25421722414112 ], [ 106.767682059125661, -6.25460120058463 ], [ 106.768149183073405, -6.255297715273984 ], [ 106.76844562711716, -6.255360222957134 ], [ 106.768804953230813, -6.254458325661851 ], [ 106.769766150584829, -6.254556552175456 ], [ 106.770053611475745, -6.254279731953468 ], [ 106.77037700497803, -6.254690497391537 ], [ 106.771517865388859, -6.254815512895583 ], [ 106.771949056725234, -6.255119121852366 ], [ 106.772047871406485, -6.255556675626944 ], [ 106.771589730611581, -6.256065666291608 ], [ 106.771248370803619, -6.256190681466755 ], [ 106.770152426156997, -6.256012088350249 ], [ 106.769990729405848, -6.256172822157851 ], [ 106.769685302209254, -6.257262238884157 ], [ 106.769038515204684, -6.257887313029582 ], [ 106.769200211955834, -6.258217709061506 ], [ 106.770161409309836, -6.258226638681091 ], [ 106.770323106060985, -6.258860641281507 ], [ 106.770709381633139, -6.258967796574582 ], [ 106.770969893065541, -6.258753485966452 ], [ 106.77113158981669, -6.258315934868544 ], [ 106.771688545292832, -6.258048046260399 ], [ 106.772146686087737, -6.25815520172014 ], [ 106.772703641563893, -6.259030303818727 ], [ 106.772667708952525, -6.259601798275527 ], [ 106.773521108472437, -6.259842897311962 ], [ 106.77522790751226, -6.260003629941093 ], [ 106.777410813652679, -6.261057320395953 ], [ 106.783204947235248, -6.261048390824759 ], [ 106.784839881052349, -6.261137686529831 ], [ 106.785181240860311, -6.261351996159709 ], [ 106.785522600668273, -6.261057320395953 ], [ 106.785567516432494, -6.26083408107029 ], [ 106.784983611497807, -6.260476897950745 ], [ 106.785414802834183, -6.260110784999703 ], [ 106.785531583821111, -6.259530361502619 ], [ 106.785513617515434, -6.259119599868814 ], [ 106.785181240860311, -6.259074951845678 ], [ 106.785298021847254, -6.258664189853784 ], [ 106.784866830510865, -6.258476667967501 ], [ 106.785046493567705, -6.257699790864468 ], [ 106.785190224013164, -6.257190801791355 ], [ 106.785576499585332, -6.256976490454354 ], [ 106.786259219201256, -6.25702113865681 ], [ 106.786384983341037, -6.256851475467181 ], [ 106.786322101271153, -6.256547867516684 ], [ 106.785980741463177, -6.256396063475292 ], [ 106.785837011017719, -6.25531557461279 ], [ 106.786223286589902, -6.254056489732196 ], [ 106.787409062764937, -6.253431411005524 ], [ 106.78784923725415, -6.25344034070688 ], [ 106.78782228779562, -6.253083152533658 ], [ 106.788307378049041, -6.252717034402888 ], [ 106.788684670468385, -6.251913359558419 ], [ 106.788531956870088, -6.251672256864252 ], [ 106.788909249289404, -6.250984667088966 ], [ 106.78873856938543, -6.250189919339491 ], [ 106.788460091647352, -6.250064902729672 ], [ 106.788361276966086, -6.249841658709261 ], [ 106.788756535691107, -6.249341591757866 ], [ 106.788900266136565, -6.248689718050064 ], [ 106.786331084423992, -6.24815393083288 ], [ 106.784507504397226, -6.248573630866228 ], [ 106.784579369619962, -6.248073562702988 ], [ 106.78130950198576, -6.247484196040001 ], [ 106.780114742657886, -6.247439547023337 ] ] ] } },
{ "type": "Feature", "properties": { "FID": 105, "Kode_BPS_K": 3171050003, "Longitude": "106° 46' 40.957\" E", "Latitude": "6° 14' 44.303\" S", "Kecamatan": "KEBAYORAN LAMA", "ID": "3171050003", "KELURAHAN": "KEBAYORAN LAMA UTARA", "is_in_haml": "KEBAYORAN LAMA UTARA", "HAMLET": "Kebayoran Lama Utara", "LUAS": 201.311, "city": "dki", "source_layer": "Kelurahan", "role": "admin" }, "geometry": { "type": "Polygon", "coordinates": [ [ [ 106.785298021847254, -6.235652073468525 ], [ 106.783959532073922, -6.235857463535027 ], [ 106.783097149401158, -6.236312893395509 ], [ 106.781210687304508, -6.236268243426678 ], [ 106.780474068771539, -6.236384333337732 ], [ 106.780842378038017, -6.241090418085432 ], [ 106.780447119312996, -6.241242226567208 ], [ 106.7788301518016, -6.243322891325068 ], [ 106.778605572980553, -6.243108574306937 ], [ 106.778380994159534, -6.243162153569692 ], [ 106.778192347949869, -6.242894257201109 ], [ 106.771976006183763, -6.243305031576906 ], [ 106.771984989336602, -6.24343897967327 ], [ 106.769954796794494, -6.243653296556191 ], [ 106.769990729405848, -6.244421264666417 ], [ 106.768310879824554, -6.244367685532484 ], [ 106.768598340715471, -6.245251740541313 ], [ 106.769370891859808, -6.245930408020115 ], [ 106.769299026637086, -6.246117934405174 ], [ 106.768625290174, -6.246287601076629 ], [ 106.768400711352953, -6.246662653523656 ], [ 106.768391728200115, -6.247493125842877 ], [ 106.767700025431353, -6.247260950918589 ], [ 106.767448497151804, -6.247359178783742 ], [ 106.766550181867672, -6.248448613870217 ], [ 106.766765777535866, -6.249154066527871 ], [ 106.767646126514308, -6.249877377758929 ], [ 106.767592227597262, -6.250457811974218 ], [ 106.769209195108672, -6.250752493713964 ], [ 106.769191228802995, -6.251386505379093 ], [ 106.769766150584829, -6.251422224323276 ], [ 106.769811066349035, -6.250752493713964 ], [ 106.771715494751362, -6.25068998548001 ], [ 106.773790603057677, -6.248636139353033 ], [ 106.774293659616788, -6.249395170382662 ], [ 106.773009068760487, -6.250940018371008 ], [ 106.772838388856513, -6.251413294587458 ], [ 106.772955169843442, -6.253109941655113 ], [ 106.776503515215722, -6.25337783279418 ], [ 106.776413683687309, -6.251779413630937 ], [ 106.776719110883903, -6.252592018397089 ], [ 106.776647245661181, -6.253395692198572 ], [ 106.777734207154964, -6.253422481304013 ], [ 106.778300145783959, -6.2515204514072 ], [ 106.778057600657249, -6.24961841459359 ], [ 106.778093533268603, -6.248716507396524 ], [ 106.778497775146462, -6.247796739050002 ], [ 106.779162528456709, -6.247046635512449 ], [ 106.780492035077216, -6.247510985448173 ], [ 106.78130950198576, -6.247484196040001 ], [ 106.784579369619962, -6.248073562702988 ], [ 106.784507504397226, -6.248573630866228 ], [ 106.786331084423992, -6.24815393083288 ], [ 106.788900266136565, -6.248689718050064 ], [ 106.788576872634295, -6.248332526632894 ], [ 106.789097895499083, -6.24825215853043 ], [ 106.788963148206449, -6.2476895814676 ], [ 106.789142811263289, -6.247636002668171 ], [ 106.789160777568966, -6.247305599950489 ], [ 106.788666704162694, -6.247260950918589 ], [ 106.788675687315546, -6.246680513157287 ], [ 106.788307378049041, -6.246359039658685 ], [ 106.78771448996153, -6.24505528400168 ], [ 106.78760669212744, -6.244492703503134 ], [ 106.787795338337091, -6.244296246678711 ], [ 106.787552793210395, -6.244189088379778 ], [ 106.786888039900148, -6.244358755676294 ], [ 106.78647481486945, -6.243697945895762 ], [ 106.784983611497807, -6.243206802951134 ], [ 106.785028527262014, -6.242983556005862 ], [ 106.784255976117663, -6.242090567273237 ], [ 106.784238009811986, -6.241322595745635 ], [ 106.784669201148361, -6.241215436838326 ], [ 106.784750049523936, -6.241045768523595 ], [ 106.784687167454052, -6.240233145833389 ], [ 106.784947678886439, -6.239661630219493 ], [ 106.78492072942791, -6.239125833765385 ], [ 106.785423785987021, -6.238706126160395 ], [ 106.784983611497807, -6.2380453092501 ], [ 106.785037510414867, -6.237259471839947 ], [ 106.785369887069976, -6.236946922542565 ], [ 106.785441752292712, -6.236366473353089 ], [ 106.785675314266584, -6.23593783353915 ], [ 106.785917859393294, -6.235866393536093 ], [ 106.785298021847254, -6.235652073468525 ] ] ] } },
{ "type": "Feature", "properties": { "FID": 106, "Kode_BPS_K": 3171090004, "Longitude": "106° 51' 41.894\" E", "Latitude": "6° 14' 1.195\" S", "Kecamatan": "TEBET", "ID": "3171090004", "KELURAHAN": "KEBON BARU", "is_in_haml": "KEBON BARU", "HAMLET": "Kebon Baru", "LUAS": 126.308, "city": "dki", "source_layer": "Kelurahan", "role": "admin" }, "geometry": { "type": "Polygon", "coordinates": [ [ [ 106.863810777679291, -6.225382467626552 ], [ 106.863720946150877, -6.225060981070293 ], [ 106.85980429151212, -6.225453909056777 ], [ 106.858366987057536, -6.225444978878531 ], [ 106.858717330018337, -6.243028205402529 ], [ 106.86255313628152, -6.243081784673505 ], [ 106.862589068892888, -6.241170787287146 ], [ 106.862876529783819, -6.239652700283081 ], [ 106.863550266246904, -6.237572020950988 ], [ 106.864286884779872, -6.236937992559902 ], [ 106.864816890797513, -6.236768322860402 ], [ 106.86534689681514, -6.236866552693121 ], [ 106.866218262640743, -6.238911515030363 ], [ 106.866658437129956, -6.239241923043594 ], [ 106.866936914868035, -6.238991884566267 ], [ 106.866936914868035, -6.238500737209939 ], [ 106.866415892003246, -6.23683083275608 ], [ 106.865490627260598, -6.235607423443422 ], [ 106.865248082133888, -6.235026972771131 ], [ 106.865337913662302, -6.234848372435018 ], [ 106.866272161557788, -6.234812652360497 ], [ 106.866424875156085, -6.234678702059373 ], [ 106.866388942544717, -6.234133970482358 ], [ 106.865266048439565, -6.232446192004486 ], [ 106.863361620037239, -6.231017380583593 ], [ 106.863505350482697, -6.230347623890809 ], [ 106.864762991880468, -6.228874156158239 ], [ 106.864888756020235, -6.228534811488412 ], [ 106.86483485710319, -6.22682022453968 ], [ 106.863810777679291, -6.225382467626552 ] ] ] } },
{ "type": "Feature", "properties": { "FID": 107, "Kode_BPS_K": 3175030006, "Longitude": "106° 53' 20.111\" E", "Latitude": "6° 7' 9.446\" S", "Kecamatan": "TANJUNG PRIOK", "ID": "3175030006", "KELURAHAN": "KEBON BAWANG", "is_in_haml": "KEBON BAWANG", "HAMLET": "Kebon Bawang", "LUAS": 169.568, "city": "dki", "source_layer": "Kelurahan", "role": "admin" }, "geometry": { "type": "Polygon", "coordinates": [ [ [ 106.892089742823373, -6.127105628943933 ], [ 106.893679760876267, -6.12705203791846 ], [ 106.893104839094434, -6.118236241016576 ], [ 106.893077889635904, -6.111296043285588 ], [ 106.884759490104955, -6.110992351753358 ], [ 106.884543894436774, -6.115681687075175 ], [ 106.884660675423703, -6.116798189425258 ], [ 106.884516944978259, -6.1183434248312 ], [ 106.884624742812349, -6.118548860415816 ], [ 106.884543894436774, -6.120603211918723 ], [ 106.884175585170283, -6.126176717074091 ], [ 106.887337654970395, -6.126837673762763 ], [ 106.887616132708459, -6.127516493293787 ], [ 106.890445825853433, -6.127462902309568 ], [ 106.890607522604583, -6.127141356291259 ], [ 106.892089742823373, -6.127105628943933 ] ] ] } },
{ "type": "Feature", "properties": { "FID": 108, "Kode_BPS_K": 3174020004, "Longitude": "106° 46' 19.830\" E", "Latitude": "6° 11' 42.520\" S", "Kecamatan": "KEBON JERUK", "ID": "3174020004", "KELURAHAN": "KEBON JERUK", "is_in_haml": "KEBON JERUK", "HAMLET": "Kebon Jeruk", "LUAS": 372.499, "city": "dki", "source_layer": "Kelurahan", "role": "admin" }, "geometry": { "type": "Polygon", "coordinates": [ [ [ 106.782109002588626, -6.194527793129733 ], [ 106.782342564562498, -6.191250215074686 ], [ 106.783402576597766, -6.1876868305705 ], [ 106.783222913540925, -6.185355881842254 ], [ 106.781489165042572, -6.185775631988927 ], [ 106.769864965266081, -6.189910599659401 ], [ 106.762112504364126, -6.190214246117953 ], [ 106.757288551288411, -6.190616130868247 ], [ 106.756875326257713, -6.192116497900928 ], [ 106.757225669218514, -6.192857749087977 ], [ 106.757773641541831, -6.193581137797376 ], [ 106.759866716153823, -6.195492308137477 ], [ 106.759902648765191, -6.196206762562424 ], [ 106.760387739018611, -6.196483613392082 ], [ 106.760549435769747, -6.196840840054444 ], [ 106.760872829272046, -6.196867632044372 ], [ 106.761339953219789, -6.196171039864147 ], [ 106.761501649970924, -6.196144247838853 ], [ 106.761717245639105, -6.196179970538942 ], [ 106.762480813630617, -6.197162343843805 ], [ 106.763181499552232, -6.199216391207247 ], [ 106.763235398469277, -6.200797109166979 ], [ 106.763846252862479, -6.201511556407675 ], [ 106.763873202320994, -6.202476058647042 ], [ 106.764304393657383, -6.202627878283253 ], [ 106.77328754649858, -6.202145627522987 ], [ 106.773691788376425, -6.203029753579826 ], [ 106.774563154202013, -6.203208364724407 ], [ 106.77463501942475, -6.203654892321091 ], [ 106.776862841329361, -6.203610239578444 ], [ 106.776835891870846, -6.202574294887229 ], [ 106.782755789593196, -6.202190280389692 ], [ 106.782279682492614, -6.198805582374356 ], [ 106.782109002588626, -6.194527793129733 ] ] ] } },
{ "type": "Feature", "properties": { "FID": 109, "Kode_BPS_K": 3173010006, "Longitude": "106° 49' 1.745\" E", "Latitude": "6° 11' 25.149\" S", "Kecamatan": "TANAH ABANG", "ID": "3173010006", "KELURAHAN": "KEBON KACANG", "is_in_haml": "KEBON KACANG", "HAMLET": "Kebon Kacang", "LUAS": 71.4173, "city": "dki", "source_layer": "Kelurahan", "role": "admin" }, "geometry": { "type": "Polygon", "coordinates": [ [ [ 106.822524207221164, -6.186972364619874 ], [ 106.815741926826064, -6.187249220290361 ], [ 106.815697011061857, -6.188061924807918 ], [ 106.815158021891392, -6.188311987484949 ], [ 106.812669688554365, -6.188722804483172 ], [ 106.810693394929316, -6.188579911650452 ], [ 106.810450849802592, -6.188856766478753 ], [ 106.809956776396319, -6.190910846157467 ], [ 106.81186120479866, -6.191410968696208 ], [ 106.811969002632765, -6.191080530643332 ], [ 106.812786469541308, -6.191000153788402 ], [ 106.814753780013532, -6.192893472010469 ], [ 106.815777859437432, -6.193536484202041 ], [ 106.820700627194398, -6.194331317634313 ], [ 106.821131818530773, -6.191607445278288 ], [ 106.822461325151281, -6.188606704059531 ], [ 106.822524207221164, -6.186972364619874 ] ] ] } },
{ "type": "Feature", "properties": { "FID": 110, "Kode_BPS_K": 3173080004, "Longitude": "106° 49' 27.898\" E", "Latitude": "6° 9' 51.429\" S", "Kecamatan": "GAMBIR", "ID": "3173080004", "KELURAHAN": "KEBON KELAPA", "is_in_haml": "KEBON KELAPA", "HAMLET": "Kebon Kelapa", "LUAS": 82.2733, "city": "dki", "source_layer": "Kelurahan", "role": "admin" }, "geometry": { "type": "Polygon", "coordinates": [ [ [ 106.830312600734473, -6.166511436527762 ], [ 106.830150903983338, -6.164903822486056 ], [ 106.82849800386056, -6.162617429679248 ], [ 106.827869183161667, -6.162242317418569 ], [ 106.820655711430192, -6.159554005125274 ], [ 106.819056710224473, -6.159687974498767 ], [ 106.81929027219833, -6.161509954621639 ], [ 106.819955025508577, -6.163921389284198 ], [ 106.820763509264296, -6.168110114547423 ], [ 106.825084405780899, -6.167529589566924 ], [ 106.830474297485623, -6.168065458802259 ], [ 106.830312600734473, -6.166511436527762 ] ] ] } },
{ "type": "Feature", "properties": { "FID": 111, "Kode_BPS_K": 3173060006, "Longitude": "106° 51' 14.710\" E", "Latitude": "6° 9' 25.946\" S", "Kecamatan": "KEMAYORAN", "ID": "3173060006", "KELURAHAN": "KEBON KOSONG", "is_in_haml": "KEBON KOSONG", "HAMLET": "Kebon Kosong", "LUAS": 84.0116, "city": "dki", "source_layer": "Kelurahan", "role": "admin" }, "geometry": { "type": "Polygon", "coordinates": [ [ [ 106.861017017145684, -6.152274951700388 ], [ 106.861178713896834, -6.151426466591148 ], [ 106.860352263835438, -6.152605413955412 ], [ 106.859965988263269, -6.152730453674004 ], [ 106.859121571896196, -6.152828699146547 ], [ 106.858699363712645, -6.152730453674004 ], [ 106.856803918463157, -6.151640820851861 ], [ 106.856184080917117, -6.15220350037499 ], [ 106.853273539396582, -6.152355334429979 ], [ 106.85038096418171, -6.152801904928564 ], [ 106.851764369719248, -6.160000569572111 ], [ 106.854144905222171, -6.159536142539589 ], [ 106.853713713885796, -6.159920187999403 ], [ 106.853138792103962, -6.161751098581008 ], [ 106.852770482837471, -6.162501323531659 ], [ 106.852465055640863, -6.162769260756994 ], [ 106.85250997140507, -6.163028266612882 ], [ 106.851629622426643, -6.162054761188797 ], [ 106.851494875134023, -6.161518885881347 ], [ 106.850919953352189, -6.162010104933843 ], [ 106.850479778862962, -6.161652854758936 ], [ 106.848889760810067, -6.16317116634132 ], [ 106.849473665744753, -6.164260775505084 ], [ 106.84997672230385, -6.166207776470956 ], [ 106.850264183194781, -6.166663266490962 ], [ 106.853228623632376, -6.163698108757317 ], [ 106.855142035187541, -6.160170263963416 ], [ 106.856893749991571, -6.157347971247378 ], [ 106.860747522560445, -6.153069847047613 ], [ 106.861017017145684, -6.152274951700388 ] ] ] } },
{ "type": "Feature", "properties": { "FID": 112, "Kode_BPS_K": 3172100001, "Longitude": "106° 51' 19.409\" E", "Latitude": "6° 12' 26.393\" S", "Kecamatan": "MATRAMAN", "ID": "3172100001", "KELURAHAN": "KEBON MANGGIS", "is_in_haml": "KEBON MANGGIS", "HAMLET": "Kebon Manggis", "LUAS": 79.1194, "city": "dki", "source_layer": "Kelurahan", "role": "admin" }, "geometry": { "type": "Polygon", "coordinates": [ [ [ 106.856049333624512, -6.201627653992857 ], [ 106.853857444331254, -6.199493240457649 ], [ 106.85250997140507, -6.200627427805069 ], [ 106.851036734339118, -6.2016008622447 ], [ 106.851476908828346, -6.202476058647042 ], [ 106.851629622426643, -6.202547503187175 ], [ 106.852590819780644, -6.201940224287441 ], [ 106.852842348060193, -6.201931293710166 ], [ 106.855124068881864, -6.20252964205305 ], [ 106.855716956969374, -6.203244086946062 ], [ 106.855761872733581, -6.204476502110627 ], [ 106.855034237353451, -6.205851802587458 ], [ 106.854315585126159, -6.206387632970379 ], [ 106.853704730732957, -6.206610895469097 ], [ 106.853174724715331, -6.206351910961804 ], [ 106.853030994269858, -6.206092926327206 ], [ 106.852527937710761, -6.205905385650271 ], [ 106.851333178382873, -6.205923246669999 ], [ 106.85040791364024, -6.20557495667612 ], [ 106.849653328801566, -6.205726775419704 ], [ 106.849159255395307, -6.207039559201419 ], [ 106.84914128908963, -6.207637901744556 ], [ 106.849725194024302, -6.207861163713408 ], [ 106.85102775118628, -6.208941750305195 ], [ 106.853336421466466, -6.20995982159462 ], [ 106.854046090540919, -6.210558160820056 ], [ 106.854234736750584, -6.210897517093491 ], [ 106.854971355283567, -6.211379759842615 ], [ 106.857154261423972, -6.211915584601314 ], [ 106.858178340847857, -6.213228352954946 ], [ 106.860873286700226, -6.21206740151712 ], [ 106.85781003158138, -6.2049587507384 ], [ 106.857127311965456, -6.203029753579826 ], [ 106.856714086934758, -6.202315308396343 ], [ 106.856049333624512, -6.201627653992857 ] ] ] } },
{ "type": "Feature", "properties": { "FID": 113, "Kode_BPS_K": 3173010004, "Longitude": "106° 48' 57.658\" E", "Latitude": "6° 11' 49.486\" S", "Kecamatan": "TANAH ABANG", "ID": "3173010004", "KELURAHAN": "KEBON MELATI", "is_in_haml": "KEBON MELATI", "HAMLET": "Kebon Melati", "LUAS": 124.069, "city": "dki", "source_layer": "Kelurahan", "role": "admin" }, "geometry": { "type": "Polygon", "coordinates": [ [ [ 106.810926956903174, -6.191116253686042 ], [ 106.809956776396319, -6.190910846157467 ], [ 106.80962439974121, -6.19192002150823 ], [ 106.809606433435519, -6.194367040457101 ], [ 106.809929826937804, -6.197340956975474 ], [ 106.810127456300322, -6.197921449235818 ], [ 106.811331198781033, -6.199305697432931 ], [ 106.811421030309447, -6.20058277480602 ], [ 106.813433256545878, -6.200439885183651 ], [ 106.820413166303481, -6.202190280389692 ], [ 106.822739802889345, -6.202636808848727 ], [ 106.823072179544482, -6.200439885183651 ], [ 106.82310811215585, -6.197894657299399 ], [ 106.822973364863216, -6.197591015258232 ], [ 106.820772492417134, -6.195831674109921 ], [ 106.820700627194398, -6.194331317634313 ], [ 106.815777859437432, -6.193536484202041 ], [ 106.814753780013532, -6.192893472010469 ], [ 106.812786469541308, -6.191000153788402 ], [ 106.811969002632765, -6.191080530643332 ], [ 106.81186120479866, -6.191410968696208 ], [ 106.810926956903174, -6.191116253686042 ] ] ] } },
{ "type": "Feature", "properties": { "FID": 114, "Kode_BPS_K": 3172040003, "Longitude": "106° 52' 39.888\" E", "Latitude": "6° 15' 20.628\" S", "Kecamatan": "MAKASAR", "ID": "3172040003", "KELURAHAN": "KEBON PALA", "is_in_haml": "KEBON PALA", "HAMLET": "Kebon Pala", "LUAS": 231.295, "city": "dki", "source_layer": "Kelurahan", "role": "admin" }, "geometry": { "type": "Polygon", "coordinates": [ [ [ 106.878947390216709, -6.239875948647749 ], [ 106.877977209709854, -6.239867018714989 ], [ 106.877366355316653, -6.241786950757352 ], [ 106.877114827037104, -6.243510418643988 ], [ 106.876405157962651, -6.245930408020115 ], [ 106.875156499717718, -6.246841249832552 ], [ 106.874779207298403, -6.247359178783742 ], [ 106.873701228957458, -6.250198849096192 ], [ 106.872614267463675, -6.252145532418124 ], [ 106.872003413070473, -6.254092208494004 ], [ 106.871329676607374, -6.255395941629864 ], [ 106.872219008738654, -6.255770987546163 ], [ 106.873126307175625, -6.259155318284575 ], [ 106.873243088162553, -6.25992326363271 ], [ 106.872964610424475, -6.264789867781779 ], [ 106.875273280704661, -6.265022034919338 ], [ 106.878740777701367, -6.265879266532537 ], [ 106.879540278304233, -6.265584593324327 ], [ 106.880510458811074, -6.265638170283651 ], [ 106.882396920907723, -6.267031169295217 ], [ 106.883501848707198, -6.266959733538938 ], [ 106.883780326445276, -6.266879368301432 ], [ 106.883304219344694, -6.26579890112862 ], [ 106.883313202497533, -6.265539945854022 ], [ 106.884220500934489, -6.264173731416008 ], [ 106.882127426322498, -6.262575345279536 ], [ 106.882666415492963, -6.258744556355872 ], [ 106.881893864348612, -6.258628471404442 ], [ 106.882325055685001, -6.258253427538929 ], [ 106.882136409475336, -6.257824805648688 ], [ 106.88257658396455, -6.257056857216029 ], [ 106.882190308392381, -6.256771108673921 ], [ 106.882369971449208, -6.256235329736345 ], [ 106.882127426322498, -6.255815635851607 ], [ 106.882163358933866, -6.255583464621652 ], [ 106.881130296357128, -6.253556426810641 ], [ 106.881696234986123, -6.252904558355549 ], [ 106.881462673012237, -6.249895237282846 ], [ 106.881893864348612, -6.249082628327337 ], [ 106.881974712724187, -6.248555771297197 ], [ 106.881534538234973, -6.247832458239261 ], [ 106.879728924513884, -6.246546565890196 ], [ 106.879809772889473, -6.245671442901743 ], [ 106.879459429928659, -6.245341038944049 ], [ 106.879495362540027, -6.244858827388333 ], [ 106.879082137509329, -6.244046210613756 ], [ 106.8793156994832, -6.243635436819299 ], [ 106.879477396234336, -6.241965548729185 ], [ 106.879216884801949, -6.241304735929273 ], [ 106.878911457605341, -6.241063628348786 ], [ 106.878947390216709, -6.239875948647749 ] ] ] } },
{ "type": "Feature", "properties": { "FID": 115, "Kode_BPS_K": 3173020005, "Longitude": "106° 49' 52.549\" E", "Latitude": "6° 11' 6.458\" S", "Kecamatan": "MENTENG", "ID": "3173020005", "KELURAHAN": "KEBON SIRIH", "is_in_haml": "KEBON SIRIH", "HAMLET": "Kebon Sirih", "LUAS": 76.4503, "city": "dki", "source_layer": "Kelurahan", "role": "admin" }, "geometry": { "type": "Polygon", "coordinates": [ [ [ 106.836807420238671, -6.182587308697812 ], [ 106.836996066448322, -6.181810319436602 ], [ 106.836609790876153, -6.181595977370592 ], [ 106.836358262596605, -6.181944283183755 ], [ 106.83565757667499, -6.182158625108631 ], [ 106.833232125407875, -6.18264982502554 ], [ 106.823251842601294, -6.183498260171161 ], [ 106.823287775212663, -6.186972364619874 ], [ 106.832926698211267, -6.18730280524209 ], [ 106.834130440691979, -6.186775886314129 ], [ 106.836214532151146, -6.186606200445845 ], [ 106.836421144666488, -6.187142050370601 ], [ 106.839107107366004, -6.187240289464543 ], [ 106.840041355261505, -6.188079786431629 ], [ 106.841218148283701, -6.187499283351952 ], [ 106.840472546597866, -6.186972364619874 ], [ 106.840400681375144, -6.186749093812231 ], [ 106.840894754781402, -6.185972110666469 ], [ 106.840795940100151, -6.185659530917871 ], [ 106.840364748763776, -6.185418397842668 ], [ 106.839538298702394, -6.185454121268157 ], [ 106.837939297496661, -6.186052488286235 ], [ 106.83662775718183, -6.185096886904646 ], [ 106.836070801705688, -6.184328832205746 ], [ 106.836807420238671, -6.182587308697812 ] ] ] } },
{ "type": "Feature", "properties": { "FID": 116, "Kode_BPS_K": 3174070003, "Longitude": "106° 45' 31.176\" E", "Latitude": "6° 9' 9.080\" S", "Kecamatan": "CENGKARENG", "ID": "3174070003", "KELURAHAN": "KEDAUNG KALI ANGKE", "is_in_haml": "KEDAUNG KALI ANGKE", "HAMLET": "Kedaung Kali Angke", "LUAS": 303.797, "city": "dki", "source_layer": "Kelurahan", "role": "admin" }, "geometry": { "type": "Polygon", "coordinates": [ [ [ 106.753335964038286, -6.144084781007102 ], [ 106.751224923120603, -6.141771503856917 ], [ 106.750712883408653, -6.142530688585746 ], [ 106.750353557295, -6.147041116706652 ], [ 106.750335590989309, -6.15009568195537 ], [ 106.748610825643809, -6.15277511070923 ], [ 106.748179634307434, -6.154159476940024 ], [ 106.747955055486401, -6.155793917589075 ], [ 106.748071836473329, -6.15616010305594 ], [ 106.747883190263664, -6.156347661368039 ], [ 106.747676577748322, -6.158339347929614 ], [ 106.752671210728039, -6.157946370006711 ], [ 106.754629538047411, -6.158214309531144 ], [ 106.759363659594712, -6.159277134979598 ], [ 106.75966908679132, -6.158830569924269 ], [ 106.760774014590794, -6.158482248920383 ], [ 106.761744195097648, -6.158803776009004 ], [ 106.763936084390878, -6.158937745571801 ], [ 106.76542728776252, -6.159750493528161 ], [ 106.766711878618807, -6.159964844430188 ], [ 106.76731374985917, -6.158946676874786 ], [ 106.767735958042707, -6.15782133151571 ], [ 106.772038888253647, -6.150310036752627 ], [ 106.768616307021162, -6.148800619883915 ], [ 106.764555921936918, -6.149282919230811 ], [ 106.760648250451013, -6.148845277249224 ], [ 106.760226042267476, -6.148496949700372 ], [ 106.761034526023181, -6.147443034188959 ], [ 106.75826771494809, -6.14561207431055 ], [ 106.75675854527077, -6.144638536980339 ], [ 106.756345320240072, -6.145379854558668 ], [ 106.754602588588881, -6.14449563226821 ], [ 106.754665470658779, -6.144379522161351 ], [ 106.754476824449114, -6.1442902066773 ], [ 106.754422925532069, -6.144370590613621 ], [ 106.753973767890002, -6.144156233423121 ], [ 106.75379410483319, -6.144379522161351 ], [ 106.753335964038286, -6.144084781007102 ] ] ] } },
{ "type": "Feature", "properties": { "FID": 117, "Kode_BPS_K": 3174020006, "Longitude": "106° 45' 35.775\" E", "Latitude": "6° 10' 55.605\" S", "Kecamatan": "KEBON JERUK", "ID": "3174020006", "KELURAHAN": "KEDOYA SELATAN", "is_in_haml": "KEDOYA SELATAN", "HAMLET": "Kedoya Selatan", "LUAS": 252.112, "city": "dki", "source_layer": "Kelurahan", "role": "admin" }, "geometry": { "type": "Polygon", "coordinates": [ [ [ 106.752787991714968, -6.175094226776601 ], [ 106.7507039002558, -6.173897467278995 ], [ 106.749823551277373, -6.173093672068564 ], [ 106.749563039844972, -6.173191913770822 ], [ 106.749778635513152, -6.173674190954004 ], [ 106.749589989303502, -6.17421898502163 ], [ 106.749715753443269, -6.175112088838171 ], [ 106.74935642732963, -6.175781915712131 ], [ 106.749787618666005, -6.176398155687804 ], [ 106.749778635513152, -6.177076911932359 ], [ 106.749895416500109, -6.177264462846479 ], [ 106.750308641530793, -6.177067980934791 ], [ 106.750641018185917, -6.177550254587846 ], [ 106.751081192675144, -6.177264462846479 ], [ 106.751305771496163, -6.177514530628613 ], [ 106.750551186657503, -6.179381104270256 ], [ 106.750578136116033, -6.179675825822406 ], [ 106.750335590989309, -6.180184889934944 ], [ 106.749940332264316, -6.180461749158958 ], [ 106.750533220351826, -6.181283395035316 ], [ 106.75148543455299, -6.181890697688966 ], [ 106.752051373181985, -6.182953475655102 ], [ 106.754036649959886, -6.184623551001197 ], [ 106.757656860554889, -6.182596239602227 ], [ 106.757872456223083, -6.18312316269569 ], [ 106.75775567523614, -6.183355365926161 ], [ 106.757252618677043, -6.183685808809129 ], [ 106.75665074743668, -6.183828702964839 ], [ 106.756578882213944, -6.184034113246025 ], [ 106.756489050685531, -6.185034370866214 ], [ 106.75692024202192, -6.185588084092241 ], [ 106.756704646353725, -6.186418652843839 ], [ 106.756956174633274, -6.186784817147791 ], [ 106.757108888231571, -6.18748142170862 ], [ 106.757315500746927, -6.18758859155956 ], [ 106.757701776319095, -6.187374251835946 ], [ 106.758034152974219, -6.187526075815819 ], [ 106.75813296765547, -6.187677899752077 ], [ 106.757881439375922, -6.188553119240015 ], [ 106.758043136127057, -6.188919282065066 ], [ 106.75842941169924, -6.188847835680104 ], [ 106.75875280520151, -6.189481922009031 ], [ 106.758519243227653, -6.189892738097582 ], [ 106.758303647559458, -6.18996418434124 ], [ 106.758106018196955, -6.189758776364677 ], [ 106.757881439375922, -6.189767707147927 ], [ 106.757602961637843, -6.190142799908114 ], [ 106.75727058498272, -6.190124938354144 ], [ 106.757144820842939, -6.190625061637003 ], [ 106.762112504364126, -6.190214246117953 ], [ 106.768840885842181, -6.189999907459447 ], [ 106.768481559728528, -6.185266573257411 ], [ 106.766792726994382, -6.180479611039403 ], [ 106.7673406993177, -6.180533196677121 ], [ 106.76731374985917, -6.179720480588716 ], [ 106.768041385239314, -6.179515068632491 ], [ 106.767870705335326, -6.178595179328751 ], [ 106.768535458645573, -6.178532662521929 ], [ 106.76844562711716, -6.177353772782231 ], [ 106.766289670435285, -6.177818184205242 ], [ 106.766083057919928, -6.176514258791331 ], [ 106.763199465857909, -6.176925084953214 ], [ 106.76101655971749, -6.17688042995106 ], [ 106.759139080773693, -6.176031984194527 ], [ 106.758689923131627, -6.175254985309046 ], [ 106.756524983296899, -6.17500491645971 ], [ 106.756264471864512, -6.175049571620039 ], [ 106.756183623488937, -6.17521033016604 ], [ 106.755815314222446, -6.17521033016604 ], [ 106.755779381611077, -6.175371088663239 ], [ 106.753991734195679, -6.175183537078428 ], [ 106.75361444177635, -6.174951330262346 ], [ 106.753309014579756, -6.17538001968943 ], [ 106.752787991714968, -6.175094226776601 ] ] ] } },
{ "type": "Feature", "properties": { "FID": 118, "Kode_BPS_K": 3174020003, "Longitude": "106° 46' 7.402\" E", "Latitude": "6° 12' 34.186\" S", "Kecamatan": "KEBON JERUK", "ID": "3174020003", "KELURAHAN": "KELAPA DUA", "is_in_haml": "KELAPA DUA", "HAMLET": "Kelapa Dua", "LUAS": 139.838, "city": "dki", "source_layer": "Kelurahan", "role": "admin" }, "geometry": { "type": "Polygon", "coordinates": [ [ [ 106.77350314216676, -6.205816080542555 ], [ 106.774051114490064, -6.204994472841421 ], [ 106.773826535669045, -6.203878155977583 ], [ 106.774176878629845, -6.203485211878911 ], [ 106.774176878629845, -6.203172642500333 ], [ 106.773691788376425, -6.203029753579826 ], [ 106.77328754649858, -6.202145627522987 ], [ 106.764304393657383, -6.202627878283253 ], [ 106.764493039867034, -6.203485211878911 ], [ 106.764421174644312, -6.204163933319895 ], [ 106.763648623499975, -6.204914098106219 ], [ 106.764088797989189, -6.205378485295963 ], [ 106.764546938784079, -6.206807366389707 ], [ 106.765247624705708, -6.207298543370674 ], [ 106.764924231203423, -6.20791474657185 ], [ 106.764915248050571, -6.208673836480866 ], [ 106.765193725788663, -6.208781002026952 ], [ 106.765759664417658, -6.209575812479794 ], [ 106.766190855754019, -6.211808419693207 ], [ 106.765750681264819, -6.212585364782684 ], [ 106.764951180661939, -6.213451612553247 ], [ 106.764358292574428, -6.213692732813029 ], [ 106.764502023019872, -6.214335719632315 ], [ 106.764313376810222, -6.214558978760801 ], [ 106.762858106049933, -6.214764377075341 ], [ 106.762795223980049, -6.216112859670756 ], [ 106.763388112067574, -6.21585387983782 ], [ 106.763684556111329, -6.216764773858189 ], [ 106.764376258880105, -6.216907659051593 ], [ 106.774850615092944, -6.216273605709829 ], [ 106.774239760699743, -6.215746715731725 ], [ 106.772721607869585, -6.213951713709736 ], [ 106.771634646375787, -6.211754837230972 ], [ 106.770700398480301, -6.20942399484553 ], [ 106.771553798000227, -6.209290038073067 ], [ 106.771742444209877, -6.209066776709906 ], [ 106.772191601851944, -6.207896885619641 ], [ 106.772398214367286, -6.206584103974246 ], [ 106.773170765511637, -6.205869663609002 ], [ 106.77350314216676, -6.205816080542555 ] ] ] } },
{ "type": "Feature", "properties": { "FID": 119, "Kode_BPS_K": 3172020002, "Longitude": "106° 52' 58.769\" E", "Latitude": "6° 20' 27.808\" S", "Kecamatan": "CIRACAS", "ID": "3172020002", "KELURAHAN": "KELAPA DUA WETAN", "is_in_haml": "KELAPA DUA WETAN", "HAMLET": "Kelapa Dua Wetan", "LUAS": 337.839, "city": "dki", "source_layer": "Kelurahan", "role": "admin" }, "geometry": { "type": "Polygon", "coordinates": [ [ [ 106.882657432340125, -6.328399787945544 ], [ 106.881480639317928, -6.328024794443601 ], [ 106.880222997920157, -6.327917653393054 ], [ 106.880663172409371, -6.32874799595363 ], [ 106.8806901218679, -6.329131917331523 ], [ 106.880941650147463, -6.329292628521272 ], [ 106.880851818619035, -6.32973904823044 ], [ 106.880519441963926, -6.330221181082974 ], [ 106.880851818619035, -6.330908666038698 ], [ 106.879684008749678, -6.331292585810534 ], [ 106.879423497317291, -6.331230087262476 ], [ 106.87923485110764, -6.330846167444177 ], [ 106.878372468434875, -6.331158660341148 ], [ 106.878237721142256, -6.331819358986453 ], [ 106.877653816207584, -6.332149707992087 ], [ 106.877528052067802, -6.332462200100183 ], [ 106.877689748818938, -6.332721121989322 ], [ 106.877294490093931, -6.333337176996602 ], [ 106.876800416687658, -6.333703238319385 ], [ 106.876611770477993, -6.334221080722881 ], [ 106.875982949779115, -6.334149654215355 ], [ 106.875408027997281, -6.335060341445895 ], [ 106.874869038826816, -6.335042484848977 ], [ 106.874940904049538, -6.33588174423622 ], [ 106.87441988118475, -6.335801389673122 ], [ 106.874401914879058, -6.33630137341798 ], [ 106.874114453988156, -6.336703145719021 ], [ 106.874132420293833, -6.337024563334593 ], [ 106.874455813796104, -6.337006706805647 ], [ 106.8746085273944, -6.337167415543906 ], [ 106.873539532206323, -6.337935245491257 ], [ 106.873440717525057, -6.338131666922118 ], [ 106.873575464817677, -6.338417370688037 ], [ 106.873458683830734, -6.338658433117439 ], [ 106.87315325663414, -6.338792356640647 ], [ 106.8728837620489, -6.339613753488933 ], [ 106.873898858319961, -6.340578000293643 ], [ 106.879216884801949, -6.339863743574394 ], [ 106.876539905255271, -6.349684686699786 ], [ 106.877968226557016, -6.350836403218013 ], [ 106.878498232574643, -6.35122923616982 ], [ 106.880169099003112, -6.351630996833175 ], [ 106.883888124279366, -6.351711348928216 ], [ 106.888613262673829, -6.352238101240608 ], [ 106.889601409486374, -6.35212203721808 ], [ 106.891532787347217, -6.351318516344331 ], [ 106.889852937765923, -6.344827807312456 ], [ 106.887400537040278, -6.331739003790964 ], [ 106.887140025607877, -6.32933727050955 ], [ 106.886520188061837, -6.32940869768277 ], [ 106.885487125485099, -6.328917635667418 ], [ 106.883959989502102, -6.32881942320833 ], [ 106.882657432340125, -6.328399787945544 ] ] ] } },
{ "type": "Feature", "properties": { "FID": 120, "Kode_BPS_K": 3175050001, "Longitude": "106° 53' 42.654\" E", "Latitude": "6° 9' 22.304\" S", "Kecamatan": "KELAPA GADING", "ID": "3175050001", "KELURAHAN": "KELAPA GADING BARAT", "is_in_haml": "KELAPA GADING BARAT", "HAMLET": "Kelapa Gading Barat", "LUAS": 674.848, "city": "dki", "source_layer": "Kelurahan", "role": "admin" }, "geometry": { "type": "Polygon", "coordinates": [ [ [ 106.897758112266175, -6.141199881699678 ], [ 106.892440085784187, -6.137930905701299 ], [ 106.890391926936388, -6.147210815236221 ], [ 106.888972588787482, -6.150881649122828 ], [ 106.88192979695998, -6.162599567196658 ], [ 106.87883060922978, -6.166431055941412 ], [ 106.880627239798017, -6.166582885927625 ], [ 106.882181325239543, -6.16741348449455 ], [ 106.887643082166989, -6.171119903099842 ], [ 106.890877017189823, -6.17305794780868 ], [ 106.893212636928524, -6.175147812959504 ], [ 106.906786180871578, -6.152828699146547 ], [ 106.909121800610279, -6.15440955561649 ], [ 106.909831469684732, -6.142298467489495 ], [ 106.909400278348372, -6.142387783307733 ], [ 106.908376198924472, -6.14303978832692 ], [ 106.907810260295477, -6.14303085675671 ], [ 106.907513816251708, -6.143325598494544 ], [ 106.906660416731796, -6.143531024457737 ], [ 106.906022612880079, -6.14394187614629 ], [ 106.905348876416994, -6.144066917901599 ], [ 106.90359716161295, -6.142843293747666 ], [ 106.902653930564625, -6.143924013035991 ], [ 106.897758112266175, -6.141199881699678 ] ] ] } },
{ "type": "Feature", "properties": { "FID": 121, "Kode_BPS_K": 3175050002, "Longitude": "106° 54' 12.972\" E", "Latitude": "6° 10' 6.157\" S", "Kecamatan": "KELAPA GADING", "ID": "3175050002", "KELURAHAN": "KELAPA GADING TIMUR", "is_in_haml": "KELAPA GADING TIMUR", "HAMLET": "Kelapa Gading Timur", "LUAS": 315.108, "city": "dki", "source_layer": "Kelurahan", "role": "admin" }, "geometry": { "type": "Polygon", "coordinates": [ [ [ 106.909768587614849, -6.154659634175257 ], [ 106.909121800610279, -6.15440955561649 ], [ 106.906786180871578, -6.152828699146547 ], [ 106.893212636928524, -6.175147812959504 ], [ 106.896275892047385, -6.177961079945735 ], [ 106.896707083383745, -6.178148630546588 ], [ 106.901297474485602, -6.178577317384699 ], [ 106.906579568356236, -6.180577851371075 ], [ 106.907145506985231, -6.179390035228794 ], [ 106.907046692303979, -6.178639834186245 ], [ 106.907307203736366, -6.178291526197872 ], [ 106.907370085806249, -6.177103704924158 ], [ 106.907145506985231, -6.176067708253799 ], [ 106.907576698321606, -6.173031154612185 ], [ 106.908340266313104, -6.173459845593465 ], [ 106.911394538279097, -6.168163701436653 ], [ 106.908915188094937, -6.166815096410688 ], [ 106.910325543091005, -6.164430468534105 ], [ 106.907504833098869, -6.162769260756994 ], [ 106.911448437196157, -6.156517356926683 ], [ 106.911538268724556, -6.154829330273103 ], [ 106.909768587614849, -6.154659634175257 ] ] ] } },
{ "type": "Feature", "properties": { "FID": 122, "Kode_BPS_K": 3174030003, "Longitude": "106° 47' 28.118\" E", "Latitude": "6° 11' 22.362\" S", "Kecamatan": "PALMERAH", "ID": "3174030003", "KELURAHAN": "KEMANGGISAN", "is_in_haml": "KEMANGGISAN", "HAMLET": "Kemanggisan", "LUAS": 200.747, "city": "dki", "source_layer": "Kelurahan", "role": "admin" }, "geometry": { "type": "Polygon", "coordinates": [ [ [ 106.796796457483978, -6.182167556020282 ], [ 106.796338316689074, -6.180309923150825 ], [ 106.795502883474853, -6.179720480588716 ], [ 106.794595585037882, -6.18052426573788 ], [ 106.793059465902047, -6.182667686832104 ], [ 106.792268948452019, -6.1835250528378 ], [ 106.791622161447449, -6.183980527962975 ], [ 106.788972131359301, -6.184962923956099 ], [ 106.783222913540925, -6.185355881842254 ], [ 106.783402576597766, -6.1876868305705 ], [ 106.782342564562498, -6.191250215074686 ], [ 106.782162901505686, -6.19327749327462 ], [ 106.784785982135304, -6.193063155859302 ], [ 106.787130585026844, -6.194358109751631 ], [ 106.787525843751865, -6.194402763277472 ], [ 106.78782228779562, -6.194956466684092 ], [ 106.78846907480019, -6.195036842936776 ], [ 106.788460091647352, -6.195215456787816 ], [ 106.788594838939972, -6.195251179550771 ], [ 106.789556036293988, -6.195224387478781 ], [ 106.789654850975239, -6.194304525515635 ], [ 106.792304881063373, -6.194268802688617 ], [ 106.793257095264551, -6.195018981548349 ], [ 106.794065579020256, -6.195411931954148 ], [ 106.794191343160037, -6.195903119549998 ], [ 106.793966764339004, -6.196635434753133 ], [ 106.793257095264551, -6.197367748940009 ], [ 106.793760151823662, -6.19844835704223 ], [ 106.795107624749832, -6.19826081364603 ], [ 106.795565765544737, -6.198359050671403 ], [ 106.797955284200484, -6.197823212128963 ], [ 106.79729951404309, -6.195295833001063 ], [ 106.797182733056147, -6.193831197861464 ], [ 106.796796457483978, -6.182167556020282 ] ] ] } },
{ "type": "Feature", "properties": { "FID": 123, "Kode_BPS_K": 3173060007, "Longitude": "106° 50' 47.465\" E", "Latitude": "6° 9' 51.907\" S", "Kecamatan": "KEMAYORAN", "ID": "3173060007", "KELURAHAN": "KEMAYORAN", "is_in_haml": "KEMAYORAN", "HAMLET": "Kemayoran", "LUAS": 75.6622, "city": "dki", "source_layer": "Kelurahan", "role": "admin" }, "geometry": { "type": "Polygon", "coordinates": [ [ [ 106.85326455624373, -6.161349191921189 ], [ 106.853713713885796, -6.159920187999403 ], [ 106.854144905222171, -6.159536142539589 ], [ 106.851764369719248, -6.160000569572111 ], [ 106.845413280660523, -6.161634992243878 ], [ 106.840553394973441, -6.163099716481912 ], [ 106.842718334808168, -6.168654914335541 ], [ 106.845107853463915, -6.168556671792174 ], [ 106.845530061647466, -6.168288737490462 ], [ 106.848898743962906, -6.168163701436653 ], [ 106.850156385360677, -6.166957995118956 ], [ 106.850264183194781, -6.166663266490962 ], [ 106.84997672230385, -6.166207776470956 ], [ 106.849473665744753, -6.164260775505084 ], [ 106.848889760810067, -6.16317116634132 ], [ 106.850479778862962, -6.161652854758936 ], [ 106.850919953352189, -6.162010104933843 ], [ 106.851494875134023, -6.161518885881347 ], [ 106.851629622426643, -6.162054761188797 ], [ 106.85250997140507, -6.163028266612882 ], [ 106.852465055640863, -6.162769260756994 ], [ 106.852770482837471, -6.162501323531659 ], [ 106.85326455624373, -6.161349191921189 ] ] ] } },
{ "type": "Feature", "properties": { "FID": 124, "Kode_BPS_K": 3174010005, "Longitude": "106° 44' 19.921\" E", "Latitude": "6° 11' 10.305\" S", "Kecamatan": "KEMBANGAN", "ID": "3174010005", "KELURAHAN": "KEMBANGAN SELATAN", "is_in_haml": "KEMBANGAN SELATAN", "HAMLET": "Kembangan Selatan", "LUAS": 444.645, "city": "dki", "source_layer": "Kelurahan", "role": "admin" }, "geometry": { "type": "Polygon", "coordinates": [ [ [ 106.749679820831901, -6.176237397502428 ], [ 106.74935642732963, -6.175781915712131 ], [ 106.749509140927927, -6.175540778135114 ], [ 106.748188617460272, -6.175460398918371 ], [ 106.747955055486401, -6.176273121547841 ], [ 106.745835031415879, -6.176228466490698 ], [ 106.745071463424381, -6.176710740908527 ], [ 106.744218063904469, -6.177577047555688 ], [ 106.743741956803888, -6.179175692182297 ], [ 106.742852624672594, -6.17991696151571 ], [ 106.741666848497559, -6.182203279665383 ], [ 106.740993112034474, -6.182587308697812 ], [ 106.740049880986149, -6.182712341345877 ], [ 106.738046637902571, -6.184686067088204 ], [ 106.733492179412082, -6.18456996577788 ], [ 106.732944207088764, -6.184677136219085 ], [ 106.732018942346116, -6.185248711538632 ], [ 106.73112961021485, -6.185552360675803 ], [ 106.730285193847763, -6.185623807506262 ], [ 106.728973653532961, -6.180720746366398 ], [ 106.728659243183515, -6.179166761220142 ], [ 106.728407714903966, -6.176174880417155 ], [ 106.727680079523822, -6.176710740908527 ], [ 106.727787877357926, -6.177335910796287 ], [ 106.727545332231202, -6.17774673632053 ], [ 106.727356686021537, -6.177684219413496 ], [ 106.727293803951653, -6.177452013694155 ], [ 106.72682668000391, -6.177326979803087 ], [ 106.726647016947084, -6.177550254587846 ], [ 106.726638033794245, -6.17802359682007 ], [ 106.726997359907884, -6.178264733266194 ], [ 106.727105157741974, -6.178523731548924 ], [ 106.726889562073794, -6.178979210980076 ], [ 106.726593118030038, -6.178943487117291 ], [ 106.726090061470941, -6.178541593494786 ], [ 106.725856499497056, -6.178595179328751 ], [ 106.725245645103854, -6.179720480588716 ], [ 106.725398358702151, -6.179925892465203 ], [ 106.725856499497056, -6.17995268531278 ], [ 106.725874465802733, -6.180309923150825 ], [ 106.725299544020899, -6.180988674378606 ], [ 106.724724622239066, -6.180827917587564 ], [ 106.724571908640769, -6.180988674378606 ], [ 106.724500043418047, -6.181408427991591 ], [ 106.725003099977144, -6.182167556020282 ], [ 106.724176649915748, -6.182524792362696 ], [ 106.724095801540187, -6.18269447954082 ], [ 106.724410211889634, -6.183230333430115 ], [ 106.724338346666897, -6.183873357380581 ], [ 106.723898172177684, -6.184007320605179 ], [ 106.723619694439606, -6.183730463236937 ], [ 106.723368166160057, -6.183694739694992 ], [ 106.722990873740713, -6.184159145552029 ], [ 106.722945957976506, -6.18445386444206 ], [ 106.723125621033333, -6.184686067088204 ], [ 106.724374279278265, -6.18494506222706 ], [ 106.724428178195311, -6.185320158410127 ], [ 106.724176649915748, -6.185847078789209 ], [ 106.723449014535618, -6.185570222384324 ], [ 106.722712396002649, -6.185677392622769 ], [ 106.722380019347511, -6.186534753748166 ], [ 106.721311024159419, -6.187025949599673 ], [ 106.721185260019638, -6.186865194643976 ], [ 106.72004439960881, -6.187204566159768 ], [ 106.719011337032072, -6.187811862012554 ], [ 106.718068105983747, -6.1877672079295 ], [ 106.717529116813282, -6.188329849100208 ], [ 106.717223689616674, -6.189312237009666 ], [ 106.716891312961536, -6.189758776364677 ], [ 106.715930115607549, -6.190267830768991 ], [ 106.715175530768875, -6.189910599659401 ], [ 106.714959935100694, -6.18996418434124 ], [ 106.714843154113751, -6.191875367772422 ], [ 106.71664876783484, -6.192402281614364 ], [ 106.717708779870094, -6.192554104149219 ], [ 106.721948828011136, -6.191169838245577 ], [ 106.724302414055543, -6.190678646246368 ], [ 106.726090061470941, -6.190732230850296 ], [ 106.731740464608052, -6.191625306782126 ], [ 106.739951066304897, -6.191616376030282 ], [ 106.744586373170947, -6.191446691716568 ], [ 106.757144820842939, -6.190625061637003 ], [ 106.757144820842939, -6.190232107668903 ], [ 106.757602961637843, -6.190142799908114 ], [ 106.757881439375922, -6.189767707147927 ], [ 106.758106018196955, -6.189758776364677 ], [ 106.758303647559458, -6.18996418434124 ], [ 106.758519243227653, -6.189892738097582 ], [ 106.75875280520151, -6.189481922009031 ], [ 106.75842941169924, -6.188847835680104 ], [ 106.758043136127057, -6.188919282065066 ], [ 106.757881439375922, -6.188553119240015 ], [ 106.75813296765547, -6.187677899752077 ], [ 106.757701776319095, -6.187374251835946 ], [ 106.757315500746927, -6.18758859155956 ], [ 106.757108888231571, -6.18748142170862 ], [ 106.756956174633274, -6.186784817147791 ], [ 106.756704646353725, -6.186418652843839 ], [ 106.75692024202192, -6.185588084092241 ], [ 106.756489050685531, -6.185034370866214 ], [ 106.75665074743668, -6.183828702964839 ], [ 106.757252618677043, -6.183685808809129 ], [ 106.757872456223083, -6.18312316269569 ], [ 106.757656860554889, -6.182596239602227 ], [ 106.754036649959886, -6.184623551001197 ], [ 106.752051373181985, -6.182953475655102 ], [ 106.75148543455299, -6.181890697688966 ], [ 106.750533220351826, -6.181283395035316 ], [ 106.749940332264316, -6.180461749158958 ], [ 106.750335590989309, -6.180184889934944 ], [ 106.750578136116033, -6.179675825822406 ], [ 106.750551186657503, -6.179381104270256 ], [ 106.751305771496163, -6.177514530628613 ], [ 106.751081192675144, -6.177264462846479 ], [ 106.750641018185917, -6.177550254587846 ], [ 106.750308641530793, -6.177067980934791 ], [ 106.749895416500109, -6.177264462846479 ], [ 106.749679820831901, -6.176237397502428 ] ] ] } },
{ "type": "Feature", "properties": { "FID": 125, "Kode_BPS_K": 3174010006, "Longitude": "106° 44' 33.722\" E", "Latitude": "6° 10' 20.323\" S", "Kecamatan": "KEMBANGAN", "ID": "3174010006", "KELURAHAN": "KEMBANGAN UTARA", "is_in_haml": "KEMBANGAN UTARA", "HAMLET": "Kembangan Utara", "LUAS": 424.006, "city": "dki", "source_layer": "Kelurahan", "role": "admin" }, "geometry": { "type": "Polygon", "coordinates": [ [ [ 106.755968027820742, -6.165582593453584 ], [ 106.756659730589519, -6.164725198402867 ], [ 106.757072955620217, -6.162019036185134 ], [ 106.758222799183883, -6.160384614695949 ], [ 106.759363659594712, -6.159277134979598 ], [ 106.754629538047411, -6.158214309531144 ], [ 106.752671210728039, -6.157946370006711 ], [ 106.747676577748322, -6.158339347929614 ], [ 106.747523864150011, -6.160063088564693 ], [ 106.748790488700635, -6.165270001668545 ], [ 106.748826421312003, -6.165886253868353 ], [ 106.747694544054013, -6.165493281533799 ], [ 106.747487931538657, -6.165270001668545 ], [ 106.74722742010627, -6.165403969598978 ], [ 106.746769279311366, -6.165010996907098 ], [ 106.746481818420449, -6.165296795257339 ], [ 106.746796228769881, -6.165698698926818 ], [ 106.746760296158527, -6.165921978611602 ], [ 106.746427919503404, -6.166082739926439 ], [ 106.745870964027247, -6.165734423682699 ], [ 106.745700284123259, -6.165770148436175 ], [ 106.745772149345981, -6.16627029473216 ], [ 106.745502654760756, -6.166484643000333 ], [ 106.744909766673231, -6.166377468877076 ], [ 106.74456840686527, -6.166716853526418 ], [ 106.744352811197089, -6.166707922354218 ], [ 106.744182131293101, -6.166493574176293 ], [ 106.744128232376042, -6.165939840982323 ], [ 106.744011451389113, -6.165913047426015 ], [ 106.74381382202661, -6.166538230053838 ], [ 106.743598226358429, -6.166627541797649 ], [ 106.742672961615781, -6.166448918294987 ], [ 106.74168481480325, -6.167395622173466 ], [ 106.741837528401547, -6.167770730789848 ], [ 106.741639899039043, -6.168083321100775 ], [ 106.741244640314022, -6.16802973420342 ], [ 106.741181758244139, -6.167690350394394 ], [ 106.740472089169685, -6.167592107672288 ], [ 106.740346325029918, -6.167824317713382 ], [ 106.740534971239569, -6.16818156373186 ], [ 106.740499038628215, -6.168458429230603 ], [ 106.740382257641272, -6.168610258636269 ], [ 106.740031914680458, -6.168485222658291 ], [ 106.740049880986149, -6.16804759650314 ], [ 106.73942106028727, -6.168244081760344 ], [ 106.739439026592947, -6.168663845474945 ], [ 106.739052751020779, -6.168824605958472 ], [ 106.739052751020779, -6.169476578530752 ], [ 106.738882071116791, -6.169807030076218 ], [ 106.738567660767359, -6.169744512232067 ], [ 106.738612576531565, -6.169021090927687 ], [ 106.73813646943097, -6.168645983195988 ], [ 106.737884941151421, -6.168833537095016 ], [ 106.737768160164478, -6.169530165281849 ], [ 106.73837901455768, -6.170057101379083 ], [ 106.738253250417912, -6.170619761379109 ], [ 106.737965789526996, -6.17066441690908 ], [ 106.737840025387214, -6.169994583564428 ], [ 106.737579513954827, -6.169896341269357 ], [ 106.736447636696838, -6.170387552562603 ], [ 106.735666102399648, -6.169940996860284 ], [ 106.735423557272938, -6.170342897009304 ], [ 106.735755933928061, -6.170959143312514 ], [ 106.73552237195419, -6.171164558587667 ], [ 106.735306776285995, -6.17123600736036 ], [ 106.73498338278371, -6.170950212211787 ], [ 106.73447134307176, -6.171280662838401 ], [ 106.734327612626302, -6.171745079586934 ], [ 106.73363590985754, -6.171459284712931 ], [ 106.732584880975111, -6.17270963614856 ], [ 106.73223453801431, -6.172673911862778 ], [ 106.731929110817703, -6.172959706081578 ], [ 106.731695548843845, -6.173834949917484 ], [ 106.732000976040439, -6.17415646769807 ], [ 106.731983009734762, -6.174352950690126 ], [ 106.730806216712566, -6.175067433683116 ], [ 106.731048761839261, -6.175996260132843 ], [ 106.730833166171081, -6.176130225351726 ], [ 106.730051631873906, -6.175540778135114 ], [ 106.729503659550588, -6.175951605052351 ], [ 106.729018569297168, -6.175764053673154 ], [ 106.728407714903966, -6.176174880417155 ], [ 106.728659243183515, -6.179166761220142 ], [ 106.728973653532961, -6.180720746366398 ], [ 106.730285193847763, -6.185623807506262 ], [ 106.73112961021485, -6.185552360675803 ], [ 106.732018942346116, -6.185248711538632 ], [ 106.732944207088764, -6.184677136219085 ], [ 106.733492179412082, -6.18456996577788 ], [ 106.738046637902571, -6.184686067088204 ], [ 106.740049880986149, -6.182712341345877 ], [ 106.741361421300965, -6.18244441420669 ], [ 106.741666848497559, -6.182203279665383 ], [ 106.742852624672594, -6.17991696151571 ], [ 106.743741956803888, -6.179175692182297 ], [ 106.744218063904469, -6.177577047555688 ], [ 106.745071463424381, -6.176710740908527 ], [ 106.745835031415879, -6.176228466490698 ], [ 106.747955055486401, -6.176273121547841 ], [ 106.748188617460272, -6.175460398918371 ], [ 106.749509140927927, -6.175540778135114 ], [ 106.749715753443269, -6.175112088838171 ], [ 106.749589989303502, -6.17421898502163 ], [ 106.749778635513152, -6.173674190954004 ], [ 106.749563039844972, -6.173191913770822 ], [ 106.750209826849542, -6.171950494557406 ], [ 106.751144074745028, -6.171173489684781 ], [ 106.752159171016089, -6.170030308030849 ], [ 106.754485807601952, -6.166707922354218 ], [ 106.755698533235517, -6.166002359275112 ], [ 106.755968027820742, -6.165582593453584 ] ] ] } },
{ "type": "Feature", "properties": { "FID": 126, "Kode_BPS_K": 3173030001, "Longitude": "106° 50' 48.212\" E", "Latitude": "6° 11' 37.001\" S", "Kecamatan": "SENEN", "ID": "3173030001", "KELURAHAN": "KENARI", "is_in_haml": "KENARI", "HAMLET": "Kenari", "LUAS": 90.9501, "city": "dki", "source_layer": "Kelurahan", "role": "admin" }, "geometry": { "type": "Polygon", "coordinates": [ [ [ 106.849931806539644, -6.195269040931341 ], [ 106.847964496067419, -6.191500276242578 ], [ 106.846113966582138, -6.188526326828219 ], [ 106.844173605568443, -6.184864684438923 ], [ 106.840876788475725, -6.187017018770083 ], [ 106.840742041183105, -6.187186704506475 ], [ 106.841586457550179, -6.1877672079295 ], [ 106.841694255384269, -6.188160163730863 ], [ 106.841047468379699, -6.188740666084546 ], [ 106.840939670545609, -6.189124690368019 ], [ 106.841882901593948, -6.190098146022057 ], [ 106.843131559838866, -6.190991223025988 ], [ 106.844973106171309, -6.191821783284468 ], [ 106.845278533367917, -6.192384420136805 ], [ 106.843742414232068, -6.193715098560724 ], [ 106.843616650092287, -6.19389371285898 ], [ 106.84359868378661, -6.194554585237079 ], [ 106.843832245760481, -6.195501238823757 ], [ 106.844335302319578, -6.195715575249167 ], [ 106.845637859481556, -6.195912050229327 ], [ 106.845853455149751, -6.196135317163453 ], [ 106.845044971394032, -6.197707113706371 ], [ 106.845027005088355, -6.198582316570125 ], [ 106.845206668145181, -6.198903819298283 ], [ 106.84570074155144, -6.199296766811042 ], [ 106.846329562250332, -6.199278905566812 ], [ 106.847757883552077, -6.198394773221548 ], [ 106.848162125429937, -6.198359050671403 ], [ 106.84897959233848, -6.198903819298283 ], [ 106.850560627238536, -6.200609566605904 ], [ 106.851036734339118, -6.2016008622447 ], [ 106.85250997140507, -6.200627427805069 ], [ 106.853857444331254, -6.199493240457649 ], [ 106.849931806539644, -6.195269040931341 ] ] ] } },
{ "type": "Feature", "properties": { "FID": 127, "Kode_BPS_K": 3172070007, "Longitude": "106° 54' 28.767\" E", "Latitude": "6° 13' 7.197\" S", "Kecamatan": "DUREN SAWIT", "ID": "3172070007", "KELURAHAN": "KLENDER", "is_in_haml": "KLENDER", "HAMLET": "Klender", "LUAS": 299.56, "city": "dki", "source_layer": "Kelurahan", "role": "admin" }, "geometry": { "type": "Polygon", "coordinates": [ [ [ 106.900812384232182, -6.213317656805632 ], [ 106.895763852335435, -6.213228352954946 ], [ 106.89581775125248, -6.21532698943933 ], [ 106.896159111060442, -6.215871740520046 ], [ 106.896150127907589, -6.216246814706729 ], [ 106.895835717558157, -6.21703268356398 ], [ 106.895287745234839, -6.216979101633739 ], [ 106.89503621695529, -6.21797929676479 ], [ 106.895161981095072, -6.218399020940658 ], [ 106.895916565933732, -6.218747302449277 ], [ 106.895979448003615, -6.219184886581821 ], [ 106.896239959436016, -6.219470655614662 ], [ 106.895988431156454, -6.221453174002944 ], [ 106.895206896859278, -6.221676430109764 ], [ 106.894883503356994, -6.222051500155721 ], [ 106.894254682658101, -6.222301546704312 ], [ 106.893580946195016, -6.22306061585514 ], [ 106.899141517803727, -6.224194752425519 ], [ 106.899078635733829, -6.224489448928897 ], [ 106.902366469673709, -6.224328705402093 ], [ 106.903678009988525, -6.22373931204969 ], [ 106.904504460049907, -6.22281056966774 ], [ 106.905789050906193, -6.222962383438567 ], [ 106.908906204942099, -6.222917732334053 ], [ 106.909256547902899, -6.222971313659014 ], [ 106.910711818663174, -6.224328705402093 ], [ 106.912553364995617, -6.225069911255067 ], [ 106.915688485337199, -6.220953079979539 ], [ 106.916461036481536, -6.221354941285901 ], [ 106.916685615302583, -6.220953079979539 ], [ 106.918769706761722, -6.22064945123319 ], [ 106.924258413147697, -6.220310101250313 ], [ 106.924887233846576, -6.219015211145082 ], [ 106.924626722414189, -6.216041416970957 ], [ 106.914754237441713, -6.214585769849853 ], [ 106.904190049700475, -6.21360342902599 ], [ 106.900713569550916, -6.213639150542624 ], [ 106.900812384232182, -6.213317656805632 ] ] ] } },
{ "type": "Feature", "properties": { "FID": 128, "Kode_BPS_K": 3175040006, "Longitude": "106° 53' 49.706\" E", "Latitude": "6° 6' 40.948\" S", "Kecamatan": "KOJA", "ID": "3175040006", "KELURAHAN": "KOJA", "is_in_haml": "KOJA", "HAMLET": "Koja", "LUAS": 60.0765, "city": "dki", "source_layer": "Kelurahan", "role": "admin" }, "geometry": { "type": "Polygon", "coordinates": [ [ [ 106.894542143549032, -6.107633869201688 ], [ 106.893302468456938, -6.107544547569605 ], [ 106.893194670622847, -6.107714258657822 ], [ 106.893257552692731, -6.109759719647441 ], [ 106.893077889635904, -6.111296043285588 ], [ 106.893050940177389, -6.114091783705425 ], [ 106.896320807811591, -6.114029259319016 ], [ 106.896859796982056, -6.11428828887227 ], [ 106.90311207135953, -6.11443120167554 ], [ 106.903058172442485, -6.112037407184464 ], [ 106.899348130319069, -6.111948086287214 ], [ 106.899473894458836, -6.108053680672885 ], [ 106.896796914912173, -6.107669597850348 ], [ 106.894542143549032, -6.107633869201688 ] ] ] } },
{ "type": "Feature", "properties": { "FID": 129, "Kode_BPS_K": 3174030005, "Longitude": "106° 48' 12.031\" E", "Latitude": "6° 11' 14.502\" S", "Kecamatan": "PALMERAH", "ID": "3174030005", "KELURAHAN": "KOTA BAMBU SELATAN", "is_in_haml": "KOTA BAMBU SELATAN", "HAMLET": "Kota Bambu Selatan", "LUAS": 58.7529, "city": "dki", "source_layer": "Kelurahan", "role": "admin" }, "geometry": { "type": "Polygon", "coordinates": [ [ [ 106.803560771573402, -6.185391605271968 ], [ 106.802518725843811, -6.184427071822482 ], [ 106.801800073616519, -6.184105560281647 ], [ 106.801314983363099, -6.184177007307616 ], [ 106.801270067598892, -6.18574883943633 ], [ 106.796949171082289, -6.185856009638565 ], [ 106.797021036305011, -6.189562299094971 ], [ 106.798853599484616, -6.189535506734349 ], [ 106.800111240882373, -6.189312237009666 ], [ 106.801341932821614, -6.189437268067114 ], [ 106.801746174699474, -6.189285444636365 ], [ 106.805626896726878, -6.189097897985206 ], [ 106.808744050762769, -6.188767458485473 ], [ 106.810450849802592, -6.188856766478753 ], [ 106.810693394929316, -6.188579911650452 ], [ 106.810361018274179, -6.185025440002978 ], [ 106.807944550159903, -6.186766955480314 ], [ 106.805878425006426, -6.18553449896668 ], [ 106.803893148228525, -6.185686323474992 ], [ 106.803560771573402, -6.185391605271968 ] ] ] } },
{ "type": "Feature", "properties": { "FID": 130, "Kode_BPS_K": 3174030004, "Longitude": "106° 48' 12.024\" E", "Latitude": "6° 11' 0.769\" S", "Kecamatan": "PALMERAH", "ID": "3174030004", "KELURAHAN": "KOTA BAMBU UTARA", "is_in_haml": "KOTA BAMBU UTARA", "HAMLET": "Kota Bambu Utara", "LUAS": 67.106, "city": "dki", "source_layer": "Kelurahan", "role": "admin" }, "geometry": { "type": "Polygon", "coordinates": [ [ [ 106.805438250517213, -6.181801388518919 ], [ 106.80532146953027, -6.180354577863621 ], [ 106.805087907556398, -6.17995268531278 ], [ 106.801368882280144, -6.181033329034116 ], [ 106.801413798044351, -6.181149431120802 ], [ 106.800407684926142, -6.181470944458646 ], [ 106.798081048340279, -6.182042523243438 ], [ 106.797946301047645, -6.181194085762742 ], [ 106.796706625955565, -6.181453082611669 ], [ 106.796949171082289, -6.185856009638565 ], [ 106.801270067598892, -6.18574883943633 ], [ 106.801314983363099, -6.184177007307616 ], [ 106.801800073616519, -6.184105560281647 ], [ 106.802518725843811, -6.184427071822482 ], [ 106.803893148228525, -6.185686323474992 ], [ 106.805878425006426, -6.18553449896668 ], [ 106.807944550159903, -6.186766955480314 ], [ 106.810361018274179, -6.185025440002978 ], [ 106.810127456300322, -6.182730203150331 ], [ 106.808294893120717, -6.182917752060672 ], [ 106.808187095286613, -6.182185417843134 ], [ 106.807082167487138, -6.182346174221649 ], [ 106.8070731843343, -6.181971075929114 ], [ 106.805510115739949, -6.18206038507051 ], [ 106.805438250517213, -6.181801388518919 ] ] ] } },
{ "type": "Feature", "properties": { "FID": 131, "Kode_BPS_K": 3173030003, "Longitude": "106° 50' 46.663\" E", "Latitude": "6° 11' 0.444\" S", "Kecamatan": "SENEN", "ID": "3173030003", "KELURAHAN": "KRAMAT", "is_in_haml": "KRAMAT", "HAMLET": "Kramat", "LUAS": 72.5514, "city": "dki", "source_layer": "Kelurahan", "role": "admin" }, "geometry": { "type": "Polygon", "coordinates": [ [ [ 106.85113554902037, -6.186525822910276 ], [ 106.846886517726489, -6.180836848521681 ], [ 106.845143786075283, -6.175433605843414 ], [ 106.843311222895679, -6.177818184205242 ], [ 106.842107480414967, -6.178639834186245 ], [ 106.842026632039392, -6.178907763252093 ], [ 106.84319444190875, -6.183364296817605 ], [ 106.844577847446288, -6.185543429821317 ], [ 106.847003298713418, -6.189973115121019 ], [ 106.850039604373748, -6.188276264252618 ], [ 106.851261313160137, -6.187954755052965 ], [ 106.85135114468855, -6.187517144994681 ], [ 106.851548774051068, -6.187356390188388 ], [ 106.851440976216978, -6.186356136961716 ], [ 106.85113554902037, -6.186525822910276 ] ] ] } },
{ "type": "Feature", "properties": { "FID": 132, "Kode_BPS_K": 3172050005, "Longitude": "106° 52' 14.640\" E", "Latitude": "6° 16' 26.989\" S", "Kecamatan": "KRAMAT JATI", "ID": "3172050005", "KELURAHAN": "KRAMAT JATI", "is_in_haml": "KRAMAT JATI", "HAMLET": "Kramat Jati", "LUAS": 150.891, "city": "dki", "source_layer": "Kelurahan", "role": "admin" }, "geometry": { "type": "Polygon", "coordinates": [ [ [ 106.872740031603442, -6.264772008766919 ], [ 106.866020633278225, -6.263387933256579 ], [ 106.865742155540161, -6.263379003725244 ], [ 106.865625374553218, -6.263887986767627 ], [ 106.866011650125387, -6.267995551047625 ], [ 106.867269291523144, -6.270317203508994 ], [ 106.866918948562358, -6.271585178566158 ], [ 106.867026746396448, -6.274433646497497 ], [ 106.867835230152139, -6.276121289431794 ], [ 106.868796427506155, -6.277255310978073 ], [ 106.869335416676634, -6.278666137486777 ], [ 106.870287630877797, -6.279434054106681 ], [ 106.871060182022134, -6.280880591640158 ], [ 106.871841716319324, -6.28184494776278 ], [ 106.87113204724487, -6.284425484524753 ], [ 106.871194929314754, -6.285014809464231 ], [ 106.870718822214187, -6.285738070977514 ], [ 106.870637973838598, -6.286130953353347 ], [ 106.870682889602804, -6.286988150234143 ], [ 106.872111210904563, -6.2873988899055 ], [ 106.872192059280124, -6.287184590987005 ], [ 106.87264121692219, -6.287264953091789 ], [ 106.872892745201739, -6.287157803615984 ], [ 106.873054441952888, -6.286988150234143 ], [ 106.873000543035843, -6.28676492201582 ], [ 106.873359869149482, -6.286497048027362 ], [ 106.87415038659951, -6.286363110981395 ], [ 106.874321066503498, -6.285943441347353 ], [ 106.874725308381358, -6.285863079038377 ], [ 106.874716325228519, -6.285300542527912 ], [ 106.875390061691604, -6.284934447011794 ], [ 106.876072781307528, -6.284943376173789 ], [ 106.876288376975708, -6.284389767840299 ], [ 106.874590561088723, -6.280425200627912 ], [ 106.874788190451241, -6.280103747908846 ], [ 106.874761240992711, -6.279478700386957 ], [ 106.873638346887574, -6.276737411680536 ], [ 106.873099357717095, -6.274674738679911 ], [ 106.872704098992074, -6.272317388110119 ], [ 106.872677149533558, -6.269960026879943 ], [ 106.872964610424475, -6.264789867781779 ], [ 106.872740031603442, -6.264772008766919 ] ] ] } },
{ "type": "Feature", "properties": { "FID": 133, "Kode_BPS_K": 3171060006, "Longitude": "106° 47' 32.915\" E", "Latitude": "6° 14' 41.039\" S", "Kecamatan": "KEBAYORAN BARU", "ID": "3171060006", "KELURAHAN": "KRAMAT PELA", "is_in_haml": "KRAMAT PELA", "HAMLET": "Kramat Pela", "LUAS": 127.491, "city": "dki", "source_layer": "Kelurahan", "role": "admin" }, "geometry": { "type": "Polygon", "coordinates": [ [ [ 106.789169760721805, -6.241001118957955 ], [ 106.787462961681982, -6.240697501810692 ], [ 106.786349050729669, -6.23950982127978 ], [ 106.784965645192116, -6.239518751218627 ], [ 106.784696150606891, -6.240143846559807 ], [ 106.784750049523936, -6.241045768523595 ], [ 106.784669201148361, -6.241215436838326 ], [ 106.784238009811986, -6.241322595745635 ], [ 106.784175127742103, -6.241608352724633 ], [ 106.784255976117663, -6.242090567273237 ], [ 106.785028527262014, -6.242983556005862 ], [ 106.784983611497807, -6.243206802951134 ], [ 106.78647481486945, -6.243697945895762 ], [ 106.786888039900148, -6.244358755676294 ], [ 106.787552793210395, -6.244189088379778 ], [ 106.787795338337091, -6.244296246678711 ], [ 106.78760669212744, -6.244492703503134 ], [ 106.78771448996153, -6.24505528400168 ], [ 106.788307378049041, -6.246359039658685 ], [ 106.788675687315546, -6.246680513157287 ], [ 106.788666704162694, -6.247260950918589 ], [ 106.789160777568966, -6.247305599950489 ], [ 106.789196710180335, -6.247475266236973 ], [ 106.788963148206449, -6.2476895814676 ], [ 106.789097895499083, -6.24825215853043 ], [ 106.788576872634295, -6.248332526632894 ], [ 106.788900266136565, -6.248689718050064 ], [ 106.788756535691107, -6.249341591757866 ], [ 106.788361276966086, -6.249841658709261 ], [ 106.788460091647352, -6.250064902729672 ], [ 106.78873856938543, -6.250189919339491 ], [ 106.788909249289404, -6.250984667088966 ], [ 106.790166890687189, -6.251279348531911 ], [ 106.790831643997436, -6.249046909223413 ], [ 106.794568635579353, -6.250163130068473 ], [ 106.795269321500982, -6.250055972970684 ], [ 106.795943057964067, -6.249520187152516 ], [ 106.797631890698213, -6.249689852720969 ], [ 106.79816189671584, -6.245876829040617 ], [ 106.79816189671584, -6.243322891325068 ], [ 106.798602071205053, -6.242626360695501 ], [ 106.798521222829478, -6.239831298982424 ], [ 106.795134574208348, -6.239804509181403 ], [ 106.793733202365132, -6.239992037759791 ], [ 106.792772005011116, -6.241626212530645 ], [ 106.791640127753126, -6.24202805800494 ], [ 106.790059092853085, -6.241786950757352 ], [ 106.789169760721805, -6.241001118957955 ] ] ] } },
{ "type": "Feature", "properties": { "FID": 134, "Kode_BPS_K": 3174050005, "Longitude": "106° 48' 14.400\" E", "Latitude": "6° 9' 0.961\" S", "Kecamatan": "TAMBORA", "ID": "3174050005", "KELURAHAN": "KRENDANG", "is_in_haml": "KRENDANG", "HAMLET": "Krendang", "LUAS": 32.9034, "city": "dki", "source_layer": "Kelurahan", "role": "admin" }, "geometry": { "type": "Polygon", "coordinates": [ [ [ 106.807531325129204, -6.151381809442618 ], [ 106.807675055574663, -6.151363946582158 ], [ 106.807657089268986, -6.151033483555361 ], [ 106.807279796849656, -6.14765739005536 ], [ 106.801000573013667, -6.148479086742999 ], [ 106.801279050751731, -6.153989780628252 ], [ 106.802725338359167, -6.153936192308012 ], [ 106.803048731861452, -6.152435717147414 ], [ 106.803524838962034, -6.151792655067571 ], [ 106.804108743896705, -6.151488986592783 ], [ 106.807531325129204, -6.151381809442618 ] ] ] } },
{ "type": "Feature", "properties": { "FID": 135, "Kode_BPS_K": 3174060001, "Longitude": "106° 48' 53.971\" E", "Latitude": "6° 9' 25.061\" S", "Kecamatan": "TAMAN SARI", "ID": "3174060001", "KELURAHAN": "KRUKUT", "is_in_haml": "KRUKUT", "HAMLET": "Krukut", "LUAS": 55.842, "city": "dki", "source_layer": "Kelurahan", "role": "admin" }, "geometry": { "type": "Polygon", "coordinates": [ [ [ 106.817610422617022, -6.153034121439545 ], [ 106.815256836572644, -6.153185955257251 ], [ 106.815238870266953, -6.154007643400464 ], [ 106.813451222851555, -6.154266653530065 ], [ 106.813451222851555, -6.154016574786345 ], [ 106.813055964126548, -6.154052300328368 ], [ 106.81097187266738, -6.154382761478213 ], [ 106.811106619960015, -6.155499182761669 ], [ 106.810935940056012, -6.156311935980364 ], [ 106.811007805278749, -6.157330108587481 ], [ 106.811412047156608, -6.158196446900388 ], [ 106.812831385305515, -6.160080951132649 ], [ 106.812795452694147, -6.160679346811853 ], [ 106.81743075956021, -6.160045225996135 ], [ 106.819056710224473, -6.159687974498767 ], [ 106.817610422617022, -6.153034121439545 ] ] ] } },
{ "type": "Feature", "properties": { "FID": 136, "Kode_BPS_K": 3171070005, "Longitude": "106° 49' 19.728\" E", "Latitude": "6° 14' 9.887\" S", "Kecamatan": "MAMPANG PRAPATAN", "ID": "3171070005", "KELURAHAN": "KUNINGAN BARAT", "is_in_haml": "KUNINGAN BARAT", "HAMLET": "Kuningan Barat", "LUAS": 95.8651, "city": "dki", "source_layer": "Kelurahan", "role": "admin" }, "geometry": { "type": "Polygon", "coordinates": [ [ [ 106.82082639133418, -6.231758576993838 ], [ 106.817879917202262, -6.227516776162874 ], [ 106.816703124180066, -6.22833834868457 ], [ 106.817278045961899, -6.22984753833618 ], [ 106.816721090485743, -6.232044339185618 ], [ 106.81681092201417, -6.232187220223144 ], [ 106.817152281822132, -6.232106849644324 ], [ 106.817475675324417, -6.232249730664828 ], [ 106.817484658477255, -6.232785534145162 ], [ 106.817799068826687, -6.233026645532784 ], [ 106.817529574241462, -6.233312407033872 ], [ 106.817547540547139, -6.233866069499239 ], [ 106.817790085673849, -6.234321501089124 ], [ 106.817843984590894, -6.235669933477501 ], [ 106.818616535735245, -6.235955693538394 ], [ 106.818607552582407, -6.236071783518647 ], [ 106.818230260163077, -6.236161083485968 ], [ 106.818275175927269, -6.236848692724904 ], [ 106.817763136215319, -6.238956164774054 ], [ 106.820296385316553, -6.240563553013319 ], [ 106.820673677735869, -6.240608202616247 ], [ 106.823871680147349, -6.240143846559807 ], [ 106.832100248149885, -6.240099196917308 ], [ 106.822910482793333, -6.233946439808542 ], [ 106.821652841395561, -6.232910554878503 ], [ 106.82082639133418, -6.231758576993838 ] ] ] } },
{ "type": "Feature", "properties": { "FID": 137, "Kode_BPS_K": 3171100002, "Longitude": "106° 49' 46.347\" E", "Latitude": "6° 13' 53.687\" S", "Kecamatan": "SETIA BUDI", "ID": "3171100002", "KELURAHAN": "KUNINGAN TIMUR", "is_in_haml": "KUNINGAN TIMUR", "HAMLET": "Kuningan Timur", "LUAS": 218.073, "city": "dki", "source_layer": "Kelurahan", "role": "admin" }, "geometry": { "type": "Polygon", "coordinates": [ [ [ 106.828030879912816, -6.22468591317264 ], [ 106.826863070043458, -6.224382286583161 ], [ 106.825794074855352, -6.225212794190823 ], [ 106.821527077255794, -6.225525350477286 ], [ 106.82155402671431, -6.230615526670493 ], [ 106.822021150662053, -6.231195982223972 ], [ 106.82082639133418, -6.231758576993838 ], [ 106.821652841395561, -6.232910554878503 ], [ 106.822910482793333, -6.233946439808542 ], [ 106.832100248149885, -6.240099196917308 ], [ 106.832558388944776, -6.239947388104357 ], [ 106.834696379320988, -6.240902889900153 ], [ 106.83506468858748, -6.238259628339317 ], [ 106.835181469574408, -6.237982799499239 ], [ 106.83568452613352, -6.237768480296833 ], [ 106.836322329985236, -6.236044993525486 ], [ 106.836466060430695, -6.234660842016639 ], [ 106.836349279443766, -6.234339361143414 ], [ 106.836501993042063, -6.233946439808542 ], [ 106.836376228902282, -6.233437427641649 ], [ 106.836582841417624, -6.233044505631161 ], [ 106.836798437085818, -6.2301333015686 ], [ 106.836340296290928, -6.22891880675636 ], [ 106.836061818552835, -6.228579462115396 ], [ 106.835909104954538, -6.228034724206752 ], [ 106.835675542980681, -6.227873981765055 ], [ 106.835424014701118, -6.227213151209955 ], [ 106.835486896771002, -6.226838084849252 ], [ 106.835217402185776, -6.226418367413704 ], [ 106.835127570657363, -6.225409258164026 ], [ 106.831758888341909, -6.22566823328915 ], [ 106.828030879912816, -6.22468591317264 ] ] ] } },
{ "type": "Feature", "properties": { "FID": 138, "Kode_BPS_K": 3173030004, "Longitude": "106° 50' 24.711\" E", "Latitude": "6° 10' 59.874\" S", "Kecamatan": "SENEN", "ID": "3173030004", "KELURAHAN": "KWITANG", "is_in_haml": "KWITANG", "HAMLET": "Kwitang", "LUAS": 43.1638, "city": "dki", "source_layer": "Kelurahan", "role": "admin" }, "geometry": { "type": "Polygon", "coordinates": [ [ [ 106.844173605568443, -6.184864684438923 ], [ 106.84319444190875, -6.183364296817605 ], [ 106.842026632039392, -6.178907763252093 ], [ 106.839816776440458, -6.180283130321338 ], [ 106.839888641663194, -6.180479611039403 ], [ 106.837867432273924, -6.181560253684481 ], [ 106.836996066448322, -6.181810319436602 ], [ 106.836070801705688, -6.184328832205746 ], [ 106.83662775718183, -6.185096886904646 ], [ 106.837939297496661, -6.186052488286235 ], [ 106.839538298702394, -6.185454121268157 ], [ 106.840364748763776, -6.185418397842668 ], [ 106.840795940100151, -6.185659530917871 ], [ 106.840894754781402, -6.185972110666469 ], [ 106.840400681375144, -6.186749093812231 ], [ 106.840742041183105, -6.187186704506475 ], [ 106.844173605568443, -6.184864684438923 ] ] ] } },
{ "type": "Feature", "properties": { "FID": 139, "Kode_BPS_K": 3175040004, "Longitude": "106° 54' 38.327\" E", "Latitude": "6° 6' 50.356\" S", "Kecamatan": "KOJA", "ID": "3175040004", "KELURAHAN": "LAGOA", "is_in_haml": "LAGOA", "HAMLET": "Lagoa", "LUAS": 157.75, "city": "dki", "source_layer": "Kelurahan", "role": "admin" }, "geometry": { "type": "Polygon", "coordinates": [ [ [ 106.917440200141229, -6.108268052361008 ], [ 106.91078368388591, -6.108937963333155 ], [ 106.906759231413048, -6.108759320489212 ], [ 106.906840079788623, -6.111671191410982 ], [ 106.90672329880168, -6.112001678827354 ], [ 106.903058172442485, -6.112037407184464 ], [ 106.903300717569195, -6.118825751731017 ], [ 106.910217745256915, -6.119111574873663 ], [ 106.910199778951224, -6.118236241016576 ], [ 106.917009008804854, -6.118647112189241 ], [ 106.917440200141229, -6.108268052361008 ] ] ] } },
{ "type": "Feature", "properties": { "FID": 140, "Kode_BPS_K": 3171010005, "Longitude": "106° 50' 12.883\" E", "Latitude": "6° 19' 31.724\" S", "Kecamatan": "JAGAKARSA", "ID": "3171010005", "KELURAHAN": "LENTENG AGUNG", "is_in_haml": "LENTENG AGUNG", "HAMLET": "Lenteng Agung", "LUAS": 313.44, "city": "dki", "source_layer": "Kelurahan", "role": "admin" }, "geometry": { "type": "Polygon", "coordinates": [ [ [ 106.838954393767708, -6.312176606168507 ], [ 106.838262690998931, -6.311908745294732 ], [ 106.839879658510355, -6.302542456349136 ], [ 106.837490139854594, -6.301997795637998 ], [ 106.837148780046618, -6.302104942052582 ], [ 106.837103864282412, -6.302337092541601 ], [ 106.837355392561975, -6.305471113974094 ], [ 106.837184712657987, -6.307774741581215 ], [ 106.836717588710258, -6.309962285451971 ], [ 106.836618774028992, -6.311569454655775 ], [ 106.83592707126023, -6.316212359897507 ], [ 106.835424014701118, -6.317283793655845 ], [ 106.835235368491453, -6.318355225196089 ], [ 106.834750278238033, -6.318319510847154 ], [ 106.834328070054482, -6.318069510335592 ], [ 106.833807047189708, -6.318355225196089 ], [ 106.83197448401009, -6.321319507563539 ], [ 106.831399562228256, -6.3226677147069 ], [ 106.831174983407237, -6.322837356416377 ], [ 106.830644977389611, -6.322864141944365 ], [ 106.829980224079364, -6.324801624788467 ], [ 106.829881409398112, -6.3262212504655 ], [ 106.829459201214561, -6.327015882003872 ], [ 106.829144790865115, -6.32999797148497 ], [ 106.828884279432728, -6.330239037846646 ], [ 106.828659700611695, -6.330783668842092 ], [ 106.829549032742975, -6.331096161776881 ], [ 106.830591078472551, -6.331239015626947 ], [ 106.832854832988545, -6.331051519940632 ], [ 106.83463349725109, -6.331167588706854 ], [ 106.835001806517582, -6.331006878100522 ], [ 106.83541503154828, -6.332613981913013 ], [ 106.835468930465325, -6.333997872854044 ], [ 106.834112474386302, -6.33998873857168 ], [ 106.833546535757307, -6.34406891577193 ], [ 106.834947907600537, -6.344515322695824 ], [ 106.83538808208975, -6.344390328796114 ], [ 106.835567745146577, -6.343792143284916 ], [ 106.836726571863096, -6.342140433417492 ], [ 106.838298623610299, -6.341086907602505 ], [ 106.838577101348378, -6.341176189534725 ], [ 106.838999309531914, -6.34185473171432 ], [ 106.839439484021128, -6.342185074294309 ], [ 106.840355765610937, -6.342497560323788 ], [ 106.840616277043338, -6.342497560323788 ], [ 106.840876788475725, -6.342247571515359 ], [ 106.840921704239932, -6.341631527148547 ], [ 106.840571361279117, -6.340952984675188 ], [ 106.839421517715451, -6.341015482045598 ], [ 106.839187955741579, -6.340336938761503 ], [ 106.839538298702394, -6.339533399507157 ], [ 106.840167119401272, -6.338854854272911 ], [ 106.840355765610937, -6.338283447067467 ], [ 106.84020305201264, -6.33733705249109 ], [ 106.84044559713935, -6.336310301694736 ], [ 106.839933557427401, -6.335971027069428 ], [ 106.839655079689322, -6.335301405443819 ], [ 106.839996439497284, -6.332738978666544 ], [ 106.840176102554111, -6.332221134776328 ], [ 106.840355765610937, -6.332149707992087 ], [ 106.842134429873497, -6.33225684816474 ], [ 106.84260155382124, -6.332185421385443 ], [ 106.843526818563888, -6.331676505296937 ], [ 106.843419020729783, -6.331426511245185 ], [ 106.843077660921821, -6.331230087262476 ], [ 106.841918834205302, -6.331015806468852 ], [ 106.84144272710472, -6.330462247340467 ], [ 106.840517462362072, -6.329774761790505 ], [ 106.840238984624008, -6.3290515617179 ], [ 106.840589327584794, -6.32881942320833 ], [ 106.840975603156977, -6.327319448785853 ], [ 106.841263064047894, -6.326792671020995 ], [ 106.841640356467224, -6.326792671020995 ], [ 106.842017648886554, -6.327623015389492 ], [ 106.842215278249057, -6.327712299650739 ], [ 106.842996812546247, -6.327114094805793 ], [ 106.843248340825795, -6.326739100370759 ], [ 106.843248340825795, -6.326373034112179 ], [ 106.842942913629201, -6.325498045419135 ], [ 106.841748154301328, -6.324042703802113 ], [ 106.841631373314385, -6.323649850148031 ], [ 106.840176102554111, -6.32284628492586 ], [ 106.840230001471156, -6.322185574807691 ], [ 106.840742041183105, -6.321935576164466 ], [ 106.840921704239932, -6.321507006780638 ], [ 106.840670175960383, -6.321337364634762 ], [ 106.839223888352947, -6.321783791214977 ], [ 106.838756764405204, -6.321560577973037 ], [ 106.838370488833036, -6.321042722880737 ], [ 106.838478286667126, -6.320596295660892 ], [ 106.839062191601812, -6.319623082986193 ], [ 106.840104237331389, -6.31855165407117 ], [ 106.842718334808168, -6.318024867374389 ], [ 106.843562751175241, -6.318498082567179 ], [ 106.844092757192882, -6.318221296374873 ], [ 106.844164622415605, -6.316944506539005 ], [ 106.843526818563888, -6.3158195002971 ], [ 106.843401054424092, -6.315890929337532 ], [ 106.842727317961007, -6.314810564048233 ], [ 106.842493755987135, -6.314748063507968 ], [ 106.842260194013264, -6.314962351043183 ], [ 106.842044598345083, -6.314881993227871 ], [ 106.841900867899625, -6.314596276450197 ], [ 106.841568491244487, -6.314498061271456 ], [ 106.841290013506423, -6.313953413123976 ], [ 106.840724074877429, -6.313873055152081 ], [ 106.839610163925116, -6.312301607862198 ], [ 106.838954393767708, -6.312176606168507 ] ] ] } },
{ "type": "Feature", "properties": { "FID": 141, "Kode_BPS_K": 3172030008, "Longitude": "106° 54' 9.665\" E", "Latitude": "6° 17' 41.963\" S", "Kecamatan": "CIPAYUNG", "ID": "3172030008", "KELURAHAN": "LUBANG BUAYA", "is_in_haml": "LUBANG BUAYA", "HAMLET": "Lubang Buaya", "LUAS": 420.895, "city": "dki", "source_layer": "Kelurahan", "role": "admin" }, "geometry": { "type": "Polygon", "coordinates": [ [ [ 106.90876247449664, -6.284577280406326 ], [ 106.908735525038125, -6.284345121981285 ], [ 106.908403148382988, -6.28436298032535 ], [ 106.900560855952619, -6.285291613372047 ], [ 106.899527793375881, -6.285773787569397 ], [ 106.897578449209348, -6.288407879459943 ], [ 106.896877763287733, -6.289095419893066 ], [ 106.896105212143382, -6.28950615789979 ], [ 106.888020374586318, -6.290568717759269 ], [ 106.88828088601872, -6.290658008404829 ], [ 106.888541397451107, -6.291166964791608 ], [ 106.888685127896565, -6.292167017994443 ], [ 106.889304965442605, -6.293024204922167 ], [ 106.889646325250581, -6.294604639612532 ], [ 106.89051769107617, -6.296202927431488 ], [ 106.891362107443243, -6.296836883807236 ], [ 106.892817378203517, -6.297202970939291 ], [ 106.892646698299529, -6.30333712422972 ], [ 106.90586091612893, -6.303185333829735 ], [ 106.906049562338595, -6.29965842673781 ], [ 106.908969087011982, -6.299649497828677 ], [ 106.909238581597208, -6.299381630483217 ], [ 106.910936397484207, -6.300524530193698 ], [ 106.911852679074002, -6.301354916685815 ], [ 106.912526415537101, -6.301685285135737 ], [ 106.912652179676869, -6.301542423129153 ], [ 106.913855922157595, -6.301837075974633 ], [ 106.915679502184361, -6.302738891219402 ], [ 106.918787673067413, -6.302569242926736 ], [ 106.921105326500438, -6.302274590497085 ], [ 106.920925663443612, -6.301899578071858 ], [ 106.920548371024282, -6.301837075974633 ], [ 106.920539387871443, -6.301524565375565 ], [ 106.921105326500438, -6.301319201165117 ], [ 106.920916680290773, -6.300515601299463 ], [ 106.920440573190191, -6.299899507226373 ], [ 106.919371578002085, -6.299810218169592 ], [ 106.919272763320834, -6.299024473807559 ], [ 106.919057167652653, -6.298881611068484 ], [ 106.918329532272509, -6.299408417223984 ], [ 106.918248683896934, -6.299738786913108 ], [ 106.918042071381592, -6.29972092909745 ], [ 106.917844442019089, -6.299453061788857 ], [ 106.917799526254882, -6.298381591172085 ], [ 106.917467149599759, -6.29816729678333 ], [ 106.917035958263369, -6.298238728256076 ], [ 106.915778316865612, -6.297372620986135 ], [ 106.914736271136036, -6.297113681418687 ], [ 106.914520675467841, -6.297997646996164 ], [ 106.913595410725193, -6.29822979932252 ], [ 106.913766090629181, -6.298774463988374 ], [ 106.91353252865531, -6.298935184600245 ], [ 106.912966590026315, -6.298872682145986 ], [ 106.912463533467204, -6.298292301854187 ], [ 106.912014375825152, -6.298345875446769 ], [ 106.911897594838209, -6.298211941454949 ], [ 106.911762847545603, -6.297122610371439 ], [ 106.9119155611439, -6.296542228123227 ], [ 106.911834712768325, -6.296336861941553 ], [ 106.911259790986492, -6.296265430207152 ], [ 106.91116097630524, -6.295792194718557 ], [ 106.91240065139732, -6.294943941348468 ], [ 106.912490482925733, -6.294559994630776 ], [ 106.912194038881978, -6.294372485665503 ], [ 106.911520302418879, -6.294622497604159 ], [ 106.910963346942722, -6.294461775657409 ], [ 106.910568088217715, -6.294122473606514 ], [ 106.910280627326799, -6.29425640865308 ], [ 106.910397408313727, -6.292997417852081 ], [ 106.910559105064877, -6.292952772732203 ], [ 106.910864532261471, -6.293193856333972 ], [ 106.911107077388195, -6.293068850035908 ], [ 106.911762847545603, -6.291854501575294 ], [ 106.91137657197342, -6.29135447491373 ], [ 106.911098094235356, -6.291729494955008 ], [ 106.911214875222285, -6.292095585686637 ], [ 106.911035212165459, -6.29224737932899 ], [ 106.910711818663174, -6.292202734144665 ], [ 106.910424357772257, -6.291836643488522 ], [ 106.910325543091005, -6.291533055919518 ], [ 106.910855549108632, -6.290836589649932 ], [ 106.910621987134761, -6.290416923626613 ], [ 106.910864532261471, -6.289836533887093 ], [ 106.910047065352927, -6.289809746652702 ], [ 106.909768587614849, -6.289657952298407 ], [ 106.909606890863714, -6.288872192579393 ], [ 106.909678756086436, -6.28846145407181 ], [ 106.91013689688134, -6.288023927913351 ], [ 106.909822486531894, -6.287354244304763 ], [ 106.909400278348372, -6.287300669578817 ], [ 106.909588924558022, -6.287041724992282 ], [ 106.909463160418255, -6.286970291980202 ], [ 106.909588924558022, -6.286711347229167 ], [ 106.90940926150121, -6.286505977162533 ], [ 106.909606890863714, -6.286336323568062 ], [ 106.908924171247776, -6.285925583057542 ], [ 106.909022985929028, -6.285675566935816 ], [ 106.90876247449664, -6.284577280406326 ] ] ] } },
{ "type": "Feature", "properties": { "FID": 142, "Kode_BPS_K": 3172040002, "Longitude": "106° 52' 37.119\" E", "Latitude": "6° 16' 31.213\" S", "Kecamatan": "MAKASAR", "ID": "3172040002", "KELURAHAN": "MAKASAR", "is_in_haml": "MAKASAR", "HAMLET": "Makasar", "LUAS": 141.852, "city": "dki", "source_layer": "Kelurahan", "role": "admin" }, "geometry": { "type": "Polygon", "coordinates": [ [ [ 106.87326105446823, -6.264763079259261 ], [ 106.872964610424475, -6.264789867781779 ], [ 106.872901728354577, -6.265343496939301 ], [ 106.87266816638072, -6.271236932202679 ], [ 106.872704098992074, -6.272317388110119 ], [ 106.873099357717095, -6.274674738679911 ], [ 106.873638346887574, -6.276737411680536 ], [ 106.874761240992711, -6.279478700386957 ], [ 106.874788190451241, -6.280103747908846 ], [ 106.875623623665462, -6.282300337532949 ], [ 106.876872281910394, -6.284773722069678 ], [ 106.877294490093931, -6.284666572080682 ], [ 106.87996248648777, -6.285175534331863 ], [ 106.880124183238905, -6.285023738624846 ], [ 106.880357745212777, -6.283845088098579 ], [ 106.880330795754247, -6.282952169255706 ], [ 106.881022498523024, -6.28236284198011 ], [ 106.881642336069078, -6.281407416039668 ], [ 106.882001662182716, -6.280326978984811 ], [ 106.881723184444638, -6.279826941241723 ], [ 106.881507588776458, -6.277907149017184 ], [ 106.881157245815643, -6.277764280475679 ], [ 106.881283009955425, -6.27641595668515 ], [ 106.881121313204275, -6.276308804975941 ], [ 106.881229111038365, -6.276076642863716 ], [ 106.881597420304871, -6.276023066976972 ], [ 106.881534538234973, -6.275781975418441 ], [ 106.88168725183327, -6.275514095778114 ], [ 106.881525555082135, -6.2753801559063 ], [ 106.88168725183327, -6.275246216000058 ], [ 106.88168725183327, -6.274103260733028 ], [ 106.882055561099776, -6.273656793150978 ], [ 106.882325055685001, -6.273674651861604 ], [ 106.882352005143517, -6.272790644951098 ], [ 106.882082510558291, -6.272317388110119 ], [ 106.88147165616509, -6.272772786210183 ], [ 106.878641963020115, -6.274022896596487 ], [ 106.87831856951783, -6.274353282411904 ], [ 106.87769873197179, -6.274094331385136 ], [ 106.877438220539389, -6.273853238934202 ], [ 106.877007029203014, -6.272612057514414 ], [ 106.877644833054745, -6.271147638225857 ], [ 106.877743647735997, -6.270263627030233 ], [ 106.877132793342795, -6.265566734336664 ], [ 106.875273280704661, -6.265022034919338 ], [ 106.87326105446823, -6.264763079259261 ] ] ] } },
{ "type": "Feature", "properties": { "FID": 143, "Kode_BPS_K": 3172070005, "Longitude": "106° 56' 5.981\" E", "Latitude": "6° 13' 24.987\" S", "Kecamatan": "DUREN SAWIT", "ID": "3172070005", "KELURAHAN": "MALAKA JAYA", "is_in_haml": "MALAKA JAYA", "HAMLET": "Malaka Jaya", "LUAS": 107.487, "city": "dki", "source_layer": "Kelurahan", "role": "admin" }, "geometry": { "type": "Polygon", "coordinates": [ [ [ 106.938909935431695, -6.224444797954163 ], [ 106.939134514252714, -6.220238659120741 ], [ 106.938865019667489, -6.219354561963803 ], [ 106.938927901737372, -6.218506184506341 ], [ 106.938218232662919, -6.218407951238632 ], [ 106.938281114732803, -6.217595293501934 ], [ 106.931471884879187, -6.216720122227291 ], [ 106.931166457682579, -6.219042002007154 ], [ 106.932262402329201, -6.221667499867311 ], [ 106.932388166468982, -6.222372988553485 ], [ 106.932226469717833, -6.22515921309447 ], [ 106.931364087045083, -6.225855766920732 ], [ 106.931624598477484, -6.226239764147896 ], [ 106.932217486564994, -6.228874156158239 ], [ 106.932091722425227, -6.232401541706477 ], [ 106.934876499805995, -6.232660513382029 ], [ 106.935370573212253, -6.228722344096222 ], [ 106.935882612924203, -6.227981143398321 ], [ 106.935972444452617, -6.227373893853959 ], [ 106.937337883684478, -6.227275662244025 ], [ 106.938918918584534, -6.226927386388004 ], [ 106.938909935431695, -6.224444797954163 ] ] ] } },
{ "type": "Feature", "properties": { "FID": 144, "Kode_BPS_K": 3172070006, "Longitude": "106° 55' 42.447\" E", "Latitude": "6° 13' 26.167\" S", "Kecamatan": "DUREN SAWIT", "ID": "3172070006", "KELURAHAN": "MALAKA SARI", "is_in_haml": "MALAKA SARI", "HAMLET": "Malaka Sari", "LUAS": 130.746, "city": "dki", "source_layer": "Kelurahan", "role": "admin" }, "geometry": { "type": "Polygon", "coordinates": [ [ [ 106.932307318093407, -6.22357856829337 ], [ 106.932388166468982, -6.222372988553485 ], [ 106.932262402329201, -6.221667499867311 ], [ 106.931166457682579, -6.219042002007154 ], [ 106.931471884879187, -6.216720122227291 ], [ 106.924698587636925, -6.215961043922084 ], [ 106.924887233846576, -6.219015211145082 ], [ 106.924258413147697, -6.220310101250313 ], [ 106.924779436012486, -6.226061160821349 ], [ 106.924474008815878, -6.226793434074183 ], [ 106.925156728431816, -6.2271327798695 ], [ 106.925399273558526, -6.227963283127628 ], [ 106.926153858397186, -6.229061688644824 ], [ 106.926207757314231, -6.229945769464875 ], [ 106.926064026868772, -6.230686967388645 ], [ 106.926620982344929, -6.231008450499978 ], [ 106.928758972721141, -6.231722856708923 ], [ 106.929423726031388, -6.23227652085184 ], [ 106.930034580424589, -6.232419401826137 ], [ 106.932091722425227, -6.232401541706477 ], [ 106.932217486564994, -6.228874156158239 ], [ 106.931624598477484, -6.226239764147896 ], [ 106.931364087045083, -6.225855766920732 ], [ 106.932226469717833, -6.22515921309447 ], [ 106.932307318093407, -6.22357856829337 ] ] ] } },
{ "type": "Feature", "properties": { "FID": 145, "Kode_BPS_K": 3171070004, "Longitude": "106° 49' 43.209\" E", "Latitude": "6° 14' 33.920\" S", "Kecamatan": "MAMPANG PRAPATAN", "ID": "3171070004", "KELURAHAN": "MAMPANG PRAPATAN", "is_in_haml": "MAMPANG PRAPATAN", "HAMLET": "Mampang Prapatan", "LUAS": 80.9362, "city": "dki", "source_layer": "Kelurahan", "role": "admin" }, "geometry": { "type": "Polygon", "coordinates": [ [ [ 106.832558388944776, -6.239947388104357 ], [ 106.832100248149885, -6.240099196917308 ], [ 106.823871680147349, -6.240143846559807 ], [ 106.821392329963174, -6.240554623092275 ], [ 106.821670807701253, -6.241536913494495 ], [ 106.821365380504659, -6.241617282627716 ], [ 106.821482161491588, -6.24202805800494 ], [ 106.822093015884789, -6.242135216746025 ], [ 106.822290645247293, -6.242403113502829 ], [ 106.822748786042197, -6.242483482503152 ], [ 106.823054213238805, -6.242322744490173 ], [ 106.823494387728005, -6.242929976724837 ], [ 106.823170994225734, -6.24334075107262 ], [ 106.823269808906986, -6.243537208255496 ], [ 106.823557269797888, -6.243635436819299 ], [ 106.823341674129708, -6.244412334811142 ], [ 106.822676920819461, -6.244546282624276 ], [ 106.822587089291048, -6.244733809505098 ], [ 106.822640988208107, -6.245608934060875 ], [ 106.825973737912179, -6.245617863895741 ], [ 106.834471800499955, -6.245082073534152 ], [ 106.83538808208975, -6.245189231650334 ], [ 106.835199435880085, -6.243689016028152 ], [ 106.835325200019867, -6.243153223692947 ], [ 106.83517248642157, -6.242295954816548 ], [ 106.835307233714175, -6.241420824724747 ], [ 106.835235368491453, -6.241072558261154 ], [ 106.832558388944776, -6.239947388104357 ] ] ] } },
{ "type": "Feature", "properties": { "FID": 146, "Kode_BPS_K": 3174060005, "Longitude": "106° 49' 5.854\" E", "Latitude": "6° 8' 41.367\" S", "Kecamatan": "TAMAN SARI", "ID": "3174060005", "KELURAHAN": "MANGGA BESAR", "is_in_haml": "MANGGA BESAR", "HAMLET": "Mangga Besar", "LUAS": 55.062, "city": "dki", "source_layer": "Kelurahan", "role": "admin" }, "geometry": { "type": "Polygon", "coordinates": [ [ [ 106.818688400957967, -6.149693766477609 ], [ 106.820440115762011, -6.149461548507551 ], [ 106.820943172321108, -6.142494962269838 ], [ 106.820251469552346, -6.14213769897891 ], [ 106.820395199997805, -6.141753640673791 ], [ 106.820781475569973, -6.141369582091652 ], [ 106.821086902766567, -6.14042283184568 ], [ 106.820997071238153, -6.140199541448039 ], [ 106.820377233692113, -6.139922661224952 ], [ 106.819083659682988, -6.139958387713437 ], [ 106.818230260163077, -6.140208473065742 ], [ 106.814798695777739, -6.142727183280381 ], [ 106.815490398546501, -6.144790373194933 ], [ 106.81681092201417, -6.150006367431009 ], [ 106.818688400957967, -6.149693766477609 ] ] ] } },
{ "type": "Feature", "properties": { "FID": 147, "Kode_BPS_K": 3173070005, "Longitude": "106° 49' 41.886\" E", "Latitude": "6° 8' 31.540\" S", "Kecamatan": "SAWAH BESAR", "ID": "3173070005", "KELURAHAN": "MANGGA DUA SELATAN", "is_in_haml": "MANGGA DUA SELATAN", "HAMLET": "Mangga Dua Selatan", "LUAS": 131.766, "city": "dki", "source_layer": "Kelurahan", "role": "admin" }, "geometry": { "type": "Polygon", "coordinates": [ [ [ 106.834328070054482, -6.147317993227004 ], [ 106.834238238526083, -6.145370923027725 ], [ 106.833366872700495, -6.141682187935298 ], [ 106.832118214455562, -6.141449966468977 ], [ 106.831040236114617, -6.140467489913974 ], [ 106.830582095319713, -6.139243857488403 ], [ 106.830698876306656, -6.135331787520083 ], [ 106.821257582670555, -6.136832310903357 ], [ 106.821769622382504, -6.137627229317008 ], [ 106.822497257762649, -6.140101293643419 ], [ 106.822892516487642, -6.140958728418051 ], [ 106.826027636829238, -6.146255143863775 ], [ 106.826324080872979, -6.146942870164794 ], [ 106.826647474375278, -6.148479086742999 ], [ 106.830860573057791, -6.147719910500123 ], [ 106.832297877512389, -6.148425497867282 ], [ 106.834157390150509, -6.148836345776463 ], [ 106.834615530945413, -6.148800619883915 ], [ 106.834328070054482, -6.147317993227004 ] ] ] } },
{ "type": "Feature", "properties": { "FID": 148, "Kode_BPS_K": 3171090007, "Longitude": "106° 51' 3.847\" E", "Latitude": "6° 12' 48.858\" S", "Kecamatan": "TEBET", "ID": "3171090007", "KELURAHAN": "MANGGARAI", "is_in_haml": "MANGGARAI", "HAMLET": "Manggarai", "LUAS": 105.824, "city": "dki", "source_layer": "Kelurahan", "role": "admin" }, "geometry": { "type": "Polygon", "coordinates": [ [ [ 106.858070543013767, -6.213710593568617 ], [ 106.85832207129333, -6.213505194842745 ], [ 106.858286138681962, -6.213362308725292 ], [ 106.857154261423972, -6.211915584601314 ], [ 106.854971355283567, -6.211379759842615 ], [ 106.854234736750584, -6.210897517093491 ], [ 106.854046090540919, -6.210558160820056 ], [ 106.853336421466466, -6.20995982159462 ], [ 106.85102775118628, -6.208941750305195 ], [ 106.849725194024302, -6.207861163713408 ], [ 106.849015524949849, -6.20758431885795 ], [ 106.84873704721177, -6.208209452195856 ], [ 106.848027378137317, -6.208682766943872 ], [ 106.847695001482194, -6.209147150811548 ], [ 106.847182961770244, -6.210245595637859 ], [ 106.844020891970146, -6.21485368066535 ], [ 106.845062937699723, -6.215264476984153 ], [ 106.84621278126339, -6.215961043922084 ], [ 106.847057197630463, -6.2160324866328 ], [ 106.847039231324786, -6.216228954037237 ], [ 106.847668052023664, -6.216487933685516 ], [ 106.847892630844697, -6.216077138322069 ], [ 106.849455699439062, -6.217086265488763 ], [ 106.84962637934305, -6.217336314398902 ], [ 106.84962637934305, -6.21828292705319 ], [ 106.850767239753878, -6.218559766280993 ], [ 106.851288262618667, -6.219068792867861 ], [ 106.85250997140507, -6.219104514013349 ], [ 106.852725567073264, -6.219068792867861 ], [ 106.854028124235228, -6.217898924012045 ], [ 106.8565703564893, -6.21471079491406 ], [ 106.856776969004642, -6.214764377075341 ], [ 106.857513587537611, -6.21378203658491 ], [ 106.858070543013767, -6.213710593568617 ] ] ] } },
{ "type": "Feature", "properties": { "FID": 149, "Kode_BPS_K": 3171090006, "Longitude": "106° 50' 54.819\" E", "Latitude": "6° 13' 11.984\" S", "Kecamatan": "TEBET", "ID": "3171090006", "KELURAHAN": "MANGGARAI SELATAN", "is_in_haml": "MANGGARAI SELATAN", "HAMLET": "Manggarai Selatan", "LUAS": 56.2663, "city": "dki", "source_layer": "Kelurahan", "role": "admin" }, "geometry": { "type": "Polygon", "coordinates": [ [ [ 106.847209911228759, -6.216246814706729 ], [ 106.847039231324786, -6.216228954037237 ], [ 106.847057197630463, -6.2160324866328 ], [ 106.84621278126339, -6.215961043922084 ], [ 106.845062937699723, -6.215264476984153 ], [ 106.844020891970146, -6.21485368066535 ], [ 106.843975976205925, -6.214960844953351 ], [ 106.84381427945479, -6.215782437102849 ], [ 106.845269550215079, -6.21865799952034 ], [ 106.846140916040667, -6.220970940488568 ], [ 106.847551271036735, -6.223283871279055 ], [ 106.847434490049807, -6.224230473222612 ], [ 106.851970982234604, -6.224194752425519 ], [ 106.852590819780644, -6.221149545545479 ], [ 106.852545904016438, -6.21993502996174 ], [ 106.852725567073264, -6.219068792867861 ], [ 106.851288262618667, -6.219068792867861 ], [ 106.850767239753878, -6.218559766280993 ], [ 106.84962637934305, -6.21828292705319 ], [ 106.84962637934305, -6.217336314398902 ], [ 106.849455699439062, -6.217086265488763 ], [ 106.847892630844697, -6.216077138322069 ], [ 106.847668052023664, -6.216487933685516 ], [ 106.847209911228759, -6.216246814706729 ] ] ] } },
{ "type": "Feature", "properties": { "FID": 150, "Kode_BPS_K": 3174060002, "Longitude": "106° 49' 15.922\" E", "Latitude": "6° 9' 21.423\" S", "Kecamatan": "TAMAN SARI", "ID": "3174060002", "KELURAHAN": "MAPHAR", "is_in_haml": "MAPHAR", "HAMLET": "Maphar", "LUAS": 60.7199, "city": "dki", "source_layer": "Kelurahan", "role": "admin" }, "geometry": { "type": "Polygon", "coordinates": [ [ [ 106.82423998941384, -6.159491486072742 ], [ 106.823404556199591, -6.158330416616414 ], [ 106.822551156679694, -6.156588807671999 ], [ 106.822218780024556, -6.155097271369875 ], [ 106.821563009867162, -6.153864741205953 ], [ 106.820440115762011, -6.149461548507551 ], [ 106.81681092201417, -6.150006367431009 ], [ 106.819056710224473, -6.159687974498767 ], [ 106.820655711430192, -6.159554005125274 ], [ 106.82583000746672, -6.161402779493416 ], [ 106.82849800386056, -6.162617429679248 ], [ 106.827617654882133, -6.160572171515913 ], [ 106.827455958130969, -6.159375379241364 ], [ 106.824671180750201, -6.159750493528161 ], [ 106.82423998941384, -6.159491486072742 ] ] ] } },
{ "type": "Feature", "properties": { "FID": 151, "Kode_BPS_K": 3175060003, "Longitude": "106° 57' 36.988\" E", "Latitude": "6° 6' 51.783\" S", "Kecamatan": "CILINCING", "ID": "3175060003", "KELURAHAN": "MARUNDA", "is_in_haml": "MARUNDA", "HAMLET": "Marunda", "LUAS": 759.2, "city": "dki", "source_layer": "Kelurahan", "role": "admin" }, "geometry": { "type": "Polygon", "coordinates": [ [ [ 106.967916535955908, -6.092565099271241 ], [ 106.966335501055852, -6.093449407481598 ], [ 106.965302438479114, -6.093806703314942 ], [ 106.964745483002957, -6.093654852614834 ], [ 106.964350224277965, -6.093806703314942 ], [ 106.964152594915447, -6.093654852614834 ], [ 106.964017847622827, -6.093181435450496 ], [ 106.963326144854065, -6.093404745485706 ], [ 106.962796138836424, -6.092815206791625 ], [ 106.961834941482422, -6.092984922542656 ], [ 106.96182595832957, -6.092716950279657 ], [ 106.96162832896708, -6.092654423399042 ], [ 106.959229827158481, -6.093753108955104 ], [ 106.958672871682325, -6.093217165062373 ], [ 106.958574057001059, -6.09330648908166 ], [ 106.959113046171538, -6.093896027236111 ], [ 106.958762703210738, -6.095360937421887 ], [ 106.95791828684365, -6.095459193449766 ], [ 106.95581622907882, -6.099434081304572 ], [ 106.953669255549769, -6.101908322461244 ], [ 106.953435693575898, -6.102873005449364 ], [ 106.955223340991296, -6.106204721300497 ], [ 106.956696578057247, -6.105865298113517 ], [ 106.957253533533404, -6.106204721300497 ], [ 106.957801505856722, -6.10888437048623 ], [ 106.954055531121938, -6.109991954898927 ], [ 106.954163328956042, -6.111037012283611 ], [ 106.949815482980895, -6.111403228491109 ], [ 106.949950230273515, -6.113225373699872 ], [ 106.949294460116107, -6.113439743316432 ], [ 106.948746487792789, -6.113814889938702 ], [ 106.948459026901887, -6.114368677328808 ], [ 106.946527649041016, -6.114547318300079 ], [ 106.945907811494976, -6.114190036297872 ], [ 106.94535085601882, -6.114324017076668 ], [ 106.944964580446651, -6.11477061943026 ], [ 106.94473101847278, -6.116324792713512 ], [ 106.944991529905167, -6.116905373528211 ], [ 106.946015609329066, -6.117396633725137 ], [ 106.947830206202994, -6.117593137677503 ], [ 106.948117667093911, -6.118093329230313 ], [ 106.948225464928001, -6.118807887779526 ], [ 106.948899201391086, -6.118986527267563 ], [ 106.949752600911012, -6.11980826814345 ], [ 106.950201758553078, -6.123095219009088 ], [ 106.951953473357108, -6.125274599191805 ], [ 106.952043304885521, -6.131321439416015 ], [ 106.95253737829178, -6.131669778197986 ], [ 106.954253160484456, -6.131848413382541 ], [ 106.957334381908979, -6.131866276897706 ], [ 106.957523028118644, -6.132187820068354 ], [ 106.958547107542543, -6.132446840814832 ], [ 106.959840681551682, -6.132366455079389 ], [ 106.960487468556238, -6.132580817013642 ], [ 106.960577300084651, -6.132187820068354 ], [ 106.961933756163674, -6.132393250325882 ], [ 106.961987655080719, -6.132107434293867 ], [ 106.964143611762609, -6.132187820068354 ], [ 106.964305308513744, -6.131357166481046 ], [ 106.964646668321706, -6.131375030012664 ], [ 106.96461971886319, -6.130999895723042 ], [ 106.965832444496755, -6.130955236861467 ], [ 106.965823461343902, -6.130705147167542 ], [ 106.968096199012734, -6.130401466667289 ], [ 106.968114165318411, -6.130062058844776 ], [ 106.96901248060253, -6.129954877382279 ], [ 106.969246042576401, -6.126676900589493 ], [ 106.968985531144014, -6.106061806300617 ], [ 106.968482474584903, -6.099469810500005 ], [ 106.968428575667858, -6.099201841476217 ], [ 106.967620091912138, -6.098371136651447 ], [ 106.967916535955908, -6.092565099271241 ] ] ] } },
{ "type": "Feature", "properties": { "FID": 152, "Kode_BPS_K": 3171060005, "Longitude": "106° 48' 8.278\" E", "Latitude": "6° 14' 44.122\" S", "Kecamatan": "KEBAYORAN BARU", "ID": "3171060005", "KELURAHAN": "MELAWAI", "is_in_haml": "MELAWAI", "HAMLET": "Melawai", "LUAS": 127.017, "city": "dki", "source_layer": "Kelurahan", "role": "admin" }, "geometry": { "type": "Polygon", "coordinates": [ [ [ 106.807279796849656, -6.239161553546035 ], [ 106.80529452007174, -6.239813439115229 ], [ 106.798521222829478, -6.239831298982424 ], [ 106.798602071205053, -6.242626360695501 ], [ 106.79816189671584, -6.243322891325068 ], [ 106.79816189671584, -6.245876829040617 ], [ 106.797631890698213, -6.249689852720969 ], [ 106.797362396112973, -6.253109941655113 ], [ 106.801108370847757, -6.252475932079229 ], [ 106.802581607913709, -6.251868710919736 ], [ 106.803282293835323, -6.251207910621593 ], [ 106.803722468324537, -6.250466741726346 ], [ 106.804315356412062, -6.248743296741611 ], [ 106.805420284211522, -6.24815393083288 ], [ 106.807594207199088, -6.245716092069222 ], [ 106.808133196369567, -6.24491240647201 ], [ 106.808483539330382, -6.244787388601568 ], [ 106.807369628378069, -6.241081488173368 ], [ 106.807279796849656, -6.239161553546035 ] ] ] } },
{ "type": "Feature", "properties": { "FID": 153, "Kode_BPS_K": 3173020001, "Longitude": "106° 50' 2.357\" E", "Latitude": "6° 12' 3.319\" S", "Kecamatan": "MENTENG", "ID": "3173020001", "KELURAHAN": "MENTENG", "is_in_haml": "MENTENG", "HAMLET": "Menteng", "LUAS": 246.986, "city": "dki", "source_layer": "Kelurahan", "role": "admin" }, "geometry": { "type": "Polygon", "coordinates": [ [ [ 106.844955139865618, -6.203601309029461 ], [ 106.840238984624008, -6.196742602746401 ], [ 106.833807047189708, -6.19602814904686 ], [ 106.823736932854729, -6.194527793129733 ], [ 106.820700627194398, -6.194331317634313 ], [ 106.820772492417134, -6.195831674109921 ], [ 106.822973364863216, -6.197591015258232 ], [ 106.82310811215585, -6.197894657299399 ], [ 106.823072179544482, -6.200439885183651 ], [ 106.822739802889345, -6.202636808848727 ], [ 106.827967997842919, -6.203833503253851 ], [ 106.827967997842919, -6.20393173924107 ], [ 106.833968743940844, -6.205092708612242 ], [ 106.837049965365367, -6.205521373579706 ], [ 106.838738798099513, -6.205958968707636 ], [ 106.840966620004139, -6.206860949355339 ], [ 106.847695001482194, -6.209147150811548 ], [ 106.848027378137317, -6.208682766943872 ], [ 106.848467552626531, -6.208423783455199 ], [ 106.844955139865618, -6.203601309029461 ] ] ] } },
{ "type": "Feature", "properties": { "FID": 154, "Kode_BPS_K": 3171100005, "Longitude": "106° 50' 22.202\" E", "Latitude": "6° 13' 5.261\" S", "Kecamatan": "SETIA BUDI", "ID": "3171100005", "KELURAHAN": "MENTENG ATAS", "is_in_haml": "MENTENG ATAS", "HAMLET": "Menteng Atas", "LUAS": 104.708, "city": "dki", "source_layer": "Kelurahan", "role": "admin" }, "geometry": { "type": "Polygon", "coordinates": [ [ [ 106.846033118206563, -6.220997731250974 ], [ 106.846140916040667, -6.220970940488568 ], [ 106.845269550215079, -6.21865799952034 ], [ 106.843679532162184, -6.215719924701789 ], [ 106.84332918920137, -6.214934053883397 ], [ 106.843419020729783, -6.214675073470175 ], [ 106.843104610380337, -6.214576839486988 ], [ 106.842915964170686, -6.214148181891183 ], [ 106.841487642868927, -6.214148181891183 ], [ 106.838038112177912, -6.213764175831748 ], [ 106.837948280649499, -6.211120777680406 ], [ 106.838065061636428, -6.210665325982665 ], [ 106.837741668134143, -6.210620673834229 ], [ 106.837023015906851, -6.210049125999793 ], [ 106.835531812535223, -6.211728045997809 ], [ 106.835298250561337, -6.212424617616882 ], [ 106.834426884735748, -6.212683599137616 ], [ 106.834346036360174, -6.212835415831905 ], [ 106.83603486909432, -6.213871340341639 ], [ 106.836259447915353, -6.215068009219525 ], [ 106.836178599539778, -6.2158002977875 ], [ 106.835594694605106, -6.217470269123289 ], [ 106.836016902788629, -6.218148972535801 ], [ 106.83514553696304, -6.219443864774432 ], [ 106.835289267408498, -6.219863587781195 ], [ 106.835639610369313, -6.220211868319648 ], [ 106.835963003871584, -6.222087221098517 ], [ 106.835648593522151, -6.22341782448787 ], [ 106.835244351644292, -6.22420368262502 ], [ 106.835127570657363, -6.225409258164026 ], [ 106.839008292684767, -6.22510563199265 ], [ 106.837678786064259, -6.222703406979574 ], [ 106.838514219278494, -6.222292616472482 ], [ 106.838684899182468, -6.221462104249038 ], [ 106.845359381743478, -6.221453174002944 ], [ 106.846033118206563, -6.220997731250974 ] ] ] } },
{ "type": "Feature", "properties": { "FID": 155, "Kode_BPS_K": 3171090001, "Longitude": "106° 50' 28.416\" E", "Latitude": "6° 13' 54.138\" S", "Kecamatan": "TEBET", "ID": "3171090001", "KELURAHAN": "MENTENG DALAM", "is_in_haml": "MENTENG DALAM", "HAMLET": "Menteng Dalam", "LUAS": 245.225, "city": "dki", "source_layer": "Kelurahan", "role": "admin" }, "geometry": { "type": "Polygon", "coordinates": [ [ [ 106.846140916040667, -6.220970940488568 ], [ 106.845359381743478, -6.221453174002944 ], [ 106.838684899182468, -6.221462104249038 ], [ 106.838514219278494, -6.222292616472482 ], [ 106.837678786064259, -6.222703406979574 ], [ 106.839008292684767, -6.22510563199265 ], [ 106.835127570657363, -6.225409258164026 ], [ 106.835217402185776, -6.226418367413704 ], [ 106.835486896771002, -6.226838084849252 ], [ 106.835424014701118, -6.227213151209955 ], [ 106.835675542980681, -6.227873981765055 ], [ 106.835909104954538, -6.228034724206752 ], [ 106.836061818552835, -6.228579462115396 ], [ 106.836340296290928, -6.22891880675636 ], [ 106.836798437085818, -6.2301333015686 ], [ 106.836582841417624, -6.233044505631161 ], [ 106.836376228902282, -6.233437427641649 ], [ 106.836501993042063, -6.233946439808542 ], [ 106.836349279443766, -6.234339361143414 ], [ 106.836466060430695, -6.234660842016639 ], [ 106.836322329985236, -6.236044993525486 ], [ 106.83568452613352, -6.237768480296833 ], [ 106.835181469574408, -6.237982799499239 ], [ 106.83506468858748, -6.238259628339317 ], [ 106.834696379320988, -6.240902889900153 ], [ 106.84120018197801, -6.242813888263814 ], [ 106.843697498467861, -6.243233592578171 ], [ 106.845296499673594, -6.240313515166602 ], [ 106.845574977411673, -6.239411591942413 ], [ 106.844730561044599, -6.238081029104388 ], [ 106.844290386555386, -6.236946922542565 ], [ 106.844200555026973, -6.234241130837291 ], [ 106.844443100153683, -6.233178456349619 ], [ 106.844919207254264, -6.232464052122626 ], [ 106.846985332407741, -6.230410134551635 ], [ 106.847542287883897, -6.227284592391142 ], [ 106.847416523744101, -6.224507309317728 ], [ 106.847551271036735, -6.223283871279055 ], [ 106.846140916040667, -6.220970940488568 ] ] ] } },
{ "type": "Feature", "properties": { "FID": 156, "Kode_BPS_K": 3174010003, "Longitude": "106° 44' 3.384\" E", "Latitude": "6° 12' 34.046\" S", "Kecamatan": "KEMBANGAN", "ID": "3174010003", "KELURAHAN": "MERUYA SELATAN", "is_in_haml": "MERUYA SELATAN", "HAMLET": "Meruya Selatan", "LUAS": 310.363, "city": "dki", "source_layer": "Kelurahan", "role": "admin" }, "geometry": { "type": "Polygon", "coordinates": [ [ [ 106.744523491101063, -6.197564223305033 ], [ 106.744011451389113, -6.19751957004668 ], [ 106.742322618654967, -6.198010755680722 ], [ 106.740948196270267, -6.200698872595686 ], [ 106.738693424907126, -6.203637031224486 ], [ 106.738073587361086, -6.204181794398645 ], [ 106.737229170994013, -6.204449710507257 ], [ 106.736995609020141, -6.204422918902525 ], [ 106.73676204704627, -6.204137141700637 ], [ 106.735028298547917, -6.204271099783315 ], [ 106.73447134307176, -6.204074627917068 ], [ 106.734049134888238, -6.204556876912567 ], [ 106.733330482660932, -6.204610460107052 ], [ 106.731695548843845, -6.206682339448706 ], [ 106.72879399047612, -6.204476502110627 ], [ 106.72758126484257, -6.205869663609002 ], [ 106.725964297331146, -6.204690834888561 ], [ 106.724014953164613, -6.204539015846529 ], [ 106.724500043418047, -6.20475334859904 ], [ 106.724410211889634, -6.20762004078296 ], [ 106.723799357496432, -6.207602179820758 ], [ 106.723386132465734, -6.211245803567725 ], [ 106.723062738963449, -6.211897723784812 ], [ 106.723493930299824, -6.21196023663992 ], [ 106.723431048229941, -6.212487130409416 ], [ 106.722676463391281, -6.212165635968721 ], [ 106.719963551233235, -6.212147775160703 ], [ 106.719891686010513, -6.212460339213526 ], [ 106.720071349067325, -6.212844346224323 ], [ 106.719703039800834, -6.213880270716478 ], [ 106.719828803940629, -6.214174973001151 ], [ 106.71953235989686, -6.214228555216994 ], [ 106.719307781075827, -6.214541118034008 ], [ 106.719146084324677, -6.215621690913688 ], [ 106.727608214301085, -6.215505596413193 ], [ 106.732602847280802, -6.215041218155028 ], [ 106.737705278094595, -6.214844750307031 ], [ 106.73751663188493, -6.216362909043644 ], [ 106.738387997710518, -6.216487933685516 ], [ 106.740382257641272, -6.216246814706729 ], [ 106.744298912280044, -6.213996365575596 ], [ 106.745349941162459, -6.213549846746494 ], [ 106.743661108428313, -6.210450995635634 ], [ 106.743939586166391, -6.199252113699334 ], [ 106.744487558489695, -6.199091362465887 ], [ 106.745826048263027, -6.199162807464577 ], [ 106.746086559695428, -6.198885958040748 ], [ 106.746158424918164, -6.197546362002146 ], [ 106.745385873773827, -6.197653529810404 ], [ 106.744523491101063, -6.197564223305033 ] ] ] } },
{ "type": "Feature", "properties": { "FID": 157, "Kode_BPS_K": 3174010004, "Longitude": "106° 44' 18.558\" E", "Latitude": "6° 11' 48.644\" S", "Kecamatan": "KEMBANGAN", "ID": "3174010004", "KELURAHAN": "MERUYA UTARA", "is_in_haml": "MERUYA UTARA", "HAMLET": "Meruya Utara", "LUAS": 417.775, "city": "dki", "source_layer": "Kelurahan", "role": "admin" }, "geometry": { "type": "Polygon", "coordinates": [ [ [ 106.730896048240965, -6.191482414734512 ], [ 106.726090061470941, -6.190732230850296 ], [ 106.724023936317451, -6.19074116161709 ], [ 106.724769538003272, -6.194045534964984 ], [ 106.724338346666897, -6.195528030881693 ], [ 106.723242402020276, -6.197215927789654 ], [ 106.723907155330522, -6.197608876559609 ], [ 106.723206469408908, -6.198430495769274 ], [ 106.723071722116288, -6.198930611183452 ], [ 106.723188503103231, -6.199457517981892 ], [ 106.723475963994147, -6.199787950790339 ], [ 106.723089688421965, -6.200109452783646 ], [ 106.723772408037902, -6.200368440357949 ], [ 106.724526992876562, -6.201109679953891 ], [ 106.724365296125427, -6.201958085441535 ], [ 106.724742588544743, -6.202136696949194 ], [ 106.724760554850434, -6.202806489563995 ], [ 106.724014953164613, -6.204539015846529 ], [ 106.725964297331146, -6.204690834888561 ], [ 106.72758126484257, -6.205869663609002 ], [ 106.72879399047612, -6.204476502110627 ], [ 106.731695548843845, -6.206682339448706 ], [ 106.733330482660932, -6.204610460107052 ], [ 106.734049134888238, -6.204556876912567 ], [ 106.73447134307176, -6.204074627917068 ], [ 106.735028298547917, -6.204271099783315 ], [ 106.73676204704627, -6.204137141700637 ], [ 106.736995609020141, -6.204422918902525 ], [ 106.737229170994013, -6.204449710507257 ], [ 106.738073587361086, -6.204181794398645 ], [ 106.738693424907126, -6.203637031224486 ], [ 106.740948196270267, -6.200698872595686 ], [ 106.742322618654967, -6.198010755680722 ], [ 106.744011451389113, -6.19751957004668 ], [ 106.745385873773827, -6.197653529810404 ], [ 106.74957202299781, -6.197260581073706 ], [ 106.751530350317196, -6.197555292653665 ], [ 106.75328206512124, -6.197546362002146 ], [ 106.75514157775936, -6.196796186734873 ], [ 106.755824297375284, -6.196697949418517 ], [ 106.757459231192385, -6.197162343843805 ], [ 106.761375885831143, -6.199136015591203 ], [ 106.762876072355638, -6.198439426405828 ], [ 106.762480813630617, -6.197162343843805 ], [ 106.761717245639105, -6.196179970538942 ], [ 106.761339953219789, -6.196171039864147 ], [ 106.760872829272046, -6.196867632044372 ], [ 106.760675199909542, -6.196939077344198 ], [ 106.760387739018611, -6.196483613392082 ], [ 106.759902648765191, -6.196206762562424 ], [ 106.759866716153823, -6.195492308137477 ], [ 106.759678069944158, -6.195260110241132 ], [ 106.757773641541831, -6.193581137797376 ], [ 106.757225669218514, -6.192857749087977 ], [ 106.756875326257713, -6.192116497900928 ], [ 106.757288551288411, -6.190616130868247 ], [ 106.742053124069741, -6.191553860763151 ], [ 106.731740464608052, -6.191625306782126 ], [ 106.730896048240965, -6.191482414734512 ] ] ] } },
{ "type": "Feature", "properties": { "FID": 158, "Kode_BPS_K": 3172030003, "Longitude": "106° 53' 45.485\" E", "Latitude": "6° 21' 1.037\" S", "Kecamatan": "CIPAYUNG", "ID": "3172030003", "KELURAHAN": "MUNJUL", "is_in_haml": "MUNJUL", "HAMLET": "Munjul", "LUAS": 246.436, "city": "dki", "source_layer": "Kelurahan", "role": "admin" }, "geometry": { "type": "Polygon", "coordinates": [ [ [ 106.895161981095072, -6.339828030712463 ], [ 106.893994171225714, -6.339256624585204 ], [ 106.893607895653545, -6.338765571938787 ], [ 106.891559736805746, -6.340203015639396 ], [ 106.889062420315895, -6.340586928496372 ], [ 106.890176331268208, -6.346372371348355 ], [ 106.892844327662047, -6.356103911033683 ], [ 106.893527047277971, -6.359639360604874 ], [ 106.893652811417752, -6.361728478469056 ], [ 106.894515194090502, -6.364478244591813 ], [ 106.895260795776323, -6.363237280533866 ], [ 106.897632348126393, -6.361317797850083 ], [ 106.89880914114859, -6.359514370377994 ], [ 106.899626608057147, -6.358576942707777 ], [ 106.900857299996389, -6.357702008673541 ], [ 106.902070025629953, -6.35721097361438 ], [ 106.902052059324262, -6.355996775818771 ], [ 106.903956487726589, -6.353023764704818 ], [ 106.903525296390214, -6.352738069038425 ], [ 106.901135777734467, -6.352059541195109 ], [ 106.900587805411149, -6.352130965220743 ], [ 106.900093732004876, -6.351604212798708 ], [ 106.900974080983318, -6.350657842686275 ], [ 106.900866283149227, -6.34990788777668 ], [ 106.900291361367394, -6.349765039098614 ], [ 106.900345260284439, -6.349354348928414 ], [ 106.900650687481033, -6.348890090080707 ], [ 106.901171710345821, -6.348649032437002 ], [ 106.901728665821977, -6.347399102104725 ], [ 106.901701716363462, -6.347166971851893 ], [ 106.901557985918004, -6.347149115674265 ], [ 106.901387306014016, -6.346417011858576 ], [ 106.901001030441847, -6.345970606582289 ], [ 106.901018996747524, -6.345309926063522 ], [ 106.900210512991819, -6.344568891500705 ], [ 106.899851186878166, -6.343792143284916 ], [ 106.89918643356792, -6.34347965804029 ], [ 106.898872023218473, -6.343685005508102 ], [ 106.898548629716203, -6.344542107098961 ], [ 106.898135404685505, -6.34414034090574 ], [ 106.897201156790018, -6.343711789954394 ], [ 106.89770421334913, -6.342568985675356 ], [ 106.899123551498036, -6.341881516255719 ], [ 106.899384062930423, -6.341533317108992 ], [ 106.896743015995114, -6.340024451422483 ], [ 106.895665037654183, -6.339711963894103 ], [ 106.895377576763252, -6.339908384648331 ], [ 106.895161981095072, -6.339828030712463 ] ] ] } },
{ "type": "Feature", "properties": { "FID": 159, "Kode_BPS_K": 3175020001, "Longitude": "106° 50' 12.446\" E", "Latitude": "6° 8' 5.623\" S", "Kecamatan": "PADEMANGAN", "ID": "3175020001", "KELURAHAN": "PADEMANGAN BARAT", "is_in_haml": "PADEMANGAN BARAT", "HAMLET": "Pademangan Barat", "LUAS": 146.393, "city": "dki", "source_layer": "Kelurahan", "role": "admin" }, "geometry": { "type": "Polygon", "coordinates": [ [ [ 106.837157763199471, -6.145710321098146 ], [ 106.837247594727884, -6.144808236276155 ], [ 106.838307606763138, -6.141762572265429 ], [ 106.842835115795097, -6.130419330230913 ], [ 106.843634616397978, -6.129142083924219 ], [ 106.845027005088355, -6.128105993765009 ], [ 106.845197684992343, -6.127695129868981 ], [ 106.830716842612333, -6.130240694567753 ], [ 106.833366872700495, -6.141682187935298 ], [ 106.835118587504525, -6.142620004365025 ], [ 106.83600791963579, -6.143334530059809 ], [ 106.836726571863096, -6.144549221539757 ], [ 106.837094881129573, -6.146147965658876 ], [ 106.837157763199471, -6.145710321098146 ] ] ] } },
{ "type": "Feature", "properties": { "FID": 160, "Kode_BPS_K": 3175020002, "Longitude": "106° 50' 52.761\" E", "Latitude": "6° 8' 26.709\" S", "Kecamatan": "PADEMANGAN", "ID": "3175020002", "KELURAHAN": "PADEMANGAN TIMUR", "is_in_haml": "PADEMANGAN TIMUR", "HAMLET": "Pademangan Timur", "LUAS": 290.293, "city": "dki", "source_layer": "Kelurahan", "role": "admin" }, "geometry": { "type": "Polygon", "coordinates": [ [ [ 106.855806788497787, -6.149943847255032 ], [ 106.855663058052329, -6.149086426957098 ], [ 106.854863557449477, -6.146701719485124 ], [ 106.854019141082389, -6.144647468523574 ], [ 106.852734550226103, -6.140137020119924 ], [ 106.852438106182333, -6.138913386935161 ], [ 106.852339291501082, -6.136466112134056 ], [ 106.851557757203906, -6.135519353174025 ], [ 106.849832991858406, -6.133947372318721 ], [ 106.849841975011245, -6.1328934280133 ], [ 106.849482648897592, -6.131214258206562 ], [ 106.849258070076559, -6.130874850901208 ], [ 106.848665181989048, -6.130669420058839 ], [ 106.847730934093562, -6.128775879873675 ], [ 106.847703984635032, -6.127221742813997 ], [ 106.845197684992343, -6.127695129868981 ], [ 106.845027005088355, -6.128105993765009 ], [ 106.843958009900248, -6.128820538917687 ], [ 106.843104610380337, -6.129820900523875 ], [ 106.838307606763138, -6.141762572265429 ], [ 106.847182961770244, -6.146925007155233 ], [ 106.84962637934305, -6.149032838142575 ], [ 106.85038096418171, -6.152801904928564 ], [ 106.853273539396582, -6.152355334429979 ], [ 106.856184080917117, -6.15220350037499 ], [ 106.856803918463157, -6.151640820851861 ], [ 106.858699363712645, -6.152730453674004 ], [ 106.859121571896196, -6.152828699146547 ], [ 106.859965988263269, -6.152730453674004 ], [ 106.860352263835438, -6.152605413955412 ], [ 106.861178713896834, -6.151426466591148 ], [ 106.861034983451361, -6.150560117240206 ], [ 106.860765488866136, -6.150149270662785 ], [ 106.860235482848495, -6.149908121436886 ], [ 106.8569206994501, -6.150586911571184 ], [ 106.855851704261994, -6.150622637343722 ], [ 106.855806788497787, -6.149943847255032 ] ] ] } },
{ "type": "Feature", "properties": { "FID": 161, "Kode_BPS_K": 3172100002, "Longitude": "106° 51' 32.440\" E", "Latitude": "6° 12' 13.270\" S", "Kecamatan": "MATRAMAN", "ID": "3172100002", "KELURAHAN": "PAL MERIEM", "is_in_haml": "PAL MERIEM", "HAMLET": "Pal Meriem", "LUAS": 63.8156, "city": "dki", "source_layer": "Kelurahan", "role": "admin" }, "geometry": { "type": "Polygon", "coordinates": [ [ [ 106.863101108604837, -6.211093986414975 ], [ 106.862633984657094, -6.210165221703875 ], [ 106.860379213293953, -6.201788404453215 ], [ 106.859022757214944, -6.197483847437275 ], [ 106.858492751197304, -6.196322861315124 ], [ 106.856273912445531, -6.197716044355169 ], [ 106.853857444331254, -6.199493240457649 ], [ 106.856390693432459, -6.201958085441535 ], [ 106.857127311965456, -6.203029753579826 ], [ 106.85781003158138, -6.2049587507384 ], [ 106.860882269853064, -6.212147775160703 ], [ 106.862202793320733, -6.211558368156115 ], [ 106.862589068892888, -6.211531576912953 ], [ 106.863918575513395, -6.211995958268077 ], [ 106.863101108604837, -6.211093986414975 ] ] ] } },
{ "type": "Feature", "properties": { "FID": 162, "Kode_BPS_K": 3174030001, "Longitude": "106° 47' 23.008\" E", "Latitude": "6° 12' 3.527\" S", "Kecamatan": "PALMERAH", "ID": "3174030001", "KELURAHAN": "PALMERAH", "is_in_haml": "PALMERAH", "HAMLET": "Palmerah", "LUAS": 228.749, "city": "dki", "source_layer": "Kelurahan", "role": "admin" }, "geometry": { "type": "Polygon", "coordinates": [ [ [ 106.78782228779562, -6.194956466684092 ], [ 106.787525843751865, -6.194402763277472 ], [ 106.787130585026844, -6.194358109751631 ], [ 106.784785982135304, -6.193063155859302 ], [ 106.782162901505686, -6.19327749327462 ], [ 106.782279682492614, -6.198805582374356 ], [ 106.783213930388087, -6.206744852922916 ], [ 106.787436012223452, -6.207066350673109 ], [ 106.78884636721952, -6.208495227188933 ], [ 106.789196710180335, -6.208530949052165 ], [ 106.790759778774699, -6.207450361617593 ], [ 106.792493527273052, -6.207816511327207 ], [ 106.796158653632247, -6.207575388376321 ], [ 106.796302384077705, -6.206539451479801 ], [ 106.797245615126045, -6.203994253041586 ], [ 106.79816189671584, -6.202815420126444 ], [ 106.799554285406231, -6.201413319969478 ], [ 106.798476307065286, -6.199332489297686 ], [ 106.797955284200484, -6.197823212128963 ], [ 106.795565765544737, -6.198359050671403 ], [ 106.795107624749832, -6.19826081364603 ], [ 106.793760151823662, -6.19844835704223 ], [ 106.793257095264551, -6.197367748940009 ], [ 106.793966764339004, -6.196635434753133 ], [ 106.794191343160037, -6.195903119549998 ], [ 106.794065579020256, -6.195411931954148 ], [ 106.793257095264551, -6.195018981548349 ], [ 106.792304881063373, -6.194268802688617 ], [ 106.789654850975239, -6.194304525515635 ], [ 106.789448238459883, -6.195269040931341 ], [ 106.788594838939972, -6.195251179550771 ], [ 106.788460091647352, -6.195215456787816 ], [ 106.78846907480019, -6.195036842936776 ], [ 106.78782228779562, -6.194956466684092 ] ] ] } },
{ "type": "Feature", "properties": { "FID": 163, "Kode_BPS_K": 3171080004, "Longitude": "106° 50' 26.709\" E", "Latitude": "6° 14' 51.093\" S", "Kecamatan": "PANCORAN", "ID": "3171080004", "KELURAHAN": "PANCORAN", "is_in_haml": "PANCORAN", "HAMLET": "Pancoran", "LUAS": 139.719, "city": "dki", "source_layer": "Kelurahan", "role": "admin" }, "geometry": { "type": "Polygon", "coordinates": [ [ [ 106.843365121812738, -6.243197873075149 ], [ 106.84120018197801, -6.242813888263814 ], [ 106.835235368491453, -6.241072558261154 ], [ 106.835307233714175, -6.241420824724747 ], [ 106.83517248642157, -6.242295954816548 ], [ 106.835325200019867, -6.243153223692947 ], [ 106.835199435880085, -6.243689016028152 ], [ 106.835522829382384, -6.246046495790215 ], [ 106.835190452727247, -6.248582560650514 ], [ 106.835810290273287, -6.250734634219311 ], [ 106.835720458744873, -6.251779413630937 ], [ 106.836088768011379, -6.251761554171346 ], [ 106.837633870300053, -6.252529510382981 ], [ 106.837642853452891, -6.253413551602351 ], [ 106.841864935288257, -6.253681442585869 ], [ 106.84260155382124, -6.253583215907849 ], [ 106.842583587515549, -6.251913359558419 ], [ 106.845898370913957, -6.251931219012825 ], [ 106.845952269831002, -6.250752493713964 ], [ 106.846634989446926, -6.250797142447929 ], [ 106.846868551420812, -6.247814598644935 ], [ 106.846715837822501, -6.247118073990912 ], [ 106.846760753586707, -6.244894546778061 ], [ 106.847003298713418, -6.243287171828136 ], [ 106.845449213271891, -6.243296101702598 ], [ 106.843877161524674, -6.242867467556714 ], [ 106.843697498467861, -6.243233592578171 ], [ 106.843365121812738, -6.243197873075149 ] ] ] } },
{ "type": "Feature", "properties": { "FID": 164, "Kode_BPS_K": 3175030003, "Longitude": "106° 52' 16.517\" E", "Latitude": "6° 7' 44.824\" S", "Kecamatan": "TANJUNG PRIOK", "ID": "3175030003", "KELURAHAN": "PAPANGO", "is_in_haml": "PAPANGO", "HAMLET": "Papango", "LUAS": 299.307, "city": "dki", "source_layer": "Kelurahan", "role": "admin" }, "geometry": { "type": "Polygon", "coordinates": [ [ [ 106.871760867943749, -6.121255243570617 ], [ 106.871518322817039, -6.120897966051692 ], [ 106.869380332440841, -6.121398154511288 ], [ 106.86936236613515, -6.121290971309368 ], [ 106.868419135086839, -6.121603588921527 ], [ 106.867511836649868, -6.122202027840226 ], [ 106.865472660954907, -6.122487849176766 ], [ 106.865068419077062, -6.12280939799756 ], [ 106.86399942388897, -6.122559304487004 ], [ 106.863568232552581, -6.121460678035811 ], [ 106.862139911250821, -6.122103776720468 ], [ 106.861717703067299, -6.122130572482194 ], [ 106.861591938927518, -6.122300278941912 ], [ 106.857845964192748, -6.123854430328188 ], [ 106.859121571896196, -6.127793379959851 ], [ 106.860585825809309, -6.129606537480448 ], [ 106.862202793320733, -6.131223189974839 ], [ 106.864933671784442, -6.133259629236951 ], [ 106.868212522571483, -6.132339659831547 ], [ 106.871383575524433, -6.131205326438136 ], [ 106.872075278293195, -6.13338467349962 ], [ 106.872075278293195, -6.137359279422432 ], [ 106.874123437140994, -6.137350347756959 ], [ 106.879037221745122, -6.138824070534227 ], [ 106.880133166391744, -6.136984149343655 ], [ 106.882612516575918, -6.130910577996151 ], [ 106.884049821030501, -6.126909128490895 ], [ 106.882423870366253, -6.1266143776757 ], [ 106.879495362540027, -6.126489331826142 ], [ 106.875390061691604, -6.126051671122009 ], [ 106.87336885230232, -6.126051671122009 ], [ 106.871760867943749, -6.121255243570617 ] ] ] } },
{ "type": "Feature", "properties": { "FID": 165, "Kode_BPS_K": 3173070001, "Longitude": "106° 50' 3.847\" E", "Latitude": "6° 9' 58.229\" S", "Kecamatan": "SAWAH BESAR", "ID": "3173070001", "KELURAHAN": "PASAR BARU", "is_in_haml": "PASAR BARU", "HAMLET": "Pasar Baru", "LUAS": 184.094, "city": "dki", "source_layer": "Kelurahan", "role": "admin" }, "geometry": { "type": "Polygon", "coordinates": [ [ [ 106.836672672946051, -6.156937129917772 ], [ 106.83466044670962, -6.157446215866067 ], [ 106.834049592316418, -6.157919576046832 ], [ 106.833780097731179, -6.157848125480546 ], [ 106.832791950918647, -6.158124996371354 ], [ 106.827482907589498, -6.159786218684509 ], [ 106.82787816631452, -6.161349191921189 ], [ 106.82860580169465, -6.162831779423438 ], [ 106.830150903983338, -6.164903822486056 ], [ 106.830474297485623, -6.168065458802259 ], [ 106.830797690987907, -6.168083321100775 ], [ 106.829809544175362, -6.169744512232067 ], [ 106.829540049590136, -6.170575105845375 ], [ 106.829486150673091, -6.170977005513514 ], [ 106.829647847424226, -6.171289593933557 ], [ 106.830061072454924, -6.171441422528187 ], [ 106.829764628411155, -6.171977287808552 ], [ 106.829764628411155, -6.172620325429589 ], [ 106.829998190385041, -6.173013292480437 ], [ 106.831417528533947, -6.17228094456019 ], [ 106.832944664516944, -6.172432772870743 ], [ 106.833007546586842, -6.172575670064457 ], [ 106.832522456333407, -6.173450914534894 ], [ 106.832046349232826, -6.175237123252296 ], [ 106.832091264997032, -6.175639019383451 ], [ 106.832612287861821, -6.175933743019098 ], [ 106.832791950918647, -6.17596053606875 ], [ 106.832738052001602, -6.17471019230711 ], [ 106.83412145753914, -6.173040085677835 ], [ 106.83441790158291, -6.172897188609389 ], [ 106.83538808208975, -6.17453157152874 ], [ 106.836340296290928, -6.175656881426645 ], [ 106.838118960553473, -6.17417432979127 ], [ 106.838083027942119, -6.174058226174711 ], [ 106.838918461156354, -6.173763501495293 ], [ 106.840786956947312, -6.171825459367472 ], [ 106.840436613986498, -6.171057385410565 ], [ 106.838415404597242, -6.163644521416883 ], [ 106.837355392561975, -6.159134234202756 ], [ 106.836672672946051, -6.156937129917772 ] ] ] } },
{ "type": "Feature", "properties": { "FID": 166, "Kode_BPS_K": 3171100006, "Longitude": "106° 50' 29.631\" E", "Latitude": "6° 12' 37.867\" S", "Kecamatan": "SETIA BUDI", "ID": "3171100006", "KELURAHAN": "PASAR MANGGIS", "is_in_haml": "PASAR MANGGIS", "HAMLET": "Pasar Manggis", "LUAS": 76.4716, "city": "dki", "source_layer": "Kelurahan", "role": "admin" }, "geometry": { "type": "Polygon", "coordinates": [ [ [ 106.847695001482194, -6.209147150811548 ], [ 106.840966620004139, -6.206860949355339 ], [ 106.838738798099513, -6.205958968707636 ], [ 106.838361505680197, -6.207012767728368 ], [ 106.834750278238033, -6.211040403880024 ], [ 106.835531812535223, -6.211728045997809 ], [ 106.837023015906851, -6.210049125999793 ], [ 106.837741668134143, -6.210620673834229 ], [ 106.838065061636428, -6.210665325982665 ], [ 106.837948280649499, -6.211120777680406 ], [ 106.838038112177912, -6.213764175831748 ], [ 106.841487642868927, -6.214148181891183 ], [ 106.842915964170686, -6.214148181891183 ], [ 106.843104610380337, -6.214576839486988 ], [ 106.843419020729783, -6.214675073470175 ], [ 106.84332918920137, -6.214934053883397 ], [ 106.84381427945479, -6.215782437102849 ], [ 106.844020891970146, -6.21485368066535 ], [ 106.847182961770244, -6.210245595637859 ], [ 106.847695001482194, -6.209147150811548 ] ] ] } },
{ "type": "Feature", "properties": { "FID": 167, "Kode_BPS_K": 3171020004, "Longitude": "106° 50' 21.045\" E", "Latitude": "6° 17' 23.761\" S", "Kecamatan": "PASAR MINGGU", "ID": "3171020004", "KELURAHAN": "PASAR MINGGU", "is_in_haml": "PASAR MINGGU", "HAMLET": "Pasar Minggu", "LUAS": 196.926, "city": "dki", "source_layer": "Kelurahan", "role": "admin" }, "geometry": { "type": "Polygon", "coordinates": [ [ [ 106.845143786075283, -6.280201969594063 ], [ 106.845467179577568, -6.278719713101657 ], [ 106.842403924458736, -6.277978583273241 ], [ 106.842116463567805, -6.277746421905234 ], [ 106.841514592327442, -6.276344522214792 ], [ 106.840625260196177, -6.276255229113072 ], [ 106.839771860676251, -6.279130459299285 ], [ 106.839367618798406, -6.279228681168106 ], [ 106.838909478003515, -6.280353766707494 ], [ 106.838666932876791, -6.280335908225859 ], [ 106.837678786064259, -6.285148746857373 ], [ 106.837822516509718, -6.285327329994586 ], [ 106.836582841417624, -6.288729327048341 ], [ 106.836430127819327, -6.288863263484853 ], [ 106.835630627216474, -6.288854334390157 ], [ 106.835406048395427, -6.289140065344299 ], [ 106.835118587504525, -6.29014012244706 ], [ 106.835091638045995, -6.291399120170931 ], [ 106.833896878718122, -6.29143483637393 ], [ 106.833807047189708, -6.291702707818176 ], [ 106.83352856945163, -6.291729494955008 ], [ 106.833330940089127, -6.294676071575359 ], [ 106.83390586187096, -6.297658347255515 ], [ 106.833869929259592, -6.29843516475545 ], [ 106.833303990630597, -6.298444093685474 ], [ 106.83301652973968, -6.299381630483217 ], [ 106.837148780046618, -6.302104942052582 ], [ 106.837750651286981, -6.301979937900082 ], [ 106.839879658510355, -6.302542456349136 ], [ 106.840283900388201, -6.296801167975656 ], [ 106.840634243349015, -6.295140379094281 ], [ 106.84133492927063, -6.293256359471723 ], [ 106.84357173432808, -6.288309659323848 ], [ 106.843607666939448, -6.287452464621325 ], [ 106.845143786075283, -6.280201969594063 ] ] ] } },
{ "type": "Feature", "properties": { "FID": 168, "Kode_BPS_K": 3173030002, "Longitude": "106° 51' 9.526\" E", "Latitude": "6° 11' 36.418\" S", "Kecamatan": "SENEN", "ID": "3173030002", "KELURAHAN": "PASEBAN", "is_in_haml": "PASEBAN", "HAMLET": "Paseban", "LUAS": 82.0034, "city": "dki", "source_layer": "Kelurahan", "role": "admin" }, "geometry": { "type": "Polygon", "coordinates": [ [ [ 106.854064056846596, -6.199439656743105 ], [ 106.856273912445531, -6.197716044355169 ], [ 106.858492751197304, -6.196322861315124 ], [ 106.856579339642138, -6.193581137797376 ], [ 106.851548774051068, -6.187356390188388 ], [ 106.85135114468855, -6.187517144994681 ], [ 106.851261313160137, -6.187954755052965 ], [ 106.850039604373748, -6.188276264252618 ], [ 106.847003298713418, -6.189973115121019 ], [ 106.847964496067419, -6.191500276242578 ], [ 106.849931806539644, -6.195269040931341 ], [ 106.853857444331254, -6.199493240457649 ], [ 106.854064056846596, -6.199439656743105 ] ] ] } },
{ "type": "Feature", "properties": { "FID": 169, "Kode_BPS_K": 3174080003, "Longitude": "106° 42' 8.890\" E", "Latitude": "6° 7' 57.997\" S", "Kecamatan": "KALIDERES", "ID": "3174080003", "KELURAHAN": "PEGADUNGAN", "is_in_haml": "PEGADUNGAN", "HAMLET": "Pegadungan", "LUAS": 751.24, "city": "dki", "source_layer": "Kelurahan", "role": "admin" }, "geometry": { "type": "Polygon", "coordinates": [ [ [ 106.714771288891029, -6.132071707279095 ], [ 106.714250266026241, -6.131803754592012 ], [ 106.708294435692522, -6.125435372787403 ], [ 106.705904917036762, -6.123157742334972 ], [ 106.704422696817971, -6.12115699227673 ], [ 106.703111156503155, -6.119969043384414 ], [ 106.701512155297422, -6.118075465254344 ], [ 106.698368051803001, -6.115002852506748 ], [ 106.69511615047449, -6.116673141277985 ], [ 106.689016589695314, -6.122121640561768 ], [ 106.687749965144704, -6.1246940274713 ], [ 106.687022329764574, -6.128356084677281 ], [ 106.687435554795272, -6.129695855425675 ], [ 106.688315903773699, -6.130472920918196 ], [ 106.689420831573173, -6.132536158284445 ], [ 106.690840169722094, -6.133286424438563 ], [ 106.691522889338017, -6.133491854272853 ], [ 106.691262377905616, -6.13503704135911 ], [ 106.691792383923243, -6.136341068594223 ], [ 106.691675602936314, -6.136912695965375 ], [ 106.691298310516984, -6.137555776024962 ], [ 106.691792383923243, -6.138368556656533 ], [ 106.691639670324946, -6.139011634958892 ], [ 106.691864249145979, -6.140047703924171 ], [ 106.692591884526124, -6.140771164679062 ], [ 106.695619207033602, -6.142521757006993 ], [ 106.699149586100191, -6.143522092895769 ], [ 106.702374537970172, -6.144656400066658 ], [ 106.704036421245803, -6.144701057779831 ], [ 106.706524754582802, -6.145361991496634 ], [ 106.708087823177181, -6.145451306800809 ], [ 106.711070229920452, -6.147398376705921 ], [ 106.713863990454058, -6.14792533476689 ], [ 106.718193870123528, -6.147943197742859 ], [ 106.717996240761011, -6.145799636343856 ], [ 106.717816577704184, -6.145317333838924 ], [ 106.718418448944547, -6.143906149925092 ], [ 106.718454381555915, -6.143486366646397 ], [ 106.717484201049075, -6.143236282833645 ], [ 106.71691826242008, -6.139386763610092 ], [ 106.716639784681988, -6.138609711110888 ], [ 106.716657750987679, -6.133518649462795 ], [ 106.717852510315552, -6.132420045571031 ], [ 106.716478087930852, -6.130848055578428 ], [ 106.715256379144449, -6.132089570786779 ], [ 106.714771288891029, -6.132071707279095 ] ] ] } },
{ "type": "Feature", "properties": { "FID": 170, "Kode_BPS_K": 3173020002, "Longitude": "106° 50' 52.664\" E", "Latitude": "6° 12' 7.031\" S", "Kecamatan": "MENTENG", "ID": "3173020002", "KELURAHAN": "PEGANGSAAN", "is_in_haml": "PEGANGSAAN", "HAMLET": "Pegangsaan", "LUAS": 98.6979, "city": "dki", "source_layer": "Kelurahan", "role": "admin" }, "geometry": { "type": "Polygon", "coordinates": [ [ [ 106.845521078494627, -6.195885258190885 ], [ 106.843544784869565, -6.195510169509887 ], [ 106.840238984624008, -6.196742602746401 ], [ 106.843535801716726, -6.201672306903427 ], [ 106.848467552626531, -6.208423783455199 ], [ 106.848925693421435, -6.207941537999028 ], [ 106.848907727115758, -6.207664693185814 ], [ 106.84914128908963, -6.207637901744556 ], [ 106.849159255395307, -6.207039559201419 ], [ 106.849653328801566, -6.205726775419704 ], [ 106.85040791364024, -6.20557495667612 ], [ 106.851333178382873, -6.205923246669999 ], [ 106.852527937710761, -6.205905385650271 ], [ 106.853030994269858, -6.206092926327206 ], [ 106.853174724715331, -6.206351910961804 ], [ 106.853704730732957, -6.206610895469097 ], [ 106.85481864168527, -6.206066134806017 ], [ 106.855528310759723, -6.205065917040198 ], [ 106.855761872733581, -6.204476502110627 ], [ 106.855716956969374, -6.203244086946062 ], [ 106.855528310759723, -6.20290472574261 ], [ 106.855124068881864, -6.20252964205305 ], [ 106.852842348060193, -6.201931293710166 ], [ 106.852590819780644, -6.201940224287441 ], [ 106.851629622426643, -6.202547503187175 ], [ 106.851476908828346, -6.202476058647042 ], [ 106.850560627238536, -6.200609566605904 ], [ 106.84897959233848, -6.198903819298283 ], [ 106.848162125429937, -6.198359050671403 ], [ 106.847757883552077, -6.198394773221548 ], [ 106.846329562250332, -6.199278905566812 ], [ 106.84570074155144, -6.199296766811042 ], [ 106.845431246966214, -6.199144946215812 ], [ 106.845027005088355, -6.198582316570125 ], [ 106.844991072476986, -6.198064339540409 ], [ 106.845044971394032, -6.197707113706371 ], [ 106.845826505691221, -6.19625141593187 ], [ 106.845754640468499, -6.195992426336494 ], [ 106.845521078494627, -6.195885258190885 ] ] ] } },
{ "type": "Feature", "properties": { "FID": 171, "Kode_BPS_K": 3175050003, "Longitude": "106° 54' 52.999\" E", "Latitude": "6° 9' 50.016\" S", "Kecamatan": "KELAPA GADING", "ID": "3175050003", "KELURAHAN": "PEGANGSAAN DUA", "is_in_haml": "PEGANGSAAN DUA", "HAMLET": "Pegangsaan Dua", "LUAS": 553.126, "city": "dki", "source_layer": "Kelurahan", "role": "admin" }, "geometry": { "type": "Polygon", "coordinates": [ [ [ 106.921850928186259, -6.162251248665953 ], [ 106.921868894491951, -6.161920792412661 ], [ 106.922111439618647, -6.162045829938107 ], [ 106.922030591243086, -6.1609383536877 ], [ 106.921365837932839, -6.159723699659322 ], [ 106.92158143360102, -6.158982402085222 ], [ 106.921518551531136, -6.158651943796972 ], [ 106.92020701121632, -6.157115756621867 ], [ 106.920054297618023, -6.156383386753311 ], [ 106.919596156823118, -6.155713535379635 ], [ 106.919551241058912, -6.15508834000216 ], [ 106.918724790997516, -6.153177023857409 ], [ 106.917691728420778, -6.151864106448193 ], [ 106.917467149599759, -6.150774471850225 ], [ 106.917727661032146, -6.15009568195537 ], [ 106.917754610490661, -6.149568726044794 ], [ 106.917332402307139, -6.14793426625495 ], [ 106.917098840333267, -6.147416239699586 ], [ 106.915796283171289, -6.145710321098146 ], [ 106.915454923363328, -6.144969003980171 ], [ 106.916290356577562, -6.142200220072128 ], [ 106.916281373424724, -6.141307060900902 ], [ 106.916847312053719, -6.139333173818951 ], [ 106.916919177276441, -6.137698682599472 ], [ 106.916344255494607, -6.137386074417953 ], [ 106.915122546708204, -6.137645092638523 ], [ 106.914394911328074, -6.137395006082827 ], [ 106.914296096646808, -6.137930905701299 ], [ 106.914062534672937, -6.137984495633499 ], [ 106.913029472096198, -6.139654712484918 ], [ 106.912957606873476, -6.140038772303771 ], [ 106.912436584008688, -6.140512147978524 ], [ 106.912167089423448, -6.141155223692801 ], [ 106.911116060541033, -6.141905477711252 ], [ 106.909831469684732, -6.142298467489495 ], [ 106.909121800610279, -6.15440955561649 ], [ 106.910460290383625, -6.154820398900882 ], [ 106.911538268724556, -6.154829330273103 ], [ 106.911448437196157, -6.156517356926683 ], [ 106.907504833098869, -6.162769260756994 ], [ 106.910325543091005, -6.164430468534105 ], [ 106.908915188094937, -6.166815096410688 ], [ 106.911394538279097, -6.168163701436653 ], [ 106.908340266313104, -6.173459845593465 ], [ 106.907576698321606, -6.173031154612185 ], [ 106.907145506985231, -6.176067708253799 ], [ 106.907370085806249, -6.177103704924158 ], [ 106.907307203736366, -6.178291526197872 ], [ 106.907046692303979, -6.178639834186245 ], [ 106.907145506985231, -6.179390035228794 ], [ 106.906579568356236, -6.180577851371075 ], [ 106.909526042488139, -6.182140763284876 ], [ 106.910280627326799, -6.182372966946651 ], [ 106.911098094235356, -6.182390828762566 ], [ 106.912005392672299, -6.182783788560072 ], [ 106.913918804227492, -6.182471206926716 ], [ 106.9223809342039, -6.183132093591055 ], [ 106.921680248282271, -6.180399232572649 ], [ 106.921806012422053, -6.179872306765981 ], [ 106.921644315670903, -6.177693150400668 ], [ 106.920790916151006, -6.174085019319251 ], [ 106.920144129146436, -6.17001244579794 ], [ 106.920467522648707, -6.168958572990836 ], [ 106.920539387871443, -6.168172632584332 ], [ 106.920835831915198, -6.168110114547423 ], [ 106.921132275958954, -6.167458140294626 ], [ 106.921042444430554, -6.166716853526418 ], [ 106.921850928186259, -6.162251248665953 ] ] ] } },
{ "type": "Feature", "properties": { "FID": 172, "Kode_BPS_K": 3175010003, "Longitude": "106° 47' 5.960\" E", "Latitude": "6° 8' 9.785\" S", "Kecamatan": "PENJARINGAN", "ID": "3175010003", "KELURAHAN": "PEJAGALAN", "is_in_haml": "PEJAGALAN", "HAMLET": "Pejagalan", "LUAS": 373.41, "city": "dki", "source_layer": "Kelurahan", "role": "admin" }, "geometry": { "type": "Polygon", "coordinates": [ [ [ 106.787687540503001, -6.143423845704223 ], [ 106.78898111451214, -6.143289872231983 ], [ 106.788693653621223, -6.142673593825399 ], [ 106.790580115717873, -6.142387783307733 ], [ 106.791963521255425, -6.142798635878631 ], [ 106.792071319089516, -6.143012993615838 ], [ 106.80057836483013, -6.142066246291957 ], [ 106.800245988174993, -6.136430385411384 ], [ 106.793023533290679, -6.137180646084522 ], [ 106.792736072399762, -6.132455772562467 ], [ 106.790526216800828, -6.132303932832333 ], [ 106.785441752292712, -6.131607255869257 ], [ 106.783968515226761, -6.126283899295419 ], [ 106.783914616309715, -6.125399645325898 ], [ 106.776350801617411, -6.124167046439985 ], [ 106.773682805223586, -6.121737567842167 ], [ 106.774617053119073, -6.124533253652469 ], [ 106.776773009800962, -6.13291129149346 ], [ 106.777240133748705, -6.133724079207611 ], [ 106.777311998971427, -6.134456480262351 ], [ 106.776359784770264, -6.134724431616346 ], [ 106.776171138560599, -6.134876270657157 ], [ 106.776072323879347, -6.135367514316399 ], [ 106.776521481521414, -6.137520049375348 ], [ 106.776476565757193, -6.137886247420346 ], [ 106.775973509198096, -6.138761549044665 ], [ 106.775883677669668, -6.140869412360104 ], [ 106.775407570569101, -6.142369920145283 ], [ 106.775452486333307, -6.14387935525762 ], [ 106.775209941206583, -6.145308402306931 ], [ 106.777419796805518, -6.14434379596953 ], [ 106.778120482727132, -6.144191959627532 ], [ 106.787687540503001, -6.143423845704223 ] ] ] } },
{ "type": "Feature", "properties": { "FID": 173, "Kode_BPS_K": 3171020006, "Longitude": "106° 50' 6.463\" E", "Latitude": "6° 16' 22.431\" S", "Kecamatan": "PASAR MINGGU", "ID": "3171020006", "KELURAHAN": "PEJATEN BARAT", "is_in_haml": "PEJATEN BARAT", "HAMLET": "Pejaten Barat", "LUAS": 304.887, "city": "dki", "source_layer": "Kelurahan", "role": "admin" }, "geometry": { "type": "Polygon", "coordinates": [ [ [ 106.842745284266684, -6.266138221638749 ], [ 106.834831126613594, -6.265995349871903 ], [ 106.834894008683477, -6.267531219315297 ], [ 106.834319086901644, -6.267665161203576 ], [ 106.833321956936288, -6.266977592478924 ], [ 106.833169243337977, -6.267147252378311 ], [ 106.831902618787367, -6.267218688108914 ], [ 106.831803804106116, -6.267691949577104 ], [ 106.832145163914092, -6.2685134590307 ], [ 106.832890765599899, -6.268888495525018 ], [ 106.83288178244706, -6.269102801972124 ], [ 106.832504490027731, -6.2692724611803 ], [ 106.832657203626027, -6.269763579629688 ], [ 106.832387709040802, -6.270192191716654 ], [ 106.832351776429434, -6.270772603356209 ], [ 106.832028382927149, -6.271156567624226 ], [ 106.832432624804994, -6.271603037347758 ], [ 106.831983467162942, -6.272192376797369 ], [ 106.832226012289652, -6.273272830724515 ], [ 106.832567372097614, -6.273790733465754 ], [ 106.832612287861821, -6.274746173379206 ], [ 106.828758515292961, -6.275014053414341 ], [ 106.828641734306018, -6.274880113413987 ], [ 106.828767498445799, -6.274781890725181 ], [ 106.828965127808303, -6.273746086697987 ], [ 106.828884279432728, -6.273406771137966 ], [ 106.828641734306018, -6.273183537096426 ], [ 106.828920212044096, -6.272871009277645 ], [ 106.82874054898727, -6.272629916260835 ], [ 106.828893262585567, -6.27227274121615 ], [ 106.828614784847488, -6.271969142235751 ], [ 106.828821397362844, -6.271504814041386 ], [ 106.828668683764533, -6.270888685606592 ], [ 106.828938178349773, -6.270469003502257 ], [ 106.828776481598638, -6.270290415270301 ], [ 106.829135807712277, -6.26962070885575 ], [ 106.829063942489555, -6.269227814025604 ], [ 106.828506987013398, -6.26824557565538 ], [ 106.828408172332146, -6.267799103057464 ], [ 106.828515970166237, -6.267531219315297 ], [ 106.828318340803733, -6.266825791469552 ], [ 106.827770368480429, -6.266138221638749 ], [ 106.827770368480429, -6.265629240790813 ], [ 106.827321210838363, -6.265477439389178 ], [ 106.826494760776981, -6.26559352281793 ], [ 106.826566625999703, -6.266102503700705 ], [ 106.826153400969005, -6.266950804068714 ], [ 106.825425765588875, -6.267566937155535 ], [ 106.825641361257055, -6.268692047871149 ], [ 106.8253449172133, -6.268933142708759 ], [ 106.82483287750135, -6.268772412829402 ], [ 106.823952528522909, -6.268834918899483 ], [ 106.823889646453026, -6.270540438777914 ], [ 106.823692017090522, -6.270844038590273 ], [ 106.823054213238805, -6.271397661322419 ], [ 106.821823521299549, -6.271656613688889 ], [ 106.821598942478516, -6.272013789155721 ], [ 106.820646728277353, -6.275880197918716 ], [ 106.82292844909901, -6.276576684207638 ], [ 106.824428635623491, -6.276764199587864 ], [ 106.825785091702514, -6.277442826114002 ], [ 106.827626638034971, -6.277791068330196 ], [ 106.828237492428173, -6.278692925294906 ], [ 106.828929195196935, -6.279371549307863 ], [ 106.828938178349773, -6.279576922190087 ], [ 106.829279538157749, -6.279773365740765 ], [ 106.831498376909508, -6.278701854563977 ], [ 106.832010416621458, -6.278630420407127 ], [ 106.834651463556781, -6.279853728990134 ], [ 106.839610163925116, -6.27921082264788 ], [ 106.839771860676251, -6.279130459299285 ], [ 106.84006830472002, -6.278425047151607 ], [ 106.840625260196177, -6.276255229113072 ], [ 106.841514592327442, -6.276344522214792 ], [ 106.842116463567805, -6.277746421905234 ], [ 106.842403924458736, -6.277978583273241 ], [ 106.845467179577568, -6.278719713101657 ], [ 106.845880404608266, -6.277157088737074 ], [ 106.846554141071366, -6.273237113275114 ], [ 106.846536174765674, -6.270727956329949 ], [ 106.846329562250332, -6.26962070885575 ], [ 106.845548027953143, -6.26787053869881 ], [ 106.844290386555386, -6.266129292154467 ], [ 106.842745284266684, -6.266138221638749 ] ] ] } },
{ "type": "Feature", "properties": { "FID": 174, "Kode_BPS_K": 3171020007, "Longitude": "106° 50' 53.818\" E", "Latitude": "6° 16' 48.869\" S", "Kecamatan": "PASAR MINGGU", "ID": "3171020007", "KELURAHAN": "PEJATEN TIMUR", "is_in_haml": "PEJATEN TIMUR", "HAMLET": "Pejaten Timur", "LUAS": 294.908, "city": "dki", "source_layer": "Kelurahan", "role": "admin" }, "geometry": { "type": "Polygon", "coordinates": [ [ [ 106.849877907622599, -6.266790073578576 ], [ 106.852060813763018, -6.262066360957417 ], [ 106.843320206048531, -6.262468190726639 ], [ 106.843481902799681, -6.264468405420816 ], [ 106.844613780057671, -6.266673990416012 ], [ 106.845548027953143, -6.26787053869881 ], [ 106.846329562250332, -6.26962070885575 ], [ 106.846536174765674, -6.270727956329949 ], [ 106.846554141071366, -6.273237113275114 ], [ 106.845880404608266, -6.277157088737074 ], [ 106.843607666939448, -6.287452464621325 ], [ 106.84357173432808, -6.288309659323848 ], [ 106.84133492927063, -6.293256359471723 ], [ 106.840634243349015, -6.295140379094281 ], [ 106.843616650092287, -6.296024348031 ], [ 106.844488015917875, -6.296774381100358 ], [ 106.844874291490058, -6.296908315463027 ], [ 106.849006541796996, -6.297729778798289 ], [ 106.849841975011245, -6.297622631480442 ], [ 106.849985705456703, -6.297774423507533 ], [ 106.850345031570342, -6.297649418311977 ], [ 106.852285392584037, -6.298345875446769 ], [ 106.852105729527224, -6.297729778798289 ], [ 106.850578593544213, -6.296783310058943 ], [ 106.850398930487401, -6.296220785368159 ], [ 106.850812155518085, -6.295810052669354 ], [ 106.851737420260733, -6.295631473133766 ], [ 106.853066926881226, -6.295818981644521 ], [ 106.853911343248299, -6.296167211556303 ], [ 106.854360500890365, -6.296042205973812 ], [ 106.854351517737527, -6.29425640865308 ], [ 106.853965242165344, -6.293711739248384 ], [ 106.853219640479537, -6.293943893490709 ], [ 106.852411156723818, -6.294845722447702 ], [ 106.85226742627836, -6.294711787553088 ], [ 106.852366240959611, -6.293979609518781 ], [ 106.854324568278997, -6.291568772113312 ], [ 106.854567113405707, -6.29053300149675 ], [ 106.854153888375009, -6.290256200379011 ], [ 106.853695747580119, -6.2903097748004 ], [ 106.852554887169291, -6.29094373836754 ], [ 106.851872167553338, -6.291024099891249 ], [ 106.851719453955042, -6.291158035736487 ], [ 106.851575723509583, -6.292515250354382 ], [ 106.851279279465828, -6.292890269557928 ], [ 106.85073130714251, -6.292908127608487 ], [ 106.850201301124883, -6.292595611635071 ], [ 106.849329935299295, -6.290443710829715 ], [ 106.84949163205043, -6.290175838736576 ], [ 106.85075825660104, -6.289827604809116 ], [ 106.851153515326047, -6.289148994434086 ], [ 106.851261313160137, -6.288434666766567 ], [ 106.851072666950486, -6.288166793638227 ], [ 106.850354014723194, -6.287907849482986 ], [ 106.849770109788508, -6.288515028678158 ], [ 106.849437733133385, -6.288568603278984 ], [ 106.848557384154958, -6.288095360780695 ], [ 106.847712967787871, -6.287104228869802 ], [ 106.847416523744101, -6.286372040118865 ], [ 106.847398557438424, -6.285363046614671 ], [ 106.847695001482194, -6.284845155383415 ], [ 106.848880777657229, -6.283648646084614 ], [ 106.848575350460635, -6.283318266166604 ], [ 106.848216024346982, -6.283478991558323 ], [ 106.847874664539006, -6.28343434562116 ], [ 106.847569237342412, -6.283166469917732 ], [ 106.847614153106619, -6.282871806484695 ], [ 106.849329935299295, -6.280675219272186 ], [ 106.850389947334548, -6.279916233731067 ], [ 106.850434863098755, -6.279639426964252 ], [ 106.84997672230385, -6.279532275918235 ], [ 106.849159255395307, -6.279666214722311 ], [ 106.848099243360053, -6.280041243190424 ], [ 106.846787703045223, -6.279407266336678 ], [ 106.846769736739546, -6.278853652114744 ], [ 106.848135175971407, -6.277933936864354 ], [ 106.849446716286224, -6.276505249759321 ], [ 106.850560627238536, -6.276764199587864 ], [ 106.851342161535712, -6.276549896290667 ], [ 106.85175538656641, -6.276040925606498 ], [ 106.851953015928913, -6.275130134720129 ], [ 106.851315212077182, -6.273808592171791 ], [ 106.851521824592538, -6.273424629857158 ], [ 106.851988948540296, -6.273219254549496 ], [ 106.853066926881226, -6.273406771137966 ], [ 106.853354387772143, -6.273335336255075 ], [ 106.853569983440323, -6.272960302959275 ], [ 106.853578966593176, -6.27193342469702 ], [ 106.854576096558546, -6.272031647922638 ], [ 106.855456445536987, -6.272647775006646 ], [ 106.856381710279621, -6.272826362431093 ], [ 106.856723070087597, -6.272737068726517 ], [ 106.856947648908616, -6.272442399392891 ], [ 106.856579339642138, -6.271736978190262 ], [ 106.856067299930189, -6.271504814041386 ], [ 106.854908473213669, -6.270540438777914 ], [ 106.854872540602315, -6.269879662104692 ], [ 106.854953388977876, -6.269638567704631 ], [ 106.855142035187541, -6.269576061730866 ], [ 106.855375597161427, -6.269638567704631 ], [ 106.855833737956317, -6.270460074092112 ], [ 106.856444592349504, -6.270540438777914 ], [ 106.856633238559183, -6.27037077998225 ], [ 106.855716956969374, -6.268325940682421 ], [ 106.855510344454032, -6.266665060940899 ], [ 106.849877907622599, -6.266790073578576 ] ] ] } },
{ "type": "Feature", "properties": { "FID": 175, "Kode_BPS_K": 3172010001, "Longitude": "106° 51' 51.425\" E", "Latitude": "6° 20' 42.675\" S", "Kecamatan": "PASAR REBO", "ID": "3172010001", "KELURAHAN": "PEKAYON", "is_in_haml": "PEKAYON", "HAMLET": "Pekayon", "LUAS": 302.972, "city": "dki", "source_layer": "Kelurahan", "role": "admin" }, "geometry": { "type": "Polygon", "coordinates": [ [ [ 106.863253822203134, -6.332355059970141 ], [ 106.862939411853702, -6.331721147079158 ], [ 106.862687883574139, -6.331533651567899 ], [ 106.862660934115624, -6.331801502277426 ], [ 106.862400422683223, -6.331988997691423 ], [ 106.861915332429803, -6.332051496147626 ], [ 106.861978214499686, -6.332480056786361 ], [ 106.862445338447429, -6.332569340207989 ], [ 106.862400422683223, -6.333372890307813 ], [ 106.862678900421301, -6.333471101900903 ], [ 106.862723816185508, -6.334801420730111 ], [ 106.862292624849132, -6.334890703750228 ], [ 106.862023130263893, -6.338185236390284 ], [ 106.861762618831506, -6.339113772954468 ], [ 106.860648707879193, -6.33861379193531 ], [ 106.860720573101929, -6.340095877116668 ], [ 106.86039717959963, -6.340845846308288 ], [ 106.858070543013767, -6.342961824932074 ], [ 106.858097492472297, -6.343827855872238 ], [ 106.855600175982445, -6.343997490628221 ], [ 106.855896620026201, -6.344434969478062 ], [ 106.855204917257424, -6.34609560009864 ], [ 106.855267799327322, -6.346568789564396 ], [ 106.856606289100668, -6.347202684205291 ], [ 106.856750019546112, -6.347086619047691 ], [ 106.857801048428541, -6.348104420308005 ], [ 106.857486638079095, -6.350265009298448 ], [ 106.856732053240435, -6.351014963687815 ], [ 106.85667815432339, -6.351443508562633 ], [ 106.856857817380202, -6.352104181212292 ], [ 106.856246962987015, -6.353291604248012 ], [ 106.856255946139854, -6.353800498996006 ], [ 106.856498491266564, -6.353979058437428 ], [ 106.857522570690449, -6.354095122041122 ], [ 106.857845964192748, -6.35387192278001 ], [ 106.859337167564391, -6.354282609345631 ], [ 106.859579712691101, -6.353416595987127 ], [ 106.86093616877011, -6.354282609345631 ], [ 106.860576842656471, -6.355398603792078 ], [ 106.860918202464433, -6.355898568518832 ], [ 106.862607035198579, -6.354800431069821 ], [ 106.863586198858272, -6.356327109326414 ], [ 106.862562119434372, -6.357193117785212 ], [ 106.86308314229916, -6.357844855148165 ], [ 106.865463677802069, -6.356077127232047 ], [ 106.8661014816538, -6.356005703754199 ], [ 106.866415892003246, -6.355523595019323 ], [ 106.866649453977104, -6.355505739131575 ], [ 106.867844213304991, -6.354496880467127 ], [ 106.867799297540785, -6.354157617816884 ], [ 106.867898112222051, -6.354157617816884 ], [ 106.867934044833405, -6.353880850752314 ], [ 106.867799297540785, -6.353773715074449 ], [ 106.867952011139096, -6.353425523967331 ], [ 106.868158623654438, -6.353470163866026 ], [ 106.868329303558411, -6.352943412814676 ], [ 106.868544899226606, -6.352764853013888 ], [ 106.868374219322618, -6.351416724518408 ], [ 106.868526932920929, -6.351247092205961 ], [ 106.868643713907858, -6.350452497998211 ], [ 106.868778461200478, -6.350104304644307 ], [ 106.869308467218104, -6.350032880337475 ], [ 106.869389315593679, -6.34978289518554 ], [ 106.869389315593679, -6.349568622101561 ], [ 106.869021006327188, -6.34928292451755 ], [ 106.869047955785717, -6.349006154831875 ], [ 106.868841343270361, -6.348693672749905 ], [ 106.869766608013009, -6.348077636090081 ], [ 106.869856439541422, -6.34761337609141 ], [ 106.869676776484596, -6.347149115674265 ], [ 106.870422378170417, -6.347068762867278 ], [ 106.870431361323256, -6.346220593584667 ], [ 106.871724935332381, -6.345658122658735 ], [ 106.872587318005145, -6.344720669750958 ], [ 106.873198172398347, -6.343604652160876 ], [ 106.872838846284694, -6.343345735734593 ], [ 106.872515452782423, -6.343568939558088 ], [ 106.872120194057402, -6.343381448352848 ], [ 106.87202137937615, -6.343068962859218 ], [ 106.872434604406848, -6.341988654407397 ], [ 106.872012396223312, -6.341685096253146 ], [ 106.871904598389222, -6.340944056478796 ], [ 106.871257811384652, -6.340827989911642 ], [ 106.871482390205685, -6.340381579794474 ], [ 106.872066295140357, -6.340453005439192 ], [ 106.87237172233695, -6.340247656683962 ], [ 106.872003413070473, -6.339881600004434 ], [ 106.872012396223312, -6.339667322803162 ], [ 106.872757997909119, -6.339551255948633 ], [ 106.871123064092032, -6.338354873002764 ], [ 106.868410151933986, -6.337640613204726 ], [ 106.867978960597611, -6.335917457371356 ], [ 106.867628617636797, -6.332667551953946 ], [ 106.866865049645298, -6.332837190380232 ], [ 106.865697239775955, -6.332792548694509 ], [ 106.864655194046364, -6.333078255416434 ], [ 106.864286884779872, -6.332810405369262 ], [ 106.863783828220761, -6.333185395396393 ], [ 106.863253822203134, -6.332355059970141 ] ] ] } },
{ "type": "Feature", "properties": { "FID": 176, "Kode_BPS_K": 3174050011, "Longitude": "106° 48' 14.724\" E", "Latitude": "6° 8' 14.797\" S", "Kecamatan": "TAMBORA", "ID": "3174050011", "KELURAHAN": "PEKOJAN", "is_in_haml": "PEKOJAN", "HAMLET": "Pekojan", "LUAS": 80.9139, "city": "dki", "source_layer": "Kelurahan", "role": "admin" }, "geometry": { "type": "Polygon", "coordinates": [ [ [ 106.806013172299046, -6.141932272478074 ], [ 106.807962516465579, -6.141664324749176 ], [ 106.807782853408767, -6.138225650261701 ], [ 106.807953533312741, -6.13710919273259 ], [ 106.80745047675363, -6.135957006109863 ], [ 106.807082167487138, -6.133866986809495 ], [ 106.806767757137706, -6.133045267575578 ], [ 106.805644863032555, -6.131392893543684 ], [ 106.805779610325175, -6.131973457976129 ], [ 106.80206058504892, -6.133045267575578 ], [ 106.801386848585821, -6.133447195619959 ], [ 106.800856842568194, -6.133992030929719 ], [ 106.80033581970342, -6.13503704135911 ], [ 106.800245988174993, -6.136430385411384 ], [ 106.80057836483013, -6.142066246291957 ], [ 106.806013172299046, -6.141932272478074 ] ] ] } },
{ "type": "Feature", "properties": { "FID": 177, "Kode_BPS_K": 3171070002, "Longitude": "106° 49' 1.781\" E", "Latitude": "6° 14' 54.778\" S", "Kecamatan": "MAMPANG PRAPATAN", "ID": "3171070002", "KELURAHAN": "PELA MAMPANG", "is_in_haml": "PELA MAMPANG", "HAMLET": "Pela Mampang", "LUAS": 193.615, "city": "dki", "source_layer": "Kelurahan", "role": "admin" }, "geometry": { "type": "Polygon", "coordinates": [ [ [ 106.820296385316553, -6.240563553013319 ], [ 106.817763136215319, -6.238956164774054 ], [ 106.81643362959484, -6.241063628348786 ], [ 106.816173118162439, -6.240885030069483 ], [ 106.81592158988289, -6.24131366583753 ], [ 106.815768876284594, -6.241670862043011 ], [ 106.816029387716981, -6.242269165141553 ], [ 106.815670061603342, -6.242340604271829 ], [ 106.815714977367548, -6.24296569624613 ], [ 106.815589213227753, -6.243215732826966 ], [ 106.815193954502746, -6.242867467556714 ], [ 106.814744796860694, -6.242992485885501 ], [ 106.814663948485119, -6.243930122400158 ], [ 106.814529201192499, -6.244171228661155 ], [ 106.814151908773169, -6.244323036250017 ], [ 106.814232757148744, -6.244555212477266 ], [ 106.813810548965193, -6.244796318450446 ], [ 106.813837498423723, -6.24552856554022 ], [ 106.813594953297013, -6.245671442901743 ], [ 106.8131547788078, -6.245591074390685 ], [ 106.812651722248688, -6.246734092054527 ], [ 106.812013918396957, -6.246850179646397 ], [ 106.811933070021396, -6.247252021111752 ], [ 106.811421030309447, -6.247252021111752 ], [ 106.809920843784965, -6.248555771297197 ], [ 106.809552534518474, -6.24869864783237 ], [ 106.809462702990075, -6.24906476877568 ], [ 106.810064574230424, -6.250359584690747 ], [ 106.810414917191224, -6.250413163211289 ], [ 106.810361018274179, -6.250806072194265 ], [ 106.809875928020759, -6.251109683478975 ], [ 106.808905747513919, -6.252449142925294 ], [ 106.809202191557674, -6.252850980090222 ], [ 106.808645236081517, -6.253190309011243 ], [ 106.808627269775826, -6.254753005147297 ], [ 106.810810175916245, -6.254681567711533 ], [ 106.810792209610568, -6.253770739549871 ], [ 106.811151535724221, -6.253761809854157 ], [ 106.811205434641266, -6.254779794183192 ], [ 106.811726457506055, -6.254922669018113 ], [ 106.812795452694147, -6.254744075468361 ], [ 106.822164881107511, -6.254413677240476 ], [ 106.823404556199591, -6.254208294453033 ], [ 106.823296758365501, -6.253583215907849 ], [ 106.823674050784845, -6.253190309011243 ], [ 106.82354828664505, -6.252261618809325 ], [ 106.823898629605864, -6.251966937919806 ], [ 106.823880663300187, -6.250109551522322 ], [ 106.823701000243361, -6.249252294037679 ], [ 106.823305741518354, -6.248582560650514 ], [ 106.822640988208107, -6.248037843530185 ], [ 106.822227763177409, -6.246555495709069 ], [ 106.822640988208107, -6.245608934060875 ], [ 106.822676920819461, -6.244546282624276 ], [ 106.823341674129708, -6.244412334811142 ], [ 106.823557269797888, -6.243635436819299 ], [ 106.823269808906986, -6.243537208255496 ], [ 106.823170994225734, -6.24334075107262 ], [ 106.823494387728005, -6.242929976724837 ], [ 106.823054213238805, -6.242322744490173 ], [ 106.822748786042197, -6.242483482503152 ], [ 106.822290645247293, -6.242403113502829 ], [ 106.822093015884789, -6.242135216746025 ], [ 106.821482161491588, -6.24202805800494 ], [ 106.821365380504659, -6.241617282627716 ], [ 106.821670807701253, -6.241536913494495 ], [ 106.821392329963174, -6.240554623092275 ], [ 106.820296385316553, -6.240563553013319 ] ] ] } },
{ "type": "Feature", "properties": { "FID": 178, "Kode_BPS_K": 3171080005, "Longitude": "106° 51' 19.421\" E", "Latitude": "6° 14' 57.294\" S", "Kecamatan": "PANCORAN", "ID": "3171080005", "KELURAHAN": "PENGADEGAN", "is_in_haml": "PENGADEGAN", "HAMLET": "Pengadegan", "LUAS": 96.3118, "city": "dki", "source_layer": "Kelurahan", "role": "admin" }, "geometry": { "type": "Polygon", "coordinates": [ [ [ 106.858923942533693, -6.246510846613183 ], [ 106.85867241425413, -6.246367969480756 ], [ 106.84683261880943, -6.247314529756412 ], [ 106.846634989446926, -6.250645336736899 ], [ 106.847928563456051, -6.250600687989976 ], [ 106.847946529761742, -6.251841921734697 ], [ 106.856911716297262, -6.251216840360917 ], [ 106.859957005110431, -6.250868580414346 ], [ 106.860558876350794, -6.251323997220904 ], [ 106.860846337241696, -6.252315197135036 ], [ 106.861017017145684, -6.253868966192661 ], [ 106.86131346118944, -6.254056489732196 ], [ 106.862373473224707, -6.253779669245433 ], [ 106.862903479242334, -6.253163519893906 ], [ 106.862202793320733, -6.251154332182453 ], [ 106.862229742779249, -6.250439952469504 ], [ 106.864017390194647, -6.249484468078464 ], [ 106.864017390194647, -6.249270153582935 ], [ 106.862930428700864, -6.247993194560754 ], [ 106.862112961792306, -6.246751951685721 ], [ 106.862032113416731, -6.246394758946057 ], [ 106.858923942533693, -6.246510846613183 ] ] ] } },
{ "type": "Feature", "properties": { "FID": 179, "Kode_BPS_K": 3172080002, "Longitude": "106° 56' 5.506\" E", "Latitude": "6° 12' 18.003\" S", "Kecamatan": "CAKUNG", "ID": "3172080002", "KELURAHAN": "PENGGILINGAN", "is_in_haml": "PENGGILINGAN", "HAMLET": "Penggilingan", "LUAS": 445.539, "city": "dki", "source_layer": "Kelurahan", "role": "admin" }, "geometry": { "type": "Polygon", "coordinates": [ [ [ 106.934939381875878, -6.186302551914012 ], [ 106.934310561177, -6.186275759388123 ], [ 106.934112931814482, -6.186481168718569 ], [ 106.934130898120173, -6.188044063183601 ], [ 106.933708689936637, -6.188499534415065 ], [ 106.932774442041151, -6.188079786431629 ], [ 106.931956975132593, -6.188052993995835 ], [ 106.930654417970629, -6.187454629242488 ], [ 106.929702203769466, -6.187195635333197 ], [ 106.929863900520601, -6.187722553842677 ], [ 106.930546620136539, -6.188821043283252 ], [ 106.931777312075781, -6.190098146022057 ], [ 106.932280368634892, -6.191518137750041 ], [ 106.932477997997381, -6.192822026163069 ], [ 106.932217486564994, -6.19530476369067 ], [ 106.932379183316129, -6.195849535470847 ], [ 106.933034953473538, -6.196572920080342 ], [ 106.933034953473538, -6.197894657299399 ], [ 106.932855290416725, -6.198939541811539 ], [ 106.932621728442854, -6.199448587362574 ], [ 106.932280368634892, -6.199653991568621 ], [ 106.930950862014399, -6.199689714031073 ], [ 106.928453545524533, -6.201270430572158 ], [ 106.927824724825655, -6.202359961248676 ], [ 106.927815741672816, -6.206682339448706 ], [ 106.92588436381196, -6.208709558331984 ], [ 106.925516054545469, -6.209450786195932 ], [ 106.925318425182965, -6.210263456510411 ], [ 106.924734520248279, -6.211397620676692 ], [ 106.924959099069312, -6.21220135758294 ], [ 106.924698587636925, -6.215961043922084 ], [ 106.938281114732803, -6.217595293501934 ], [ 106.938757221833384, -6.217488129750629 ], [ 106.939511806672044, -6.217800690630899 ], [ 106.940886229056744, -6.217961436154131 ], [ 106.942673876472142, -6.218041808897322 ], [ 106.942584044943729, -6.217702457231403 ], [ 106.94276370800057, -6.215719924701789 ], [ 106.942619977555097, -6.215237685929659 ], [ 106.94233251666418, -6.215085869928432 ], [ 106.942458280803962, -6.214103530038203 ], [ 106.942000140009057, -6.213871340341639 ], [ 106.942314550358503, -6.211763767641723 ], [ 106.942000140009057, -6.211611950638348 ], [ 106.942269634594297, -6.210611743404087 ], [ 106.943338629782403, -6.210763560695897 ], [ 106.943419478157978, -6.210620673834229 ], [ 106.943967450481281, -6.210674256411898 ], [ 106.944209995607991, -6.210174152141589 ], [ 106.944156096690946, -6.209950891153269 ], [ 106.943967450481281, -6.209879447617015 ], [ 106.943886602105707, -6.209057846253412 ], [ 106.943554225450583, -6.208763141104119 ], [ 106.943446427616493, -6.208423783455199 ], [ 106.943410495005125, -6.207512875000666 ], [ 106.941856409563599, -6.207111003122896 ], [ 106.941973190550527, -6.206566242976923 ], [ 106.941182673100514, -6.20641442447522 ], [ 106.94122758886472, -6.205950038198454 ], [ 106.940167576829452, -6.205762497470662 ], [ 106.940374189344794, -6.204905167579328 ], [ 106.940392155650486, -6.202690392238397 ], [ 106.940814363834022, -6.20091320690946 ], [ 106.940688599694241, -6.200127313999749 ], [ 106.940203509440821, -6.199984424253981 ], [ 106.940149610523775, -6.198859166153311 ], [ 106.941308437240281, -6.198823443634613 ], [ 106.941407251921532, -6.193741890709315 ], [ 106.939107564794199, -6.192848818356976 ], [ 106.939197396322598, -6.192170082358978 ], [ 106.938990783807256, -6.191009084550664 ], [ 106.938308064191332, -6.188963936050762 ], [ 106.937876872854957, -6.188526326828219 ], [ 106.937876872854957, -6.188044063183601 ], [ 106.937490597282775, -6.187124188715195 ], [ 106.936484484164566, -6.186490099557212 ], [ 106.934939381875878, -6.186302551914012 ] ] ] } },
{ "type": "Feature", "properties": { "FID": 180, "Kode_BPS_K": 3175010004, "Longitude": "106° 47' 59.880\" E", "Latitude": "6° 7' 18.445\" S", "Kecamatan": "PENJARINGAN", "ID": "3175010004", "KELURAHAN": "PENJARINGAN", "is_in_haml": "PENJARINGAN", "HAMLET": "Penjaringan", "LUAS": 440.801, "city": "dki", "source_layer": "Kelurahan", "role": "admin" }, "geometry": { "type": "Polygon", "coordinates": [ [ [ 106.798898515248823, -6.096727587830477 ], [ 106.798449357606756, -6.094324781850769 ], [ 106.800425651231834, -6.092806274382188 ], [ 106.800551415371601, -6.092466842713494 ], [ 106.798224778785737, -6.094146134136292 ], [ 106.800713112122736, -6.108116205757454 ], [ 106.800219038716477, -6.108687863334945 ], [ 106.796284417772029, -6.10900048831445 ], [ 106.796356282994765, -6.109473891507292 ], [ 106.796976120540805, -6.110545746245831 ], [ 106.797074935222057, -6.11168905560087 ], [ 106.796221535702145, -6.112332166039598 ], [ 106.796347299841926, -6.112564400174724 ], [ 106.796526962898753, -6.112466147283704 ], [ 106.797146800444793, -6.111796240727669 ], [ 106.797245615126045, -6.111197790161667 ], [ 106.797667823309581, -6.111162061748496 ], [ 106.797533076016961, -6.11168905560087 ], [ 106.79764985700389, -6.11220711684816 ], [ 106.798063082034588, -6.112216048934232 ], [ 106.798449357606756, -6.112037407184464 ], [ 106.79851223967664, -6.112198184761939 ], [ 106.799329706585198, -6.112090999715657 ], [ 106.799662083240321, -6.11220711684816 ], [ 106.799635133781791, -6.112323233955463 ], [ 106.799760897921587, -6.112216048934232 ], [ 106.800506499607394, -6.11248401144705 ], [ 106.801117354000596, -6.113466539512462 ], [ 106.801925837756301, -6.114154308084524 ], [ 106.802276180717115, -6.115011784546137 ], [ 106.802671439442122, -6.117182265694719 ], [ 106.8029499171802, -6.119843995978956 ], [ 106.802985849791554, -6.12130883517785 ], [ 106.80284211934611, -6.121692908205688 ], [ 106.803003816097245, -6.122255619352477 ], [ 106.802554658455179, -6.12307735520035 ], [ 106.801934820909139, -6.12353288213656 ], [ 106.801809056769372, -6.124015204351397 ], [ 106.802132450271657, -6.124283160949184 ], [ 106.801871938839255, -6.124729754980021 ], [ 106.801889905144932, -6.125221007982513 ], [ 106.79738036241865, -6.125310326661677 ], [ 106.793930831727636, -6.1244975261306 ], [ 106.792313864216212, -6.12538178159425 ], [ 106.791981487561102, -6.125703328672478 ], [ 106.792071319089516, -6.126909128490895 ], [ 106.783914616309715, -6.125399645325898 ], [ 106.783968515226761, -6.126283899295419 ], [ 106.785441752292712, -6.131607255869257 ], [ 106.790526216800828, -6.132303932832333 ], [ 106.792736072399762, -6.132455772562467 ], [ 106.793023533290679, -6.137180646084522 ], [ 106.800245988174993, -6.136430385411384 ], [ 106.800281920786361, -6.135367514316399 ], [ 106.800488533301717, -6.13464404622429 ], [ 106.800856842568194, -6.133992030929719 ], [ 106.801620410559707, -6.133259629236951 ], [ 106.805779610325175, -6.131973457976129 ], [ 106.805644863032555, -6.131392893543684 ], [ 106.81037898457987, -6.130294285272982 ], [ 106.809327955697441, -6.127328924825481 ], [ 106.809139309487776, -6.127239606484072 ], [ 106.809103376876422, -6.127060969756414 ], [ 106.809399820920177, -6.126757287182182 ], [ 106.809166258946306, -6.125881965854478 ], [ 106.809058461112215, -6.124408207315469 ], [ 106.807944550159903, -6.124774414362561 ], [ 106.808133196369567, -6.123747247619157 ], [ 106.808627269775826, -6.122389598109581 ], [ 106.808034381688316, -6.118575656355814 ], [ 106.807899634395696, -6.118611384273722 ], [ 106.807540308282043, -6.116673141277985 ], [ 106.807288780002494, -6.116083628189776 ], [ 106.807234881085449, -6.113966734925299 ], [ 106.806866571818958, -6.113922074639598 ], [ 106.806641992997939, -6.112492943528498 ], [ 106.806911487583164, -6.112430418955222 ], [ 106.806668942456454, -6.110947691219376 ], [ 106.806794706596236, -6.11092982700474 ], [ 106.806776740290545, -6.110635067377151 ], [ 106.806489279399628, -6.109411366581289 ], [ 106.806111986980298, -6.108911166910363 ], [ 106.806201818508711, -6.107901834008533 ], [ 106.803668569407492, -6.094467699979531 ], [ 106.803048731861452, -6.094583820931124 ], [ 106.804279423800693, -6.101506370703717 ], [ 106.804423154246152, -6.101470641644014 ], [ 106.804504002621726, -6.1019708482631 ], [ 106.802446860621089, -6.102292409414567 ], [ 106.801997702979023, -6.099827102323394 ], [ 106.800892775179577, -6.100005748145802 ], [ 106.800542432218762, -6.097995979212009 ], [ 106.80181803992221, -6.097772671087748 ], [ 106.801836006227887, -6.09805850547014 ], [ 106.801934820909139, -6.098040640825704 ], [ 106.802015669284714, -6.097567227531311 ], [ 106.800533449065924, -6.09782626504605 ], [ 106.799994459895444, -6.09476246849989 ], [ 106.799805813685779, -6.094824995134908 ], [ 106.800111240882373, -6.096602534996626 ], [ 106.798898515248823, -6.096727587830477 ] ] ] } },
{ "type": "Feature", "properties": { "FID": 181, "Kode_BPS_K": 3171040002, "Longitude": "106° 45' 30.547\" E", "Latitude": "6° 15' 23.472\" S", "Kecamatan": "PESANGGRAHAN", "ID": "3171040002", "KELURAHAN": "PESANGGRAHAN", "is_in_haml": "PESANGGRAHAN", "HAMLET": "Pesanggrahan", "LUAS": 195.815, "city": "dki", "source_layer": "Kelurahan", "role": "admin" }, "geometry": { "type": "Polygon", "coordinates": [ [ [ 106.761851992931739, -6.249136206978652 ], [ 106.761618430957853, -6.248457543656637 ], [ 106.760540452616908, -6.248823664768643 ], [ 106.760747065132264, -6.249323732215047 ], [ 106.760666216756704, -6.249466608540523 ], [ 106.756974140938965, -6.249707712251288 ], [ 106.75700109039748, -6.249430889462811 ], [ 106.756731595812255, -6.249430889462811 ], [ 106.75665074743668, -6.249779150366475 ], [ 106.755312257663334, -6.249850588471906 ], [ 106.755303274510496, -6.249555906224132 ], [ 106.754036649959886, -6.249591625293307 ], [ 106.754027666807048, -6.249475538309571 ], [ 106.753434778719537, -6.249564835991654 ], [ 106.753443761872376, -6.249725571781 ], [ 106.752150187863251, -6.249752361074423 ], [ 106.752186120474605, -6.250029183692807 ], [ 106.751880693277997, -6.250029183692807 ], [ 106.751979507959248, -6.251091823996519 ], [ 106.752455615059844, -6.251252559316685 ], [ 106.752725109645084, -6.251716905519705 ], [ 106.753991734195679, -6.251690116326889 ], [ 106.75372223961044, -6.252297337693741 ], [ 106.754369026615024, -6.254145786632144 ], [ 106.754288178239435, -6.25531557461279 ], [ 106.754045633112739, -6.255958510403397 ], [ 106.754458858143437, -6.257681931607138 ], [ 106.754422925532069, -6.259869686086918 ], [ 106.7526622275752, -6.259673235038664 ], [ 106.751602215539933, -6.260566193753533 ], [ 106.751422552483092, -6.261101968249635 ], [ 106.751557299775726, -6.2612537709236 ], [ 106.751467468247299, -6.261727037800361 ], [ 106.753632408082041, -6.262271740655878 ], [ 106.754351060309332, -6.261994924521624 ], [ 106.755330223969025, -6.261959206300063 ], [ 106.756372269698602, -6.261557376139144 ], [ 106.756569899061105, -6.262468190726639 ], [ 106.753749189068969, -6.263048610958427 ], [ 106.754072582571254, -6.263887986767627 ], [ 106.752545446588243, -6.264736290735367 ], [ 106.752527480282566, -6.26565602926887 ], [ 106.752976637924633, -6.266209657507503 ], [ 106.752680193880877, -6.266602554610829 ], [ 106.7526622275752, -6.267620513911304 ], [ 106.753542576553627, -6.268567035689255 ], [ 106.756884309410552, -6.265245272454209 ], [ 106.760199092808946, -6.262834302024909 ], [ 106.761115374398742, -6.261343066593554 ], [ 106.761923858154461, -6.25808376474942 ], [ 106.762408948407895, -6.257164012879037 ], [ 106.763028785953935, -6.256583586108249 ], [ 106.76634356935233, -6.254797653539693 ], [ 106.766271704129608, -6.253592145606613 ], [ 106.765876445404587, -6.252913488065903 ], [ 106.765984243238677, -6.251868710919736 ], [ 106.766190855754019, -6.251422224323276 ], [ 106.767187985719403, -6.251127542960823 ], [ 106.767592227597262, -6.250457811974218 ], [ 106.767646126514308, -6.249877377758929 ], [ 106.766765777535866, -6.249154066527871 ], [ 106.766613063937569, -6.248689718050064 ], [ 106.763406078373251, -6.249145136753338 ], [ 106.763621674041445, -6.249493397847205 ], [ 106.76370252241702, -6.250064902729672 ], [ 106.762759291368681, -6.249957745611764 ], [ 106.762274201115261, -6.249725571781 ], [ 106.761851992931739, -6.249136206978652 ] ] ] } },
{ "type": "Feature", "properties": { "FID": 182, "Kode_BPS_K": 3173010005, "Longitude": "106° 48' 21.947\" E", "Latitude": "6° 11' 48.631\" S", "Kecamatan": "TANAH ABANG", "ID": "3173010005", "KELURAHAN": "PETAMBURAN", "is_in_haml": "PETAMBURAN", "HAMLET": "Petamburan", "LUAS": 89.085, "city": "dki", "source_layer": "Kelurahan", "role": "admin" }, "geometry": { "type": "Polygon", "coordinates": [ [ [ 106.800057341965328, -6.202217072107898 ], [ 106.801027522472182, -6.203994253041586 ], [ 106.801844989380726, -6.203654892321091 ], [ 106.807109116945668, -6.201136471727005 ], [ 106.807917600701387, -6.200466676990795 ], [ 106.810127456300322, -6.197921449235818 ], [ 106.809804062798023, -6.196572920080342 ], [ 106.809606433435519, -6.194367040457101 ], [ 106.80962439974121, -6.19192002150823 ], [ 106.810450849802592, -6.188856766478753 ], [ 106.808744050762769, -6.188767458485473 ], [ 106.806731824526338, -6.189017520828616 ], [ 106.806399447871215, -6.190821538511432 ], [ 106.805501132587096, -6.192911333470808 ], [ 106.805114857014928, -6.195670921834385 ], [ 106.804405187940475, -6.197278442386267 ], [ 106.803650603101801, -6.197805350834844 ], [ 106.802851102498948, -6.199002056203915 ], [ 106.800551415371601, -6.200145175215249 ], [ 106.799814796838632, -6.200707803193832 ], [ 106.799554285406231, -6.201413319969478 ], [ 106.800057341965328, -6.202217072107898 ] ] ] } },
{ "type": "Feature", "properties": { "FID": 183, "Kode_BPS_K": 3171060004, "Longitude": "106° 48' 40.337\" E", "Latitude": "6° 14' 35.421\" S", "Kecamatan": "KEBAYORAN BARU", "ID": "3171060004", "KELURAHAN": "PETOGOGAN", "is_in_haml": "PETOGOGAN", "HAMLET": "Petogogan", "LUAS": 85.2833, "city": "dki", "source_layer": "Kelurahan", "role": "admin" }, "geometry": { "type": "Polygon", "coordinates": [ [ [ 106.81567904475618, -6.238884725182324 ], [ 106.813819532118046, -6.238697196207702 ], [ 106.811205434641266, -6.238991884566267 ], [ 106.807279796849656, -6.239161553546035 ], [ 106.807369628378069, -6.241081488173368 ], [ 106.808483539330382, -6.244787388601568 ], [ 106.808133196369567, -6.24491240647201 ], [ 106.806067071216091, -6.247484196040001 ], [ 106.807154032709889, -6.248859383887807 ], [ 106.808214044745128, -6.249475538309571 ], [ 106.809175242099144, -6.24977022060261 ], [ 106.809552534518474, -6.24869864783237 ], [ 106.809920843784965, -6.248555771297197 ], [ 106.811421030309447, -6.247252021111752 ], [ 106.811933070021396, -6.247252021111752 ], [ 106.812013918396957, -6.246850179646397 ], [ 106.812651722248688, -6.246734092054527 ], [ 106.8131547788078, -6.245591074390685 ], [ 106.813594953297013, -6.245671442901743 ], [ 106.813837498423723, -6.24552856554022 ], [ 106.813810548965193, -6.244796318450446 ], [ 106.814232757148744, -6.244555212477266 ], [ 106.814151908773169, -6.244323036250017 ], [ 106.814529201192499, -6.244171228661155 ], [ 106.814663948485119, -6.243930122400158 ], [ 106.814744796860694, -6.242992485885501 ], [ 106.815193954502746, -6.242867467556714 ], [ 106.815589213227753, -6.243215732826966 ], [ 106.815714977367548, -6.24296569624613 ], [ 106.815670061603342, -6.242340604271829 ], [ 106.816029387716981, -6.242269165141553 ], [ 106.815768876284594, -6.241670862043011 ], [ 106.81592158988289, -6.24131366583753 ], [ 106.816173118162439, -6.240885030069483 ], [ 106.81643362959484, -6.241063628348786 ], [ 106.817763136215319, -6.238956164774054 ], [ 106.817116349210764, -6.23874184596965 ], [ 106.81567904475618, -6.238884725182324 ] ] ] } },
{ "type": "Feature", "properties": { "FID": 184, "Kode_BPS_K": 3173080002, "Longitude": "106° 48' 59.325\" E", "Latitude": "6° 10' 29.600\" S", "Kecamatan": "GAMBIR", "ID": "3173080002", "KELURAHAN": "PETOJO SELATAN", "is_in_haml": "PETOJO SELATAN", "HAMLET": "Petojo Selatan", "LUAS": 109.692, "city": "dki", "source_layer": "Kelurahan", "role": "admin" }, "geometry": { "type": "Polygon", "coordinates": [ [ [ 106.817879917202262, -6.180309923150825 ], [ 106.82042214945632, -6.175844432843801 ], [ 106.821742672923975, -6.173066878873876 ], [ 106.82179657184102, -6.172414910718819 ], [ 106.820763509264296, -6.168110114547423 ], [ 106.818939929237516, -6.169771305594749 ], [ 106.81116051887706, -6.171182420781744 ], [ 106.811699508047525, -6.173933191482259 ], [ 106.813612919602704, -6.181328049665949 ], [ 106.81447530227544, -6.181721010252986 ], [ 106.815535314310708, -6.181533460918312 ], [ 106.816047354022658, -6.181604908291744 ], [ 106.816792955708493, -6.181980006843932 ], [ 106.817879917202262, -6.180309923150825 ] ] ] } },
{ "type": "Feature", "properties": { "FID": 185, "Kode_BPS_K": 3173080005, "Longitude": "106° 48' 55.336\" E", "Latitude": "6° 9' 55.664\" S", "Kecamatan": "GAMBIR", "ID": "3173080005", "KELURAHAN": "PETOJO UTARA", "is_in_haml": "PETOJO UTARA", "HAMLET": "Petojo Utara", "LUAS": 111.834, "city": "dki", "source_layer": "Kelurahan", "role": "admin" }, "geometry": { "type": "Polygon", "coordinates": [ [ [ 106.819110609141518, -6.160018432142171 ], [ 106.819056710224473, -6.159687974498767 ], [ 106.814080043550447, -6.160527515136217 ], [ 106.811016788431587, -6.160786522086153 ], [ 106.810720344387832, -6.16556473107083 ], [ 106.810801192763407, -6.167342035206606 ], [ 106.810702378082155, -6.168154770288824 ], [ 106.81116051887706, -6.171182420781744 ], [ 106.818939929237516, -6.169771305594749 ], [ 106.820763509264296, -6.168110114547423 ], [ 106.819955025508577, -6.163921389284198 ], [ 106.81929027219833, -6.161509954621639 ], [ 106.819110609141518, -6.160018432142171 ] ] ] } },
{ "type": "Feature", "properties": { "FID": 186, "Kode_BPS_K": 3171040004, "Longitude": "106° 45' 13.672\" E", "Latitude": "6° 14' 35.515\" S", "Kecamatan": "PESANGGRAHAN", "ID": "3171040004", "KELURAHAN": "PETUKANGAN SELATAN", "is_in_haml": "PETUKANGAN SELATAN", "HAMLET": "Petukangan Selatan", "LUAS": 212.124, "city": "dki", "source_layer": "Kelurahan", "role": "admin" }, "geometry": { "type": "Polygon", "coordinates": [ [ [ 106.75778262469467, -6.236482563242393 ], [ 106.756605831672459, -6.235759233513258 ], [ 106.755959044667904, -6.235598493437946 ], [ 106.755536836484382, -6.235598493437946 ], [ 106.754252245628081, -6.236348613367837 ], [ 106.753380879802492, -6.236554003161497 ], [ 106.748637775102324, -6.236562933150701 ], [ 106.746562666796024, -6.236357543360539 ], [ 106.746778262464204, -6.237375561531514 ], [ 106.747110639119327, -6.23759881086612 ], [ 106.747622678831277, -6.238956164774054 ], [ 106.748637775102324, -6.240742151402205 ], [ 106.748601842490956, -6.241143997554611 ], [ 106.748377263669937, -6.2414833340655 ], [ 106.747802341888104, -6.241911969344029 ], [ 106.747353184246037, -6.242590641151067 ], [ 106.747038773896605, -6.243644366687822 ], [ 106.746814195075572, -6.245358898622769 ], [ 106.746769279311366, -6.247421687415605 ], [ 106.747047757049444, -6.247752090060001 ], [ 106.747263352717624, -6.248770086085326 ], [ 106.748188617460272, -6.249511257384233 ], [ 106.74811675223755, -6.250145270553698 ], [ 106.752186120474605, -6.250029183692807 ], [ 106.752150187863251, -6.249752361074423 ], [ 106.753443761872376, -6.249725571781 ], [ 106.753434778719537, -6.249564835991654 ], [ 106.754027666807048, -6.249475538309571 ], [ 106.754036649959886, -6.249591625293307 ], [ 106.755303274510496, -6.249555906224132 ], [ 106.755312257663334, -6.249850588471906 ], [ 106.75665074743668, -6.249779150366475 ], [ 106.756731595812255, -6.249430889462811 ], [ 106.75700109039748, -6.249430889462811 ], [ 106.756974140938965, -6.249707712251288 ], [ 106.760729098826587, -6.249421959693003 ], [ 106.760540452616908, -6.248823664768643 ], [ 106.760252991726006, -6.24847540322902 ], [ 106.760414688477141, -6.248028913736603 ], [ 106.760226042267476, -6.247377038393608 ], [ 106.760693166215219, -6.245600004225856 ], [ 106.760594351533953, -6.244180158520543 ], [ 106.760809947202148, -6.243403260184256 ], [ 106.760342823254405, -6.242063777587737 ], [ 106.760387739018611, -6.240474253796044 ], [ 106.760190109656108, -6.240063477200571 ], [ 106.760037396057811, -6.238536457033192 ], [ 106.760235025420315, -6.237947079638256 ], [ 106.760666216756704, -6.237580950922851 ], [ 106.758456361157755, -6.237277331794169 ], [ 106.75778262469467, -6.236482563242393 ] ] ] } },
{ "type": "Feature", "properties": { "FID": 187, "Kode_BPS_K": 3171040005, "Longitude": "106° 45' 4.239\" E", "Latitude": "6° 13' 46.327\" S", "Kecamatan": "PESANGGRAHAN", "ID": "3171040005", "KELURAHAN": "PETUKANGAN UTARA", "is_in_haml": "PETUKANGAN UTARA", "HAMLET": "Petukangan Utara", "LUAS": 267.587, "city": "dki", "source_layer": "Kelurahan", "role": "admin" }, "geometry": { "type": "Polygon", "coordinates": [ [ [ 106.760199092808946, -6.223283871279055 ], [ 106.760342823254405, -6.222899871891187 ], [ 106.760190109656108, -6.222614104722741 ], [ 106.758357546476518, -6.222560523361357 ], [ 106.757863473070245, -6.222658755853055 ], [ 106.756821427340668, -6.223462475549887 ], [ 106.755195476676406, -6.22341782448787 ], [ 106.755177510370729, -6.2236946610112 ], [ 106.754297161392273, -6.2236946610112 ], [ 106.754279195086596, -6.223426754700577 ], [ 106.752895789549058, -6.223399964062002 ], [ 106.747029790743767, -6.223533917241219 ], [ 106.744604339476638, -6.223828614115284 ], [ 106.737453749815046, -6.223775032877749 ], [ 106.737786126470169, -6.225319956367134 ], [ 106.738001722138364, -6.225418188342879 ], [ 106.739483942357154, -6.225319956367134 ], [ 106.739789369553762, -6.225480699590606 ], [ 106.739986998916265, -6.226177252990514 ], [ 106.740561920698099, -6.226168322824566 ], [ 106.740445139711156, -6.226248694312629 ], [ 106.740391240794111, -6.227659658432908 ], [ 106.741639899039043, -6.227731099553345 ], [ 106.742654995310104, -6.227320312978091 ], [ 106.74319398448057, -6.227463195301588 ], [ 106.74340958014875, -6.227615007727699 ], [ 106.743373647537396, -6.228838435677009 ], [ 106.74405636715332, -6.228838435677009 ], [ 106.744514507948224, -6.229052758527935 ], [ 106.743975518777745, -6.230535155850947 ], [ 106.745574519983478, -6.230803058534899 ], [ 106.745448755843711, -6.231838947626007 ], [ 106.744559423712431, -6.232249730664828 ], [ 106.744828918297671, -6.233196316442829 ], [ 106.744846884603348, -6.233794629213967 ], [ 106.744451625878341, -6.23475014222423 ], [ 106.74405636715332, -6.236464703261096 ], [ 106.74680521192272, -6.236348613367837 ], [ 106.748637775102324, -6.236562933150701 ], [ 106.753380879802492, -6.236554003161497 ], [ 106.754252245628081, -6.236348613367837 ], [ 106.755536836484382, -6.235598493437946 ], [ 106.755959044667904, -6.235598493437946 ], [ 106.756605831672459, -6.235759233513258 ], [ 106.757611944790682, -6.236339683374983 ], [ 106.758456361157755, -6.237277331794169 ], [ 106.760666216756704, -6.237580950922851 ], [ 106.760639267298174, -6.235518123381812 ], [ 106.760217059114638, -6.235178783009004 ], [ 106.760064345516341, -6.234500101604659 ], [ 106.759606204721436, -6.233589238339604 ], [ 106.759731968861203, -6.231517465023471 ], [ 106.759588238415759, -6.231133471656753 ], [ 106.759309760677667, -6.230963800079625 ], [ 106.75915704707937, -6.231097751329285 ], [ 106.758474327463446, -6.23110668141138 ], [ 106.758438394852078, -6.22829369803708 ], [ 106.758312630712297, -6.228150815939592 ], [ 106.758662973673111, -6.226784503918712 ], [ 106.759112131315163, -6.226400507089855 ], [ 106.759714002555526, -6.226320135625026 ], [ 106.759848749848146, -6.226052230653426 ], [ 106.760172143350431, -6.225909347946028 ], [ 106.760172143350431, -6.225203864008478 ], [ 106.76001942975212, -6.225078841439692 ], [ 106.760405705324303, -6.224614471637961 ], [ 106.760351806407243, -6.22435549599331 ], [ 106.760567402075438, -6.223801823497198 ], [ 106.760199092808946, -6.223283871279055 ] ] ] } },
{ "type": "Feature", "properties": { "FID": 188, "Kode_BPS_K": 3172040001, "Longitude": "106° 53' 4.280\" E", "Latitude": "6° 17' 26.811\" S", "Kecamatan": "MAKASAR", "ID": "3172040001", "KELURAHAN": "PINANG RANTI", "is_in_haml": "PINANG RANTI", "HAMLET": "Pinang Ranti", "LUAS": 236.622, "city": "dki", "source_layer": "Kelurahan", "role": "admin" }, "geometry": { "type": "Polygon", "coordinates": [ [ [ 106.883340151956062, -6.273701439926395 ], [ 106.883277269886165, -6.272879938646496 ], [ 106.883438966637314, -6.271603037347758 ], [ 106.882082510558291, -6.272317388110119 ], [ 106.882352005143517, -6.272790644951098 ], [ 106.882325055685001, -6.273674651861604 ], [ 106.882055561099776, -6.273656793150978 ], [ 106.88168725183327, -6.274103260733028 ], [ 106.88168725183327, -6.275246216000058 ], [ 106.881525555082135, -6.2753801559063 ], [ 106.88168725183327, -6.275514095778114 ], [ 106.881534538234973, -6.275781975418441 ], [ 106.881597420304871, -6.276023066976972 ], [ 106.881229111038365, -6.276076642863716 ], [ 106.881121313204275, -6.276308804975941 ], [ 106.881283009955425, -6.27641595668515 ], [ 106.881157245815643, -6.277764280475679 ], [ 106.881507588776458, -6.277907149017184 ], [ 106.881723184444638, -6.279826941241723 ], [ 106.882001662182716, -6.280326978984811 ], [ 106.881642336069078, -6.281407416039668 ], [ 106.881022498523024, -6.28236284198011 ], [ 106.880330795754247, -6.282952169255706 ], [ 106.88036672836563, -6.283764725465466 ], [ 106.880124183238905, -6.285023738624846 ], [ 106.87996248648777, -6.285175534331863 ], [ 106.877294490093931, -6.284666572080682 ], [ 106.876872281910394, -6.284773722069678 ], [ 106.877644833054745, -6.286997079360882 ], [ 106.87945044677582, -6.290916951190209 ], [ 106.88133690887247, -6.295649331090087 ], [ 106.881893864348612, -6.297711920913518 ], [ 106.882477769283298, -6.299006615967325 ], [ 106.883178455204913, -6.302042439980098 ], [ 106.884337281921432, -6.301926364682648 ], [ 106.88938581381818, -6.301944222422408 ], [ 106.88938581381818, -6.300488814615843 ], [ 106.892170591198948, -6.300435241244452 ], [ 106.892305338491568, -6.299917365035886 ], [ 106.892826361356356, -6.299863791605504 ], [ 106.892817378203517, -6.297202970939291 ], [ 106.891362107443243, -6.296836883807236 ], [ 106.89051769107617, -6.296202927431488 ], [ 106.889646325250581, -6.294604639612532 ], [ 106.889304965442605, -6.293024204922167 ], [ 106.888685127896565, -6.292167017994443 ], [ 106.888541397451107, -6.291166964791608 ], [ 106.88828088601872, -6.290658008404829 ], [ 106.888020374586318, -6.290568717759269 ], [ 106.889951752447175, -6.290282987590397 ], [ 106.889906836682968, -6.289720455861427 ], [ 106.887670031625504, -6.289006128979099 ], [ 106.88722985713629, -6.288702539756899 ], [ 106.886699851118664, -6.287648905198795 ], [ 106.885999165197049, -6.284648713747036 ], [ 106.886071030419785, -6.283729008735654 ], [ 106.885523058096467, -6.283032532014308 ], [ 106.885217630899859, -6.282148540987165 ], [ 106.884615759659511, -6.28135384070136 ], [ 106.884489995519729, -6.280952025488286 ], [ 106.884355248227109, -6.277960724710145 ], [ 106.884040837877663, -6.27759462403174 ], [ 106.883421000331623, -6.276264158423933 ], [ 106.883268286733326, -6.275201569356993 ], [ 106.883699478069701, -6.275183710698695 ], [ 106.883699478069701, -6.275014053414341 ], [ 106.883340151956062, -6.273701439926395 ] ] ] } },
{ "type": "Feature", "properties": { "FID": 189, "Kode_BPS_K": 3174060008, "Longitude": "106° 48' 56.560\" E", "Latitude": "6° 8' 12.785\" S", "Kecamatan": "TAMAN SARI", "ID": "3174060008", "KELURAHAN": "PINANGSIA", "is_in_haml": "PINANGSIA", "HAMLET": "Pinangsia", "LUAS": 101.612, "city": "dki", "source_layer": "Kelurahan", "role": "admin" }, "geometry": { "type": "Polygon", "coordinates": [ [ [ 106.816783972555641, -6.136314273546156 ], [ 106.814924459917506, -6.129669060043677 ], [ 106.812966132598135, -6.129677991837826 ], [ 106.81037898457987, -6.130294285272982 ], [ 106.812148665689577, -6.137305689427347 ], [ 106.812058834161164, -6.137939837357039 ], [ 106.811573743907744, -6.139083088055679 ], [ 106.811474929226492, -6.140029840683222 ], [ 106.812337311899256, -6.141065907667812 ], [ 106.813253593489051, -6.14152141923863 ], [ 106.814681914790796, -6.142816499026694 ], [ 106.818230260163077, -6.140208473065742 ], [ 106.819083659682988, -6.139958387713437 ], [ 106.820377233692113, -6.139922661224952 ], [ 106.820997071238153, -6.140199541448039 ], [ 106.821086902766567, -6.14042283184568 ], [ 106.820781475569973, -6.141369582091652 ], [ 106.820395199997805, -6.141753640673791 ], [ 106.820251469552346, -6.14213769897891 ], [ 106.820943172321108, -6.142494962269838 ], [ 106.821643858242723, -6.142486030690487 ], [ 106.823368623588237, -6.142825430600501 ], [ 106.823934562217232, -6.142736114855686 ], [ 106.822497257762649, -6.140101293643419 ], [ 106.821769622382504, -6.137627229317008 ], [ 106.821257582670555, -6.136832310903357 ], [ 106.820341301080759, -6.136358931958853 ], [ 106.819838244521648, -6.136358931958853 ], [ 106.816828888319847, -6.137207441089026 ], [ 106.816783972555641, -6.136314273546156 ] ] ] } },
{ "type": "Feature", "properties": { "FID": 190, "Kode_BPS_K": 3172100003, "Longitude": "106° 52' 8.112\" E", "Latitude": "6° 12' 42.168\" S", "Kecamatan": "MATRAMAN", "ID": "3172100003", "KELURAHAN": "PISANGAN BARU", "is_in_haml": "PISANGAN BARU", "HAMLET": "Pisangan Baru", "LUAS": 72.1338, "city": "dki", "source_layer": "Kelurahan", "role": "admin" }, "geometry": { "type": "Polygon", "coordinates": [ [ [ 106.873826993097225, -6.214942984240199 ], [ 106.874078521376774, -6.214925123526442 ], [ 106.873952757237006, -6.209790143183066 ], [ 106.871518322817039, -6.209227524900922 ], [ 106.870224748807914, -6.208673836480866 ], [ 106.867754381776578, -6.208370200648541 ], [ 106.867484887191353, -6.208584531842471 ], [ 106.862400422683223, -6.209263246714484 ], [ 106.862633984657094, -6.210165221703875 ], [ 106.863101108604837, -6.211093986414975 ], [ 106.863918575513395, -6.211995958268077 ], [ 106.867179459994745, -6.214907262812078 ], [ 106.86809574158454, -6.215068009219525 ], [ 106.873826993097225, -6.214942984240199 ] ] ] } },
{ "type": "Feature", "properties": { "FID": 191, "Kode_BPS_K": 3172090001, "Longitude": "106° 52' 48.447\" E", "Latitude": "6° 12' 31.101\" S", "Kecamatan": "PULO GADUNG", "ID": "3172090001", "KELURAHAN": "PISANGAN TIMUR", "is_in_haml": "PISANGAN TIMUR", "HAMLET": "Pisangan Timur", "LUAS": 183.478, "city": "dki", "source_layer": "Kelurahan", "role": "admin" }, "geometry": { "type": "Polygon", "coordinates": [ [ [ 106.882837095396951, -6.202163488670124 ], [ 106.880905717536095, -6.201859849086531 ], [ 106.87985468865368, -6.201949154864564 ], [ 106.878570097797379, -6.202199210962579 ], [ 106.877501102609287, -6.202618947717626 ], [ 106.875794303569464, -6.202770767312688 ], [ 106.875641589971153, -6.202824350688742 ], [ 106.875560741595578, -6.20336018414972 ], [ 106.875372095385913, -6.203449489673597 ], [ 106.87336885230232, -6.203458420225151 ], [ 106.873755127874503, -6.205333832699348 ], [ 106.874078521376774, -6.214925123526442 ], [ 106.88790359359939, -6.214201764109755 ], [ 106.889376830665327, -6.212076331922569 ], [ 106.888370717547133, -6.211763767641723 ], [ 106.884723557493601, -6.211763767641723 ], [ 106.884732540646439, -6.20944185574595 ], [ 106.884921186856104, -6.20942399484553 ], [ 106.884930170008957, -6.208048703694113 ], [ 106.885765603223177, -6.207182447034683 ], [ 106.886008148349902, -6.201886640821529 ], [ 106.884076770489031, -6.202172419243463 ], [ 106.882837095396951, -6.202163488670124 ] ] ] } },
{ "type": "Feature", "properties": { "FID": 192, "Kode_BPS_K": 3175010005, "Longitude": "106° 47' 6.946\" E", "Latitude": "6° 6' 47.214\" S", "Kecamatan": "PENJARINGAN", "ID": "3175010005", "KELURAHAN": "PLUIT", "is_in_haml": "PLUIT", "HAMLET": "Pluit", "LUAS": 678.199, "city": "dki", "source_layer": "Kelurahan", "role": "admin" }, "geometry": { "type": "Polygon", "coordinates": [ [ [ 106.796104754715202, -6.108437763219898 ], [ 106.795871192741345, -6.105427620528592 ], [ 106.796212552549292, -6.104570128713305 ], [ 106.797155783597631, -6.095477058180172 ], [ 106.796940187929451, -6.094369443770097 ], [ 106.796266451466352, -6.093958553972083 ], [ 106.795197456278245, -6.093896027236111 ], [ 106.794909995387329, -6.093154638240027 ], [ 106.793454724627054, -6.092690153046 ], [ 106.791622161447449, -6.093029584573483 ], [ 106.790831643997436, -6.093815635707728 ], [ 106.7900860423116, -6.100273716767797 ], [ 106.790005193936025, -6.104025263409189 ], [ 106.790400452661046, -6.10670492349975 ], [ 106.790427402119576, -6.108071544983506 ], [ 106.785262089235886, -6.108143002220033 ], [ 106.78448055493871, -6.108669999044887 ], [ 106.782755789593196, -6.108669999044887 ], [ 106.776566397285606, -6.106088602866 ], [ 106.776503515215722, -6.106240450044507 ], [ 106.777365897888473, -6.106579872993735 ], [ 106.776665211966858, -6.108330577420542 ], [ 106.776090290185024, -6.108125137911795 ], [ 106.776000458656611, -6.108339509571309 ], [ 106.775748930377063, -6.108241255904686 ], [ 106.775461469486146, -6.108902234769134 ], [ 106.775200958053745, -6.108848641918634 ], [ 106.77476976671737, -6.109804380280552 ], [ 106.774437390062246, -6.110170597331503 ], [ 106.774329592228156, -6.110125936728949 ], [ 106.774419423756569, -6.10997409065239 ], [ 106.7741229797128, -6.109849040909936 ], [ 106.774922480315666, -6.107964359110834 ], [ 106.774572137354866, -6.10782144458056 ], [ 106.774904514009989, -6.106972888771456 ], [ 106.775443503180469, -6.106937160076309 ], [ 106.77573994722421, -6.106311907525379 ], [ 106.777159285373131, -6.102363867422024 ], [ 106.780015927976635, -6.099425149005341 ], [ 106.777168268525969, -6.102256680407264 ], [ 106.776593346744136, -6.103784093343568 ], [ 106.774922480315666, -6.103873415602751 ], [ 106.774329592228156, -6.105257908715765 ], [ 106.77388043458609, -6.10515072227996 ], [ 106.773934333503135, -6.104954213758616 ], [ 106.772901270926397, -6.104650518629295 ], [ 106.772721607869585, -6.105123925667659 ], [ 106.772038888253647, -6.105097129054016 ], [ 106.771931090419542, -6.105016739205046 ], [ 106.772191601851944, -6.10455226428589 ], [ 106.771437017013284, -6.10421284005184 ], [ 106.773997215573019, -6.098406865917704 ], [ 106.773763653599161, -6.09836220433451 ], [ 106.771257353956457, -6.103810890022885 ], [ 106.770682432174624, -6.103685838841266 ], [ 106.768885801606388, -6.102774750780001 ], [ 106.767089171038151, -6.101434912581931 ], [ 106.767888671641003, -6.104632654204563 ], [ 106.768068334697844, -6.106177924740924 ], [ 106.76793358740521, -6.107705326496625 ], [ 106.768068334697844, -6.108402034622498 ], [ 106.768185115684773, -6.108768252632825 ], [ 106.769173262497304, -6.109804380280552 ], [ 106.770574634340534, -6.112626924732343 ], [ 106.769855982113242, -6.114332949127394 ], [ 106.769730217973461, -6.114851007814302 ], [ 106.769820049501874, -6.115118969007175 ], [ 106.770233274532558, -6.115610230845393 ], [ 106.772461096437183, -6.116065764146655 ], [ 106.773341445415625, -6.116476636987469 ], [ 106.773970266114503, -6.117155469684873 ], [ 106.77452722159066, -6.118218377045383 ], [ 106.774473322673614, -6.1190669150177 ], [ 106.77350314216676, -6.120219138107545 ], [ 106.773350428568463, -6.120951557694761 ], [ 106.773431276944024, -6.121433882240482 ], [ 106.776350801617411, -6.124167046439985 ], [ 106.782746806440358, -6.125185280506664 ], [ 106.792071319089516, -6.126909128490895 ], [ 106.791981487561102, -6.125703328672478 ], [ 106.792313864216212, -6.12538178159425 ], [ 106.793930831727636, -6.1244975261306 ], [ 106.79738036241865, -6.125310326661677 ], [ 106.801889905144932, -6.125221007982513 ], [ 106.801871938839255, -6.124729754980021 ], [ 106.801332949668776, -6.124452866724902 ], [ 106.80106345508355, -6.124113455119532 ], [ 106.800838876262517, -6.123747247619157 ], [ 106.800731078428427, -6.123095219009088 ], [ 106.799545302253378, -6.122639691699596 ], [ 106.798889532095984, -6.12258610022588 ], [ 106.79829664400846, -6.122050185192983 ], [ 106.797335446654444, -6.122005525582639 ], [ 106.797200699361838, -6.11926341835602 ], [ 106.796571878662945, -6.118495268531789 ], [ 106.795170506819716, -6.118504200512833 ], [ 106.795062708985625, -6.117709253615407 ], [ 106.794128461090153, -6.117718185609585 ], [ 106.794227275771405, -6.115699551131129 ], [ 106.795071692138464, -6.115690619103225 ], [ 106.796347299841926, -6.112564400174724 ], [ 106.796221535702145, -6.112332166039598 ], [ 106.797074935222057, -6.11168905560087 ], [ 106.796976120540805, -6.110545746245831 ], [ 106.796356282994765, -6.109473891507292 ], [ 106.796104754715202, -6.108437763219898 ] ] ] } },
{ "type": "Feature", "properties": { "FID": 193, "Kode_BPS_K": 3172070001, "Longitude": "106° 54' 2.524\" E", "Latitude": "6° 14' 4.524\" S", "Kecamatan": "DUREN SAWIT", "ID": "3172070001", "KELURAHAN": "PONDOK BAMBU", "is_in_haml": "PONDOK BAMBU", "HAMLET": "Pondok Bambu", "LUAS": 394.354, "city": "dki", "source_layer": "Kelurahan", "role": "admin" }, "geometry": { "type": "Polygon", "coordinates": [ [ [ 106.907693479308534, -6.246841249832552 ], [ 106.907945007588083, -6.246894828713338 ], [ 106.908250434784691, -6.245510705867289 ], [ 106.908645693509698, -6.245269600223079 ], [ 106.908780440802317, -6.244242667531985 ], [ 106.909463160418255, -6.244349825819953 ], [ 106.909831469684732, -6.242465622726368 ], [ 106.909984183283044, -6.233437427641649 ], [ 106.90876247449664, -6.233240966673193 ], [ 106.908834339719377, -6.231722856708923 ], [ 106.908654676662536, -6.229758237294142 ], [ 106.904845819857883, -6.229606425487809 ], [ 106.905259044888567, -6.227963283127628 ], [ 106.903318683874872, -6.227409614434833 ], [ 106.903426481708962, -6.227168500466776 ], [ 106.903282751263504, -6.2271238497198 ], [ 106.905789050906193, -6.222962383438567 ], [ 106.904504460049907, -6.22281056966774 ], [ 106.903678009988525, -6.22373931204969 ], [ 106.902851559927129, -6.224176892026062 ], [ 106.901926295184495, -6.224400146975634 ], [ 106.900812384232182, -6.224462658344512 ], [ 106.899078635733829, -6.224489448928897 ], [ 106.899141517803727, -6.224194752425519 ], [ 106.894245699505262, -6.223248150417604 ], [ 106.891649568334159, -6.227239941654038 ], [ 106.89097583187106, -6.227293522538107 ], [ 106.890841084578454, -6.227775750248681 ], [ 106.890293112255137, -6.22784719135332 ], [ 106.890221247032414, -6.228016863937881 ], [ 106.890499724770478, -6.228365139071242 ], [ 106.890347011172182, -6.228659833234395 ], [ 106.890508707923317, -6.228838435677009 ], [ 106.890194297573885, -6.229392102862942 ], [ 106.890023617669911, -6.231070961082088 ], [ 106.891658551486998, -6.232562282761523 ], [ 106.892296355338729, -6.234848372435018 ], [ 106.892565849923955, -6.23503590278634 ], [ 106.892898226579092, -6.234982322692805 ], [ 106.892862293967724, -6.23588425353777 ], [ 106.893059923330227, -6.236152153489921 ], [ 106.892970091801814, -6.236455773270219 ], [ 106.892224490115993, -6.237170172059708 ], [ 106.892215506963154, -6.237554161006805 ], [ 106.892862293967724, -6.237911359774839 ], [ 106.892071776517696, -6.239072254089846 ], [ 106.892035843906328, -6.239429451823304 ], [ 106.893931289155816, -6.239831298982424 ], [ 106.89918643356792, -6.243930122400158 ], [ 106.907693479308534, -6.246841249832552 ] ] ] } },
{ "type": "Feature", "properties": { "FID": 194, "Kode_BPS_K": 3172070003, "Longitude": "106° 55' 55.002\" E", "Latitude": "6° 14' 36.639\" S", "Kecamatan": "DUREN SAWIT", "ID": "3172070003", "KELURAHAN": "PONDOK KELAPA", "is_in_haml": "PONDOK KELAPA", "HAMLET": "Pondok Kelapa", "LUAS": 575.485, "city": "dki", "source_layer": "Kelurahan", "role": "admin" }, "geometry": { "type": "Polygon", "coordinates": [ [ [ 106.929423726031388, -6.23227652085184 ], [ 106.928758972721141, -6.231722856708923 ], [ 106.926620982344929, -6.231008450499978 ], [ 106.926064026868772, -6.230686967388645 ], [ 106.926207757314231, -6.229945769464875 ], [ 106.926153858397186, -6.229061688644824 ], [ 106.925399273558526, -6.227963283127628 ], [ 106.925156728431816, -6.2271327798695 ], [ 106.924474008815878, -6.226793434074183 ], [ 106.923297215793681, -6.229142059689995 ], [ 106.923297215793681, -6.230115441371131 ], [ 106.923890103881206, -6.23376783910448 ], [ 106.923656541907334, -6.23515199297022 ], [ 106.923027721208456, -6.236607583094437 ], [ 106.922767209776055, -6.238134608881257 ], [ 106.922147372230015, -6.240108126846112 ], [ 106.922371951051048, -6.240974329216745 ], [ 106.921653298823742, -6.241635142433422 ], [ 106.921267023251588, -6.243054995038703 ], [ 106.92055735417712, -6.243635436819299 ], [ 106.920144129146436, -6.244894546778061 ], [ 106.921087360194747, -6.247850317832975 ], [ 106.921114309653277, -6.248573630866228 ], [ 106.92085379822089, -6.249261223810382 ], [ 106.921024478124863, -6.249966675372427 ], [ 106.921222107487381, -6.250127411038316 ], [ 106.921087360194747, -6.250538179737884 ], [ 106.920620236247004, -6.250573898739995 ], [ 106.920710067775431, -6.252618807543705 ], [ 106.920512438412914, -6.252850980090222 ], [ 106.920799899303844, -6.253815388026154 ], [ 106.921051427583393, -6.253860036498624 ], [ 106.921527534683975, -6.25437795850063 ], [ 106.921868894491951, -6.255306644943462 ], [ 106.922470765732299, -6.255244137253904 ], [ 106.9223809342039, -6.254878020636395 ], [ 106.924923166457944, -6.254806583217714 ], [ 106.925075880056241, -6.254699427071389 ], [ 106.925057913750564, -6.254449395977881 ], [ 106.9254801219341, -6.254476185029334 ], [ 106.92550707139263, -6.254913739342074 ], [ 106.925812498589224, -6.254931598693998 ], [ 106.92588436381196, -6.254404747555742 ], [ 106.926809628554594, -6.254369028815286 ], [ 106.927043190528465, -6.254431536609483 ], [ 106.927070139986995, -6.254708356751088 ], [ 106.92733963457222, -6.254699427071389 ], [ 106.92733963457222, -6.254449395977881 ], [ 106.928543377052947, -6.254672638031376 ], [ 106.928947618930806, -6.254047560041362 ], [ 106.93022322663424, -6.254342239758342 ], [ 106.931265272363831, -6.254074349113405 ], [ 106.931292221822346, -6.253770739549871 ], [ 106.931570699560439, -6.25370823167667 ], [ 106.932010874049652, -6.253976122509202 ], [ 106.932549863220132, -6.253967192816996 ], [ 106.932639694748545, -6.253797528636099 ], [ 106.935011247098615, -6.253860036498624 ], [ 106.934966331334408, -6.253342113983568 ], [ 106.935990410758308, -6.253556426810641 ], [ 106.936008377063985, -6.253315324874007 ], [ 106.940751481764138, -6.253717161373299 ], [ 106.941146740489145, -6.253154590187822 ], [ 106.941434201380062, -6.253047433702916 ], [ 106.941568948672682, -6.252645596688948 ], [ 106.942700825930672, -6.252609877828319 ], [ 106.943401511852286, -6.252350916015792 ], [ 106.943994399939811, -6.252341986295832 ], [ 106.943778804271616, -6.251065034771688 ], [ 106.943805753730132, -6.249734501545627 ], [ 106.944084231468224, -6.249591625293307 ], [ 106.94421897876083, -6.248002124354946 ], [ 106.944506439651761, -6.247430617219546 ], [ 106.944605254333013, -6.2467251622387 ], [ 106.944632203791528, -6.245894688701059 ], [ 106.94421897876083, -6.245787530729269 ], [ 106.944290843983566, -6.24505528400168 ], [ 106.945341872865981, -6.24484989754052 ], [ 106.945503569617117, -6.244510563210791 ], [ 106.945422721241556, -6.244037280752084 ], [ 106.944793900542663, -6.244010491166158 ], [ 106.94400338309265, -6.243590787474401 ], [ 106.943796770577293, -6.243305031576906 ], [ 106.943536259144906, -6.242215585787452 ], [ 106.943536259144906, -6.241715511551572 ], [ 106.943904568411398, -6.241724441452828 ], [ 106.943958467328443, -6.24095646938851 ], [ 106.94381473688297, -6.240697501810692 ], [ 106.943751854813087, -6.238661476395404 ], [ 106.942925404751705, -6.238625756580673 ], [ 106.942826590070453, -6.237732760421247 ], [ 106.942610994402258, -6.237625600779883 ], [ 106.941775561188038, -6.238197118614014 ], [ 106.94049995348459, -6.237009432416948 ], [ 106.939466890907852, -6.235562773414518 ], [ 106.939466890907852, -6.233339197166618 ], [ 106.938963834348741, -6.232973065233999 ], [ 106.938514676706674, -6.23279446419853 ], [ 106.936475501011714, -6.23279446419853 ], [ 106.932091722425227, -6.232401541706477 ], [ 106.930034580424589, -6.232419401826137 ], [ 106.929423726031388, -6.23227652085184 ] ] ] } },
{ "type": "Feature", "properties": { "FID": 195, "Kode_BPS_K": 3172070004, "Longitude": "106° 56' 33.644\" E", "Latitude": "6° 13' 37.683\" S", "Kecamatan": "DUREN SAWIT", "ID": "3172070004", "KELURAHAN": "PONDOK KOPI", "is_in_haml": "PONDOK KOPI", "HAMLET": "Pondok Kopi", "LUAS": 222.796, "city": "dki", "source_layer": "Kelurahan", "role": "admin" }, "geometry": { "type": "Polygon", "coordinates": [ [ [ 106.938757221833384, -6.217488129750629 ], [ 106.938281114732803, -6.217595293501934 ], [ 106.938218232662919, -6.218407951238632 ], [ 106.938927901737372, -6.218506184506341 ], [ 106.938865019667489, -6.219354561963803 ], [ 106.939134514252714, -6.220238659120741 ], [ 106.938918918584534, -6.226927386388004 ], [ 106.937337883684478, -6.227275662244025 ], [ 106.935972444452617, -6.227373893853959 ], [ 106.935882612924203, -6.227981143398321 ], [ 106.935370573212253, -6.228722344096222 ], [ 106.934876499805995, -6.232660513382029 ], [ 106.938514676706674, -6.23279446419853 ], [ 106.939466890907852, -6.233339197166618 ], [ 106.939466890907852, -6.235562773414518 ], [ 106.94049995348459, -6.237009432416948 ], [ 106.941775561188038, -6.238197118614014 ], [ 106.942610994402258, -6.237625600779883 ], [ 106.942826590070453, -6.237732760421247 ], [ 106.944686102708573, -6.236768322860402 ], [ 106.945341872865981, -6.236911202611 ], [ 106.946321036525674, -6.233785699177623 ], [ 106.947201385504101, -6.22976716739903 ], [ 106.946994772988759, -6.228159746071825 ], [ 106.947461896936503, -6.225998649642708 ], [ 106.948854285626894, -6.222346197861183 ], [ 106.948872251932571, -6.221935407074861 ], [ 106.949051914989397, -6.222024709447029 ], [ 106.94927649381043, -6.221685360352063 ], [ 106.949456156867242, -6.221738941802679 ], [ 106.950067011260444, -6.220283310452862 ], [ 106.950713798265028, -6.219908239145173 ], [ 106.950938377086047, -6.219408143652 ], [ 106.951351602116745, -6.219068792867861 ], [ 106.95078566348775, -6.219158095727028 ], [ 106.949240561199062, -6.218881256814243 ], [ 106.945638316909751, -6.218568696576238 ], [ 106.942673876472142, -6.218041808897322 ], [ 106.939511806672044, -6.217800690630899 ], [ 106.938757221833384, -6.217488129750629 ] ] ] } },
{ "type": "Feature", "properties": { "FID": 196, "Kode_BPS_K": 3171030002, "Longitude": "106° 47' 47.833\" E", "Latitude": "6° 18' 34.473\" S", "Kecamatan": "CILANDAK", "ID": "3171030002", "KELURAHAN": "PONDOK LABU", "is_in_haml": "PONDOK LABU", "HAMLET": "Pondok Labu", "LUAS": 367.038, "city": "dki", "source_layer": "Kelurahan", "role": "admin" }, "geometry": { "type": "Polygon", "coordinates": [ [ [ 106.795691529684504, -6.301846004846126 ], [ 106.79468541656631, -6.301712071757593 ], [ 106.794622534496398, -6.302203159579844 ], [ 106.793598455072512, -6.302292448224858 ], [ 106.793346926792964, -6.302265661632966 ], [ 106.793077432207724, -6.301872791459682 ], [ 106.792152167465076, -6.301854933717465 ], [ 106.792044369630986, -6.302104942052582 ], [ 106.789717733045123, -6.301988866769118 ], [ 106.789654850975239, -6.302640673793568 ], [ 106.790301637979795, -6.302828179772207 ], [ 106.790346553744001, -6.302962112572597 ], [ 106.790148924381498, -6.303372839611495 ], [ 106.790301637979795, -6.303980000725423 ], [ 106.789897396101935, -6.304372869302743 ], [ 106.789124844957598, -6.304640734071191 ], [ 106.788837384066682, -6.305453256355763 ], [ 106.788208563367789, -6.306283634957475 ], [ 106.788298394896202, -6.307122941009866 ], [ 106.788181613909273, -6.307622952480274 ], [ 106.788451108494513, -6.307989032000989 ], [ 106.788235512826319, -6.308417612574748 ], [ 106.788136698145067, -6.309194413961353 ], [ 106.78863077155134, -6.310310505869205 ], [ 106.788361276966086, -6.311212306374687 ], [ 106.786438882258082, -6.311015874715134 ], [ 106.78572023003079, -6.312033747053065 ], [ 106.782710873828975, -6.311676599092086 ], [ 106.781965272143168, -6.311756957404776 ], [ 106.781938322684638, -6.311614098173597 ], [ 106.781264586221553, -6.311667670389906 ], [ 106.781650861793736, -6.313962341786751 ], [ 106.783420542903443, -6.317533794546978 ], [ 106.783905633156877, -6.317944510034519 ], [ 106.784687167454052, -6.317873081277491 ], [ 106.78534293761146, -6.317507008742989 ], [ 106.785648364808054, -6.317765938123466 ], [ 106.788891282983727, -6.317382008306049 ], [ 106.790885542914481, -6.316158788151371 ], [ 106.791783858198585, -6.315882000708018 ], [ 106.791981487561102, -6.315605213116669 ], [ 106.792421662050316, -6.315774857141825 ], [ 106.793176246888976, -6.315774857141825 ], [ 106.793131331124769, -6.315426640398552 ], [ 106.795745428601549, -6.315203424414286 ], [ 106.796994086846496, -6.315265924899583 ], [ 106.809166258946306, -6.314801635400086 ], [ 106.808977612736641, -6.314024842421859 ], [ 106.808258960509335, -6.313390907058841 ], [ 106.807917600701387, -6.313364121040499 ], [ 106.808079297452522, -6.312890901154677 ], [ 106.808366758343439, -6.312756970919807 ], [ 106.807863701784328, -6.311337308301076 ], [ 106.807971499618432, -6.310998017287846 ], [ 106.808321842579232, -6.310748013241172 ], [ 106.808375741496278, -6.310337292045453 ], [ 106.808258960509335, -6.309980142914958 ], [ 106.807926583854226, -6.309703352169501 ], [ 106.807728954491722, -6.309006910284985 ], [ 106.808402690954807, -6.308587258953955 ], [ 106.808618286622988, -6.30823903737875 ], [ 106.808339808884924, -6.307230086365554 ], [ 106.80882489913833, -6.306355065312705 ], [ 106.808681168692871, -6.305810408605507 ], [ 106.80924710732188, -6.305533615633405 ], [ 106.809220157863351, -6.305024673331354 ], [ 106.808995579042332, -6.304765737582453 ], [ 106.808878798055389, -6.304042502564448 ], [ 106.808465573024691, -6.303908570043028 ], [ 106.808375741496278, -6.303488914585285 ], [ 106.808079297452522, -6.303131760736782 ], [ 106.807576240893411, -6.303203191526157 ], [ 106.807037251722932, -6.302765677786858 ], [ 106.806947420194533, -6.302069226583513 ], [ 106.800488533301717, -6.302453167747154 ], [ 106.800380735467627, -6.302051368848057 ], [ 106.800003443048283, -6.301988866769118 ], [ 106.799904628367031, -6.301774573869878 ], [ 106.795691529684504, -6.301846004846126 ] ] ] } },
{ "type": "Feature", "properties": { "FID": 197, "Kode_BPS_K": 3171050001, "Longitude": "106° 46' 45.700\" E", "Latitude": "6° 16' 33.304\" S", "Kecamatan": "KEBAYORAN LAMA", "ID": "3171050001", "KELURAHAN": "PONDOK PINANG", "is_in_haml": "PONDOK PINANG", "HAMLET": "Pondok Pinang", "LUAS": 704.47, "city": "dki", "source_layer": "Kelurahan", "role": "admin" }, "geometry": { "type": "Polygon", "coordinates": [ [ [ 106.777410813652679, -6.261057320395953 ], [ 106.77522790751226, -6.260003629941093 ], [ 106.773521108472437, -6.259842897311962 ], [ 106.772667708952525, -6.259601798275527 ], [ 106.772586860576965, -6.260780503617932 ], [ 106.773107883441753, -6.262548556643372 ], [ 106.772497029048537, -6.263039681421288 ], [ 106.772146686087737, -6.263012892808951 ], [ 106.771904140961027, -6.262780724777784 ], [ 106.771365151790548, -6.262753936152159 ], [ 106.770727347938831, -6.263075399568932 ], [ 106.77061955010474, -6.263512946679248 ], [ 106.77123938765078, -6.264227308520165 ], [ 106.771580747458742, -6.265013105415957 ], [ 106.77148193277749, -6.265370285432026 ], [ 106.770907010995657, -6.265298849448369 ], [ 106.770556668034843, -6.264718431718675 ], [ 106.770134459851306, -6.264495193958459 ], [ 106.769811066349035, -6.264718431718675 ], [ 106.769209195108672, -6.265834619087444 ], [ 106.769218178261511, -6.266111433185445 ], [ 106.769712251667784, -6.267049028232759 ], [ 106.769200211955834, -6.268102704465623 ], [ 106.769622420139356, -6.268834918899483 ], [ 106.769649369597886, -6.26945104976086 ], [ 106.769864965266081, -6.269683214824163 ], [ 106.771023791982586, -6.270093968144506 ], [ 106.771104640358161, -6.27064759167305 ], [ 106.770826162620097, -6.271174426420509 ], [ 106.770924977301348, -6.271629825519012 ], [ 106.771607696917272, -6.272165588655021 ], [ 106.770978876218393, -6.273853238934202 ], [ 106.770682432174624, -6.274263988968934 ], [ 106.770430903895075, -6.274433646497497 ], [ 106.770080560934261, -6.274397929127652 ], [ 106.769487672846751, -6.273808592171791 ], [ 106.768652239632516, -6.273781804112506 ], [ 106.768346812435908, -6.274540798592341 ], [ 106.768481559728528, -6.27479974939725 ], [ 106.769334959248454, -6.275344438601336 ], [ 106.769433773929691, -6.276174865308437 ], [ 106.770278190296779, -6.27732674532353 ], [ 106.770278190296779, -6.278067876079533 ], [ 106.770107510392791, -6.27822860309228 ], [ 106.769784116890506, -6.278237532369311 ], [ 106.769370891859808, -6.278050017519499 ], [ 106.769056481510361, -6.278353612956789 ], [ 106.768975633134801, -6.278666137486777 ], [ 106.768652239632516, -6.278853652114744 ], [ 106.767897654793856, -6.278934015506059 ], [ 106.767565278138733, -6.279175105605591 ], [ 106.767592227597262, -6.279389407822577 ], [ 106.767969520016578, -6.279835870491346 ], [ 106.767987486322269, -6.280353766707494 ], [ 106.769514622305266, -6.281184185427006 ], [ 106.769532588610943, -6.281478849815501 ], [ 106.769002582593316, -6.281862806192645 ], [ 106.767637143361455, -6.28218425782545 ], [ 106.766738828077337, -6.283389699680164 ], [ 106.766118990531297, -6.283639716900399 ], [ 106.765705765500613, -6.283996884149484 ], [ 106.766190855754019, -6.284684430413713 ], [ 106.767161036260873, -6.28499695114254 ], [ 106.768014435780799, -6.285961299636551 ], [ 106.768068334697844, -6.286273819598255 ], [ 106.767924604252372, -6.286488118892036 ], [ 106.767691042278514, -6.286514906297551 ], [ 106.767044255273944, -6.286202386480706 ], [ 106.766702895465968, -6.286282748737259 ], [ 106.766190855754019, -6.286711347229167 ], [ 106.766756794383014, -6.287264953091789 ], [ 106.766954423745531, -6.287836416589881 ], [ 106.767367648776215, -6.288425737664512 ], [ 106.76720595202508, -6.2886400360715 ], [ 106.766226788365387, -6.288881121673779 ], [ 106.766092041072767, -6.28908649080236 ], [ 106.766487299797788, -6.289399008885844 ], [ 106.766622047090408, -6.290586575889608 ], [ 106.7690654646632, -6.289363292542954 ], [ 106.770835145772935, -6.288970412609218 ], [ 106.776584363591297, -6.28908649080236 ], [ 106.778264213172605, -6.288532886879046 ], [ 106.779638635557291, -6.289774030338033 ], [ 106.780752546509603, -6.290461568964349 ], [ 106.784336824493238, -6.291524126870687 ], [ 106.785549550126802, -6.289684739540621 ], [ 106.785504634362596, -6.288541815979261 ], [ 106.785235139777356, -6.288506099577483 ], [ 106.785082426179059, -6.288014998804242 ], [ 106.786537696939334, -6.285961299636551 ], [ 106.78809178238086, -6.284389767840299 ], [ 106.788370260118938, -6.284336192809021 ], [ 106.788756535691107, -6.283943309077751 ], [ 106.789106878651921, -6.283130753146856 ], [ 106.789834514032052, -6.282246762286551 ], [ 106.790095025464439, -6.281514566699742 ], [ 106.790858593455951, -6.280728794680338 ], [ 106.791065205971293, -6.280255545050917 ], [ 106.791478431001991, -6.278728642370268 ], [ 106.791532329919036, -6.277237452390178 ], [ 106.791208936416751, -6.276755270285573 ], [ 106.791155037499706, -6.276014137661978 ], [ 106.791747925587217, -6.274549727932584 ], [ 106.792520476731568, -6.274397929127652 ], [ 106.792879802845221, -6.27289779738374 ], [ 106.792763021858278, -6.271236932202679 ], [ 106.792080302242354, -6.268834918899483 ], [ 106.791442498390623, -6.267959833236735 ], [ 106.787211433402419, -6.266870438829835 ], [ 106.786699393690483, -6.266611484087012 ], [ 106.786402949646714, -6.26595963192408 ], [ 106.785387853375653, -6.265414932916848 ], [ 106.785172257707472, -6.264084436230193 ], [ 106.785432769139859, -6.26286109064641 ], [ 106.785486668056905, -6.261682390000122 ], [ 106.784839881052349, -6.261137686529831 ], [ 106.777410813652679, -6.261057320395953 ] ] ] } },
{ "type": "Feature", "properties": { "FID": 198, "Kode_BPS_K": 3172030001, "Longitude": "106° 54' 27.976\" E", "Latitude": "6° 21' 22.328\" S", "Kecamatan": "CIPAYUNG", "ID": "3172030001", "KELURAHAN": "PONDOK RANGGON", "is_in_haml": "PONDOK RANGGON", "HAMLET": "Pondok Ranggon", "LUAS": 431.885, "city": "dki", "source_layer": "Kelurahan", "role": "admin" }, "geometry": { "type": "Polygon", "coordinates": [ [ [ 106.915329159223546, -6.341176189534725 ], [ 106.91140352143195, -6.340247656683962 ], [ 106.911107077388195, -6.33956018416914 ], [ 106.909813503379056, -6.339470901957118 ], [ 106.909454177265417, -6.341372609731184 ], [ 106.909831469684732, -6.341952941692645 ], [ 106.909804520226203, -6.342640411017029 ], [ 106.909975200130205, -6.342961824932074 ], [ 106.909427227806887, -6.343113603655621 ], [ 106.909526042488139, -6.343408232814915 ], [ 106.909031969081866, -6.343461801734875 ], [ 106.908825356566524, -6.34375643069512 ], [ 106.907900091823876, -6.344104628340071 ], [ 106.907971957046612, -6.345292069821527 ], [ 106.907540765710223, -6.345881325480613 ], [ 106.906777197718725, -6.349354348928414 ], [ 106.905627354155058, -6.350273937333319 ], [ 106.905025482914695, -6.351675636887524 ], [ 106.903956487726589, -6.353023764704818 ], [ 106.902052059324262, -6.355996775818771 ], [ 106.902070025629953, -6.35721097361438 ], [ 106.900857299996389, -6.357702008673541 ], [ 106.899626608057147, -6.358576942707777 ], [ 106.89880914114859, -6.359514370377994 ], [ 106.897632348126393, -6.361317797850083 ], [ 106.895260795776323, -6.363237280533866 ], [ 106.894515194090502, -6.364478244591813 ], [ 106.894614008771754, -6.365674566816733 ], [ 106.895566222972917, -6.369549203249709 ], [ 106.895889616475202, -6.371557931824396 ], [ 106.896599285549655, -6.371495438165026 ], [ 106.897174207331489, -6.370540176995878 ], [ 106.898081505768459, -6.369700974127709 ], [ 106.898800157995751, -6.369424215434129 ], [ 106.903740892058408, -6.371147259066342 ], [ 106.903929538268073, -6.369602769447068 ], [ 106.904432594827185, -6.367835081982738 ], [ 106.906687366190326, -6.362540910900624 ], [ 106.907100591221024, -6.361737406304955 ], [ 106.907603647780135, -6.361192808031343 ], [ 106.908537895675607, -6.361871323824814 ], [ 106.909184682680163, -6.362567694365508 ], [ 106.909930284365998, -6.362933734912334 ], [ 106.910163846339856, -6.363183713672509 ], [ 106.910217745256915, -6.363567609388819 ], [ 106.910424357772257, -6.363701526431673 ], [ 106.911619117100145, -6.364246122046305 ], [ 106.912930657414947, -6.364576450252566 ], [ 106.914251180882601, -6.365487083667102 ], [ 106.914466776550796, -6.365263889352117 ], [ 106.914529658620694, -6.364487172379929 ], [ 106.915068647791159, -6.363871154635842 ], [ 106.914844068970126, -6.363442620117327 ], [ 106.914871018428641, -6.363192641483122 ], [ 106.915832215782657, -6.363210497103885 ], [ 106.916209508201987, -6.362951590542094 ], [ 106.91608374406222, -6.362594477828996 ], [ 106.915427973904798, -6.362380210082001 ], [ 106.914565591232048, -6.361603488750197 ], [ 106.914556608079209, -6.361326725693115 ], [ 106.915427973904798, -6.360916044753105 ], [ 106.915499839127534, -6.360558930625486 ], [ 106.915374074987753, -6.360380373468633 ], [ 106.915005765721276, -6.360496435627644 ], [ 106.914296096646808, -6.360175032661571 ], [ 106.914233214576925, -6.359755422931195 ], [ 106.914475759703635, -6.359255461954215 ], [ 106.913954736838846, -6.358889418787767 ], [ 106.913559478113839, -6.358844779359395 ], [ 106.913882871616124, -6.358523375360711 ], [ 106.914583557537739, -6.358451952222607 ], [ 106.914808136358758, -6.358300178021196 ], [ 106.914736271136036, -6.357585945883689 ], [ 106.915077630943998, -6.357380603960553 ], [ 106.915445940210475, -6.356764577699199 ], [ 106.91601187883947, -6.356380676902256 ], [ 106.916775446830982, -6.356648514697786 ], [ 106.917053924569061, -6.356639586773515 ], [ 106.917152739250312, -6.356478884110144 ], [ 106.91683832890088, -6.355773577382701 ], [ 106.916128659826427, -6.35554145090645 ], [ 106.915634586420154, -6.35482721493793 ], [ 106.916101710367897, -6.353845138862171 ], [ 106.916245440813356, -6.353702291276813 ], [ 106.916757480525305, -6.353693363301411 ], [ 106.917242570778726, -6.352996980742831 ], [ 106.917269520237255, -6.352845204931909 ], [ 106.91670358160826, -6.352630933122638 ], [ 106.916793413136674, -6.351729204947633 ], [ 106.916407137564491, -6.351738132957109 ], [ 106.91619154189631, -6.351488148633242 ], [ 106.91632628918893, -6.351327444360932 ], [ 106.916829345748027, -6.351291732293604 ], [ 106.916973076193486, -6.35088104334127 ], [ 106.917655795809424, -6.35076497901275 ], [ 106.917844442019089, -6.350398929805246 ], [ 106.916955109887809, -6.349238284255729 ], [ 106.915984929380954, -6.34884544978483 ], [ 106.916038828297999, -6.348666888562627 ], [ 106.916721547913937, -6.348184772953419 ], [ 106.916856295206557, -6.347800865756635 ], [ 106.917152739250312, -6.348157988739674 ], [ 106.917224604473049, -6.347818721911668 ], [ 106.916658665844054, -6.346836632465575 ], [ 106.916470019634374, -6.346756279609845 ], [ 106.916263407119033, -6.346872344841877 ], [ 106.91601187883947, -6.346640214351662 ], [ 106.916002895686631, -6.346443796162853 ], [ 106.916272390271885, -6.346247377899155 ], [ 106.917206638167357, -6.346158096845444 ], [ 106.917017991957692, -6.345836684923973 ], [ 106.917206638167357, -6.345229572969671 ], [ 106.917314436001462, -6.343783215137699 ], [ 106.918167835521359, -6.343863568457086 ], [ 106.91894038666571, -6.343568939558088 ], [ 106.919254797015157, -6.343693933657021 ], [ 106.919434460071969, -6.343604652160876 ], [ 106.919218864403788, -6.34289039963494 ], [ 106.918859538290135, -6.342801117999605 ], [ 106.918554111093542, -6.34247970398435 ], [ 106.918751740456045, -6.34174759353481 ], [ 106.918679875233309, -6.341845803533545 ], [ 106.918131902910005, -6.341595814409056 ], [ 106.917916307241825, -6.34128332783298 ], [ 106.916029845145161, -6.340952984675188 ], [ 106.915589670655947, -6.341211902303283 ], [ 106.915329159223546, -6.341176189534725 ] ] ] } },
{ "type": "Feature", "properties": { "FID": 199, "Kode_BPS_K": 3171060003, "Longitude": "106° 48' 7.070\" E", "Latitude": "6° 15' 11.807\" S", "Kecamatan": "KEBAYORAN BARU", "ID": "3171060003", "KELURAHAN": "PULO", "is_in_haml": "PULO", "HAMLET": "Pulo", "LUAS": 110.267, "city": "dki", "source_layer": "Kelurahan", "role": "admin" }, "geometry": { "type": "Polygon", "coordinates": [ [ [ 106.808214044745128, -6.249475538309571 ], [ 106.807154032709889, -6.248859383887807 ], [ 106.806067071216091, -6.247484196040001 ], [ 106.805420284211522, -6.24815393083288 ], [ 106.804315356412062, -6.248743296741611 ], [ 106.803722468324537, -6.250466741726346 ], [ 106.803282293835323, -6.251207910621593 ], [ 106.802581607913709, -6.251868710919736 ], [ 106.801108370847757, -6.252475932079229 ], [ 106.797362396112973, -6.253109941655113 ], [ 106.797631890698213, -6.249689852720969 ], [ 106.795943057964067, -6.249520187152516 ], [ 106.795089658444155, -6.250127411038316 ], [ 106.794101511631624, -6.250011324173461 ], [ 106.793957781186165, -6.250591758240136 ], [ 106.7947932144004, -6.251841921734697 ], [ 106.794865079623122, -6.252199110755726 ], [ 106.794335073605495, -6.253306395170514 ], [ 106.794191343160037, -6.253985052201256 ], [ 106.794999826915742, -6.254431536609483 ], [ 106.794469820898101, -6.255056614140385 ], [ 106.794451854592424, -6.255565605291999 ], [ 106.793984730644681, -6.255824565512238 ], [ 106.793993713797519, -6.256271048349273 ], [ 106.794379989369702, -6.256342485567803 ], [ 106.794272191535612, -6.256905053322489 ], [ 106.796940187929451, -6.256860405110115 ], [ 106.796814423789655, -6.257789087141963 ], [ 106.800650230052852, -6.257601564941598 ], [ 106.80057836483013, -6.256306766959757 ], [ 106.805150789626296, -6.256154962848336 ], [ 106.807549291434881, -6.255913862110158 ], [ 106.807890651242857, -6.255726339236905 ], [ 106.808079297452522, -6.255119121852366 ], [ 106.80849252248322, -6.255163770213492 ], [ 106.808627269775826, -6.254753005147297 ], [ 106.808645236081517, -6.253190309011243 ], [ 106.809202191557674, -6.252850980090222 ], [ 106.808905747513919, -6.252449142925294 ], [ 106.809875928020759, -6.251109683478975 ], [ 106.810361018274179, -6.250806072194265 ], [ 106.810414917191224, -6.250413163211289 ], [ 106.810064574230424, -6.250359584690747 ], [ 106.809588467129842, -6.249100487878385 ], [ 106.809462702990075, -6.24906476877568 ], [ 106.809175242099144, -6.24977022060261 ], [ 106.808214044745128, -6.249475538309571 ] ] ] } },
{ "type": "Feature", "properties": { "FID": 200, "Kode_BPS_K": 3172090007, "Longitude": "106° 53' 56.046\" E", "Latitude": "6° 10' 58.769\" S", "Kecamatan": "PULO GADUNG", "ID": "3172090007", "KELURAHAN": "PULO GADUNG", "is_in_haml": "PULO GADUNG", "HAMLET": "Pulo Gadung", "LUAS": 175.204, "city": "dki", "source_layer": "Kelurahan", "role": "admin" }, "geometry": { "type": "Polygon", "coordinates": [ [ [ 106.906058545491433, -6.186222174332269 ], [ 106.910280627326799, -6.182372966946651 ], [ 106.909526042488139, -6.182140763284876 ], [ 106.906579568356236, -6.180577851371075 ], [ 106.901297474485602, -6.178577317384699 ], [ 106.896707083383745, -6.178148630546588 ], [ 106.896275892047385, -6.177961079945735 ], [ 106.894236716352424, -6.17616594940437 ], [ 106.892700597216574, -6.178532662521929 ], [ 106.891739399862573, -6.181328049665949 ], [ 106.891245326456314, -6.184427071822482 ], [ 106.891056680246635, -6.188722804483172 ], [ 106.898153370991182, -6.187445698420143 ], [ 106.898764225384383, -6.187552868278329 ], [ 106.901369339708339, -6.187008087940343 ], [ 106.903408515403285, -6.186766955480314 ], [ 106.904279881228888, -6.186373998643078 ], [ 106.906058545491433, -6.186222174332269 ] ] ] } },
{ "type": "Feature", "properties": { "FID": 201, "Kode_BPS_K": 3172080003, "Longitude": "106° 57' 10.642\" E", "Latitude": "6° 12' 18.449\" S", "Kecamatan": "CAKUNG", "ID": "3172080003", "KELURAHAN": "PULO GEBANG", "is_in_haml": "PULO GEBANG", "HAMLET": "Pulo Gebang", "LUAS": 669.422, "city": "dki", "source_layer": "Kelurahan", "role": "admin" }, "geometry": { "type": "Polygon", "coordinates": [ [ [ 106.966461265195633, -6.195697713883707 ], [ 106.966380416820058, -6.194911813205088 ], [ 106.966793641850757, -6.194456347503497 ], [ 106.966865507073493, -6.194000881408926 ], [ 106.966587029335415, -6.19321497820414 ], [ 106.966703810322343, -6.192723788107108 ], [ 106.966057023317788, -6.191821783284468 ], [ 106.964745483002957, -6.192384420136805 ], [ 106.963586656286452, -6.193786544287279 ], [ 106.962670374696657, -6.194492070317824 ], [ 106.962077486609132, -6.195626268415824 ], [ 106.961071373490924, -6.196117455812199 ], [ 106.959041180948802, -6.195492308137477 ], [ 106.958385410791394, -6.195135080562328 ], [ 106.957621842799895, -6.195429793329279 ], [ 106.956966072642501, -6.195376209202073 ], [ 106.956355218249286, -6.194742129950428 ], [ 106.953238064213394, -6.193491830602929 ], [ 106.95116295590708, -6.193866920718094 ], [ 106.949563954701347, -6.193866920718094 ], [ 106.946087474551803, -6.193438246279009 ], [ 106.94421897876083, -6.193384661949652 ], [ 106.94362609067332, -6.193206047479181 ], [ 106.943365579240933, -6.192563034885204 ], [ 106.94085029644539, -6.193322146891861 ], [ 106.940787414375492, -6.193447177000039 ], [ 106.941407251921532, -6.193741890709315 ], [ 106.941344369851649, -6.198198299165814 ], [ 106.941308437240281, -6.198823443634613 ], [ 106.940149610523775, -6.198859166153311 ], [ 106.940203509440821, -6.199984424253981 ], [ 106.940688599694241, -6.200127313999749 ], [ 106.940814363834022, -6.20091320690946 ], [ 106.940392155650486, -6.202690392238397 ], [ 106.940374189344794, -6.204905167579328 ], [ 106.940167576829452, -6.205762497470662 ], [ 106.94122758886472, -6.205950038198454 ], [ 106.941182673100514, -6.20641442447522 ], [ 106.941973190550527, -6.206566242976923 ], [ 106.941856409563599, -6.207111003122896 ], [ 106.943410495005125, -6.207512875000666 ], [ 106.943446427616493, -6.208423783455199 ], [ 106.943554225450583, -6.208763141104119 ], [ 106.943886602105707, -6.209057846253412 ], [ 106.943967450481281, -6.209879447617015 ], [ 106.944156096690946, -6.209950891153269 ], [ 106.944209995607991, -6.210174152141589 ], [ 106.943967450481281, -6.210674256411898 ], [ 106.943419478157978, -6.210620673834229 ], [ 106.943338629782403, -6.210763560695897 ], [ 106.942269634594297, -6.210611743404087 ], [ 106.942000140009057, -6.211611950638348 ], [ 106.942314550358503, -6.211763767641723 ], [ 106.942000140009057, -6.213871340341639 ], [ 106.942458280803962, -6.214103530038203 ], [ 106.94233251666418, -6.215085869928432 ], [ 106.942619977555097, -6.215237685929659 ], [ 106.94276370800057, -6.215719924701789 ], [ 106.942584044943729, -6.217702457231403 ], [ 106.942673876472142, -6.218041808897322 ], [ 106.945638316909751, -6.218568696576238 ], [ 106.949240561199062, -6.218881256814243 ], [ 106.95078566348775, -6.219158095727028 ], [ 106.951630079854823, -6.21908665344091 ], [ 106.951666012466177, -6.218961629416841 ], [ 106.954846048571966, -6.21943493449405 ], [ 106.955196391532766, -6.218497254210035 ], [ 106.956175555192459, -6.218550835985596 ], [ 106.956391150860654, -6.21797929676479 ], [ 106.957235567227727, -6.218238275551186 ], [ 106.957783539551045, -6.217881063398656 ], [ 106.9584303265556, -6.216604027969215 ], [ 106.95856507384822, -6.213969574456535 ], [ 106.959328641839733, -6.212317452812409 ], [ 106.960397637027839, -6.212299592009542 ], [ 106.960433569639193, -6.211951306232502 ], [ 106.961242053394898, -6.211951306232502 ], [ 106.961457649063078, -6.211817350103049 ], [ 106.962346981194372, -6.212317452812409 ], [ 106.962930886129044, -6.211969167047187 ], [ 106.963092582880179, -6.211156499365528 ], [ 106.963604622592129, -6.210665325982665 ], [ 106.965383286854689, -6.20783437228214 ], [ 106.96634448420869, -6.207102072633242 ], [ 106.966434315737104, -6.20650372948152 ], [ 106.965940242330845, -6.205994690742851 ], [ 106.966425332584265, -6.205557095644588 ], [ 106.965940242330845, -6.205369554776944 ], [ 106.965787528732548, -6.205074847564363 ], [ 106.965913292872315, -6.204789070715983 ], [ 106.966272618985968, -6.204583668510491 ], [ 106.966326517903013, -6.203815642163298 ], [ 106.96664092825246, -6.203217295280047 ], [ 106.966380416820058, -6.203110128602376 ], [ 106.966551096724046, -6.202342100108197 ], [ 106.966290585291645, -6.202011668900185 ], [ 106.966254652680291, -6.201457972898201 ], [ 106.965841427649593, -6.201234708216778 ], [ 106.967090085894512, -6.19762673786038 ], [ 106.966551096724046, -6.197385610248944 ], [ 106.966461265195633, -6.195697713883707 ] ] ] } },
{ "type": "Feature", "properties": { "FID": 202, "Kode_BPS_K": 3171020002, "Longitude": "106° 49' 16.498\" E", "Latitude": "6° 17' 55.726\" S", "Kecamatan": "PASAR MINGGU", "ID": "3171020002", "KELURAHAN": "RAGUNAN", "is_in_haml": "RAGUNAN", "HAMLET": "Ragunan", "LUAS": 475.371, "city": "dki", "source_layer": "Kelurahan", "role": "admin" }, "geometry": { "type": "Polygon", "coordinates": [ [ [ 106.826899002654827, -6.31039979311798 ], [ 106.82709663201733, -6.308756905277631 ], [ 106.827671553799178, -6.307158656130889 ], [ 106.82771646956337, -6.306578285109369 ], [ 106.827590705423603, -6.305881839025933 ], [ 106.826665440680955, -6.303435341523687 ], [ 106.826270181955934, -6.301747787251249 ], [ 106.826351030331509, -6.298238728256076 ], [ 106.826225266191727, -6.297247615693836 ], [ 106.827545789659382, -6.29632793297529 ], [ 106.826063569440592, -6.295479680480236 ], [ 106.822434375692751, -6.29390817746018 ], [ 106.823494387728005, -6.291390191119797 ], [ 106.825874923230941, -6.286595268505817 ], [ 106.8280937619827, -6.280844874712417 ], [ 106.828938178349773, -6.279576922190087 ], [ 106.828929195196935, -6.279371549307863 ], [ 106.828237492428173, -6.278692925294906 ], [ 106.827626638034971, -6.277791068330196 ], [ 106.825785091702514, -6.277442826114002 ], [ 106.824428635623491, -6.276764199587864 ], [ 106.82292844909901, -6.276576684207638 ], [ 106.820646728277353, -6.275880197918716 ], [ 106.818311108538637, -6.288622177874291 ], [ 106.816514477970401, -6.29268490193237 ], [ 106.814951409376036, -6.298444093685474 ], [ 106.814340554982834, -6.302033511111985 ], [ 106.81374766689531, -6.31073015580465 ], [ 106.814897510458991, -6.310792656829784 ], [ 106.81611921924538, -6.310658726052409 ], [ 106.816244983385175, -6.310873015279589 ], [ 106.816424646441988, -6.315355211294058 ], [ 106.816289899149382, -6.315980215624212 ], [ 106.81654142742893, -6.316069501895492 ], [ 106.816406680136311, -6.316846291805778 ], [ 106.81767330468692, -6.317239150626863 ], [ 106.818176361246032, -6.317132007341595 ], [ 106.820583846207455, -6.317507008742989 ], [ 106.822048100120583, -6.317551651748866 ], [ 106.823521337186534, -6.317390936909689 ], [ 106.823692017090522, -6.317462365733263 ], [ 106.823665067631993, -6.317730223733862 ], [ 106.824796944889997, -6.317837366895281 ], [ 106.82583000746672, -6.311337308301076 ], [ 106.826566625999703, -6.311444452785402 ], [ 106.826899002654827, -6.31039979311798 ] ] ] } },
{ "type": "Feature", "properties": { "FID": 203, "Kode_BPS_K": 3172020005, "Longitude": "106° 52' 40.178\" E", "Latitude": "6° 18' 26.754\" S", "Kecamatan": "CIRACAS", "ID": "3172020005", "KELURAHAN": "RAMBUTAN", "is_in_haml": "RAMBUTAN", "HAMLET": "Rambutan", "LUAS": 229.306, "city": "dki", "source_layer": "Kelurahan", "role": "admin" }, "geometry": { "type": "Polygon", "coordinates": [ [ [ 106.873647330040413, -6.293979609518781 ], [ 106.873746144721665, -6.292836695402564 ], [ 106.873090374564256, -6.292649185815292 ], [ 106.87326105446823, -6.292372385824691 ], [ 106.873108340869933, -6.291934862958169 ], [ 106.873323936538114, -6.2916223463994 ], [ 106.87328800392676, -6.290559788693869 ], [ 106.872910711507416, -6.289675810460038 ], [ 106.872407654948333, -6.28910434898362 ], [ 106.872201042432977, -6.289059703529319 ], [ 106.871922564694898, -6.288479312274539 ], [ 106.872111210904563, -6.2873988899055 ], [ 106.870682889602804, -6.286988150234143 ], [ 106.871006283105089, -6.288925767143415 ], [ 106.872120194057402, -6.292934914683177 ], [ 106.872165109821609, -6.29351530096231 ], [ 106.871778834249426, -6.29570290495537 ], [ 106.871392558677272, -6.296988676064046 ], [ 106.870557125463037, -6.298810179684201 ], [ 106.869191686231176, -6.300712036937102 ], [ 106.867134544230538, -6.303096045338407 ], [ 106.867808280693623, -6.30344427036767 ], [ 106.869003040021511, -6.303756779810274 ], [ 106.870988316799412, -6.303837139350795 ], [ 106.871724935332381, -6.304069289064583 ], [ 106.872811896826164, -6.305221107261513 ], [ 106.87304545880005, -6.305926483033704 ], [ 106.873090374564256, -6.3068729350938 ], [ 106.873494616442102, -6.308078319649748 ], [ 106.875731421499552, -6.308944409044454 ], [ 106.875201415481925, -6.310221218605045 ], [ 106.87479717360408, -6.310480151628719 ], [ 106.874383948573382, -6.311292664759399 ], [ 106.875470910067165, -6.312864115110473 ], [ 106.875111583953512, -6.313274834302685 ], [ 106.874707342075666, -6.314167700988065 ], [ 106.875246331246146, -6.314408774729163 ], [ 106.8756326068183, -6.314292702201164 ], [ 106.876512955796755, -6.314623062404801 ], [ 106.876432107421181, -6.314748063507968 ], [ 106.876665669395052, -6.31492663646014 ], [ 106.876791433534819, -6.314837349991752 ], [ 106.877123810189943, -6.315123066636391 ], [ 106.878040091779738, -6.315399854485522 ], [ 106.878516198880334, -6.316132002276224 ], [ 106.879351632094568, -6.316649862283413 ], [ 106.879603160374117, -6.316426646826604 ], [ 106.880654189256532, -6.31698022098283 ], [ 106.881408774095192, -6.318176653426764 ], [ 106.883672528611172, -6.318873082978639 ], [ 106.88470559118791, -6.318417725300793 ], [ 106.885172715135653, -6.318382010956173 ], [ 106.885873401057268, -6.318640939898828 ], [ 106.885765603223177, -6.318917725866663 ], [ 106.886484255450469, -6.319194511686431 ], [ 106.886915446786844, -6.319185583113911 ], [ 106.886466289144792, -6.316042716015725 ], [ 106.884265416698696, -6.305792550998862 ], [ 106.882378954602046, -6.305953269436522 ], [ 106.879405531011614, -6.30659614268895 ], [ 106.879225867954787, -6.306069343832736 ], [ 106.87923485110764, -6.305444327546368 ], [ 106.878174839072372, -6.30492645633837 ], [ 106.87807602439112, -6.304024644896923 ], [ 106.877375338469491, -6.303729993294001 ], [ 106.877249574329724, -6.30232816367856 ], [ 106.875938034014908, -6.301667427387065 ], [ 106.875758370958081, -6.301765644997155 ], [ 106.875731421499552, -6.302069226583513 ], [ 106.875354129080236, -6.302078155451012 ], [ 106.87517446602341, -6.302283519361048 ], [ 106.874860055673963, -6.302203159579844 ], [ 106.874958870355215, -6.301703142883795 ], [ 106.874590561088723, -6.301542423129153 ], [ 106.874572594783046, -6.301122765757327 ], [ 106.874770224145564, -6.300756681389831 ], [ 106.874554628477355, -6.300542387981702 ], [ 106.874581577935885, -6.299881649416245 ], [ 106.873961740389845, -6.300203089904519 ], [ 106.873557498512, -6.300765610279916 ], [ 106.873171222939817, -6.300488814615843 ], [ 106.873036475647211, -6.300256663299876 ], [ 106.873036475647211, -6.299426275050394 ], [ 106.872578334852307, -6.298961971364052 ], [ 106.872677149533558, -6.298658387959964 ], [ 106.87318020609267, -6.29808693636474 ], [ 106.873647330040413, -6.298256586122728 ], [ 106.874078521376774, -6.298176225717961 ], [ 106.87415038659951, -6.297997646996164 ], [ 106.873782077333018, -6.297310118343747 ], [ 106.874401914879058, -6.297185113036399 ], [ 106.87415038659951, -6.296390435735907 ], [ 106.874752257839873, -6.295943987280746 ], [ 106.875192432329087, -6.295827910619535 ], [ 106.875237348093307, -6.29567611802342 ], [ 106.875228364940455, -6.294952870338525 ], [ 106.87466242631146, -6.294631426599743 ], [ 106.873853942555755, -6.294702858558886 ], [ 106.873647330040413, -6.293979609518781 ] ] ] } },
{ "type": "Feature", "properties": { "FID": 204, "Kode_BPS_K": 3171060009, "Longitude": "106° 48' 47.238\" E", "Latitude": "6° 14' 10.904\" S", "Kecamatan": "KEBAYORAN BARU", "ID": "3171060009", "KELURAHAN": "RAWA BARAT", "is_in_haml": "RAWA BARAT", "HAMLET": "Rawa Barat", "LUAS": 64.3886, "city": "dki", "source_layer": "Kelurahan", "role": "admin" }, "geometry": { "type": "Polygon", "coordinates": [ [ [ 106.815400567018088, -6.233115946018595 ], [ 106.812310362440726, -6.233107015970698 ], [ 106.812004935244119, -6.233437427641649 ], [ 106.811007805278749, -6.233964299875605 ], [ 106.809220157863351, -6.235580633426536 ], [ 106.807567257740573, -6.235598493437946 ], [ 106.807603190351927, -6.236804042801702 ], [ 106.807225897932611, -6.23835785789259 ], [ 106.807279796849656, -6.239161553546035 ], [ 106.811205434641266, -6.238991884566267 ], [ 106.814151908773169, -6.238688266254855 ], [ 106.816128202398232, -6.238929374928296 ], [ 106.817116349210764, -6.23874184596965 ], [ 106.817763136215319, -6.238956164774054 ], [ 106.818275175927269, -6.236848692724904 ], [ 106.818230260163077, -6.236161083485968 ], [ 106.818607552582407, -6.236071783518647 ], [ 106.818616535735245, -6.235955693538394 ], [ 106.817843984590894, -6.235669933477501 ], [ 106.817790085673849, -6.234321501089124 ], [ 106.817547540547139, -6.233866069499239 ], [ 106.817529574241462, -6.233312407033872 ], [ 106.817233130197693, -6.233428497599224 ], [ 106.816146168703909, -6.233357057254355 ], [ 106.815427516476618, -6.233232036627425 ], [ 106.815400567018088, -6.233115946018595 ] ] ] } },
{ "type": "Feature", "properties": { "FID": 205, "Kode_BPS_K": 3174070002, "Longitude": "106° 44' 11.067\" E", "Latitude": "6° 9' 46.242\" S", "Kecamatan": "CENGKARENG", "ID": "3174070002", "KELURAHAN": "RAWA BUAYA", "is_in_haml": "RAWA BUAYA", "HAMLET": "Rawa Buaya", "LUAS": 375.343, "city": "dki", "source_layer": "Kelurahan", "role": "admin" }, "geometry": { "type": "Polygon", "coordinates": [ [ [ 106.730958930310862, -6.155195516404835 ], [ 106.727428551244273, -6.154266653530065 ], [ 106.727168039811886, -6.161965448675131 ], [ 106.727257871340285, -6.165395038404667 ], [ 106.728111270860197, -6.170950212211787 ], [ 106.728407714903966, -6.176174880417155 ], [ 106.729018569297168, -6.175764053673154 ], [ 106.729503659550588, -6.175951605052351 ], [ 106.730051631873906, -6.175540778135114 ], [ 106.730833166171081, -6.176130225351726 ], [ 106.731048761839261, -6.175996260132843 ], [ 106.730806216712566, -6.175067433683116 ], [ 106.731983009734762, -6.174352950690126 ], [ 106.732000976040439, -6.17415646769807 ], [ 106.731695548843845, -6.173834949917484 ], [ 106.731929110817703, -6.172959706081578 ], [ 106.73223453801431, -6.172673911862778 ], [ 106.732584880975111, -6.17270963614856 ], [ 106.73363590985754, -6.171459284712931 ], [ 106.734327612626302, -6.171745079586934 ], [ 106.73447134307176, -6.171280662838401 ], [ 106.73498338278371, -6.170950212211787 ], [ 106.735306776285995, -6.17123600736036 ], [ 106.73552237195419, -6.171164558587667 ], [ 106.735755933928061, -6.170959143312514 ], [ 106.735423557272938, -6.170342897009304 ], [ 106.735666102399648, -6.169940996860284 ], [ 106.736447636696838, -6.170387552562603 ], [ 106.737579513954827, -6.169896341269357 ], [ 106.737840025387214, -6.169994583564428 ], [ 106.737965789526996, -6.17066441690908 ], [ 106.738253250417912, -6.170619761379109 ], [ 106.73837901455768, -6.170057101379083 ], [ 106.737768160164478, -6.169530165281849 ], [ 106.737884941151421, -6.168833537095016 ], [ 106.73813646943097, -6.168645983195988 ], [ 106.738612576531565, -6.169021090927687 ], [ 106.738567660767359, -6.169744512232067 ], [ 106.738882071116791, -6.169807030076218 ], [ 106.739052751020779, -6.169476578530752 ], [ 106.739052751020779, -6.168824605958472 ], [ 106.739439026592947, -6.168663845474945 ], [ 106.73942106028727, -6.168244081760344 ], [ 106.740049880986149, -6.16804759650314 ], [ 106.740031914680458, -6.168485222658291 ], [ 106.740382257641272, -6.168610258636269 ], [ 106.740499038628215, -6.168458429230603 ], [ 106.740534971239569, -6.16818156373186 ], [ 106.740346325029918, -6.167824317713382 ], [ 106.740472089169685, -6.167592107672288 ], [ 106.741181758244139, -6.167690350394394 ], [ 106.741244640314022, -6.16802973420342 ], [ 106.741639899039043, -6.168083321100775 ], [ 106.741837528401547, -6.167770730789848 ], [ 106.74168481480325, -6.167395622173466 ], [ 106.742672961615781, -6.166448918294987 ], [ 106.743598226358429, -6.166627541797649 ], [ 106.74381382202661, -6.166538230053838 ], [ 106.744011451389113, -6.165913047426015 ], [ 106.744128232376042, -6.165939840982323 ], [ 106.744182131293101, -6.166493574176293 ], [ 106.744352811197089, -6.166707922354218 ], [ 106.74456840686527, -6.166716853526418 ], [ 106.744909766673231, -6.166377468877076 ], [ 106.745502654760756, -6.166484643000333 ], [ 106.745772149345981, -6.16627029473216 ], [ 106.745700284123259, -6.165770148436175 ], [ 106.745870964027247, -6.165734423682699 ], [ 106.746427919503404, -6.166082739926439 ], [ 106.746760296158527, -6.165921978611602 ], [ 106.746796228769881, -6.165698698926818 ], [ 106.746481818420449, -6.165296795257339 ], [ 106.746769279311366, -6.165010996907098 ], [ 106.74722742010627, -6.165403969598978 ], [ 106.747487931538657, -6.165270001668545 ], [ 106.747694544054013, -6.165493281533799 ], [ 106.748826421312003, -6.165886253868353 ], [ 106.748790488700635, -6.165270001668545 ], [ 106.747523864150011, -6.160063088564693 ], [ 106.747883190263664, -6.156347661368039 ], [ 106.748071836473329, -6.15616010305594 ], [ 106.748008954403446, -6.155293761421628 ], [ 106.739519874968508, -6.154981163577864 ], [ 106.734336595779141, -6.155007957685965 ], [ 106.731399104800076, -6.155356280968309 ], [ 106.730958930310862, -6.155195516404835 ] ] ] } },
{ "type": "Feature", "properties": { "FID": 206, "Kode_BPS_K": 3172060006, "Longitude": "106° 52' 16.974\" E", "Latitude": "6° 13' 12.209\" S", "Kecamatan": "JATINEGARA", "ID": "3172060006", "KELURAHAN": "RAWA BUNGA", "is_in_haml": "RAWA BUNGA", "HAMLET": "Rawa Bunga", "LUAS": 85.5753, "city": "dki", "source_layer": "Kelurahan", "role": "admin" }, "geometry": { "type": "Polygon", "coordinates": [ [ [ 106.867637600789649, -6.215032287799892 ], [ 106.866811150728253, -6.214639352023866 ], [ 106.863918575513395, -6.211995958268077 ], [ 106.863307721120194, -6.211683393939508 ], [ 106.862409405836075, -6.211549437741879 ], [ 106.864385699461124, -6.21316584025045 ], [ 106.865823003915722, -6.214576839486988 ], [ 106.866083515348109, -6.215023357444605 ], [ 106.866685386588472, -6.215148382404831 ], [ 106.866900982256666, -6.21549666606594 ], [ 106.868841343270361, -6.21965819145805 ], [ 106.870125934126662, -6.224284054413697 ], [ 106.870368479253372, -6.226793434074183 ], [ 106.870718822214187, -6.226882735620527 ], [ 106.875165482870557, -6.226525529344032 ], [ 106.875246331246146, -6.226052230653426 ], [ 106.875084634494996, -6.22602544014875 ], [ 106.874976836660906, -6.224176892026062 ], [ 106.874698358922828, -6.223203499337373 ], [ 106.874599544241562, -6.219756424492175 ], [ 106.874374965420543, -6.218988420281645 ], [ 106.874491746407472, -6.218470463320207 ], [ 106.874105470835318, -6.21519303416914 ], [ 106.874330049656336, -6.214916193169335 ], [ 106.867637600789649, -6.215032287799892 ] ] ] } },
{ "type": "Feature", "properties": { "FID": 207, "Kode_BPS_K": 3172080007, "Longitude": "106° 55' 12.930\" E", "Latitude": "6° 11' 5.550\" S", "Kecamatan": "CAKUNG", "ID": "3172080007", "KELURAHAN": "RAWA TERATE", "is_in_haml": "RAWA TERATE", "HAMLET": "Rawa Terate", "LUAS": 436.325, "city": "dki", "source_layer": "Kelurahan", "role": "admin" }, "geometry": { "type": "Polygon", "coordinates": [ [ [ 106.923836204964161, -6.165537937495571 ], [ 106.923674508213026, -6.165144964902947 ], [ 106.923737390282909, -6.163331928489812 ], [ 106.923593659837451, -6.163099716481912 ], [ 106.922075507007293, -6.162242317418569 ], [ 106.922111439618647, -6.162045829938107 ], [ 106.921868894491951, -6.161920792412661 ], [ 106.921042444430554, -6.166716853526418 ], [ 106.921132275958954, -6.167458140294626 ], [ 106.920835831915198, -6.168110114547423 ], [ 106.920539387871443, -6.168172632584332 ], [ 106.920467522648707, -6.168958572990836 ], [ 106.920144129146436, -6.17001244579794 ], [ 106.920790916151006, -6.174085019319251 ], [ 106.921644315670903, -6.177693150400668 ], [ 106.921806012422053, -6.179872306765981 ], [ 106.921680248282271, -6.180399232572649 ], [ 106.9223809342039, -6.183132093591055 ], [ 106.913918804227492, -6.182471206926716 ], [ 106.912167089423448, -6.182792719461167 ], [ 106.911098094235356, -6.182390828762566 ], [ 106.910334526243844, -6.182355105130134 ], [ 106.905842949823239, -6.186454376201733 ], [ 106.905771084600516, -6.186954502958732 ], [ 106.906444821063616, -6.189160413542989 ], [ 106.906157360172685, -6.19043751546142 ], [ 106.90765754669718, -6.190964430737841 ], [ 106.910819616497264, -6.191116253686042 ], [ 106.910819616497264, -6.195099357791515 ], [ 106.911960476908106, -6.195072565711819 ], [ 106.912652179676869, -6.194429555391164 ], [ 106.914125416742834, -6.195715575249167 ], [ 106.915230344542294, -6.196421098701305 ], [ 106.917404267529875, -6.196483613392082 ], [ 106.917233587625887, -6.192902402740714 ], [ 106.91845529641229, -6.192813095431463 ], [ 106.921042444430554, -6.192732718840222 ], [ 106.921078377041908, -6.193063155859302 ], [ 106.921455669461253, -6.193572207078612 ], [ 106.922210254299898, -6.193706167844225 ], [ 106.922183304841383, -6.194501001021028 ], [ 106.922632462483435, -6.194626030850022 ], [ 106.922677378247641, -6.194295594809107 ], [ 106.923431963086301, -6.194474208910962 ], [ 106.923710440824379, -6.194402763277472 ], [ 106.925929279576167, -6.195045773630765 ], [ 106.92609995948014, -6.195358347825129 ], [ 106.926926409541537, -6.195653060467414 ], [ 106.927267769349498, -6.195063635018286 ], [ 106.927402516642118, -6.194197357027328 ], [ 106.927950488965422, -6.193991950697262 ], [ 106.932361217010452, -6.193965158561362 ], [ 106.932469014844543, -6.192688065173136 ], [ 106.932019857202491, -6.190696507781614 ], [ 106.931642564783161, -6.189919530440085 ], [ 106.930546620136539, -6.188821043283252 ], [ 106.929271012433091, -6.186641923791064 ], [ 106.929064399917735, -6.185945318123832 ], [ 106.928794905332509, -6.183435743943725 ], [ 106.926189791008554, -6.183694739694992 ], [ 106.926585049733575, -6.182158625108631 ], [ 106.927492348170531, -6.181113707404536 ], [ 106.927375567183589, -6.180542127616214 ], [ 106.927645061768828, -6.180283130321338 ], [ 106.927869640589861, -6.179631171052329 ], [ 106.927788792214287, -6.178541593494786 ], [ 106.927618112310313, -6.177675288426173 ], [ 106.92723183673813, -6.177326979803087 ], [ 106.926926409541537, -6.17668394789684 ], [ 106.9268545443188, -6.175531847111634 ], [ 106.926387420371071, -6.174567295689234 ], [ 106.926486235052323, -6.174308295471059 ], [ 106.926225723619922, -6.173567018284577 ], [ 106.926558100275045, -6.172932912880115 ], [ 106.925983178493212, -6.172004081058345 ], [ 106.925309442030127, -6.171905839135817 ], [ 106.925534020851146, -6.171825459367472 ], [ 106.925498088239777, -6.171584319989275 ], [ 106.925902330117637, -6.171030592112904 ], [ 106.926028094257418, -6.170494725875171 ], [ 106.92588436381196, -6.17032503478693 ], [ 106.925498088239777, -6.170351828120264 ], [ 106.925408256711378, -6.170226792553113 ], [ 106.925938262729005, -6.169753443353112 ], [ 106.925659784990927, -6.169378336139666 ], [ 106.925713683907972, -6.168556671792174 ], [ 106.925408256711378, -6.168449498087739 ], [ 106.925174694737507, -6.168637052056283 ], [ 106.924366210981788, -6.168610258636269 ], [ 106.924249429994859, -6.168708501169703 ], [ 106.92362060929598, -6.168440566944724 ], [ 106.924204514230652, -6.165814804374636 ], [ 106.923836204964161, -6.165537937495571 ] ] ] } },
{ "type": "Feature", "properties": { "FID": 208, "Kode_BPS_K": 3175040001, "Longitude": "106° 53' 58.974\" E", "Latitude": "6° 8' 1.745\" S", "Kecamatan": "KOJA", "ID": "3175040001", "KELURAHAN": "RAWABADAK SELATAN", "is_in_haml": "RAWABADAK SELATAN", "HAMLET": "Rawabadak Selatan", "LUAS": 236.912, "city": "dki", "source_layer": "Kelurahan", "role": "admin" }, "geometry": { "type": "Polygon", "coordinates": [ [ [ 106.897955741628678, -6.123497154547762 ], [ 106.895952498545086, -6.123488222650188 ], [ 106.894937402274039, -6.127266401988065 ], [ 106.894892486509832, -6.128097061944545 ], [ 106.894182817435379, -6.131312507649382 ], [ 106.892440085784187, -6.137930905701299 ], [ 106.897758112266175, -6.141199881699678 ], [ 106.902653930564625, -6.143924013035991 ], [ 106.90359716161295, -6.142843293747666 ], [ 106.905348876416994, -6.144066917901599 ], [ 106.906022612880079, -6.14394187614629 ], [ 106.906399905299395, -6.143682860988276 ], [ 106.906292107465305, -6.135867689213367 ], [ 106.904495476897068, -6.135921279353062 ], [ 106.903776824669777, -6.136135639857947 ], [ 106.90383970673966, -6.133733010933851 ], [ 106.903399532250447, -6.123541814033386 ], [ 106.897955741628678, -6.123497154547762 ] ] ] } },
{ "type": "Feature", "properties": { "FID": 209, "Kode_BPS_K": 3175040005, "Longitude": "106° 53' 52.394\" E", "Latitude": "6° 7' 10.129\" S", "Kecamatan": "KOJA", "ID": "3175040005", "KELURAHAN": "RAWABADAK UTARA", "is_in_haml": "RAWABADAK UTARA", "HAMLET": "Rawabadak Utara", "LUAS": 125.456, "city": "dki", "source_layer": "Kelurahan", "role": "admin" }, "geometry": { "type": "Polygon", "coordinates": [ [ [ 106.896320807811591, -6.114029259319016 ], [ 106.893050940177389, -6.114091783705425 ], [ 106.893104839094434, -6.118236241016576 ], [ 106.893796541863196, -6.12894558422103 ], [ 106.894676890841652, -6.12902597047199 ], [ 106.894937402274039, -6.127266401988065 ], [ 106.895952498545086, -6.123488222650188 ], [ 106.903399532250447, -6.123541814033386 ], [ 106.903435464861801, -6.120040499031538 ], [ 106.90311207135953, -6.11443120167554 ], [ 106.896859796982056, -6.11428828887227 ], [ 106.896320807811591, -6.114029259319016 ] ] ] } },
{ "type": "Feature", "properties": { "FID": 210, "Kode_BPS_K": 3171080002, "Longitude": "106° 51' 16.773\" E", "Latitude": "6° 15' 29.159\" S", "Kecamatan": "PANCORAN", "ID": "3171080002", "KELURAHAN": "RAWAJATI", "is_in_haml": "RAWAJATI", "HAMLET": "Rawajati", "LUAS": 148.472, "city": "dki", "source_layer": "Kelurahan", "role": "admin" }, "geometry": { "type": "Polygon", "coordinates": [ [ [ 106.859786325206443, -6.250984667088966 ], [ 106.859957005110431, -6.250868580414346 ], [ 106.850201301124883, -6.251743694711147 ], [ 106.849644345648727, -6.252395564613307 ], [ 106.84959942988452, -6.255637042606948 ], [ 106.84927603638225, -6.256717530804881 ], [ 106.84927603638225, -6.258842782063857 ], [ 106.851396060452771, -6.258842782063857 ], [ 106.851360127841389, -6.259985770762522 ], [ 106.851602672968113, -6.261387714422805 ], [ 106.852438106182333, -6.261485939633719 ], [ 106.849877907622599, -6.266790073578576 ], [ 106.855510344454032, -6.266665060940899 ], [ 106.855240849868792, -6.266120362670033 ], [ 106.854270669361952, -6.265700676729244 ], [ 106.853947275859667, -6.265120259446446 ], [ 106.854342534584674, -6.264629136626046 ], [ 106.856947648908616, -6.264334462711981 ], [ 106.857199177188178, -6.264004070549897 ], [ 106.857181210882501, -6.26381655058109 ], [ 106.854755759615372, -6.262932526963693 ], [ 106.854261686209114, -6.262289599756274 ], [ 106.854513214488662, -6.261994924521624 ], [ 106.855276782480161, -6.261700249120675 ], [ 106.856273912445531, -6.262566415734302 ], [ 106.856965615214307, -6.262878949726647 ], [ 106.858223256612078, -6.262870020186605 ], [ 106.858896993075163, -6.263012892808951 ], [ 106.859471914856996, -6.262512838459685 ], [ 106.860010904027476, -6.259619657467227 ], [ 106.860567859503632, -6.257547987157704 ], [ 106.86042412905816, -6.257047927576453 ], [ 106.85956174638541, -6.257074716494723 ], [ 106.859337167564391, -6.256744319740088 ], [ 106.859615645302455, -6.256396063475292 ], [ 106.860513960586587, -6.255851354493216 ], [ 106.860729556254768, -6.255449519634383 ], [ 106.860666674184884, -6.254994106420929 ], [ 106.860460061669528, -6.254699427071389 ], [ 106.859615645302455, -6.254351169444142 ], [ 106.857944778874, -6.255333433950985 ], [ 106.857639351677406, -6.255119121852366 ], [ 106.857549520148979, -6.254806583217714 ], [ 106.857594435913185, -6.253565356509863 ], [ 106.857998677791045, -6.252511650949008 ], [ 106.858905976228002, -6.251529381141187 ], [ 106.859786325206443, -6.250984667088966 ] ] ] } },
{ "type": "Feature", "properties": { "FID": 211, "Kode_BPS_K": 3172090005, "Longitude": "106° 52' 56.968\" E", "Latitude": "6° 11' 45.474\" S", "Kecamatan": "PULO GADUNG", "ID": "3172090005", "KELURAHAN": "RAWAMANGUN", "is_in_haml": "RAWAMANGUN", "HAMLET": "Rawamangun", "LUAS": 258.827, "city": "dki", "source_layer": "Kelurahan", "role": "admin" }, "geometry": { "type": "Polygon", "coordinates": [ [ [ 106.877968226557016, -6.189330098591115 ], [ 106.876009899237644, -6.188722804483172 ], [ 106.875372095385913, -6.188758527685314 ], [ 106.875381078538751, -6.189910599659401 ], [ 106.877420254233698, -6.192554104149219 ], [ 106.876387191656974, -6.192589827092253 ], [ 106.875030735577951, -6.192384420136805 ], [ 106.873332919690966, -6.200547052404058 ], [ 106.873234105009715, -6.202493919782983 ], [ 106.87336885230232, -6.203458420225151 ], [ 106.875372095385913, -6.203449489673597 ], [ 106.875560741595578, -6.20336018414972 ], [ 106.875641589971153, -6.202824350688742 ], [ 106.875794303569464, -6.202770767312688 ], [ 106.877501102609287, -6.202618947717626 ], [ 106.878570097797379, -6.202199210962579 ], [ 106.880663172409371, -6.201850918507897 ], [ 106.883340151956062, -6.202190280389692 ], [ 106.886915446786844, -6.201841987929108 ], [ 106.890293112255137, -6.202100974652502 ], [ 106.89051769107617, -6.201207916448655 ], [ 106.89051769107617, -6.200511329999675 ], [ 106.890149381809678, -6.199100293091253 ], [ 106.89038294378355, -6.198242952366724 ], [ 106.891020747635267, -6.197376679594552 ], [ 106.891173461233578, -6.196867632044372 ], [ 106.891056680246635, -6.188722804483172 ], [ 106.888460549075532, -6.189258652261705 ], [ 106.882423870366253, -6.190044561353806 ], [ 106.881920813807142, -6.190026699796515 ], [ 106.881552504540664, -6.189839153408496 ], [ 106.881256060496895, -6.189294375427616 ], [ 106.88117521212132, -6.188740666084546 ], [ 106.879980452793447, -6.188821043283252 ], [ 106.879198918496272, -6.189240790677842 ], [ 106.877968226557016, -6.189330098591115 ] ] ] } },
{ "type": "Feature", "properties": { "FID": 212, "Kode_BPS_K": 3173050001, "Longitude": "106° 51' 58.704\" E", "Latitude": "6° 11' 25.942\" S", "Kecamatan": "CEMPAKA PUTIH", "ID": "3173050001", "KELURAHAN": "RAWASARI", "is_in_haml": "RAWASARI", "HAMLET": "Rawasari", "LUAS": 128.842, "city": "dki", "source_layer": "Kelurahan", "role": "admin" }, "geometry": { "type": "Polygon", "coordinates": [ [ [ 106.871671036415336, -6.185623807506262 ], [ 106.87009000151528, -6.185739908585163 ], [ 106.869712709095964, -6.187097396230954 ], [ 106.869515079733446, -6.187356390188388 ], [ 106.866909965409505, -6.186784817147791 ], [ 106.86647877407313, -6.186847332979213 ], [ 106.862930428700864, -6.188499534415065 ], [ 106.859795308359281, -6.189365821752197 ], [ 106.855366614008574, -6.192187943843786 ], [ 106.856579339642138, -6.193581137797376 ], [ 106.858492751197304, -6.196322861315124 ], [ 106.860990067687155, -6.194474208910962 ], [ 106.863065175993469, -6.193402523393375 ], [ 106.864412648919654, -6.192893472010469 ], [ 106.865679273470263, -6.192634480767647 ], [ 106.868778461200478, -6.192250459035858 ], [ 106.87277596421481, -6.192000398223168 ], [ 106.876387191656974, -6.192589827092253 ], [ 106.877420254233698, -6.192554104149219 ], [ 106.875381078538751, -6.189910599659401 ], [ 106.875399044844443, -6.188258402635547 ], [ 106.873638346887574, -6.186641923791064 ], [ 106.871671036415336, -6.185623807506262 ] ] ] } },
{ "type": "Feature", "properties": { "FID": 213, "Kode_BPS_K": 3174050010, "Longitude": "106° 48' 33.924\" E", "Latitude": "6° 8' 9.724\" S", "Kecamatan": "TAMBORA", "ID": "3174050010", "KELURAHAN": "ROA MALAKA", "is_in_haml": "ROA MALAKA", "HAMLET": "Roa Malaka", "LUAS": 55.8395, "city": "dki", "source_layer": "Kelurahan", "role": "admin" }, "geometry": { "type": "Polygon", "coordinates": [ [ [ 106.812337311899256, -6.141065907667812 ], [ 106.811474929226492, -6.140029840683222 ], [ 106.811573743907744, -6.139083088055679 ], [ 106.812058834161164, -6.137939837357039 ], [ 106.812148665689577, -6.137305689427347 ], [ 106.81037898457987, -6.130294285272982 ], [ 106.805644863032555, -6.131392893543684 ], [ 106.806767757137706, -6.133045267575578 ], [ 106.807082167487138, -6.133866986809495 ], [ 106.80745047675363, -6.135957006109863 ], [ 106.807899634395696, -6.136751925829214 ], [ 106.807782853408767, -6.138225650261701 ], [ 106.807962516465579, -6.141664324749176 ], [ 106.811097636807162, -6.141744709082004 ], [ 106.812337311899256, -6.141065907667812 ] ] ] } },
{ "type": "Feature", "properties": { "FID": 214, "Kode_BPS_K": 3175060002, "Longitude": "106° 57' 19.517\" E", "Latitude": "6° 8' 44.033\" S", "Kecamatan": "CILINCING", "ID": "3175060002", "KELURAHAN": "ROROTAN", "is_in_haml": "ROROTAN", "HAMLET": "Rorotan", "LUAS": 1015.13, "city": "dki", "source_layer": "Kelurahan", "role": "admin" }, "geometry": { "type": "Polygon", "coordinates": [ [ [ 106.97049470082132, -6.13067835183624 ], [ 106.970198256777579, -6.130517579820154 ], [ 106.970036560026429, -6.129990604538837 ], [ 106.970431818751436, -6.12992808201329 ], [ 106.970431818751436, -6.126426808890377 ], [ 106.969228076270724, -6.12649826367351 ], [ 106.96901248060253, -6.129954877382279 ], [ 106.968114165318411, -6.130062058844776 ], [ 106.968096199012734, -6.130401466667289 ], [ 106.965823461343902, -6.130705147167542 ], [ 106.965832444496755, -6.130955236861467 ], [ 106.96461971886319, -6.130999895723042 ], [ 106.964646668321706, -6.131375030012664 ], [ 106.964305308513744, -6.131357166481046 ], [ 106.964143611762609, -6.132187820068354 ], [ 106.961987655080719, -6.132107434293867 ], [ 106.961933756163674, -6.132393250325882 ], [ 106.960577300084651, -6.132187820068354 ], [ 106.960487468556238, -6.132580817013642 ], [ 106.959840681551682, -6.132366455079389 ], [ 106.958547107542543, -6.132446840814832 ], [ 106.957523028118644, -6.132187820068354 ], [ 106.957334381908979, -6.131866276897706 ], [ 106.953247047366233, -6.131776959315899 ], [ 106.95253737829178, -6.131669778197986 ], [ 106.952043304885521, -6.131321439416015 ], [ 106.948351229067782, -6.133491854272853 ], [ 106.942152853607354, -6.135555079957768 ], [ 106.93641261894183, -6.136868037599085 ], [ 106.937454664671407, -6.138109538787674 ], [ 106.93867637345781, -6.140163814975729 ], [ 106.939556722436251, -6.142244877991361 ], [ 106.939889099091374, -6.143638203189672 ], [ 106.940131644218098, -6.145951472227156 ], [ 106.940212492593659, -6.151337152290341 ], [ 106.940634700777196, -6.157044305947438 ], [ 106.9410928415721, -6.157901713406162 ], [ 106.943859652647177, -6.157937438686901 ], [ 106.944784917389825, -6.158196446900388 ], [ 106.944829833154031, -6.160590034066739 ], [ 106.944524405957438, -6.163519484268155 ], [ 106.94876445409848, -6.163751696092339 ], [ 106.948917167696777, -6.163733833647933 ], [ 106.949024965530882, -6.162894298082517 ], [ 106.95089346132184, -6.16280498571015 ], [ 106.950866511863325, -6.162224454923352 ], [ 106.951612113549132, -6.161509954621639 ], [ 106.95213313641392, -6.159991638286857 ], [ 106.952582294055986, -6.160098813700005 ], [ 106.953148232684981, -6.158687669027239 ], [ 106.953597390327047, -6.158160721637073 ], [ 106.954307059401501, -6.15775881225917 ], [ 106.956067757358369, -6.158053545832707 ], [ 106.957828455315237, -6.158830569924269 ], [ 106.959894580468728, -6.160464996198334 ], [ 106.960164075053953, -6.158339347929614 ], [ 106.960658148460226, -6.158410798429806 ], [ 106.960765946294316, -6.157732018289829 ], [ 106.960945609351143, -6.157580185771356 ], [ 106.960855777822729, -6.156597739014487 ], [ 106.960972558809672, -6.156106514954604 ], [ 106.960703064224433, -6.155990407383167 ], [ 106.960810862058523, -6.15561529044047 ], [ 106.962769189377909, -6.156285141938031 ], [ 106.964341241125112, -6.156151171706092 ], [ 106.968159081082618, -6.15508834000216 ], [ 106.96825789576387, -6.155677809949314 ], [ 106.969183160506518, -6.155552770924269 ], [ 106.969183160506518, -6.156008270088117 ], [ 106.971455898175336, -6.156338730021345 ], [ 106.97118640359011, -6.154177339706533 ], [ 106.97177929167762, -6.151685477978631 ], [ 106.972309297695261, -6.151363946582158 ], [ 106.97191403897024, -6.149925984346257 ], [ 106.971258268812832, -6.14975628668299 ], [ 106.971617594926471, -6.147103637223844 ], [ 106.971572679162264, -6.146022924392541 ], [ 106.972506927057765, -6.146192623246874 ], [ 106.972569809127648, -6.145049387813966 ], [ 106.972138617791259, -6.144879688595046 ], [ 106.971060639450315, -6.14092300199667 ], [ 106.970692330183837, -6.140690780199273 ], [ 106.970368936681552, -6.136475043814351 ], [ 106.970692330183837, -6.136314273546156 ], [ 106.970234189388933, -6.133688352301155 ], [ 106.970593515502586, -6.133527581192476 ], [ 106.970333004070184, -6.132679066204711 ], [ 106.970530633432688, -6.132027048507264 ], [ 106.97049470082132, -6.13067835183624 ] ] ] } },
{ "type": "Feature", "properties": { "FID": 215, "Kode_BPS_K": 3171060008, "Longitude": "106° 48' 16.532\" E", "Latitude": "6° 14' 3.196\" S", "Kecamatan": "KEBAYORAN BARU", "ID": "3171060008", "KELURAHAN": "SELONG", "is_in_haml": "SELONG", "HAMLET": "Selong", "LUAS": 142.178, "city": "dki", "source_layer": "Kelurahan", "role": "admin" }, "geometry": { "type": "Polygon", "coordinates": [ [ [ 106.799769881074425, -6.228775924829005 ], [ 106.799428521266449, -6.229008107941207 ], [ 106.799141060375533, -6.229008107941207 ], [ 106.799257841362476, -6.229499264186314 ], [ 106.79851223967664, -6.231392443958181 ], [ 106.798521222829478, -6.239831298982424 ], [ 106.80529452007174, -6.239813439115229 ], [ 106.807279796849656, -6.239161553546035 ], [ 106.807225897932611, -6.23835785789259 ], [ 106.807603190351927, -6.236804042801702 ], [ 106.807567257740573, -6.235598493437946 ], [ 106.809220157863351, -6.235580633426536 ], [ 106.811007805278749, -6.233964299875605 ], [ 106.812004935244119, -6.233437427641649 ], [ 106.812310362440726, -6.233107015970698 ], [ 106.814681914790796, -6.233107015970698 ], [ 106.81450225173397, -6.231392443958181 ], [ 106.814636999026604, -6.231267422863103 ], [ 106.813666818519749, -6.229936839363025 ], [ 106.813460206004407, -6.23010651127217 ], [ 106.810504748719637, -6.230365484080376 ], [ 106.810370001427017, -6.230776268272659 ], [ 106.81010948999463, -6.230990590332292 ], [ 106.809768130186669, -6.230981660248222 ], [ 106.809543551365635, -6.231329933414365 ], [ 106.809309989391764, -6.231374583803564 ], [ 106.805222654849018, -6.229758237294142 ], [ 106.803767384088758, -6.229472473857522 ], [ 106.801207185529009, -6.229267081291356 ], [ 106.800290903939199, -6.229660006130352 ], [ 106.79982377999147, -6.229079548878149 ], [ 106.799769881074425, -6.228775924829005 ] ] ] } },
{ "type": "Feature", "properties": { "FID": 216, "Kode_BPS_K": 3174080001, "Longitude": "106° 42' 9.134\" E", "Latitude": "6° 9' 59.157\" S", "Kecamatan": "KALIDERES", "ID": "3174080001", "KELURAHAN": "SEMANAN", "is_in_haml": "SEMANAN", "HAMLET": "Semanan", "LUAS": 547.713, "city": "dki", "source_layer": "Kelurahan", "role": "admin" }, "geometry": { "type": "Polygon", "coordinates": [ [ [ 106.715948081913226, -6.155892162495205 ], [ 106.715642654716618, -6.155079408634293 ], [ 106.714735356279661, -6.155677809949314 ], [ 106.713630428480201, -6.155936819264713 ], [ 106.710953448933523, -6.155874299786351 ], [ 106.708923256391401, -6.156133309005948 ], [ 106.706542720888493, -6.156222622500665 ], [ 106.70394658971739, -6.157276520604188 ], [ 106.70332675217135, -6.157803468871736 ], [ 106.702913527140652, -6.157964232645879 ], [ 106.701233677559344, -6.158285760048161 ], [ 106.6981075403706, -6.15944682960214 ], [ 106.694837672736412, -6.15989339413913 ], [ 106.690076601730581, -6.159946981858325 ], [ 106.689905921826593, -6.160857972256998 ], [ 106.689304050586244, -6.161813617367404 ], [ 106.689079471765197, -6.16345696568274 ], [ 106.689304050586244, -6.164510849423644 ], [ 106.68884590979134, -6.165368244820837 ], [ 106.689250151669199, -6.167020513291714 ], [ 106.688756078262927, -6.166984788622469 ], [ 106.688468617371996, -6.16796721614966 ], [ 106.688253021703815, -6.168190494879237 ], [ 106.688235055398138, -6.172495290397737 ], [ 106.68922320221067, -6.1727542915024 ], [ 106.689277101127715, -6.173013292480437 ], [ 106.692331373093722, -6.173727777280584 ], [ 106.692034929049967, -6.174594088808023 ], [ 106.692843412805672, -6.175112088838171 ], [ 106.693032059015323, -6.175156743989462 ], [ 106.693050025321014, -6.175040640588274 ], [ 106.693436300893183, -6.175237123252296 ], [ 106.694020205827869, -6.175880156915728 ], [ 106.695771920631898, -6.175156743989462 ], [ 106.698772293680861, -6.176228466490698 ], [ 106.701036048196841, -6.176549982818063 ], [ 106.703704044590665, -6.178595179328751 ], [ 106.706902047002146, -6.176800050937693 ], [ 106.706866114390778, -6.17421898502163 ], [ 106.710657004889754, -6.17433508860295 ], [ 106.710818701640903, -6.173245500146192 ], [ 106.711204977213072, -6.172593532210962 ], [ 106.711806848453435, -6.171816528281347 ], [ 106.712489568069373, -6.171646837616382 ], [ 106.713756192619968, -6.167868973478857 ], [ 106.716496054236544, -6.16606487756053 ], [ 106.716711649904724, -6.165645111788484 ], [ 106.716505037389382, -6.16384993952582 ], [ 106.716747582516092, -6.162429873582053 ], [ 106.715355193825701, -6.162420942337676 ], [ 106.715427059048437, -6.159839806414523 ], [ 106.715166547616036, -6.159768356106635 ], [ 106.71527434545014, -6.158759119480561 ], [ 106.715139598157506, -6.15778560622716 ], [ 106.715310278061509, -6.157571254445388 ], [ 106.715876216690503, -6.157696292995269 ], [ 106.715543840035366, -6.156615601699014 ], [ 106.715984014524594, -6.156544150957303 ], [ 106.715948081913226, -6.155892162495205 ] ] ] } },
{ "type": "Feature", "properties": { "FID": 217, "Kode_BPS_K": 3175060006, "Longitude": "106° 55' 27.244\" E", "Latitude": "6° 7' 33.017\" S", "Kecamatan": "CILINCING", "ID": "3175060006", "KELURAHAN": "SEMPER BARAT", "is_in_haml": "SEMPER BARAT", "HAMLET": "Semper Barat", "LUAS": 333.003, "city": "dki", "source_layer": "Kelurahan", "role": "admin" }, "geometry": { "type": "Polygon", "coordinates": [ [ [ 106.922461782579461, -6.108035816361666 ], [ 106.917440200141229, -6.108268052361008 ], [ 106.916991042499177, -6.1190669150177 ], [ 106.918868521442974, -6.119102642902769 ], [ 106.918985302429917, -6.11961176500547 ], [ 106.920683118316902, -6.119013323185619 ], [ 106.92085379822089, -6.120281661770037 ], [ 106.92147363576693, -6.120210206155162 ], [ 106.921365837932839, -6.121219515829476 ], [ 106.921608383059549, -6.12519421237585 ], [ 106.920629219399856, -6.125667601228906 ], [ 106.920242943827688, -6.125712260532997 ], [ 106.920332775356101, -6.126712627965516 ], [ 106.919955482936757, -6.12653399106149 ], [ 106.919659038893016, -6.126587582138974 ], [ 106.919335645390717, -6.127507561463457 ], [ 106.918608010010587, -6.128347152861005 ], [ 106.918347498578186, -6.129490424129294 ], [ 106.918536144787865, -6.131169599362933 ], [ 106.919191914945259, -6.131580460583272 ], [ 106.919560224211764, -6.132152093058966 ], [ 106.919155982333905, -6.13354544465139 ], [ 106.918608010010587, -6.134215323928604 ], [ 106.918392414342406, -6.134849475535452 ], [ 106.917979189311708, -6.135224607116768 ], [ 106.917934273547502, -6.135617601823555 ], [ 106.917269520237255, -6.136439317092277 ], [ 106.917233587625887, -6.137073466053033 ], [ 106.923108569584031, -6.136617950678695 ], [ 106.923153485348237, -6.137207441089026 ], [ 106.924842318082383, -6.137198509421008 ], [ 106.927106072598363, -6.137698682599472 ], [ 106.931552733254748, -6.137823725820725 ], [ 106.936250922190695, -6.136760857504718 ], [ 106.928184050939308, -6.125471100246517 ], [ 106.92736658403075, -6.123997340573432 ], [ 106.926297588842658, -6.121210583893817 ], [ 106.924195531077814, -6.113600520472477 ], [ 106.922461782579461, -6.108035816361666 ] ] ] } },
{ "type": "Feature", "properties": { "FID": 218, "Kode_BPS_K": 3175060005, "Longitude": "106° 56' 2.673\" E", "Latitude": "6° 7' 16.435\" S", "Kecamatan": "CILINCING", "ID": "3175060005", "KELURAHAN": "SEMPER TIMUR", "is_in_haml": "SEMPER TIMUR", "HAMLET": "Semper Timur", "LUAS": 466.423, "city": "dki", "source_layer": "Kelurahan", "role": "admin" }, "geometry": { "type": "Polygon", "coordinates": [ [ [ 106.932684610512737, -6.105329366327719 ], [ 106.932540880067293, -6.104945281551388 ], [ 106.930447805455287, -6.10582956934448 ], [ 106.927537263934738, -6.106803177448278 ], [ 106.922461782579461, -6.108035816361666 ], [ 106.924195531077814, -6.113600520472477 ], [ 106.926297588842658, -6.121210583893817 ], [ 106.92736658403075, -6.123997340573432 ], [ 106.928184050939308, -6.125471100246517 ], [ 106.929675254310936, -6.127400379487846 ], [ 106.931292221822346, -6.129892354852544 ], [ 106.93641261894183, -6.136868037599085 ], [ 106.94276370800057, -6.135385377713659 ], [ 106.942637943860774, -6.132616543994308 ], [ 106.944569321721644, -6.132652270972578 ], [ 106.944641186944366, -6.13090164622264 ], [ 106.94803681871835, -6.130964168634081 ], [ 106.948018852412659, -6.126935924011478 ], [ 106.940877245903906, -6.126900196650402 ], [ 106.940832330139699, -6.124015204351397 ], [ 106.940014863231156, -6.124042000017227 ], [ 106.939493840366367, -6.124238501525557 ], [ 106.938865019667489, -6.122353870444305 ], [ 106.939889099091374, -6.122237755515657 ], [ 106.940140627370937, -6.123113082817231 ], [ 106.940796397528345, -6.122898717080094 ], [ 106.940751481764138, -6.118557792395965 ], [ 106.937805007632221, -6.116530229073863 ], [ 106.936834827125367, -6.113287898180243 ], [ 106.936286854802063, -6.112546536014063 ], [ 106.936421602094669, -6.11181410491338 ], [ 106.936268888496372, -6.111394296391468 ], [ 106.935433455282151, -6.110938759112132 ], [ 106.933187667071849, -6.10590102688017 ], [ 106.932963088250816, -6.106008213165831 ], [ 106.932684610512737, -6.105329366327719 ] ] ] } },
{ "type": "Feature", "properties": { "FID": 219, "Kode_BPS_K": 3171060010, "Longitude": "106° 48' 37.875\" E", "Latitude": "6° 13' 36.748\" S", "Kecamatan": "KEBAYORAN BARU", "ID": "3171060010", "KELURAHAN": "SENAYAN", "is_in_haml": "SENAYAN", "HAMLET": "Senayan", "LUAS": 142.995, "city": "dki", "source_layer": "Kelurahan", "role": "admin" }, "geometry": { "type": "Polygon", "coordinates": [ [ [ 106.816819905167009, -6.228606252489763 ], [ 106.816703124180066, -6.22833834868457 ], [ 106.817879917202262, -6.227516776162874 ], [ 106.812391210816301, -6.219408143652 ], [ 106.809193208404821, -6.222212244379186 ], [ 106.803066698167129, -6.226337995951606 ], [ 106.799769881074425, -6.228775924829005 ], [ 106.79982377999147, -6.229079548878149 ], [ 106.800290903939199, -6.229660006130352 ], [ 106.801207185529009, -6.229267081291356 ], [ 106.803767384088758, -6.229472473857522 ], [ 106.805222654849018, -6.229758237294142 ], [ 106.809309989391764, -6.231374583803564 ], [ 106.809543551365635, -6.231329933414365 ], [ 106.809768130186669, -6.230981660248222 ], [ 106.81010948999463, -6.230990590332292 ], [ 106.810370001427017, -6.230776268272659 ], [ 106.810504748719637, -6.230365484080376 ], [ 106.813460206004407, -6.23010651127217 ], [ 106.813666818519749, -6.229936839363025 ], [ 106.814636999026604, -6.231267422863103 ], [ 106.81450225173397, -6.231392443958181 ], [ 106.814681914790796, -6.233107015970698 ], [ 106.817394826948842, -6.233410637513919 ], [ 106.817799068826687, -6.233026645532784 ], [ 106.817484658477255, -6.232785534145162 ], [ 106.817475675324417, -6.232249730664828 ], [ 106.817152281822132, -6.232106849644324 ], [ 106.81681092201417, -6.232187220223144 ], [ 106.816721090485743, -6.232044339185618 ], [ 106.817269062809061, -6.230061860775082 ], [ 106.817197197586324, -6.229436753417006 ], [ 106.816819905167009, -6.228606252489763 ] ] ] } },
{ "type": "Feature", "properties": { "FID": 220, "Kode_BPS_K": 3173030005, "Longitude": "106° 50' 22.382\" E", "Latitude": "6° 10' 34.605\" S", "Kecamatan": "SENEN", "ID": "3173030005", "KELURAHAN": "SENEN", "is_in_haml": "SENEN", "HAMLET": "Senen", "LUAS": 83.2219, "city": "dki", "source_layer": "Kelurahan", "role": "admin" }, "geometry": { "type": "Polygon", "coordinates": [ [ [ 106.845143786075283, -6.175433605843414 ], [ 106.84381427945479, -6.171539664536825 ], [ 106.843643599550816, -6.170182136986268 ], [ 106.842987829393408, -6.170226792553113 ], [ 106.842960879934893, -6.171584319989275 ], [ 106.840777973794474, -6.171825459367472 ], [ 106.838918461156354, -6.173763501495293 ], [ 106.838083027942119, -6.174058226174711 ], [ 106.838118960553473, -6.17417432979127 ], [ 106.836340296290928, -6.175656881426645 ], [ 106.83538808208975, -6.17453157152874 ], [ 106.83441790158291, -6.172897188609389 ], [ 106.833429754770378, -6.173772432548594 ], [ 106.832738052001602, -6.17471019230711 ], [ 106.832791950918647, -6.17596053606875 ], [ 106.833402805311849, -6.175639019383451 ], [ 106.834238238526083, -6.174790571637722 ], [ 106.834471800499955, -6.174915606127758 ], [ 106.834929941294845, -6.176541051811606 ], [ 106.834534682569839, -6.177728874347846 ], [ 106.834723328779504, -6.17824687131099 ], [ 106.835091638045995, -6.178470145707722 ], [ 106.836268431068191, -6.177978941910585 ], [ 106.836555891959108, -6.177711012374557 ], [ 106.836843352850025, -6.177737805334263 ], [ 106.836969116989806, -6.177987872892784 ], [ 106.836744538168773, -6.178961349048985 ], [ 106.836528942500578, -6.179247139874109 ], [ 106.836043852247158, -6.17943469001922 ], [ 106.835118587504525, -6.180461749158958 ], [ 106.83517248642157, -6.180827917587564 ], [ 106.835370115784073, -6.181024398103315 ], [ 106.836996066448322, -6.181810319436602 ], [ 106.837867432273924, -6.181560253684481 ], [ 106.839888641663194, -6.180479611039403 ], [ 106.839816776440458, -6.180283130321338 ], [ 106.842026632039392, -6.178907763252093 ], [ 106.842107480414967, -6.178639834186245 ], [ 106.843311222895679, -6.177818184205242 ], [ 106.845143786075283, -6.175433605843414 ] ] ] } },
{ "type": "Feature", "properties": { "FID": 221, "Kode_BPS_K": 3173060004, "Longitude": "106° 51' 40.099\" E", "Latitude": "6° 9' 32.018\" S", "Kecamatan": "KEMAYORAN", "ID": "3173060004", "KELURAHAN": "SERDANG", "is_in_haml": "SERDANG", "HAMLET": "Serdang", "LUAS": 81.9085, "city": "dki", "source_layer": "Kelurahan", "role": "admin" }, "geometry": { "type": "Polygon", "coordinates": [ [ [ 106.865005537007164, -6.16096514749523 ], [ 106.866945898020873, -6.157544460466584 ], [ 106.860208533389979, -6.15371290758218 ], [ 106.85719019403534, -6.156919267244057 ], [ 106.855142035187541, -6.160170263963416 ], [ 106.858384953363213, -6.162278042407201 ], [ 106.858636481642762, -6.161858273638892 ], [ 106.862849580325289, -6.163778489757819 ], [ 106.863244839050296, -6.164082151205366 ], [ 106.865005537007164, -6.16096514749523 ] ] ] } },
{ "type": "Feature", "properties": { "FID": 222, "Kode_BPS_K": 3171100008, "Longitude": "106° 49' 32.861\" E", "Latitude": "6° 12' 26.733\" S", "Kecamatan": "SETIA BUDI", "ID": "3171100008", "KELURAHAN": "SETIA BUDI", "is_in_haml": "SETIA BUDI", "HAMLET": "Setia Budi", "LUAS": 67.5139, "city": "dki", "source_layer": "Kelurahan", "role": "admin" }, "geometry": { "type": "Polygon", "coordinates": [ [ [ 106.822335561011499, -6.20463725170225 ], [ 106.822101999037628, -6.207137794590952 ], [ 106.821589959325678, -6.209325759882389 ], [ 106.822766752347874, -6.210433134769442 ], [ 106.824078292662691, -6.211344038172644 ], [ 106.824545416610434, -6.210504578230571 ], [ 106.825560512881481, -6.211004682187026 ], [ 106.825812041161029, -6.210709978127316 ], [ 106.827806301091783, -6.21093323879376 ], [ 106.827779351633268, -6.211192221048225 ], [ 106.829180723476483, -6.211299386081772 ], [ 106.82919868978216, -6.211638741877419 ], [ 106.830348533345841, -6.211728045997809 ], [ 106.830105988219131, -6.208879237091709 ], [ 106.829450218061723, -6.207218168986945 ], [ 106.828390206026469, -6.205440998924868 ], [ 106.828551902777605, -6.205387415814832 ], [ 106.828129694594068, -6.20475334859904 ], [ 106.827967997842919, -6.203833503253851 ], [ 106.822739802889345, -6.202636808848727 ], [ 106.822335561011499, -6.20463725170225 ] ] ] } },
{ "type": "Feature", "properties": { "FID": 223, "Kode_BPS_K": 3172030005, "Longitude": "106° 54' 53.457\" E", "Latitude": "6° 18' 49.139\" S", "Kecamatan": "CIPAYUNG", "ID": "3172030005", "KELURAHAN": "SETU", "is_in_haml": "SETU", "HAMLET": "Setu", "LUAS": 264.883, "city": "dki", "source_layer": "Kelurahan", "role": "admin" }, "geometry": { "type": "Polygon", "coordinates": [ [ [ 106.921105326500438, -6.302274590497085 ], [ 106.918787673067413, -6.302569242926736 ], [ 106.917817492560573, -6.302551385208489 ], [ 106.917754610490661, -6.303301408845484 ], [ 106.917143756097474, -6.303256764611731 ], [ 106.917098840333267, -6.303569274167307 ], [ 106.916865278359396, -6.30352462995661 ], [ 106.916209508201987, -6.305390754686766 ], [ 106.915966963075277, -6.305774693391602 ], [ 106.915742384254244, -6.305676476540683 ], [ 106.915580687503109, -6.305810408605507 ], [ 106.915185428778088, -6.306488997202236 ], [ 106.915041698332629, -6.3068729350938 ], [ 106.915203395083779, -6.306935436584119 ], [ 106.914754237441713, -6.307828314194465 ], [ 106.914233214576925, -6.307685453880162 ], [ 106.913819989546241, -6.307372946805358 ], [ 106.913694225406445, -6.307605094936064 ], [ 106.912858792192225, -6.307551522299745 ], [ 106.912706078593928, -6.307730097732612 ], [ 106.912203022034817, -6.307712240192093 ], [ 106.911825729615487, -6.30897119529132 ], [ 106.911089111082504, -6.308622973974081 ], [ 106.910684869204658, -6.308015818297232 ], [ 106.911044195318311, -6.30769438265096 ], [ 106.910478256689316, -6.307069368323715 ], [ 106.908313316854574, -6.30906048277087 ], [ 106.908124670644909, -6.309846211927555 ], [ 106.90765754669718, -6.31047122290592 ], [ 106.907415001570456, -6.311569454655775 ], [ 106.908088738033541, -6.313096260780877 ], [ 106.908214502173323, -6.313837340493903 ], [ 106.908007889657966, -6.314096271709889 ], [ 106.907217372207953, -6.314203415623458 ], [ 106.906507703133499, -6.314140915009904 ], [ 106.906283124312466, -6.313908769807796 ], [ 106.906175326478376, -6.314167700988065 ], [ 106.906130410714169, -6.315721285350413 ], [ 106.905986680268711, -6.316114145025358 ], [ 106.906193292784053, -6.316551647494276 ], [ 106.906256174853937, -6.317855224086694 ], [ 106.905824983517562, -6.319765940007221 ], [ 106.906849062941461, -6.320926651840642 ], [ 106.907280254277836, -6.32121236512325 ], [ 106.906876012399977, -6.323498065701733 ], [ 106.906480753674984, -6.324149845655963 ], [ 106.906633467273281, -6.324256987487607 ], [ 106.909031969081866, -6.324390914745939 ], [ 106.909283497361429, -6.320587367112565 ], [ 106.909606890863714, -6.320408796113663 ], [ 106.91188861168537, -6.320453438869168 ], [ 106.912149123117771, -6.315185567131387 ], [ 106.913694225406445, -6.315265924899583 ], [ 106.913658292795091, -6.320542724368618 ], [ 106.915517805433225, -6.320596295660892 ], [ 106.915966963075277, -6.320194510833613 ], [ 106.91743121698839, -6.320462367419807 ], [ 106.917871391477618, -6.320783795140155 ], [ 106.92009921338223, -6.321239150735404 ], [ 106.92020701121632, -6.321408792913491 ], [ 106.920198028063481, -6.3230337835894 ], [ 106.919632089434486, -6.323649850148031 ], [ 106.919470392683337, -6.324462342602862 ], [ 106.920871764526566, -6.324498056527621 ], [ 106.92133888847431, -6.324373057780165 ], [ 106.92168923143511, -6.322962355535116 ], [ 106.921249056945896, -6.322489144426274 ], [ 106.921311939015794, -6.321765934159166 ], [ 106.92055735417712, -6.321337364634762 ], [ 106.920638202552709, -6.320542724368618 ], [ 106.92096159605498, -6.320212367943673 ], [ 106.920997528666348, -6.319578440159032 ], [ 106.921168208570322, -6.31938201167376 ], [ 106.920754983539638, -6.31843558247218 ], [ 106.920997528666348, -6.317971295815861 ], [ 106.921365837932839, -6.31810522470178 ], [ 106.922057540701601, -6.317640937749066 ], [ 106.922003641784556, -6.316971292372105 ], [ 106.922291102675473, -6.316462361306161 ], [ 106.922021608090247, -6.315596284482226 ], [ 106.922327035286841, -6.315301639459221 ], [ 106.922731277164687, -6.314292702201164 ], [ 106.9223809342039, -6.313756982503994 ], [ 106.922587546719242, -6.313301620325647 ], [ 106.9223809342039, -6.313364121040499 ], [ 106.921886860797628, -6.312489110346169 ], [ 106.921518551531136, -6.312176606168507 ], [ 106.921051427583393, -6.312319465244547 ], [ 106.920737017233961, -6.312248035711453 ], [ 106.920512438412914, -6.311998032268049 ], [ 106.920602269941327, -6.31159624076693 ], [ 106.920198028063481, -6.311658741687572 ], [ 106.92023396067485, -6.311078375705798 ], [ 106.920844815068051, -6.310962302431422 ], [ 106.921258040098749, -6.309587278587082 ], [ 106.921195158028851, -6.309042625276191 ], [ 106.920817865609521, -6.308667617745776 ], [ 106.920656168858386, -6.308256894901119 ], [ 106.921186174875999, -6.307792599119581 ], [ 106.920943629749303, -6.307247943922683 ], [ 106.921141259111792, -6.307212228807811 ], [ 106.921545500989652, -6.307426519460133 ], [ 106.921635332518065, -6.305962198237152 ], [ 106.921419736849884, -6.305515758017227 ], [ 106.921797029269214, -6.304944313974842 ], [ 106.921410753697046, -6.304613947600574 ], [ 106.92168923143511, -6.304221079205875 ], [ 106.921662281976594, -6.303703206776343 ], [ 106.921806012422053, -6.30344427036767 ], [ 106.921383804238516, -6.30326569345879 ], [ 106.921105326500438, -6.302274590497085 ] ] ] } },
{ "type": "Feature", "properties": { "FID": 224, "Kode_BPS_K": 3174030002, "Longitude": "106° 48' 4.861\" E", "Latitude": "6° 11' 38.435\" S", "Kecamatan": "PALMERAH", "ID": "3174030002", "KELURAHAN": "SLIPI", "is_in_haml": "SLIPI", "HAMLET": "Slipi", "LUAS": 98.563, "city": "dki", "source_layer": "Kelurahan", "role": "admin" }, "geometry": { "type": "Polygon", "coordinates": [ [ [ 106.806731824526338, -6.189017520828616 ], [ 106.801746174699474, -6.189285444636365 ], [ 106.801341932821614, -6.189437268067114 ], [ 106.800111240882373, -6.189312237009666 ], [ 106.798853599484616, -6.189535506734349 ], [ 106.797021036305011, -6.189562299094971 ], [ 106.79729951404309, -6.195295833001063 ], [ 106.798476307065286, -6.199332489297686 ], [ 106.799554285406231, -6.201413319969478 ], [ 106.799814796838632, -6.200707803193832 ], [ 106.800102257729534, -6.200439885183651 ], [ 106.802851102498948, -6.199002056203915 ], [ 106.803650603101801, -6.197805350834844 ], [ 106.804405187940475, -6.197278442386267 ], [ 106.805114857014928, -6.195670921834385 ], [ 106.805501132587096, -6.192911333470808 ], [ 106.806399447871215, -6.190821538511432 ], [ 106.806731824526338, -6.189017520828616 ] ] ] } },
{ "type": "Feature", "properties": { "FID": 225, "Kode_BPS_K": 3171010002, "Longitude": "106° 49' 28.172\" E", "Latitude": "6° 20' 53.711\" S", "Kecamatan": "JAGAKARSA", "ID": "3171010002", "KELURAHAN": "SRENGSENG SAWAH", "is_in_haml": "SRENGSENG SAWAH", "HAMLET": "Srengseng Sawah", "LUAS": 539.519, "city": "dki", "source_layer": "Kelurahan", "role": "admin" }, "geometry": { "type": "Polygon", "coordinates": [ [ [ 106.835307233714175, -6.334953201855119 ], [ 106.835468930465325, -6.333435388596488 ], [ 106.835262317949983, -6.331846144048839 ], [ 106.834858076072123, -6.33188185746319 ], [ 106.833735181966972, -6.332926473740099 ], [ 106.83226194490102, -6.334801420730111 ], [ 106.830860573057791, -6.336149592689502 ], [ 106.829692763188433, -6.336238875476368 ], [ 106.828506987013398, -6.335551397619024 ], [ 106.826386962942877, -6.335863887667723 ], [ 106.825533563422965, -6.336149592689502 ], [ 106.824617281833156, -6.337095989444194 ], [ 106.821221650059186, -6.33948875840076 ], [ 106.818868064014794, -6.342131505241665 ], [ 106.817475675324417, -6.343051106539574 ], [ 106.814044110939079, -6.347033050504594 ], [ 106.810226270981573, -6.355496811187469 ], [ 106.807782853408767, -6.359041192815239 ], [ 106.807118100098506, -6.362380210082001 ], [ 106.807145049557036, -6.363522970366777 ], [ 106.807827769172974, -6.363835443439618 ], [ 106.810576613942374, -6.364201483083222 ], [ 106.810657462317948, -6.36299622961378 ], [ 106.811178485182737, -6.36277303421657 ], [ 106.813801565812355, -6.359987547505222 ], [ 106.813792582659516, -6.359210822557625 ], [ 106.814636999026604, -6.35943401950181 ], [ 106.814888527306138, -6.358353745391515 ], [ 106.815265819725482, -6.358532303252276 ], [ 106.816146168703909, -6.356211046226281 ], [ 106.818886030320471, -6.356907424434212 ], [ 106.819245356434124, -6.356202118294418 ], [ 106.820008924425622, -6.356630658849089 ], [ 106.820188587482463, -6.356389604831021 ], [ 106.820853340792709, -6.356782433543244 ], [ 106.821742672923975, -6.354157617816884 ], [ 106.821697757159768, -6.353604083538874 ], [ 106.82155402671431, -6.353648723422079 ], [ 106.823045230085953, -6.349702542789498 ], [ 106.825686277021262, -6.35055963436742 ], [ 106.823961511675748, -6.356103911033683 ], [ 106.827932065231565, -6.356094983099959 ], [ 106.830240735511751, -6.355925352329766 ], [ 106.830824640446423, -6.356041415494363 ], [ 106.831884652481691, -6.35579143326115 ], [ 106.832190079678298, -6.354702223541489 ], [ 106.833088394962402, -6.355193260995674 ], [ 106.835199435880085, -6.355014701975652 ], [ 106.835998936482952, -6.354532592312034 ], [ 106.835828256578978, -6.352764853013888 ], [ 106.835477913618163, -6.352220245238845 ], [ 106.835612660910783, -6.351934549126403 ], [ 106.837966246955176, -6.35212203721808 ], [ 106.839161006283064, -6.351979189154426 ], [ 106.839376601951244, -6.351648852855379 ], [ 106.839412534562598, -6.351220308151517 ], [ 106.839035242143282, -6.350390001772544 ], [ 106.83816387631768, -6.349470413574937 ], [ 106.838181842623356, -6.348175844882324 ], [ 106.837705735522775, -6.347175899940473 ], [ 106.837741668134143, -6.346908057215702 ], [ 106.839259820964301, -6.34626523410804 ], [ 106.839547281855232, -6.345729547572256 ], [ 106.839816776440458, -6.344747454143421 ], [ 106.839789826981942, -6.34405105948693 ], [ 106.839529315549555, -6.343568939558088 ], [ 106.838631000265423, -6.343256454178131 ], [ 106.837669802911421, -6.343568939558088 ], [ 106.83678945393298, -6.344988513612934 ], [ 106.835945037565907, -6.345283141700298 ], [ 106.835540795688061, -6.345122435491711 ], [ 106.834947907600537, -6.344515322695824 ], [ 106.833546535757307, -6.34406891577193 ], [ 106.834112474386302, -6.33998873857168 ], [ 106.835307233714175, -6.334953201855119 ] ] ] } },
{ "type": "Feature", "properties": { "FID": 226, "Kode_BPS_K": 3175060001, "Longitude": "106° 55' 41.021\" E", "Latitude": "6° 8' 55.902\" S", "Kecamatan": "CILINCING", "ID": "3175060001", "KELURAHAN": "SUKA PURA", "is_in_haml": "SUKA PURA", "HAMLET": "Suka Pura", "LUAS": 636.704, "city": "dki", "source_layer": "Kelurahan", "role": "admin" }, "geometry": { "type": "Polygon", "coordinates": [ [ [ 106.923108569584031, -6.136617950678695 ], [ 106.917233587625887, -6.137073466053033 ], [ 106.917188671861666, -6.137439664404953 ], [ 106.916919177276441, -6.137689750939688 ], [ 106.916847312053719, -6.139333173818951 ], [ 106.916281373424724, -6.141307060900902 ], [ 106.916290356577562, -6.142200220072128 ], [ 106.915454923363328, -6.144969003980171 ], [ 106.915796283171289, -6.145710321098146 ], [ 106.917098840333267, -6.147416239699586 ], [ 106.917332402307139, -6.14793426625495 ], [ 106.917754610490661, -6.149568726044794 ], [ 106.917727661032146, -6.15009568195537 ], [ 106.917467149599759, -6.150774471850225 ], [ 106.917691728420778, -6.151864106448193 ], [ 106.918724790997516, -6.153177023857409 ], [ 106.919551241058912, -6.15508834000216 ], [ 106.919596156823118, -6.155713535379635 ], [ 106.920054297618023, -6.156383386753311 ], [ 106.92020701121632, -6.157115756621867 ], [ 106.921518551531136, -6.158651943796972 ], [ 106.92158143360102, -6.158982402085222 ], [ 106.921365837932839, -6.159723699659322 ], [ 106.922030591243086, -6.1609383536877 ], [ 106.922075507007293, -6.162242317418569 ], [ 106.923611626143142, -6.163108647714863 ], [ 106.923737390282909, -6.163331928489812 ], [ 106.923782306047116, -6.164582299093009 ], [ 106.923665525060187, -6.164948478497455 ], [ 106.923791289199954, -6.165466487954932 ], [ 106.924204514230652, -6.165814804374636 ], [ 106.925138762126124, -6.165457556761675 ], [ 106.930079496188796, -6.168136907992714 ], [ 106.93218155395364, -6.164135738501596 ], [ 106.9292530461274, -6.16150102336178 ], [ 106.928992534694999, -6.160929422418224 ], [ 106.931714430005897, -6.160518583859829 ], [ 106.931193407141095, -6.159232478490966 ], [ 106.932927155639447, -6.159071715100795 ], [ 106.932882239875241, -6.158339347929614 ], [ 106.934984297640085, -6.158330416616414 ], [ 106.935729899325906, -6.158500111541525 ], [ 106.935873629771365, -6.158276828734059 ], [ 106.937481614129936, -6.155436663231804 ], [ 106.938972817501579, -6.152373197257127 ], [ 106.940212492593659, -6.151337152290341 ], [ 106.940131644218098, -6.145951472227156 ], [ 106.939889099091374, -6.143638203189672 ], [ 106.939556722436251, -6.142244877991361 ], [ 106.93867637345781, -6.140163814975729 ], [ 106.937454664671407, -6.138109538787674 ], [ 106.936250922190695, -6.136760857504718 ], [ 106.931552733254748, -6.137823725820725 ], [ 106.927106072598363, -6.137698682599472 ], [ 106.924842318082383, -6.137198509421008 ], [ 106.923153485348237, -6.137207441089026 ], [ 106.923108569584031, -6.136617950678695 ] ] ] } },
{ "type": "Feature", "properties": { "FID": 227, "Kode_BPS_K": 3174020001, "Longitude": "106° 46' 19.043\" E", "Latitude": "6° 13' 18.611\" S", "Kecamatan": "KEBON JERUK", "ID": "3174020001", "KELURAHAN": "SUKABUMI SELATAN", "is_in_haml": "SUKABUMI SELATAN", "HAMLET": "Sukabumi Selatan", "LUAS": 171.146, "city": "dki", "source_layer": "Kelurahan", "role": "admin" }, "geometry": { "type": "Polygon", "coordinates": [ [ [ 106.778506758299301, -6.217532781316327 ], [ 106.777554544098138, -6.217068404847774 ], [ 106.777159285373131, -6.216684400919843 ], [ 106.777141319067454, -6.21613072034419 ], [ 106.764376258880105, -6.216907659051593 ], [ 106.764708635535229, -6.217613154125028 ], [ 106.765463220373888, -6.218443672429014 ], [ 106.765005079578984, -6.218693720693734 ], [ 106.764582871395461, -6.218568696576238 ], [ 106.765633900277862, -6.219774285041862 ], [ 106.765418304609682, -6.221069173277381 ], [ 106.765633900277862, -6.222239035078318 ], [ 106.765508136138095, -6.222899871891187 ], [ 106.765921361168793, -6.223935776573961 ], [ 106.765993226391515, -6.225132422544243 ], [ 106.765526102443772, -6.227945422856329 ], [ 106.768966649981948, -6.228007933803219 ], [ 106.769056481510361, -6.227284592391142 ], [ 106.769541571763796, -6.227239941654038 ], [ 106.774311625922479, -6.22711491956995 ], [ 106.774590103660543, -6.226998827608072 ], [ 106.778461842535094, -6.227016687911568 ], [ 106.778506758299301, -6.217532781316327 ] ] ] } },
{ "type": "Feature", "properties": { "FID": 228, "Kode_BPS_K": 3174020002, "Longitude": "106° 46' 39.606\" E", "Latitude": "6° 12' 32.251\" S", "Kecamatan": "KEBON JERUK", "ID": "3174020002", "KELURAHAN": "SUKABUMI UTARA", "is_in_haml": "SUKABUMI UTARA", "HAMLET": "Sukabumi Utara", "LUAS": 154.784, "city": "dki", "source_layer": "Kelurahan", "role": "admin" }, "geometry": { "type": "Polygon", "coordinates": [ [ [ 106.782755789593196, -6.202190280389692 ], [ 106.776835891870846, -6.202574294887229 ], [ 106.776862841329361, -6.203610239578444 ], [ 106.77463501942475, -6.203654892321091 ], [ 106.774563154202013, -6.203208364724407 ], [ 106.774176878629845, -6.203172642500333 ], [ 106.774176878629845, -6.203485211878911 ], [ 106.773826535669045, -6.203878155977583 ], [ 106.774033148184387, -6.205039125466792 ], [ 106.773512125319598, -6.205646400796197 ], [ 106.773494159013921, -6.205869663609002 ], [ 106.773170765511637, -6.205869663609002 ], [ 106.772398214367286, -6.206584103974246 ], [ 106.772191601851944, -6.207896885619641 ], [ 106.771742444209877, -6.209066776709906 ], [ 106.771553798000227, -6.209290038073067 ], [ 106.770700398480301, -6.20942399484553 ], [ 106.771634646375787, -6.211754837230972 ], [ 106.772721607869585, -6.213951713709736 ], [ 106.774841631940106, -6.216264675375615 ], [ 106.777141319067454, -6.21613072034419 ], [ 106.777680308237919, -6.215059078864844 ], [ 106.777644375626551, -6.213817758089421 ], [ 106.777752173460655, -6.213567707506932 ], [ 106.782405446632382, -6.213362308725292 ], [ 106.783133082012526, -6.213031884430097 ], [ 106.783474441820488, -6.212585364782684 ], [ 106.783618172265946, -6.21206740151712 ], [ 106.783582239654578, -6.211013612610503 ], [ 106.782755789593196, -6.202190280389692 ] ] ] } },
{ "type": "Feature", "properties": { "FID": 229, "Kode_BPS_K": 3173060003, "Longitude": "106° 52' 15.819\" E", "Latitude": "6° 9' 48.372\" S", "Kecamatan": "KEMAYORAN", "ID": "3173060003", "KELURAHAN": "SUMUR BATU", "is_in_haml": "SUMUR BATU", "HAMLET": "Sumur Batu", "LUAS": 113.223, "city": "dki", "source_layer": "Kelurahan", "role": "admin" }, "geometry": { "type": "Polygon", "coordinates": [ [ [ 106.875812269875141, -6.162679948363581 ], [ 106.871689002721027, -6.160179195245666 ], [ 106.866945898020873, -6.157544460466584 ], [ 106.863244839050296, -6.164082151205366 ], [ 106.863909592360557, -6.164626955131475 ], [ 106.865364863120817, -6.165010996907098 ], [ 106.866137414265154, -6.165734423682699 ], [ 106.867601668178281, -6.166565023578561 ], [ 106.869272534606736, -6.167011582124628 ], [ 106.870871535812483, -6.167699281550045 ], [ 106.871069165174973, -6.168092252249808 ], [ 106.876423124268342, -6.166163120565584 ], [ 106.877887378181441, -6.166136327020556 ], [ 106.878893491299664, -6.16628815709115 ], [ 106.88192979695998, -6.162599567196658 ], [ 106.876953130285969, -6.163483759363106 ], [ 106.875812269875141, -6.162679948363581 ] ] ] } },
{ "type": "Feature", "properties": { "FID": 230, "Kode_BPS_K": 3175030005, "Longitude": "106° 53' 11.655\" E", "Latitude": "6° 7' 51.149\" S", "Kecamatan": "TANJUNG PRIOK", "ID": "3175030005", "KELURAHAN": "SUNGAI BAMBU", "is_in_haml": "SUNGAI BAMBU", "HAMLET": "Sungai Bambu", "LUAS": 252.882, "city": "dki", "source_layer": "Kelurahan", "role": "admin" }, "geometry": { "type": "Polygon", "coordinates": [ [ [ 106.887337654970395, -6.126837673762763 ], [ 106.884175585170283, -6.126176717074091 ], [ 106.884543894436774, -6.120603211918723 ], [ 106.884624742812349, -6.118548860415816 ], [ 106.884516944978259, -6.1183434248312 ], [ 106.884660675423703, -6.116798189425258 ], [ 106.884543894436774, -6.115681687075175 ], [ 106.884759490104955, -6.110992351753358 ], [ 106.884157618864606, -6.111153129644831 ], [ 106.879648076138324, -6.114681298989376 ], [ 106.880564357728133, -6.116994693597592 ], [ 106.883744393833908, -6.12646253628314 ], [ 106.884049821030501, -6.126909128490895 ], [ 106.882612516575918, -6.130910577996151 ], [ 106.880133166391744, -6.136984149343655 ], [ 106.879037221745122, -6.138824070534227 ], [ 106.891469905277333, -6.1425485517428 ], [ 106.892440085784187, -6.137930905701299 ], [ 106.894676890841652, -6.12902597047199 ], [ 106.893796541863196, -6.12894558422103 ], [ 106.893679760876267, -6.12705203791846 ], [ 106.890607522604583, -6.127141356291259 ], [ 106.890445825853433, -6.127462902309568 ], [ 106.887616132708459, -6.127516493293787 ], [ 106.887337654970395, -6.126837673762763 ] ] ] } },
{ "type": "Feature", "properties": { "FID": 231, "Kode_BPS_K": 3175030001, "Longitude": "106° 51' 43.232\" E", "Latitude": "6° 8' 16.514\" S", "Kecamatan": "TANJUNG PRIOK", "ID": "3175030001", "KELURAHAN": "SUNTER AGUNG", "is_in_haml": "SUNTER AGUNG", "HAMLET": "Sunter Agung", "LUAS": 536.487, "city": "dki", "source_layer": "Kelurahan", "role": "admin" }, "geometry": { "type": "Polygon", "coordinates": [ [ [ 106.862202793320733, -6.131223189974839 ], [ 106.860585825809309, -6.129606537480448 ], [ 106.859121571896196, -6.127793379959851 ], [ 106.857845964192748, -6.123854430328188 ], [ 106.861591938927518, -6.122300278941912 ], [ 106.861717703067299, -6.122130572482194 ], [ 106.859876156734842, -6.122273483188699 ], [ 106.851602672968113, -6.125926625140639 ], [ 106.851710470802203, -6.126310694847387 ], [ 106.847703984635032, -6.127221742813997 ], [ 106.847730934093562, -6.128775879873675 ], [ 106.848665181989048, -6.130669420058839 ], [ 106.849258070076559, -6.130874850901208 ], [ 106.849482648897592, -6.131214258206562 ], [ 106.849841975011245, -6.1328934280133 ], [ 106.849832991858406, -6.133947372318721 ], [ 106.851557757203906, -6.135519353174025 ], [ 106.852339291501082, -6.136466112134056 ], [ 106.852438106182333, -6.138913386935161 ], [ 106.852734550226103, -6.140137020119924 ], [ 106.854019141082389, -6.144647468523574 ], [ 106.855663058052329, -6.149086426957098 ], [ 106.855851704261994, -6.150622637343722 ], [ 106.8569206994501, -6.150586911571184 ], [ 106.860235482848495, -6.149908121436886 ], [ 106.858286138681962, -6.148997112263228 ], [ 106.858393936516052, -6.14881848283049 ], [ 106.877483136303596, -6.145478101389139 ], [ 106.876998046050176, -6.142405646469582 ], [ 106.879037221745122, -6.138824070534227 ], [ 106.874123437140994, -6.137350347756959 ], [ 106.872075278293195, -6.137359279422432 ], [ 106.872075278293195, -6.13338467349962 ], [ 106.871383575524433, -6.131205326438136 ], [ 106.868212522571483, -6.132339659831547 ], [ 106.864933671784442, -6.133259629236951 ], [ 106.862202793320733, -6.131223189974839 ] ] ] } },
{ "type": "Feature", "properties": { "FID": 232, "Kode_BPS_K": 3175030002, "Longitude": "106° 52' 37.502\" E", "Latitude": "6° 9' 4.978\" S", "Kecamatan": "TANJUNG PRIOK", "ID": "3175030002", "KELURAHAN": "SUNTER JAYA", "is_in_haml": "SUNTER JAYA", "HAMLET": "Sunter Jaya", "LUAS": 526.285, "city": "dki", "source_layer": "Kelurahan", "role": "admin" }, "geometry": { "type": "Polygon", "coordinates": [ [ [ 106.880932666994624, -6.162787123233872 ], [ 106.88192979695998, -6.162599567196658 ], [ 106.888972588787482, -6.150881649122828 ], [ 106.890391926936388, -6.147210815236221 ], [ 106.891469905277333, -6.1425485517428 ], [ 106.879037221745122, -6.138824070534227 ], [ 106.876998046050176, -6.142405646469582 ], [ 106.877483136303596, -6.145478101389139 ], [ 106.858393936516052, -6.14881848283049 ], [ 106.858286138681962, -6.148997112263228 ], [ 106.860765488866136, -6.150149270662785 ], [ 106.861034983451361, -6.150560117240206 ], [ 106.861187697049672, -6.151667615128373 ], [ 106.860855320394535, -6.152846561957786 ], [ 106.860208533389979, -6.15371290758218 ], [ 106.860567859503632, -6.153945123695094 ], [ 106.871689002721027, -6.160179195245666 ], [ 106.876953130285969, -6.163483759363106 ], [ 106.880932666994624, -6.162787123233872 ] ] ] } },
{ "type": "Feature", "properties": { "FID": 233, "Kode_BPS_K": 3172020004, "Longitude": "106° 52' 7.689\" E", "Latitude": "6° 18' 46.015\" S", "Kecamatan": "CIRACAS", "ID": "3172020004", "KELURAHAN": "SUSUKAN", "is_in_haml": "SUSUKAN", "HAMLET": "Susukan", "LUAS": 211.378, "city": "dki", "source_layer": "Kelurahan", "role": "admin" }, "geometry": { "type": "Polygon", "coordinates": [ [ [ 106.869003040021511, -6.303756779810274 ], [ 106.867808280693623, -6.30344427036767 ], [ 106.867134544230538, -6.303096045338407 ], [ 106.866281144710626, -6.304131790892848 ], [ 106.86434976684977, -6.307801527888532 ], [ 106.862777715102567, -6.310337292045453 ], [ 106.862472287905959, -6.311774814805903 ], [ 106.862571102587211, -6.312792685652493 ], [ 106.863020260229277, -6.314337345484242 ], [ 106.864942654937281, -6.319319511685534 ], [ 106.865203166369682, -6.321167722433247 ], [ 106.86496960439581, -6.3221766462868 ], [ 106.866029616431064, -6.322444501846481 ], [ 106.866155380570859, -6.322167717765755 ], [ 106.866335043627672, -6.322230217409835 ], [ 106.866397925697555, -6.322069504024081 ], [ 106.867215392606099, -6.322283788527321 ], [ 106.867673533401003, -6.322524858487332 ], [ 106.867799297540785, -6.322712357267421 ], [ 106.86771844916521, -6.322944498520004 ], [ 106.869775591165848, -6.323498065701733 ], [ 106.870233731960752, -6.32153379237753 ], [ 106.870197799349384, -6.320926651840642 ], [ 106.870916451576676, -6.319578440159032 ], [ 106.872479520171055, -6.320042725373203 ], [ 106.872964610424475, -6.31840879671487 ], [ 106.872973593577328, -6.317239150626863 ], [ 106.873323936538114, -6.316033787388828 ], [ 106.874707342075666, -6.314167700988065 ], [ 106.875111583953512, -6.313274834302685 ], [ 106.875470910067165, -6.312864115110473 ], [ 106.874383948573382, -6.311292664759399 ], [ 106.87479717360408, -6.310480151628719 ], [ 106.875201415481925, -6.310221218605045 ], [ 106.875731421499552, -6.308944409044454 ], [ 106.873494616442102, -6.308078319649748 ], [ 106.873090374564256, -6.3068729350938 ], [ 106.87304545880005, -6.305926483033704 ], [ 106.872811896826164, -6.305221107261513 ], [ 106.871724935332381, -6.304069289064583 ], [ 106.870988316799412, -6.303837139350795 ], [ 106.869003040021511, -6.303756779810274 ] ] ] } },
{ "type": "Feature", "properties": { "FID": 234, "Kode_BPS_K": 3174060003, "Longitude": "106° 49' 28.190\" E", "Latitude": "6° 9' 13.411\" S", "Kecamatan": "TAMAN SARI", "ID": "3174060003", "KELURAHAN": "TAMAN SARI", "is_in_haml": "TAMAN SARI", "HAMLET": "Taman Sari", "LUAS": 68.2648, "city": "dki", "source_layer": "Kelurahan", "role": "admin" }, "geometry": { "type": "Polygon", "coordinates": [ [ [ 106.825596445492849, -6.159554005125274 ], [ 106.827455958130969, -6.159375379241364 ], [ 106.827150530934375, -6.151221043676859 ], [ 106.826647474375278, -6.148479086742999 ], [ 106.820440115762011, -6.149461548507551 ], [ 106.821563009867162, -6.153864741205953 ], [ 106.822218780024556, -6.155097271369875 ], [ 106.822551156679694, -6.156588807671999 ], [ 106.822955398557539, -6.157526597813296 ], [ 106.82423998941384, -6.159491486072742 ], [ 106.824671180750201, -6.159750493528161 ], [ 106.825596445492849, -6.159554005125274 ] ] ] } },
{ "type": "Feature", "properties": { "FID": 235, "Kode_BPS_K": 3174050009, "Longitude": "106° 48' 31.931\" E", "Latitude": "6° 8' 40.866\" S", "Kecamatan": "TAMBORA", "ID": "3174050009", "KELURAHAN": "TAMBORA", "is_in_haml": "TAMBORA", "HAMLET": "Tambora", "LUAS": 28.2042, "city": "dki", "source_layer": "Kelurahan", "role": "admin" }, "geometry": { "type": "Polygon", "coordinates": [ [ [ 106.808851848596873, -6.147764567956168 ], [ 106.81137611454524, -6.147219746736277 ], [ 106.810711361234993, -6.145433443741172 ], [ 106.810657462317948, -6.144763578571976 ], [ 106.810558647636697, -6.14269145697766 ], [ 106.810693394929316, -6.142146630564105 ], [ 106.811097636807162, -6.141744709082004 ], [ 106.807962516465579, -6.141664324749176 ], [ 106.806668942456454, -6.141869751353393 ], [ 106.807306746308186, -6.148032512613709 ], [ 106.808851848596873, -6.147764567956168 ] ] ] } },
{ "type": "Feature", "properties": { "FID": 236, "Kode_BPS_K": 3174050003, "Longitude": "106° 48' 35.308\" E", "Latitude": "6° 9' 14.675\" S", "Kecamatan": "TAMBORA", "ID": "3174050003", "KELURAHAN": "TANAH SEREAL", "is_in_haml": "TANAH SEREAL", "HAMLET": "Tanah Sereal", "LUAS": 61.8265, "city": "dki", "source_layer": "Kelurahan", "role": "admin" }, "geometry": { "type": "Polygon", "coordinates": [ [ [ 106.81264273909585, -6.160706140632456 ], [ 106.812795452694147, -6.160679346811853 ], [ 106.812831385305515, -6.160080951132649 ], [ 106.811412047156608, -6.158196446900388 ], [ 106.811007805278749, -6.157330108587481 ], [ 106.810935940056012, -6.156311935980364 ], [ 106.811106619960015, -6.155499182761669 ], [ 106.810989838973057, -6.154105888636899 ], [ 106.811977985785603, -6.151810517913628 ], [ 106.811977985785603, -6.149372233876681 ], [ 106.811798322728777, -6.148246868242562 ], [ 106.81137611454524, -6.147219746736277 ], [ 106.807306746308186, -6.148032512613709 ], [ 106.808097263758199, -6.155150859573014 ], [ 106.808079297452522, -6.161375985707979 ], [ 106.811016788431587, -6.160786522086153 ], [ 106.81264273909585, -6.160706140632456 ] ] ] } },
{ "type": "Feature", "properties": { "FID": 237, "Kode_BPS_K": 3173040003, "Longitude": "106° 50' 57.078\" E", "Latitude": "6° 10' 44.844\" S", "Kecamatan": "JOHAR BARU", "ID": "3173040003", "KELURAHAN": "TANAH TINGGI", "is_in_haml": "TANAH TINGGI", "HAMLET": "Tanah Tinggi", "LUAS": 61.5709, "city": "dki", "source_layer": "Kelurahan", "role": "admin" }, "geometry": { "type": "Polygon", "coordinates": [ [ [ 106.851800302330616, -6.174558364649336 ], [ 106.845485145883259, -6.174942399228926 ], [ 106.845089887158238, -6.175192468107784 ], [ 106.846886517726489, -6.180836848521681 ], [ 106.851189447937415, -6.186570477098213 ], [ 106.851440976216978, -6.186356136961716 ], [ 106.851333178382873, -6.185498775546622 ], [ 106.851899117011868, -6.178014665838474 ], [ 106.851800302330616, -6.174558364649336 ] ] ] } },
{ "type": "Feature", "properties": { "FID": 238, "Kode_BPS_K": 3174060004, "Longitude": "106° 49' 23.190\" E", "Latitude": "6° 8' 46.316\" S", "Kecamatan": "TAMAN SARI", "ID": "3174060004", "KELURAHAN": "TANGKI", "is_in_haml": "TANGKI", "HAMLET": "Tangki", "LUAS": 38.1162, "city": "dki", "source_layer": "Kelurahan", "role": "admin" }, "geometry": { "type": "Polygon", "coordinates": [ [ [ 106.822766752347874, -6.142727183280381 ], [ 106.821643858242723, -6.142486030690487 ], [ 106.820943172321108, -6.142494962269838 ], [ 106.820440115762011, -6.149461548507551 ], [ 106.826647474375278, -6.148479086742999 ], [ 106.826324080872979, -6.146942870164794 ], [ 106.826027636829238, -6.146255143863775 ], [ 106.823934562217232, -6.142736114855686 ], [ 106.823368623588237, -6.142825430600501 ], [ 106.822766752347874, -6.142727183280381 ] ] ] } },
{ "type": "Feature", "properties": { "FID": 239, "Kode_BPS_K": 3171010006, "Longitude": "106° 50' 51.135\" E", "Latitude": "6° 18' 23.771\" S", "Kecamatan": "JAGAKARSA", "ID": "3171010006", "KELURAHAN": "TANJUNG BARAT", "is_in_haml": "TANJUNG BARAT", "HAMLET": "Tanjung Barat", "LUAS": 365.185, "city": "dki", "source_layer": "Kelurahan", "role": "admin" }, "geometry": { "type": "Polygon", "coordinates": [ [ [ 106.848916710268597, -6.29769406302813 ], [ 106.844874291490058, -6.296908315463027 ], [ 106.844488015917875, -6.296774381100358 ], [ 106.843616650092287, -6.296024348031 ], [ 106.840634243349015, -6.295140379094281 ], [ 106.840283900388201, -6.296801167975656 ], [ 106.839879658510355, -6.302542456349136 ], [ 106.838262690998931, -6.311908745294732 ], [ 106.839610163925116, -6.312301607862198 ], [ 106.840724074877429, -6.313873055152081 ], [ 106.841290013506423, -6.313953413123976 ], [ 106.841568491244487, -6.314498061271456 ], [ 106.841900867899625, -6.314596276450197 ], [ 106.842044598345083, -6.314881993227871 ], [ 106.842260194013264, -6.314962351043183 ], [ 106.842493755987135, -6.314748063507968 ], [ 106.842727317961007, -6.314810564048233 ], [ 106.844074790887191, -6.316765934282912 ], [ 106.844955139865618, -6.316587361965209 ], [ 106.845754640468499, -6.317007006814082 ], [ 106.846167865499183, -6.317033792643948 ], [ 106.846670922058294, -6.316578433347707 ], [ 106.847039231324786, -6.315837357558133 ], [ 106.847605169953781, -6.315346282655304 ], [ 106.848350771639602, -6.315069494777532 ], [ 106.848566367307797, -6.315149852563741 ], [ 106.848952642879951, -6.315524855401139 ], [ 106.84897959233848, -6.316060573269056 ], [ 106.848548401002105, -6.317239150626863 ], [ 106.847901613997536, -6.317676652144832 ], [ 106.847075163936154, -6.31770343794004 ], [ 106.846841601962268, -6.317971295815861 ], [ 106.846985332407741, -6.318239153553038 ], [ 106.84814415912426, -6.318355225196089 ], [ 106.849132305936791, -6.318828440086765 ], [ 106.849401800522017, -6.318614154152149 ], [ 106.849473665744753, -6.317587366150795 ], [ 106.85011146959647, -6.317078435690643 ], [ 106.851584706662436, -6.316373075102646 ], [ 106.851764369719248, -6.316140930901428 ], [ 106.851737420260733, -6.315703428085377 ], [ 106.851333178382873, -6.315069494777532 ], [ 106.851207414243092, -6.314533775884063 ], [ 106.851503858286861, -6.31371233917088 ], [ 106.852213527361315, -6.312658755392224 ], [ 106.852294375736889, -6.31139980925296 ], [ 106.852536920863599, -6.310908730142169 ], [ 106.852779465990309, -6.310962302431422 ], [ 106.854594062864223, -6.312319465244547 ], [ 106.854863557449477, -6.312658755392224 ], [ 106.854809658532417, -6.313676624501618 ], [ 106.855177967798909, -6.313881983816241 ], [ 106.856130182000072, -6.313444479091369 ], [ 106.858304104987653, -6.311346237008951 ], [ 106.858411902821743, -6.311051589567866 ], [ 106.858232239764916, -6.31073015580465 ], [ 106.857872913651264, -6.310578367569365 ], [ 106.857181210882501, -6.310667654771977 ], [ 106.856902733144409, -6.310480151628719 ], [ 106.856821884768848, -6.310096216409373 ], [ 106.857019514131352, -6.308980124039966 ], [ 106.857774098970012, -6.307721168962429 ], [ 106.857459688620565, -6.306676501789454 ], [ 106.857558503301817, -6.30631042134184 ], [ 106.857729183205805, -6.306069343832736 ], [ 106.858573599572878, -6.305730049370763 ], [ 106.858492751197304, -6.305292537763121 ], [ 106.858268172376285, -6.305024673331354 ], [ 106.855285765632999, -6.303738922132912 ], [ 106.854513214488662, -6.302962112572597 ], [ 106.854450332418779, -6.302390665716621 ], [ 106.855070169964819, -6.301167410174718 ], [ 106.85481864168527, -6.299524493084666 ], [ 106.854288635667629, -6.299479848525937 ], [ 106.853102859492594, -6.299810218169592 ], [ 106.852968112199974, -6.298551240833777 ], [ 106.850345031570342, -6.297649418311977 ], [ 106.849985705456703, -6.297774423507533 ], [ 106.849841975011245, -6.297622631480442 ], [ 106.848916710268597, -6.29769406302813 ] ] ] } },
{ "type": "Feature", "properties": { "FID": 240, "Kode_BPS_K": 3174040002, "Longitude": "106° 47' 18.746\" E", "Latitude": "6° 10' 45.699\" S", "Kecamatan": "GROGOL PETAMBURAN", "ID": "3174040002", "KELURAHAN": "TANJUNG DUREN SELATAN", "is_in_haml": "TANJUNG DUREN SELATAN", "HAMLET": "Tanjung Duren Selatan", "LUAS": 135.21, "city": "dki", "source_layer": "Kelurahan", "role": "admin" }, "geometry": { "type": "Polygon", "coordinates": [ [ [ 106.787328214389362, -6.18513261035186 ], [ 106.788972131359301, -6.184962923956099 ], [ 106.79190962233838, -6.183819772081239 ], [ 106.793059465902047, -6.182667686832104 ], [ 106.794595585037882, -6.18052426573788 ], [ 106.795502883474853, -6.179720480588716 ], [ 106.79490101223449, -6.177773529278428 ], [ 106.790059092853085, -6.173236569084007 ], [ 106.78949315422409, -6.173674190954004 ], [ 106.783591222807416, -6.173718846226531 ], [ 106.783672071182991, -6.180702884494094 ], [ 106.783222913540925, -6.185355881842254 ], [ 106.784336824493238, -6.185186195518153 ], [ 106.787328214389362, -6.18513261035186 ] ] ] } },
{ "type": "Feature", "properties": { "FID": 241, "Kode_BPS_K": 3174040001, "Longitude": "106° 46' 59.790\" E", "Latitude": "6° 10' 22.147\" S", "Kecamatan": "GROGOL PETAMBURAN", "ID": "3174040001", "KELURAHAN": "TANJUNG DUREN UTARA", "is_in_haml": "TANJUNG DUREN UTARA", "HAMLET": "Tanjung Duren Utara", "LUAS": 133.154, "city": "dki", "source_layer": "Kelurahan", "role": "admin" }, "geometry": { "type": "Polygon", "coordinates": [ [ [ 106.783222913540925, -6.185355881842254 ], [ 106.783672071182991, -6.180702884494094 ], [ 106.783591222807416, -6.173718846226531 ], [ 106.78949315422409, -6.173674190954004 ], [ 106.7900860423116, -6.173200844833759 ], [ 106.78943925530703, -6.172513152546951 ], [ 106.7887116199269, -6.171387835970345 ], [ 106.788388226424615, -6.170459001440057 ], [ 106.788217546520642, -6.168931779587072 ], [ 106.788487041105881, -6.166877614600295 ], [ 106.786501764327966, -6.166547161228898 ], [ 106.784471571785872, -6.165600455835736 ], [ 106.781255603068715, -6.164948478497455 ], [ 106.780222540491977, -6.164957409699283 ], [ 106.780330338326067, -6.166047015194019 ], [ 106.779872197531162, -6.166154189384059 ], [ 106.779476938806155, -6.166395331232456 ], [ 106.779432023041949, -6.166573954753168 ], [ 106.779584736640246, -6.167181274273529 ], [ 106.779827281766956, -6.180104511423418 ], [ 106.782243749881246, -6.18471285969466 ], [ 106.782728840134681, -6.185418397842668 ], [ 106.783222913540925, -6.185355881842254 ] ] ] } },
{ "type": "Feature", "properties": { "FID": 242, "Kode_BPS_K": 3175030007, "Longitude": "106° 52' 33.495\" E", "Latitude": "6° 6' 55.698\" S", "Kecamatan": "TANJUNG PRIOK", "ID": "3175030007", "KELURAHAN": "TANJUNG PRIUK", "is_in_haml": "TANJUNG PRIUK", "HAMLET": "Tanjung Priuk", "LUAS": 109.711, "city": "dki", "source_layer": "Kelurahan", "role": "admin" }, "geometry": { "type": "Polygon", "coordinates": [ [ [ 106.881013515370185, -6.110206325810863 ], [ 106.880735037632107, -6.109893701535595 ], [ 106.880249947378672, -6.109866905160646 ], [ 106.8793156994832, -6.110518949903529 ], [ 106.875470910067165, -6.112385758541266 ], [ 106.86669436974131, -6.119745744425567 ], [ 106.865598425094703, -6.120504960504933 ], [ 106.863568232552581, -6.121460678035811 ], [ 106.86399942388897, -6.122559304487004 ], [ 106.865068419077062, -6.12280939799756 ], [ 106.865472660954907, -6.122487849176766 ], [ 106.867511836649868, -6.122202027840226 ], [ 106.868419135086839, -6.121603588921527 ], [ 106.86936236613515, -6.121290971309368 ], [ 106.869380332440841, -6.121398154511288 ], [ 106.871518322817039, -6.120897966051692 ], [ 106.884157618864606, -6.111153129644831 ], [ 106.884759490104955, -6.110992351753358 ], [ 106.893077889635904, -6.111296043285588 ], [ 106.89313178855295, -6.110233122168818 ], [ 106.884220500934489, -6.109813312406728 ], [ 106.882998792148086, -6.10983117665863 ], [ 106.882343021990678, -6.110367103938469 ], [ 106.881732167597477, -6.110027683390212 ], [ 106.881013515370185, -6.110206325810863 ] ] ] } },
{ "type": "Feature", "properties": { "FID": 243, "Kode_BPS_K": 3171090002, "Longitude": "106° 50' 56.370\" E", "Latitude": "6° 14' 5.314\" S", "Kecamatan": "TEBET", "ID": "3171090002", "KELURAHAN": "TEBET BARAT", "is_in_haml": "TEBET BARAT", "HAMLET": "Tebet Barat", "LUAS": 161.092, "city": "dki", "source_layer": "Kelurahan", "role": "admin" }, "geometry": { "type": "Polygon", "coordinates": [ [ [ 106.851970982234604, -6.224194752425519 ], [ 106.847434490049807, -6.224230473222612 ], [ 106.847542287883897, -6.227284592391142 ], [ 106.847147029158876, -6.22990111895411 ], [ 106.846985332407741, -6.230410134551635 ], [ 106.844919207254264, -6.232464052122626 ], [ 106.844443100153683, -6.233178456349619 ], [ 106.844200555026973, -6.234241130837291 ], [ 106.844290386555386, -6.236946922542565 ], [ 106.844730561044599, -6.238081029104388 ], [ 106.845574977411673, -6.239411591942413 ], [ 106.845296499673594, -6.240313515166602 ], [ 106.843877161524674, -6.242867467556714 ], [ 106.845449213271891, -6.243296101702598 ], [ 106.853462185606233, -6.243001415764986 ], [ 106.852420139876656, -6.239563400910582 ], [ 106.852617769239174, -6.238402507683444 ], [ 106.853219640479537, -6.236812972786646 ], [ 106.852599802933483, -6.233321337078272 ], [ 106.852258443125521, -6.230151161765461 ], [ 106.852339291501082, -6.227141710019047 ], [ 106.851827251789132, -6.224775215077324 ], [ 106.851970982234604, -6.224194752425519 ] ] ] } },
{ "type": "Feature", "properties": { "FID": 244, "Kode_BPS_K": 3171090003, "Longitude": "106° 51' 19.895\" E", "Latitude": "6° 14' 1.643\" S", "Kecamatan": "TEBET", "ID": "3171090003", "KELURAHAN": "TEBET TIMUR", "is_in_haml": "TEBET TIMUR", "HAMLET": "Tebet Timur", "LUAS": 131.344, "city": "dki", "source_layer": "Kelurahan", "role": "admin" }, "geometry": { "type": "Polygon", "coordinates": [ [ [ 106.858654447948453, -6.240233145833389 ], [ 106.858366987057536, -6.225444978878531 ], [ 106.857280025563753, -6.22540032798502 ], [ 106.854764742768211, -6.224909167905885 ], [ 106.851970982234604, -6.224194752425519 ], [ 106.851827251789132, -6.224775215077324 ], [ 106.852339291501082, -6.227141710019047 ], [ 106.852258443125521, -6.230151161765461 ], [ 106.852599802933483, -6.233321337078272 ], [ 106.853219640479537, -6.236812972786646 ], [ 106.852617769239174, -6.238402507683444 ], [ 106.852420139876656, -6.239563400910582 ], [ 106.853462185606233, -6.243001415764986 ], [ 106.858717330018337, -6.243028205402529 ], [ 106.858654447948453, -6.240233145833389 ] ] ] } },
{ "type": "Feature", "properties": { "FID": 245, "Kode_BPS_K": 3174080004, "Longitude": "106° 42' 57.276\" E", "Latitude": "6° 6' 59.427\" S", "Kecamatan": "KALIDERES", "ID": "3174080004", "KELURAHAN": "TEGAL ALUR", "is_in_haml": "TEGAL ALUR", "HAMLET": "Tegal Alur", "LUAS": 558.806, "city": "dki", "source_layer": "Kelurahan", "role": "admin" }, "geometry": { "type": "Polygon", "coordinates": [ [ [ 106.731012829227907, -6.122532508746785 ], [ 106.731551818398373, -6.121541065413731 ], [ 106.727572281689731, -6.117682457631975 ], [ 106.722469850875925, -6.111430024789135 ], [ 106.716567919459266, -6.103274956181885 ], [ 106.714286198637609, -6.098844549236183 ], [ 106.712552450139256, -6.100890044090069 ], [ 106.712282955554016, -6.101667151442901 ], [ 106.710504291291457, -6.103846618926559 ], [ 106.710028184190875, -6.104123517849243 ], [ 106.708159688399903, -6.104257501147554 ], [ 106.706174411622001, -6.104757705165185 ], [ 106.705500675158902, -6.105293637522935 ], [ 106.703641162520782, -6.105811704959067 ], [ 106.701709784659926, -6.106722787855369 ], [ 106.706776282862364, -6.113395082986734 ], [ 106.711061246767613, -6.11837915276463 ], [ 106.707414086714095, -6.12192513827461 ], [ 106.705904917036762, -6.123157742334972 ], [ 106.708294435692522, -6.125435372787403 ], [ 106.714250266026241, -6.131803754592012 ], [ 106.714537726917158, -6.131973457976129 ], [ 106.715013834017739, -6.132178888316231 ], [ 106.715256379144449, -6.132089570786779 ], [ 106.716478087930852, -6.130848055578428 ], [ 106.717331487450764, -6.131803754592012 ], [ 106.718283701651941, -6.13093737331579 ], [ 106.71864302776558, -6.130856987352837 ], [ 106.718481331014431, -6.130356807755611 ], [ 106.718544213084328, -6.130044195269189 ], [ 106.71942456206277, -6.12912422031783 ], [ 106.719011337032072, -6.128579380035627 ], [ 106.720475590945185, -6.126784082710388 ], [ 106.720673220307688, -6.126712627965516 ], [ 106.721266108395213, -6.127007378726456 ], [ 106.721607468203175, -6.126891264809759 ], [ 106.722496800334454, -6.126069534831244 ], [ 106.723422065077102, -6.125971284423062 ], [ 106.724419195042472, -6.12635535409768 ], [ 106.725281577715222, -6.125390713460148 ], [ 106.727437534397112, -6.123872294110934 ], [ 106.72860534426647, -6.123720451938538 ], [ 106.72860534426647, -6.123255993260857 ], [ 106.729045518755683, -6.123264925162315 ], [ 106.729836036205711, -6.122711146989522 ], [ 106.730590621044371, -6.123336380368591 ], [ 106.731012829227907, -6.122532508746785 ] ] ] } },
{ "type": "Feature", "properties": { "FID": 246, "Kode_BPS_K": 3171070003, "Longitude": "106° 49' 45.230\" E", "Latitude": "6° 14' 55.768\" S", "Kecamatan": "MAMPANG PRAPATAN", "ID": "3171070003", "KELURAHAN": "TEGAL PARANG", "is_in_haml": "TEGAL PARANG", "HAMLET": "Tegal Parang", "LUAS": 104.848, "city": "dki", "source_layer": "Kelurahan", "role": "admin" }, "geometry": { "type": "Polygon", "coordinates": [ [ [ 106.835424014701118, -6.245617863895741 ], [ 106.83538808208975, -6.245189231650334 ], [ 106.834471800499955, -6.245082073534152 ], [ 106.825973737912179, -6.245617863895741 ], [ 106.822640988208107, -6.245608934060875 ], [ 106.822227763177409, -6.246555495709069 ], [ 106.822281662094454, -6.247055565322789 ], [ 106.822640988208107, -6.248037843530185 ], [ 106.823162011072895, -6.248386105361012 ], [ 106.823701000243361, -6.249252294037679 ], [ 106.823880663300187, -6.250109551522322 ], [ 106.823898629605864, -6.251966937919806 ], [ 106.82354828664505, -6.252261618809325 ], [ 106.823674050784845, -6.253190309011243 ], [ 106.82701578364177, -6.252886698934383 ], [ 106.826952901571872, -6.252395564613307 ], [ 106.835720458744873, -6.251779413630937 ], [ 106.835810290273287, -6.250734634219311 ], [ 106.835190452727247, -6.248582560650514 ], [ 106.83549587992384, -6.246555495709069 ], [ 106.835424014701118, -6.245617863895741 ] ] ] } },
{ "type": "Feature", "properties": { "FID": 247, "Kode_BPS_K": 3174040003, "Longitude": "106° 47' 47.330\" E", "Latitude": "6° 10' 18.398\" S", "Kecamatan": "GROGOL PETAMBURAN", "ID": "3174040003", "KELURAHAN": "TOMANG", "is_in_haml": "TOMANG", "HAMLET": "Tomang", "LUAS": 179.952, "city": "dki", "source_layer": "Kelurahan", "role": "admin" }, "geometry": { "type": "Polygon", "coordinates": [ [ [ 106.800497516454556, -6.166198845290183 ], [ 106.800389718620465, -6.166002359275112 ], [ 106.7989164815545, -6.16606487756053 ], [ 106.788487041105881, -6.166877614600295 ], [ 106.788217546520642, -6.168931779587072 ], [ 106.788253479131996, -6.169860616793908 ], [ 106.7887116199269, -6.171387835970345 ], [ 106.790059092853085, -6.173236569084007 ], [ 106.79490101223449, -6.177773529278428 ], [ 106.795502883474853, -6.179720480588716 ], [ 106.7978924021306, -6.178523731548924 ], [ 106.802698388900652, -6.175201399136987 ], [ 106.804387221634798, -6.174290433382378 ], [ 106.805474183128581, -6.173441983476171 ], [ 106.800497516454556, -6.166198845290183 ] ] ] } },
{ "type": "Feature", "properties": { "FID": 248, "Kode_BPS_K": 3175040002, "Longitude": "106° 54' 38.884\" E", "Latitude": "6° 8' 6.256\" S", "Kecamatan": "KOJA", "ID": "3175040002", "KELURAHAN": "TUGU SELATAN", "is_in_haml": "TUGU SELATAN", "HAMLET": "Tugu Selatan", "LUAS": 169.661, "city": "dki", "source_layer": "Kelurahan", "role": "admin" }, "geometry": { "type": "Polygon", "coordinates": [ [ [ 106.918715807844677, -6.13136609824693 ], [ 106.918536144787865, -6.131169599362933 ], [ 106.918365464883877, -6.129293924554392 ], [ 106.917817492560573, -6.129008106861713 ], [ 106.916461036481536, -6.130151376713742 ], [ 106.914062534672937, -6.131383961778249 ], [ 106.912571331301294, -6.131294644115671 ], [ 106.911035212165459, -6.130133513141145 ], [ 106.908843322872215, -6.12918674293758 ], [ 106.906849062941461, -6.129356447154256 ], [ 106.905151247054476, -6.129820900523875 ], [ 106.903633094224318, -6.129910218433216 ], [ 106.90383970673966, -6.133733010933851 ], [ 106.903776824669777, -6.136135639857947 ], [ 106.904495476897068, -6.135921279353062 ], [ 106.906292107465305, -6.135867689213367 ], [ 106.906399905299395, -6.143682860988276 ], [ 106.907513816251708, -6.143325598494544 ], [ 106.907810260295477, -6.14303085675671 ], [ 106.908376198924472, -6.14303978832692 ], [ 106.909400278348372, -6.142387783307733 ], [ 106.911116060541033, -6.141905477711252 ], [ 106.912167089423448, -6.141155223692801 ], [ 106.912436584008688, -6.140512147978524 ], [ 106.912957606873476, -6.140038772303771 ], [ 106.913029472096198, -6.139654712484918 ], [ 106.914062534672937, -6.137984495633499 ], [ 106.914296096646808, -6.137930905701299 ], [ 106.914394911328074, -6.137395006082827 ], [ 106.915122546708204, -6.137645092638523 ], [ 106.916344255494607, -6.137386074417953 ], [ 106.916919177276441, -6.137698682599472 ], [ 106.917188671861666, -6.137439664404953 ], [ 106.917269520237255, -6.136439317092277 ], [ 106.917934273547502, -6.135617601823555 ], [ 106.917979189311708, -6.135224607116768 ], [ 106.918392414342406, -6.134849475535452 ], [ 106.918608010010587, -6.134215323928604 ], [ 106.919155982333905, -6.13354544465139 ], [ 106.91945242637766, -6.132589748759034 ], [ 106.919551241058912, -6.132089570786779 ], [ 106.919191914945259, -6.131580460583272 ], [ 106.918715807844677, -6.13136609824693 ] ] ] } },
{ "type": "Feature", "properties": { "FID": 249, "Kode_BPS_K": 3175040003, "Longitude": "106° 54' 43.493\" E", "Latitude": "6° 7' 27.360\" S", "Kecamatan": "KOJA", "ID": "3175040003", "KELURAHAN": "TUGU UTARA", "is_in_haml": "TUGU UTARA", "HAMLET": "Tugu Utara", "LUAS": 234.001, "city": "dki", "source_layer": "Kelurahan", "role": "admin" }, "geometry": { "type": "Polygon", "coordinates": [ [ [ 106.918868521442974, -6.119102642902769 ], [ 106.916991042499177, -6.1190669150177 ], [ 106.917009008804854, -6.118647112189241 ], [ 106.910199778951224, -6.118236241016576 ], [ 106.910217745256915, -6.119111574873663 ], [ 106.903300717569195, -6.118825751731017 ], [ 106.903435464861801, -6.120040499031538 ], [ 106.903399532250447, -6.123541814033386 ], [ 106.903633094224318, -6.129910218433216 ], [ 106.905151247054476, -6.129820900523875 ], [ 106.906849062941461, -6.129356447154256 ], [ 106.908843322872215, -6.12918674293758 ], [ 106.911035212165459, -6.130133513141145 ], [ 106.912571331301294, -6.131294644115671 ], [ 106.913828972699079, -6.13140182530897 ], [ 106.916461036481536, -6.130151376713742 ], [ 106.917817492560573, -6.129008106861713 ], [ 106.918365464883877, -6.129293924554392 ], [ 106.918608010010587, -6.128347152861005 ], [ 106.919335645390717, -6.127507561463457 ], [ 106.919659038893016, -6.126587582138974 ], [ 106.919955482936757, -6.12653399106149 ], [ 106.920332775356101, -6.126712627965516 ], [ 106.920242943827688, -6.125712260532997 ], [ 106.920629219399856, -6.125667601228906 ], [ 106.921608383059549, -6.12519421237585 ], [ 106.921365837932839, -6.121219515829476 ], [ 106.92147363576693, -6.120210206155162 ], [ 106.92085379822089, -6.120281661770037 ], [ 106.920683118316902, -6.119013323185619 ], [ 106.918985302429917, -6.11961176500547 ], [ 106.918868521442974, -6.119102642902769 ] ] ] } },
{ "type": "Feature", "properties": { "FID": 250, "Kode_BPS_K": 3172080004, "Longitude": "106° 57' 48.408\" E", "Latitude": "6° 11' 12.072\" S", "Kecamatan": "CAKUNG", "ID": "3172080004", "KELURAHAN": "UJUNG MENTENG", "is_in_haml": "UJUNG MENTENG", "HAMLET": "Ujung Menteng", "LUAS": 439.053, "city": "dki", "source_layer": "Kelurahan", "role": "admin" }, "geometry": { "type": "Polygon", "coordinates": [ [ [ 106.962023587692073, -6.177443082702915 ], [ 106.961242053394898, -6.180006271003862 ], [ 106.95969695110621, -6.182212210576279 ], [ 106.959490338590868, -6.183274987896382 ], [ 106.95896931572608, -6.184596758390216 ], [ 106.958789652669253, -6.185552360675803 ], [ 106.959328641839733, -6.186659785462767 ], [ 106.959131012477215, -6.187409975129253 ], [ 106.955070627392999, -6.186472237879775 ], [ 106.948476993207564, -6.185275504116574 ], [ 106.948099700788234, -6.191661029787989 ], [ 106.948881235085409, -6.191714614292252 ], [ 106.948674622570067, -6.193724029277073 ], [ 106.95116295590708, -6.193866920718094 ], [ 106.953238064213394, -6.193491830602929 ], [ 106.956355218249286, -6.194742129950428 ], [ 106.956966072642501, -6.195376209202073 ], [ 106.957621842799895, -6.195429793329279 ], [ 106.958385410791394, -6.195135080562328 ], [ 106.959041180948802, -6.195492308137477 ], [ 106.961071373490924, -6.196117455812199 ], [ 106.962077486609132, -6.195626268415824 ], [ 106.962670374696657, -6.194492070317824 ], [ 106.963586656286452, -6.193786544287279 ], [ 106.964745483002957, -6.192384420136805 ], [ 106.966057023317788, -6.191821783284468 ], [ 106.966703810322343, -6.192723788107108 ], [ 106.966587029335415, -6.19321497820414 ], [ 106.966865507073493, -6.194000881408926 ], [ 106.966793641850757, -6.194456347503497 ], [ 106.966326517903013, -6.195144011254654 ], [ 106.966551096724046, -6.197385610248944 ], [ 106.967090085894512, -6.19762673786038 ], [ 106.966712793475196, -6.198689484167949 ], [ 106.968769935475819, -6.198546594032679 ], [ 106.970503683974172, -6.199412864883792 ], [ 106.970521650279849, -6.196876562707379 ], [ 106.970234189388933, -6.196171039864147 ], [ 106.971644544385001, -6.192955987119015 ], [ 106.973378292883353, -6.191169838245577 ], [ 106.973944231512348, -6.189687330093238 ], [ 106.973593888551548, -6.188955005253925 ], [ 106.973971180970878, -6.187338528540225 ], [ 106.973468124411767, -6.185221918959332 ], [ 106.972417095529352, -6.183551845503083 ], [ 106.972731505878784, -6.176978670950825 ], [ 106.97253387651628, -6.175281778393042 ], [ 106.969165194200826, -6.173906398330036 ], [ 106.967934502261585, -6.173718846226531 ], [ 106.963811235107485, -6.173674190954004 ], [ 106.963335128006904, -6.174826295780745 ], [ 106.96276020622507, -6.175603295295255 ], [ 106.962023587692073, -6.177443082702915 ] ] ] } },
{ "type": "Feature", "properties": { "FID": 251, "Kode_BPS_K": 3171040003, "Longitude": "106° 45' 47.726\" E", "Latitude": "6° 14' 17.308\" S", "Kecamatan": "PESANGGRAHAN", "ID": "3171040003", "KELURAHAN": "ULUJAMI", "is_in_haml": "ULUJAMI", "HAMLET": "Ulujami", "LUAS": 205.668, "city": "dki", "source_layer": "Kelurahan", "role": "admin" }, "geometry": { "type": "Polygon", "coordinates": [ [ [ 106.768598340715471, -6.245251740541313 ], [ 106.768310879824554, -6.244367685532484 ], [ 106.768274947213186, -6.243608647212816 ], [ 106.767969520016578, -6.243063924917122 ], [ 106.76747544661032, -6.242519202054893 ], [ 106.765714748653451, -6.241778020857163 ], [ 106.765633900277862, -6.241501193875774 ], [ 106.765894411710264, -6.240259935612496 ], [ 106.766370518810859, -6.240081337059244 ], [ 106.766648996548923, -6.239563400910582 ], [ 106.766110007378458, -6.239304432644287 ], [ 106.765903394863116, -6.238857935332915 ], [ 106.766110007378458, -6.238429297556133 ], [ 106.766056108461413, -6.238232838457957 ], [ 106.765777630723335, -6.238197118614014 ], [ 106.76556203505514, -6.238813285580855 ], [ 106.765202708941501, -6.238956164774054 ], [ 106.76461880400683, -6.238697196207702 ], [ 106.764502023019872, -6.237563090978973 ], [ 106.764888298592055, -6.236964782507434 ], [ 106.765085927954559, -6.236723672930355 ], [ 106.767008322662576, -6.23665223303437 ], [ 106.767250867789286, -6.235464543337546 ], [ 106.766927474287016, -6.234339361143414 ], [ 106.76604712530856, -6.233633888536525 ], [ 106.765678816042069, -6.23440187132864 ], [ 106.764906264897732, -6.234759072244152 ], [ 106.764142696906234, -6.233285616899757 ], [ 106.76472660184092, -6.232258660727316 ], [ 106.765283557317076, -6.231928248313978 ], [ 106.765508136138095, -6.231249562704233 ], [ 106.766110007378458, -6.231133471656753 ], [ 106.765930344321632, -6.230410134551635 ], [ 106.765400338304005, -6.22984753833618 ], [ 106.764987113273307, -6.229776097503765 ], [ 106.765651866583553, -6.22748105558929 ], [ 106.765993226391515, -6.225132422544243 ], [ 106.765921361168793, -6.223935776573961 ], [ 106.765508136138095, -6.222899871891187 ], [ 106.765633900277862, -6.222239035078318 ], [ 106.764780500757965, -6.222435500163545 ], [ 106.761896908695945, -6.222515872222695 ], [ 106.761744195097648, -6.22220331414584 ], [ 106.760432654782818, -6.22214080250816 ], [ 106.760190109656108, -6.222614104722741 ], [ 106.760342823254405, -6.222899871891187 ], [ 106.760190109656108, -6.223248150417604 ], [ 106.760567402075438, -6.223801823497198 ], [ 106.760351806407243, -6.22435549599331 ], [ 106.760405705324303, -6.224614471637961 ], [ 106.76001942975212, -6.225078841439692 ], [ 106.760172143350431, -6.225203864008478 ], [ 106.760172143350431, -6.225909347946028 ], [ 106.759848749848146, -6.226052230653426 ], [ 106.759714002555526, -6.226320135625026 ], [ 106.759112131315163, -6.226400507089855 ], [ 106.758662973673111, -6.226784503918712 ], [ 106.758312630712297, -6.228150815939592 ], [ 106.758438394852078, -6.22829369803708 ], [ 106.758474327463446, -6.23110668141138 ], [ 106.75915704707937, -6.231097751329285 ], [ 106.759309760677667, -6.230963800079625 ], [ 106.759588238415759, -6.231133471656753 ], [ 106.759785867778248, -6.231981828719464 ], [ 106.759678069944158, -6.233901789638228 ], [ 106.760064345516341, -6.234500101604659 ], [ 106.760217059114638, -6.235178783009004 ], [ 106.760639267298174, -6.235518123381812 ], [ 106.760693166215219, -6.235919973539298 ], [ 106.760666216756704, -6.237580950922851 ], [ 106.760235025420315, -6.237947079638256 ], [ 106.760037396057811, -6.238536457033192 ], [ 106.760190109656108, -6.240063477200571 ], [ 106.760387739018611, -6.240474253796044 ], [ 106.760342823254405, -6.242063777587737 ], [ 106.760809947202148, -6.243403260184256 ], [ 106.760594351533953, -6.244180158520543 ], [ 106.760693166215219, -6.245600004225856 ], [ 106.760226042267476, -6.247377038393608 ], [ 106.760414688477141, -6.248028913736603 ], [ 106.760252991726006, -6.24847540322902 ], [ 106.760540452616908, -6.248823664768643 ], [ 106.761618430957853, -6.248457543656637 ], [ 106.761851992931739, -6.249136206978652 ], [ 106.762274201115261, -6.249725571781 ], [ 106.762759291368681, -6.249957745611764 ], [ 106.76370252241702, -6.250064902729672 ], [ 106.763621674041445, -6.249493397847205 ], [ 106.763406078373251, -6.249145136753338 ], [ 106.766613063937569, -6.248689718050064 ], [ 106.766640013396085, -6.24825215853043 ], [ 106.767448497151804, -6.247359178783742 ], [ 106.767700025431353, -6.247260950918589 ], [ 106.768391728200115, -6.247493125842877 ], [ 106.768400711352953, -6.246662653523656 ], [ 106.768625290174, -6.246287601076629 ], [ 106.769299026637086, -6.246117934405174 ], [ 106.769370891859808, -6.245930408020115 ], [ 106.768598340715471, -6.245251740541313 ] ] ] } },
{ "type": "Feature", "properties": { "FID": 252, "Kode_BPS_K": 3172100005, "Longitude": "106° 52' 8.031\" E", "Latitude": "6° 12' 12.576\" S", "Kecamatan": "MATRAMAN", "ID": "3172100005", "KELURAHAN": "UTAN KAYU SELATAN", "is_in_haml": "UTAN KAYU SELATAN", "HAMLET": "Utan Kayu Selatan", "LUAS": 116.489, "city": "dki", "source_layer": "Kelurahan", "role": "admin" }, "geometry": { "type": "Polygon", "coordinates": [ [ [ 106.871769851096587, -6.198859166153311 ], [ 106.871994429917621, -6.198323328118838 ], [ 106.871167979856224, -6.198001825036913 ], [ 106.870979333646574, -6.197778558892527 ], [ 106.870314580336327, -6.199046709336791 ], [ 106.869110837855601, -6.198644831004835 ], [ 106.8688503264232, -6.197841073422479 ], [ 106.868670663366387, -6.197796420187555 ], [ 106.8674759040385, -6.198885958040748 ], [ 106.867350139898733, -6.198359050671403 ], [ 106.866793184422576, -6.198323328118838 ], [ 106.865715206081632, -6.19852873276305 ], [ 106.864241969015666, -6.19857338593599 ], [ 106.864134171181576, -6.198948472439475 ], [ 106.862328557460501, -6.199010986830793 ], [ 106.863622131469626, -6.201975946595023 ], [ 106.866218262640743, -6.208789932488142 ], [ 106.867484887191353, -6.208584531842471 ], [ 106.867754381776578, -6.208370200648541 ], [ 106.870018136292558, -6.208647045090938 ], [ 106.871518322817039, -6.209227524900922 ], [ 106.873952757237006, -6.209790143183066 ], [ 106.873755127874503, -6.205333832699348 ], [ 106.873234105009715, -6.202493919782983 ], [ 106.873521565900631, -6.199636130336487 ], [ 106.871706969026704, -6.199305697432931 ], [ 106.871769851096587, -6.198859166153311 ] ] ] } },
{ "type": "Feature", "properties": { "FID": 253, "Kode_BPS_K": 3172100006, "Longitude": "106° 52' 5.753\" E", "Latitude": "6° 11' 44.009\" S", "Kecamatan": "MATRAMAN", "ID": "3172100006", "KELURAHAN": "UTAN KAYU UTARA", "is_in_haml": "UTAN KAYU UTARA", "HAMLET": "Utan Kayu Utara", "LUAS": 97.1481, "city": "dki", "source_layer": "Kelurahan", "role": "admin" }, "geometry": { "type": "Polygon", "coordinates": [ [ [ 106.873144273481302, -6.192062913437441 ], [ 106.868778461200478, -6.192250459035858 ], [ 106.865679273470263, -6.192634480767647 ], [ 106.864412648919654, -6.192893472010469 ], [ 106.863065175993469, -6.193402523393375 ], [ 106.860990067687155, -6.194474208910962 ], [ 106.860630741573516, -6.194849298328139 ], [ 106.862328557460501, -6.199010986830793 ], [ 106.864134171181576, -6.198948472439475 ], [ 106.864241969015666, -6.19857338593599 ], [ 106.865715206081632, -6.19852873276305 ], [ 106.866793184422576, -6.198323328118838 ], [ 106.867350139898733, -6.198359050671403 ], [ 106.8674759040385, -6.198885958040748 ], [ 106.868670663366387, -6.197796420187555 ], [ 106.8688503264232, -6.197841073422479 ], [ 106.869110837855601, -6.198644831004835 ], [ 106.870314580336327, -6.199046709336791 ], [ 106.870979333646574, -6.197778558892527 ], [ 106.871167979856224, -6.198001825036913 ], [ 106.871994429917621, -6.198323328118838 ], [ 106.871706969026704, -6.199305697432931 ], [ 106.873521565900631, -6.199636130336487 ], [ 106.875030735577951, -6.192384420136805 ], [ 106.873144273481302, -6.192062913437441 ] ] ] } },
{ "type": "Feature", "properties": { "FID": 254, "Kode_BPS_K": 3173060005, "Longitude": "106° 51' 15.598\" E", "Latitude": "6° 9' 55.194\" S", "Kecamatan": "KEMAYORAN", "ID": "3173060005", "KELURAHAN": "UTAN PANJANG", "is_in_haml": "UTAN PANJANG", "HAMLET": "Utan Panjang", "LUAS": 53.2009, "city": "dki", "source_layer": "Kelurahan", "role": "admin" }, "geometry": { "type": "Polygon", "coordinates": [ [ [ 106.85667815432339, -6.166386400054842 ], [ 106.859040723520621, -6.16271567332275 ], [ 106.855142035187541, -6.160170263963416 ], [ 106.853228623632376, -6.163698108757317 ], [ 106.85135114468855, -6.165466487954932 ], [ 106.850264183194781, -6.166663266490962 ], [ 106.850156385360677, -6.166957995118956 ], [ 106.848898743962906, -6.168163701436653 ], [ 106.849311968993604, -6.168735294584753 ], [ 106.850901987046498, -6.168958572990836 ], [ 106.855106102576173, -6.168967504125123 ], [ 106.855142035187541, -6.169181851302872 ], [ 106.856112215694395, -6.169021090927687 ], [ 106.855483394995517, -6.166493574176293 ], [ 106.85667815432339, -6.166386400054842 ] ] ] } },
{ "type": "Feature", "properties": { "FID": 255, "Kode_BPS_K": 3175030004, "Longitude": "106° 52' 39.987\" E", "Latitude": "6° 7' 18.767\" S", "Kecamatan": "TANJUNG PRIOK", "ID": "3175030004", "KELURAHAN": "WARAKAS", "is_in_haml": "WARAKAS", "HAMLET": "Warakas", "LUAS": 108.297, "city": "dki", "source_layer": "Kelurahan", "role": "admin" }, "geometry": { "type": "Polygon", "coordinates": [ [ [ 106.883367101414578, -6.125310326661677 ], [ 106.879648076138324, -6.114681298989376 ], [ 106.871518322817039, -6.120897966051692 ], [ 106.871760867943749, -6.121255243570617 ], [ 106.87336885230232, -6.126051671122009 ], [ 106.875390061691604, -6.126051671122009 ], [ 106.879495362540027, -6.126489331826142 ], [ 106.882423870366253, -6.1266143776757 ], [ 106.884049821030501, -6.126909128490895 ], [ 106.883744393833908, -6.12646253628314 ], [ 106.883367101414578, -6.125310326661677 ] ] ] } },
{ "type": "Feature", "properties": { "FID": 256, "Kode_BPS_K": 3174040006, "Longitude": "106° 46' 33.234\" E", "Latitude": "6° 9' 17.745\" S", "Kecamatan": "GROGOL PETAMBURAN", "ID": "3174040006", "KELURAHAN": "WIJAYA KESUMA", "is_in_haml": "WIJAYA KESUMA", "HAMLET": "Wijaya Kesuma", "LUAS": 228.218, "city": "dki", "source_layer": "Kelurahan", "role": "admin" }, "geometry": { "type": "Polygon", "coordinates": [ [ [ 106.781947305837477, -6.153114504054322 ], [ 106.78195628899033, -6.152873356173519 ], [ 106.781453232431218, -6.152560756905928 ], [ 106.781543063959631, -6.151828380759082 ], [ 106.78130950198576, -6.151131729341541 ], [ 106.78093220956643, -6.150685157439887 ], [ 106.780698647592558, -6.144013328581493 ], [ 106.777419796805518, -6.14434379596953 ], [ 106.775209941206583, -6.145308402306931 ], [ 106.774599086813382, -6.145996129831646 ], [ 106.767735958042707, -6.15782133151571 ], [ 106.768822919536504, -6.158794844703617 ], [ 106.769622420139356, -6.160956216226205 ], [ 106.770107510392791, -6.161358123183603 ], [ 106.779000831705574, -6.164877028877412 ], [ 106.781641878640883, -6.165019928107873 ], [ 106.781677811252251, -6.164725198402867 ], [ 106.781561030265308, -6.164689473579012 ], [ 106.781731710169296, -6.163983907814885 ], [ 106.78141729981985, -6.163903526845506 ], [ 106.78152509765394, -6.163439103228412 ], [ 106.781327468291437, -6.163314066031274 ], [ 106.78155204711247, -6.161831479876451 ], [ 106.780015927976635, -6.161751098581008 ], [ 106.780060843740841, -6.161590335953603 ], [ 106.779512871417523, -6.161509954621639 ], [ 106.77942303988911, -6.161268810552704 ], [ 106.779755416544234, -6.15979514997322 ], [ 106.779890163836853, -6.156803159850277 ], [ 106.78042016985448, -6.155677809949314 ], [ 106.780986108483475, -6.155159790939679 ], [ 106.781848491156225, -6.154668565550179 ], [ 106.781902390073284, -6.154096957252518 ], [ 106.781713743863619, -6.154043368943087 ], [ 106.78179459223918, -6.153203818056481 ], [ 106.781947305837477, -6.153114504054322 ] ] ] } },
{ "type": "Feature", "properties": { "FID": 257, "Kode_BPS_K": 3174020007, "Longitude": "106° 45' 41.226\" E", "Latitude": "6° 10' 5.240\" S", "Kecamatan": "KEBON JERUK", "ID": "3174020007", "KELURAHAN": "KEDOYA UTARA", "is_in_haml": "KEDOYA UTARA", "HAMLET": "Kedoya Utara", "LUAS": 297.934, "city": "dki", "source_layer": "Kelurahan", "role": "admin" }, "geometry": { "type": "Polygon", "coordinates": [ [ [ 106.752787991714968, -6.175094226776601 ], [ 106.753309014579756, -6.17538001968943 ], [ 106.75361444177635, -6.174951330262346 ], [ 106.753991734195679, -6.175183537078428 ], [ 106.755779381611077, -6.175371088663239 ], [ 106.755815314222446, -6.17521033016604 ], [ 106.756183623488937, -6.17521033016604 ], [ 106.756264471864512, -6.175049571620039 ], [ 106.756524983296899, -6.17500491645971 ], [ 106.758321613865135, -6.175174606048923 ], [ 106.758689923131627, -6.175254985309046 ], [ 106.759139080773693, -6.176031984194527 ], [ 106.76101655971749, -6.17688042995106 ], [ 106.763199465857909, -6.176925084953214 ], [ 106.766083057919928, -6.176514258791331 ], [ 106.766289670435285, -6.177818184205242 ], [ 106.766756794383014, -6.177621702499079 ], [ 106.767700025431353, -6.177541323598263 ], [ 106.767511379221688, -6.169798098956077 ], [ 106.767610193902939, -6.162983610439851 ], [ 106.770287173449617, -6.163635590192951 ], [ 106.77261381003548, -6.16460909271654 ], [ 106.773242630734373, -6.162617429679248 ], [ 106.770107510392791, -6.161358123183603 ], [ 106.769622420139356, -6.160956216226205 ], [ 106.768822919536504, -6.158794844703617 ], [ 106.767735958042707, -6.15782133151571 ], [ 106.76731374985917, -6.158946676874786 ], [ 106.766711878618807, -6.159964844430188 ], [ 106.76542728776252, -6.159750493528161 ], [ 106.763936084390878, -6.158937745571801 ], [ 106.761744195097648, -6.158803776009004 ], [ 106.760774014590794, -6.158482248920383 ], [ 106.75966908679132, -6.158830569924269 ], [ 106.759112131315163, -6.159598661586863 ], [ 106.757800591000361, -6.160893697338813 ], [ 106.757072955620217, -6.162019036185134 ], [ 106.756659730589519, -6.164725198402867 ], [ 106.756156674030422, -6.165439694374711 ], [ 106.755698533235517, -6.166002359275112 ], [ 106.754485807601952, -6.166707922354218 ], [ 106.752159171016089, -6.170030308030849 ], [ 106.751144074745028, -6.171173489684781 ], [ 106.750209826849542, -6.171950494557406 ], [ 106.749940332264316, -6.172513152546951 ], [ 106.749688803984753, -6.173120465261895 ], [ 106.749886433347257, -6.17313832739003 ], [ 106.7507039002558, -6.173897467278995 ], [ 106.752787991714968, -6.175094226776601 ] ] ] } },
{ "type": "Feature", "properties": { "FID": 258, "Kode_BPS_K": 3171030001, "Longitude": "106° 46' 44.070\" E", "Latitude": "6° 18' 3.837\" S", "Kecamatan": "CILANDAK", "ID": "3171030001", "KELURAHAN": "LEBAK BULUS", "is_in_haml": "LEBAK BULUS", "HAMLET": "Lebak Bulus", "LUAS": 440.999, "city": "dki", "source_layer": "Kelurahan", "role": "admin" }, "geometry": { "type": "Polygon", "coordinates": [ [ [ 106.778264213172605, -6.288532886879046 ], [ 106.776584363591297, -6.28908649080236 ], [ 106.770835145772935, -6.288970412609218 ], [ 106.7690654646632, -6.289363292542954 ], [ 106.766622047090408, -6.290586575889608 ], [ 106.767116120496667, -6.291506268772562 ], [ 106.767520362374526, -6.291631275446545 ], [ 106.767879688488165, -6.291559843065094 ], [ 106.768212065143302, -6.291881288704299 ], [ 106.767565278138733, -6.292354527755718 ], [ 106.768230031448979, -6.293175998293232 ], [ 106.768283930366024, -6.293452797855709 ], [ 106.767232901483609, -6.294801077486668 ], [ 106.767259850942125, -6.295345745749103 ], [ 106.767753924348398, -6.295792194718557 ], [ 106.768310879824554, -6.295935058307727 ], [ 106.768912751064903, -6.295926129334555 ], [ 106.769775133737667, -6.295560041302338 ], [ 106.770224291379719, -6.29567611802342 ], [ 106.769838015807551, -6.296631517742098 ], [ 106.769846998960404, -6.297604773591984 ], [ 106.770179375615513, -6.297756565624296 ], [ 106.770700398480301, -6.297363692037683 ], [ 106.770826162620097, -6.297426194673621 ], [ 106.770907010995657, -6.298310159718994 ], [ 106.771553798000227, -6.29955127981806 ], [ 106.772389231214447, -6.299997725171089 ], [ 106.773170765511637, -6.301167410174718 ], [ 106.773062967677532, -6.301560280882128 ], [ 106.771589730611581, -6.301604925261874 ], [ 106.771140572969529, -6.301846004846126 ], [ 106.770924977301348, -6.302238875039694 ], [ 106.771338202332032, -6.303024614534278 ], [ 106.771688545292832, -6.303310337691774 ], [ 106.772829405703675, -6.302962112572597 ], [ 106.77339534433267, -6.303060329937573 ], [ 106.773566024236644, -6.303247835764521 ], [ 106.773548057930967, -6.30354248764135 ], [ 106.77299110245481, -6.304363940474745 ], [ 106.773089917136076, -6.304810381686315 ], [ 106.773305512804257, -6.304846096966638 ], [ 106.773736704140632, -6.304515730529801 ], [ 106.774060097642916, -6.303676420257303 ], [ 106.774473322673614, -6.303346053075395 ], [ 106.774949429774196, -6.303346053075395 ], [ 106.775542317861721, -6.303988929560031 ], [ 106.77563214939012, -6.304230008036333 ], [ 106.77552435155603, -6.304435371094423 ], [ 106.774904514009989, -6.304685378185816 ], [ 106.774823665634415, -6.304872883425265 ], [ 106.775461469486146, -6.305899696629503 ], [ 106.775470452638984, -6.306212204592402 ], [ 106.77476976671737, -6.306167560609235 ], [ 106.774087047101432, -6.306435424450576 ], [ 106.773925350350297, -6.306667573001125 ], [ 106.774060097642916, -6.30703365319654 ], [ 106.773952299808826, -6.307105083448429 ], [ 106.775165025442377, -6.308230108617336 ], [ 106.775111126525331, -6.308533686419152 ], [ 106.774617053119073, -6.308881907796383 ], [ 106.773655855765071, -6.309230128939635 ], [ 106.773305512804257, -6.309596207325114 ], [ 106.773754670446323, -6.310006929108284 ], [ 106.775389604263424, -6.310453365459857 ], [ 106.774554171049175, -6.311212306374687 ], [ 106.774563154202013, -6.312114105310349 ], [ 106.774967396079873, -6.312221249634002 ], [ 106.775515368403191, -6.311721242600675 ], [ 106.776377751075941, -6.311846244404255 ], [ 106.776368767923103, -6.312239107019123 ], [ 106.776575380438459, -6.312373037387905 ], [ 106.776458599451502, -6.313390907058841 ], [ 106.776817925565155, -6.315256996259286 ], [ 106.779252359985122, -6.315792714404398 ], [ 106.779944062753898, -6.31619450264941 ], [ 106.779944062753898, -6.316658790899683 ], [ 106.780132708963563, -6.316703433978724 ], [ 106.780986108483475, -6.316453432686503 ], [ 106.781641878640883, -6.316007001507214 ], [ 106.782558160230678, -6.315890929337532 ], [ 106.781650861793736, -6.313962341786751 ], [ 106.781264586221553, -6.311667670389906 ], [ 106.781938322684638, -6.311614098173597 ], [ 106.781965272143168, -6.311756957404776 ], [ 106.782710873828975, -6.311676599092086 ], [ 106.78572023003079, -6.312033747053065 ], [ 106.786438882258082, -6.311015874715134 ], [ 106.788361276966086, -6.311212306374687 ], [ 106.78863077155134, -6.310310505869205 ], [ 106.788136698145067, -6.309194413961353 ], [ 106.788235512826319, -6.308417612574748 ], [ 106.788451108494513, -6.307989032000989 ], [ 106.788181613909273, -6.307622952480274 ], [ 106.788298394896202, -6.307122941009866 ], [ 106.788208563367789, -6.306283634957475 ], [ 106.788837384066682, -6.305453256355763 ], [ 106.789124844957598, -6.304640734071191 ], [ 106.789897396101935, -6.304372869302743 ], [ 106.790301637979795, -6.303980000725423 ], [ 106.790148924381498, -6.303372839611495 ], [ 106.790346553744001, -6.302962112572597 ], [ 106.790301637979795, -6.302828179772207 ], [ 106.789654850975239, -6.302640673793568 ], [ 106.789717733045123, -6.301792431614861 ], [ 106.789403322695676, -6.301104907989295 ], [ 106.789421289001353, -6.300569174662559 ], [ 106.789097895499083, -6.300640605804746 ], [ 106.788783485149636, -6.300462027930839 ], [ 106.788675687315546, -6.300783468059624 ], [ 106.788289411743364, -6.300729894718654 ], [ 106.787975001393932, -6.300890614724972 ], [ 106.787615675280279, -6.300729894718654 ], [ 106.787283298625155, -6.301140623524744 ], [ 106.786519730633657, -6.301060263566526 ], [ 106.785989724616016, -6.300453099035531 ], [ 106.786151421367165, -6.299926293940412 ], [ 106.785702263725113, -6.299515564173228 ], [ 106.785235139777356, -6.298765535064033 ], [ 106.785199207166002, -6.298149438913607 ], [ 106.784857847358026, -6.297685134085206 ], [ 106.784992594650646, -6.297336905191406 ], [ 106.785450735445551, -6.296970818153784 ], [ 106.785504634362596, -6.296685091506052 ], [ 106.784938695733601, -6.295899342414119 ], [ 106.784759032676774, -6.294890367404898 ], [ 106.783716986947198, -6.294131402610692 ], [ 106.784336824493238, -6.291524126870687 ], [ 106.780752546509603, -6.290461568964349 ], [ 106.779638635557291, -6.289774030338033 ], [ 106.778264213172605, -6.288532886879046 ] ] ] } },
{ "type": "Feature", "properties": { "FID": 259, "Kode_BPS_K": 3174010002, "Longitude": "106° 45' 20.606\" E", "Latitude": "6° 12' 30.783\" S", "Kecamatan": "KEMBANGAN", "ID": "3174010002", "KELURAHAN": "SRENGSENG", "is_in_haml": "SRENGSENG", "HAMLET": "Srengseng", "LUAS": 464.412, "city": "dki", "source_layer": "Kelurahan", "role": "admin" }, "geometry": { "type": "Polygon", "coordinates": [ [ [ 106.757584995332166, -6.197233789103729 ], [ 106.755824297375284, -6.196697949418517 ], [ 106.75514157775936, -6.196796186734873 ], [ 106.75328206512124, -6.197546362002146 ], [ 106.751530350317196, -6.197555292653665 ], [ 106.74957202299781, -6.197260581073706 ], [ 106.746158424918164, -6.197599945908996 ], [ 106.746086559695428, -6.198885958040748 ], [ 106.745826048263027, -6.199162807464577 ], [ 106.744487558489695, -6.199091362465887 ], [ 106.743939586166391, -6.199252113699334 ], [ 106.743661108428313, -6.210450995635634 ], [ 106.745349941162459, -6.213549846746494 ], [ 106.753533593400789, -6.213773106208405 ], [ 106.758007203515703, -6.213496264461541 ], [ 106.757827540458877, -6.21705054420618 ], [ 106.75791737198729, -6.217925714930993 ], [ 106.758195849725354, -6.218809814490508 ], [ 106.75864500736742, -6.219363492245548 ], [ 106.75926484491346, -6.22064945123319 ], [ 106.759336710136196, -6.221256708550496 ], [ 106.76001942975212, -6.221238848051177 ], [ 106.760432654782818, -6.22214080250816 ], [ 106.761744195097648, -6.22220331414584 ], [ 106.761896908695945, -6.222515872222695 ], [ 106.764780500757965, -6.222435500163545 ], [ 106.765535085596625, -6.222239035078318 ], [ 106.765418304609682, -6.221069173277381 ], [ 106.765633900277862, -6.219774285041862 ], [ 106.764582871395461, -6.218568696576238 ], [ 106.765005079578984, -6.218693720693734 ], [ 106.765463220373888, -6.218443672429014 ], [ 106.764708635535229, -6.217613154125028 ], [ 106.764376258880105, -6.216907659051593 ], [ 106.763684556111329, -6.216764773858189 ], [ 106.763388112067574, -6.21585387983782 ], [ 106.763136583788025, -6.215880670860932 ], [ 106.762876072355638, -6.216121790007549 ], [ 106.762768274521534, -6.215961043922084 ], [ 106.762858106049933, -6.214764377075341 ], [ 106.764313376810222, -6.214558978760801 ], [ 106.764502023019872, -6.214335719632315 ], [ 106.764358292574428, -6.213692732813029 ], [ 106.764951180661939, -6.213451612553247 ], [ 106.765750681264819, -6.212585364782684 ], [ 106.766190855754019, -6.211808419693207 ], [ 106.765759664417658, -6.209575812479794 ], [ 106.765193725788663, -6.208781002026952 ], [ 106.764915248050571, -6.208673836480866 ], [ 106.764924231203423, -6.20791474657185 ], [ 106.765247624705708, -6.207298543370674 ], [ 106.764546938784079, -6.206807366389707 ], [ 106.764088797989189, -6.205378485295963 ], [ 106.763648623499975, -6.204914098106219 ], [ 106.764421174644312, -6.204163933319895 ], [ 106.764394225185782, -6.202806489563995 ], [ 106.764304393657383, -6.202627878283253 ], [ 106.763873202320994, -6.202476058647042 ], [ 106.763846252862479, -6.201511556407675 ], [ 106.763235398469277, -6.200797109166979 ], [ 106.763181499552232, -6.199216391207247 ], [ 106.762876072355638, -6.198439426405828 ], [ 106.761375885831143, -6.199136015591203 ], [ 106.757584995332166, -6.197233789103729 ] ] ] } },
{ "type": "Feature", "properties": { "FID": 260, "Kode_BPS_K": 3171050005, "Longitude": "106° 46' 53.147\" E", "Latitude": "6° 13' 47.214\" S", "Kecamatan": "KEBAYORAN LAMA", "ID": "3171050005", "KELURAHAN": "GROGOL SELATAN", "is_in_haml": "GROGOL SELATAN", "HAMLET": "Grogol Selatan", "LUAS": 286.286, "city": "dki", "source_layer": "Kelurahan", "role": "admin" }, "geometry": { "type": "Polygon", "coordinates": [ [ [ 106.790220789604234, -6.223096336729341 ], [ 106.788576872634295, -6.226159392658465 ], [ 106.787525843751865, -6.22540032798502 ], [ 106.784489538091549, -6.226275484805916 ], [ 106.783842751086965, -6.226346926114669 ], [ 106.781884423767593, -6.226132602159256 ], [ 106.781129838928933, -6.225998649642708 ], [ 106.778443876229417, -6.224971679214189 ], [ 106.778461842535094, -6.227016687911568 ], [ 106.774590103660543, -6.226998827608072 ], [ 106.774311625922479, -6.22711491956995 ], [ 106.769541571763796, -6.227239941654038 ], [ 106.769056481510361, -6.227284592391142 ], [ 106.768966649981948, -6.228007933803219 ], [ 106.765526102443772, -6.227945422856329 ], [ 106.764987113273307, -6.229776097503765 ], [ 106.765400338304005, -6.22984753833618 ], [ 106.765930344321632, -6.230410134551635 ], [ 106.766110007378458, -6.231133471656753 ], [ 106.765508136138095, -6.231249562704233 ], [ 106.765283557317076, -6.231928248313978 ], [ 106.76472660184092, -6.232258660727316 ], [ 106.764142696906234, -6.233285616899757 ], [ 106.764313376810222, -6.233723188918962 ], [ 106.764771517605126, -6.234678702059373 ], [ 106.765229658400017, -6.234687632080513 ], [ 106.765678816042069, -6.23440187132864 ], [ 106.76604712530856, -6.233633888536525 ], [ 106.766379501963698, -6.233491007893003 ], [ 106.766900524828486, -6.232678373492871 ], [ 106.767780873806913, -6.233169526302786 ], [ 106.769514622305266, -6.23321417653543 ], [ 106.769631403292195, -6.233633888536525 ], [ 106.770170392462674, -6.234151830543034 ], [ 106.770484802812121, -6.23515199297022 ], [ 106.771356168637709, -6.235160922983299 ], [ 106.772002955642293, -6.235116272916379 ], [ 106.771984989336602, -6.233240966673193 ], [ 106.780240506797654, -6.232848044515556 ], [ 106.780474068771539, -6.236384333337732 ], [ 106.781210687304508, -6.236268243426678 ], [ 106.783097149401158, -6.236312893395509 ], [ 106.783959532073922, -6.235857463535027 ], [ 106.785298021847254, -6.235652073468525 ], [ 106.785917859393294, -6.235866393536093 ], [ 106.786088539297268, -6.235794953523303 ], [ 106.786223286589902, -6.235384173260883 ], [ 106.786762275760367, -6.235277013139504 ], [ 106.786735326301852, -6.234732282183928 ], [ 106.786977871428547, -6.234714422143019 ], [ 106.787453978529143, -6.234133970482358 ], [ 106.78784923725415, -6.234035740137769 ], [ 106.788064832922345, -6.234142900512771 ], [ 106.788666704162694, -6.233749979030728 ], [ 106.788936198747933, -6.233812489286197 ], [ 106.788972131359301, -6.233410637513919 ], [ 106.78922365963885, -6.233312407033872 ], [ 106.789699766739432, -6.233401707471039 ], [ 106.790211806451381, -6.233044505631161 ], [ 106.79172995928154, -6.230892359399158 ], [ 106.792098268548031, -6.230624456760794 ], [ 106.793679303448087, -6.230829848795774 ], [ 106.795835260129977, -6.229293871630631 ], [ 106.795745428601549, -6.229061688644824 ], [ 106.795871192741345, -6.228713413973559 ], [ 106.795619664461782, -6.228570531990303 ], [ 106.796392215606133, -6.2264719483816 ], [ 106.796077805256687, -6.223605358922837 ], [ 106.79527830465382, -6.223096336729341 ], [ 106.790651980940595, -6.22348033597363 ], [ 106.790220789604234, -6.223096336729341 ] ] ] } }
]
}
