{
"type": "FeatureCollection",
"name": "admin_kec__kecamatan",
"crs": { "type": "name", "properties": { "name": "urn:ogc:def:crs:OGC:1.3:CRS84" } },
"features": [
{ "type": "Feature", "properties": { "FID": 0, "Kecamatan": "CAKUNG", "KOTAMADYA": "JAKARTA TIMUR", "ID": "3172080000", "is_in_subd": "CAKUNG", "city": "dki", "source_layer": "Kecamatan", "role": "admin_kec" }, "geometry": { "type": "Polygon", "coordinates": [ [ [ 106.921850928186259, -6.162251248665953 ], [ 106.921042444430554, -6.166716853526418 ], [ 106.921132275958954, -6.167458140294626 ], [ 106.920835831915198, -6.168110114547423 ], [ 106.920539387871443, -6.168172632584332 ], [ 106.920467522648707, -6.168958572990836 ], [ 106.920144129146436, -6.17001244579794 ], [ 106.920790916151006, -6.174085019319251 ], [ 106.921644315670903, -6.177693150400668 ], [ 106.921806012422053, -6.179872306765981 ], [ 106.921680248282271, -6.180399232572649 ], [ 106.922479748885138, -6.183141024486268 ], [ 106.913918804227492, -6.182471206926716 ], [ 106.912167089423448, -6.182792719461167 ], [ 106.911098094235356, -6.182390828762566 ], [ 106.910334526243844, -6.182355105130134 ], [ 106.905842949823239, -6.186454376201733 ], [ 106.905771084600516, -6.186954502958732 ], [ 106.906444821063616, -6.189347960171957 ], [ 106.90586091612893, -6.191723545042434 ], [ 106.904639207342527, -6.201975946595023 ], [ 106.902878509385644, -6.205825011054008 ], [ 106.902249688686766, -6.206468007480817 ], [ 106.902420368590754, -6.206664478454711 ], [ 106.900713569550916, -6.213639150542624 ], [ 106.904190049700475, -6.21360342902599 ], [ 106.914754237441713, -6.214585769849853 ], [ 106.924626722414189, -6.216041416970957 ], [ 106.931471884879187, -6.216720122227291 ], [ 106.938281114732803, -6.217595293501934 ], [ 106.938757221833384, -6.217488129750629 ], [ 106.939511806672044, -6.217800690630899 ], [ 106.942673876472142, -6.218041808897322 ], [ 106.945638316909751, -6.218568696576238 ], [ 106.949240561199062, -6.218881256814243 ], [ 106.95078566348775, -6.219158095727028 ], [ 106.951630079854823, -6.21908665344091 ], [ 106.951666012466177, -6.218961629416841 ], [ 106.954846048571966, -6.21943493449405 ], [ 106.955196391532766, -6.218497254210035 ], [ 106.956175555192459, -6.218550835985596 ], [ 106.956391150860654, -6.21797929676479 ], [ 106.957154718852152, -6.218238275551186 ], [ 106.957630825952748, -6.21801501798429 ], [ 106.958026084677741, -6.217595293501934 ], [ 106.9584303265556, -6.216604027969215 ], [ 106.95856507384822, -6.213969574456535 ], [ 106.959328641839733, -6.212317452812409 ], [ 106.960397637027839, -6.212299592009542 ], [ 106.960433569639193, -6.211951306232502 ], [ 106.961242053394898, -6.211951306232502 ], [ 106.961457649063078, -6.211817350103049 ], [ 106.962346981194372, -6.212317452812409 ], [ 106.962930886129044, -6.211969167047187 ], [ 106.963092582880179, -6.211156499365528 ], [ 106.963604622592129, -6.210665325982665 ], [ 106.965383286854689, -6.20783437228214 ], [ 106.96634448420869, -6.207102072633242 ], [ 106.966434315737104, -6.20650372948152 ], [ 106.965940242330845, -6.205994690742851 ], [ 106.966425332584265, -6.205557095644588 ], [ 106.965940242330845, -6.205369554776944 ], [ 106.965787528732548, -6.205074847564363 ], [ 106.965913292872315, -6.204789070715983 ], [ 106.966272618985968, -6.204583668510491 ], [ 106.966326517903013, -6.203815642163298 ], [ 106.96664092825246, -6.203217295280047 ], [ 106.966380416820058, -6.203110128602376 ], [ 106.966551096724046, -6.202342100108197 ], [ 106.966290585291645, -6.202011668900185 ], [ 106.966254652680291, -6.201457972898201 ], [ 106.965841427649593, -6.201234708216778 ], [ 106.966712793475196, -6.198689484167949 ], [ 106.968769935475819, -6.198546594032679 ], [ 106.970503683974172, -6.199412864883792 ], [ 106.970521650279849, -6.196876562707379 ], [ 106.970234189388933, -6.196171039864147 ], [ 106.971644544385001, -6.192955987119015 ], [ 106.973378292883353, -6.191169838245577 ], [ 106.973944231512348, -6.189687330093238 ], [ 106.973593888551548, -6.188955005253925 ], [ 106.973971180970878, -6.187338528540225 ], [ 106.973468124411767, -6.185221918959332 ], [ 106.972417095529352, -6.183551845503083 ], [ 106.972731505878784, -6.176978670950825 ], [ 106.97253387651628, -6.175281778393042 ], [ 106.971878106358872, -6.175040640588274 ], [ 106.97115945413158, -6.169833823435741 ], [ 106.970144357860534, -6.168217288320467 ], [ 106.969039430061059, -6.166815096410688 ], [ 106.969174177353679, -6.165055652909474 ], [ 106.970368936681552, -6.164100013638044 ], [ 106.970871993240664, -6.16318009757307 ], [ 106.970863010087825, -6.161036597642031 ], [ 106.970467751362804, -6.156195828453826 ], [ 106.969183160506518, -6.156008270088117 ], [ 106.969183160506518, -6.155552770924269 ], [ 106.96825789576387, -6.155677809949314 ], [ 106.968159081082618, -6.15508834000216 ], [ 106.964341241125112, -6.156151171706092 ], [ 106.962769189377909, -6.156285141938031 ], [ 106.960810862058523, -6.15561529044047 ], [ 106.960703064224433, -6.155990407383167 ], [ 106.960972558809672, -6.156106514954604 ], [ 106.960855777822729, -6.156597739014487 ], [ 106.960945609351143, -6.157580185771356 ], [ 106.960765946294316, -6.157732018289829 ], [ 106.960658148460226, -6.158410798429806 ], [ 106.960164075053953, -6.158339347929614 ], [ 106.959894580468728, -6.160464996198334 ], [ 106.957828455315237, -6.158830569924269 ], [ 106.956067757358369, -6.158053545832707 ], [ 106.954307059401501, -6.15775881225917 ], [ 106.953597390327047, -6.158160721637073 ], [ 106.953148232684981, -6.158687669027239 ], [ 106.952582294055986, -6.160098813700005 ], [ 106.95213313641392, -6.159991638286857 ], [ 106.951612113549132, -6.161509954621639 ], [ 106.950866511863325, -6.162224454923352 ], [ 106.95089346132184, -6.16280498571015 ], [ 106.949024965530882, -6.162894298082517 ], [ 106.948917167696777, -6.163733833647933 ], [ 106.94876445409848, -6.163751696092339 ], [ 106.944542372263115, -6.163528415494041 ], [ 106.944829833154031, -6.160590034066739 ], [ 106.944784917389825, -6.158196446900388 ], [ 106.943859652647177, -6.157937438686901 ], [ 106.9410928415721, -6.157901713406162 ], [ 106.940634700777196, -6.157044305947438 ], [ 106.940212492593659, -6.151337152290341 ], [ 106.938972817501579, -6.152373197257127 ], [ 106.937481614129936, -6.155436663231804 ], [ 106.935729899325906, -6.158500111541525 ], [ 106.934804634583259, -6.158330416616414 ], [ 106.932882239875241, -6.158339347929614 ], [ 106.932927155639447, -6.159071715100795 ], [ 106.931193407141095, -6.159232478490966 ], [ 106.931714430005897, -6.160518583859829 ], [ 106.928992534694999, -6.160929422418224 ], [ 106.9292530461274, -6.16150102336178 ], [ 106.93218155395364, -6.164135738501596 ], [ 106.930079496188796, -6.168136907992714 ], [ 106.925138762126124, -6.165457556761675 ], [ 106.924204514230652, -6.165814804374636 ], [ 106.923935019645413, -6.165671905358328 ], [ 106.923674508213026, -6.165144964902947 ], [ 106.923791289199954, -6.163671315087776 ], [ 106.92362060929598, -6.163126510180318 ], [ 106.922075507007293, -6.162242317418569 ], [ 106.922021608090247, -6.161313466870031 ], [ 106.921832961880583, -6.16133132939591 ], [ 106.921850928186259, -6.162251248665953 ] ] ] } },
{ "type": "Feature", "properties": { "FID": 1, "Kecamatan": "CEMPAKA PUTIH", "KOTAMADYA": "JAKARTA PUSAT", "ID": "3173050000", "is_in_subd": "CEMPAKA PUTIH", "city": "dki", "source_layer": "Kecamatan", "role": "admin_kec" }, "geometry": { "type": "Polygon", "coordinates": [ [ [ 106.875695488888198, -6.181122638333828 ], [ 106.876207528600148, -6.17521033016604 ], [ 106.878093990696797, -6.168145839140845 ], [ 106.878893491299664, -6.16628815709115 ], [ 106.877887378181441, -6.166136327020556 ], [ 106.876423124268342, -6.166163120565584 ], [ 106.87328800392676, -6.167243792419962 ], [ 106.868967107410143, -6.169065746592351 ], [ 106.860729556254768, -6.173066878873876 ], [ 106.858950891992208, -6.173647397788679 ], [ 106.857585452760347, -6.173906398330036 ], [ 106.859903106193386, -6.181256602255128 ], [ 106.861034983451361, -6.181158362049492 ], [ 106.861520073704781, -6.181274464108736 ], [ 106.862256692237779, -6.183909080910459 ], [ 106.862490254211636, -6.185641669212368 ], [ 106.863469417871329, -6.187124188715195 ], [ 106.863756878762246, -6.188052993995835 ], [ 106.862930428700864, -6.188499534415065 ], [ 106.859795308359281, -6.189365821752197 ], [ 106.855366614008574, -6.192187943843786 ], [ 106.856579339642138, -6.193581137797376 ], [ 106.858492751197304, -6.196322861315124 ], [ 106.860990067687155, -6.194474208910962 ], [ 106.863065175993469, -6.193402523393375 ], [ 106.864412648919654, -6.192893472010469 ], [ 106.865679273470263, -6.192634480767647 ], [ 106.868778461200478, -6.192250459035858 ], [ 106.87277596421481, -6.192000398223168 ], [ 106.876387191656974, -6.192589827092253 ], [ 106.877420254233698, -6.192554104149219 ], [ 106.875381078538751, -6.189910599659401 ], [ 106.875695488888198, -6.181122638333828 ] ] ] } },
{ "type": "Feature", "properties": { "FID": 2, "Kecamatan": "CENGKARENG", "KOTAMADYA": "JAKARTA BARAT", "ID": "3174070000", "is_in_subd": "CENGKARENG", "city": "dki", "source_layer": "Kecamatan", "role": "admin_kec" }, "geometry": { "type": "Polygon", "coordinates": [ [ [ 106.731012829227907, -6.122532508746785 ], [ 106.730590621044371, -6.123336380368591 ], [ 106.729836036205711, -6.122711146989522 ], [ 106.729045518755683, -6.123264925162315 ], [ 106.72860534426647, -6.123255993260857 ], [ 106.72860534426647, -6.123720451938538 ], [ 106.727437534397112, -6.123872294110934 ], [ 106.725281577715222, -6.125390713460148 ], [ 106.724419195042472, -6.12635535409768 ], [ 106.723422065077102, -6.125971284423062 ], [ 106.722496800334454, -6.126069534831244 ], [ 106.721607468203175, -6.126891264809759 ], [ 106.721266108395213, -6.127007378726456 ], [ 106.720673220307688, -6.126712627965516 ], [ 106.720475590945185, -6.126784082710388 ], [ 106.719011337032072, -6.128579380035627 ], [ 106.71942456206277, -6.12912422031783 ], [ 106.718544213084328, -6.130044195269189 ], [ 106.718481331014431, -6.130356807755611 ], [ 106.71864302776558, -6.130856987352837 ], [ 106.718283701651941, -6.13093737331579 ], [ 106.717331487450764, -6.131803754592012 ], [ 106.717852510315552, -6.132420045571031 ], [ 106.716657750987679, -6.133518649462795 ], [ 106.716639784681988, -6.138609711110888 ], [ 106.71691826242008, -6.139386763610092 ], [ 106.717484201049075, -6.143236282833645 ], [ 106.718454381555915, -6.143486366646397 ], [ 106.718418448944547, -6.143906149925092 ], [ 106.717816577704184, -6.145317333838924 ], [ 106.717996240761011, -6.145799636343856 ], [ 106.718687943529787, -6.152292814530236 ], [ 106.71891252235082, -6.153337789031578 ], [ 106.717484201049075, -6.153962986468808 ], [ 106.715642654716618, -6.155079408634293 ], [ 106.715903166149019, -6.155579565003541 ], [ 106.715992997677432, -6.156329798674502 ], [ 106.715984014524594, -6.156544150957303 ], [ 106.715543840035366, -6.156615601699014 ], [ 106.715876216690503, -6.157696292995269 ], [ 106.715310278061509, -6.157571254445388 ], [ 106.715139598157506, -6.15778560622716 ], [ 106.71527434545014, -6.158759119480561 ], [ 106.715166547616036, -6.159768356106635 ], [ 106.715427059048437, -6.159839806414523 ], [ 106.715355193825701, -6.162420942337676 ], [ 106.716747582516092, -6.162429873582053 ], [ 106.716505037389382, -6.16384993952582 ], [ 106.716711649904724, -6.165645111788484 ], [ 106.716496054236544, -6.16606487756053 ], [ 106.713756192619968, -6.167868973478857 ], [ 106.712489568069373, -6.171646837616382 ], [ 106.711806848453435, -6.171816528281347 ], [ 106.711204977213072, -6.172593532210962 ], [ 106.710818701640903, -6.173245500146192 ], [ 106.710657004889754, -6.17433508860295 ], [ 106.706866114390778, -6.17421898502163 ], [ 106.706902047002146, -6.176800050937693 ], [ 106.703704044590665, -6.178595179328751 ], [ 106.709866487439726, -6.18089936505628 ], [ 106.710710903806813, -6.18099760531001 ], [ 106.71560672210525, -6.182355105130134 ], [ 106.71866997722411, -6.183659016150634 ], [ 106.723125621033333, -6.184686067088204 ], [ 106.722945957976506, -6.18445386444206 ], [ 106.722990873740713, -6.184159145552029 ], [ 106.723368166160057, -6.183694739694992 ], [ 106.723619694439606, -6.183730463236937 ], [ 106.723898172177684, -6.184007320605179 ], [ 106.724338346666897, -6.183873357380581 ], [ 106.724410211889634, -6.183230333430115 ], [ 106.724095801540187, -6.18269447954082 ], [ 106.724176649915748, -6.182524792362696 ], [ 106.725003099977144, -6.182167556020282 ], [ 106.724500043418047, -6.181194085762742 ], [ 106.724724622239066, -6.180827917587564 ], [ 106.725299544020899, -6.180988674378606 ], [ 106.725874465802733, -6.180309923150825 ], [ 106.725856499497056, -6.17995268531278 ], [ 106.725398358702151, -6.179925892465203 ], [ 106.725245645103854, -6.179720480588716 ], [ 106.725856499497056, -6.178595179328751 ], [ 106.726090061470941, -6.178541593494786 ], [ 106.726593118030038, -6.178943487117291 ], [ 106.726889562073794, -6.178979210980076 ], [ 106.727078208283459, -6.178764867767187 ], [ 106.726997359907884, -6.178264733266194 ], [ 106.726638033794245, -6.17802359682007 ], [ 106.726647016947084, -6.177550254587846 ], [ 106.72682668000391, -6.177326979803087 ], [ 106.727293803951653, -6.177452013694155 ], [ 106.727356686021537, -6.177684219413496 ], [ 106.727545332231202, -6.17774673632053 ], [ 106.727787877357926, -6.177335910796287 ], [ 106.727680079523822, -6.176710740908527 ], [ 106.729018569297168, -6.175764053673154 ], [ 106.729503659550588, -6.175951605052351 ], [ 106.730051631873906, -6.175540778135114 ], [ 106.730833166171081, -6.176130225351726 ], [ 106.731048761839261, -6.175996260132843 ], [ 106.730806216712566, -6.175067433683116 ], [ 106.731983009734762, -6.174352950690126 ], [ 106.732000976040439, -6.17415646769807 ], [ 106.731695548843845, -6.173834949917484 ], [ 106.731929110817703, -6.172959706081578 ], [ 106.73223453801431, -6.172673911862778 ], [ 106.732584880975111, -6.17270963614856 ], [ 106.73363590985754, -6.171459284712931 ], [ 106.734327612626302, -6.171745079586934 ], [ 106.73447134307176, -6.171280662838401 ], [ 106.73498338278371, -6.170950212211787 ], [ 106.735306776285995, -6.17123600736036 ], [ 106.73552237195419, -6.171164558587667 ], [ 106.735755933928061, -6.170959143312514 ], [ 106.735423557272938, -6.170342897009304 ], [ 106.735666102399648, -6.169940996860284 ], [ 106.736447636696838, -6.170387552562603 ], [ 106.737579513954827, -6.169896341269357 ], [ 106.737840025387214, -6.169994583564428 ], [ 106.737965789526996, -6.17066441690908 ], [ 106.738253250417912, -6.170619761379109 ], [ 106.73837901455768, -6.170057101379083 ], [ 106.737768160164478, -6.169530165281849 ], [ 106.737992738985525, -6.168726363446554 ], [ 106.738307149334958, -6.16869063889225 ], [ 106.738612576531565, -6.169021090927687 ], [ 106.738567660767359, -6.169744512232067 ], [ 106.738882071116791, -6.169807030076218 ], [ 106.739052751020779, -6.169476578530752 ], [ 106.739052751020779, -6.168824605958472 ], [ 106.739439026592947, -6.168663845474945 ], [ 106.73942106028727, -6.168244081760344 ], [ 106.740049880986149, -6.16804759650314 ], [ 106.740031914680458, -6.168485222658291 ], [ 106.740382257641272, -6.168610258636269 ], [ 106.740499038628215, -6.168458429230603 ], [ 106.740534971239569, -6.16818156373186 ], [ 106.740346325029918, -6.167824317713382 ], [ 106.740472089169685, -6.167592107672288 ], [ 106.741181758244139, -6.167690350394394 ], [ 106.741244640314022, -6.16802973420342 ], [ 106.741639899039043, -6.168083321100775 ], [ 106.741837528401547, -6.167770730789848 ], [ 106.74168481480325, -6.167395622173466 ], [ 106.742672961615781, -6.166448918294987 ], [ 106.743598226358429, -6.166627541797649 ], [ 106.74381382202661, -6.166538230053838 ], [ 106.744011451389113, -6.165913047426015 ], [ 106.744128232376042, -6.165939840982323 ], [ 106.744182131293101, -6.166493574176293 ], [ 106.744352811197089, -6.166707922354218 ], [ 106.74456840686527, -6.166716853526418 ], [ 106.744909766673231, -6.166377468877076 ], [ 106.745502654760756, -6.166484643000333 ], [ 106.745772149345981, -6.16627029473216 ], [ 106.745700284123259, -6.165770148436175 ], [ 106.745870964027247, -6.165734423682699 ], [ 106.746427919503404, -6.166082739926439 ], [ 106.746760296158527, -6.165921978611602 ], [ 106.746796228769881, -6.165698698926818 ], [ 106.746481818420449, -6.165296795257339 ], [ 106.746769279311366, -6.165010996907098 ], [ 106.74722742010627, -6.165403969598978 ], [ 106.747487931538657, -6.165270001668545 ], [ 106.747694544054013, -6.165493281533799 ], [ 106.748826421312003, -6.165886253868353 ], [ 106.748790488700635, -6.165270001668545 ], [ 106.747523864150011, -6.160063088564693 ], [ 106.747676577748322, -6.158339347929614 ], [ 106.752671210728039, -6.157946370006711 ], [ 106.754629538047411, -6.158214309531144 ], [ 106.759363659594712, -6.159277134979598 ], [ 106.75966908679132, -6.158830569924269 ], [ 106.760774014590794, -6.158482248920383 ], [ 106.761744195097648, -6.158803776009004 ], [ 106.763936084390878, -6.158937745571801 ], [ 106.76542728776252, -6.159750493528161 ], [ 106.766711878618807, -6.159964844430188 ], [ 106.76731374985917, -6.158946676874786 ], [ 106.767735958042707, -6.15782133151571 ], [ 106.772038888253647, -6.150310036752627 ], [ 106.773143816053121, -6.148666647765489 ], [ 106.774599086813382, -6.145996129831646 ], [ 106.775209941206583, -6.145308402306931 ], [ 106.775452486333307, -6.14387935525762 ], [ 106.775407570569101, -6.142369920145283 ], [ 106.775578250473075, -6.141771503856917 ], [ 106.774976379232712, -6.141432103275064 ], [ 106.772119736629222, -6.141378513689734 ], [ 106.769290043484247, -6.140940865207659 ], [ 106.768167149379096, -6.140628258928825 ], [ 106.756641764283842, -6.136698335773048 ], [ 106.750973394841054, -6.134438616833964 ], [ 106.749877450194418, -6.133813396463277 ], [ 106.747083689660812, -6.131553665295939 ], [ 106.743957552472068, -6.129454696939241 ], [ 106.74017564512593, -6.127739789003436 ], [ 106.738630542837242, -6.126882332968967 ], [ 106.731551818398373, -6.121541065413731 ], [ 106.731012829227907, -6.122532508746785 ] ] ] } },
{ "type": "Feature", "properties": { "FID": 3, "Kecamatan": "CILANDAK", "KOTAMADYA": "JAKARTA SELATAN", "ID": "3171030000", "is_in_subd": "CILANDAK", "city": "dki", "source_layer": "Kecamatan", "role": "admin_kec" }, "geometry": { "type": "Polygon", "coordinates": [ [ [ 106.792161150617915, -6.264048718151589 ], [ 106.788271445437687, -6.263477228561542 ], [ 106.785432769139859, -6.26286109064641 ], [ 106.785172257707472, -6.264084436230193 ], [ 106.785387853375653, -6.265414932916848 ], [ 106.786402949646714, -6.26595963192408 ], [ 106.786699393690483, -6.266611484087012 ], [ 106.787831270948459, -6.267120463976812 ], [ 106.791442498390623, -6.267959833236735 ], [ 106.792233015840651, -6.269227814025604 ], [ 106.792763021858278, -6.271236932202679 ], [ 106.792897769150898, -6.27254955189712 ], [ 106.792520476731568, -6.274397929127652 ], [ 106.791747925587217, -6.274549727932584 ], [ 106.791155037499706, -6.276014137661978 ], [ 106.791208936416751, -6.276755270285573 ], [ 106.791532329919036, -6.277237452390178 ], [ 106.791478431001991, -6.278728642370268 ], [ 106.790858593455951, -6.280728794680338 ], [ 106.790095025464439, -6.281514566699742 ], [ 106.789834514032052, -6.282246762286551 ], [ 106.789106878651921, -6.283130753146856 ], [ 106.788756535691107, -6.283943309077751 ], [ 106.788370260118938, -6.284336192809021 ], [ 106.78809178238086, -6.284389767840299 ], [ 106.786537696939334, -6.285961299636551 ], [ 106.785082426179059, -6.288014998804242 ], [ 106.785235139777356, -6.288506099577483 ], [ 106.785504634362596, -6.288541815979261 ], [ 106.785549550126802, -6.289684739540621 ], [ 106.784336824493238, -6.291524126870687 ], [ 106.780752546509603, -6.290461568964349 ], [ 106.779638635557291, -6.289774030338033 ], [ 106.778264213172605, -6.288532886879046 ], [ 106.776584363591297, -6.28908649080236 ], [ 106.770835145772935, -6.288970412609218 ], [ 106.7690654646632, -6.289363292542954 ], [ 106.766622047090408, -6.290586575889608 ], [ 106.767116120496667, -6.291506268772562 ], [ 106.767520362374526, -6.291631275446545 ], [ 106.767879688488165, -6.291559843065094 ], [ 106.768212065143302, -6.291881288704299 ], [ 106.767565278138733, -6.292354527755718 ], [ 106.768230031448979, -6.293175998293232 ], [ 106.768283930366024, -6.293452797855709 ], [ 106.767232901483609, -6.294801077486668 ], [ 106.767259850942125, -6.295345745749103 ], [ 106.767753924348398, -6.295792194718557 ], [ 106.768310879824554, -6.295935058307727 ], [ 106.768912751064903, -6.295926129334555 ], [ 106.769775133737667, -6.295560041302338 ], [ 106.770224291379719, -6.29567611802342 ], [ 106.769838015807551, -6.296631517742098 ], [ 106.769846998960404, -6.297604773591984 ], [ 106.770179375615513, -6.297756565624296 ], [ 106.770700398480301, -6.297363692037683 ], [ 106.770826162620097, -6.297426194673621 ], [ 106.770907010995657, -6.298310159718994 ], [ 106.771553798000227, -6.29955127981806 ], [ 106.772389231214447, -6.299997725171089 ], [ 106.773170765511637, -6.301167410174718 ], [ 106.773062967677532, -6.301560280882128 ], [ 106.771589730611581, -6.301604925261874 ], [ 106.771140572969529, -6.301846004846126 ], [ 106.770924977301348, -6.302238875039694 ], [ 106.771338202332032, -6.303024614534278 ], [ 106.771688545292832, -6.303310337691774 ], [ 106.772829405703675, -6.302962112572597 ], [ 106.77339534433267, -6.303060329937573 ], [ 106.773566024236644, -6.303247835764521 ], [ 106.773548057930967, -6.30354248764135 ], [ 106.77299110245481, -6.304363940474745 ], [ 106.773089917136076, -6.304810381686315 ], [ 106.773305512804257, -6.304846096966638 ], [ 106.773736704140632, -6.304515730529801 ], [ 106.774060097642916, -6.303676420257303 ], [ 106.774473322673614, -6.303346053075395 ], [ 106.774949429774196, -6.303346053075395 ], [ 106.775542317861721, -6.303988929560031 ], [ 106.77563214939012, -6.304230008036333 ], [ 106.77552435155603, -6.304435371094423 ], [ 106.774904514009989, -6.304685378185816 ], [ 106.774823665634415, -6.304872883425265 ], [ 106.775461469486146, -6.305899696629503 ], [ 106.775470452638984, -6.306212204592402 ], [ 106.77476976671737, -6.306167560609235 ], [ 106.774087047101432, -6.306435424450576 ], [ 106.773925350350297, -6.306667573001125 ], [ 106.774060097642916, -6.30703365319654 ], [ 106.773952299808826, -6.307105083448429 ], [ 106.775165025442377, -6.308230108617336 ], [ 106.775111126525331, -6.308533686419152 ], [ 106.774617053119073, -6.308881907796383 ], [ 106.773655855765071, -6.309230128939635 ], [ 106.773305512804257, -6.309596207325114 ], [ 106.773754670446323, -6.310006929108284 ], [ 106.775389604263424, -6.310453365459857 ], [ 106.774554171049175, -6.311212306374687 ], [ 106.774563154202013, -6.312114105310349 ], [ 106.774967396079873, -6.312221249634002 ], [ 106.775515368403191, -6.311721242600675 ], [ 106.776377751075941, -6.311846244404255 ], [ 106.776368767923103, -6.312239107019123 ], [ 106.776593346744136, -6.312471252969667 ], [ 106.776458599451502, -6.313283762977159 ], [ 106.776656228814019, -6.313980199111837 ], [ 106.776683178272549, -6.314917707813994 ], [ 106.776898773940729, -6.315319496738115 ], [ 106.779252359985122, -6.315792714404398 ], [ 106.779944062753898, -6.31619450264941 ], [ 106.779944062753898, -6.316658790899683 ], [ 106.780132708963563, -6.316703433978724 ], [ 106.780986108483475, -6.316453432686503 ], [ 106.781641878640883, -6.316007001507214 ], [ 106.782558160230678, -6.315890929337532 ], [ 106.783420542903443, -6.317533794546978 ], [ 106.783905633156877, -6.317944510034519 ], [ 106.784687167454052, -6.317873081277491 ], [ 106.78534293761146, -6.317507008742989 ], [ 106.785648364808054, -6.317765938123466 ], [ 106.788891282983727, -6.317382008306049 ], [ 106.791325717403694, -6.315971286996238 ], [ 106.793832017046384, -6.315390925847537 ], [ 106.809157275793467, -6.314819492696227 ], [ 106.808977612736641, -6.314024842421859 ], [ 106.808258960509335, -6.313390907058841 ], [ 106.807917600701387, -6.313364121040499 ], [ 106.808079297452522, -6.312890901154677 ], [ 106.808366758343439, -6.312756970919807 ], [ 106.807863701784328, -6.311337308301076 ], [ 106.807971499618432, -6.310998017287846 ], [ 106.808321842579232, -6.310748013241172 ], [ 106.808375741496278, -6.310337292045453 ], [ 106.808258960509335, -6.309980142914958 ], [ 106.807926583854226, -6.309703352169501 ], [ 106.807728954491722, -6.309006910284985 ], [ 106.808402690954807, -6.308587258953955 ], [ 106.808618286622988, -6.30823903737875 ], [ 106.808339808884924, -6.307230086365554 ], [ 106.80882489913833, -6.306355065312705 ], [ 106.808681168692871, -6.305810408605507 ], [ 106.809184225251983, -6.305631832511386 ], [ 106.809220157863351, -6.305024673331354 ], [ 106.808995579042332, -6.304765737582453 ], [ 106.808878798055389, -6.304042502564448 ], [ 106.808465573024691, -6.303908570043028 ], [ 106.808375741496278, -6.303488914585285 ], [ 106.808079297452522, -6.303131760736782 ], [ 106.807576240893411, -6.303203191526157 ], [ 106.807037251722932, -6.302765677786858 ], [ 106.806947420194533, -6.302069226583513 ], [ 106.806812672901913, -6.301729929504728 ], [ 106.806650976150777, -6.301729929504728 ], [ 106.806633009845086, -6.301337058925775 ], [ 106.806264700578595, -6.300488814615843 ], [ 106.806174869050196, -6.299185194342019 ], [ 106.805914357617795, -6.298765535064033 ], [ 106.805051974945044, -6.298319088651169 ], [ 106.80497112656947, -6.298095865300755 ], [ 106.805285536918902, -6.29772084985598 ], [ 106.805581980962671, -6.296756523182725 ], [ 106.806893521277487, -6.295783265742929 ], [ 106.806857588666119, -6.295515396402704 ], [ 106.806480296246789, -6.295265384893843 ], [ 106.806246734272918, -6.294524278642609 ], [ 106.805393334752992, -6.294274266656679 ], [ 106.80507892440356, -6.293765313313514 ], [ 106.805051974945044, -6.293184927313678 ], [ 106.805617913574039, -6.292622398725872 ], [ 106.805842492395058, -6.291408049221911 ], [ 106.806282666884286, -6.290684795595506 ], [ 106.807136066404198, -6.290425852694467 ], [ 106.807306746308186, -6.290077618934502 ], [ 106.808025398535477, -6.29018476780857 ], [ 106.808366758343439, -6.289818675730986 ], [ 106.808762017068446, -6.289041845346526 ], [ 106.808447606719014, -6.287943565925858 ], [ 106.808537438247427, -6.287452464621325 ], [ 106.809031511653686, -6.286970291980202 ], [ 106.809166258946306, -6.285988087069197 ], [ 106.809660332352578, -6.285961299636551 ], [ 106.809759147033816, -6.28579164586442 ], [ 106.809606433435519, -6.284755863739711 ], [ 106.809714231269623, -6.284470130376872 ], [ 106.809381854614486, -6.283818300555588 ], [ 106.809597450282681, -6.283318266166604 ], [ 106.809354905155971, -6.282871806484695 ], [ 106.809336938850279, -6.282398558803688 ], [ 106.8097321975753, -6.281702080301796 ], [ 106.810495765566799, -6.280907379334355 ], [ 106.81062152970658, -6.279916233731067 ], [ 106.810819159069084, -6.27963049771126 ], [ 106.811762390117408, -6.279407266336678 ], [ 106.812013918396957, -6.279166176344637 ], [ 106.81226544667652, -6.27847862279129 ], [ 106.812759520082778, -6.278317895855706 ], [ 106.812840368458353, -6.277978583273241 ], [ 106.812633755943011, -6.277755351190534 ], [ 106.813073930432225, -6.277335674616023 ], [ 106.812867317916883, -6.276424885993255 ], [ 106.813424273393039, -6.275951632452741 ], [ 106.813936313104975, -6.276031996291812 ], [ 106.814080043550447, -6.275906985870123 ], [ 106.814196824537376, -6.275147993380264 ], [ 106.813918346799298, -6.274549727932584 ], [ 106.813981228869196, -6.27408540203709 ], [ 106.813828515270885, -6.273853238934202 ], [ 106.814008178327711, -6.273263901362395 ], [ 106.813945296257828, -6.272254882457491 ], [ 106.813037997820857, -6.271969142235751 ], [ 106.812220530912299, -6.271263720392743 ], [ 106.811537811296375, -6.270415427039092 ], [ 106.811726457506055, -6.269602850006255 ], [ 106.812157648842415, -6.269334967190453 ], [ 106.812274429829358, -6.268995648759578 ], [ 106.812094766772532, -6.268692047871149 ], [ 106.812148665689577, -6.268361658468242 ], [ 106.812759520082778, -6.26692401565713 ], [ 106.811025771584426, -6.266781144105448 ], [ 106.810010675313379, -6.266513259840597 ], [ 106.810010675313379, -6.265968561411264 ], [ 106.808465573024691, -6.265968561411264 ], [ 106.804432137399004, -6.266325740773368 ], [ 106.80448603631605, -6.266656131465634 ], [ 106.801862955686417, -6.266968663009007 ], [ 106.800228021869316, -6.266745426211414 ], [ 106.800057341965328, -6.265727465203634 ], [ 106.798521222829478, -6.265816760108337 ], [ 106.79738036241865, -6.265611381804677 ], [ 106.797326463501605, -6.264084436230193 ], [ 106.796967137387966, -6.263825480104942 ], [ 106.794317107299804, -6.263441510441391 ], [ 106.794236258924244, -6.264263026586549 ], [ 106.792161150617915, -6.264048718151589 ] ] ] } },
{ "type": "Feature", "properties": { "FID": 4, "Kecamatan": "CILINCING", "KOTAMADYA": "JAKARTA UTARA", "ID": "3175060000", "is_in_subd": "CILINCING", "city": "dki", "source_layer": "Kecamatan", "role": "admin_kec" }, "geometry": { "type": "Polygon", "coordinates": [ [ [ 106.940212492593659, -6.151337152290341 ], [ 106.940634700777196, -6.157044305947438 ], [ 106.9410928415721, -6.157901713406162 ], [ 106.943859652647177, -6.157937438686901 ], [ 106.944784917389825, -6.158196446900388 ], [ 106.944829833154031, -6.160590034066739 ], [ 106.944542372263115, -6.163528415494041 ], [ 106.94876445409848, -6.163751696092339 ], [ 106.948917167696777, -6.163733833647933 ], [ 106.949024965530882, -6.162894298082517 ], [ 106.95089346132184, -6.16280498571015 ], [ 106.950866511863325, -6.162224454923352 ], [ 106.951612113549132, -6.161509954621639 ], [ 106.95213313641392, -6.159991638286857 ], [ 106.952582294055986, -6.160098813700005 ], [ 106.953148232684981, -6.158687669027239 ], [ 106.953597390327047, -6.158160721637073 ], [ 106.954307059401501, -6.15775881225917 ], [ 106.956067757358369, -6.158053545832707 ], [ 106.957828455315237, -6.158830569924269 ], [ 106.959894580468728, -6.160464996198334 ], [ 106.960164075053953, -6.158339347929614 ], [ 106.960658148460226, -6.158410798429806 ], [ 106.960765946294316, -6.157732018289829 ], [ 106.960945609351143, -6.157580185771356 ], [ 106.960855777822729, -6.156597739014487 ], [ 106.960972558809672, -6.156106514954604 ], [ 106.960703064224433, -6.155990407383167 ], [ 106.960810862058523, -6.15561529044047 ], [ 106.962769189377909, -6.156285141938031 ], [ 106.964341241125112, -6.156151171706092 ], [ 106.968159081082618, -6.15508834000216 ], [ 106.96825789576387, -6.155677809949314 ], [ 106.969183160506518, -6.155552770924269 ], [ 106.969183160506518, -6.156008270088117 ], [ 106.971455898175336, -6.156338730021345 ], [ 106.97118640359011, -6.154177339706533 ], [ 106.97177929167762, -6.151685477978631 ], [ 106.972309297695261, -6.151363946582158 ], [ 106.97191403897024, -6.149925984346257 ], [ 106.971258268812832, -6.14975628668299 ], [ 106.971617594926471, -6.147103637223844 ], [ 106.971572679162264, -6.146022924392541 ], [ 106.972506927057765, -6.146192623246874 ], [ 106.972569809127648, -6.145049387813966 ], [ 106.972138617791259, -6.144879688595046 ], [ 106.971060639450315, -6.14092300199667 ], [ 106.970692330183837, -6.140690780199273 ], [ 106.970368936681552, -6.136475043814351 ], [ 106.970692330183837, -6.136314273546156 ], [ 106.970234189388933, -6.133688352301155 ], [ 106.970593515502586, -6.133527581192476 ], [ 106.970333004070184, -6.132679066204711 ], [ 106.970530633432688, -6.132027048507264 ], [ 106.97049470082132, -6.13067835183624 ], [ 106.970198256777579, -6.130517579820154 ], [ 106.970036560026429, -6.129990604538837 ], [ 106.970431818751436, -6.12992808201329 ], [ 106.970431818751436, -6.126426808890377 ], [ 106.969228076270724, -6.12649826367351 ], [ 106.968985531144014, -6.106061806300617 ], [ 106.968482474584903, -6.099469810500005 ], [ 106.968428575667858, -6.099201841476217 ], [ 106.967620091912138, -6.098371136651447 ], [ 106.967916535955908, -6.092565099271241 ], [ 106.966335501055852, -6.093449407481598 ], [ 106.965302438479114, -6.093806703314942 ], [ 106.964745483002957, -6.093654852614834 ], [ 106.964350224277965, -6.093806703314942 ], [ 106.964152594915447, -6.093654852614834 ], [ 106.964017847622827, -6.093181435450496 ], [ 106.963326144854065, -6.093404745485706 ], [ 106.962796138836424, -6.092815206791625 ], [ 106.961834941482422, -6.092984922542656 ], [ 106.96182595832957, -6.092716950279657 ], [ 106.96162832896708, -6.092654423399042 ], [ 106.959229827158481, -6.093753108955104 ], [ 106.958672871682325, -6.093217165062373 ], [ 106.958574057001059, -6.09330648908166 ], [ 106.959113046171538, -6.093896027236111 ], [ 106.958762703210738, -6.095360937421887 ], [ 106.95791828684365, -6.095459193449766 ], [ 106.956966072642501, -6.095852217381334 ], [ 106.956534881306112, -6.095700367260085 ], [ 106.956382167707815, -6.094905386512081 ], [ 106.955178425227089, -6.094905386512081 ], [ 106.954702318126522, -6.091332424789789 ], [ 106.954423840388429, -6.091278830182913 ], [ 106.954828082266289, -6.09558424655013 ], [ 106.954423840388429, -6.095887946815383 ], [ 106.952079237496875, -6.096495346830121 ], [ 106.947345115949574, -6.096754384862509 ], [ 106.946150356621686, -6.097531498209115 ], [ 106.943832703188662, -6.098112099399879 ], [ 106.940239442052189, -6.098451527497182 ], [ 106.939610621353296, -6.098263948838387 ], [ 106.9393680762266, -6.096754384862509 ], [ 106.938658407152133, -6.096897302344074 ], [ 106.938685356610648, -6.097111678495025 ], [ 106.938155350593021, -6.097218866538372 ], [ 106.937283984767433, -6.096450685087755 ], [ 106.936098208592398, -6.096513211526024 ], [ 106.935460404740667, -6.096379226292237 ], [ 106.934741752513375, -6.096379226292237 ], [ 106.926917426388698, -6.098022776180672 ], [ 106.926378437218219, -6.098165693324261 ], [ 106.926315555148335, -6.099630591849994 ], [ 106.925785549130708, -6.099978951276236 ], [ 106.924635705567027, -6.100032545014027 ], [ 106.922605513024919, -6.100666737171104 ], [ 106.921823978727744, -6.100747127672648 ], [ 106.920952612902141, -6.100666737171104 ], [ 106.920611253094165, -6.100246919911624 ], [ 106.919991415548125, -6.101613557868531 ], [ 106.91980276933846, -6.103015921299915 ], [ 106.920000398700964, -6.103364278525945 ], [ 106.92133888847431, -6.103721567753278 ], [ 106.921302955862956, -6.103953805623284 ], [ 106.920332775356101, -6.104141382290956 ], [ 106.920431590037353, -6.104543332071961 ], [ 106.918895470901504, -6.104650518629295 ], [ 106.918850555137297, -6.099121450742966 ], [ 106.915050681485482, -6.098889210779206 ], [ 106.914493726009326, -6.099576998072021 ], [ 106.91390982107464, -6.099532336586286 ], [ 106.913379815057013, -6.098728429206912 ], [ 106.911664032864351, -6.098639106090364 ], [ 106.91116097630524, -6.098871346162443 ], [ 106.909472143571094, -6.09886241385384 ], [ 106.907971957046612, -6.09996108669578 ], [ 106.908025855963658, -6.100863247264704 ], [ 106.908412131535826, -6.100898976364893 ], [ 106.908501963064239, -6.101631422393917 ], [ 106.908987053317674, -6.101640354656386 ], [ 106.909014002776189, -6.101417048049997 ], [ 106.910451307230787, -6.101649286918706 ], [ 106.910424357772257, -6.103837686700864 ], [ 106.907549748863076, -6.103819822249028 ], [ 106.907163473290908, -6.108777184776289 ], [ 106.91078368388591, -6.108937963333155 ], [ 106.917440200141229, -6.108268052361008 ], [ 106.916991042499177, -6.1190669150177 ], [ 106.918868521442974, -6.119102642902769 ], [ 106.918985302429917, -6.11961176500547 ], [ 106.920683118316902, -6.119013323185619 ], [ 106.92085379822089, -6.120281661770037 ], [ 106.92147363576693, -6.120210206155162 ], [ 106.921365837932839, -6.121219515829476 ], [ 106.921608383059549, -6.12519421237585 ], [ 106.920629219399856, -6.125667601228906 ], [ 106.920242943827688, -6.125712260532997 ], [ 106.920332775356101, -6.126712627965516 ], [ 106.919955482936757, -6.12653399106149 ], [ 106.919659038893016, -6.126587582138974 ], [ 106.919335645390717, -6.127507561463457 ], [ 106.918608010010587, -6.128347152861005 ], [ 106.918347498578186, -6.129490424129294 ], [ 106.918536144787865, -6.131169599362933 ], [ 106.919191914945259, -6.131580460583272 ], [ 106.919560224211764, -6.132152093058966 ], [ 106.919155982333905, -6.13354544465139 ], [ 106.918608010010587, -6.134215323928604 ], [ 106.918392414342406, -6.134849475535452 ], [ 106.917979189311708, -6.135224607116768 ], [ 106.917934273547502, -6.135617601823555 ], [ 106.917269520237255, -6.136439317092277 ], [ 106.917188671861666, -6.137439664404953 ], [ 106.916910194123602, -6.137877315763705 ], [ 106.916847312053719, -6.139333173818951 ], [ 106.916281373424724, -6.141307060900902 ], [ 106.916290356577562, -6.142200220072128 ], [ 106.915454923363328, -6.144969003980171 ], [ 106.915796283171289, -6.145710321098146 ], [ 106.917098840333267, -6.147416239699586 ], [ 106.917332402307139, -6.14793426625495 ], [ 106.917754610490661, -6.149568726044794 ], [ 106.917727661032146, -6.15009568195537 ], [ 106.917467149599759, -6.150774471850225 ], [ 106.917691728420778, -6.151864106448193 ], [ 106.918724790997516, -6.153177023857409 ], [ 106.919551241058912, -6.15508834000216 ], [ 106.919596156823118, -6.155713535379635 ], [ 106.920054297618023, -6.156383386753311 ], [ 106.92020701121632, -6.157115756621867 ], [ 106.921518551531136, -6.158651943796972 ], [ 106.92158143360102, -6.158982402085222 ], [ 106.921365837932839, -6.159723699659322 ], [ 106.922030591243086, -6.1609383536877 ], [ 106.922075507007293, -6.162242317418569 ], [ 106.923593659837451, -6.163099716481912 ], [ 106.923737390282909, -6.163331928489812 ], [ 106.923674508213026, -6.165144964902947 ], [ 106.923935019645413, -6.165671905358328 ], [ 106.924204514230652, -6.165814804374636 ], [ 106.925138762126124, -6.165457556761675 ], [ 106.930079496188796, -6.168136907992714 ], [ 106.93218155395364, -6.164135738501596 ], [ 106.9292530461274, -6.16150102336178 ], [ 106.928992534694999, -6.160929422418224 ], [ 106.931714430005897, -6.160518583859829 ], [ 106.931193407141095, -6.159232478490966 ], [ 106.932927155639447, -6.159071715100795 ], [ 106.932882239875241, -6.158339347929614 ], [ 106.934984297640085, -6.158330416616414 ], [ 106.935729899325906, -6.158500111541525 ], [ 106.937481614129936, -6.155436663231804 ], [ 106.938972817501579, -6.152373197257127 ], [ 106.940212492593659, -6.151337152290341 ] ] ] } },
{ "type": "Feature", "properties": { "FID": 5, "Kecamatan": "CIPAYUNG", "KOTAMADYA": "JAKARTA TIMUR", "ID": "3172030000", "is_in_subd": "CIPAYUNG", "city": "dki", "source_layer": "Kecamatan", "role": "admin_kec" }, "geometry": { "type": "Polygon", "coordinates": [ [ [ 106.90876247449664, -6.284577280406326 ], [ 106.908735525038125, -6.284345121981285 ], [ 106.908403148382988, -6.28436298032535 ], [ 106.900560855952619, -6.285291613372047 ], [ 106.899527793375881, -6.285773787569397 ], [ 106.897578449209348, -6.288407879459943 ], [ 106.896877763287733, -6.289095419893066 ], [ 106.896105212143382, -6.28950615789979 ], [ 106.888020374586318, -6.290568717759269 ], [ 106.88828088601872, -6.290658008404829 ], [ 106.888541397451107, -6.291166964791608 ], [ 106.888685127896565, -6.292167017994443 ], [ 106.889304965442605, -6.293024204922167 ], [ 106.889646325250581, -6.294604639612532 ], [ 106.89051769107617, -6.296202927431488 ], [ 106.891362107443243, -6.296836883807236 ], [ 106.892817378203517, -6.297202970939291 ], [ 106.892826361356356, -6.299863791605504 ], [ 106.892305338491568, -6.299917365035886 ], [ 106.892170591198948, -6.300435241244452 ], [ 106.88938581381818, -6.300488814615843 ], [ 106.88938581381818, -6.301944222422408 ], [ 106.884337281921432, -6.301926364682648 ], [ 106.883178455204913, -6.302042439980098 ], [ 106.883699478069701, -6.302854966335052 ], [ 106.886753750035709, -6.317596294750892 ], [ 106.886933413092535, -6.319346297395698 ], [ 106.88714900876073, -6.329640835927525 ], [ 106.887571216944252, -6.332703265311481 ], [ 106.890032600822749, -6.345693835116733 ], [ 106.892844327662047, -6.356103911033683 ], [ 106.893527047277971, -6.359639360604874 ], [ 106.893652811417752, -6.361728478469056 ], [ 106.894515194090502, -6.364478244591813 ], [ 106.894614008771754, -6.365674566816733 ], [ 106.895566222972917, -6.369549203249709 ], [ 106.895889616475202, -6.371557931824396 ], [ 106.896599285549655, -6.371495438165026 ], [ 106.897174207331489, -6.370540176995878 ], [ 106.898081505768459, -6.369700974127709 ], [ 106.898800157995751, -6.369424215434129 ], [ 106.903740892058408, -6.371147259066342 ], [ 106.903929538268073, -6.369602769447068 ], [ 106.904432594827185, -6.367835081982738 ], [ 106.906687366190326, -6.362540910900624 ], [ 106.907100591221024, -6.361737406304955 ], [ 106.907603647780135, -6.361192808031343 ], [ 106.908537895675607, -6.361871323824814 ], [ 106.909184682680163, -6.362567694365508 ], [ 106.909930284365998, -6.362933734912334 ], [ 106.910163846339856, -6.363183713672509 ], [ 106.910217745256915, -6.363567609388819 ], [ 106.910424357772257, -6.363701526431673 ], [ 106.911619117100145, -6.364246122046305 ], [ 106.912930657414947, -6.364576450252566 ], [ 106.914251180882601, -6.365487083667102 ], [ 106.914466776550796, -6.365263889352117 ], [ 106.914529658620694, -6.364487172379929 ], [ 106.915068647791159, -6.363871154635842 ], [ 106.914844068970126, -6.363442620117327 ], [ 106.914871018428641, -6.363192641483122 ], [ 106.916047811450838, -6.363139074617113 ], [ 106.916218491354826, -6.362710539487977 ], [ 106.915427973904798, -6.362380210082001 ], [ 106.914565591232048, -6.361603488750197 ], [ 106.914556608079209, -6.361326725693115 ], [ 106.915427973904798, -6.360916044753105 ], [ 106.915499839127534, -6.360558930625486 ], [ 106.915374074987753, -6.360380373468633 ], [ 106.915005765721276, -6.360496435627644 ], [ 106.914296096646808, -6.360175032661571 ], [ 106.914233214576925, -6.359755422931195 ], [ 106.914475759703635, -6.359255461954215 ], [ 106.913954736838846, -6.358889418787767 ], [ 106.913559478113839, -6.358844779359395 ], [ 106.913882871616124, -6.358523375360711 ], [ 106.914583557537739, -6.358451952222607 ], [ 106.914808136358758, -6.358300178021196 ], [ 106.914736271136036, -6.357585945883689 ], [ 106.915077630943998, -6.357380603960553 ], [ 106.915445940210475, -6.356764577699199 ], [ 106.91601187883947, -6.356380676902256 ], [ 106.916775446830982, -6.356648514697786 ], [ 106.917053924569061, -6.356639586773515 ], [ 106.917152739250312, -6.356478884110144 ], [ 106.91683832890088, -6.355773577382701 ], [ 106.916128659826427, -6.35554145090645 ], [ 106.915634586420154, -6.35482721493793 ], [ 106.916101710367897, -6.353845138862171 ], [ 106.916245440813356, -6.353702291276813 ], [ 106.916757480525305, -6.353693363301411 ], [ 106.917242570778726, -6.352996980742831 ], [ 106.917269520237255, -6.352845204931909 ], [ 106.91670358160826, -6.352630933122638 ], [ 106.916793413136674, -6.351729204947633 ], [ 106.916407137564491, -6.351738132957109 ], [ 106.91619154189631, -6.351488148633242 ], [ 106.91632628918893, -6.351327444360932 ], [ 106.916829345748027, -6.351291732293604 ], [ 106.916973076193486, -6.35088104334127 ], [ 106.917655795809424, -6.35076497901275 ], [ 106.917844442019089, -6.350398929805246 ], [ 106.916955109887809, -6.349238284255729 ], [ 106.915984929380954, -6.34884544978483 ], [ 106.916038828297999, -6.348666888562627 ], [ 106.916721547913937, -6.348184772953419 ], [ 106.916856295206557, -6.347800865756635 ], [ 106.917152739250312, -6.348157988739674 ], [ 106.917224604473049, -6.347818721911668 ], [ 106.916658665844054, -6.346836632465575 ], [ 106.916470019634374, -6.346756279609845 ], [ 106.916263407119033, -6.346872344841877 ], [ 106.91601187883947, -6.346640214351662 ], [ 106.916002895686631, -6.346443796162853 ], [ 106.916272390271885, -6.346247377899155 ], [ 106.917206638167357, -6.346158096845444 ], [ 106.917017991957692, -6.345836684923973 ], [ 106.917206638167357, -6.345229572969671 ], [ 106.917314436001462, -6.343783215137699 ], [ 106.918167835521359, -6.343863568457086 ], [ 106.91894038666571, -6.343568939558088 ], [ 106.919254797015157, -6.343693933657021 ], [ 106.919434460071969, -6.343604652160876 ], [ 106.919218864403788, -6.34289039963494 ], [ 106.918859538290135, -6.342801117999605 ], [ 106.918554111093542, -6.34247970398435 ], [ 106.918832588831606, -6.34161367077911 ], [ 106.919632089434486, -6.341524388922652 ], [ 106.919533274753235, -6.341077979408433 ], [ 106.918949369818563, -6.339953025718405 ], [ 106.918383431189568, -6.339917312862656 ], [ 106.918140886062844, -6.339345906834321 ], [ 106.918221734438418, -6.339185198774782 ], [ 106.919560224211764, -6.338649504881323 ], [ 106.919120049722537, -6.337908460744888 ], [ 106.919066150805492, -6.337194200328749 ], [ 106.919641072587325, -6.336649576096958 ], [ 106.919703954657209, -6.33601566848024 ], [ 106.919443443224807, -6.335024628251441 ], [ 106.919730904115738, -6.333712166641089 ], [ 106.920521421565752, -6.333176467065579 ], [ 106.920754983539638, -6.332738978666544 ], [ 106.920970579207818, -6.33070331348544 ], [ 106.920566337329959, -6.330355106795473 ], [ 106.920350741661778, -6.329596193965482 ], [ 106.920323792203249, -6.329176559333691 ], [ 106.920467522648707, -6.328935492476155 ], [ 106.920278876439056, -6.328578356184137 ], [ 106.919838701949828, -6.328364074290419 ], [ 106.918823605678767, -6.328730139138412 ], [ 106.918491229023658, -6.328631926643679 ], [ 106.918248683896934, -6.32834621746193 ], [ 106.918239700744095, -6.327819440743869 ], [ 106.918374448036715, -6.327506945826807 ], [ 106.918320549119656, -6.327176593851843 ], [ 106.919138016028214, -6.326506960822227 ], [ 106.919236830709465, -6.325971253773796 ], [ 106.919012251888446, -6.325721256961165 ], [ 106.91907513395833, -6.325256976845471 ], [ 106.919353611696408, -6.325105192871039 ], [ 106.920701084622593, -6.324989122742871 ], [ 106.921437703155561, -6.324194488088514 ], [ 106.92168923143511, -6.322962355535116 ], [ 106.921249056945896, -6.322489144426274 ], [ 106.921311939015794, -6.321765934159166 ], [ 106.92055735417712, -6.321337364634762 ], [ 106.920638202552709, -6.320542724368618 ], [ 106.92096159605498, -6.320212367943673 ], [ 106.920997528666348, -6.319578440159032 ], [ 106.921168208570322, -6.31938201167376 ], [ 106.920754983539638, -6.31843558247218 ], [ 106.920997528666348, -6.317971295815861 ], [ 106.921365837932839, -6.31810522470178 ], [ 106.922057540701601, -6.317640937749066 ], [ 106.922003641784556, -6.316971292372105 ], [ 106.922291102675473, -6.316462361306161 ], [ 106.922021608090247, -6.315596284482226 ], [ 106.922327035286841, -6.315301639459221 ], [ 106.922731277164687, -6.314292702201164 ], [ 106.9223809342039, -6.313756982503994 ], [ 106.922587546719242, -6.313301620325647 ], [ 106.9223809342039, -6.313364121040499 ], [ 106.921886860797628, -6.312489110346169 ], [ 106.921518551531136, -6.312176606168507 ], [ 106.921051427583393, -6.312319465244547 ], [ 106.920737017233961, -6.312248035711453 ], [ 106.920512438412914, -6.311998032268049 ], [ 106.920602269941327, -6.31159624076693 ], [ 106.920198028063481, -6.311658741687572 ], [ 106.92023396067485, -6.311078375705798 ], [ 106.920844815068051, -6.310962302431422 ], [ 106.921258040098749, -6.309587278587082 ], [ 106.921195158028851, -6.309042625276191 ], [ 106.920817865609521, -6.308667617745776 ], [ 106.920656168858386, -6.308256894901119 ], [ 106.921186174875999, -6.307792599119581 ], [ 106.920943629749303, -6.307247943922683 ], [ 106.921141259111792, -6.307212228807811 ], [ 106.921545500989652, -6.307426519460133 ], [ 106.921635332518065, -6.305962198237152 ], [ 106.921419736849884, -6.305515758017227 ], [ 106.921797029269214, -6.304944313974842 ], [ 106.921410753697046, -6.304613947600574 ], [ 106.92168923143511, -6.304221079205875 ], [ 106.921662281976594, -6.303703206776343 ], [ 106.921806012422053, -6.30344427036767 ], [ 106.921383804238516, -6.30326569345879 ], [ 106.920925663443612, -6.301899578071858 ], [ 106.920548371024282, -6.301837075974633 ], [ 106.920539387871443, -6.301524565375565 ], [ 106.921105326500438, -6.301319201165117 ], [ 106.920916680290773, -6.300515601299463 ], [ 106.920440573190191, -6.299899507226373 ], [ 106.919371578002085, -6.299810218169592 ], [ 106.919272763320834, -6.299024473807559 ], [ 106.919057167652653, -6.298881611068484 ], [ 106.918329532272509, -6.299408417223984 ], [ 106.918248683896934, -6.299738786913108 ], [ 106.918042071381592, -6.29972092909745 ], [ 106.917844442019089, -6.299453061788857 ], [ 106.917799526254882, -6.298381591172085 ], [ 106.917467149599759, -6.29816729678333 ], [ 106.917035958263369, -6.298238728256076 ], [ 106.915778316865612, -6.297372620986135 ], [ 106.914871018428641, -6.297060107698956 ], [ 106.914592540690577, -6.29730118939422 ], [ 106.914520675467841, -6.297997646996164 ], [ 106.913595410725193, -6.29822979932252 ], [ 106.913766090629181, -6.298774463988374 ], [ 106.91353252865531, -6.298935184600245 ], [ 106.912966590026315, -6.298872682145986 ], [ 106.912463533467204, -6.298292301854187 ], [ 106.912014375825152, -6.298345875446769 ], [ 106.911897594838209, -6.298211941454949 ], [ 106.911762847545603, -6.297122610371439 ], [ 106.9119155611439, -6.296542228123227 ], [ 106.911834712768325, -6.296336861941553 ], [ 106.911259790986492, -6.296265430207152 ], [ 106.91116097630524, -6.295792194718557 ], [ 106.91240065139732, -6.294943941348468 ], [ 106.912490482925733, -6.294559994630776 ], [ 106.912194038881978, -6.294372485665503 ], [ 106.911520302418879, -6.294622497604159 ], [ 106.910963346942722, -6.294461775657409 ], [ 106.910568088217715, -6.294122473606514 ], [ 106.910280627326799, -6.29425640865308 ], [ 106.910397408313727, -6.292997417852081 ], [ 106.910559105064877, -6.292952772732203 ], [ 106.910864532261471, -6.293193856333972 ], [ 106.911107077388195, -6.293068850035908 ], [ 106.911762847545603, -6.291854501575294 ], [ 106.91137657197342, -6.29135447491373 ], [ 106.911098094235356, -6.291729494955008 ], [ 106.911214875222285, -6.292095585686637 ], [ 106.911035212165459, -6.29224737932899 ], [ 106.910711818663174, -6.292202734144665 ], [ 106.910424357772257, -6.291836643488522 ], [ 106.910325543091005, -6.291533055919518 ], [ 106.910855549108632, -6.290836589649932 ], [ 106.910621987134761, -6.290416923626613 ], [ 106.910864532261471, -6.289836533887093 ], [ 106.910047065352927, -6.289809746652702 ], [ 106.909768587614849, -6.289657952298407 ], [ 106.909606890863714, -6.288872192579393 ], [ 106.909678756086436, -6.28846145407181 ], [ 106.91013689688134, -6.288023927913351 ], [ 106.909822486531894, -6.287354244304763 ], [ 106.909400278348372, -6.287300669578817 ], [ 106.909588924558022, -6.287041724992282 ], [ 106.909463160418255, -6.286970291980202 ], [ 106.909588924558022, -6.286711347229167 ], [ 106.90940926150121, -6.286505977162533 ], [ 106.909606890863714, -6.286336323568062 ], [ 106.908924171247776, -6.285925583057542 ], [ 106.909022985929028, -6.285675566935816 ], [ 106.90876247449664, -6.284577280406326 ] ] ] } },
{ "type": "Feature", "properties": { "FID": 6, "Kecamatan": "CIRACAS", "KOTAMADYA": "JAKARTA TIMUR", "ID": "3172020000", "is_in_subd": "CIRACAS", "city": "dki", "source_layer": "Kecamatan", "role": "admin_kec" }, "geometry": { "type": "Polygon", "coordinates": [ [ [ 106.873647330040413, -6.293979609518781 ], [ 106.873746144721665, -6.292836695402564 ], [ 106.873090374564256, -6.292649185815292 ], [ 106.87326105446823, -6.292372385824691 ], [ 106.873108340869933, -6.291934862958169 ], [ 106.873323936538114, -6.2916223463994 ], [ 106.87328800392676, -6.290559788693869 ], [ 106.872910711507416, -6.289675810460038 ], [ 106.872407654948333, -6.28910434898362 ], [ 106.872201042432977, -6.289059703529319 ], [ 106.871922564694898, -6.288479312274539 ], [ 106.872111210904563, -6.2873988899055 ], [ 106.870682889602804, -6.286988150234143 ], [ 106.871006283105089, -6.288925767143415 ], [ 106.871895615236383, -6.291961650083033 ], [ 106.87215612666877, -6.293390294741588 ], [ 106.871904598389222, -6.29512252112046 ], [ 106.871392558677272, -6.296988676064046 ], [ 106.870557125463037, -6.298810179684201 ], [ 106.87016186673803, -6.299381630483217 ], [ 106.866281144710626, -6.304131790892848 ], [ 106.86434976684977, -6.307801527888532 ], [ 106.862777715102567, -6.310337292045453 ], [ 106.862472287905959, -6.311774814805903 ], [ 106.862571102587211, -6.312792685652493 ], [ 106.863020260229277, -6.314337345484242 ], [ 106.864673160352055, -6.318498082567179 ], [ 106.865176216911166, -6.320462367419807 ], [ 106.865203166369682, -6.321167722433247 ], [ 106.86496960439581, -6.3221766462868 ], [ 106.86383772713782, -6.325917683038412 ], [ 106.863810777679291, -6.326506960822227 ], [ 106.864026373347485, -6.327256949757083 ], [ 106.864439598378169, -6.327971223921105 ], [ 106.866766234964061, -6.330390820312942 ], [ 106.867260308370305, -6.331301514173924 ], [ 106.867628617636797, -6.332667551953946 ], [ 106.867978960597611, -6.335917457371356 ], [ 106.868410151933986, -6.337640613204726 ], [ 106.871123064092032, -6.338354873002764 ], [ 106.872757997909119, -6.339551255948633 ], [ 106.872012396223312, -6.339667322803162 ], [ 106.872003413070473, -6.339881600004434 ], [ 106.87237172233695, -6.340247656683962 ], [ 106.872066295140357, -6.340453005439192 ], [ 106.871482390205685, -6.340381579794474 ], [ 106.871257811384652, -6.340827989911642 ], [ 106.871904598389222, -6.340944056478796 ], [ 106.872012396223312, -6.341685096253146 ], [ 106.872434604406848, -6.341988654407397 ], [ 106.87202137937615, -6.343068962859218 ], [ 106.872120194057402, -6.343381448352848 ], [ 106.872515452782423, -6.343568939558088 ], [ 106.872838846284694, -6.343345735734593 ], [ 106.873198172398347, -6.343604652160876 ], [ 106.872587318005145, -6.344720669750958 ], [ 106.871724935332381, -6.345658122658735 ], [ 106.870431361323256, -6.346220593584667 ], [ 106.870422378170417, -6.347068762867278 ], [ 106.869676776484596, -6.347149115674265 ], [ 106.869856439541422, -6.34761337609141 ], [ 106.869766608013009, -6.348077636090081 ], [ 106.868841343270361, -6.348693672749905 ], [ 106.869047955785717, -6.349006154831875 ], [ 106.869021006327188, -6.34928292451755 ], [ 106.869389315593679, -6.349568622101561 ], [ 106.869389315593679, -6.34978289518554 ], [ 106.869308467218104, -6.350032880337475 ], [ 106.868778461200478, -6.350104304644307 ], [ 106.868643713907858, -6.350452497998211 ], [ 106.868526932920929, -6.351247092205961 ], [ 106.868374219322618, -6.351416724518408 ], [ 106.868544899226606, -6.352764853013888 ], [ 106.868329303558411, -6.352943412814676 ], [ 106.868158623654438, -6.353470163866026 ], [ 106.868661680213549, -6.3534790918453 ], [ 106.868985073715834, -6.354005842348296 ], [ 106.869263551453898, -6.353559443651798 ], [ 106.870134917279501, -6.353336244158324 ], [ 106.870278647724959, -6.352657717103675 ], [ 106.870808653742586, -6.352657717103675 ], [ 106.871527305969877, -6.353220180383458 ], [ 106.870844586353954, -6.353389812045587 ], [ 106.870916451576676, -6.353586227584509 ], [ 106.871185946161916, -6.35373800317687 ], [ 106.871940531000575, -6.35380942696955 ], [ 106.872272907655699, -6.35447009658182 ], [ 106.873027492494373, -6.354818286982049 ], [ 106.87318020609267, -6.355568234735978 ], [ 106.874294117044968, -6.355961064075507 ], [ 106.873737161568812, -6.356594947149838 ], [ 106.872811896826164, -6.357121694462341 ], [ 106.872605284310822, -6.357443099337144 ], [ 106.871976463611944, -6.357844855148165 ], [ 106.872120194057402, -6.358666221607153 ], [ 106.871176963009077, -6.359826845888214 ], [ 106.872362739184112, -6.360835694096024 ], [ 106.872964610424475, -6.361076746029582 ], [ 106.873701228957458, -6.360951756152219 ], [ 106.873782077333018, -6.361219591566489 ], [ 106.874069538223935, -6.361380292748054 ], [ 106.875156499717718, -6.361657055776287 ], [ 106.875165482870557, -6.362112375272618 ], [ 106.875443960608649, -6.362148086588601 ], [ 106.876171595988779, -6.362183797902103 ], [ 106.876243461211502, -6.361942746487803 ], [ 106.876638719936523, -6.36199631347853 ], [ 106.877411271080859, -6.361317797850083 ], [ 106.878408401046244, -6.361299942163552 ], [ 106.879118070120683, -6.361469571160542 ], [ 106.878929423911032, -6.363308703006987 ], [ 106.87923485110764, -6.363808660040822 ], [ 106.880276896837202, -6.364076493965949 ], [ 106.880528425116765, -6.363246208343549 ], [ 106.881813015973052, -6.363799732240913 ], [ 106.882684381798654, -6.363683670827975 ], [ 106.883726427528217, -6.3644336056489 ], [ 106.883537781318566, -6.364621089183066 ], [ 106.883798292750967, -6.364987128266836 ], [ 106.88370846122254, -6.365469228125473 ], [ 106.884022871571986, -6.365781700014366 ], [ 106.884427113449846, -6.365897760953247 ], [ 106.885046950995886, -6.365710277885094 ], [ 106.885100849912931, -6.366638764790848 ], [ 106.884418130297007, -6.367085152128733 ], [ 106.884166602017444, -6.367870792900845 ], [ 106.883376084567416, -6.369067107221909 ], [ 106.883421000331623, -6.369933094207253 ], [ 106.883645579152656, -6.370397334051397 ], [ 106.883492865554359, -6.3706830199006 ], [ 106.883672528611172, -6.370781224374531 ], [ 106.883582697082758, -6.370924067212156 ], [ 106.884058804183354, -6.371182969754004 ], [ 106.884058804183354, -6.371450799832244 ], [ 106.88357371392992, -6.371861472347355 ], [ 106.883870157973689, -6.372102519105309 ], [ 106.883915073737896, -6.372486408152692 ], [ 106.887373587581749, -6.372575684634171 ], [ 106.888137155573247, -6.369959877286599 ], [ 106.888891740411921, -6.367977925640261 ], [ 106.88914326869147, -6.367701166017716 ], [ 106.889718190473303, -6.368638577039305 ], [ 106.893266535845569, -6.369959877286599 ], [ 106.895889616475202, -6.371557931824396 ], [ 106.895566222972917, -6.369549203249709 ], [ 106.894614008771754, -6.365674566816733 ], [ 106.894515194090502, -6.364478244591813 ], [ 106.893652811417752, -6.361728478469056 ], [ 106.893527047277971, -6.359639360604874 ], [ 106.892844327662047, -6.356103911033683 ], [ 106.890032600822749, -6.345693835116733 ], [ 106.887400537040278, -6.331739003790964 ], [ 106.88714900876073, -6.329640835927525 ], [ 106.886933413092535, -6.319346297395698 ], [ 106.886753750035709, -6.317596294750892 ], [ 106.884265416698696, -6.305792550998862 ], [ 106.882378954602046, -6.305953269436522 ], [ 106.879405531011614, -6.30659614268895 ], [ 106.879225867954787, -6.306069343832736 ], [ 106.87923485110764, -6.305444327546368 ], [ 106.878174839072372, -6.30492645633837 ], [ 106.87807602439112, -6.304024644896923 ], [ 106.877375338469491, -6.303729993294001 ], [ 106.877249574329724, -6.30232816367856 ], [ 106.875938034014908, -6.301667427387065 ], [ 106.875758370958081, -6.301765644997155 ], [ 106.875731421499552, -6.302069226583513 ], [ 106.875354129080236, -6.302078155451012 ], [ 106.87517446602341, -6.302283519361048 ], [ 106.874860055673963, -6.302203159579844 ], [ 106.874958870355215, -6.301703142883795 ], [ 106.874590561088723, -6.301542423129153 ], [ 106.874572594783046, -6.301122765757327 ], [ 106.874770224145564, -6.300756681389831 ], [ 106.874554628477355, -6.300542387981702 ], [ 106.874581577935885, -6.299881649416245 ], [ 106.873961740389845, -6.300203089904519 ], [ 106.873557498512, -6.300765610279916 ], [ 106.873171222939817, -6.300488814615843 ], [ 106.873036475647211, -6.300256663299876 ], [ 106.873036475647211, -6.299426275050394 ], [ 106.872578334852307, -6.298961971364052 ], [ 106.872677149533558, -6.298658387959964 ], [ 106.87318020609267, -6.29808693636474 ], [ 106.873647330040413, -6.298256586122728 ], [ 106.874078521376774, -6.298176225717961 ], [ 106.87415038659951, -6.297997646996164 ], [ 106.873782077333018, -6.297310118343747 ], [ 106.874401914879058, -6.297185113036399 ], [ 106.87415038659951, -6.296390435735907 ], [ 106.874752257839873, -6.295943987280746 ], [ 106.875192432329087, -6.295827910619535 ], [ 106.875237348093307, -6.29567611802342 ], [ 106.875228364940455, -6.294952870338525 ], [ 106.87466242631146, -6.294631426599743 ], [ 106.873853942555755, -6.294702858558886 ], [ 106.873647330040413, -6.293979609518781 ] ] ] } },
{ "type": "Feature", "properties": { "FID": 7, "Kecamatan": "DUREN SAWIT", "KOTAMADYA": "JAKARTA TIMUR", "ID": "3172070000", "is_in_subd": "DUREN SAWIT", "city": "dki", "source_layer": "Kecamatan", "role": "admin_kec" }, "geometry": { "type": "Polygon", "coordinates": [ [ [ 106.908331283160265, -6.246975197024233 ], [ 106.91229285356323, -6.24801998394287 ], [ 106.914062534672937, -6.248243228740505 ], [ 106.92106939388907, -6.247778879454458 ], [ 106.921114309653277, -6.248573630866228 ], [ 106.92085379822089, -6.249261223810382 ], [ 106.921222107487381, -6.250252427633198 ], [ 106.921087360194747, -6.250538179737884 ], [ 106.920620236247004, -6.250573898739995 ], [ 106.920710067775431, -6.252618807543705 ], [ 106.920512438412914, -6.252850980090222 ], [ 106.920799899303844, -6.253815388026154 ], [ 106.921051427583393, -6.253860036498624 ], [ 106.921527534683975, -6.25437795850063 ], [ 106.921868894491951, -6.255306644943462 ], [ 106.922470765732299, -6.255244137253904 ], [ 106.9223809342039, -6.254878020636395 ], [ 106.924923166457944, -6.254806583217714 ], [ 106.925075880056241, -6.254699427071389 ], [ 106.925057913750564, -6.254449395977881 ], [ 106.9254801219341, -6.254476185029334 ], [ 106.92550707139263, -6.254913739342074 ], [ 106.925812498589224, -6.254931598693998 ], [ 106.92588436381196, -6.254404747555742 ], [ 106.926809628554594, -6.254369028815286 ], [ 106.927043190528465, -6.254431536609483 ], [ 106.927070139986995, -6.254708356751088 ], [ 106.92733963457222, -6.254699427071389 ], [ 106.92733963457222, -6.254449395977881 ], [ 106.928543377052947, -6.254672638031376 ], [ 106.928947618930806, -6.254047560041362 ], [ 106.93022322663424, -6.254342239758342 ], [ 106.931265272363831, -6.254074349113405 ], [ 106.931292221822346, -6.253770739549871 ], [ 106.931570699560439, -6.25370823167667 ], [ 106.932010874049652, -6.253976122509202 ], [ 106.932549863220132, -6.253967192816996 ], [ 106.932639694748545, -6.253797528636099 ], [ 106.935011247098615, -6.253860036498624 ], [ 106.934966331334408, -6.253342113983568 ], [ 106.935990410758308, -6.253556426810641 ], [ 106.936008377063985, -6.253315324874007 ], [ 106.940751481764138, -6.253717161373299 ], [ 106.941146740489145, -6.253154590187822 ], [ 106.941434201380062, -6.253047433702916 ], [ 106.941568948672682, -6.252645596688948 ], [ 106.942700825930672, -6.252609877828319 ], [ 106.943401511852286, -6.252350916015792 ], [ 106.943994399939811, -6.252341986295832 ], [ 106.943778804271616, -6.251065034771688 ], [ 106.943805753730132, -6.249734501545627 ], [ 106.944084231468224, -6.249591625293307 ], [ 106.94421897876083, -6.248002124354946 ], [ 106.944506439651761, -6.247430617219546 ], [ 106.944605254333013, -6.2467251622387 ], [ 106.944632203791528, -6.245894688701059 ], [ 106.94421897876083, -6.245787530729269 ], [ 106.944290843983566, -6.24505528400168 ], [ 106.945341872865981, -6.24484989754052 ], [ 106.945503569617117, -6.244510563210791 ], [ 106.945422721241556, -6.244037280752084 ], [ 106.944793900542663, -6.244010491166158 ], [ 106.94400338309265, -6.243590787474401 ], [ 106.943796770577293, -6.243305031576906 ], [ 106.943536259144906, -6.242215585787452 ], [ 106.943536259144906, -6.241715511551572 ], [ 106.943904568411398, -6.241724441452828 ], [ 106.943958467328443, -6.24095646938851 ], [ 106.94381473688297, -6.240697501810692 ], [ 106.943751854813087, -6.238661476395404 ], [ 106.942925404751705, -6.238625756580673 ], [ 106.942826590070453, -6.237732760421247 ], [ 106.944686102708573, -6.236768322860402 ], [ 106.945341872865981, -6.236911202611 ], [ 106.946321036525674, -6.233785699177623 ], [ 106.947201385504101, -6.22976716739903 ], [ 106.946994772988759, -6.228159746071825 ], [ 106.947461896936503, -6.225998649642708 ], [ 106.948854285626894, -6.222346197861183 ], [ 106.948872251932571, -6.221935407074861 ], [ 106.949051914989397, -6.222024709447029 ], [ 106.94927649381043, -6.221685360352063 ], [ 106.949456156867242, -6.221738941802679 ], [ 106.950067011260444, -6.220283310452862 ], [ 106.950713798265028, -6.219908239145173 ], [ 106.950938377086047, -6.219408143652 ], [ 106.951351602116745, -6.219068792867861 ], [ 106.95078566348775, -6.219158095727028 ], [ 106.949240561199062, -6.218881256814243 ], [ 106.945638316909751, -6.218568696576238 ], [ 106.942673876472142, -6.218041808897322 ], [ 106.939511806672044, -6.217800690630899 ], [ 106.938757221833384, -6.217488129750629 ], [ 106.938281114732803, -6.217595293501934 ], [ 106.931471884879187, -6.216720122227291 ], [ 106.924626722414189, -6.216041416970957 ], [ 106.914754237441713, -6.214585769849853 ], [ 106.904190049700475, -6.21360342902599 ], [ 106.900713569550916, -6.213639150542624 ], [ 106.900812384232182, -6.213317656805632 ], [ 106.895763852335435, -6.213228352954946 ], [ 106.89581775125248, -6.21532698943933 ], [ 106.896159111060442, -6.215871740520046 ], [ 106.896150127907589, -6.216246814706729 ], [ 106.895835717558157, -6.21703268356398 ], [ 106.895287745234839, -6.216979101633739 ], [ 106.89503621695529, -6.21797929676479 ], [ 106.895161981095072, -6.218399020940658 ], [ 106.895916565933732, -6.218747302449277 ], [ 106.895979448003615, -6.219184886581821 ], [ 106.896239959436016, -6.219470655614662 ], [ 106.895988431156454, -6.221453174002944 ], [ 106.895206896859278, -6.221676430109764 ], [ 106.894883503356994, -6.222051500155721 ], [ 106.894254682658101, -6.222301546704312 ], [ 106.893670777723429, -6.22284629055894 ], [ 106.893580946195016, -6.22306061585514 ], [ 106.894245699505262, -6.223248150417604 ], [ 106.891649568334159, -6.227239941654038 ], [ 106.89097583187106, -6.227293522538107 ], [ 106.890841084578454, -6.227775750248681 ], [ 106.890293112255137, -6.22784719135332 ], [ 106.890221247032414, -6.228016863937881 ], [ 106.890499724770478, -6.228365139071242 ], [ 106.890347011172182, -6.228659833234395 ], [ 106.890508707923317, -6.228838435677009 ], [ 106.890194297573885, -6.229392102862942 ], [ 106.890023617669911, -6.231070961082088 ], [ 106.891658551486998, -6.232562282761523 ], [ 106.892296355338729, -6.234848372435018 ], [ 106.892565849923955, -6.23503590278634 ], [ 106.892898226579092, -6.234982322692805 ], [ 106.892862293967724, -6.23588425353777 ], [ 106.893059923330227, -6.236152153489921 ], [ 106.892970091801814, -6.236455773270219 ], [ 106.892224490115993, -6.237170172059708 ], [ 106.892215506963154, -6.237554161006805 ], [ 106.892862293967724, -6.237911359774839 ], [ 106.892071776517696, -6.239072254089846 ], [ 106.892035843906328, -6.239429451823304 ], [ 106.893931289155816, -6.239831298982424 ], [ 106.89918643356792, -6.243930122400158 ], [ 106.900686620092401, -6.244421264666417 ], [ 106.901324423944118, -6.244796318450446 ], [ 106.905914815045989, -6.246332250191556 ], [ 106.908331283160265, -6.246975197024233 ] ] ] } },
{ "type": "Feature", "properties": { "FID": 8, "Kecamatan": "GAMBIR", "KOTAMADYA": "JAKARTA PUSAT", "ID": "3173080000", "is_in_subd": "GAMBIR", "city": "dki", "source_layer": "Kecamatan", "role": "admin_kec" }, "geometry": { "type": "Polygon", "coordinates": [ [ [ 106.804495019468888, -6.161822548622002 ], [ 106.803902131381363, -6.161804686112656 ], [ 106.803381108516575, -6.161509954621639 ], [ 106.801629393712545, -6.160179195245666 ], [ 106.80139583173866, -6.157231863947313 ], [ 106.801279050751731, -6.158830569924269 ], [ 106.80077599419262, -6.159911256712795 ], [ 106.800174122952271, -6.160482858752767 ], [ 106.798224778785737, -6.161340260658625 ], [ 106.79953631910054, -6.164662679959541 ], [ 106.800497516454556, -6.166198845290183 ], [ 106.80986694486792, -6.179693687729383 ], [ 106.810361018274179, -6.185025440002978 ], [ 106.81447530227544, -6.181721010252986 ], [ 106.815059207210126, -6.181560253684481 ], [ 106.816047354022658, -6.181604908291744 ], [ 106.8175385573943, -6.182256865128505 ], [ 106.821670807701253, -6.183373227708898 ], [ 106.823251842601294, -6.183498260171161 ], [ 106.833232125407875, -6.18264982502554 ], [ 106.83565757667499, -6.182158625108631 ], [ 106.836358262596605, -6.181944283183755 ], [ 106.836609790876153, -6.181595977370592 ], [ 106.835370115784073, -6.181024398103315 ], [ 106.83517248642157, -6.180827917587564 ], [ 106.835118587504525, -6.180461749158958 ], [ 106.836043852247158, -6.17943469001922 ], [ 106.836528942500578, -6.179247139874109 ], [ 106.836744538168773, -6.178961349048985 ], [ 106.836969116989806, -6.177987872892784 ], [ 106.836843352850025, -6.177737805334263 ], [ 106.836555891959108, -6.177711012374557 ], [ 106.836268431068191, -6.177978941910585 ], [ 106.835091638045995, -6.178470145707722 ], [ 106.834723328779504, -6.17824687131099 ], [ 106.834534682569839, -6.177728874347846 ], [ 106.834929941294845, -6.176541051811606 ], [ 106.834471800499955, -6.174915606127758 ], [ 106.834238238526083, -6.174790571637722 ], [ 106.833402805311849, -6.175639019383451 ], [ 106.832917715058429, -6.1759426740358 ], [ 106.832441607957847, -6.175889087933332 ], [ 106.832091264997032, -6.175639019383451 ], [ 106.832046349232826, -6.175237123252296 ], [ 106.832360759582272, -6.174004639881558 ], [ 106.833007546586842, -6.172575670064457 ], [ 106.832944664516944, -6.172432772870743 ], [ 106.831417528533947, -6.17228094456019 ], [ 106.829998190385041, -6.173013292480437 ], [ 106.829764628411155, -6.172620325429589 ], [ 106.829764628411155, -6.171977287808552 ], [ 106.830061072454924, -6.171441422528187 ], [ 106.829647847424226, -6.171289593933557 ], [ 106.829486150673091, -6.170977005513514 ], [ 106.829540049590136, -6.170575105845375 ], [ 106.829809544175362, -6.169744512232067 ], [ 106.830797690987907, -6.168083321100775 ], [ 106.830474297485623, -6.168065458802259 ], [ 106.830150903983338, -6.164903822486056 ], [ 106.82849800386056, -6.162617429679248 ], [ 106.82583000746672, -6.161402779493416 ], [ 106.820655711430192, -6.159554005125274 ], [ 106.819056710224473, -6.159687974498767 ], [ 106.814080043550447, -6.160527515136217 ], [ 106.811016788431587, -6.160786522086153 ], [ 106.805950290229148, -6.161751098581008 ], [ 106.804495019468888, -6.161822548622002 ] ] ] } },
{ "type": "Feature", "properties": { "FID": 9, "Kecamatan": "GROGOL PETAMBURAN", "KOTAMADYA": "JAKARTA BARAT", "ID": "3174040000", "is_in_subd": "GROGOL PETAMBURAN", "city": "dki", "source_layer": "Kecamatan", "role": "admin_kec" }, "geometry": { "type": "Polygon", "coordinates": [ [ [ 106.79964411693463, -6.164805579247746 ], [ 106.794811180706077, -6.153221680855113 ], [ 106.794577618732205, -6.15310557265328 ], [ 106.792089285395193, -6.148371908986165 ], [ 106.78898111451214, -6.143289872231983 ], [ 106.778120482727132, -6.144191959627532 ], [ 106.777419796805518, -6.14434379596953 ], [ 106.775209941206583, -6.145308402306931 ], [ 106.774599086813382, -6.145996129831646 ], [ 106.767735958042707, -6.15782133151571 ], [ 106.768822919536504, -6.158794844703617 ], [ 106.769622420139356, -6.160956216226205 ], [ 106.770107510392791, -6.161358123183603 ], [ 106.779000831705574, -6.164877028877412 ], [ 106.780222540491977, -6.164957409699283 ], [ 106.780330338326067, -6.166047015194019 ], [ 106.779872197531162, -6.166154189384059 ], [ 106.779476938806155, -6.166395331232456 ], [ 106.779432023041949, -6.166573954753168 ], [ 106.779584736640246, -6.167181274273529 ], [ 106.779827281766956, -6.180104511423418 ], [ 106.781120855776095, -6.182685548638065 ], [ 106.782728840134681, -6.185418397842668 ], [ 106.784336824493238, -6.185186195518153 ], [ 106.788972131359301, -6.184962923956099 ], [ 106.791622161447449, -6.183980527962975 ], [ 106.792268948452019, -6.1835250528378 ], [ 106.793059465902047, -6.182667686832104 ], [ 106.794999826915742, -6.180095580476941 ], [ 106.79915902668121, -6.177728874347846 ], [ 106.802698388900652, -6.175201399136987 ], [ 106.804126710202397, -6.174460123200523 ], [ 106.805474183128581, -6.173441983476171 ], [ 106.79964411693463, -6.164805579247746 ] ] ] } },
{ "type": "Feature", "properties": { "FID": 10, "Kecamatan": "JAGAKARSA", "KOTAMADYA": "JAKARTA SELATAN", "ID": "3171010000", "is_in_subd": "JAGAKARSA", "city": "dki", "source_layer": "Kecamatan", "role": "admin_kec" }, "geometry": { "type": "MultiPolygon", "coordinates": [ [ [ [ 106.848916710268597, -6.29769406302813 ], [ 106.844874291490058, -6.296908315463027 ], [ 106.844488015917875, -6.296774381100358 ], [ 106.843616650092287, -6.296024348031 ], [ 106.840634243349015, -6.295140379094281 ], [ 106.840283900388201, -6.296801167975656 ], [ 106.839879658510355, -6.302542456349136 ], [ 106.837750651286981, -6.301979937900082 ], [ 106.837148780046618, -6.302104942052582 ], [ 106.837355392561975, -6.305471113974094 ], [ 106.837184712657987, -6.307774741581215 ], [ 106.836717588710258, -6.309962285451971 ], [ 106.836618774028992, -6.311569454655775 ], [ 106.83592707126023, -6.316212359897507 ], [ 106.835424014701118, -6.317283793655845 ], [ 106.835235368491453, -6.318355225196089 ], [ 106.834750278238033, -6.318319510847154 ], [ 106.834328070054482, -6.318069510335592 ], [ 106.833807047189708, -6.318355225196089 ], [ 106.83197448401009, -6.321319507563539 ], [ 106.8298185273282, -6.32102486579934 ], [ 106.82960293166002, -6.321087365581529 ], [ 106.82909089194807, -6.321908790588382 ], [ 106.825362883518991, -6.321524863845386 ], [ 106.825461698200243, -6.320301653484734 ], [ 106.825138304697944, -6.319846297064213 ], [ 106.825021523711015, -6.318515939735792 ], [ 106.824796944889997, -6.317837366895281 ], [ 106.823665067631993, -6.317730223733862 ], [ 106.823692017090522, -6.317462365733263 ], [ 106.823521337186534, -6.317390936909689 ], [ 106.822048100120583, -6.317551651748866 ], [ 106.820583846207455, -6.317507008742989 ], [ 106.818176361246032, -6.317132007341595 ], [ 106.81767330468692, -6.317239150626863 ], [ 106.816406680136311, -6.316846291805778 ], [ 106.81654142742893, -6.316069501895492 ], [ 106.816289899149382, -6.315980215624212 ], [ 106.816424646441988, -6.315355211294058 ], [ 106.816244983385175, -6.310873015279589 ], [ 106.81611921924538, -6.310658726052409 ], [ 106.814897510458991, -6.310792656829784 ], [ 106.811636625977627, -6.31073015580465 ], [ 106.811582727060582, -6.309899784326669 ], [ 106.811322215628195, -6.309140841489313 ], [ 106.810594580248065, -6.307989032000989 ], [ 106.810253220440089, -6.306962222934807 ], [ 106.808699134998562, -6.307087225886381 ], [ 106.80849252248322, -6.306899721447716 ], [ 106.808339808884924, -6.307230086365554 ], [ 106.808618286622988, -6.30823903737875 ], [ 106.808402690954807, -6.308587258953955 ], [ 106.807728954491722, -6.309006910284985 ], [ 106.807926583854226, -6.309703352169501 ], [ 106.808258960509335, -6.309980142914958 ], [ 106.808375741496278, -6.310337292045453 ], [ 106.808321842579232, -6.310748013241172 ], [ 106.807971499618432, -6.310998017287846 ], [ 106.807863701784328, -6.311337308301076 ], [ 106.808366758343439, -6.312756970919807 ], [ 106.808079297452522, -6.312890901154677 ], [ 106.807917600701387, -6.313364121040499 ], [ 106.808258960509335, -6.313390907058841 ], [ 106.808977612736641, -6.314024842421859 ], [ 106.809175242099144, -6.315051637490013 ], [ 106.809058461112215, -6.315890929337532 ], [ 106.808474556177529, -6.316149859526477 ], [ 106.808447606719014, -6.316685576747569 ], [ 106.807719971338884, -6.317480222937616 ], [ 106.807702005033192, -6.318230224964033 ], [ 106.808025398535477, -6.318810582928936 ], [ 106.80758522404625, -6.319060583082452 ], [ 106.807333695766701, -6.319524868761355 ], [ 106.807477426212159, -6.320069511045923 ], [ 106.807288780002494, -6.320899866212307 ], [ 106.806641992997939, -6.321194508047711 ], [ 106.806228767967241, -6.322042718454933 ], [ 106.806201818508711, -6.322587358088248 ], [ 106.805959273381987, -6.322935570012216 ], [ 106.806363515259847, -6.323685564128919 ], [ 106.806022155451899, -6.323792706056781 ], [ 106.805492149434258, -6.323551636687867 ], [ 106.804998076027999, -6.323703421118437 ], [ 106.805034008639353, -6.324185559602311 ], [ 106.804530952080256, -6.324506985008425 ], [ 106.804584850997301, -6.325042693574495 ], [ 106.804090777591028, -6.325256976845471 ], [ 106.804216541730796, -6.326783742579675 ], [ 106.804099760743867, -6.327060524188877 ], [ 106.803560771573402, -6.327301591921262 ], [ 106.803372125363737, -6.327685514373984 ], [ 106.803452973739311, -6.32990868761876 ], [ 106.803102630778497, -6.330480104095805 ], [ 106.802626523677915, -6.330676528363778 ], [ 106.802123467118818, -6.331301514173924 ], [ 106.801629393712545, -6.331319370900243 ], [ 106.801306000210261, -6.331569365003864 ], [ 106.801413798044351, -6.332033639446625 ], [ 106.801853972533564, -6.332381845004736 ], [ 106.801800073616519, -6.333363961980242 ], [ 106.80119820237617, -6.333685381675515 ], [ 106.799958527284076, -6.333346105324638 ], [ 106.799706999004528, -6.33350681520285 ], [ 106.799401571807934, -6.3333996752896 ], [ 106.799563268559069, -6.333926446315631 ], [ 106.799275807668153, -6.334212152409981 ], [ 106.798880548943131, -6.336319229971337 ], [ 106.798629020663583, -6.336712073988823 ], [ 106.798961397318706, -6.337194200328749 ], [ 106.798736818497687, -6.338274518824859 ], [ 106.799832763144309, -6.339613753488933 ], [ 106.800066325118181, -6.340461933644087 ], [ 106.799931577825561, -6.3408726309021 ], [ 106.800165139799418, -6.340944056478796 ], [ 106.80015615664658, -6.341113692183795 ], [ 106.799760897921587, -6.341238686878079 ], [ 106.799482420183494, -6.341783306263787 ], [ 106.799698015851675, -6.342497560323788 ], [ 106.799500386489186, -6.34272076451458 ], [ 106.799527335947701, -6.34304217837952 ], [ 106.799042245694281, -6.343202885236829 ], [ 106.798934447860177, -6.343970706196778 ], [ 106.798332576619828, -6.344238550448564 ], [ 106.798215795632885, -6.344649244697584 ], [ 106.797533076016961, -6.344756382273932 ], [ 106.797326463501605, -6.345167076110235 ], [ 106.79729951404309, -6.34584561303561 ], [ 106.796823406942494, -6.346372371348355 ], [ 106.796500013440223, -6.346604501959266 ], [ 106.796221535702145, -6.346577717663346 ], [ 106.79592509165839, -6.346425939960157 ], [ 106.795691529684504, -6.345997390909774 ], [ 106.795475934016324, -6.345970606582289 ], [ 106.794514736662308, -6.346595573860781 ], [ 106.794218292618567, -6.346622358155773 ], [ 106.794191343160037, -6.346800920086798 ], [ 106.793346926792964, -6.347568735684868 ], [ 106.792619291412819, -6.347979427279109 ], [ 106.7923947125918, -6.348452615014256 ], [ 106.792745055552601, -6.348809737545342 ], [ 106.793077432207724, -6.349586478195299 ], [ 106.792888785998059, -6.349711470834122 ], [ 106.793050482749209, -6.350095376606495 ], [ 106.793562522461158, -6.349809679314767 ], [ 106.793724219212294, -6.350452497998211 ], [ 106.794029646408887, -6.350675698742236 ], [ 106.793939814880474, -6.35136315642578 ], [ 106.793194213194667, -6.351702420918275 ], [ 106.792493527273052, -6.352416661224156 ], [ 106.792718106094071, -6.352818420960629 ], [ 106.793319977334434, -6.353184468447462 ], [ 106.793248112111712, -6.353925490611507 ], [ 106.793733202365132, -6.354050482196646 ], [ 106.794002696950358, -6.354300465275831 ], [ 106.794029646408887, -6.354523664351039 ], [ 106.793355909945802, -6.354836142893657 ], [ 106.793005566985002, -6.355300396377936 ], [ 106.793221162653182, -6.356978847786841 ], [ 106.792978617526472, -6.357157406125017 ], [ 106.792906752303736, -6.357826999341007 ], [ 106.792646240871349, -6.35788056676062 ], [ 106.792493527273052, -6.358121620079825 ], [ 106.792673190329864, -6.35890727455803 ], [ 106.793706252906617, -6.360148249071994 ], [ 106.793679303448087, -6.3605678584817 ], [ 106.79352658984979, -6.360674992744178 ], [ 106.793634387683881, -6.36138922059 ], [ 106.793463707779893, -6.361871323824814 ], [ 106.793535573002629, -6.362273076175001 ], [ 106.793050482749209, -6.363246208343549 ], [ 106.793095398513415, -6.363460475729402 ], [ 106.793625404531042, -6.363781876640629 ], [ 106.793805067587869, -6.364388966702108 ], [ 106.794550669273676, -6.364299688796886 ], [ 106.794757281789032, -6.364924633807584 ], [ 106.798179863021531, -6.365013911604186 ], [ 106.798269694549944, -6.364522883530847 ], [ 106.798431391301079, -6.3644336056489 ], [ 106.800326836550582, -6.364460389015113 ], [ 106.801243118140363, -6.364308616588105 ], [ 106.803300260141015, -6.363576537192762 ], [ 106.805483166281419, -6.363451547923442 ], [ 106.807145049557036, -6.363522970366777 ], [ 106.807827769172974, -6.363835443439618 ], [ 106.810576613942374, -6.364201483083222 ], [ 106.810657462317948, -6.36299622961378 ], [ 106.811178485182737, -6.36277303421657 ], [ 106.813801565812355, -6.359987547505222 ], [ 106.813792582659516, -6.359210822557625 ], [ 106.814636999026604, -6.35943401950181 ], [ 106.814888527306138, -6.358353745391515 ], [ 106.815265819725482, -6.358532303252276 ], [ 106.816146168703909, -6.356211046226281 ], [ 106.818886030320471, -6.356907424434212 ], [ 106.819245356434124, -6.356202118294418 ], [ 106.820008924425622, -6.356630658849089 ], [ 106.820188587482463, -6.356389604831021 ], [ 106.820853340792709, -6.356782433543244 ], [ 106.821742672923975, -6.354157617816884 ], [ 106.821697757159768, -6.353604083538874 ], [ 106.82155402671431, -6.353648723422079 ], [ 106.823045230085953, -6.349702542789498 ], [ 106.825686277021262, -6.35055963436742 ], [ 106.823961511675748, -6.356103911033683 ], [ 106.827932065231565, -6.356094983099959 ], [ 106.830240735511751, -6.355925352329766 ], [ 106.830824640446423, -6.356041415494363 ], [ 106.831884652481691, -6.35579143326115 ], [ 106.832190079678298, -6.354702223541489 ], [ 106.833088394962402, -6.355193260995674 ], [ 106.835199435880085, -6.355014701975652 ], [ 106.835998936482952, -6.354532592312034 ], [ 106.835828256578978, -6.352764853013888 ], [ 106.835477913618163, -6.352220245238845 ], [ 106.835612660910783, -6.351934549126403 ], [ 106.837966246955176, -6.35212203721808 ], [ 106.839161006283064, -6.351979189154426 ], [ 106.839376601951244, -6.351648852855379 ], [ 106.839412534562598, -6.351220308151517 ], [ 106.839035242143282, -6.350390001772544 ], [ 106.83816387631768, -6.349470413574937 ], [ 106.838181842623356, -6.348175844882324 ], [ 106.837705735522775, -6.347175899940473 ], [ 106.837741668134143, -6.346908057215702 ], [ 106.839259820964301, -6.34626523410804 ], [ 106.839547281855232, -6.345729547572256 ], [ 106.839816776440458, -6.344747454143421 ], [ 106.839789826981942, -6.34405105948693 ], [ 106.839529315549555, -6.343568939558088 ], [ 106.838631000265423, -6.343256454178131 ], [ 106.837669802911421, -6.343568939558088 ], [ 106.83678945393298, -6.344988513612934 ], [ 106.836187582692631, -6.345229572969671 ], [ 106.835540795688061, -6.345122435491711 ], [ 106.834947907600537, -6.344515322695824 ], [ 106.83538808208975, -6.344390328796114 ], [ 106.835567745146577, -6.343792143284916 ], [ 106.836726571863096, -6.342140433417492 ], [ 106.838298623610299, -6.341086907602505 ], [ 106.838577101348378, -6.341176189534725 ], [ 106.838999309531914, -6.34185473171432 ], [ 106.839439484021128, -6.342185074294309 ], [ 106.840355765610937, -6.342497560323788 ], [ 106.840616277043338, -6.342497560323788 ], [ 106.840876788475725, -6.342247571515359 ], [ 106.840921704239932, -6.341631527148547 ], [ 106.840571361279117, -6.340952984675188 ], [ 106.839421517715451, -6.341015482045598 ], [ 106.839187955741579, -6.340336938761503 ], [ 106.839538298702394, -6.339533399507157 ], [ 106.840167119401272, -6.338854854272911 ], [ 106.840355765610937, -6.338283447067467 ], [ 106.84020305201264, -6.33733705249109 ], [ 106.84044559713935, -6.336310301694736 ], [ 106.839933557427401, -6.335971027069428 ], [ 106.839655079689322, -6.335301405443819 ], [ 106.839996439497284, -6.332738978666544 ], [ 106.840176102554111, -6.332221134776328 ], [ 106.840355765610937, -6.332149707992087 ], [ 106.842134429873497, -6.33225684816474 ], [ 106.84260155382124, -6.332185421385443 ], [ 106.843526818563888, -6.331676505296937 ], [ 106.843419020729783, -6.331426511245185 ], [ 106.843077660921821, -6.331230087262476 ], [ 106.841918834205302, -6.331015806468852 ], [ 106.84144272710472, -6.330462247340467 ], [ 106.840517462362072, -6.329774761790505 ], [ 106.840238984624008, -6.3290515617179 ], [ 106.840589327584794, -6.32881942320833 ], [ 106.840975603156977, -6.327319448785853 ], [ 106.841263064047894, -6.326792671020995 ], [ 106.841640356467224, -6.326792671020995 ], [ 106.842017648886554, -6.327623015389492 ], [ 106.842215278249057, -6.327712299650739 ], [ 106.842996812546247, -6.327114094805793 ], [ 106.843248340825795, -6.326739100370759 ], [ 106.843248340825795, -6.326373034112179 ], [ 106.842942913629201, -6.325498045419135 ], [ 106.841748154301328, -6.324042703802113 ], [ 106.841631373314385, -6.323649850148031 ], [ 106.840176102554111, -6.32284628492586 ], [ 106.840230001471156, -6.322185574807691 ], [ 106.840742041183105, -6.321935576164466 ], [ 106.840921704239932, -6.321507006780638 ], [ 106.840670175960383, -6.321337364634762 ], [ 106.839223888352947, -6.321783791214977 ], [ 106.838559135042701, -6.321382007310124 ], [ 106.838370488833036, -6.321042722880737 ], [ 106.838478286667126, -6.320596295660892 ], [ 106.839466433479657, -6.319105225954297 ], [ 106.840104237331389, -6.31855165407117 ], [ 106.842718334808168, -6.318024867374389 ], [ 106.843562751175241, -6.318498082567179 ], [ 106.844092757192882, -6.318221296374873 ], [ 106.844173605568443, -6.317346293889949 ], [ 106.844074790887191, -6.316765934282912 ], [ 106.844955139865618, -6.316587361965209 ], [ 106.845754640468499, -6.317007006814082 ], [ 106.846167865499183, -6.317033792643948 ], [ 106.846670922058294, -6.316578433347707 ], [ 106.847039231324786, -6.315837357558133 ], [ 106.847703984635032, -6.315274853539723 ], [ 106.848350771639602, -6.315069494777532 ], [ 106.848970609185642, -6.315614141750959 ], [ 106.84897959233848, -6.316060573269056 ], [ 106.848548401002105, -6.317239150626863 ], [ 106.847901613997536, -6.317676652144832 ], [ 106.847075163936154, -6.31770343794004 ], [ 106.846868551420812, -6.317828438299343 ], [ 106.846886517726489, -6.318132010474805 ], [ 106.847191944923082, -6.318301653671762 ], [ 106.84814415912426, -6.318355225196089 ], [ 106.848934676574274, -6.318765940031669 ], [ 106.849258070076559, -6.31877486861143 ], [ 106.849401800522017, -6.318614154152149 ], [ 106.849473665744753, -6.317587366150795 ], [ 106.85011146959647, -6.317078435690643 ], [ 106.851584706662436, -6.316373075102646 ], [ 106.851764369719248, -6.316140930901428 ], [ 106.851737420260733, -6.315703428085377 ], [ 106.851333178382873, -6.315069494777532 ], [ 106.851207414243092, -6.314533775884063 ], [ 106.851503858286861, -6.31371233917088 ], [ 106.852213527361315, -6.312658755392224 ], [ 106.852294375736889, -6.31139980925296 ], [ 106.852536920863599, -6.310908730142169 ], [ 106.852779465990309, -6.310962302431422 ], [ 106.854594062864223, -6.312319465244547 ], [ 106.854863557449477, -6.312658755392224 ], [ 106.854809658532417, -6.313676624501618 ], [ 106.855177967798909, -6.313881983816241 ], [ 106.856130182000072, -6.313444479091369 ], [ 106.857935795721147, -6.311792672206414 ], [ 106.858402919668904, -6.311158734111286 ], [ 106.858375970210375, -6.310917658857429 ], [ 106.857998677791045, -6.310587296290319 ], [ 106.857271042410915, -6.310712298367513 ], [ 106.85702849728419, -6.310578367569365 ], [ 106.856821884768848, -6.310096216409373 ], [ 106.857019514131352, -6.308980124039966 ], [ 106.857774098970012, -6.307721168962429 ], [ 106.857459688620565, -6.306676501789454 ], [ 106.857558503301817, -6.30631042134184 ], [ 106.857729183205805, -6.306069343832736 ], [ 106.858573599572878, -6.305730049370763 ], [ 106.858555633267201, -6.305480042783028 ], [ 106.858268172376285, -6.305024673331354 ], [ 106.855465428689826, -6.303846068187862 ], [ 106.854612029169914, -6.303122831887419 ], [ 106.854450332418779, -6.302390665716621 ], [ 106.855079153117657, -6.301087050220648 ], [ 106.85481864168527, -6.299524493084666 ], [ 106.854288635667629, -6.299479848525937 ], [ 106.853102859492594, -6.299810218169592 ], [ 106.852968112199974, -6.298551240833777 ], [ 106.850345031570342, -6.297649418311977 ], [ 106.849985705456703, -6.297774423507533 ], [ 106.849841975011245, -6.297622631480442 ], [ 106.848916710268597, -6.29769406302813 ] ] ], [ [ [ 106.812049851008325, -6.327123023241405 ], [ 106.812085783619693, -6.327123023241405 ], [ 106.812085783619693, -6.327123023241405 ], [ 106.812049851008325, -6.327123023241405 ] ] ] ] } },
{ "type": "Feature", "properties": { "FID": 11, "Kecamatan": "JATINEGARA", "KOTAMADYA": "JAKARTA TIMUR", "ID": "3172060000", "is_in_subd": "JATINEGARA", "city": "dki", "source_layer": "Kecamatan", "role": "admin_kec" }, "geometry": { "type": "Polygon", "coordinates": [ [ [ 106.884525928131097, -6.239581260786299 ], [ 106.889942769294322, -6.23935801229609 ], [ 106.892035843906328, -6.239429451823304 ], [ 106.892071776517696, -6.239072254089846 ], [ 106.892862293967724, -6.237911359774839 ], [ 106.892215506963154, -6.237554161006805 ], [ 106.892224490115993, -6.237170172059708 ], [ 106.892970091801814, -6.236455773270219 ], [ 106.893059923330227, -6.236152153489921 ], [ 106.892862293967724, -6.23588425353777 ], [ 106.892898226579092, -6.234982322692805 ], [ 106.892565849923955, -6.23503590278634 ], [ 106.892296355338729, -6.234848372435018 ], [ 106.891658551486998, -6.232562282761523 ], [ 106.890023617669911, -6.231070961082088 ], [ 106.890194297573885, -6.229392102862942 ], [ 106.890508707923317, -6.228838435677009 ], [ 106.890347011172182, -6.228659833234395 ], [ 106.890499724770478, -6.228365139071242 ], [ 106.890221247032414, -6.228016863937881 ], [ 106.890293112255137, -6.22784719135332 ], [ 106.890841084578454, -6.227775750248681 ], [ 106.89097583187106, -6.227293522538107 ], [ 106.891649568334159, -6.227239941654038 ], [ 106.894245699505262, -6.223248150417604 ], [ 106.893580946195016, -6.22306061585514 ], [ 106.893670777723429, -6.22284629055894 ], [ 106.894254682658101, -6.222301546704312 ], [ 106.894883503356994, -6.222051500155721 ], [ 106.895206896859278, -6.221676430109764 ], [ 106.895988431156454, -6.221453174002944 ], [ 106.896239959436016, -6.219470655614662 ], [ 106.895979448003615, -6.219184886581821 ], [ 106.895916565933732, -6.218747302449277 ], [ 106.895161981095072, -6.218399020940658 ], [ 106.89503621695529, -6.21797929676479 ], [ 106.895287745234839, -6.216979101633739 ], [ 106.895835717558157, -6.21703268356398 ], [ 106.896150127907589, -6.216246814706729 ], [ 106.896159111060442, -6.215871740520046 ], [ 106.89581775125248, -6.21532698943933 ], [ 106.895763852335435, -6.213228352954946 ], [ 106.891200410692107, -6.21321049218299 ], [ 106.889852937765923, -6.213442682171133 ], [ 106.88790359359939, -6.214201764109755 ], [ 106.886735783730032, -6.214299998162967 ], [ 106.875560741595578, -6.214907262812078 ], [ 106.86809574158454, -6.215068009219525 ], [ 106.867179459994745, -6.214907262812078 ], [ 106.863918575513395, -6.211995958268077 ], [ 106.862589068892888, -6.211531576912953 ], [ 106.861088882368421, -6.211978097454302 ], [ 106.858178340847857, -6.213228352954946 ], [ 106.85832207129333, -6.213505194842745 ], [ 106.85821427345924, -6.213657011300032 ], [ 106.857513587537611, -6.21378203658491 ], [ 106.856776969004642, -6.214764377075341 ], [ 106.856291878751207, -6.216291466377806 ], [ 106.857333924480798, -6.217461338809391 ], [ 106.857666301135922, -6.217577432878234 ], [ 106.858546650114349, -6.216327187711938 ], [ 106.858735296324014, -6.216264675375615 ], [ 106.859867173582003, -6.217113056449106 ], [ 106.860487011128058, -6.217273802182512 ], [ 106.862454321600282, -6.216264675375615 ], [ 106.863128058063367, -6.216103929333812 ], [ 106.86348738417702, -6.216220023702263 ], [ 106.86359518201111, -6.216496864015941 ], [ 106.86255313628152, -6.217434547866789 ], [ 106.860999050839993, -6.219515307012012 ], [ 106.860172600778611, -6.220926289214858 ], [ 106.860109718708728, -6.221372801781273 ], [ 106.860522943739426, -6.221694290594212 ], [ 106.861008033992832, -6.221801453488157 ], [ 106.861493124246266, -6.221694290594212 ], [ 106.861708719914461, -6.221506755477229 ], [ 106.86173566937299, -6.221122754790812 ], [ 106.861295494883763, -6.220381543370177 ], [ 106.861672787303092, -6.219792145590943 ], [ 106.862499237364474, -6.219551028127162 ], [ 106.86297534446507, -6.219613540072834 ], [ 106.863505350482697, -6.22096201023413 ], [ 106.865553509330482, -6.223364243208442 ], [ 106.865544526177644, -6.224257263818838 ], [ 106.865284014745257, -6.224543030093568 ], [ 106.863819760832129, -6.224605541445444 ], [ 106.863720946150877, -6.224846656590141 ], [ 106.863810777679291, -6.225382467626552 ], [ 106.86483485710319, -6.22682022453968 ], [ 106.864888756020235, -6.228534811488412 ], [ 106.864762991880468, -6.228874156158239 ], [ 106.863505350482697, -6.230347623890809 ], [ 106.863361620037239, -6.231017380583593 ], [ 106.865266048439565, -6.232446192004486 ], [ 106.866388942544717, -6.234133970482358 ], [ 106.866424875156085, -6.234678702059373 ], [ 106.866272161557788, -6.234812652360497 ], [ 106.865337913662302, -6.234848372435018 ], [ 106.865248082133888, -6.235026972771131 ], [ 106.865490627260598, -6.235607423443422 ], [ 106.866415892003246, -6.23683083275608 ], [ 106.866936914868035, -6.238500737209939 ], [ 106.866936914868035, -6.238991884566267 ], [ 106.866658437129956, -6.239241923043594 ], [ 106.866218262640743, -6.238911515030363 ], [ 106.86534689681514, -6.236866552693121 ], [ 106.864816890797513, -6.236768322860402 ], [ 106.863810777679291, -6.237277331794169 ], [ 106.863550266246904, -6.237572020950988 ], [ 106.862768731949728, -6.240045617341289 ], [ 106.862517203670166, -6.242054847692266 ], [ 106.86255313628152, -6.243081784673505 ], [ 106.864331800544079, -6.243215732826966 ], [ 106.865652324011748, -6.243510418643988 ], [ 106.869443214510724, -6.244840967692555 ], [ 106.872623250616513, -6.24623402213369 ], [ 106.873934790931315, -6.246439408051844 ], [ 106.875156499717718, -6.246841249832552 ], [ 106.876405157962651, -6.245930408020115 ], [ 106.877114827037104, -6.243510418643988 ], [ 106.877366355316653, -6.241786950757352 ], [ 106.877977209709854, -6.239867018714989 ], [ 106.884525928131097, -6.239581260786299 ] ] ] } },
{ "type": "Feature", "properties": { "FID": 12, "Kecamatan": "JOHAR BARU", "KOTAMADYA": "JAKARTA PUSAT", "ID": "3173040000", "is_in_subd": "JOHAR BARU", "city": "dki", "source_layer": "Kecamatan", "role": "admin_kec" }, "geometry": { "type": "Polygon", "coordinates": [ [ [ 106.857585452760347, -6.173906398330036 ], [ 106.85361489920453, -6.1744243990328 ], [ 106.845485145883259, -6.174942399228926 ], [ 106.845089887158238, -6.175192468107784 ], [ 106.846886517726489, -6.180836848521681 ], [ 106.85113554902037, -6.186525822910276 ], [ 106.851440976216978, -6.186356136961716 ], [ 106.851548774051068, -6.187356390188388 ], [ 106.855366614008574, -6.192187943843786 ], [ 106.859795308359281, -6.189365821752197 ], [ 106.862930428700864, -6.188499534415065 ], [ 106.863756878762246, -6.188052993995835 ], [ 106.863469417871329, -6.187124188715195 ], [ 106.862490254211636, -6.185641669212368 ], [ 106.862256692237779, -6.183909080910459 ], [ 106.861520073704781, -6.181274464108736 ], [ 106.861034983451361, -6.181158362049492 ], [ 106.859903106193386, -6.181256602255128 ], [ 106.857585452760347, -6.173906398330036 ] ] ] } },
{ "type": "Feature", "properties": { "FID": 13, "Kecamatan": "KALIDERES", "KOTAMADYA": "JAKARTA BARAT", "ID": "3174080000", "is_in_subd": "KALIDERES", "city": "dki", "source_layer": "Kecamatan", "role": "admin_kec" }, "geometry": { "type": "Polygon", "coordinates": [ [ [ 106.694568178151172, -6.095637840727078 ], [ 106.69183729968745, -6.095771826146026 ], [ 106.690606607748208, -6.096397090992009 ], [ 106.687651150463452, -6.096897302344074 ], [ 106.687516403170847, -6.097290325222035 ], [ 106.688145223869725, -6.09994322211473 ], [ 106.68884590979134, -6.100005748145802 ], [ 106.688612347817468, -6.104043127854175 ], [ 106.688944724472591, -6.104766637375542 ], [ 106.688513533136202, -6.105427620528592 ], [ 106.688477600524848, -6.107053278326821 ], [ 106.689214219057831, -6.108598541878697 ], [ 106.691208478988571, -6.108964759754604 ], [ 106.691442040962443, -6.107214057401347 ], [ 106.692969176945439, -6.10645482245852 ], [ 106.694029188980707, -6.106615601712719 ], [ 106.694235801496063, -6.10698182094487 ], [ 106.693580031338641, -6.108232323752281 ], [ 106.693606980797171, -6.10869679547975 ], [ 106.693885458535249, -6.109330977379984 ], [ 106.69473885805516, -6.109768651774361 ], [ 106.695700055409162, -6.109634669854906 ], [ 106.696265994038157, -6.10970612688279 ], [ 106.696840915820005, -6.1108226417044 ], [ 106.695780903784737, -6.112153524328597 ], [ 106.695861752160312, -6.112930615336841 ], [ 106.69449631292845, -6.112787702132669 ], [ 106.687184026515709, -6.114663434899408 ], [ 106.686249778620223, -6.114984988427522 ], [ 106.685629941074183, -6.115824599506092 ], [ 106.685585025309976, -6.120388845174434 ], [ 106.686546222663992, -6.134849475535452 ], [ 106.686330626995812, -6.144022260135218 ], [ 106.686968430847529, -6.147416239699586 ], [ 106.68744453794811, -6.147585938109491 ], [ 106.687875729284485, -6.153168092457419 ], [ 106.6875523357822, -6.154159476940024 ], [ 106.687911661895853, -6.154347035958408 ], [ 106.688100308105518, -6.15988446285207 ], [ 106.690076601730581, -6.159946981858325 ], [ 106.689905921826593, -6.160857972256998 ], [ 106.689304050586244, -6.161813617367404 ], [ 106.689079471765197, -6.16345696568274 ], [ 106.689304050586244, -6.164510849423644 ], [ 106.68884590979134, -6.165368244820837 ], [ 106.689250151669199, -6.167020513291714 ], [ 106.688756078262927, -6.166984788622469 ], [ 106.688468617371996, -6.16796721614966 ], [ 106.688253021703815, -6.168190494879237 ], [ 106.688235055398138, -6.172495290397737 ], [ 106.68922320221067, -6.1727542915024 ], [ 106.689277101127715, -6.173013292480437 ], [ 106.692331373093722, -6.173727777280584 ], [ 106.692034929049967, -6.174594088808023 ], [ 106.692843412805672, -6.175112088838171 ], [ 106.693032059015323, -6.175156743989462 ], [ 106.693050025321014, -6.175040640588274 ], [ 106.693436300893183, -6.175237123252296 ], [ 106.694020205827869, -6.175880156915728 ], [ 106.695771920631898, -6.175156743989462 ], [ 106.698772293680861, -6.176228466490698 ], [ 106.701036048196841, -6.176549982818063 ], [ 106.703704044590665, -6.178595179328751 ], [ 106.706902047002146, -6.176800050937693 ], [ 106.706866114390778, -6.17421898502163 ], [ 106.710657004889754, -6.17433508860295 ], [ 106.710818701640903, -6.173245500146192 ], [ 106.711204977213072, -6.172593532210962 ], [ 106.711806848453435, -6.171816528281347 ], [ 106.712489568069373, -6.171646837616382 ], [ 106.713756192619968, -6.167868973478857 ], [ 106.716496054236544, -6.16606487756053 ], [ 106.716711649904724, -6.165645111788484 ], [ 106.716505037389382, -6.16384993952582 ], [ 106.716747582516092, -6.162429873582053 ], [ 106.715355193825701, -6.162420942337676 ], [ 106.715427059048437, -6.159839806414523 ], [ 106.715166547616036, -6.159768356106635 ], [ 106.71527434545014, -6.158759119480561 ], [ 106.715139598157506, -6.15778560622716 ], [ 106.715310278061509, -6.157571254445388 ], [ 106.715876216690503, -6.157696292995269 ], [ 106.715543840035366, -6.156615601699014 ], [ 106.715984014524594, -6.156544150957303 ], [ 106.715992997677432, -6.156329798674502 ], [ 106.715903166149019, -6.155579565003541 ], [ 106.715642654716618, -6.155079408634293 ], [ 106.717484201049075, -6.153962986468808 ], [ 106.71891252235082, -6.153337789031578 ], [ 106.718687943529787, -6.152292814530236 ], [ 106.717996240761011, -6.145799636343856 ], [ 106.717816577704184, -6.145317333838924 ], [ 106.718418448944547, -6.143906149925092 ], [ 106.718454381555915, -6.143486366646397 ], [ 106.717484201049075, -6.143236282833645 ], [ 106.71691826242008, -6.139386763610092 ], [ 106.716639784681988, -6.138609711110888 ], [ 106.716657750987679, -6.133518649462795 ], [ 106.717852510315552, -6.132420045571031 ], [ 106.717331487450764, -6.131803754592012 ], [ 106.718283701651941, -6.13093737331579 ], [ 106.71864302776558, -6.130856987352837 ], [ 106.718481331014431, -6.130356807755611 ], [ 106.718544213084328, -6.130044195269189 ], [ 106.71942456206277, -6.12912422031783 ], [ 106.719011337032072, -6.128579380035627 ], [ 106.720475590945185, -6.126784082710388 ], [ 106.720673220307688, -6.126712627965516 ], [ 106.721266108395213, -6.127007378726456 ], [ 106.721607468203175, -6.126891264809759 ], [ 106.722496800334454, -6.126069534831244 ], [ 106.723422065077102, -6.125971284423062 ], [ 106.724419195042472, -6.12635535409768 ], [ 106.725281577715222, -6.125390713460148 ], [ 106.727320753410183, -6.123943749235947 ], [ 106.727994489873268, -6.123720451938538 ], [ 106.72860534426647, -6.123720451938538 ], [ 106.72860534426647, -6.123255993260857 ], [ 106.729045518755683, -6.123264925162315 ], [ 106.729836036205711, -6.122711146989522 ], [ 106.730590621044371, -6.123336380368591 ], [ 106.731551818398373, -6.121541065413731 ], [ 106.728515512738056, -6.118629248231781 ], [ 106.726871595768117, -6.116833917461963 ], [ 106.722469850875925, -6.111430024789135 ], [ 106.716567919459266, -6.103274956181885 ], [ 106.714286198637609, -6.098844549236183 ], [ 106.712534483833565, -6.096852640635175 ], [ 106.713001607781322, -6.09647748213362 ], [ 106.714088569275106, -6.096209511614735 ], [ 106.712085326191513, -6.096352429241464 ], [ 106.711025314156245, -6.096781181893204 ], [ 106.710827684793742, -6.096432820389769 ], [ 106.707899176967516, -6.096039796883539 ], [ 106.706039664329381, -6.096039796883539 ], [ 106.704440663123663, -6.096370293942128 ], [ 106.704207101149777, -6.095905811531513 ], [ 106.703344718477027, -6.096272038081114 ], [ 106.703209971184407, -6.095870082098656 ], [ 106.702581150485514, -6.096200579261799 ], [ 106.701979279245165, -6.096272038081114 ], [ 106.700047901384309, -6.095941540961991 ], [ 106.697388888143308, -6.096629332034905 ], [ 106.696257010885319, -6.095870082098656 ], [ 106.69576293747906, -6.096200579261799 ], [ 106.694568178151172, -6.095637840727078 ] ] ] } },
{ "type": "Feature", "properties": { "FID": 14, "Kecamatan": "KEBAYORAN BARU", "KOTAMADYA": "JAKARTA SELATAN", "ID": "3171060000", "is_in_subd": "KEBAYORAN BARU", "city": "dki", "source_layer": "Kecamatan", "role": "admin_kec" }, "geometry": { "type": "Polygon", "coordinates": [ [ [ 106.816819905167009, -6.228606252489763 ], [ 106.816703124180066, -6.22833834868457 ], [ 106.817879917202262, -6.227516776162874 ], [ 106.812391210816301, -6.219408143652 ], [ 106.809193208404821, -6.222212244379186 ], [ 106.803066698167129, -6.226337995951606 ], [ 106.799428521266449, -6.229008107941207 ], [ 106.798287660855621, -6.228883086278167 ], [ 106.797595958086845, -6.229258151177961 ], [ 106.795835260129977, -6.229293871630631 ], [ 106.793679303448087, -6.230829848795774 ], [ 106.792098268548031, -6.230624456760794 ], [ 106.79172995928154, -6.230892359399158 ], [ 106.790211806451381, -6.233044505631161 ], [ 106.789798581420683, -6.233365987297996 ], [ 106.788972131359301, -6.233410637513919 ], [ 106.788936198747933, -6.233812489286197 ], [ 106.788666704162694, -6.233749979030728 ], [ 106.788064832922345, -6.234142900512771 ], [ 106.78784923725415, -6.234035740137769 ], [ 106.787453978529143, -6.234133970482358 ], [ 106.786977871428547, -6.234714422143019 ], [ 106.786735326301852, -6.234732282183928 ], [ 106.786807191524574, -6.235223433070603 ], [ 106.786681427384792, -6.235357383232591 ], [ 106.786223286589902, -6.235384173260883 ], [ 106.786088539297268, -6.235794953523303 ], [ 106.785675314266584, -6.23593783353915 ], [ 106.785441752292712, -6.236366473353089 ], [ 106.785369887069976, -6.236946922542565 ], [ 106.785037510414867, -6.237259471839947 ], [ 106.784983611497807, -6.2380453092501 ], [ 106.785423785987021, -6.238706126160395 ], [ 106.78492072942791, -6.239125833765385 ], [ 106.784947678886439, -6.239661630219493 ], [ 106.784687167454052, -6.240233145833389 ], [ 106.784750049523936, -6.241045768523595 ], [ 106.784669201148361, -6.241215436838326 ], [ 106.784238009811986, -6.241322595745635 ], [ 106.784255976117663, -6.242090567273237 ], [ 106.785028527262014, -6.242983556005862 ], [ 106.784983611497807, -6.243206802951134 ], [ 106.78647481486945, -6.243697945895762 ], [ 106.786888039900148, -6.244358755676294 ], [ 106.787552793210395, -6.244189088379778 ], [ 106.787795338337091, -6.244296246678711 ], [ 106.78760669212744, -6.244492703503134 ], [ 106.78771448996153, -6.24505528400168 ], [ 106.788307378049041, -6.246359039658685 ], [ 106.788675687315546, -6.246680513157287 ], [ 106.788666704162694, -6.247260950918589 ], [ 106.789160777568966, -6.247305599950489 ], [ 106.789196710180335, -6.247475266236973 ], [ 106.788963148206449, -6.2476895814676 ], [ 106.789097895499083, -6.24825215853043 ], [ 106.788576872634295, -6.248332526632894 ], [ 106.788900266136565, -6.248689718050064 ], [ 106.788756535691107, -6.249341591757866 ], [ 106.788361276966086, -6.249841658709261 ], [ 106.788460091647352, -6.250064902729672 ], [ 106.78873856938543, -6.250189919339491 ], [ 106.788909249289404, -6.250984667088966 ], [ 106.788531956870088, -6.251672256864252 ], [ 106.788684670468385, -6.251913359558419 ], [ 106.788307378049041, -6.252717034402888 ], [ 106.78782228779562, -6.253083152533658 ], [ 106.787813304642782, -6.253431411005524 ], [ 106.787409062764937, -6.253431411005524 ], [ 106.786205320284211, -6.254065419422878 ], [ 106.785837011017719, -6.25531557461279 ], [ 106.785980741463177, -6.256396063475292 ], [ 106.786322101271153, -6.256547867516684 ], [ 106.786384983341037, -6.256851475467181 ], [ 106.786259219201256, -6.25702113865681 ], [ 106.785576499585332, -6.256976490454354 ], [ 106.785190224013164, -6.257190801791355 ], [ 106.784866830510865, -6.258369512573691 ], [ 106.784965645192116, -6.25856596411222 ], [ 106.785298021847254, -6.258664189853784 ], [ 106.785181240860311, -6.259074951845678 ], [ 106.785513617515434, -6.259119599868814 ], [ 106.785414802834183, -6.260110784999703 ], [ 106.784983611497807, -6.260476897950745 ], [ 106.785567516432494, -6.26083408107029 ], [ 106.785522600668273, -6.261057320395953 ], [ 106.785181240860311, -6.261351996159709 ], [ 106.785486668056905, -6.261682390000122 ], [ 106.785432769139859, -6.26286109064641 ], [ 106.788271445437687, -6.263477228561542 ], [ 106.794236258924244, -6.264263026586549 ], [ 106.794317107299804, -6.263441510441391 ], [ 106.796967137387966, -6.263825480104942 ], [ 106.797326463501605, -6.264084436230193 ], [ 106.79738036241865, -6.265611381804677 ], [ 106.798521222829478, -6.265816760108337 ], [ 106.800057341965328, -6.265727465203634 ], [ 106.800228021869316, -6.266745426211414 ], [ 106.801862955686417, -6.266968663009007 ], [ 106.80448603631605, -6.266656131465634 ], [ 106.804432137399004, -6.266325740773368 ], [ 106.808465573024691, -6.265968561411264 ], [ 106.810010675313379, -6.265968561411264 ], [ 106.810010675313379, -6.266513259840597 ], [ 106.811025771584426, -6.266781144105448 ], [ 106.812921216833928, -6.266950804068714 ], [ 106.81334342501745, -6.265718535712323 ], [ 106.812930199986766, -6.265504227875028 ], [ 106.812570873873113, -6.265039893925642 ], [ 106.812310362440726, -6.263736184859552 ], [ 106.811798322728777, -6.263387933256579 ], [ 106.811897137410028, -6.263084329105462 ], [ 106.811654592283304, -6.262655711179776 ], [ 106.812067817314002, -6.26240568389396 ], [ 106.811933070021396, -6.261816333389387 ], [ 106.811430013462285, -6.261637742196066 ], [ 106.811717474353216, -6.261369855291562 ], [ 106.811456962920815, -6.260548334594197 ], [ 106.811034754737264, -6.260548334594197 ], [ 106.810828142221922, -6.260235799206962 ], [ 106.810558647636697, -6.260146503347686 ], [ 106.810450849802592, -6.259833967720004 ], [ 106.810603563400903, -6.259566079890294 ], [ 106.81048678241396, -6.25931605112528 ], [ 106.810019658466217, -6.258842782063857 ], [ 106.809588467129842, -6.258771345187154 ], [ 106.809363888308809, -6.257673001978245 ], [ 106.809139309487776, -6.257485479736218 ], [ 106.809256090474719, -6.25710150541162 ], [ 106.809013545348009, -6.256913982964506 ], [ 106.809220157863351, -6.256547867516684 ], [ 106.809175242099144, -6.256315696611998 ], [ 106.808788966526976, -6.256199611120977 ], [ 106.808456589871852, -6.255842424833042 ], [ 106.808393707801969, -6.255538816296375 ], [ 106.808627269775826, -6.254753005147297 ], [ 106.808591337164472, -6.253520708012228 ], [ 106.808672185540033, -6.253145660481585 ], [ 106.809202191557674, -6.252850980090222 ], [ 106.808905747513919, -6.252449142925294 ], [ 106.809875928020759, -6.251109683478975 ], [ 106.810361018274179, -6.250806072194265 ], [ 106.810414917191224, -6.250413163211289 ], [ 106.810064574230424, -6.250359584690747 ], [ 106.809462702990075, -6.24906476877568 ], [ 106.809552534518474, -6.24869864783237 ], [ 106.809920843784965, -6.248555771297197 ], [ 106.811421030309447, -6.247252021111752 ], [ 106.811933070021396, -6.247252021111752 ], [ 106.812013918396957, -6.246850179646397 ], [ 106.812651722248688, -6.246734092054527 ], [ 106.8131547788078, -6.245591074390685 ], [ 106.813594953297013, -6.245671442901743 ], [ 106.813837498423723, -6.24552856554022 ], [ 106.813810548965193, -6.244796318450446 ], [ 106.814232757148744, -6.244555212477266 ], [ 106.814151908773169, -6.244323036250017 ], [ 106.814529201192499, -6.244171228661155 ], [ 106.814663948485119, -6.243930122400158 ], [ 106.814744796860694, -6.242992485885501 ], [ 106.815193954502746, -6.242867467556714 ], [ 106.815589213227753, -6.243215732826966 ], [ 106.815714977367548, -6.24296569624613 ], [ 106.815670061603342, -6.242340604271829 ], [ 106.816029387716981, -6.242269165141553 ], [ 106.815768876284594, -6.241670862043011 ], [ 106.81592158988289, -6.24131366583753 ], [ 106.816173118162439, -6.240885030069483 ], [ 106.81643362959484, -6.241063628348786 ], [ 106.81794279927216, -6.238473947340903 ], [ 106.817987715036367, -6.237697040543226 ], [ 106.818275175927269, -6.236848692724904 ], [ 106.818230260163077, -6.236161083485968 ], [ 106.818607552582407, -6.236071783518647 ], [ 106.818616535735245, -6.235955693538394 ], [ 106.817843984590894, -6.235669933477501 ], [ 106.817790085673849, -6.234321501089124 ], [ 106.817547540547139, -6.233866069499239 ], [ 106.817529574241462, -6.233312407033872 ], [ 106.817799068826687, -6.233026645532784 ], [ 106.817484658477255, -6.232785534145162 ], [ 106.817475675324417, -6.232249730664828 ], [ 106.817152281822132, -6.232106849644324 ], [ 106.81681092201417, -6.232187220223144 ], [ 106.816721090485743, -6.232044339185618 ], [ 106.817269062809061, -6.230061860775082 ], [ 106.817197197586324, -6.229436753417006 ], [ 106.816819905167009, -6.228606252489763 ] ] ] } },
{ "type": "Feature", "properties": { "FID": 15, "Kecamatan": "KEBAYORAN LAMA", "KOTAMADYA": "JAKARTA SELATAN", "ID": "3171050000", "is_in_subd": "KEBAYORAN LAMA", "city": "dki", "source_layer": "Kecamatan", "role": "admin_kec" }, "geometry": { "type": "Polygon", "coordinates": [ [ [ 106.78884636721952, -6.208495227188933 ], [ 106.787436012223452, -6.207066350673109 ], [ 106.783213930388087, -6.206744852922916 ], [ 106.783618172265946, -6.21206740151712 ], [ 106.783474441820488, -6.212585364782684 ], [ 106.783133082012526, -6.213031884430097 ], [ 106.782405446632382, -6.213362308725292 ], [ 106.777752173460655, -6.213567707506932 ], [ 106.777644375626551, -6.213817758089421 ], [ 106.777680308237919, -6.215059078864844 ], [ 106.777105386456086, -6.216193232696433 ], [ 106.777159285373131, -6.216684400919843 ], [ 106.777554544098138, -6.217068404847774 ], [ 106.778506758299301, -6.217532781316327 ], [ 106.778461842535094, -6.227016687911568 ], [ 106.774590103660543, -6.226998827608072 ], [ 106.774311625922479, -6.22711491956995 ], [ 106.769541571763796, -6.227239941654038 ], [ 106.769056481510361, -6.227284592391142 ], [ 106.768966649981948, -6.228007933803219 ], [ 106.765526102443772, -6.227945422856329 ], [ 106.764987113273307, -6.229776097503765 ], [ 106.765400338304005, -6.22984753833618 ], [ 106.765930344321632, -6.230410134551635 ], [ 106.766110007378458, -6.231133471656753 ], [ 106.765508136138095, -6.231249562704233 ], [ 106.765283557317076, -6.231928248313978 ], [ 106.76472660184092, -6.232258660727316 ], [ 106.764142696906234, -6.233285616899757 ], [ 106.764313376810222, -6.233723188918962 ], [ 106.764906264897732, -6.234759072244152 ], [ 106.765678816042069, -6.23440187132864 ], [ 106.76604712530856, -6.233633888536525 ], [ 106.766927474287016, -6.234339361143414 ], [ 106.767250867789286, -6.235464543337546 ], [ 106.767008322662576, -6.23665223303437 ], [ 106.765085927954559, -6.236723672930355 ], [ 106.764888298592055, -6.236964782507434 ], [ 106.764502023019872, -6.237563090978973 ], [ 106.76461880400683, -6.238697196207702 ], [ 106.765202708941501, -6.238956164774054 ], [ 106.76556203505514, -6.238813285580855 ], [ 106.765777630723335, -6.238197118614014 ], [ 106.766056108461413, -6.238232838457957 ], [ 106.766110007378458, -6.238429297556133 ], [ 106.765903394863116, -6.238857935332915 ], [ 106.766110007378458, -6.239304432644287 ], [ 106.766648996548923, -6.239563400910582 ], [ 106.766370518810859, -6.240081337059244 ], [ 106.765894411710264, -6.240259935612496 ], [ 106.765633900277862, -6.241501193875774 ], [ 106.765714748653451, -6.241778020857163 ], [ 106.76747544661032, -6.242519202054893 ], [ 106.767969520016578, -6.243063924917122 ], [ 106.768274947213186, -6.243608647212816 ], [ 106.768310879824554, -6.244367685532484 ], [ 106.768598340715471, -6.245251740541313 ], [ 106.769370891859808, -6.245930408020115 ], [ 106.769299026637086, -6.246117934405174 ], [ 106.768625290174, -6.246287601076629 ], [ 106.768400711352953, -6.246662653523656 ], [ 106.768391728200115, -6.247493125842877 ], [ 106.767700025431353, -6.247260950918589 ], [ 106.767448497151804, -6.247359178783742 ], [ 106.766640013396085, -6.24825215853043 ], [ 106.766550181867672, -6.248448613870217 ], [ 106.766765777535866, -6.249154066527871 ], [ 106.767646126514308, -6.249877377758929 ], [ 106.767637143361455, -6.250207778852741 ], [ 106.767187985719403, -6.251127542960823 ], [ 106.766190855754019, -6.251422224323276 ], [ 106.765984243238677, -6.251868710919736 ], [ 106.765876445404587, -6.252913488065903 ], [ 106.766388485116536, -6.253806458331202 ], [ 106.766738828077337, -6.253520708012228 ], [ 106.766945440592693, -6.252833120667227 ], [ 106.767996469475108, -6.253011714869734 ], [ 106.768041385239314, -6.253181379305617 ], [ 106.767619177055778, -6.25421722414112 ], [ 106.767682059125661, -6.25460120058463 ], [ 106.768149183073405, -6.255297715273984 ], [ 106.76844562711716, -6.255360222957134 ], [ 106.768804953230813, -6.254458325661851 ], [ 106.769766150584829, -6.254556552175456 ], [ 106.770053611475745, -6.254279731953468 ], [ 106.77037700497803, -6.254690497391537 ], [ 106.771517865388859, -6.254815512895583 ], [ 106.771949056725234, -6.255119121852366 ], [ 106.772047871406485, -6.255556675626944 ], [ 106.771589730611581, -6.256065666291608 ], [ 106.771248370803619, -6.256190681466755 ], [ 106.770152426156997, -6.256012088350249 ], [ 106.769990729405848, -6.256172822157851 ], [ 106.769685302209254, -6.257262238884157 ], [ 106.769038515204684, -6.257887313029582 ], [ 106.769200211955834, -6.258217709061506 ], [ 106.770161409309836, -6.258226638681091 ], [ 106.770323106060985, -6.258860641281507 ], [ 106.770709381633139, -6.258967796574582 ], [ 106.770969893065541, -6.258753485966452 ], [ 106.77113158981669, -6.258315934868544 ], [ 106.771688545292832, -6.258048046260399 ], [ 106.772146686087737, -6.25815520172014 ], [ 106.772461096437183, -6.25846773835219 ], [ 106.772703641563893, -6.259030303818727 ], [ 106.772586860576965, -6.260780503617932 ], [ 106.773107883441753, -6.262548556643372 ], [ 106.772497029048537, -6.263039681421288 ], [ 106.772146686087737, -6.263012892808951 ], [ 106.771904140961027, -6.262780724777784 ], [ 106.771365151790548, -6.262753936152159 ], [ 106.770727347938831, -6.263075399568932 ], [ 106.77061955010474, -6.263512946679248 ], [ 106.77123938765078, -6.264227308520165 ], [ 106.771580747458742, -6.265013105415957 ], [ 106.77148193277749, -6.265370285432026 ], [ 106.770907010995657, -6.265298849448369 ], [ 106.770556668034843, -6.264718431718675 ], [ 106.770134459851306, -6.264495193958459 ], [ 106.769811066349035, -6.264718431718675 ], [ 106.769209195108672, -6.265834619087444 ], [ 106.769218178261511, -6.266111433185445 ], [ 106.769712251667784, -6.267049028232759 ], [ 106.769200211955834, -6.268102704465623 ], [ 106.769622420139356, -6.268834918899483 ], [ 106.769649369597886, -6.26945104976086 ], [ 106.769864965266081, -6.269683214824163 ], [ 106.771023791982586, -6.270093968144506 ], [ 106.771104640358161, -6.27064759167305 ], [ 106.770826162620097, -6.271174426420509 ], [ 106.770924977301348, -6.271629825519012 ], [ 106.771607696917272, -6.272165588655021 ], [ 106.770978876218393, -6.273853238934202 ], [ 106.770682432174624, -6.274263988968934 ], [ 106.770430903895075, -6.274433646497497 ], [ 106.770080560934261, -6.274397929127652 ], [ 106.769487672846751, -6.273808592171791 ], [ 106.768652239632516, -6.273781804112506 ], [ 106.768346812435908, -6.274540798592341 ], [ 106.768481559728528, -6.27479974939725 ], [ 106.769334959248454, -6.275344438601336 ], [ 106.769433773929691, -6.276174865308437 ], [ 106.770278190296779, -6.27732674532353 ], [ 106.770278190296779, -6.278067876079533 ], [ 106.770107510392791, -6.27822860309228 ], [ 106.769784116890506, -6.278237532369311 ], [ 106.769370891859808, -6.278050017519499 ], [ 106.769056481510361, -6.278353612956789 ], [ 106.768975633134801, -6.278666137486777 ], [ 106.768652239632516, -6.278853652114744 ], [ 106.767897654793856, -6.278934015506059 ], [ 106.767565278138733, -6.279175105605591 ], [ 106.767592227597262, -6.279389407822577 ], [ 106.767969520016578, -6.279835870491346 ], [ 106.767987486322269, -6.280353766707494 ], [ 106.769514622305266, -6.281184185427006 ], [ 106.769532588610943, -6.281478849815501 ], [ 106.769002582593316, -6.281862806192645 ], [ 106.767637143361455, -6.28218425782545 ], [ 106.766738828077337, -6.283389699680164 ], [ 106.766118990531297, -6.283639716900399 ], [ 106.765705765500613, -6.283996884149484 ], [ 106.766190855754019, -6.284684430413713 ], [ 106.767161036260873, -6.28499695114254 ], [ 106.768014435780799, -6.285961299636551 ], [ 106.768068334697844, -6.286273819598255 ], [ 106.767924604252372, -6.286488118892036 ], [ 106.767691042278514, -6.286514906297551 ], [ 106.767044255273944, -6.286202386480706 ], [ 106.766702895465968, -6.286282748737259 ], [ 106.766190855754019, -6.286711347229167 ], [ 106.766756794383014, -6.287264953091789 ], [ 106.766954423745531, -6.287836416589881 ], [ 106.767367648776215, -6.288425737664512 ], [ 106.76720595202508, -6.2886400360715 ], [ 106.766226788365387, -6.288881121673779 ], [ 106.766092041072767, -6.28908649080236 ], [ 106.766487299797788, -6.289399008885844 ], [ 106.766622047090408, -6.290586575889608 ], [ 106.7690654646632, -6.289363292542954 ], [ 106.770835145772935, -6.288970412609218 ], [ 106.776584363591297, -6.28908649080236 ], [ 106.778264213172605, -6.288532886879046 ], [ 106.779638635557291, -6.289774030338033 ], [ 106.780752546509603, -6.290461568964349 ], [ 106.784336824493238, -6.291524126870687 ], [ 106.785549550126802, -6.289684739540621 ], [ 106.785504634362596, -6.288541815979261 ], [ 106.785235139777356, -6.288506099577483 ], [ 106.785082426179059, -6.288014998804242 ], [ 106.786537696939334, -6.285961299636551 ], [ 106.78809178238086, -6.284389767840299 ], [ 106.788370260118938, -6.284336192809021 ], [ 106.788756535691107, -6.283943309077751 ], [ 106.789106878651921, -6.283130753146856 ], [ 106.789834514032052, -6.282246762286551 ], [ 106.790095025464439, -6.281514566699742 ], [ 106.790858593455951, -6.280728794680338 ], [ 106.791370633167901, -6.279300115242885 ], [ 106.791532329919036, -6.277237452390178 ], [ 106.791208936416751, -6.276755270285573 ], [ 106.791155037499706, -6.276014137661978 ], [ 106.791747925587217, -6.274549727932584 ], [ 106.792520476731568, -6.274397929127652 ], [ 106.792879802845221, -6.27289779738374 ], [ 106.792763021858278, -6.271236932202679 ], [ 106.792080302242354, -6.268834918899483 ], [ 106.791442498390623, -6.267959833236735 ], [ 106.787831270948459, -6.267120463976812 ], [ 106.786699393690483, -6.266611484087012 ], [ 106.786402949646714, -6.26595963192408 ], [ 106.785387853375653, -6.265414932916848 ], [ 106.785172257707472, -6.264084436230193 ], [ 106.785432769139859, -6.26286109064641 ], [ 106.785486668056905, -6.261682390000122 ], [ 106.785181240860311, -6.261351996159709 ], [ 106.785522600668273, -6.261057320395953 ], [ 106.785567516432494, -6.26083408107029 ], [ 106.784983611497807, -6.260476897950745 ], [ 106.785414802834183, -6.260110784999703 ], [ 106.785513617515434, -6.259119599868814 ], [ 106.785181240860311, -6.259074951845678 ], [ 106.785298021847254, -6.258664189853784 ], [ 106.784965645192116, -6.25856596411222 ], [ 106.784866830510865, -6.258369512573691 ], [ 106.785190224013164, -6.257190801791355 ], [ 106.785576499585332, -6.256976490454354 ], [ 106.786259219201256, -6.25702113865681 ], [ 106.786384983341037, -6.256851475467181 ], [ 106.786322101271153, -6.256547867516684 ], [ 106.785980741463177, -6.256396063475292 ], [ 106.785837011017719, -6.25531557461279 ], [ 106.786223286589902, -6.254056489732196 ], [ 106.787409062764937, -6.253431411005524 ], [ 106.78784923725415, -6.25344034070688 ], [ 106.78782228779562, -6.253083152533658 ], [ 106.788307378049041, -6.252717034402888 ], [ 106.788684670468385, -6.251913359558419 ], [ 106.788531956870088, -6.251672256864252 ], [ 106.788909249289404, -6.250984667088966 ], [ 106.78873856938543, -6.250189919339491 ], [ 106.788460091647352, -6.250064902729672 ], [ 106.788361276966086, -6.249841658709261 ], [ 106.788756535691107, -6.249341591757866 ], [ 106.788900266136565, -6.248689718050064 ], [ 106.788576872634295, -6.248332526632894 ], [ 106.789097895499083, -6.24825215853043 ], [ 106.788963148206449, -6.2476895814676 ], [ 106.789196710180335, -6.247475266236973 ], [ 106.789160777568966, -6.247305599950489 ], [ 106.788666704162694, -6.247260950918589 ], [ 106.788675687315546, -6.246680513157287 ], [ 106.788307378049041, -6.246359039658685 ], [ 106.78771448996153, -6.24505528400168 ], [ 106.78760669212744, -6.244492703503134 ], [ 106.787795338337091, -6.244296246678711 ], [ 106.787552793210395, -6.244189088379778 ], [ 106.786888039900148, -6.244358755676294 ], [ 106.78647481486945, -6.243697945895762 ], [ 106.784983611497807, -6.243206802951134 ], [ 106.785028527262014, -6.242983556005862 ], [ 106.784255976117663, -6.242090567273237 ], [ 106.784175127742103, -6.241608352724633 ], [ 106.784238009811986, -6.241322595745635 ], [ 106.784669201148361, -6.241215436838326 ], [ 106.784750049523936, -6.241045768523595 ], [ 106.784687167454052, -6.240233145833389 ], [ 106.784947678886439, -6.239661630219493 ], [ 106.78492072942791, -6.239125833765385 ], [ 106.785423785987021, -6.238706126160395 ], [ 106.784983611497807, -6.2380453092501 ], [ 106.785037510414867, -6.237259471839947 ], [ 106.785369887069976, -6.236946922542565 ], [ 106.785441752292712, -6.236366473353089 ], [ 106.785675314266584, -6.23593783353915 ], [ 106.786088539297268, -6.235794953523303 ], [ 106.786223286589902, -6.235384173260883 ], [ 106.786681427384792, -6.235357383232591 ], [ 106.786807191524574, -6.235223433070603 ], [ 106.786735326301852, -6.234732282183928 ], [ 106.786977871428547, -6.234714422143019 ], [ 106.787453978529143, -6.234133970482358 ], [ 106.78784923725415, -6.234035740137769 ], [ 106.788064832922345, -6.234142900512771 ], [ 106.788666704162694, -6.233749979030728 ], [ 106.788936198747933, -6.233812489286197 ], [ 106.788972131359301, -6.233410637513919 ], [ 106.789798581420683, -6.233365987297996 ], [ 106.790211806451381, -6.233044505631161 ], [ 106.79172995928154, -6.230892359399158 ], [ 106.792098268548031, -6.230624456760794 ], [ 106.793679303448087, -6.230829848795774 ], [ 106.795835260129977, -6.229293871630631 ], [ 106.795745428601549, -6.229061688644824 ], [ 106.795871192741345, -6.228713413973559 ], [ 106.795619664461782, -6.228570531990303 ], [ 106.796293400924867, -6.226847015003812 ], [ 106.796392215606133, -6.225748604853742 ], [ 106.796077805256687, -6.223605358922837 ], [ 106.79527830465382, -6.223096336729341 ], [ 106.794730332330502, -6.22314991803609 ], [ 106.794981860610051, -6.221024522012015 ], [ 106.795350169876556, -6.218783023616604 ], [ 106.797021036305011, -6.218622278344519 ], [ 106.797173749903308, -6.218443672429014 ], [ 106.796535946051591, -6.217470269123289 ], [ 106.796131704173732, -6.216416491036656 ], [ 106.796230518854983, -6.2156752729822 ], [ 106.795134574208348, -6.213255144111742 ], [ 106.795089658444155, -6.212871137400668 ], [ 106.795718479143034, -6.212701459927453 ], [ 106.795844243282815, -6.212406756817651 ], [ 106.79465846710778, -6.211853071740902 ], [ 106.794119477937315, -6.211969167047187 ], [ 106.793975747491842, -6.211719115586452 ], [ 106.793463707779893, -6.211674463527392 ], [ 106.793760151823662, -6.211460133591189 ], [ 106.7937691349765, -6.211013612610503 ], [ 106.792673190329864, -6.2103438304294 ], [ 106.792745055552601, -6.209986612917763 ], [ 106.792592341954304, -6.209397203493762 ], [ 106.792484544120214, -6.209245385808005 ], [ 106.792017420172471, -6.209138220356415 ], [ 106.791837757115644, -6.208754210642475 ], [ 106.7923947125918, -6.207780789415522 ], [ 106.790759778774699, -6.207450361617593 ], [ 106.789196710180335, -6.208530949052165 ], [ 106.78884636721952, -6.208495227188933 ] ] ] } },
{ "type": "Feature", "properties": { "FID": 16, "Kecamatan": "KEBON JERUK", "KOTAMADYA": "JAKARTA BARAT", "ID": "3174020000", "is_in_subd": "KEBON JERUK", "city": "dki", "source_layer": "Kecamatan", "role": "admin_kec" }, "geometry": { "type": "Polygon", "coordinates": [ [ [ 106.765526102443772, -6.227945422856329 ], [ 106.768966649981948, -6.228007933803219 ], [ 106.769056481510361, -6.227284592391142 ], [ 106.769541571763796, -6.227239941654038 ], [ 106.774311625922479, -6.22711491956995 ], [ 106.774590103660543, -6.226998827608072 ], [ 106.778461842535094, -6.227016687911568 ], [ 106.778506758299301, -6.217532781316327 ], [ 106.777554544098138, -6.217068404847774 ], [ 106.777159285373131, -6.216684400919843 ], [ 106.777105386456086, -6.216193232696433 ], [ 106.777680308237919, -6.215059078864844 ], [ 106.777644375626551, -6.213817758089421 ], [ 106.777752173460655, -6.213567707506932 ], [ 106.782809688510241, -6.213264074497038 ], [ 106.783474441820488, -6.212585364782684 ], [ 106.783618172265946, -6.21206740151712 ], [ 106.782854604274448, -6.203056545255371 ], [ 106.782279682492614, -6.198805582374356 ], [ 106.782109002588626, -6.194527793129733 ], [ 106.782342564562498, -6.191250215074686 ], [ 106.783402576597766, -6.1876868305705 ], [ 106.783330711375029, -6.186445445362486 ], [ 106.783222913540925, -6.185355881842254 ], [ 106.782728840134681, -6.185418397842668 ], [ 106.782243749881246, -6.18471285969466 ], [ 106.779827281766956, -6.180104511423418 ], [ 106.779584736640246, -6.167181274273529 ], [ 106.779432023041949, -6.166573954753168 ], [ 106.779476938806155, -6.166395331232456 ], [ 106.779872197531162, -6.166154189384059 ], [ 106.780330338326067, -6.166047015194019 ], [ 106.780222540491977, -6.164957409699283 ], [ 106.779000831705574, -6.164877028877412 ], [ 106.770107510392791, -6.161358123183603 ], [ 106.769622420139356, -6.160956216226205 ], [ 106.768822919536504, -6.158794844703617 ], [ 106.767735958042707, -6.15782133151571 ], [ 106.76731374985917, -6.158946676874786 ], [ 106.766711878618807, -6.159964844430188 ], [ 106.76542728776252, -6.159750493528161 ], [ 106.763936084390878, -6.158937745571801 ], [ 106.761744195097648, -6.158803776009004 ], [ 106.760774014590794, -6.158482248920383 ], [ 106.75966908679132, -6.158830569924269 ], [ 106.759112131315163, -6.159598661586863 ], [ 106.757800591000361, -6.160893697338813 ], [ 106.757072955620217, -6.162019036185134 ], [ 106.756659730589519, -6.164725198402867 ], [ 106.756156674030422, -6.165439694374711 ], [ 106.755698533235517, -6.166002359275112 ], [ 106.754485807601952, -6.166707922354218 ], [ 106.752159171016089, -6.170030308030849 ], [ 106.751144074745028, -6.171173489684781 ], [ 106.750209826849542, -6.171950494557406 ], [ 106.749563039844972, -6.173191913770822 ], [ 106.749778635513152, -6.173674190954004 ], [ 106.749589989303502, -6.17421898502163 ], [ 106.749715753443269, -6.175112088838171 ], [ 106.74935642732963, -6.175781915712131 ], [ 106.749787618666005, -6.176398155687804 ], [ 106.749778635513152, -6.177076911932359 ], [ 106.749895416500109, -6.177264462846479 ], [ 106.750308641530793, -6.177067980934791 ], [ 106.750641018185917, -6.177550254587846 ], [ 106.751081192675144, -6.177264462846479 ], [ 106.751305771496163, -6.177514530628613 ], [ 106.750551186657503, -6.179381104270256 ], [ 106.750578136116033, -6.179675825822406 ], [ 106.750335590989309, -6.180184889934944 ], [ 106.749940332264316, -6.180461749158958 ], [ 106.750533220351826, -6.181283395035316 ], [ 106.75148543455299, -6.181890697688966 ], [ 106.752051373181985, -6.182953475655102 ], [ 106.753964784737164, -6.18456996577788 ], [ 106.754288178239435, -6.184534242292651 ], [ 106.757656860554889, -6.182596239602227 ], [ 106.757872456223083, -6.18312316269569 ], [ 106.75775567523614, -6.183355365926161 ], [ 106.757252618677043, -6.183685808809129 ], [ 106.75665074743668, -6.183828702964839 ], [ 106.756578882213944, -6.184034113246025 ], [ 106.756489050685531, -6.185034370866214 ], [ 106.75692024202192, -6.185588084092241 ], [ 106.756704646353725, -6.186418652843839 ], [ 106.756956174633274, -6.186784817147791 ], [ 106.757108888231571, -6.18748142170862 ], [ 106.757315500746927, -6.18758859155956 ], [ 106.757701776319095, -6.187374251835946 ], [ 106.758034152974219, -6.187526075815819 ], [ 106.75813296765547, -6.187677899752077 ], [ 106.757881439375922, -6.188553119240015 ], [ 106.758043136127057, -6.188919282065066 ], [ 106.75842941169924, -6.188847835680104 ], [ 106.75875280520151, -6.189481922009031 ], [ 106.758519243227653, -6.189892738097582 ], [ 106.758303647559458, -6.18996418434124 ], [ 106.758106018196955, -6.189758776364677 ], [ 106.757881439375922, -6.189767707147927 ], [ 106.757602961637843, -6.190142799908114 ], [ 106.757144820842939, -6.190232107668903 ], [ 106.757144820842939, -6.190625061637003 ], [ 106.757288551288411, -6.190616130868247 ], [ 106.756875326257713, -6.192116497900928 ], [ 106.757225669218514, -6.192857749087977 ], [ 106.757773641541831, -6.193581137797376 ], [ 106.759866716153823, -6.195492308137477 ], [ 106.759902648765191, -6.196206762562424 ], [ 106.760387739018611, -6.196483613392082 ], [ 106.760549435769747, -6.196840840054444 ], [ 106.760872829272046, -6.196867632044372 ], [ 106.761339953219789, -6.196171039864147 ], [ 106.761501649970924, -6.196144247838853 ], [ 106.761717245639105, -6.196179970538942 ], [ 106.762480813630617, -6.197162343843805 ], [ 106.763181499552232, -6.199216391207247 ], [ 106.763235398469277, -6.200797109166979 ], [ 106.763846252862479, -6.201511556407675 ], [ 106.763873202320994, -6.202476058647042 ], [ 106.764304393657383, -6.202627878283253 ], [ 106.764394225185782, -6.202806489563995 ], [ 106.764421174644312, -6.204163933319895 ], [ 106.763648623499975, -6.204914098106219 ], [ 106.764088797989189, -6.205378485295963 ], [ 106.764546938784079, -6.206807366389707 ], [ 106.765247624705708, -6.207298543370674 ], [ 106.764924231203423, -6.20791474657185 ], [ 106.764915248050571, -6.208673836480866 ], [ 106.765193725788663, -6.208781002026952 ], [ 106.765759664417658, -6.209575812479794 ], [ 106.766190855754019, -6.211808419693207 ], [ 106.765750681264819, -6.212585364782684 ], [ 106.764951180661939, -6.213451612553247 ], [ 106.764358292574428, -6.213692732813029 ], [ 106.764502023019872, -6.214335719632315 ], [ 106.764313376810222, -6.214558978760801 ], [ 106.762858106049933, -6.214764377075341 ], [ 106.762768274521534, -6.215961043922084 ], [ 106.762876072355638, -6.216121790007549 ], [ 106.763136583788025, -6.215880670860932 ], [ 106.763388112067574, -6.21585387983782 ], [ 106.763684556111329, -6.216764773858189 ], [ 106.764376258880105, -6.216907659051593 ], [ 106.764708635535229, -6.217613154125028 ], [ 106.765463220373888, -6.218443672429014 ], [ 106.765005079578984, -6.218693720693734 ], [ 106.764582871395461, -6.218568696576238 ], [ 106.765633900277862, -6.219774285041862 ], [ 106.765418304609682, -6.221069173277381 ], [ 106.765633900277862, -6.222239035078318 ], [ 106.765508136138095, -6.222899871891187 ], [ 106.765921361168793, -6.223935776573961 ], [ 106.765993226391515, -6.225132422544243 ], [ 106.765526102443772, -6.227945422856329 ] ] ] } },
{ "type": "Feature", "properties": { "FID": 17, "Kecamatan": "KELAPA GADING", "KOTAMADYA": "JAKARTA UTARA", "ID": "3175050000", "is_in_subd": "KELAPA GADING", "city": "dki", "source_layer": "Kecamatan", "role": "admin_kec" }, "geometry": { "type": "Polygon", "coordinates": [ [ [ 106.916559851162788, -6.137448596068929 ], [ 106.916344255494607, -6.137386074417953 ], [ 106.915122546708204, -6.137645092638523 ], [ 106.914394911328074, -6.137395006082827 ], [ 106.914296096646808, -6.137930905701299 ], [ 106.914062534672937, -6.137984495633499 ], [ 106.913029472096198, -6.139654712484918 ], [ 106.912957606873476, -6.140038772303771 ], [ 106.912436584008688, -6.140512147978524 ], [ 106.912167089423448, -6.141155223692801 ], [ 106.911664032864351, -6.141530350834164 ], [ 106.911116060541033, -6.141905477711252 ], [ 106.909400278348372, -6.142387783307733 ], [ 106.908376198924472, -6.14303978832692 ], [ 106.907810260295477, -6.14303085675671 ], [ 106.907513816251708, -6.143325598494544 ], [ 106.906660416731796, -6.143531024457737 ], [ 106.906022612880079, -6.14394187614629 ], [ 106.905348876416994, -6.144066917901599 ], [ 106.90359716161295, -6.142843293747666 ], [ 106.902653930564625, -6.143924013035991 ], [ 106.897758112266175, -6.141199881699678 ], [ 106.892440085784187, -6.137930905701299 ], [ 106.890391926936388, -6.147210815236221 ], [ 106.888972588787482, -6.150881649122828 ], [ 106.88192979695998, -6.162599567196658 ], [ 106.87883060922978, -6.166431055941412 ], [ 106.880627239798017, -6.166582885927625 ], [ 106.882181325239543, -6.16741348449455 ], [ 106.887643082166989, -6.171119903099842 ], [ 106.890311078560828, -6.172673911862778 ], [ 106.891631602028468, -6.173647397788679 ], [ 106.896275892047385, -6.177961079945735 ], [ 106.896707083383745, -6.178148630546588 ], [ 106.901297474485602, -6.178577317384699 ], [ 106.906579568356236, -6.180577851371075 ], [ 106.909526042488139, -6.182140763284876 ], [ 106.910280627326799, -6.182372966946651 ], [ 106.911098094235356, -6.182390828762566 ], [ 106.912005392672299, -6.182783788560072 ], [ 106.913918804227492, -6.182471206926716 ], [ 106.9223809342039, -6.183132093591055 ], [ 106.921680248282271, -6.180399232572649 ], [ 106.921806012422053, -6.179872306765981 ], [ 106.921644315670903, -6.177693150400668 ], [ 106.920790916151006, -6.174085019319251 ], [ 106.920144129146436, -6.17001244579794 ], [ 106.920467522648707, -6.168958572990836 ], [ 106.920539387871443, -6.168172632584332 ], [ 106.920835831915198, -6.168110114547423 ], [ 106.921132275958954, -6.167458140294626 ], [ 106.921042444430554, -6.166716853526418 ], [ 106.92168923143511, -6.163439103228412 ], [ 106.921832961880583, -6.16133132939591 ], [ 106.922407883662416, -6.161268810552704 ], [ 106.922470765732299, -6.160956216226205 ], [ 106.921841945033421, -6.160000569572111 ], [ 106.921671265129433, -6.158616218564303 ], [ 106.920620236247004, -6.157071099951476 ], [ 106.918742757303207, -6.152801904928564 ], [ 106.917979189311708, -6.151739066525802 ], [ 106.917844442019089, -6.151381809442618 ], [ 106.917961223006017, -6.149568726044794 ], [ 106.917494099058274, -6.147862814346271 ], [ 106.915778316865612, -6.145317333838924 ], [ 106.916676632149731, -6.140860480753486 ], [ 106.916487985940066, -6.1408426175398 ], [ 106.916541884857111, -6.140181678212183 ], [ 106.916910194123602, -6.138833002174994 ], [ 106.916955109887809, -6.13771654591859 ], [ 106.916559851162788, -6.137448596068929 ] ] ] } },
{ "type": "Feature", "properties": { "FID": 18, "Kecamatan": "KEMAYORAN", "KOTAMADYA": "JAKARTA PUSAT", "ID": "3173060000", "is_in_subd": "KEMAYORAN", "city": "dki", "source_layer": "Kecamatan", "role": "admin_kec" }, "geometry": { "type": "Polygon", "coordinates": [ [ [ 106.850066553832264, -6.15110493503802 ], [ 106.84962637934305, -6.149032838142575 ], [ 106.847182961770244, -6.146925007155233 ], [ 106.843931060441733, -6.144951140904345 ], [ 106.843104610380337, -6.14654095230462 ], [ 106.843374104965577, -6.1471125687257 ], [ 106.841909851052463, -6.147782430937537 ], [ 106.842026632039392, -6.148264731207734 ], [ 106.841451710257559, -6.148925660497332 ], [ 106.840921704239932, -6.152560756905928 ], [ 106.840661192807545, -6.153069847047613 ], [ 106.839816776440458, -6.153936192308012 ], [ 106.840786956947312, -6.158151790320868 ], [ 106.837355392561975, -6.159134234202756 ], [ 106.838415404597242, -6.163644521416883 ], [ 106.840436613986498, -6.171057385410565 ], [ 106.840786956947312, -6.171825459367472 ], [ 106.842960879934893, -6.171584319989275 ], [ 106.842987829393408, -6.170226792553113 ], [ 106.843643599550816, -6.170182136986268 ], [ 106.843544784869565, -6.168601327495963 ], [ 106.845107853463915, -6.168556671792174 ], [ 106.845530061647466, -6.168288737490462 ], [ 106.848898743962906, -6.168163701436653 ], [ 106.849311968993604, -6.168735294584753 ], [ 106.852456072488025, -6.16903002206092 ], [ 106.852159628444269, -6.174513709447588 ], [ 106.854674911239798, -6.174299364426793 ], [ 106.858950891992208, -6.173647397788679 ], [ 106.860729556254768, -6.173066878873876 ], [ 106.868967107410143, -6.169065746592351 ], [ 106.87328800392676, -6.167243792419962 ], [ 106.876423124268342, -6.166163120565584 ], [ 106.877887378181441, -6.166136327020556 ], [ 106.878893491299664, -6.16628815709115 ], [ 106.88192979695998, -6.162599567196658 ], [ 106.876953130285969, -6.163483759363106 ], [ 106.872704098992074, -6.160768659541939 ], [ 106.860208533389979, -6.15371290758218 ], [ 106.860855320394535, -6.152846561957786 ], [ 106.861178713896834, -6.151426466591148 ], [ 106.860352263835438, -6.152605413955412 ], [ 106.859965988263269, -6.152730453674004 ], [ 106.859121571896196, -6.152828699146547 ], [ 106.858699363712645, -6.152730453674004 ], [ 106.856803918463157, -6.151640820851861 ], [ 106.856184080917117, -6.15220350037499 ], [ 106.853273539396582, -6.152355334429979 ], [ 106.85038096418171, -6.152801904928564 ], [ 106.850066553832264, -6.15110493503802 ] ] ] } },
{ "type": "Feature", "properties": { "FID": 19, "Kecamatan": "KEMBANGAN", "KOTAMADYA": "JAKARTA BARAT", "ID": "3174010000", "is_in_subd": "KEMBANGAN", "city": "dki", "source_layer": "Kecamatan", "role": "admin_kec" }, "geometry": { "type": "Polygon", "coordinates": [ [ [ 106.758788737812878, -6.222578383815757 ], [ 106.760190109656108, -6.222614104722741 ], [ 106.760432654782818, -6.22214080250816 ], [ 106.761744195097648, -6.22220331414584 ], [ 106.761896908695945, -6.222515872222695 ], [ 106.764780500757965, -6.222435500163545 ], [ 106.765535085596625, -6.222239035078318 ], [ 106.765418304609682, -6.221069173277381 ], [ 106.765633900277862, -6.219774285041862 ], [ 106.764582871395461, -6.218568696576238 ], [ 106.765005079578984, -6.218693720693734 ], [ 106.765463220373888, -6.218443672429014 ], [ 106.764708635535229, -6.217613154125028 ], [ 106.764376258880105, -6.216907659051593 ], [ 106.763684556111329, -6.216764773858189 ], [ 106.763388112067574, -6.21585387983782 ], [ 106.762795223980049, -6.216112859670756 ], [ 106.762777257674372, -6.214978705665895 ], [ 106.762858106049933, -6.214764377075341 ], [ 106.764313376810222, -6.214558978760801 ], [ 106.764502023019872, -6.214335719632315 ], [ 106.764358292574428, -6.213692732813029 ], [ 106.764951180661939, -6.213451612553247 ], [ 106.765750681264819, -6.212585364782684 ], [ 106.766190855754019, -6.211808419693207 ], [ 106.765993226391515, -6.210317039124433 ], [ 106.765759664417658, -6.209575812479794 ], [ 106.765193725788663, -6.208781002026952 ], [ 106.764915248050571, -6.208673836480866 ], [ 106.764924231203423, -6.20791474657185 ], [ 106.765247624705708, -6.207298543370674 ], [ 106.764546938784079, -6.206807366389707 ], [ 106.764088797989189, -6.205378485295963 ], [ 106.763675572958491, -6.205012333892022 ], [ 106.763729471875536, -6.204726557009742 ], [ 106.764421174644312, -6.204163933319895 ], [ 106.764394225185782, -6.202806489563995 ], [ 106.764304393657383, -6.202627878283253 ], [ 106.763873202320994, -6.202476058647042 ], [ 106.763846252862479, -6.201511556407675 ], [ 106.763235398469277, -6.200797109166979 ], [ 106.763181499552232, -6.199216391207247 ], [ 106.762480813630617, -6.197162343843805 ], [ 106.761717245639105, -6.196179970538942 ], [ 106.761501649970924, -6.196144247838853 ], [ 106.761339953219789, -6.196171039864147 ], [ 106.760872829272046, -6.196867632044372 ], [ 106.760549435769747, -6.196840840054444 ], [ 106.760387739018611, -6.196483613392082 ], [ 106.759902648765191, -6.196206762562424 ], [ 106.759866716153823, -6.195492308137477 ], [ 106.757773641541831, -6.193581137797376 ], [ 106.757225669218514, -6.192857749087977 ], [ 106.756875326257713, -6.192116497900928 ], [ 106.757288551288411, -6.190616130868247 ], [ 106.757144820842939, -6.190625061637003 ], [ 106.757144820842939, -6.190232107668903 ], [ 106.757602961637843, -6.190142799908114 ], [ 106.757881439375922, -6.189767707147927 ], [ 106.758106018196955, -6.189758776364677 ], [ 106.758303647559458, -6.18996418434124 ], [ 106.758519243227653, -6.189892738097582 ], [ 106.75875280520151, -6.189481922009031 ], [ 106.75842941169924, -6.188847835680104 ], [ 106.758043136127057, -6.188919282065066 ], [ 106.757881439375922, -6.188553119240015 ], [ 106.75813296765547, -6.187677899752077 ], [ 106.758034152974219, -6.187526075815819 ], [ 106.757701776319095, -6.187374251835946 ], [ 106.757315500746927, -6.18758859155956 ], [ 106.757108888231571, -6.18748142170862 ], [ 106.756956174633274, -6.186784817147791 ], [ 106.756704646353725, -6.186418652843839 ], [ 106.75692024202192, -6.185588084092241 ], [ 106.756489050685531, -6.185034370866214 ], [ 106.756578882213944, -6.184034113246025 ], [ 106.75665074743668, -6.183828702964839 ], [ 106.757252618677043, -6.183685808809129 ], [ 106.75775567523614, -6.183355365926161 ], [ 106.757872456223083, -6.18312316269569 ], [ 106.757656860554889, -6.182596239602227 ], [ 106.754288178239435, -6.184534242292651 ], [ 106.753964784737164, -6.18456996577788 ], [ 106.752051373181985, -6.182953475655102 ], [ 106.75148543455299, -6.181890697688966 ], [ 106.750533220351826, -6.181283395035316 ], [ 106.749940332264316, -6.180461749158958 ], [ 106.750335590989309, -6.180184889934944 ], [ 106.750578136116033, -6.179675825822406 ], [ 106.750551186657503, -6.179381104270256 ], [ 106.751305771496163, -6.177514530628613 ], [ 106.751081192675144, -6.177264462846479 ], [ 106.750641018185917, -6.177550254587846 ], [ 106.750308641530793, -6.177067980934791 ], [ 106.749895416500109, -6.177264462846479 ], [ 106.749778635513152, -6.177076911932359 ], [ 106.749787618666005, -6.176398155687804 ], [ 106.74935642732963, -6.175781915712131 ], [ 106.749715753443269, -6.175112088838171 ], [ 106.749589989303502, -6.17421898502163 ], [ 106.749778635513152, -6.173674190954004 ], [ 106.749563039844972, -6.173191913770822 ], [ 106.750209826849542, -6.171950494557406 ], [ 106.751144074745028, -6.171173489684781 ], [ 106.752159171016089, -6.170030308030849 ], [ 106.754485807601952, -6.166707922354218 ], [ 106.755698533235517, -6.166002359275112 ], [ 106.756156674030422, -6.165439694374711 ], [ 106.756659730589519, -6.164725198402867 ], [ 106.757072955620217, -6.162019036185134 ], [ 106.758222799183883, -6.160384614695949 ], [ 106.759363659594712, -6.159277134979598 ], [ 106.754629538047411, -6.158214309531144 ], [ 106.752671210728039, -6.157946370006711 ], [ 106.747676577748322, -6.158339347929614 ], [ 106.747523864150011, -6.160063088564693 ], [ 106.748790488700635, -6.165270001668545 ], [ 106.748826421312003, -6.165886253868353 ], [ 106.747694544054013, -6.165493281533799 ], [ 106.747487931538657, -6.165270001668545 ], [ 106.747182504342064, -6.165377176015597 ], [ 106.746769279311366, -6.165010996907098 ], [ 106.746481818420449, -6.165296795257339 ], [ 106.746796228769881, -6.165698698926818 ], [ 106.746760296158527, -6.165921978611602 ], [ 106.746427919503404, -6.166082739926439 ], [ 106.745870964027247, -6.165734423682699 ], [ 106.745700284123259, -6.165770148436175 ], [ 106.745772149345981, -6.16627029473216 ], [ 106.745502654760756, -6.166484643000333 ], [ 106.744909766673231, -6.166377468877076 ], [ 106.74456840686527, -6.166716853526418 ], [ 106.744352811197089, -6.166707922354218 ], [ 106.744182131293101, -6.166493574176293 ], [ 106.744128232376042, -6.165939840982323 ], [ 106.744011451389113, -6.165913047426015 ], [ 106.74381382202661, -6.166538230053838 ], [ 106.743598226358429, -6.166627541797649 ], [ 106.742672961615781, -6.166448918294987 ], [ 106.74168481480325, -6.167395622173466 ], [ 106.741837528401547, -6.167770730789848 ], [ 106.741639899039043, -6.168083321100775 ], [ 106.741244640314022, -6.16802973420342 ], [ 106.741181758244139, -6.167690350394394 ], [ 106.740472089169685, -6.167592107672288 ], [ 106.740346325029918, -6.167824317713382 ], [ 106.740534971239569, -6.16818156373186 ], [ 106.740499038628215, -6.168458429230603 ], [ 106.740382257641272, -6.168610258636269 ], [ 106.740031914680458, -6.168485222658291 ], [ 106.740049880986149, -6.16804759650314 ], [ 106.73942106028727, -6.168244081760344 ], [ 106.739439026592947, -6.168663845474945 ], [ 106.739052751020779, -6.168824605958472 ], [ 106.739052751020779, -6.169476578530752 ], [ 106.738882071116791, -6.169807030076218 ], [ 106.738567660767359, -6.169744512232067 ], [ 106.738612576531565, -6.169021090927687 ], [ 106.738307149334958, -6.16869063889225 ], [ 106.737992738985525, -6.168726363446554 ], [ 106.737768160164478, -6.169530165281849 ], [ 106.73837901455768, -6.170057101379083 ], [ 106.738253250417912, -6.170619761379109 ], [ 106.737965789526996, -6.17066441690908 ], [ 106.737840025387214, -6.169994583564428 ], [ 106.737579513954827, -6.169896341269357 ], [ 106.736447636696838, -6.170387552562603 ], [ 106.735666102399648, -6.169940996860284 ], [ 106.735423557272938, -6.170342897009304 ], [ 106.735755933928061, -6.170959143312514 ], [ 106.73552237195419, -6.171164558587667 ], [ 106.735306776285995, -6.17123600736036 ], [ 106.73498338278371, -6.170950212211787 ], [ 106.73447134307176, -6.171280662838401 ], [ 106.734327612626302, -6.171745079586934 ], [ 106.73363590985754, -6.171459284712931 ], [ 106.732584880975111, -6.17270963614856 ], [ 106.73223453801431, -6.172673911862778 ], [ 106.731929110817703, -6.172959706081578 ], [ 106.731695548843845, -6.173834949917484 ], [ 106.732000976040439, -6.17415646769807 ], [ 106.731983009734762, -6.174352950690126 ], [ 106.730806216712566, -6.175067433683116 ], [ 106.731048761839261, -6.175996260132843 ], [ 106.730833166171081, -6.176130225351726 ], [ 106.730051631873906, -6.175540778135114 ], [ 106.729503659550588, -6.175951605052351 ], [ 106.729018569297168, -6.175764053673154 ], [ 106.727680079523822, -6.176710740908527 ], [ 106.727787877357926, -6.177335910796287 ], [ 106.727545332231202, -6.17774673632053 ], [ 106.727356686021537, -6.177684219413496 ], [ 106.727293803951653, -6.177452013694155 ], [ 106.72682668000391, -6.177326979803087 ], [ 106.726647016947084, -6.177550254587846 ], [ 106.726638033794245, -6.17802359682007 ], [ 106.726997359907884, -6.178264733266194 ], [ 106.727105157741974, -6.178523731548924 ], [ 106.726889562073794, -6.178979210980076 ], [ 106.726593118030038, -6.178943487117291 ], [ 106.726090061470941, -6.178541593494786 ], [ 106.725856499497056, -6.178595179328751 ], [ 106.725245645103854, -6.179720480588716 ], [ 106.725398358702151, -6.179925892465203 ], [ 106.725856499497056, -6.17995268531278 ], [ 106.725874465802733, -6.180309923150825 ], [ 106.725299544020899, -6.180988674378606 ], [ 106.724724622239066, -6.180827917587564 ], [ 106.724500043418047, -6.181194085762742 ], [ 106.725003099977144, -6.182167556020282 ], [ 106.724176649915748, -6.182524792362696 ], [ 106.724095801540187, -6.18269447954082 ], [ 106.724410211889634, -6.183230333430115 ], [ 106.724338346666897, -6.183873357380581 ], [ 106.723898172177684, -6.184007320605179 ], [ 106.723619694439606, -6.183730463236937 ], [ 106.723368166160057, -6.183694739694992 ], [ 106.722990873740713, -6.184159145552029 ], [ 106.722945957976506, -6.18445386444206 ], [ 106.723125621033333, -6.184686067088204 ], [ 106.724374279278265, -6.18494506222706 ], [ 106.724428178195311, -6.185320158410127 ], [ 106.724176649915748, -6.185847078789209 ], [ 106.723449014535618, -6.185570222384324 ], [ 106.722712396002649, -6.185677392622769 ], [ 106.722380019347511, -6.186534753748166 ], [ 106.721311024159419, -6.187025949599673 ], [ 106.721185260019638, -6.186865194643976 ], [ 106.72004439960881, -6.187204566159768 ], [ 106.719011337032072, -6.187811862012554 ], [ 106.718068105983747, -6.1877672079295 ], [ 106.717529116813282, -6.188329849100208 ], [ 106.717223689616674, -6.189312237009666 ], [ 106.716891312961536, -6.189758776364677 ], [ 106.715930115607549, -6.190267830768991 ], [ 106.715175530768875, -6.189910599659401 ], [ 106.714959935100694, -6.18996418434124 ], [ 106.714843154113751, -6.191875367772422 ], [ 106.71664876783484, -6.192402281614364 ], [ 106.717708779870094, -6.192554104149219 ], [ 106.721948828011136, -6.191169838245577 ], [ 106.724023936317451, -6.19074116161709 ], [ 106.724769538003272, -6.194045534964984 ], [ 106.724338346666897, -6.195528030881693 ], [ 106.723242402020276, -6.197215927789654 ], [ 106.723907155330522, -6.197608876559609 ], [ 106.723206469408908, -6.198430495769274 ], [ 106.723071722116288, -6.198930611183452 ], [ 106.723188503103231, -6.199457517981892 ], [ 106.723475963994147, -6.199787950790339 ], [ 106.723089688421965, -6.200109452783646 ], [ 106.723772408037902, -6.200368440357949 ], [ 106.724526992876562, -6.201109679953891 ], [ 106.724365296125427, -6.201958085441535 ], [ 106.724742588544743, -6.202136696949194 ], [ 106.724760554850434, -6.202806489563995 ], [ 106.724014953164613, -6.204539015846529 ], [ 106.724500043418047, -6.20475334859904 ], [ 106.724410211889634, -6.20762004078296 ], [ 106.723799357496432, -6.207602179820758 ], [ 106.723386132465734, -6.211245803567725 ], [ 106.723062738963449, -6.211897723784812 ], [ 106.723493930299824, -6.21196023663992 ], [ 106.723431048229941, -6.212487130409416 ], [ 106.722676463391281, -6.212165635968721 ], [ 106.719963551233235, -6.212147775160703 ], [ 106.719891686010513, -6.212460339213526 ], [ 106.720071349067325, -6.212844346224323 ], [ 106.719703039800834, -6.213880270716478 ], [ 106.719828803940629, -6.214174973001151 ], [ 106.71953235989686, -6.214228555216994 ], [ 106.719307781075827, -6.214541118034008 ], [ 106.719146084324677, -6.215621690913688 ], [ 106.718723876141155, -6.216068207984518 ], [ 106.718660994071271, -6.216737982880105 ], [ 106.718247769040573, -6.217800690630899 ], [ 106.718589128848535, -6.217898924012045 ], [ 106.718086072289438, -6.219524237291028 ], [ 106.717924375538288, -6.22096201023413 ], [ 106.718077089136585, -6.221738941802679 ], [ 106.718283701651941, -6.221810383728334 ], [ 106.718238785887735, -6.224132241024763 ], [ 106.727078208283459, -6.224409077171645 ], [ 106.732414201071137, -6.223917916165699 ], [ 106.736133226347377, -6.223917916165699 ], [ 106.737453749815046, -6.223775032877749 ], [ 106.744604339476638, -6.223828614115284 ], [ 106.747029790743767, -6.223533917241219 ], [ 106.749634905067708, -6.223453545337787 ], [ 106.754279195086596, -6.223426754700577 ], [ 106.754297161392273, -6.2236946610112 ], [ 106.755177510370729, -6.2236946610112 ], [ 106.755195476676406, -6.22341782448787 ], [ 106.756821427340668, -6.223462475549887 ], [ 106.757863473070245, -6.222658755853055 ], [ 106.758788737812878, -6.222578383815757 ] ] ] } },
{ "type": "Feature", "properties": { "FID": 20, "Kecamatan": "KOJA", "KOTAMADYA": "JAKARTA UTARA", "ID": "3175040000", "is_in_subd": "KOJA", "city": "dki", "source_layer": "Kecamatan", "role": "admin_kec" }, "geometry": { "type": "Polygon", "coordinates": [ [ [ 106.894542143549032, -6.107633869201688 ], [ 106.893302468456938, -6.107544547569605 ], [ 106.893194670622847, -6.107714258657822 ], [ 106.893257552692731, -6.109759719647441 ], [ 106.893077889635904, -6.111296043285588 ], [ 106.893059923330227, -6.115779939375534 ], [ 106.893796541863196, -6.12894558422103 ], [ 106.894676890841652, -6.12902597047199 ], [ 106.892440085784187, -6.137930905701299 ], [ 106.897758112266175, -6.141199881699678 ], [ 106.902653930564625, -6.143924013035991 ], [ 106.90359716161295, -6.142843293747666 ], [ 106.905348876416994, -6.144066917901599 ], [ 106.906022612880079, -6.14394187614629 ], [ 106.906660416731796, -6.143531024457737 ], [ 106.907513816251708, -6.143325598494544 ], [ 106.907810260295477, -6.14303085675671 ], [ 106.908376198924472, -6.14303978832692 ], [ 106.909400278348372, -6.142387783307733 ], [ 106.911116060541033, -6.141905477711252 ], [ 106.912167089423448, -6.141155223692801 ], [ 106.912436584008688, -6.140512147978524 ], [ 106.912957606873476, -6.140038772303771 ], [ 106.913029472096198, -6.139654712484918 ], [ 106.914062534672937, -6.137984495633499 ], [ 106.914296096646808, -6.137930905701299 ], [ 106.914394911328074, -6.137395006082827 ], [ 106.915122546708204, -6.137645092638523 ], [ 106.916344255494607, -6.137386074417953 ], [ 106.916955109887809, -6.13771654591859 ], [ 106.917188671861666, -6.137439664404953 ], [ 106.917269520237255, -6.136439317092277 ], [ 106.917934273547502, -6.135617601823555 ], [ 106.917979189311708, -6.135224607116768 ], [ 106.918392414342406, -6.134849475535452 ], [ 106.918608010010587, -6.134215323928604 ], [ 106.919155982333905, -6.13354544465139 ], [ 106.919560224211764, -6.132152093058966 ], [ 106.919191914945259, -6.131580460583272 ], [ 106.918536144787865, -6.131169599362933 ], [ 106.918347498578186, -6.129490424129294 ], [ 106.918608010010587, -6.128347152861005 ], [ 106.919335645390717, -6.127507561463457 ], [ 106.919659038893016, -6.126587582138974 ], [ 106.919955482936757, -6.12653399106149 ], [ 106.920332775356101, -6.126712627965516 ], [ 106.920242943827688, -6.125712260532997 ], [ 106.920629219399856, -6.125667601228906 ], [ 106.921608383059549, -6.12519421237585 ], [ 106.921365837932839, -6.121219515829476 ], [ 106.92147363576693, -6.120210206155162 ], [ 106.92085379822089, -6.120281661770037 ], [ 106.920683118316902, -6.119013323185619 ], [ 106.918985302429917, -6.11961176500547 ], [ 106.918868521442974, -6.119102642902769 ], [ 106.916991042499177, -6.1190669150177 ], [ 106.917440200141229, -6.108268052361008 ], [ 106.91078368388591, -6.108937963333155 ], [ 106.906759231413048, -6.108759320489212 ], [ 106.906840079788623, -6.111671191410982 ], [ 106.90672329880168, -6.112001678827354 ], [ 106.899348130319069, -6.111948086287214 ], [ 106.899473894458836, -6.108053680672885 ], [ 106.896796914912173, -6.107669597850348 ], [ 106.894542143549032, -6.107633869201688 ] ] ] } },
{ "type": "Feature", "properties": { "FID": 21, "Kecamatan": "KRAMAT JATI", "KOTAMADYA": "JAKARTA TIMUR", "ID": "3172050000", "is_in_subd": "KRAMAT JATI", "city": "dki", "source_layer": "Kecamatan", "role": "admin_kec" }, "geometry": { "type": "Polygon", "coordinates": [ [ [ 106.872138160363079, -6.253431411005524 ], [ 106.872614267463675, -6.252145532418124 ], [ 106.873701228957458, -6.250198849096192 ], [ 106.874779207298403, -6.247359178783742 ], [ 106.875156499717718, -6.246841249832552 ], [ 106.873934790931315, -6.246439408051844 ], [ 106.872623250616513, -6.24623402213369 ], [ 106.869443214510724, -6.244840967692555 ], [ 106.865652324011748, -6.243510418643988 ], [ 106.864331800544079, -6.243215732826966 ], [ 106.86255313628152, -6.243081784673505 ], [ 106.862669917268462, -6.243608647212816 ], [ 106.862032113416731, -6.245555355048475 ], [ 106.862059062875261, -6.246546565890196 ], [ 106.862930428700864, -6.247993194560754 ], [ 106.864017390194647, -6.249270153582935 ], [ 106.864017390194647, -6.249484468078464 ], [ 106.862229742779249, -6.250439952469504 ], [ 106.862202793320733, -6.251154332182453 ], [ 106.862903479242334, -6.253163519893906 ], [ 106.862373473224707, -6.253779669245433 ], [ 106.86131346118944, -6.254056489732196 ], [ 106.861017017145684, -6.253868966192661 ], [ 106.860846337241696, -6.252315197135036 ], [ 106.860558876350794, -6.251323997220904 ], [ 106.859957005110431, -6.250868580414346 ], [ 106.858905976228002, -6.251529381141187 ], [ 106.858232239764916, -6.25222589992247 ], [ 106.857594435913185, -6.253565356509863 ], [ 106.857549520148979, -6.254806583217714 ], [ 106.857819014734218, -6.25531557461279 ], [ 106.859615645302455, -6.254351169444142 ], [ 106.860460061669528, -6.254699427071389 ], [ 106.860702606796238, -6.255163770213492 ], [ 106.860729556254768, -6.255449519634383 ], [ 106.860513960586587, -6.255851354493216 ], [ 106.859615645302455, -6.256396063475292 ], [ 106.859337167564391, -6.256744319740088 ], [ 106.85956174638541, -6.257074716494723 ], [ 106.86042412905816, -6.257047927576453 ], [ 106.860567859503632, -6.257547987157704 ], [ 106.860010904027476, -6.259619657467227 ], [ 106.859471914856996, -6.262512838459685 ], [ 106.858896993075163, -6.263012892808951 ], [ 106.858223256612078, -6.262870020186605 ], [ 106.856965615214307, -6.262878949726647 ], [ 106.856273912445531, -6.262566415734302 ], [ 106.855276782480161, -6.261700249120675 ], [ 106.854513214488662, -6.261994924521624 ], [ 106.854261686209114, -6.262289599756274 ], [ 106.854755759615372, -6.262932526963693 ], [ 106.857181210882501, -6.26381655058109 ], [ 106.857199177188178, -6.264004070549897 ], [ 106.856947648908616, -6.264334462711981 ], [ 106.854342534584674, -6.264629136626046 ], [ 106.853947275859667, -6.265120259446446 ], [ 106.854270669361952, -6.265700676729244 ], [ 106.855240849868792, -6.266120362670033 ], [ 106.855456445536987, -6.266513259840597 ], [ 106.855716956969374, -6.268325940682421 ], [ 106.856633238559183, -6.27037077998225 ], [ 106.856444592349504, -6.270540438777914 ], [ 106.855833737956317, -6.270460074092112 ], [ 106.855375597161427, -6.269638567704631 ], [ 106.855142035187541, -6.269576061730866 ], [ 106.854953388977876, -6.269638567704631 ], [ 106.854872540602315, -6.269879662104692 ], [ 106.854908473213669, -6.270540438777914 ], [ 106.856067299930189, -6.271504814041386 ], [ 106.856579339642138, -6.271736978190262 ], [ 106.856947648908616, -6.272442399392891 ], [ 106.856723070087597, -6.272737068726517 ], [ 106.856381710279621, -6.272826362431093 ], [ 106.855456445536987, -6.272647775006646 ], [ 106.854576096558546, -6.272031647922638 ], [ 106.853578966593176, -6.27193342469702 ], [ 106.853569983440323, -6.272960302959275 ], [ 106.853354387772143, -6.273335336255075 ], [ 106.853066926881226, -6.273406771137966 ], [ 106.851988948540296, -6.273219254549496 ], [ 106.851521824592538, -6.273424629857158 ], [ 106.851315212077182, -6.273808592171791 ], [ 106.851953015928913, -6.275130134720129 ], [ 106.85175538656641, -6.276040925606498 ], [ 106.851342161535712, -6.276549896290667 ], [ 106.850560627238536, -6.276764199587864 ], [ 106.849446716286224, -6.276505249759321 ], [ 106.848135175971407, -6.277933936864354 ], [ 106.846769736739546, -6.278853652114744 ], [ 106.846787703045223, -6.279407266336678 ], [ 106.848099243360053, -6.280041243190424 ], [ 106.849159255395307, -6.279666214722311 ], [ 106.84997672230385, -6.279532275918235 ], [ 106.850434863098755, -6.279639426964252 ], [ 106.850389947334548, -6.279916233731067 ], [ 106.849329935299295, -6.280675219272186 ], [ 106.847614153106619, -6.282871806484695 ], [ 106.847569237342412, -6.283166469917732 ], [ 106.847874664539006, -6.28343434562116 ], [ 106.848216024346982, -6.283478991558323 ], [ 106.848575350460635, -6.283318266166604 ], [ 106.848880777657229, -6.283648646084614 ], [ 106.847533304731058, -6.28510410106349 ], [ 106.847398557438424, -6.285363046614671 ], [ 106.847416523744101, -6.286372040118865 ], [ 106.847712967787871, -6.287104228869802 ], [ 106.848557384154958, -6.288095360780695 ], [ 106.849437733133385, -6.288568603278984 ], [ 106.849770109788508, -6.288515028678158 ], [ 106.850354014723194, -6.287907849482986 ], [ 106.850686391378304, -6.287952495036193 ], [ 106.851207414243092, -6.288291801115292 ], [ 106.85127029631299, -6.288818618009849 ], [ 106.85075825660104, -6.289827604809116 ], [ 106.84949163205043, -6.290175838736576 ], [ 106.849329935299295, -6.290443710829715 ], [ 106.850120452749309, -6.292417030994438 ], [ 106.850443846251594, -6.292792050268876 ], [ 106.851036734339118, -6.29297955980459 ], [ 106.851423009911286, -6.292756334159161 ], [ 106.851575723509583, -6.292515250354382 ], [ 106.851719453955042, -6.291158035736487 ], [ 106.851872167553338, -6.291024099891249 ], [ 106.852554887169291, -6.29094373836754 ], [ 106.853695747580119, -6.2903097748004 ], [ 106.854153888375009, -6.290256200379011 ], [ 106.854567113405707, -6.29053300149675 ], [ 106.854216770444893, -6.29173842400031 ], [ 106.852366240959611, -6.293979609518781 ], [ 106.85226742627836, -6.294711787553088 ], [ 106.852411156723818, -6.294845722447702 ], [ 106.853219640479537, -6.293943893490709 ], [ 106.853812528567047, -6.293684952213749 ], [ 106.855869670567671, -6.294443917660255 ], [ 106.855779839039258, -6.29276526318682 ], [ 106.856956632061454, -6.292542037449325 ], [ 106.857872913651264, -6.292595611635071 ], [ 106.85783698103991, -6.292211663181837 ], [ 106.859498864315526, -6.292238450292432 ], [ 106.859444965398481, -6.292524179386183 ], [ 106.8596695442195, -6.293077779058194 ], [ 106.860379213293953, -6.293979609518781 ], [ 106.861538040010473, -6.293684952213749 ], [ 106.862301608001985, -6.293747455292417 ], [ 106.862732799338346, -6.294854651439448 ], [ 106.865266048439565, -6.29458678162029 ], [ 106.865364863120817, -6.29599756111563 ], [ 106.865688256623116, -6.29599756111563 ], [ 106.86572418923447, -6.297354763089078 ], [ 106.865553509330482, -6.297988718058462 ], [ 106.866945898020873, -6.298319088651169 ], [ 106.866721319199854, -6.299176265424743 ], [ 106.868931174798774, -6.299890578321386 ], [ 106.869461180816401, -6.300301307791781 ], [ 106.870557125463037, -6.298810179684201 ], [ 106.871392558677272, -6.296988676064046 ], [ 106.871778834249426, -6.29570290495537 ], [ 106.872165109821609, -6.29351530096231 ], [ 106.871895615236383, -6.291961650083033 ], [ 106.871006283105089, -6.288925767143415 ], [ 106.870682889602804, -6.286988150234143 ], [ 106.872111210904563, -6.2873988899055 ], [ 106.871922564694898, -6.288479312274539 ], [ 106.872201042432977, -6.289059703529319 ], [ 106.872407654948333, -6.28910434898362 ], [ 106.872910711507416, -6.289675810460038 ], [ 106.87328800392676, -6.290559788693869 ], [ 106.873323936538114, -6.2916223463994 ], [ 106.873108340869933, -6.291934862958169 ], [ 106.87326105446823, -6.292372385824691 ], [ 106.873090374564256, -6.292649185815292 ], [ 106.873746144721665, -6.292836695402564 ], [ 106.873602414276206, -6.293863532418568 ], [ 106.873853942555755, -6.294702858558886 ], [ 106.87466242631146, -6.294631426599743 ], [ 106.875246331246146, -6.295060018207248 ], [ 106.875192432329087, -6.295827910619535 ], [ 106.874752257839873, -6.295943987280746 ], [ 106.874096487682465, -6.296506512271378 ], [ 106.874401914879058, -6.297185113036399 ], [ 106.873782077333018, -6.297310118343747 ], [ 106.87415038659951, -6.297997646996164 ], [ 106.874078521376774, -6.298176225717961 ], [ 106.873647330040413, -6.298256586122728 ], [ 106.87318020609267, -6.29808693636474 ], [ 106.872677149533558, -6.298658387959964 ], [ 106.872578334852307, -6.298961971364052 ], [ 106.873036475647211, -6.299426275050394 ], [ 106.873036475647211, -6.300256663299876 ], [ 106.873171222939817, -6.300488814615843 ], [ 106.873557498512, -6.300765610279916 ], [ 106.873961740389845, -6.300203089904519 ], [ 106.874581577935885, -6.299881649416245 ], [ 106.874554628477355, -6.300542387981702 ], [ 106.874770224145564, -6.300756681389831 ], [ 106.874572594783046, -6.301122765757327 ], [ 106.874590561088723, -6.301542423129153 ], [ 106.874958870355215, -6.301703142883795 ], [ 106.874860055673963, -6.302203159579844 ], [ 106.87517446602341, -6.302283519361048 ], [ 106.875354129080236, -6.302078155451012 ], [ 106.875731421499552, -6.302069226583513 ], [ 106.875758370958081, -6.301765644997155 ], [ 106.875938034014908, -6.301667427387065 ], [ 106.877249574329724, -6.30232816367856 ], [ 106.877375338469491, -6.303729993294001 ], [ 106.87807602439112, -6.304024644896923 ], [ 106.878174839072372, -6.30492645633837 ], [ 106.87923485110764, -6.305444327546368 ], [ 106.879225867954787, -6.306069343832736 ], [ 106.879405531011614, -6.30659614268895 ], [ 106.882378954602046, -6.305953269436522 ], [ 106.884265416698696, -6.305792550998862 ], [ 106.883699478069701, -6.302854966335052 ], [ 106.883178455204913, -6.302042439980098 ], [ 106.882477769283298, -6.299006615967325 ], [ 106.881893864348612, -6.297711920913518 ], [ 106.88133690887247, -6.295649331090087 ], [ 106.87945044677582, -6.290916951190209 ], [ 106.877644833054745, -6.286997079360882 ], [ 106.876872281910394, -6.284773722069678 ], [ 106.875623623665462, -6.282300337532949 ], [ 106.874788190451241, -6.280103747908846 ], [ 106.874761240992711, -6.279478700386957 ], [ 106.87380004363871, -6.277192805917762 ], [ 106.873216138704024, -6.275281933311756 ], [ 106.872704098992074, -6.272317388110119 ], [ 106.87266816638072, -6.270352921158444 ], [ 106.873243088162553, -6.25992326363271 ], [ 106.872219008738654, -6.255770987546163 ], [ 106.871329676607374, -6.255395941629864 ], [ 106.872003413070473, -6.254092208494004 ], [ 106.872138160363079, -6.253431411005524 ] ] ] } },
{ "type": "Feature", "properties": { "FID": 22, "Kecamatan": "MAKASAR", "KOTAMADYA": "JAKARTA TIMUR", "ID": "3172040000", "is_in_subd": "MAKASAR", "city": "dki", "source_layer": "Kecamatan", "role": "admin_kec" }, "geometry": { "type": "Polygon", "coordinates": [ [ [ 106.901728665821977, -6.244867757235993 ], [ 106.89918643356792, -6.243930122400158 ], [ 106.897776078571852, -6.242947836485788 ], [ 106.894721806605844, -6.240367094715229 ], [ 106.893931289155816, -6.239831298982424 ], [ 106.893077889635904, -6.239554470972496 ], [ 106.889942769294322, -6.23935801229609 ], [ 106.877977209709854, -6.239867018714989 ], [ 106.877366355316653, -6.241786950757352 ], [ 106.877114827037104, -6.243510418643988 ], [ 106.876405157962651, -6.245930408020115 ], [ 106.875156499717718, -6.246841249832552 ], [ 106.874779207298403, -6.247359178783742 ], [ 106.873701228957458, -6.250198849096192 ], [ 106.872614267463675, -6.252145532418124 ], [ 106.872003413070473, -6.254092208494004 ], [ 106.871329676607374, -6.255395941629864 ], [ 106.872219008738654, -6.255770987546163 ], [ 106.873243088162553, -6.25992326363271 ], [ 106.87266816638072, -6.270352921158444 ], [ 106.872704098992074, -6.272317388110119 ], [ 106.873216138704024, -6.275281933311756 ], [ 106.87380004363871, -6.277192805917762 ], [ 106.874761240992711, -6.279478700386957 ], [ 106.874788190451241, -6.280103747908846 ], [ 106.875623623665462, -6.282300337532949 ], [ 106.876872281910394, -6.284773722069678 ], [ 106.877644833054745, -6.286997079360882 ], [ 106.87945044677582, -6.290916951190209 ], [ 106.88133690887247, -6.295649331090087 ], [ 106.881893864348612, -6.297711920913518 ], [ 106.882477769283298, -6.299006615967325 ], [ 106.883178455204913, -6.302042439980098 ], [ 106.884337281921432, -6.301926364682648 ], [ 106.88938581381818, -6.301944222422408 ], [ 106.88938581381818, -6.300488814615843 ], [ 106.892170591198948, -6.300435241244452 ], [ 106.892305338491568, -6.299917365035886 ], [ 106.892826361356356, -6.299863791605504 ], [ 106.892817378203517, -6.297202970939291 ], [ 106.891362107443243, -6.296836883807236 ], [ 106.89051769107617, -6.296202927431488 ], [ 106.889646325250581, -6.294604639612532 ], [ 106.889304965442605, -6.293024204922167 ], [ 106.888685127896565, -6.292167017994443 ], [ 106.888541397451107, -6.291166964791608 ], [ 106.88828088601872, -6.290658008404829 ], [ 106.888020374586318, -6.290568717759269 ], [ 106.896105212143382, -6.28950615789979 ], [ 106.896877763287733, -6.289095419893066 ], [ 106.897578449209348, -6.288407879459943 ], [ 106.899527793375881, -6.285773787569397 ], [ 106.900560855952619, -6.285291613372047 ], [ 106.908735525038125, -6.284345121981285 ], [ 106.908483996758562, -6.282773585303273 ], [ 106.907989923352289, -6.282550355276552 ], [ 106.908061788575026, -6.282139611777211 ], [ 106.90876247449664, -6.281577071241266 ], [ 106.908969087011982, -6.281023459326613 ], [ 106.909022985929028, -6.280478776061794 ], [ 106.908600777745491, -6.27992516297916 ], [ 106.908744508190964, -6.279469771131208 ], [ 106.908591794592652, -6.278951874035779 ], [ 106.908951120706305, -6.278273249475906 ], [ 106.908969087011982, -6.277978583273241 ], [ 106.90876247449664, -6.277683916903859 ], [ 106.909157733221647, -6.277041007882922 ], [ 106.90940926150121, -6.275764116780036 ], [ 106.909229598444369, -6.275415873208818 ], [ 106.909472143571094, -6.2751569227101 ], [ 106.909094851151764, -6.274460434523273 ], [ 106.909346379431312, -6.273540711516995 ], [ 106.909732655003481, -6.273299618809959 ], [ 106.909696722392113, -6.272915656120372 ], [ 106.91002909904725, -6.272772786210183 ], [ 106.909651806627906, -6.272228094318358 ], [ 106.909508076182462, -6.272576340019735 ], [ 106.909256547902899, -6.272754927468657 ], [ 106.908618744051168, -6.272879938646496 ], [ 106.908430097841517, -6.272745998097665 ], [ 106.908501963064239, -6.272040577305869 ], [ 106.908331283160265, -6.271960212851297 ], [ 106.907459917334663, -6.272049506688945 ], [ 106.907253304819321, -6.272219164938339 ], [ 106.906624484120428, -6.271915565926736 ], [ 106.906498719980661, -6.271540531609481 ], [ 106.906049562338595, -6.271710190024513 ], [ 106.905735151989148, -6.271361943744536 ], [ 106.905429724792555, -6.270183262301769 ], [ 106.905259044888567, -6.270308274096248 ], [ 106.904782937787999, -6.270147544640699 ], [ 106.904208016006152, -6.27034399174631 ], [ 106.904252931770358, -6.269995744553857 ], [ 106.904917685080605, -6.269459979188283 ], [ 106.904953617691973, -6.269218884594207 ], [ 106.90537582587551, -6.269129590271821 ], [ 106.905609387849381, -6.268879566087811 ], [ 106.905411758486878, -6.268308081788592 ], [ 106.905609387849381, -6.267602654993326 ], [ 106.905366842722671, -6.267620513911304 ], [ 106.90521412912436, -6.267906256515814 ], [ 106.904881752469237, -6.267718737949258 ], [ 106.905061415526063, -6.266468612449751 ], [ 106.904675139953895, -6.266388247136599 ], [ 106.904558358966952, -6.266084644730767 ], [ 106.904603274731159, -6.265843548576769 ], [ 106.905124297595947, -6.265539945854022 ], [ 106.904720055718087, -6.265084541438728 ], [ 106.904693106259572, -6.264772008766919 ], [ 106.904818870399353, -6.26453091200651 ], [ 106.905250061735728, -6.264495193958459 ], [ 106.905277011194244, -6.264307674166089 ], [ 106.90499853345618, -6.264111224787541 ], [ 106.905034466067534, -6.263432580910969 ], [ 106.905124297595947, -6.263253990270498 ], [ 106.905438707945393, -6.263387933256579 ], [ 106.905519556320968, -6.263280778870465 ], [ 106.905357859569833, -6.26286109064641 ], [ 106.904342763298772, -6.262012783631489 ], [ 106.905133280748785, -6.260950165531544 ], [ 106.9054836237096, -6.260735855736766 ], [ 106.905429724792555, -6.260110784999703 ], [ 106.905771084600516, -6.259753601385517 ], [ 106.910118930575663, -6.257967679651171 ], [ 106.909723671850642, -6.255369152625546 ], [ 106.910487239842155, -6.255270926264631 ], [ 106.911466403501834, -6.255431660300153 ], [ 106.911735898087073, -6.255163770213492 ], [ 106.91315523623598, -6.255869213813105 ], [ 106.913119303624612, -6.256065666291608 ], [ 106.914817119511596, -6.256181751812379 ], [ 106.914844068970126, -6.256913982964506 ], [ 106.915499839127534, -6.256922912606371 ], [ 106.915454923363328, -6.256681812222469 ], [ 106.915706451642876, -6.256467500676734 ], [ 106.917440200141229, -6.256208540775049 ], [ 106.91745816644692, -6.255735268899062 ], [ 106.917880374630457, -6.255672761260762 ], [ 106.917925290394663, -6.253672512888629 ], [ 106.919129032875375, -6.253824317720954 ], [ 106.91931767908504, -6.253690372282954 ], [ 106.919362594849247, -6.252261618809325 ], [ 106.919919550325403, -6.251779413630937 ], [ 106.920108196535068, -6.251395435115367 ], [ 106.920665152011225, -6.251368645906087 ], [ 106.920620236247004, -6.250573898739995 ], [ 106.921087360194747, -6.250538179737884 ], [ 106.921222107487381, -6.250252427633198 ], [ 106.92085379822089, -6.249261223810382 ], [ 106.921114309653277, -6.248573630866228 ], [ 106.92106939388907, -6.247778879454458 ], [ 106.914529658620694, -6.248270018109822 ], [ 106.91291269110927, -6.248118211665563 ], [ 106.905914815045989, -6.246332250191556 ], [ 106.901728665821977, -6.244867757235993 ] ] ] } },
{ "type": "Feature", "properties": { "FID": 23, "Kecamatan": "MAMPANG PRAPATAN", "KOTAMADYA": "JAKARTA SELATAN", "ID": "3171070000", "is_in_subd": "MAMPANG PRAPATAN", "city": "dki", "source_layer": "Kecamatan", "role": "admin_kec" }, "geometry": { "type": "Polygon", "coordinates": [ [ [ 106.82082639133418, -6.231758576993838 ], [ 106.817879917202262, -6.227516776162874 ], [ 106.816703124180066, -6.22833834868457 ], [ 106.817278045961899, -6.22984753833618 ], [ 106.816721090485743, -6.232044339185618 ], [ 106.81681092201417, -6.232187220223144 ], [ 106.817152281822132, -6.232106849644324 ], [ 106.817475675324417, -6.232249730664828 ], [ 106.817484658477255, -6.232785534145162 ], [ 106.817799068826687, -6.233026645532784 ], [ 106.817529574241462, -6.233312407033872 ], [ 106.817547540547139, -6.233866069499239 ], [ 106.817790085673849, -6.234321501089124 ], [ 106.817843984590894, -6.235669933477501 ], [ 106.818616535735245, -6.235955693538394 ], [ 106.818607552582407, -6.236071783518647 ], [ 106.818230260163077, -6.236161083485968 ], [ 106.818275175927269, -6.236848692724904 ], [ 106.817987715036367, -6.237697040543226 ], [ 106.81794279927216, -6.238473947340903 ], [ 106.81643362959484, -6.241063628348786 ], [ 106.816173118162439, -6.240885030069483 ], [ 106.81592158988289, -6.24131366583753 ], [ 106.815768876284594, -6.241670862043011 ], [ 106.816029387716981, -6.242269165141553 ], [ 106.815670061603342, -6.242340604271829 ], [ 106.815714977367548, -6.24296569624613 ], [ 106.815589213227753, -6.243215732826966 ], [ 106.815193954502746, -6.242867467556714 ], [ 106.814744796860694, -6.242992485885501 ], [ 106.814663948485119, -6.243930122400158 ], [ 106.814529201192499, -6.244171228661155 ], [ 106.814151908773169, -6.244323036250017 ], [ 106.814232757148744, -6.244555212477266 ], [ 106.813810548965193, -6.244796318450446 ], [ 106.813837498423723, -6.24552856554022 ], [ 106.813594953297013, -6.245671442901743 ], [ 106.8131547788078, -6.245591074390685 ], [ 106.812651722248688, -6.246734092054527 ], [ 106.812013918396957, -6.246850179646397 ], [ 106.811933070021396, -6.247252021111752 ], [ 106.811421030309447, -6.247252021111752 ], [ 106.809920843784965, -6.248555771297197 ], [ 106.809552534518474, -6.24869864783237 ], [ 106.809462702990075, -6.24906476877568 ], [ 106.810064574230424, -6.250359584690747 ], [ 106.810414917191224, -6.250413163211289 ], [ 106.810361018274179, -6.250806072194265 ], [ 106.809875928020759, -6.251109683478975 ], [ 106.808905747513919, -6.252449142925294 ], [ 106.809202191557674, -6.252850980090222 ], [ 106.808645236081517, -6.253190309011243 ], [ 106.808627269775826, -6.254753005147297 ], [ 106.808393707801969, -6.255538816296375 ], [ 106.808654219234356, -6.256092455260228 ], [ 106.809175242099144, -6.256315696611998 ], [ 106.809220157863351, -6.256547867516684 ], [ 106.809013545348009, -6.256913982964506 ], [ 106.809256090474719, -6.25710150541162 ], [ 106.809139309487776, -6.257485479736218 ], [ 106.809363888308809, -6.257673001978245 ], [ 106.809588467129842, -6.258771345187154 ], [ 106.810019658466217, -6.258842782063857 ], [ 106.81048678241396, -6.25931605112528 ], [ 106.810603563400903, -6.259566079890294 ], [ 106.810450849802592, -6.259833967720004 ], [ 106.810558647636697, -6.260146503347686 ], [ 106.810828142221922, -6.260235799206962 ], [ 106.811034754737264, -6.260548334594197 ], [ 106.811456962920815, -6.260548334594197 ], [ 106.811717474353216, -6.261369855291562 ], [ 106.811430013462285, -6.261637742196066 ], [ 106.811933070021396, -6.261816333389387 ], [ 106.812067817314002, -6.26240568389396 ], [ 106.811654592283304, -6.262655711179776 ], [ 106.811897137410028, -6.263084329105462 ], [ 106.811798322728777, -6.263387933256579 ], [ 106.812310362440726, -6.263736184859552 ], [ 106.812570873873113, -6.265039893925642 ], [ 106.812930199986766, -6.265504227875028 ], [ 106.81334342501745, -6.265718535712323 ], [ 106.813029014668018, -6.266754355685152 ], [ 106.812921216833928, -6.266950804068714 ], [ 106.812759520082778, -6.26692401565713 ], [ 106.812148665689577, -6.268361658468242 ], [ 106.812094766772532, -6.268692047871149 ], [ 106.812274429829358, -6.268995648759578 ], [ 106.812157648842415, -6.269334967190453 ], [ 106.811726457506055, -6.269602850006255 ], [ 106.811537811296375, -6.270415427039092 ], [ 106.812220530912299, -6.271263720392743 ], [ 106.813037997820857, -6.271969142235751 ], [ 106.813909363646445, -6.272174518035956 ], [ 106.813963262563504, -6.273076384722525 ], [ 106.818203310704547, -6.273612146371737 ], [ 106.82104198700236, -6.27441578781288 ], [ 106.821598942478516, -6.272013789155721 ], [ 106.821823521299549, -6.271656613688889 ], [ 106.823054213238805, -6.271397661322419 ], [ 106.823889646453026, -6.270540438777914 ], [ 106.823952528522909, -6.268834918899483 ], [ 106.82483287750135, -6.268772412829402 ], [ 106.8253449172133, -6.268933142708759 ], [ 106.825641361257055, -6.268692047871149 ], [ 106.825425765588875, -6.267566937155535 ], [ 106.826153400969005, -6.266950804068714 ], [ 106.826566625999703, -6.266102503700705 ], [ 106.826494760776981, -6.26559352281793 ], [ 106.826638491222425, -6.265584593324327 ], [ 106.826297131414464, -6.264879162846909 ], [ 106.825821024313882, -6.261128756960011 ], [ 106.824877793265557, -6.260521545854048 ], [ 106.824707113361569, -6.260200080865085 ], [ 106.824823894348512, -6.259869686086918 ], [ 106.824617281833156, -6.258583823339333 ], [ 106.824680163903039, -6.255824565512238 ], [ 106.825326950907623, -6.254824442573299 ], [ 106.824356770400769, -6.254467255345668 ], [ 106.823808798077451, -6.253824317720954 ], [ 106.823808798077451, -6.254083278803781 ], [ 106.823377606741076, -6.253877895886544 ], [ 106.823296758365501, -6.253583215907849 ], [ 106.823674050784845, -6.253190309011243 ], [ 106.82701578364177, -6.252886698934383 ], [ 106.826952901571872, -6.252395564613307 ], [ 106.835720458744873, -6.251779413630937 ], [ 106.835819273426125, -6.250823931686479 ], [ 106.835190452727247, -6.248582560650514 ], [ 106.835522829382384, -6.246046495790215 ], [ 106.835199435880085, -6.243689016028152 ], [ 106.835325200019867, -6.243153223692947 ], [ 106.83517248642157, -6.242295954816548 ], [ 106.835307233714175, -6.241420824724747 ], [ 106.835235368491453, -6.241072558261154 ], [ 106.832558388944776, -6.239947388104357 ], [ 106.832100248149885, -6.240099196917308 ], [ 106.822910482793333, -6.233946439808542 ], [ 106.821652841395561, -6.232910554878503 ], [ 106.82082639133418, -6.231758576993838 ] ] ] } },
{ "type": "Feature", "properties": { "FID": 24, "Kecamatan": "MATRAMAN", "KOTAMADYA": "JAKARTA TIMUR", "ID": "3172100000", "is_in_subd": "MATRAMAN", "city": "dki", "source_layer": "Kecamatan", "role": "admin_kec" }, "geometry": { "type": "Polygon", "coordinates": [ [ [ 106.873144273481302, -6.192062913437441 ], [ 106.868778461200478, -6.192250459035858 ], [ 106.865679273470263, -6.192634480767647 ], [ 106.864412648919654, -6.192893472010469 ], [ 106.863065175993469, -6.193402523393375 ], [ 106.860990067687155, -6.194474208910962 ], [ 106.857756132664335, -6.196831909390832 ], [ 106.856273912445531, -6.197716044355169 ], [ 106.85250997140507, -6.200627427805069 ], [ 106.851036734339118, -6.2016008622447 ], [ 106.851476908828346, -6.202476058647042 ], [ 106.851629622426643, -6.202547503187175 ], [ 106.852590819780644, -6.201940224287441 ], [ 106.852842348060193, -6.201931293710166 ], [ 106.855124068881864, -6.20252964205305 ], [ 106.855528310759723, -6.20290472574261 ], [ 106.855716956969374, -6.203244086946062 ], [ 106.855761872733581, -6.204476502110627 ], [ 106.855034237353451, -6.205851802587458 ], [ 106.854315585126159, -6.206387632970379 ], [ 106.853704730732957, -6.206610895469097 ], [ 106.853174724715331, -6.206351910961804 ], [ 106.853030994269858, -6.206092926327206 ], [ 106.852527937710761, -6.205905385650271 ], [ 106.851333178382873, -6.205923246669999 ], [ 106.85040791364024, -6.20557495667612 ], [ 106.849653328801566, -6.205726775419704 ], [ 106.849159255395307, -6.207039559201419 ], [ 106.84914128908963, -6.207637901744556 ], [ 106.849725194024302, -6.207861163713408 ], [ 106.85102775118628, -6.208941750305195 ], [ 106.853336421466466, -6.20995982159462 ], [ 106.854046090540919, -6.210558160820056 ], [ 106.854234736750584, -6.210897517093491 ], [ 106.854971355283567, -6.211379759842615 ], [ 106.857154261423972, -6.211915584601314 ], [ 106.858178340847857, -6.213228352954946 ], [ 106.861088882368421, -6.211978097454302 ], [ 106.862589068892888, -6.211531576912953 ], [ 106.863918575513395, -6.211995958268077 ], [ 106.867179459994745, -6.214907262812078 ], [ 106.86809574158454, -6.215068009219525 ], [ 106.874078521376774, -6.214925123526442 ], [ 106.873755127874503, -6.205333832699348 ], [ 106.873234105009715, -6.202493919782983 ], [ 106.873252071315392, -6.201681237485087 ], [ 106.873332919690966, -6.200547052404058 ], [ 106.875030735577951, -6.192384420136805 ], [ 106.873144273481302, -6.192062913437441 ] ] ] } },
{ "type": "Feature", "properties": { "FID": 25, "Kecamatan": "MENTENG", "KOTAMADYA": "JAKARTA PUSAT", "ID": "3173020000", "is_in_subd": "MENTENG", "city": "dki", "source_layer": "Kecamatan", "role": "admin_kec" }, "geometry": { "type": "Polygon", "coordinates": [ [ [ 106.836807420238671, -6.182587308697812 ], [ 106.836996066448322, -6.181810319436602 ], [ 106.836609790876153, -6.181595977370592 ], [ 106.836358262596605, -6.181944283183755 ], [ 106.83565757667499, -6.182158625108631 ], [ 106.833232125407875, -6.18264982502554 ], [ 106.823251842601294, -6.183498260171161 ], [ 106.823287775212663, -6.186972364619874 ], [ 106.822524207221164, -6.186972364619874 ], [ 106.822461325151281, -6.188606704059531 ], [ 106.821131818530773, -6.191607445278288 ], [ 106.820700627194398, -6.194331317634313 ], [ 106.820772492417134, -6.195831674109921 ], [ 106.822973364863216, -6.197591015258232 ], [ 106.82310811215585, -6.197894657299399 ], [ 106.823072179544482, -6.200439885183651 ], [ 106.822739802889345, -6.202636808848727 ], [ 106.827967997842919, -6.203833503253851 ], [ 106.827967997842919, -6.20393173924107 ], [ 106.833968743940844, -6.205092708612242 ], [ 106.837049965365367, -6.205521373579706 ], [ 106.838738798099513, -6.205958968707636 ], [ 106.840966620004139, -6.206860949355339 ], [ 106.847695001482194, -6.209147150811548 ], [ 106.848027378137317, -6.208682766943872 ], [ 106.84873704721177, -6.208209452195856 ], [ 106.848925693421435, -6.207941537999028 ], [ 106.848907727115758, -6.207664693185814 ], [ 106.84914128908963, -6.207637901744556 ], [ 106.849159255395307, -6.207039559201419 ], [ 106.849653328801566, -6.205726775419704 ], [ 106.85040791364024, -6.20557495667612 ], [ 106.851333178382873, -6.205923246669999 ], [ 106.852527937710761, -6.205905385650271 ], [ 106.853030994269858, -6.206092926327206 ], [ 106.853174724715331, -6.206351910961804 ], [ 106.853704730732957, -6.206610895469097 ], [ 106.85481864168527, -6.206066134806017 ], [ 106.855528310759723, -6.205065917040198 ], [ 106.855761872733581, -6.204476502110627 ], [ 106.855716956969374, -6.203244086946062 ], [ 106.855124068881864, -6.20252964205305 ], [ 106.852842348060193, -6.201931293710166 ], [ 106.852590819780644, -6.201940224287441 ], [ 106.851629622426643, -6.202547503187175 ], [ 106.851476908828346, -6.202476058647042 ], [ 106.850560627238536, -6.200609566605904 ], [ 106.84897959233848, -6.198903819298283 ], [ 106.848162125429937, -6.198359050671403 ], [ 106.847757883552077, -6.198394773221548 ], [ 106.846329562250332, -6.199278905566812 ], [ 106.84570074155144, -6.199296766811042 ], [ 106.845206668145181, -6.198903819298283 ], [ 106.845027005088355, -6.198582316570125 ], [ 106.845044971394032, -6.197707113706371 ], [ 106.845853455149751, -6.196135317163453 ], [ 106.845637859481556, -6.195912050229327 ], [ 106.844335302319578, -6.195715575249167 ], [ 106.843832245760481, -6.195501238823757 ], [ 106.84359868378661, -6.194554585237079 ], [ 106.843616650092287, -6.19389371285898 ], [ 106.843742414232068, -6.193715098560724 ], [ 106.845278533367917, -6.192384420136805 ], [ 106.844973106171309, -6.191821783284468 ], [ 106.843131559838866, -6.190991223025988 ], [ 106.841882901593948, -6.190098146022057 ], [ 106.840939670545609, -6.189124690368019 ], [ 106.841047468379699, -6.188740666084546 ], [ 106.841694255384269, -6.188160163730863 ], [ 106.841586457550179, -6.1877672079295 ], [ 106.840472546597866, -6.186972364619874 ], [ 106.840400681375144, -6.186749093812231 ], [ 106.840894754781402, -6.185972110666469 ], [ 106.840795940100151, -6.185659530917871 ], [ 106.840364748763776, -6.185418397842668 ], [ 106.839538298702394, -6.185454121268157 ], [ 106.837939297496661, -6.186052488286235 ], [ 106.83662775718183, -6.185096886904646 ], [ 106.836070801705688, -6.184328832205746 ], [ 106.836807420238671, -6.182587308697812 ] ] ] } },
{ "type": "Feature", "properties": { "FID": 26, "Kecamatan": "PADEMANGAN", "KOTAMADYA": "JAKARTA UTARA", "ID": "3175020000", "is_in_subd": "PADEMANGAN", "city": "dki", "source_layer": "Kecamatan", "role": "admin_kec" }, "geometry": { "type": "MultiPolygon", "coordinates": [ [ [ [ 106.882783196479906, -6.094726738990895 ], [ 106.882208274698073, -6.094726738990895 ], [ 106.882037594794085, -6.096012999815811 ], [ 106.881112330051437, -6.096066593949929 ], [ 106.881031481675876, -6.096772249549788 ], [ 106.880761987090622, -6.096852640635175 ], [ 106.880761987090622, -6.098371136651447 ], [ 106.88044757674119, -6.098371136651447 ], [ 106.880483509352558, -6.096736520174637 ], [ 106.880097233780376, -6.096691858452352 ], [ 106.879980452793447, -6.098531918330865 ], [ 106.879468413081497, -6.098487256758084 ], [ 106.879701975055369, -6.095057236858323 ], [ 106.879118070120683, -6.094976845503902 ], [ 106.878498232574643, -6.106803177448278 ], [ 106.876881265063233, -6.106847838328013 ], [ 106.877501102609287, -6.105088196849171 ], [ 106.8775909341377, -6.102185222385515 ], [ 106.876782450381981, -6.101899390203242 ], [ 106.875929050862069, -6.102328138419487 ], [ 106.875452943761488, -6.102989124580839 ], [ 106.874545645324517, -6.103614381010095 ], [ 106.873925807778477, -6.107035413982227 ], [ 106.87237172233695, -6.107249786078019 ], [ 106.872955627271637, -6.104364687762076 ], [ 106.871392558677272, -6.105347230729219 ], [ 106.871015266257928, -6.106186856927597 ], [ 106.867772348082255, -6.108768252632825 ], [ 106.867655567095326, -6.109134470392636 ], [ 106.866047582736755, -6.110009819144867 ], [ 106.864035356500324, -6.111528277870415 ], [ 106.863433485259975, -6.112216048934232 ], [ 106.863406535801445, -6.114002463151174 ], [ 106.86308314229916, -6.113948870811467 ], [ 106.863020260229277, -6.113439743316432 ], [ 106.86286754663098, -6.113457607447268 ], [ 106.862795681408244, -6.113136053000952 ], [ 106.862256692237779, -6.113207509561282 ], [ 106.862193810167881, -6.113546928092499 ], [ 106.861870416665596, -6.113600520472477 ], [ 106.861960248194009, -6.114493726014962 ], [ 106.861466174787736, -6.114609842625928 ], [ 106.860954135075787, -6.111045944389216 ], [ 106.859409032787113, -6.11061720315208 ], [ 106.858681397406968, -6.110081276122667 ], [ 106.857091379354088, -6.109759719647441 ], [ 106.855384580314265, -6.109920497909202 ], [ 106.85299506165849, -6.110456425099604 ], [ 106.85135114468855, -6.111135265437051 ], [ 106.851494875134023, -6.111885561650267 ], [ 106.851629622426643, -6.111358567991417 ], [ 106.851800302330616, -6.111179925955379 ], [ 106.85224047681983, -6.111224586469979 ], [ 106.852393190418127, -6.110911962789507 ], [ 106.853605916051691, -6.110661863713641 ], [ 106.854629995475591, -6.11105487649467 ], [ 106.854890506907992, -6.111019148071956 ], [ 106.854863557449477, -6.110536814131879 ], [ 106.85640865973815, -6.110224190049649 ], [ 106.8569206994501, -6.110492153559884 ], [ 106.857953762026838, -6.111885561650267 ], [ 106.857854947345587, -6.11251080769095 ], [ 106.858402919668904, -6.113234305768944 ], [ 106.85856461642004, -6.113600520472477 ], [ 106.858465801738788, -6.113689841093845 ], [ 106.858923942533693, -6.114404405527835 ], [ 106.858609532184246, -6.115261881588476 ], [ 106.857360873939314, -6.116467704972546 ], [ 106.855375597161427, -6.117048285632059 ], [ 106.853857444331254, -6.118423812678061 ], [ 106.849320952146456, -6.119790404224801 ], [ 106.849132305936791, -6.119656424815902 ], [ 106.849078407019732, -6.11918303063544 ], [ 106.848602299919165, -6.119281282292284 ], [ 106.848746030364609, -6.12003156707617 ], [ 106.848036361290156, -6.120174478344141 ], [ 106.84701228186627, -6.120174478344141 ], [ 106.846715837822501, -6.119165166695892 ], [ 106.846248713874758, -6.119361669998085 ], [ 106.846473292695791, -6.120156614437736 ], [ 106.843787329996275, -6.121094468716668 ], [ 106.843068677768983, -6.123014831865057 ], [ 106.84332918920137, -6.123113082817231 ], [ 106.843365121812738, -6.123550745930062 ], [ 106.842520705445665, -6.123693656256574 ], [ 106.841900867899625, -6.123452495058402 ], [ 106.840436613986498, -6.123827634652947 ], [ 106.839798810134781, -6.123523950239584 ], [ 106.839331686187037, -6.122684351256921 ], [ 106.839340669339876, -6.122487849176766 ], [ 106.839798810134781, -6.122184164001613 ], [ 106.840149153095595, -6.122344938527613 ], [ 106.840337799305246, -6.122202027840226 ], [ 106.841415777646191, -6.122720078900091 ], [ 106.842529688598503, -6.122648623611361 ], [ 106.843077660921821, -6.121951934045297 ], [ 106.843077660921821, -6.121496405760825 ], [ 106.842538671751342, -6.120960489634751 ], [ 106.838711848640997, -6.12086223828666 ], [ 106.838657949723952, -6.121407086443811 ], [ 106.834202305914715, -6.121433882240482 ], [ 106.83412145753914, -6.120826510519238 ], [ 106.832962630822635, -6.120665735536273 ], [ 106.830653960542449, -6.121014081271548 ], [ 106.830447348027107, -6.12086223828666 ], [ 106.830186836594706, -6.120915829933313 ], [ 106.829944291467996, -6.120210206155162 ], [ 106.829351403380471, -6.120174478344141 ], [ 106.829234622393528, -6.120335253474923 ], [ 106.829342420227633, -6.120656803591357 ], [ 106.828848346821374, -6.120549620240713 ], [ 106.828551902777605, -6.120174478344141 ], [ 106.828156644052598, -6.117101877661151 ], [ 106.827599688576441, -6.116342656747981 ], [ 106.817224147044854, -6.11488673598111 ], [ 106.816595326345976, -6.119897587727735 ], [ 106.814610049568074, -6.119459921622087 ], [ 106.813828515270885, -6.12073719109023 ], [ 106.813172745113476, -6.120665735536273 ], [ 106.81302003151518, -6.119835064020303 ], [ 106.812499008650391, -6.119960111427851 ], [ 106.812355278204933, -6.119227690481699 ], [ 106.811951036327073, -6.119308078195561 ], [ 106.812525958108907, -6.122541440660341 ], [ 106.811852221645822, -6.122684351256921 ], [ 106.811555777602067, -6.120513892452387 ], [ 106.809678298658255, -6.120237002011859 ], [ 106.809076427417892, -6.116860713487926 ], [ 106.808025398535477, -6.11603003605862 ], [ 106.809893894326436, -6.12727533382243 ], [ 106.809678298658255, -6.127462902309568 ], [ 106.809696264963932, -6.127659402558725 ], [ 106.809390837767324, -6.127668334386513 ], [ 106.81037898457987, -6.130294285272982 ], [ 106.812966132598135, -6.129677991837826 ], [ 106.814924459917506, -6.129669060043677 ], [ 106.816604309498814, -6.135572943348741 ], [ 106.816828888319847, -6.137207441089026 ], [ 106.819838244521648, -6.136358931958853 ], [ 106.820341301080759, -6.136358931958853 ], [ 106.821257582670555, -6.136832310903357 ], [ 106.830698876306656, -6.135331787520083 ], [ 106.830582095319713, -6.139243857488403 ], [ 106.831040236114617, -6.140467489913974 ], [ 106.832118214455562, -6.141449966468977 ], [ 106.833744165119811, -6.141851888173563 ], [ 106.835118587504525, -6.142620004365025 ], [ 106.83600791963579, -6.143334530059809 ], [ 106.836726571863096, -6.144549221539757 ], [ 106.837094881129573, -6.146147965658876 ], [ 106.837247594727884, -6.144808236276155 ], [ 106.838307606763138, -6.141762572265429 ], [ 106.847182961770244, -6.146925007155233 ], [ 106.84962637934305, -6.149032838142575 ], [ 106.85038096418171, -6.152801904928564 ], [ 106.853273539396582, -6.152355334429979 ], [ 106.856184080917117, -6.15220350037499 ], [ 106.856803918463157, -6.151640820851861 ], [ 106.858699363712645, -6.152730453674004 ], [ 106.859121571896196, -6.152828699146547 ], [ 106.860352263835438, -6.152605413955412 ], [ 106.861178713896834, -6.151426466591148 ], [ 106.861178713896834, -6.151149592209806 ], [ 106.860765488866136, -6.150149270662785 ], [ 106.860235482848495, -6.149908121436886 ], [ 106.8569206994501, -6.150586911571184 ], [ 106.855851704261994, -6.150622637343722 ], [ 106.855663058052329, -6.149086426957098 ], [ 106.854019141082389, -6.144647468523574 ], [ 106.852734550226103, -6.140137020119924 ], [ 106.852438106182333, -6.138913386935161 ], [ 106.852339291501082, -6.136466112134056 ], [ 106.851557757203906, -6.135519353174025 ], [ 106.849832991858406, -6.133947372318721 ], [ 106.849841975011245, -6.1328934280133 ], [ 106.849482648897592, -6.131214258206562 ], [ 106.849258070076559, -6.130874850901208 ], [ 106.848665181989048, -6.130669420058839 ], [ 106.847730934093562, -6.128775879873675 ], [ 106.847703984635032, -6.127221742813997 ], [ 106.851710470802203, -6.126310694847387 ], [ 106.851602672968113, -6.125926625140639 ], [ 106.859876156734842, -6.122273483188699 ], [ 106.862139911250821, -6.122103776720468 ], [ 106.865598425094703, -6.120504960504933 ], [ 106.86669436974131, -6.119745744425567 ], [ 106.875470910067165, -6.112385758541266 ], [ 106.8793156994832, -6.110518949903529 ], [ 106.880483509352558, -6.109804380280552 ], [ 106.881013515370185, -6.110206325810863 ], [ 106.881732167597477, -6.110027683390212 ], [ 106.882343021990678, -6.110367103938469 ], [ 106.882998792148086, -6.10983117665863 ], [ 106.884220500934489, -6.109813312406728 ], [ 106.89313178855295, -6.110233122168818 ], [ 106.893257552692731, -6.109759719647441 ], [ 106.893194670622847, -6.107714258657822 ], [ 106.893302468456938, -6.107544547569605 ], [ 106.896796914912173, -6.107669597850348 ], [ 106.899473894458836, -6.108053680672885 ], [ 106.899348130319069, -6.111948086287214 ], [ 106.90672329880168, -6.112001678827354 ], [ 106.906840079788623, -6.111671191410982 ], [ 106.906759231413048, -6.108759320489212 ], [ 106.907163473290908, -6.108777184776289 ], [ 106.907217372207953, -6.108053680672885 ], [ 106.905959730810181, -6.108366306022711 ], [ 106.905294977499935, -6.107651733526316 ], [ 106.905672269919265, -6.097611889180708 ], [ 106.892682630910898, -6.09723673121018 ], [ 106.892395170019981, -6.105418688329257 ], [ 106.891631602028468, -6.105909959071461 ], [ 106.891631602028468, -6.10670492349975 ], [ 106.890823118272763, -6.106660262608097 ], [ 106.891155494927901, -6.09723673121018 ], [ 106.888253936560176, -6.097281392887098 ], [ 106.887921559905067, -6.106517347729778 ], [ 106.886780699494238, -6.106374432813322 ], [ 106.886924429939697, -6.097183137192969 ], [ 106.88625967662945, -6.096182714555483 ], [ 106.885729670611809, -6.095896879173522 ], [ 106.883879141126528, -6.095995135103249 ], [ 106.883735410681055, -6.106320839709819 ], [ 106.882450819824768, -6.106320839709819 ], [ 106.882783196479906, -6.094726738990895 ] ] ], [ [ [ 106.878049074932591, -6.098728429206912 ], [ 106.878327552670669, -6.095057236858323 ], [ 106.877016012355853, -6.094637415207998 ], [ 106.87603684869616, -6.100345175044374 ], [ 106.876432107421181, -6.100264784482555 ], [ 106.876512955796755, -6.099335826004851 ], [ 106.877159742801311, -6.099478742798492 ], [ 106.876989062897337, -6.100318378191774 ], [ 106.877716698277467, -6.099898560659499 ], [ 106.878049074932591, -6.098728429206912 ] ] ] ] } },
{ "type": "Feature", "properties": { "FID": 27, "Kecamatan": "PALMERAH", "KOTAMADYA": "JAKARTA BARAT", "ID": "3174030000", "is_in_subd": "PALMERAH", "city": "dki", "source_layer": "Kecamatan", "role": "admin_kec" }, "geometry": { "type": "Polygon", "coordinates": [ [ [ 106.799931577825561, -6.200600636006093 ], [ 106.800551415371601, -6.200145175215249 ], [ 106.802851102498948, -6.199002056203915 ], [ 106.803650603101801, -6.197805350834844 ], [ 106.804405187940475, -6.197278442386267 ], [ 106.805114857014928, -6.195670921834385 ], [ 106.805501132587096, -6.192911333470808 ], [ 106.806399447871215, -6.190821538511432 ], [ 106.806731824526338, -6.189017520828616 ], [ 106.808744050762769, -6.188767458485473 ], [ 106.810450849802592, -6.188856766478753 ], [ 106.810693394929316, -6.188579911650452 ], [ 106.80986694486792, -6.179693687729383 ], [ 106.805474183128581, -6.173441983476171 ], [ 106.804126710202397, -6.174460123200523 ], [ 106.802698388900652, -6.175201399136987 ], [ 106.79915902668121, -6.177728874347846 ], [ 106.794999826915742, -6.180095580476941 ], [ 106.793059465902047, -6.182667686832104 ], [ 106.792268948452019, -6.1835250528378 ], [ 106.791622161447449, -6.183980527962975 ], [ 106.788972131359301, -6.184962923956099 ], [ 106.783222913540925, -6.185355881842254 ], [ 106.783402576597766, -6.1876868305705 ], [ 106.782342564562498, -6.191250215074686 ], [ 106.782109002588626, -6.194527793129733 ], [ 106.782279682492614, -6.198805582374356 ], [ 106.783213930388087, -6.206744852922916 ], [ 106.787436012223452, -6.207066350673109 ], [ 106.78884636721952, -6.208495227188933 ], [ 106.789196710180335, -6.208530949052165 ], [ 106.790759778774699, -6.207450361617593 ], [ 106.792493527273052, -6.207816511327207 ], [ 106.796158653632247, -6.207575388376321 ], [ 106.796302384077705, -6.206539451479801 ], [ 106.797245615126045, -6.203994253041586 ], [ 106.798548172288008, -6.202386752958261 ], [ 106.799374622349404, -6.201672306903427 ], [ 106.799931577825561, -6.200600636006093 ] ] ] } },
{ "type": "Feature", "properties": { "FID": 28, "Kecamatan": "PANCORAN", "KOTAMADYA": "JAKARTA SELATAN", "ID": "3171080000", "is_in_subd": "PANCORAN", "city": "dki", "source_layer": "Kecamatan", "role": "admin_kec" }, "geometry": { "type": "Polygon", "coordinates": [ [ [ 106.843472919646842, -6.264388039799639 ], [ 106.843320206048531, -6.262468190726639 ], [ 106.852060813763018, -6.262066360957417 ], [ 106.849877907622599, -6.266790073578576 ], [ 106.855510344454032, -6.266665060940899 ], [ 106.855240849868792, -6.266120362670033 ], [ 106.854270669361952, -6.265700676729244 ], [ 106.853947275859667, -6.265120259446446 ], [ 106.854342534584674, -6.264629136626046 ], [ 106.856947648908616, -6.264334462711981 ], [ 106.857199177188178, -6.264004070549897 ], [ 106.857181210882501, -6.26381655058109 ], [ 106.854755759615372, -6.262932526963693 ], [ 106.854342534584674, -6.262530697551834 ], [ 106.854261686209114, -6.262289599756274 ], [ 106.854369484043204, -6.262119938277847 ], [ 106.855276782480161, -6.261700249120675 ], [ 106.856273912445531, -6.262566415734302 ], [ 106.856965615214307, -6.262878949726647 ], [ 106.858223256612078, -6.262870020186605 ], [ 106.858896993075163, -6.263012892808951 ], [ 106.859471914856996, -6.262512838459685 ], [ 106.860010904027476, -6.259619657467227 ], [ 106.860567859503632, -6.257547987157704 ], [ 106.86042412905816, -6.257047927576453 ], [ 106.85956174638541, -6.257074716494723 ], [ 106.859337167564391, -6.256744319740088 ], [ 106.859615645302455, -6.256396063475292 ], [ 106.860513960586587, -6.255851354493216 ], [ 106.860729556254768, -6.255449519634383 ], [ 106.860702606796238, -6.255163770213492 ], [ 106.860460061669528, -6.254699427071389 ], [ 106.859615645302455, -6.254351169444142 ], [ 106.857819014734218, -6.25531557461279 ], [ 106.857549520148979, -6.254806583217714 ], [ 106.857594435913185, -6.253565356509863 ], [ 106.858232239764916, -6.25222589992247 ], [ 106.858905976228002, -6.251529381141187 ], [ 106.859957005110431, -6.250868580414346 ], [ 106.860558876350794, -6.251323997220904 ], [ 106.860846337241696, -6.252315197135036 ], [ 106.861017017145684, -6.253868966192661 ], [ 106.86131346118944, -6.254056489732196 ], [ 106.862373473224707, -6.253779669245433 ], [ 106.862903479242334, -6.253163519893906 ], [ 106.862202793320733, -6.251154332182453 ], [ 106.862229742779249, -6.250439952469504 ], [ 106.864017390194647, -6.249484468078464 ], [ 106.864017390194647, -6.249270153582935 ], [ 106.862930428700864, -6.247993194560754 ], [ 106.862059062875261, -6.246546565890196 ], [ 106.862032113416731, -6.245555355048475 ], [ 106.862669917268462, -6.243608647212816 ], [ 106.86255313628152, -6.243081784673505 ], [ 106.852015897998811, -6.243019275523499 ], [ 106.845449213271891, -6.243296101702598 ], [ 106.843877161524674, -6.242867467556714 ], [ 106.843697498467861, -6.243233592578171 ], [ 106.84120018197801, -6.242813888263814 ], [ 106.835235368491453, -6.241072558261154 ], [ 106.835307233714175, -6.241420824724747 ], [ 106.83517248642157, -6.242295954816548 ], [ 106.835325200019867, -6.243153223692947 ], [ 106.835199435880085, -6.243689016028152 ], [ 106.835522829382384, -6.246046495790215 ], [ 106.835190452727247, -6.248582560650514 ], [ 106.835810290273287, -6.250734634219311 ], [ 106.835720458744873, -6.251779413630937 ], [ 106.826952901571872, -6.252395564613307 ], [ 106.82701578364177, -6.252886698934383 ], [ 106.823674050784845, -6.253190309011243 ], [ 106.823296758365501, -6.253583215907849 ], [ 106.823377606741076, -6.253877895886544 ], [ 106.823808798077451, -6.254083278803781 ], [ 106.823808798077451, -6.253824317720954 ], [ 106.824356770400769, -6.254467255345668 ], [ 106.825326950907623, -6.254824442573299 ], [ 106.824680163903039, -6.255824565512238 ], [ 106.824617281833156, -6.258583823339333 ], [ 106.824823894348512, -6.259869686086918 ], [ 106.824707113361569, -6.260200080865085 ], [ 106.824877793265557, -6.260521545854048 ], [ 106.825821024313882, -6.261128756960011 ], [ 106.826297131414464, -6.264879162846909 ], [ 106.826638491222425, -6.265584593324327 ], [ 106.827321210838363, -6.265477439389178 ], [ 106.827770368480429, -6.265629240790813 ], [ 106.827770368480429, -6.266138221638749 ], [ 106.828318340803733, -6.266825791469552 ], [ 106.828515970166237, -6.267531219315297 ], [ 106.828408172332146, -6.267799103057464 ], [ 106.828506987013398, -6.26824557565538 ], [ 106.829063942489555, -6.269227814025604 ], [ 106.829135807712277, -6.26962070885575 ], [ 106.828776481598638, -6.270290415270301 ], [ 106.828938178349773, -6.270469003502257 ], [ 106.828668683764533, -6.270888685606592 ], [ 106.828821397362844, -6.271504814041386 ], [ 106.828614784847488, -6.271969142235751 ], [ 106.828893262585567, -6.27227274121615 ], [ 106.82874054898727, -6.272629916260835 ], [ 106.828920212044096, -6.272871009277645 ], [ 106.828641734306018, -6.273183537096426 ], [ 106.828884279432728, -6.273406771137966 ], [ 106.828965127808303, -6.273746086697987 ], [ 106.828767498445799, -6.274781890725181 ], [ 106.828641734306018, -6.274880113413987 ], [ 106.828758515292961, -6.275014053414341 ], [ 106.832612287861821, -6.274746173379206 ], [ 106.832567372097614, -6.273790733465754 ], [ 106.832226012289652, -6.273272830724515 ], [ 106.831983467162942, -6.272192376797369 ], [ 106.832432624804994, -6.271603037347758 ], [ 106.832028382927149, -6.271156567624226 ], [ 106.832351776429434, -6.270772603356209 ], [ 106.832387709040802, -6.270192191716654 ], [ 106.832657203626027, -6.269763579629688 ], [ 106.832504490027731, -6.2692724611803 ], [ 106.83288178244706, -6.269102801972124 ], [ 106.832890765599899, -6.268888495525018 ], [ 106.832145163914092, -6.2685134590307 ], [ 106.831803804106116, -6.267691949577104 ], [ 106.831902618787367, -6.267218688108914 ], [ 106.833169243337977, -6.267147252378311 ], [ 106.833321956936288, -6.266977592478924 ], [ 106.834319086901644, -6.267665161203576 ], [ 106.834894008683477, -6.267531219315297 ], [ 106.834831126613594, -6.265995349871903 ], [ 106.844290386555386, -6.266129292154467 ], [ 106.843472919646842, -6.264388039799639 ] ] ] } },
{ "type": "Feature", "properties": { "FID": 29, "Kecamatan": "PASAR MINGGU", "KOTAMADYA": "JAKARTA SELATAN", "ID": "3171020000", "is_in_subd": "PASAR MINGGU", "city": "dki", "source_layer": "Kecamatan", "role": "admin_kec" }, "geometry": { "type": "Polygon", "coordinates": [ [ [ 106.843428003882622, -6.263682607704986 ], [ 106.843481902799681, -6.264468405420816 ], [ 106.844290386555386, -6.266129292154467 ], [ 106.834831126613594, -6.265995349871903 ], [ 106.834894008683477, -6.267531219315297 ], [ 106.834319086901644, -6.267665161203576 ], [ 106.833321956936288, -6.266977592478924 ], [ 106.833169243337977, -6.267147252378311 ], [ 106.831902618787367, -6.267218688108914 ], [ 106.831803804106116, -6.267691949577104 ], [ 106.832145163914092, -6.2685134590307 ], [ 106.832890765599899, -6.268888495525018 ], [ 106.83288178244706, -6.269102801972124 ], [ 106.832504490027731, -6.2692724611803 ], [ 106.832657203626027, -6.269763579629688 ], [ 106.832387709040802, -6.270192191716654 ], [ 106.832351776429434, -6.270772603356209 ], [ 106.832028382927149, -6.271156567624226 ], [ 106.832432624804994, -6.271603037347758 ], [ 106.831983467162942, -6.272192376797369 ], [ 106.832226012289652, -6.273272830724515 ], [ 106.832567372097614, -6.273790733465754 ], [ 106.832612287861821, -6.274746173379206 ], [ 106.828758515292961, -6.275014053414341 ], [ 106.828641734306018, -6.274880113413987 ], [ 106.828767498445799, -6.274781890725181 ], [ 106.828965127808303, -6.273746086697987 ], [ 106.828884279432728, -6.273406771137966 ], [ 106.828641734306018, -6.273183537096426 ], [ 106.828920212044096, -6.272871009277645 ], [ 106.82874054898727, -6.272629916260835 ], [ 106.828893262585567, -6.27227274121615 ], [ 106.828614784847488, -6.271969142235751 ], [ 106.828821397362844, -6.271504814041386 ], [ 106.828677666917372, -6.270727956329949 ], [ 106.828902245738419, -6.270620803451329 ], [ 106.828776481598638, -6.270290415270301 ], [ 106.8291178414066, -6.26947783804267 ], [ 106.828462071249191, -6.268120563366481 ], [ 106.828515970166237, -6.267531219315297 ], [ 106.828318340803733, -6.266825791469552 ], [ 106.827770368480429, -6.266138221638749 ], [ 106.827833250550313, -6.265727465203634 ], [ 106.827321210838363, -6.265477439389178 ], [ 106.826494760776981, -6.26559352281793 ], [ 106.826566625999703, -6.266102503700705 ], [ 106.826153400969005, -6.266950804068714 ], [ 106.825425765588875, -6.267566937155535 ], [ 106.825641361257055, -6.268692047871149 ], [ 106.8253449172133, -6.268933142708759 ], [ 106.82483287750135, -6.268772412829402 ], [ 106.823952528522909, -6.268834918899483 ], [ 106.823889646453026, -6.270540438777914 ], [ 106.823692017090522, -6.270844038590273 ], [ 106.823054213238805, -6.271397661322419 ], [ 106.821823521299549, -6.271656613688889 ], [ 106.821598942478516, -6.272013789155721 ], [ 106.82104198700236, -6.27441578781288 ], [ 106.818203310704547, -6.273612146371737 ], [ 106.813963262563504, -6.273076384722525 ], [ 106.813828515270885, -6.273853238934202 ], [ 106.813981228869196, -6.27408540203709 ], [ 106.813918346799298, -6.274549727932584 ], [ 106.814196824537376, -6.275147993380264 ], [ 106.814080043550447, -6.275906985870123 ], [ 106.813936313104975, -6.276031996291812 ], [ 106.813424273393039, -6.275951632452741 ], [ 106.812867317916883, -6.276424885993255 ], [ 106.813073930432225, -6.277335674616023 ], [ 106.812633755943011, -6.277755351190534 ], [ 106.812840368458353, -6.277978583273241 ], [ 106.812759520082778, -6.278317895855706 ], [ 106.81226544667652, -6.27847862279129 ], [ 106.812013918396957, -6.279166176344637 ], [ 106.811762390117408, -6.279407266336678 ], [ 106.810819159069084, -6.27963049771126 ], [ 106.81062152970658, -6.279916233731067 ], [ 106.810495765566799, -6.280907379334355 ], [ 106.8097321975753, -6.281702080301796 ], [ 106.809336938850279, -6.282398558803688 ], [ 106.809354905155971, -6.282871806484695 ], [ 106.809597450282681, -6.283318266166604 ], [ 106.809381854614486, -6.283818300555588 ], [ 106.809714231269623, -6.284470130376872 ], [ 106.809606433435519, -6.284755863739711 ], [ 106.809759147033816, -6.28579164586442 ], [ 106.809660332352578, -6.285961299636551 ], [ 106.809166258946306, -6.285988087069197 ], [ 106.809031511653686, -6.286970291980202 ], [ 106.808537438247427, -6.287452464621325 ], [ 106.808438623566175, -6.287747125459702 ], [ 106.808762017068446, -6.289041845346526 ], [ 106.808025398535477, -6.29018476780857 ], [ 106.807306746308186, -6.290077618934502 ], [ 106.807136066404198, -6.290425852694467 ], [ 106.806282666884286, -6.290684795595506 ], [ 106.805842492395058, -6.291408049221911 ], [ 106.805617913574039, -6.292622398725872 ], [ 106.805051974945044, -6.293184927313678 ], [ 106.80507892440356, -6.293765313313514 ], [ 106.805393334752992, -6.294274266656679 ], [ 106.806246734272918, -6.294524278642609 ], [ 106.806480296246789, -6.295265384893843 ], [ 106.806857588666119, -6.295515396402704 ], [ 106.806893521277487, -6.295783265742929 ], [ 106.805581980962671, -6.296756523182725 ], [ 106.805285536918902, -6.29772084985598 ], [ 106.80497112656947, -6.298095865300755 ], [ 106.805051974945044, -6.298319088651169 ], [ 106.805914357617795, -6.298765535064033 ], [ 106.806174869050196, -6.299185194342019 ], [ 106.806264700578595, -6.300488814615843 ], [ 106.806633009845086, -6.301337058925775 ], [ 106.806650976150777, -6.301729929504728 ], [ 106.806812672901913, -6.301729929504728 ], [ 106.806947420194533, -6.302069226583513 ], [ 106.807037251722932, -6.302765677786858 ], [ 106.807576240893411, -6.303203191526157 ], [ 106.808079297452522, -6.303131760736782 ], [ 106.808375741496278, -6.303488914585285 ], [ 106.808465573024691, -6.303908570043028 ], [ 106.808878798055389, -6.304042502564448 ], [ 106.808995579042332, -6.304765737582453 ], [ 106.809220157863351, -6.305024673331354 ], [ 106.80924710732188, -6.305533615633405 ], [ 106.808681168692871, -6.305810408605507 ], [ 106.80882489913833, -6.306355065312705 ], [ 106.80849252248322, -6.306899721447716 ], [ 106.808699134998562, -6.307087225886381 ], [ 106.810253220440089, -6.306962222934807 ], [ 106.810594580248065, -6.307989032000989 ], [ 106.811322215628195, -6.309140841489313 ], [ 106.811582727060582, -6.309899784326669 ], [ 106.811636625977627, -6.31073015580465 ], [ 106.814897510458991, -6.310792656829784 ], [ 106.81611921924538, -6.310658726052409 ], [ 106.816244983385175, -6.310873015279589 ], [ 106.816424646441988, -6.315355211294058 ], [ 106.816289899149382, -6.315980215624212 ], [ 106.81654142742893, -6.316069501895492 ], [ 106.816406680136311, -6.316846291805778 ], [ 106.81767330468692, -6.317239150626863 ], [ 106.818176361246032, -6.317132007341595 ], [ 106.820583846207455, -6.317507008742989 ], [ 106.822048100120583, -6.317551651748866 ], [ 106.823521337186534, -6.317390936909689 ], [ 106.823692017090522, -6.317462365733263 ], [ 106.823665067631993, -6.317730223733862 ], [ 106.824796944889997, -6.317837366895281 ], [ 106.825021523711015, -6.318515939735792 ], [ 106.825138304697944, -6.319846297064213 ], [ 106.825461698200243, -6.320301653484734 ], [ 106.825362883518991, -6.321524863845386 ], [ 106.82909089194807, -6.321908790588382 ], [ 106.82960293166002, -6.321087365581529 ], [ 106.8298185273282, -6.32102486579934 ], [ 106.83197448401009, -6.321319507563539 ], [ 106.833807047189708, -6.318355225196089 ], [ 106.834328070054482, -6.318069510335592 ], [ 106.834750278238033, -6.318319510847154 ], [ 106.835235368491453, -6.318355225196089 ], [ 106.835424014701118, -6.317283793655845 ], [ 106.83592707126023, -6.316212359897507 ], [ 106.836618774028992, -6.311569454655775 ], [ 106.836717588710258, -6.309962285451971 ], [ 106.837184712657987, -6.307774741581215 ], [ 106.837355392561975, -6.305471113974094 ], [ 106.837148780046618, -6.302104942052582 ], [ 106.837750651286981, -6.301979937900082 ], [ 106.839879658510355, -6.302542456349136 ], [ 106.840283900388201, -6.296801167975656 ], [ 106.840634243349015, -6.295140379094281 ], [ 106.843616650092287, -6.296024348031 ], [ 106.844488015917875, -6.296774381100358 ], [ 106.844874291490058, -6.296908315463027 ], [ 106.849006541796996, -6.297729778798289 ], [ 106.849841975011245, -6.297622631480442 ], [ 106.849985705456703, -6.297774423507533 ], [ 106.850345031570342, -6.297649418311977 ], [ 106.852285392584037, -6.298345875446769 ], [ 106.852105729527224, -6.297729778798289 ], [ 106.850578593544213, -6.296783310058943 ], [ 106.85038096418171, -6.296470796417074 ], [ 106.850470795710123, -6.296095779798565 ], [ 106.850812155518085, -6.295810052669354 ], [ 106.851737420260733, -6.295631473133766 ], [ 106.853066926881226, -6.295818981644521 ], [ 106.853911343248299, -6.296167211556303 ], [ 106.854360500890365, -6.296042205973812 ], [ 106.854351517737527, -6.29425640865308 ], [ 106.853965242165344, -6.293711739248384 ], [ 106.853219640479537, -6.293943893490709 ], [ 106.852411156723818, -6.294845722447702 ], [ 106.85226742627836, -6.294711787553088 ], [ 106.852366240959611, -6.293979609518781 ], [ 106.854324568278997, -6.291568772113312 ], [ 106.854576096558546, -6.290783015282843 ], [ 106.854495248182971, -6.290416923626613 ], [ 106.854153888375009, -6.290256200379011 ], [ 106.853695747580119, -6.2903097748004 ], [ 106.852554887169291, -6.29094373836754 ], [ 106.851872167553338, -6.291024099891249 ], [ 106.851719453955042, -6.291158035736487 ], [ 106.851575723509583, -6.292515250354382 ], [ 106.851423009911286, -6.292756334159161 ], [ 106.851036734339118, -6.29297955980459 ], [ 106.850443846251594, -6.292792050268876 ], [ 106.850120452749309, -6.292417030994438 ], [ 106.849329935299295, -6.290443710829715 ], [ 106.84949163205043, -6.290175838736576 ], [ 106.85075825660104, -6.289827604809116 ], [ 106.85127029631299, -6.288818618009849 ], [ 106.851207414243092, -6.288291801115292 ], [ 106.850686391378304, -6.287952495036193 ], [ 106.850354014723194, -6.287907849482986 ], [ 106.849770109788508, -6.288515028678158 ], [ 106.849437733133385, -6.288568603278984 ], [ 106.848557384154958, -6.288095360780695 ], [ 106.847712967787871, -6.287104228869802 ], [ 106.847416523744101, -6.286372040118865 ], [ 106.847398557438424, -6.285363046614671 ], [ 106.847533304731058, -6.28510410106349 ], [ 106.848880777657229, -6.283648646084614 ], [ 106.848575350460635, -6.283318266166604 ], [ 106.848216024346982, -6.283478991558323 ], [ 106.847874664539006, -6.28343434562116 ], [ 106.847569237342412, -6.283166469917732 ], [ 106.847614153106619, -6.282871806484695 ], [ 106.849329935299295, -6.280675219272186 ], [ 106.850389947334548, -6.279916233731067 ], [ 106.850434863098755, -6.279639426964252 ], [ 106.84997672230385, -6.279532275918235 ], [ 106.849159255395307, -6.279666214722311 ], [ 106.848099243360053, -6.280041243190424 ], [ 106.846787703045223, -6.279407266336678 ], [ 106.846769736739546, -6.278853652114744 ], [ 106.848135175971407, -6.277933936864354 ], [ 106.849446716286224, -6.276505249759321 ], [ 106.850560627238536, -6.276764199587864 ], [ 106.851342161535712, -6.276549896290667 ], [ 106.85175538656641, -6.276040925606498 ], [ 106.851953015928913, -6.275130134720129 ], [ 106.851315212077182, -6.273808592171791 ], [ 106.851521824592538, -6.273424629857158 ], [ 106.851988948540296, -6.273219254549496 ], [ 106.853066926881226, -6.273406771137966 ], [ 106.853354387772143, -6.273335336255075 ], [ 106.853569983440323, -6.272960302959275 ], [ 106.853578966593176, -6.27193342469702 ], [ 106.854576096558546, -6.272031647922638 ], [ 106.855456445536987, -6.272647775006646 ], [ 106.856381710279621, -6.272826362431093 ], [ 106.856723070087597, -6.272737068726517 ], [ 106.856947648908616, -6.272442399392891 ], [ 106.856579339642138, -6.271736978190262 ], [ 106.856067299930189, -6.271504814041386 ], [ 106.854908473213669, -6.270540438777914 ], [ 106.854872540602315, -6.269879662104692 ], [ 106.854953388977876, -6.269638567704631 ], [ 106.855142035187541, -6.269576061730866 ], [ 106.855375597161427, -6.269638567704631 ], [ 106.855833737956317, -6.270460074092112 ], [ 106.856444592349504, -6.270540438777914 ], [ 106.856633238559183, -6.27037077998225 ], [ 106.855716956969374, -6.268325940682421 ], [ 106.855510344454032, -6.266665060940899 ], [ 106.849877907622599, -6.266790073578576 ], [ 106.852060813763018, -6.262066360957417 ], [ 106.843320206048531, -6.262468190726639 ], [ 106.843428003882622, -6.263682607704986 ] ] ] } },
{ "type": "Feature", "properties": { "FID": 30, "Kecamatan": "PASAR REBO", "KOTAMADYA": "JAKARTA TIMUR", "ID": "3172010000", "is_in_subd": "PASAR REBO", "city": "dki", "source_layer": "Kecamatan", "role": "admin_kec" }, "geometry": { "type": "Polygon", "coordinates": [ [ [ 106.857953762026838, -6.292211663181837 ], [ 106.85783698103991, -6.292211663181837 ], [ 106.857872913651264, -6.292595611635071 ], [ 106.856956632061454, -6.292542037449325 ], [ 106.855779839039258, -6.29276526318682 ], [ 106.855869670567671, -6.294443917660255 ], [ 106.854153888375009, -6.293827816382516 ], [ 106.854387450348881, -6.294792148494001 ], [ 106.854360500890365, -6.296042205973812 ], [ 106.854207787292054, -6.29617614052533 ], [ 106.853066926881226, -6.295818981644521 ], [ 106.851737420260733, -6.295631473133766 ], [ 106.850812155518085, -6.295810052669354 ], [ 106.850362997876033, -6.296345790907663 ], [ 106.850578593544213, -6.296783310058943 ], [ 106.852105729527224, -6.297729778798289 ], [ 106.852285392584037, -6.298345875446769 ], [ 106.852968112199974, -6.298551240833777 ], [ 106.853102859492594, -6.299810218169592 ], [ 106.854288635667629, -6.299479848525937 ], [ 106.85481864168527, -6.299524493084666 ], [ 106.855061186811966, -6.301256698997977 ], [ 106.854450332418779, -6.302390665716621 ], [ 106.854459315571617, -6.302828179772207 ], [ 106.85474677646252, -6.303301408845484 ], [ 106.855465428689826, -6.303846068187862 ], [ 106.858106475625135, -6.304935385156683 ], [ 106.858492751197304, -6.305292537763121 ], [ 106.858573599572878, -6.305730049370763 ], [ 106.857729183205805, -6.306069343832736 ], [ 106.857477654926257, -6.306533641157725 ], [ 106.857774098970012, -6.307721168962429 ], [ 106.857019514131352, -6.308980124039966 ], [ 106.856821884768848, -6.310096216409373 ], [ 106.856902733144409, -6.310480151628719 ], [ 106.857181210882501, -6.310667654771977 ], [ 106.857872913651264, -6.310578367569365 ], [ 106.858232239764916, -6.31073015580465 ], [ 106.858411902821743, -6.311051589567866 ], [ 106.858304104987653, -6.311346237008951 ], [ 106.856130182000072, -6.313444479091369 ], [ 106.855177967798909, -6.313881983816241 ], [ 106.854809658532417, -6.313676624501618 ], [ 106.854863557449477, -6.312658755392224 ], [ 106.854594062864223, -6.312319465244547 ], [ 106.852779465990309, -6.310962302431422 ], [ 106.852536920863599, -6.310908730142169 ], [ 106.852294375736889, -6.31139980925296 ], [ 106.852213527361315, -6.312658755392224 ], [ 106.851503858286861, -6.31371233917088 ], [ 106.851207414243092, -6.314533775884063 ], [ 106.851333178382873, -6.315069494777532 ], [ 106.851737420260733, -6.315703428085377 ], [ 106.851764369719248, -6.316140930901428 ], [ 106.851584706662436, -6.316373075102646 ], [ 106.85011146959647, -6.317078435690643 ], [ 106.849473665744753, -6.317587366150795 ], [ 106.849347901604972, -6.31872129713055 ], [ 106.849132305936791, -6.318828440086765 ], [ 106.84814415912426, -6.318355225196089 ], [ 106.847191944923082, -6.318301653671762 ], [ 106.846886517726489, -6.318132010474805 ], [ 106.846868551420812, -6.317828438299343 ], [ 106.847075163936154, -6.31770343794004 ], [ 106.847901613997536, -6.317676652144832 ], [ 106.848548401002105, -6.317239150626863 ], [ 106.84897959233848, -6.316060573269056 ], [ 106.848970609185642, -6.315614141750959 ], [ 106.848350771639602, -6.315069494777532 ], [ 106.847703984635032, -6.315274853539723 ], [ 106.847039231324786, -6.315837357558133 ], [ 106.846670922058294, -6.316578433347707 ], [ 106.846167865499183, -6.317033792643948 ], [ 106.845754640468499, -6.317007006814082 ], [ 106.844955139865618, -6.316587361965209 ], [ 106.844074790887191, -6.316765934282912 ], [ 106.844173605568443, -6.317346293889949 ], [ 106.844092757192882, -6.318221296374873 ], [ 106.843553768022403, -6.318507011151564 ], [ 106.84270935165533, -6.318024867374389 ], [ 106.840104237331389, -6.318560582654629 ], [ 106.839062191601812, -6.319623082986193 ], [ 106.838478286667126, -6.320587367112565 ], [ 106.838370488833036, -6.321051651421203 ], [ 106.838756764405204, -6.321560577973037 ], [ 106.839232871505786, -6.321783791214977 ], [ 106.840670175960383, -6.321337364634762 ], [ 106.840921704239932, -6.321507006780638 ], [ 106.840742041183105, -6.321935576164466 ], [ 106.840230001471156, -6.322185574807691 ], [ 106.840176102554111, -6.32284628492586 ], [ 106.841631373314385, -6.323649850148031 ], [ 106.841748154301328, -6.324042703802113 ], [ 106.842942913629201, -6.325498045419135 ], [ 106.843248340825795, -6.326373034112179 ], [ 106.843248340825795, -6.326739100370759 ], [ 106.842996812546247, -6.327114094805793 ], [ 106.842215278249057, -6.327712299650739 ], [ 106.842017648886554, -6.327623015389492 ], [ 106.841640356467224, -6.326792671020995 ], [ 106.841263064047894, -6.326792671020995 ], [ 106.840975603156977, -6.327319448785853 ], [ 106.840589327584794, -6.32881942320833 ], [ 106.840238984624008, -6.3290515617179 ], [ 106.840517462362072, -6.329774761790505 ], [ 106.84144272710472, -6.330462247340467 ], [ 106.841918834205302, -6.331015806468852 ], [ 106.843077660921821, -6.331230087262476 ], [ 106.843419020729783, -6.331426511245185 ], [ 106.843526818563888, -6.331676505296937 ], [ 106.84260155382124, -6.332185421385443 ], [ 106.841370861881998, -6.332301489896785 ], [ 106.840176102554111, -6.332221134776328 ], [ 106.839780843829104, -6.333926446315631 ], [ 106.839726944912059, -6.335140696124382 ], [ 106.840795940100151, -6.335310333737876 ], [ 106.841775103759844, -6.335801389673122 ], [ 106.842915964170686, -6.335774604815975 ], [ 106.843517835411035, -6.335971027069428 ], [ 106.843787329996275, -6.33629244514107 ], [ 106.844038858275837, -6.33739062204177 ], [ 106.844667678974716, -6.337444191586888 ], [ 106.844712594738922, -6.337095989444194 ], [ 106.845646842634395, -6.337015635070198 ], [ 106.84873704721177, -6.337015635070198 ], [ 106.849078407019732, -6.337274554674933 ], [ 106.849033491255526, -6.337658469711732 ], [ 106.848539417849253, -6.337881675997131 ], [ 106.847766866704916, -6.337774536992192 ], [ 106.847703984635032, -6.337881675997131 ], [ 106.848728064058932, -6.338301303552218 ], [ 106.849446716286224, -6.338899495434177 ], [ 106.850425879945917, -6.339256624585204 ], [ 106.850012654915218, -6.340122661749437 ], [ 106.850713340836833, -6.340988697459207 ], [ 106.851458942522655, -6.341229758686635 ], [ 106.85172843710788, -6.341479747988623 ], [ 106.851710470802203, -6.342042223474886 ], [ 106.852150645291431, -6.34197079805033 ], [ 106.852231493666991, -6.34226542786284 ], [ 106.85264471869769, -6.342426134962321 ], [ 106.85275251653178, -6.341827947171529 ], [ 106.854252703056275, -6.342033295297358 ], [ 106.855061186811966, -6.342327925074146 ], [ 106.854890506907992, -6.343006465737758 ], [ 106.854980338436405, -6.343256454178131 ], [ 106.855896620026201, -6.344434969478062 ], [ 106.855204917257424, -6.34609560009864 ], [ 106.855267799327322, -6.346568789564396 ], [ 106.856606289100668, -6.347202684205291 ], [ 106.856750019546112, -6.347086619047691 ], [ 106.857801048428541, -6.348104420308005 ], [ 106.857486638079095, -6.350265009298448 ], [ 106.856732053240435, -6.351014963687815 ], [ 106.85667815432339, -6.351443508562633 ], [ 106.856857817380202, -6.352104181212292 ], [ 106.856246962987015, -6.353291604248012 ], [ 106.856255946139854, -6.353800498996006 ], [ 106.856498491266564, -6.353979058437428 ], [ 106.857522570690449, -6.354095122041122 ], [ 106.857845964192748, -6.35387192278001 ], [ 106.859337167564391, -6.354282609345631 ], [ 106.859579712691101, -6.353416595987127 ], [ 106.86093616877011, -6.354282609345631 ], [ 106.860576842656471, -6.355398603792078 ], [ 106.860918202464433, -6.355898568518832 ], [ 106.862607035198579, -6.354800431069821 ], [ 106.863586198858272, -6.356327109326414 ], [ 106.862562119434372, -6.357193117785212 ], [ 106.86308314229916, -6.357844855148165 ], [ 106.865463677802069, -6.356077127232047 ], [ 106.8661014816538, -6.356005703754199 ], [ 106.866415892003246, -6.355523595019323 ], [ 106.866649453977104, -6.355505739131575 ], [ 106.867844213304991, -6.354496880467127 ], [ 106.867799297540785, -6.354157617816884 ], [ 106.867898112222051, -6.354157617816884 ], [ 106.867934044833405, -6.353880850752314 ], [ 106.867799297540785, -6.353773715074449 ], [ 106.867952011139096, -6.353425523967331 ], [ 106.868158623654438, -6.353470163866026 ], [ 106.868329303558411, -6.352943412814676 ], [ 106.868544899226606, -6.352764853013888 ], [ 106.868374219322618, -6.351416724518408 ], [ 106.868526932920929, -6.351247092205961 ], [ 106.868643713907858, -6.350452497998211 ], [ 106.868778461200478, -6.350104304644307 ], [ 106.869308467218104, -6.350032880337475 ], [ 106.869389315593679, -6.34978289518554 ], [ 106.869389315593679, -6.349568622101561 ], [ 106.869021006327188, -6.34928292451755 ], [ 106.869047955785717, -6.349006154831875 ], [ 106.868841343270361, -6.348693672749905 ], [ 106.869766608013009, -6.348077636090081 ], [ 106.869856439541422, -6.34761337609141 ], [ 106.869676776484596, -6.347149115674265 ], [ 106.870422378170417, -6.347068762867278 ], [ 106.870431361323256, -6.346220593584667 ], [ 106.871724935332381, -6.345658122658735 ], [ 106.872587318005145, -6.344720669750958 ], [ 106.873198172398347, -6.343604652160876 ], [ 106.872838846284694, -6.343345735734593 ], [ 106.872515452782423, -6.343568939558088 ], [ 106.872120194057402, -6.343381448352848 ], [ 106.87202137937615, -6.343068962859218 ], [ 106.872434604406848, -6.341988654407397 ], [ 106.872012396223312, -6.341685096253146 ], [ 106.871904598389222, -6.340944056478796 ], [ 106.871257811384652, -6.340827989911642 ], [ 106.871482390205685, -6.340381579794474 ], [ 106.872066295140357, -6.340453005439192 ], [ 106.87237172233695, -6.340247656683962 ], [ 106.872003413070473, -6.339881600004434 ], [ 106.872012396223312, -6.339667322803162 ], [ 106.872757997909119, -6.339551255948633 ], [ 106.871123064092032, -6.338354873002764 ], [ 106.868410151933986, -6.337640613204726 ], [ 106.867978960597611, -6.335917457371356 ], [ 106.867628617636797, -6.332667551953946 ], [ 106.867260308370305, -6.331301514173924 ], [ 106.866766234964061, -6.330390820312942 ], [ 106.864439598378169, -6.327971223921105 ], [ 106.86389162605488, -6.326899812304809 ], [ 106.86383772713782, -6.325917683038412 ], [ 106.86496960439581, -6.3221766462868 ], [ 106.865203166369682, -6.321167722433247 ], [ 106.865176216911166, -6.320462367419807 ], [ 106.864673160352055, -6.318498082567179 ], [ 106.863020260229277, -6.314337345484242 ], [ 106.862571102587211, -6.312792685652493 ], [ 106.862472287905959, -6.311774814805903 ], [ 106.862777715102567, -6.310337292045453 ], [ 106.86434976684977, -6.307801527888532 ], [ 106.866281144710626, -6.304131790892848 ], [ 106.869461180816401, -6.300301307791781 ], [ 106.868931174798774, -6.299890578321386 ], [ 106.866721319199854, -6.299176265424743 ], [ 106.866945898020873, -6.298319088651169 ], [ 106.865553509330482, -6.297988718058462 ], [ 106.86572418923447, -6.297354763089078 ], [ 106.865688256623116, -6.29599756111563 ], [ 106.865364863120817, -6.29599756111563 ], [ 106.865266048439565, -6.29458678162029 ], [ 106.862732799338346, -6.294854651439448 ], [ 106.862301608001985, -6.293747455292417 ], [ 106.861538040010473, -6.293684952213749 ], [ 106.860379213293953, -6.293979609518781 ], [ 106.8596695442195, -6.293077779058194 ], [ 106.859444965398481, -6.292524179386183 ], [ 106.859498864315526, -6.292238450292432 ], [ 106.857953762026838, -6.292211663181837 ] ] ] } },
{ "type": "Feature", "properties": { "FID": 31, "Kecamatan": "PENJARINGAN", "KOTAMADYA": "JAKARTA UTARA", "ID": "3175010000", "is_in_subd": "PENJARINGAN", "city": "dki", "source_layer": "Kecamatan", "role": "admin_kec" }, "geometry": { "type": "Polygon", "coordinates": [ [ [ 106.787687540503001, -6.143423845704223 ], [ 106.78898111451214, -6.143289872231983 ], [ 106.788693653621223, -6.142673593825399 ], [ 106.790580115717873, -6.142387783307733 ], [ 106.791963521255425, -6.142798635878631 ], [ 106.792071319089516, -6.143012993615838 ], [ 106.80057836483013, -6.142066246291957 ], [ 106.800237005022154, -6.135858757522896 ], [ 106.80033581970342, -6.13503704135911 ], [ 106.800856842568194, -6.133992030929719 ], [ 106.801620410559707, -6.133259629236951 ], [ 106.80206058504892, -6.133045267575578 ], [ 106.805779610325175, -6.131973457976129 ], [ 106.805644863032555, -6.131392893543684 ], [ 106.81037898457987, -6.130294285272982 ], [ 106.809327955697441, -6.127328924825481 ], [ 106.809139309487776, -6.127239606484072 ], [ 106.809103376876422, -6.127060969756414 ], [ 106.809399820920177, -6.126757287182182 ], [ 106.809166258946306, -6.125881965854478 ], [ 106.809058461112215, -6.124408207315469 ], [ 106.807944550159903, -6.124774414362561 ], [ 106.808133196369567, -6.123747247619157 ], [ 106.808627269775826, -6.122389598109581 ], [ 106.808034381688316, -6.118575656355814 ], [ 106.807899634395696, -6.118611384273722 ], [ 106.807540308282043, -6.116673141277985 ], [ 106.807288780002494, -6.116083628189776 ], [ 106.807234881085449, -6.113966734925299 ], [ 106.806866571818958, -6.113922074639598 ], [ 106.806641992997939, -6.112492943528498 ], [ 106.806911487583164, -6.112430418955222 ], [ 106.806668942456454, -6.110947691219376 ], [ 106.806794706596236, -6.11092982700474 ], [ 106.806776740290545, -6.110635067377151 ], [ 106.806489279399628, -6.109411366581289 ], [ 106.806111986980298, -6.108911166910363 ], [ 106.806201818508711, -6.107901834008533 ], [ 106.803668569407492, -6.094467699979531 ], [ 106.803048731861452, -6.094583820931124 ], [ 106.804279423800693, -6.101506370703717 ], [ 106.804423154246152, -6.101470641644014 ], [ 106.804504002621726, -6.1019708482631 ], [ 106.802446860621089, -6.102292409414567 ], [ 106.801997702979023, -6.099827102323394 ], [ 106.800892775179577, -6.100005748145802 ], [ 106.800542432218762, -6.097995979212009 ], [ 106.80181803992221, -6.097772671087748 ], [ 106.801836006227887, -6.09805850547014 ], [ 106.801934820909139, -6.098040640825704 ], [ 106.802015669284714, -6.097567227531311 ], [ 106.800533449065924, -6.09782626504605 ], [ 106.799994459895444, -6.09476246849989 ], [ 106.799805813685779, -6.094824995134908 ], [ 106.800111240882373, -6.096602534996626 ], [ 106.798988346777236, -6.09679011423647 ], [ 106.798853599484616, -6.096647196726347 ], [ 106.798449357606756, -6.094324781850769 ], [ 106.800425651231834, -6.092806274382188 ], [ 106.800551415371601, -6.092466842713494 ], [ 106.798224778785737, -6.094146134136292 ], [ 106.800713112122736, -6.108116205757454 ], [ 106.800219038716477, -6.108687863334945 ], [ 106.796284417772029, -6.10900048831445 ], [ 106.796104754715202, -6.108437763219898 ], [ 106.795871192741345, -6.105427620528592 ], [ 106.796212552549292, -6.104570128713305 ], [ 106.797155783597631, -6.095477058180172 ], [ 106.796940187929451, -6.094369443770097 ], [ 106.796266451466352, -6.093958553972083 ], [ 106.795197456278245, -6.093896027236111 ], [ 106.794909995387329, -6.093154638240027 ], [ 106.793454724627054, -6.092690153046 ], [ 106.791622161447449, -6.093029584573483 ], [ 106.790831643997436, -6.093815635707728 ], [ 106.7900860423116, -6.100273716767797 ], [ 106.790005193936025, -6.104025263409189 ], [ 106.790400452661046, -6.10670492349975 ], [ 106.790427402119576, -6.108071544983506 ], [ 106.785262089235886, -6.108143002220033 ], [ 106.78448055493871, -6.108669999044887 ], [ 106.782755789593196, -6.108669999044887 ], [ 106.776566397285606, -6.106088602866 ], [ 106.776503515215722, -6.106240450044507 ], [ 106.777365897888473, -6.106579872993735 ], [ 106.776665211966858, -6.108330577420542 ], [ 106.776090290185024, -6.108125137911795 ], [ 106.776000458656611, -6.108339509571309 ], [ 106.775748930377063, -6.108241255904686 ], [ 106.775461469486146, -6.108902234769134 ], [ 106.775200958053745, -6.108848641918634 ], [ 106.77476976671737, -6.109804380280552 ], [ 106.774437390062246, -6.110170597331503 ], [ 106.774329592228156, -6.110125936728949 ], [ 106.774419423756569, -6.10997409065239 ], [ 106.7741229797128, -6.109849040909936 ], [ 106.774922480315666, -6.107964359110834 ], [ 106.774572137354866, -6.10782144458056 ], [ 106.774904514009989, -6.106972888771456 ], [ 106.775443503180469, -6.106937160076309 ], [ 106.77573994722421, -6.106311907525379 ], [ 106.777159285373131, -6.102363867422024 ], [ 106.780015927976635, -6.099425149005341 ], [ 106.777168268525969, -6.102256680407264 ], [ 106.776593346744136, -6.103784093343568 ], [ 106.774922480315666, -6.103873415602751 ], [ 106.774329592228156, -6.105257908715765 ], [ 106.77388043458609, -6.10515072227996 ], [ 106.773934333503135, -6.104954213758616 ], [ 106.772901270926397, -6.104650518629295 ], [ 106.772721607869585, -6.105123925667659 ], [ 106.772038888253647, -6.105097129054016 ], [ 106.771931090419542, -6.105016739205046 ], [ 106.772191601851944, -6.10455226428589 ], [ 106.771437017013284, -6.10421284005184 ], [ 106.773997215573019, -6.098406865917704 ], [ 106.773763653599161, -6.09836220433451 ], [ 106.771257353956457, -6.103810890022885 ], [ 106.770682432174624, -6.103685838841266 ], [ 106.768885801606388, -6.102774750780001 ], [ 106.767089171038151, -6.101434912581931 ], [ 106.767888671641003, -6.104632654204563 ], [ 106.768068334697844, -6.106177924740924 ], [ 106.76793358740521, -6.107705326496625 ], [ 106.768068334697844, -6.108402034622498 ], [ 106.768185115684773, -6.108768252632825 ], [ 106.769173262497304, -6.109804380280552 ], [ 106.770574634340534, -6.112626924732343 ], [ 106.769730217973461, -6.114851007814302 ], [ 106.770233274532558, -6.115610230845393 ], [ 106.76895766682911, -6.115753143295407 ], [ 106.765373388845475, -6.115860327607853 ], [ 106.765445254068212, -6.112716245516268 ], [ 106.764798467063642, -6.110974487540212 ], [ 106.766163906295503, -6.110527882017778 ], [ 106.76418761267044, -6.106588805173705 ], [ 106.762597594617546, -6.104775569585749 ], [ 106.756264471864512, -6.104918484928808 ], [ 106.755348190274702, -6.104498671000074 ], [ 106.754243262475228, -6.104587993140123 ], [ 106.75086559700695, -6.104141382290956 ], [ 106.749554056692133, -6.104364687762076 ], [ 106.745844014568732, -6.103766228889944 ], [ 106.742529231170323, -6.10260503812685 ], [ 106.74093022996459, -6.102310273917325 ], [ 106.732710645114892, -6.097844129697628 ], [ 106.730581637891532, -6.095762893785804 ], [ 106.729063485061374, -6.093887094844663 ], [ 106.728551445349424, -6.092627626162263 ], [ 106.726781764239703, -6.089733516717213 ], [ 106.726557185418685, -6.089956828186562 ], [ 106.725721752204436, -6.08917970387254 ], [ 106.724131734151555, -6.090153342202774 ], [ 106.723466980841309, -6.090671424264438 ], [ 106.722658497085604, -6.091618262602768 ], [ 106.722236288902067, -6.091770113879015 ], [ 106.721122377949754, -6.091386019391313 ], [ 106.719307781075827, -6.092618693749706 ], [ 106.718723876141155, -6.09165399231869 ], [ 106.717430302132016, -6.091939829960463 ], [ 106.714205350262034, -6.094306917081997 ], [ 106.7150946823933, -6.095485990545153 ], [ 106.714088569275106, -6.096209511614735 ], [ 106.713001607781322, -6.09647748213362 ], [ 106.712534483833565, -6.096852640635175 ], [ 106.714286198637609, -6.098844549236183 ], [ 106.716118761817199, -6.102587173633919 ], [ 106.71805013967807, -6.105436552727777 ], [ 106.722469850875925, -6.111430024789135 ], [ 106.727572281689731, -6.117682457631975 ], [ 106.731551818398373, -6.121541065413731 ], [ 106.738630542837242, -6.126882332968967 ], [ 106.74017564512593, -6.127739789003436 ], [ 106.743957552472068, -6.129454696939241 ], [ 106.747083689660812, -6.131553665295939 ], [ 106.749877450194418, -6.133813396463277 ], [ 106.750973394841054, -6.134438616833964 ], [ 106.756641764283842, -6.136698335773048 ], [ 106.768167149379096, -6.140628258928825 ], [ 106.769290043484247, -6.140940865207659 ], [ 106.772119736629222, -6.141378513689734 ], [ 106.774976379232712, -6.141432103275064 ], [ 106.775578250473075, -6.141771503856917 ], [ 106.775407570569101, -6.142369920145283 ], [ 106.775452486333307, -6.14387935525762 ], [ 106.775209941206583, -6.145308402306931 ], [ 106.777419796805518, -6.14434379596953 ], [ 106.778120482727132, -6.144191959627532 ], [ 106.787687540503001, -6.143423845704223 ] ], [ [ 106.794227275771405, -6.115699551131129 ], [ 106.795071692138464, -6.115690619103225 ], [ 106.796185603090777, -6.112778770056141 ], [ 106.797146800444793, -6.111796240727669 ], [ 106.797245615126045, -6.111197790161667 ], [ 106.797667823309581, -6.111162061748496 ], [ 106.797533076016961, -6.11168905560087 ], [ 106.79764985700389, -6.11220711684816 ], [ 106.798063082034588, -6.112216048934232 ], [ 106.798449357606756, -6.112037407184464 ], [ 106.79851223967664, -6.112198184761939 ], [ 106.799329706585198, -6.112090999715657 ], [ 106.799662083240321, -6.11220711684816 ], [ 106.799635133781791, -6.112323233955463 ], [ 106.799760897921587, -6.112216048934232 ], [ 106.800650230052852, -6.11260906057377 ], [ 106.801117354000596, -6.113466539512462 ], [ 106.801925837756301, -6.114154308084524 ], [ 106.802276180717115, -6.115011784546137 ], [ 106.80292296772167, -6.119227690481699 ], [ 106.802985849791554, -6.12130883517785 ], [ 106.802833136193257, -6.121460678035811 ], [ 106.803003816097245, -6.122371734277243 ], [ 106.802554658455179, -6.12307735520035 ], [ 106.801934820909139, -6.12353288213656 ], [ 106.801809056769372, -6.124015204351397 ], [ 106.802132450271657, -6.124283160949184 ], [ 106.801871938839255, -6.124729754980021 ], [ 106.801332949668776, -6.124452866724902 ], [ 106.80106345508355, -6.124113455119532 ], [ 106.800838876262517, -6.123747247619157 ], [ 106.800731078428427, -6.123095219009088 ], [ 106.799545302253378, -6.122639691699596 ], [ 106.798889532095984, -6.12258610022588 ], [ 106.79829664400846, -6.122050185192983 ], [ 106.797335446654444, -6.122005525582639 ], [ 106.797200699361838, -6.11926341835602 ], [ 106.796571878662945, -6.118495268531789 ], [ 106.795170506819716, -6.118504200512833 ], [ 106.795062708985625, -6.117709253615407 ], [ 106.794128461090153, -6.117718185609585 ], [ 106.794227275771405, -6.115699551131129 ] ] ] } },
{ "type": "Feature", "properties": { "FID": 32, "Kecamatan": "PESANGGRAHAN", "KOTAMADYA": "JAKARTA SELATAN", "ID": "3171040000", "is_in_subd": "PESANGGRAHAN", "city": "dki", "source_layer": "Kecamatan", "role": "admin_kec" }, "geometry": { "type": "Polygon", "coordinates": [ [ [ 106.768598340715471, -6.245251740541313 ], [ 106.768310879824554, -6.244367685532484 ], [ 106.768274947213186, -6.243608647212816 ], [ 106.767969520016578, -6.243063924917122 ], [ 106.76747544661032, -6.242519202054893 ], [ 106.765714748653451, -6.241778020857163 ], [ 106.765633900277862, -6.241501193875774 ], [ 106.765894411710264, -6.240259935612496 ], [ 106.766370518810859, -6.240081337059244 ], [ 106.766648996548923, -6.239563400910582 ], [ 106.766110007378458, -6.239304432644287 ], [ 106.765903394863116, -6.238857935332915 ], [ 106.766110007378458, -6.238429297556133 ], [ 106.766056108461413, -6.238232838457957 ], [ 106.765777630723335, -6.238197118614014 ], [ 106.76556203505514, -6.238813285580855 ], [ 106.765202708941501, -6.238956164774054 ], [ 106.76461880400683, -6.238697196207702 ], [ 106.764502023019872, -6.237563090978973 ], [ 106.764888298592055, -6.236964782507434 ], [ 106.765085927954559, -6.236723672930355 ], [ 106.767008322662576, -6.23665223303437 ], [ 106.767250867789286, -6.235464543337546 ], [ 106.766927474287016, -6.234339361143414 ], [ 106.76604712530856, -6.233633888536525 ], [ 106.765678816042069, -6.23440187132864 ], [ 106.764906264897732, -6.234759072244152 ], [ 106.764142696906234, -6.233285616899757 ], [ 106.76472660184092, -6.232258660727316 ], [ 106.765283557317076, -6.231928248313978 ], [ 106.765508136138095, -6.231249562704233 ], [ 106.766110007378458, -6.231133471656753 ], [ 106.765930344321632, -6.230410134551635 ], [ 106.765400338304005, -6.22984753833618 ], [ 106.764987113273307, -6.229776097503765 ], [ 106.765651866583553, -6.22748105558929 ], [ 106.765993226391515, -6.225132422544243 ], [ 106.765921361168793, -6.223935776573961 ], [ 106.765508136138095, -6.222899871891187 ], [ 106.765633900277862, -6.222239035078318 ], [ 106.764780500757965, -6.222435500163545 ], [ 106.761896908695945, -6.222515872222695 ], [ 106.761744195097648, -6.22220331414584 ], [ 106.760432654782818, -6.22214080250816 ], [ 106.760190109656108, -6.222614104722741 ], [ 106.757863473070245, -6.222658755853055 ], [ 106.756821427340668, -6.223462475549887 ], [ 106.755195476676406, -6.22341782448787 ], [ 106.755177510370729, -6.2236946610112 ], [ 106.754297161392273, -6.2236946610112 ], [ 106.754279195086596, -6.223426754700577 ], [ 106.752895789549058, -6.223399964062002 ], [ 106.747029790743767, -6.223533917241219 ], [ 106.744604339476638, -6.223828614115284 ], [ 106.737453749815046, -6.223775032877749 ], [ 106.737786126470169, -6.225319956367134 ], [ 106.738001722138364, -6.225418188342879 ], [ 106.739483942357154, -6.225319956367134 ], [ 106.739789369553762, -6.225480699590606 ], [ 106.739986998916265, -6.226177252990514 ], [ 106.740561920698099, -6.226168322824566 ], [ 106.740445139711156, -6.226248694312629 ], [ 106.740391240794111, -6.227659658432908 ], [ 106.741639899039043, -6.227731099553345 ], [ 106.742654995310104, -6.227320312978091 ], [ 106.74319398448057, -6.227463195301588 ], [ 106.74340958014875, -6.227615007727699 ], [ 106.743373647537396, -6.228838435677009 ], [ 106.74405636715332, -6.228838435677009 ], [ 106.744514507948224, -6.229052758527935 ], [ 106.743975518777745, -6.230535155850947 ], [ 106.745574519983478, -6.230803058534899 ], [ 106.745448755843711, -6.231838947626007 ], [ 106.744559423712431, -6.232249730664828 ], [ 106.744828918297671, -6.233196316442829 ], [ 106.744846884603348, -6.233794629213967 ], [ 106.744451625878341, -6.23475014222423 ], [ 106.74405636715332, -6.236464703261096 ], [ 106.746562666796024, -6.236357543360539 ], [ 106.746778262464204, -6.237375561531514 ], [ 106.747110639119327, -6.23759881086612 ], [ 106.747622678831277, -6.238956164774054 ], [ 106.748637775102324, -6.240742151402205 ], [ 106.748601842490956, -6.241143997554611 ], [ 106.748377263669937, -6.2414833340655 ], [ 106.747802341888104, -6.241911969344029 ], [ 106.747389116857406, -6.242501342279327 ], [ 106.747038773896605, -6.243644366687822 ], [ 106.746814195075572, -6.245358898622769 ], [ 106.746769279311366, -6.247421687415605 ], [ 106.747047757049444, -6.247752090060001 ], [ 106.747263352717624, -6.248770086085326 ], [ 106.748107769084697, -6.249359451300074 ], [ 106.748206583765963, -6.249627344360047 ], [ 106.74811675223755, -6.250145270553698 ], [ 106.751880693277997, -6.250029183692807 ], [ 106.751979507959248, -6.251091823996519 ], [ 106.752455615059844, -6.251252559316685 ], [ 106.752725109645084, -6.251716905519705 ], [ 106.753991734195679, -6.251690116326889 ], [ 106.75372223961044, -6.252297337693741 ], [ 106.754369026615024, -6.254145786632144 ], [ 106.754288178239435, -6.25531557461279 ], [ 106.754045633112739, -6.255958510403397 ], [ 106.754458858143437, -6.257681931607138 ], [ 106.754422925532069, -6.259869686086918 ], [ 106.7526622275752, -6.259673235038664 ], [ 106.751602215539933, -6.260566193753533 ], [ 106.751422552483092, -6.261101968249635 ], [ 106.751557299775726, -6.2612537709236 ], [ 106.75145848509446, -6.261682390000122 ], [ 106.753632408082041, -6.262271740655878 ], [ 106.754351060309332, -6.261994924521624 ], [ 106.755330223969025, -6.261959206300063 ], [ 106.756372269698602, -6.261557376139144 ], [ 106.756569899061105, -6.262468190726639 ], [ 106.753749189068969, -6.263048610958427 ], [ 106.754072582571254, -6.263887986767627 ], [ 106.752545446588243, -6.264736290735367 ], [ 106.752527480282566, -6.26565602926887 ], [ 106.752976637924633, -6.266209657507503 ], [ 106.752680193880877, -6.266602554610829 ], [ 106.7526622275752, -6.267620513911304 ], [ 106.753542576553627, -6.268567035689255 ], [ 106.750299658377955, -6.271906636541366 ], [ 106.751575266081403, -6.272862079908641 ], [ 106.751656114456978, -6.274531869251946 ], [ 106.756821427340668, -6.274380070441812 ], [ 106.756947191480435, -6.274237200933059 ], [ 106.757234652371366, -6.2753801559063 ], [ 106.757037023008849, -6.276255229113072 ], [ 106.757108888231571, -6.277121371553937 ], [ 106.75700109039748, -6.277532119012146 ], [ 106.757899405681613, -6.277925007582117 ], [ 106.759893665612353, -6.278201815260267 ], [ 106.760495536852702, -6.277942866146438 ], [ 106.762265217962423, -6.277862502602175 ], [ 106.76152859942944, -6.281818160116831 ], [ 106.760145193891901, -6.28643454407687 ], [ 106.761834026626047, -6.286916717214704 ], [ 106.763019802801082, -6.286889929829885 ], [ 106.763118617482334, -6.288729327048341 ], [ 106.766226788365387, -6.288881121673779 ], [ 106.766756794383014, -6.288809688914387 ], [ 106.767331716164861, -6.288523957778678 ], [ 106.766756794383014, -6.287264953091789 ], [ 106.766190855754019, -6.286711347229167 ], [ 106.766702895465968, -6.286282748737259 ], [ 106.767044255273944, -6.286202386480706 ], [ 106.767691042278514, -6.286514906297551 ], [ 106.767924604252372, -6.286488118892036 ], [ 106.768068334697844, -6.286273819598255 ], [ 106.768014435780799, -6.285961299636551 ], [ 106.767161036260873, -6.28499695114254 ], [ 106.766190855754019, -6.284684430413713 ], [ 106.765705765500613, -6.283996884149484 ], [ 106.766118990531297, -6.283639716900399 ], [ 106.766738828077337, -6.283389699680164 ], [ 106.767637143361455, -6.28218425782545 ], [ 106.769002582593316, -6.281862806192645 ], [ 106.769532588610943, -6.281478849815501 ], [ 106.769514622305266, -6.281184185427006 ], [ 106.767987486322269, -6.280353766707494 ], [ 106.767969520016578, -6.279835870491346 ], [ 106.767592227597262, -6.279389407822577 ], [ 106.767565278138733, -6.279175105605591 ], [ 106.767897654793856, -6.278934015506059 ], [ 106.768652239632516, -6.278853652114744 ], [ 106.768975633134801, -6.278666137486777 ], [ 106.769056481510361, -6.278353612956789 ], [ 106.769370891859808, -6.278050017519499 ], [ 106.769784116890506, -6.278237532369311 ], [ 106.770107510392791, -6.27822860309228 ], [ 106.770278190296779, -6.278067876079533 ], [ 106.770278190296779, -6.27732674532353 ], [ 106.769433773929691, -6.276174865308437 ], [ 106.769334959248454, -6.275344438601336 ], [ 106.768481559728528, -6.27479974939725 ], [ 106.768346812435908, -6.274540798592341 ], [ 106.768652239632516, -6.273781804112506 ], [ 106.769487672846751, -6.273808592171791 ], [ 106.770080560934261, -6.274397929127652 ], [ 106.770430903895075, -6.274433646497497 ], [ 106.770682432174624, -6.274263988968934 ], [ 106.770978876218393, -6.273853238934202 ], [ 106.771607696917272, -6.272165588655021 ], [ 106.770924977301348, -6.271629825519012 ], [ 106.770826162620097, -6.271174426420509 ], [ 106.771104640358161, -6.27064759167305 ], [ 106.771023791982586, -6.270093968144506 ], [ 106.769864965266081, -6.269683214824163 ], [ 106.769649369597886, -6.26945104976086 ], [ 106.769622420139356, -6.268834918899483 ], [ 106.769200211955834, -6.268102704465623 ], [ 106.769712251667784, -6.267049028232759 ], [ 106.769218178261511, -6.266111433185445 ], [ 106.769209195108672, -6.265834619087444 ], [ 106.769811066349035, -6.264718431718675 ], [ 106.770134459851306, -6.264495193958459 ], [ 106.770556668034843, -6.264718431718675 ], [ 106.770907010995657, -6.265298849448369 ], [ 106.77148193277749, -6.265370285432026 ], [ 106.771580747458742, -6.265013105415957 ], [ 106.77123938765078, -6.264227308520165 ], [ 106.77061955010474, -6.263512946679248 ], [ 106.770727347938831, -6.263075399568932 ], [ 106.771365151790548, -6.262753936152159 ], [ 106.771904140961027, -6.262780724777784 ], [ 106.772146686087737, -6.263012892808951 ], [ 106.772497029048537, -6.263039681421288 ], [ 106.773107883441753, -6.262548556643372 ], [ 106.772586860576965, -6.260780503617932 ], [ 106.772703641563893, -6.259030303818727 ], [ 106.772461096437183, -6.25846773835219 ], [ 106.772146686087737, -6.25815520172014 ], [ 106.771688545292832, -6.258048046260399 ], [ 106.77113158981669, -6.258315934868544 ], [ 106.770969893065541, -6.258753485966452 ], [ 106.770709381633139, -6.258967796574582 ], [ 106.770323106060985, -6.258860641281507 ], [ 106.770161409309836, -6.258226638681091 ], [ 106.769200211955834, -6.258217709061506 ], [ 106.769038515204684, -6.257887313029582 ], [ 106.769685302209254, -6.257262238884157 ], [ 106.769990729405848, -6.256172822157851 ], [ 106.770152426156997, -6.256012088350249 ], [ 106.771248370803619, -6.256190681466755 ], [ 106.771589730611581, -6.256065666291608 ], [ 106.772047871406485, -6.255556675626944 ], [ 106.771949056725234, -6.255119121852366 ], [ 106.771517865388859, -6.254815512895583 ], [ 106.77037700497803, -6.254690497391537 ], [ 106.770053611475745, -6.254279731953468 ], [ 106.769766150584829, -6.254556552175456 ], [ 106.768804953230813, -6.254458325661851 ], [ 106.76844562711716, -6.255360222957134 ], [ 106.768149183073405, -6.255297715273984 ], [ 106.767682059125661, -6.25460120058463 ], [ 106.767619177055778, -6.25421722414112 ], [ 106.768041385239314, -6.253181379305617 ], [ 106.767996469475108, -6.253011714869734 ], [ 106.766945440592693, -6.252833120667227 ], [ 106.766738828077337, -6.253520708012228 ], [ 106.766388485116536, -6.253806458331202 ], [ 106.765876445404587, -6.252913488065903 ], [ 106.765984243238677, -6.251868710919736 ], [ 106.766190855754019, -6.251422224323276 ], [ 106.767187985719403, -6.251127542960823 ], [ 106.767637143361455, -6.250207778852741 ], [ 106.767646126514308, -6.249877377758929 ], [ 106.766765777535866, -6.249154066527871 ], [ 106.766550181867672, -6.248448613870217 ], [ 106.766640013396085, -6.24825215853043 ], [ 106.767448497151804, -6.247359178783742 ], [ 106.767700025431353, -6.247260950918589 ], [ 106.768391728200115, -6.247493125842877 ], [ 106.768400711352953, -6.246662653523656 ], [ 106.768625290174, -6.246287601076629 ], [ 106.769299026637086, -6.246117934405174 ], [ 106.769370891859808, -6.245930408020115 ], [ 106.768598340715471, -6.245251740541313 ] ] ] } },
{ "type": "Feature", "properties": { "FID": 33, "Kecamatan": "PULO GADUNG", "KOTAMADYA": "JAKARTA TIMUR", "ID": "3172090000", "is_in_subd": "PULO GADUNG", "city": "dki", "source_layer": "Kecamatan", "role": "admin_kec" }, "geometry": { "type": "Polygon", "coordinates": [ [ [ 106.905789050906193, -6.192545173413083 ], [ 106.906130410714169, -6.190312484640704 ], [ 106.906444821063616, -6.189294375427616 ], [ 106.905771084600516, -6.186954502958732 ], [ 106.905842949823239, -6.186454376201733 ], [ 106.910280627326799, -6.182372966946651 ], [ 106.909526042488139, -6.182140763284876 ], [ 106.906579568356236, -6.180577851371075 ], [ 106.901297474485602, -6.178577317384699 ], [ 106.896707083383745, -6.178148630546588 ], [ 106.896275892047385, -6.177961079945735 ], [ 106.891631602028468, -6.173647397788679 ], [ 106.890311078560828, -6.172673911862778 ], [ 106.887643082166989, -6.171119903099842 ], [ 106.882181325239543, -6.16741348449455 ], [ 106.880627239798017, -6.166582885927625 ], [ 106.87883060922978, -6.166431055941412 ], [ 106.878093990696797, -6.168145839140845 ], [ 106.876207528600148, -6.17521033016604 ], [ 106.875695488888198, -6.180756470109198 ], [ 106.875381078538751, -6.189910599659401 ], [ 106.877420254233698, -6.192554104149219 ], [ 106.876387191656974, -6.192589827092253 ], [ 106.875030735577951, -6.192384420136805 ], [ 106.873332919690966, -6.200547052404058 ], [ 106.873234105009715, -6.202493919782983 ], [ 106.873755127874503, -6.205333832699348 ], [ 106.874078521376774, -6.214925123526442 ], [ 106.88790359359939, -6.214201764109755 ], [ 106.889852937765923, -6.213442682171133 ], [ 106.891649568334159, -6.213174770637261 ], [ 106.900812384232182, -6.213317656805632 ], [ 106.902420368590754, -6.206664478454711 ], [ 106.902249688686766, -6.206468007480817 ], [ 106.902878509385644, -6.205825011054008 ], [ 106.904639207342527, -6.201975946595023 ], [ 106.905789050906193, -6.192545173413083 ] ] ] } },
{ "type": "Feature", "properties": { "FID": 34, "Kecamatan": "SAWAH BESAR", "KOTAMADYA": "JAKARTA PUSAT", "ID": "3173070000", "is_in_subd": "SAWAH BESAR", "city": "dki", "source_layer": "Kecamatan", "role": "admin_kec" }, "geometry": { "type": "Polygon", "coordinates": [ [ [ 106.8369242012256, -6.145129771635618 ], [ 106.836421144666488, -6.143968670810615 ], [ 106.83600791963579, -6.143334530059809 ], [ 106.8355497788409, -6.142941541046359 ], [ 106.833366872700495, -6.141682187935298 ], [ 106.832118214455562, -6.141449966468977 ], [ 106.831040236114617, -6.140467489913974 ], [ 106.830582095319713, -6.139243857488403 ], [ 106.830698876306656, -6.135331787520083 ], [ 106.821257582670555, -6.136832310903357 ], [ 106.821769622382504, -6.137627229317008 ], [ 106.822497257762649, -6.140101293643419 ], [ 106.822892516487642, -6.140958728418051 ], [ 106.825794074855352, -6.145826430914645 ], [ 106.826324080872979, -6.146942870164794 ], [ 106.827150530934375, -6.151221043676859 ], [ 106.827294261379834, -6.15672277779356 ], [ 106.827617654882133, -6.160572171515913 ], [ 106.82860580169465, -6.162831779423438 ], [ 106.830150903983338, -6.164903822486056 ], [ 106.830474297485623, -6.168065458802259 ], [ 106.830797690987907, -6.168083321100775 ], [ 106.829809544175362, -6.169744512232067 ], [ 106.829540049590136, -6.170575105845375 ], [ 106.829486150673091, -6.170977005513514 ], [ 106.829647847424226, -6.171289593933557 ], [ 106.830061072454924, -6.171441422528187 ], [ 106.829764628411155, -6.171977287808552 ], [ 106.82971072949411, -6.172414910718819 ], [ 106.829998190385041, -6.173013292480437 ], [ 106.831417528533947, -6.17228094456019 ], [ 106.832944664516944, -6.172432772870743 ], [ 106.833007546586842, -6.172575670064457 ], [ 106.832522456333407, -6.173450914534894 ], [ 106.832046349232826, -6.175237123252296 ], [ 106.832091264997032, -6.175639019383451 ], [ 106.832612287861821, -6.175933743019098 ], [ 106.832791950918647, -6.17596053606875 ], [ 106.832738052001602, -6.17471019230711 ], [ 106.83412145753914, -6.173040085677835 ], [ 106.83441790158291, -6.172897188609389 ], [ 106.83538808208975, -6.17453157152874 ], [ 106.836340296290928, -6.175656881426645 ], [ 106.838118960553473, -6.17417432979127 ], [ 106.838083027942119, -6.174058226174711 ], [ 106.838918461156354, -6.173763501495293 ], [ 106.840786956947312, -6.171825459367472 ], [ 106.840436613986498, -6.171057385410565 ], [ 106.838415404597242, -6.163644521416883 ], [ 106.837355392561975, -6.159134234202756 ], [ 106.840786956947312, -6.158151790320868 ], [ 106.839816776440458, -6.153936192308012 ], [ 106.840661192807545, -6.153069847047613 ], [ 106.840921704239932, -6.152560756905928 ], [ 106.841451710257559, -6.148925660497332 ], [ 106.842026632039392, -6.148264731207734 ], [ 106.841909851052463, -6.147782430937537 ], [ 106.843374104965577, -6.1471125687257 ], [ 106.843104610380337, -6.14654095230462 ], [ 106.843931060441733, -6.144951140904345 ], [ 106.838307606763138, -6.141762572265429 ], [ 106.837247594727884, -6.144808236276155 ], [ 106.837094881129573, -6.146147965658876 ], [ 106.8369242012256, -6.145129771635618 ] ] ] } },
{ "type": "Feature", "properties": { "FID": 35, "Kecamatan": "SENEN", "KOTAMADYA": "JAKARTA PUSAT", "ID": "3173030000", "is_in_subd": "SENEN", "city": "dki", "source_layer": "Kecamatan", "role": "admin_kec" }, "geometry": { "type": "Polygon", "coordinates": [ [ [ 106.848898743962906, -6.168163701436653 ], [ 106.845530061647466, -6.168288737490462 ], [ 106.845107853463915, -6.168556671792174 ], [ 106.843544784869565, -6.168601327495963 ], [ 106.843643599550816, -6.170182136986268 ], [ 106.842987829393408, -6.170226792553113 ], [ 106.842960879934893, -6.171584319989275 ], [ 106.840777973794474, -6.171825459367472 ], [ 106.838918461156354, -6.173763501495293 ], [ 106.838083027942119, -6.174058226174711 ], [ 106.838118960553473, -6.17417432979127 ], [ 106.836340296290928, -6.175656881426645 ], [ 106.83538808208975, -6.17453157152874 ], [ 106.83441790158291, -6.172897188609389 ], [ 106.833429754770378, -6.173772432548594 ], [ 106.832738052001602, -6.17471019230711 ], [ 106.832720085695925, -6.175505054040291 ], [ 106.832791950918647, -6.17596053606875 ], [ 106.832917715058429, -6.1759426740358 ], [ 106.833402805311849, -6.175639019383451 ], [ 106.834238238526083, -6.174790571637722 ], [ 106.834471800499955, -6.174915606127758 ], [ 106.834929941294845, -6.176541051811606 ], [ 106.834534682569839, -6.177728874347846 ], [ 106.834723328779504, -6.17824687131099 ], [ 106.835091638045995, -6.178470145707722 ], [ 106.836268431068191, -6.177978941910585 ], [ 106.836555891959108, -6.177711012374557 ], [ 106.836843352850025, -6.177737805334263 ], [ 106.836969116989806, -6.177987872892784 ], [ 106.836744538168773, -6.178961349048985 ], [ 106.836528942500578, -6.179247139874109 ], [ 106.836043852247158, -6.17943469001922 ], [ 106.835118587504525, -6.180461749158958 ], [ 106.83517248642157, -6.180827917587564 ], [ 106.835370115784073, -6.181024398103315 ], [ 106.836996066448322, -6.181810319436602 ], [ 106.836070801705688, -6.184328832205746 ], [ 106.83641216151365, -6.184846822706566 ], [ 106.837939297496661, -6.186052488286235 ], [ 106.839538298702394, -6.185454121268157 ], [ 106.840364748763776, -6.185418397842668 ], [ 106.840795940100151, -6.185659530917871 ], [ 106.840894754781402, -6.185972110666469 ], [ 106.840400681375144, -6.186749093812231 ], [ 106.840472546597866, -6.186972364619874 ], [ 106.841586457550179, -6.1877672079295 ], [ 106.841694255384269, -6.188160163730863 ], [ 106.841047468379699, -6.188740666084546 ], [ 106.840939670545609, -6.189124690368019 ], [ 106.841882901593948, -6.190098146022057 ], [ 106.843131559838866, -6.190991223025988 ], [ 106.844973106171309, -6.191821783284468 ], [ 106.845278533367917, -6.192384420136805 ], [ 106.843742414232068, -6.193715098560724 ], [ 106.843616650092287, -6.19389371285898 ], [ 106.84359868378661, -6.194554585237079 ], [ 106.843832245760481, -6.195501238823757 ], [ 106.844335302319578, -6.195715575249167 ], [ 106.845637859481556, -6.195912050229327 ], [ 106.845853455149751, -6.196135317163453 ], [ 106.845044971394032, -6.197707113706371 ], [ 106.845027005088355, -6.198582316570125 ], [ 106.845206668145181, -6.198903819298283 ], [ 106.84570074155144, -6.199296766811042 ], [ 106.846329562250332, -6.199278905566812 ], [ 106.847757883552077, -6.198394773221548 ], [ 106.848162125429937, -6.198359050671403 ], [ 106.84897959233848, -6.198903819298283 ], [ 106.850560627238536, -6.200609566605904 ], [ 106.851036734339118, -6.2016008622447 ], [ 106.85250997140507, -6.200627427805069 ], [ 106.856273912445531, -6.197716044355169 ], [ 106.858492751197304, -6.196322861315124 ], [ 106.856579339642138, -6.193581137797376 ], [ 106.851548774051068, -6.187356390188388 ], [ 106.851440976216978, -6.186356136961716 ], [ 106.85113554902037, -6.186525822910276 ], [ 106.846886517726489, -6.180836848521681 ], [ 106.846104983429299, -6.178666627098934 ], [ 106.845089887158238, -6.175192468107784 ], [ 106.845485145883259, -6.174942399228926 ], [ 106.852159628444269, -6.174513709447588 ], [ 106.852456072488025, -6.16903002206092 ], [ 106.849311968993604, -6.168735294584753 ], [ 106.848898743962906, -6.168163701436653 ] ] ] } },
{ "type": "Feature", "properties": { "FID": 36, "Kecamatan": "SETIA BUDI", "KOTAMADYA": "JAKARTA SELATAN", "ID": "3171100000", "is_in_subd": "SETIA BUDI", "city": "dki", "source_layer": "Kecamatan", "role": "admin_kec" }, "geometry": { "type": "Polygon", "coordinates": [ [ [ 106.846033118206563, -6.220997731250974 ], [ 106.846140916040667, -6.220970940488568 ], [ 106.845269550215079, -6.21865799952034 ], [ 106.84381427945479, -6.215782437102849 ], [ 106.844020891970146, -6.21485368066535 ], [ 106.847182961770244, -6.210245595637859 ], [ 106.847695001482194, -6.209147150811548 ], [ 106.840966620004139, -6.206860949355339 ], [ 106.838738798099513, -6.205958968707636 ], [ 106.837049965365367, -6.205521373579706 ], [ 106.833968743940844, -6.205092708612242 ], [ 106.827967997842919, -6.20393173924107 ], [ 106.827967997842919, -6.203833503253851 ], [ 106.822739802889345, -6.202636808848727 ], [ 106.821733689771136, -6.208977472138141 ], [ 106.819595699394924, -6.21321049218299 ], [ 106.81840094006705, -6.214630421661909 ], [ 106.812391210816301, -6.219408143652 ], [ 106.821652841395561, -6.232910554878503 ], [ 106.822910482793333, -6.233946439808542 ], [ 106.832100248149885, -6.240099196917308 ], [ 106.832558388944776, -6.239947388104357 ], [ 106.834696379320988, -6.240902889900153 ], [ 106.83506468858748, -6.238259628339317 ], [ 106.835181469574408, -6.237982799499239 ], [ 106.83568452613352, -6.237768480296833 ], [ 106.836322329985236, -6.236044993525486 ], [ 106.836466060430695, -6.234660842016639 ], [ 106.836349279443766, -6.234339361143414 ], [ 106.836501993042063, -6.233946439808542 ], [ 106.836376228902282, -6.233437427641649 ], [ 106.836582841417624, -6.233044505631161 ], [ 106.836798437085818, -6.2301333015686 ], [ 106.836340296290928, -6.22891880675636 ], [ 106.836061818552835, -6.228579462115396 ], [ 106.835909104954538, -6.228034724206752 ], [ 106.835675542980681, -6.227873981765055 ], [ 106.835424014701118, -6.227213151209955 ], [ 106.835486896771002, -6.226838084849252 ], [ 106.835217402185776, -6.226418367413704 ], [ 106.835127570657363, -6.225409258164026 ], [ 106.839008292684767, -6.22510563199265 ], [ 106.837678786064259, -6.222703406979574 ], [ 106.838514219278494, -6.222292616472482 ], [ 106.838684899182468, -6.221462104249038 ], [ 106.845359381743478, -6.221453174002944 ], [ 106.846033118206563, -6.220997731250974 ] ] ] } },
{ "type": "Feature", "properties": { "FID": 37, "Kecamatan": "TAMAN SARI", "KOTAMADYA": "JAKARTA BARAT", "ID": "3174060000", "is_in_subd": "TAMAN SARI", "city": "dki", "source_layer": "Kecamatan", "role": "admin_kec" }, "geometry": { "type": "Polygon", "coordinates": [ [ [ 106.816783972555641, -6.136314273546156 ], [ 106.814924459917506, -6.129669060043677 ], [ 106.812966132598135, -6.129677991837826 ], [ 106.81037898457987, -6.130294285272982 ], [ 106.812148665689577, -6.137305689427347 ], [ 106.812058834161164, -6.137939837357039 ], [ 106.811573743907744, -6.139083088055679 ], [ 106.811474929226492, -6.140029840683222 ], [ 106.812337311899256, -6.141065907667812 ], [ 106.811097636807162, -6.141744709082004 ], [ 106.810693394929316, -6.142146630564105 ], [ 106.810558647636697, -6.14269145697766 ], [ 106.810711361234993, -6.145433443741172 ], [ 106.811798322728777, -6.148246868242562 ], [ 106.812031884702648, -6.149917052891647 ], [ 106.811879171104351, -6.15224815745449 ], [ 106.810989838973057, -6.154105888636899 ], [ 106.811106619960015, -6.155499182761669 ], [ 106.810935940056012, -6.156311935980364 ], [ 106.811007805278749, -6.157330108587481 ], [ 106.811412047156608, -6.158196446900388 ], [ 106.812831385305515, -6.160080951132649 ], [ 106.812795452694147, -6.160679346811853 ], [ 106.81743075956021, -6.160045225996135 ], [ 106.819056710224473, -6.159687974498767 ], [ 106.820655711430192, -6.159554005125274 ], [ 106.82583000746672, -6.161402779493416 ], [ 106.82849800386056, -6.162617429679248 ], [ 106.82787816631452, -6.161349191921189 ], [ 106.827482907589498, -6.159786218684509 ], [ 106.827150530934375, -6.151221043676859 ], [ 106.826324080872979, -6.146942870164794 ], [ 106.826027636829238, -6.146255143863775 ], [ 106.822892516487642, -6.140958728418051 ], [ 106.822497257762649, -6.140101293643419 ], [ 106.821769622382504, -6.137627229317008 ], [ 106.821257582670555, -6.136832310903357 ], [ 106.820341301080759, -6.136358931958853 ], [ 106.819838244521648, -6.136358931958853 ], [ 106.816828888319847, -6.137207441089026 ], [ 106.816783972555641, -6.136314273546156 ] ] ] } },
{ "type": "Feature", "properties": { "FID": 38, "Kecamatan": "TAMBORA", "KOTAMADYA": "JAKARTA BARAT", "ID": "3174050000", "is_in_subd": "TAMBORA", "city": "dki", "source_layer": "Kecamatan", "role": "admin_kec" }, "geometry": { "type": "Polygon", "coordinates": [ [ [ 106.792071319089516, -6.143012993615838 ], [ 106.791963521255425, -6.142798635878631 ], [ 106.790580115717873, -6.142387783307733 ], [ 106.788693653621223, -6.142673593825399 ], [ 106.792089285395193, -6.148371908986165 ], [ 106.794577618732205, -6.15310557265328 ], [ 106.794811180706077, -6.153221680855113 ], [ 106.798224778785737, -6.161340260658625 ], [ 106.800174122952271, -6.160482858752767 ], [ 106.80077599419262, -6.159911256712795 ], [ 106.801279050751731, -6.158830569924269 ], [ 106.80139583173866, -6.157231863947313 ], [ 106.801629393712545, -6.160179195245666 ], [ 106.802455843773927, -6.160920491148597 ], [ 106.803902131381363, -6.161804686112656 ], [ 106.805950290229148, -6.161751098581008 ], [ 106.811016788431587, -6.160786522086153 ], [ 106.812795452694147, -6.160679346811853 ], [ 106.812831385305515, -6.160080951132649 ], [ 106.811412047156608, -6.158196446900388 ], [ 106.811007805278749, -6.157330108587481 ], [ 106.810935940056012, -6.156311935980364 ], [ 106.811106619960015, -6.155499182761669 ], [ 106.810989838973057, -6.154105888636899 ], [ 106.811879171104351, -6.15224815745449 ], [ 106.812031884702648, -6.149917052891647 ], [ 106.811798322728777, -6.148246868242562 ], [ 106.810711361234993, -6.145433443741172 ], [ 106.810558647636697, -6.14269145697766 ], [ 106.810693394929316, -6.142146630564105 ], [ 106.811097636807162, -6.141744709082004 ], [ 106.812337311899256, -6.141065907667812 ], [ 106.811474929226492, -6.140029840683222 ], [ 106.811573743907744, -6.139083088055679 ], [ 106.812058834161164, -6.137939837357039 ], [ 106.812148665689577, -6.137305689427347 ], [ 106.81037898457987, -6.130294285272982 ], [ 106.805644863032555, -6.131392893543684 ], [ 106.805779610325175, -6.131973457976129 ], [ 106.80206058504892, -6.133045267575578 ], [ 106.801620410559707, -6.133259629236951 ], [ 106.800856842568194, -6.133992030929719 ], [ 106.80033581970342, -6.13503704135911 ], [ 106.800237005022154, -6.135858757522896 ], [ 106.80057836483013, -6.142066246291957 ], [ 106.792071319089516, -6.143012993615838 ] ] ] } },
{ "type": "Feature", "properties": { "FID": 39, "Kecamatan": "TANAH ABANG", "KOTAMADYA": "JAKARTA PUSAT", "ID": "3173010000", "is_in_subd": "TANAH ABANG", "city": "dki", "source_layer": "Kecamatan", "role": "admin_kec" }, "geometry": { "type": "Polygon", "coordinates": [ [ [ 106.799868695755677, -6.200654219602685 ], [ 106.799374622349404, -6.201672306903427 ], [ 106.798548172288008, -6.202386752958261 ], [ 106.797245615126045, -6.203994253041586 ], [ 106.796302384077705, -6.206539451479801 ], [ 106.796158653632247, -6.207575388376321 ], [ 106.7923947125918, -6.207780789415522 ], [ 106.791837757115644, -6.208754210642475 ], [ 106.792017420172471, -6.209138220356415 ], [ 106.792484544120214, -6.209245385808005 ], [ 106.792592341954304, -6.209397203493762 ], [ 106.792745055552601, -6.209986612917763 ], [ 106.792673190329864, -6.2103438304294 ], [ 106.7937691349765, -6.211013612610503 ], [ 106.793760151823662, -6.211460133591189 ], [ 106.793463707779893, -6.211674463527392 ], [ 106.793975747491842, -6.211719115586452 ], [ 106.794119477937315, -6.211969167047187 ], [ 106.79465846710778, -6.211853071740902 ], [ 106.795844243282815, -6.212406756817651 ], [ 106.795718479143034, -6.212701459927453 ], [ 106.795089658444155, -6.212871137400668 ], [ 106.795134574208348, -6.213255144111742 ], [ 106.796230518854983, -6.2156752729822 ], [ 106.796131704173732, -6.216416491036656 ], [ 106.796535946051591, -6.217470269123289 ], [ 106.797173749903308, -6.218443672429014 ], [ 106.797021036305011, -6.218622278344519 ], [ 106.795350169876556, -6.218783023616604 ], [ 106.794981860610051, -6.221024522012015 ], [ 106.794730332330502, -6.22314991803609 ], [ 106.79527830465382, -6.223096336729341 ], [ 106.796077805256687, -6.223605358922837 ], [ 106.796392215606133, -6.225748604853742 ], [ 106.796293400924867, -6.226847015003812 ], [ 106.795619664461782, -6.228570531990303 ], [ 106.795871192741345, -6.228713413973559 ], [ 106.795745428601549, -6.229061688644824 ], [ 106.795835260129977, -6.229293871630631 ], [ 106.797595958086845, -6.229258151177961 ], [ 106.798287660855621, -6.228883086278167 ], [ 106.799428521266449, -6.229008107941207 ], [ 106.801018539319344, -6.227936492720451 ], [ 106.803066698167129, -6.226337995951606 ], [ 106.809193208404821, -6.222212244379186 ], [ 106.812391210816301, -6.219408143652 ], [ 106.81840094006705, -6.214630421661909 ], [ 106.819595699394924, -6.21321049218299 ], [ 106.821733689771136, -6.208977472138141 ], [ 106.823072179544482, -6.200439885183651 ], [ 106.82310811215585, -6.197894657299399 ], [ 106.822973364863216, -6.197591015258232 ], [ 106.820772492417134, -6.195831674109921 ], [ 106.820700627194398, -6.194331317634313 ], [ 106.821131818530773, -6.191607445278288 ], [ 106.822461325151281, -6.188606704059531 ], [ 106.822524207221164, -6.186972364619874 ], [ 106.823287775212663, -6.186972364619874 ], [ 106.823251842601294, -6.183498260171161 ], [ 106.821670807701253, -6.183373227708898 ], [ 106.819981974967106, -6.182953475655102 ], [ 106.8175385573943, -6.182256865128505 ], [ 106.816047354022658, -6.181604908291744 ], [ 106.815059207210126, -6.181560253684481 ], [ 106.81447530227544, -6.181721010252986 ], [ 106.810361018274179, -6.185025440002978 ], [ 106.810693394929316, -6.188579911650452 ], [ 106.810450849802592, -6.188856766478753 ], [ 106.808744050762769, -6.188767458485473 ], [ 106.806731824526338, -6.189017520828616 ], [ 106.806399447871215, -6.190821538511432 ], [ 106.805501132587096, -6.192911333470808 ], [ 106.805114857014928, -6.195670921834385 ], [ 106.804405187940475, -6.197278442386267 ], [ 106.803650603101801, -6.197805350834844 ], [ 106.802851102498948, -6.199002056203915 ], [ 106.800551415371601, -6.200145175215249 ], [ 106.799868695755677, -6.200654219602685 ] ] ] } },
{ "type": "Feature", "properties": { "FID": 40, "Kecamatan": "TANJUNG PRIOK", "KOTAMADYA": "JAKARTA UTARA", "ID": "3175030000", "is_in_subd": "TANJUNG PRIOK", "city": "dki", "source_layer": "Kecamatan", "role": "admin_kec" }, "geometry": { "type": "Polygon", "coordinates": [ [ [ 106.881013515370185, -6.110206325810863 ], [ 106.880735037632107, -6.109893701535595 ], [ 106.880249947378672, -6.109866905160646 ], [ 106.8793156994832, -6.110518949903529 ], [ 106.875470910067165, -6.112385758541266 ], [ 106.86669436974131, -6.119745744425567 ], [ 106.864789941338984, -6.120933693814337 ], [ 106.862139911250821, -6.122103776720468 ], [ 106.859876156734842, -6.122273483188699 ], [ 106.851602672968113, -6.125926625140639 ], [ 106.851710470802203, -6.126310694847387 ], [ 106.847703984635032, -6.127221742813997 ], [ 106.847730934093562, -6.128775879873675 ], [ 106.848665181989048, -6.130669420058839 ], [ 106.849258070076559, -6.130874850901208 ], [ 106.849482648897592, -6.131214258206562 ], [ 106.849841975011245, -6.1328934280133 ], [ 106.849832991858406, -6.133947372318721 ], [ 106.851557757203906, -6.135519353174025 ], [ 106.852339291501082, -6.136466112134056 ], [ 106.852438106182333, -6.138913386935161 ], [ 106.852734550226103, -6.140137020119924 ], [ 106.854019141082389, -6.144647468523574 ], [ 106.855663058052329, -6.149086426957098 ], [ 106.855851704261994, -6.150622637343722 ], [ 106.8569206994501, -6.150586911571184 ], [ 106.860235482848495, -6.149908121436886 ], [ 106.860765488866136, -6.150149270662785 ], [ 106.861169730743981, -6.150970963500158 ], [ 106.861187697049672, -6.151667615128373 ], [ 106.860855320394535, -6.152846561957786 ], [ 106.860208533389979, -6.15371290758218 ], [ 106.872704098992074, -6.160768659541939 ], [ 106.876953130285969, -6.163483759363106 ], [ 106.88192979695998, -6.162599567196658 ], [ 106.888972588787482, -6.150881649122828 ], [ 106.890391926936388, -6.147210815236221 ], [ 106.892440085784187, -6.137930905701299 ], [ 106.894676890841652, -6.12902597047199 ], [ 106.893796541863196, -6.12894558422103 ], [ 106.893706710334797, -6.12825783469001 ], [ 106.893068906483066, -6.117101877661151 ], [ 106.89313178855295, -6.110233122168818 ], [ 106.884220500934489, -6.109813312406728 ], [ 106.882998792148086, -6.10983117665863 ], [ 106.882343021990678, -6.110367103938469 ], [ 106.881732167597477, -6.110027683390212 ], [ 106.881013515370185, -6.110206325810863 ] ] ] } },
{ "type": "Feature", "properties": { "FID": 41, "Kecamatan": "TEBET", "KOTAMADYA": "JAKARTA SELATAN", "ID": "3171090000", "is_in_subd": "TEBET", "city": "dki", "source_layer": "Kecamatan", "role": "admin_kec" }, "geometry": { "type": "Polygon", "coordinates": [ [ [ 106.858717330018337, -6.243028205402529 ], [ 106.86255313628152, -6.243081784673505 ], [ 106.862589068892888, -6.241170787287146 ], [ 106.862876529783819, -6.239652700283081 ], [ 106.863550266246904, -6.237572020950988 ], [ 106.864286884779872, -6.236937992559902 ], [ 106.864816890797513, -6.236768322860402 ], [ 106.86534689681514, -6.236866552693121 ], [ 106.866218262640743, -6.238911515030363 ], [ 106.866658437129956, -6.239241923043594 ], [ 106.866936914868035, -6.238991884566267 ], [ 106.866936914868035, -6.238500737209939 ], [ 106.866415892003246, -6.23683083275608 ], [ 106.865490627260598, -6.235607423443422 ], [ 106.865248082133888, -6.235026972771131 ], [ 106.865337913662302, -6.234848372435018 ], [ 106.866272161557788, -6.234812652360497 ], [ 106.866424875156085, -6.234678702059373 ], [ 106.866388942544717, -6.234133970482358 ], [ 106.865266048439565, -6.232446192004486 ], [ 106.863361620037239, -6.231017380583593 ], [ 106.863505350482697, -6.230347623890809 ], [ 106.864762991880468, -6.228874156158239 ], [ 106.864888756020235, -6.228534811488412 ], [ 106.86483485710319, -6.22682022453968 ], [ 106.863810777679291, -6.225382467626552 ], [ 106.863720946150877, -6.224846656590141 ], [ 106.863819760832129, -6.224605541445444 ], [ 106.865284014745257, -6.224543030093568 ], [ 106.865544526177644, -6.224257263818838 ], [ 106.865553509330482, -6.223364243208442 ], [ 106.863505350482697, -6.22096201023413 ], [ 106.86297534446507, -6.219613540072834 ], [ 106.862499237364474, -6.219551028127162 ], [ 106.861672787303092, -6.219792145590943 ], [ 106.861295494883763, -6.220381543370177 ], [ 106.86173566937299, -6.221122754790812 ], [ 106.861708719914461, -6.221506755477229 ], [ 106.861493124246266, -6.221694290594212 ], [ 106.861008033992832, -6.221801453488157 ], [ 106.860522943739426, -6.221694290594212 ], [ 106.860109718708728, -6.221372801781273 ], [ 106.860172600778611, -6.220926289214858 ], [ 106.860999050839993, -6.219515307012012 ], [ 106.86255313628152, -6.217434547866789 ], [ 106.86359518201111, -6.216496864015941 ], [ 106.86348738417702, -6.216220023702263 ], [ 106.863128058063367, -6.216103929333812 ], [ 106.862454321600282, -6.216264675375615 ], [ 106.860487011128058, -6.217273802182512 ], [ 106.859867173582003, -6.217113056449106 ], [ 106.858735296324014, -6.216264675375615 ], [ 106.858546650114349, -6.216327187711938 ], [ 106.857666301135922, -6.217577432878234 ], [ 106.857333924480798, -6.217461338809391 ], [ 106.856291878751207, -6.216291466377806 ], [ 106.856624255406345, -6.215103730636732 ], [ 106.857145278271133, -6.214192833740372 ], [ 106.857513587537611, -6.21378203658491 ], [ 106.857854947345587, -6.21379989733747 ], [ 106.85832207129333, -6.213505194842745 ], [ 106.857495621231934, -6.212263870401989 ], [ 106.857154261423972, -6.211915584601314 ], [ 106.854971355283567, -6.211379759842615 ], [ 106.854234736750584, -6.210897517093491 ], [ 106.854046090540919, -6.210558160820056 ], [ 106.853336421466466, -6.20995982159462 ], [ 106.85102775118628, -6.208941750305195 ], [ 106.849725194024302, -6.207861163713408 ], [ 106.849015524949849, -6.20758431885795 ], [ 106.84873704721177, -6.208209452195856 ], [ 106.848027378137317, -6.208682766943872 ], [ 106.847695001482194, -6.209147150811548 ], [ 106.847182961770244, -6.210245595637859 ], [ 106.844353268625269, -6.214344649999274 ], [ 106.843895127830365, -6.21528233768639 ], [ 106.84381427945479, -6.215782437102849 ], [ 106.845269550215079, -6.21865799952034 ], [ 106.846140916040667, -6.220970940488568 ], [ 106.845359381743478, -6.221453174002944 ], [ 106.838684899182468, -6.221462104249038 ], [ 106.838514219278494, -6.222292616472482 ], [ 106.837678786064259, -6.222703406979574 ], [ 106.839008292684767, -6.22510563199265 ], [ 106.835127570657363, -6.225409258164026 ], [ 106.835217402185776, -6.226418367413704 ], [ 106.835486896771002, -6.226838084849252 ], [ 106.835424014701118, -6.227213151209955 ], [ 106.835675542980681, -6.227873981765055 ], [ 106.835909104954538, -6.228034724206752 ], [ 106.836061818552835, -6.228579462115396 ], [ 106.836340296290928, -6.22891880675636 ], [ 106.836798437085818, -6.2301333015686 ], [ 106.836582841417624, -6.233044505631161 ], [ 106.836376228902282, -6.233437427641649 ], [ 106.836501993042063, -6.233946439808542 ], [ 106.836349279443766, -6.234339361143414 ], [ 106.836466060430695, -6.234660842016639 ], [ 106.836322329985236, -6.236044993525486 ], [ 106.83568452613352, -6.237768480296833 ], [ 106.835181469574408, -6.237982799499239 ], [ 106.83506468858748, -6.238259628339317 ], [ 106.834696379320988, -6.240902889900153 ], [ 106.84120018197801, -6.242813888263814 ], [ 106.843697498467861, -6.243233592578171 ], [ 106.843877161524674, -6.242867467556714 ], [ 106.845449213271891, -6.243296101702598 ], [ 106.852015897998811, -6.243019275523499 ], [ 106.858717330018337, -6.243028205402529 ] ] ] } }
]
}
