{
"type": "FeatureCollection",
"name": "positif__sebaran_rw_kumuh",
"crs": { "type": "name", "properties": { "name": "urn:ogc:def:crs:OGC:1.3:CRS84" } },
"features": [
{ "type": "Feature", "properties": { "FID": 0, "KAB_NAME": "JAKARTA PUSAT", "KEC_NAME": "GAMBIR", "KEL_NAME": "DURI PULO", "RW": "RW 08", "Luas_Ha": 4.6363, "STATUS": "Kumuh", "SUMBER": "BPS", "Longtitude": "106° 48' 1.106\" E", "Latitude": "6° 9' 47.515\" S", "city": "dki", "source_layer": "Sebaran RW Kumuh", "role": "positif" }, "geometry": { "type": "Polygon", "coordinates": [ [ [ 106.802051601896082, -6.162706742083183 ], [ 106.801997702979023, -6.162036898687266 ], [ 106.800731078428427, -6.162278042407201 ], [ 106.798889532095984, -6.162938954263063 ], [ 106.79953631910054, -6.164662679959541 ], [ 106.800677179511368, -6.16423398186396 ], [ 106.800290903939199, -6.16339444708996 ], [ 106.802051601896082, -6.162706742083183 ] ] ] } },
{ "type": "Feature", "properties": { "FID": 1, "KAB_NAME": "JAKARTA PUSAT", "KEC_NAME": "GAMBIR", "KEL_NAME": "DURI PULO", "RW": "RW 12", "Luas_Ha": 4.53784, "STATUS": "Kumuh", "SUMBER": "BPS/KOTAKU", "Longtitude": "106° 48' 4.254\" E", "Latitude": "6° 9' 38.214\" S", "city": "dki", "source_layer": "Sebaran RW Kumuh", "role": "positif" }, "geometry": { "type": "Polygon", "coordinates": [ [ [ 106.801629393712545, -6.160179195245666 ], [ 106.80139583173866, -6.157231863947313 ], [ 106.801279050751731, -6.158830569924269 ], [ 106.80077599419262, -6.159911256712795 ], [ 106.800174122952271, -6.160482858752767 ], [ 106.800731078428427, -6.161697511043951 ], [ 106.800731078428427, -6.162278042407201 ], [ 106.801997702979023, -6.162036898687266 ], [ 106.801629393712545, -6.160179195245666 ] ] ] } },
{ "type": "Feature", "properties": { "FID": 2, "KAB_NAME": "JAKARTA PUSAT", "KEC_NAME": "JOHAR BARU", "KEL_NAME": "GALUR", "RW": "RW 04", "Luas_Ha": 5.40079, "STATUS": "Kumuh", "SUMBER": "BPS/KOTAKU", "Longtitude": "106° 51' 18.680\" E", "Latitude": "6° 10' 35.528\" S", "city": "dki", "source_layer": "Sebaran RW Kumuh", "role": "positif" }, "geometry": { "type": "Polygon", "coordinates": [ [ [ 106.856480524960872, -6.177737805334263 ], [ 106.85616611461144, -6.17774673632053 ], [ 106.856112215694395, -6.177148359907478 ], [ 106.855510344454032, -6.176960808952223 ], [ 106.855537293912562, -6.17596053606875 ], [ 106.855501361301194, -6.175737260613561 ], [ 106.855321698244367, -6.175728329593395 ], [ 106.855231866715954, -6.17421005397586 ], [ 106.854360500890365, -6.174317226515174 ], [ 106.854674911239798, -6.177371634767574 ], [ 106.854558130252869, -6.17780032223497 ], [ 106.855528310759723, -6.178398697911016 ], [ 106.856022384165982, -6.178211147398772 ], [ 106.856462558655195, -6.178255802288668 ], [ 106.856480524960872, -6.177737805334263 ] ] ] } },
{ "type": "Feature", "properties": { "FID": 3, "KAB_NAME": "JAKARTA PUSAT", "KEC_NAME": "JOHAR BARU", "KEL_NAME": "GALUR", "RW": "RW 06", "Luas_Ha": 3.39481, "STATUS": "Kumuh", "SUMBER": "KOTAKU", "Longtitude": "106° 51' 24.662\" E", "Latitude": "6° 10' 34.576\" S", "city": "dki", "source_layer": "Sebaran RW Kumuh", "role": "positif" }, "geometry": { "type": "Polygon", "coordinates": [ [ [ 106.85740578970352, -6.178193285441759 ], [ 106.85719019403534, -6.176094501296672 ], [ 106.856956632061454, -6.176103432310662 ], [ 106.856902733144409, -6.175817639788274 ], [ 106.856956632061454, -6.174790571637722 ], [ 106.857145278271133, -6.17471019230711 ], [ 106.857109345659765, -6.173924260431669 ], [ 106.856372727126782, -6.174022501979879 ], [ 106.856588322794977, -6.175862294880066 ], [ 106.856462558655195, -6.178255802288668 ], [ 106.85740578970352, -6.178193285441759 ] ] ] } },
{ "type": "Feature", "properties": { "FID": 4, "KAB_NAME": "JAKARTA PUSAT", "KEC_NAME": "JOHAR BARU", "KEL_NAME": "GALUR", "RW": "RW 07", "Luas_Ha": 5.54615, "STATUS": "Kumuh", "SUMBER": "BPS/KOTAKU", "Longtitude": "106° 51' 27.864\" E", "Latitude": "6° 10' 34.702\" S", "city": "dki", "source_layer": "Sebaran RW Kumuh", "role": "positif" }, "geometry": { "type": "Polygon", "coordinates": [ [ [ 106.858259189223446, -6.1761123633245 ], [ 106.857585452760347, -6.173906398330036 ], [ 106.857109345659765, -6.173924260431669 ], [ 106.857145278271133, -6.17471019230711 ], [ 106.856956632061454, -6.174790571637722 ], [ 106.856902733144409, -6.175817639788274 ], [ 106.856956632061454, -6.176103432310662 ], [ 106.85719019403534, -6.176094501296672 ], [ 106.85740578970352, -6.178193285441759 ], [ 106.858870043616648, -6.177943217980284 ], [ 106.858259189223446, -6.1761123633245 ] ] ] } },
{ "type": "Feature", "properties": { "FID": 5, "KAB_NAME": "JAKARTA PUSAT", "KEC_NAME": "JOHAR BARU", "KEL_NAME": "JOHAR BARU", "RW": "RW 01", "Luas_Ha": 5.23805, "STATUS": "Kumuh", "SUMBER": "BPS/KOTAKU", "Longtitude": "106° 51' 7.126\" E", "Latitude": "6° 11' 1.859\" S", "city": "dki", "source_layer": "Sebaran RW Kumuh", "role": "positif" }, "geometry": { "type": "Polygon", "coordinates": [ [ [ 106.852456072488025, -6.184587827519588 ], [ 106.852590819780644, -6.18164063197484 ], [ 106.85162063927379, -6.181676355655523 ], [ 106.851333178382873, -6.185498775546622 ], [ 106.851440976216978, -6.186356136961716 ], [ 106.852411156723818, -6.18553449896668 ], [ 106.852456072488025, -6.184587827519588 ] ] ] } },
{ "type": "Feature", "properties": { "FID": 6, "KAB_NAME": "JAKARTA PUSAT", "KEC_NAME": "JOHAR BARU", "KEL_NAME": "JOHAR BARU", "RW": "RW 02", "Luas_Ha": 3.16804, "STATUS": "Kumuh", "SUMBER": "BPS/KOTAKU", "Longtitude": "106° 51' 11.876\" E", "Latitude": "6° 10' 52.364\" S", "city": "dki", "source_layer": "Sebaran RW Kumuh", "role": "positif" }, "geometry": { "type": "Polygon", "coordinates": [ [ [ 106.854414399807411, -6.180961881583491 ], [ 106.853821511719886, -6.18026526843426 ], [ 106.852096746374386, -6.181247671328095 ], [ 106.851692504496526, -6.181220878546098 ], [ 106.85162063927379, -6.181676355655523 ], [ 106.852590819780644, -6.18164063197484 ], [ 106.854333551431836, -6.181899628605141 ], [ 106.854414399807411, -6.180961881583491 ] ] ] } },
{ "type": "Feature", "properties": { "FID": 7, "KAB_NAME": "JAKARTA PUSAT", "KEC_NAME": "JOHAR BARU", "KEL_NAME": "KAMPUNG RAWA", "RW": "RW 02", "Luas_Ha": 2.56261, "STATUS": "Kumuh", "SUMBER": "BPS/KOTAKU", "Longtitude": "106° 51' 11.620\" E", "Latitude": "6° 10' 45.658\" S", "city": "dki", "source_layer": "Sebaran RW Kumuh", "role": "positif" }, "geometry": { "type": "Polygon", "coordinates": [ [ [ 106.854459315571617, -6.179023865805169 ], [ 106.853255573090891, -6.178738074859472 ], [ 106.852384207265288, -6.178773798736124 ], [ 106.852249459972683, -6.180193820879916 ], [ 106.853543033981808, -6.179800859158576 ], [ 106.853569983440323, -6.179649032960812 ], [ 106.854342534584674, -6.179631171052329 ], [ 106.854459315571617, -6.179559723412367 ], [ 106.854459315571617, -6.179023865805169 ] ] ] } },
{ "type": "Feature", "properties": { "FID": 8, "KAB_NAME": "JAKARTA PUSAT", "KEC_NAME": "JOHAR BARU", "KEL_NAME": "KAMPUNG RAWA", "RW": "RW 08", "Luas_Ha": 2.08088, "STATUS": "Kumuh", "SUMBER": "KOTAKU", "Longtitude": "106° 51' 7.371\" E", "Latitude": "6° 10' 46.606\" S", "city": "dki", "source_layer": "Sebaran RW Kumuh", "role": "positif" }, "geometry": { "type": "Polygon", "coordinates": [ [ [ 106.852420139876656, -6.17802359682007 ], [ 106.851899117011868, -6.178014665838474 ], [ 106.851692504496526, -6.181220878546098 ], [ 106.852096746374386, -6.181247671328095 ], [ 106.852249459972683, -6.181122638333828 ], [ 106.852420139876656, -6.17802359682007 ] ] ] } },
{ "type": "Feature", "properties": { "FID": 9, "KAB_NAME": "JAKARTA PUSAT", "KEC_NAME": "JOHAR BARU", "KEL_NAME": "TANAH TINGGI", "RW": "RW 04", "Luas_Ha": 3.44936, "STATUS": "Kumuh", "SUMBER": "BPS/KOTAKU", "Longtitude": "106° 51' 2.335\" E", "Latitude": "6° 10' 32.565\" S", "city": "dki", "source_layer": "Sebaran RW Kumuh", "role": "positif" }, "geometry": { "type": "Polygon", "coordinates": [ [ [ 106.851917083317545, -6.1754068127671 ], [ 106.851800302330616, -6.174558364649336 ], [ 106.850147402207838, -6.174719123344447 ], [ 106.850174351666354, -6.175219261194942 ], [ 106.850416896793078, -6.175183537078428 ], [ 106.85040791364024, -6.175424674818126 ], [ 106.84989587392829, -6.175451467893537 ], [ 106.849752143482831, -6.176023053179332 ], [ 106.849877907622599, -6.176299914580319 ], [ 106.849806042399877, -6.176808981939781 ], [ 106.850183334819192, -6.176817912941718 ], [ 106.849797059247038, -6.177210876877797 ], [ 106.850659441919788, -6.177255531852076 ], [ 106.850812155518085, -6.1754068127671 ], [ 106.851917083317545, -6.1754068127671 ] ] ] } },
{ "type": "Feature", "properties": { "FID": 10, "KAB_NAME": "JAKARTA PUSAT", "KEC_NAME": "JOHAR BARU", "KEL_NAME": "TANAH TINGGI", "RW": "RW 08", "Luas_Ha": 5.3799, "STATUS": "Kumuh", "SUMBER": "BPS/KOTAKU", "Longtitude": "106° 51' 3.032\" E", "Latitude": "6° 10' 48.438\" S", "city": "dki", "source_layer": "Sebaran RW Kumuh", "role": "positif" }, "geometry": { "type": "Polygon", "coordinates": [ [ [ 106.851800302330616, -6.17904172773415 ], [ 106.849267053229397, -6.178898832285416 ], [ 106.849285019535088, -6.179363242352729 ], [ 106.850183334819192, -6.179398966187181 ], [ 106.850039604373748, -6.181113707404536 ], [ 106.850875037587983, -6.181220878546098 ], [ 106.850866054435144, -6.181667424735578 ], [ 106.85162063927379, -6.181676355655523 ], [ 106.851800302330616, -6.17904172773415 ] ] ] } },
{ "type": "Feature", "properties": { "FID": 11, "KAB_NAME": "JAKARTA PUSAT", "KEC_NAME": "JOHAR BARU", "KEL_NAME": "TANAH TINGGI", "RW": "RW 11", "Luas_Ha": 2.64165, "STATUS": "Kumuh", "SUMBER": "BPS/KOTAKU", "Longtitude": "106° 51' 4.724\" E", "Latitude": "6° 10' 34.906\" S", "city": "dki", "source_layer": "Sebaran RW Kumuh", "role": "positif" }, "geometry": { "type": "Polygon", "coordinates": [ [ [ 106.851881150706191, -6.176174880417155 ], [ 106.851917083317545, -6.1754068127671 ], [ 106.850812155518085, -6.1754068127671 ], [ 106.850659441919788, -6.177255531852076 ], [ 106.851881150706191, -6.177326979803087 ], [ 106.851881150706191, -6.176174880417155 ] ] ] } },
{ "type": "Feature", "properties": { "FID": 12, "KAB_NAME": "JAKARTA PUSAT", "KEC_NAME": "JOHAR BARU", "KEL_NAME": "TANAH TINGGI", "RW": "RW 12", "Luas_Ha": 2.08605, "STATUS": "Kumuh", "SUMBER": "BPS/KOTAKU", "Longtitude": "106° 50' 57.866\" E", "Latitude": "6° 10' 52.944\" S", "city": "dki", "source_layer": "Sebaran RW Kumuh", "role": "positif" }, "geometry": { "type": "Polygon", "coordinates": [ [ [ 106.850039604373748, -6.181113707404536 ], [ 106.84814415912426, -6.180818986653295 ], [ 106.848296872722557, -6.18158704644929 ], [ 106.848512468390737, -6.181801388518919 ], [ 106.850866054435144, -6.181667424735578 ], [ 106.850875037587983, -6.181220878546098 ], [ 106.850039604373748, -6.181113707404536 ] ] ] } },
{ "type": "Feature", "properties": { "FID": 13, "KAB_NAME": "JAKARTA PUSAT", "KEC_NAME": "MENTENG", "KEL_NAME": "MENTENG", "RW": "RW 08", "Luas_Ha": 5.32458, "STATUS": "Kumuh", "SUMBER": "BPS", "Longtitude": "106° 50' 44.520\" E", "Latitude": "6° 12' 22.988\" S", "city": "dki", "source_layer": "Sebaran RW Kumuh", "role": "positif" }, "geometry": { "type": "Polygon", "coordinates": [ [ [ 106.847443473202645, -6.206977045762179 ], [ 106.845880404608266, -6.204851584414809 ], [ 106.844101740345721, -6.206682339448706 ], [ 106.844559881140611, -6.207191377522976 ], [ 106.845404297507685, -6.207718276064243 ], [ 106.845898370913957, -6.2071556555689 ], [ 106.845422263813376, -6.20672699193104 ], [ 106.845574977411673, -6.20657517347566 ], [ 106.845763623621338, -6.20657517347566 ], [ 106.846320579097494, -6.206994906745577 ], [ 106.847443473202645, -6.206977045762179 ] ] ] } },
{ "type": "Feature", "properties": { "FID": 14, "KAB_NAME": "JAKARTA PUSAT", "KEC_NAME": "MENTENG", "KEL_NAME": "MENTENG", "RW": "RW 09", "Luas_Ha": 5.4331, "STATUS": "Kumuh", "SUMBER": "BPS/KOTAKU", "Longtitude": "106° 50' 40.090\" E", "Latitude": "6° 12' 18.167\" S", "city": "dki", "source_layer": "Sebaran RW Kumuh", "role": "positif" }, "geometry": { "type": "Polygon", "coordinates": [ [ [ 106.844991072476986, -6.203628100675957 ], [ 106.844856325184381, -6.20344055912189 ], [ 106.843553768022403, -6.204735487539661 ], [ 106.843005795699085, -6.205021264417097 ], [ 106.844101740345721, -6.206682339448706 ], [ 106.845880404608266, -6.204851584414809 ], [ 106.844991072476986, -6.203628100675957 ] ] ] } },
{ "type": "Feature", "properties": { "FID": 15, "KAB_NAME": "JAKARTA PUSAT", "KEC_NAME": "MENTENG", "KEL_NAME": "MENTENG", "RW": "RW 10", "Luas_Ha": 5.25526, "STATUS": "Kumuh", "SUMBER": "BPS", "Longtitude": "106° 50' 36.686\" E", "Latitude": "6° 12' 25.844\" S", "city": "dki", "source_layer": "Sebaran RW Kumuh", "role": "positif" }, "geometry": { "type": "Polygon", "coordinates": [ [ [ 106.844101740345721, -6.206682339448706 ], [ 106.843724447926377, -6.206057204298651 ], [ 106.84257460436271, -6.206476937981219 ], [ 106.841146283060951, -6.206423354976532 ], [ 106.840966620004139, -6.206860949355339 ], [ 106.845844471996912, -6.208486296722746 ], [ 106.845997185595209, -6.207932607523453 ], [ 106.845116836616768, -6.207602179820758 ], [ 106.844101740345721, -6.206682339448706 ] ] ] } },
{ "type": "Feature", "properties": { "FID": 16, "KAB_NAME": "JAKARTA PUSAT", "KEC_NAME": "MENTENG", "KEL_NAME": "PEGANGSAAN", "RW": "RW 01", "Luas_Ha": 21.8231, "STATUS": "Kumuh", "SUMBER": "BPS/KOTAKU", "Longtitude": "106° 50' 35.953\" E", "Latitude": "6° 11' 52.324\" S", "city": "dki", "source_layer": "Sebaran RW Kumuh", "role": "positif" }, "geometry": { "type": "Polygon", "coordinates": [ [ [ 106.84570074155144, -6.199296766811042 ], [ 106.845206668145181, -6.198903819298283 ], [ 106.844991072476986, -6.198064339540409 ], [ 106.845044971394032, -6.197707113706371 ], [ 106.845763623621338, -6.196474682722423 ], [ 106.845853455149751, -6.196135317163453 ], [ 106.845637859481556, -6.195912050229327 ], [ 106.843544784869565, -6.195510169509887 ], [ 106.840238984624008, -6.196742602746401 ], [ 106.843050711463292, -6.200886415125002 ], [ 106.844847342031528, -6.199912979366578 ], [ 106.84570074155144, -6.199296766811042 ] ] ] } },
{ "type": "Feature", "properties": { "FID": 17, "KAB_NAME": "JAKARTA PUSAT", "KEC_NAME": "MENTENG", "KEL_NAME": "PEGANGSAAN", "RW": "RW 06", "Luas_Ha": 13.8873, "STATUS": "Kumuh", "SUMBER": "BPS/KOTAKU", "Longtitude": "106° 50' 52.560\" E", "Latitude": "6° 12' 18.304\" S", "city": "dki", "source_layer": "Sebaran RW Kumuh", "role": "positif" }, "geometry": { "type": "Polygon", "coordinates": [ [ [ 106.849509598356107, -6.202610017151851 ], [ 106.8491143396311, -6.202708253367075 ], [ 106.848045344443008, -6.202592156019842 ], [ 106.845817522538383, -6.204771209657815 ], [ 106.848467552626531, -6.208423783455199 ], [ 106.848925693421435, -6.207941537999028 ], [ 106.8487639966703, -6.206619825967079 ], [ 106.849509598356107, -6.202610017151851 ] ] ] } },
{ "type": "Feature", "properties": { "FID": 18, "KAB_NAME": "JAKARTA PUSAT", "KEC_NAME": "SAWAH BESAR", "KEL_NAME": "KARANG ANYAR", "RW": "RW 01", "Luas_Ha": 3.78675, "STATUS": "Kumuh", "SUMBER": "BPS/KOTAKU", "Longtitude": "106° 49' 42.657\" E", "Latitude": "6° 9' 31.703\" S", "city": "dki", "source_layer": "Sebaran RW Kumuh", "role": "positif" }, "geometry": { "type": "Polygon", "coordinates": [ [ [ 106.829791577869685, -6.159107440302817 ], [ 106.829566999048666, -6.158616218564303 ], [ 106.82949513382593, -6.157830262837472 ], [ 106.82847105440203, -6.158008889241171 ], [ 106.828426138637823, -6.158276828734059 ], [ 106.828165627205436, -6.158285760048161 ], [ 106.828156644052598, -6.158142859004514 ], [ 106.827923082078726, -6.158160721637073 ], [ 106.827932065231565, -6.158285760048161 ], [ 106.827402059213924, -6.158285760048161 ], [ 106.827482907589498, -6.159786218684509 ], [ 106.829791577869685, -6.159107440302817 ] ] ] } },
{ "type": "Feature", "properties": { "FID": 19, "KAB_NAME": "JAKARTA PUSAT", "KEC_NAME": "SAWAH BESAR", "KEL_NAME": "KARANG ANYAR", "RW": "RW 02", "Luas_Ha": 3.92649, "STATUS": "Kumuh", "SUMBER": "BPS/KOTAKU", "Longtitude": "106° 49' 42.172\" E", "Latitude": "6° 9' 26.503\" S", "city": "dki", "source_layer": "Sebaran RW Kumuh", "role": "positif" }, "geometry": { "type": "Polygon", "coordinates": [ [ [ 106.829522083284459, -6.156606670356826 ], [ 106.827294261379834, -6.15672277779356 ], [ 106.827402059213924, -6.158285760048161 ], [ 106.827932065231565, -6.158285760048161 ], [ 106.827923082078726, -6.158160721637073 ], [ 106.828156644052598, -6.158142859004514 ], [ 106.828165627205436, -6.158285760048161 ], [ 106.828426138637823, -6.158276828734059 ], [ 106.82847105440203, -6.158008889241171 ], [ 106.82949513382593, -6.157830262837472 ], [ 106.829522083284459, -6.156606670356826 ] ] ] } },
{ "type": "Feature", "properties": { "FID": 20, "KAB_NAME": "JAKARTA PUSAT", "KEC_NAME": "SAWAH BESAR", "KEL_NAME": "KARANG ANYAR", "RW": "RW 06", "Luas_Ha": 3.40259, "STATUS": "Kumuh", "SUMBER": "BPS/KOTAKU", "Longtitude": "106° 49' 47.084\" E", "Latitude": "6° 9' 16.826\" S", "city": "dki", "source_layer": "Sebaran RW Kumuh", "role": "positif" }, "geometry": { "type": "Polygon", "coordinates": [ [ [ 106.831228882324282, -6.154213065237746 ], [ 106.82973767895264, -6.154320241816977 ], [ 106.829531066437298, -6.15369504480006 ], [ 106.829099875100908, -6.153766495924936 ], [ 106.82909089194807, -6.154061231713498 ], [ 106.828722582681593, -6.154061231713498 ], [ 106.828758515292961, -6.155561702284177 ], [ 106.82922563924069, -6.155552770924269 ], [ 106.829216656087851, -6.155392006420254 ], [ 106.830168870289015, -6.155275898692653 ], [ 106.830159887136176, -6.155159790939679 ], [ 106.830914471974836, -6.154990094947381 ], [ 106.830896505669145, -6.15474001654415 ], [ 106.831246848629959, -6.15473108517043 ], [ 106.831228882324282, -6.154213065237746 ] ] ] } },
{ "type": "Feature", "properties": { "FID": 21, "KAB_NAME": "JAKARTA PUSAT", "KEC_NAME": "SAWAH BESAR", "KEL_NAME": "KARTINI", "RW": "RW 03", "Luas_Ha": 4.53252, "STATUS": "Kumuh", "SUMBER": "BPS/KOTAKU", "Longtitude": "106° 50' 1.847\" E", "Latitude": "6° 9' 6.464\" S", "city": "dki", "source_layer": "Sebaran RW Kumuh", "role": "positif" }, "geometry": { "type": "Polygon", "coordinates": [ [ [ 106.835334183172705, -6.151989146341172 ], [ 106.83503773912895, -6.150685157439887 ], [ 106.834534682569839, -6.150729814646931 ], [ 106.833277041172082, -6.151381809442618 ], [ 106.832342793276595, -6.151685477978631 ], [ 106.832747035154441, -6.153007327231917 ], [ 106.83401365970505, -6.152364265843627 ], [ 106.835334183172705, -6.151989146341172 ] ] ] } },
{ "type": "Feature", "properties": { "FID": 22, "KAB_NAME": "JAKARTA PUSAT", "KEC_NAME": "SAWAH BESAR", "KEL_NAME": "KARTINI", "RW": "RW 08", "Luas_Ha": 5.86235, "STATUS": "Kumuh", "SUMBER": "BPS/KOTAKU", "Longtitude": "106° 49' 54.372\" E", "Latitude": "6° 9' 8.929\" S", "city": "dki", "source_layer": "Sebaran RW Kumuh", "role": "positif" }, "geometry": { "type": "Polygon", "coordinates": [ [ [ 106.832342793276595, -6.151685477978631 ], [ 106.832001433468619, -6.150676225998027 ], [ 106.831255831782798, -6.151238906542122 ], [ 106.831130067643031, -6.150988826373823 ], [ 106.830528196402668, -6.151328220859434 ], [ 106.830716842612333, -6.15215884329174 ], [ 106.830959387739043, -6.15220350037499 ], [ 106.831076168725986, -6.152444648559712 ], [ 106.831192949712914, -6.153578936701646 ], [ 106.831489393756669, -6.153891535370351 ], [ 106.83215414706693, -6.154168408323354 ], [ 106.832720085695925, -6.153962986468808 ], [ 106.832791950918647, -6.15332885763429 ], [ 106.832342793276595, -6.151685477978631 ] ] ] } },
{ "type": "Feature", "properties": { "FID": 23, "KAB_NAME": "JAKARTA PUSAT", "KEC_NAME": "SAWAH BESAR", "KEL_NAME": "MANGGA DUA SELATAN", "RW": "RW 01", "Luas_Ha": 14.2695, "STATUS": "Kumuh", "SUMBER": "BPS/KOTAKU", "Longtitude": "106° 49' 42.203\" E", "Latitude": "6° 8' 48.243\" S", "city": "dki", "source_layer": "Sebaran RW Kumuh", "role": "positif" }, "geometry": { "type": "Polygon", "coordinates": [ [ [ 106.829890392550951, -6.144808236276155 ], [ 106.829926325162319, -6.144620673893423 ], [ 106.829638864271388, -6.144468837630414 ], [ 106.8291178414066, -6.144513495359325 ], [ 106.82787816631452, -6.145969335269402 ], [ 106.82736612660257, -6.145719252623391 ], [ 106.826539676541188, -6.145674594995663 ], [ 106.825794074855352, -6.145826430914645 ], [ 106.826324080872979, -6.146942870164794 ], [ 106.826647474375278, -6.148479086742999 ], [ 106.830860573057791, -6.147719910500123 ], [ 106.830582095319713, -6.147585938109491 ], [ 106.830411415415739, -6.147148294731624 ], [ 106.830635994236758, -6.146085445029382 ], [ 106.829881409398112, -6.145888951574574 ], [ 106.829584965354343, -6.145647800417229 ], [ 106.829890392550951, -6.144808236276155 ] ] ] } },
{ "type": "Feature", "properties": { "FID": 24, "KAB_NAME": "JAKARTA PUSAT", "KEC_NAME": "SAWAH BESAR", "KEL_NAME": "MANGGA DUA SELATAN", "RW": "RW 02", "Luas_Ha": 3.56996, "STATUS": "Kumuh", "SUMBER": "BPS/KOTAKU", "Longtitude": "106° 49' 36.862\" E", "Latitude": "6° 8' 37.195\" S", "city": "dki", "source_layer": "Sebaran RW Kumuh", "role": "positif" }, "geometry": { "type": "Polygon", "coordinates": [ [ [ 106.82736612660257, -6.145719252623391 ], [ 106.826979851030387, -6.144549221539757 ], [ 106.82747392443666, -6.14324521440041 ], [ 106.827455958130969, -6.142530688585746 ], [ 106.826899002654827, -6.14131599250003 ], [ 106.826449845012775, -6.143405982576539 ], [ 106.826539676541188, -6.145674594995663 ], [ 106.82736612660257, -6.145719252623391 ] ] ] } },
{ "type": "Feature", "properties": { "FID": 25, "KAB_NAME": "JAKARTA PUSAT", "KEC_NAME": "SAWAH BESAR", "KEL_NAME": "MANGGA DUA SELATAN", "RW": "RW 03", "Luas_Ha": 3.19778, "STATUS": "Kumuh", "SUMBER": "BPS/KOTAKU", "Longtitude": "106° 49' 33.198\" E", "Latitude": "6° 8' 40.481\" S", "city": "dki", "source_layer": "Sebaran RW Kumuh", "role": "positif" }, "geometry": { "type": "Polygon", "coordinates": [ [ [ 106.826449845012775, -6.143405982576539 ], [ 106.826081535746283, -6.143370256319374 ], [ 106.825740175938307, -6.143638203189672 ], [ 106.825201186767828, -6.143638203189672 ], [ 106.825174237309312, -6.144826099356778 ], [ 106.825794074855352, -6.145826430914645 ], [ 106.826539676541188, -6.145674594995663 ], [ 106.826449845012775, -6.143405982576539 ] ] ] } },
{ "type": "Feature", "properties": { "FID": 26, "KAB_NAME": "JAKARTA PUSAT", "KEC_NAME": "SAWAH BESAR", "KEL_NAME": "MANGGA DUA SELATAN", "RW": "RW 04", "Luas_Ha": 5.44696, "STATUS": "Kumuh", "SUMBER": "BPS/KOTAKU", "Longtitude": "106° 49' 28.014\" E", "Latitude": "6° 8' 32.422\" S", "city": "dki", "source_layer": "Sebaran RW Kumuh", "role": "positif" }, "geometry": { "type": "Polygon", "coordinates": [ [ [ 106.825147287850783, -6.141217744901379 ], [ 106.822892516487642, -6.140958728418051 ], [ 106.825174237309312, -6.144826099356778 ], [ 106.825326950907623, -6.141271334502891 ], [ 106.825147287850783, -6.141217744901379 ] ] ] } },
{ "type": "Feature", "properties": { "FID": 27, "KAB_NAME": "JAKARTA PUSAT", "KEC_NAME": "SAWAH BESAR", "KEL_NAME": "MANGGA DUA SELATAN", "RW": "RW 05", "Luas_Ha": 3.72692, "STATUS": "Kumuh", "SUMBER": "BPS/KOTAKU", "Longtitude": "106° 49' 33.409\" E", "Latitude": "6° 8' 32.606\" S", "city": "dki", "source_layer": "Sebaran RW Kumuh", "role": "positif" }, "geometry": { "type": "Polygon", "coordinates": [ [ [ 106.826899002654827, -6.14131599250003 ], [ 106.825326950907623, -6.141271334502891 ], [ 106.825201186767828, -6.143638203189672 ], [ 106.825740175938307, -6.143638203189672 ], [ 106.826081535746283, -6.143370256319374 ], [ 106.826449845012775, -6.143405982576539 ], [ 106.826899002654827, -6.14131599250003 ] ] ] } },
{ "type": "Feature", "properties": { "FID": 28, "KAB_NAME": "JAKARTA PUSAT", "KEC_NAME": "SENEN", "KEL_NAME": "KWITANG", "RW": "RW 02", "Luas_Ha": 2.46614, "STATUS": "Kumuh", "SUMBER": "BPS/KOTAKU", "Longtitude": "106° 50' 15.278\" E", "Latitude": "6° 11' 2.401\" S", "city": "dki", "source_layer": "Sebaran RW Kumuh", "role": "positif" }, "geometry": { "type": "Polygon", "coordinates": [ [ [ 106.838666932876791, -6.184775375771107 ], [ 106.838478286667126, -6.183498260171161 ], [ 106.83641216151365, -6.183516121949072 ], [ 106.836142666928424, -6.184007320605179 ], [ 106.838666932876791, -6.184775375771107 ] ] ] } },
{ "type": "Feature", "properties": { "FID": 29, "KAB_NAME": "JAKARTA PUSAT", "KEC_NAME": "SENEN", "KEL_NAME": "KWITANG", "RW": "RW 03", "Luas_Ha": 3.86749, "STATUS": "Kumuh", "SUMBER": "BPS/KOTAKU", "Longtitude": "106° 50' 15.507\" E", "Latitude": "6° 11' 6.254\" S", "city": "dki", "source_layer": "Sebaran RW Kumuh", "role": "positif" }, "geometry": { "type": "Polygon", "coordinates": [ [ [ 106.838666932876791, -6.184775375771107 ], [ 106.836142666928424, -6.184007320605179 ], [ 106.836070801705688, -6.184328832205746 ], [ 106.83662775718183, -6.185096886904646 ], [ 106.837939297496661, -6.186052488286235 ], [ 106.839134056824534, -6.18563273835939 ], [ 106.838666932876791, -6.184775375771107 ] ] ] } },
{ "type": "Feature", "properties": { "FID": 30, "KAB_NAME": "JAKARTA PUSAT", "KEC_NAME": "SENEN", "KEL_NAME": "SENEN", "RW": "RW 04", "Luas_Ha": 25.4671, "STATUS": "Kumuh", "SUMBER": "BPS/KOTAKU", "Longtitude": "106° 50' 34.303\" E", "Latitude": "6° 10' 27.756\" S", "city": "dki", "source_layer": "Sebaran RW Kumuh", "role": "positif" }, "geometry": { "type": "Polygon", "coordinates": [ [ [ 106.843733431079229, -6.170798383476415 ], [ 106.843643599550816, -6.170182136986268 ], [ 106.842987829393408, -6.170226792553113 ], [ 106.842960879934893, -6.171584319989275 ], [ 106.840777973794474, -6.171825459367472 ], [ 106.840571361279117, -6.172057667553865 ], [ 106.842215278249057, -6.178568386412446 ], [ 106.843311222895679, -6.177818184205242 ], [ 106.845143786075283, -6.175433605843414 ], [ 106.84381427945479, -6.171539664536825 ], [ 106.843733431079229, -6.170798383476415 ] ] ] } },
{ "type": "Feature", "properties": { "FID": 31, "KAB_NAME": "JAKARTA PUSAT", "KEC_NAME": "TANAH ABANG", "KEL_NAME": "BENDUNGAN HILIR", "RW": "RW 07", "Luas_Ha": 8.1433, "STATUS": "Kumuh", "SUMBER": "BPS/KOTAKU", "Longtitude": "106° 48' 36.013\" E", "Latitude": "6° 11' 59.669\" S", "city": "dki", "source_layer": "Sebaran RW Kumuh", "role": "positif" }, "geometry": { "type": "Polygon", "coordinates": [ [ [ 106.811331198781033, -6.199305697432931 ], [ 106.810127456300322, -6.197921449235818 ], [ 106.808537438247427, -6.199770089562742 ], [ 106.808726084457078, -6.200180897644432 ], [ 106.80889676436108, -6.201457972898201 ], [ 106.809848978562229, -6.201457972898201 ], [ 106.811421030309447, -6.20058277480602 ], [ 106.811331198781033, -6.199305697432931 ] ] ] } },
{ "type": "Feature", "properties": { "FID": 32, "KAB_NAME": "JAKARTA PUSAT", "KEC_NAME": "TANAH ABANG", "KEL_NAME": "KAMPUNG BALI", "RW": "RW 01", "Luas_Ha": 3.9076, "STATUS": "Kumuh", "SUMBER": "BPS", "Longtitude": "106° 48' 41.111\" E", "Latitude": "6° 11' 15.605\" S", "city": "dki", "source_layer": "Sebaran RW Kumuh", "role": "positif" }, "geometry": { "type": "Polygon", "coordinates": [ [ [ 106.812292396135049, -6.188722804483172 ], [ 106.812256463523681, -6.18729387441718 ], [ 106.812094766772532, -6.186624062118756 ], [ 106.810468816108269, -6.186731232143545 ], [ 106.810693394929316, -6.188579911650452 ], [ 106.812292396135049, -6.188722804483172 ] ] ] } },
{ "type": "Feature", "properties": { "FID": 33, "KAB_NAME": "JAKARTA PUSAT", "KEC_NAME": "TANAH ABANG", "KEL_NAME": "KAMPUNG BALI", "RW": "RW 03", "Luas_Ha": 5.68978, "STATUS": "Kumuh", "SUMBER": "BPS/KOTAKU", "Longtitude": "106° 48' 50.769\" E", "Latitude": "6° 10' 58.078\" S", "city": "dki", "source_layer": "Sebaran RW Kumuh", "role": "positif" }, "geometry": { "type": "Polygon", "coordinates": [ [ [ 106.816334814913589, -6.181801388518919 ], [ 106.815535314310708, -6.181533460918312 ], [ 106.81447530227544, -6.181721010252986 ], [ 106.811915103715705, -6.183792979429532 ], [ 106.812822402152676, -6.184552104035566 ], [ 106.813055964126548, -6.184078767644421 ], [ 106.813576986991336, -6.183766186776467 ], [ 106.814124959314654, -6.183158886276245 ], [ 106.814969375681713, -6.183007061042222 ], [ 106.815445482782295, -6.18275699585588 ], [ 106.816334814913589, -6.181801388518919 ] ] ] } },
{ "type": "Feature", "properties": { "FID": 34, "KAB_NAME": "JAKARTA PUSAT", "KEC_NAME": "TANAH ABANG", "KEL_NAME": "KAMPUNG BALI", "RW": "RW 04", "Luas_Ha": 6.77163, "STATUS": "Kumuh", "SUMBER": "BPS/KOTAKU", "Longtitude": "106° 48' 41.880\" E", "Latitude": "6° 11' 7.597\" S", "city": "dki", "source_layer": "Sebaran RW Kumuh", "role": "positif" }, "geometry": { "type": "Polygon", "coordinates": [ [ [ 106.812822402152676, -6.184552104035566 ], [ 106.811915103715705, -6.183792979429532 ], [ 106.810361018274179, -6.185025440002978 ], [ 106.810468816108269, -6.186731232143545 ], [ 106.812094766772532, -6.186624062118756 ], [ 106.812049851008325, -6.18634720612081 ], [ 106.813190711419153, -6.186248966860875 ], [ 106.812687654860056, -6.18513261035186 ], [ 106.812822402152676, -6.184552104035566 ] ] ] } },
{ "type": "Feature", "properties": { "FID": 35, "KAB_NAME": "JAKARTA PUSAT", "KEC_NAME": "TANAH ABANG", "KEL_NAME": "KEBON MELATI", "RW": "RW 12", "Luas_Ha": 8.05587, "STATUS": "Kumuh", "SUMBER": "BPS/KOTAKU", "Longtitude": "106° 48' 46.376\" E", "Latitude": "6° 11' 34.945\" S", "city": "dki", "source_layer": "Sebaran RW Kumuh", "role": "positif" }, "geometry": { "type": "Polygon", "coordinates": [ [ [ 106.814636999026604, -6.192795233967801 ], [ 106.813109863043593, -6.19133952264824 ], [ 106.812867317916883, -6.191580653021399 ], [ 106.812418160274817, -6.191473483980253 ], [ 106.812193581453784, -6.191661029787989 ], [ 106.812301379287888, -6.192402281614364 ], [ 106.811708491200363, -6.192813095431463 ], [ 106.811798322728777, -6.193206047479181 ], [ 106.811636625977627, -6.193313216168715 ], [ 106.81116051887706, -6.193054225131775 ], [ 106.810819159069084, -6.193902643572306 ], [ 106.810935940056012, -6.194170564901852 ], [ 106.814385470747041, -6.193991950697262 ], [ 106.814636999026604, -6.192795233967801 ] ] ] } },
{ "type": "Feature", "properties": { "FID": 36, "KAB_NAME": "JAKARTA PUSAT", "KEC_NAME": "TANAH ABANG", "KEL_NAME": "KEBON MELATI", "RW": "RW 14", "Luas_Ha": 6.3088, "STATUS": "Kumuh", "SUMBER": "BPS/KOTAKU", "Longtitude": "106° 48' 39.694\" E", "Latitude": "6° 11' 31.278\" S", "city": "dki", "source_layer": "Sebaran RW Kumuh", "role": "positif" }, "geometry": { "type": "Polygon", "coordinates": [ [ [ 106.810926956903174, -6.191116253686042 ], [ 106.809956776396319, -6.190910846157467 ], [ 106.80962439974121, -6.19192002150823 ], [ 106.809606433435519, -6.193000640763445 ], [ 106.811295266169665, -6.193054225131775 ], [ 106.811636625977627, -6.193313216168715 ], [ 106.811798322728777, -6.193206047479181 ], [ 106.811708491200363, -6.192813095431463 ], [ 106.812301379287888, -6.192402281614364 ], [ 106.812193581453784, -6.191661029787989 ], [ 106.812418160274817, -6.191473483980253 ], [ 106.812867317916883, -6.191580653021399 ], [ 106.813109863043593, -6.19133952264824 ], [ 106.812786469541308, -6.191000153788402 ], [ 106.811969002632765, -6.191080530643332 ], [ 106.81186120479866, -6.191410968696208 ], [ 106.810926956903174, -6.191116253686042 ] ] ] } },
{ "type": "Feature", "properties": { "FID": 37, "KAB_NAME": "JAKARTA PUSAT", "KEC_NAME": "TANAH ABANG", "KEL_NAME": "KEBON MELATI", "RW": "RW 16", "Luas_Ha": 14.6413, "STATUS": "Kumuh", "SUMBER": "BPS/KOTAKU", "Longtitude": "106° 48' 40.744\" E", "Latitude": "6° 11' 49.224\" S", "city": "dki", "source_layer": "Sebaran RW Kumuh", "role": "positif" }, "geometry": { "type": "Polygon", "coordinates": [ [ [ 106.810630512859419, -6.195108288484446 ], [ 106.810414917191224, -6.194518862426983 ], [ 106.810262203592927, -6.193027432948289 ], [ 106.809606433435519, -6.193000640763445 ], [ 106.809606433435519, -6.194367040457101 ], [ 106.809929826937804, -6.197340956975474 ], [ 106.810127456300322, -6.197921449235818 ], [ 106.811331198781033, -6.199305697432931 ], [ 106.811421030309447, -6.20058277480602 ], [ 106.813433256545878, -6.200439885183651 ], [ 106.812588840178805, -6.199537893548944 ], [ 106.811933070021396, -6.198412634495713 ], [ 106.811322215628195, -6.196510405400145 ], [ 106.812858334764044, -6.196581850748337 ], [ 106.812867317916883, -6.196438960042282 ], [ 106.814286656065789, -6.196394306688706 ], [ 106.814304622371466, -6.195653060467414 ], [ 106.81221154775946, -6.195778090023516 ], [ 106.811798322728777, -6.195608407047343 ], [ 106.811115603112853, -6.195626268415824 ], [ 106.811043737890117, -6.195483377451044 ], [ 106.810828142221922, -6.195599476362874 ], [ 106.810630512859419, -6.195108288484446 ] ] ] } },
{ "type": "Feature", "properties": { "FID": 38, "KAB_NAME": "JAKARTA SELATAN", "KEC_NAME": "CILANDAK", "KEL_NAME": "CILANDAK BARAT", "RW": "RW 01", "Luas_Ha": 66.1502, "STATUS": "Kumuh", "SUMBER": "BPS/KOTAKU", "Longtitude": "106° 48' 16.522\" E", "Latitude": "6° 17' 18.730\" S", "city": "dki", "source_layer": "Sebaran RW Kumuh", "role": "positif" }, "geometry": { "type": "Polygon", "coordinates": [ [ [ 106.809507618754282, -6.282059248880729 ], [ 106.809103376876422, -6.281559212801596 ], [ 106.808169128980936, -6.281184185427006 ], [ 106.807495392517836, -6.281094893155136 ], [ 106.807064201181461, -6.287416748144722 ], [ 106.804962143416631, -6.2873988899055 ], [ 106.803129580237012, -6.287184590987005 ], [ 106.800677179511368, -6.287247094847356 ], [ 106.800883792026724, -6.287961424146373 ], [ 106.800946674096622, -6.289407937971182 ], [ 106.800452600690349, -6.289327576197611 ], [ 106.800425651231834, -6.288702539756899 ], [ 106.799733948463043, -6.288925767143415 ], [ 106.799715982157366, -6.289148994434086 ], [ 106.798646986969274, -6.289247214411617 ], [ 106.798260711397091, -6.28911327807402 ], [ 106.798287660855621, -6.289800817574265 ], [ 106.798772751109041, -6.289818675730986 ], [ 106.798745801650526, -6.290149051519669 ], [ 106.798629020663583, -6.290175838736576 ], [ 106.799060211999958, -6.290934809308584 ], [ 106.799060211999958, -6.291104461402533 ], [ 106.798548172288008, -6.291541984968197 ], [ 106.798727835344835, -6.29239024389305 ], [ 106.805581980962671, -6.292452747127475 ], [ 106.805743677713807, -6.292363456790281 ], [ 106.805842492395058, -6.291408049221911 ], [ 106.806282666884286, -6.290684795595506 ], [ 106.807136066404198, -6.290425852694467 ], [ 106.807306746308186, -6.290077618934502 ], [ 106.808025398535477, -6.29018476780857 ], [ 106.808223027897981, -6.289988328189239 ], [ 106.808762017068446, -6.289041845346526 ], [ 106.808447606719014, -6.287943565925858 ], [ 106.808537438247427, -6.287452464621325 ], [ 106.809031511653686, -6.286970291980202 ], [ 106.809166258946306, -6.285988087069197 ], [ 106.809660332352578, -6.285961299636551 ], [ 106.809759147033816, -6.28579164586442 ], [ 106.809606433435519, -6.284755863739711 ], [ 106.809714231269623, -6.284470130376872 ], [ 106.809381854614486, -6.283818300555588 ], [ 106.809606433435519, -6.283318266166604 ], [ 106.809354905155971, -6.282871806484695 ], [ 106.809336938850279, -6.282398558803688 ], [ 106.809507618754282, -6.282059248880729 ] ] ] } },
{ "type": "Feature", "properties": { "FID": 39, "KAB_NAME": "JAKARTA SELATAN", "KEC_NAME": "CILANDAK", "KEL_NAME": "GANDARIA SELATAN", "RW": "RW 01", "Luas_Ha": 13.0971, "STATUS": "Kumuh", "SUMBER": "BPS/KOTAKU", "Longtitude": "106° 47' 13.394\" E", "Latitude": "6° 15' 53.260\" S", "city": "dki", "source_layer": "Sebaran RW Kumuh", "role": "positif" }, "geometry": { "type": "Polygon", "coordinates": [ [ [ 106.788271445437687, -6.263477228561542 ], [ 106.785432769139859, -6.26286109064641 ], [ 106.785172257707472, -6.264084436230193 ], [ 106.785387853375653, -6.265414932916848 ], [ 106.786402949646714, -6.26595963192408 ], [ 106.786699393690483, -6.266611484087012 ], [ 106.787831270948459, -6.267120463976812 ], [ 106.788244495979157, -6.26712939344413 ], [ 106.788271445437687, -6.266352529215669 ], [ 106.788702636774062, -6.265093470940886 ], [ 106.788900266136565, -6.263593312435156 ], [ 106.788271445437687, -6.263477228561542 ] ] ] } },
{ "type": "Feature", "properties": { "FID": 40, "KAB_NAME": "JAKARTA SELATAN", "KEC_NAME": "KEBAYORAN BARU", "KEL_NAME": "GANDARIA UTARA", "RW": "RW 02", "Luas_Ha": 11.5368, "STATUS": "Kumuh", "SUMBER": "BPS/KOTAKU", "Longtitude": "106° 47' 25.902\" E", "Latitude": "6° 15' 4.996\" S", "city": "dki", "source_layer": "Sebaran RW Kumuh", "role": "positif" }, "geometry": { "type": "Polygon", "coordinates": [ [ [ 106.791882672879851, -6.249404100152927 ], [ 106.790831643997436, -6.249046909223413 ], [ 106.790166890687189, -6.251279348531911 ], [ 106.788909249289404, -6.250984667088966 ], [ 106.788531956870088, -6.251672256864252 ], [ 106.788684670468385, -6.251913359558419 ], [ 106.788307378049041, -6.252717034402888 ], [ 106.78782228779562, -6.253083152533658 ], [ 106.787813304642782, -6.253431411005524 ], [ 106.787409062764937, -6.253431411005524 ], [ 106.786384983341037, -6.253913614660555 ], [ 106.786160404520004, -6.254226153829056 ], [ 106.787085669262652, -6.254404747555742 ], [ 106.787184483943889, -6.254190435076397 ], [ 106.787346180695053, -6.254261872579274 ], [ 106.787373130153568, -6.254065419422878 ], [ 106.788576872634295, -6.253074222826202 ], [ 106.788585855787133, -6.252877769223572 ], [ 106.790077059158762, -6.251681186595646 ], [ 106.791397582626431, -6.252118743247264 ], [ 106.791316734250856, -6.252413424051246 ], [ 106.792259965299166, -6.252645596688948 ], [ 106.792843870233852, -6.24960055506022 ], [ 106.791882672879851, -6.249404100152927 ] ] ] } },
{ "type": "Feature", "properties": { "FID": 41, "KAB_NAME": "JAKARTA SELATAN", "KEC_NAME": "KEBAYORAN BARU", "KEL_NAME": "GANDARIA UTARA", "RW": "RW 03", "Luas_Ha": 10.7033, "STATUS": "Kumuh", "SUMBER": "BPS/KOTAKU", "Longtitude": "106° 47' 32.053\" E", "Latitude": "6° 15' 31.971\" S", "city": "dki", "source_layer": "Sebaran RW Kumuh", "role": "positif" }, "geometry": { "type": "Polygon", "coordinates": [ [ [ 106.793266078417389, -6.256324626264086 ], [ 106.792870819692368, -6.256262118696269 ], [ 106.792763021858278, -6.256556797164804 ], [ 106.792439628356007, -6.25653893786841 ], [ 106.791999453866779, -6.257181872154069 ], [ 106.791613178294611, -6.257387253773062 ], [ 106.790741812469022, -6.257155083241292 ], [ 106.790669947246272, -6.258315934868544 ], [ 106.791424532084946, -6.258298075632275 ], [ 106.791819790809967, -6.258824922845597 ], [ 106.79172995928154, -6.259271403118933 ], [ 106.790939441831526, -6.260235799206962 ], [ 106.790642997787756, -6.260976954249709 ], [ 106.793319977334434, -6.260914447238521 ], [ 106.793266078417389, -6.256324626264086 ] ] ] } },
{ "type": "Feature", "properties": { "FID": 42, "KAB_NAME": "JAKARTA SELATAN", "KEC_NAME": "KEBAYORAN BARU", "KEL_NAME": "GANDARIA UTARA", "RW": "RW 11", "Luas_Ha": 7.49445, "STATUS": "Kumuh", "SUMBER": "BPS/KOTAKU", "Longtitude": "106° 47' 36.675\" E", "Latitude": "6° 15' 5.855\" S", "city": "dki", "source_layer": "Sebaran RW Kumuh", "role": "positif" }, "geometry": { "type": "Polygon", "coordinates": [ [ [ 106.794101511631624, -6.250011324173461 ], [ 106.792843870233852, -6.24960055506022 ], [ 106.792259965299166, -6.252645596688948 ], [ 106.794335073605495, -6.253306395170514 ], [ 106.794865079623122, -6.252199110755726 ], [ 106.7947932144004, -6.251841921734697 ], [ 106.793957781186165, -6.250591758240136 ], [ 106.794101511631624, -6.250011324173461 ] ] ] } },
{ "type": "Feature", "properties": { "FID": 43, "KAB_NAME": "JAKARTA SELATAN", "KEC_NAME": "KEBAYORAN BARU", "KEL_NAME": "KRAMAT PELA", "RW": "RW 02", "Luas_Ha": 4.61046, "STATUS": "Kumuh", "SUMBER": "BPS/KOTAKU", "Longtitude": "106° 47' 10.176\" E", "Latitude": "6° 14' 25.687\" S", "city": "dki", "source_layer": "Sebaran RW Kumuh", "role": "positif" }, "geometry": { "type": "Polygon", "coordinates": [ [ [ 106.786349050729669, -6.23950982127978 ], [ 106.785019544109176, -6.23946517158326 ], [ 106.784696150606891, -6.240143846559807 ], [ 106.784714116912568, -6.240777871072678 ], [ 106.786843124135942, -6.240965399302704 ], [ 106.787031770345592, -6.241277946203587 ], [ 106.787076686109799, -6.241867319852212 ], [ 106.787759405725737, -6.241867319852212 ], [ 106.787462961681982, -6.240697501810692 ], [ 106.786349050729669, -6.23950982127978 ] ] ] } },
{ "type": "Feature", "properties": { "FID": 44, "KAB_NAME": "JAKARTA SELATAN", "KEC_NAME": "KEBAYORAN BARU", "KEL_NAME": "KRAMAT PELA", "RW": "RW 09", "Luas_Ha": 11.0172, "STATUS": "Kumuh", "SUMBER": "BPS/KOTAKU", "Longtitude": "106° 47' 10.710\" E", "Latitude": "6° 14' 32.977\" S", "city": "dki", "source_layer": "Sebaran RW Kumuh", "role": "positif" }, "geometry": { "type": "Polygon", "coordinates": [ [ [ 106.787759405725737, -6.241867319852212 ], [ 106.787076686109799, -6.241867319852212 ], [ 106.787031770345592, -6.241277946203587 ], [ 106.786843124135942, -6.240965399302704 ], [ 106.784714116912568, -6.240777871072678 ], [ 106.784669201148361, -6.241215436838326 ], [ 106.784238009811986, -6.241322595745635 ], [ 106.784175127742103, -6.241608352724633 ], [ 106.784255976117663, -6.242090567273237 ], [ 106.785028527262014, -6.242983556005862 ], [ 106.784983611497807, -6.243206802951134 ], [ 106.78647481486945, -6.243697945895762 ], [ 106.786888039900148, -6.244358755676294 ], [ 106.787552793210395, -6.244189088379778 ], [ 106.787992967699608, -6.244492703503134 ], [ 106.788352293813247, -6.244260527248169 ], [ 106.787759405725737, -6.241867319852212 ] ] ] } },
{ "type": "Feature", "properties": { "FID": 45, "KAB_NAME": "JAKARTA SELATAN", "KEC_NAME": "KEBAYORAN BARU", "KEL_NAME": "KRAMAT PELA", "RW": "RW 10", "Luas_Ha": 5.04995, "STATUS": "Kumuh", "SUMBER": "BPS", "Longtitude": "106° 47' 19.978\" E", "Latitude": "6° 14' 46.795\" S", "city": "dki", "source_layer": "Sebaran RW Kumuh", "role": "positif" }, "geometry": { "type": "Polygon", "coordinates": [ [ [ 106.788990097664993, -6.245412477655273 ], [ 106.788352293813247, -6.244260527248169 ], [ 106.787992967699608, -6.244492703503134 ], [ 106.787795338337091, -6.244296246678711 ], [ 106.78760669212744, -6.244492703503134 ], [ 106.788307378049041, -6.246359039658685 ], [ 106.788675687315546, -6.246689442973874 ], [ 106.788666704162694, -6.247260950918589 ], [ 106.789160777568966, -6.247305599950489 ], [ 106.789142811263289, -6.247636002668171 ], [ 106.788963148206449, -6.2476895814676 ], [ 106.789097895499083, -6.24825215853043 ], [ 106.790202823298543, -6.2482253691602 ], [ 106.789574002599664, -6.246457267693093 ], [ 106.788990097664993, -6.245412477655273 ] ] ] } },
{ "type": "Feature", "properties": { "FID": 46, "KAB_NAME": "JAKARTA SELATAN", "KEC_NAME": "KEBAYORAN BARU", "KEL_NAME": "MELAWAI", "RW": "RW 01", "Luas_Ha": 45.1867, "STATUS": "Kumuh", "SUMBER": "BPS/KOTAKU", "Longtitude": "106° 48' 5.386\" E", "Latitude": "6° 14' 39.262\" S", "city": "dki", "source_layer": "Sebaran RW Kumuh", "role": "positif" }, "geometry": { "type": "Polygon", "coordinates": [ [ [ 106.802312113328469, -6.239893808512815 ], [ 106.798521222829478, -6.239831298982424 ], [ 106.798602071205053, -6.242626360695501 ], [ 106.79816189671584, -6.243322891325068 ], [ 106.79816189671584, -6.245876829040617 ], [ 106.801440747502866, -6.24592147819058 ], [ 106.801404814891512, -6.24629653089992 ], [ 106.804000946062615, -6.249645203892499 ], [ 106.804315356412062, -6.248743296741611 ], [ 106.805420284211522, -6.24815393083288 ], [ 106.80596825653484, -6.247537774854972 ], [ 106.802509742690972, -6.243010345644319 ], [ 106.802366012245514, -6.242688869892399 ], [ 106.802312113328469, -6.239893808512815 ] ] ] } },
{ "type": "Feature", "properties": { "FID": 47, "KAB_NAME": "JAKARTA SELATAN", "KEC_NAME": "KEBAYORAN LAMA", "KEL_NAME": "CIPULIR", "RW": "RW 02", "Luas_Ha": 11.8513, "STATUS": "Kumuh", "SUMBER": "BPS/KOTAKU", "Longtitude": "106° 46' 40.976\" E", "Latitude": "6° 14' 13.332\" S", "city": "dki", "source_layer": "Sebaran RW Kumuh", "role": "positif" }, "geometry": { "type": "Polygon", "coordinates": [ [ [ 106.780474068771539, -6.236384333337732 ], [ 106.780348304631744, -6.236536143182633 ], [ 106.778066583810087, -6.236545073172141 ], [ 106.777958785975997, -6.235491333360363 ], [ 106.777653358779403, -6.235384173260883 ], [ 106.776602329896974, -6.23548240335291 ], [ 106.776611313049813, -6.235705653493629 ], [ 106.775775879835578, -6.235669933477501 ], [ 106.77563214939012, -6.236491493232813 ], [ 106.775820795599785, -6.237223751929676 ], [ 106.776422666840148, -6.237447001328932 ], [ 106.777141319067454, -6.238206048575229 ], [ 106.78028542256186, -6.238322138057166 ], [ 106.780617799216984, -6.238581106808834 ], [ 106.780474068771539, -6.236384333337732 ] ] ] } },
{ "type": "Feature", "properties": { "FID": 48, "KAB_NAME": "JAKARTA SELATAN", "KEC_NAME": "KEBAYORAN LAMA", "KEL_NAME": "KEBAYORAN LAMA SELATAN", "RW": "RW 03", "Luas_Ha": 9.82157, "STATUS": "Kumuh", "SUMBER": "BPS/KOTAKU", "Longtitude": "106° 47' 2.860\" E", "Latitude": "6° 15' 18.354\" S", "city": "dki", "source_layer": "Sebaran RW Kumuh", "role": "positif" }, "geometry": { "type": "Polygon", "coordinates": [ [ [ 106.785845994170558, -6.254047560041362 ], [ 106.785154291401795, -6.253940403739461 ], [ 106.784202077200618, -6.253270676355022 ], [ 106.783833767934127, -6.253645723795995 ], [ 106.783797835322758, -6.254145786632144 ], [ 106.783133082012526, -6.254226153829056 ], [ 106.782854604274448, -6.255003036095594 ], [ 106.782207817269878, -6.255342363619854 ], [ 106.781722727016458, -6.255333433950985 ], [ 106.781740693322135, -6.256181751812379 ], [ 106.784246992964825, -6.256226400082732 ], [ 106.784750049523936, -6.256297837307366 ], [ 106.784705133759729, -6.256467500676734 ], [ 106.784947678886439, -6.256494289624758 ], [ 106.785037510414867, -6.255878143472821 ], [ 106.785881926781926, -6.255904932451053 ], [ 106.785837011017719, -6.25531557461279 ], [ 106.786178370825695, -6.254145786632144 ], [ 106.785845994170558, -6.254047560041362 ] ] ] } },
{ "type": "Feature", "properties": { "FID": 49, "KAB_NAME": "JAKARTA SELATAN", "KEC_NAME": "KEBAYORAN LAMA", "KEL_NAME": "KEBAYORAN LAMA SELATAN", "RW": "RW 06", "Luas_Ha": 2.01601, "STATUS": "Kumuh", "SUMBER": "BPS/KOTAKU", "Longtitude": "106° 47' 16.715\" E", "Latitude": "6° 15' 7.989\" S", "city": "dki", "source_layer": "Sebaran RW Kumuh", "role": "positif" }, "geometry": { "type": "Polygon", "coordinates": [ [ [ 106.788909249289404, -6.250984667088966 ], [ 106.788783485149636, -6.25028814665482 ], [ 106.788460091647352, -6.250064902729672 ], [ 106.788558906328603, -6.251020386060589 ], [ 106.787992967699608, -6.251850851463195 ], [ 106.787813304642782, -6.252725964116445 ], [ 106.787525843751865, -6.25278847210707 ], [ 106.787588725821749, -6.253270676355022 ], [ 106.786034640380223, -6.253824317720954 ], [ 106.785845994170558, -6.254047560041362 ], [ 106.786178370825695, -6.254145786632144 ], [ 106.786384983341037, -6.253913614660555 ], [ 106.787409062764937, -6.253431411005524 ], [ 106.787813304642782, -6.253431411005524 ], [ 106.78782228779562, -6.253083152533658 ], [ 106.788307378049041, -6.252717034402888 ], [ 106.788684670468385, -6.251913359558419 ], [ 106.788531956870088, -6.251672256864252 ], [ 106.788909249289404, -6.250984667088966 ] ] ] } },
{ "type": "Feature", "properties": { "FID": 50, "KAB_NAME": "JAKARTA SELATAN", "KEC_NAME": "KEBAYORAN LAMA", "KEL_NAME": "KEBAYORAN LAMA UTARA", "RW": "RW 02", "Luas_Ha": 7.27454, "STATUS": "Kumuh", "SUMBER": "BPS/KOTAKU", "Longtitude": "106° 47' 1.672\" E", "Latitude": "6° 14' 27.352\" S", "city": "dki", "source_layer": "Sebaran RW Kumuh", "role": "positif" }, "geometry": { "type": "Polygon", "coordinates": [ [ [ 106.785010560956337, -6.23946517158326 ], [ 106.783160031471041, -6.23901867440883 ], [ 106.782962402108538, -6.239491961401628 ], [ 106.782800705357403, -6.242188796108347 ], [ 106.784983611497807, -6.243206802951134 ], [ 106.785028527262014, -6.242983556005862 ], [ 106.784255976117663, -6.242090567273237 ], [ 106.784175127742103, -6.241608352724633 ], [ 106.784238009811986, -6.241322595745635 ], [ 106.784669201148361, -6.241215436838326 ], [ 106.784750049523936, -6.241045768523595 ], [ 106.784696150606891, -6.240143846559807 ], [ 106.785010560956337, -6.23946517158326 ] ] ] } },
{ "type": "Feature", "properties": { "FID": 51, "KAB_NAME": "JAKARTA SELATAN", "KEC_NAME": "MAMPANG PRAPATAN", "KEL_NAME": "KUNINGAN BARAT", "RW": "RW 01", "Luas_Ha": 33.5399, "STATUS": "Kumuh", "SUMBER": "BPS/KOTAKU", "Longtitude": "106° 49' 11.611\" E", "Latitude": "6° 13' 58.390\" S", "city": "dki", "source_layer": "Sebaran RW Kumuh", "role": "positif" }, "geometry": { "type": "Polygon", "coordinates": [ [ [ 106.82082639133418, -6.231758576993838 ], [ 106.817879917202262, -6.227516776162874 ], [ 106.816703124180066, -6.22833834868457 ], [ 106.817278045961899, -6.22984753833618 ], [ 106.816748039944272, -6.232124709774014 ], [ 106.817403810101681, -6.232133639838633 ], [ 106.817484658477255, -6.232785534145162 ], [ 106.817906866660778, -6.233151666208663 ], [ 106.818760266180703, -6.232928414980833 ], [ 106.819550783630717, -6.233428497599224 ], [ 106.81953281732504, -6.233660678652852 ], [ 106.819928076050061, -6.234330431116345 ], [ 106.819712480381867, -6.235223433070603 ], [ 106.819407053185273, -6.235544913401891 ], [ 106.82031435162223, -6.237143382122671 ], [ 106.82114978483645, -6.237054082322658 ], [ 106.8213114815876, -6.237188032016972 ], [ 106.82248827460981, -6.237241611885116 ], [ 106.822479291456958, -6.237071942283877 ], [ 106.823449471963798, -6.236955852525075 ], [ 106.823602185562109, -6.23683083275608 ], [ 106.822434375692751, -6.234741212204155 ], [ 106.822919465946171, -6.233910719672595 ], [ 106.821482161491588, -6.232731953821753 ], [ 106.82082639133418, -6.231758576993838 ] ] ] } },
{ "type": "Feature", "properties": { "FID": 52, "KAB_NAME": "JAKARTA SELATAN", "KEC_NAME": "MAMPANG PRAPATAN", "KEL_NAME": "KUNINGAN BARAT", "RW": "RW 03", "Luas_Ha": 16.993, "STATUS": "Kumuh", "SUMBER": "BPS/KOTAKU", "Longtitude": "106° 49' 21.108\" E", "Latitude": "6° 14' 19.582\" S", "city": "dki", "source_layer": "Sebaran RW Kumuh", "role": "positif" }, "geometry": { "type": "Polygon", "coordinates": [ [ [ 106.825524580270127, -6.240108126846112 ], [ 106.823602185562109, -6.23683083275608 ], [ 106.822479291456958, -6.237071942283877 ], [ 106.82248827460981, -6.237241611885116 ], [ 106.8213114815876, -6.237188032016972 ], [ 106.82114978483645, -6.237054082322658 ], [ 106.82031435162223, -6.237143382122671 ], [ 106.820323334775068, -6.237491651197375 ], [ 106.820116722259712, -6.237580950922851 ], [ 106.82017960432961, -6.23831320809793 ], [ 106.820502997831895, -6.238581106808834 ], [ 106.820377233692113, -6.239545541034257 ], [ 106.820682660888707, -6.24015277648785 ], [ 106.82106893646089, -6.240277795464474 ], [ 106.82117673429498, -6.240590342775532 ], [ 106.823871680147349, -6.240143846559807 ], [ 106.825524580270127, -6.240108126846112 ] ] ] } },
{ "type": "Feature", "properties": { "FID": 53, "KAB_NAME": "JAKARTA SELATAN", "KEC_NAME": "MAMPANG PRAPATAN", "KEL_NAME": "KUNINGAN BARAT", "RW": "RW 04", "Luas_Ha": 8.25236, "STATUS": "Kumuh", "SUMBER": "BPS/KOTAKU", "Longtitude": "106° 49' 7.537\" E", "Latitude": "6° 14' 5.447\" S", "city": "dki", "source_layer": "Sebaran RW Kumuh", "role": "positif" }, "geometry": { "type": "Polygon", "coordinates": [ [ [ 106.82001790757846, -6.236616513082727 ], [ 106.819407053185273, -6.235544913401891 ], [ 106.819712480381867, -6.235223433070603 ], [ 106.819928076050061, -6.234330431116345 ], [ 106.81953281732504, -6.233660678652852 ], [ 106.819550783630717, -6.233428497599224 ], [ 106.818760266180703, -6.232928414980833 ], [ 106.818347041150005, -6.23295520513319 ], [ 106.818005681342044, -6.2331873863963 ], [ 106.817799068826687, -6.233026645532784 ], [ 106.817529574241462, -6.233312407033872 ], [ 106.817547540547139, -6.233866069499239 ], [ 106.817790085673849, -6.234321501089124 ], [ 106.817843984590894, -6.235669933477501 ], [ 106.818616535735245, -6.235946763538848 ], [ 106.818607552582407, -6.236071783518647 ], [ 106.818230260163077, -6.236161083485968 ], [ 106.818275175927269, -6.236848692724904 ], [ 106.819299255351169, -6.236937992559902 ], [ 106.819613665700615, -6.236616513082727 ], [ 106.82001790757846, -6.236616513082727 ] ] ] } },
{ "type": "Feature", "properties": { "FID": 54, "KAB_NAME": "JAKARTA SELATAN", "KEC_NAME": "MAMPANG PRAPATAN", "KEL_NAME": "PELA MAMPANG", "RW": "RW 10", "Luas_Ha": 28.7429, "STATUS": "Kumuh", "SUMBER": "BPS/KOTAKU", "Longtitude": "106° 49' 8.042\" E", "Latitude": "6° 15' 11.543\" S", "city": "dki", "source_layer": "Sebaran RW Kumuh", "role": "positif" }, "geometry": { "type": "Polygon", "coordinates": [ [ [ 106.823674050784845, -6.253190309011243 ], [ 106.82354828664505, -6.252261618809325 ], [ 106.823898629605864, -6.251966937919806 ], [ 106.823871680147349, -6.251824062277241 ], [ 106.814484285428293, -6.251940148739799 ], [ 106.814403437052718, -6.252279478251838 ], [ 106.814493268581131, -6.254681567711533 ], [ 106.823296758365501, -6.254288661640336 ], [ 106.823449471963798, -6.254145786632144 ], [ 106.823296758365501, -6.253583215907849 ], [ 106.823674050784845, -6.253190309011243 ] ] ] } },
{ "type": "Feature", "properties": { "FID": 55, "KAB_NAME": "JAKARTA SELATAN", "KEC_NAME": "MAMPANG PRAPATAN", "KEL_NAME": "PELA MAMPANG", "RW": "RW 11", "Luas_Ha": 16.9948, "STATUS": "Kumuh", "SUMBER": "BPS/KOTAKU", "Longtitude": "106° 48' 49.678\" E", "Latitude": "6° 14' 49.641\" S", "city": "dki", "source_layer": "Sebaran RW Kumuh", "role": "positif" }, "geometry": { "type": "Polygon", "coordinates": [ [ [ 106.81567904475618, -6.245457126844838 ], [ 106.816011421411289, -6.244474843794869 ], [ 106.815202937655599, -6.244314106393067 ], [ 106.814663948485119, -6.243930122400158 ], [ 106.814529201192499, -6.244171228661155 ], [ 106.814151908773169, -6.244323036250017 ], [ 106.814232757148744, -6.244555212477266 ], [ 106.81377461635384, -6.244894546778061 ], [ 106.813837498423723, -6.24552856554022 ], [ 106.813594953297013, -6.245671442901743 ], [ 106.8131547788078, -6.245591074390685 ], [ 106.812651722248688, -6.246734092054527 ], [ 106.812013918396957, -6.246850179646397 ], [ 106.811933070021396, -6.247252021111752 ], [ 106.8121306993839, -6.247671721868399 ], [ 106.811807305881615, -6.248368245785582 ], [ 106.811421030309447, -6.248412894723015 ], [ 106.811699508047525, -6.249073698551586 ], [ 106.811645609130466, -6.24961841459359 ], [ 106.812472059191862, -6.249573765759025 ], [ 106.812472059191862, -6.249457678771323 ], [ 106.814601066415236, -6.249413029923041 ], [ 106.81567904475618, -6.245457126844838 ] ] ] } },
{ "type": "Feature", "properties": { "FID": 56, "KAB_NAME": "JAKARTA SELATAN", "KEC_NAME": "MAMPANG PRAPATAN", "KEL_NAME": "PELA MAMPANG", "RW": "RW 12", "Luas_Ha": 24.9109, "STATUS": "Kumuh", "SUMBER": "BPS/KOTAKU", "Longtitude": "106° 49' 6.291\" E", "Latitude": "6° 15' 2.427\" S", "city": "dki", "source_layer": "Sebaran RW Kumuh", "role": "positif" }, "geometry": { "type": "Polygon", "coordinates": [ [ [ 106.823826764383142, -6.251627608204986 ], [ 106.823179977378572, -6.251225770100087 ], [ 106.821724706618298, -6.251297208007966 ], [ 106.82144622888022, -6.248787945647043 ], [ 106.820970121779638, -6.248779015866261 ], [ 106.820494014679056, -6.249341591757866 ], [ 106.818957895543207, -6.249243364264822 ], [ 106.814601066415236, -6.249413029923041 ], [ 106.81447530227544, -6.249975605132938 ], [ 106.814484285428293, -6.251940148739799 ], [ 106.823215909989941, -6.251922289285698 ], [ 106.823871680147349, -6.251824062277241 ], [ 106.823826764383142, -6.251627608204986 ] ] ] } },
{ "type": "Feature", "properties": { "FID": 57, "KAB_NAME": "JAKARTA SELATAN", "KEC_NAME": "MAMPANG PRAPATAN", "KEL_NAME": "TEGAL PARANG", "RW": "RW 03", "Luas_Ha": 17.217, "STATUS": "Kumuh", "SUMBER": "BPS/KOTAKU", "Longtitude": "106° 49' 30.648\" E", "Latitude": "6° 15' 2.605\" S", "city": "dki", "source_layer": "Sebaran RW Kumuh", "role": "positif" }, "geometry": { "type": "Polygon", "coordinates": [ [ [ 106.826952901571872, -6.252395564613307 ], [ 106.826261198803095, -6.248216439369818 ], [ 106.823521337186534, -6.248341456421294 ], [ 106.823305741518354, -6.248582560650514 ], [ 106.823701000243361, -6.249252294037679 ], [ 106.823880663300187, -6.250109551522322 ], [ 106.823898629605864, -6.251966937919806 ], [ 106.82354828664505, -6.252261618809325 ], [ 106.823674050784845, -6.253190309011243 ], [ 106.82701578364177, -6.252886698934383 ], [ 106.826952901571872, -6.252395564613307 ] ] ] } },
{ "type": "Feature", "properties": { "FID": 58, "KAB_NAME": "JAKARTA SELATAN", "KEC_NAME": "MAMPANG PRAPATAN", "KEL_NAME": "TEGAL PARANG", "RW": "RW 06", "Luas_Ha": 11.9141, "STATUS": "Kumuh", "SUMBER": "BPS/KOTAKU", "Longtitude": "106° 49' 27.325\" E", "Latitude": "6° 14' 49.042\" S", "city": "dki", "source_layer": "Sebaran RW Kumuh", "role": "positif" }, "geometry": { "type": "Polygon", "coordinates": [ [ [ 106.825973737912179, -6.245617863895741 ], [ 106.822640988208107, -6.245608934060875 ], [ 106.822227763177409, -6.246555495709069 ], [ 106.822640988208107, -6.248037843530185 ], [ 106.823305741518354, -6.248582560650514 ], [ 106.823790831771774, -6.248270018109822 ], [ 106.826261198803095, -6.248216439369818 ], [ 106.825973737912179, -6.245617863895741 ] ] ] } },
{ "type": "Feature", "properties": { "FID": 59, "KAB_NAME": "JAKARTA SELATAN", "KEC_NAME": "PASAR MINGGU", "KEL_NAME": "PEJATEN BARAT", "RW": "RW 08", "Luas_Ha": 84.6129, "STATUS": "Kumuh", "SUMBER": "BPS/KOTAKU", "Longtitude": "106° 49' 33.571\" E", "Latitude": "6° 16' 22.820\" S", "city": "dki", "source_layer": "Sebaran RW Kumuh", "role": "positif" }, "geometry": { "type": "Polygon", "coordinates": [ [ [ 106.830168870289015, -6.274906901416813 ], [ 106.828758515292961, -6.275014053414341 ], [ 106.828641734306018, -6.274880113413987 ], [ 106.828776481598638, -6.274781890725181 ], [ 106.828965127808303, -6.273746086697987 ], [ 106.828884279432728, -6.273406771137966 ], [ 106.828641734306018, -6.273183537096426 ], [ 106.828920212044096, -6.272871009277645 ], [ 106.82874054898727, -6.272629916260835 ], [ 106.828893262585567, -6.27227274121615 ], [ 106.828614784847488, -6.271969142235751 ], [ 106.828821397362844, -6.271504814041386 ], [ 106.828677666917372, -6.270727956329949 ], [ 106.828902245738419, -6.270620803451329 ], [ 106.828776481598638, -6.270290415270301 ], [ 106.8291178414066, -6.26947783804267 ], [ 106.828506987013398, -6.26824557565538 ], [ 106.828408172332146, -6.267799103057464 ], [ 106.828515970166237, -6.267531219315297 ], [ 106.828318340803733, -6.266825791469552 ], [ 106.827770368480429, -6.266138221638749 ], [ 106.827770368480429, -6.265629240790813 ], [ 106.827321210838363, -6.265477439389178 ], [ 106.826494760776981, -6.26559352281793 ], [ 106.826566625999703, -6.266102503700705 ], [ 106.826153400969005, -6.266950804068714 ], [ 106.825425765588875, -6.267566937155535 ], [ 106.825641361257055, -6.268692047871149 ], [ 106.8253449172133, -6.268933142708759 ], [ 106.82483287750135, -6.268772412829402 ], [ 106.823952528522909, -6.268834918899483 ], [ 106.823889646453026, -6.270540438777914 ], [ 106.823692017090522, -6.270844038590273 ], [ 106.823054213238805, -6.271397661322419 ], [ 106.821823521299549, -6.271656613688889 ], [ 106.821598942478516, -6.272013789155721 ], [ 106.820646728277353, -6.275880197918716 ], [ 106.82292844909901, -6.276576684207638 ], [ 106.824428635623491, -6.276764199587864 ], [ 106.825785091702514, -6.277442826114002 ], [ 106.827626638034971, -6.277791068330196 ], [ 106.828237492428173, -6.278692925294906 ], [ 106.828929195196935, -6.279371549307863 ], [ 106.82973767895264, -6.278282178752173 ], [ 106.830061072454924, -6.277576765455478 ], [ 106.830213786053221, -6.27677312889 ], [ 106.830168870289015, -6.274906901416813 ] ] ] } },
{ "type": "Feature", "properties": { "FID": 60, "KAB_NAME": "JAKARTA SELATAN", "KEC_NAME": "PASAR MINGGU", "KEL_NAME": "RAGUNAN", "RW": "RW 05", "Luas_Ha": 35.0371, "STATUS": "Kumuh", "SUMBER": "BPS/KOTAKU", "Longtitude": "106° 49' 0.771\" E", "Latitude": "6° 17' 49.678\" S", "city": "dki", "source_layer": "Sebaran RW Kumuh", "role": "positif" }, "geometry": { "type": "Polygon", "coordinates": [ [ [ 106.819811295063118, -6.292854553454966 ], [ 106.818248226468754, -6.292479534225641 ], [ 106.816667191568698, -6.29239024389305 ], [ 106.815867690965845, -6.294756432521798 ], [ 106.814951409376036, -6.298444093685474 ], [ 106.814376487594188, -6.301917435812538 ], [ 106.815256836572644, -6.301890649201286 ], [ 106.816083286634026, -6.302096013185545 ], [ 106.816191084468116, -6.302426381163561 ], [ 106.816496511664724, -6.302524598629969 ], [ 106.81681092201417, -6.301372774445245 ], [ 106.816981601918144, -6.30142634771984 ], [ 106.817691270992597, -6.300765610279916 ], [ 106.817870934049424, -6.300274521097099 ], [ 106.817826018285217, -6.299310199167746 ], [ 106.817619405769875, -6.298801250760475 ], [ 106.817475675324417, -6.298783392912561 ], [ 106.817502624782932, -6.298319088651169 ], [ 106.817313978573267, -6.298328017583188 ], [ 106.817394826948842, -6.297613702536289 ], [ 106.817260079656222, -6.297595844647524 ], [ 106.817296012267576, -6.297310118343747 ], [ 106.817888900355101, -6.297372620986135 ], [ 106.817879917202262, -6.297542270977544 ], [ 106.818131445481825, -6.297604773591984 ], [ 106.818957895543207, -6.297524413086322 ], [ 106.818832131403425, -6.295783265742929 ], [ 106.818939929237516, -6.294720716547137 ], [ 106.81918247436424, -6.293783171333995 ], [ 106.819811295063118, -6.292854553454966 ] ] ] } },
{ "type": "Feature", "properties": { "FID": 61, "KAB_NAME": "JAKARTA SELATAN", "KEC_NAME": "PESANGGRAHAN", "KEL_NAME": "PESANGGRAHAN", "RW": "RW 01", "Luas_Ha": 25.3901, "STATUS": "Kumuh", "SUMBER": "BPS/KOTAKU", "Longtitude": "106° 45' 54.022\" E", "Latitude": "6° 15' 7.621\" S", "city": "dki", "source_layer": "Sebaran RW Kumuh", "role": "positif" }, "geometry": { "type": "Polygon", "coordinates": [ [ [ 106.763630657194284, -6.250055972970684 ], [ 106.76370252241702, -6.251127542960823 ], [ 106.763154550093702, -6.251395435115367 ], [ 106.763603707735768, -6.25436009912979 ], [ 106.76297488703689, -6.256404993126006 ], [ 106.763028785953935, -6.256583586108249 ], [ 106.76634356935233, -6.254797653539693 ], [ 106.766271704129608, -6.253592145606613 ], [ 106.765876445404587, -6.252922417776104 ], [ 106.765984243238677, -6.251868710919736 ], [ 106.766190855754019, -6.251422224323276 ], [ 106.767187985719403, -6.251127542960823 ], [ 106.767592227597262, -6.250457811974218 ], [ 106.767646126514308, -6.249877377758929 ], [ 106.766765777535866, -6.249154066527871 ], [ 106.766613063937569, -6.248689718050064 ], [ 106.763406078373251, -6.249145136753338 ], [ 106.763621674041445, -6.249493397847205 ], [ 106.763630657194284, -6.250055972970684 ] ] ] } },
{ "type": "Feature", "properties": { "FID": 62, "KAB_NAME": "JAKARTA SELATAN", "KEC_NAME": "SETIA BUDI", "KEL_NAME": "KARET KUNINGAN", "RW": "RW 07", "Luas_Ha": 29.6632, "STATUS": "Kumuh", "SUMBER": "BPS/KOTAKU", "Longtitude": "106° 49' 41.226\" E", "Latitude": "6° 13' 9.234\" S", "city": "dki", "source_layer": "Sebaran RW Kumuh", "role": "positif" }, "geometry": { "type": "Polygon", "coordinates": [ [ [ 106.830582095319713, -6.216943380343879 ], [ 106.829549032742975, -6.21703268356398 ], [ 106.829566999048666, -6.217291662816526 ], [ 106.828722582681593, -6.217345244714923 ], [ 106.828695633223077, -6.21613965068068 ], [ 106.827752402174738, -6.216103929333812 ], [ 106.827752402174738, -6.216684400919843 ], [ 106.827518840200867, -6.216764773858189 ], [ 106.827563755965073, -6.217104126129143 ], [ 106.826925952113342, -6.21719342932195 ], [ 106.827042733100285, -6.217756039087948 ], [ 106.826027636829238, -6.21797929676479 ], [ 106.825605428645687, -6.218863396234219 ], [ 106.824132191579736, -6.218774093325 ], [ 106.824653214444524, -6.220068984024094 ], [ 106.824509483999066, -6.221122754790812 ], [ 106.825129321545106, -6.221265638799927 ], [ 106.828542919624766, -6.220997731250974 ], [ 106.830141920830499, -6.221078103529998 ], [ 106.831794820953277, -6.220729823565469 ], [ 106.831219899171444, -6.219426004213519 ], [ 106.830582095319713, -6.216943380343879 ] ] ] } },
{ "type": "Feature", "properties": { "FID": 63, "KAB_NAME": "JAKARTA SELATAN", "KEC_NAME": "SETIA BUDI", "KEL_NAME": "PASAR MANGGIS", "RW": "RW 02", "Luas_Ha": 4.09511, "STATUS": "Kumuh", "SUMBER": "BPS/KOTAKU", "Longtitude": "106° 50' 31.000\" E", "Latitude": "6° 12' 29.508\" S", "city": "dki", "source_layer": "Sebaran RW Kumuh", "role": "positif" }, "geometry": { "type": "Polygon", "coordinates": [ [ [ 106.843149526144543, -6.207557527412605 ], [ 106.841370861881998, -6.206994906745577 ], [ 106.840777973794474, -6.208396992052551 ], [ 106.841487642868927, -6.208522018586584 ], [ 106.841766120607005, -6.20972763007029 ], [ 106.842080530956437, -6.209638325610593 ], [ 106.84270935165533, -6.208941750305195 ], [ 106.842403924458736, -6.208638114627324 ], [ 106.843149526144543, -6.207557527412605 ] ] ] } },
{ "type": "Feature", "properties": { "FID": 64, "KAB_NAME": "JAKARTA SELATAN", "KEC_NAME": "SETIA BUDI", "KEL_NAME": "PASAR MANGGIS", "RW": "RW 03", "Luas_Ha": 3.04217, "STATUS": "Kumuh", "SUMBER": "BPS/KOTAKU", "Longtitude": "106° 50' 25.454\" E", "Latitude": "6° 12' 32.821\" S", "city": "dki", "source_layer": "Sebaran RW Kumuh", "role": "positif" }, "geometry": { "type": "Polygon", "coordinates": [ [ [ 106.841370861881998, -6.206994906745577 ], [ 106.840966620004139, -6.206860949355339 ], [ 106.840427630833659, -6.20828982642833 ], [ 106.840616277043338, -6.208361270180233 ], [ 106.839511349243864, -6.209825864958463 ], [ 106.839232871505786, -6.209950891153269 ], [ 106.840283900388201, -6.21062960426422 ], [ 106.840993569462654, -6.209557951583917 ], [ 106.840697125418899, -6.209147150811548 ], [ 106.840894754781402, -6.208914958928895 ], [ 106.840697125418899, -6.208682766943872 ], [ 106.84093068739277, -6.208468435789919 ], [ 106.840777973794474, -6.208396992052551 ], [ 106.841370861881998, -6.206994906745577 ] ] ] } },
{ "type": "Feature", "properties": { "FID": 65, "KAB_NAME": "JAKARTA SELATAN", "KEC_NAME": "TEBET", "KEL_NAME": "MANGGARAI", "RW": "RW 04", "Luas_Ha": 10.7656, "STATUS": "Kumuh", "SUMBER": "BPS/KOTAKU", "Longtitude": "106° 51' 0.808\" E", "Latitude": "6° 12' 35.151\" S", "city": "dki", "source_layer": "Sebaran RW Kumuh", "role": "positif" }, "geometry": { "type": "Polygon", "coordinates": [ [ [ 106.852357257806773, -6.209432925295816 ], [ 106.85102775118628, -6.208941750305195 ], [ 106.849725194024302, -6.207861163713408 ], [ 106.849015524949849, -6.20758431885795 ], [ 106.848925693421435, -6.207941537999028 ], [ 106.848467552626531, -6.208423783455199 ], [ 106.849177221700998, -6.2105402999575 ], [ 106.849195188006675, -6.211835210922279 ], [ 106.850084520137941, -6.211781628462771 ], [ 106.851252330007298, -6.211397620676692 ], [ 106.850398930487401, -6.209691908288228 ], [ 106.853731680191473, -6.210325969559574 ], [ 106.852357257806773, -6.209432925295816 ] ] ] } },
{ "type": "Feature", "properties": { "FID": 66, "KAB_NAME": "JAKARTA SELATAN", "KEC_NAME": "TEBET", "KEL_NAME": "MANGGARAI", "RW": "RW 10", "Luas_Ha": 8.65057, "STATUS": "Kumuh", "SUMBER": "BPS/KOTAKU", "Longtitude": "106° 51' 19.720\" E", "Latitude": "6° 12' 53.029\" S", "city": "dki", "source_layer": "Sebaran RW Kumuh", "role": "positif" }, "geometry": { "type": "Polygon", "coordinates": [ [ [ 106.857980711485354, -6.212996162872244 ], [ 106.854674911239798, -6.214228555216994 ], [ 106.854010157929551, -6.214237485585771 ], [ 106.852896246977238, -6.21378203658491 ], [ 106.854917456366522, -6.216773704183916 ], [ 106.8565703564893, -6.21471079491406 ], [ 106.856776969004642, -6.214764377075341 ], [ 106.857513587537611, -6.21378203658491 ], [ 106.85821427345924, -6.213657011300032 ], [ 106.858286138681962, -6.213362308725292 ], [ 106.857980711485354, -6.212996162872244 ] ] ] } },
{ "type": "Feature", "properties": { "FID": 67, "KAB_NAME": "JAKARTA SELATAN", "KEC_NAME": "TEBET", "KEL_NAME": "MENTENG DALAM", "RW": "RW 13", "Luas_Ha": 20.3961, "STATUS": "Kumuh", "SUMBER": "BPS/KOTAKU", "Longtitude": "106° 50' 16.175\" E", "Latitude": "6° 14' 1.224\" S", "city": "dki", "source_layer": "Sebaran RW Kumuh", "role": "positif" }, "geometry": { "type": "Polygon", "coordinates": [ [ [ 106.839448467173966, -6.230758408097072 ], [ 106.836735555015935, -6.230544085942617 ], [ 106.836582841417624, -6.233044505631161 ], [ 106.836376228902282, -6.233437427641649 ], [ 106.836501993042063, -6.233946439808542 ], [ 106.836349279443766, -6.234339361143414 ], [ 106.836466060430695, -6.234660842016639 ], [ 106.836322329985236, -6.236044993525486 ], [ 106.8359001218017, -6.237152312101835 ], [ 106.836241481609676, -6.237071942283877 ], [ 106.836636740334683, -6.237241611885116 ], [ 106.837265561033576, -6.236705812957271 ], [ 106.838002179566544, -6.236937992559902 ], [ 106.838442354055758, -6.235535983395351 ], [ 106.838361505680197, -6.235000182724591 ], [ 106.838747781252366, -6.234893022524749 ], [ 106.839870675357503, -6.235000182724591 ], [ 106.839439484021128, -6.23295520513319 ], [ 106.839448467173966, -6.230758408097072 ] ] ] } },
{ "type": "Feature", "properties": { "FID": 68, "KAB_NAME": "JAKARTA UTARA", "KEC_NAME": "CILINCING", "KEL_NAME": "CILINCING", "RW": "RW 04", "Luas_Ha": 20.2384, "STATUS": "Kumuh", "SUMBER": "BPS/KOTAKU", "Longtitude": "106° 56' 16.168\" E", "Latitude": "6° 5' 59.292\" S", "city": "dki", "source_layer": "Sebaran RW Kumuh", "role": "positif" }, "geometry": { "type": "Polygon", "coordinates": [ [ [ 106.939610621353296, -6.098263948838387 ], [ 106.9393680762266, -6.096754384862509 ], [ 106.938658407152133, -6.096897302344074 ], [ 106.938685356610648, -6.097111678495025 ], [ 106.938155350593021, -6.097218866538372 ], [ 106.937283984767433, -6.096450685087755 ], [ 106.936906692348103, -6.096504279178147 ], [ 106.937625344575395, -6.099112518438528 ], [ 106.936583298845818, -6.099728847095697 ], [ 106.935011247098615, -6.100184393908681 ], [ 106.935945494994101, -6.102908734415575 ], [ 106.939053665877154, -6.101068689558264 ], [ 106.939547739283412, -6.100845382713717 ], [ 106.940383172497633, -6.100729263117791 ], [ 106.939610621353296, -6.098263948838387 ] ] ] } },
{ "type": "Feature", "properties": { "FID": 69, "KAB_NAME": "JAKARTA UTARA", "KEC_NAME": "CILINCING", "KEL_NAME": "CILINCING", "RW": "RW 09", "Luas_Ha": 121.718, "STATUS": "Kumuh", "SUMBER": "BPS/KOTAKU", "Longtitude": "106° 56' 50.103\" E", "Latitude": "6° 7' 34.639\" S", "city": "dki", "source_layer": "Sebaran RW Kumuh", "role": "positif" }, "geometry": { "type": "Polygon", "coordinates": [ [ [ 106.952043304885521, -6.131321439416015 ], [ 106.951953473357108, -6.125274599191805 ], [ 106.950201758553078, -6.123095219009088 ], [ 106.949752600911012, -6.11980826814345 ], [ 106.948899201391086, -6.118986527267563 ], [ 106.948225464928001, -6.118807887779526 ], [ 106.948117667093911, -6.118093329230313 ], [ 106.947830206202994, -6.117593137677503 ], [ 106.945728148438164, -6.117325177724548 ], [ 106.945764081049518, -6.118736431967593 ], [ 106.946761211014902, -6.118915071479513 ], [ 106.946779177320579, -6.120415641022173 ], [ 106.94494661414096, -6.120656803591357 ], [ 106.94443457442901, -6.120871170228141 ], [ 106.942691842777833, -6.120344185425214 ], [ 106.942673876472142, -6.121282039374905 ], [ 106.943437444463655, -6.124068795681712 ], [ 106.94147013399143, -6.124042000017227 ], [ 106.941515049755637, -6.126900196650402 ], [ 106.948018852412659, -6.126935924011478 ], [ 106.94803681871835, -6.130964168634081 ], [ 106.944641186944366, -6.13090164622264 ], [ 106.944569321721644, -6.132652270972578 ], [ 106.942637943860774, -6.132616543994308 ], [ 106.942754724847731, -6.135188880310874 ], [ 106.944659153250058, -6.134688704776929 ], [ 106.946626463722268, -6.133911645427228 ], [ 106.948351229067782, -6.133491854272853 ], [ 106.952043304885521, -6.131321439416015 ] ] ] } },
{ "type": "Feature", "properties": { "FID": 70, "KAB_NAME": "JAKARTA UTARA", "KEC_NAME": "CILINCING", "KEL_NAME": "KALI BARU", "RW": "RW 01", "Luas_Ha": 8.5029, "STATUS": "Kumuh", "SUMBER": "BPS/KOTAKU", "Longtitude": "106° 56' 10.281\" E", "Latitude": "6° 5' 52.985\" S", "city": "dki", "source_layer": "Sebaran RW Kumuh", "role": "positif" }, "geometry": { "type": "Polygon", "coordinates": [ [ [ 106.936906692348103, -6.096504279178147 ], [ 106.934741752513375, -6.096379226292237 ], [ 106.935667017256023, -6.100005748145802 ], [ 106.936583298845818, -6.099728847095697 ], [ 106.937625344575395, -6.099112518438528 ], [ 106.936906692348103, -6.096504279178147 ] ] ] } },
{ "type": "Feature", "properties": { "FID": 71, "KAB_NAME": "JAKARTA UTARA", "KEC_NAME": "CILINCING", "KEL_NAME": "KALI BARU", "RW": "RW 06", "Luas_Ha": 9.11804, "STATUS": "Kumuh", "SUMBER": "KOTAKU", "Longtitude": "106° 55' 25.426\" E", "Latitude": "6° 6' 16.189\" S", "city": "dki", "source_layer": "Sebaran RW Kumuh", "role": "positif" }, "geometry": { "type": "Polygon", "coordinates": [ [ [ 106.92475248655397, -6.103435736390471 ], [ 106.922138389077176, -6.103283888416961 ], [ 106.922012624937395, -6.104302162239544 ], [ 106.922300085828311, -6.10589209468873 ], [ 106.925390290405687, -6.105240044311287 ], [ 106.925758599672179, -6.105025671411083 ], [ 106.925587919768191, -6.103971670070654 ], [ 106.92475248655397, -6.103435736390471 ] ] ] } },
{ "type": "Feature", "properties": { "FID": 72, "KAB_NAME": "JAKARTA UTARA", "KEC_NAME": "CILINCING", "KEL_NAME": "KALI BARU", "RW": "RW 07", "Luas_Ha": 11.132, "STATUS": "Kumuh", "SUMBER": "BPS/KOTAKU", "Longtitude": "106° 55' 28.650\" E", "Latitude": "6° 6' 23.057\" S", "city": "dki", "source_layer": "Sebaran RW Kumuh", "role": "positif" }, "geometry": { "type": "Polygon", "coordinates": [ [ [ 106.926773695943226, -6.106311907525379 ], [ 106.926629965497767, -6.104730908533225 ], [ 106.92577656597787, -6.104820230634551 ], [ 106.925758599672179, -6.105025671411083 ], [ 106.925390290405687, -6.105240044311287 ], [ 106.922300085828311, -6.10589209468873 ], [ 106.922650428789126, -6.108000087737443 ], [ 106.926899460083021, -6.106946092250319 ], [ 106.926773695943226, -6.106311907525379 ] ] ] } },
{ "type": "Feature", "properties": { "FID": 73, "KAB_NAME": "JAKARTA UTARA", "KEC_NAME": "CILINCING", "KEL_NAME": "KALI BARU", "RW": "RW 10", "Luas_Ha": 7.5041, "STATUS": "Kumuh", "SUMBER": "BPS", "Longtitude": "106° 54' 49.883\" E", "Latitude": "6° 6' 10.626\" S", "city": "dki", "source_layer": "Sebaran RW Kumuh", "role": "positif" }, "geometry": { "type": "Polygon", "coordinates": [ [ [ 106.914421860786589, -6.10196191600614 ], [ 106.912364718785952, -6.1019172547191 ], [ 106.912283870410391, -6.103900212277603 ], [ 106.915329159223546, -6.103918076726758 ], [ 106.915401024446282, -6.102006577289458 ], [ 106.914421860786589, -6.10196191600614 ] ] ] } },
{ "type": "Feature", "properties": { "FID": 74, "KAB_NAME": "JAKARTA UTARA", "KEC_NAME": "CILINCING", "KEL_NAME": "KALI BARU", "RW": "RW 12", "Luas_Ha": 7.81441, "STATUS": "Kumuh", "SUMBER": "BPS/KOTAKU", "Longtitude": "106° 55' 15.073\" E", "Latitude": "6° 6' 25.969\" S", "city": "dki", "source_layer": "Sebaran RW Kumuh", "role": "positif" }, "geometry": { "type": "Polygon", "coordinates": [ [ [ 106.922650428789126, -6.108000087737443 ], [ 106.922300085828311, -6.10589209468873 ], [ 106.919578190517441, -6.10652627991079 ], [ 106.919578190517441, -6.106946092250319 ], [ 106.91880563937309, -6.107365904260741 ], [ 106.918652925774794, -6.107749987301119 ], [ 106.918652925774794, -6.108151934373929 ], [ 106.922650428789126, -6.108000087737443 ] ] ] } },
{ "type": "Feature", "properties": { "FID": 75, "KAB_NAME": "JAKARTA UTARA", "KEC_NAME": "CILINCING", "KEL_NAME": "KALI BARU", "RW": "RW 13", "Luas_Ha": 11.2585, "STATUS": "Kumuh", "SUMBER": "BPS/KOTAKU", "Longtitude": "106° 56' 2.428\" E", "Latitude": "6° 5' 54.398\" S", "city": "dki", "source_layer": "Sebaran RW Kumuh", "role": "positif" }, "geometry": { "type": "Polygon", "coordinates": [ [ [ 106.935667017256023, -6.100005748145802 ], [ 106.934741752513375, -6.096379226292237 ], [ 106.932109688730904, -6.096968761070579 ], [ 106.933735639395167, -6.100747127672648 ], [ 106.935667017256023, -6.100005748145802 ] ] ] } },
{ "type": "Feature", "properties": { "FID": 76, "KAB_NAME": "JAKARTA UTARA", "KEC_NAME": "CILINCING", "KEL_NAME": "MARUNDA", "RW": "RW 01", "Luas_Ha": 74.0381, "STATUS": "Kumuh", "SUMBER": "BPS/KOTAKU", "Longtitude": "106° 57' 43.847\" E", "Latitude": "6° 6' 21.156\" S", "city": "dki", "source_layer": "Sebaran RW Kumuh", "role": "positif" }, "geometry": { "type": "Polygon", "coordinates": [ [ [ 106.968716036558774, -6.102890869932767 ], [ 106.963362077465419, -6.102890869932767 ], [ 106.962059520303455, -6.10298019234085 ], [ 106.961134255560808, -6.103230295004272 ], [ 106.960873744128406, -6.103069514734044 ], [ 106.960676114765903, -6.103444668622866 ], [ 106.959849664704521, -6.104087788964035 ], [ 106.958852534739137, -6.104516535429275 ], [ 106.9584303265556, -6.104078856742361 ], [ 106.957514044965805, -6.104382552195746 ], [ 106.95657081391748, -6.104337891110457 ], [ 106.954360958318546, -6.104748772954681 ], [ 106.955223340991296, -6.106204721300497 ], [ 106.956696578057247, -6.105865298113517 ], [ 106.957253533533404, -6.106204721300497 ], [ 106.957801505856722, -6.10888437048623 ], [ 106.957999135219225, -6.109241656031041 ], [ 106.958987282031757, -6.110108072486883 ], [ 106.959472372285191, -6.110152733090928 ], [ 106.960155091901115, -6.109884769410762 ], [ 106.961295952311943, -6.108759320489212 ], [ 106.962418846417094, -6.10817873083472 ], [ 106.962903936670514, -6.108089409293533 ], [ 106.964026830775666, -6.108991556174712 ], [ 106.96550905099447, -6.108366306022711 ], [ 106.965850410802432, -6.107982223424437 ], [ 106.966488214654149, -6.106204721300497 ], [ 106.968931632226969, -6.105463349324439 ], [ 106.968716036558774, -6.102890869932767 ] ] ] } },
{ "type": "Feature", "properties": { "FID": 77, "KAB_NAME": "JAKARTA UTARA", "KEC_NAME": "CILINCING", "KEL_NAME": "MARUNDA", "RW": "RW 02", "Luas_Ha": 109.713, "STATUS": "Kumuh", "SUMBER": "BPS/KOTAKU", "Longtitude": "106° 57' 50.005\" E", "Latitude": "6° 6' 43.006\" S", "city": "dki", "source_layer": "Sebaran RW Kumuh", "role": "positif" }, "geometry": { "type": "Polygon", "coordinates": [ [ [ 106.969138244742311, -6.116199744455524 ], [ 106.968931632226969, -6.105463349324439 ], [ 106.966488214654149, -6.106204721300497 ], [ 106.965850410802432, -6.107982223424437 ], [ 106.96550905099447, -6.108366306022711 ], [ 106.964871247142739, -6.108687863334945 ], [ 106.964565819946145, -6.108661066899635 ], [ 106.964026830775666, -6.108991556174712 ], [ 106.962903936670514, -6.108089409293533 ], [ 106.96182595832957, -6.108446695368876 ], [ 106.961295952311943, -6.108759320489212 ], [ 106.960155091901115, -6.109884769410762 ], [ 106.959472372285191, -6.110152733090928 ], [ 106.958987282031757, -6.110108072486883 ], [ 106.958223714040258, -6.109491755770524 ], [ 106.957765573245354, -6.109849040909936 ], [ 106.95781048900956, -6.110581474700148 ], [ 106.957415230284539, -6.11080477748559 ], [ 106.957136752546475, -6.111349635891031 ], [ 106.95721760092205, -6.11211779597924 ], [ 106.95708285362943, -6.113207509561282 ], [ 106.95729844929761, -6.113707705216329 ], [ 106.957136752546475, -6.114743823299562 ], [ 106.95719065146352, -6.11499392046721 ], [ 106.957576927035703, -6.115038580663411 ], [ 106.957415230284539, -6.115297609727834 ], [ 106.957558960730012, -6.115708483158881 ], [ 106.958978298878918, -6.115878191657839 ], [ 106.962814105142115, -6.115610230845393 ], [ 106.962850037753469, -6.115217221410923 ], [ 106.963568689980761, -6.115163629192934 ], [ 106.963559706827922, -6.115726347213939 ], [ 106.96378428564897, -6.115753143295407 ], [ 106.96378428564897, -6.115896055707227 ], [ 106.964152594915447, -6.116101492232302 ], [ 106.964673617780235, -6.115985375945219 ], [ 106.965257522714907, -6.115413726164261 ], [ 106.96626363583313, -6.115440522261395 ], [ 106.96639838312575, -6.115619162874639 ], [ 106.966317534750175, -6.116360520781852 ], [ 106.966578046182562, -6.116673141277985 ], [ 106.967054153283144, -6.116440908926888 ], [ 106.967449412008165, -6.116512365045661 ], [ 106.969138244742311, -6.116199744455524 ] ] ] } },
{ "type": "Feature", "properties": { "FID": 78, "KAB_NAME": "JAKARTA UTARA", "KEC_NAME": "KELAPA GADING", "KEL_NAME": "KELAPA GADING BARAT", "RW": "RW 13", "Luas_Ha": 23.2618, "STATUS": "Kumuh", "SUMBER": "BPS", "Longtitude": "106° 53' 36.549\" E", "Latitude": "6° 8' 29.064\" S", "city": "dki", "source_layer": "Sebaran RW Kumuh", "role": "positif" }, "geometry": { "type": "Polygon", "coordinates": [ [ [ 106.896239959436016, -6.140279926001974 ], [ 106.892440085784187, -6.137930905701299 ], [ 106.891236343303476, -6.143423845704223 ], [ 106.893778575557519, -6.144727852405935 ], [ 106.896239959436016, -6.140279926001974 ] ] ] } },
{ "type": "Feature", "properties": { "FID": 79, "KAB_NAME": "JAKARTA UTARA", "KEC_NAME": "KOJA", "KEL_NAME": "LAGOA", "RW": "RW 02", "Luas_Ha": 7.93916, "STATUS": "Kumuh", "SUMBER": "BPS/KOTAKU", "Longtitude": "106° 54' 31.836\" E", "Latitude": "6° 6' 34.803\" S", "city": "dki", "source_layer": "Sebaran RW Kumuh", "role": "positif" }, "geometry": { "type": "Polygon", "coordinates": [ [ [ 106.907163473290908, -6.108777184776289 ], [ 106.906759231413048, -6.108759320489212 ], [ 106.906831096635784, -6.110322443352312 ], [ 106.91089148172, -6.110608271039321 ], [ 106.91078368388591, -6.108937963333155 ], [ 106.907163473290908, -6.108777184776289 ] ] ] } },
{ "type": "Feature", "properties": { "FID": 80, "KAB_NAME": "JAKARTA UTARA", "KEC_NAME": "KOJA", "KEL_NAME": "TUGU SELATAN", "RW": "RW 03", "Luas_Ha": 18.2183, "STATUS": "Kumuh", "SUMBER": "BPS/KOTAKU", "Longtitude": "106° 54' 42.997\" E", "Latitude": "6° 8' 2.370\" S", "city": "dki", "source_layer": "Sebaran RW Kumuh", "role": "positif" }, "geometry": { "type": "Polygon", "coordinates": [ [ [ 106.912993539484845, -6.131383961778249 ], [ 106.91280489327518, -6.13136609824693 ], [ 106.912742011205296, -6.131598324107411 ], [ 106.912086241047874, -6.131660846437188 ], [ 106.912122173659256, -6.132295001082155 ], [ 106.911151993152401, -6.132500431298395 ], [ 106.910918431178516, -6.132929154973019 ], [ 106.909912318060321, -6.133197107094619 ], [ 106.909876385448953, -6.133429332157752 ], [ 106.909561975099507, -6.133518649462795 ], [ 106.909885368601792, -6.135921279353062 ], [ 106.913631343336561, -6.135957006109863 ], [ 106.913757107476343, -6.133750874385881 ], [ 106.913631343336561, -6.132670134460817 ], [ 106.913900837921801, -6.132661202716773 ], [ 106.913846939004756, -6.131410757074105 ], [ 106.912993539484845, -6.131383961778249 ] ] ] } },
{ "type": "Feature", "properties": { "FID": 81, "KAB_NAME": "JAKARTA UTARA", "KEC_NAME": "KOJA", "KEL_NAME": "TUGU SELATAN", "RW": "RW 04", "Luas_Ha": 40.009, "STATUS": "Kumuh", "SUMBER": "BPS/KOTAKU", "Longtitude": "106° 54' 59.010\" E", "Latitude": "6° 8' 0.456\" S", "city": "dki", "source_layer": "Sebaran RW Kumuh", "role": "positif" }, "geometry": { "type": "Polygon", "coordinates": [ [ [ 106.917233587625887, -6.137073466053033 ], [ 106.917269520237255, -6.136439317092277 ], [ 106.917934273547502, -6.135617601823555 ], [ 106.917979189311708, -6.135224607116768 ], [ 106.918392414342406, -6.134849475535452 ], [ 106.918608010010587, -6.134215323928604 ], [ 106.919155982333905, -6.13354544465139 ], [ 106.919560224211764, -6.132152093058966 ], [ 106.919191914945259, -6.131580460583272 ], [ 106.918536144787865, -6.131169599362933 ], [ 106.918365464883877, -6.129293924554392 ], [ 106.917817492560573, -6.129008106861713 ], [ 106.916461036481536, -6.130151376713742 ], [ 106.913846939004756, -6.131410757074105 ], [ 106.913900837921801, -6.132661202716773 ], [ 106.913631343336561, -6.132670134460817 ], [ 106.913757107476343, -6.133750874385881 ], [ 106.913631343336561, -6.135957006109863 ], [ 106.915041698332629, -6.135974869487366 ], [ 106.914394911328074, -6.137395006082827 ], [ 106.915122546708204, -6.137645092638523 ], [ 106.916344255494607, -6.137386074417953 ], [ 106.916919177276441, -6.137698682599472 ], [ 106.917188671861666, -6.137439664404953 ], [ 106.917233587625887, -6.137073466053033 ] ] ] } },
{ "type": "Feature", "properties": { "FID": 82, "KAB_NAME": "JAKARTA UTARA", "KEC_NAME": "KOJA", "KEL_NAME": "TUGU UTARA", "RW": "RW 01", "Luas_Ha": 8.8659, "STATUS": "Kumuh", "SUMBER": "BPS", "Longtitude": "106° 54' 55.263\" E", "Latitude": "6° 7' 15.804\" S", "city": "dki", "source_layer": "Sebaran RW Kumuh", "role": "positif" }, "geometry": { "type": "Polygon", "coordinates": [ [ [ 106.91681137944235, -6.122175232082084 ], [ 106.916964093040647, -6.11961176500547 ], [ 106.915113563555366, -6.119790404224801 ], [ 106.915122546708204, -6.120058362941826 ], [ 106.914089484131466, -6.120308457623151 ], [ 106.914197281965556, -6.1209247618739 ], [ 106.913361848751336, -6.120969421574591 ], [ 106.913281000375761, -6.122112708641192 ], [ 106.91681137944235, -6.122175232082084 ] ] ] } },
{ "type": "Feature", "properties": { "FID": 83, "KAB_NAME": "JAKARTA UTARA", "KEC_NAME": "KOJA", "KEL_NAME": "TUGU UTARA", "RW": "RW 06", "Luas_Ha": 12.8496, "STATUS": "Kumuh", "SUMBER": "BPS/KOTAKU", "Longtitude": "106° 54' 20.643\" E", "Latitude": "6° 7' 12.092\" S", "city": "dki", "source_layer": "Sebaran RW Kumuh", "role": "positif" }, "geometry": { "type": "Polygon", "coordinates": [ [ [ 106.906022612880079, -6.118932935427421 ], [ 106.903300717569195, -6.118825751731017 ], [ 106.903417498556124, -6.121630384708344 ], [ 106.904387679062978, -6.121585725062904 ], [ 106.904342763298772, -6.120772918863625 ], [ 106.906040579185756, -6.120746123033803 ], [ 106.906094478102801, -6.121031945149287 ], [ 106.908448064147194, -6.121085536778917 ], [ 106.90816958640913, -6.1190669150177 ], [ 106.906022612880079, -6.118932935427421 ] ] ] } },
{ "type": "Feature", "properties": { "FID": 84, "KAB_NAME": "JAKARTA UTARA", "KEC_NAME": "KOJA", "KEL_NAME": "TUGU UTARA", "RW": "RW 08", "Luas_Ha": 12.0269, "STATUS": "Kumuh", "SUMBER": "BPS/KOTAKU", "Longtitude": "106° 54' 52.557\" E", "Latitude": "6° 7' 29.488\" S", "city": "dki", "source_layer": "Sebaran RW Kumuh", "role": "positif" }, "geometry": { "type": "Polygon", "coordinates": [ [ [ 106.916865278359396, -6.125587214472125 ], [ 106.916263407119033, -6.125631873782941 ], [ 106.916137642979265, -6.12497091560136 ], [ 106.915724417948567, -6.125122757418174 ], [ 106.915140513013881, -6.123568609722969 ], [ 106.915463906516166, -6.123416767464226 ], [ 106.915266277153663, -6.122791534179261 ], [ 106.914915934192848, -6.122898717080094 ], [ 106.914996782568437, -6.123184538043825 ], [ 106.914628473301931, -6.123291720865788 ], [ 106.914448810245119, -6.122657555522975 ], [ 106.913811006393388, -6.122711146989522 ], [ 106.913999652603053, -6.123470358854594 ], [ 106.912418617702997, -6.12353288213656 ], [ 106.912598280759823, -6.125078098064771 ], [ 106.912894724803593, -6.125069166193642 ], [ 106.912930657414947, -6.125390713460148 ], [ 106.914008635755891, -6.125426440922251 ], [ 106.913864905310447, -6.125917693283705 ], [ 106.91428711349397, -6.125953420710539 ], [ 106.91428711349397, -6.126301762996881 ], [ 106.915194411930941, -6.126810878237248 ], [ 106.915490855974681, -6.126417877041813 ], [ 106.917035958263369, -6.126918060331239 ], [ 106.916865278359396, -6.125587214472125 ] ] ] } },
{ "type": "Feature", "properties": { "FID": 85, "KAB_NAME": "JAKARTA UTARA", "KEC_NAME": "KOJA", "KEL_NAME": "TUGU UTARA", "RW": "RW 18", "Luas_Ha": 29.9284, "STATUS": "Kumuh", "SUMBER": "BPS/KOTAKU", "Longtitude": "106° 55' 9.159\" E", "Latitude": "6° 7' 19.367\" S", "city": "dki", "source_layer": "Sebaran RW Kumuh", "role": "positif" }, "geometry": { "type": "Polygon", "coordinates": [ [ [ 106.920683118316902, -6.119013323185619 ], [ 106.918985302429917, -6.11961176500547 ], [ 106.918868521442974, -6.119102642902769 ], [ 106.916964093040647, -6.119057983046059 ], [ 106.916775446830982, -6.124372479785232 ], [ 106.918706824691839, -6.124381411668015 ], [ 106.918706824691839, -6.123595405411205 ], [ 106.919030218194123, -6.123541814033386 ], [ 106.919030218194123, -6.123890157893084 ], [ 106.91931767908504, -6.123908021674636 ], [ 106.91931767908504, -6.124318888485396 ], [ 106.919982432395287, -6.124274229064757 ], [ 106.920224977522011, -6.125712260532997 ], [ 106.920629219399856, -6.125667601228906 ], [ 106.921608383059549, -6.12519421237585 ], [ 106.921365837932839, -6.121219515829476 ], [ 106.92147363576693, -6.120210206155162 ], [ 106.92085379822089, -6.120281661770037 ], [ 106.920683118316902, -6.119013323185619 ] ] ] } },
{ "type": "Feature", "properties": { "FID": 86, "KAB_NAME": "JAKARTA UTARA", "KEC_NAME": "PADEMANGAN", "KEL_NAME": "ANCOL", "RW": "RW 01", "Luas_Ha": 116.241, "STATUS": "Kumuh", "SUMBER": "BPS/KOTAKU", "Longtitude": "106° 49' 3.570\" E", "Latitude": "6° 7' 22.453\" S", "city": "dki", "source_layer": "Sebaran RW Kumuh", "role": "positif" }, "geometry": { "type": "Polygon", "coordinates": [ [ [ 106.823090145850159, -6.115690619103225 ], [ 106.817224147044854, -6.11488673598111 ], [ 106.816271932843691, -6.122541440660341 ], [ 106.815714977367548, -6.122478917262314 ], [ 106.81563412899196, -6.123175606141023 ], [ 106.813208677724845, -6.123631132993431 ], [ 106.813630885908381, -6.125765851692978 ], [ 106.814115976161801, -6.126033807412179 ], [ 106.814205807690215, -6.126578650293101 ], [ 106.813711734283956, -6.126605445830275 ], [ 106.813711734283956, -6.127346788491971 ], [ 106.813002065209503, -6.127105628943933 ], [ 106.812229514065152, -6.1262481718907 ], [ 106.811070687348632, -6.126766219025066 ], [ 106.809848978562229, -6.127043106080359 ], [ 106.809893894326436, -6.12727533382243 ], [ 106.809678298658255, -6.127462902309568 ], [ 106.809696264963932, -6.127659402558725 ], [ 106.809390837767324, -6.127668334386513 ], [ 106.81037898457987, -6.130294285272982 ], [ 106.812966132598135, -6.129677991837826 ], [ 106.814205807690215, -6.129597605685102 ], [ 106.815292769183998, -6.129713719012927 ], [ 106.814762763166371, -6.127409311319969 ], [ 106.816379730677781, -6.127060969756414 ], [ 106.818993828154561, -6.129052765886287 ], [ 106.819146541752872, -6.129651196454931 ], [ 106.820467065220527, -6.129418969746795 ], [ 106.819856210827325, -6.126319626697744 ], [ 106.820089772801197, -6.124926256235256 ], [ 106.821527077255794, -6.125104893677261 ], [ 106.823090145850159, -6.115690619103225 ] ] ] } },
{ "type": "Feature", "properties": { "FID": 87, "KAB_NAME": "JAKARTA UTARA", "KEC_NAME": "PADEMANGAN", "KEL_NAME": "ANCOL", "RW": "RW 02", "Luas_Ha": 56.4085, "STATUS": "Kumuh", "SUMBER": "BPS/KOTAKU", "Longtitude": "106° 49' 20.457\" E", "Latitude": "6° 7' 45.407\" S", "city": "dki", "source_layer": "Sebaran RW Kumuh", "role": "positif" }, "geometry": { "type": "Polygon", "coordinates": [ [ [ 106.821527077255794, -6.125104893677261 ], [ 106.820089772801197, -6.124926256235256 ], [ 106.819856210827325, -6.126319626697744 ], [ 106.820467065220527, -6.129418969746795 ], [ 106.819146541752872, -6.129651196454931 ], [ 106.818993828154561, -6.129052765886287 ], [ 106.816379730677781, -6.127060969756414 ], [ 106.814762763166371, -6.127409311319969 ], [ 106.815292769183998, -6.129713719012927 ], [ 106.819254339586976, -6.13175016403844 ], [ 106.820053840189829, -6.131821618108672 ], [ 106.822766752347874, -6.131321439416015 ], [ 106.830716842612333, -6.130240694567753 ], [ 106.829899375703789, -6.127623675246078 ], [ 106.822039116967744, -6.129070629495069 ], [ 106.821374363657497, -6.126007011846311 ], [ 106.821527077255794, -6.125104893677261 ] ] ] } },
{ "type": "Feature", "properties": { "FID": 88, "KAB_NAME": "JAKARTA UTARA", "KEC_NAME": "PADEMANGAN", "KEL_NAME": "ANCOL", "RW": "RW 04", "Luas_Ha": 50.3736, "STATUS": "Kumuh", "SUMBER": "BPS/KOTAKU", "Longtitude": "106° 49' 13.418\" E", "Latitude": "6° 7' 58.879\" S", "city": "dki", "source_layer": "Sebaran RW Kumuh", "role": "positif" }, "geometry": { "type": "Polygon", "coordinates": [ [ [ 106.815292769183998, -6.129713719012927 ], [ 106.814924459917506, -6.129669060043677 ], [ 106.816604309498814, -6.135572943348741 ], [ 106.816828888319847, -6.137207441089026 ], [ 106.819281289045492, -6.136501838854334 ], [ 106.820467065220527, -6.135742645533131 ], [ 106.823260825754147, -6.133000608885279 ], [ 106.830833623599261, -6.130767669602016 ], [ 106.830716842612333, -6.130240694567753 ], [ 106.822766752347874, -6.131321439416015 ], [ 106.820053840189829, -6.131821618108672 ], [ 106.819254339586976, -6.13175016403844 ], [ 106.815292769183998, -6.129713719012927 ] ] ] } },
{ "type": "Feature", "properties": { "FID": 89, "KAB_NAME": "JAKARTA UTARA", "KEC_NAME": "PADEMANGAN", "KEL_NAME": "ANCOL", "RW": "RW 05", "Luas_Ha": 62.4904, "STATUS": "Kumuh", "SUMBER": "BPS", "Longtitude": "106° 49' 39.758\" E", "Latitude": "6° 8' 6.317\" S", "city": "dki", "source_layer": "Sebaran RW Kumuh", "role": "positif" }, "geometry": { "type": "Polygon", "coordinates": [ [ [ 106.831857703023161, -6.135197812012573 ], [ 106.830833623599261, -6.130767669602016 ], [ 106.823260825754147, -6.133000608885279 ], [ 106.820467065220527, -6.135742645533131 ], [ 106.819281289045492, -6.136501838854334 ], [ 106.820341301080759, -6.136358931958853 ], [ 106.821257582670555, -6.136832310903357 ], [ 106.830698876306656, -6.135331787520083 ], [ 106.830582095319713, -6.139243857488403 ], [ 106.831040236114617, -6.140467489913974 ], [ 106.832118214455562, -6.141449966468977 ], [ 106.833366872700495, -6.141682187935298 ], [ 106.831857703023161, -6.135197812012573 ] ] ] } },
{ "type": "Feature", "properties": { "FID": 90, "KAB_NAME": "JAKARTA UTARA", "KEC_NAME": "PADEMANGAN", "KEL_NAME": "ANCOL", "RW": "RW 08", "Luas_Ha": 49.0303, "STATUS": "Kumuh", "SUMBER": "BPS", "Longtitude": "106° 48' 43.218\" E", "Latitude": "6° 7' 21.267\" S", "city": "dki", "source_layer": "Sebaran RW Kumuh", "role": "positif" }, "geometry": { "type": "Polygon", "coordinates": [ [ [ 106.816595326345976, -6.119897587727735 ], [ 106.814610049568074, -6.119459921622087 ], [ 106.813828515270885, -6.12073719109023 ], [ 106.813172745113476, -6.120665735536273 ], [ 106.81302003151518, -6.119835064020303 ], [ 106.812499008650391, -6.119960111427851 ], [ 106.812355278204933, -6.119227690481699 ], [ 106.811951036327073, -6.119308078195561 ], [ 106.812525958108907, -6.122541440660341 ], [ 106.811852221645822, -6.122684351256921 ], [ 106.811555777602067, -6.120513892452387 ], [ 106.809678298658255, -6.120237002011859 ], [ 106.809076427417892, -6.116860713487926 ], [ 106.808025398535477, -6.11603003605862 ], [ 106.809848978562229, -6.127043106080359 ], [ 106.811070687348632, -6.126766219025066 ], [ 106.812229514065152, -6.1262481718907 ], [ 106.813002065209503, -6.127105628943933 ], [ 106.813711734283956, -6.127346788491971 ], [ 106.813711734283956, -6.126605445830275 ], [ 106.814205807690215, -6.126578650293101 ], [ 106.814115976161801, -6.126033807412179 ], [ 106.813630885908381, -6.125765851692978 ], [ 106.813208677724845, -6.123631132993431 ], [ 106.81563412899196, -6.123175606141023 ], [ 106.815714977367548, -6.122478917262314 ], [ 106.816271932843691, -6.122541440660341 ], [ 106.816595326345976, -6.119897587727735 ] ] ] } },
{ "type": "Feature", "properties": { "FID": 91, "KAB_NAME": "JAKARTA UTARA", "KEC_NAME": "PADEMANGAN", "KEL_NAME": "ANCOL", "RW": "RW 10", "Luas_Ha": 896.065, "STATUS": "Kumuh", "SUMBER": "BPS/KOTAKU", "Longtitude": "106° 52' 17.075\" E", "Latitude": "6° 6' 43.604\" S", "city": "dki", "source_layer": "Sebaran RW Kumuh", "role": "positif" }, "geometry": { "type": "MultiPolygon", "coordinates": [ [ [ [ 106.882783196479906, -6.094726738990895 ], [ 106.882208274698073, -6.094726738990895 ], [ 106.882037594794085, -6.096012999815811 ], [ 106.881112330051437, -6.096066593949929 ], [ 106.881031481675876, -6.096772249549788 ], [ 106.880761987090622, -6.096852640635175 ], [ 106.880761987090622, -6.098371136651447 ], [ 106.88044757674119, -6.098371136651447 ], [ 106.880483509352558, -6.096736520174637 ], [ 106.880097233780376, -6.096691858452352 ], [ 106.879980452793447, -6.098531918330865 ], [ 106.879468413081497, -6.098487256758084 ], [ 106.879701975055369, -6.095057236858323 ], [ 106.879118070120683, -6.094976845503902 ], [ 106.878498232574643, -6.106803177448278 ], [ 106.876881265063233, -6.106847838328013 ], [ 106.877501102609287, -6.105088196849171 ], [ 106.8775909341377, -6.102185222385515 ], [ 106.876782450381981, -6.101899390203242 ], [ 106.875929050862069, -6.102328138419487 ], [ 106.875452943761488, -6.102989124580839 ], [ 106.874545645324517, -6.103614381010095 ], [ 106.873925807778477, -6.107035413982227 ], [ 106.87237172233695, -6.107249786078019 ], [ 106.872955627271637, -6.104364687762076 ], [ 106.871392558677272, -6.105347230729219 ], [ 106.871015266257928, -6.106186856927597 ], [ 106.867772348082255, -6.108768252632825 ], [ 106.867655567095326, -6.109134470392636 ], [ 106.866047582736755, -6.110009819144867 ], [ 106.864035356500324, -6.111528277870415 ], [ 106.863433485259975, -6.112216048934232 ], [ 106.863406535801445, -6.114002463151174 ], [ 106.86308314229916, -6.113948870811467 ], [ 106.863020260229277, -6.113439743316432 ], [ 106.86286754663098, -6.113457607447268 ], [ 106.862795681408244, -6.113136053000952 ], [ 106.862256692237779, -6.113207509561282 ], [ 106.862193810167881, -6.113546928092499 ], [ 106.861870416665596, -6.113600520472477 ], [ 106.861960248194009, -6.114493726014962 ], [ 106.861466174787736, -6.114609842625928 ], [ 106.860954135075787, -6.111045944389216 ], [ 106.859409032787113, -6.11061720315208 ], [ 106.858681397406968, -6.110081276122667 ], [ 106.857091379354088, -6.109759719647441 ], [ 106.855384580314265, -6.109920497909202 ], [ 106.85299506165849, -6.110456425099604 ], [ 106.85135114468855, -6.111135265437051 ], [ 106.851494875134023, -6.111885561650267 ], [ 106.851629622426643, -6.111358567991417 ], [ 106.851800302330616, -6.111179925955379 ], [ 106.85224047681983, -6.111224586469979 ], [ 106.852393190418127, -6.110911962789507 ], [ 106.853605916051691, -6.110661863713641 ], [ 106.854629995475591, -6.11105487649467 ], [ 106.854890506907992, -6.111019148071956 ], [ 106.854863557449477, -6.110536814131879 ], [ 106.85640865973815, -6.110224190049649 ], [ 106.8569206994501, -6.110492153559884 ], [ 106.857953762026838, -6.111885561650267 ], [ 106.857854947345587, -6.11251080769095 ], [ 106.858402919668904, -6.113234305768944 ], [ 106.85856461642004, -6.113600520472477 ], [ 106.858465801738788, -6.113689841093845 ], [ 106.858923942533693, -6.114404405527835 ], [ 106.858609532184246, -6.115261881588476 ], [ 106.857360873939314, -6.116467704972546 ], [ 106.855375597161427, -6.117048285632059 ], [ 106.853857444331254, -6.118423812678061 ], [ 106.849320952146456, -6.119790404224801 ], [ 106.849132305936791, -6.119656424815902 ], [ 106.849078407019732, -6.11918303063544 ], [ 106.848602299919165, -6.119281282292284 ], [ 106.848746030364609, -6.12003156707617 ], [ 106.848036361290156, -6.120174478344141 ], [ 106.84701228186627, -6.120174478344141 ], [ 106.846715837822501, -6.119165166695892 ], [ 106.846248713874758, -6.119361669998085 ], [ 106.846473292695791, -6.120156614437736 ], [ 106.843787329996275, -6.121094468716668 ], [ 106.843068677768983, -6.123014831865057 ], [ 106.84332918920137, -6.123113082817231 ], [ 106.843365121812738, -6.123550745930062 ], [ 106.842520705445665, -6.123693656256574 ], [ 106.841900867899625, -6.123452495058402 ], [ 106.840436613986498, -6.123827634652947 ], [ 106.839798810134781, -6.123523950239584 ], [ 106.839331686187037, -6.122684351256921 ], [ 106.839340669339876, -6.122487849176766 ], [ 106.839798810134781, -6.122184164001613 ], [ 106.840149153095595, -6.122344938527613 ], [ 106.840337799305246, -6.122202027840226 ], [ 106.841415777646191, -6.122720078900091 ], [ 106.842529688598503, -6.122648623611361 ], [ 106.843077660921821, -6.121951934045297 ], [ 106.843077660921821, -6.121496405760825 ], [ 106.842538671751342, -6.120960489634751 ], [ 106.838711848640997, -6.12086223828666 ], [ 106.838657949723952, -6.121407086443811 ], [ 106.834202305914715, -6.121433882240482 ], [ 106.83412145753914, -6.120826510519238 ], [ 106.832962630822635, -6.120665735536273 ], [ 106.830653960542449, -6.121014081271548 ], [ 106.830447348027107, -6.12086223828666 ], [ 106.830186836594706, -6.120915829933313 ], [ 106.829944291467996, -6.120210206155162 ], [ 106.829351403380471, -6.120174478344141 ], [ 106.829234622393528, -6.120335253474923 ], [ 106.829342420227633, -6.120656803591357 ], [ 106.828848346821374, -6.120549620240713 ], [ 106.829899375703789, -6.127623675246078 ], [ 106.830716842612333, -6.130240694567753 ], [ 106.841855952135418, -6.128365016493411 ], [ 106.85140504360561, -6.126391081495226 ], [ 106.851710470802203, -6.126310694847387 ], [ 106.851602672968113, -6.125926625140639 ], [ 106.859876156734842, -6.122273483188699 ], [ 106.862139911250821, -6.122103776720468 ], [ 106.864789941338984, -6.120933693814337 ], [ 106.86669436974131, -6.119745744425567 ], [ 106.875470910067165, -6.112385758541266 ], [ 106.8793156994832, -6.110518949903529 ], [ 106.880483509352558, -6.109804380280552 ], [ 106.881013515370185, -6.110206325810863 ], [ 106.881732167597477, -6.110027683390212 ], [ 106.882343021990678, -6.110367103938469 ], [ 106.882998792148086, -6.10983117665863 ], [ 106.884220500934489, -6.109813312406728 ], [ 106.89313178855295, -6.110233122168818 ], [ 106.893257552692731, -6.109759719647441 ], [ 106.893302468456938, -6.107544547569605 ], [ 106.896796914912173, -6.107669597850348 ], [ 106.899473894458836, -6.108053680672885 ], [ 106.899348130319069, -6.111948086287214 ], [ 106.90672329880168, -6.112001678827354 ], [ 106.906840079788623, -6.111671191410982 ], [ 106.906759231413048, -6.108759320489212 ], [ 106.907163473290908, -6.108777184776289 ], [ 106.907217372207953, -6.108053680672885 ], [ 106.905959730810181, -6.108366306022711 ], [ 106.905294977499935, -6.107651733526316 ], [ 106.905672269919265, -6.097611889180708 ], [ 106.892682630910898, -6.09723673121018 ], [ 106.892395170019981, -6.105418688329257 ], [ 106.891631602028468, -6.105909959071461 ], [ 106.891631602028468, -6.10670492349975 ], [ 106.890823118272763, -6.106660262608097 ], [ 106.891155494927901, -6.09723673121018 ], [ 106.888253936560176, -6.097281392887098 ], [ 106.887921559905067, -6.106517347729778 ], [ 106.886780699494238, -6.106374432813322 ], [ 106.886924429939697, -6.097183137192969 ], [ 106.88625967662945, -6.096182714555483 ], [ 106.885729670611809, -6.095896879173522 ], [ 106.883879141126528, -6.095995135103249 ], [ 106.883735410681055, -6.106320839709819 ], [ 106.882450819824768, -6.106320839709819 ], [ 106.882783196479906, -6.094726738990895 ] ] ], [ [ [ 106.877977209709854, -6.098987466160766 ], [ 106.878327552670669, -6.095057236858323 ], [ 106.877016012355853, -6.094637415207998 ], [ 106.87603684869616, -6.100345175044374 ], [ 106.876432107421181, -6.100264784482555 ], [ 106.876512955796755, -6.099335826004851 ], [ 106.877159742801311, -6.099478742798492 ], [ 106.876989062897337, -6.100318378191774 ], [ 106.877716698277467, -6.099898560659499 ], [ 106.877977209709854, -6.098987466160766 ] ] ] ] } },
{ "type": "Feature", "properties": { "FID": 92, "KAB_NAME": "JAKARTA UTARA", "KEC_NAME": "TANJUNG PRIOK", "KEL_NAME": "KEBON BAWANG", "RW": "RW 02", "Luas_Ha": 8.10448, "STATUS": "Kumuh", "SUMBER": "BPS/KOTAKU", "Longtitude": "106° 53' 11.398\" E", "Latitude": "6° 6' 47.302\" S", "city": "dki", "source_layer": "Sebaran RW Kumuh", "role": "positif" }, "geometry": { "type": "MultiPolygon", "coordinates": [ [ [ [ 106.889808022001716, -6.112073135539188 ], [ 106.889799038848878, -6.111894493741707 ], [ 106.88962835894489, -6.111894493741707 ], [ 106.889610392639213, -6.112099931803667 ], [ 106.889295982289767, -6.112171388502381 ], [ 106.889260049678398, -6.112394690624355 ], [ 106.887795795765285, -6.113850618174721 ], [ 106.889502594805123, -6.114020327263219 ], [ 106.889754123084671, -6.11343081125079 ], [ 106.889808022001716, -6.112073135539188 ] ] ], [ [ [ 106.887131042455039, -6.111144197541015 ], [ 106.884759490104955, -6.110992351753358 ], [ 106.884543894436774, -6.115681687075175 ], [ 106.885684754847603, -6.115619162874639 ], [ 106.885684754847603, -6.114306152974767 ], [ 106.885136782524299, -6.114279356820798 ], [ 106.885190681441344, -6.112662653047702 ], [ 106.885514074943629, -6.112680517204487 ], [ 106.885532041249306, -6.111617598837743 ], [ 106.887104092996509, -6.111635463029418 ], [ 106.887131042455039, -6.111144197541015 ] ] ] ] } },
{ "type": "Feature", "properties": { "FID": 93, "KAB_NAME": "JAKARTA UTARA", "KEC_NAME": "TANJUNG PRIOK", "KEL_NAME": "PAPANGO", "RW": "RW 05", "Luas_Ha": 11.184, "STATUS": "Kumuh", "SUMBER": "BPS/KOTAKU", "Longtitude": "106° 52' 29.350\" E", "Latitude": "6° 7' 37.516\" S", "city": "dki", "source_layer": "Sebaran RW Kumuh", "role": "positif" }, "geometry": { "type": "Polygon", "coordinates": [ [ [ 106.8766566862422, -6.126158853368444 ], [ 106.872201042432977, -6.126078466685636 ], [ 106.872991559883005, -6.126971651370163 ], [ 106.87264121692219, -6.128222107417426 ], [ 106.872910711507416, -6.128516857344708 ], [ 106.874958870355215, -6.127945220973799 ], [ 106.876701602006406, -6.128070266482259 ], [ 106.877429237386536, -6.1262481718907 ], [ 106.8766566862422, -6.126158853368444 ] ] ] } },
{ "type": "Feature", "properties": { "FID": 94, "KAB_NAME": "JAKARTA UTARA", "KEC_NAME": "TANJUNG PRIOK", "KEL_NAME": "PAPANGO", "RW": "RW 08", "Luas_Ha": 86.2286, "STATUS": "Kumuh", "SUMBER": "BPS", "Longtitude": "106° 51' 57.583\" E", "Latitude": "6° 7' 29.524\" S", "city": "dki", "source_layer": "Sebaran RW Kumuh", "role": "positif" }, "geometry": { "type": "Polygon", "coordinates": [ [ [ 106.871760867943749, -6.121255243570617 ], [ 106.871518322817039, -6.120897966051692 ], [ 106.869380332440841, -6.121398154511288 ], [ 106.86936236613515, -6.121290971309368 ], [ 106.868419135086839, -6.121603588921527 ], [ 106.867511836649868, -6.122202027840226 ], [ 106.865472660954907, -6.122487849176766 ], [ 106.865068419077062, -6.12280939799756 ], [ 106.86399942388897, -6.122559304487004 ], [ 106.863568232552581, -6.121460678035811 ], [ 106.862139911250821, -6.122103776720468 ], [ 106.861717703067299, -6.122130572482194 ], [ 106.861591938927518, -6.122300278941912 ], [ 106.857845964192748, -6.123854430328188 ], [ 106.858932925686531, -6.127168151800184 ], [ 106.863451451565652, -6.125926625140639 ], [ 106.864412648919654, -6.127114560780988 ], [ 106.866550639295852, -6.127918425503888 ], [ 106.869173719925485, -6.128579380035627 ], [ 106.87202137937615, -6.128222107417426 ], [ 106.872901728354577, -6.127293197490712 ], [ 106.872991559883005, -6.126971651370163 ], [ 106.871985446764782, -6.125694396811809 ], [ 106.870817636895438, -6.124828005616678 ], [ 106.870476277087462, -6.123908021674636 ], [ 106.872003413070473, -6.122050185192983 ], [ 106.871760867943749, -6.121255243570617 ] ] ] } },
{ "type": "Feature", "properties": { "FID": 95, "KAB_NAME": "JAKARTA UTARA", "KEC_NAME": "TANJUNG PRIOK", "KEL_NAME": "SUNTER AGUNG", "RW": "RW 01", "Luas_Ha": 23.4055, "STATUS": "Kumuh", "SUMBER": "BPS/KOTAKU", "Longtitude": "106° 51' 0.520\" E", "Latitude": "6° 7' 44.947\" S", "city": "dki", "source_layer": "Sebaran RW Kumuh", "role": "positif" }, "geometry": { "type": "Polygon", "coordinates": [ [ [ 106.852105729527224, -6.131785891074752 ], [ 106.85189013385903, -6.127025242403707 ], [ 106.851710470802203, -6.126310694847387 ], [ 106.847703984635032, -6.127221742813997 ], [ 106.847730934093562, -6.128775879873675 ], [ 106.848665181989048, -6.130669420058839 ], [ 106.849258070076559, -6.130874850901208 ], [ 106.849482648897592, -6.131214258206562 ], [ 106.849671295107242, -6.132187820068354 ], [ 106.852105729527224, -6.131785891074752 ] ] ] } },
{ "type": "Feature", "properties": { "FID": 96, "KAB_NAME": "JAKARTA UTARA", "KEC_NAME": "TANJUNG PRIOK", "KEL_NAME": "SUNTER JAYA", "RW": "RW 02", "Luas_Ha": 16.586, "STATUS": "Kumuh", "SUMBER": "BPS/KOTAKU", "Longtitude": "106° 51' 46.066\" E", "Latitude": "6° 9' 13.041\" S", "city": "dki", "source_layer": "Sebaran RW Kumuh", "role": "positif" }, "geometry": { "type": "Polygon", "coordinates": [ [ [ 106.863882642902027, -6.153212749455871 ], [ 106.862849580325289, -6.150854854806701 ], [ 106.861178713896834, -6.151149592209806 ], [ 106.861187697049672, -6.151667615128373 ], [ 106.860855320394535, -6.152846561957786 ], [ 106.860208533389979, -6.15371290758218 ], [ 106.865364863120817, -6.156642395724678 ], [ 106.865742155540161, -6.155936819264713 ], [ 106.865041469618546, -6.155499182761669 ], [ 106.86523909898105, -6.155436663231804 ], [ 106.865194183216843, -6.155061545898112 ], [ 106.864762991880468, -6.155061545898112 ], [ 106.863882642902027, -6.153212749455871 ] ] ] } },
{ "type": "Feature", "properties": { "FID": 97, "KAB_NAME": "JAKARTA UTARA", "KEC_NAME": "TANJUNG PRIOK", "KEL_NAME": "SUNTER JAYA", "RW": "RW 11", "Luas_Ha": 155.492, "STATUS": "Kumuh", "SUMBER": "BPS/KOTAKU", "Longtitude": "106° 53' 4.278\" E", "Latitude": "6° 8' 52.054\" S", "city": "dki", "source_layer": "Sebaran RW Kumuh", "role": "positif" }, "geometry": { "type": "Polygon", "coordinates": [ [ [ 106.886313575546495, -6.141074839270985 ], [ 106.879037221745122, -6.138824070534227 ], [ 106.876998046050176, -6.142405646469582 ], [ 106.877483136303596, -6.145478101389139 ], [ 106.886331541852172, -6.143968670810615 ], [ 106.884507961825406, -6.149407959730829 ], [ 106.884624742812349, -6.150685157439887 ], [ 106.884409147144154, -6.152935876004974 ], [ 106.884238467240166, -6.153293132043633 ], [ 106.883483882401507, -6.153078778449255 ], [ 106.882908960619673, -6.153123435455213 ], [ 106.881363858330985, -6.1558653684317 ], [ 106.880546391422442, -6.155400937782864 ], [ 106.880537408269603, -6.155204447770749 ], [ 106.879666042444001, -6.155222310502126 ], [ 106.879477396234336, -6.156097583603856 ], [ 106.879306716330362, -6.156517356926683 ], [ 106.879171969037728, -6.156517356926683 ], [ 106.882235224156588, -6.158625149872695 ], [ 106.88133690887247, -6.160286370620949 ], [ 106.882837095396951, -6.161090185245818 ], [ 106.888972588787482, -6.150881649122828 ], [ 106.890391926936388, -6.147210815236221 ], [ 106.891469905277333, -6.1425485517428 ], [ 106.886313575546495, -6.141074839270985 ] ], [ [ 106.886313575546495, -6.141074839270985 ], [ 106.886645952201619, -6.139690438991378 ], [ 106.886403407074894, -6.140717575027218 ], [ 106.886313575546495, -6.141074839270985 ] ] ] } },
{ "type": "Feature", "properties": { "FID": 98, "KAB_NAME": "JAKARTA UTARA", "KEC_NAME": "TANJUNG PRIOK", "KEL_NAME": "TANJUNG PRIUK", "RW": "RW 011", "Luas_Ha": 3.83549, "STATUS": "Kumuh", "SUMBER": "BPS/KOTAKU", "Longtitude": "106° 52' 51.101\" E", "Latitude": "6° 6' 38.535\" S", "city": "dki", "source_layer": "Sebaran RW Kumuh", "role": "positif" }, "geometry": { "type": "Polygon", "coordinates": [ [ [ 106.882343021990678, -6.110367103938469 ], [ 106.881732167597477, -6.110027683390212 ], [ 106.881013515370185, -6.110206325810863 ], [ 106.880483509352558, -6.109804380280552 ], [ 106.879477396234336, -6.1104117645209 ], [ 106.880609273492325, -6.111894493741707 ], [ 106.882369971449208, -6.110590406813355 ], [ 106.882343021990678, -6.110367103938469 ] ] ] } },
{ "type": "Feature", "properties": { "FID": 99, "KAB_NAME": "JAKARTA UTARA", "KEC_NAME": "TANJUNG PRIOK", "KEL_NAME": "TANJUNG PRIUK", "RW": "RW 013", "Luas_Ha": 8.26823, "STATUS": "Kumuh", "SUMBER": "BPS", "Longtitude": "106° 52' 26.742\" E", "Latitude": "6° 6' 54.132\" S", "city": "dki", "source_layer": "Sebaran RW Kumuh", "role": "positif" }, "geometry": { "type": "Polygon", "coordinates": [ [ [ 106.876000916084806, -6.11502964862447 ], [ 106.874401914879058, -6.113252169906639 ], [ 106.872236975044331, -6.115038580663411 ], [ 106.873719195263135, -6.116833917461963 ], [ 106.876000916084806, -6.11502964862447 ] ] ] } },
{ "type": "Feature", "properties": { "FID": 100, "KAB_NAME": "JAKARTA UTARA", "KEC_NAME": "TANJUNG PRIOK", "KEL_NAME": "TANJUNG PRIUK", "RW": "RW 07", "Luas_Ha": 10.1282, "STATUS": "Kumuh", "SUMBER": "BPS/KOTAKU", "Longtitude": "106° 52' 35.781\" E", "Latitude": "6° 6' 47.118\" S", "city": "dki", "source_layer": "Sebaran RW Kumuh", "role": "positif" }, "geometry": { "type": "Polygon", "coordinates": [ [ [ 106.878821626076942, -6.112743041748536 ], [ 106.878031108626899, -6.111930222105975 ], [ 106.87769873197179, -6.111269246980853 ], [ 106.875470910067165, -6.112385758541266 ], [ 106.874401914879058, -6.113252169906639 ], [ 106.876000916084806, -6.11502964862447 ], [ 106.878821626076942, -6.112743041748536 ] ] ] } },
{ "type": "Feature", "properties": { "FID": 101, "KAB_NAME": "JAKARTA UTARA", "KEC_NAME": "TANJUNG PRIOK", "KEL_NAME": "TANJUNG PRIUK", "RW": "RW 15", "Luas_Ha": 16.7754, "STATUS": "Kumuh", "SUMBER": "BPS", "Longtitude": "106° 52' 4.107\" E", "Latitude": "6° 7' 11.758\" S", "city": "dki", "source_layer": "Sebaran RW Kumuh", "role": "positif" }, "geometry": { "type": "Polygon", "coordinates": [ [ [ 106.871284760843182, -6.118754295921471 ], [ 106.869757624860171, -6.117137605677562 ], [ 106.86669436974131, -6.119745744425567 ], [ 106.865598425094703, -6.120504960504933 ], [ 106.863568232552581, -6.121460678035811 ], [ 106.863945524971925, -6.122184164001613 ], [ 106.866757251811208, -6.121701840133282 ], [ 106.868221505724321, -6.121067672902972 ], [ 106.871284760843182, -6.118754295921471 ] ] ] } },
{ "type": "Feature", "properties": { "FID": 102, "KAB_NAME": "JAKARTA UTARA", "KEC_NAME": "CILINCING", "KEL_NAME": "SEMPER TIMUR", "RW": "RW 10", "Luas_Ha": 214.069, "STATUS": "Kumuh", "SUMBER": "BPS/KOTAKU", "Longtitude": "106° 56' 13.350\" E", "Latitude": "6° 7' 32.678\" S", "city": "dki", "source_layer": "Sebaran RW Kumuh", "role": "positif" }, "geometry": { "type": "Polygon", "coordinates": [ [ [ 106.940751481764138, -6.118557792395965 ], [ 106.937805007632221, -6.116530229073863 ], [ 106.937706192950969, -6.11621760849417 ], [ 106.93579278139579, -6.116967897578346 ], [ 106.935631084644655, -6.117119741669655 ], [ 106.935388539517945, -6.118656044167748 ], [ 106.934598022067917, -6.118843615681911 ], [ 106.933978184521877, -6.119245554419158 ], [ 106.933520043726972, -6.119826132061501 ], [ 106.932711559971267, -6.120147682484308 ], [ 106.931912059368386, -6.120728259146508 ], [ 106.931606632171793, -6.121219515829476 ], [ 106.931202390293947, -6.121344562913017 ], [ 106.930340007621197, -6.121228447764985 ], [ 106.930169327717195, -6.121424950308409 ], [ 106.93011542880015, -6.122041253271212 ], [ 106.929926782590499, -6.122148436322599 ], [ 106.928929652625115, -6.121719703988022 ], [ 106.927627095463151, -6.121773295548662 ], [ 106.92674674648471, -6.122398530025526 ], [ 106.92736658403075, -6.123997340573432 ], [ 106.928184050939308, -6.125471100246517 ], [ 106.929675254310936, -6.127400379487846 ], [ 106.931947991979754, -6.130821260254304 ], [ 106.933582925796856, -6.132902359753454 ], [ 106.935837697159997, -6.13140182530897 ], [ 106.93444530846962, -6.129347515354724 ], [ 106.935415488976474, -6.129338583555043 ], [ 106.936870759736735, -6.131437552368617 ], [ 106.937553479352658, -6.131160667593758 ], [ 106.93754449619982, -6.13100882749491 ], [ 106.937346866837316, -6.130517579820154 ], [ 106.936852793431058, -6.130267489921041 ], [ 106.936511433623096, -6.129499355926434 ], [ 106.936655164068554, -6.128534720971433 ], [ 106.937939754924841, -6.128597243660257 ], [ 106.937903822313473, -6.129088493103254 ], [ 106.939466890907852, -6.129052765886287 ], [ 106.939484857213529, -6.12939217435089 ], [ 106.940859279598229, -6.129418969746795 ], [ 106.940859279598229, -6.135796235685397 ], [ 106.94276370800057, -6.135385377713659 ], [ 106.942637943860774, -6.132616543994308 ], [ 106.944569321721644, -6.132652270972578 ], [ 106.944641186944366, -6.13090164622264 ], [ 106.94803681871835, -6.130964168634081 ], [ 106.948018852412659, -6.126935924011478 ], [ 106.940877245903906, -6.126900196650402 ], [ 106.940832330139699, -6.124015204351397 ], [ 106.940014863231156, -6.124042000017227 ], [ 106.939493840366367, -6.124238501525557 ], [ 106.938865019667489, -6.122353870444305 ], [ 106.939889099091374, -6.122237755515657 ], [ 106.940140627370937, -6.123113082817231 ], [ 106.940796397528345, -6.122898717080094 ], [ 106.940751481764138, -6.118557792395965 ] ] ] } },
{ "type": "Feature", "properties": { "FID": 103, "KAB_NAME": "JAKARTA UTARA", "KEC_NAME": "CILINCING", "KEL_NAME": "SEMPER BARAT", "RW": "RW 04", "Luas_Ha": 79.7523, "STATUS": "Kumuh", "SUMBER": "KOTAKU", "Longtitude": "106° 55' 44.152\" E", "Latitude": "6° 8' 5.815\" S", "city": "dki", "source_layer": "Sebaran RW Kumuh", "role": "positif" }, "geometry": { "type": "Polygon", "coordinates": [ [ [ 106.933034953473538, -6.132196751820327 ], [ 106.931292221822346, -6.129892354852544 ], [ 106.930313058162668, -6.130526511600095 ], [ 106.928642191734212, -6.131232121742966 ], [ 106.92801337103532, -6.132491499551509 ], [ 106.927249803043807, -6.132196751820327 ], [ 106.926513184510839, -6.132187820068354 ], [ 106.926468268746632, -6.134161733617401 ], [ 106.92661199919209, -6.134215323928604 ], [ 106.926315555148335, -6.135197812012573 ], [ 106.925273509418759, -6.135304992421276 ], [ 106.92523757680739, -6.134911997484004 ], [ 106.923548744073244, -6.135197812012573 ], [ 106.921698214587948, -6.135233538817868 ], [ 106.918428346953775, -6.135635465212435 ], [ 106.918176818674212, -6.135849825832274 ], [ 106.91805105453443, -6.137002012686728 ], [ 106.923108569584031, -6.136617950678695 ], [ 106.923153485348237, -6.137198509421008 ], [ 106.924842318082383, -6.137198509421008 ], [ 106.927106072598363, -6.137698682599472 ], [ 106.931552733254748, -6.137823725820725 ], [ 106.936250922190695, -6.136760857504718 ], [ 106.933034953473538, -6.132196751820327 ] ] ] } },
{ "type": "Feature", "properties": { "FID": 104, "KAB_NAME": "JAKARTA UTARA", "KEC_NAME": "CILINCING", "KEL_NAME": "SEMPER BARAT", "RW": "RW 16", "Luas_Ha": 8.85654, "STATUS": "Kumuh", "SUMBER": "BPS/KOTAKU", "Longtitude": "106° 55' 6.301\" E", "Latitude": "6° 6' 35.774\" S", "city": "dki", "source_layer": "Sebaran RW Kumuh", "role": "positif" }, "geometry": { "type": "Polygon", "coordinates": [ [ [ 106.919712937810061, -6.109536416425991 ], [ 106.919299712779363, -6.108955827614269 ], [ 106.919272763320834, -6.108098341448322 ], [ 106.917440200141229, -6.108268052361008 ], [ 106.917305452848623, -6.111671191410982 ], [ 106.918374448036715, -6.111742648166953 ], [ 106.91920988125095, -6.111555074162179 ], [ 106.919111066569698, -6.111260314878976 ], [ 106.919299712779363, -6.111188858058598 ], [ 106.919164965486743, -6.110742252715058 ], [ 106.919299712779363, -6.110724388493564 ], [ 106.919335645390717, -6.110465357214897 ], [ 106.919946499783919, -6.110224190049649 ], [ 106.919712937810061, -6.109536416425991 ] ] ] } },
{ "type": "Feature", "properties": { "FID": 105, "KAB_NAME": "JAKARTA SELATAN", "KEC_NAME": "KEBAYORAN BARU", "KEL_NAME": "PETOGOGAN", "RW": "RW 02", "Luas_Ha": 13.3455, "STATUS": "Kumuh", "SUMBER": "BPS/KOTAKU", "Longtitude": "106° 48' 53.529\" E", "Latitude": "6° 14' 30.833\" S", "city": "dki", "source_layer": "Sebaran RW Kumuh", "role": "positif" }, "geometry": { "type": "Polygon", "coordinates": [ [ [ 106.817763136215319, -6.238956164774054 ], [ 106.817116349210764, -6.23874184596965 ], [ 106.816712107332904, -6.238822215531571 ], [ 106.816415663289149, -6.239447311703587 ], [ 106.815750909978902, -6.239518751218627 ], [ 106.815454465935133, -6.239759859509991 ], [ 106.814699881096487, -6.240590342775532 ], [ 106.813612919602704, -6.242340604271829 ], [ 106.812984098903812, -6.242992485885501 ], [ 106.812445109733346, -6.242706729661571 ], [ 106.812157648842415, -6.242858537674945 ], [ 106.812067817314002, -6.243296101702598 ], [ 106.812391210816301, -6.243483629031111 ], [ 106.812786469541308, -6.243447909545143 ], [ 106.812867317916883, -6.243644366687822 ], [ 106.812364261357772, -6.243912262672706 ], [ 106.813810548965193, -6.244796318450446 ], [ 106.814232757148744, -6.244555212477266 ], [ 106.814151908773169, -6.244323036250017 ], [ 106.814529201192499, -6.244171228661155 ], [ 106.814663948485119, -6.243930122400158 ], [ 106.814744796860694, -6.242992485885501 ], [ 106.815193954502746, -6.242867467556714 ], [ 106.815490398546501, -6.243215732826966 ], [ 106.815670061603342, -6.24309964442928 ], [ 106.815670061603342, -6.242340604271829 ], [ 106.816029387716981, -6.242269165141553 ], [ 106.815768876284594, -6.241670862043011 ], [ 106.81592158988289, -6.24131366583753 ], [ 106.816173118162439, -6.240885030069483 ], [ 106.81643362959484, -6.241063628348786 ], [ 106.817763136215319, -6.238956164774054 ] ] ] } },
{ "type": "Feature", "properties": { "FID": 106, "KAB_NAME": "JAKARTA SELATAN", "KEC_NAME": "KEBAYORAN BARU", "KEL_NAME": "PETOGOGAN", "RW": "RW 03", "Luas_Ha": 4.55597, "STATUS": "Kumuh", "SUMBER": "BPS/KOTAKU", "Longtitude": "106° 48' 44.150\" E", "Latitude": "6° 14' 41.895\" S", "city": "dki", "source_layer": "Sebaran RW Kumuh", "role": "positif" }, "geometry": { "type": "Polygon", "coordinates": [ [ [ 106.813810548965193, -6.244796318450446 ], [ 106.812364261357772, -6.243912262672706 ], [ 106.811690524894686, -6.244492703503134 ], [ 106.811456962920815, -6.244314106393067 ], [ 106.810576613942374, -6.245126722751893 ], [ 106.810235254134412, -6.245233880858937 ], [ 106.810585597095226, -6.245537495376458 ], [ 106.810738310693523, -6.245269600223079 ], [ 106.811438996615124, -6.245841109717904 ], [ 106.812121716231061, -6.245171371965826 ], [ 106.81299308205665, -6.245778600897296 ], [ 106.8131547788078, -6.245591074390685 ], [ 106.813594953297013, -6.245671442901743 ], [ 106.813837498423723, -6.24552856554022 ], [ 106.813810548965193, -6.244796318450446 ] ] ] } },
{ "type": "Feature", "properties": { "FID": 107, "KAB_NAME": "JAKARTA PUSAT", "KEC_NAME": "TANAH ABANG", "KEL_NAME": "PETAMBURAN", "RW": "RW 09", "Luas_Ha": 9.72535, "STATUS": "Kumuh", "SUMBER": "BPS/KOTAKU", "Longtitude": "106° 48' 25.035\" E", "Latitude": "6° 11' 59.182\" S", "city": "dki", "source_layer": "Sebaran RW Kumuh", "role": "positif" }, "geometry": { "type": "Polygon", "coordinates": [ [ [ 106.809148292640629, -6.199037778710519 ], [ 106.809983725854863, -6.198082200825762 ], [ 106.809678298658255, -6.198091131468211 ], [ 106.808744050762769, -6.199171738088735 ], [ 106.808106246911038, -6.198894888669592 ], [ 106.808124213216729, -6.198662692270534 ], [ 106.80787268493718, -6.198644831004835 ], [ 106.807863701784328, -6.198475148950529 ], [ 106.807136066404198, -6.198180437884393 ], [ 106.806058088063253, -6.198242952366724 ], [ 106.806031138604737, -6.198394773221548 ], [ 106.806336565801331, -6.198475148950529 ], [ 106.806246734272918, -6.199136015591203 ], [ 106.805231638001857, -6.199323558676253 ], [ 106.805546048351303, -6.201154332908325 ], [ 106.805923340770633, -6.201743751552476 ], [ 106.807549291434881, -6.200806039763463 ], [ 106.809148292640629, -6.199037778710519 ] ] ] } },
{ "type": "Feature", "properties": { "FID": 108, "KAB_NAME": "JAKARTA PUSAT", "KEC_NAME": "TANAH ABANG", "KEL_NAME": "PETAMBURAN", "RW": "RW 04", "Luas_Ha": 11.2628, "STATUS": "Kumuh", "SUMBER": "BPS/KOTAKU", "Longtitude": "106° 48' 27.203\" E", "Latitude": "6° 11' 43.276\" S", "city": "dki", "source_layer": "Sebaran RW Kumuh", "role": "positif" }, "geometry": { "type": "Polygon", "coordinates": [ [ [ 106.809804062798023, -6.196572920080342 ], [ 106.809606433435519, -6.193911574285482 ], [ 106.808115230063876, -6.194233079859182 ], [ 106.807351662072392, -6.194563515939226 ], [ 106.806516228858143, -6.194599238746301 ], [ 106.80529452007174, -6.194358109751631 ], [ 106.805114857014928, -6.195670921834385 ], [ 106.80483637927685, -6.196367514674745 ], [ 106.807917600701387, -6.196260346605305 ], [ 106.809804062798023, -6.196572920080342 ] ] ] } },
{ "type": "Feature", "properties": { "FID": 109, "KAB_NAME": "JAKARTA PUSAT", "KEC_NAME": "TANAH ABANG", "KEL_NAME": "PETAMBURAN", "RW": "RW 08", "Luas_Ha": 14.1367, "STATUS": "Kumuh", "SUMBER": "BPS/KOTAKU", "Longtitude": "106° 48' 17.657\" E", "Latitude": "6° 11' 58.645\" S", "city": "dki", "source_layer": "Sebaran RW Kumuh", "role": "positif" }, "geometry": { "type": "Polygon", "coordinates": [ [ [ 106.804899261346748, -6.202243863824744 ], [ 106.805923340770633, -6.201743751552476 ], [ 106.805546048351303, -6.201154332908325 ], [ 106.805231638001857, -6.199323558676253 ], [ 106.806246734272918, -6.199136015591203 ], [ 106.806336565801331, -6.198475148950529 ], [ 106.806031138604737, -6.198394773221548 ], [ 106.806058088063253, -6.198242952366724 ], [ 106.806794706596236, -6.198126854036497 ], [ 106.807863701784328, -6.198475148950529 ], [ 106.807854718631489, -6.198332258757207 ], [ 106.808169128980936, -6.198314397480319 ], [ 106.808178112133774, -6.198001825036913 ], [ 106.807980482771271, -6.198001825036913 ], [ 106.807944550159903, -6.197698183057421 ], [ 106.807324712613863, -6.197760697596896 ], [ 106.807288780002494, -6.197546362002146 ], [ 106.805034008639353, -6.197698183057421 ], [ 106.805025025486515, -6.197260581073706 ], [ 106.804405187940475, -6.197278442386267 ], [ 106.803650603101801, -6.197805350834844 ], [ 106.803524838962034, -6.19994870181149 ], [ 106.803704502018846, -6.202833281250888 ], [ 106.804899261346748, -6.202243863824744 ] ] ] } },
{ "type": "Feature", "properties": { "FID": 110, "KAB_NAME": "JAKARTA PUSAT", "KEC_NAME": "TANAH ABANG", "KEL_NAME": "PETAMBURAN", "RW": "RW 03", "Luas_Ha": 10.6411, "STATUS": "Kumuh", "SUMBER": "BPS/KOTAKU", "Longtitude": "106° 48' 26.671\" E", "Latitude": "6° 11' 35.907\" S", "city": "dki", "source_layer": "Sebaran RW Kumuh", "role": "positif" }, "geometry": { "type": "Polygon", "coordinates": [ [ [ 106.80889676436108, -6.191955744494157 ], [ 106.808806932832653, -6.192277251258766 ], [ 106.808240994203658, -6.192259389776979 ], [ 106.808079297452522, -6.192652342236748 ], [ 106.806938437041694, -6.192366558658642 ], [ 106.806992335958739, -6.19222366681159 ], [ 106.805950290229148, -6.191848575529124 ], [ 106.805501132587096, -6.192911333470808 ], [ 106.80529452007174, -6.194358109751631 ], [ 106.806516228858143, -6.194599238746301 ], [ 106.807351662072392, -6.194563515939226 ], [ 106.808115230063876, -6.194233079859182 ], [ 106.809606433435519, -6.193911574285482 ], [ 106.809633382894049, -6.192116497900928 ], [ 106.80889676436108, -6.191955744494157 ] ] ] } },
{ "type": "Feature", "properties": { "FID": 111, "KAB_NAME": "JAKARTA UTARA", "KEC_NAME": "PENJARINGAN", "KEL_NAME": "PENJARINGAN", "RW": "RW 01", "Luas_Ha": 7.17356, "STATUS": "Kumuh", "SUMBER": "BPS/KOTAKU", "Longtitude": "106° 48' 20.460\" E", "Latitude": "6° 7' 32.152\" S", "city": "dki", "source_layer": "Sebaran RW Kumuh", "role": "positif" }, "geometry": { "type": "Polygon", "coordinates": [ [ [ 106.80518672223765, -6.124595776809989 ], [ 106.805168755931973, -6.124417139197654 ], [ 106.803956030298409, -6.124506458011291 ], [ 106.80408179443819, -6.125676533090023 ], [ 106.804450103704681, -6.126926992171433 ], [ 106.80596825653484, -6.12653399106149 ], [ 106.806246734272918, -6.126257103742104 ], [ 106.807755903950238, -6.125721192393368 ], [ 106.807908617548534, -6.12541750905695 ], [ 106.807944550159903, -6.124774414362561 ], [ 106.807468443059321, -6.124917324361587 ], [ 106.807387594683746, -6.124676163716042 ], [ 106.805429267364374, -6.125247803587831 ], [ 106.80518672223765, -6.124595776809989 ] ] ] } },
{ "type": "Feature", "properties": { "FID": 112, "KAB_NAME": "JAKARTA UTARA", "KEC_NAME": "PENJARINGAN", "KEL_NAME": "PENJARINGAN", "RW": "RW 02", "Luas_Ha": 2.50533, "STATUS": "Kumuh", "SUMBER": "BPS/KOTAKU", "Longtitude": "106° 48' 23.485\" E", "Latitude": "6° 7' 28.577\" S", "city": "dki", "source_layer": "Sebaran RW Kumuh", "role": "positif" }, "geometry": { "type": "Polygon", "coordinates": [ [ [ 106.808025398535477, -6.124193842098195 ], [ 106.805878425006426, -6.124175978326204 ], [ 106.80518672223765, -6.124595776809989 ], [ 106.805429267364374, -6.125247803587831 ], [ 106.805707745102438, -6.125221007982513 ], [ 106.807387594683746, -6.124676163716042 ], [ 106.807468443059321, -6.124917324361587 ], [ 106.807944550159903, -6.124774414362561 ], [ 106.808025398535477, -6.124193842098195 ] ] ] } },
{ "type": "Feature", "properties": { "FID": 113, "KAB_NAME": "JAKARTA UTARA", "KEC_NAME": "PENJARINGAN", "KEL_NAME": "PENJARINGAN", "RW": "RW 04", "Luas_Ha": 17.6553, "STATUS": "Kumuh", "SUMBER": "BPS", "Longtitude": "106° 48' 25.848\" E", "Latitude": "6° 7' 38.666\" S", "city": "dki", "source_layer": "Sebaran RW Kumuh", "role": "positif" }, "geometry": { "type": "Polygon", "coordinates": [ [ [ 106.809390837767324, -6.127668334386513 ], [ 106.809103376876422, -6.127060969756414 ], [ 106.809399820920177, -6.126757287182182 ], [ 106.809166258946306, -6.125881965854478 ], [ 106.809058461112215, -6.124408207315469 ], [ 106.807944550159903, -6.124774414362561 ], [ 106.807908617548534, -6.12541750905695 ], [ 106.807639122963295, -6.125783715411775 ], [ 106.806246734272918, -6.126257103742104 ], [ 106.80596825653484, -6.12653399106149 ], [ 106.804450103704681, -6.126926992171433 ], [ 106.804827396123997, -6.128204243780236 ], [ 106.805384351600154, -6.12860617547235 ], [ 106.805779610325175, -6.129722650806328 ], [ 106.808528455094574, -6.129401106149674 ], [ 106.808169128980936, -6.127739789003436 ], [ 106.809390837767324, -6.127668334386513 ] ] ] } },
{ "type": "Feature", "properties": { "FID": 114, "KAB_NAME": "JAKARTA UTARA", "KEC_NAME": "PENJARINGAN", "KEL_NAME": "PENJARINGAN", "RW": "RW 07", "Luas_Ha": 35.2908, "STATUS": "Kumuh", "SUMBER": "BPS/KOTAKU", "Longtitude": "106° 48' 4.492\" E", "Latitude": "6° 7' 38.314\" S", "city": "dki", "source_layer": "Sebaran RW Kumuh", "role": "positif" }, "geometry": { "type": "Polygon", "coordinates": [ [ [ 106.801889905144932, -6.125221007982513 ], [ 106.79738036241865, -6.125310326661677 ], [ 106.796077805256687, -6.125006643091554 ], [ 106.79624848516066, -6.12695378769112 ], [ 106.799608184323276, -6.126935924011478 ], [ 106.799635133781791, -6.127918425503888 ], [ 106.799832763144309, -6.127918425503888 ], [ 106.799904628367031, -6.128677629963697 ], [ 106.799114110917003, -6.128704425395485 ], [ 106.799212925598269, -6.129829832315481 ], [ 106.805231638001857, -6.129561878502225 ], [ 106.805060958097883, -6.128999175056349 ], [ 106.805510115739949, -6.128883061573021 ], [ 106.805267570613225, -6.12843647101705 ], [ 106.804827396123997, -6.128204243780236 ], [ 106.804009929215454, -6.125167416767843 ], [ 106.801889905144932, -6.125221007982513 ] ] ] } },
{ "type": "Feature", "properties": { "FID": 115, "KAB_NAME": "JAKARTA UTARA", "KEC_NAME": "PENJARINGAN", "KEL_NAME": "PENJARINGAN", "RW": "RW 08", "Luas_Ha": 93.0165, "STATUS": "Kumuh", "SUMBER": "BPS/KOTAKU", "Longtitude": "106° 47' 28.486\" E", "Latitude": "6° 7' 42.669\" S", "city": "dki", "source_layer": "Sebaran RW Kumuh", "role": "positif" }, "geometry": { "type": "Polygon", "coordinates": [ [ [ 106.796077805256687, -6.125006643091554 ], [ 106.793930831727636, -6.1244975261306 ], [ 106.792313864216212, -6.12538178159425 ], [ 106.791981487561102, -6.125703328672478 ], [ 106.792071319089516, -6.126909128490895 ], [ 106.783914616309715, -6.125399645325898 ], [ 106.783968515226761, -6.126283899295419 ], [ 106.785441752292712, -6.131607255869257 ], [ 106.790526216800828, -6.132303932832333 ], [ 106.792736072399762, -6.132455772562467 ], [ 106.792475560967375, -6.130187103857141 ], [ 106.799212925598269, -6.129829832315481 ], [ 106.799114110917003, -6.128704425395485 ], [ 106.799904628367031, -6.128677629963697 ], [ 106.799832763144309, -6.127918425503888 ], [ 106.799635133781791, -6.127918425503888 ], [ 106.799608184323276, -6.126935924011478 ], [ 106.79624848516066, -6.12695378769112 ], [ 106.796077805256687, -6.125006643091554 ] ] ] } },
{ "type": "Feature", "properties": { "FID": 116, "KAB_NAME": "JAKARTA UTARA", "KEC_NAME": "PENJARINGAN", "KEL_NAME": "PENJARINGAN", "RW": "RW 12", "Luas_Ha": 12.0443, "STATUS": "Kumuh", "SUMBER": "BPS/KOTAKU", "Longtitude": "106° 47' 43.271\" E", "Latitude": "6° 7' 52.591\" S", "city": "dki", "source_layer": "Sebaran RW Kumuh", "role": "positif" }, "geometry": { "type": "Polygon", "coordinates": [ [ [ 106.79840444184255, -6.132205683572151 ], [ 106.798269694549944, -6.129874491271274 ], [ 106.79667967649705, -6.129981672749922 ], [ 106.796778491178287, -6.131919867439611 ], [ 106.794954911151535, -6.131919867439611 ], [ 106.794909995387329, -6.130115649567951 ], [ 106.792475560967375, -6.130187103857141 ], [ 106.792736072399762, -6.132455772562467 ], [ 106.79840444184255, -6.132205683572151 ] ] ] } },
{ "type": "Feature", "properties": { "FID": 117, "KAB_NAME": "JAKARTA UTARA", "KEC_NAME": "PENJARINGAN", "KEL_NAME": "PENJARINGAN", "RW": "RW 11", "Luas_Ha": 8.1012, "STATUS": "Kumuh", "SUMBER": "BPS/KOTAKU", "Longtitude": "106° 47' 59.014\" E", "Latitude": "6° 7' 51.584\" S", "city": "dki", "source_layer": "Sebaran RW Kumuh", "role": "positif" }, "geometry": { "type": "Polygon", "coordinates": [ [ [ 106.801108370847757, -6.130767669602016 ], [ 106.801054471930712, -6.129794105148155 ], [ 106.798269694549944, -6.129874491271274 ], [ 106.79840444184255, -6.132205683572151 ], [ 106.801243118140363, -6.132116366047186 ], [ 106.801108370847757, -6.130767669602016 ] ] ] } },
{ "type": "Feature", "properties": { "FID": 118, "KAB_NAME": "JAKARTA UTARA", "KEC_NAME": "PENJARINGAN", "KEL_NAME": "PENJARINGAN", "RW": "RW 13", "Luas_Ha": 5.08321, "STATUS": "Kumuh", "SUMBER": "BPS/KOTAKU", "Longtitude": "106° 48' 10.821\" E", "Latitude": "6° 7' 56.483\" S", "city": "dki", "source_layer": "Sebaran RW Kumuh", "role": "positif" }, "geometry": { "type": "Polygon", "coordinates": [ [ [ 106.805671812491084, -6.13150900648073 ], [ 106.805644863032555, -6.131392893543684 ], [ 106.804198575425119, -6.131723368759635 ], [ 106.801018539319344, -6.132125297800355 ], [ 106.801036505625021, -6.133786601288148 ], [ 106.80206058504892, -6.133045267575578 ], [ 106.805779610325175, -6.131973457976129 ], [ 106.805671812491084, -6.13150900648073 ] ] ] } },
{ "type": "Feature", "properties": { "FID": 119, "KAB_NAME": "JAKARTA UTARA", "KEC_NAME": "PENJARINGAN", "KEL_NAME": "PENJARINGAN", "RW": "RW 14", "Luas_Ha": 5.57072, "STATUS": "Kumuh", "SUMBER": "BPS/KOTAKU", "Longtitude": "106° 48' 0.537\" E", "Latitude": "6° 8' 1.003\" S", "city": "dki", "source_layer": "Sebaran RW Kumuh", "role": "positif" }, "geometry": { "type": "Polygon", "coordinates": [ [ [ 106.800290903939199, -6.136430385411384 ], [ 106.80033581970342, -6.13503704135911 ], [ 106.801036505625021, -6.133786601288148 ], [ 106.801018539319344, -6.132125297800355 ], [ 106.799212925598269, -6.132178888316231 ], [ 106.800030392506812, -6.136466112134056 ], [ 106.800290903939199, -6.136430385411384 ] ] ] } },
{ "type": "Feature", "properties": { "FID": 120, "KAB_NAME": "JAKARTA UTARA", "KEC_NAME": "PENJARINGAN", "KEL_NAME": "PENJARINGAN", "RW": "RW 15", "Luas_Ha": 12.8973, "STATUS": "Kumuh", "SUMBER": "BPS/KOTAKU", "Longtitude": "106° 47' 54.318\" E", "Latitude": "6° 8' 4.524\" S", "city": "dki", "source_layer": "Sebaran RW Kumuh", "role": "positif" }, "geometry": { "type": "Polygon", "coordinates": [ [ [ 106.799212925598269, -6.132187820068354 ], [ 106.797209682514676, -6.132250342329023 ], [ 106.797290530890237, -6.133116721472278 ], [ 106.797110867833425, -6.133134584944957 ], [ 106.797155783597631, -6.134009894373073 ], [ 106.797362396112973, -6.134009894373073 ], [ 106.797461210794225, -6.13514422180014 ], [ 106.797263581431721, -6.135179948609027 ], [ 106.79729951404309, -6.135715850454977 ], [ 106.797003069999334, -6.135724782147844 ], [ 106.797074935222057, -6.13678765253033 ], [ 106.800030392506812, -6.136466112134056 ], [ 106.799212925598269, -6.132187820068354 ] ] ] } },
{ "type": "Feature", "properties": { "FID": 121, "KAB_NAME": "JAKARTA UTARA", "KEC_NAME": "PENJARINGAN", "KEL_NAME": "PENJARINGAN", "RW": "RW 16", "Luas_Ha": 24.4493, "STATUS": "Kumuh", "SUMBER": "BPS", "Longtitude": "106° 47' 42.150\" E", "Latitude": "6° 8' 4.734\" S", "city": "dki", "source_layer": "Sebaran RW Kumuh", "role": "positif" }, "geometry": { "type": "Polygon", "coordinates": [ [ [ 106.797209682514676, -6.132303932832333 ], [ 106.792736072399762, -6.132455772562467 ], [ 106.793023533290679, -6.137180646084522 ], [ 106.797074935222057, -6.13678765253033 ], [ 106.797003069999334, -6.135724782147844 ], [ 106.79729951404309, -6.135715850454977 ], [ 106.797263581431721, -6.135179948609027 ], [ 106.797461210794225, -6.13514422180014 ], [ 106.797362396112973, -6.134009894373073 ], [ 106.797155783597631, -6.134009894373073 ], [ 106.797110867833425, -6.133134584944957 ], [ 106.797290530890237, -6.133116721472278 ], [ 106.797209682514676, -6.132303932832333 ] ] ] } },
{ "type": "Feature", "properties": { "FID": 122, "KAB_NAME": "JAKARTA UTARA", "KEC_NAME": "PENJARINGAN", "KEL_NAME": "PENJARINGAN", "RW": "RW 17", "Luas_Ha": 175.589, "STATUS": "Kumuh", "SUMBER": "BPS", "Longtitude": "106° 48' 11.356\" E", "Latitude": "6° 6' 37.666\" S", "city": "dki", "source_layer": "Sebaran RW Kumuh", "role": "positif" }, "geometry": { "type": "Polygon", "coordinates": [ [ [ 106.798898515248823, -6.096727587830477 ], [ 106.798449357606756, -6.094324781850769 ], [ 106.800425651231834, -6.092806274382188 ], [ 106.800551415371601, -6.092466842713494 ], [ 106.798224778785737, -6.094146134136292 ], [ 106.800713112122736, -6.108116205757454 ], [ 106.800219038716477, -6.108687863334945 ], [ 106.796284417772029, -6.10900048831445 ], [ 106.796356282994765, -6.109473891507292 ], [ 106.796976120540805, -6.110545746245831 ], [ 106.797074935222057, -6.11168905560087 ], [ 106.796221535702145, -6.112332166039598 ], [ 106.796347299841926, -6.112564400174724 ], [ 106.796526962898753, -6.112466147283704 ], [ 106.797146800444793, -6.111796240727669 ], [ 106.797245615126045, -6.111197790161667 ], [ 106.797667823309581, -6.111162061748496 ], [ 106.797533076016961, -6.11168905560087 ], [ 106.79764985700389, -6.11220711684816 ], [ 106.798063082034588, -6.112216048934232 ], [ 106.798449357606756, -6.112037407184464 ], [ 106.79851223967664, -6.112198184761939 ], [ 106.799329706585198, -6.112090999715657 ], [ 106.799662083240321, -6.11220711684816 ], [ 106.799635133781791, -6.112323233955463 ], [ 106.799760897921587, -6.112216048934232 ], [ 106.800506499607394, -6.11248401144705 ], [ 106.801117354000596, -6.113466539512462 ], [ 106.801925837756301, -6.114154308084524 ], [ 106.802276180717115, -6.115011784546137 ], [ 106.802671439442122, -6.117182265694719 ], [ 106.8029499171802, -6.119843995978956 ], [ 106.802985849791554, -6.12130883517785 ], [ 106.80284211934611, -6.121692908205688 ], [ 106.803003816097245, -6.122255619352477 ], [ 106.802554658455179, -6.12307735520035 ], [ 106.801934820909139, -6.12353288213656 ], [ 106.801809056769372, -6.124015204351397 ], [ 106.802132450271657, -6.124283160949184 ], [ 106.801871938839255, -6.124729754980021 ], [ 106.801889905144932, -6.125221007982513 ], [ 106.804009929215454, -6.125167416767843 ], [ 106.80394704714557, -6.123550745930062 ], [ 106.804090777591028, -6.122657555522975 ], [ 106.8039739966041, -6.121907274426739 ], [ 106.806534195163835, -6.121576793133367 ], [ 106.806659959303616, -6.121782227474912 ], [ 106.806920470736003, -6.121755431695713 ], [ 106.807414544142276, -6.121594656992291 ], [ 106.807728954491722, -6.120897966051692 ], [ 106.808402690954807, -6.1209247618739 ], [ 106.808034381688316, -6.118575656355814 ], [ 106.807899634395696, -6.118611384273722 ], [ 106.807540308282043, -6.116673141277985 ], [ 106.807288780002494, -6.116083628189776 ], [ 106.807234881085449, -6.113966734925299 ], [ 106.806866571818958, -6.113922074639598 ], [ 106.806659959303616, -6.112734109671263 ], [ 106.806641992997939, -6.112492943528498 ], [ 106.806911487583164, -6.112430418955222 ], [ 106.806668942456454, -6.110947691219376 ], [ 106.806794706596236, -6.11092982700474 ], [ 106.806776740290545, -6.110635067377151 ], [ 106.806489279399628, -6.109411366581289 ], [ 106.806111986980298, -6.108911166910363 ], [ 106.806201818508711, -6.107901834008533 ], [ 106.803668569407492, -6.094467699979531 ], [ 106.803048731861452, -6.094583820931124 ], [ 106.804279423800693, -6.101506370703717 ], [ 106.804423154246152, -6.101470641644014 ], [ 106.804504002621726, -6.1019708482631 ], [ 106.802446860621089, -6.102292409414567 ], [ 106.801997702979023, -6.099827102323394 ], [ 106.800892775179577, -6.100005748145802 ], [ 106.800542432218762, -6.097995979212009 ], [ 106.80181803992221, -6.097772671087748 ], [ 106.801836006227887, -6.09805850547014 ], [ 106.801934820909139, -6.098040640825704 ], [ 106.802015669284714, -6.097567227531311 ], [ 106.800533449065924, -6.09782626504605 ], [ 106.799994459895444, -6.09476246849989 ], [ 106.799805813685779, -6.094824995134908 ], [ 106.800111240882373, -6.096602534996626 ], [ 106.798898515248823, -6.096727587830477 ] ] ] } },
{ "type": "Feature", "properties": { "FID": 123, "KAB_NAME": "JAKARTA SELATAN", "KEC_NAME": "PASAR MINGGU", "KEL_NAME": "PEJATEN TIMUR", "RW": "RW 08", "Luas_Ha": 27.3439, "STATUS": "Kumuh", "SUMBER": "BPS/KOTAKU", "Longtitude": "106° 50' 39.018\" E", "Latitude": "6° 17' 21.138\" S", "city": "dki", "source_layer": "Sebaran RW Kumuh", "role": "positif" }, "geometry": { "type": "Polygon", "coordinates": [ [ [ 106.848826878740184, -6.283461133183918 ], [ 106.848287889569704, -6.283577212606601 ], [ 106.847802799316284, -6.284345121981285 ], [ 106.847218894381612, -6.28476479290477 ], [ 106.844191571874134, -6.284782651234432 ], [ 106.843517835411035, -6.287916778593933 ], [ 106.84357173432808, -6.288309659323848 ], [ 106.84133492927063, -6.293256359471723 ], [ 106.840634243349015, -6.295140379094281 ], [ 106.841038485226861, -6.295283242862753 ], [ 106.841478659716088, -6.295060018207248 ], [ 106.841649339620062, -6.294640355595174 ], [ 106.842430873917252, -6.293783171333995 ], [ 106.842700368502491, -6.293765313313514 ], [ 106.843005795699085, -6.293497442932619 ], [ 106.843526818563888, -6.293551017019848 ], [ 106.843553768022403, -6.293229572413609 ], [ 106.844137672957089, -6.293059921013466 ], [ 106.84408377404003, -6.292515250354382 ], [ 106.844398184389476, -6.292059869529051 ], [ 106.84456886429345, -6.291095532346339 ], [ 106.844371234930946, -6.290631221212772 ], [ 106.844703611586084, -6.289827604809116 ], [ 106.845215651298034, -6.289193639880717 ], [ 106.844712594738922, -6.288202510063312 ], [ 106.844667678974716, -6.287595330503208 ], [ 106.845179718686666, -6.287229236602307 ], [ 106.845736674162822, -6.287175661863484 ], [ 106.845952269831002, -6.286979221107249 ], [ 106.846608039988411, -6.286970291980202 ], [ 106.846590073682719, -6.286729205491998 ], [ 106.847084147088992, -6.286452402349205 ], [ 106.847039231324786, -6.286139882494803 ], [ 106.847398557438424, -6.285675566935816 ], [ 106.847398557438424, -6.285363046614671 ], [ 106.847695001482194, -6.284845155383415 ], [ 106.848772979823138, -6.283845088098579 ], [ 106.848826878740184, -6.283461133183918 ] ] ] } },
{ "type": "Feature", "properties": { "FID": 124, "KAB_NAME": "JAKARTA UTARA", "KEC_NAME": "PENJARINGAN", "KEL_NAME": "PEJAGALAN", "RW": "RW 09", "Luas_Ha": 17.8012, "STATUS": "Kumuh", "SUMBER": "BPS/KOTAKU", "Longtitude": "106° 47' 1.537\" E", "Latitude": "6° 8' 10.256\" S", "city": "dki", "source_layer": "Sebaran RW Kumuh", "role": "positif" }, "geometry": { "type": "Polygon", "coordinates": [ [ [ 106.786672444231954, -6.138047017214255 ], [ 106.785675314266584, -6.136224956709536 ], [ 106.782863587427286, -6.133107789735715 ], [ 106.782180867811363, -6.133795533013341 ], [ 106.781776625933503, -6.134000962651472 ], [ 106.782261716186923, -6.138216718610751 ], [ 106.784965645192116, -6.137921974045407 ], [ 106.785944808851809, -6.13835962500798 ], [ 106.786672444231954, -6.138047017214255 ] ] ] } },
{ "type": "Feature", "properties": { "FID": 125, "KAB_NAME": "JAKARTA UTARA", "KEC_NAME": "PENJARINGAN", "KEL_NAME": "PEJAGALAN", "RW": "RW 15", "Luas_Ha": 16.5787, "STATUS": "Kumuh", "SUMBER": "BPS/KOTAKU", "Longtitude": "106° 46' 36.221\" E", "Latitude": "6° 8' 31.052\" S", "city": "dki", "source_layer": "Sebaran RW Kumuh", "role": "positif" }, "geometry": { "type": "Polygon", "coordinates": [ [ [ 106.778120482727132, -6.144191959627532 ], [ 106.777734207154964, -6.138663300974811 ], [ 106.775973509198096, -6.138761549044665 ], [ 106.775883677669668, -6.140869412360104 ], [ 106.775407570569101, -6.142369920145283 ], [ 106.775452486333307, -6.14387935525762 ], [ 106.775209941206583, -6.145308402306931 ], [ 106.777419796805518, -6.14434379596953 ], [ 106.778120482727132, -6.144191959627532 ] ] ] } },
{ "type": "Feature", "properties": { "FID": 126, "KAB_NAME": "JAKARTA UTARA", "KEC_NAME": "PENJARINGAN", "KEL_NAME": "PEJAGALAN", "RW": "RW 17", "Luas_Ha": 15.1664, "STATUS": "Kumuh", "SUMBER": "BPS/KOTAKU", "Longtitude": "106° 47' 3.275\" E", "Latitude": "6° 8' 23.341\" S", "city": "dki", "source_layer": "Sebaran RW Kumuh", "role": "positif" }, "geometry": { "type": "Polygon", "coordinates": [ [ [ 106.786672444231954, -6.138047017214255 ], [ 106.785944808851809, -6.13835962500798 ], [ 106.784965645192116, -6.137921974045407 ], [ 106.782261716186923, -6.138216718610751 ], [ 106.78241442978522, -6.139913729602456 ], [ 106.782845621121609, -6.140699711808737 ], [ 106.783231896693763, -6.142110904222427 ], [ 106.783690037488668, -6.14213769897891 ], [ 106.783690037488668, -6.141834024993135 ], [ 106.784112245672219, -6.14172684589798 ], [ 106.784327841340399, -6.142039451531876 ], [ 106.785890909934764, -6.141780435448254 ], [ 106.7856124321967, -6.140967660023021 ], [ 106.785360903917137, -6.13906522478238 ], [ 106.786950921970032, -6.138824070534227 ], [ 106.786672444231954, -6.138047017214255 ] ] ] } },
{ "type": "Feature", "properties": { "FID": 127, "KAB_NAME": "JAKARTA UTARA", "KEC_NAME": "KELAPA GADING", "KEL_NAME": "PEGANGSAAN DUA", "RW": "RW 03", "Luas_Ha": 98.2722, "STATUS": "Kumuh", "SUMBER": "BPS/KOTAKU", "Longtitude": "106° 55' 1.764\" E", "Latitude": "6° 9' 13.284\" S", "city": "dki", "source_layer": "Sebaran RW Kumuh", "role": "positif" }, "geometry": { "type": "MultiPolygon", "coordinates": [ [ [ [ 106.916559851162788, -6.137448596068929 ], [ 106.916344255494607, -6.137386074417953 ], [ 106.915122546708204, -6.137645092638523 ], [ 106.914394911328074, -6.137395006082827 ], [ 106.914296096646808, -6.137930905701299 ], [ 106.914484742856487, -6.144004397027617 ], [ 106.915356108682076, -6.146835692098436 ], [ 106.915688485337199, -6.148639853337755 ], [ 106.91619154189631, -6.154820398900882 ], [ 106.914026602061583, -6.155052614529796 ], [ 106.913658292795091, -6.156651327066266 ], [ 106.913712191712136, -6.1580446145147 ], [ 106.913819989546241, -6.1590449211977 ], [ 106.916479002787227, -6.159035989896368 ], [ 106.916928160429279, -6.164484055795151 ], [ 106.918652925774794, -6.16460909271654 ], [ 106.918688858386162, -6.163448034455651 ], [ 106.918545127940703, -6.163269409882298 ], [ 106.91945242637766, -6.162403079848471 ], [ 106.920512438412914, -6.161724304813156 ], [ 106.921302955862956, -6.161375985707979 ], [ 106.922021608090247, -6.161313466870031 ], [ 106.922030591243086, -6.1609383536877 ], [ 106.921365837932839, -6.159723699659322 ], [ 106.92158143360102, -6.158982402085222 ], [ 106.921518551531136, -6.158651943796972 ], [ 106.92020701121632, -6.157115756621867 ], [ 106.920054297618023, -6.156383386753311 ], [ 106.919596156823118, -6.155713535379635 ], [ 106.919551241058912, -6.15508834000216 ], [ 106.918724790997516, -6.153177023857409 ], [ 106.917691728420778, -6.151864106448193 ], [ 106.917467149599759, -6.150774471850225 ], [ 106.917727661032146, -6.15009568195537 ], [ 106.917754610490661, -6.149568726044794 ], [ 106.917332402307139, -6.14793426625495 ], [ 106.917098840333267, -6.147416239699586 ], [ 106.915796283171289, -6.145710321098146 ], [ 106.915454923363328, -6.144969003980171 ], [ 106.916290356577562, -6.142200220072128 ], [ 106.916281373424724, -6.141307060900902 ], [ 106.916847312053719, -6.139333173818951 ], [ 106.916919177276441, -6.137698682599472 ], [ 106.916559851162788, -6.137448596068929 ] ] ], [ [ [ 106.917853425171927, -6.151399672302482 ], [ 106.917844442019089, -6.151444329449507 ], [ 106.917979189311708, -6.151739066525802 ], [ 106.917853425171927, -6.151399672302482 ] ] ], [ [ [ 106.919308695932202, -6.154061231713498 ], [ 106.919021235041285, -6.153418171600427 ], [ 106.91958717367028, -6.15474001654415 ], [ 106.919308695932202, -6.154061231713498 ] ] ] ] } },
{ "type": "Feature", "properties": { "FID": 128, "KAB_NAME": "JAKARTA UTARA", "KEC_NAME": "KELAPA GADING", "KEL_NAME": "PEGANGSAAN DUA", "RW": "RW 02", "Luas_Ha": 64.1281, "STATUS": "Kumuh", "SUMBER": "BPS/KOTAKU", "Longtitude": "106° 55' 3.184\" E", "Latitude": "6° 10' 12.903\" S", "city": "dki", "source_layer": "Sebaran RW Kumuh", "role": "positif" }, "geometry": { "type": "Polygon", "coordinates": [ [ [ 106.917709694726469, -6.168360186650825 ], [ 106.917116806638944, -6.165886253868353 ], [ 106.916649682691215, -6.161367054445867 ], [ 106.913828972699079, -6.161268810552704 ], [ 106.913712191712136, -6.162260179913186 ], [ 106.913927787380331, -6.165707630116015 ], [ 106.916532901704272, -6.166949063950817 ], [ 106.915877131546864, -6.168744225722802 ], [ 106.916766463678144, -6.16884246823141 ], [ 106.917179688708828, -6.174344019646613 ], [ 106.917539014822481, -6.17688042995106 ], [ 106.916227474507679, -6.177166221899751 ], [ 106.91601187883947, -6.177344841789335 ], [ 106.916496969092904, -6.178693420010267 ], [ 106.916461036481536, -6.17968475677597 ], [ 106.918401397495245, -6.179702618682645 ], [ 106.918167835521359, -6.176826843943505 ], [ 106.919703954657209, -6.17643387972237 ], [ 106.921132275958954, -6.175674743469235 ], [ 106.920144129146436, -6.17001244579794 ], [ 106.920467522648707, -6.168958572990836 ], [ 106.920539387871443, -6.168172632584332 ], [ 106.917709694726469, -6.168360186650825 ] ] ] } },
{ "type": "Feature", "properties": { "FID": 129, "KAB_NAME": "JAKARTA UTARA", "KEC_NAME": "PADEMANGAN", "KEL_NAME": "PADEMANGAN TIMUR", "RW": "RW 10", "Luas_Ha": 14.1293, "STATUS": "Kumuh", "SUMBER": "BPS/KOTAKU", "Longtitude": "106° 50' 44.461\" E", "Latitude": "6° 7' 47.322\" S", "city": "dki", "source_layer": "Sebaran RW Kumuh", "role": "positif" }, "geometry": { "type": "Polygon", "coordinates": [ [ [ 106.847865681386168, -6.12904383408167 ], [ 106.847641102565149, -6.1281327892255 ], [ 106.847703984635032, -6.127221742813997 ], [ 106.845197684992343, -6.127695129868981 ], [ 106.845027005088355, -6.128105993765009 ], [ 106.843958009900248, -6.128820538917687 ], [ 106.844371234930946, -6.129856627689405 ], [ 106.844802426267321, -6.132062775525028 ], [ 106.843993942511617, -6.133473990812145 ], [ 106.845000055629825, -6.133357878302946 ], [ 106.844937173559941, -6.132875564532542 ], [ 106.846383461167378, -6.13200025324237 ], [ 106.846042101359416, -6.129374310752871 ], [ 106.847865681386168, -6.12904383408167 ] ] ] } },
{ "type": "Feature", "properties": { "FID": 130, "KAB_NAME": "JAKARTA UTARA", "KEC_NAME": "PADEMANGAN", "KEL_NAME": "PADEMANGAN BARAT", "RW": "RW 11", "Luas_Ha": 21.9552, "STATUS": "Kumuh", "SUMBER": "BPS/KOTAKU", "Longtitude": "106° 50' 28.530\" E", "Latitude": "6° 7' 49.377\" S", "city": "dki", "source_layer": "Sebaran RW Kumuh", "role": "positif" }, "geometry": { "type": "Polygon", "coordinates": [ [ [ 106.839376601951244, -6.133304287905556 ], [ 106.841739171148475, -6.133089926262138 ], [ 106.843104610380337, -6.129820900523875 ], [ 106.843958009900248, -6.128820538917687 ], [ 106.845027005088355, -6.128105993765009 ], [ 106.845197684992343, -6.127695129868981 ], [ 106.838855579086456, -6.128856266150203 ], [ 106.839529315549555, -6.133143516681071 ], [ 106.839250837811463, -6.133313219638828 ], [ 106.839376601951244, -6.133304287905556 ] ] ] } },
{ "type": "Feature", "properties": { "FID": 131, "KAB_NAME": "JAKARTA UTARA", "KEC_NAME": "PENJARINGAN", "KEL_NAME": "KAPUK MUARA", "RW": "RW 04", "Luas_Ha": 25.0343, "STATUS": "Kumuh", "SUMBER": "BPS/KOTAKU", "Longtitude": "106° 46' 19.683\" E", "Latitude": "6° 8' 7.840\" S", "city": "dki", "source_layer": "Sebaran RW Kumuh", "role": "positif" }, "geometry": { "type": "Polygon", "coordinates": [ [ [ 106.773772636752, -6.13432250453485 ], [ 106.769640386445047, -6.133527581192476 ], [ 106.769703268514945, -6.132661202716773 ], [ 106.768822919536504, -6.132634407483742 ], [ 106.768894784759226, -6.133992030929719 ], [ 106.76796053686374, -6.137216372756895 ], [ 106.769469706541059, -6.137555776024962 ], [ 106.771293286567825, -6.136466112134056 ], [ 106.771454983318975, -6.136269615129716 ], [ 106.77086209523145, -6.135099563285663 ], [ 106.773386361179831, -6.135045973063352 ], [ 106.774545187896337, -6.13532285582063 ], [ 106.774590103660543, -6.135974869487366 ], [ 106.774293659616788, -6.135983801175893 ], [ 106.774419423756569, -6.137100261062925 ], [ 106.774545187896337, -6.13710919273259 ], [ 106.774545187896337, -6.137341416091335 ], [ 106.775668082001488, -6.137654024299055 ], [ 106.77552435155603, -6.138725822475905 ], [ 106.775973509198096, -6.138761549044665 ], [ 106.776476565757193, -6.137886247420346 ], [ 106.776521481521414, -6.137520049375348 ], [ 106.776126222796393, -6.135930211042486 ], [ 106.776171138560599, -6.134876270657157 ], [ 106.777311998971427, -6.134456480262351 ], [ 106.777276066360059, -6.134108143300812 ], [ 106.775452486333307, -6.134385026545207 ], [ 106.773772636752, -6.13432250453485 ] ] ] } },
{ "type": "Feature", "properties": { "FID": 132, "KAB_NAME": "JAKARTA UTARA", "KEC_NAME": "PENJARINGAN", "KEL_NAME": "KAMAL MUARA", "RW": "RW 01", "Luas_Ha": 168.855, "STATUS": "Kumuh", "SUMBER": "BPS/KOTAKU", "Longtitude": "106° 43' 14.251\" E", "Latitude": "6° 5' 50.865\" S", "city": "dki", "source_layer": "Sebaran RW Kumuh", "role": "positif" }, "geometry": { "type": "Polygon", "coordinates": [ [ [ 106.724571908640769, -6.091162708516331 ], [ 106.724032919470304, -6.090233734279589 ], [ 106.722658497085604, -6.091618262602768 ], [ 106.722236288902067, -6.091770113879015 ], [ 106.721122377949754, -6.091386019391313 ], [ 106.719307781075827, -6.092618693749706 ], [ 106.718723876141155, -6.09165399231869 ], [ 106.717430302132016, -6.091939829960463 ], [ 106.714205350262034, -6.094306917081997 ], [ 106.7150946823933, -6.095485990545153 ], [ 106.714088569275106, -6.096209511614735 ], [ 106.713001607781322, -6.09647748213362 ], [ 106.712534483833565, -6.096852640635175 ], [ 106.714286198637609, -6.098844549236183 ], [ 106.716118761817199, -6.102587173633919 ], [ 106.718481331014431, -6.10589209468873 ], [ 106.729368912257968, -6.096763317206223 ], [ 106.725039032588512, -6.092082748724278 ], [ 106.724571908640769, -6.091162708516331 ] ] ] } },
{ "type": "Feature", "properties": { "FID": 133, "KAB_NAME": "JAKARTA SELATAN", "KEC_NAME": "TEBET", "KEL_NAME": "BUKIT DURI", "RW": "RW 11", "Luas_Ha": 6.82619, "STATUS": "Kumuh", "SUMBER": "BPS/KOTAKU", "Longtitude": "106° 51' 37.483\" E", "Latitude": "6° 13' 20.336\" S", "city": "dki", "source_layer": "Sebaran RW Kumuh", "role": "positif" }, "geometry": { "type": "Polygon", "coordinates": [ [ [ 106.860154634472934, -6.221024522012015 ], [ 106.859103605590505, -6.220872707681397 ], [ 106.858977841450738, -6.221533546212324 ], [ 106.859085639284828, -6.22298024387931 ], [ 106.859543780079733, -6.222971313659014 ], [ 106.859543780079733, -6.223248150417604 ], [ 106.859885139887695, -6.223346382780751 ], [ 106.861205663355349, -6.223516056819296 ], [ 106.861762618831506, -6.223435684913133 ], [ 106.861726686220138, -6.223015964758975 ], [ 106.862059062875261, -6.222462290851293 ], [ 106.861717703067299, -6.222265825776083 ], [ 106.86173566937299, -6.222114011804022 ], [ 106.862166860709351, -6.222042569919641 ], [ 106.862247709084926, -6.22173001156129 ], [ 106.861708719914461, -6.221506755477229 ], [ 106.861008033992832, -6.221801453488157 ], [ 106.860522943739426, -6.221694290594212 ], [ 106.860109718708728, -6.221372801781273 ], [ 106.860154634472934, -6.221024522012015 ] ] ] } },
{ "type": "Feature", "properties": { "FID": 134, "KAB_NAME": "JAKARTA SELATAN", "KEC_NAME": "TEBET", "KEL_NAME": "BUKIT DURI", "RW": "RW 12", "Luas_Ha": 15.1367, "STATUS": "Kumuh", "SUMBER": "BPS/KOTAKU", "Longtitude": "106° 51' 37.334\" E", "Latitude": "6° 13' 5.481\" S", "city": "dki", "source_layer": "Sebaran RW Kumuh", "role": "positif" }, "geometry": { "type": "Polygon", "coordinates": [ [ [ 106.862849580325289, -6.217184499003352 ], [ 106.86359518201111, -6.216496864015941 ], [ 106.86348738417702, -6.216220023702263 ], [ 106.863128058063367, -6.216103929333812 ], [ 106.862454321600282, -6.216264675375615 ], [ 106.860487011128058, -6.217273802182512 ], [ 106.859867173582003, -6.217113056449106 ], [ 106.85894190883937, -6.216353978710945 ], [ 106.858546650114349, -6.216327187711938 ], [ 106.857854947345587, -6.217398826607861 ], [ 106.858178340847857, -6.218059669505251 ], [ 106.858465801738788, -6.218023948288786 ], [ 106.858519700655833, -6.218443672429014 ], [ 106.859130555049035, -6.218390090642532 ], [ 106.859103605590505, -6.220872707681397 ], [ 106.860154634472934, -6.221024522012015 ], [ 106.861331427495131, -6.219006280857421 ], [ 106.862849580325289, -6.217184499003352 ] ] ] } },
{ "type": "Feature", "properties": { "FID": 135, "KAB_NAME": "JAKARTA PUSAT", "KEC_NAME": "TANAH ABANG", "KEL_NAME": "KARET TENGSIN", "RW": "RW 05", "Luas_Ha": 16.4092, "STATUS": "Kumuh", "SUMBER": "BPS/KOTAKU", "Longtitude": "106° 48' 51.760\" E", "Latitude": "6° 12' 27.432\" S", "city": "dki", "source_layer": "Sebaran RW Kumuh", "role": "positif" }, "geometry": { "type": "Polygon", "coordinates": [ [ [ 106.816828888319847, -6.206244744921547 ], [ 106.81210374992537, -6.206512659981317 ], [ 106.811106619960015, -6.206753783418626 ], [ 106.812328328746418, -6.208495227188933 ], [ 106.81275053692994, -6.209566882031931 ], [ 106.814322588677143, -6.209316829430284 ], [ 106.814250723454421, -6.208629184163561 ], [ 106.817556523699977, -6.208423783455199 ], [ 106.816828888319847, -6.206244744921547 ] ] ] } },
{ "type": "Feature", "properties": { "FID": 136, "KAB_NAME": "JAKARTA UTARA", "KEC_NAME": "PADEMANGAN", "KEL_NAME": "PADEMANGAN BARAT", "RW": "RW 10", "Luas_Ha": 9.35068, "STATUS": "Kumuh", "SUMBER": "BPS/KOTAKU", "Longtitude": "106° 50' 23.694\" E", "Latitude": "6° 8' 5.709\" S", "city": "dki", "source_layer": "Sebaran RW Kumuh", "role": "positif" }, "geometry": { "type": "Polygon", "coordinates": [ [ [ 106.840795940100151, -6.135421104506382 ], [ 106.841739171148475, -6.133089926262138 ], [ 106.839250837811463, -6.133313219638828 ], [ 106.83896337692056, -6.133482922542574 ], [ 106.839268804117154, -6.135153153502586 ], [ 106.838675916029629, -6.135045973063352 ], [ 106.838684899182468, -6.135501489781254 ], [ 106.838154893164841, -6.135546148262056 ], [ 106.837993196413706, -6.136189229970696 ], [ 106.840149153095595, -6.136939490983353 ], [ 106.840795940100151, -6.135421104506382 ] ] ] } },
{ "type": "Feature", "properties": { "FID": 137, "KAB_NAME": "JAKARTA UTARA", "KEC_NAME": "CILINCING", "KEL_NAME": "SUKA PURA", "RW": "RW 03", "Luas_Ha": 92.009, "STATUS": "Kumuh", "SUMBER": "BPS/KOTAKU", "Longtitude": "106° 56' 3.227\" E", "Latitude": "6° 9' 13.471\" S", "city": "dki", "source_layer": "Sebaran RW Kumuh", "role": "positif" }, "geometry": { "type": "Polygon", "coordinates": [ [ [ 106.935873629771365, -6.158276828734059 ], [ 106.937481614129936, -6.155436663231804 ], [ 106.938972817501579, -6.152373197257127 ], [ 106.940212492593659, -6.151337152290341 ], [ 106.940131644218098, -6.148747031040596 ], [ 106.933753605700844, -6.149157878701393 ], [ 106.933708689936637, -6.151712272252891 ], [ 106.930537636983701, -6.151810517913628 ], [ 106.930582552747893, -6.152507168441595 ], [ 106.926971325305743, -6.152632208183301 ], [ 106.928776939026818, -6.154882918503267 ], [ 106.931193407141095, -6.159232478490966 ], [ 106.932927155639447, -6.159071715100795 ], [ 106.932882239875241, -6.158339347929614 ], [ 106.934984297640085, -6.158330416616414 ], [ 106.935729899325906, -6.158500111541525 ], [ 106.935873629771365, -6.158276828734059 ] ] ] } },
{ "type": "Feature", "properties": { "FID": 138, "KAB_NAME": "JAKARTA UTARA", "KEC_NAME": "CILINCING", "KEL_NAME": "SUKA PURA", "RW": "RW 01", "Luas_Ha": 282.617, "STATUS": "Kumuh", "SUMBER": "BPS/KOTAKU", "Longtitude": "106° 55' 46.426\" E", "Latitude": "6° 8' 38.779\" S", "city": "dki", "source_layer": "Sebaran RW Kumuh", "role": "positif" }, "geometry": { "type": "Polygon", "coordinates": [ [ [ 106.93641261894183, -6.136868037599085 ], [ 106.936250922190695, -6.136760857504718 ], [ 106.931552733254748, -6.137823725820725 ], [ 106.927106072598363, -6.137698682599472 ], [ 106.924842318082383, -6.137198509421008 ], [ 106.923144502195385, -6.137198509421008 ], [ 106.923162468501076, -6.138573984531946 ], [ 106.923593659837451, -6.138600779466377 ], [ 106.923539760920406, -6.139476079916677 ], [ 106.923890103881206, -6.139485011546512 ], [ 106.923881120728367, -6.140288857618329 ], [ 106.923611626143142, -6.140324584082252 ], [ 106.92362060929598, -6.140735438245099 ], [ 106.923315182099373, -6.140735438245099 ], [ 106.923189417959591, -6.141396376885442 ], [ 106.920979562360657, -6.141289197702196 ], [ 106.92093464659645, -6.14303085675671 ], [ 106.920144129146436, -6.142941541046359 ], [ 106.919766836727106, -6.143584613826403 ], [ 106.919623106281648, -6.144477769176496 ], [ 106.918733774150368, -6.14436165906574 ], [ 106.918850555137297, -6.143066583036653 ], [ 106.917485115905436, -6.142968335761037 ], [ 106.91743121698839, -6.143325598494544 ], [ 106.916263407119033, -6.143164830294137 ], [ 106.915940013616748, -6.144942209366207 ], [ 106.91601187883947, -6.145254813111834 ], [ 106.917287486542932, -6.147184020735151 ], [ 106.91794325670034, -6.148630921861543 ], [ 106.91859004370491, -6.148639853337755 ], [ 106.921877877644789, -6.14950620581736 ], [ 106.923234333723798, -6.149631246264877 ], [ 106.924869267540899, -6.149631246264877 ], [ 106.924411126745994, -6.147764567956168 ], [ 106.923458912544845, -6.146192623246874 ], [ 106.928435579218856, -6.146192623246874 ], [ 106.928327781384766, -6.14833618306242 ], [ 106.928785922179657, -6.148309388618037 ], [ 106.928956602083645, -6.150408282672489 ], [ 106.928345747690443, -6.150452939902788 ], [ 106.928462528677372, -6.152533962674437 ], [ 106.930582552747893, -6.152507168441595 ], [ 106.930537636983701, -6.151810517913628 ], [ 106.933708689936637, -6.151712272252891 ], [ 106.933753605700844, -6.149157878701393 ], [ 106.940131644218098, -6.148747031040596 ], [ 106.940131644218098, -6.145951472227156 ], [ 106.939889099091374, -6.143638203189672 ], [ 106.93929621100385, -6.141610735187217 ], [ 106.93867637345781, -6.140163814975729 ], [ 106.937454664671407, -6.138109538787674 ], [ 106.93641261894183, -6.136868037599085 ] ] ] } },
{ "type": "Feature", "properties": { "FID": 139, "KAB_NAME": "JAKARTA UTARA", "KEC_NAME": "CILINCING", "KEL_NAME": "SUKA PURA", "RW": "RW 02", "Luas_Ha": 28.4589, "STATUS": "Kumuh", "SUMBER": "KOTAKU", "Longtitude": "106° 55' 35.944\" E", "Latitude": "6° 8' 56.261\" S", "city": "dki", "source_layer": "Sebaran RW Kumuh", "role": "positif" }, "geometry": { "type": "Polygon", "coordinates": [ [ [ 106.928435579218856, -6.146192623246874 ], [ 106.923458912544845, -6.146192623246874 ], [ 106.924411126745994, -6.147764567956168 ], [ 106.924869267540899, -6.149631246264877 ], [ 106.925525037698307, -6.151238906542122 ], [ 106.926971325305743, -6.152632208183301 ], [ 106.928462528677372, -6.152533962674437 ], [ 106.928345747690443, -6.150452939902788 ], [ 106.928956602083645, -6.150408282672489 ], [ 106.928785922179657, -6.148309388618037 ], [ 106.928327781384766, -6.14833618306242 ], [ 106.928435579218856, -6.146192623246874 ] ] ] } }
]
}
